Company,Global_Head,Continent,Country,City,Factory_ID,Factory_Name,Production_Line_ID,Production_Line_Name,Timestamp,Date,Hour_of_Day,Shift,Product_SKU,Rated_Speed_Units_per_Min,Planned_Runtime_Minutes,Downtime_Minutes,Downtime_Reason,Actual_Runtime_Minutes,Planned_Target_Units,Actual_Units_Produced,Rejected_Units,Good_Units,Defect_Rate_Percent,Quality_Score_Percent,Production_Attainment_Percent,Availability_Percent,Performance_Percent,OEE_Percent,Raw_Material_Consumed_Kg,Energy_Consumed_kWh,Operator_Count
PureGlow Soaps International (Fictional Dummy Company),Global Manufacturing Head - PureGlow Soaps,Asia,China,Shenzhen,FCT008,Shenzhen Soap Plant,LN0022,Line-1,2026-07-01 00:00:00,2026-07-01,0,Night,Lemon Bar Soap,1.65,60.0,1.6,No Downtime,58.4,99,97,3,94,2.83,96.91,97.98,97.33,100.66,94.95,9.93,16.27,2
PureGlow Soaps International (Fictional Dummy Company),Global Manufacturing Head - PureGlow Soaps,Asia,China,Shenzhen,FCT008,Shenzhen Soap Plant,LN0023,Line-2,2026-07-01 00:00:00,2026-07-01,0,Night,Coconut Bar Soap,1.02,60.0,25.2,Preventive Maintenance,34.8,61,30,1,29,4.56,96.67,49.18,58.0,84.52,47.39,3.2,18.55,1
PureGlow Soaps International (Fictional Dummy Company),Global Manufacturing Head - PureGlow Soaps,Asia,China,Shenzhen,FCT008,Shenzhen Soap Plant,LN0024,Line-3,2026-07-01 00:00:00,2026-07-01,0,Night,Sandalwood Bar Soap,1.43,60.0,23.3,Material Shortage,36.7,86,48,1,47,3.1,97.92,55.81,61.17,91.46,54.78,4.34,23.14,2
PureGlow Soaps International (Fictional Dummy Company),Global Manufacturing Head - PureGlow Soaps,Asia,China,Shenzhen,FCT008,Shenzhen Soap Plant,LN0022,Line-1,2026-07-01 01:00:00,2026-07-01,1,Night,Lemon Bar Soap,1.65,60.0,11.4,Changeover/Setup,48.6,99,70,3,67,3.61,95.71,70.71,81.0,87.29,67.67,6.49,12.31,1
PureGlow Soaps International (Fictional Dummy Company),Global Manufacturing Head - PureGlow Soaps,Asia,China,Shenzhen,FCT008,Shenzhen Soap Plant,LN0023,Line-2,2026-07-01 01:00:00,2026-07-01,1,Night,Coconut Bar Soap,1.02,60.0,20.7,Power Outage,39.3,61,34,1,33,4.02,97.06,55.74,65.5,84.82,53.92,3.61,20.4,1
PureGlow Soaps International (Fictional Dummy Company),Global Manufacturing Head - PureGlow Soaps,Asia,China,Shenzhen,FCT008,Shenzhen Soap Plant,LN0024,Line-3,2026-07-01 01:00:00,2026-07-01,1,Night,Sandalwood Bar Soap,1.43,60.0,16.3,Changeover/Setup,43.7,86,63,2,61,2.99,96.83,73.26,72.83,100.81,71.09,5.42,24.67,2
PureGlow Soaps International (Fictional Dummy Company),Global Manufacturing Head - PureGlow Soaps,Asia,China,Shenzhen,FCT008,Shenzhen Soap Plant,LN0022,Line-1,2026-07-01 02:00:00,2026-07-01,2,Night,Lemon Bar Soap,1.65,60.0,1.9,No Downtime,58.1,99,91,4,87,4.2,95.6,91.92,96.83,94.93,87.88,9.32,16.67,1
PureGlow Soaps International (Fictional Dummy Company),Global Manufacturing Head - PureGlow Soaps,Asia,China,Shenzhen,FCT008,Shenzhen Soap Plant,LN0023,Line-2,2026-07-01 02:00:00,2026-07-01,2,Night,Coconut Bar Soap,1.02,60.0,24.4,Preventive Maintenance,35.6,61,34,1,33,2.65,97.06,55.74,59.33,93.63,53.92,3.55,21.78,3
PureGlow Soaps International (Fictional Dummy Company),Global Manufacturing Head - PureGlow Soaps,Asia,China,Shenzhen,FCT008,Shenzhen Soap Plant,LN0024,Line-3,2026-07-01 02:00:00,2026-07-01,2,Night,Sandalwood Bar Soap,1.43,60.0,3.9,No Downtime,56.1,86,71,2,69,3.06,97.18,82.56,93.5,88.5,80.41,6.27,32.05,3
PureGlow Soaps International (Fictional Dummy Company),Global Manufacturing Head - PureGlow Soaps,Asia,China,Shenzhen,FCT008,Shenzhen Soap Plant,LN0022,Line-1,2026-07-01 03:00:00,2026-07-01,3,Night,Lemon Bar Soap,1.65,60.0,2.6,No Downtime,57.4,99,96,4,92,4.52,95.83,96.97,95.67,101.36,92.93,10.0,15.05,2
PureGlow Soaps International (Fictional Dummy Company),Global Manufacturing Head - PureGlow Soaps,Asia,China,Shenzhen,FCT008,Shenzhen Soap Plant,LN0023,Line-2,2026-07-01 03:00:00,2026-07-01,3,Night,Coconut Bar Soap,1.02,60.0,1.3,No Downtime,58.7,61,62,1,61,1.99,98.39,101.64,97.83,103.55,99.67,5.38,34.8,2
PureGlow Soaps International (Fictional Dummy Company),Global Manufacturing Head - PureGlow Soaps,Asia,China,Shenzhen,FCT008,Shenzhen Soap Plant,LN0024,Line-3,2026-07-01 03:00:00,2026-07-01,3,Night,Sandalwood Bar Soap,1.43,60.0,25.0,Preventive Maintenance,35.0,86,42,1,41,2.07,97.62,48.84,58.33,83.92,47.79,4.23,19.17,1
PureGlow Soaps International (Fictional Dummy Company),Global Manufacturing Head - PureGlow Soaps,Asia,China,Shenzhen,FCT008,Shenzhen Soap Plant,LN0022,Line-1,2026-07-01 04:00:00,2026-07-01,4,Night,Lemon Bar Soap,1.65,60.0,3.8,No Downtime,56.2,99,87,2,85,2.43,97.7,87.88,93.67,93.82,85.86,7.52,16.58,1
PureGlow Soaps International (Fictional Dummy Company),Global Manufacturing Head - PureGlow Soaps,Asia,China,Shenzhen,FCT008,Shenzhen Soap Plant,LN0023,Line-2,2026-07-01 04:00:00,2026-07-01,4,Night,Coconut Bar Soap,1.02,60.0,3.3,No Downtime,56.7,61,53,3,50,5.16,94.34,86.89,94.5,91.64,81.7,5.8,31.42,1
PureGlow Soaps International (Fictional Dummy Company),Global Manufacturing Head - PureGlow Soaps,Asia,China,Shenzhen,FCT008,Shenzhen Soap Plant,LN0024,Line-3,2026-07-01 04:00:00,2026-07-01,4,Night,Sandalwood Bar Soap,1.43,60.0,11.4,Quality Hold,48.6,86,65,4,61,6.69,93.85,75.58,81.0,93.53,71.1,6.87,29.74,2
PureGlow Soaps International (Fictional Dummy Company),Global Manufacturing Head - PureGlow Soaps,Asia,China,Shenzhen,FCT008,Shenzhen Soap Plant,LN0022,Line-1,2026-07-01 05:00:00,2026-07-01,5,Night,Lemon Bar Soap,1.65,60.0,34.8,Preventive Maintenance,25.2,99,38,1,37,3.13,97.37,38.38,42.0,91.39,37.37,3.79,6.38,3
PureGlow Soaps International (Fictional Dummy Company),Global Manufacturing Head - PureGlow Soaps,Asia,China,Shenzhen,FCT008,Shenzhen Soap Plant,LN0023,Line-2,2026-07-01 05:00:00,2026-07-01,5,Night,Coconut Bar Soap,1.02,60.0,32.6,Preventive Maintenance,27.4,61,25,1,24,3.47,96.0,40.98,45.67,89.45,39.22,2.73,15.08,1
PureGlow Soaps International (Fictional Dummy Company),Global Manufacturing Head - PureGlow Soaps,Asia,China,Shenzhen,FCT008,Shenzhen Soap Plant,LN0024,Line-3,2026-07-01 05:00:00,2026-07-01,5,Night,Sandalwood Bar Soap,1.43,60.0,12.4,Changeover/Setup,47.6,86,64,3,61,4.45,95.31,74.42,79.33,94.02,71.09,6.86,26.27,3
PureGlow Soaps International (Fictional Dummy Company),Global Manufacturing Head - PureGlow Soaps,Asia,China,Shenzhen,FCT008,Shenzhen Soap Plant,LN0022,Line-1,2026-07-01 06:00:00,2026-07-01,6,Morning,Lemon Bar Soap,1.65,60.0,5.3,Changeover/Setup,54.7,99,76,1,75,0.89,98.68,76.77,91.17,84.21,75.76,8.3,15.83,2
PureGlow Soaps International (Fictional Dummy Company),Global Manufacturing Head - PureGlow Soaps,Asia,China,Shenzhen,FCT008,Shenzhen Soap Plant,LN0023,Line-2,2026-07-01 06:00:00,2026-07-01,6,Morning,Coconut Bar Soap,1.02,60.0,2.2,No Downtime,57.8,61,51,2,49,3.63,96.08,83.61,96.33,86.51,80.07,4.98,31.47,1
PureGlow Soaps International (Fictional Dummy Company),Global Manufacturing Head - PureGlow Soaps,Asia,China,Shenzhen,FCT008,Shenzhen Soap Plant,LN0024,Line-3,2026-07-01 06:00:00,2026-07-01,6,Morning,Sandalwood Bar Soap,1.43,60.0,19.6,Preventive Maintenance,40.4,86,50,1,49,1.51,98.0,58.14,67.33,86.55,57.11,5.3,24.3,3
PureGlow Soaps International (Fictional Dummy Company),Global Manufacturing Head - PureGlow Soaps,Asia,China,Shenzhen,FCT008,Shenzhen Soap Plant,LN0022,Line-1,2026-07-01 07:00:00,2026-07-01,7,Morning,Lemon Bar Soap,1.65,60.0,2.0,No Downtime,58.0,99,92,4,88,4.29,95.65,92.93,96.67,96.13,88.89,8.36,17.1,1
PureGlow Soaps International (Fictional Dummy Company),Global Manufacturing Head - PureGlow Soaps,Asia,China,Shenzhen,FCT008,Shenzhen Soap Plant,LN0023,Line-2,2026-07-01 07:00:00,2026-07-01,7,Morning,Coconut Bar Soap,1.02,60.0,2.8,No Downtime,57.2,61,57,1,56,1.2,98.25,93.44,95.33,97.7,91.51,5.74,30.36,3
PureGlow Soaps International (Fictional Dummy Company),Global Manufacturing Head - PureGlow Soaps,Asia,China,Shenzhen,FCT008,Shenzhen Soap Plant,LN0024,Line-3,2026-07-01 07:00:00,2026-07-01,7,Morning,Sandalwood Bar Soap,1.43,60.0,2.6,No Downtime,57.4,86,73,3,70,4.38,95.89,84.88,95.67,88.94,81.59,6.39,33.28,2
PureGlow Soaps International (Fictional Dummy Company),Global Manufacturing Head - PureGlow Soaps,Asia,China,Shenzhen,FCT008,Shenzhen Soap Plant,LN0022,Line-1,2026-07-01 08:00:00,2026-07-01,8,Morning,Lemon Bar Soap,1.65,60.0,17.0,Material Shortage,43.0,99,58,1,57,2.45,98.28,58.59,71.67,81.75,57.58,5.75,11.7,1
PureGlow Soaps International (Fictional Dummy Company),Global Manufacturing Head - PureGlow Soaps,Asia,China,Shenzhen,FCT008,Shenzhen Soap Plant,LN0023,Line-2,2026-07-01 08:00:00,2026-07-01,8,Morning,Coconut Bar Soap,1.02,60.0,14.8,Changeover/Setup,45.2,61,39,3,36,6.69,92.31,63.93,75.33,84.59,58.82,4.29,24.8,1
PureGlow Soaps International (Fictional Dummy Company),Global Manufacturing Head - PureGlow Soaps,Asia,China,Shenzhen,FCT008,Shenzhen Soap Plant,LN0024,Line-3,2026-07-01 08:00:00,2026-07-01,8,Morning,Sandalwood Bar Soap,1.43,60.0,6.2,Changeover/Setup,53.8,86,67,2,65,2.93,97.01,77.91,89.67,87.09,75.76,5.83,28.05,2
PureGlow Soaps International (Fictional Dummy Company),Global Manufacturing Head - PureGlow Soaps,Asia,China,Shenzhen,FCT008,Shenzhen Soap Plant,LN0022,Line-1,2026-07-01 09:00:00,2026-07-01,9,Morning,Lemon Bar Soap,1.65,60.0,0.8,No Downtime,59.2,99,84,3,81,3.21,96.43,84.85,98.67,86.0,81.83,8.35,15.09,2
PureGlow Soaps International (Fictional Dummy Company),Global Manufacturing Head - PureGlow Soaps,Asia,China,Shenzhen,FCT008,Shenzhen Soap Plant,LN0023,Line-2,2026-07-01 09:00:00,2026-07-01,9,Morning,Coconut Bar Soap,1.02,60.0,3.4,No Downtime,56.6,61,59,2,57,2.89,96.61,96.72,94.33,102.2,93.14,6.36,30.89,3
PureGlow Soaps International (Fictional Dummy Company),Global Manufacturing Head - PureGlow Soaps,Asia,China,Shenzhen,FCT008,Shenzhen Soap Plant,LN0024,Line-3,2026-07-01 09:00:00,2026-07-01,9,Morning,Sandalwood Bar Soap,1.43,60.0,1.7,No Downtime,58.3,86,81,3,78,3.99,96.3,94.19,97.17,97.16,90.92,6.9,32.43,2
PureGlow Soaps International (Fictional Dummy Company),Global Manufacturing Head - PureGlow Soaps,Asia,China,Shenzhen,FCT008,Shenzhen Soap Plant,LN0022,Line-1,2026-07-01 10:00:00,2026-07-01,10,Morning,Lemon Bar Soap,1.65,60.0,11.3,Quality Hold,48.7,99,73,7,66,9.96,90.41,73.74,81.17,90.85,66.67,6.22,12.72,1
PureGlow Soaps International (Fictional Dummy Company),Global Manufacturing Head - PureGlow Soaps,Asia,China,Shenzhen,FCT008,Shenzhen Soap Plant,LN0023,Line-2,2026-07-01 10:00:00,2026-07-01,10,Morning,Coconut Bar Soap,1.02,60.0,3.3,No Downtime,56.7,61,48,0,48,0.86,100.0,78.69,94.5,83.0,78.43,4.94,31.91,1
PureGlow Soaps International (Fictional Dummy Company),Global Manufacturing Head - PureGlow Soaps,Asia,China,Shenzhen,FCT008,Shenzhen Soap Plant,LN0024,Line-3,2026-07-01 10:00:00,2026-07-01,10,Morning,Sandalwood Bar Soap,1.43,60.0,35.2,Preventive Maintenance,24.8,86,32,1,31,4.0,96.88,37.21,41.33,90.23,36.13,3.38,14.49,3
PureGlow Soaps International (Fictional Dummy Company),Global Manufacturing Head - PureGlow Soaps,Asia,China,Shenzhen,FCT008,Shenzhen Soap Plant,LN0022,Line-1,2026-07-01 11:00:00,2026-07-01,11,Morning,Lemon Bar Soap,1.65,60.0,16.2,Machine Breakdown,43.8,99,73,4,69,4.88,94.52,73.74,73.0,101.01,69.7,7.92,10.79,3
PureGlow Soaps International (Fictional Dummy Company),Global Manufacturing Head - PureGlow Soaps,Asia,China,Shenzhen,FCT008,Shenzhen Soap Plant,LN0023,Line-2,2026-07-01 11:00:00,2026-07-01,11,Morning,Coconut Bar Soap,1.02,60.0,30.3,Material Shortage,29.7,61,31,1,30,3.24,96.77,50.82,49.5,102.33,49.02,3.24,17.16,1
PureGlow Soaps International (Fictional Dummy Company),Global Manufacturing Head - PureGlow Soaps,Asia,China,Shenzhen,FCT008,Shenzhen Soap Plant,LN0024,Line-3,2026-07-01 11:00:00,2026-07-01,11,Morning,Sandalwood Bar Soap,1.43,60.0,20.2,Material Shortage,39.8,86,48,0,48,0.79,100.0,55.81,66.33,84.34,55.94,4.18,24.31,2
PureGlow Soaps International (Fictional Dummy Company),Global Manufacturing Head - PureGlow Soaps,Asia,China,Shenzhen,FCT008,Shenzhen Soap Plant,LN0022,Line-1,2026-07-01 12:00:00,2026-07-01,12,Morning,Lemon Bar Soap,1.65,60.0,16.5,Staff Shortage,43.5,99,59,1,58,1.29,98.31,59.6,72.5,82.2,58.59,5.79,11.67,2
PureGlow Soaps International (Fictional Dummy Company),Global Manufacturing Head - PureGlow Soaps,Asia,China,Shenzhen,FCT008,Shenzhen Soap Plant,LN0023,Line-2,2026-07-01 12:00:00,2026-07-01,12,Morning,Coconut Bar Soap,1.02,60.0,29.8,Machine Breakdown,30.2,61,31,2,29,5.2,93.55,50.82,50.33,100.64,47.39,2.73,16.07,2
PureGlow Soaps International (Fictional Dummy Company),Global Manufacturing Head - PureGlow Soaps,Asia,China,Shenzhen,FCT008,Shenzhen Soap Plant,LN0024,Line-3,2026-07-01 12:00:00,2026-07-01,12,Morning,Sandalwood Bar Soap,1.43,60.0,33.9,Preventive Maintenance,26.1,86,31,1,30,3.48,96.77,36.05,43.5,83.06,34.96,3.12,14.58,3
PureGlow Soaps International (Fictional Dummy Company),Global Manufacturing Head - PureGlow Soaps,Asia,China,Shenzhen,FCT008,Shenzhen Soap Plant,LN0022,Line-1,2026-07-01 13:00:00,2026-07-01,13,Morning,Lemon Bar Soap,1.65,60.0,3.2,No Downtime,56.8,99,82,2,80,2.3,97.56,82.83,94.67,87.49,80.81,6.98,15.1,2
PureGlow Soaps International (Fictional Dummy Company),Global Manufacturing Head - PureGlow Soaps,Asia,China,Shenzhen,FCT008,Shenzhen Soap Plant,LN0023,Line-2,2026-07-01 13:00:00,2026-07-01,13,Morning,Coconut Bar Soap,1.02,60.0,25.6,Power Outage,34.4,61,32,1,31,2.38,96.88,52.46,57.33,91.2,50.65,3.3,19.12,1
PureGlow Soaps International (Fictional Dummy Company),Global Manufacturing Head - PureGlow Soaps,Asia,China,Shenzhen,FCT008,Shenzhen Soap Plant,LN0024,Line-3,2026-07-01 13:00:00,2026-07-01,13,Morning,Sandalwood Bar Soap,1.43,60.0,20.6,Machine Breakdown,39.4,86,51,1,50,2.59,98.04,59.3,65.67,90.52,58.28,5.46,22.91,2
PureGlow Soaps International (Fictional Dummy Company),Global Manufacturing Head - PureGlow Soaps,Asia,China,Shenzhen,FCT008,Shenzhen Soap Plant,LN0022,Line-1,2026-07-01 14:00:00,2026-07-01,14,Afternoon,Lemon Bar Soap,1.65,60.0,19.9,Preventive Maintenance,40.1,99,66,3,63,4.98,95.45,66.67,66.83,99.75,63.63,6.24,11.17,3
PureGlow Soaps International (Fictional Dummy Company),Global Manufacturing Head - PureGlow Soaps,Asia,China,Shenzhen,FCT008,Shenzhen Soap Plant,LN0023,Line-2,2026-07-01 14:00:00,2026-07-01,14,Afternoon,Coconut Bar Soap,1.02,60.0,3.8,No Downtime,56.2,61,56,1,55,2.6,98.21,91.8,93.67,97.69,89.87,5.57,33.96,1
PureGlow Soaps International (Fictional Dummy Company),Global Manufacturing Head - PureGlow Soaps,Asia,China,Shenzhen,FCT008,Shenzhen Soap Plant,LN0024,Line-3,2026-07-01 14:00:00,2026-07-01,14,Afternoon,Sandalwood Bar Soap,1.43,60.0,41.6,Machine Breakdown,18.4,86,25,1,24,2.38,96.0,29.07,30.67,95.01,27.97,2.2,11.23,2
PureGlow Soaps International (Fictional Dummy Company),Global Manufacturing Head - PureGlow Soaps,Asia,China,Shenzhen,FCT008,Shenzhen Soap Plant,LN0022,Line-1,2026-07-01 15:00:00,2026-07-01,15,Afternoon,Lemon Bar Soap,1.65,60.0,15.7,Changeover/Setup,44.3,99,64,2,62,3.46,96.88,64.65,73.83,87.56,62.63,6.19,10.97,2
PureGlow Soaps International (Fictional Dummy Company),Global Manufacturing Head - PureGlow Soaps,Asia,China,Shenzhen,FCT008,Shenzhen Soap Plant,LN0023,Line-2,2026-07-01 15:00:00,2026-07-01,15,Afternoon,Coconut Bar Soap,1.02,60.0,13.3,Changeover/Setup,46.7,61,46,0,46,0.66,100.0,75.41,77.83,96.57,75.16,4.08,25.09,2
PureGlow Soaps International (Fictional Dummy Company),Global Manufacturing Head - PureGlow Soaps,Asia,China,Shenzhen,FCT008,Shenzhen Soap Plant,LN0024,Line-3,2026-07-01 15:00:00,2026-07-01,15,Afternoon,Sandalwood Bar Soap,1.43,60.0,3.1,No Downtime,56.9,86,77,2,75,1.98,97.4,89.53,94.83,94.63,87.4,7.38,33.72,1
PureGlow Soaps International (Fictional Dummy Company),Global Manufacturing Head - PureGlow Soaps,Asia,China,Shenzhen,FCT008,Shenzhen Soap Plant,LN0022,Line-1,2026-07-01 16:00:00,2026-07-01,16,Afternoon,Lemon Bar Soap,1.65,60.0,2.7,No Downtime,57.3,99,87,2,85,2.07,97.7,87.88,95.5,92.02,85.86,7.76,16.5,3
PureGlow Soaps International (Fictional Dummy Company),Global Manufacturing Head - PureGlow Soaps,Asia,China,Shenzhen,FCT008,Shenzhen Soap Plant,LN0023,Line-2,2026-07-01 16:00:00,2026-07-01,16,Afternoon,Coconut Bar Soap,1.02,60.0,18.8,Material Shortage,41.2,61,43,1,42,2.29,97.67,70.49,68.67,102.32,68.63,3.98,23.94,2
PureGlow Soaps International (Fictional Dummy Company),Global Manufacturing Head - PureGlow Soaps,Asia,China,Shenzhen,FCT008,Shenzhen Soap Plant,LN0024,Line-3,2026-07-01 16:00:00,2026-07-01,16,Afternoon,Sandalwood Bar Soap,1.43,60.0,18.5,Changeover/Setup,41.5,86,53,1,52,1.72,98.11,61.63,69.17,89.31,60.61,5.83,23.37,1
PureGlow Soaps International (Fictional Dummy Company),Global Manufacturing Head - PureGlow Soaps,Asia,China,Shenzhen,FCT008,Shenzhen Soap Plant,LN0022,Line-1,2026-07-01 17:00:00,2026-07-01,17,Afternoon,Lemon Bar Soap,1.65,60.0,32.8,Material Shortage,27.2,99,36,2,34,4.82,94.44,36.36,45.33,80.21,34.34,3.12,6.76,2
PureGlow Soaps International (Fictional Dummy Company),Global Manufacturing Head - PureGlow Soaps,Asia,China,Shenzhen,FCT008,Shenzhen Soap Plant,LN0023,Line-2,2026-07-01 17:00:00,2026-07-01,17,Afternoon,Coconut Bar Soap,1.02,60.0,10.3,Staff Shortage,49.7,61,42,1,41,2.51,97.62,68.85,82.83,82.85,66.99,3.74,29.15,3
PureGlow Soaps International (Fictional Dummy Company),Global Manufacturing Head - PureGlow Soaps,Asia,China,Shenzhen,FCT008,Shenzhen Soap Plant,LN0024,Line-3,2026-07-01 17:00:00,2026-07-01,17,Afternoon,Sandalwood Bar Soap,1.43,60.0,14.3,Changeover/Setup,45.7,86,62,0,62,0.0,100.0,72.09,76.17,94.87,72.26,5.33,25.38,1
PureGlow Soaps International (Fictional Dummy Company),Global Manufacturing Head - PureGlow Soaps,Asia,China,Shenzhen,FCT008,Shenzhen Soap Plant,LN0022,Line-1,2026-07-01 18:00:00,2026-07-01,18,Afternoon,Lemon Bar Soap,1.65,60.0,15.8,Preventive Maintenance,44.2,99,71,2,69,3.1,97.18,71.72,73.67,97.35,69.7,6.35,12.27,2
PureGlow Soaps International (Fictional Dummy Company),Global Manufacturing Head - PureGlow Soaps,Asia,China,Shenzhen,FCT008,Shenzhen Soap Plant,LN0023,Line-2,2026-07-01 18:00:00,2026-07-01,18,Afternoon,Coconut Bar Soap,1.02,60.0,11.9,Changeover/Setup,48.1,61,45,2,43,3.68,95.56,73.77,80.17,91.72,70.27,4.2,26.42,1
PureGlow Soaps International (Fictional Dummy Company),Global Manufacturing Head - PureGlow Soaps,Asia,China,Shenzhen,FCT008,Shenzhen Soap Plant,LN0024,Line-3,2026-07-01 18:00:00,2026-07-01,18,Afternoon,Sandalwood Bar Soap,1.43,60.0,1.8,No Downtime,58.2,86,78,4,74,4.56,94.87,90.7,97.0,93.72,86.24,8.28,31.99,2
PureGlow Soaps International (Fictional Dummy Company),Global Manufacturing Head - PureGlow Soaps,Asia,China,Shenzhen,FCT008,Shenzhen Soap Plant,LN0022,Line-1,2026-07-01 19:00:00,2026-07-01,19,Afternoon,Lemon Bar Soap,1.65,60.0,16.0,Material Shortage,44.0,99,60,1,59,2.35,98.33,60.61,73.33,82.64,59.59,6.1,11.28,1
PureGlow Soaps International (Fictional Dummy Company),Global Manufacturing Head - PureGlow Soaps,Asia,China,Shenzhen,FCT008,Shenzhen Soap Plant,LN0023,Line-2,2026-07-01 19:00:00,2026-07-01,19,Afternoon,Coconut Bar Soap,1.02,60.0,15.2,Staff Shortage,44.8,61,38,0,38,0.45,100.0,62.3,74.67,83.16,62.1,3.49,25.84,3
PureGlow Soaps International (Fictional Dummy Company),Global Manufacturing Head - PureGlow Soaps,Asia,China,Shenzhen,FCT008,Shenzhen Soap Plant,LN0024,Line-3,2026-07-01 19:00:00,2026-07-01,19,Afternoon,Sandalwood Bar Soap,1.43,60.0,1.8,No Downtime,58.2,86,76,1,75,1.64,98.68,88.37,97.0,91.32,87.41,7.93,31.94,2
PureGlow Soaps International (Fictional Dummy Company),Global Manufacturing Head - PureGlow Soaps,Asia,China,Shenzhen,FCT008,Shenzhen Soap Plant,LN0022,Line-1,2026-07-01 20:00:00,2026-07-01,20,Afternoon,Lemon Bar Soap,1.65,60.0,40.0,Machine Breakdown,20.0,99,33,1,32,2.74,96.97,33.33,33.33,100.0,32.32,3.37,5.28,1
PureGlow Soaps International (Fictional Dummy Company),Global Manufacturing Head - PureGlow Soaps,Asia,China,Shenzhen,FCT008,Shenzhen Soap Plant,LN0023,Line-2,2026-07-01 20:00:00,2026-07-01,20,Afternoon,Coconut Bar Soap,1.02,60.0,1.8,No Downtime,58.2,61,55,2,53,2.83,96.36,90.16,97.0,92.65,86.6,4.68,32.66,2
PureGlow Soaps International (Fictional Dummy Company),Global Manufacturing Head - PureGlow Soaps,Asia,China,Shenzhen,FCT008,Shenzhen Soap Plant,LN0024,Line-3,2026-07-01 20:00:00,2026-07-01,20,Afternoon,Sandalwood Bar Soap,1.43,60.0,2.1,No Downtime,57.9,86,68,1,67,1.99,98.53,79.07,96.5,82.13,78.09,6.91,34.81,2
PureGlow Soaps International (Fictional Dummy Company),Global Manufacturing Head - PureGlow Soaps,Asia,China,Shenzhen,FCT008,Shenzhen Soap Plant,LN0022,Line-1,2026-07-01 21:00:00,2026-07-01,21,Afternoon,Lemon Bar Soap,1.65,60.0,33.7,Preventive Maintenance,26.3,99,38,1,37,1.4,97.37,38.38,43.83,87.57,37.37,3.6,7.54,1
PureGlow Soaps International (Fictional Dummy Company),Global Manufacturing Head - PureGlow Soaps,Asia,China,Shenzhen,FCT008,Shenzhen Soap Plant,LN0023,Line-2,2026-07-01 21:00:00,2026-07-01,21,Afternoon,Coconut Bar Soap,1.02,60.0,11.1,Material Shortage,48.9,61,51,0,51,0.0,100.0,83.61,81.5,102.25,83.33,5.5,29.06,1
PureGlow Soaps International (Fictional Dummy Company),Global Manufacturing Head - PureGlow Soaps,Asia,China,Shenzhen,FCT008,Shenzhen Soap Plant,LN0024,Line-3,2026-07-01 21:00:00,2026-07-01,21,Afternoon,Sandalwood Bar Soap,1.43,60.0,0.0,No Downtime,60.0,86,77,2,75,2.23,97.4,89.53,100.0,89.74,87.41,6.91,37.01,1
PureGlow Soaps International (Fictional Dummy Company),Global Manufacturing Head - PureGlow Soaps,Asia,China,Shenzhen,FCT008,Shenzhen Soap Plant,LN0022,Line-1,2026-07-01 22:00:00,2026-07-01,22,Night,Lemon Bar Soap,1.65,60.0,19.6,Power Outage,40.4,99,63,2,61,2.7,96.83,63.64,67.33,94.51,61.62,6.22,10.71,1
PureGlow Soaps International (Fictional Dummy Company),Global Manufacturing Head - PureGlow Soaps,Asia,China,Shenzhen,FCT008,Shenzhen Soap Plant,LN0023,Line-2,2026-07-01 22:00:00,2026-07-01,22,Night,Coconut Bar Soap,1.02,60.0,14.0,Staff Shortage,46.0,61,47,1,46,2.53,97.87,77.05,76.67,100.17,75.16,5.11,24.11,3
PureGlow Soaps International (Fictional Dummy Company),Global Manufacturing Head - PureGlow Soaps,Asia,China,Shenzhen,FCT008,Shenzhen Soap Plant,LN0024,Line-3,2026-07-01 22:00:00,2026-07-01,22,Night,Sandalwood Bar Soap,1.43,60.0,3.0,No Downtime,57.0,86,66,2,64,2.88,96.97,76.74,95.0,80.97,74.59,5.62,31.13,1
PureGlow Soaps International (Fictional Dummy Company),Global Manufacturing Head - PureGlow Soaps,Asia,China,Shenzhen,FCT008,Shenzhen Soap Plant,LN0022,Line-1,2026-07-01 23:00:00,2026-07-01,23,Night,Lemon Bar Soap,1.65,60.0,12.4,Quality Hold,47.6,99,76,7,69,8.63,90.79,76.77,79.33,96.77,69.7,8.29,13.03,2
PureGlow Soaps International (Fictional Dummy Company),Global Manufacturing Head - PureGlow Soaps,Asia,China,Shenzhen,FCT008,Shenzhen Soap Plant,LN0023,Line-2,2026-07-01 23:00:00,2026-07-01,23,Night,Coconut Bar Soap,1.02,60.0,34.4,Preventive Maintenance,25.6,61,24,0,24,2.0,100.0,39.34,42.67,91.91,39.22,2.39,15.43,1
PureGlow Soaps International (Fictional Dummy Company),Global Manufacturing Head - PureGlow Soaps,Asia,China,Shenzhen,FCT008,Shenzhen Soap Plant,LN0024,Line-3,2026-07-01 23:00:00,2026-07-01,23,Night,Sandalwood Bar Soap,1.43,60.0,26.1,Material Shortage,33.9,86,42,1,41,1.94,97.62,48.84,56.5,86.64,47.79,4.15,17.74,1
PureGlow Soaps International (Fictional Dummy Company),Global Manufacturing Head - PureGlow Soaps,Asia,China,Shenzhen,FCT008,Shenzhen Soap Plant,LN0022,Line-1,2026-07-02 00:00:00,2026-07-02,0,Night,Neem Bar Soap,1.65,60.0,1.3,No Downtime,58.7,99,79,1,78,1.13,98.73,79.8,97.83,81.57,78.79,6.94,14.43,2
PureGlow Soaps International (Fictional Dummy Company),Global Manufacturing Head - PureGlow Soaps,Asia,China,Shenzhen,FCT008,Shenzhen Soap Plant,LN0023,Line-2,2026-07-02 00:00:00,2026-07-02,0,Night,Charcoal Bar Soap,1.02,60.0,16.6,Preventive Maintenance,43.4,61,38,2,36,4.05,94.74,62.3,72.33,85.84,58.82,3.23,22.02,1
PureGlow Soaps International (Fictional Dummy Company),Global Manufacturing Head - PureGlow Soaps,Asia,China,Shenzhen,FCT008,Shenzhen Soap Plant,LN0024,Line-3,2026-07-02 00:00:00,2026-07-02,0,Night,Lavender Bar Soap,1.43,60.0,1.9,No Downtime,58.1,86,73,3,70,3.97,95.89,84.88,96.83,87.86,81.58,7.99,34.96,3
PureGlow Soaps International (Fictional Dummy Company),Global Manufacturing Head - PureGlow Soaps,Asia,China,Shenzhen,FCT008,Shenzhen Soap Plant,LN0022,Line-1,2026-07-02 01:00:00,2026-07-02,1,Night,Neem Bar Soap,1.65,60.0,2.9,No Downtime,57.1,99,84,1,83,1.5,98.81,84.85,95.17,89.16,83.84,8.01,16.61,1
PureGlow Soaps International (Fictional Dummy Company),Global Manufacturing Head - PureGlow Soaps,Asia,China,Shenzhen,FCT008,Shenzhen Soap Plant,LN0023,Line-2,2026-07-02 01:00:00,2026-07-02,1,Night,Charcoal Bar Soap,1.02,60.0,1.7,No Downtime,58.3,61,54,3,51,4.65,94.44,88.52,97.17,90.81,83.33,4.8,32.19,3
PureGlow Soaps International (Fictional Dummy Company),Global Manufacturing Head - PureGlow Soaps,Asia,China,Shenzhen,FCT008,Shenzhen Soap Plant,LN0024,Line-3,2026-07-02 01:00:00,2026-07-02,1,Night,Lavender Bar Soap,1.43,60.0,3.1,No Downtime,56.9,86,73,3,70,4.43,95.89,84.88,94.83,89.72,81.58,6.78,29.67,2
PureGlow Soaps International (Fictional Dummy Company),Global Manufacturing Head - PureGlow Soaps,Asia,China,Shenzhen,FCT008,Shenzhen Soap Plant,LN0022,Line-1,2026-07-02 02:00:00,2026-07-02,2,Night,Neem Bar Soap,1.65,60.0,10.5,Changeover/Setup,49.5,99,74,3,71,3.48,95.95,74.75,82.5,90.6,71.72,7.77,14.09,3
PureGlow Soaps International (Fictional Dummy Company),Global Manufacturing Head - PureGlow Soaps,Asia,China,Shenzhen,FCT008,Shenzhen Soap Plant,LN0023,Line-2,2026-07-02 02:00:00,2026-07-02,2,Night,Charcoal Bar Soap,1.02,60.0,1.6,No Downtime,58.4,61,57,2,55,2.94,96.49,93.44,97.33,95.69,89.87,5.42,31.67,1
PureGlow Soaps International (Fictional Dummy Company),Global Manufacturing Head - PureGlow Soaps,Asia,China,Shenzhen,FCT008,Shenzhen Soap Plant,LN0024,Line-3,2026-07-02 02:00:00,2026-07-02,2,Night,Lavender Bar Soap,1.43,60.0,19.0,Changeover/Setup,41.0,86,52,1,51,2.2,98.08,60.47,68.33,88.69,59.44,5.16,24.19,1
PureGlow Soaps International (Fictional Dummy Company),Global Manufacturing Head - PureGlow Soaps,Asia,China,Shenzhen,FCT008,Shenzhen Soap Plant,LN0022,Line-1,2026-07-02 03:00:00,2026-07-02,3,Night,Neem Bar Soap,1.65,60.0,40.4,Machine Breakdown,19.6,99,30,1,29,4.09,96.67,30.3,32.67,92.76,29.3,2.89,5.21,3
PureGlow Soaps International (Fictional Dummy Company),Global Manufacturing Head - PureGlow Soaps,Asia,China,Shenzhen,FCT008,Shenzhen Soap Plant,LN0023,Line-2,2026-07-02 03:00:00,2026-07-02,3,Night,Charcoal Bar Soap,1.02,60.0,33.2,Material Shortage,26.8,61,28,1,27,3.76,96.43,45.9,44.67,102.43,44.12,3.04,16.35,2
PureGlow Soaps International (Fictional Dummy Company),Global Manufacturing Head - PureGlow Soaps,Asia,China,Shenzhen,FCT008,Shenzhen Soap Plant,LN0024,Line-3,2026-07-02 03:00:00,2026-07-02,3,Night,Lavender Bar Soap,1.43,60.0,22.8,Material Shortage,37.2,86,46,2,44,4.09,95.65,53.49,62.0,86.47,51.28,4.88,20.52,2
PureGlow Soaps International (Fictional Dummy Company),Global Manufacturing Head - PureGlow Soaps,Asia,China,Shenzhen,FCT008,Shenzhen Soap Plant,LN0022,Line-1,2026-07-02 04:00:00,2026-07-02,4,Night,Neem Bar Soap,1.65,60.0,19.9,Changeover/Setup,40.1,99,63,2,61,2.88,96.83,63.64,66.83,95.22,61.62,5.82,11.62,2
PureGlow Soaps International (Fictional Dummy Company),Global Manufacturing Head - PureGlow Soaps,Asia,China,Shenzhen,FCT008,Shenzhen Soap Plant,LN0023,Line-2,2026-07-02 04:00:00,2026-07-02,4,Night,Charcoal Bar Soap,1.02,60.0,23.6,Power Outage,36.4,61,30,1,29,3.45,96.67,49.18,60.67,80.8,47.39,3.24,18.72,2
PureGlow Soaps International (Fictional Dummy Company),Global Manufacturing Head - PureGlow Soaps,Asia,China,Shenzhen,FCT008,Shenzhen Soap Plant,LN0024,Line-3,2026-07-02 04:00:00,2026-07-02,4,Night,Lavender Bar Soap,1.43,60.0,1.2,No Downtime,58.8,86,86,1,85,0.81,98.84,100.0,98.0,102.28,99.07,8.73,31.3,1
PureGlow Soaps International (Fictional Dummy Company),Global Manufacturing Head - PureGlow Soaps,Asia,China,Shenzhen,FCT008,Shenzhen Soap Plant,LN0022,Line-1,2026-07-02 05:00:00,2026-07-02,5,Night,Neem Bar Soap,1.65,60.0,12.5,Material Shortage,47.5,99,72,3,69,4.05,95.83,72.73,79.17,91.87,69.7,7.24,12.08,2
PureGlow Soaps International (Fictional Dummy Company),Global Manufacturing Head - PureGlow Soaps,Asia,China,Shenzhen,FCT008,Shenzhen Soap Plant,LN0023,Line-2,2026-07-02 05:00:00,2026-07-02,5,Night,Charcoal Bar Soap,1.02,60.0,13.7,Changeover/Setup,46.3,61,38,1,37,2.9,97.37,62.3,77.17,80.46,60.46,3.96,25.79,3
PureGlow Soaps International (Fictional Dummy Company),Global Manufacturing Head - PureGlow Soaps,Asia,China,Shenzhen,FCT008,Shenzhen Soap Plant,LN0024,Line-3,2026-07-02 05:00:00,2026-07-02,5,Night,Lavender Bar Soap,1.43,60.0,12.6,Power Outage,47.4,86,57,2,55,3.17,96.49,66.28,79.0,84.09,64.1,4.94,26.25,2
PureGlow Soaps International (Fictional Dummy Company),Global Manufacturing Head - PureGlow Soaps,Asia,China,Shenzhen,FCT008,Shenzhen Soap Plant,LN0022,Line-1,2026-07-02 06:00:00,2026-07-02,6,Morning,Neem Bar Soap,1.65,60.0,17.8,Changeover/Setup,42.2,99,70,1,69,1.64,98.57,70.71,70.33,100.53,69.69,7.6,10.54,2
PureGlow Soaps International (Fictional Dummy Company),Global Manufacturing Head - PureGlow Soaps,Asia,China,Shenzhen,FCT008,Shenzhen Soap Plant,LN0023,Line-2,2026-07-02 06:00:00,2026-07-02,6,Morning,Charcoal Bar Soap,1.02,60.0,3.9,No Downtime,56.1,61,54,0,54,0.67,100.0,88.52,93.5,94.37,88.24,5.93,33.91,1
PureGlow Soaps International (Fictional Dummy Company),Global Manufacturing Head - PureGlow Soaps,Asia,China,Shenzhen,FCT008,Shenzhen Soap Plant,LN0024,Line-3,2026-07-02 06:00:00,2026-07-02,6,Morning,Lavender Bar Soap,1.43,60.0,3.7,No Downtime,56.3,86,73,4,69,5.08,94.52,84.88,93.83,90.67,80.41,6.51,34.37,1
PureGlow Soaps International (Fictional Dummy Company),Global Manufacturing Head - PureGlow Soaps,Asia,China,Shenzhen,FCT008,Shenzhen Soap Plant,LN0022,Line-1,2026-07-02 07:00:00,2026-07-02,7,Morning,Neem Bar Soap,1.65,60.0,2.3,No Downtime,57.7,99,77,3,74,4.03,96.1,77.78,96.17,80.88,74.75,7.93,14.78,1
PureGlow Soaps International (Fictional Dummy Company),Global Manufacturing Head - PureGlow Soaps,Asia,China,Shenzhen,FCT008,Shenzhen Soap Plant,LN0023,Line-2,2026-07-02 07:00:00,2026-07-02,7,Morning,Charcoal Bar Soap,1.02,60.0,1.0,No Downtime,59.0,61,52,2,50,4.47,96.15,85.25,98.33,86.41,81.7,5.51,32.66,3
PureGlow Soaps International (Fictional Dummy Company),Global Manufacturing Head - PureGlow Soaps,Asia,China,Shenzhen,FCT008,Shenzhen Soap Plant,LN0024,Line-3,2026-07-02 07:00:00,2026-07-02,7,Morning,Lavender Bar Soap,1.43,60.0,17.4,Changeover/Setup,42.6,86,61,2,59,3.98,96.72,70.93,71.0,100.13,68.76,5.51,25.28,2
PureGlow Soaps International (Fictional Dummy Company),Global Manufacturing Head - PureGlow Soaps,Asia,China,Shenzhen,FCT008,Shenzhen Soap Plant,LN0022,Line-1,2026-07-02 08:00:00,2026-07-02,8,Morning,Neem Bar Soap,1.65,60.0,0.1,No Downtime,59.9,99,94,3,91,3.18,96.81,94.95,99.83,95.11,91.92,8.13,15.97,3
PureGlow Soaps International (Fictional Dummy Company),Global Manufacturing Head - PureGlow Soaps,Asia,China,Shenzhen,FCT008,Shenzhen Soap Plant,LN0023,Line-2,2026-07-02 08:00:00,2026-07-02,8,Morning,Charcoal Bar Soap,1.02,60.0,33.9,Machine Breakdown,26.1,61,23,0,23,1.41,100.0,37.7,43.5,86.39,37.58,2.19,13.68,1
PureGlow Soaps International (Fictional Dummy Company),Global Manufacturing Head - PureGlow Soaps,Asia,China,Shenzhen,FCT008,Shenzhen Soap Plant,LN0024,Line-3,2026-07-02 08:00:00,2026-07-02,8,Morning,Lavender Bar Soap,1.43,60.0,0.5,No Downtime,59.5,86,84,5,79,5.9,94.05,97.67,99.17,98.72,92.08,7.77,35.82,1
PureGlow Soaps International (Fictional Dummy Company),Global Manufacturing Head - PureGlow Soaps,Asia,China,Shenzhen,FCT008,Shenzhen Soap Plant,LN0022,Line-1,2026-07-02 09:00:00,2026-07-02,9,Morning,Neem Bar Soap,1.65,60.0,13.2,Material Shortage,46.8,99,79,2,77,2.28,97.47,79.8,78.0,102.31,77.78,8.11,12.28,2
PureGlow Soaps International (Fictional Dummy Company),Global Manufacturing Head - PureGlow Soaps,Asia,China,Shenzhen,FCT008,Shenzhen Soap Plant,LN0023,Line-2,2026-07-02 09:00:00,2026-07-02,9,Morning,Charcoal Bar Soap,1.02,60.0,7.5,Changeover/Setup,52.5,61,45,1,44,1.39,97.78,73.77,87.5,84.03,71.89,4.88,28.14,1
PureGlow Soaps International (Fictional Dummy Company),Global Manufacturing Head - PureGlow Soaps,Asia,China,Shenzhen,FCT008,Shenzhen Soap Plant,LN0024,Line-3,2026-07-02 09:00:00,2026-07-02,9,Morning,Lavender Bar Soap,1.43,60.0,4.0,No Downtime,56.0,86,73,2,71,3.28,97.26,84.88,93.33,91.16,82.75,6.31,33.78,3
PureGlow Soaps International (Fictional Dummy Company),Global Manufacturing Head - PureGlow Soaps,Asia,China,Shenzhen,FCT008,Shenzhen Soap Plant,LN0022,Line-1,2026-07-02 10:00:00,2026-07-02,10,Morning,Neem Bar Soap,1.65,60.0,7.2,Power Outage,52.8,99,75,1,74,1.67,98.67,75.76,88.0,86.09,74.75,7.66,13.12,3
PureGlow Soaps International (Fictional Dummy Company),Global Manufacturing Head - PureGlow Soaps,Asia,China,Shenzhen,FCT008,Shenzhen Soap Plant,LN0023,Line-2,2026-07-02 10:00:00,2026-07-02,10,Morning,Charcoal Bar Soap,1.02,60.0,29.3,Material Shortage,30.7,61,32,1,31,2.87,96.88,52.46,51.17,102.19,50.66,3.18,17.05,1
PureGlow Soaps International (Fictional Dummy Company),Global Manufacturing Head - PureGlow Soaps,Asia,China,Shenzhen,FCT008,Shenzhen Soap Plant,LN0024,Line-3,2026-07-02 10:00:00,2026-07-02,10,Morning,Lavender Bar Soap,1.43,60.0,28.0,Material Shortage,32.0,86,40,1,39,3.21,97.5,46.51,53.33,87.41,45.45,3.61,18.1,2
PureGlow Soaps International (Fictional Dummy Company),Global Manufacturing Head - PureGlow Soaps,Asia,China,Shenzhen,FCT008,Shenzhen Soap Plant,LN0022,Line-1,2026-07-02 11:00:00,2026-07-02,11,Morning,Neem Bar Soap,1.65,60.0,18.8,Changeover/Setup,41.2,99,66,1,65,1.07,98.48,66.67,68.67,97.09,65.66,6.39,11.63,1
PureGlow Soaps International (Fictional Dummy Company),Global Manufacturing Head - PureGlow Soaps,Asia,China,Shenzhen,FCT008,Shenzhen Soap Plant,LN0023,Line-2,2026-07-02 11:00:00,2026-07-02,11,Morning,Charcoal Bar Soap,1.02,60.0,1.8,No Downtime,58.2,61,55,3,52,5.81,94.55,90.16,97.0,92.65,84.97,4.8,32.07,1
PureGlow Soaps International (Fictional Dummy Company),Global Manufacturing Head - PureGlow Soaps,Asia,China,Shenzhen,FCT008,Shenzhen Soap Plant,LN0024,Line-3,2026-07-02 11:00:00,2026-07-02,11,Morning,Lavender Bar Soap,1.43,60.0,27.4,Machine Breakdown,32.6,86,48,3,45,6.07,93.75,55.81,54.33,102.96,52.44,5.06,20.19,1
PureGlow Soaps International (Fictional Dummy Company),Global Manufacturing Head - PureGlow Soaps,Asia,China,Shenzhen,FCT008,Shenzhen Soap Plant,LN0022,Line-1,2026-07-02 12:00:00,2026-07-02,12,Morning,Neem Bar Soap,1.65,60.0,10.1,Changeover/Setup,49.9,99,83,1,82,0.66,98.8,83.84,83.17,100.81,82.84,7.67,14.52,3
PureGlow Soaps International (Fictional Dummy Company),Global Manufacturing Head - PureGlow Soaps,Asia,China,Shenzhen,FCT008,Shenzhen Soap Plant,LN0023,Line-2,2026-07-02 12:00:00,2026-07-02,12,Morning,Charcoal Bar Soap,1.02,60.0,0.9,No Downtime,59.1,61,55,0,55,0.5,100.0,90.16,98.5,91.24,89.87,5.27,35.95,1
PureGlow Soaps International (Fictional Dummy Company),Global Manufacturing Head - PureGlow Soaps,Asia,China,Shenzhen,FCT008,Shenzhen Soap Plant,LN0024,Line-3,2026-07-02 12:00:00,2026-07-02,12,Morning,Lavender Bar Soap,1.43,60.0,0.8,No Downtime,59.2,86,85,3,82,2.97,96.47,98.84,98.67,100.41,95.58,7.74,37.22,2
PureGlow Soaps International (Fictional Dummy Company),Global Manufacturing Head - PureGlow Soaps,Asia,China,Shenzhen,FCT008,Shenzhen Soap Plant,LN0022,Line-1,2026-07-02 13:00:00,2026-07-02,13,Morning,Neem Bar Soap,1.65,60.0,18.8,Changeover/Setup,41.2,99,64,2,62,3.73,96.88,64.65,68.67,94.15,62.64,6.25,11.36,3
PureGlow Soaps International (Fictional Dummy Company),Global Manufacturing Head - PureGlow Soaps,Asia,China,Shenzhen,FCT008,Shenzhen Soap Plant,LN0023,Line-2,2026-07-02 13:00:00,2026-07-02,13,Morning,Charcoal Bar Soap,1.02,60.0,2.9,No Downtime,57.1,61,55,1,54,1.63,98.18,90.16,95.17,94.43,88.23,5.63,34.6,1
PureGlow Soaps International (Fictional Dummy Company),Global Manufacturing Head - PureGlow Soaps,Asia,China,Shenzhen,FCT008,Shenzhen Soap Plant,LN0024,Line-3,2026-07-02 13:00:00,2026-07-02,13,Morning,Lavender Bar Soap,1.43,60.0,3.8,No Downtime,56.2,86,72,2,70,2.13,97.22,83.72,93.67,89.59,81.59,6.45,35.63,1
PureGlow Soaps International (Fictional Dummy Company),Global Manufacturing Head - PureGlow Soaps,Asia,China,Shenzhen,FCT008,Shenzhen Soap Plant,LN0022,Line-1,2026-07-02 14:00:00,2026-07-02,14,Afternoon,Neem Bar Soap,1.65,60.0,0.6,No Downtime,59.4,99,98,2,96,1.58,97.96,98.99,99.0,99.99,96.97,9.15,16.51,3
PureGlow Soaps International (Fictional Dummy Company),Global Manufacturing Head - PureGlow Soaps,Asia,China,Shenzhen,FCT008,Shenzhen Soap Plant,LN0023,Line-2,2026-07-02 14:00:00,2026-07-02,14,Afternoon,Charcoal Bar Soap,1.02,60.0,12.5,Quality Hold,47.5,61,49,5,44,10.22,89.8,80.33,79.17,101.14,71.91,4.21,27.36,1
PureGlow Soaps International (Fictional Dummy Company),Global Manufacturing Head - PureGlow Soaps,Asia,China,Shenzhen,FCT008,Shenzhen Soap Plant,LN0024,Line-3,2026-07-02 14:00:00,2026-07-02,14,Afternoon,Lavender Bar Soap,1.43,60.0,42.0,Machine Breakdown,18.0,86,23,1,22,4.98,95.65,26.74,30.0,89.36,25.64,2.4,11.13,2
PureGlow Soaps International (Fictional Dummy Company),Global Manufacturing Head - PureGlow Soaps,Asia,China,Shenzhen,FCT008,Shenzhen Soap Plant,LN0022,Line-1,2026-07-02 15:00:00,2026-07-02,15,Afternoon,Neem Bar Soap,1.65,60.0,16.7,Changeover/Setup,43.3,99,73,4,69,5.81,94.52,73.74,72.17,102.18,69.7,7.94,11.04,1
PureGlow Soaps International (Fictional Dummy Company),Global Manufacturing Head - PureGlow Soaps,Asia,China,Shenzhen,FCT008,Shenzhen Soap Plant,LN0023,Line-2,2026-07-02 15:00:00,2026-07-02,15,Afternoon,Charcoal Bar Soap,1.02,60.0,3.1,No Downtime,56.9,61,57,1,56,2.13,98.25,93.44,94.83,98.21,91.5,6.2,29.46,3
PureGlow Soaps International (Fictional Dummy Company),Global Manufacturing Head - PureGlow Soaps,Asia,China,Shenzhen,FCT008,Shenzhen Soap Plant,LN0024,Line-3,2026-07-02 15:00:00,2026-07-02,15,Afternoon,Lavender Bar Soap,1.43,60.0,7.0,Changeover/Setup,53.0,86,76,2,74,2.53,97.37,88.37,88.33,100.28,86.25,8.31,29.27,2
PureGlow Soaps International (Fictional Dummy Company),Global Manufacturing Head - PureGlow Soaps,Asia,China,Shenzhen,FCT008,Shenzhen Soap Plant,LN0022,Line-1,2026-07-02 16:00:00,2026-07-02,16,Afternoon,Neem Bar Soap,1.65,60.0,1.5,No Downtime,58.5,99,99,3,96,3.13,96.97,100.0,97.5,102.56,96.97,8.59,16.08,3
PureGlow Soaps International (Fictional Dummy Company),Global Manufacturing Head - PureGlow Soaps,Asia,China,Shenzhen,FCT008,Shenzhen Soap Plant,LN0023,Line-2,2026-07-02 16:00:00,2026-07-02,16,Afternoon,Charcoal Bar Soap,1.02,60.0,20.0,Changeover/Setup,40.0,61,40,1,39,3.26,97.5,65.57,66.67,98.04,63.73,3.91,24.03,2
PureGlow Soaps International (Fictional Dummy Company),Global Manufacturing Head - PureGlow Soaps,Asia,China,Shenzhen,FCT008,Shenzhen Soap Plant,LN0024,Line-3,2026-07-02 16:00:00,2026-07-02,16,Afternoon,Lavender Bar Soap,1.43,60.0,26.7,Machine Breakdown,33.3,86,41,1,40,2.38,97.56,47.67,55.5,86.1,46.62,4.48,18.55,2
PureGlow Soaps International (Fictional Dummy Company),Global Manufacturing Head - PureGlow Soaps,Asia,China,Shenzhen,FCT008,Shenzhen Soap Plant,LN0022,Line-1,2026-07-02 17:00:00,2026-07-02,17,Afternoon,Neem Bar Soap,1.65,60.0,29.6,Material Shortage,30.4,99,41,1,40,2.92,97.56,41.41,50.67,81.74,40.41,4.34,7.92,1
PureGlow Soaps International (Fictional Dummy Company),Global Manufacturing Head - PureGlow Soaps,Asia,China,Shenzhen,FCT008,Shenzhen Soap Plant,LN0023,Line-2,2026-07-02 17:00:00,2026-07-02,17,Afternoon,Charcoal Bar Soap,1.02,60.0,2.6,No Downtime,57.4,61,52,2,50,3.93,96.15,85.25,95.67,88.82,81.7,5.08,31.36,2
PureGlow Soaps International (Fictional Dummy Company),Global Manufacturing Head - PureGlow Soaps,Asia,China,Shenzhen,FCT008,Shenzhen Soap Plant,LN0024,Line-3,2026-07-02 17:00:00,2026-07-02,17,Afternoon,Lavender Bar Soap,1.43,60.0,43.3,Machine Breakdown,16.7,86,22,0,22,1.59,100.0,25.58,27.83,92.12,25.64,2.19,10.41,1
PureGlow Soaps International (Fictional Dummy Company),Global Manufacturing Head - PureGlow Soaps,Asia,China,Shenzhen,FCT008,Shenzhen Soap Plant,LN0022,Line-1,2026-07-02 18:00:00,2026-07-02,18,Afternoon,Neem Bar Soap,1.65,60.0,1.7,No Downtime,58.3,99,86,1,85,0.93,98.84,86.87,97.17,89.4,85.86,8.0,17.17,2
PureGlow Soaps International (Fictional Dummy Company),Global Manufacturing Head - PureGlow Soaps,Asia,China,Shenzhen,FCT008,Shenzhen Soap Plant,LN0023,Line-2,2026-07-02 18:00:00,2026-07-02,18,Afternoon,Charcoal Bar Soap,1.02,60.0,3.2,No Downtime,56.8,61,48,1,47,2.54,97.92,78.69,94.67,82.85,76.8,4.44,29.73,2
PureGlow Soaps International (Fictional Dummy Company),Global Manufacturing Head - PureGlow Soaps,Asia,China,Shenzhen,FCT008,Shenzhen Soap Plant,LN0024,Line-3,2026-07-02 18:00:00,2026-07-02,18,Afternoon,Lavender Bar Soap,1.43,60.0,29.9,Machine Breakdown,30.1,86,36,0,36,0.15,100.0,41.86,50.17,83.64,41.96,3.24,17.63,2
PureGlow Soaps International (Fictional Dummy Company),Global Manufacturing Head - PureGlow Soaps,Asia,China,Shenzhen,FCT008,Shenzhen Soap Plant,LN0022,Line-1,2026-07-02 19:00:00,2026-07-02,19,Afternoon,Neem Bar Soap,1.65,60.0,2.2,No Downtime,57.8,99,89,2,87,2.57,97.75,89.9,96.33,93.32,87.87,8.16,15.52,2
PureGlow Soaps International (Fictional Dummy Company),Global Manufacturing Head - PureGlow Soaps,Asia,China,Shenzhen,FCT008,Shenzhen Soap Plant,LN0023,Line-2,2026-07-02 19:00:00,2026-07-02,19,Afternoon,Charcoal Bar Soap,1.02,60.0,6.3,Changeover/Setup,53.7,61,45,1,44,2.15,97.78,73.77,89.5,82.16,71.9,4.5,28.96,2
PureGlow Soaps International (Fictional Dummy Company),Global Manufacturing Head - PureGlow Soaps,Asia,China,Shenzhen,FCT008,Shenzhen Soap Plant,LN0024,Line-3,2026-07-02 19:00:00,2026-07-02,19,Afternoon,Lavender Bar Soap,1.43,60.0,0.0,No Downtime,60.0,86,72,1,71,1.95,98.61,83.72,100.0,83.92,82.75,7.52,31.47,2
PureGlow Soaps International (Fictional Dummy Company),Global Manufacturing Head - PureGlow Soaps,Asia,China,Shenzhen,FCT008,Shenzhen Soap Plant,LN0022,Line-1,2026-07-02 20:00:00,2026-07-02,20,Afternoon,Neem Bar Soap,1.65,60.0,10.4,Changeover/Setup,49.6,99,72,3,69,4.43,95.83,72.73,82.67,87.98,69.7,7.79,13.86,2
PureGlow Soaps International (Fictional Dummy Company),Global Manufacturing Head - PureGlow Soaps,Asia,China,Shenzhen,FCT008,Shenzhen Soap Plant,LN0023,Line-2,2026-07-02 20:00:00,2026-07-02,20,Afternoon,Charcoal Bar Soap,1.02,60.0,15.4,Changeover/Setup,44.6,61,45,2,43,4.13,95.56,73.77,74.33,98.92,70.26,4.67,23.98,3
PureGlow Soaps International (Fictional Dummy Company),Global Manufacturing Head - PureGlow Soaps,Asia,China,Shenzhen,FCT008,Shenzhen Soap Plant,LN0024,Line-3,2026-07-02 20:00:00,2026-07-02,20,Afternoon,Lavender Bar Soap,1.43,60.0,39.5,Machine Breakdown,20.5,86,29,1,28,2.65,96.55,33.72,34.17,98.93,32.64,2.76,12.81,3
PureGlow Soaps International (Fictional Dummy Company),Global Manufacturing Head - PureGlow Soaps,Asia,China,Shenzhen,FCT008,Shenzhen Soap Plant,LN0022,Line-1,2026-07-02 21:00:00,2026-07-02,21,Afternoon,Neem Bar Soap,1.65,60.0,2.9,No Downtime,57.1,99,96,2,94,2.47,97.92,96.97,95.17,101.89,94.95,9.89,15.12,3
PureGlow Soaps International (Fictional Dummy Company),Global Manufacturing Head - PureGlow Soaps,Asia,China,Shenzhen,FCT008,Shenzhen Soap Plant,LN0023,Line-2,2026-07-02 21:00:00,2026-07-02,21,Afternoon,Charcoal Bar Soap,1.02,60.0,8.1,Quality Hold,51.9,61,46,4,42,7.85,91.3,75.41,86.5,86.89,68.62,4.01,27.98,2
PureGlow Soaps International (Fictional Dummy Company),Global Manufacturing Head - PureGlow Soaps,Asia,China,Shenzhen,FCT008,Shenzhen Soap Plant,LN0024,Line-3,2026-07-02 21:00:00,2026-07-02,21,Afternoon,Lavender Bar Soap,1.43,60.0,35.7,Machine Breakdown,24.3,86,31,1,30,3.88,96.77,36.05,40.5,89.21,34.96,2.65,13.93,3
PureGlow Soaps International (Fictional Dummy Company),Global Manufacturing Head - PureGlow Soaps,Asia,China,Shenzhen,FCT008,Shenzhen Soap Plant,LN0022,Line-1,2026-07-02 22:00:00,2026-07-02,22,Night,Neem Bar Soap,1.65,60.0,16.2,Changeover/Setup,43.8,99,60,2,58,3.6,96.67,60.61,73.0,83.02,58.59,5.15,12.53,2
PureGlow Soaps International (Fictional Dummy Company),Global Manufacturing Head - PureGlow Soaps,Asia,China,Shenzhen,FCT008,Shenzhen Soap Plant,LN0023,Line-2,2026-07-02 22:00:00,2026-07-02,22,Night,Charcoal Bar Soap,1.02,60.0,3.1,No Downtime,56.9,61,54,1,53,2.6,98.15,88.52,94.83,93.04,86.6,5.78,30.42,3
PureGlow Soaps International (Fictional Dummy Company),Global Manufacturing Head - PureGlow Soaps,Asia,China,Shenzhen,FCT008,Shenzhen Soap Plant,LN0024,Line-3,2026-07-02 22:00:00,2026-07-02,22,Night,Lavender Bar Soap,1.43,60.0,13.9,Changeover/Setup,46.1,86,57,1,56,1.47,98.25,66.28,76.83,86.46,65.26,5.74,28.2,3
PureGlow Soaps International (Fictional Dummy Company),Global Manufacturing Head - PureGlow Soaps,Asia,China,Shenzhen,FCT008,Shenzhen Soap Plant,LN0022,Line-1,2026-07-02 23:00:00,2026-07-02,23,Night,Neem Bar Soap,1.65,60.0,2.3,No Downtime,57.7,99,83,3,80,3.81,96.39,83.84,96.17,87.18,80.81,7.36,15.31,1
PureGlow Soaps International (Fictional Dummy Company),Global Manufacturing Head - PureGlow Soaps,Asia,China,Shenzhen,FCT008,Shenzhen Soap Plant,LN0023,Line-2,2026-07-02 23:00:00,2026-07-02,23,Night,Charcoal Bar Soap,1.02,60.0,6.1,Changeover/Setup,53.9,61,46,2,44,5.01,95.65,75.41,89.83,83.67,71.89,5.06,27.29,1
PureGlow Soaps International (Fictional Dummy Company),Global Manufacturing Head - PureGlow Soaps,Asia,China,Shenzhen,FCT008,Shenzhen Soap Plant,LN0024,Line-3,2026-07-02 23:00:00,2026-07-02,23,Night,Lavender Bar Soap,1.43,60.0,3.2,No Downtime,56.8,86,68,1,67,1.89,98.53,79.07,94.67,83.72,78.09,6.52,33.76,3
PureGlow Soaps International (Fictional Dummy Company),Global Manufacturing Head - PureGlow Soaps,Asia,China,Shenzhen,FCT008,Shenzhen Soap Plant,LN0022,Line-1,2026-07-03 00:00:00,2026-07-03,0,Night,Rose Bar Soap,1.65,60.0,17.5,Changeover/Setup,42.5,99,61,3,58,4.51,95.08,61.62,70.83,86.99,58.58,5.53,12.35,2
PureGlow Soaps International (Fictional Dummy Company),Global Manufacturing Head - PureGlow Soaps,Asia,China,Shenzhen,FCT008,Shenzhen Soap Plant,LN0023,Line-2,2026-07-03 00:00:00,2026-07-03,0,Night,Rose Bar Soap,1.02,60.0,30.5,Material Shortage,29.5,61,30,1,29,4.39,96.67,49.18,49.17,99.7,47.39,2.65,16.51,1
PureGlow Soaps International (Fictional Dummy Company),Global Manufacturing Head - PureGlow Soaps,Asia,China,Shenzhen,FCT008,Shenzhen Soap Plant,LN0024,Line-3,2026-07-03 00:00:00,2026-07-03,0,Night,Charcoal Bar Soap,1.43,60.0,32.6,Machine Breakdown,27.4,86,38,2,36,4.65,94.74,44.19,45.67,96.98,41.96,4.11,15.04,3
PureGlow Soaps International (Fictional Dummy Company),Global Manufacturing Head - PureGlow Soaps,Asia,China,Shenzhen,FCT008,Shenzhen Soap Plant,LN0022,Line-1,2026-07-03 01:00:00,2026-07-03,1,Night,Rose Bar Soap,1.65,60.0,1.1,No Downtime,58.9,99,81,4,77,5.3,95.06,81.82,98.17,83.35,77.78,8.27,16.18,3
PureGlow Soaps International (Fictional Dummy Company),Global Manufacturing Head - PureGlow Soaps,Asia,China,Shenzhen,FCT008,Shenzhen Soap Plant,LN0023,Line-2,2026-07-03 01:00:00,2026-07-03,1,Night,Rose Bar Soap,1.02,60.0,2.5,No Downtime,57.5,61,51,3,48,6.33,94.12,83.61,95.83,86.96,78.43,5.2,33.4,2
PureGlow Soaps International (Fictional Dummy Company),Global Manufacturing Head - PureGlow Soaps,Asia,China,Shenzhen,FCT008,Shenzhen Soap Plant,LN0024,Line-3,2026-07-03 01:00:00,2026-07-03,1,Night,Charcoal Bar Soap,1.43,60.0,19.3,Material Shortage,40.7,86,49,2,47,4.58,95.92,56.98,67.83,84.19,54.78,4.98,21.39,2
PureGlow Soaps International (Fictional Dummy Company),Global Manufacturing Head - PureGlow Soaps,Asia,China,Shenzhen,FCT008,Shenzhen Soap Plant,LN0022,Line-1,2026-07-03 02:00:00,2026-07-03,2,Night,Rose Bar Soap,1.65,60.0,0.5,No Downtime,59.5,99,94,3,91,2.99,96.81,94.95,99.17,95.75,91.93,9.59,14.47,3
PureGlow Soaps International (Fictional Dummy Company),Global Manufacturing Head - PureGlow Soaps,Asia,China,Shenzhen,FCT008,Shenzhen Soap Plant,LN0023,Line-2,2026-07-03 02:00:00,2026-07-03,2,Night,Rose Bar Soap,1.02,60.0,0.1,No Downtime,59.9,61,63,3,60,5.01,95.24,103.28,99.83,103.11,98.04,6.68,34.08,2
PureGlow Soaps International (Fictional Dummy Company),Global Manufacturing Head - PureGlow Soaps,Asia,China,Shenzhen,FCT008,Shenzhen Soap Plant,LN0024,Line-3,2026-07-03 02:00:00,2026-07-03,2,Night,Charcoal Bar Soap,1.43,60.0,39.9,Machine Breakdown,20.1,86,24,1,23,5.49,95.83,27.91,33.5,83.5,26.81,2.35,11.54,3
PureGlow Soaps International (Fictional Dummy Company),Global Manufacturing Head - PureGlow Soaps,Asia,China,Shenzhen,FCT008,Shenzhen Soap Plant,LN0022,Line-1,2026-07-03 03:00:00,2026-07-03,3,Night,Rose Bar Soap,1.65,60.0,1.6,No Downtime,58.4,99,94,1,93,0.61,98.94,94.95,97.33,97.55,93.94,9.09,16.92,1
PureGlow Soaps International (Fictional Dummy Company),Global Manufacturing Head - PureGlow Soaps,Asia,China,Shenzhen,FCT008,Shenzhen Soap Plant,LN0023,Line-2,2026-07-03 03:00:00,2026-07-03,3,Night,Rose Bar Soap,1.02,60.0,25.1,Machine Breakdown,34.9,61,36,1,35,3.65,97.22,59.02,58.17,101.13,57.19,3.69,17.65,3
PureGlow Soaps International (Fictional Dummy Company),Global Manufacturing Head - PureGlow Soaps,Asia,China,Shenzhen,FCT008,Shenzhen Soap Plant,LN0024,Line-3,2026-07-03 03:00:00,2026-07-03,3,Night,Charcoal Bar Soap,1.43,60.0,28.9,Material Shortage,31.1,86,44,0,44,0.0,100.0,51.16,51.83,98.94,51.28,4.2,17.17,2
PureGlow Soaps International (Fictional Dummy Company),Global Manufacturing Head - PureGlow Soaps,Asia,China,Shenzhen,FCT008,Shenzhen Soap Plant,LN0022,Line-1,2026-07-03 04:00:00,2026-07-03,4,Night,Rose Bar Soap,1.65,60.0,3.2,No Downtime,56.8,99,82,3,79,3.12,96.34,82.83,94.67,87.49,79.8,8.28,16.35,3
PureGlow Soaps International (Fictional Dummy Company),Global Manufacturing Head - PureGlow Soaps,Asia,China,Shenzhen,FCT008,Shenzhen Soap Plant,LN0023,Line-2,2026-07-03 04:00:00,2026-07-03,4,Night,Rose Bar Soap,1.02,60.0,2.5,No Downtime,57.5,61,51,2,49,4.01,96.08,83.61,95.83,86.96,80.07,5.6,29.57,2
PureGlow Soaps International (Fictional Dummy Company),Global Manufacturing Head - PureGlow Soaps,Asia,China,Shenzhen,FCT008,Shenzhen Soap Plant,LN0024,Line-3,2026-07-03 04:00:00,2026-07-03,4,Night,Charcoal Bar Soap,1.43,60.0,27.5,Material Shortage,32.5,86,38,1,37,1.44,97.37,44.19,54.17,81.76,43.12,3.93,20.15,1
PureGlow Soaps International (Fictional Dummy Company),Global Manufacturing Head - PureGlow Soaps,Asia,China,Shenzhen,FCT008,Shenzhen Soap Plant,LN0022,Line-1,2026-07-03 05:00:00,2026-07-03,5,Night,Rose Bar Soap,1.65,60.0,3.4,No Downtime,56.6,99,77,1,76,1.25,98.7,77.78,94.33,82.45,76.76,7.52,15.67,2
PureGlow Soaps International (Fictional Dummy Company),Global Manufacturing Head - PureGlow Soaps,Asia,China,Shenzhen,FCT008,Shenzhen Soap Plant,LN0023,Line-2,2026-07-03 05:00:00,2026-07-03,5,Night,Rose Bar Soap,1.02,60.0,22.9,Power Outage,37.1,61,32,1,31,2.63,96.88,52.46,61.83,84.56,50.65,2.92,22.09,3
PureGlow Soaps International (Fictional Dummy Company),Global Manufacturing Head - PureGlow Soaps,Asia,China,Shenzhen,FCT008,Shenzhen Soap Plant,LN0024,Line-3,2026-07-03 05:00:00,2026-07-03,5,Night,Charcoal Bar Soap,1.43,60.0,19.1,Changeover/Setup,40.9,86,51,1,50,1.91,98.04,59.3,68.17,87.2,58.28,5.07,25.84,3
PureGlow Soaps International (Fictional Dummy Company),Global Manufacturing Head - PureGlow Soaps,Asia,China,Shenzhen,FCT008,Shenzhen Soap Plant,LN0022,Line-1,2026-07-03 06:00:00,2026-07-03,6,Morning,Rose Bar Soap,1.65,60.0,3.3,No Downtime,56.7,99,90,5,85,5.8,94.44,90.91,94.5,96.2,85.85,8.33,13.72,3
PureGlow Soaps International (Fictional Dummy Company),Global Manufacturing Head - PureGlow Soaps,Asia,China,Shenzhen,FCT008,Shenzhen Soap Plant,LN0023,Line-2,2026-07-03 06:00:00,2026-07-03,6,Morning,Rose Bar Soap,1.02,60.0,1.8,No Downtime,58.2,61,56,1,55,1.04,98.21,91.8,97.0,94.33,89.86,5.24,34.15,1
PureGlow Soaps International (Fictional Dummy Company),Global Manufacturing Head - PureGlow Soaps,Asia,China,Shenzhen,FCT008,Shenzhen Soap Plant,LN0024,Line-3,2026-07-03 06:00:00,2026-07-03,6,Morning,Charcoal Bar Soap,1.43,60.0,0.6,No Downtime,59.4,86,74,3,71,3.82,95.95,86.05,99.0,87.12,82.76,6.4,31.42,1
PureGlow Soaps International (Fictional Dummy Company),Global Manufacturing Head - PureGlow Soaps,Asia,China,Shenzhen,FCT008,Shenzhen Soap Plant,LN0022,Line-1,2026-07-03 07:00:00,2026-07-03,7,Morning,Rose Bar Soap,1.65,60.0,11.0,Machine Breakdown,49.0,99,76,3,73,3.88,96.05,76.77,81.67,94.0,73.74,8.04,12.91,1
PureGlow Soaps International (Fictional Dummy Company),Global Manufacturing Head - PureGlow Soaps,Asia,China,Shenzhen,FCT008,Shenzhen Soap Plant,LN0023,Line-2,2026-07-03 07:00:00,2026-07-03,7,Morning,Rose Bar Soap,1.02,60.0,26.4,Material Shortage,33.6,61,31,1,30,1.64,96.77,50.82,56.0,90.45,49.02,3.16,19.59,3
PureGlow Soaps International (Fictional Dummy Company),Global Manufacturing Head - PureGlow Soaps,Asia,China,Shenzhen,FCT008,Shenzhen Soap Plant,LN0024,Line-3,2026-07-03 07:00:00,2026-07-03,7,Morning,Charcoal Bar Soap,1.43,60.0,8.8,Quality Hold,51.2,86,74,7,67,8.85,90.54,86.05,85.33,101.07,78.08,7.97,30.64,1
PureGlow Soaps International (Fictional Dummy Company),Global Manufacturing Head - PureGlow Soaps,Asia,China,Shenzhen,FCT008,Shenzhen Soap Plant,LN0022,Line-1,2026-07-03 08:00:00,2026-07-03,8,Morning,Rose Bar Soap,1.65,60.0,2.3,No Downtime,57.7,99,82,4,78,4.91,95.12,82.83,96.17,86.13,78.79,8.3,14.55,2
PureGlow Soaps International (Fictional Dummy Company),Global Manufacturing Head - PureGlow Soaps,Asia,China,Shenzhen,FCT008,Shenzhen Soap Plant,LN0023,Line-2,2026-07-03 08:00:00,2026-07-03,8,Morning,Rose Bar Soap,1.02,60.0,20.3,Material Shortage,39.7,61,34,1,33,3.77,97.06,55.74,66.17,83.96,53.92,3.1,22.88,1
PureGlow Soaps International (Fictional Dummy Company),Global Manufacturing Head - PureGlow Soaps,Asia,China,Shenzhen,FCT008,Shenzhen Soap Plant,LN0024,Line-3,2026-07-03 08:00:00,2026-07-03,8,Morning,Charcoal Bar Soap,1.43,60.0,0.1,No Downtime,59.9,86,75,2,73,2.82,97.33,87.21,99.83,87.56,85.08,7.1,36.97,3
PureGlow Soaps International (Fictional Dummy Company),Global Manufacturing Head - PureGlow Soaps,Asia,China,Shenzhen,FCT008,Shenzhen Soap Plant,LN0022,Line-1,2026-07-03 09:00:00,2026-07-03,9,Morning,Rose Bar Soap,1.65,60.0,3.9,No Downtime,56.1,99,86,2,84,1.95,97.67,86.87,93.5,92.91,84.85,7.7,16.11,2
PureGlow Soaps International (Fictional Dummy Company),Global Manufacturing Head - PureGlow Soaps,Asia,China,Shenzhen,FCT008,Shenzhen Soap Plant,LN0023,Line-2,2026-07-03 09:00:00,2026-07-03,9,Morning,Rose Bar Soap,1.02,60.0,3.6,No Downtime,56.4,61,58,2,56,2.9,96.55,95.08,94.0,100.82,91.5,5.8,30.7,1
PureGlow Soaps International (Fictional Dummy Company),Global Manufacturing Head - PureGlow Soaps,Asia,China,Shenzhen,FCT008,Shenzhen Soap Plant,LN0024,Line-3,2026-07-03 09:00:00,2026-07-03,9,Morning,Charcoal Bar Soap,1.43,60.0,42.1,Machine Breakdown,17.9,86,25,1,24,5.22,96.0,29.07,29.83,97.67,27.97,2.22,9.41,1
PureGlow Soaps International (Fictional Dummy Company),Global Manufacturing Head - PureGlow Soaps,Asia,China,Shenzhen,FCT008,Shenzhen Soap Plant,LN0022,Line-1,2026-07-03 10:00:00,2026-07-03,10,Morning,Rose Bar Soap,1.65,60.0,31.7,Preventive Maintenance,28.3,99,42,1,41,3.52,97.62,42.42,47.17,89.95,41.42,4.59,7.94,3
PureGlow Soaps International (Fictional Dummy Company),Global Manufacturing Head - PureGlow Soaps,Asia,China,Shenzhen,FCT008,Shenzhen Soap Plant,LN0023,Line-2,2026-07-03 10:00:00,2026-07-03,10,Morning,Rose Bar Soap,1.02,60.0,0.2,No Downtime,59.8,61,52,1,51,1.21,98.08,85.25,99.67,85.25,83.34,4.81,35.99,1
PureGlow Soaps International (Fictional Dummy Company),Global Manufacturing Head - PureGlow Soaps,Asia,China,Shenzhen,FCT008,Shenzhen Soap Plant,LN0024,Line-3,2026-07-03 10:00:00,2026-07-03,10,Morning,Charcoal Bar Soap,1.43,60.0,3.9,No Downtime,56.1,86,78,4,74,4.89,94.87,90.7,93.5,97.23,86.25,7.44,30.91,3
PureGlow Soaps International (Fictional Dummy Company),Global Manufacturing Head - PureGlow Soaps,Asia,China,Shenzhen,FCT008,Shenzhen Soap Plant,LN0022,Line-1,2026-07-03 11:00:00,2026-07-03,11,Morning,Rose Bar Soap,1.65,60.0,28.6,Machine Breakdown,31.4,99,44,3,41,5.77,93.18,44.44,52.33,84.93,41.41,4.34,8.78,3
PureGlow Soaps International (Fictional Dummy Company),Global Manufacturing Head - PureGlow Soaps,Asia,China,Shenzhen,FCT008,Shenzhen Soap Plant,LN0023,Line-2,2026-07-03 11:00:00,2026-07-03,11,Morning,Rose Bar Soap,1.02,60.0,29.6,Material Shortage,30.4,61,26,1,25,2.3,96.15,42.62,50.67,83.85,40.85,2.49,15.55,2
PureGlow Soaps International (Fictional Dummy Company),Global Manufacturing Head - PureGlow Soaps,Asia,China,Shenzhen,FCT008,Shenzhen Soap Plant,LN0024,Line-3,2026-07-03 11:00:00,2026-07-03,11,Morning,Charcoal Bar Soap,1.43,60.0,2.4,No Downtime,57.6,86,79,3,76,3.78,96.2,91.86,96.0,95.91,88.57,8.04,31.99,1
PureGlow Soaps International (Fictional Dummy Company),Global Manufacturing Head - PureGlow Soaps,Asia,China,Shenzhen,FCT008,Shenzhen Soap Plant,LN0022,Line-1,2026-07-03 12:00:00,2026-07-03,12,Morning,Rose Bar Soap,1.65,60.0,3.3,No Downtime,56.7,99,81,3,78,3.5,96.3,81.82,94.5,86.58,78.79,7.32,16.31,3
PureGlow Soaps International (Fictional Dummy Company),Global Manufacturing Head - PureGlow Soaps,Asia,China,Shenzhen,FCT008,Shenzhen Soap Plant,LN0023,Line-2,2026-07-03 12:00:00,2026-07-03,12,Morning,Rose Bar Soap,1.02,60.0,11.8,Changeover/Setup,48.2,61,46,2,44,4.54,95.65,75.41,80.33,93.56,71.89,4.28,25.41,3
PureGlow Soaps International (Fictional Dummy Company),Global Manufacturing Head - PureGlow Soaps,Asia,China,Shenzhen,FCT008,Shenzhen Soap Plant,LN0024,Line-3,2026-07-03 12:00:00,2026-07-03,12,Morning,Charcoal Bar Soap,1.43,60.0,34.2,Machine Breakdown,25.8,86,34,1,33,3.09,97.06,39.53,43.0,92.16,38.46,3.49,14.7,3
PureGlow Soaps International (Fictional Dummy Company),Global Manufacturing Head - PureGlow Soaps,Asia,China,Shenzhen,FCT008,Shenzhen Soap Plant,LN0022,Line-1,2026-07-03 13:00:00,2026-07-03,13,Morning,Rose Bar Soap,1.65,60.0,13.7,Power Outage,46.3,99,69,3,66,4.66,95.65,69.7,77.17,90.32,66.67,6.41,12.16,3
PureGlow Soaps International (Fictional Dummy Company),Global Manufacturing Head - PureGlow Soaps,Asia,China,Shenzhen,FCT008,Shenzhen Soap Plant,LN0023,Line-2,2026-07-03 13:00:00,2026-07-03,13,Morning,Rose Bar Soap,1.02,60.0,1.1,No Downtime,58.9,61,56,0,56,0.73,100.0,91.8,98.17,93.21,91.5,5.14,30.25,1
PureGlow Soaps International (Fictional Dummy Company),Global Manufacturing Head - PureGlow Soaps,Asia,China,Shenzhen,FCT008,Shenzhen Soap Plant,LN0024,Line-3,2026-07-03 13:00:00,2026-07-03,13,Morning,Charcoal Bar Soap,1.43,60.0,15.9,Changeover/Setup,44.1,86,53,2,51,3.32,96.23,61.63,73.5,84.04,59.44,5.38,24.85,1
PureGlow Soaps International (Fictional Dummy Company),Global Manufacturing Head - PureGlow Soaps,Asia,China,Shenzhen,FCT008,Shenzhen Soap Plant,LN0022,Line-1,2026-07-03 14:00:00,2026-07-03,14,Afternoon,Rose Bar Soap,1.65,60.0,37.8,Preventive Maintenance,22.2,99,33,1,32,3.98,96.97,33.33,37.0,90.09,32.32,2.94,5.63,2
PureGlow Soaps International (Fictional Dummy Company),Global Manufacturing Head - PureGlow Soaps,Asia,China,Shenzhen,FCT008,Shenzhen Soap Plant,LN0023,Line-2,2026-07-03 14:00:00,2026-07-03,14,Afternoon,Rose Bar Soap,1.02,60.0,3.5,No Downtime,56.5,61,51,1,50,2.72,98.04,83.61,94.17,88.5,81.71,4.78,33.63,3
PureGlow Soaps International (Fictional Dummy Company),Global Manufacturing Head - PureGlow Soaps,Asia,China,Shenzhen,FCT008,Shenzhen Soap Plant,LN0024,Line-3,2026-07-03 14:00:00,2026-07-03,14,Afternoon,Charcoal Bar Soap,1.43,60.0,31.3,Preventive Maintenance,28.7,86,36,1,35,3.9,97.22,41.86,47.83,87.72,40.79,3.41,15.07,1
PureGlow Soaps International (Fictional Dummy Company),Global Manufacturing Head - PureGlow Soaps,Asia,China,Shenzhen,FCT008,Shenzhen Soap Plant,LN0022,Line-1,2026-07-03 15:00:00,2026-07-03,15,Afternoon,Rose Bar Soap,1.65,60.0,1.7,No Downtime,58.3,99,97,1,96,1.01,98.97,97.98,97.17,100.84,96.98,9.57,16.64,1
PureGlow Soaps International (Fictional Dummy Company),Global Manufacturing Head - PureGlow Soaps,Asia,China,Shenzhen,FCT008,Shenzhen Soap Plant,LN0023,Line-2,2026-07-03 15:00:00,2026-07-03,15,Afternoon,Rose Bar Soap,1.02,60.0,1.4,No Downtime,58.6,61,52,0,52,0.07,100.0,85.25,97.67,87.0,84.97,5.43,33.01,2
PureGlow Soaps International (Fictional Dummy Company),Global Manufacturing Head - PureGlow Soaps,Asia,China,Shenzhen,FCT008,Shenzhen Soap Plant,LN0024,Line-3,2026-07-03 15:00:00,2026-07-03,15,Afternoon,Charcoal Bar Soap,1.43,60.0,29.0,Material Shortage,31.0,86,38,1,37,3.38,97.37,44.19,51.67,85.72,43.13,4.02,16.16,1
PureGlow Soaps International (Fictional Dummy Company),Global Manufacturing Head - PureGlow Soaps,Asia,China,Shenzhen,FCT008,Shenzhen Soap Plant,LN0022,Line-1,2026-07-03 16:00:00,2026-07-03,16,Afternoon,Rose Bar Soap,1.65,60.0,2.1,No Downtime,57.9,99,94,2,92,2.06,97.87,94.95,96.5,98.39,92.92,9.18,16.02,3
PureGlow Soaps International (Fictional Dummy Company),Global Manufacturing Head - PureGlow Soaps,Asia,China,Shenzhen,FCT008,Shenzhen Soap Plant,LN0023,Line-2,2026-07-03 16:00:00,2026-07-03,16,Afternoon,Rose Bar Soap,1.02,60.0,9.2,Changeover/Setup,50.8,61,48,1,47,2.49,97.92,78.69,84.67,92.64,76.81,5.23,26.27,1
PureGlow Soaps International (Fictional Dummy Company),Global Manufacturing Head - PureGlow Soaps,Asia,China,Shenzhen,FCT008,Shenzhen Soap Plant,LN0024,Line-3,2026-07-03 16:00:00,2026-07-03,16,Afternoon,Charcoal Bar Soap,1.43,60.0,42.1,Machine Breakdown,17.9,86,26,1,25,2.72,96.15,30.23,29.83,101.57,29.13,2.47,10.58,2
PureGlow Soaps International (Fictional Dummy Company),Global Manufacturing Head - PureGlow Soaps,Asia,China,Shenzhen,FCT008,Shenzhen Soap Plant,LN0022,Line-1,2026-07-03 17:00:00,2026-07-03,17,Afternoon,Rose Bar Soap,1.65,60.0,6.1,Power Outage,53.9,99,85,3,82,4.09,96.47,85.86,89.83,95.58,82.83,7.28,15.37,2
PureGlow Soaps International (Fictional Dummy Company),Global Manufacturing Head - PureGlow Soaps,Asia,China,Shenzhen,FCT008,Shenzhen Soap Plant,LN0023,Line-2,2026-07-03 17:00:00,2026-07-03,17,Afternoon,Rose Bar Soap,1.02,60.0,0.3,No Downtime,59.7,61,61,2,59,3.22,96.72,100.0,99.5,100.17,96.4,5.19,35.81,1
PureGlow Soaps International (Fictional Dummy Company),Global Manufacturing Head - PureGlow Soaps,Asia,China,Shenzhen,FCT008,Shenzhen Soap Plant,LN0024,Line-3,2026-07-03 17:00:00,2026-07-03,17,Afternoon,Charcoal Bar Soap,1.43,60.0,3.9,No Downtime,56.1,86,71,2,69,2.64,97.18,82.56,93.5,88.5,80.41,7.08,33.79,2
PureGlow Soaps International (Fictional Dummy Company),Global Manufacturing Head - PureGlow Soaps,Asia,China,Shenzhen,FCT008,Shenzhen Soap Plant,LN0022,Line-1,2026-07-03 18:00:00,2026-07-03,18,Afternoon,Rose Bar Soap,1.65,60.0,1.2,No Downtime,58.8,99,93,3,90,3.15,96.77,93.94,98.0,95.86,90.91,9.41,15.87,1
PureGlow Soaps International (Fictional Dummy Company),Global Manufacturing Head - PureGlow Soaps,Asia,China,Shenzhen,FCT008,Shenzhen Soap Plant,LN0023,Line-2,2026-07-03 18:00:00,2026-07-03,18,Afternoon,Rose Bar Soap,1.02,60.0,39.5,Machine Breakdown,20.5,61,21,1,20,4.09,95.24,34.43,34.17,100.43,32.68,1.98,11.43,2
PureGlow Soaps International (Fictional Dummy Company),Global Manufacturing Head - PureGlow Soaps,Asia,China,Shenzhen,FCT008,Shenzhen Soap Plant,LN0024,Line-3,2026-07-03 18:00:00,2026-07-03,18,Afternoon,Charcoal Bar Soap,1.43,60.0,15.5,Quality Hold,44.5,86,52,5,47,9.79,90.38,60.47,74.17,81.72,54.78,4.65,26.88,3
PureGlow Soaps International (Fictional Dummy Company),Global Manufacturing Head - PureGlow Soaps,Asia,China,Shenzhen,FCT008,Shenzhen Soap Plant,LN0022,Line-1,2026-07-03 19:00:00,2026-07-03,19,Afternoon,Rose Bar Soap,1.65,60.0,15.1,Machine Breakdown,44.9,99,70,2,68,3.34,97.14,70.71,74.83,94.49,68.68,6.01,12.83,1
PureGlow Soaps International (Fictional Dummy Company),Global Manufacturing Head - PureGlow Soaps,Asia,China,Shenzhen,FCT008,Shenzhen Soap Plant,LN0023,Line-2,2026-07-03 19:00:00,2026-07-03,19,Afternoon,Rose Bar Soap,1.02,60.0,33.4,Material Shortage,26.6,61,26,1,25,3.58,96.15,42.62,44.33,95.83,40.85,2.68,15.19,3
PureGlow Soaps International (Fictional Dummy Company),Global Manufacturing Head - PureGlow Soaps,Asia,China,Shenzhen,FCT008,Shenzhen Soap Plant,LN0024,Line-3,2026-07-03 19:00:00,2026-07-03,19,Afternoon,Charcoal Bar Soap,1.43,60.0,19.0,Preventive Maintenance,41.0,86,56,2,54,3.64,96.43,65.12,68.33,95.51,62.93,5.18,22.21,3
PureGlow Soaps International (Fictional Dummy Company),Global Manufacturing Head - PureGlow Soaps,Asia,China,Shenzhen,FCT008,Shenzhen Soap Plant,LN0022,Line-1,2026-07-03 20:00:00,2026-07-03,20,Afternoon,Rose Bar Soap,1.65,60.0,32.4,Material Shortage,27.6,99,45,1,44,1.2,97.78,45.45,46.0,98.81,44.44,4.92,7.5,3
PureGlow Soaps International (Fictional Dummy Company),Global Manufacturing Head - PureGlow Soaps,Asia,China,Shenzhen,FCT008,Shenzhen Soap Plant,LN0023,Line-2,2026-07-03 20:00:00,2026-07-03,20,Afternoon,Rose Bar Soap,1.02,60.0,21.2,Material Shortage,38.8,61,37,0,37,0.7,100.0,60.66,64.67,93.49,60.46,3.43,20.25,3
PureGlow Soaps International (Fictional Dummy Company),Global Manufacturing Head - PureGlow Soaps,Asia,China,Shenzhen,FCT008,Shenzhen Soap Plant,LN0024,Line-3,2026-07-03 20:00:00,2026-07-03,20,Afternoon,Charcoal Bar Soap,1.43,60.0,1.3,No Downtime,58.7,86,74,3,71,3.75,95.95,86.05,97.83,88.16,82.75,7.19,31.75,1
PureGlow Soaps International (Fictional Dummy Company),Global Manufacturing Head - PureGlow Soaps,Asia,China,Shenzhen,FCT008,Shenzhen Soap Plant,LN0022,Line-1,2026-07-03 21:00:00,2026-07-03,21,Afternoon,Rose Bar Soap,1.65,60.0,7.3,Changeover/Setup,52.7,99,72,2,70,2.35,97.22,72.73,87.83,82.8,70.7,6.31,12.93,3
PureGlow Soaps International (Fictional Dummy Company),Global Manufacturing Head - PureGlow Soaps,Asia,China,Shenzhen,FCT008,Shenzhen Soap Plant,LN0023,Line-2,2026-07-03 21:00:00,2026-07-03,21,Afternoon,Rose Bar Soap,1.02,60.0,20.4,Material Shortage,39.6,61,35,1,34,3.21,97.14,57.38,66.0,86.65,55.55,3.01,23.02,2
PureGlow Soaps International (Fictional Dummy Company),Global Manufacturing Head - PureGlow Soaps,Asia,China,Shenzhen,FCT008,Shenzhen Soap Plant,LN0024,Line-3,2026-07-03 21:00:00,2026-07-03,21,Afternoon,Charcoal Bar Soap,1.43,60.0,39.2,Preventive Maintenance,20.8,86,27,1,26,3.76,96.3,31.4,34.67,90.77,30.31,2.54,13.17,1
PureGlow Soaps International (Fictional Dummy Company),Global Manufacturing Head - PureGlow Soaps,Asia,China,Shenzhen,FCT008,Shenzhen Soap Plant,LN0022,Line-1,2026-07-03 22:00:00,2026-07-03,22,Night,Rose Bar Soap,1.65,60.0,14.9,Quality Hold,45.1,99,65,5,60,7.46,92.31,65.66,75.17,87.35,60.61,6.79,11.03,3
PureGlow Soaps International (Fictional Dummy Company),Global Manufacturing Head - PureGlow Soaps,Asia,China,Shenzhen,FCT008,Shenzhen Soap Plant,LN0023,Line-2,2026-07-03 22:00:00,2026-07-03,22,Night,Rose Bar Soap,1.02,60.0,11.0,Changeover/Setup,49.0,61,49,2,47,3.31,95.92,80.33,81.67,98.04,76.8,5.26,27.83,2
PureGlow Soaps International (Fictional Dummy Company),Global Manufacturing Head - PureGlow Soaps,Asia,China,Shenzhen,FCT008,Shenzhen Soap Plant,LN0024,Line-3,2026-07-03 22:00:00,2026-07-03,22,Night,Charcoal Bar Soap,1.43,60.0,5.8,Power Outage,54.2,86,72,1,71,1.88,98.61,83.72,90.33,92.9,82.75,7.01,28.55,3
PureGlow Soaps International (Fictional Dummy Company),Global Manufacturing Head - PureGlow Soaps,Asia,China,Shenzhen,FCT008,Shenzhen Soap Plant,LN0022,Line-1,2026-07-03 23:00:00,2026-07-03,23,Night,Rose Bar Soap,1.65,60.0,12.0,Quality Hold,48.0,99,71,8,63,10.6,88.73,71.72,80.0,89.65,63.64,6.79,11.69,3
PureGlow Soaps International (Fictional Dummy Company),Global Manufacturing Head - PureGlow Soaps,Asia,China,Shenzhen,FCT008,Shenzhen Soap Plant,LN0023,Line-2,2026-07-03 23:00:00,2026-07-03,23,Night,Rose Bar Soap,1.02,60.0,0.7,No Downtime,59.3,61,58,2,56,3.79,96.55,95.08,98.83,95.89,91.5,5.01,31.56,2
PureGlow Soaps International (Fictional Dummy Company),Global Manufacturing Head - PureGlow Soaps,Asia,China,Shenzhen,FCT008,Shenzhen Soap Plant,LN0024,Line-3,2026-07-03 23:00:00,2026-07-03,23,Night,Charcoal Bar Soap,1.43,60.0,39.5,Preventive Maintenance,20.5,86,24,1,23,2.95,95.83,27.91,34.17,81.87,26.81,2.52,11.02,3
PureGlow Soaps International (Fictional Dummy Company),Global Manufacturing Head - PureGlow Soaps,Asia,China,Shenzhen,FCT008,Shenzhen Soap Plant,LN0022,Line-1,2026-07-04 00:00:00,2026-07-04,0,Night,Sandalwood Bar Soap,1.65,60.0,19.2,Changeover/Setup,40.8,99,59,3,56,4.36,94.92,59.6,68.0,87.64,56.57,5.76,11.31,3
PureGlow Soaps International (Fictional Dummy Company),Global Manufacturing Head - PureGlow Soaps,Asia,China,Shenzhen,FCT008,Shenzhen Soap Plant,LN0023,Line-2,2026-07-04 00:00:00,2026-07-04,0,Night,Lemon Bar Soap,1.02,60.0,6.6,Quality Hold,53.4,61,48,3,45,6.44,93.75,78.69,89.0,88.13,73.53,4.53,29.97,1
PureGlow Soaps International (Fictional Dummy Company),Global Manufacturing Head - PureGlow Soaps,Asia,China,Shenzhen,FCT008,Shenzhen Soap Plant,LN0024,Line-3,2026-07-04 00:00:00,2026-07-04,0,Night,Charcoal Bar Soap,1.43,60.0,9.8,Changeover/Setup,50.2,86,72,2,70,2.39,97.22,83.72,83.67,100.3,81.59,6.99,26.22,3
PureGlow Soaps International (Fictional Dummy Company),Global Manufacturing Head - PureGlow Soaps,Asia,China,Shenzhen,FCT008,Shenzhen Soap Plant,LN0022,Line-1,2026-07-04 01:00:00,2026-07-04,1,Night,Sandalwood Bar Soap,1.65,60.0,18.1,Changeover/Setup,41.9,99,63,3,60,3.98,95.24,63.64,69.83,91.13,60.61,6.64,12.03,2
PureGlow Soaps International (Fictional Dummy Company),Global Manufacturing Head - PureGlow Soaps,Asia,China,Shenzhen,FCT008,Shenzhen Soap Plant,LN0023,Line-2,2026-07-04 01:00:00,2026-07-04,1,Night,Lemon Bar Soap,1.02,60.0,2.7,No Downtime,57.3,61,53,1,52,1.47,98.11,86.89,95.5,90.68,84.96,5.55,34.05,1
PureGlow Soaps International (Fictional Dummy Company),Global Manufacturing Head - PureGlow Soaps,Asia,China,Shenzhen,FCT008,Shenzhen Soap Plant,LN0024,Line-3,2026-07-04 01:00:00,2026-07-04,1,Night,Charcoal Bar Soap,1.43,60.0,11.0,Changeover/Setup,49.0,86,72,2,70,2.35,97.22,83.72,81.67,102.75,81.58,7.02,25.58,2
PureGlow Soaps International (Fictional Dummy Company),Global Manufacturing Head - PureGlow Soaps,Asia,China,Shenzhen,FCT008,Shenzhen Soap Plant,LN0022,Line-1,2026-07-04 02:00:00,2026-07-04,2,Night,Sandalwood Bar Soap,1.65,60.0,0.7,No Downtime,59.3,99,80,2,78,2.69,97.5,80.81,98.83,81.76,78.78,7.51,16.23,2
PureGlow Soaps International (Fictional Dummy Company),Global Manufacturing Head - PureGlow Soaps,Asia,China,Shenzhen,FCT008,Shenzhen Soap Plant,LN0023,Line-2,2026-07-04 02:00:00,2026-07-04,2,Night,Lemon Bar Soap,1.02,60.0,3.1,No Downtime,56.9,61,47,2,45,3.23,95.74,77.05,94.83,80.98,73.52,4.93,34.69,2
PureGlow Soaps International (Fictional Dummy Company),Global Manufacturing Head - PureGlow Soaps,Asia,China,Shenzhen,FCT008,Shenzhen Soap Plant,LN0024,Line-3,2026-07-04 02:00:00,2026-07-04,2,Night,Charcoal Bar Soap,1.43,60.0,1.5,No Downtime,58.5,86,82,4,78,4.67,95.12,95.35,97.5,98.02,90.91,7.26,34.82,3
PureGlow Soaps International (Fictional Dummy Company),Global Manufacturing Head - PureGlow Soaps,Asia,China,Shenzhen,FCT008,Shenzhen Soap Plant,LN0022,Line-1,2026-07-04 03:00:00,2026-07-04,3,Night,Sandalwood Bar Soap,1.65,60.0,3.8,No Downtime,56.2,99,82,2,80,2.11,97.56,82.83,93.67,88.43,80.81,7.18,15.75,1
PureGlow Soaps International (Fictional Dummy Company),Global Manufacturing Head - PureGlow Soaps,Asia,China,Shenzhen,FCT008,Shenzhen Soap Plant,LN0023,Line-2,2026-07-04 03:00:00,2026-07-04,3,Night,Lemon Bar Soap,1.02,60.0,2.8,No Downtime,57.2,61,53,1,52,2.04,98.11,86.89,95.33,90.84,84.96,4.89,34.13,2
PureGlow Soaps International (Fictional Dummy Company),Global Manufacturing Head - PureGlow Soaps,Asia,China,Shenzhen,FCT008,Shenzhen Soap Plant,LN0024,Line-3,2026-07-04 03:00:00,2026-07-04,3,Night,Charcoal Bar Soap,1.43,60.0,27.2,Machine Breakdown,32.8,86,43,1,42,2.44,97.67,50.0,54.67,91.68,48.95,4.55,17.39,1
PureGlow Soaps International (Fictional Dummy Company),Global Manufacturing Head - PureGlow Soaps,Asia,China,Shenzhen,FCT008,Shenzhen Soap Plant,LN0022,Line-1,2026-07-04 04:00:00,2026-07-04,4,Night,Sandalwood Bar Soap,1.65,60.0,33.6,Preventive Maintenance,26.4,99,44,1,43,2.55,97.73,44.44,44.0,101.01,43.44,4.1,7.2,2
PureGlow Soaps International (Fictional Dummy Company),Global Manufacturing Head - PureGlow Soaps,Asia,China,Shenzhen,FCT008,Shenzhen Soap Plant,LN0023,Line-2,2026-07-04 04:00:00,2026-07-04,4,Night,Lemon Bar Soap,1.02,60.0,3.8,No Downtime,56.2,61,51,3,48,5.54,94.12,83.61,93.67,88.97,78.44,4.84,28.74,2
PureGlow Soaps International (Fictional Dummy Company),Global Manufacturing Head - PureGlow Soaps,Asia,China,Shenzhen,FCT008,Shenzhen Soap Plant,LN0024,Line-3,2026-07-04 04:00:00,2026-07-04,4,Night,Charcoal Bar Soap,1.43,60.0,11.7,Changeover/Setup,48.3,86,64,2,62,3.69,96.88,74.42,80.5,92.66,72.26,6.51,28.07,1
PureGlow Soaps International (Fictional Dummy Company),Global Manufacturing Head - PureGlow Soaps,Asia,China,Shenzhen,FCT008,Shenzhen Soap Plant,LN0022,Line-1,2026-07-04 05:00:00,2026-07-04,5,Night,Sandalwood Bar Soap,1.65,60.0,7.5,Power Outage,52.5,99,69,3,66,3.83,95.65,69.7,87.5,79.65,66.66,6.94,15.16,2
PureGlow Soaps International (Fictional Dummy Company),Global Manufacturing Head - PureGlow Soaps,Asia,China,Shenzhen,FCT008,Shenzhen Soap Plant,LN0023,Line-2,2026-07-04 05:00:00,2026-07-04,5,Night,Lemon Bar Soap,1.02,60.0,10.8,Staff Shortage,49.2,61,41,1,40,2.33,97.56,67.21,82.0,81.7,65.36,3.61,29.54,1
PureGlow Soaps International (Fictional Dummy Company),Global Manufacturing Head - PureGlow Soaps,Asia,China,Shenzhen,FCT008,Shenzhen Soap Plant,LN0024,Line-3,2026-07-04 05:00:00,2026-07-04,5,Night,Charcoal Bar Soap,1.43,60.0,1.0,No Downtime,59.0,86,79,1,78,0.99,98.73,91.86,98.33,93.64,90.91,7.61,35.44,3
PureGlow Soaps International (Fictional Dummy Company),Global Manufacturing Head - PureGlow Soaps,Asia,China,Shenzhen,FCT008,Shenzhen Soap Plant,LN0022,Line-1,2026-07-04 06:00:00,2026-07-04,6,Morning,Sandalwood Bar Soap,1.65,60.0,23.9,Machine Breakdown,36.1,99,61,2,59,2.62,96.72,61.62,60.17,102.41,59.6,6.43,9.47,2
PureGlow Soaps International (Fictional Dummy Company),Global Manufacturing Head - PureGlow Soaps,Asia,China,Shenzhen,FCT008,Shenzhen Soap Plant,LN0023,Line-2,2026-07-04 06:00:00,2026-07-04,6,Morning,Lemon Bar Soap,1.02,60.0,29.7,Material Shortage,30.3,61,26,0,26,1.89,100.0,42.62,50.5,84.13,42.49,2.79,17.14,2
PureGlow Soaps International (Fictional Dummy Company),Global Manufacturing Head - PureGlow Soaps,Asia,China,Shenzhen,FCT008,Shenzhen Soap Plant,LN0024,Line-3,2026-07-04 06:00:00,2026-07-04,6,Morning,Charcoal Bar Soap,1.43,60.0,2.9,No Downtime,57.1,86,80,2,78,2.48,97.5,93.02,95.17,97.98,90.92,7.99,30.5,3
PureGlow Soaps International (Fictional Dummy Company),Global Manufacturing Head - PureGlow Soaps,Asia,China,Shenzhen,FCT008,Shenzhen Soap Plant,LN0022,Line-1,2026-07-04 07:00:00,2026-07-04,7,Morning,Sandalwood Bar Soap,1.65,60.0,30.7,Material Shortage,29.3,99,45,1,44,2.31,97.78,45.45,48.83,93.08,44.44,4.25,8.38,3
PureGlow Soaps International (Fictional Dummy Company),Global Manufacturing Head - PureGlow Soaps,Asia,China,Shenzhen,FCT008,Shenzhen Soap Plant,LN0023,Line-2,2026-07-04 07:00:00,2026-07-04,7,Morning,Lemon Bar Soap,1.02,60.0,12.3,Changeover/Setup,47.7,61,46,2,44,3.54,95.65,75.41,79.5,94.55,71.9,4.62,28.17,2
PureGlow Soaps International (Fictional Dummy Company),Global Manufacturing Head - PureGlow Soaps,Asia,China,Shenzhen,FCT008,Shenzhen Soap Plant,LN0024,Line-3,2026-07-04 07:00:00,2026-07-04,7,Morning,Charcoal Bar Soap,1.43,60.0,12.5,Power Outage,47.5,86,57,2,55,2.86,96.49,66.28,79.17,83.92,64.11,5.17,28.52,2
PureGlow Soaps International (Fictional Dummy Company),Global Manufacturing Head - PureGlow Soaps,Asia,China,Shenzhen,FCT008,Shenzhen Soap Plant,LN0022,Line-1,2026-07-04 08:00:00,2026-07-04,8,Morning,Sandalwood Bar Soap,1.65,60.0,15.3,Changeover/Setup,44.7,99,70,2,68,2.75,97.14,70.71,74.5,94.91,68.69,7.29,12.35,1
PureGlow Soaps International (Fictional Dummy Company),Global Manufacturing Head - PureGlow Soaps,Asia,China,Shenzhen,FCT008,Shenzhen Soap Plant,LN0023,Line-2,2026-07-04 08:00:00,2026-07-04,8,Morning,Lemon Bar Soap,1.02,60.0,2.8,No Downtime,57.2,61,52,1,51,2.61,98.08,85.25,95.33,89.13,83.34,5.23,28.96,1
PureGlow Soaps International (Fictional Dummy Company),Global Manufacturing Head - PureGlow Soaps,Asia,China,Shenzhen,FCT008,Shenzhen Soap Plant,LN0024,Line-3,2026-07-04 08:00:00,2026-07-04,8,Morning,Charcoal Bar Soap,1.43,60.0,11.2,Machine Breakdown,48.8,86,67,1,66,2.2,98.51,77.91,81.33,96.01,76.92,7.23,29.97,1
PureGlow Soaps International (Fictional Dummy Company),Global Manufacturing Head - PureGlow Soaps,Asia,China,Shenzhen,FCT008,Shenzhen Soap Plant,LN0022,Line-1,2026-07-04 09:00:00,2026-07-04,9,Morning,Sandalwood Bar Soap,1.65,60.0,3.1,No Downtime,56.9,99,90,1,89,0.78,98.89,90.91,94.83,95.86,89.9,9.17,15.54,3
PureGlow Soaps International (Fictional Dummy Company),Global Manufacturing Head - PureGlow Soaps,Asia,China,Shenzhen,FCT008,Shenzhen Soap Plant,LN0023,Line-2,2026-07-04 09:00:00,2026-07-04,9,Morning,Lemon Bar Soap,1.02,60.0,6.5,Changeover/Setup,53.5,61,56,3,53,4.61,94.64,91.8,89.17,102.62,86.6,4.82,27.41,2
PureGlow Soaps International (Fictional Dummy Company),Global Manufacturing Head - PureGlow Soaps,Asia,China,Shenzhen,FCT008,Shenzhen Soap Plant,LN0024,Line-3,2026-07-04 09:00:00,2026-07-04,9,Morning,Charcoal Bar Soap,1.43,60.0,29.2,Material Shortage,30.8,86,45,1,44,1.92,97.78,52.33,51.33,102.17,51.28,4.51,18.18,2
PureGlow Soaps International (Fictional Dummy Company),Global Manufacturing Head - PureGlow Soaps,Asia,China,Shenzhen,FCT008,Shenzhen Soap Plant,LN0022,Line-1,2026-07-04 10:00:00,2026-07-04,10,Morning,Sandalwood Bar Soap,1.65,60.0,44.1,Machine Breakdown,15.9,99,21,1,20,3.72,95.24,21.21,26.5,80.05,20.2,2.11,4.68,1
PureGlow Soaps International (Fictional Dummy Company),Global Manufacturing Head - PureGlow Soaps,Asia,China,Shenzhen,FCT008,Shenzhen Soap Plant,LN0023,Line-2,2026-07-04 10:00:00,2026-07-04,10,Morning,Lemon Bar Soap,1.02,60.0,2.6,No Downtime,57.4,61,60,2,58,3.73,96.67,98.36,95.67,102.48,94.78,6.3,30.35,1
PureGlow Soaps International (Fictional Dummy Company),Global Manufacturing Head - PureGlow Soaps,Asia,China,Shenzhen,FCT008,Shenzhen Soap Plant,LN0024,Line-3,2026-07-04 10:00:00,2026-07-04,10,Morning,Charcoal Bar Soap,1.43,60.0,17.2,Power Outage,42.8,86,63,1,62,2.18,98.41,73.26,71.33,102.93,72.25,5.73,24.53,2
PureGlow Soaps International (Fictional Dummy Company),Global Manufacturing Head - PureGlow Soaps,Asia,China,Shenzhen,FCT008,Shenzhen Soap Plant,LN0022,Line-1,2026-07-04 11:00:00,2026-07-04,11,Morning,Sandalwood Bar Soap,1.65,60.0,26.4,Preventive Maintenance,33.6,99,53,2,51,3.29,96.23,53.54,56.0,95.6,51.52,5.02,8.13,2
PureGlow Soaps International (Fictional Dummy Company),Global Manufacturing Head - PureGlow Soaps,Asia,China,Shenzhen,FCT008,Shenzhen Soap Plant,LN0023,Line-2,2026-07-04 11:00:00,2026-07-04,11,Morning,Lemon Bar Soap,1.02,60.0,0.7,No Downtime,59.3,61,60,1,59,2.49,98.33,98.36,98.83,99.2,96.4,5.59,33.84,2
PureGlow Soaps International (Fictional Dummy Company),Global Manufacturing Head - PureGlow Soaps,Asia,China,Shenzhen,FCT008,Shenzhen Soap Plant,LN0024,Line-3,2026-07-04 11:00:00,2026-07-04,11,Morning,Charcoal Bar Soap,1.43,60.0,1.2,No Downtime,58.8,86,79,3,76,3.51,96.2,91.86,98.0,93.95,88.57,7.25,33.54,3
PureGlow Soaps International (Fictional Dummy Company),Global Manufacturing Head - PureGlow Soaps,Asia,China,Shenzhen,FCT008,Shenzhen Soap Plant,LN0022,Line-1,2026-07-04 12:00:00,2026-07-04,12,Morning,Sandalwood Bar Soap,1.65,60.0,14.0,Machine Breakdown,46.0,99,74,3,71,4.67,95.95,74.75,76.67,97.5,71.73,8.08,12.47,3
PureGlow Soaps International (Fictional Dummy Company),Global Manufacturing Head - PureGlow Soaps,Asia,China,Shenzhen,FCT008,Shenzhen Soap Plant,LN0023,Line-2,2026-07-04 12:00:00,2026-07-04,12,Morning,Lemon Bar Soap,1.02,60.0,11.0,Changeover/Setup,49.0,61,48,1,47,2.39,97.92,78.69,81.67,96.04,76.8,5.18,28.72,1
PureGlow Soaps International (Fictional Dummy Company),Global Manufacturing Head - PureGlow Soaps,Asia,China,Shenzhen,FCT008,Shenzhen Soap Plant,LN0024,Line-3,2026-07-04 12:00:00,2026-07-04,12,Morning,Charcoal Bar Soap,1.43,60.0,8.8,Changeover/Setup,51.2,86,75,3,72,3.53,96.0,87.21,85.33,102.44,83.92,8.15,27.81,2
PureGlow Soaps International (Fictional Dummy Company),Global Manufacturing Head - PureGlow Soaps,Asia,China,Shenzhen,FCT008,Shenzhen Soap Plant,LN0022,Line-1,2026-07-04 13:00:00,2026-07-04,13,Morning,Sandalwood Bar Soap,1.65,60.0,14.7,Changeover/Setup,45.3,99,71,2,69,2.68,97.18,71.72,75.5,94.99,69.7,6.12,11.62,1
PureGlow Soaps International (Fictional Dummy Company),Global Manufacturing Head - PureGlow Soaps,Asia,China,Shenzhen,FCT008,Shenzhen Soap Plant,LN0023,Line-2,2026-07-04 13:00:00,2026-07-04,13,Morning,Lemon Bar Soap,1.02,60.0,10.8,Staff Shortage,49.2,61,50,1,49,1.17,98.0,81.97,82.0,99.63,80.06,4.92,28.99,3
PureGlow Soaps International (Fictional Dummy Company),Global Manufacturing Head - PureGlow Soaps,Asia,China,Shenzhen,FCT008,Shenzhen Soap Plant,LN0024,Line-3,2026-07-04 13:00:00,2026-07-04,13,Morning,Charcoal Bar Soap,1.43,60.0,8.2,Quality Hold,51.8,86,76,6,70,7.72,92.11,88.37,86.33,102.6,81.59,7.42,31.38,2
PureGlow Soaps International (Fictional Dummy Company),Global Manufacturing Head - PureGlow Soaps,Asia,China,Shenzhen,FCT008,Shenzhen Soap Plant,LN0022,Line-1,2026-07-04 14:00:00,2026-07-04,14,Afternoon,Sandalwood Bar Soap,1.65,60.0,17.3,Machine Breakdown,42.7,99,56,2,54,4.2,96.43,56.57,71.17,79.48,54.55,5.38,10.53,3
PureGlow Soaps International (Fictional Dummy Company),Global Manufacturing Head - PureGlow Soaps,Asia,China,Shenzhen,FCT008,Shenzhen Soap Plant,LN0023,Line-2,2026-07-04 14:00:00,2026-07-04,14,Afternoon,Lemon Bar Soap,1.02,60.0,2.8,No Downtime,57.2,61,60,2,58,4.03,96.67,98.36,95.33,102.84,94.77,6.09,33.38,1
PureGlow Soaps International (Fictional Dummy Company),Global Manufacturing Head - PureGlow Soaps,Asia,China,Shenzhen,FCT008,Shenzhen Soap Plant,LN0024,Line-3,2026-07-04 14:00:00,2026-07-04,14,Afternoon,Charcoal Bar Soap,1.43,60.0,5.3,Changeover/Setup,54.7,86,67,5,62,6.74,92.54,77.91,91.17,85.65,72.26,6.61,31.19,3
PureGlow Soaps International (Fictional Dummy Company),Global Manufacturing Head - PureGlow Soaps,Asia,China,Shenzhen,FCT008,Shenzhen Soap Plant,LN0022,Line-1,2026-07-04 15:00:00,2026-07-04,15,Afternoon,Sandalwood Bar Soap,1.65,60.0,5.5,Quality Hold,54.5,99,80,4,76,5.53,95.0,80.81,90.83,88.96,76.76,7.41,14.54,2
PureGlow Soaps International (Fictional Dummy Company),Global Manufacturing Head - PureGlow Soaps,Asia,China,Shenzhen,FCT008,Shenzhen Soap Plant,LN0023,Line-2,2026-07-04 15:00:00,2026-07-04,15,Afternoon,Lemon Bar Soap,1.02,60.0,30.5,Machine Breakdown,29.5,61,31,2,29,4.92,93.55,50.82,49.17,103.02,47.39,2.96,17.9,3
PureGlow Soaps International (Fictional Dummy Company),Global Manufacturing Head - PureGlow Soaps,Asia,China,Shenzhen,FCT008,Shenzhen Soap Plant,LN0024,Line-3,2026-07-04 15:00:00,2026-07-04,15,Afternoon,Charcoal Bar Soap,1.43,60.0,2.0,No Downtime,58.0,86,75,2,73,3.0,97.33,87.21,96.67,90.43,85.08,7.12,36.15,3
PureGlow Soaps International (Fictional Dummy Company),Global Manufacturing Head - PureGlow Soaps,Asia,China,Shenzhen,FCT008,Shenzhen Soap Plant,LN0022,Line-1,2026-07-04 16:00:00,2026-07-04,16,Afternoon,Sandalwood Bar Soap,1.65,60.0,15.5,Staff Shortage,44.5,99,66,1,65,1.37,98.48,66.67,74.17,89.89,65.66,6.36,11.74,2
PureGlow Soaps International (Fictional Dummy Company),Global Manufacturing Head - PureGlow Soaps,Asia,China,Shenzhen,FCT008,Shenzhen Soap Plant,LN0023,Line-2,2026-07-04 16:00:00,2026-07-04,16,Afternoon,Lemon Bar Soap,1.02,60.0,32.1,Material Shortage,27.9,61,29,1,28,2.07,96.55,47.54,46.5,101.9,45.75,2.62,16.3,2
PureGlow Soaps International (Fictional Dummy Company),Global Manufacturing Head - PureGlow Soaps,Asia,China,Shenzhen,FCT008,Shenzhen Soap Plant,LN0024,Line-3,2026-07-04 16:00:00,2026-07-04,16,Afternoon,Charcoal Bar Soap,1.43,60.0,1.2,No Downtime,58.8,86,80,3,77,4.0,96.25,93.02,98.0,95.14,89.74,6.81,30.68,2
PureGlow Soaps International (Fictional Dummy Company),Global Manufacturing Head - PureGlow Soaps,Asia,China,Shenzhen,FCT008,Shenzhen Soap Plant,LN0022,Line-1,2026-07-04 17:00:00,2026-07-04,17,Afternoon,Sandalwood Bar Soap,1.65,60.0,0.7,No Downtime,59.3,99,100,2,98,1.64,98.0,101.01,98.83,102.2,98.98,10.06,15.5,2
PureGlow Soaps International (Fictional Dummy Company),Global Manufacturing Head - PureGlow Soaps,Asia,China,Shenzhen,FCT008,Shenzhen Soap Plant,LN0023,Line-2,2026-07-04 17:00:00,2026-07-04,17,Afternoon,Lemon Bar Soap,1.02,60.0,3.1,No Downtime,56.9,61,52,2,50,3.92,96.15,85.25,94.83,89.6,81.7,4.98,32.38,1
PureGlow Soaps International (Fictional Dummy Company),Global Manufacturing Head - PureGlow Soaps,Asia,China,Shenzhen,FCT008,Shenzhen Soap Plant,LN0024,Line-3,2026-07-04 17:00:00,2026-07-04,17,Afternoon,Charcoal Bar Soap,1.43,60.0,32.1,Machine Breakdown,27.9,86,35,1,34,2.15,97.14,40.7,46.5,87.73,39.63,3.05,15.01,2
PureGlow Soaps International (Fictional Dummy Company),Global Manufacturing Head - PureGlow Soaps,Asia,China,Shenzhen,FCT008,Shenzhen Soap Plant,LN0022,Line-1,2026-07-04 18:00:00,2026-07-04,18,Afternoon,Sandalwood Bar Soap,1.65,60.0,28.2,Material Shortage,31.8,99,53,2,51,4.25,96.23,53.54,53.0,101.01,51.52,5.15,8.32,3
PureGlow Soaps International (Fictional Dummy Company),Global Manufacturing Head - PureGlow Soaps,Asia,China,Shenzhen,FCT008,Shenzhen Soap Plant,LN0023,Line-2,2026-07-04 18:00:00,2026-07-04,18,Afternoon,Lemon Bar Soap,1.02,60.0,3.2,No Downtime,56.8,61,48,2,46,3.43,95.83,78.69,94.67,82.85,75.16,4.48,33.35,2
PureGlow Soaps International (Fictional Dummy Company),Global Manufacturing Head - PureGlow Soaps,Asia,China,Shenzhen,FCT008,Shenzhen Soap Plant,LN0024,Line-3,2026-07-04 18:00:00,2026-07-04,18,Afternoon,Charcoal Bar Soap,1.43,60.0,17.5,Quality Hold,42.5,86,57,5,52,8.82,91.23,66.28,70.83,93.79,60.61,5.91,24.6,3
PureGlow Soaps International (Fictional Dummy Company),Global Manufacturing Head - PureGlow Soaps,Asia,China,Shenzhen,FCT008,Shenzhen Soap Plant,LN0022,Line-1,2026-07-04 19:00:00,2026-07-04,19,Afternoon,Sandalwood Bar Soap,1.65,60.0,27.2,Material Shortage,32.8,99,44,1,43,1.86,97.73,44.44,54.67,81.3,43.44,4.68,8.52,2
PureGlow Soaps International (Fictional Dummy Company),Global Manufacturing Head - PureGlow Soaps,Asia,China,Shenzhen,FCT008,Shenzhen Soap Plant,LN0023,Line-2,2026-07-04 19:00:00,2026-07-04,19,Afternoon,Lemon Bar Soap,1.02,60.0,28.1,Preventive Maintenance,31.9,61,27,1,26,2.71,96.3,44.26,53.17,82.98,42.49,2.58,18.43,2
PureGlow Soaps International (Fictional Dummy Company),Global Manufacturing Head - PureGlow Soaps,Asia,China,Shenzhen,FCT008,Shenzhen Soap Plant,LN0024,Line-3,2026-07-04 19:00:00,2026-07-04,19,Afternoon,Charcoal Bar Soap,1.43,60.0,3.6,No Downtime,56.4,86,76,2,74,2.38,97.37,88.37,94.0,94.23,86.25,7.89,31.44,1
PureGlow Soaps International (Fictional Dummy Company),Global Manufacturing Head - PureGlow Soaps,Asia,China,Shenzhen,FCT008,Shenzhen Soap Plant,LN0022,Line-1,2026-07-04 20:00:00,2026-07-04,20,Afternoon,Sandalwood Bar Soap,1.65,60.0,43.7,Machine Breakdown,16.3,99,27,1,26,2.91,96.3,27.27,27.17,100.39,26.27,2.92,4.1,2
PureGlow Soaps International (Fictional Dummy Company),Global Manufacturing Head - PureGlow Soaps,Asia,China,Shenzhen,FCT008,Shenzhen Soap Plant,LN0023,Line-2,2026-07-04 20:00:00,2026-07-04,20,Afternoon,Lemon Bar Soap,1.02,60.0,0.3,No Downtime,59.7,61,58,1,57,1.23,98.28,95.08,99.5,95.25,93.14,5.65,32.63,3
PureGlow Soaps International (Fictional Dummy Company),Global Manufacturing Head - PureGlow Soaps,Asia,China,Shenzhen,FCT008,Shenzhen Soap Plant,LN0024,Line-3,2026-07-04 20:00:00,2026-07-04,20,Afternoon,Charcoal Bar Soap,1.43,60.0,22.8,Staff Shortage,37.2,86,49,1,48,1.46,97.96,56.98,62.0,92.11,55.94,4.27,22.99,2
PureGlow Soaps International (Fictional Dummy Company),Global Manufacturing Head - PureGlow Soaps,Asia,China,Shenzhen,FCT008,Shenzhen Soap Plant,LN0022,Line-1,2026-07-04 21:00:00,2026-07-04,21,Afternoon,Sandalwood Bar Soap,1.65,60.0,0.9,No Downtime,59.1,99,83,3,80,3.6,96.39,83.84,98.5,85.12,80.82,8.76,17.28,3
PureGlow Soaps International (Fictional Dummy Company),Global Manufacturing Head - PureGlow Soaps,Asia,China,Shenzhen,FCT008,Shenzhen Soap Plant,LN0023,Line-2,2026-07-04 21:00:00,2026-07-04,21,Afternoon,Lemon Bar Soap,1.02,60.0,18.4,Changeover/Setup,41.6,61,40,1,39,3.62,97.5,65.57,69.33,94.27,63.72,4.36,22.83,3
PureGlow Soaps International (Fictional Dummy Company),Global Manufacturing Head - PureGlow Soaps,Asia,China,Shenzhen,FCT008,Shenzhen Soap Plant,LN0024,Line-3,2026-07-04 21:00:00,2026-07-04,21,Afternoon,Charcoal Bar Soap,1.43,60.0,3.4,No Downtime,56.6,86,76,2,74,2.1,97.37,88.37,94.33,93.9,86.25,8.33,35.12,3
PureGlow Soaps International (Fictional Dummy Company),Global Manufacturing Head - PureGlow Soaps,Asia,China,Shenzhen,FCT008,Shenzhen Soap Plant,LN0022,Line-1,2026-07-04 22:00:00,2026-07-04,22,Night,Sandalwood Bar Soap,1.65,60.0,10.6,Power Outage,49.4,99,83,2,81,2.05,97.59,83.84,82.33,101.83,81.82,8.08,12.47,3
PureGlow Soaps International (Fictional Dummy Company),Global Manufacturing Head - PureGlow Soaps,Asia,China,Shenzhen,FCT008,Shenzhen Soap Plant,LN0023,Line-2,2026-07-04 22:00:00,2026-07-04,22,Night,Lemon Bar Soap,1.02,60.0,30.3,Preventive Maintenance,29.7,61,26,1,25,2.3,96.15,42.62,49.5,85.83,40.85,2.34,16.21,3
PureGlow Soaps International (Fictional Dummy Company),Global Manufacturing Head - PureGlow Soaps,Asia,China,Shenzhen,FCT008,Shenzhen Soap Plant,LN0024,Line-3,2026-07-04 22:00:00,2026-07-04,22,Night,Charcoal Bar Soap,1.43,60.0,7.3,Quality Hold,52.7,86,72,8,64,10.76,88.89,83.72,87.83,95.54,74.59,7.4,32.41,3
PureGlow Soaps International (Fictional Dummy Company),Global Manufacturing Head - PureGlow Soaps,Asia,China,Shenzhen,FCT008,Shenzhen Soap Plant,LN0022,Line-1,2026-07-04 23:00:00,2026-07-04,23,Night,Sandalwood Bar Soap,1.65,60.0,5.4,Changeover/Setup,54.6,99,75,2,73,2.43,97.33,75.76,91.0,83.25,73.73,7.18,13.52,3
PureGlow Soaps International (Fictional Dummy Company),Global Manufacturing Head - PureGlow Soaps,Asia,China,Shenzhen,FCT008,Shenzhen Soap Plant,LN0023,Line-2,2026-07-04 23:00:00,2026-07-04,23,Night,Lemon Bar Soap,1.02,60.0,39.9,Preventive Maintenance,20.1,61,18,1,17,2.9,94.44,29.51,33.5,87.8,27.78,1.8,10.35,1
PureGlow Soaps International (Fictional Dummy Company),Global Manufacturing Head - PureGlow Soaps,Asia,China,Shenzhen,FCT008,Shenzhen Soap Plant,LN0024,Line-3,2026-07-04 23:00:00,2026-07-04,23,Night,Charcoal Bar Soap,1.43,60.0,10.2,Material Shortage,49.8,86,72,3,69,4.26,95.83,83.72,83.0,101.1,80.41,6.5,26.69,2
PureGlow Soaps International (Fictional Dummy Company),Global Manufacturing Head - PureGlow Soaps,Asia,China,Shenzhen,FCT008,Shenzhen Soap Plant,LN0022,Line-1,2026-07-05 00:00:00,2026-07-05,0,Night,Lavender Bar Soap,1.65,60.0,1.8,No Downtime,58.2,99,83,4,79,4.87,95.18,83.84,97.0,86.43,79.8,8.28,15.84,3
PureGlow Soaps International (Fictional Dummy Company),Global Manufacturing Head - PureGlow Soaps,Asia,China,Shenzhen,FCT008,Shenzhen Soap Plant,LN0023,Line-2,2026-07-05 00:00:00,2026-07-05,0,Night,Charcoal Bar Soap,1.02,60.0,17.1,Changeover/Setup,42.9,61,39,1,38,2.95,97.44,63.93,71.5,89.13,62.1,3.35,23.89,2
PureGlow Soaps International (Fictional Dummy Company),Global Manufacturing Head - PureGlow Soaps,Asia,China,Shenzhen,FCT008,Shenzhen Soap Plant,LN0024,Line-3,2026-07-05 00:00:00,2026-07-05,0,Night,Neem Bar Soap,1.43,60.0,6.6,Changeover/Setup,53.4,86,69,3,66,4.06,95.65,80.23,89.0,90.36,76.92,7.02,32.66,3
PureGlow Soaps International (Fictional Dummy Company),Global Manufacturing Head - PureGlow Soaps,Asia,China,Shenzhen,FCT008,Shenzhen Soap Plant,LN0022,Line-1,2026-07-05 01:00:00,2026-07-05,1,Night,Lavender Bar Soap,1.65,60.0,28.5,Power Outage,31.5,99,53,1,52,2.29,98.11,53.54,52.5,101.97,52.52,4.57,7.65,3
PureGlow Soaps International (Fictional Dummy Company),Global Manufacturing Head - PureGlow Soaps,Asia,China,Shenzhen,FCT008,Shenzhen Soap Plant,LN0023,Line-2,2026-07-05 01:00:00,2026-07-05,1,Night,Charcoal Bar Soap,1.02,60.0,29.1,Preventive Maintenance,30.9,61,28,1,27,3.96,96.43,45.9,51.5,88.84,44.12,2.78,16.86,2
PureGlow Soaps International (Fictional Dummy Company),Global Manufacturing Head - PureGlow Soaps,Asia,China,Shenzhen,FCT008,Shenzhen Soap Plant,LN0024,Line-3,2026-07-05 01:00:00,2026-07-05,1,Night,Neem Bar Soap,1.43,60.0,13.5,Changeover/Setup,46.5,86,56,2,54,4.33,96.43,65.12,77.5,84.22,62.94,5.88,28.61,3
PureGlow Soaps International (Fictional Dummy Company),Global Manufacturing Head - PureGlow Soaps,Asia,China,Shenzhen,FCT008,Shenzhen Soap Plant,LN0022,Line-1,2026-07-05 02:00:00,2026-07-05,2,Night,Lavender Bar Soap,1.65,60.0,26.9,Power Outage,33.1,99,55,1,54,2.29,98.18,55.56,55.17,100.7,54.55,5.59,9.4,2
PureGlow Soaps International (Fictional Dummy Company),Global Manufacturing Head - PureGlow Soaps,Asia,China,Shenzhen,FCT008,Shenzhen Soap Plant,LN0023,Line-2,2026-07-05 02:00:00,2026-07-05,2,Night,Charcoal Bar Soap,1.02,60.0,8.7,Staff Shortage,51.3,61,53,2,51,3.41,96.23,86.89,85.5,101.29,83.34,4.64,29.61,3
PureGlow Soaps International (Fictional Dummy Company),Global Manufacturing Head - PureGlow Soaps,Asia,China,Shenzhen,FCT008,Shenzhen Soap Plant,LN0024,Line-3,2026-07-05 02:00:00,2026-07-05,2,Night,Neem Bar Soap,1.43,60.0,19.3,Material Shortage,40.7,86,49,2,47,3.1,95.92,56.98,67.83,84.19,54.78,5.3,21.87,2
PureGlow Soaps International (Fictional Dummy Company),Global Manufacturing Head - PureGlow Soaps,Asia,China,Shenzhen,FCT008,Shenzhen Soap Plant,LN0022,Line-1,2026-07-05 03:00:00,2026-07-05,3,Night,Lavender Bar Soap,1.65,60.0,6.0,Changeover/Setup,54.0,99,77,4,73,4.96,94.81,77.78,90.0,86.42,73.74,7.79,15.72,1
PureGlow Soaps International (Fictional Dummy Company),Global Manufacturing Head - PureGlow Soaps,Asia,China,Shenzhen,FCT008,Shenzhen Soap Plant,LN0023,Line-2,2026-07-05 03:00:00,2026-07-05,3,Night,Charcoal Bar Soap,1.02,60.0,0.6,No Downtime,59.4,61,50,2,48,3.87,96.0,81.97,99.0,82.52,78.43,4.28,35.54,2
PureGlow Soaps International (Fictional Dummy Company),Global Manufacturing Head - PureGlow Soaps,Asia,China,Shenzhen,FCT008,Shenzhen Soap Plant,LN0024,Line-3,2026-07-05 03:00:00,2026-07-05,3,Night,Neem Bar Soap,1.43,60.0,3.9,No Downtime,56.1,86,73,1,72,1.95,98.63,84.88,93.5,91.0,83.92,6.7,33.92,2
PureGlow Soaps International (Fictional Dummy Company),Global Manufacturing Head - PureGlow Soaps,Asia,China,Shenzhen,FCT008,Shenzhen Soap Plant,LN0022,Line-1,2026-07-05 04:00:00,2026-07-05,4,Night,Lavender Bar Soap,1.65,60.0,3.2,No Downtime,56.8,99,87,5,82,5.56,94.25,87.88,94.67,92.83,82.83,8.1,14.45,1
PureGlow Soaps International (Fictional Dummy Company),Global Manufacturing Head - PureGlow Soaps,Asia,China,Shenzhen,FCT008,Shenzhen Soap Plant,LN0023,Line-2,2026-07-05 04:00:00,2026-07-05,4,Night,Charcoal Bar Soap,1.02,60.0,10.2,Material Shortage,49.8,61,42,1,41,2.27,97.62,68.85,83.0,82.68,66.99,3.68,29.79,3
PureGlow Soaps International (Fictional Dummy Company),Global Manufacturing Head - PureGlow Soaps,Asia,China,Shenzhen,FCT008,Shenzhen Soap Plant,LN0024,Line-3,2026-07-05 04:00:00,2026-07-05,4,Night,Neem Bar Soap,1.43,60.0,29.3,Machine Breakdown,30.7,86,38,2,36,4.58,94.74,44.19,51.17,86.56,41.96,3.48,17.03,3
PureGlow Soaps International (Fictional Dummy Company),Global Manufacturing Head - PureGlow Soaps,Asia,China,Shenzhen,FCT008,Shenzhen Soap Plant,LN0022,Line-1,2026-07-05 05:00:00,2026-07-05,5,Night,Lavender Bar Soap,1.65,60.0,24.3,Material Shortage,35.7,99,60,2,58,3.48,96.67,60.61,59.5,101.86,58.59,6.27,9.93,3
PureGlow Soaps International (Fictional Dummy Company),Global Manufacturing Head - PureGlow Soaps,Asia,China,Shenzhen,FCT008,Shenzhen Soap Plant,LN0023,Line-2,2026-07-05 05:00:00,2026-07-05,5,Night,Charcoal Bar Soap,1.02,60.0,3.5,No Downtime,56.5,61,55,1,54,2.19,98.18,90.16,94.17,95.44,88.24,5.4,30.38,3
PureGlow Soaps International (Fictional Dummy Company),Global Manufacturing Head - PureGlow Soaps,Asia,China,Shenzhen,FCT008,Shenzhen Soap Plant,LN0024,Line-3,2026-07-05 05:00:00,2026-07-05,5,Night,Neem Bar Soap,1.43,60.0,2.1,No Downtime,57.9,86,77,0,77,0.62,100.0,89.53,96.5,93.0,89.74,7.21,36.73,3
PureGlow Soaps International (Fictional Dummy Company),Global Manufacturing Head - PureGlow Soaps,Asia,China,Shenzhen,FCT008,Shenzhen Soap Plant,LN0022,Line-1,2026-07-05 06:00:00,2026-07-05,6,Morning,Lavender Bar Soap,1.65,60.0,1.7,No Downtime,58.3,99,92,1,91,0.95,98.91,92.93,97.17,95.64,91.92,9.52,14.84,1
PureGlow Soaps International (Fictional Dummy Company),Global Manufacturing Head - PureGlow Soaps,Asia,China,Shenzhen,FCT008,Shenzhen Soap Plant,LN0023,Line-2,2026-07-05 06:00:00,2026-07-05,6,Morning,Charcoal Bar Soap,1.02,60.0,11.6,Changeover/Setup,48.4,61,49,1,48,2.79,97.96,80.33,80.67,99.25,78.43,4.48,27.38,2
PureGlow Soaps International (Fictional Dummy Company),Global Manufacturing Head - PureGlow Soaps,Asia,China,Shenzhen,FCT008,Shenzhen Soap Plant,LN0024,Line-3,2026-07-05 06:00:00,2026-07-05,6,Morning,Neem Bar Soap,1.43,60.0,18.5,Staff Shortage,41.5,86,56,2,54,4.18,96.43,65.12,69.17,94.36,62.94,4.85,22.54,2
PureGlow Soaps International (Fictional Dummy Company),Global Manufacturing Head - PureGlow Soaps,Asia,China,Shenzhen,FCT008,Shenzhen Soap Plant,LN0022,Line-1,2026-07-05 07:00:00,2026-07-05,7,Morning,Lavender Bar Soap,1.65,60.0,6.3,Changeover/Setup,53.7,99,91,2,89,2.53,97.8,91.92,89.5,102.7,89.89,7.76,15.62,1
PureGlow Soaps International (Fictional Dummy Company),Global Manufacturing Head - PureGlow Soaps,Asia,China,Shenzhen,FCT008,Shenzhen Soap Plant,LN0023,Line-2,2026-07-05 07:00:00,2026-07-05,7,Morning,Charcoal Bar Soap,1.02,60.0,27.5,Preventive Maintenance,32.5,61,33,1,32,3.52,96.97,54.1,54.17,99.55,52.29,3.54,18.73,2
PureGlow Soaps International (Fictional Dummy Company),Global Manufacturing Head - PureGlow Soaps,Asia,China,Shenzhen,FCT008,Shenzhen Soap Plant,LN0024,Line-3,2026-07-05 07:00:00,2026-07-05,7,Morning,Neem Bar Soap,1.43,60.0,1.9,No Downtime,58.1,86,77,1,76,1.56,98.7,89.53,96.83,92.68,88.58,7.35,32.59,3
PureGlow Soaps International (Fictional Dummy Company),Global Manufacturing Head - PureGlow Soaps,Asia,China,Shenzhen,FCT008,Shenzhen Soap Plant,LN0022,Line-1,2026-07-05 08:00:00,2026-07-05,8,Morning,Lavender Bar Soap,1.65,60.0,18.1,Changeover/Setup,41.9,99,67,4,63,6.2,94.03,67.68,69.83,96.91,63.63,7.06,11.71,3
PureGlow Soaps International (Fictional Dummy Company),Global Manufacturing Head - PureGlow Soaps,Asia,China,Shenzhen,FCT008,Shenzhen Soap Plant,LN0023,Line-2,2026-07-05 08:00:00,2026-07-05,8,Morning,Charcoal Bar Soap,1.02,60.0,12.8,Changeover/Setup,47.2,61,39,1,38,2.41,97.44,63.93,78.67,81.01,62.1,3.8,26.3,1
PureGlow Soaps International (Fictional Dummy Company),Global Manufacturing Head - PureGlow Soaps,Asia,China,Shenzhen,FCT008,Shenzhen Soap Plant,LN0024,Line-3,2026-07-05 08:00:00,2026-07-05,8,Morning,Neem Bar Soap,1.43,60.0,2.2,No Downtime,57.8,86,72,1,71,0.99,98.61,83.72,96.33,87.11,82.75,6.87,32.73,2
PureGlow Soaps International (Fictional Dummy Company),Global Manufacturing Head - PureGlow Soaps,Asia,China,Shenzhen,FCT008,Shenzhen Soap Plant,LN0022,Line-1,2026-07-05 09:00:00,2026-07-05,9,Morning,Lavender Bar Soap,1.65,60.0,17.2,Material Shortage,42.8,99,66,1,65,1.71,98.48,66.67,71.33,93.46,65.65,7.2,11.58,2
PureGlow Soaps International (Fictional Dummy Company),Global Manufacturing Head - PureGlow Soaps,Asia,China,Shenzhen,FCT008,Shenzhen Soap Plant,LN0023,Line-2,2026-07-05 09:00:00,2026-07-05,9,Morning,Charcoal Bar Soap,1.02,60.0,9.3,Power Outage,50.7,61,45,2,43,4.05,95.56,73.77,84.5,87.02,70.27,4.91,29.53,3
PureGlow Soaps International (Fictional Dummy Company),Global Manufacturing Head - PureGlow Soaps,Asia,China,Shenzhen,FCT008,Shenzhen Soap Plant,LN0024,Line-3,2026-07-05 09:00:00,2026-07-05,9,Morning,Neem Bar Soap,1.43,60.0,26.6,Preventive Maintenance,33.4,86,49,2,47,3.5,95.92,56.98,55.67,102.59,54.78,4.61,17.56,3
PureGlow Soaps International (Fictional Dummy Company),Global Manufacturing Head - PureGlow Soaps,Asia,China,Shenzhen,FCT008,Shenzhen Soap Plant,LN0022,Line-1,2026-07-05 10:00:00,2026-07-05,10,Morning,Lavender Bar Soap,1.65,60.0,42.7,Machine Breakdown,17.3,99,23,1,22,4.89,95.65,23.23,28.83,80.57,22.22,2.4,4.86,1
PureGlow Soaps International (Fictional Dummy Company),Global Manufacturing Head - PureGlow Soaps,Asia,China,Shenzhen,FCT008,Shenzhen Soap Plant,LN0023,Line-2,2026-07-05 10:00:00,2026-07-05,10,Morning,Charcoal Bar Soap,1.02,60.0,9.7,Power Outage,50.3,61,50,2,48,3.56,96.0,81.97,83.83,97.45,78.42,4.91,28.83,2
PureGlow Soaps International (Fictional Dummy Company),Global Manufacturing Head - PureGlow Soaps,Asia,China,Shenzhen,FCT008,Shenzhen Soap Plant,LN0024,Line-3,2026-07-05 10:00:00,2026-07-05,10,Morning,Neem Bar Soap,1.43,60.0,19.6,Changeover/Setup,40.4,86,59,2,57,3.11,96.61,68.6,67.33,102.13,66.43,6.03,23.87,3
PureGlow Soaps International (Fictional Dummy Company),Global Manufacturing Head - PureGlow Soaps,Asia,China,Shenzhen,FCT008,Shenzhen Soap Plant,LN0022,Line-1,2026-07-05 11:00:00,2026-07-05,11,Morning,Lavender Bar Soap,1.65,60.0,30.4,Material Shortage,29.6,99,47,1,46,2.91,97.87,47.47,49.33,96.23,46.46,4.97,8.38,3
PureGlow Soaps International (Fictional Dummy Company),Global Manufacturing Head - PureGlow Soaps,Asia,China,Shenzhen,FCT008,Shenzhen Soap Plant,LN0023,Line-2,2026-07-05 11:00:00,2026-07-05,11,Morning,Charcoal Bar Soap,1.02,60.0,24.0,Material Shortage,36.0,61,34,1,33,3.68,97.06,55.74,60.0,92.59,53.92,3.03,19.98,3
PureGlow Soaps International (Fictional Dummy Company),Global Manufacturing Head - PureGlow Soaps,Asia,China,Shenzhen,FCT008,Shenzhen Soap Plant,LN0024,Line-3,2026-07-05 11:00:00,2026-07-05,11,Morning,Neem Bar Soap,1.43,60.0,13.4,Machine Breakdown,46.6,86,61,1,60,1.42,98.36,70.93,77.67,91.54,69.93,6.15,27.73,2
PureGlow Soaps International (Fictional Dummy Company),Global Manufacturing Head - PureGlow Soaps,Asia,China,Shenzhen,FCT008,Shenzhen Soap Plant,LN0022,Line-1,2026-07-05 12:00:00,2026-07-05,12,Morning,Lavender Bar Soap,1.65,60.0,15.6,Power Outage,44.4,99,61,1,60,2.19,98.36,61.62,74.0,83.27,60.61,5.8,11.29,2
PureGlow Soaps International (Fictional Dummy Company),Global Manufacturing Head - PureGlow Soaps,Asia,China,Shenzhen,FCT008,Shenzhen Soap Plant,LN0023,Line-2,2026-07-05 12:00:00,2026-07-05,12,Morning,Charcoal Bar Soap,1.02,60.0,12.0,Changeover/Setup,48.0,61,40,1,39,2.59,97.5,65.57,80.0,81.7,63.73,4.21,27.47,3
PureGlow Soaps International (Fictional Dummy Company),Global Manufacturing Head - PureGlow Soaps,Asia,China,Shenzhen,FCT008,Shenzhen Soap Plant,LN0024,Line-3,2026-07-05 12:00:00,2026-07-05,12,Morning,Neem Bar Soap,1.43,60.0,39.8,Machine Breakdown,20.2,86,28,1,27,2.91,96.43,32.56,33.67,96.93,31.47,2.92,11.71,3
PureGlow Soaps International (Fictional Dummy Company),Global Manufacturing Head - PureGlow Soaps,Asia,China,Shenzhen,FCT008,Shenzhen Soap Plant,LN0022,Line-1,2026-07-05 13:00:00,2026-07-05,13,Morning,Lavender Bar Soap,1.65,60.0,3.3,No Downtime,56.7,99,94,3,91,2.95,96.81,94.95,94.5,100.48,91.92,8.38,15.82,3
PureGlow Soaps International (Fictional Dummy Company),Global Manufacturing Head - PureGlow Soaps,Asia,China,Shenzhen,FCT008,Shenzhen Soap Plant,LN0023,Line-2,2026-07-05 13:00:00,2026-07-05,13,Morning,Charcoal Bar Soap,1.02,60.0,3.2,No Downtime,56.8,61,54,2,52,3.96,96.3,88.52,94.67,93.21,84.98,5.34,31.15,3
PureGlow Soaps International (Fictional Dummy Company),Global Manufacturing Head - PureGlow Soaps,Asia,China,Shenzhen,FCT008,Shenzhen Soap Plant,LN0024,Line-3,2026-07-05 13:00:00,2026-07-05,13,Morning,Neem Bar Soap,1.43,60.0,2.6,No Downtime,57.4,86,70,2,68,2.61,97.14,81.4,95.67,85.28,79.25,7.69,30.89,1
PureGlow Soaps International (Fictional Dummy Company),Global Manufacturing Head - PureGlow Soaps,Asia,China,Shenzhen,FCT008,Shenzhen Soap Plant,LN0022,Line-1,2026-07-05 14:00:00,2026-07-05,14,Afternoon,Lavender Bar Soap,1.65,60.0,19.0,Preventive Maintenance,41.0,99,68,3,65,3.99,95.59,68.69,68.33,100.52,65.66,6.7,10.23,1
PureGlow Soaps International (Fictional Dummy Company),Global Manufacturing Head - PureGlow Soaps,Asia,China,Shenzhen,FCT008,Shenzhen Soap Plant,LN0023,Line-2,2026-07-05 14:00:00,2026-07-05,14,Afternoon,Charcoal Bar Soap,1.02,60.0,1.6,No Downtime,58.4,61,48,2,46,3.21,95.83,78.69,97.33,80.58,75.16,4.27,30.01,3
PureGlow Soaps International (Fictional Dummy Company),Global Manufacturing Head - PureGlow Soaps,Asia,China,Shenzhen,FCT008,Shenzhen Soap Plant,LN0024,Line-3,2026-07-05 14:00:00,2026-07-05,14,Afternoon,Neem Bar Soap,1.43,60.0,28.1,Preventive Maintenance,31.9,86,46,0,46,0.0,100.0,53.49,53.17,100.84,53.62,4.76,17.68,1
PureGlow Soaps International (Fictional Dummy Company),Global Manufacturing Head - PureGlow Soaps,Asia,China,Shenzhen,FCT008,Shenzhen Soap Plant,LN0022,Line-1,2026-07-05 15:00:00,2026-07-05,15,Afternoon,Lavender Bar Soap,1.65,60.0,26.8,Material Shortage,33.2,99,44,1,43,3.08,97.73,44.44,55.33,80.32,43.43,3.97,9.2,1
PureGlow Soaps International (Fictional Dummy Company),Global Manufacturing Head - PureGlow Soaps,Asia,China,Shenzhen,FCT008,Shenzhen Soap Plant,LN0023,Line-2,2026-07-05 15:00:00,2026-07-05,15,Afternoon,Charcoal Bar Soap,1.02,60.0,12.1,Changeover/Setup,47.9,61,46,2,44,4.3,95.65,75.41,79.83,94.15,71.89,4.85,27.82,3
PureGlow Soaps International (Fictional Dummy Company),Global Manufacturing Head - PureGlow Soaps,Asia,China,Shenzhen,FCT008,Shenzhen Soap Plant,LN0024,Line-3,2026-07-05 15:00:00,2026-07-05,15,Afternoon,Neem Bar Soap,1.43,60.0,1.9,No Downtime,58.1,86,76,1,75,1.15,98.68,88.37,96.83,91.47,87.4,7.35,32.15,3
PureGlow Soaps International (Fictional Dummy Company),Global Manufacturing Head - PureGlow Soaps,Asia,China,Shenzhen,FCT008,Shenzhen Soap Plant,LN0022,Line-1,2026-07-05 16:00:00,2026-07-05,16,Afternoon,Lavender Bar Soap,1.65,60.0,1.3,No Downtime,58.7,99,98,5,93,4.79,94.9,98.99,97.83,101.18,93.94,8.77,15.95,1
PureGlow Soaps International (Fictional Dummy Company),Global Manufacturing Head - PureGlow Soaps,Asia,China,Shenzhen,FCT008,Shenzhen Soap Plant,LN0023,Line-2,2026-07-05 16:00:00,2026-07-05,16,Afternoon,Charcoal Bar Soap,1.02,60.0,1.9,No Downtime,58.1,61,48,2,46,3.37,95.83,78.69,96.83,81.0,75.16,4.36,29.81,3
PureGlow Soaps International (Fictional Dummy Company),Global Manufacturing Head - PureGlow Soaps,Asia,China,Shenzhen,FCT008,Shenzhen Soap Plant,LN0024,Line-3,2026-07-05 16:00:00,2026-07-05,16,Afternoon,Neem Bar Soap,1.43,60.0,0.1,No Downtime,59.9,86,75,2,73,2.54,97.33,87.21,99.83,87.56,85.08,7.02,33.43,3
PureGlow Soaps International (Fictional Dummy Company),Global Manufacturing Head - PureGlow Soaps,Asia,China,Shenzhen,FCT008,Shenzhen Soap Plant,LN0022,Line-1,2026-07-05 17:00:00,2026-07-05,17,Afternoon,Lavender Bar Soap,1.65,60.0,28.1,Machine Breakdown,31.9,99,49,2,47,4.05,95.92,49.49,53.17,93.09,47.48,4.64,8.46,3
PureGlow Soaps International (Fictional Dummy Company),Global Manufacturing Head - PureGlow Soaps,Asia,China,Shenzhen,FCT008,Shenzhen Soap Plant,LN0023,Line-2,2026-07-05 17:00:00,2026-07-05,17,Afternoon,Charcoal Bar Soap,1.02,60.0,0.5,No Downtime,59.5,61,58,2,56,3.96,96.55,95.08,99.17,95.57,91.51,6.15,29.98,3
PureGlow Soaps International (Fictional Dummy Company),Global Manufacturing Head - PureGlow Soaps,Asia,China,Shenzhen,FCT008,Shenzhen Soap Plant,LN0024,Line-3,2026-07-05 17:00:00,2026-07-05,17,Afternoon,Neem Bar Soap,1.43,60.0,0.6,No Downtime,59.4,86,77,4,73,5.3,94.81,89.53,99.0,90.65,85.09,7.64,35.75,3
PureGlow Soaps International (Fictional Dummy Company),Global Manufacturing Head - PureGlow Soaps,Asia,China,Shenzhen,FCT008,Shenzhen Soap Plant,LN0022,Line-1,2026-07-05 18:00:00,2026-07-05,18,Afternoon,Lavender Bar Soap,1.65,60.0,38.9,Machine Breakdown,21.1,99,30,0,30,1.04,100.0,30.3,35.17,86.17,30.31,2.97,6.04,1
PureGlow Soaps International (Fictional Dummy Company),Global Manufacturing Head - PureGlow Soaps,Asia,China,Shenzhen,FCT008,Shenzhen Soap Plant,LN0023,Line-2,2026-07-05 18:00:00,2026-07-05,18,Afternoon,Charcoal Bar Soap,1.02,60.0,2.5,No Downtime,57.5,61,49,2,47,3.17,95.92,80.33,95.83,83.55,76.8,4.7,31.06,2
PureGlow Soaps International (Fictional Dummy Company),Global Manufacturing Head - PureGlow Soaps,Asia,China,Shenzhen,FCT008,Shenzhen Soap Plant,LN0024,Line-3,2026-07-05 18:00:00,2026-07-05,18,Afternoon,Neem Bar Soap,1.43,60.0,29.9,Material Shortage,30.1,86,36,2,34,5.41,94.44,41.86,50.17,83.64,39.63,3.13,16.21,3
PureGlow Soaps International (Fictional Dummy Company),Global Manufacturing Head - PureGlow Soaps,Asia,China,Shenzhen,FCT008,Shenzhen Soap Plant,LN0022,Line-1,2026-07-05 19:00:00,2026-07-05,19,Afternoon,Lavender Bar Soap,1.65,60.0,1.7,No Downtime,58.3,99,93,2,91,1.97,97.85,93.94,97.17,96.68,91.92,7.95,16.95,2
PureGlow Soaps International (Fictional Dummy Company),Global Manufacturing Head - PureGlow Soaps,Asia,China,Shenzhen,FCT008,Shenzhen Soap Plant,LN0023,Line-2,2026-07-05 19:00:00,2026-07-05,19,Afternoon,Charcoal Bar Soap,1.02,60.0,1.5,No Downtime,58.5,61,50,2,48,3.33,96.0,81.97,97.5,83.79,78.43,4.97,32.11,3
PureGlow Soaps International (Fictional Dummy Company),Global Manufacturing Head - PureGlow Soaps,Asia,China,Shenzhen,FCT008,Shenzhen Soap Plant,LN0024,Line-3,2026-07-05 19:00:00,2026-07-05,19,Afternoon,Neem Bar Soap,1.43,60.0,25.4,Preventive Maintenance,34.6,86,47,1,46,1.65,97.87,54.65,57.67,94.99,53.61,4.2,21.2,3
PureGlow Soaps International (Fictional Dummy Company),Global Manufacturing Head - PureGlow Soaps,Asia,China,Shenzhen,FCT008,Shenzhen Soap Plant,LN0022,Line-1,2026-07-05 20:00:00,2026-07-05,20,Afternoon,Lavender Bar Soap,1.65,60.0,2.3,No Downtime,57.7,99,97,4,93,3.73,95.88,97.98,96.17,101.89,93.95,9.6,15.32,1
PureGlow Soaps International (Fictional Dummy Company),Global Manufacturing Head - PureGlow Soaps,Asia,China,Shenzhen,FCT008,Shenzhen Soap Plant,LN0023,Line-2,2026-07-05 20:00:00,2026-07-05,20,Afternoon,Charcoal Bar Soap,1.02,60.0,21.4,Preventive Maintenance,38.6,61,33,1,32,4.37,96.97,54.1,64.33,83.82,52.29,3.53,21.72,3
PureGlow Soaps International (Fictional Dummy Company),Global Manufacturing Head - PureGlow Soaps,Asia,China,Shenzhen,FCT008,Shenzhen Soap Plant,LN0024,Line-3,2026-07-05 20:00:00,2026-07-05,20,Afternoon,Neem Bar Soap,1.43,60.0,39.2,Machine Breakdown,20.8,86,26,1,25,3.08,96.15,30.23,34.67,87.41,29.14,2.79,11.39,3
PureGlow Soaps International (Fictional Dummy Company),Global Manufacturing Head - PureGlow Soaps,Asia,China,Shenzhen,FCT008,Shenzhen Soap Plant,LN0022,Line-1,2026-07-05 21:00:00,2026-07-05,21,Afternoon,Lavender Bar Soap,1.65,60.0,0.3,No Downtime,59.7,99,83,2,81,2.12,97.59,83.84,99.5,84.26,81.82,8.26,16.56,1
PureGlow Soaps International (Fictional Dummy Company),Global Manufacturing Head - PureGlow Soaps,Asia,China,Shenzhen,FCT008,Shenzhen Soap Plant,LN0023,Line-2,2026-07-05 21:00:00,2026-07-05,21,Afternoon,Charcoal Bar Soap,1.02,60.0,3.7,No Downtime,56.3,61,48,2,46,3.88,95.83,78.69,93.83,83.59,75.16,4.95,33.94,3
PureGlow Soaps International (Fictional Dummy Company),Global Manufacturing Head - PureGlow Soaps,Asia,China,Shenzhen,FCT008,Shenzhen Soap Plant,LN0024,Line-3,2026-07-05 21:00:00,2026-07-05,21,Afternoon,Neem Bar Soap,1.43,60.0,28.2,Power Outage,31.8,86,44,1,43,1.51,97.73,51.16,53.0,96.76,50.12,4.11,19.06,3
PureGlow Soaps International (Fictional Dummy Company),Global Manufacturing Head - PureGlow Soaps,Asia,China,Shenzhen,FCT008,Shenzhen Soap Plant,LN0022,Line-1,2026-07-05 22:00:00,2026-07-05,22,Night,Lavender Bar Soap,1.65,60.0,20.1,Material Shortage,39.9,99,60,1,59,2.36,98.33,60.61,66.5,91.14,59.6,5.56,10.42,3
PureGlow Soaps International (Fictional Dummy Company),Global Manufacturing Head - PureGlow Soaps,Asia,China,Shenzhen,FCT008,Shenzhen Soap Plant,LN0023,Line-2,2026-07-05 22:00:00,2026-07-05,22,Night,Charcoal Bar Soap,1.02,60.0,2.9,No Downtime,57.1,61,52,4,48,7.3,92.31,85.25,95.17,89.28,78.43,4.51,33.25,1
PureGlow Soaps International (Fictional Dummy Company),Global Manufacturing Head - PureGlow Soaps,Asia,China,Shenzhen,FCT008,Shenzhen Soap Plant,LN0024,Line-3,2026-07-05 22:00:00,2026-07-05,22,Night,Neem Bar Soap,1.43,60.0,2.7,No Downtime,57.3,86,71,2,69,3.47,97.18,82.56,95.5,86.65,80.42,7.11,35.87,1
PureGlow Soaps International (Fictional Dummy Company),Global Manufacturing Head - PureGlow Soaps,Asia,China,Shenzhen,FCT008,Shenzhen Soap Plant,LN0022,Line-1,2026-07-05 23:00:00,2026-07-05,23,Night,Lavender Bar Soap,1.65,60.0,6.0,Power Outage,54.0,99,91,1,90,0.94,98.9,91.92,90.0,102.13,90.91,8.11,13.53,2
PureGlow Soaps International (Fictional Dummy Company),Global Manufacturing Head - PureGlow Soaps,Asia,China,Shenzhen,FCT008,Shenzhen Soap Plant,LN0023,Line-2,2026-07-05 23:00:00,2026-07-05,23,Night,Charcoal Bar Soap,1.02,60.0,3.7,No Downtime,56.3,61,48,1,47,2.54,97.92,78.69,93.83,83.59,76.8,5.01,32.61,3
PureGlow Soaps International (Fictional Dummy Company),Global Manufacturing Head - PureGlow Soaps,Asia,China,Shenzhen,FCT008,Shenzhen Soap Plant,LN0024,Line-3,2026-07-05 23:00:00,2026-07-05,23,Night,Neem Bar Soap,1.43,60.0,16.5,Preventive Maintenance,43.5,86,52,1,51,1.73,98.08,60.47,72.5,83.59,59.44,4.55,26.57,3
PureGlow Soaps International (Fictional Dummy Company),Global Manufacturing Head - PureGlow Soaps,Asia,China,Shenzhen,FCT008,Shenzhen Soap Plant,LN0022,Line-1,2026-07-06 00:00:00,2026-07-06,0,Night,Sandalwood Bar Soap,1.65,60.0,24.2,Preventive Maintenance,35.8,99,54,1,53,1.67,98.15,54.55,59.67,91.42,53.54,5.34,8.81,2
PureGlow Soaps International (Fictional Dummy Company),Global Manufacturing Head - PureGlow Soaps,Asia,China,Shenzhen,FCT008,Shenzhen Soap Plant,LN0023,Line-2,2026-07-06 00:00:00,2026-07-06,0,Night,Rose Bar Soap,1.02,60.0,28.6,Machine Breakdown,31.4,61,28,1,27,3.16,96.43,45.9,52.33,87.42,44.11,2.52,18.98,1
PureGlow Soaps International (Fictional Dummy Company),Global Manufacturing Head - PureGlow Soaps,Asia,China,Shenzhen,FCT008,Shenzhen Soap Plant,LN0024,Line-3,2026-07-06 00:00:00,2026-07-06,0,Night,Neem Bar Soap,1.43,60.0,22.6,Preventive Maintenance,37.4,86,44,2,42,4.76,95.45,51.16,62.33,82.27,48.95,4.43,22.01,1
PureGlow Soaps International (Fictional Dummy Company),Global Manufacturing Head - PureGlow Soaps,Asia,China,Shenzhen,FCT008,Shenzhen Soap Plant,LN0022,Line-1,2026-07-06 01:00:00,2026-07-06,1,Night,Sandalwood Bar Soap,1.65,60.0,0.6,No Downtime,59.4,99,83,1,82,1.5,98.8,83.84,99.0,84.69,82.84,8.24,15.91,1
PureGlow Soaps International (Fictional Dummy Company),Global Manufacturing Head - PureGlow Soaps,Asia,China,Shenzhen,FCT008,Shenzhen Soap Plant,LN0023,Line-2,2026-07-06 01:00:00,2026-07-06,1,Night,Rose Bar Soap,1.02,60.0,29.1,Machine Breakdown,30.9,61,31,0,31,0.69,100.0,50.82,51.5,98.36,50.66,2.91,17.31,2
PureGlow Soaps International (Fictional Dummy Company),Global Manufacturing Head - PureGlow Soaps,Asia,China,Shenzhen,FCT008,Shenzhen Soap Plant,LN0024,Line-3,2026-07-06 01:00:00,2026-07-06,1,Night,Neem Bar Soap,1.43,60.0,39.3,Preventive Maintenance,20.7,86,26,1,25,4.27,96.15,30.23,34.5,87.83,29.13,2.79,11.95,3
PureGlow Soaps International (Fictional Dummy Company),Global Manufacturing Head - PureGlow Soaps,Asia,China,Shenzhen,FCT008,Shenzhen Soap Plant,LN0022,Line-1,2026-07-06 02:00:00,2026-07-06,2,Night,Sandalwood Bar Soap,1.65,60.0,1.1,No Downtime,58.9,99,98,3,95,2.83,96.94,98.99,98.17,100.84,95.97,9.44,15.9,1
PureGlow Soaps International (Fictional Dummy Company),Global Manufacturing Head - PureGlow Soaps,Asia,China,Shenzhen,FCT008,Shenzhen Soap Plant,LN0023,Line-2,2026-07-06 02:00:00,2026-07-06,2,Night,Rose Bar Soap,1.02,60.0,9.4,Quality Hold,50.6,61,49,5,44,9.84,89.8,80.33,84.33,94.94,71.9,4.21,29.72,1
PureGlow Soaps International (Fictional Dummy Company),Global Manufacturing Head - PureGlow Soaps,Asia,China,Shenzhen,FCT008,Shenzhen Soap Plant,LN0024,Line-3,2026-07-06 02:00:00,2026-07-06,2,Night,Neem Bar Soap,1.43,60.0,0.2,No Downtime,59.8,86,72,1,71,1.57,98.61,83.72,99.67,84.2,82.76,6.55,36.59,2
PureGlow Soaps International (Fictional Dummy Company),Global Manufacturing Head - PureGlow Soaps,Asia,China,Shenzhen,FCT008,Shenzhen Soap Plant,LN0022,Line-1,2026-07-06 03:00:00,2026-07-06,3,Night,Sandalwood Bar Soap,1.65,60.0,1.3,No Downtime,58.7,99,91,4,87,4.2,95.6,91.92,97.83,93.95,87.87,9.79,17.25,2
PureGlow Soaps International (Fictional Dummy Company),Global Manufacturing Head - PureGlow Soaps,Asia,China,Shenzhen,FCT008,Shenzhen Soap Plant,LN0023,Line-2,2026-07-06 03:00:00,2026-07-06,3,Night,Rose Bar Soap,1.02,60.0,28.8,Preventive Maintenance,31.2,61,31,1,30,2.81,96.77,50.82,52.0,97.41,49.02,2.84,18.14,1
PureGlow Soaps International (Fictional Dummy Company),Global Manufacturing Head - PureGlow Soaps,Asia,China,Shenzhen,FCT008,Shenzhen Soap Plant,LN0024,Line-3,2026-07-06 03:00:00,2026-07-06,3,Night,Neem Bar Soap,1.43,60.0,7.3,Power Outage,52.7,86,71,2,69,2.63,97.18,82.56,87.83,94.21,80.41,7.34,29.74,2
PureGlow Soaps International (Fictional Dummy Company),Global Manufacturing Head - PureGlow Soaps,Asia,China,Shenzhen,FCT008,Shenzhen Soap Plant,LN0022,Line-1,2026-07-06 04:00:00,2026-07-06,4,Night,Sandalwood Bar Soap,1.65,60.0,32.8,Machine Breakdown,27.2,99,37,1,36,2.84,97.3,37.37,45.33,82.44,36.36,4.07,6.92,3
PureGlow Soaps International (Fictional Dummy Company),Global Manufacturing Head - PureGlow Soaps,Asia,China,Shenzhen,FCT008,Shenzhen Soap Plant,LN0023,Line-2,2026-07-06 04:00:00,2026-07-06,4,Night,Rose Bar Soap,1.02,60.0,31.4,Machine Breakdown,28.6,61,30,1,29,3.4,96.67,49.18,47.67,102.84,47.39,2.91,16.34,3
PureGlow Soaps International (Fictional Dummy Company),Global Manufacturing Head - PureGlow Soaps,Asia,China,Shenzhen,FCT008,Shenzhen Soap Plant,LN0024,Line-3,2026-07-06 04:00:00,2026-07-06,4,Night,Neem Bar Soap,1.43,60.0,17.1,Quality Hold,42.9,86,59,6,53,9.5,89.83,68.6,71.5,96.17,61.77,5.16,27.02,1
PureGlow Soaps International (Fictional Dummy Company),Global Manufacturing Head - PureGlow Soaps,Asia,China,Shenzhen,FCT008,Shenzhen Soap Plant,LN0022,Line-1,2026-07-06 05:00:00,2026-07-06,5,Night,Sandalwood Bar Soap,1.65,60.0,17.2,Changeover/Setup,42.8,99,68,3,65,4.25,95.59,68.69,71.33,96.29,65.65,6.88,11.17,2
PureGlow Soaps International (Fictional Dummy Company),Global Manufacturing Head - PureGlow Soaps,Asia,China,Shenzhen,FCT008,Shenzhen Soap Plant,LN0023,Line-2,2026-07-06 05:00:00,2026-07-06,5,Night,Rose Bar Soap,1.02,60.0,13.6,Changeover/Setup,46.4,61,46,1,45,3.17,97.83,75.41,77.33,97.19,73.53,4.14,26.68,2
PureGlow Soaps International (Fictional Dummy Company),Global Manufacturing Head - PureGlow Soaps,Asia,China,Shenzhen,FCT008,Shenzhen Soap Plant,LN0024,Line-3,2026-07-06 05:00:00,2026-07-06,5,Night,Neem Bar Soap,1.43,60.0,0.0,No Downtime,60.0,86,70,1,69,1.24,98.57,81.4,100.0,81.59,80.42,7.69,33.15,3
PureGlow Soaps International (Fictional Dummy Company),Global Manufacturing Head - PureGlow Soaps,Asia,China,Shenzhen,FCT008,Shenzhen Soap Plant,LN0022,Line-1,2026-07-06 06:00:00,2026-07-06,6,Morning,Sandalwood Bar Soap,1.65,60.0,20.0,Machine Breakdown,40.0,99,68,2,66,3.22,97.06,68.69,66.67,103.03,66.67,7.05,10.77,1
PureGlow Soaps International (Fictional Dummy Company),Global Manufacturing Head - PureGlow Soaps,Asia,China,Shenzhen,FCT008,Shenzhen Soap Plant,LN0023,Line-2,2026-07-06 06:00:00,2026-07-06,6,Morning,Rose Bar Soap,1.02,60.0,1.6,No Downtime,58.4,61,48,1,47,1.25,97.92,78.69,97.33,80.58,76.8,4.84,31.95,1
PureGlow Soaps International (Fictional Dummy Company),Global Manufacturing Head - PureGlow Soaps,Asia,China,Shenzhen,FCT008,Shenzhen Soap Plant,LN0024,Line-3,2026-07-06 06:00:00,2026-07-06,6,Morning,Neem Bar Soap,1.43,60.0,1.7,No Downtime,58.3,86,71,3,68,4.18,95.77,82.56,97.17,85.16,79.25,6.84,35.04,1
PureGlow Soaps International (Fictional Dummy Company),Global Manufacturing Head - PureGlow Soaps,Asia,China,Shenzhen,FCT008,Shenzhen Soap Plant,LN0022,Line-1,2026-07-06 07:00:00,2026-07-06,7,Morning,Sandalwood Bar Soap,1.65,60.0,1.6,No Downtime,58.4,99,86,4,82,4.53,95.35,86.87,97.33,89.25,82.83,9.14,16.78,2
PureGlow Soaps International (Fictional Dummy Company),Global Manufacturing Head - PureGlow Soaps,Asia,China,Shenzhen,FCT008,Shenzhen Soap Plant,LN0023,Line-2,2026-07-06 07:00:00,2026-07-06,7,Morning,Rose Bar Soap,1.02,60.0,1.6,No Downtime,58.4,61,58,3,55,4.75,94.83,95.08,97.33,97.37,89.87,6.35,35.57,1
PureGlow Soaps International (Fictional Dummy Company),Global Manufacturing Head - PureGlow Soaps,Asia,China,Shenzhen,FCT008,Shenzhen Soap Plant,LN0024,Line-3,2026-07-06 07:00:00,2026-07-06,7,Morning,Neem Bar Soap,1.43,60.0,30.4,Preventive Maintenance,29.6,86,36,1,35,2.9,97.22,41.86,49.33,85.05,40.79,3.82,16.94,3
PureGlow Soaps International (Fictional Dummy Company),Global Manufacturing Head - PureGlow Soaps,Asia,China,Shenzhen,FCT008,Shenzhen Soap Plant,LN0022,Line-1,2026-07-06 08:00:00,2026-07-06,8,Morning,Sandalwood Bar Soap,1.65,60.0,24.8,Machine Breakdown,35.2,99,47,2,45,3.21,95.74,47.47,58.67,80.92,45.45,4.61,9.51,1
PureGlow Soaps International (Fictional Dummy Company),Global Manufacturing Head - PureGlow Soaps,Asia,China,Shenzhen,FCT008,Shenzhen Soap Plant,LN0023,Line-2,2026-07-06 08:00:00,2026-07-06,8,Morning,Rose Bar Soap,1.02,60.0,15.1,Staff Shortage,44.9,61,38,1,37,3.74,97.37,62.3,74.83,82.97,60.45,3.45,23.66,1
PureGlow Soaps International (Fictional Dummy Company),Global Manufacturing Head - PureGlow Soaps,Asia,China,Shenzhen,FCT008,Shenzhen Soap Plant,LN0024,Line-3,2026-07-06 08:00:00,2026-07-06,8,Morning,Neem Bar Soap,1.43,60.0,3.2,No Downtime,56.8,86,71,4,67,5.01,94.37,82.56,94.67,87.41,78.09,6.18,31.19,2
PureGlow Soaps International (Fictional Dummy Company),Global Manufacturing Head - PureGlow Soaps,Asia,China,Shenzhen,FCT008,Shenzhen Soap Plant,LN0022,Line-1,2026-07-06 09:00:00,2026-07-06,9,Morning,Sandalwood Bar Soap,1.65,60.0,5.4,Staff Shortage,54.6,99,74,3,71,4.63,95.95,74.75,91.0,82.14,71.72,7.4,14.86,1
PureGlow Soaps International (Fictional Dummy Company),Global Manufacturing Head - PureGlow Soaps,Asia,China,Shenzhen,FCT008,Shenzhen Soap Plant,LN0023,Line-2,2026-07-06 09:00:00,2026-07-06,9,Morning,Rose Bar Soap,1.02,60.0,0.3,No Downtime,59.7,61,57,2,55,3.89,96.49,93.44,99.5,93.61,89.87,5.2,31.01,1
PureGlow Soaps International (Fictional Dummy Company),Global Manufacturing Head - PureGlow Soaps,Asia,China,Shenzhen,FCT008,Shenzhen Soap Plant,LN0024,Line-3,2026-07-06 09:00:00,2026-07-06,9,Morning,Neem Bar Soap,1.43,60.0,41.4,Machine Breakdown,18.6,86,27,1,26,2.11,96.3,31.4,31.0,101.51,30.3,2.9,9.89,1
PureGlow Soaps International (Fictional Dummy Company),Global Manufacturing Head - PureGlow Soaps,Asia,China,Shenzhen,FCT008,Shenzhen Soap Plant,LN0022,Line-1,2026-07-06 10:00:00,2026-07-06,10,Morning,Sandalwood Bar Soap,1.65,60.0,13.4,Material Shortage,46.6,99,66,4,62,5.67,93.94,66.67,77.67,85.84,62.63,6.19,12.0,1
PureGlow Soaps International (Fictional Dummy Company),Global Manufacturing Head - PureGlow Soaps,Asia,China,Shenzhen,FCT008,Shenzhen Soap Plant,LN0023,Line-2,2026-07-06 10:00:00,2026-07-06,10,Morning,Rose Bar Soap,1.02,60.0,32.6,Machine Breakdown,27.4,61,26,1,25,3.58,96.15,42.62,45.67,93.03,40.85,2.55,16.37,3
PureGlow Soaps International (Fictional Dummy Company),Global Manufacturing Head - PureGlow Soaps,Asia,China,Shenzhen,FCT008,Shenzhen Soap Plant,LN0024,Line-3,2026-07-06 10:00:00,2026-07-06,10,Morning,Neem Bar Soap,1.43,60.0,20.8,Power Outage,39.2,86,55,2,53,4.08,96.36,63.95,65.33,98.12,61.77,4.77,21.74,1
PureGlow Soaps International (Fictional Dummy Company),Global Manufacturing Head - PureGlow Soaps,Asia,China,Shenzhen,FCT008,Shenzhen Soap Plant,LN0022,Line-1,2026-07-06 11:00:00,2026-07-06,11,Morning,Sandalwood Bar Soap,1.65,60.0,11.5,Power Outage,48.5,99,66,3,63,3.82,95.45,66.67,80.83,82.47,63.63,7.01,12.97,2
PureGlow Soaps International (Fictional Dummy Company),Global Manufacturing Head - PureGlow Soaps,Asia,China,Shenzhen,FCT008,Shenzhen Soap Plant,LN0023,Line-2,2026-07-06 11:00:00,2026-07-06,11,Morning,Rose Bar Soap,1.02,60.0,16.0,Changeover/Setup,44.0,61,41,1,40,2.0,97.56,67.21,73.33,91.35,65.35,4.27,23.78,3
PureGlow Soaps International (Fictional Dummy Company),Global Manufacturing Head - PureGlow Soaps,Asia,China,Shenzhen,FCT008,Shenzhen Soap Plant,LN0024,Line-3,2026-07-06 11:00:00,2026-07-06,11,Morning,Neem Bar Soap,1.43,60.0,23.5,Power Outage,36.5,86,45,2,43,3.46,95.56,52.33,60.83,86.22,50.12,4.66,23.15,1
PureGlow Soaps International (Fictional Dummy Company),Global Manufacturing Head - PureGlow Soaps,Asia,China,Shenzhen,FCT008,Shenzhen Soap Plant,LN0022,Line-1,2026-07-06 12:00:00,2026-07-06,12,Morning,Sandalwood Bar Soap,1.65,60.0,0.2,No Downtime,59.8,99,94,4,90,4.26,95.74,94.95,99.67,95.27,90.91,8.53,14.62,3
PureGlow Soaps International (Fictional Dummy Company),Global Manufacturing Head - PureGlow Soaps,Asia,China,Shenzhen,FCT008,Shenzhen Soap Plant,LN0023,Line-2,2026-07-06 12:00:00,2026-07-06,12,Morning,Rose Bar Soap,1.02,60.0,30.4,Machine Breakdown,29.6,61,29,1,28,3.25,96.55,47.54,49.33,96.05,45.75,2.87,16.83,1
PureGlow Soaps International (Fictional Dummy Company),Global Manufacturing Head - PureGlow Soaps,Asia,China,Shenzhen,FCT008,Shenzhen Soap Plant,LN0024,Line-3,2026-07-06 12:00:00,2026-07-06,12,Morning,Neem Bar Soap,1.43,60.0,1.2,No Downtime,58.8,86,83,3,80,3.5,96.39,96.51,98.0,98.71,93.24,7.93,31.52,2
PureGlow Soaps International (Fictional Dummy Company),Global Manufacturing Head - PureGlow Soaps,Asia,China,Shenzhen,FCT008,Shenzhen Soap Plant,LN0022,Line-1,2026-07-06 13:00:00,2026-07-06,13,Morning,Sandalwood Bar Soap,1.65,60.0,2.3,No Downtime,57.7,99,85,1,84,1.31,98.82,85.86,96.17,89.28,84.85,8.2,14.19,1
PureGlow Soaps International (Fictional Dummy Company),Global Manufacturing Head - PureGlow Soaps,Asia,China,Shenzhen,FCT008,Shenzhen Soap Plant,LN0023,Line-2,2026-07-06 13:00:00,2026-07-06,13,Morning,Rose Bar Soap,1.02,60.0,29.0,Preventive Maintenance,31.0,61,26,2,24,5.98,92.31,42.62,51.67,82.23,39.22,2.85,18.77,1
PureGlow Soaps International (Fictional Dummy Company),Global Manufacturing Head - PureGlow Soaps,Asia,China,Shenzhen,FCT008,Shenzhen Soap Plant,LN0024,Line-3,2026-07-06 13:00:00,2026-07-06,13,Morning,Neem Bar Soap,1.43,60.0,3.7,No Downtime,56.3,86,72,0,72,0.0,100.0,83.72,93.83,89.43,83.91,6.9,35.47,2
PureGlow Soaps International (Fictional Dummy Company),Global Manufacturing Head - PureGlow Soaps,Asia,China,Shenzhen,FCT008,Shenzhen Soap Plant,LN0022,Line-1,2026-07-06 14:00:00,2026-07-06,14,Afternoon,Sandalwood Bar Soap,1.65,60.0,1.7,No Downtime,58.3,99,94,3,91,2.97,96.81,94.95,97.17,97.72,91.93,8.04,16.88,2
PureGlow Soaps International (Fictional Dummy Company),Global Manufacturing Head - PureGlow Soaps,Asia,China,Shenzhen,FCT008,Shenzhen Soap Plant,LN0023,Line-2,2026-07-06 14:00:00,2026-07-06,14,Afternoon,Rose Bar Soap,1.02,60.0,2.4,No Downtime,57.6,61,59,2,57,4.19,96.61,96.72,96.0,100.42,93.14,5.98,32.9,3
PureGlow Soaps International (Fictional Dummy Company),Global Manufacturing Head - PureGlow Soaps,Asia,China,Shenzhen,FCT008,Shenzhen Soap Plant,LN0024,Line-3,2026-07-06 14:00:00,2026-07-06,14,Afternoon,Neem Bar Soap,1.43,60.0,39.8,Machine Breakdown,20.2,86,24,0,24,1.63,100.0,27.91,33.67,83.09,27.98,2.31,10.75,1
PureGlow Soaps International (Fictional Dummy Company),Global Manufacturing Head - PureGlow Soaps,Asia,China,Shenzhen,FCT008,Shenzhen Soap Plant,LN0022,Line-1,2026-07-06 15:00:00,2026-07-06,15,Afternoon,Sandalwood Bar Soap,1.65,60.0,3.4,No Downtime,56.6,99,75,2,73,2.08,97.33,75.76,94.33,80.31,73.73,7.08,16.43,1
PureGlow Soaps International (Fictional Dummy Company),Global Manufacturing Head - PureGlow Soaps,Asia,China,Shenzhen,FCT008,Shenzhen Soap Plant,LN0023,Line-2,2026-07-06 15:00:00,2026-07-06,15,Afternoon,Rose Bar Soap,1.02,60.0,1.9,No Downtime,58.1,61,56,2,54,3.1,96.43,91.8,96.83,94.5,88.24,5.43,33.18,1
PureGlow Soaps International (Fictional Dummy Company),Global Manufacturing Head - PureGlow Soaps,Asia,China,Shenzhen,FCT008,Shenzhen Soap Plant,LN0024,Line-3,2026-07-06 15:00:00,2026-07-06,15,Afternoon,Neem Bar Soap,1.43,60.0,27.9,Preventive Maintenance,32.1,86,43,1,42,1.72,97.67,50.0,53.5,93.68,48.95,4.06,19.72,3
PureGlow Soaps International (Fictional Dummy Company),Global Manufacturing Head - PureGlow Soaps,Asia,China,Shenzhen,FCT008,Shenzhen Soap Plant,LN0022,Line-1,2026-07-06 16:00:00,2026-07-06,16,Afternoon,Sandalwood Bar Soap,1.65,60.0,26.0,Machine Breakdown,34.0,99,56,0,56,0.34,100.0,56.57,56.67,99.82,56.57,4.88,9.77,3
PureGlow Soaps International (Fictional Dummy Company),Global Manufacturing Head - PureGlow Soaps,Asia,China,Shenzhen,FCT008,Shenzhen Soap Plant,LN0023,Line-2,2026-07-06 16:00:00,2026-07-06,16,Afternoon,Rose Bar Soap,1.02,60.0,27.9,Machine Breakdown,32.1,61,27,1,26,2.06,96.3,44.26,53.5,82.46,42.48,2.87,18.08,3
PureGlow Soaps International (Fictional Dummy Company),Global Manufacturing Head - PureGlow Soaps,Asia,China,Shenzhen,FCT008,Shenzhen Soap Plant,LN0024,Line-3,2026-07-06 16:00:00,2026-07-06,16,Afternoon,Neem Bar Soap,1.43,60.0,1.8,No Downtime,58.2,86,77,5,72,6.58,93.51,89.53,97.0,92.52,83.92,7.16,30.56,1
PureGlow Soaps International (Fictional Dummy Company),Global Manufacturing Head - PureGlow Soaps,Asia,China,Shenzhen,FCT008,Shenzhen Soap Plant,LN0022,Line-1,2026-07-06 17:00:00,2026-07-06,17,Afternoon,Sandalwood Bar Soap,1.65,60.0,26.0,Machine Breakdown,34.0,99,56,0,56,0.41,100.0,56.57,56.67,99.82,56.57,5.11,9.52,1
PureGlow Soaps International (Fictional Dummy Company),Global Manufacturing Head - PureGlow Soaps,Asia,China,Shenzhen,FCT008,Shenzhen Soap Plant,LN0023,Line-2,2026-07-06 17:00:00,2026-07-06,17,Afternoon,Rose Bar Soap,1.02,60.0,29.3,Machine Breakdown,30.7,61,29,2,27,5.9,93.1,47.54,51.17,92.61,44.12,2.84,15.84,1
PureGlow Soaps International (Fictional Dummy Company),Global Manufacturing Head - PureGlow Soaps,Asia,China,Shenzhen,FCT008,Shenzhen Soap Plant,LN0024,Line-3,2026-07-06 17:00:00,2026-07-06,17,Afternoon,Neem Bar Soap,1.43,60.0,3.5,No Downtime,56.5,86,77,2,75,2.43,97.4,89.53,94.17,95.3,87.41,6.79,30.03,2
PureGlow Soaps International (Fictional Dummy Company),Global Manufacturing Head - PureGlow Soaps,Asia,China,Shenzhen,FCT008,Shenzhen Soap Plant,LN0022,Line-1,2026-07-06 18:00:00,2026-07-06,18,Afternoon,Sandalwood Bar Soap,1.65,60.0,27.4,Preventive Maintenance,32.6,99,51,1,50,1.84,98.04,51.52,54.33,94.81,50.5,4.75,8.22,2
PureGlow Soaps International (Fictional Dummy Company),Global Manufacturing Head - PureGlow Soaps,Asia,China,Shenzhen,FCT008,Shenzhen Soap Plant,LN0023,Line-2,2026-07-06 18:00:00,2026-07-06,18,Afternoon,Rose Bar Soap,1.02,60.0,13.0,Machine Breakdown,47.0,61,48,0,48,0.25,100.0,78.69,78.33,100.13,78.43,4.36,24.34,3
PureGlow Soaps International (Fictional Dummy Company),Global Manufacturing Head - PureGlow Soaps,Asia,China,Shenzhen,FCT008,Shenzhen Soap Plant,LN0024,Line-3,2026-07-06 18:00:00,2026-07-06,18,Afternoon,Neem Bar Soap,1.43,60.0,1.9,No Downtime,58.1,86,67,2,65,3.31,97.01,77.91,96.83,80.64,75.75,6.02,30.39,2
PureGlow Soaps International (Fictional Dummy Company),Global Manufacturing Head - PureGlow Soaps,Asia,China,Shenzhen,FCT008,Shenzhen Soap Plant,LN0022,Line-1,2026-07-06 19:00:00,2026-07-06,19,Afternoon,Sandalwood Bar Soap,1.65,60.0,11.4,Material Shortage,48.6,99,64,0,64,0.45,100.0,64.65,81.0,79.81,64.65,5.79,13.07,1
PureGlow Soaps International (Fictional Dummy Company),Global Manufacturing Head - PureGlow Soaps,Asia,China,Shenzhen,FCT008,Shenzhen Soap Plant,LN0023,Line-2,2026-07-06 19:00:00,2026-07-06,19,Afternoon,Rose Bar Soap,1.02,60.0,41.8,Machine Breakdown,18.2,61,16,0,16,2.14,100.0,26.23,30.33,86.19,26.14,1.59,9.96,3
PureGlow Soaps International (Fictional Dummy Company),Global Manufacturing Head - PureGlow Soaps,Asia,China,Shenzhen,FCT008,Shenzhen Soap Plant,LN0024,Line-3,2026-07-06 19:00:00,2026-07-06,19,Afternoon,Neem Bar Soap,1.43,60.0,0.3,No Downtime,59.7,86,86,1,85,1.46,98.84,100.0,99.5,100.74,99.07,7.87,32.14,1
PureGlow Soaps International (Fictional Dummy Company),Global Manufacturing Head - PureGlow Soaps,Asia,China,Shenzhen,FCT008,Shenzhen Soap Plant,LN0022,Line-1,2026-07-06 20:00:00,2026-07-06,20,Afternoon,Sandalwood Bar Soap,1.65,60.0,2.5,No Downtime,57.5,99,82,3,79,3.75,96.34,82.83,95.83,86.43,79.79,8.92,14.1,1
PureGlow Soaps International (Fictional Dummy Company),Global Manufacturing Head - PureGlow Soaps,Asia,China,Shenzhen,FCT008,Shenzhen Soap Plant,LN0023,Line-2,2026-07-06 20:00:00,2026-07-06,20,Afternoon,Rose Bar Soap,1.02,60.0,29.0,Preventive Maintenance,31.0,61,30,0,30,0.86,100.0,49.18,51.67,94.88,49.02,2.69,16.17,2
PureGlow Soaps International (Fictional Dummy Company),Global Manufacturing Head - PureGlow Soaps,Asia,China,Shenzhen,FCT008,Shenzhen Soap Plant,LN0024,Line-3,2026-07-06 20:00:00,2026-07-06,20,Afternoon,Neem Bar Soap,1.43,60.0,37.9,Machine Breakdown,22.1,86,32,1,31,4.61,96.88,37.21,36.83,101.26,36.13,2.81,13.1,1
PureGlow Soaps International (Fictional Dummy Company),Global Manufacturing Head - PureGlow Soaps,Asia,China,Shenzhen,FCT008,Shenzhen Soap Plant,LN0022,Line-1,2026-07-06 21:00:00,2026-07-06,21,Afternoon,Sandalwood Bar Soap,1.65,60.0,41.2,Machine Breakdown,18.8,99,26,1,25,2.32,96.15,26.26,31.33,83.82,25.25,2.53,5.35,3
PureGlow Soaps International (Fictional Dummy Company),Global Manufacturing Head - PureGlow Soaps,Asia,China,Shenzhen,FCT008,Shenzhen Soap Plant,LN0023,Line-2,2026-07-06 21:00:00,2026-07-06,21,Afternoon,Rose Bar Soap,1.02,60.0,0.5,No Downtime,59.5,61,57,2,55,3.31,96.49,93.44,99.17,93.92,89.87,5.99,31.07,1
PureGlow Soaps International (Fictional Dummy Company),Global Manufacturing Head - PureGlow Soaps,Asia,China,Shenzhen,FCT008,Shenzhen Soap Plant,LN0024,Line-3,2026-07-06 21:00:00,2026-07-06,21,Afternoon,Neem Bar Soap,1.43,60.0,17.3,Changeover/Setup,42.7,86,53,1,52,2.36,98.11,61.63,71.17,86.8,60.61,4.72,22.55,1
PureGlow Soaps International (Fictional Dummy Company),Global Manufacturing Head - PureGlow Soaps,Asia,China,Shenzhen,FCT008,Shenzhen Soap Plant,LN0022,Line-1,2026-07-06 22:00:00,2026-07-06,22,Night,Sandalwood Bar Soap,1.65,60.0,9.5,Quality Hold,50.5,99,86,7,79,7.57,91.86,86.87,84.17,103.21,79.8,7.92,12.61,3
PureGlow Soaps International (Fictional Dummy Company),Global Manufacturing Head - PureGlow Soaps,Asia,China,Shenzhen,FCT008,Shenzhen Soap Plant,LN0023,Line-2,2026-07-06 22:00:00,2026-07-06,22,Night,Rose Bar Soap,1.02,60.0,3.3,No Downtime,56.7,61,58,1,57,0.87,98.28,95.08,94.5,100.29,93.14,5.86,32.71,3
PureGlow Soaps International (Fictional Dummy Company),Global Manufacturing Head - PureGlow Soaps,Asia,China,Shenzhen,FCT008,Shenzhen Soap Plant,LN0024,Line-3,2026-07-06 22:00:00,2026-07-06,22,Night,Neem Bar Soap,1.43,60.0,1.5,No Downtime,58.5,86,81,4,77,4.77,95.06,94.19,97.5,96.83,89.75,7.76,31.76,1
PureGlow Soaps International (Fictional Dummy Company),Global Manufacturing Head - PureGlow Soaps,Asia,China,Shenzhen,FCT008,Shenzhen Soap Plant,LN0022,Line-1,2026-07-06 23:00:00,2026-07-06,23,Night,Sandalwood Bar Soap,1.65,60.0,18.7,Changeover/Setup,41.3,99,69,1,68,1.19,98.55,69.7,68.83,101.25,68.68,6.74,10.65,3
PureGlow Soaps International (Fictional Dummy Company),Global Manufacturing Head - PureGlow Soaps,Asia,China,Shenzhen,FCT008,Shenzhen Soap Plant,LN0023,Line-2,2026-07-06 23:00:00,2026-07-06,23,Night,Rose Bar Soap,1.02,60.0,3.8,No Downtime,56.2,61,56,2,54,4.05,96.43,91.8,93.67,97.69,88.24,6.03,33.07,3
PureGlow Soaps International (Fictional Dummy Company),Global Manufacturing Head - PureGlow Soaps,Asia,China,Shenzhen,FCT008,Shenzhen Soap Plant,LN0024,Line-3,2026-07-06 23:00:00,2026-07-06,23,Night,Neem Bar Soap,1.43,60.0,26.3,Material Shortage,33.7,86,46,2,44,3.98,95.65,53.49,56.17,95.45,51.28,3.97,18.9,1
PureGlow Soaps International (Fictional Dummy Company),Global Manufacturing Head - PureGlow Soaps,Asia,China,Shenzhen,FCT008,Shenzhen Soap Plant,LN0022,Line-1,2026-07-07 00:00:00,2026-07-07,0,Night,Aloe Vera Liquid Soap,1.65,60.0,1.3,No Downtime,58.7,99,91,3,88,2.97,96.7,91.92,97.83,93.95,88.88,9.69,15.43,1
PureGlow Soaps International (Fictional Dummy Company),Global Manufacturing Head - PureGlow Soaps,Asia,China,Shenzhen,FCT008,Shenzhen Soap Plant,LN0023,Line-2,2026-07-07 00:00:00,2026-07-07,0,Night,Aloe Vera Liquid Soap,1.02,60.0,24.5,Material Shortage,35.5,61,32,1,31,2.82,96.88,52.46,59.17,88.37,50.66,3.05,21.47,3
PureGlow Soaps International (Fictional Dummy Company),Global Manufacturing Head - PureGlow Soaps,Asia,China,Shenzhen,FCT008,Shenzhen Soap Plant,LN0024,Line-3,2026-07-07 00:00:00,2026-07-07,0,Night,Rose Bar Soap,1.43,60.0,19.0,Changeover/Setup,41.0,86,50,1,49,1.91,98.0,58.14,68.33,85.28,57.11,4.29,24.56,1
PureGlow Soaps International (Fictional Dummy Company),Global Manufacturing Head - PureGlow Soaps,Asia,China,Shenzhen,FCT008,Shenzhen Soap Plant,LN0022,Line-1,2026-07-07 01:00:00,2026-07-07,1,Night,Aloe Vera Liquid Soap,1.65,60.0,20.1,Machine Breakdown,39.9,99,56,1,55,1.2,98.21,56.57,66.5,85.06,55.55,5.42,9.99,3
PureGlow Soaps International (Fictional Dummy Company),Global Manufacturing Head - PureGlow Soaps,Asia,China,Shenzhen,FCT008,Shenzhen Soap Plant,LN0023,Line-2,2026-07-07 01:00:00,2026-07-07,1,Night,Aloe Vera Liquid Soap,1.02,60.0,18.3,Preventive Maintenance,41.7,61,43,2,41,4.12,95.35,70.49,69.5,101.1,67.0,4.46,24.19,2
PureGlow Soaps International (Fictional Dummy Company),Global Manufacturing Head - PureGlow Soaps,Asia,China,Shenzhen,FCT008,Shenzhen Soap Plant,LN0024,Line-3,2026-07-07 01:00:00,2026-07-07,1,Night,Rose Bar Soap,1.43,60.0,6.7,Changeover/Setup,53.3,86,64,3,61,4.55,95.31,74.42,88.83,83.97,71.09,6.98,30.29,3
PureGlow Soaps International (Fictional Dummy Company),Global Manufacturing Head - PureGlow Soaps,Asia,China,Shenzhen,FCT008,Shenzhen Soap Plant,LN0022,Line-1,2026-07-07 02:00:00,2026-07-07,2,Night,Aloe Vera Liquid Soap,1.65,60.0,25.1,Material Shortage,34.9,99,50,2,48,3.26,96.0,50.51,58.17,86.83,48.49,5.25,9.83,3
PureGlow Soaps International (Fictional Dummy Company),Global Manufacturing Head - PureGlow Soaps,Asia,China,Shenzhen,FCT008,Shenzhen Soap Plant,LN0023,Line-2,2026-07-07 02:00:00,2026-07-07,2,Night,Aloe Vera Liquid Soap,1.02,60.0,11.1,Changeover/Setup,48.9,61,42,1,41,2.73,97.62,68.85,81.5,84.21,67.0,3.6,25.82,2
PureGlow Soaps International (Fictional Dummy Company),Global Manufacturing Head - PureGlow Soaps,Asia,China,Shenzhen,FCT008,Shenzhen Soap Plant,LN0024,Line-3,2026-07-07 02:00:00,2026-07-07,2,Night,Rose Bar Soap,1.43,60.0,2.8,No Downtime,57.2,86,65,1,64,2.21,98.46,75.58,95.33,79.47,74.59,6.6,31.13,1
PureGlow Soaps International (Fictional Dummy Company),Global Manufacturing Head - PureGlow Soaps,Asia,China,Shenzhen,FCT008,Shenzhen Soap Plant,LN0022,Line-1,2026-07-07 03:00:00,2026-07-07,3,Night,Aloe Vera Liquid Soap,1.65,60.0,26.9,Preventive Maintenance,33.1,99,48,2,46,5.0,95.83,48.48,55.17,87.89,46.47,4.24,9.15,2
PureGlow Soaps International (Fictional Dummy Company),Global Manufacturing Head - PureGlow Soaps,Asia,China,Shenzhen,FCT008,Shenzhen Soap Plant,LN0023,Line-2,2026-07-07 03:00:00,2026-07-07,3,Night,Aloe Vera Liquid Soap,1.02,60.0,35.8,Preventive Maintenance,24.2,61,25,1,24,4.98,96.0,40.98,40.33,101.28,39.21,2.46,13.47,2
PureGlow Soaps International (Fictional Dummy Company),Global Manufacturing Head - PureGlow Soaps,Asia,China,Shenzhen,FCT008,Shenzhen Soap Plant,LN0024,Line-3,2026-07-07 03:00:00,2026-07-07,3,Night,Rose Bar Soap,1.43,60.0,17.6,Changeover/Setup,42.4,86,50,2,48,3.81,96.0,58.14,70.67,82.46,55.94,5.2,24.64,3
PureGlow Soaps International (Fictional Dummy Company),Global Manufacturing Head - PureGlow Soaps,Asia,China,Shenzhen,FCT008,Shenzhen Soap Plant,LN0022,Line-1,2026-07-07 04:00:00,2026-07-07,4,Night,Aloe Vera Liquid Soap,1.65,60.0,15.8,Changeover/Setup,44.2,99,75,1,74,1.73,98.67,75.76,73.67,102.84,74.75,6.79,11.02,1
PureGlow Soaps International (Fictional Dummy Company),Global Manufacturing Head - PureGlow Soaps,Asia,China,Shenzhen,FCT008,Shenzhen Soap Plant,LN0023,Line-2,2026-07-07 04:00:00,2026-07-07,4,Night,Aloe Vera Liquid Soap,1.02,60.0,23.0,Preventive Maintenance,37.0,61,35,1,34,2.34,97.14,57.38,61.67,92.74,55.56,3.77,21.8,1
PureGlow Soaps International (Fictional Dummy Company),Global Manufacturing Head - PureGlow Soaps,Asia,China,Shenzhen,FCT008,Shenzhen Soap Plant,LN0024,Line-3,2026-07-07 04:00:00,2026-07-07,4,Night,Rose Bar Soap,1.43,60.0,2.6,No Downtime,57.4,86,82,2,80,2.57,97.56,95.35,95.67,99.9,93.24,8.33,35.12,2
PureGlow Soaps International (Fictional Dummy Company),Global Manufacturing Head - PureGlow Soaps,Asia,China,Shenzhen,FCT008,Shenzhen Soap Plant,LN0022,Line-1,2026-07-07 05:00:00,2026-07-07,5,Night,Aloe Vera Liquid Soap,1.65,60.0,23.2,Machine Breakdown,36.8,99,53,3,50,5.7,94.34,53.54,61.33,87.29,50.5,4.79,9.01,2
PureGlow Soaps International (Fictional Dummy Company),Global Manufacturing Head - PureGlow Soaps,Asia,China,Shenzhen,FCT008,Shenzhen Soap Plant,LN0023,Line-2,2026-07-07 05:00:00,2026-07-07,5,Night,Aloe Vera Liquid Soap,1.02,60.0,1.9,No Downtime,58.1,61,50,2,48,3.14,96.0,81.97,96.83,84.37,78.43,4.55,33.12,1
PureGlow Soaps International (Fictional Dummy Company),Global Manufacturing Head - PureGlow Soaps,Asia,China,Shenzhen,FCT008,Shenzhen Soap Plant,LN0024,Line-3,2026-07-07 05:00:00,2026-07-07,5,Night,Rose Bar Soap,1.43,60.0,31.5,Material Shortage,28.5,86,41,1,40,2.62,97.56,47.67,47.5,100.6,46.62,3.89,15.15,3
PureGlow Soaps International (Fictional Dummy Company),Global Manufacturing Head - PureGlow Soaps,Asia,China,Shenzhen,FCT008,Shenzhen Soap Plant,LN0022,Line-1,2026-07-07 06:00:00,2026-07-07,6,Morning,Aloe Vera Liquid Soap,1.65,60.0,0.3,No Downtime,59.7,99,97,6,91,6.39,93.81,97.98,99.5,98.47,91.91,9.79,15.02,1
PureGlow Soaps International (Fictional Dummy Company),Global Manufacturing Head - PureGlow Soaps,Asia,China,Shenzhen,FCT008,Shenzhen Soap Plant,LN0023,Line-2,2026-07-07 06:00:00,2026-07-07,6,Morning,Aloe Vera Liquid Soap,1.02,60.0,19.8,Changeover/Setup,40.2,61,37,1,36,3.37,97.3,60.66,67.0,90.24,58.83,3.23,23.98,1
PureGlow Soaps International (Fictional Dummy Company),Global Manufacturing Head - PureGlow Soaps,Asia,China,Shenzhen,FCT008,Shenzhen Soap Plant,LN0024,Line-3,2026-07-07 06:00:00,2026-07-07,6,Morning,Rose Bar Soap,1.43,60.0,24.5,Staff Shortage,35.5,86,52,1,51,1.4,98.08,60.47,59.17,102.43,59.44,5.31,18.9,1
PureGlow Soaps International (Fictional Dummy Company),Global Manufacturing Head - PureGlow Soaps,Asia,China,Shenzhen,FCT008,Shenzhen Soap Plant,LN0022,Line-1,2026-07-07 07:00:00,2026-07-07,7,Morning,Aloe Vera Liquid Soap,1.65,60.0,5.4,Changeover/Setup,54.6,99,83,2,81,2.55,97.59,83.84,91.0,92.13,81.82,7.89,14.57,1
PureGlow Soaps International (Fictional Dummy Company),Global Manufacturing Head - PureGlow Soaps,Asia,China,Shenzhen,FCT008,Shenzhen Soap Plant,LN0023,Line-2,2026-07-07 07:00:00,2026-07-07,7,Morning,Aloe Vera Liquid Soap,1.02,60.0,3.1,No Downtime,56.9,61,49,0,49,0.62,100.0,80.33,94.83,84.43,80.06,4.27,31.39,3
PureGlow Soaps International (Fictional Dummy Company),Global Manufacturing Head - PureGlow Soaps,Asia,China,Shenzhen,FCT008,Shenzhen Soap Plant,LN0024,Line-3,2026-07-07 07:00:00,2026-07-07,7,Morning,Rose Bar Soap,1.43,60.0,1.5,No Downtime,58.5,86,74,3,71,3.67,95.95,86.05,97.5,88.46,82.76,7.26,35.08,3
PureGlow Soaps International (Fictional Dummy Company),Global Manufacturing Head - PureGlow Soaps,Asia,China,Shenzhen,FCT008,Shenzhen Soap Plant,LN0022,Line-1,2026-07-07 08:00:00,2026-07-07,8,Morning,Aloe Vera Liquid Soap,1.65,60.0,3.5,No Downtime,56.5,99,89,2,87,1.71,97.75,89.9,94.17,95.47,87.88,8.83,14.61,1
PureGlow Soaps International (Fictional Dummy Company),Global Manufacturing Head - PureGlow Soaps,Asia,China,Shenzhen,FCT008,Shenzhen Soap Plant,LN0023,Line-2,2026-07-07 08:00:00,2026-07-07,8,Morning,Aloe Vera Liquid Soap,1.02,60.0,1.4,No Downtime,58.6,61,50,2,48,3.0,96.0,81.97,97.67,83.65,78.43,4.65,32.28,1
PureGlow Soaps International (Fictional Dummy Company),Global Manufacturing Head - PureGlow Soaps,Asia,China,Shenzhen,FCT008,Shenzhen Soap Plant,LN0024,Line-3,2026-07-07 08:00:00,2026-07-07,8,Morning,Rose Bar Soap,1.43,60.0,0.6,No Downtime,59.4,86,78,5,73,5.94,93.59,90.7,99.0,91.83,85.08,7.46,34.26,1
PureGlow Soaps International (Fictional Dummy Company),Global Manufacturing Head - PureGlow Soaps,Asia,China,Shenzhen,FCT008,Shenzhen Soap Plant,LN0022,Line-1,2026-07-07 09:00:00,2026-07-07,9,Morning,Aloe Vera Liquid Soap,1.65,60.0,2.3,No Downtime,57.7,99,98,1,97,1.41,98.98,98.99,96.17,102.94,97.99,10.56,15.46,1
PureGlow Soaps International (Fictional Dummy Company),Global Manufacturing Head - PureGlow Soaps,Asia,China,Shenzhen,FCT008,Shenzhen Soap Plant,LN0023,Line-2,2026-07-07 09:00:00,2026-07-07,9,Morning,Aloe Vera Liquid Soap,1.02,60.0,3.6,No Downtime,56.4,61,49,0,49,0.19,100.0,80.33,94.0,85.18,80.07,4.92,32.21,3
PureGlow Soaps International (Fictional Dummy Company),Global Manufacturing Head - PureGlow Soaps,Asia,China,Shenzhen,FCT008,Shenzhen Soap Plant,LN0024,Line-3,2026-07-07 09:00:00,2026-07-07,9,Morning,Rose Bar Soap,1.43,60.0,13.4,Changeover/Setup,46.6,86,63,1,62,1.52,98.41,73.26,77.67,94.54,72.26,6.27,27.39,3
PureGlow Soaps International (Fictional Dummy Company),Global Manufacturing Head - PureGlow Soaps,Asia,China,Shenzhen,FCT008,Shenzhen Soap Plant,LN0022,Line-1,2026-07-07 10:00:00,2026-07-07,10,Morning,Aloe Vera Liquid Soap,1.65,60.0,2.6,No Downtime,57.4,99,94,2,92,1.94,97.87,94.95,95.67,99.25,92.93,8.58,16.61,3
PureGlow Soaps International (Fictional Dummy Company),Global Manufacturing Head - PureGlow Soaps,Asia,China,Shenzhen,FCT008,Shenzhen Soap Plant,LN0023,Line-2,2026-07-07 10:00:00,2026-07-07,10,Morning,Aloe Vera Liquid Soap,1.02,60.0,10.5,Machine Breakdown,49.5,61,44,2,42,5.65,95.45,72.13,82.5,87.15,68.63,3.81,27.09,3
PureGlow Soaps International (Fictional Dummy Company),Global Manufacturing Head - PureGlow Soaps,Asia,China,Shenzhen,FCT008,Shenzhen Soap Plant,LN0024,Line-3,2026-07-07 10:00:00,2026-07-07,10,Morning,Rose Bar Soap,1.43,60.0,34.1,Material Shortage,25.9,86,37,1,36,1.63,97.3,43.02,43.17,99.9,41.96,3.5,14.08,3
PureGlow Soaps International (Fictional Dummy Company),Global Manufacturing Head - PureGlow Soaps,Asia,China,Shenzhen,FCT008,Shenzhen Soap Plant,LN0022,Line-1,2026-07-07 11:00:00,2026-07-07,11,Morning,Aloe Vera Liquid Soap,1.65,60.0,33.8,Machine Breakdown,26.2,99,44,1,43,3.27,97.73,44.44,43.67,101.78,43.44,4.3,7.07,2
PureGlow Soaps International (Fictional Dummy Company),Global Manufacturing Head - PureGlow Soaps,Asia,China,Shenzhen,FCT008,Shenzhen Soap Plant,LN0023,Line-2,2026-07-07 11:00:00,2026-07-07,11,Morning,Aloe Vera Liquid Soap,1.02,60.0,15.8,Changeover/Setup,44.2,61,46,1,45,2.93,97.83,75.41,73.67,102.03,73.53,4.11,26.21,2
PureGlow Soaps International (Fictional Dummy Company),Global Manufacturing Head - PureGlow Soaps,Asia,China,Shenzhen,FCT008,Shenzhen Soap Plant,LN0024,Line-3,2026-07-07 11:00:00,2026-07-07,11,Morning,Rose Bar Soap,1.43,60.0,0.1,No Downtime,59.9,86,74,4,70,5.16,94.59,86.05,99.83,86.39,81.58,7.87,34.71,2
PureGlow Soaps International (Fictional Dummy Company),Global Manufacturing Head - PureGlow Soaps,Asia,China,Shenzhen,FCT008,Shenzhen Soap Plant,LN0022,Line-1,2026-07-07 12:00:00,2026-07-07,12,Morning,Aloe Vera Liquid Soap,1.65,60.0,1.6,No Downtime,58.4,99,81,2,79,2.89,97.53,81.82,97.33,84.06,79.79,7.45,17.01,3
PureGlow Soaps International (Fictional Dummy Company),Global Manufacturing Head - PureGlow Soaps,Asia,China,Shenzhen,FCT008,Shenzhen Soap Plant,LN0023,Line-2,2026-07-07 12:00:00,2026-07-07,12,Morning,Aloe Vera Liquid Soap,1.02,60.0,12.3,Material Shortage,47.7,61,44,1,43,2.83,97.73,72.13,79.5,90.43,70.26,4.43,25.03,3
PureGlow Soaps International (Fictional Dummy Company),Global Manufacturing Head - PureGlow Soaps,Asia,China,Shenzhen,FCT008,Shenzhen Soap Plant,LN0024,Line-3,2026-07-07 12:00:00,2026-07-07,12,Morning,Rose Bar Soap,1.43,60.0,0.4,No Downtime,59.6,86,79,3,76,3.55,96.2,91.86,99.33,92.69,88.57,7.55,31.39,3
PureGlow Soaps International (Fictional Dummy Company),Global Manufacturing Head - PureGlow Soaps,Asia,China,Shenzhen,FCT008,Shenzhen Soap Plant,LN0022,Line-1,2026-07-07 13:00:00,2026-07-07,13,Morning,Aloe Vera Liquid Soap,1.65,60.0,34.1,Preventive Maintenance,25.9,99,43,0,43,1.09,100.0,43.43,43.17,100.62,43.44,4.42,7.29,3
PureGlow Soaps International (Fictional Dummy Company),Global Manufacturing Head - PureGlow Soaps,Asia,China,Shenzhen,FCT008,Shenzhen Soap Plant,LN0023,Line-2,2026-07-07 13:00:00,2026-07-07,13,Morning,Aloe Vera Liquid Soap,1.02,60.0,13.9,Material Shortage,46.1,61,43,2,41,3.56,95.35,70.49,76.83,91.45,66.99,4.25,24.23,2
PureGlow Soaps International (Fictional Dummy Company),Global Manufacturing Head - PureGlow Soaps,Asia,China,Shenzhen,FCT008,Shenzhen Soap Plant,LN0024,Line-3,2026-07-07 13:00:00,2026-07-07,13,Morning,Rose Bar Soap,1.43,60.0,15.8,Changeover/Setup,44.2,86,55,2,53,3.92,96.36,63.95,73.67,87.02,61.77,5.46,27.92,2
PureGlow Soaps International (Fictional Dummy Company),Global Manufacturing Head - PureGlow Soaps,Asia,China,Shenzhen,FCT008,Shenzhen Soap Plant,LN0022,Line-1,2026-07-07 14:00:00,2026-07-07,14,Afternoon,Aloe Vera Liquid Soap,1.65,60.0,28.3,Power Outage,31.7,99,47,2,45,3.59,95.74,47.47,52.83,89.86,45.45,5.15,8.4,3
PureGlow Soaps International (Fictional Dummy Company),Global Manufacturing Head - PureGlow Soaps,Asia,China,Shenzhen,FCT008,Shenzhen Soap Plant,LN0023,Line-2,2026-07-07 14:00:00,2026-07-07,14,Afternoon,Aloe Vera Liquid Soap,1.02,60.0,8.9,Changeover/Setup,51.1,61,46,0,46,0.75,100.0,75.41,85.17,88.25,75.16,4.23,29.38,1
PureGlow Soaps International (Fictional Dummy Company),Global Manufacturing Head - PureGlow Soaps,Asia,China,Shenzhen,FCT008,Shenzhen Soap Plant,LN0024,Line-3,2026-07-07 14:00:00,2026-07-07,14,Afternoon,Rose Bar Soap,1.43,60.0,21.9,Power Outage,38.1,86,45,1,44,1.24,97.78,52.33,63.5,82.59,51.28,4.29,21.9,2
PureGlow Soaps International (Fictional Dummy Company),Global Manufacturing Head - PureGlow Soaps,Asia,China,Shenzhen,FCT008,Shenzhen Soap Plant,LN0022,Line-1,2026-07-07 15:00:00,2026-07-07,15,Afternoon,Aloe Vera Liquid Soap,1.65,60.0,10.2,Changeover/Setup,49.8,99,71,3,68,4.07,95.77,71.72,83.0,86.41,68.69,6.17,14.3,1
PureGlow Soaps International (Fictional Dummy Company),Global Manufacturing Head - PureGlow Soaps,Asia,China,Shenzhen,FCT008,Shenzhen Soap Plant,LN0023,Line-2,2026-07-07 15:00:00,2026-07-07,15,Afternoon,Aloe Vera Liquid Soap,1.02,60.0,3.1,No Downtime,56.9,61,60,2,58,2.96,96.67,98.36,94.83,103.38,94.77,5.6,34.69,1
PureGlow Soaps International (Fictional Dummy Company),Global Manufacturing Head - PureGlow Soaps,Asia,China,Shenzhen,FCT008,Shenzhen Soap Plant,LN0024,Line-3,2026-07-07 15:00:00,2026-07-07,15,Afternoon,Rose Bar Soap,1.43,60.0,1.4,No Downtime,58.6,86,69,2,67,3.25,97.1,80.23,97.67,82.34,78.09,6.64,31.9,2
PureGlow Soaps International (Fictional Dummy Company),Global Manufacturing Head - PureGlow Soaps,Asia,China,Shenzhen,FCT008,Shenzhen Soap Plant,LN0022,Line-1,2026-07-07 16:00:00,2026-07-07,16,Afternoon,Aloe Vera Liquid Soap,1.65,60.0,23.5,Staff Shortage,36.5,99,48,1,47,2.31,97.92,48.48,60.83,79.7,47.47,5.04,9.79,1
PureGlow Soaps International (Fictional Dummy Company),Global Manufacturing Head - PureGlow Soaps,Asia,China,Shenzhen,FCT008,Shenzhen Soap Plant,LN0023,Line-2,2026-07-07 16:00:00,2026-07-07,16,Afternoon,Aloe Vera Liquid Soap,1.02,60.0,24.3,Preventive Maintenance,35.7,61,37,1,36,2.34,97.3,60.66,59.5,101.61,58.83,3.32,18.12,3
PureGlow Soaps International (Fictional Dummy Company),Global Manufacturing Head - PureGlow Soaps,Asia,China,Shenzhen,FCT008,Shenzhen Soap Plant,LN0024,Line-3,2026-07-07 16:00:00,2026-07-07,16,Afternoon,Rose Bar Soap,1.43,60.0,21.0,Machine Breakdown,39.0,86,45,2,43,4.57,95.56,52.33,65.0,80.69,50.12,4.29,23.76,3
PureGlow Soaps International (Fictional Dummy Company),Global Manufacturing Head - PureGlow Soaps,Asia,China,Shenzhen,FCT008,Shenzhen Soap Plant,LN0022,Line-1,2026-07-07 17:00:00,2026-07-07,17,Afternoon,Aloe Vera Liquid Soap,1.65,60.0,36.5,Preventive Maintenance,23.5,99,35,1,34,2.96,97.14,35.35,39.17,90.26,34.34,3.52,6.16,3
PureGlow Soaps International (Fictional Dummy Company),Global Manufacturing Head - PureGlow Soaps,Asia,China,Shenzhen,FCT008,Shenzhen Soap Plant,LN0023,Line-2,2026-07-07 17:00:00,2026-07-07,17,Afternoon,Aloe Vera Liquid Soap,1.02,60.0,12.1,Machine Breakdown,47.9,61,43,1,42,3.31,97.67,70.49,79.83,88.01,68.62,4.4,25.82,3
PureGlow Soaps International (Fictional Dummy Company),Global Manufacturing Head - PureGlow Soaps,Asia,China,Shenzhen,FCT008,Shenzhen Soap Plant,LN0024,Line-3,2026-07-07 17:00:00,2026-07-07,17,Afternoon,Rose Bar Soap,1.43,60.0,13.9,Staff Shortage,46.1,86,66,2,64,3.66,96.97,76.74,76.83,100.12,74.59,5.94,27.21,3
PureGlow Soaps International (Fictional Dummy Company),Global Manufacturing Head - PureGlow Soaps,Asia,China,Shenzhen,FCT008,Shenzhen Soap Plant,LN0022,Line-1,2026-07-07 18:00:00,2026-07-07,18,Afternoon,Aloe Vera Liquid Soap,1.65,60.0,31.8,Preventive Maintenance,28.2,99,46,1,45,3.21,97.83,46.46,47.0,98.86,45.46,5.0,8.2,1
PureGlow Soaps International (Fictional Dummy Company),Global Manufacturing Head - PureGlow Soaps,Asia,China,Shenzhen,FCT008,Shenzhen Soap Plant,LN0023,Line-2,2026-07-07 18:00:00,2026-07-07,18,Afternoon,Aloe Vera Liquid Soap,1.02,60.0,32.3,Preventive Maintenance,27.7,61,28,1,27,2.2,96.43,45.9,46.17,99.1,44.12,2.4,16.6,3
PureGlow Soaps International (Fictional Dummy Company),Global Manufacturing Head - PureGlow Soaps,Asia,China,Shenzhen,FCT008,Shenzhen Soap Plant,LN0024,Line-3,2026-07-07 18:00:00,2026-07-07,18,Afternoon,Rose Bar Soap,1.43,60.0,13.5,Material Shortage,46.5,86,67,1,66,1.76,98.51,77.91,77.5,100.76,76.93,5.86,28.13,2
PureGlow Soaps International (Fictional Dummy Company),Global Manufacturing Head - PureGlow Soaps,Asia,China,Shenzhen,FCT008,Shenzhen Soap Plant,LN0022,Line-1,2026-07-07 19:00:00,2026-07-07,19,Afternoon,Aloe Vera Liquid Soap,1.65,60.0,10.4,Power Outage,49.6,99,67,2,65,3.45,97.01,67.68,82.67,81.87,65.66,6.98,14.04,2
PureGlow Soaps International (Fictional Dummy Company),Global Manufacturing Head - PureGlow Soaps,Asia,China,Shenzhen,FCT008,Shenzhen Soap Plant,LN0023,Line-2,2026-07-07 19:00:00,2026-07-07,19,Afternoon,Aloe Vera Liquid Soap,1.02,60.0,11.4,Material Shortage,48.6,61,41,1,40,1.68,97.56,67.21,81.0,82.71,65.36,4.36,26.35,3
PureGlow Soaps International (Fictional Dummy Company),Global Manufacturing Head - PureGlow Soaps,Asia,China,Shenzhen,FCT008,Shenzhen Soap Plant,LN0024,Line-3,2026-07-07 19:00:00,2026-07-07,19,Afternoon,Rose Bar Soap,1.43,60.0,2.7,No Downtime,57.3,86,72,2,70,2.5,97.22,83.72,95.5,87.87,81.58,6.16,33.64,2
PureGlow Soaps International (Fictional Dummy Company),Global Manufacturing Head - PureGlow Soaps,Asia,China,Shenzhen,FCT008,Shenzhen Soap Plant,LN0022,Line-1,2026-07-07 20:00:00,2026-07-07,20,Afternoon,Aloe Vera Liquid Soap,1.65,60.0,1.7,No Downtime,58.3,99,83,1,82,0.99,98.8,83.84,97.17,86.28,82.83,7.63,14.87,2
PureGlow Soaps International (Fictional Dummy Company),Global Manufacturing Head - PureGlow Soaps,Asia,China,Shenzhen,FCT008,Shenzhen Soap Plant,LN0023,Line-2,2026-07-07 20:00:00,2026-07-07,20,Afternoon,Aloe Vera Liquid Soap,1.02,60.0,41.9,Machine Breakdown,18.1,61,16,0,16,0.52,100.0,26.23,30.17,86.66,26.15,1.36,9.33,2
PureGlow Soaps International (Fictional Dummy Company),Global Manufacturing Head - PureGlow Soaps,Asia,China,Shenzhen,FCT008,Shenzhen Soap Plant,LN0024,Line-3,2026-07-07 20:00:00,2026-07-07,20,Afternoon,Rose Bar Soap,1.43,60.0,20.2,Machine Breakdown,39.8,86,50,1,49,1.41,98.0,58.14,66.33,87.85,57.11,4.98,22.24,1
PureGlow Soaps International (Fictional Dummy Company),Global Manufacturing Head - PureGlow Soaps,Asia,China,Shenzhen,FCT008,Shenzhen Soap Plant,LN0022,Line-1,2026-07-07 21:00:00,2026-07-07,21,Afternoon,Aloe Vera Liquid Soap,1.65,60.0,20.3,Preventive Maintenance,39.7,99,56,3,53,4.78,94.64,56.57,66.17,85.49,53.54,5.18,10.08,1
PureGlow Soaps International (Fictional Dummy Company),Global Manufacturing Head - PureGlow Soaps,Asia,China,Shenzhen,FCT008,Shenzhen Soap Plant,LN0023,Line-2,2026-07-07 21:00:00,2026-07-07,21,Afternoon,Aloe Vera Liquid Soap,1.02,60.0,7.4,Quality Hold,52.6,61,48,5,43,10.76,89.58,78.69,87.67,89.47,70.27,4.21,30.65,1
PureGlow Soaps International (Fictional Dummy Company),Global Manufacturing Head - PureGlow Soaps,Asia,China,Shenzhen,FCT008,Shenzhen Soap Plant,LN0024,Line-3,2026-07-07 21:00:00,2026-07-07,21,Afternoon,Rose Bar Soap,1.43,60.0,9.8,Changeover/Setup,50.2,86,66,2,64,2.64,96.97,76.74,83.67,91.94,74.6,6.53,28.0,3
PureGlow Soaps International (Fictional Dummy Company),Global Manufacturing Head - PureGlow Soaps,Asia,China,Shenzhen,FCT008,Shenzhen Soap Plant,LN0022,Line-1,2026-07-07 22:00:00,2026-07-07,22,Night,Aloe Vera Liquid Soap,1.65,60.0,11.0,Quality Hold,49.0,99,81,7,74,8.08,91.36,81.82,81.67,100.19,74.76,7.25,11.97,3
PureGlow Soaps International (Fictional Dummy Company),Global Manufacturing Head - PureGlow Soaps,Asia,China,Shenzhen,FCT008,Shenzhen Soap Plant,LN0023,Line-2,2026-07-07 22:00:00,2026-07-07,22,Night,Aloe Vera Liquid Soap,1.02,60.0,21.7,Material Shortage,38.3,61,39,2,37,4.05,94.87,63.93,63.83,99.83,60.45,3.6,22.54,1
PureGlow Soaps International (Fictional Dummy Company),Global Manufacturing Head - PureGlow Soaps,Asia,China,Shenzhen,FCT008,Shenzhen Soap Plant,LN0024,Line-3,2026-07-07 22:00:00,2026-07-07,22,Night,Rose Bar Soap,1.43,60.0,28.8,Machine Breakdown,31.2,86,43,1,42,3.12,97.67,50.0,52.0,96.38,48.95,3.99,19.14,3
PureGlow Soaps International (Fictional Dummy Company),Global Manufacturing Head - PureGlow Soaps,Asia,China,Shenzhen,FCT008,Shenzhen Soap Plant,LN0022,Line-1,2026-07-07 23:00:00,2026-07-07,23,Night,Aloe Vera Liquid Soap,1.65,60.0,3.2,No Downtime,56.8,99,81,3,78,3.95,96.3,81.82,94.67,86.43,78.8,8.68,15.63,1
PureGlow Soaps International (Fictional Dummy Company),Global Manufacturing Head - PureGlow Soaps,Asia,China,Shenzhen,FCT008,Shenzhen Soap Plant,LN0023,Line-2,2026-07-07 23:00:00,2026-07-07,23,Night,Aloe Vera Liquid Soap,1.02,60.0,3.6,No Downtime,56.4,61,58,1,57,1.23,98.28,95.08,94.0,100.82,93.14,5.39,32.14,1
PureGlow Soaps International (Fictional Dummy Company),Global Manufacturing Head - PureGlow Soaps,Asia,China,Shenzhen,FCT008,Shenzhen Soap Plant,LN0024,Line-3,2026-07-07 23:00:00,2026-07-07,23,Night,Rose Bar Soap,1.43,60.0,4.0,No Downtime,56.0,86,81,1,80,1.54,98.77,94.19,93.33,101.15,93.24,7.62,33.76,3
PureGlow Soaps International (Fictional Dummy Company),Global Manufacturing Head - PureGlow Soaps,Asia,China,Shenzhen,FCT008,Shenzhen Soap Plant,LN0022,Line-1,2026-07-08 00:00:00,2026-07-08,0,Night,Lemon Bar Soap,1.65,60.0,17.4,Changeover/Setup,42.6,99,65,3,62,4.54,95.38,65.66,71.0,92.47,62.62,6.01,11.06,3
PureGlow Soaps International (Fictional Dummy Company),Global Manufacturing Head - PureGlow Soaps,Asia,China,Shenzhen,FCT008,Shenzhen Soap Plant,LN0023,Line-2,2026-07-08 00:00:00,2026-07-08,0,Night,Rose Bar Soap,1.02,60.0,0.8,No Downtime,59.2,61,54,2,52,3.09,96.3,88.52,98.67,89.43,84.98,5.18,31.37,2
PureGlow Soaps International (Fictional Dummy Company),Global Manufacturing Head - PureGlow Soaps,Asia,China,Shenzhen,FCT008,Shenzhen Soap Plant,LN0024,Line-3,2026-07-08 00:00:00,2026-07-08,0,Night,Rose Bar Soap,1.43,60.0,2.9,No Downtime,57.1,86,69,1,68,1.5,98.55,80.23,95.17,84.5,79.25,7.5,31.62,2
PureGlow Soaps International (Fictional Dummy Company),Global Manufacturing Head - PureGlow Soaps,Asia,China,Shenzhen,FCT008,Shenzhen Soap Plant,LN0022,Line-1,2026-07-08 01:00:00,2026-07-08,1,Night,Lemon Bar Soap,1.65,60.0,1.6,No Downtime,58.4,99,90,3,87,3.11,96.67,90.91,97.33,93.4,87.88,8.62,16.23,3
PureGlow Soaps International (Fictional Dummy Company),Global Manufacturing Head - PureGlow Soaps,Asia,China,Shenzhen,FCT008,Shenzhen Soap Plant,LN0023,Line-2,2026-07-08 01:00:00,2026-07-08,1,Night,Rose Bar Soap,1.02,60.0,1.3,No Downtime,58.7,61,50,2,48,3.88,96.0,81.97,97.83,83.51,78.43,4.88,30.3,3
PureGlow Soaps International (Fictional Dummy Company),Global Manufacturing Head - PureGlow Soaps,Asia,China,Shenzhen,FCT008,Shenzhen Soap Plant,LN0024,Line-3,2026-07-08 01:00:00,2026-07-08,1,Night,Rose Bar Soap,1.43,60.0,10.7,Material Shortage,49.3,86,69,3,66,4.59,95.65,80.23,82.17,97.87,76.92,6.74,27.66,1
PureGlow Soaps International (Fictional Dummy Company),Global Manufacturing Head - PureGlow Soaps,Asia,China,Shenzhen,FCT008,Shenzhen Soap Plant,LN0022,Line-1,2026-07-08 02:00:00,2026-07-08,2,Night,Lemon Bar Soap,1.65,60.0,2.8,No Downtime,57.2,99,85,3,82,2.97,96.47,85.86,95.33,90.06,82.82,8.31,14.98,3
PureGlow Soaps International (Fictional Dummy Company),Global Manufacturing Head - PureGlow Soaps,Asia,China,Shenzhen,FCT008,Shenzhen Soap Plant,LN0023,Line-2,2026-07-08 02:00:00,2026-07-08,2,Night,Rose Bar Soap,1.02,60.0,12.9,Material Shortage,47.1,61,43,0,43,0.59,100.0,70.49,78.5,89.51,70.27,4.34,28.7,3
PureGlow Soaps International (Fictional Dummy Company),Global Manufacturing Head - PureGlow Soaps,Asia,China,Shenzhen,FCT008,Shenzhen Soap Plant,LN0024,Line-3,2026-07-08 02:00:00,2026-07-08,2,Night,Rose Bar Soap,1.43,60.0,2.9,No Downtime,57.1,86,72,1,71,1.82,98.61,83.72,95.17,88.18,82.75,6.81,32.12,1
PureGlow Soaps International (Fictional Dummy Company),Global Manufacturing Head - PureGlow Soaps,Asia,China,Shenzhen,FCT008,Shenzhen Soap Plant,LN0022,Line-1,2026-07-08 03:00:00,2026-07-08,3,Night,Lemon Bar Soap,1.65,60.0,0.3,No Downtime,59.7,99,97,3,94,2.71,96.91,97.98,99.5,98.47,94.95,9.62,16.48,1
PureGlow Soaps International (Fictional Dummy Company),Global Manufacturing Head - PureGlow Soaps,Asia,China,Shenzhen,FCT008,Shenzhen Soap Plant,LN0023,Line-2,2026-07-08 03:00:00,2026-07-08,3,Night,Rose Bar Soap,1.02,60.0,31.7,Material Shortage,28.3,61,30,2,28,5.1,93.33,49.18,47.17,103.93,45.75,3.07,15.73,2
PureGlow Soaps International (Fictional Dummy Company),Global Manufacturing Head - PureGlow Soaps,Asia,China,Shenzhen,FCT008,Shenzhen Soap Plant,LN0024,Line-3,2026-07-08 03:00:00,2026-07-08,3,Night,Rose Bar Soap,1.43,60.0,27.9,Machine Breakdown,32.1,86,38,1,37,3.52,97.37,44.19,53.5,82.78,43.12,3.9,20.15,3
PureGlow Soaps International (Fictional Dummy Company),Global Manufacturing Head - PureGlow Soaps,Asia,China,Shenzhen,FCT008,Shenzhen Soap Plant,LN0022,Line-1,2026-07-08 04:00:00,2026-07-08,4,Night,Lemon Bar Soap,1.65,60.0,22.5,Material Shortage,37.5,99,62,1,61,1.38,98.39,62.63,62.5,100.2,61.62,5.67,10.71,3
PureGlow Soaps International (Fictional Dummy Company),Global Manufacturing Head - PureGlow Soaps,Asia,China,Shenzhen,FCT008,Shenzhen Soap Plant,LN0023,Line-2,2026-07-08 04:00:00,2026-07-08,4,Night,Rose Bar Soap,1.02,60.0,0.9,No Downtime,59.1,61,48,1,47,2.92,97.92,78.69,98.5,79.63,76.8,4.18,34.23,2
PureGlow Soaps International (Fictional Dummy Company),Global Manufacturing Head - PureGlow Soaps,Asia,China,Shenzhen,FCT008,Shenzhen Soap Plant,LN0024,Line-3,2026-07-08 04:00:00,2026-07-08,4,Night,Rose Bar Soap,1.43,60.0,2.5,No Downtime,57.5,86,74,1,73,0.9,98.65,86.05,95.83,90.0,85.08,7.0,32.8,1
PureGlow Soaps International (Fictional Dummy Company),Global Manufacturing Head - PureGlow Soaps,Asia,China,Shenzhen,FCT008,Shenzhen Soap Plant,LN0022,Line-1,2026-07-08 05:00:00,2026-07-08,5,Night,Lemon Bar Soap,1.65,60.0,1.0,No Downtime,59.0,99,97,3,94,2.76,96.91,97.98,98.33,99.64,94.95,9.5,14.61,1
PureGlow Soaps International (Fictional Dummy Company),Global Manufacturing Head - PureGlow Soaps,Asia,China,Shenzhen,FCT008,Shenzhen Soap Plant,LN0023,Line-2,2026-07-08 05:00:00,2026-07-08,5,Night,Rose Bar Soap,1.02,60.0,32.2,Preventive Maintenance,27.8,61,26,1,25,4.03,96.15,42.62,46.33,91.69,40.84,2.54,16.38,1
PureGlow Soaps International (Fictional Dummy Company),Global Manufacturing Head - PureGlow Soaps,Asia,China,Shenzhen,FCT008,Shenzhen Soap Plant,LN0024,Line-3,2026-07-08 05:00:00,2026-07-08,5,Night,Rose Bar Soap,1.43,60.0,0.5,No Downtime,59.5,86,82,3,79,3.58,96.34,95.35,99.17,96.37,92.07,8.66,36.79,3
PureGlow Soaps International (Fictional Dummy Company),Global Manufacturing Head - PureGlow Soaps,Asia,China,Shenzhen,FCT008,Shenzhen Soap Plant,LN0022,Line-1,2026-07-08 06:00:00,2026-07-08,6,Morning,Lemon Bar Soap,1.65,60.0,24.6,Machine Breakdown,35.4,99,51,2,49,4.52,96.08,51.52,59.0,87.31,49.49,5.4,9.69,3
PureGlow Soaps International (Fictional Dummy Company),Global Manufacturing Head - PureGlow Soaps,Asia,China,Shenzhen,FCT008,Shenzhen Soap Plant,LN0023,Line-2,2026-07-08 06:00:00,2026-07-08,6,Morning,Rose Bar Soap,1.02,60.0,14.1,Material Shortage,45.9,61,41,0,41,0.0,100.0,67.21,76.5,87.57,66.99,3.95,24.46,1
PureGlow Soaps International (Fictional Dummy Company),Global Manufacturing Head - PureGlow Soaps,Asia,China,Shenzhen,FCT008,Shenzhen Soap Plant,LN0024,Line-3,2026-07-08 06:00:00,2026-07-08,6,Morning,Rose Bar Soap,1.43,60.0,30.3,Material Shortage,29.7,86,37,1,36,2.06,97.3,43.02,49.5,87.12,41.96,3.26,15.62,1
PureGlow Soaps International (Fictional Dummy Company),Global Manufacturing Head - PureGlow Soaps,Asia,China,Shenzhen,FCT008,Shenzhen Soap Plant,LN0022,Line-1,2026-07-08 07:00:00,2026-07-08,7,Morning,Lemon Bar Soap,1.65,60.0,14.7,Changeover/Setup,45.3,99,73,2,71,3.42,97.26,73.74,75.5,97.67,71.72,6.9,11.5,1
PureGlow Soaps International (Fictional Dummy Company),Global Manufacturing Head - PureGlow Soaps,Asia,China,Shenzhen,FCT008,Shenzhen Soap Plant,LN0023,Line-2,2026-07-08 07:00:00,2026-07-08,7,Morning,Rose Bar Soap,1.02,60.0,18.6,Material Shortage,41.4,61,34,1,33,2.54,97.06,55.74,69.0,80.52,53.93,3.1,24.52,2
PureGlow Soaps International (Fictional Dummy Company),Global Manufacturing Head - PureGlow Soaps,Asia,China,Shenzhen,FCT008,Shenzhen Soap Plant,LN0024,Line-3,2026-07-08 07:00:00,2026-07-08,7,Morning,Rose Bar Soap,1.43,60.0,19.7,Changeover/Setup,40.3,86,56,3,53,4.88,94.64,65.12,67.17,97.17,61.77,5.79,22.52,1
PureGlow Soaps International (Fictional Dummy Company),Global Manufacturing Head - PureGlow Soaps,Asia,China,Shenzhen,FCT008,Shenzhen Soap Plant,LN0022,Line-1,2026-07-08 08:00:00,2026-07-08,8,Morning,Lemon Bar Soap,1.65,60.0,1.3,No Downtime,58.7,99,91,1,90,0.73,98.9,91.92,97.83,93.95,90.9,8.18,16.19,1
PureGlow Soaps International (Fictional Dummy Company),Global Manufacturing Head - PureGlow Soaps,Asia,China,Shenzhen,FCT008,Shenzhen Soap Plant,LN0023,Line-2,2026-07-08 08:00:00,2026-07-08,8,Morning,Rose Bar Soap,1.02,60.0,10.8,Changeover/Setup,49.2,61,45,0,45,0.65,100.0,73.77,82.0,89.67,73.53,3.93,27.07,2
PureGlow Soaps International (Fictional Dummy Company),Global Manufacturing Head - PureGlow Soaps,Asia,China,Shenzhen,FCT008,Shenzhen Soap Plant,LN0024,Line-3,2026-07-08 08:00:00,2026-07-08,8,Morning,Rose Bar Soap,1.43,60.0,22.6,Staff Shortage,37.4,86,44,0,44,0.12,100.0,51.16,62.33,82.27,51.28,3.93,23.14,3
PureGlow Soaps International (Fictional Dummy Company),Global Manufacturing Head - PureGlow Soaps,Asia,China,Shenzhen,FCT008,Shenzhen Soap Plant,LN0022,Line-1,2026-07-08 09:00:00,2026-07-08,9,Morning,Lemon Bar Soap,1.65,60.0,16.6,Material Shortage,43.4,99,57,2,55,3.38,96.49,57.58,72.33,79.6,55.55,5.27,11.55,3
PureGlow Soaps International (Fictional Dummy Company),Global Manufacturing Head - PureGlow Soaps,Asia,China,Shenzhen,FCT008,Shenzhen Soap Plant,LN0023,Line-2,2026-07-08 09:00:00,2026-07-08,9,Morning,Rose Bar Soap,1.02,60.0,11.8,Changeover/Setup,48.2,61,50,0,50,0.0,100.0,81.97,80.33,101.7,81.7,4.75,26.19,3
PureGlow Soaps International (Fictional Dummy Company),Global Manufacturing Head - PureGlow Soaps,Asia,China,Shenzhen,FCT008,Shenzhen Soap Plant,LN0024,Line-3,2026-07-08 09:00:00,2026-07-08,9,Morning,Rose Bar Soap,1.43,60.0,9.7,Quality Hold,50.3,86,63,4,59,6.28,93.65,73.26,83.83,87.59,68.76,5.86,30.71,3
PureGlow Soaps International (Fictional Dummy Company),Global Manufacturing Head - PureGlow Soaps,Asia,China,Shenzhen,FCT008,Shenzhen Soap Plant,LN0022,Line-1,2026-07-08 10:00:00,2026-07-08,10,Morning,Lemon Bar Soap,1.65,60.0,24.6,Preventive Maintenance,35.4,99,59,2,57,3.71,96.61,59.6,59.0,101.01,57.58,6.12,8.74,2
PureGlow Soaps International (Fictional Dummy Company),Global Manufacturing Head - PureGlow Soaps,Asia,China,Shenzhen,FCT008,Shenzhen Soap Plant,LN0023,Line-2,2026-07-08 10:00:00,2026-07-08,10,Morning,Rose Bar Soap,1.02,60.0,26.3,Machine Breakdown,33.7,61,30,2,28,6.06,93.33,49.18,56.17,87.28,45.76,2.78,18.31,2
PureGlow Soaps International (Fictional Dummy Company),Global Manufacturing Head - PureGlow Soaps,Asia,China,Shenzhen,FCT008,Shenzhen Soap Plant,LN0024,Line-3,2026-07-08 10:00:00,2026-07-08,10,Morning,Rose Bar Soap,1.43,60.0,21.2,Material Shortage,38.8,86,51,2,49,3.08,96.08,59.3,64.67,91.92,57.11,5.48,20.79,2
PureGlow Soaps International (Fictional Dummy Company),Global Manufacturing Head - PureGlow Soaps,Asia,China,Shenzhen,FCT008,Shenzhen Soap Plant,LN0022,Line-1,2026-07-08 11:00:00,2026-07-08,11,Morning,Lemon Bar Soap,1.65,60.0,9.3,Changeover/Setup,50.7,99,69,1,68,0.96,98.55,69.7,84.5,82.48,68.69,6.97,13.5,3
PureGlow Soaps International (Fictional Dummy Company),Global Manufacturing Head - PureGlow Soaps,Asia,China,Shenzhen,FCT008,Shenzhen Soap Plant,LN0023,Line-2,2026-07-08 11:00:00,2026-07-08,11,Morning,Rose Bar Soap,1.02,60.0,0.9,No Downtime,59.1,61,56,1,55,2.52,98.21,91.8,98.5,92.9,89.87,5.58,35.3,2
PureGlow Soaps International (Fictional Dummy Company),Global Manufacturing Head - PureGlow Soaps,Asia,China,Shenzhen,FCT008,Shenzhen Soap Plant,LN0024,Line-3,2026-07-08 11:00:00,2026-07-08,11,Morning,Rose Bar Soap,1.43,60.0,9.7,Changeover/Setup,50.3,86,73,2,71,3.04,97.26,84.88,83.83,101.49,82.75,7.91,30.64,3
PureGlow Soaps International (Fictional Dummy Company),Global Manufacturing Head - PureGlow Soaps,Asia,China,Shenzhen,FCT008,Shenzhen Soap Plant,LN0022,Line-1,2026-07-08 12:00:00,2026-07-08,12,Morning,Lemon Bar Soap,1.65,60.0,39.7,Machine Breakdown,20.3,99,29,1,28,2.6,96.55,29.29,33.83,86.58,28.28,2.88,5.98,1
PureGlow Soaps International (Fictional Dummy Company),Global Manufacturing Head - PureGlow Soaps,Asia,China,Shenzhen,FCT008,Shenzhen Soap Plant,LN0023,Line-2,2026-07-08 12:00:00,2026-07-08,12,Morning,Rose Bar Soap,1.02,60.0,19.3,Changeover/Setup,40.7,61,43,1,42,3.01,97.67,70.49,67.83,103.58,68.62,3.72,21.91,1
PureGlow Soaps International (Fictional Dummy Company),Global Manufacturing Head - PureGlow Soaps,Asia,China,Shenzhen,FCT008,Shenzhen Soap Plant,LN0024,Line-3,2026-07-08 12:00:00,2026-07-08,12,Morning,Rose Bar Soap,1.43,60.0,1.4,No Downtime,58.6,86,75,2,73,2.91,97.33,87.21,97.67,89.5,85.08,7.16,33.92,2
PureGlow Soaps International (Fictional Dummy Company),Global Manufacturing Head - PureGlow Soaps,Asia,China,Shenzhen,FCT008,Shenzhen Soap Plant,LN0022,Line-1,2026-07-08 13:00:00,2026-07-08,13,Morning,Lemon Bar Soap,1.65,60.0,1.0,No Downtime,59.0,99,96,4,92,4.03,95.83,96.97,98.33,98.61,92.92,9.33,15.35,2
PureGlow Soaps International (Fictional Dummy Company),Global Manufacturing Head - PureGlow Soaps,Asia,China,Shenzhen,FCT008,Shenzhen Soap Plant,LN0023,Line-2,2026-07-08 13:00:00,2026-07-08,13,Morning,Rose Bar Soap,1.02,60.0,3.2,No Downtime,56.8,61,52,2,50,3.27,96.15,85.25,94.67,89.75,81.7,4.44,32.91,1
PureGlow Soaps International (Fictional Dummy Company),Global Manufacturing Head - PureGlow Soaps,Asia,China,Shenzhen,FCT008,Shenzhen Soap Plant,LN0024,Line-3,2026-07-08 13:00:00,2026-07-08,13,Morning,Rose Bar Soap,1.43,60.0,38.7,Machine Breakdown,21.3,86,30,1,29,4.31,96.67,34.88,35.5,98.49,33.8,2.76,12.7,1
PureGlow Soaps International (Fictional Dummy Company),Global Manufacturing Head - PureGlow Soaps,Asia,China,Shenzhen,FCT008,Shenzhen Soap Plant,LN0022,Line-1,2026-07-08 14:00:00,2026-07-08,14,Afternoon,Lemon Bar Soap,1.65,60.0,1.6,No Downtime,58.4,99,87,3,84,2.97,96.55,87.88,97.33,90.29,84.85,8.79,17.17,2
PureGlow Soaps International (Fictional Dummy Company),Global Manufacturing Head - PureGlow Soaps,Asia,China,Shenzhen,FCT008,Shenzhen Soap Plant,LN0023,Line-2,2026-07-08 14:00:00,2026-07-08,14,Afternoon,Rose Bar Soap,1.02,60.0,1.7,No Downtime,58.3,61,49,2,47,4.42,95.92,80.33,97.17,82.4,76.8,4.54,33.99,1
PureGlow Soaps International (Fictional Dummy Company),Global Manufacturing Head - PureGlow Soaps,Asia,China,Shenzhen,FCT008,Shenzhen Soap Plant,LN0024,Line-3,2026-07-08 14:00:00,2026-07-08,14,Afternoon,Rose Bar Soap,1.43,60.0,18.9,Machine Breakdown,41.1,86,55,1,54,2.22,98.18,63.95,68.5,93.58,62.94,4.88,22.85,2
PureGlow Soaps International (Fictional Dummy Company),Global Manufacturing Head - PureGlow Soaps,Asia,China,Shenzhen,FCT008,Shenzhen Soap Plant,LN0022,Line-1,2026-07-08 15:00:00,2026-07-08,15,Afternoon,Lemon Bar Soap,1.65,60.0,39.4,Preventive Maintenance,20.6,99,30,2,28,5.93,93.33,30.3,34.33,88.26,28.28,2.97,5.08,1
PureGlow Soaps International (Fictional Dummy Company),Global Manufacturing Head - PureGlow Soaps,Asia,China,Shenzhen,FCT008,Shenzhen Soap Plant,LN0023,Line-2,2026-07-08 15:00:00,2026-07-08,15,Afternoon,Rose Bar Soap,1.02,60.0,13.2,Quality Hold,46.8,61,44,3,41,5.95,93.18,72.13,78.0,92.17,66.99,4.32,24.18,2
PureGlow Soaps International (Fictional Dummy Company),Global Manufacturing Head - PureGlow Soaps,Asia,China,Shenzhen,FCT008,Shenzhen Soap Plant,LN0024,Line-3,2026-07-08 15:00:00,2026-07-08,15,Afternoon,Rose Bar Soap,1.43,60.0,18.1,Staff Shortage,41.9,86,56,2,54,3.87,96.43,65.12,69.83,93.46,62.93,4.94,23.39,2
PureGlow Soaps International (Fictional Dummy Company),Global Manufacturing Head - PureGlow Soaps,Asia,China,Shenzhen,FCT008,Shenzhen Soap Plant,LN0022,Line-1,2026-07-08 16:00:00,2026-07-08,16,Afternoon,Lemon Bar Soap,1.65,60.0,0.3,No Downtime,59.7,99,100,7,93,6.53,93.0,101.01,99.5,101.52,93.94,10.45,17.37,2
PureGlow Soaps International (Fictional Dummy Company),Global Manufacturing Head - PureGlow Soaps,Asia,China,Shenzhen,FCT008,Shenzhen Soap Plant,LN0023,Line-2,2026-07-08 16:00:00,2026-07-08,16,Afternoon,Rose Bar Soap,1.02,60.0,1.5,No Downtime,58.5,61,55,1,54,1.86,98.18,90.16,97.5,92.17,88.23,4.88,32.25,1
PureGlow Soaps International (Fictional Dummy Company),Global Manufacturing Head - PureGlow Soaps,Asia,China,Shenzhen,FCT008,Shenzhen Soap Plant,LN0024,Line-3,2026-07-08 16:00:00,2026-07-08,16,Afternoon,Rose Bar Soap,1.43,60.0,2.2,No Downtime,57.8,86,79,2,77,2.55,97.47,91.86,96.33,95.58,89.74,6.85,33.22,1
PureGlow Soaps International (Fictional Dummy Company),Global Manufacturing Head - PureGlow Soaps,Asia,China,Shenzhen,FCT008,Shenzhen Soap Plant,LN0022,Line-1,2026-07-08 17:00:00,2026-07-08,17,Afternoon,Lemon Bar Soap,1.65,60.0,15.3,Machine Breakdown,44.7,99,73,3,70,4.6,95.89,73.74,74.5,98.98,70.71,6.4,11.37,3
PureGlow Soaps International (Fictional Dummy Company),Global Manufacturing Head - PureGlow Soaps,Asia,China,Shenzhen,FCT008,Shenzhen Soap Plant,LN0023,Line-2,2026-07-08 17:00:00,2026-07-08,17,Afternoon,Rose Bar Soap,1.02,60.0,34.0,Material Shortage,26.0,61,24,1,23,2.89,95.83,39.34,43.33,90.5,37.58,2.44,14.55,3
PureGlow Soaps International (Fictional Dummy Company),Global Manufacturing Head - PureGlow Soaps,Asia,China,Shenzhen,FCT008,Shenzhen Soap Plant,LN0024,Line-3,2026-07-08 17:00:00,2026-07-08,17,Afternoon,Rose Bar Soap,1.43,60.0,24.7,Staff Shortage,35.3,86,51,2,49,4.44,96.08,59.3,58.83,101.03,57.11,4.69,20.94,1
PureGlow Soaps International (Fictional Dummy Company),Global Manufacturing Head - PureGlow Soaps,Asia,China,Shenzhen,FCT008,Shenzhen Soap Plant,LN0022,Line-1,2026-07-08 18:00:00,2026-07-08,18,Afternoon,Lemon Bar Soap,1.65,60.0,2.5,No Downtime,57.5,99,92,3,89,3.78,96.74,92.93,95.83,96.97,89.9,8.71,15.78,3
PureGlow Soaps International (Fictional Dummy Company),Global Manufacturing Head - PureGlow Soaps,Asia,China,Shenzhen,FCT008,Shenzhen Soap Plant,LN0023,Line-2,2026-07-08 18:00:00,2026-07-08,18,Afternoon,Rose Bar Soap,1.02,60.0,14.4,Material Shortage,45.6,61,44,1,43,1.84,97.73,72.13,76.0,94.6,70.26,4.56,26.1,1
PureGlow Soaps International (Fictional Dummy Company),Global Manufacturing Head - PureGlow Soaps,Asia,China,Shenzhen,FCT008,Shenzhen Soap Plant,LN0024,Line-3,2026-07-08 18:00:00,2026-07-08,18,Afternoon,Rose Bar Soap,1.43,60.0,3.1,No Downtime,56.9,86,70,2,68,2.75,97.14,81.4,94.83,86.03,79.25,7.54,30.54,3
PureGlow Soaps International (Fictional Dummy Company),Global Manufacturing Head - PureGlow Soaps,Asia,China,Shenzhen,FCT008,Shenzhen Soap Plant,LN0022,Line-1,2026-07-08 19:00:00,2026-07-08,19,Afternoon,Lemon Bar Soap,1.65,60.0,0.6,No Downtime,59.4,99,85,4,81,4.42,95.29,85.86,99.0,86.73,81.82,8.78,16.16,1
PureGlow Soaps International (Fictional Dummy Company),Global Manufacturing Head - PureGlow Soaps,Asia,China,Shenzhen,FCT008,Shenzhen Soap Plant,LN0023,Line-2,2026-07-08 19:00:00,2026-07-08,19,Afternoon,Rose Bar Soap,1.02,60.0,3.5,No Downtime,56.5,61,58,3,55,5.27,94.83,95.08,94.17,100.64,89.87,5.3,30.7,1
PureGlow Soaps International (Fictional Dummy Company),Global Manufacturing Head - PureGlow Soaps,Asia,China,Shenzhen,FCT008,Shenzhen Soap Plant,LN0024,Line-3,2026-07-08 19:00:00,2026-07-08,19,Afternoon,Rose Bar Soap,1.43,60.0,13.4,Changeover/Setup,46.6,86,63,1,62,2.29,98.41,73.26,77.67,94.54,72.26,5.39,25.71,3
PureGlow Soaps International (Fictional Dummy Company),Global Manufacturing Head - PureGlow Soaps,Asia,China,Shenzhen,FCT008,Shenzhen Soap Plant,LN0022,Line-1,2026-07-08 20:00:00,2026-07-08,20,Afternoon,Lemon Bar Soap,1.65,60.0,6.6,Power Outage,53.4,99,79,0,79,0.49,100.0,79.8,89.0,89.66,79.8,7.77,14.69,3
PureGlow Soaps International (Fictional Dummy Company),Global Manufacturing Head - PureGlow Soaps,Asia,China,Shenzhen,FCT008,Shenzhen Soap Plant,LN0023,Line-2,2026-07-08 20:00:00,2026-07-08,20,Afternoon,Rose Bar Soap,1.02,60.0,0.6,No Downtime,59.4,61,56,2,54,3.58,96.43,91.8,99.0,92.43,88.24,5.47,36.11,1
PureGlow Soaps International (Fictional Dummy Company),Global Manufacturing Head - PureGlow Soaps,Asia,China,Shenzhen,FCT008,Shenzhen Soap Plant,LN0024,Line-3,2026-07-08 20:00:00,2026-07-08,20,Afternoon,Rose Bar Soap,1.43,60.0,15.5,Preventive Maintenance,44.5,86,64,1,63,0.94,98.44,74.42,74.17,100.57,73.43,5.99,26.37,3
PureGlow Soaps International (Fictional Dummy Company),Global Manufacturing Head - PureGlow Soaps,Asia,China,Shenzhen,FCT008,Shenzhen Soap Plant,LN0022,Line-1,2026-07-08 21:00:00,2026-07-08,21,Afternoon,Lemon Bar Soap,1.65,60.0,17.9,Quality Hold,42.1,99,58,6,52,9.53,89.66,58.59,70.17,83.5,52.53,5.21,10.41,3
PureGlow Soaps International (Fictional Dummy Company),Global Manufacturing Head - PureGlow Soaps,Asia,China,Shenzhen,FCT008,Shenzhen Soap Plant,LN0023,Line-2,2026-07-08 21:00:00,2026-07-08,21,Afternoon,Rose Bar Soap,1.02,60.0,21.5,Machine Breakdown,38.5,61,36,1,35,1.56,97.22,59.02,64.17,91.67,57.19,3.91,23.11,3
PureGlow Soaps International (Fictional Dummy Company),Global Manufacturing Head - PureGlow Soaps,Asia,China,Shenzhen,FCT008,Shenzhen Soap Plant,LN0024,Line-3,2026-07-08 21:00:00,2026-07-08,21,Afternoon,Rose Bar Soap,1.43,60.0,18.0,Staff Shortage,42.0,86,62,1,61,1.72,98.39,72.09,70.0,103.23,71.1,6.02,26.12,1
PureGlow Soaps International (Fictional Dummy Company),Global Manufacturing Head - PureGlow Soaps,Asia,China,Shenzhen,FCT008,Shenzhen Soap Plant,LN0022,Line-1,2026-07-08 22:00:00,2026-07-08,22,Night,Lemon Bar Soap,1.65,60.0,28.1,Power Outage,31.9,99,52,2,50,2.97,96.15,52.53,53.17,98.79,50.5,4.84,8.85,1
PureGlow Soaps International (Fictional Dummy Company),Global Manufacturing Head - PureGlow Soaps,Asia,China,Shenzhen,FCT008,Shenzhen Soap Plant,LN0023,Line-2,2026-07-08 22:00:00,2026-07-08,22,Night,Rose Bar Soap,1.02,60.0,0.8,No Downtime,59.2,61,53,2,51,3.96,96.23,86.89,98.67,87.77,83.34,4.59,35.72,3
PureGlow Soaps International (Fictional Dummy Company),Global Manufacturing Head - PureGlow Soaps,Asia,China,Shenzhen,FCT008,Shenzhen Soap Plant,LN0024,Line-3,2026-07-08 22:00:00,2026-07-08,22,Night,Rose Bar Soap,1.43,60.0,0.5,No Downtime,59.5,86,88,2,86,2.17,97.73,102.33,99.17,103.43,100.24,8.71,31.65,1
PureGlow Soaps International (Fictional Dummy Company),Global Manufacturing Head - PureGlow Soaps,Asia,China,Shenzhen,FCT008,Shenzhen Soap Plant,LN0022,Line-1,2026-07-08 23:00:00,2026-07-08,23,Night,Lemon Bar Soap,1.65,60.0,7.8,Quality Hold,52.2,99,75,5,70,7.28,93.33,75.76,87.0,87.08,70.71,7.1,13.18,3
PureGlow Soaps International (Fictional Dummy Company),Global Manufacturing Head - PureGlow Soaps,Asia,China,Shenzhen,FCT008,Shenzhen Soap Plant,LN0023,Line-2,2026-07-08 23:00:00,2026-07-08,23,Night,Rose Bar Soap,1.02,60.0,36.3,Machine Breakdown,23.7,61,22,0,22,1.43,100.0,36.07,39.5,91.01,35.95,1.9,13.09,1
PureGlow Soaps International (Fictional Dummy Company),Global Manufacturing Head - PureGlow Soaps,Asia,China,Shenzhen,FCT008,Shenzhen Soap Plant,LN0024,Line-3,2026-07-08 23:00:00,2026-07-08,23,Night,Rose Bar Soap,1.43,60.0,15.9,Quality Hold,44.1,86,62,5,57,8.58,91.94,72.09,73.5,98.31,66.43,5.5,27.69,1
PureGlow Soaps International (Fictional Dummy Company),Global Manufacturing Head - PureGlow Soaps,Asia,China,Shenzhen,FCT008,Shenzhen Soap Plant,LN0022,Line-1,2026-07-09 00:00:00,2026-07-09,0,Night,Lemon Bar Soap,1.65,60.0,11.4,Changeover/Setup,48.6,99,76,3,73,3.36,96.05,76.77,81.0,94.77,73.73,7.45,12.96,3
PureGlow Soaps International (Fictional Dummy Company),Global Manufacturing Head - PureGlow Soaps,Asia,China,Shenzhen,FCT008,Shenzhen Soap Plant,LN0023,Line-2,2026-07-09 00:00:00,2026-07-09,0,Night,Sandalwood Bar Soap,1.02,60.0,2.6,No Downtime,57.4,61,58,1,57,2.28,98.28,95.08,95.67,99.06,93.14,5.61,33.06,2
PureGlow Soaps International (Fictional Dummy Company),Global Manufacturing Head - PureGlow Soaps,Asia,China,Shenzhen,FCT008,Shenzhen Soap Plant,LN0024,Line-3,2026-07-09 00:00:00,2026-07-09,0,Night,Coconut Bar Soap,1.43,60.0,39.0,Preventive Maintenance,21.0,86,28,0,28,1.67,100.0,32.56,35.0,93.24,32.63,3.08,11.24,3
PureGlow Soaps International (Fictional Dummy Company),Global Manufacturing Head - PureGlow Soaps,Asia,China,Shenzhen,FCT008,Shenzhen Soap Plant,LN0022,Line-1,2026-07-09 01:00:00,2026-07-09,1,Night,Lemon Bar Soap,1.65,60.0,7.8,Changeover/Setup,52.2,99,86,2,84,2.17,97.67,86.87,87.0,99.85,84.85,8.98,14.66,1
PureGlow Soaps International (Fictional Dummy Company),Global Manufacturing Head - PureGlow Soaps,Asia,China,Shenzhen,FCT008,Shenzhen Soap Plant,LN0023,Line-2,2026-07-09 01:00:00,2026-07-09,1,Night,Sandalwood Bar Soap,1.02,60.0,0.3,No Downtime,59.7,61,52,1,51,2.86,98.08,85.25,99.5,85.39,83.33,5.02,31.41,1
PureGlow Soaps International (Fictional Dummy Company),Global Manufacturing Head - PureGlow Soaps,Asia,China,Shenzhen,FCT008,Shenzhen Soap Plant,LN0024,Line-3,2026-07-09 01:00:00,2026-07-09,1,Night,Coconut Bar Soap,1.43,60.0,10.4,Changeover/Setup,49.6,86,73,3,70,3.93,95.89,84.88,82.67,102.92,81.59,7.44,29.23,3
PureGlow Soaps International (Fictional Dummy Company),Global Manufacturing Head - PureGlow Soaps,Asia,China,Shenzhen,FCT008,Shenzhen Soap Plant,LN0022,Line-1,2026-07-09 02:00:00,2026-07-09,2,Night,Lemon Bar Soap,1.65,60.0,35.0,Material Shortage,25.0,99,40,0,40,0.89,100.0,40.4,41.67,96.97,40.41,3.76,7.1,3
PureGlow Soaps International (Fictional Dummy Company),Global Manufacturing Head - PureGlow Soaps,Asia,China,Shenzhen,FCT008,Shenzhen Soap Plant,LN0023,Line-2,2026-07-09 02:00:00,2026-07-09,2,Night,Sandalwood Bar Soap,1.02,60.0,1.1,No Downtime,58.9,61,61,2,59,3.66,96.72,100.0,98.17,101.53,96.4,6.27,32.38,3
PureGlow Soaps International (Fictional Dummy Company),Global Manufacturing Head - PureGlow Soaps,Asia,China,Shenzhen,FCT008,Shenzhen Soap Plant,LN0024,Line-3,2026-07-09 02:00:00,2026-07-09,2,Night,Coconut Bar Soap,1.43,60.0,3.4,No Downtime,56.6,86,83,2,81,2.83,97.59,96.51,94.33,102.55,94.4,7.72,33.46,3
PureGlow Soaps International (Fictional Dummy Company),Global Manufacturing Head - PureGlow Soaps,Asia,China,Shenzhen,FCT008,Shenzhen Soap Plant,LN0022,Line-1,2026-07-09 03:00:00,2026-07-09,3,Night,Lemon Bar Soap,1.65,60.0,13.0,Machine Breakdown,47.0,99,69,2,67,2.58,97.1,69.7,78.33,88.97,67.67,7.3,13.83,2
PureGlow Soaps International (Fictional Dummy Company),Global Manufacturing Head - PureGlow Soaps,Asia,China,Shenzhen,FCT008,Shenzhen Soap Plant,LN0023,Line-2,2026-07-09 03:00:00,2026-07-09,3,Night,Sandalwood Bar Soap,1.02,60.0,3.4,No Downtime,56.6,61,51,2,49,3.16,96.08,83.61,94.33,88.34,80.06,5.28,30.45,1
PureGlow Soaps International (Fictional Dummy Company),Global Manufacturing Head - PureGlow Soaps,Asia,China,Shenzhen,FCT008,Shenzhen Soap Plant,LN0024,Line-3,2026-07-09 03:00:00,2026-07-09,3,Night,Coconut Bar Soap,1.43,60.0,0.3,No Downtime,59.7,86,75,3,72,4.2,96.0,87.21,99.5,87.85,83.91,7.28,35.16,1
PureGlow Soaps International (Fictional Dummy Company),Global Manufacturing Head - PureGlow Soaps,Asia,China,Shenzhen,FCT008,Shenzhen Soap Plant,LN0022,Line-1,2026-07-09 04:00:00,2026-07-09,4,Night,Lemon Bar Soap,1.65,60.0,14.6,Material Shortage,45.4,99,71,1,70,1.55,98.59,71.72,75.67,94.78,70.71,7.66,12.05,1
PureGlow Soaps International (Fictional Dummy Company),Global Manufacturing Head - PureGlow Soaps,Asia,China,Shenzhen,FCT008,Shenzhen Soap Plant,LN0023,Line-2,2026-07-09 04:00:00,2026-07-09,4,Night,Sandalwood Bar Soap,1.02,60.0,16.3,Quality Hold,43.7,61,36,3,33,7.33,91.67,59.02,72.83,80.76,53.92,3.86,23.08,1
PureGlow Soaps International (Fictional Dummy Company),Global Manufacturing Head - PureGlow Soaps,Asia,China,Shenzhen,FCT008,Shenzhen Soap Plant,LN0024,Line-3,2026-07-09 04:00:00,2026-07-09,4,Night,Coconut Bar Soap,1.43,60.0,5.9,Changeover/Setup,54.1,86,70,3,67,4.13,95.71,81.4,90.17,90.48,78.09,6.74,31.27,1
PureGlow Soaps International (Fictional Dummy Company),Global Manufacturing Head - PureGlow Soaps,Asia,China,Shenzhen,FCT008,Shenzhen Soap Plant,LN0022,Line-1,2026-07-09 05:00:00,2026-07-09,5,Night,Lemon Bar Soap,1.65,60.0,2.1,No Downtime,57.9,99,86,1,85,1.31,98.84,86.87,96.5,90.02,85.86,7.47,14.76,2
PureGlow Soaps International (Fictional Dummy Company),Global Manufacturing Head - PureGlow Soaps,Asia,China,Shenzhen,FCT008,Shenzhen Soap Plant,LN0023,Line-2,2026-07-09 05:00:00,2026-07-09,5,Night,Sandalwood Bar Soap,1.02,60.0,15.0,Preventive Maintenance,45.0,61,41,2,39,5.66,95.12,67.21,75.0,89.32,63.72,3.64,24.85,2
PureGlow Soaps International (Fictional Dummy Company),Global Manufacturing Head - PureGlow Soaps,Asia,China,Shenzhen,FCT008,Shenzhen Soap Plant,LN0024,Line-3,2026-07-09 05:00:00,2026-07-09,5,Night,Coconut Bar Soap,1.43,60.0,1.8,No Downtime,58.2,86,81,0,81,0.35,100.0,94.19,97.0,97.33,94.41,7.0,32.72,1
PureGlow Soaps International (Fictional Dummy Company),Global Manufacturing Head - PureGlow Soaps,Asia,China,Shenzhen,FCT008,Shenzhen Soap Plant,LN0022,Line-1,2026-07-09 06:00:00,2026-07-09,6,Morning,Lemon Bar Soap,1.65,60.0,3.7,No Downtime,56.3,99,88,1,87,1.55,98.86,88.89,93.83,94.73,87.87,9.09,16.52,2
PureGlow Soaps International (Fictional Dummy Company),Global Manufacturing Head - PureGlow Soaps,Asia,China,Shenzhen,FCT008,Shenzhen Soap Plant,LN0023,Line-2,2026-07-09 06:00:00,2026-07-09,6,Morning,Sandalwood Bar Soap,1.02,60.0,14.8,Quality Hold,45.2,61,43,2,41,5.8,95.35,70.49,75.33,93.27,66.99,4.4,23.67,2
PureGlow Soaps International (Fictional Dummy Company),Global Manufacturing Head - PureGlow Soaps,Asia,China,Shenzhen,FCT008,Shenzhen Soap Plant,LN0024,Line-3,2026-07-09 06:00:00,2026-07-09,6,Morning,Coconut Bar Soap,1.43,60.0,1.6,No Downtime,58.4,86,82,1,81,1.33,98.78,95.35,97.33,98.19,94.4,7.87,32.98,1
PureGlow Soaps International (Fictional Dummy Company),Global Manufacturing Head - PureGlow Soaps,Asia,China,Shenzhen,FCT008,Shenzhen Soap Plant,LN0022,Line-1,2026-07-09 07:00:00,2026-07-09,7,Morning,Lemon Bar Soap,1.65,60.0,21.4,Staff Shortage,38.6,99,65,2,63,3.01,96.92,65.66,64.33,102.06,63.63,6.23,10.17,3
PureGlow Soaps International (Fictional Dummy Company),Global Manufacturing Head - PureGlow Soaps,Asia,China,Shenzhen,FCT008,Shenzhen Soap Plant,LN0023,Line-2,2026-07-09 07:00:00,2026-07-09,7,Morning,Sandalwood Bar Soap,1.02,60.0,1.1,No Downtime,58.9,61,54,2,52,4.19,96.3,88.52,98.17,89.88,84.97,5.59,34.58,2
PureGlow Soaps International (Fictional Dummy Company),Global Manufacturing Head - PureGlow Soaps,Asia,China,Shenzhen,FCT008,Shenzhen Soap Plant,LN0024,Line-3,2026-07-09 07:00:00,2026-07-09,7,Morning,Coconut Bar Soap,1.43,60.0,27.4,Machine Breakdown,32.6,86,44,2,42,3.9,95.45,51.16,54.33,94.38,48.94,4.47,19.96,1
PureGlow Soaps International (Fictional Dummy Company),Global Manufacturing Head - PureGlow Soaps,Asia,China,Shenzhen,FCT008,Shenzhen Soap Plant,LN0022,Line-1,2026-07-09 08:00:00,2026-07-09,8,Morning,Lemon Bar Soap,1.65,60.0,28.8,Preventive Maintenance,31.2,99,44,1,43,3.4,97.73,44.44,52.0,85.47,43.44,4.44,7.71,2
PureGlow Soaps International (Fictional Dummy Company),Global Manufacturing Head - PureGlow Soaps,Asia,China,Shenzhen,FCT008,Shenzhen Soap Plant,LN0023,Line-2,2026-07-09 08:00:00,2026-07-09,8,Morning,Sandalwood Bar Soap,1.02,60.0,1.8,No Downtime,58.2,61,56,1,55,1.82,98.21,91.8,97.0,94.33,89.86,5.16,34.3,1
PureGlow Soaps International (Fictional Dummy Company),Global Manufacturing Head - PureGlow Soaps,Asia,China,Shenzhen,FCT008,Shenzhen Soap Plant,LN0024,Line-3,2026-07-09 08:00:00,2026-07-09,8,Morning,Coconut Bar Soap,1.43,60.0,0.1,No Downtime,59.9,86,87,2,85,2.85,97.7,101.16,99.83,101.57,99.07,8.26,36.78,2
PureGlow Soaps International (Fictional Dummy Company),Global Manufacturing Head - PureGlow Soaps,Asia,China,Shenzhen,FCT008,Shenzhen Soap Plant,LN0022,Line-1,2026-07-09 09:00:00,2026-07-09,9,Morning,Lemon Bar Soap,1.65,60.0,5.8,Power Outage,54.2,99,77,2,75,2.6,97.4,77.78,90.33,86.1,75.75,7.73,15.65,2
PureGlow Soaps International (Fictional Dummy Company),Global Manufacturing Head - PureGlow Soaps,Asia,China,Shenzhen,FCT008,Shenzhen Soap Plant,LN0023,Line-2,2026-07-09 09:00:00,2026-07-09,9,Morning,Sandalwood Bar Soap,1.02,60.0,2.0,No Downtime,58.0,61,48,2,46,5.19,95.83,78.69,96.67,81.14,75.17,5.2,29.77,1
PureGlow Soaps International (Fictional Dummy Company),Global Manufacturing Head - PureGlow Soaps,Asia,China,Shenzhen,FCT008,Shenzhen Soap Plant,LN0024,Line-3,2026-07-09 09:00:00,2026-07-09,9,Morning,Coconut Bar Soap,1.43,60.0,3.8,No Downtime,56.2,86,70,3,67,4.17,95.71,81.4,93.67,87.1,78.09,7.04,34.29,2
PureGlow Soaps International (Fictional Dummy Company),Global Manufacturing Head - PureGlow Soaps,Asia,China,Shenzhen,FCT008,Shenzhen Soap Plant,LN0022,Line-1,2026-07-09 10:00:00,2026-07-09,10,Morning,Lemon Bar Soap,1.65,60.0,17.3,Preventive Maintenance,42.7,99,61,2,59,3.45,96.72,61.62,71.17,86.58,59.6,6.39,10.69,3
PureGlow Soaps International (Fictional Dummy Company),Global Manufacturing Head - PureGlow Soaps,Asia,China,Shenzhen,FCT008,Shenzhen Soap Plant,LN0023,Line-2,2026-07-09 10:00:00,2026-07-09,10,Morning,Sandalwood Bar Soap,1.02,60.0,19.6,Changeover/Setup,40.4,61,39,1,38,3.25,97.44,63.93,67.33,94.64,62.09,3.35,22.1,3
PureGlow Soaps International (Fictional Dummy Company),Global Manufacturing Head - PureGlow Soaps,Asia,China,Shenzhen,FCT008,Shenzhen Soap Plant,LN0024,Line-3,2026-07-09 10:00:00,2026-07-09,10,Morning,Coconut Bar Soap,1.43,60.0,4.0,No Downtime,56.0,86,81,3,78,4.28,96.3,94.19,93.33,101.15,90.91,8.06,32.95,2
PureGlow Soaps International (Fictional Dummy Company),Global Manufacturing Head - PureGlow Soaps,Asia,China,Shenzhen,FCT008,Shenzhen Soap Plant,LN0022,Line-1,2026-07-09 11:00:00,2026-07-09,11,Morning,Lemon Bar Soap,1.65,60.0,44.8,Machine Breakdown,15.2,99,21,1,20,3.62,95.24,21.21,25.33,83.73,20.2,1.94,3.85,2
PureGlow Soaps International (Fictional Dummy Company),Global Manufacturing Head - PureGlow Soaps,Asia,China,Shenzhen,FCT008,Shenzhen Soap Plant,LN0023,Line-2,2026-07-09 11:00:00,2026-07-09,11,Morning,Sandalwood Bar Soap,1.02,60.0,10.1,Quality Hold,49.9,61,52,5,47,8.87,90.38,85.25,83.17,102.17,76.8,4.57,29.86,1
PureGlow Soaps International (Fictional Dummy Company),Global Manufacturing Head - PureGlow Soaps,Asia,China,Shenzhen,FCT008,Shenzhen Soap Plant,LN0024,Line-3,2026-07-09 11:00:00,2026-07-09,11,Morning,Coconut Bar Soap,1.43,60.0,6.1,Changeover/Setup,53.9,86,70,3,67,3.73,95.71,81.4,89.83,90.82,78.08,6.17,29.72,3
PureGlow Soaps International (Fictional Dummy Company),Global Manufacturing Head - PureGlow Soaps,Asia,China,Shenzhen,FCT008,Shenzhen Soap Plant,LN0022,Line-1,2026-07-09 12:00:00,2026-07-09,12,Morning,Lemon Bar Soap,1.65,60.0,3.2,No Downtime,56.8,99,80,2,78,2.05,97.5,80.81,94.67,85.36,78.79,7.4,15.36,3
PureGlow Soaps International (Fictional Dummy Company),Global Manufacturing Head - PureGlow Soaps,Asia,China,Shenzhen,FCT008,Shenzhen Soap Plant,LN0023,Line-2,2026-07-09 12:00:00,2026-07-09,12,Morning,Sandalwood Bar Soap,1.02,60.0,19.2,Material Shortage,40.8,61,39,2,37,4.64,94.87,63.93,68.0,93.71,60.45,4.06,22.04,1
PureGlow Soaps International (Fictional Dummy Company),Global Manufacturing Head - PureGlow Soaps,Asia,China,Shenzhen,FCT008,Shenzhen Soap Plant,LN0024,Line-3,2026-07-09 12:00:00,2026-07-09,12,Morning,Coconut Bar Soap,1.43,60.0,17.6,Preventive Maintenance,42.4,86,55,2,53,3.33,96.36,63.95,70.67,90.71,61.77,5.71,26.19,1
PureGlow Soaps International (Fictional Dummy Company),Global Manufacturing Head - PureGlow Soaps,Asia,China,Shenzhen,FCT008,Shenzhen Soap Plant,LN0022,Line-1,2026-07-09 13:00:00,2026-07-09,13,Morning,Lemon Bar Soap,1.65,60.0,1.4,No Downtime,58.6,99,93,3,90,2.95,96.77,93.94,97.67,96.18,90.9,8.15,14.3,1
PureGlow Soaps International (Fictional Dummy Company),Global Manufacturing Head - PureGlow Soaps,Asia,China,Shenzhen,FCT008,Shenzhen Soap Plant,LN0023,Line-2,2026-07-09 13:00:00,2026-07-09,13,Morning,Sandalwood Bar Soap,1.02,60.0,0.8,No Downtime,59.2,61,58,1,57,1.21,98.28,95.08,98.67,96.05,93.14,5.96,30.51,3
PureGlow Soaps International (Fictional Dummy Company),Global Manufacturing Head - PureGlow Soaps,Asia,China,Shenzhen,FCT008,Shenzhen Soap Plant,LN0024,Line-3,2026-07-09 13:00:00,2026-07-09,13,Morning,Coconut Bar Soap,1.43,60.0,10.2,Power Outage,49.8,86,69,3,66,4.63,95.65,80.23,83.0,96.89,76.92,6.93,26.73,2
PureGlow Soaps International (Fictional Dummy Company),Global Manufacturing Head - PureGlow Soaps,Asia,China,Shenzhen,FCT008,Shenzhen Soap Plant,LN0022,Line-1,2026-07-09 14:00:00,2026-07-09,14,Afternoon,Lemon Bar Soap,1.65,60.0,19.3,Machine Breakdown,40.7,99,65,3,62,3.92,95.38,65.66,67.83,96.79,62.62,5.73,11.76,3
PureGlow Soaps International (Fictional Dummy Company),Global Manufacturing Head - PureGlow Soaps,Asia,China,Shenzhen,FCT008,Shenzhen Soap Plant,LN0023,Line-2,2026-07-09 14:00:00,2026-07-09,14,Afternoon,Sandalwood Bar Soap,1.02,60.0,36.7,Machine Breakdown,23.3,61,21,1,20,3.99,95.24,34.43,38.83,88.36,32.68,1.8,13.39,3
PureGlow Soaps International (Fictional Dummy Company),Global Manufacturing Head - PureGlow Soaps,Asia,China,Shenzhen,FCT008,Shenzhen Soap Plant,LN0024,Line-3,2026-07-09 14:00:00,2026-07-09,14,Afternoon,Coconut Bar Soap,1.43,60.0,3.3,No Downtime,56.7,86,65,2,63,3.13,96.92,75.58,94.5,80.17,73.43,6.59,35.21,1
PureGlow Soaps International (Fictional Dummy Company),Global Manufacturing Head - PureGlow Soaps,Asia,China,Shenzhen,FCT008,Shenzhen Soap Plant,LN0022,Line-1,2026-07-09 15:00:00,2026-07-09,15,Afternoon,Lemon Bar Soap,1.65,60.0,32.6,Preventive Maintenance,27.4,99,39,2,37,3.86,94.87,39.39,45.67,86.26,37.37,3.92,7.78,1
PureGlow Soaps International (Fictional Dummy Company),Global Manufacturing Head - PureGlow Soaps,Asia,China,Shenzhen,FCT008,Shenzhen Soap Plant,LN0023,Line-2,2026-07-09 15:00:00,2026-07-09,15,Afternoon,Sandalwood Bar Soap,1.02,60.0,15.4,Changeover/Setup,44.6,61,46,1,45,2.02,97.83,75.41,74.33,101.12,73.53,3.97,22.64,2
PureGlow Soaps International (Fictional Dummy Company),Global Manufacturing Head - PureGlow Soaps,Asia,China,Shenzhen,FCT008,Shenzhen Soap Plant,LN0024,Line-3,2026-07-09 15:00:00,2026-07-09,15,Afternoon,Coconut Bar Soap,1.43,60.0,21.8,Machine Breakdown,38.2,86,55,1,54,2.7,98.18,63.95,63.67,100.68,62.94,5.91,22.6,1
PureGlow Soaps International (Fictional Dummy Company),Global Manufacturing Head - PureGlow Soaps,Asia,China,Shenzhen,FCT008,Shenzhen Soap Plant,LN0022,Line-1,2026-07-09 16:00:00,2026-07-09,16,Afternoon,Lemon Bar Soap,1.65,60.0,19.6,Power Outage,40.4,99,54,2,52,3.29,96.3,54.55,67.33,81.01,52.53,5.73,10.8,1
PureGlow Soaps International (Fictional Dummy Company),Global Manufacturing Head - PureGlow Soaps,Asia,China,Shenzhen,FCT008,Shenzhen Soap Plant,LN0023,Line-2,2026-07-09 16:00:00,2026-07-09,16,Afternoon,Sandalwood Bar Soap,1.02,60.0,6.6,Changeover/Setup,53.4,61,52,0,52,0.59,100.0,85.25,89.0,95.47,84.97,4.6,27.75,3
PureGlow Soaps International (Fictional Dummy Company),Global Manufacturing Head - PureGlow Soaps,Asia,China,Shenzhen,FCT008,Shenzhen Soap Plant,LN0024,Line-3,2026-07-09 16:00:00,2026-07-09,16,Afternoon,Coconut Bar Soap,1.43,60.0,0.5,No Downtime,59.5,86,70,1,69,1.58,98.57,81.4,99.17,82.27,80.42,6.48,34.85,2
PureGlow Soaps International (Fictional Dummy Company),Global Manufacturing Head - PureGlow Soaps,Asia,China,Shenzhen,FCT008,Shenzhen Soap Plant,LN0022,Line-1,2026-07-09 17:00:00,2026-07-09,17,Afternoon,Lemon Bar Soap,1.65,60.0,0.7,No Downtime,59.3,99,97,1,96,1.33,98.97,97.98,98.83,99.14,96.97,10.62,16.27,3
PureGlow Soaps International (Fictional Dummy Company),Global Manufacturing Head - PureGlow Soaps,Asia,China,Shenzhen,FCT008,Shenzhen Soap Plant,LN0023,Line-2,2026-07-09 17:00:00,2026-07-09,17,Afternoon,Sandalwood Bar Soap,1.02,60.0,1.9,No Downtime,58.1,61,58,1,57,1.79,98.28,95.08,96.83,97.87,93.14,5.59,32.51,3
PureGlow Soaps International (Fictional Dummy Company),Global Manufacturing Head - PureGlow Soaps,Asia,China,Shenzhen,FCT008,Shenzhen Soap Plant,LN0024,Line-3,2026-07-09 17:00:00,2026-07-09,17,Afternoon,Coconut Bar Soap,1.43,60.0,17.0,Changeover/Setup,43.0,86,61,2,59,3.9,96.72,70.93,71.67,99.2,68.76,5.36,25.3,2
PureGlow Soaps International (Fictional Dummy Company),Global Manufacturing Head - PureGlow Soaps,Asia,China,Shenzhen,FCT008,Shenzhen Soap Plant,LN0022,Line-1,2026-07-09 18:00:00,2026-07-09,18,Afternoon,Lemon Bar Soap,1.65,60.0,43.5,Machine Breakdown,16.5,99,27,1,26,5.33,96.3,27.27,27.5,99.17,26.26,2.95,4.57,3
PureGlow Soaps International (Fictional Dummy Company),Global Manufacturing Head - PureGlow Soaps,Asia,China,Shenzhen,FCT008,Shenzhen Soap Plant,LN0023,Line-2,2026-07-09 18:00:00,2026-07-09,18,Afternoon,Sandalwood Bar Soap,1.02,60.0,38.4,Machine Breakdown,21.6,61,21,1,20,4.25,95.24,34.43,36.0,95.32,32.68,1.93,11.3,3
PureGlow Soaps International (Fictional Dummy Company),Global Manufacturing Head - PureGlow Soaps,Asia,China,Shenzhen,FCT008,Shenzhen Soap Plant,LN0024,Line-3,2026-07-09 18:00:00,2026-07-09,18,Afternoon,Coconut Bar Soap,1.43,60.0,42.8,Machine Breakdown,17.2,86,24,1,23,2.56,95.83,27.91,28.67,97.58,26.81,2.35,9.81,3
PureGlow Soaps International (Fictional Dummy Company),Global Manufacturing Head - PureGlow Soaps,Asia,China,Shenzhen,FCT008,Shenzhen Soap Plant,LN0022,Line-1,2026-07-09 19:00:00,2026-07-09,19,Afternoon,Lemon Bar Soap,1.65,60.0,14.5,Changeover/Setup,45.5,99,68,2,66,3.61,97.06,68.69,75.83,90.58,66.67,7.34,11.69,3
PureGlow Soaps International (Fictional Dummy Company),Global Manufacturing Head - PureGlow Soaps,Asia,China,Shenzhen,FCT008,Shenzhen Soap Plant,LN0023,Line-2,2026-07-09 19:00:00,2026-07-09,19,Afternoon,Sandalwood Bar Soap,1.02,60.0,24.4,Machine Breakdown,35.6,61,36,1,35,3.7,97.22,59.02,59.33,99.14,57.18,3.73,17.86,2
PureGlow Soaps International (Fictional Dummy Company),Global Manufacturing Head - PureGlow Soaps,Asia,China,Shenzhen,FCT008,Shenzhen Soap Plant,LN0024,Line-3,2026-07-09 19:00:00,2026-07-09,19,Afternoon,Coconut Bar Soap,1.43,60.0,3.6,No Downtime,56.4,86,69,2,67,2.59,97.1,80.23,94.0,85.55,78.08,7.45,34.48,3
PureGlow Soaps International (Fictional Dummy Company),Global Manufacturing Head - PureGlow Soaps,Asia,China,Shenzhen,FCT008,Shenzhen Soap Plant,LN0022,Line-1,2026-07-09 20:00:00,2026-07-09,20,Afternoon,Lemon Bar Soap,1.65,60.0,13.4,Changeover/Setup,46.6,99,79,2,77,1.93,97.47,79.8,77.67,102.74,77.78,8.39,12.67,1
PureGlow Soaps International (Fictional Dummy Company),Global Manufacturing Head - PureGlow Soaps,Asia,China,Shenzhen,FCT008,Shenzhen Soap Plant,LN0023,Line-2,2026-07-09 20:00:00,2026-07-09,20,Afternoon,Sandalwood Bar Soap,1.02,60.0,0.1,No Downtime,59.9,61,62,2,60,3.24,96.77,101.64,99.83,101.48,98.04,6.82,34.06,1
PureGlow Soaps International (Fictional Dummy Company),Global Manufacturing Head - PureGlow Soaps,Asia,China,Shenzhen,FCT008,Shenzhen Soap Plant,LN0024,Line-3,2026-07-09 20:00:00,2026-07-09,20,Afternoon,Coconut Bar Soap,1.43,60.0,1.6,No Downtime,58.4,86,80,0,80,0.26,100.0,93.02,97.33,95.79,93.23,7.83,36.97,1
PureGlow Soaps International (Fictional Dummy Company),Global Manufacturing Head - PureGlow Soaps,Asia,China,Shenzhen,FCT008,Shenzhen Soap Plant,LN0022,Line-1,2026-07-09 21:00:00,2026-07-09,21,Afternoon,Lemon Bar Soap,1.65,60.0,8.8,Changeover/Setup,51.2,99,87,3,84,3.58,96.55,87.88,85.33,102.98,84.84,8.0,14.51,3
PureGlow Soaps International (Fictional Dummy Company),Global Manufacturing Head - PureGlow Soaps,Asia,China,Shenzhen,FCT008,Shenzhen Soap Plant,LN0023,Line-2,2026-07-09 21:00:00,2026-07-09,21,Afternoon,Sandalwood Bar Soap,1.02,60.0,18.0,Material Shortage,42.0,61,37,2,35,4.28,94.59,60.66,70.0,86.37,57.19,3.78,25.61,2
PureGlow Soaps International (Fictional Dummy Company),Global Manufacturing Head - PureGlow Soaps,Asia,China,Shenzhen,FCT008,Shenzhen Soap Plant,LN0024,Line-3,2026-07-09 21:00:00,2026-07-09,21,Afternoon,Coconut Bar Soap,1.43,60.0,38.4,Preventive Maintenance,21.6,86,26,1,25,2.99,96.15,30.23,36.0,84.18,29.14,2.56,12.37,3
PureGlow Soaps International (Fictional Dummy Company),Global Manufacturing Head - PureGlow Soaps,Asia,China,Shenzhen,FCT008,Shenzhen Soap Plant,LN0022,Line-1,2026-07-09 22:00:00,2026-07-09,22,Night,Lemon Bar Soap,1.65,60.0,3.7,No Downtime,56.3,99,94,2,92,1.68,97.87,94.95,93.83,101.19,92.92,9.93,16.47,3
PureGlow Soaps International (Fictional Dummy Company),Global Manufacturing Head - PureGlow Soaps,Asia,China,Shenzhen,FCT008,Shenzhen Soap Plant,LN0023,Line-2,2026-07-09 22:00:00,2026-07-09,22,Night,Sandalwood Bar Soap,1.02,60.0,3.9,No Downtime,56.1,61,58,3,55,5.1,94.83,95.08,93.5,101.36,89.87,5.42,31.18,1
PureGlow Soaps International (Fictional Dummy Company),Global Manufacturing Head - PureGlow Soaps,Asia,China,Shenzhen,FCT008,Shenzhen Soap Plant,LN0024,Line-3,2026-07-09 22:00:00,2026-07-09,22,Night,Coconut Bar Soap,1.43,60.0,21.3,Preventive Maintenance,38.7,86,49,2,47,4.99,95.92,56.98,64.5,88.54,54.78,4.77,21.36,2
PureGlow Soaps International (Fictional Dummy Company),Global Manufacturing Head - PureGlow Soaps,Asia,China,Shenzhen,FCT008,Shenzhen Soap Plant,LN0022,Line-1,2026-07-09 23:00:00,2026-07-09,23,Night,Lemon Bar Soap,1.65,60.0,18.9,Changeover/Setup,41.1,99,62,3,59,4.81,95.16,62.63,68.5,91.43,59.6,5.84,10.27,2
PureGlow Soaps International (Fictional Dummy Company),Global Manufacturing Head - PureGlow Soaps,Asia,China,Shenzhen,FCT008,Shenzhen Soap Plant,LN0023,Line-2,2026-07-09 23:00:00,2026-07-09,23,Night,Sandalwood Bar Soap,1.02,60.0,0.2,No Downtime,59.8,61,49,1,48,1.03,97.96,80.33,99.67,80.33,78.43,4.48,33.48,1
PureGlow Soaps International (Fictional Dummy Company),Global Manufacturing Head - PureGlow Soaps,Asia,China,Shenzhen,FCT008,Shenzhen Soap Plant,LN0024,Line-3,2026-07-09 23:00:00,2026-07-09,23,Night,Coconut Bar Soap,1.43,60.0,1.1,No Downtime,58.9,86,77,2,75,2.07,97.4,89.53,98.17,91.42,87.41,7.28,35.59,1
PureGlow Soaps International (Fictional Dummy Company),Global Manufacturing Head - PureGlow Soaps,Asia,China,Shenzhen,FCT008,Shenzhen Soap Plant,LN0022,Line-1,2026-07-10 00:00:00,2026-07-10,0,Night,Neem Bar Soap,1.65,60.0,0.6,No Downtime,59.4,99,96,2,94,2.44,97.92,96.97,99.0,97.95,94.95,9.1,16.42,3
PureGlow Soaps International (Fictional Dummy Company),Global Manufacturing Head - PureGlow Soaps,Asia,China,Shenzhen,FCT008,Shenzhen Soap Plant,LN0023,Line-2,2026-07-10 00:00:00,2026-07-10,0,Night,Coconut Bar Soap,1.02,60.0,15.1,Machine Breakdown,44.9,61,45,1,44,2.34,97.78,73.77,74.83,98.26,71.9,4.75,23.76,3
PureGlow Soaps International (Fictional Dummy Company),Global Manufacturing Head - PureGlow Soaps,Asia,China,Shenzhen,FCT008,Shenzhen Soap Plant,LN0024,Line-3,2026-07-10 00:00:00,2026-07-10,0,Night,Sandalwood Bar Soap,1.43,60.0,21.8,Power Outage,38.2,86,52,2,50,3.01,96.15,60.47,63.67,95.19,58.27,5.55,21.12,1
PureGlow Soaps International (Fictional Dummy Company),Global Manufacturing Head - PureGlow Soaps,Asia,China,Shenzhen,FCT008,Shenzhen Soap Plant,LN0022,Line-1,2026-07-10 01:00:00,2026-07-10,1,Night,Neem Bar Soap,1.65,60.0,10.0,Changeover/Setup,50.0,99,75,2,73,3.1,97.33,75.76,83.33,90.91,73.73,7.4,13.47,3
PureGlow Soaps International (Fictional Dummy Company),Global Manufacturing Head - PureGlow Soaps,Asia,China,Shenzhen,FCT008,Shenzhen Soap Plant,LN0023,Line-2,2026-07-10 01:00:00,2026-07-10,1,Night,Coconut Bar Soap,1.02,60.0,17.9,Preventive Maintenance,42.1,61,38,1,37,3.14,97.37,62.3,70.17,88.49,60.46,3.33,21.97,3
PureGlow Soaps International (Fictional Dummy Company),Global Manufacturing Head - PureGlow Soaps,Asia,China,Shenzhen,FCT008,Shenzhen Soap Plant,LN0024,Line-3,2026-07-10 01:00:00,2026-07-10,1,Night,Sandalwood Bar Soap,1.43,60.0,6.4,Quality Hold,53.6,86,66,6,60,8.88,90.91,76.74,89.33,86.11,69.93,7.17,33.19,2
PureGlow Soaps International (Fictional Dummy Company),Global Manufacturing Head - PureGlow Soaps,Asia,China,Shenzhen,FCT008,Shenzhen Soap Plant,LN0022,Line-1,2026-07-10 02:00:00,2026-07-10,2,Night,Neem Bar Soap,1.65,60.0,1.8,No Downtime,58.2,99,90,3,87,3.73,96.67,90.91,97.0,93.72,87.88,8.02,15.99,1
PureGlow Soaps International (Fictional Dummy Company),Global Manufacturing Head - PureGlow Soaps,Asia,China,Shenzhen,FCT008,Shenzhen Soap Plant,LN0023,Line-2,2026-07-10 02:00:00,2026-07-10,2,Night,Coconut Bar Soap,1.02,60.0,0.4,No Downtime,59.6,61,55,1,54,2.08,98.18,90.16,99.33,90.47,88.23,4.83,32.22,3
PureGlow Soaps International (Fictional Dummy Company),Global Manufacturing Head - PureGlow Soaps,Asia,China,Shenzhen,FCT008,Shenzhen Soap Plant,LN0024,Line-3,2026-07-10 02:00:00,2026-07-10,2,Night,Sandalwood Bar Soap,1.43,60.0,8.7,Quality Hold,51.3,86,70,6,64,8.79,91.43,81.4,85.5,95.42,74.59,7.63,26.98,1
PureGlow Soaps International (Fictional Dummy Company),Global Manufacturing Head - PureGlow Soaps,Asia,China,Shenzhen,FCT008,Shenzhen Soap Plant,LN0022,Line-1,2026-07-10 03:00:00,2026-07-10,3,Night,Neem Bar Soap,1.65,60.0,1.0,No Downtime,59.0,99,83,2,81,2.57,97.59,83.84,98.33,85.26,81.82,8.3,15.21,3
PureGlow Soaps International (Fictional Dummy Company),Global Manufacturing Head - PureGlow Soaps,Asia,China,Shenzhen,FCT008,Shenzhen Soap Plant,LN0023,Line-2,2026-07-10 03:00:00,2026-07-10,3,Night,Coconut Bar Soap,1.02,60.0,21.0,Machine Breakdown,39.0,61,35,1,34,2.94,97.14,57.38,65.0,87.98,55.55,3.42,19.8,2
PureGlow Soaps International (Fictional Dummy Company),Global Manufacturing Head - PureGlow Soaps,Asia,China,Shenzhen,FCT008,Shenzhen Soap Plant,LN0024,Line-3,2026-07-10 03:00:00,2026-07-10,3,Night,Sandalwood Bar Soap,1.43,60.0,32.1,Preventive Maintenance,27.9,86,33,2,31,4.97,93.94,38.37,46.5,82.71,36.13,3.32,15.86,1
PureGlow Soaps International (Fictional Dummy Company),Global Manufacturing Head - PureGlow Soaps,Asia,China,Shenzhen,FCT008,Shenzhen Soap Plant,LN0022,Line-1,2026-07-10 04:00:00,2026-07-10,4,Night,Neem Bar Soap,1.65,60.0,0.6,No Downtime,59.4,99,80,1,79,1.54,98.75,80.81,99.0,81.62,79.79,8.61,15.21,2
PureGlow Soaps International (Fictional Dummy Company),Global Manufacturing Head - PureGlow Soaps,Asia,China,Shenzhen,FCT008,Shenzhen Soap Plant,LN0023,Line-2,2026-07-10 04:00:00,2026-07-10,4,Night,Coconut Bar Soap,1.02,60.0,13.8,Material Shortage,46.2,61,46,2,44,3.46,95.65,75.41,77.0,97.61,71.89,4.83,26.73,3
PureGlow Soaps International (Fictional Dummy Company),Global Manufacturing Head - PureGlow Soaps,Asia,China,Shenzhen,FCT008,Shenzhen Soap Plant,LN0024,Line-3,2026-07-10 04:00:00,2026-07-10,4,Night,Sandalwood Bar Soap,1.43,60.0,36.9,Machine Breakdown,23.1,86,30,0,30,1.24,100.0,34.88,38.5,90.82,34.97,2.74,13.51,1
PureGlow Soaps International (Fictional Dummy Company),Global Manufacturing Head - PureGlow Soaps,Asia,China,Shenzhen,FCT008,Shenzhen Soap Plant,LN0022,Line-1,2026-07-10 05:00:00,2026-07-10,5,Night,Neem Bar Soap,1.65,60.0,2.6,No Downtime,57.4,99,85,2,83,2.07,97.65,85.86,95.67,89.75,83.85,7.24,14.01,3
PureGlow Soaps International (Fictional Dummy Company),Global Manufacturing Head - PureGlow Soaps,Asia,China,Shenzhen,FCT008,Shenzhen Soap Plant,LN0023,Line-2,2026-07-10 05:00:00,2026-07-10,5,Night,Coconut Bar Soap,1.02,60.0,28.9,Material Shortage,31.1,61,32,1,31,2.23,96.88,52.46,51.83,100.88,50.65,2.77,16.81,1
PureGlow Soaps International (Fictional Dummy Company),Global Manufacturing Head - PureGlow Soaps,Asia,China,Shenzhen,FCT008,Shenzhen Soap Plant,LN0024,Line-3,2026-07-10 05:00:00,2026-07-10,5,Night,Sandalwood Bar Soap,1.43,60.0,1.8,No Downtime,58.2,86,75,1,74,1.51,98.67,87.21,97.0,90.12,86.25,6.93,36.81,1
PureGlow Soaps International (Fictional Dummy Company),Global Manufacturing Head - PureGlow Soaps,Asia,China,Shenzhen,FCT008,Shenzhen Soap Plant,LN0022,Line-1,2026-07-10 06:00:00,2026-07-10,6,Morning,Neem Bar Soap,1.65,60.0,1.0,No Downtime,59.0,99,86,4,82,4.82,95.35,86.87,98.33,88.34,82.83,7.41,15.27,3
PureGlow Soaps International (Fictional Dummy Company),Global Manufacturing Head - PureGlow Soaps,Asia,China,Shenzhen,FCT008,Shenzhen Soap Plant,LN0023,Line-2,2026-07-10 06:00:00,2026-07-10,6,Morning,Coconut Bar Soap,1.02,60.0,27.3,Material Shortage,32.7,61,29,1,28,2.28,96.55,47.54,54.5,86.95,45.75,2.65,18.41,2
PureGlow Soaps International (Fictional Dummy Company),Global Manufacturing Head - PureGlow Soaps,Asia,China,Shenzhen,FCT008,Shenzhen Soap Plant,LN0024,Line-3,2026-07-10 06:00:00,2026-07-10,6,Morning,Sandalwood Bar Soap,1.43,60.0,20.0,Machine Breakdown,40.0,86,48,2,46,5.02,95.83,55.81,66.67,83.92,53.62,4.99,21.95,1
PureGlow Soaps International (Fictional Dummy Company),Global Manufacturing Head - PureGlow Soaps,Asia,China,Shenzhen,FCT008,Shenzhen Soap Plant,LN0022,Line-1,2026-07-10 07:00:00,2026-07-10,7,Morning,Neem Bar Soap,1.65,60.0,1.6,No Downtime,58.4,99,82,3,79,3.86,96.34,82.83,97.33,85.1,79.8,7.41,14.1,3
PureGlow Soaps International (Fictional Dummy Company),Global Manufacturing Head - PureGlow Soaps,Asia,China,Shenzhen,FCT008,Shenzhen Soap Plant,LN0023,Line-2,2026-07-10 07:00:00,2026-07-10,7,Morning,Coconut Bar Soap,1.02,60.0,5.3,Changeover/Setup,54.7,61,48,1,47,2.78,97.92,78.69,91.17,86.03,76.8,4.86,29.88,3
PureGlow Soaps International (Fictional Dummy Company),Global Manufacturing Head - PureGlow Soaps,Asia,China,Shenzhen,FCT008,Shenzhen Soap Plant,LN0024,Line-3,2026-07-10 07:00:00,2026-07-10,7,Morning,Sandalwood Bar Soap,1.43,60.0,14.0,Machine Breakdown,46.0,86,59,1,58,1.03,98.31,68.6,76.67,89.69,67.6,5.48,28.74,2
PureGlow Soaps International (Fictional Dummy Company),Global Manufacturing Head - PureGlow Soaps,Asia,China,Shenzhen,FCT008,Shenzhen Soap Plant,LN0022,Line-1,2026-07-10 08:00:00,2026-07-10,8,Morning,Neem Bar Soap,1.65,60.0,11.0,Quality Hold,49.0,99,68,7,61,10.22,89.71,68.69,81.67,84.11,61.62,7.29,14.39,3
PureGlow Soaps International (Fictional Dummy Company),Global Manufacturing Head - PureGlow Soaps,Asia,China,Shenzhen,FCT008,Shenzhen Soap Plant,LN0023,Line-2,2026-07-10 08:00:00,2026-07-10,8,Morning,Coconut Bar Soap,1.02,60.0,1.2,No Downtime,58.8,61,54,1,53,2.43,98.15,88.52,98.0,90.04,86.61,5.28,29.66,1
PureGlow Soaps International (Fictional Dummy Company),Global Manufacturing Head - PureGlow Soaps,Asia,China,Shenzhen,FCT008,Shenzhen Soap Plant,LN0024,Line-3,2026-07-10 08:00:00,2026-07-10,8,Morning,Sandalwood Bar Soap,1.43,60.0,18.6,Changeover/Setup,41.4,86,51,1,50,1.41,98.04,59.3,69.0,86.15,58.28,4.71,25.61,3
PureGlow Soaps International (Fictional Dummy Company),Global Manufacturing Head - PureGlow Soaps,Asia,China,Shenzhen,FCT008,Shenzhen Soap Plant,LN0022,Line-1,2026-07-10 09:00:00,2026-07-10,9,Morning,Neem Bar Soap,1.65,60.0,2.2,No Downtime,57.8,99,85,1,84,1.71,98.82,85.86,96.33,89.13,84.85,8.76,16.64,1
PureGlow Soaps International (Fictional Dummy Company),Global Manufacturing Head - PureGlow Soaps,Asia,China,Shenzhen,FCT008,Shenzhen Soap Plant,LN0023,Line-2,2026-07-10 09:00:00,2026-07-10,9,Morning,Coconut Bar Soap,1.02,60.0,2.3,No Downtime,57.7,61,49,0,49,0.91,100.0,80.33,96.17,83.26,80.07,4.57,32.13,1
PureGlow Soaps International (Fictional Dummy Company),Global Manufacturing Head - PureGlow Soaps,Asia,China,Shenzhen,FCT008,Shenzhen Soap Plant,LN0024,Line-3,2026-07-10 09:00:00,2026-07-10,9,Morning,Sandalwood Bar Soap,1.43,60.0,25.6,Machine Breakdown,34.4,86,44,1,43,1.37,97.73,51.16,57.33,89.45,50.12,3.75,19.32,3
PureGlow Soaps International (Fictional Dummy Company),Global Manufacturing Head - PureGlow Soaps,Asia,China,Shenzhen,FCT008,Shenzhen Soap Plant,LN0022,Line-1,2026-07-10 10:00:00,2026-07-10,10,Morning,Neem Bar Soap,1.65,60.0,8.8,Staff Shortage,51.2,99,76,3,73,4.02,96.05,76.77,85.33,89.96,73.73,6.71,13.79,3
PureGlow Soaps International (Fictional Dummy Company),Global Manufacturing Head - PureGlow Soaps,Asia,China,Shenzhen,FCT008,Shenzhen Soap Plant,LN0023,Line-2,2026-07-10 10:00:00,2026-07-10,10,Morning,Coconut Bar Soap,1.02,60.0,35.7,Preventive Maintenance,24.3,61,24,0,24,0.49,100.0,39.34,40.5,96.83,39.22,2.55,13.23,2
PureGlow Soaps International (Fictional Dummy Company),Global Manufacturing Head - PureGlow Soaps,Asia,China,Shenzhen,FCT008,Shenzhen Soap Plant,LN0024,Line-3,2026-07-10 10:00:00,2026-07-10,10,Morning,Sandalwood Bar Soap,1.43,60.0,7.8,Changeover/Setup,52.2,86,72,2,70,2.88,97.22,83.72,87.0,96.46,81.59,7.41,27.84,3
PureGlow Soaps International (Fictional Dummy Company),Global Manufacturing Head - PureGlow Soaps,Asia,China,Shenzhen,FCT008,Shenzhen Soap Plant,LN0022,Line-1,2026-07-10 11:00:00,2026-07-10,11,Morning,Neem Bar Soap,1.65,60.0,20.7,Material Shortage,39.3,99,64,4,60,6.65,93.75,64.65,65.5,98.7,60.61,6.29,10.22,1
PureGlow Soaps International (Fictional Dummy Company),Global Manufacturing Head - PureGlow Soaps,Asia,China,Shenzhen,FCT008,Shenzhen Soap Plant,LN0023,Line-2,2026-07-10 11:00:00,2026-07-10,11,Morning,Coconut Bar Soap,1.02,60.0,22.5,Power Outage,37.5,61,31,1,30,2.13,96.77,50.82,62.5,81.05,49.02,3.02,21.62,1
PureGlow Soaps International (Fictional Dummy Company),Global Manufacturing Head - PureGlow Soaps,Asia,China,Shenzhen,FCT008,Shenzhen Soap Plant,LN0024,Line-3,2026-07-10 11:00:00,2026-07-10,11,Morning,Sandalwood Bar Soap,1.43,60.0,13.1,Changeover/Setup,46.9,86,64,2,62,3.51,96.88,74.42,78.17,95.43,72.27,6.13,29.0,3
PureGlow Soaps International (Fictional Dummy Company),Global Manufacturing Head - PureGlow Soaps,Asia,China,Shenzhen,FCT008,Shenzhen Soap Plant,LN0022,Line-1,2026-07-10 12:00:00,2026-07-10,12,Morning,Neem Bar Soap,1.65,60.0,10.4,Staff Shortage,49.6,99,70,4,66,5.17,94.29,70.71,82.67,85.53,66.67,7.36,14.37,1
PureGlow Soaps International (Fictional Dummy Company),Global Manufacturing Head - PureGlow Soaps,Asia,China,Shenzhen,FCT008,Shenzhen Soap Plant,LN0023,Line-2,2026-07-10 12:00:00,2026-07-10,12,Morning,Coconut Bar Soap,1.02,60.0,20.9,Preventive Maintenance,39.1,61,36,1,35,3.73,97.22,59.02,65.17,90.27,57.19,3.43,21.17,3
PureGlow Soaps International (Fictional Dummy Company),Global Manufacturing Head - PureGlow Soaps,Asia,China,Shenzhen,FCT008,Shenzhen Soap Plant,LN0024,Line-3,2026-07-10 12:00:00,2026-07-10,12,Morning,Sandalwood Bar Soap,1.43,60.0,19.3,Changeover/Setup,40.7,86,51,2,49,4.42,96.08,59.3,67.83,87.63,57.11,4.56,25.67,2
PureGlow Soaps International (Fictional Dummy Company),Global Manufacturing Head - PureGlow Soaps,Asia,China,Shenzhen,FCT008,Shenzhen Soap Plant,LN0022,Line-1,2026-07-10 13:00:00,2026-07-10,13,Morning,Neem Bar Soap,1.65,60.0,2.1,No Downtime,57.9,99,96,6,90,5.96,93.75,96.97,96.5,100.49,90.91,10.08,16.03,1
PureGlow Soaps International (Fictional Dummy Company),Global Manufacturing Head - PureGlow Soaps,Asia,China,Shenzhen,FCT008,Shenzhen Soap Plant,LN0023,Line-2,2026-07-10 13:00:00,2026-07-10,13,Morning,Coconut Bar Soap,1.02,60.0,5.7,Quality Hold,54.3,61,50,4,46,8.86,92.0,81.97,90.5,90.28,75.17,5.25,29.65,3
PureGlow Soaps International (Fictional Dummy Company),Global Manufacturing Head - PureGlow Soaps,Asia,China,Shenzhen,FCT008,Shenzhen Soap Plant,LN0024,Line-3,2026-07-10 13:00:00,2026-07-10,13,Morning,Sandalwood Bar Soap,1.43,60.0,12.0,Changeover/Setup,48.0,86,56,2,54,3.28,96.43,65.12,80.0,81.59,62.94,5.24,26.09,3
PureGlow Soaps International (Fictional Dummy Company),Global Manufacturing Head - PureGlow Soaps,Asia,China,Shenzhen,FCT008,Shenzhen Soap Plant,LN0022,Line-1,2026-07-10 14:00:00,2026-07-10,14,Afternoon,Neem Bar Soap,1.65,60.0,1.1,No Downtime,58.9,99,80,4,76,5.57,95.0,80.81,98.17,82.32,76.77,8.41,14.23,3
PureGlow Soaps International (Fictional Dummy Company),Global Manufacturing Head - PureGlow Soaps,Asia,China,Shenzhen,FCT008,Shenzhen Soap Plant,LN0023,Line-2,2026-07-10 14:00:00,2026-07-10,14,Afternoon,Coconut Bar Soap,1.02,60.0,12.0,Changeover/Setup,48.0,61,46,1,45,2.71,97.83,75.41,80.0,93.95,73.53,4.34,26.21,1
PureGlow Soaps International (Fictional Dummy Company),Global Manufacturing Head - PureGlow Soaps,Asia,China,Shenzhen,FCT008,Shenzhen Soap Plant,LN0024,Line-3,2026-07-10 14:00:00,2026-07-10,14,Afternoon,Sandalwood Bar Soap,1.43,60.0,0.9,No Downtime,59.1,86,73,2,71,2.16,97.26,84.88,98.5,86.38,82.75,6.38,31.94,3
PureGlow Soaps International (Fictional Dummy Company),Global Manufacturing Head - PureGlow Soaps,Asia,China,Shenzhen,FCT008,Shenzhen Soap Plant,LN0022,Line-1,2026-07-10 15:00:00,2026-07-10,15,Afternoon,Neem Bar Soap,1.65,60.0,1.6,No Downtime,58.4,99,78,1,77,0.7,98.72,78.79,97.33,80.95,77.78,7.69,15.35,1
PureGlow Soaps International (Fictional Dummy Company),Global Manufacturing Head - PureGlow Soaps,Asia,China,Shenzhen,FCT008,Shenzhen Soap Plant,LN0023,Line-2,2026-07-10 15:00:00,2026-07-10,15,Afternoon,Coconut Bar Soap,1.02,60.0,1.0,No Downtime,59.0,61,51,0,51,0.8,100.0,83.61,98.33,84.75,83.33,4.9,30.86,1
PureGlow Soaps International (Fictional Dummy Company),Global Manufacturing Head - PureGlow Soaps,Asia,China,Shenzhen,FCT008,Shenzhen Soap Plant,LN0024,Line-3,2026-07-10 15:00:00,2026-07-10,15,Afternoon,Sandalwood Bar Soap,1.43,60.0,2.8,No Downtime,57.2,86,78,1,77,1.71,98.72,90.7,95.33,95.36,89.74,8.48,32.65,1
PureGlow Soaps International (Fictional Dummy Company),Global Manufacturing Head - PureGlow Soaps,Asia,China,Shenzhen,FCT008,Shenzhen Soap Plant,LN0022,Line-1,2026-07-10 16:00:00,2026-07-10,16,Afternoon,Neem Bar Soap,1.65,60.0,9.1,Changeover/Setup,50.9,99,83,3,80,3.12,96.39,83.84,84.83,98.83,80.81,8.64,12.37,2
PureGlow Soaps International (Fictional Dummy Company),Global Manufacturing Head - PureGlow Soaps,Asia,China,Shenzhen,FCT008,Shenzhen Soap Plant,LN0023,Line-2,2026-07-10 16:00:00,2026-07-10,16,Afternoon,Coconut Bar Soap,1.02,60.0,17.5,Material Shortage,42.5,61,40,1,39,2.35,97.5,65.57,70.83,92.27,63.72,3.61,23.51,2
PureGlow Soaps International (Fictional Dummy Company),Global Manufacturing Head - PureGlow Soaps,Asia,China,Shenzhen,FCT008,Shenzhen Soap Plant,LN0024,Line-3,2026-07-10 16:00:00,2026-07-10,16,Afternoon,Sandalwood Bar Soap,1.43,60.0,14.2,Quality Hold,45.8,86,60,4,56,6.06,93.33,69.77,76.33,91.61,65.26,5.89,28.86,3
PureGlow Soaps International (Fictional Dummy Company),Global Manufacturing Head - PureGlow Soaps,Asia,China,Shenzhen,FCT008,Shenzhen Soap Plant,LN0022,Line-1,2026-07-10 17:00:00,2026-07-10,17,Afternoon,Neem Bar Soap,1.65,60.0,11.4,Changeover/Setup,48.6,99,74,3,71,3.66,95.95,74.75,81.0,92.28,71.72,8.02,13.7,2
PureGlow Soaps International (Fictional Dummy Company),Global Manufacturing Head - PureGlow Soaps,Asia,China,Shenzhen,FCT008,Shenzhen Soap Plant,LN0023,Line-2,2026-07-10 17:00:00,2026-07-10,17,Afternoon,Coconut Bar Soap,1.02,60.0,2.0,No Downtime,58.0,61,53,2,51,3.99,96.23,86.89,96.67,89.59,83.34,4.71,32.97,3
PureGlow Soaps International (Fictional Dummy Company),Global Manufacturing Head - PureGlow Soaps,Asia,China,Shenzhen,FCT008,Shenzhen Soap Plant,LN0024,Line-3,2026-07-10 17:00:00,2026-07-10,17,Afternoon,Sandalwood Bar Soap,1.43,60.0,2.4,No Downtime,57.6,86,69,3,66,3.71,95.65,80.23,96.0,83.77,76.92,6.94,30.34,3
PureGlow Soaps International (Fictional Dummy Company),Global Manufacturing Head - PureGlow Soaps,Asia,China,Shenzhen,FCT008,Shenzhen Soap Plant,LN0022,Line-1,2026-07-10 18:00:00,2026-07-10,18,Afternoon,Neem Bar Soap,1.65,60.0,14.3,Power Outage,45.7,99,74,2,72,2.95,97.3,74.75,76.17,98.14,72.73,7.79,11.73,3
PureGlow Soaps International (Fictional Dummy Company),Global Manufacturing Head - PureGlow Soaps,Asia,China,Shenzhen,FCT008,Shenzhen Soap Plant,LN0023,Line-2,2026-07-10 18:00:00,2026-07-10,18,Afternoon,Coconut Bar Soap,1.02,60.0,35.4,Preventive Maintenance,24.6,61,21,0,21,1.36,100.0,34.43,41.0,83.69,34.31,2.23,14.76,1
PureGlow Soaps International (Fictional Dummy Company),Global Manufacturing Head - PureGlow Soaps,Asia,China,Shenzhen,FCT008,Shenzhen Soap Plant,LN0024,Line-3,2026-07-10 18:00:00,2026-07-10,18,Afternoon,Sandalwood Bar Soap,1.43,60.0,1.8,No Downtime,58.2,86,70,4,66,5.09,94.29,81.4,97.0,84.11,76.93,7.25,36.28,1
PureGlow Soaps International (Fictional Dummy Company),Global Manufacturing Head - PureGlow Soaps,Asia,China,Shenzhen,FCT008,Shenzhen Soap Plant,LN0022,Line-1,2026-07-10 19:00:00,2026-07-10,19,Afternoon,Neem Bar Soap,1.65,60.0,15.8,Changeover/Setup,44.2,99,70,2,68,3.27,97.14,70.71,73.67,95.98,68.69,6.58,12.07,2
PureGlow Soaps International (Fictional Dummy Company),Global Manufacturing Head - PureGlow Soaps,Asia,China,Shenzhen,FCT008,Shenzhen Soap Plant,LN0023,Line-2,2026-07-10 19:00:00,2026-07-10,19,Afternoon,Coconut Bar Soap,1.02,60.0,0.5,No Downtime,59.5,61,54,2,52,3.65,96.3,88.52,99.17,88.98,84.98,5.49,30.11,1
PureGlow Soaps International (Fictional Dummy Company),Global Manufacturing Head - PureGlow Soaps,Asia,China,Shenzhen,FCT008,Shenzhen Soap Plant,LN0024,Line-3,2026-07-10 19:00:00,2026-07-10,19,Afternoon,Sandalwood Bar Soap,1.43,60.0,37.8,Machine Breakdown,22.2,86,28,1,27,2.35,96.43,32.56,37.0,88.2,31.47,2.8,11.75,2
PureGlow Soaps International (Fictional Dummy Company),Global Manufacturing Head - PureGlow Soaps,Asia,China,Shenzhen,FCT008,Shenzhen Soap Plant,LN0022,Line-1,2026-07-10 20:00:00,2026-07-10,20,Afternoon,Neem Bar Soap,1.65,60.0,12.0,Changeover/Setup,48.0,99,74,3,71,4.34,95.95,74.75,80.0,93.43,71.72,6.61,12.28,3
PureGlow Soaps International (Fictional Dummy Company),Global Manufacturing Head - PureGlow Soaps,Asia,China,Shenzhen,FCT008,Shenzhen Soap Plant,LN0023,Line-2,2026-07-10 20:00:00,2026-07-10,20,Afternoon,Coconut Bar Soap,1.02,60.0,12.7,Changeover/Setup,47.3,61,46,1,45,2.87,97.83,75.41,78.83,95.34,73.53,4.58,24.79,2
PureGlow Soaps International (Fictional Dummy Company),Global Manufacturing Head - PureGlow Soaps,Asia,China,Shenzhen,FCT008,Shenzhen Soap Plant,LN0024,Line-3,2026-07-10 20:00:00,2026-07-10,20,Afternoon,Sandalwood Bar Soap,1.43,60.0,1.4,No Downtime,58.6,86,70,2,68,2.63,97.14,81.4,97.67,83.53,79.25,6.44,35.31,2
PureGlow Soaps International (Fictional Dummy Company),Global Manufacturing Head - PureGlow Soaps,Asia,China,Shenzhen,FCT008,Shenzhen Soap Plant,LN0022,Line-1,2026-07-10 21:00:00,2026-07-10,21,Afternoon,Neem Bar Soap,1.65,60.0,14.0,Quality Hold,46.0,99,65,4,61,6.43,93.85,65.66,76.67,85.64,61.62,6.58,11.17,2
PureGlow Soaps International (Fictional Dummy Company),Global Manufacturing Head - PureGlow Soaps,Asia,China,Shenzhen,FCT008,Shenzhen Soap Plant,LN0023,Line-2,2026-07-10 21:00:00,2026-07-10,21,Afternoon,Coconut Bar Soap,1.02,60.0,22.1,Preventive Maintenance,37.9,61,34,1,33,3.15,97.06,55.74,63.17,87.95,53.92,3.28,22.05,3
PureGlow Soaps International (Fictional Dummy Company),Global Manufacturing Head - PureGlow Soaps,Asia,China,Shenzhen,FCT008,Shenzhen Soap Plant,LN0024,Line-3,2026-07-10 21:00:00,2026-07-10,21,Afternoon,Sandalwood Bar Soap,1.43,60.0,12.6,Changeover/Setup,47.4,86,69,1,68,0.77,98.55,80.23,79.0,101.8,79.26,6.11,28.63,1
PureGlow Soaps International (Fictional Dummy Company),Global Manufacturing Head - PureGlow Soaps,Asia,China,Shenzhen,FCT008,Shenzhen Soap Plant,LN0022,Line-1,2026-07-10 22:00:00,2026-07-10,22,Night,Neem Bar Soap,1.65,60.0,28.6,Machine Breakdown,31.4,99,53,0,53,0.0,100.0,53.54,52.33,102.3,53.53,5.5,9.15,3
PureGlow Soaps International (Fictional Dummy Company),Global Manufacturing Head - PureGlow Soaps,Asia,China,Shenzhen,FCT008,Shenzhen Soap Plant,LN0023,Line-2,2026-07-10 22:00:00,2026-07-10,22,Night,Coconut Bar Soap,1.02,60.0,32.7,Preventive Maintenance,27.3,61,24,1,23,5.16,95.83,39.34,45.5,86.19,37.58,2.38,14.35,2
PureGlow Soaps International (Fictional Dummy Company),Global Manufacturing Head - PureGlow Soaps,Asia,China,Shenzhen,FCT008,Shenzhen Soap Plant,LN0024,Line-3,2026-07-10 22:00:00,2026-07-10,22,Night,Sandalwood Bar Soap,1.43,60.0,1.1,No Downtime,58.9,86,84,3,81,3.45,96.43,97.67,98.17,99.73,94.41,8.55,31.91,3
PureGlow Soaps International (Fictional Dummy Company),Global Manufacturing Head - PureGlow Soaps,Asia,China,Shenzhen,FCT008,Shenzhen Soap Plant,LN0022,Line-1,2026-07-10 23:00:00,2026-07-10,23,Night,Neem Bar Soap,1.65,60.0,19.6,Staff Shortage,40.4,99,65,1,64,1.41,98.46,65.66,67.33,97.51,64.64,6.39,11.26,2
PureGlow Soaps International (Fictional Dummy Company),Global Manufacturing Head - PureGlow Soaps,Asia,China,Shenzhen,FCT008,Shenzhen Soap Plant,LN0023,Line-2,2026-07-10 23:00:00,2026-07-10,23,Night,Coconut Bar Soap,1.02,60.0,35.3,Preventive Maintenance,24.7,61,23,1,22,3.83,95.65,37.7,41.17,91.29,35.95,2.47,14.53,1
PureGlow Soaps International (Fictional Dummy Company),Global Manufacturing Head - PureGlow Soaps,Asia,China,Shenzhen,FCT008,Shenzhen Soap Plant,LN0024,Line-3,2026-07-10 23:00:00,2026-07-10,23,Night,Sandalwood Bar Soap,1.43,60.0,2.4,No Downtime,57.6,86,84,1,83,0.79,98.81,97.67,96.0,101.98,96.74,8.06,36.45,2
