Company,Global_Head,Continent,Country,City,Factory_ID,Factory_Name,Production_Line_ID,Production_Line_Name,Timestamp,Date,Hour_of_Day,Shift,Product_SKU,Rated_Speed_Units_per_Min,Planned_Runtime_Minutes,Downtime_Minutes,Downtime_Reason,Actual_Runtime_Minutes,Planned_Target_Units,Actual_Units_Produced,Rejected_Units,Good_Units,Defect_Rate_Percent,Quality_Score_Percent,Production_Attainment_Percent,Availability_Percent,Performance_Percent,OEE_Percent,Raw_Material_Consumed_Kg,Energy_Consumed_kWh,Operator_Count
PureGlow Soaps International (Fictional Dummy Company),Global Manufacturing Head - PureGlow Soaps,United States (North America),Mexico,Mexico City,FCT023,Mexico City Soap Plant,LN0067,Line-1,2026-07-01 00:00:00,2026-07-01,0,Night,Lemon Bar Soap,1.14,60.0,3.5,No Downtime,56.5,68,64,2,62,3.0,96.88,94.12,94.17,99.36,90.65,6.88,28.43,1
PureGlow Soaps International (Fictional Dummy Company),Global Manufacturing Head - PureGlow Soaps,United States (North America),Mexico,Mexico City,FCT023,Mexico City Soap Plant,LN0068,Line-2,2026-07-01 00:00:00,2026-07-01,0,Night,Coconut Bar Soap,1.19,60.0,32.9,Material Shortage,27.1,71,31,0,31,1.4,100.0,43.66,45.17,96.13,43.42,2.88,15.41,2
PureGlow Soaps International (Fictional Dummy Company),Global Manufacturing Head - PureGlow Soaps,United States (North America),Mexico,Mexico City,FCT023,Mexico City Soap Plant,LN0069,Line-3,2026-07-01 00:00:00,2026-07-01,0,Night,Lemon Bar Soap,1.47,60.0,1.7,No Downtime,58.3,88,75,2,73,2.11,97.33,85.23,97.17,87.51,82.76,7.75,13.45,1
PureGlow Soaps International (Fictional Dummy Company),Global Manufacturing Head - PureGlow Soaps,United States (North America),Mexico,Mexico City,FCT023,Mexico City Soap Plant,LN0067,Line-1,2026-07-01 01:00:00,2026-07-01,1,Night,Lemon Bar Soap,1.14,60.0,3.9,No Downtime,56.1,68,53,2,51,3.83,96.23,77.94,93.5,82.87,74.56,5.02,25.74,3
PureGlow Soaps International (Fictional Dummy Company),Global Manufacturing Head - PureGlow Soaps,United States (North America),Mexico,Mexico City,FCT023,Mexico City Soap Plant,LN0068,Line-2,2026-07-01 01:00:00,2026-07-01,1,Night,Coconut Bar Soap,1.19,60.0,1.2,No Downtime,58.8,71,59,1,58,0.94,98.31,83.1,98.0,84.32,81.24,6.23,35.8,2
PureGlow Soaps International (Fictional Dummy Company),Global Manufacturing Head - PureGlow Soaps,United States (North America),Mexico,Mexico City,FCT023,Mexico City Soap Plant,LN0069,Line-3,2026-07-01 01:00:00,2026-07-01,1,Night,Lemon Bar Soap,1.47,60.0,3.0,No Downtime,57.0,88,80,4,76,4.93,95.0,90.91,95.0,95.48,86.17,7.21,14.8,1
PureGlow Soaps International (Fictional Dummy Company),Global Manufacturing Head - PureGlow Soaps,United States (North America),Mexico,Mexico City,FCT023,Mexico City Soap Plant,LN0067,Line-1,2026-07-01 02:00:00,2026-07-01,2,Night,Lemon Bar Soap,1.14,60.0,16.9,Material Shortage,43.1,68,47,3,44,5.97,93.62,69.12,71.83,95.66,64.33,4.06,22.94,3
PureGlow Soaps International (Fictional Dummy Company),Global Manufacturing Head - PureGlow Soaps,United States (North America),Mexico,Mexico City,FCT023,Mexico City Soap Plant,LN0068,Line-2,2026-07-01 02:00:00,2026-07-01,2,Night,Coconut Bar Soap,1.19,60.0,16.9,Quality Hold,43.1,71,47,4,43,8.61,91.49,66.2,71.83,91.64,60.22,5.06,22.78,1
PureGlow Soaps International (Fictional Dummy Company),Global Manufacturing Head - PureGlow Soaps,United States (North America),Mexico,Mexico City,FCT023,Mexico City Soap Plant,LN0069,Line-3,2026-07-01 02:00:00,2026-07-01,2,Night,Lemon Bar Soap,1.47,60.0,37.9,Machine Breakdown,22.1,88,26,0,26,1.29,100.0,29.55,36.83,80.03,29.48,2.64,5.81,1
PureGlow Soaps International (Fictional Dummy Company),Global Manufacturing Head - PureGlow Soaps,United States (North America),Mexico,Mexico City,FCT023,Mexico City Soap Plant,LN0067,Line-1,2026-07-01 03:00:00,2026-07-01,3,Night,Lemon Bar Soap,1.14,60.0,7.1,Quality Hold,52.9,68,50,3,47,6.95,94.0,73.53,88.17,82.91,68.72,4.9,26.27,3
PureGlow Soaps International (Fictional Dummy Company),Global Manufacturing Head - PureGlow Soaps,United States (North America),Mexico,Mexico City,FCT023,Mexico City Soap Plant,LN0068,Line-2,2026-07-01 03:00:00,2026-07-01,3,Night,Coconut Bar Soap,1.19,60.0,28.8,Power Outage,31.2,71,31,1,30,1.83,96.77,43.66,52.0,83.49,42.01,3.02,16.78,2
PureGlow Soaps International (Fictional Dummy Company),Global Manufacturing Head - PureGlow Soaps,United States (North America),Mexico,Mexico City,FCT023,Mexico City Soap Plant,LN0069,Line-3,2026-07-01 03:00:00,2026-07-01,3,Night,Lemon Bar Soap,1.47,60.0,32.9,Machine Breakdown,27.1,88,37,1,36,2.12,97.3,42.05,45.17,92.88,40.82,3.87,7.03,3
PureGlow Soaps International (Fictional Dummy Company),Global Manufacturing Head - PureGlow Soaps,United States (North America),Mexico,Mexico City,FCT023,Mexico City Soap Plant,LN0067,Line-1,2026-07-01 04:00:00,2026-07-01,4,Night,Lemon Bar Soap,1.14,60.0,1.9,No Downtime,58.1,68,59,1,58,2.45,98.31,86.76,96.83,89.08,84.8,6.45,28.77,1
PureGlow Soaps International (Fictional Dummy Company),Global Manufacturing Head - PureGlow Soaps,United States (North America),Mexico,Mexico City,FCT023,Mexico City Soap Plant,LN0068,Line-2,2026-07-01 04:00:00,2026-07-01,4,Night,Coconut Bar Soap,1.19,60.0,17.2,Machine Breakdown,42.8,71,49,1,48,1.24,97.96,69.01,71.33,96.21,67.23,5.37,23.57,3
PureGlow Soaps International (Fictional Dummy Company),Global Manufacturing Head - PureGlow Soaps,United States (North America),Mexico,Mexico City,FCT023,Mexico City Soap Plant,LN0069,Line-3,2026-07-01 04:00:00,2026-07-01,4,Night,Lemon Bar Soap,1.47,60.0,2.8,No Downtime,57.2,88,86,3,83,3.91,96.51,97.73,95.33,102.28,94.1,8.51,15.1,1
PureGlow Soaps International (Fictional Dummy Company),Global Manufacturing Head - PureGlow Soaps,United States (North America),Mexico,Mexico City,FCT023,Mexico City Soap Plant,LN0067,Line-1,2026-07-01 05:00:00,2026-07-01,5,Night,Lemon Bar Soap,1.14,60.0,15.1,Changeover/Setup,44.9,68,43,2,41,5.29,95.35,63.24,74.83,84.01,59.94,4.72,22.14,2
PureGlow Soaps International (Fictional Dummy Company),Global Manufacturing Head - PureGlow Soaps,United States (North America),Mexico,Mexico City,FCT023,Mexico City Soap Plant,LN0068,Line-2,2026-07-01 05:00:00,2026-07-01,5,Night,Coconut Bar Soap,1.19,60.0,1.9,No Downtime,58.1,71,62,2,60,2.44,96.77,87.32,96.83,89.67,84.02,6.33,36.63,2
PureGlow Soaps International (Fictional Dummy Company),Global Manufacturing Head - PureGlow Soaps,United States (North America),Mexico,Mexico City,FCT023,Mexico City Soap Plant,LN0069,Line-3,2026-07-01 05:00:00,2026-07-01,5,Night,Lemon Bar Soap,1.47,60.0,17.5,Quality Hold,42.5,88,58,6,52,10.02,89.66,65.91,70.83,92.84,58.96,4.96,11.44,1
PureGlow Soaps International (Fictional Dummy Company),Global Manufacturing Head - PureGlow Soaps,United States (North America),Mexico,Mexico City,FCT023,Mexico City Soap Plant,LN0067,Line-1,2026-07-01 06:00:00,2026-07-01,6,Morning,Lemon Bar Soap,1.14,60.0,3.4,No Downtime,56.6,68,53,1,52,2.7,98.11,77.94,94.33,82.14,76.02,5.2,27.72,1
PureGlow Soaps International (Fictional Dummy Company),Global Manufacturing Head - PureGlow Soaps,United States (North America),Mexico,Mexico City,FCT023,Mexico City Soap Plant,LN0068,Line-2,2026-07-01 06:00:00,2026-07-01,6,Morning,Coconut Bar Soap,1.19,60.0,20.4,Material Shortage,39.6,71,46,1,45,3.2,97.83,64.79,66.0,97.61,63.02,4.04,22.49,3
PureGlow Soaps International (Fictional Dummy Company),Global Manufacturing Head - PureGlow Soaps,United States (North America),Mexico,Mexico City,FCT023,Mexico City Soap Plant,LN0069,Line-3,2026-07-01 06:00:00,2026-07-01,6,Morning,Lemon Bar Soap,1.47,60.0,24.1,Machine Breakdown,35.9,88,48,1,47,1.98,97.92,54.55,59.83,90.96,53.29,4.65,8.94,2
PureGlow Soaps International (Fictional Dummy Company),Global Manufacturing Head - PureGlow Soaps,United States (North America),Mexico,Mexico City,FCT023,Mexico City Soap Plant,LN0067,Line-1,2026-07-01 07:00:00,2026-07-01,7,Morning,Lemon Bar Soap,1.14,60.0,15.3,Changeover/Setup,44.7,68,49,2,47,3.65,95.92,72.06,74.5,96.16,68.72,4.83,20.1,3
PureGlow Soaps International (Fictional Dummy Company),Global Manufacturing Head - PureGlow Soaps,United States (North America),Mexico,Mexico City,FCT023,Mexico City Soap Plant,LN0068,Line-2,2026-07-01 07:00:00,2026-07-01,7,Morning,Coconut Bar Soap,1.19,60.0,2.3,No Downtime,57.7,71,63,1,62,1.97,98.41,88.73,96.17,91.75,86.83,6.75,30.21,1
PureGlow Soaps International (Fictional Dummy Company),Global Manufacturing Head - PureGlow Soaps,United States (North America),Mexico,Mexico City,FCT023,Mexico City Soap Plant,LN0069,Line-3,2026-07-01 07:00:00,2026-07-01,7,Morning,Lemon Bar Soap,1.47,60.0,38.2,Preventive Maintenance,21.8,88,31,1,30,3.03,96.77,35.23,36.33,96.74,34.01,2.67,5.57,3
PureGlow Soaps International (Fictional Dummy Company),Global Manufacturing Head - PureGlow Soaps,United States (North America),Mexico,Mexico City,FCT023,Mexico City Soap Plant,LN0067,Line-1,2026-07-01 08:00:00,2026-07-01,8,Morning,Lemon Bar Soap,1.14,60.0,19.8,Preventive Maintenance,40.2,68,42,1,41,1.95,97.62,61.76,67.0,91.65,59.94,3.72,20.34,1
PureGlow Soaps International (Fictional Dummy Company),Global Manufacturing Head - PureGlow Soaps,United States (North America),Mexico,Mexico City,FCT023,Mexico City Soap Plant,LN0068,Line-2,2026-07-01 08:00:00,2026-07-01,8,Morning,Coconut Bar Soap,1.19,60.0,18.0,Machine Breakdown,42.0,71,42,0,42,0.72,100.0,59.15,70.0,84.03,58.82,3.82,22.58,2
PureGlow Soaps International (Fictional Dummy Company),Global Manufacturing Head - PureGlow Soaps,United States (North America),Mexico,Mexico City,FCT023,Mexico City Soap Plant,LN0069,Line-3,2026-07-01 08:00:00,2026-07-01,8,Morning,Lemon Bar Soap,1.47,60.0,12.5,Changeover/Setup,47.5,88,65,1,64,2.07,98.46,73.86,79.17,93.09,72.56,7.03,11.67,1
PureGlow Soaps International (Fictional Dummy Company),Global Manufacturing Head - PureGlow Soaps,United States (North America),Mexico,Mexico City,FCT023,Mexico City Soap Plant,LN0067,Line-1,2026-07-01 09:00:00,2026-07-01,9,Morning,Lemon Bar Soap,1.14,60.0,2.6,No Downtime,57.4,68,61,3,58,5.48,95.08,89.71,95.67,93.22,84.8,6.2,25.68,3
PureGlow Soaps International (Fictional Dummy Company),Global Manufacturing Head - PureGlow Soaps,United States (North America),Mexico,Mexico City,FCT023,Mexico City Soap Plant,LN0068,Line-2,2026-07-01 09:00:00,2026-07-01,9,Morning,Coconut Bar Soap,1.19,60.0,34.1,Material Shortage,25.9,71,27,1,26,3.07,96.3,38.03,43.17,87.6,36.42,2.77,13.57,2
PureGlow Soaps International (Fictional Dummy Company),Global Manufacturing Head - PureGlow Soaps,United States (North America),Mexico,Mexico City,FCT023,Mexico City Soap Plant,LN0069,Line-3,2026-07-01 09:00:00,2026-07-01,9,Morning,Lemon Bar Soap,1.47,60.0,12.6,Machine Breakdown,47.4,88,60,3,57,4.17,95.0,68.18,79.0,86.11,64.63,6.0,11.76,3
PureGlow Soaps International (Fictional Dummy Company),Global Manufacturing Head - PureGlow Soaps,United States (North America),Mexico,Mexico City,FCT023,Mexico City Soap Plant,LN0067,Line-1,2026-07-01 10:00:00,2026-07-01,10,Morning,Lemon Bar Soap,1.14,60.0,14.1,Changeover/Setup,45.9,68,43,2,41,4.13,95.35,63.24,76.5,82.18,59.94,4.67,23.26,1
PureGlow Soaps International (Fictional Dummy Company),Global Manufacturing Head - PureGlow Soaps,United States (North America),Mexico,Mexico City,FCT023,Mexico City Soap Plant,LN0068,Line-2,2026-07-01 10:00:00,2026-07-01,10,Morning,Coconut Bar Soap,1.19,60.0,1.6,No Downtime,58.4,71,61,2,59,3.08,96.72,85.92,97.33,87.77,82.62,5.59,34.0,3
PureGlow Soaps International (Fictional Dummy Company),Global Manufacturing Head - PureGlow Soaps,United States (North America),Mexico,Mexico City,FCT023,Mexico City Soap Plant,LN0069,Line-3,2026-07-01 10:00:00,2026-07-01,10,Morning,Lemon Bar Soap,1.47,60.0,12.0,Power Outage,48.0,88,72,2,70,2.35,97.22,81.82,80.0,102.04,79.36,6.32,13.07,1
PureGlow Soaps International (Fictional Dummy Company),Global Manufacturing Head - PureGlow Soaps,United States (North America),Mexico,Mexico City,FCT023,Mexico City Soap Plant,LN0067,Line-1,2026-07-01 11:00:00,2026-07-01,11,Morning,Lemon Bar Soap,1.14,60.0,6.3,Quality Hold,53.7,68,50,5,45,9.89,90.0,73.53,89.5,81.68,65.79,4.61,26.3,3
PureGlow Soaps International (Fictional Dummy Company),Global Manufacturing Head - PureGlow Soaps,United States (North America),Mexico,Mexico City,FCT023,Mexico City Soap Plant,LN0068,Line-2,2026-07-01 11:00:00,2026-07-01,11,Morning,Coconut Bar Soap,1.19,60.0,18.9,Machine Breakdown,41.1,71,50,1,49,2.73,98.0,70.42,68.5,102.23,68.63,4.36,24.63,1
PureGlow Soaps International (Fictional Dummy Company),Global Manufacturing Head - PureGlow Soaps,United States (North America),Mexico,Mexico City,FCT023,Mexico City Soap Plant,LN0069,Line-3,2026-07-01 11:00:00,2026-07-01,11,Morning,Lemon Bar Soap,1.47,60.0,3.5,No Downtime,56.5,88,82,3,79,3.35,96.34,93.18,94.17,98.73,89.57,7.7,14.23,3
PureGlow Soaps International (Fictional Dummy Company),Global Manufacturing Head - PureGlow Soaps,United States (North America),Mexico,Mexico City,FCT023,Mexico City Soap Plant,LN0067,Line-1,2026-07-01 12:00:00,2026-07-01,12,Morning,Lemon Bar Soap,1.14,60.0,30.0,Machine Breakdown,30.0,68,30,1,29,3.27,96.67,44.12,50.0,87.72,42.4,2.66,14.51,1
PureGlow Soaps International (Fictional Dummy Company),Global Manufacturing Head - PureGlow Soaps,United States (North America),Mexico,Mexico City,FCT023,Mexico City Soap Plant,LN0068,Line-2,2026-07-01 12:00:00,2026-07-01,12,Morning,Coconut Bar Soap,1.19,60.0,29.6,Machine Breakdown,30.4,71,35,2,33,4.41,94.29,49.3,50.67,96.75,46.22,3.76,18.82,1
PureGlow Soaps International (Fictional Dummy Company),Global Manufacturing Head - PureGlow Soaps,United States (North America),Mexico,Mexico City,FCT023,Mexico City Soap Plant,LN0069,Line-3,2026-07-01 12:00:00,2026-07-01,12,Morning,Lemon Bar Soap,1.47,60.0,13.1,Material Shortage,46.9,88,67,1,66,1.34,98.51,76.14,78.17,97.18,74.83,6.24,12.3,3
PureGlow Soaps International (Fictional Dummy Company),Global Manufacturing Head - PureGlow Soaps,United States (North America),Mexico,Mexico City,FCT023,Mexico City Soap Plant,LN0067,Line-1,2026-07-01 13:00:00,2026-07-01,13,Morning,Lemon Bar Soap,1.14,60.0,0.6,No Downtime,59.4,68,62,2,60,2.43,96.77,91.18,99.0,91.56,87.72,5.97,28.75,2
PureGlow Soaps International (Fictional Dummy Company),Global Manufacturing Head - PureGlow Soaps,United States (North America),Mexico,Mexico City,FCT023,Mexico City Soap Plant,LN0068,Line-2,2026-07-01 13:00:00,2026-07-01,13,Morning,Coconut Bar Soap,1.19,60.0,2.8,No Downtime,57.2,71,56,2,54,3.05,96.43,78.87,95.33,82.27,75.63,5.53,35.97,1
PureGlow Soaps International (Fictional Dummy Company),Global Manufacturing Head - PureGlow Soaps,United States (North America),Mexico,Mexico City,FCT023,Mexico City Soap Plant,LN0069,Line-3,2026-07-01 13:00:00,2026-07-01,13,Morning,Lemon Bar Soap,1.47,60.0,13.2,Changeover/Setup,46.8,88,56,3,53,4.55,94.64,63.64,78.0,81.4,60.09,4.78,12.57,3
PureGlow Soaps International (Fictional Dummy Company),Global Manufacturing Head - PureGlow Soaps,United States (North America),Mexico,Mexico City,FCT023,Mexico City Soap Plant,LN0067,Line-1,2026-07-01 14:00:00,2026-07-01,14,Afternoon,Lemon Bar Soap,1.14,60.0,0.8,No Downtime,59.2,68,54,1,53,2.26,98.15,79.41,98.67,80.01,77.49,5.31,29.88,2
PureGlow Soaps International (Fictional Dummy Company),Global Manufacturing Head - PureGlow Soaps,United States (North America),Mexico,Mexico City,FCT023,Mexico City Soap Plant,LN0068,Line-2,2026-07-01 14:00:00,2026-07-01,14,Afternoon,Coconut Bar Soap,1.19,60.0,9.7,Staff Shortage,50.3,71,61,1,60,1.84,98.36,85.92,83.83,101.91,84.03,5.87,28.59,3
PureGlow Soaps International (Fictional Dummy Company),Global Manufacturing Head - PureGlow Soaps,United States (North America),Mexico,Mexico City,FCT023,Mexico City Soap Plant,LN0069,Line-3,2026-07-01 14:00:00,2026-07-01,14,Afternoon,Lemon Bar Soap,1.47,60.0,18.6,Preventive Maintenance,41.4,88,53,2,51,3.53,96.23,60.23,69.0,87.09,57.83,5.24,10.04,3
PureGlow Soaps International (Fictional Dummy Company),Global Manufacturing Head - PureGlow Soaps,United States (North America),Mexico,Mexico City,FCT023,Mexico City Soap Plant,LN0067,Line-1,2026-07-01 15:00:00,2026-07-01,15,Afternoon,Lemon Bar Soap,1.14,60.0,25.0,Material Shortage,35.0,68,33,1,32,4.43,96.97,48.53,58.33,82.71,46.78,2.99,18.02,2
PureGlow Soaps International (Fictional Dummy Company),Global Manufacturing Head - PureGlow Soaps,United States (North America),Mexico,Mexico City,FCT023,Mexico City Soap Plant,LN0068,Line-2,2026-07-01 15:00:00,2026-07-01,15,Afternoon,Coconut Bar Soap,1.19,60.0,15.3,Changeover/Setup,44.7,71,49,1,48,2.73,97.96,69.01,74.5,92.12,67.23,4.98,25.38,1
PureGlow Soaps International (Fictional Dummy Company),Global Manufacturing Head - PureGlow Soaps,United States (North America),Mexico,Mexico City,FCT023,Mexico City Soap Plant,LN0069,Line-3,2026-07-01 15:00:00,2026-07-01,15,Afternoon,Lemon Bar Soap,1.47,60.0,9.3,Staff Shortage,50.7,88,71,2,69,3.16,97.18,80.68,84.5,95.26,78.22,7.36,12.11,3
PureGlow Soaps International (Fictional Dummy Company),Global Manufacturing Head - PureGlow Soaps,United States (North America),Mexico,Mexico City,FCT023,Mexico City Soap Plant,LN0067,Line-1,2026-07-01 16:00:00,2026-07-01,16,Afternoon,Lemon Bar Soap,1.14,60.0,15.9,Machine Breakdown,44.1,68,50,1,49,2.69,98.0,73.53,73.5,99.45,71.63,5.03,21.27,3
PureGlow Soaps International (Fictional Dummy Company),Global Manufacturing Head - PureGlow Soaps,United States (North America),Mexico,Mexico City,FCT023,Mexico City Soap Plant,LN0068,Line-2,2026-07-01 16:00:00,2026-07-01,16,Afternoon,Coconut Bar Soap,1.19,60.0,34.8,Machine Breakdown,25.2,71,30,2,28,6.09,93.33,42.25,42.0,100.04,39.21,3.01,14.85,1
PureGlow Soaps International (Fictional Dummy Company),Global Manufacturing Head - PureGlow Soaps,United States (North America),Mexico,Mexico City,FCT023,Mexico City Soap Plant,LN0069,Line-3,2026-07-01 16:00:00,2026-07-01,16,Afternoon,Lemon Bar Soap,1.47,60.0,3.0,No Downtime,57.0,88,77,2,75,2.69,97.4,87.5,95.0,91.9,85.04,6.74,13.97,1
PureGlow Soaps International (Fictional Dummy Company),Global Manufacturing Head - PureGlow Soaps,United States (North America),Mexico,Mexico City,FCT023,Mexico City Soap Plant,LN0067,Line-1,2026-07-01 17:00:00,2026-07-01,17,Afternoon,Lemon Bar Soap,1.14,60.0,36.1,Machine Breakdown,23.9,68,24,1,23,3.19,95.83,35.29,39.83,88.09,33.62,2.23,11.72,3
PureGlow Soaps International (Fictional Dummy Company),Global Manufacturing Head - PureGlow Soaps,United States (North America),Mexico,Mexico City,FCT023,Mexico City Soap Plant,LN0068,Line-2,2026-07-01 17:00:00,2026-07-01,17,Afternoon,Coconut Bar Soap,1.19,60.0,0.2,No Downtime,59.8,71,61,3,58,5.43,95.08,85.92,99.67,85.72,81.23,5.86,37.52,1
PureGlow Soaps International (Fictional Dummy Company),Global Manufacturing Head - PureGlow Soaps,United States (North America),Mexico,Mexico City,FCT023,Mexico City Soap Plant,LN0069,Line-3,2026-07-01 17:00:00,2026-07-01,17,Afternoon,Lemon Bar Soap,1.47,60.0,3.4,No Downtime,56.6,88,83,3,80,3.74,96.39,94.32,94.33,99.76,90.71,8.71,12.84,2
PureGlow Soaps International (Fictional Dummy Company),Global Manufacturing Head - PureGlow Soaps,United States (North America),Mexico,Mexico City,FCT023,Mexico City Soap Plant,LN0067,Line-1,2026-07-01 18:00:00,2026-07-01,18,Afternoon,Lemon Bar Soap,1.14,60.0,2.2,No Downtime,57.8,68,56,2,54,4.01,96.43,82.35,96.33,84.99,78.95,4.77,28.58,3
PureGlow Soaps International (Fictional Dummy Company),Global Manufacturing Head - PureGlow Soaps,United States (North America),Mexico,Mexico City,FCT023,Mexico City Soap Plant,LN0068,Line-2,2026-07-01 18:00:00,2026-07-01,18,Afternoon,Coconut Bar Soap,1.19,60.0,17.3,Preventive Maintenance,42.7,71,48,2,46,3.72,95.83,67.61,71.17,94.46,64.42,4.14,22.27,2
PureGlow Soaps International (Fictional Dummy Company),Global Manufacturing Head - PureGlow Soaps,United States (North America),Mexico,Mexico City,FCT023,Mexico City Soap Plant,LN0069,Line-3,2026-07-01 18:00:00,2026-07-01,18,Afternoon,Lemon Bar Soap,1.47,60.0,14.2,Changeover/Setup,45.8,88,60,1,59,1.2,98.33,68.18,76.33,89.12,66.89,5.98,11.49,3
PureGlow Soaps International (Fictional Dummy Company),Global Manufacturing Head - PureGlow Soaps,United States (North America),Mexico,Mexico City,FCT023,Mexico City Soap Plant,LN0067,Line-1,2026-07-01 19:00:00,2026-07-01,19,Afternoon,Lemon Bar Soap,1.14,60.0,28.5,Power Outage,31.5,68,29,1,28,2.22,96.55,42.65,52.5,80.76,40.94,2.9,15.89,1
PureGlow Soaps International (Fictional Dummy Company),Global Manufacturing Head - PureGlow Soaps,United States (North America),Mexico,Mexico City,FCT023,Mexico City Soap Plant,LN0068,Line-2,2026-07-01 19:00:00,2026-07-01,19,Afternoon,Coconut Bar Soap,1.19,60.0,2.3,No Downtime,57.7,71,66,5,61,6.97,92.42,92.96,96.17,96.12,85.43,5.85,33.76,2
PureGlow Soaps International (Fictional Dummy Company),Global Manufacturing Head - PureGlow Soaps,United States (North America),Mexico,Mexico City,FCT023,Mexico City Soap Plant,LN0069,Line-3,2026-07-01 19:00:00,2026-07-01,19,Afternoon,Lemon Bar Soap,1.47,60.0,1.7,No Downtime,58.3,88,80,2,78,2.19,97.5,90.91,97.17,93.35,88.44,7.29,14.96,2
PureGlow Soaps International (Fictional Dummy Company),Global Manufacturing Head - PureGlow Soaps,United States (North America),Mexico,Mexico City,FCT023,Mexico City Soap Plant,LN0067,Line-1,2026-07-01 20:00:00,2026-07-01,20,Afternoon,Lemon Bar Soap,1.14,60.0,30.8,Preventive Maintenance,29.2,68,28,1,27,3.24,96.43,41.18,48.67,84.11,39.47,2.99,14.97,2
PureGlow Soaps International (Fictional Dummy Company),Global Manufacturing Head - PureGlow Soaps,United States (North America),Mexico,Mexico City,FCT023,Mexico City Soap Plant,LN0068,Line-2,2026-07-01 20:00:00,2026-07-01,20,Afternoon,Coconut Bar Soap,1.19,60.0,11.4,Quality Hold,48.6,71,48,4,44,9.07,91.67,67.61,81.0,83.0,61.63,5.15,30.15,3
PureGlow Soaps International (Fictional Dummy Company),Global Manufacturing Head - PureGlow Soaps,United States (North America),Mexico,Mexico City,FCT023,Mexico City Soap Plant,LN0069,Line-3,2026-07-01 20:00:00,2026-07-01,20,Afternoon,Lemon Bar Soap,1.47,60.0,6.4,Staff Shortage,53.6,88,71,2,69,2.92,97.18,80.68,89.33,90.11,78.23,7.74,12.66,1
PureGlow Soaps International (Fictional Dummy Company),Global Manufacturing Head - PureGlow Soaps,United States (North America),Mexico,Mexico City,FCT023,Mexico City Soap Plant,LN0067,Line-1,2026-07-01 21:00:00,2026-07-01,21,Afternoon,Lemon Bar Soap,1.14,60.0,30.1,Machine Breakdown,29.9,68,28,1,27,4.52,96.43,41.18,49.83,82.15,39.47,2.57,14.26,2
PureGlow Soaps International (Fictional Dummy Company),Global Manufacturing Head - PureGlow Soaps,United States (North America),Mexico,Mexico City,FCT023,Mexico City Soap Plant,LN0068,Line-2,2026-07-01 21:00:00,2026-07-01,21,Afternoon,Coconut Bar Soap,1.19,60.0,10.3,Machine Breakdown,49.7,71,59,1,58,1.42,98.31,83.1,82.83,99.76,81.23,5.26,27.96,1
PureGlow Soaps International (Fictional Dummy Company),Global Manufacturing Head - PureGlow Soaps,United States (North America),Mexico,Mexico City,FCT023,Mexico City Soap Plant,LN0069,Line-3,2026-07-01 21:00:00,2026-07-01,21,Afternoon,Lemon Bar Soap,1.47,60.0,25.7,Material Shortage,34.3,88,49,2,47,3.87,95.92,55.68,57.17,97.18,53.29,4.76,7.82,3
PureGlow Soaps International (Fictional Dummy Company),Global Manufacturing Head - PureGlow Soaps,United States (North America),Mexico,Mexico City,FCT023,Mexico City Soap Plant,LN0067,Line-1,2026-07-01 22:00:00,2026-07-01,22,Night,Lemon Bar Soap,1.14,60.0,19.3,Changeover/Setup,40.7,68,42,2,40,3.67,95.24,61.76,67.83,90.52,58.48,3.59,19.94,3
PureGlow Soaps International (Fictional Dummy Company),Global Manufacturing Head - PureGlow Soaps,United States (North America),Mexico,Mexico City,FCT023,Mexico City Soap Plant,LN0068,Line-2,2026-07-01 22:00:00,2026-07-01,22,Night,Coconut Bar Soap,1.19,60.0,21.0,Material Shortage,39.0,71,46,1,45,1.26,97.83,64.79,65.0,99.12,63.03,4.72,24.03,3
PureGlow Soaps International (Fictional Dummy Company),Global Manufacturing Head - PureGlow Soaps,United States (North America),Mexico,Mexico City,FCT023,Mexico City Soap Plant,LN0069,Line-3,2026-07-01 22:00:00,2026-07-01,22,Night,Lemon Bar Soap,1.47,60.0,24.5,Preventive Maintenance,35.5,88,45,2,43,4.08,95.56,51.14,59.17,86.23,48.76,4.26,9.49,1
PureGlow Soaps International (Fictional Dummy Company),Global Manufacturing Head - PureGlow Soaps,United States (North America),Mexico,Mexico City,FCT023,Mexico City Soap Plant,LN0067,Line-1,2026-07-01 23:00:00,2026-07-01,23,Night,Lemon Bar Soap,1.14,60.0,25.1,Power Outage,34.9,68,39,1,38,2.73,97.44,57.35,58.17,98.02,55.56,3.8,17.68,1
PureGlow Soaps International (Fictional Dummy Company),Global Manufacturing Head - PureGlow Soaps,United States (North America),Mexico,Mexico City,FCT023,Mexico City Soap Plant,LN0068,Line-2,2026-07-01 23:00:00,2026-07-01,23,Night,Coconut Bar Soap,1.19,60.0,1.2,No Downtime,58.8,71,59,2,57,4.03,96.61,83.1,98.0,84.32,79.83,6.37,35.48,3
PureGlow Soaps International (Fictional Dummy Company),Global Manufacturing Head - PureGlow Soaps,United States (North America),Mexico,Mexico City,FCT023,Mexico City Soap Plant,LN0069,Line-3,2026-07-01 23:00:00,2026-07-01,23,Night,Lemon Bar Soap,1.47,60.0,12.9,Changeover/Setup,47.1,88,64,1,63,2.09,98.44,72.73,78.5,92.44,71.43,5.57,12.76,1
PureGlow Soaps International (Fictional Dummy Company),Global Manufacturing Head - PureGlow Soaps,United States (North America),Mexico,Mexico City,FCT023,Mexico City Soap Plant,LN0067,Line-1,2026-07-02 00:00:00,2026-07-02,0,Night,Charcoal Bar Soap,1.14,60.0,20.2,Staff Shortage,39.8,68,38,2,36,4.42,94.74,55.88,66.33,83.75,52.63,3.94,21.38,1
PureGlow Soaps International (Fictional Dummy Company),Global Manufacturing Head - PureGlow Soaps,United States (North America),Mexico,Mexico City,FCT023,Mexico City Soap Plant,LN0068,Line-2,2026-07-02 00:00:00,2026-07-02,0,Night,Sandalwood Bar Soap,1.19,60.0,3.5,No Downtime,56.5,71,62,0,62,0.68,100.0,87.32,94.17,92.21,86.83,6.35,29.76,3
PureGlow Soaps International (Fictional Dummy Company),Global Manufacturing Head - PureGlow Soaps,United States (North America),Mexico,Mexico City,FCT023,Mexico City Soap Plant,LN0069,Line-3,2026-07-02 00:00:00,2026-07-02,0,Night,Rose Bar Soap,1.47,60.0,0.9,No Downtime,59.1,88,82,6,76,6.83,92.68,93.18,98.5,94.39,86.17,7.22,13.76,1
PureGlow Soaps International (Fictional Dummy Company),Global Manufacturing Head - PureGlow Soaps,United States (North America),Mexico,Mexico City,FCT023,Mexico City Soap Plant,LN0067,Line-1,2026-07-02 01:00:00,2026-07-02,1,Night,Charcoal Bar Soap,1.14,60.0,1.9,No Downtime,58.1,68,59,2,57,2.62,96.61,86.76,96.83,89.08,83.33,5.28,29.16,3
PureGlow Soaps International (Fictional Dummy Company),Global Manufacturing Head - PureGlow Soaps,United States (North America),Mexico,Mexico City,FCT023,Mexico City Soap Plant,LN0068,Line-2,2026-07-02 01:00:00,2026-07-02,1,Night,Sandalwood Bar Soap,1.19,60.0,32.1,Machine Breakdown,27.9,71,27,1,26,2.03,96.3,38.03,46.5,81.32,36.41,2.55,17.42,1
PureGlow Soaps International (Fictional Dummy Company),Global Manufacturing Head - PureGlow Soaps,United States (North America),Mexico,Mexico City,FCT023,Mexico City Soap Plant,LN0069,Line-3,2026-07-02 01:00:00,2026-07-02,1,Night,Rose Bar Soap,1.47,60.0,2.8,No Downtime,57.2,88,76,2,74,3.01,97.37,86.36,95.33,90.39,83.9,8.17,15.52,2
PureGlow Soaps International (Fictional Dummy Company),Global Manufacturing Head - PureGlow Soaps,United States (North America),Mexico,Mexico City,FCT023,Mexico City Soap Plant,LN0067,Line-1,2026-07-02 02:00:00,2026-07-02,2,Night,Charcoal Bar Soap,1.14,60.0,0.9,No Downtime,59.1,68,55,2,53,3.6,96.36,80.88,98.5,81.63,77.48,5.39,28.48,3
PureGlow Soaps International (Fictional Dummy Company),Global Manufacturing Head - PureGlow Soaps,United States (North America),Mexico,Mexico City,FCT023,Mexico City Soap Plant,LN0068,Line-2,2026-07-02 02:00:00,2026-07-02,2,Night,Sandalwood Bar Soap,1.19,60.0,19.7,Staff Shortage,40.3,71,40,2,38,5.06,95.0,56.34,67.17,83.41,53.23,3.79,21.86,3
PureGlow Soaps International (Fictional Dummy Company),Global Manufacturing Head - PureGlow Soaps,United States (North America),Mexico,Mexico City,FCT023,Mexico City Soap Plant,LN0069,Line-3,2026-07-02 02:00:00,2026-07-02,2,Night,Rose Bar Soap,1.47,60.0,18.5,Changeover/Setup,41.5,88,49,1,48,2.95,97.96,55.68,69.17,80.32,54.42,4.88,9.61,2
PureGlow Soaps International (Fictional Dummy Company),Global Manufacturing Head - PureGlow Soaps,United States (North America),Mexico,Mexico City,FCT023,Mexico City Soap Plant,LN0067,Line-1,2026-07-02 03:00:00,2026-07-02,3,Night,Charcoal Bar Soap,1.14,60.0,3.3,No Downtime,56.7,68,56,0,56,0.86,100.0,82.35,94.5,86.64,81.87,5.39,28.86,1
PureGlow Soaps International (Fictional Dummy Company),Global Manufacturing Head - PureGlow Soaps,United States (North America),Mexico,Mexico City,FCT023,Mexico City Soap Plant,LN0068,Line-2,2026-07-02 03:00:00,2026-07-02,3,Night,Sandalwood Bar Soap,1.19,60.0,34.2,Preventive Maintenance,25.8,71,25,0,25,1.49,100.0,35.21,43.0,81.43,35.01,2.21,16.1,2
PureGlow Soaps International (Fictional Dummy Company),Global Manufacturing Head - PureGlow Soaps,United States (North America),Mexico,Mexico City,FCT023,Mexico City Soap Plant,LN0069,Line-3,2026-07-02 03:00:00,2026-07-02,3,Night,Rose Bar Soap,1.47,60.0,1.1,No Downtime,58.9,88,84,1,83,1.6,98.81,95.45,98.17,97.02,94.11,8.63,13.62,3
PureGlow Soaps International (Fictional Dummy Company),Global Manufacturing Head - PureGlow Soaps,United States (North America),Mexico,Mexico City,FCT023,Mexico City Soap Plant,LN0067,Line-1,2026-07-02 04:00:00,2026-07-02,4,Night,Charcoal Bar Soap,1.14,60.0,11.9,Changeover/Setup,48.1,68,45,1,44,2.48,97.78,66.18,80.17,82.07,64.33,4.31,24.25,2
PureGlow Soaps International (Fictional Dummy Company),Global Manufacturing Head - PureGlow Soaps,United States (North America),Mexico,Mexico City,FCT023,Mexico City Soap Plant,LN0068,Line-2,2026-07-02 04:00:00,2026-07-02,4,Night,Sandalwood Bar Soap,1.19,60.0,0.5,No Downtime,59.5,71,69,2,67,3.07,97.1,97.18,99.17,97.45,93.84,6.51,32.08,1
PureGlow Soaps International (Fictional Dummy Company),Global Manufacturing Head - PureGlow Soaps,United States (North America),Mexico,Mexico City,FCT023,Mexico City Soap Plant,LN0069,Line-3,2026-07-02 04:00:00,2026-07-02,4,Night,Rose Bar Soap,1.47,60.0,22.6,Power Outage,37.4,88,51,1,50,2.64,98.04,57.95,62.33,92.76,56.68,5.29,9.23,3
PureGlow Soaps International (Fictional Dummy Company),Global Manufacturing Head - PureGlow Soaps,United States (North America),Mexico,Mexico City,FCT023,Mexico City Soap Plant,LN0067,Line-1,2026-07-02 05:00:00,2026-07-02,5,Night,Charcoal Bar Soap,1.14,60.0,19.7,Preventive Maintenance,40.3,68,37,1,36,2.49,97.3,54.41,67.17,80.54,52.64,3.27,20.64,3
PureGlow Soaps International (Fictional Dummy Company),Global Manufacturing Head - PureGlow Soaps,United States (North America),Mexico,Mexico City,FCT023,Mexico City Soap Plant,LN0068,Line-2,2026-07-02 05:00:00,2026-07-02,5,Night,Sandalwood Bar Soap,1.19,60.0,28.8,Preventive Maintenance,31.2,71,38,1,37,1.53,97.37,53.52,52.0,102.35,51.82,3.46,18.31,3
PureGlow Soaps International (Fictional Dummy Company),Global Manufacturing Head - PureGlow Soaps,United States (North America),Mexico,Mexico City,FCT023,Mexico City Soap Plant,LN0069,Line-3,2026-07-02 05:00:00,2026-07-02,5,Night,Rose Bar Soap,1.47,60.0,9.8,Changeover/Setup,50.2,88,76,4,72,5.27,94.74,86.36,83.67,102.99,81.64,8.35,13.56,1
PureGlow Soaps International (Fictional Dummy Company),Global Manufacturing Head - PureGlow Soaps,United States (North America),Mexico,Mexico City,FCT023,Mexico City Soap Plant,LN0067,Line-1,2026-07-02 06:00:00,2026-07-02,6,Morning,Charcoal Bar Soap,1.14,60.0,28.0,Material Shortage,32.0,68,37,1,36,3.32,97.3,54.41,53.33,101.43,52.63,3.77,14.57,1
PureGlow Soaps International (Fictional Dummy Company),Global Manufacturing Head - PureGlow Soaps,United States (North America),Mexico,Mexico City,FCT023,Mexico City Soap Plant,LN0068,Line-2,2026-07-02 06:00:00,2026-07-02,6,Morning,Sandalwood Bar Soap,1.19,60.0,20.5,Preventive Maintenance,39.5,71,44,1,43,3.0,97.73,61.97,65.83,93.61,60.22,4.57,23.2,3
PureGlow Soaps International (Fictional Dummy Company),Global Manufacturing Head - PureGlow Soaps,United States (North America),Mexico,Mexico City,FCT023,Mexico City Soap Plant,LN0069,Line-3,2026-07-02 06:00:00,2026-07-02,6,Morning,Rose Bar Soap,1.47,60.0,20.4,Material Shortage,39.6,88,56,1,55,2.56,98.21,63.64,66.0,96.2,62.36,5.43,10.21,2
PureGlow Soaps International (Fictional Dummy Company),Global Manufacturing Head - PureGlow Soaps,United States (North America),Mexico,Mexico City,FCT023,Mexico City Soap Plant,LN0067,Line-1,2026-07-02 07:00:00,2026-07-02,7,Morning,Charcoal Bar Soap,1.14,60.0,5.9,Changeover/Setup,54.1,68,59,2,57,3.86,96.61,86.76,90.17,95.66,83.33,6.36,24.47,3
PureGlow Soaps International (Fictional Dummy Company),Global Manufacturing Head - PureGlow Soaps,United States (North America),Mexico,Mexico City,FCT023,Mexico City Soap Plant,LN0068,Line-2,2026-07-02 07:00:00,2026-07-02,7,Morning,Sandalwood Bar Soap,1.19,60.0,28.8,Machine Breakdown,31.2,71,35,1,34,2.27,97.14,49.3,52.0,94.27,47.62,3.09,19.01,2
PureGlow Soaps International (Fictional Dummy Company),Global Manufacturing Head - PureGlow Soaps,United States (North America),Mexico,Mexico City,FCT023,Mexico City Soap Plant,LN0069,Line-3,2026-07-02 07:00:00,2026-07-02,7,Morning,Rose Bar Soap,1.47,60.0,0.3,No Downtime,59.7,88,89,1,88,1.41,98.88,101.14,99.5,101.41,99.77,8.26,14.53,2
PureGlow Soaps International (Fictional Dummy Company),Global Manufacturing Head - PureGlow Soaps,United States (North America),Mexico,Mexico City,FCT023,Mexico City Soap Plant,LN0067,Line-1,2026-07-02 08:00:00,2026-07-02,8,Morning,Charcoal Bar Soap,1.14,60.0,3.2,No Downtime,56.8,68,65,2,63,3.63,96.92,95.59,94.67,100.38,92.1,7.12,28.76,1
PureGlow Soaps International (Fictional Dummy Company),Global Manufacturing Head - PureGlow Soaps,United States (North America),Mexico,Mexico City,FCT023,Mexico City Soap Plant,LN0068,Line-2,2026-07-02 08:00:00,2026-07-02,8,Morning,Sandalwood Bar Soap,1.19,60.0,36.6,Machine Breakdown,23.4,71,24,0,24,1.4,100.0,33.8,39.0,86.19,33.61,2.61,12.76,3
PureGlow Soaps International (Fictional Dummy Company),Global Manufacturing Head - PureGlow Soaps,United States (North America),Mexico,Mexico City,FCT023,Mexico City Soap Plant,LN0069,Line-3,2026-07-02 08:00:00,2026-07-02,8,Morning,Rose Bar Soap,1.47,60.0,1.4,No Downtime,58.6,88,84,2,82,2.47,97.62,95.45,97.67,97.51,92.97,7.46,15.95,1
PureGlow Soaps International (Fictional Dummy Company),Global Manufacturing Head - PureGlow Soaps,United States (North America),Mexico,Mexico City,FCT023,Mexico City Soap Plant,LN0067,Line-1,2026-07-02 09:00:00,2026-07-02,9,Morning,Charcoal Bar Soap,1.14,60.0,0.4,No Downtime,59.6,68,64,0,64,0.74,100.0,94.12,99.33,94.2,93.57,5.6,32.07,2
PureGlow Soaps International (Fictional Dummy Company),Global Manufacturing Head - PureGlow Soaps,United States (North America),Mexico,Mexico City,FCT023,Mexico City Soap Plant,LN0068,Line-2,2026-07-02 09:00:00,2026-07-02,9,Morning,Sandalwood Bar Soap,1.19,60.0,13.0,Changeover/Setup,47.0,71,57,2,55,3.09,96.49,80.28,78.33,101.91,77.02,6.21,27.9,3
PureGlow Soaps International (Fictional Dummy Company),Global Manufacturing Head - PureGlow Soaps,United States (North America),Mexico,Mexico City,FCT023,Mexico City Soap Plant,LN0069,Line-3,2026-07-02 09:00:00,2026-07-02,9,Morning,Rose Bar Soap,1.47,60.0,29.2,Power Outage,30.8,88,38,0,38,1.27,100.0,43.18,51.33,83.93,43.08,3.87,7.25,1
PureGlow Soaps International (Fictional Dummy Company),Global Manufacturing Head - PureGlow Soaps,United States (North America),Mexico,Mexico City,FCT023,Mexico City Soap Plant,LN0067,Line-1,2026-07-02 10:00:00,2026-07-02,10,Morning,Charcoal Bar Soap,1.14,60.0,23.3,Staff Shortage,36.7,68,36,1,35,3.26,97.22,52.94,61.17,86.05,51.17,3.18,19.76,1
PureGlow Soaps International (Fictional Dummy Company),Global Manufacturing Head - PureGlow Soaps,United States (North America),Mexico,Mexico City,FCT023,Mexico City Soap Plant,LN0068,Line-2,2026-07-02 10:00:00,2026-07-02,10,Morning,Sandalwood Bar Soap,1.19,60.0,2.9,No Downtime,57.1,71,65,3,62,4.11,95.38,91.55,95.17,95.66,86.83,6.93,35.91,1
PureGlow Soaps International (Fictional Dummy Company),Global Manufacturing Head - PureGlow Soaps,United States (North America),Mexico,Mexico City,FCT023,Mexico City Soap Plant,LN0069,Line-3,2026-07-02 10:00:00,2026-07-02,10,Morning,Rose Bar Soap,1.47,60.0,17.6,Power Outage,42.4,88,52,1,51,1.96,98.08,59.09,70.67,83.43,57.83,4.53,9.64,3
PureGlow Soaps International (Fictional Dummy Company),Global Manufacturing Head - PureGlow Soaps,United States (North America),Mexico,Mexico City,FCT023,Mexico City Soap Plant,LN0067,Line-1,2026-07-02 11:00:00,2026-07-02,11,Morning,Charcoal Bar Soap,1.14,60.0,25.1,Machine Breakdown,34.9,68,40,1,39,2.57,97.5,58.82,58.17,100.54,57.02,4.06,17.62,3
PureGlow Soaps International (Fictional Dummy Company),Global Manufacturing Head - PureGlow Soaps,United States (North America),Mexico,Mexico City,FCT023,Mexico City Soap Plant,LN0068,Line-2,2026-07-02 11:00:00,2026-07-02,11,Morning,Sandalwood Bar Soap,1.19,60.0,24.8,Preventive Maintenance,35.2,71,42,2,40,3.72,95.24,59.15,58.67,100.27,56.03,3.79,19.27,1
PureGlow Soaps International (Fictional Dummy Company),Global Manufacturing Head - PureGlow Soaps,United States (North America),Mexico,Mexico City,FCT023,Mexico City Soap Plant,LN0069,Line-3,2026-07-02 11:00:00,2026-07-02,11,Morning,Rose Bar Soap,1.47,60.0,5.6,Quality Hold,54.4,88,74,6,68,8.71,91.89,84.09,90.67,92.54,77.1,6.59,13.86,3
PureGlow Soaps International (Fictional Dummy Company),Global Manufacturing Head - PureGlow Soaps,United States (North America),Mexico,Mexico City,FCT023,Mexico City Soap Plant,LN0067,Line-1,2026-07-02 12:00:00,2026-07-02,12,Morning,Charcoal Bar Soap,1.14,60.0,0.4,No Downtime,59.6,68,56,1,55,2.62,98.21,82.35,99.33,82.42,80.4,5.74,26.59,1
PureGlow Soaps International (Fictional Dummy Company),Global Manufacturing Head - PureGlow Soaps,United States (North America),Mexico,Mexico City,FCT023,Mexico City Soap Plant,LN0068,Line-2,2026-07-02 12:00:00,2026-07-02,12,Morning,Sandalwood Bar Soap,1.19,60.0,11.1,Staff Shortage,48.9,71,54,1,53,1.1,98.15,76.06,81.5,92.8,74.23,5.81,29.07,1
PureGlow Soaps International (Fictional Dummy Company),Global Manufacturing Head - PureGlow Soaps,United States (North America),Mexico,Mexico City,FCT023,Mexico City Soap Plant,LN0069,Line-3,2026-07-02 12:00:00,2026-07-02,12,Morning,Rose Bar Soap,1.47,60.0,10.1,Machine Breakdown,49.9,88,73,1,72,1.77,98.63,82.95,83.17,99.52,81.64,7.08,12.69,2
PureGlow Soaps International (Fictional Dummy Company),Global Manufacturing Head - PureGlow Soaps,United States (North America),Mexico,Mexico City,FCT023,Mexico City Soap Plant,LN0067,Line-1,2026-07-02 13:00:00,2026-07-02,13,Morning,Charcoal Bar Soap,1.14,60.0,1.0,No Downtime,59.0,68,69,2,67,3.09,97.1,101.47,98.33,102.59,97.95,6.88,28.67,3
PureGlow Soaps International (Fictional Dummy Company),Global Manufacturing Head - PureGlow Soaps,United States (North America),Mexico,Mexico City,FCT023,Mexico City Soap Plant,LN0068,Line-2,2026-07-02 13:00:00,2026-07-02,13,Morning,Sandalwood Bar Soap,1.19,60.0,30.7,Preventive Maintenance,29.3,71,31,1,30,4.5,96.77,43.66,48.83,88.91,42.01,2.93,15.71,1
PureGlow Soaps International (Fictional Dummy Company),Global Manufacturing Head - PureGlow Soaps,United States (North America),Mexico,Mexico City,FCT023,Mexico City Soap Plant,LN0069,Line-3,2026-07-02 13:00:00,2026-07-02,13,Morning,Rose Bar Soap,1.47,60.0,3.9,No Downtime,56.1,88,79,2,77,2.72,97.47,89.77,93.5,95.8,87.31,7.62,15.35,2
PureGlow Soaps International (Fictional Dummy Company),Global Manufacturing Head - PureGlow Soaps,United States (North America),Mexico,Mexico City,FCT023,Mexico City Soap Plant,LN0067,Line-1,2026-07-02 14:00:00,2026-07-02,14,Afternoon,Charcoal Bar Soap,1.14,60.0,12.8,Machine Breakdown,47.2,68,47,2,45,3.6,95.74,69.12,78.67,87.35,65.79,4.75,23.29,2
PureGlow Soaps International (Fictional Dummy Company),Global Manufacturing Head - PureGlow Soaps,United States (North America),Mexico,Mexico City,FCT023,Mexico City Soap Plant,LN0068,Line-2,2026-07-02 14:00:00,2026-07-02,14,Afternoon,Sandalwood Bar Soap,1.19,60.0,11.5,Power Outage,48.5,71,49,2,47,4.2,95.92,69.01,80.83,84.9,65.82,4.85,29.79,1
PureGlow Soaps International (Fictional Dummy Company),Global Manufacturing Head - PureGlow Soaps,United States (North America),Mexico,Mexico City,FCT023,Mexico City Soap Plant,LN0069,Line-3,2026-07-02 14:00:00,2026-07-02,14,Afternoon,Rose Bar Soap,1.47,60.0,1.9,No Downtime,58.1,88,86,2,84,2.39,97.67,97.73,96.83,100.69,95.23,8.13,13.46,3
PureGlow Soaps International (Fictional Dummy Company),Global Manufacturing Head - PureGlow Soaps,United States (North America),Mexico,Mexico City,FCT023,Mexico City Soap Plant,LN0067,Line-1,2026-07-02 15:00:00,2026-07-02,15,Afternoon,Charcoal Bar Soap,1.14,60.0,20.6,Preventive Maintenance,39.4,68,44,0,44,0.0,100.0,64.71,65.67,97.96,64.33,4.16,19.84,2
PureGlow Soaps International (Fictional Dummy Company),Global Manufacturing Head - PureGlow Soaps,United States (North America),Mexico,Mexico City,FCT023,Mexico City Soap Plant,LN0068,Line-2,2026-07-02 15:00:00,2026-07-02,15,Afternoon,Sandalwood Bar Soap,1.19,60.0,0.9,No Downtime,59.1,71,62,2,60,2.47,96.77,87.32,98.5,88.16,84.03,5.43,31.8,2
PureGlow Soaps International (Fictional Dummy Company),Global Manufacturing Head - PureGlow Soaps,United States (North America),Mexico,Mexico City,FCT023,Mexico City Soap Plant,LN0069,Line-3,2026-07-02 15:00:00,2026-07-02,15,Afternoon,Rose Bar Soap,1.47,60.0,1.5,No Downtime,58.5,88,73,3,70,4.69,95.89,82.95,97.5,84.89,79.37,6.24,13.62,1
PureGlow Soaps International (Fictional Dummy Company),Global Manufacturing Head - PureGlow Soaps,United States (North America),Mexico,Mexico City,FCT023,Mexico City Soap Plant,LN0067,Line-1,2026-07-02 16:00:00,2026-07-02,16,Afternoon,Charcoal Bar Soap,1.14,60.0,33.9,Preventive Maintenance,26.1,68,25,1,24,4.9,96.0,36.76,43.5,84.02,35.09,2.38,13.15,1
PureGlow Soaps International (Fictional Dummy Company),Global Manufacturing Head - PureGlow Soaps,United States (North America),Mexico,Mexico City,FCT023,Mexico City Soap Plant,LN0068,Line-2,2026-07-02 16:00:00,2026-07-02,16,Afternoon,Sandalwood Bar Soap,1.19,60.0,34.3,Material Shortage,25.7,71,25,1,24,2.84,96.0,35.21,42.83,81.74,33.61,2.48,14.26,3
PureGlow Soaps International (Fictional Dummy Company),Global Manufacturing Head - PureGlow Soaps,United States (North America),Mexico,Mexico City,FCT023,Mexico City Soap Plant,LN0069,Line-3,2026-07-02 16:00:00,2026-07-02,16,Afternoon,Rose Bar Soap,1.47,60.0,31.7,Preventive Maintenance,28.3,88,39,1,38,2.89,97.44,44.32,47.17,93.75,43.09,3.83,7.3,3
PureGlow Soaps International (Fictional Dummy Company),Global Manufacturing Head - PureGlow Soaps,United States (North America),Mexico,Mexico City,FCT023,Mexico City Soap Plant,LN0067,Line-1,2026-07-02 17:00:00,2026-07-02,17,Afternoon,Charcoal Bar Soap,1.14,60.0,30.0,Material Shortage,30.0,68,30,1,29,2.61,96.67,44.12,50.0,87.72,42.4,2.71,15.58,2
PureGlow Soaps International (Fictional Dummy Company),Global Manufacturing Head - PureGlow Soaps,United States (North America),Mexico,Mexico City,FCT023,Mexico City Soap Plant,LN0068,Line-2,2026-07-02 17:00:00,2026-07-02,17,Afternoon,Sandalwood Bar Soap,1.19,60.0,29.6,Material Shortage,30.4,71,33,1,32,2.18,96.97,46.48,50.67,91.22,44.82,2.92,18.71,1
PureGlow Soaps International (Fictional Dummy Company),Global Manufacturing Head - PureGlow Soaps,United States (North America),Mexico,Mexico City,FCT023,Mexico City Soap Plant,LN0069,Line-3,2026-07-02 17:00:00,2026-07-02,17,Afternoon,Rose Bar Soap,1.47,60.0,14.6,Changeover/Setup,45.4,88,56,1,55,2.55,98.21,63.64,75.67,83.91,62.36,4.82,11.04,1
PureGlow Soaps International (Fictional Dummy Company),Global Manufacturing Head - PureGlow Soaps,United States (North America),Mexico,Mexico City,FCT023,Mexico City Soap Plant,LN0067,Line-1,2026-07-02 18:00:00,2026-07-02,18,Afternoon,Charcoal Bar Soap,1.14,60.0,0.2,No Downtime,59.8,68,69,1,68,2.06,98.55,101.47,99.67,101.21,99.41,6.38,31.05,1
PureGlow Soaps International (Fictional Dummy Company),Global Manufacturing Head - PureGlow Soaps,United States (North America),Mexico,Mexico City,FCT023,Mexico City Soap Plant,LN0068,Line-2,2026-07-02 18:00:00,2026-07-02,18,Afternoon,Sandalwood Bar Soap,1.19,60.0,9.1,Staff Shortage,50.9,71,51,2,49,4.52,96.08,71.83,84.83,84.2,68.63,4.75,30.17,2
PureGlow Soaps International (Fictional Dummy Company),Global Manufacturing Head - PureGlow Soaps,United States (North America),Mexico,Mexico City,FCT023,Mexico City Soap Plant,LN0069,Line-3,2026-07-02 18:00:00,2026-07-02,18,Afternoon,Rose Bar Soap,1.47,60.0,35.4,Machine Breakdown,24.6,88,35,1,34,2.92,97.14,39.77,41.0,96.79,38.55,3.67,6.17,1
PureGlow Soaps International (Fictional Dummy Company),Global Manufacturing Head - PureGlow Soaps,United States (North America),Mexico,Mexico City,FCT023,Mexico City Soap Plant,LN0067,Line-1,2026-07-02 19:00:00,2026-07-02,19,Afternoon,Charcoal Bar Soap,1.14,60.0,22.4,Material Shortage,37.6,68,43,2,41,4.87,95.35,63.24,62.67,100.32,59.95,4.57,17.98,3
PureGlow Soaps International (Fictional Dummy Company),Global Manufacturing Head - PureGlow Soaps,United States (North America),Mexico,Mexico City,FCT023,Mexico City Soap Plant,LN0068,Line-2,2026-07-02 19:00:00,2026-07-02,19,Afternoon,Sandalwood Bar Soap,1.19,60.0,2.7,No Downtime,57.3,71,59,2,57,2.74,96.61,83.1,95.5,86.53,79.83,5.05,32.54,2
PureGlow Soaps International (Fictional Dummy Company),Global Manufacturing Head - PureGlow Soaps,United States (North America),Mexico,Mexico City,FCT023,Mexico City Soap Plant,LN0069,Line-3,2026-07-02 19:00:00,2026-07-02,19,Afternoon,Rose Bar Soap,1.47,60.0,43.4,Machine Breakdown,16.6,88,23,1,22,4.62,95.65,26.14,27.67,94.25,24.94,1.98,3.77,1
PureGlow Soaps International (Fictional Dummy Company),Global Manufacturing Head - PureGlow Soaps,United States (North America),Mexico,Mexico City,FCT023,Mexico City Soap Plant,LN0067,Line-1,2026-07-02 20:00:00,2026-07-02,20,Afternoon,Charcoal Bar Soap,1.14,60.0,21.0,Staff Shortage,39.0,68,46,1,45,2.19,97.83,67.65,65.0,103.46,65.79,4.82,17.69,1
PureGlow Soaps International (Fictional Dummy Company),Global Manufacturing Head - PureGlow Soaps,United States (North America),Mexico,Mexico City,FCT023,Mexico City Soap Plant,LN0068,Line-2,2026-07-02 20:00:00,2026-07-02,20,Afternoon,Sandalwood Bar Soap,1.19,60.0,3.4,No Downtime,56.6,71,67,2,65,3.59,97.01,94.37,94.33,99.47,91.02,6.39,33.44,3
PureGlow Soaps International (Fictional Dummy Company),Global Manufacturing Head - PureGlow Soaps,United States (North America),Mexico,Mexico City,FCT023,Mexico City Soap Plant,LN0069,Line-3,2026-07-02 20:00:00,2026-07-02,20,Afternoon,Rose Bar Soap,1.47,60.0,12.4,Changeover/Setup,47.6,88,69,3,66,4.18,95.65,78.41,79.33,98.61,74.82,6.51,12.07,3
PureGlow Soaps International (Fictional Dummy Company),Global Manufacturing Head - PureGlow Soaps,United States (North America),Mexico,Mexico City,FCT023,Mexico City Soap Plant,LN0067,Line-1,2026-07-02 21:00:00,2026-07-02,21,Afternoon,Charcoal Bar Soap,1.14,60.0,38.4,Machine Breakdown,21.6,68,20,1,19,4.09,95.0,29.41,36.0,81.22,27.78,2.07,10.19,2
PureGlow Soaps International (Fictional Dummy Company),Global Manufacturing Head - PureGlow Soaps,United States (North America),Mexico,Mexico City,FCT023,Mexico City Soap Plant,LN0068,Line-2,2026-07-02 21:00:00,2026-07-02,21,Afternoon,Sandalwood Bar Soap,1.19,60.0,34.3,Preventive Maintenance,25.7,71,31,1,30,3.82,96.77,43.66,42.83,101.36,42.01,2.76,13.79,2
PureGlow Soaps International (Fictional Dummy Company),Global Manufacturing Head - PureGlow Soaps,United States (North America),Mexico,Mexico City,FCT023,Mexico City Soap Plant,LN0069,Line-3,2026-07-02 21:00:00,2026-07-02,21,Afternoon,Rose Bar Soap,1.47,60.0,0.7,No Downtime,59.3,88,87,3,84,3.75,96.55,98.86,98.83,99.8,95.23,8.22,15.27,1
PureGlow Soaps International (Fictional Dummy Company),Global Manufacturing Head - PureGlow Soaps,United States (North America),Mexico,Mexico City,FCT023,Mexico City Soap Plant,LN0067,Line-1,2026-07-02 22:00:00,2026-07-02,22,Night,Charcoal Bar Soap,1.14,60.0,3.2,No Downtime,56.8,68,58,1,57,2.23,98.28,85.29,94.67,89.57,83.34,5.12,25.88,3
PureGlow Soaps International (Fictional Dummy Company),Global Manufacturing Head - PureGlow Soaps,United States (North America),Mexico,Mexico City,FCT023,Mexico City Soap Plant,LN0068,Line-2,2026-07-02 22:00:00,2026-07-02,22,Night,Sandalwood Bar Soap,1.19,60.0,1.0,No Downtime,59.0,71,67,2,65,2.46,97.01,94.37,98.33,95.43,91.03,5.75,32.45,3
PureGlow Soaps International (Fictional Dummy Company),Global Manufacturing Head - PureGlow Soaps,United States (North America),Mexico,Mexico City,FCT023,Mexico City Soap Plant,LN0069,Line-3,2026-07-02 22:00:00,2026-07-02,22,Night,Rose Bar Soap,1.47,60.0,24.6,Preventive Maintenance,35.4,88,48,1,47,2.44,97.92,54.55,59.0,92.24,53.29,4.28,9.57,3
PureGlow Soaps International (Fictional Dummy Company),Global Manufacturing Head - PureGlow Soaps,United States (North America),Mexico,Mexico City,FCT023,Mexico City Soap Plant,LN0067,Line-1,2026-07-02 23:00:00,2026-07-02,23,Night,Charcoal Bar Soap,1.14,60.0,10.1,Changeover/Setup,49.9,68,57,2,55,3.56,96.49,83.82,83.17,100.2,80.41,5.62,25.81,1
PureGlow Soaps International (Fictional Dummy Company),Global Manufacturing Head - PureGlow Soaps,United States (North America),Mexico,Mexico City,FCT023,Mexico City Soap Plant,LN0068,Line-2,2026-07-02 23:00:00,2026-07-02,23,Night,Sandalwood Bar Soap,1.19,60.0,0.2,No Downtime,59.8,71,73,2,71,2.58,97.26,102.82,99.67,102.58,99.44,6.28,31.94,1
PureGlow Soaps International (Fictional Dummy Company),Global Manufacturing Head - PureGlow Soaps,United States (North America),Mexico,Mexico City,FCT023,Mexico City Soap Plant,LN0069,Line-3,2026-07-02 23:00:00,2026-07-02,23,Night,Rose Bar Soap,1.47,60.0,18.7,Material Shortage,41.3,88,57,2,55,3.78,96.49,64.77,68.83,93.89,62.36,5.98,9.98,1
PureGlow Soaps International (Fictional Dummy Company),Global Manufacturing Head - PureGlow Soaps,United States (North America),Mexico,Mexico City,FCT023,Mexico City Soap Plant,LN0067,Line-1,2026-07-03 00:00:00,2026-07-03,0,Night,Lemon Bar Soap,1.14,60.0,21.5,Material Shortage,38.5,68,36,2,34,5.06,94.44,52.94,64.17,82.02,49.71,3.49,17.39,2
PureGlow Soaps International (Fictional Dummy Company),Global Manufacturing Head - PureGlow Soaps,United States (North America),Mexico,Mexico City,FCT023,Mexico City Soap Plant,LN0068,Line-2,2026-07-03 00:00:00,2026-07-03,0,Night,Lavender Bar Soap,1.19,60.0,10.2,Changeover/Setup,49.8,71,56,2,54,4.16,96.43,78.87,83.0,94.5,75.63,5.13,28.47,1
PureGlow Soaps International (Fictional Dummy Company),Global Manufacturing Head - PureGlow Soaps,United States (North America),Mexico,Mexico City,FCT023,Mexico City Soap Plant,LN0069,Line-3,2026-07-03 00:00:00,2026-07-03,0,Night,Lemon Bar Soap,1.47,60.0,2.7,No Downtime,57.3,88,77,2,75,2.34,97.4,87.5,95.5,91.42,85.04,8.17,13.02,3
PureGlow Soaps International (Fictional Dummy Company),Global Manufacturing Head - PureGlow Soaps,United States (North America),Mexico,Mexico City,FCT023,Mexico City Soap Plant,LN0067,Line-1,2026-07-03 01:00:00,2026-07-03,1,Night,Lemon Bar Soap,1.14,60.0,25.2,Preventive Maintenance,34.8,68,39,1,38,3.21,97.44,57.35,58.0,98.31,55.56,3.36,18.85,1
PureGlow Soaps International (Fictional Dummy Company),Global Manufacturing Head - PureGlow Soaps,United States (North America),Mexico,Mexico City,FCT023,Mexico City Soap Plant,LN0068,Line-2,2026-07-03 01:00:00,2026-07-03,1,Night,Lavender Bar Soap,1.19,60.0,6.1,Changeover/Setup,53.9,71,62,0,62,0.0,100.0,87.32,89.83,96.66,86.83,5.51,29.14,1
PureGlow Soaps International (Fictional Dummy Company),Global Manufacturing Head - PureGlow Soaps,United States (North America),Mexico,Mexico City,FCT023,Mexico City Soap Plant,LN0069,Line-3,2026-07-03 01:00:00,2026-07-03,1,Night,Lemon Bar Soap,1.47,60.0,14.1,Material Shortage,45.9,88,61,2,59,3.45,96.72,69.32,76.5,90.41,66.9,5.73,10.68,1
PureGlow Soaps International (Fictional Dummy Company),Global Manufacturing Head - PureGlow Soaps,United States (North America),Mexico,Mexico City,FCT023,Mexico City Soap Plant,LN0067,Line-1,2026-07-03 02:00:00,2026-07-03,2,Night,Lemon Bar Soap,1.14,60.0,0.8,No Downtime,59.2,68,66,2,64,2.84,96.97,97.06,98.67,97.8,93.58,6.58,29.9,2
PureGlow Soaps International (Fictional Dummy Company),Global Manufacturing Head - PureGlow Soaps,United States (North America),Mexico,Mexico City,FCT023,Mexico City Soap Plant,LN0068,Line-2,2026-07-03 02:00:00,2026-07-03,2,Night,Lavender Bar Soap,1.19,60.0,3.6,No Downtime,56.4,71,56,1,55,2.18,98.21,78.87,94.0,83.44,77.03,5.72,35.48,3
PureGlow Soaps International (Fictional Dummy Company),Global Manufacturing Head - PureGlow Soaps,United States (North America),Mexico,Mexico City,FCT023,Mexico City Soap Plant,LN0069,Line-3,2026-07-03 02:00:00,2026-07-03,2,Night,Lemon Bar Soap,1.47,60.0,0.2,No Downtime,59.8,88,72,2,70,3.46,97.22,81.82,99.67,81.91,79.37,7.92,14.07,1
PureGlow Soaps International (Fictional Dummy Company),Global Manufacturing Head - PureGlow Soaps,United States (North America),Mexico,Mexico City,FCT023,Mexico City Soap Plant,LN0067,Line-1,2026-07-03 03:00:00,2026-07-03,3,Night,Lemon Bar Soap,1.14,60.0,25.6,Material Shortage,34.4,68,40,1,39,2.37,97.5,58.82,57.33,102.0,57.01,4.31,18.53,3
PureGlow Soaps International (Fictional Dummy Company),Global Manufacturing Head - PureGlow Soaps,United States (North America),Mexico,Mexico City,FCT023,Mexico City Soap Plant,LN0068,Line-2,2026-07-03 03:00:00,2026-07-03,3,Night,Lavender Bar Soap,1.19,60.0,24.9,Material Shortage,35.1,71,34,2,32,4.65,94.12,47.89,58.5,81.4,44.82,3.38,21.77,1
PureGlow Soaps International (Fictional Dummy Company),Global Manufacturing Head - PureGlow Soaps,United States (North America),Mexico,Mexico City,FCT023,Mexico City Soap Plant,LN0069,Line-3,2026-07-03 03:00:00,2026-07-03,3,Night,Lemon Bar Soap,1.47,60.0,33.4,Preventive Maintenance,26.6,88,33,1,32,2.75,96.97,37.5,44.33,84.39,36.28,2.88,7.07,3
PureGlow Soaps International (Fictional Dummy Company),Global Manufacturing Head - PureGlow Soaps,United States (North America),Mexico,Mexico City,FCT023,Mexico City Soap Plant,LN0067,Line-1,2026-07-03 04:00:00,2026-07-03,4,Night,Lemon Bar Soap,1.14,60.0,29.3,Machine Breakdown,30.7,68,34,1,33,2.54,97.06,50.0,51.17,97.15,48.25,3.22,15.5,2
PureGlow Soaps International (Fictional Dummy Company),Global Manufacturing Head - PureGlow Soaps,United States (North America),Mexico,Mexico City,FCT023,Mexico City Soap Plant,LN0068,Line-2,2026-07-03 04:00:00,2026-07-03,4,Night,Lavender Bar Soap,1.19,60.0,14.0,Quality Hold,46.0,71,47,3,44,6.07,93.62,66.2,76.67,85.86,61.63,5.04,24.94,1
PureGlow Soaps International (Fictional Dummy Company),Global Manufacturing Head - PureGlow Soaps,United States (North America),Mexico,Mexico City,FCT023,Mexico City Soap Plant,LN0069,Line-3,2026-07-03 04:00:00,2026-07-03,4,Night,Lemon Bar Soap,1.47,60.0,37.2,Preventive Maintenance,22.8,88,29,1,28,4.2,96.55,32.95,38.0,86.53,31.75,2.6,6.16,1
PureGlow Soaps International (Fictional Dummy Company),Global Manufacturing Head - PureGlow Soaps,United States (North America),Mexico,Mexico City,FCT023,Mexico City Soap Plant,LN0067,Line-1,2026-07-03 05:00:00,2026-07-03,5,Night,Lemon Bar Soap,1.14,60.0,22.9,Power Outage,37.1,68,41,2,39,3.78,95.12,60.29,61.83,96.94,57.01,3.68,17.37,2
PureGlow Soaps International (Fictional Dummy Company),Global Manufacturing Head - PureGlow Soaps,United States (North America),Mexico,Mexico City,FCT023,Mexico City Soap Plant,LN0068,Line-2,2026-07-03 05:00:00,2026-07-03,5,Night,Lavender Bar Soap,1.19,60.0,3.7,No Downtime,56.3,71,57,1,56,2.49,98.25,80.28,93.83,85.08,78.43,6.13,34.99,1
PureGlow Soaps International (Fictional Dummy Company),Global Manufacturing Head - PureGlow Soaps,United States (North America),Mexico,Mexico City,FCT023,Mexico City Soap Plant,LN0069,Line-3,2026-07-03 05:00:00,2026-07-03,5,Night,Lemon Bar Soap,1.47,60.0,20.9,Material Shortage,39.1,88,48,1,47,2.07,97.92,54.55,65.17,83.51,53.29,4.99,9.23,2
PureGlow Soaps International (Fictional Dummy Company),Global Manufacturing Head - PureGlow Soaps,United States (North America),Mexico,Mexico City,FCT023,Mexico City Soap Plant,LN0067,Line-1,2026-07-03 06:00:00,2026-07-03,6,Morning,Lemon Bar Soap,1.14,60.0,29.6,Power Outage,30.4,68,32,1,31,2.61,96.88,47.06,50.67,92.34,45.33,2.97,15.93,2
PureGlow Soaps International (Fictional Dummy Company),Global Manufacturing Head - PureGlow Soaps,United States (North America),Mexico,Mexico City,FCT023,Mexico City Soap Plant,LN0068,Line-2,2026-07-03 06:00:00,2026-07-03,6,Morning,Lavender Bar Soap,1.19,60.0,9.1,Changeover/Setup,50.9,71,52,1,51,2.83,98.08,73.24,84.83,85.85,71.43,5.13,30.44,3
PureGlow Soaps International (Fictional Dummy Company),Global Manufacturing Head - PureGlow Soaps,United States (North America),Mexico,Mexico City,FCT023,Mexico City Soap Plant,LN0069,Line-3,2026-07-03 06:00:00,2026-07-03,6,Morning,Lemon Bar Soap,1.47,60.0,24.9,Material Shortage,35.1,88,45,1,44,2.98,97.78,51.14,58.5,87.21,49.89,4.62,9.12,1
PureGlow Soaps International (Fictional Dummy Company),Global Manufacturing Head - PureGlow Soaps,United States (North America),Mexico,Mexico City,FCT023,Mexico City Soap Plant,LN0067,Line-1,2026-07-03 07:00:00,2026-07-03,7,Morning,Lemon Bar Soap,1.14,60.0,3.9,No Downtime,56.1,68,65,3,62,4.65,95.38,95.59,93.5,101.64,90.64,5.8,29.75,2
PureGlow Soaps International (Fictional Dummy Company),Global Manufacturing Head - PureGlow Soaps,United States (North America),Mexico,Mexico City,FCT023,Mexico City Soap Plant,LN0068,Line-2,2026-07-03 07:00:00,2026-07-03,7,Morning,Lavender Bar Soap,1.19,60.0,19.3,Quality Hold,40.7,71,41,2,39,4.69,95.12,57.75,67.83,84.65,54.62,4.14,23.71,2
PureGlow Soaps International (Fictional Dummy Company),Global Manufacturing Head - PureGlow Soaps,United States (North America),Mexico,Mexico City,FCT023,Mexico City Soap Plant,LN0069,Line-3,2026-07-03 07:00:00,2026-07-03,7,Morning,Lemon Bar Soap,1.47,60.0,32.1,Machine Breakdown,27.9,88,34,2,32,4.65,94.12,38.64,46.5,82.9,36.28,3.51,7.48,2
PureGlow Soaps International (Fictional Dummy Company),Global Manufacturing Head - PureGlow Soaps,United States (North America),Mexico,Mexico City,FCT023,Mexico City Soap Plant,LN0067,Line-1,2026-07-03 08:00:00,2026-07-03,8,Morning,Lemon Bar Soap,1.14,60.0,2.1,No Downtime,57.9,68,61,1,60,1.8,98.36,89.71,96.5,92.42,87.72,6.11,30.78,3
PureGlow Soaps International (Fictional Dummy Company),Global Manufacturing Head - PureGlow Soaps,United States (North America),Mexico,Mexico City,FCT023,Mexico City Soap Plant,LN0068,Line-2,2026-07-03 08:00:00,2026-07-03,8,Morning,Lavender Bar Soap,1.19,60.0,0.9,No Downtime,59.1,71,72,2,70,2.13,97.22,101.41,98.5,102.38,98.04,6.43,31.22,2
PureGlow Soaps International (Fictional Dummy Company),Global Manufacturing Head - PureGlow Soaps,United States (North America),Mexico,Mexico City,FCT023,Mexico City Soap Plant,LN0069,Line-3,2026-07-03 08:00:00,2026-07-03,8,Morning,Lemon Bar Soap,1.47,60.0,0.3,No Downtime,59.7,88,80,1,79,0.98,98.75,90.91,99.5,91.16,89.57,8.25,13.84,1
PureGlow Soaps International (Fictional Dummy Company),Global Manufacturing Head - PureGlow Soaps,United States (North America),Mexico,Mexico City,FCT023,Mexico City Soap Plant,LN0067,Line-1,2026-07-03 09:00:00,2026-07-03,9,Morning,Lemon Bar Soap,1.14,60.0,5.1,Changeover/Setup,54.9,68,63,2,61,2.7,96.83,92.65,91.5,100.66,89.18,6.17,28.86,3
PureGlow Soaps International (Fictional Dummy Company),Global Manufacturing Head - PureGlow Soaps,United States (North America),Mexico,Mexico City,FCT023,Mexico City Soap Plant,LN0068,Line-2,2026-07-03 09:00:00,2026-07-03,9,Morning,Lavender Bar Soap,1.19,60.0,16.9,Quality Hold,43.1,71,47,5,42,10.47,89.36,66.2,71.83,91.64,58.82,4.08,25.57,2
PureGlow Soaps International (Fictional Dummy Company),Global Manufacturing Head - PureGlow Soaps,United States (North America),Mexico,Mexico City,FCT023,Mexico City Soap Plant,LN0069,Line-3,2026-07-03 09:00:00,2026-07-03,9,Morning,Lemon Bar Soap,1.47,60.0,1.2,No Downtime,58.8,88,84,1,83,1.6,98.81,95.45,98.0,97.18,94.1,8.25,13.46,3
PureGlow Soaps International (Fictional Dummy Company),Global Manufacturing Head - PureGlow Soaps,United States (North America),Mexico,Mexico City,FCT023,Mexico City Soap Plant,LN0067,Line-1,2026-07-03 10:00:00,2026-07-03,10,Morning,Lemon Bar Soap,1.14,60.0,2.8,No Downtime,57.2,68,59,2,57,3.66,96.61,86.76,95.33,90.48,83.33,6.06,27.11,2
PureGlow Soaps International (Fictional Dummy Company),Global Manufacturing Head - PureGlow Soaps,United States (North America),Mexico,Mexico City,FCT023,Mexico City Soap Plant,LN0068,Line-2,2026-07-03 10:00:00,2026-07-03,10,Morning,Lavender Bar Soap,1.19,60.0,0.7,No Downtime,59.3,71,70,3,67,3.65,95.71,98.59,98.83,99.2,93.83,7.08,32.39,2
PureGlow Soaps International (Fictional Dummy Company),Global Manufacturing Head - PureGlow Soaps,United States (North America),Mexico,Mexico City,FCT023,Mexico City Soap Plant,LN0069,Line-3,2026-07-03 10:00:00,2026-07-03,10,Morning,Lemon Bar Soap,1.47,60.0,1.5,No Downtime,58.5,88,75,1,74,1.25,98.67,85.23,97.5,87.21,83.9,6.4,13.4,1
PureGlow Soaps International (Fictional Dummy Company),Global Manufacturing Head - PureGlow Soaps,United States (North America),Mexico,Mexico City,FCT023,Mexico City Soap Plant,LN0067,Line-1,2026-07-03 11:00:00,2026-07-03,11,Morning,Lemon Bar Soap,1.14,60.0,6.1,Quality Hold,53.9,68,59,7,52,11.03,88.14,86.76,89.83,96.02,76.02,6.27,25.33,3
PureGlow Soaps International (Fictional Dummy Company),Global Manufacturing Head - PureGlow Soaps,United States (North America),Mexico,Mexico City,FCT023,Mexico City Soap Plant,LN0068,Line-2,2026-07-03 11:00:00,2026-07-03,11,Morning,Lavender Bar Soap,1.19,60.0,2.7,No Downtime,57.3,71,56,2,54,3.14,96.43,78.87,95.5,82.13,75.63,5.17,33.77,1
PureGlow Soaps International (Fictional Dummy Company),Global Manufacturing Head - PureGlow Soaps,United States (North America),Mexico,Mexico City,FCT023,Mexico City Soap Plant,LN0069,Line-3,2026-07-03 11:00:00,2026-07-03,11,Morning,Lemon Bar Soap,1.47,60.0,10.3,Quality Hold,49.7,88,60,4,56,6.27,93.33,68.18,82.83,82.13,63.49,5.63,13.0,3
PureGlow Soaps International (Fictional Dummy Company),Global Manufacturing Head - PureGlow Soaps,United States (North America),Mexico,Mexico City,FCT023,Mexico City Soap Plant,LN0067,Line-1,2026-07-03 12:00:00,2026-07-03,12,Morning,Lemon Bar Soap,1.14,60.0,37.9,Machine Breakdown,22.1,68,23,1,22,3.79,95.65,33.82,36.83,91.29,32.16,2.13,11.51,2
PureGlow Soaps International (Fictional Dummy Company),Global Manufacturing Head - PureGlow Soaps,United States (North America),Mexico,Mexico City,FCT023,Mexico City Soap Plant,LN0068,Line-2,2026-07-03 12:00:00,2026-07-03,12,Morning,Lavender Bar Soap,1.19,60.0,25.4,Machine Breakdown,34.6,71,35,1,34,3.18,97.14,49.3,57.67,85.01,47.62,3.8,19.76,2
PureGlow Soaps International (Fictional Dummy Company),Global Manufacturing Head - PureGlow Soaps,United States (North America),Mexico,Mexico City,FCT023,Mexico City Soap Plant,LN0069,Line-3,2026-07-03 12:00:00,2026-07-03,12,Morning,Lemon Bar Soap,1.47,60.0,9.9,Staff Shortage,50.1,88,65,2,63,3.05,96.92,73.86,83.5,88.26,71.43,5.97,13.11,3
PureGlow Soaps International (Fictional Dummy Company),Global Manufacturing Head - PureGlow Soaps,United States (North America),Mexico,Mexico City,FCT023,Mexico City Soap Plant,LN0067,Line-1,2026-07-03 13:00:00,2026-07-03,13,Morning,Lemon Bar Soap,1.14,60.0,3.5,No Downtime,56.5,68,53,2,51,4.42,96.23,77.94,94.17,82.29,74.57,4.99,28.74,1
PureGlow Soaps International (Fictional Dummy Company),Global Manufacturing Head - PureGlow Soaps,United States (North America),Mexico,Mexico City,FCT023,Mexico City Soap Plant,LN0068,Line-2,2026-07-03 13:00:00,2026-07-03,13,Morning,Lavender Bar Soap,1.19,60.0,14.1,Staff Shortage,45.9,71,56,1,55,2.61,98.21,78.87,76.5,102.52,77.02,5.98,27.74,2
PureGlow Soaps International (Fictional Dummy Company),Global Manufacturing Head - PureGlow Soaps,United States (North America),Mexico,Mexico City,FCT023,Mexico City Soap Plant,LN0069,Line-3,2026-07-03 13:00:00,2026-07-03,13,Morning,Lemon Bar Soap,1.47,60.0,12.8,Changeover/Setup,47.2,88,62,1,61,2.07,98.39,70.45,78.67,89.36,69.17,5.44,12.22,1
PureGlow Soaps International (Fictional Dummy Company),Global Manufacturing Head - PureGlow Soaps,United States (North America),Mexico,Mexico City,FCT023,Mexico City Soap Plant,LN0067,Line-1,2026-07-03 14:00:00,2026-07-03,14,Afternoon,Lemon Bar Soap,1.14,60.0,27.4,Preventive Maintenance,32.6,68,31,1,30,2.1,96.77,45.59,54.33,83.41,43.85,3.19,16.1,2
PureGlow Soaps International (Fictional Dummy Company),Global Manufacturing Head - PureGlow Soaps,United States (North America),Mexico,Mexico City,FCT023,Mexico City Soap Plant,LN0068,Line-2,2026-07-03 14:00:00,2026-07-03,14,Afternoon,Lavender Bar Soap,1.19,60.0,35.6,Machine Breakdown,24.4,71,26,1,25,2.79,96.15,36.62,40.67,89.54,35.01,2.52,13.38,2
PureGlow Soaps International (Fictional Dummy Company),Global Manufacturing Head - PureGlow Soaps,United States (North America),Mexico,Mexico City,FCT023,Mexico City Soap Plant,LN0069,Line-3,2026-07-03 14:00:00,2026-07-03,14,Afternoon,Lemon Bar Soap,1.47,60.0,8.2,Changeover/Setup,51.8,88,78,1,77,1.9,98.72,88.64,86.33,102.43,87.3,6.93,11.88,2
PureGlow Soaps International (Fictional Dummy Company),Global Manufacturing Head - PureGlow Soaps,United States (North America),Mexico,Mexico City,FCT023,Mexico City Soap Plant,LN0067,Line-1,2026-07-03 15:00:00,2026-07-03,15,Afternoon,Lemon Bar Soap,1.14,60.0,17.4,Power Outage,42.6,68,41,3,38,6.21,92.68,60.29,71.0,84.42,55.55,4.41,21.51,2
PureGlow Soaps International (Fictional Dummy Company),Global Manufacturing Head - PureGlow Soaps,United States (North America),Mexico,Mexico City,FCT023,Mexico City Soap Plant,LN0068,Line-2,2026-07-03 15:00:00,2026-07-03,15,Afternoon,Lavender Bar Soap,1.19,60.0,0.8,No Downtime,59.2,71,71,2,69,2.16,97.18,100.0,98.67,100.78,96.64,6.44,33.69,3
PureGlow Soaps International (Fictional Dummy Company),Global Manufacturing Head - PureGlow Soaps,United States (North America),Mexico,Mexico City,FCT023,Mexico City Soap Plant,LN0069,Line-3,2026-07-03 15:00:00,2026-07-03,15,Afternoon,Lemon Bar Soap,1.47,60.0,0.3,No Downtime,59.7,88,87,3,84,2.91,96.55,98.86,99.5,99.14,95.24,7.85,15.3,1
PureGlow Soaps International (Fictional Dummy Company),Global Manufacturing Head - PureGlow Soaps,United States (North America),Mexico,Mexico City,FCT023,Mexico City Soap Plant,LN0067,Line-1,2026-07-03 16:00:00,2026-07-03,16,Afternoon,Lemon Bar Soap,1.14,60.0,13.7,Changeover/Setup,46.3,68,48,2,46,3.58,95.83,70.59,77.17,90.94,67.25,4.87,21.78,3
PureGlow Soaps International (Fictional Dummy Company),Global Manufacturing Head - PureGlow Soaps,United States (North America),Mexico,Mexico City,FCT023,Mexico City Soap Plant,LN0068,Line-2,2026-07-03 16:00:00,2026-07-03,16,Afternoon,Lavender Bar Soap,1.19,60.0,33.2,Machine Breakdown,26.8,71,31,1,30,3.79,96.77,43.66,44.67,97.2,42.02,3.14,15.85,3
PureGlow Soaps International (Fictional Dummy Company),Global Manufacturing Head - PureGlow Soaps,United States (North America),Mexico,Mexico City,FCT023,Mexico City Soap Plant,LN0069,Line-3,2026-07-03 16:00:00,2026-07-03,16,Afternoon,Lemon Bar Soap,1.47,60.0,5.2,Changeover/Setup,54.8,88,81,1,80,1.24,98.77,92.05,91.33,100.55,90.7,7.45,14.76,1
PureGlow Soaps International (Fictional Dummy Company),Global Manufacturing Head - PureGlow Soaps,United States (North America),Mexico,Mexico City,FCT023,Mexico City Soap Plant,LN0067,Line-1,2026-07-03 17:00:00,2026-07-03,17,Afternoon,Lemon Bar Soap,1.14,60.0,6.1,Quality Hold,53.9,68,50,4,46,8.83,92.0,73.53,89.83,81.37,67.25,4.85,25.52,1
PureGlow Soaps International (Fictional Dummy Company),Global Manufacturing Head - PureGlow Soaps,United States (North America),Mexico,Mexico City,FCT023,Mexico City Soap Plant,LN0068,Line-2,2026-07-03 17:00:00,2026-07-03,17,Afternoon,Lavender Bar Soap,1.19,60.0,6.9,Changeover/Setup,53.1,71,64,3,61,4.11,95.31,90.14,88.5,101.28,85.43,5.95,32.09,1
PureGlow Soaps International (Fictional Dummy Company),Global Manufacturing Head - PureGlow Soaps,United States (North America),Mexico,Mexico City,FCT023,Mexico City Soap Plant,LN0069,Line-3,2026-07-03 17:00:00,2026-07-03,17,Afternoon,Lemon Bar Soap,1.47,60.0,16.9,Changeover/Setup,43.1,88,58,2,56,3.52,96.55,65.91,71.83,91.54,63.48,5.86,10.61,3
PureGlow Soaps International (Fictional Dummy Company),Global Manufacturing Head - PureGlow Soaps,United States (North America),Mexico,Mexico City,FCT023,Mexico City Soap Plant,LN0067,Line-1,2026-07-03 18:00:00,2026-07-03,18,Afternoon,Lemon Bar Soap,1.14,60.0,3.7,No Downtime,56.3,68,58,1,57,2.48,98.28,85.29,93.83,90.37,83.34,6.1,28.28,2
PureGlow Soaps International (Fictional Dummy Company),Global Manufacturing Head - PureGlow Soaps,United States (North America),Mexico,Mexico City,FCT023,Mexico City Soap Plant,LN0068,Line-2,2026-07-03 18:00:00,2026-07-03,18,Afternoon,Lavender Bar Soap,1.19,60.0,10.9,Changeover/Setup,49.1,71,53,1,52,1.33,98.11,74.65,81.83,90.71,72.83,4.83,25.67,1
PureGlow Soaps International (Fictional Dummy Company),Global Manufacturing Head - PureGlow Soaps,United States (North America),Mexico,Mexico City,FCT023,Mexico City Soap Plant,LN0069,Line-3,2026-07-03 18:00:00,2026-07-03,18,Afternoon,Lemon Bar Soap,1.47,60.0,3.3,No Downtime,56.7,88,79,3,76,3.29,96.2,89.77,94.5,94.78,86.16,8.49,13.32,2
PureGlow Soaps International (Fictional Dummy Company),Global Manufacturing Head - PureGlow Soaps,United States (North America),Mexico,Mexico City,FCT023,Mexico City Soap Plant,LN0067,Line-1,2026-07-03 19:00:00,2026-07-03,19,Afternoon,Lemon Bar Soap,1.14,60.0,26.8,Preventive Maintenance,33.2,68,36,1,35,3.83,97.22,52.94,55.33,95.12,51.17,3.22,14.89,3
PureGlow Soaps International (Fictional Dummy Company),Global Manufacturing Head - PureGlow Soaps,United States (North America),Mexico,Mexico City,FCT023,Mexico City Soap Plant,LN0068,Line-2,2026-07-03 19:00:00,2026-07-03,19,Afternoon,Lavender Bar Soap,1.19,60.0,10.8,Quality Hold,49.2,71,58,5,53,8.76,91.38,81.69,82.0,99.06,74.23,6.28,29.06,3
PureGlow Soaps International (Fictional Dummy Company),Global Manufacturing Head - PureGlow Soaps,United States (North America),Mexico,Mexico City,FCT023,Mexico City Soap Plant,LN0069,Line-3,2026-07-03 19:00:00,2026-07-03,19,Afternoon,Lemon Bar Soap,1.47,60.0,26.3,Machine Breakdown,33.7,88,42,1,41,2.27,97.62,47.73,56.17,84.78,46.49,4.46,8.05,3
PureGlow Soaps International (Fictional Dummy Company),Global Manufacturing Head - PureGlow Soaps,United States (North America),Mexico,Mexico City,FCT023,Mexico City Soap Plant,LN0067,Line-1,2026-07-03 20:00:00,2026-07-03,20,Afternoon,Lemon Bar Soap,1.14,60.0,18.3,Preventive Maintenance,41.7,68,47,1,46,2.86,97.87,69.12,69.5,98.87,67.25,4.38,20.49,3
PureGlow Soaps International (Fictional Dummy Company),Global Manufacturing Head - PureGlow Soaps,United States (North America),Mexico,Mexico City,FCT023,Mexico City Soap Plant,LN0068,Line-2,2026-07-03 20:00:00,2026-07-03,20,Afternoon,Lavender Bar Soap,1.19,60.0,0.2,No Downtime,59.8,71,61,2,59,3.3,96.72,85.92,99.67,85.72,82.63,5.99,32.99,2
PureGlow Soaps International (Fictional Dummy Company),Global Manufacturing Head - PureGlow Soaps,United States (North America),Mexico,Mexico City,FCT023,Mexico City Soap Plant,LN0069,Line-3,2026-07-03 20:00:00,2026-07-03,20,Afternoon,Lemon Bar Soap,1.47,60.0,3.1,No Downtime,56.9,88,70,3,67,4.38,95.71,79.55,94.83,83.69,75.96,7.23,14.26,2
PureGlow Soaps International (Fictional Dummy Company),Global Manufacturing Head - PureGlow Soaps,United States (North America),Mexico,Mexico City,FCT023,Mexico City Soap Plant,LN0067,Line-1,2026-07-03 21:00:00,2026-07-03,21,Afternoon,Lemon Bar Soap,1.14,60.0,33.2,Material Shortage,26.8,68,30,0,30,0.76,100.0,44.12,44.67,98.19,43.86,3.03,12.44,1
PureGlow Soaps International (Fictional Dummy Company),Global Manufacturing Head - PureGlow Soaps,United States (North America),Mexico,Mexico City,FCT023,Mexico City Soap Plant,LN0068,Line-2,2026-07-03 21:00:00,2026-07-03,21,Afternoon,Lavender Bar Soap,1.19,60.0,3.0,No Downtime,57.0,71,61,3,58,4.98,95.08,85.92,95.0,89.93,81.23,5.55,31.59,1
PureGlow Soaps International (Fictional Dummy Company),Global Manufacturing Head - PureGlow Soaps,United States (North America),Mexico,Mexico City,FCT023,Mexico City Soap Plant,LN0069,Line-3,2026-07-03 21:00:00,2026-07-03,21,Afternoon,Lemon Bar Soap,1.47,60.0,1.6,No Downtime,58.4,88,86,4,82,4.42,95.35,97.73,97.33,100.18,92.97,7.36,15.78,2
PureGlow Soaps International (Fictional Dummy Company),Global Manufacturing Head - PureGlow Soaps,United States (North America),Mexico,Mexico City,FCT023,Mexico City Soap Plant,LN0067,Line-1,2026-07-03 22:00:00,2026-07-03,22,Night,Lemon Bar Soap,1.14,60.0,1.1,No Downtime,58.9,68,57,2,55,3.11,96.49,83.82,98.17,84.89,80.41,6.09,28.83,2
PureGlow Soaps International (Fictional Dummy Company),Global Manufacturing Head - PureGlow Soaps,United States (North America),Mexico,Mexico City,FCT023,Mexico City Soap Plant,LN0068,Line-2,2026-07-03 22:00:00,2026-07-03,22,Night,Lavender Bar Soap,1.19,60.0,11.7,Changeover/Setup,48.3,71,51,2,49,4.24,96.08,71.83,80.5,88.73,68.63,4.66,30.09,3
PureGlow Soaps International (Fictional Dummy Company),Global Manufacturing Head - PureGlow Soaps,United States (North America),Mexico,Mexico City,FCT023,Mexico City Soap Plant,LN0069,Line-3,2026-07-03 22:00:00,2026-07-03,22,Night,Lemon Bar Soap,1.47,60.0,18.8,Power Outage,41.2,88,54,3,51,5.31,94.44,61.36,68.67,89.16,57.82,5.15,11.24,3
PureGlow Soaps International (Fictional Dummy Company),Global Manufacturing Head - PureGlow Soaps,United States (North America),Mexico,Mexico City,FCT023,Mexico City Soap Plant,LN0067,Line-1,2026-07-03 23:00:00,2026-07-03,23,Night,Lemon Bar Soap,1.14,60.0,33.2,Material Shortage,26.8,68,31,1,30,3.33,96.77,45.59,44.67,101.47,43.86,2.83,13.78,2
PureGlow Soaps International (Fictional Dummy Company),Global Manufacturing Head - PureGlow Soaps,United States (North America),Mexico,Mexico City,FCT023,Mexico City Soap Plant,LN0068,Line-2,2026-07-03 23:00:00,2026-07-03,23,Night,Lavender Bar Soap,1.19,60.0,24.0,Preventive Maintenance,36.0,71,37,2,35,4.1,94.59,52.11,60.0,86.37,49.02,3.3,19.59,2
PureGlow Soaps International (Fictional Dummy Company),Global Manufacturing Head - PureGlow Soaps,United States (North America),Mexico,Mexico City,FCT023,Mexico City Soap Plant,LN0069,Line-3,2026-07-03 23:00:00,2026-07-03,23,Night,Lemon Bar Soap,1.47,60.0,27.7,Material Shortage,32.3,88,43,1,42,3.31,97.67,48.86,53.83,90.56,47.61,4.57,8.26,2
PureGlow Soaps International (Fictional Dummy Company),Global Manufacturing Head - PureGlow Soaps,United States (North America),Mexico,Mexico City,FCT023,Mexico City Soap Plant,LN0067,Line-1,2026-07-04 00:00:00,2026-07-04,0,Night,Lemon Bar Soap,1.14,60.0,14.0,Changeover/Setup,46.0,68,49,1,48,1.5,97.96,72.06,76.67,93.44,70.18,4.47,22.74,1
PureGlow Soaps International (Fictional Dummy Company),Global Manufacturing Head - PureGlow Soaps,United States (North America),Mexico,Mexico City,FCT023,Mexico City Soap Plant,LN0068,Line-2,2026-07-04 00:00:00,2026-07-04,0,Night,Aloe Vera Liquid Soap,1.19,60.0,4.0,No Downtime,56.0,71,59,2,57,3.31,96.61,83.1,93.33,88.54,79.83,5.43,30.59,1
PureGlow Soaps International (Fictional Dummy Company),Global Manufacturing Head - PureGlow Soaps,United States (North America),Mexico,Mexico City,FCT023,Mexico City Soap Plant,LN0069,Line-3,2026-07-04 00:00:00,2026-07-04,0,Night,Sandalwood Bar Soap,1.47,60.0,0.1,No Downtime,59.9,88,81,2,79,2.15,97.53,92.05,99.83,91.99,89.57,7.0,13.77,3
PureGlow Soaps International (Fictional Dummy Company),Global Manufacturing Head - PureGlow Soaps,United States (North America),Mexico,Mexico City,FCT023,Mexico City Soap Plant,LN0067,Line-1,2026-07-04 01:00:00,2026-07-04,1,Night,Lemon Bar Soap,1.14,60.0,12.6,Changeover/Setup,47.4,68,55,1,54,1.02,98.18,80.88,79.0,101.78,78.94,5.84,23.69,3
PureGlow Soaps International (Fictional Dummy Company),Global Manufacturing Head - PureGlow Soaps,United States (North America),Mexico,Mexico City,FCT023,Mexico City Soap Plant,LN0068,Line-2,2026-07-04 01:00:00,2026-07-04,1,Night,Aloe Vera Liquid Soap,1.19,60.0,14.7,Quality Hold,45.3,71,55,6,49,10.62,89.09,77.46,75.5,102.03,68.63,5.86,26.66,1
PureGlow Soaps International (Fictional Dummy Company),Global Manufacturing Head - PureGlow Soaps,United States (North America),Mexico,Mexico City,FCT023,Mexico City Soap Plant,LN0069,Line-3,2026-07-04 01:00:00,2026-07-04,1,Night,Sandalwood Bar Soap,1.47,60.0,3.1,No Downtime,56.9,88,71,1,70,2.0,98.59,80.68,94.83,84.88,79.36,7.59,13.93,2
PureGlow Soaps International (Fictional Dummy Company),Global Manufacturing Head - PureGlow Soaps,United States (North America),Mexico,Mexico City,FCT023,Mexico City Soap Plant,LN0067,Line-1,2026-07-04 02:00:00,2026-07-04,2,Night,Lemon Bar Soap,1.14,60.0,31.4,Preventive Maintenance,28.6,68,30,1,29,2.25,96.67,44.12,47.67,92.01,42.4,2.86,14.23,1
PureGlow Soaps International (Fictional Dummy Company),Global Manufacturing Head - PureGlow Soaps,United States (North America),Mexico,Mexico City,FCT023,Mexico City Soap Plant,LN0068,Line-2,2026-07-04 02:00:00,2026-07-04,2,Night,Aloe Vera Liquid Soap,1.19,60.0,15.3,Machine Breakdown,44.7,71,53,2,51,3.21,96.23,74.65,74.5,99.64,71.43,5.27,23.5,3
PureGlow Soaps International (Fictional Dummy Company),Global Manufacturing Head - PureGlow Soaps,United States (North America),Mexico,Mexico City,FCT023,Mexico City Soap Plant,LN0069,Line-3,2026-07-04 02:00:00,2026-07-04,2,Night,Sandalwood Bar Soap,1.47,60.0,1.2,No Downtime,58.8,88,69,3,66,4.57,95.65,78.41,98.0,79.83,74.83,6.54,13.44,2
PureGlow Soaps International (Fictional Dummy Company),Global Manufacturing Head - PureGlow Soaps,United States (North America),Mexico,Mexico City,FCT023,Mexico City Soap Plant,LN0067,Line-1,2026-07-04 03:00:00,2026-07-04,3,Night,Lemon Bar Soap,1.14,60.0,0.8,No Downtime,59.2,68,57,2,55,4.19,96.49,83.82,98.67,84.46,80.41,6.07,26.48,3
PureGlow Soaps International (Fictional Dummy Company),Global Manufacturing Head - PureGlow Soaps,United States (North America),Mexico,Mexico City,FCT023,Mexico City Soap Plant,LN0068,Line-2,2026-07-04 03:00:00,2026-07-04,3,Night,Aloe Vera Liquid Soap,1.19,60.0,2.5,No Downtime,57.5,71,61,3,58,4.74,95.08,85.92,95.83,89.15,81.23,5.6,30.12,3
PureGlow Soaps International (Fictional Dummy Company),Global Manufacturing Head - PureGlow Soaps,United States (North America),Mexico,Mexico City,FCT023,Mexico City Soap Plant,LN0069,Line-3,2026-07-04 03:00:00,2026-07-04,3,Night,Sandalwood Bar Soap,1.47,60.0,33.0,Preventive Maintenance,27.0,88,36,1,35,3.93,97.22,40.91,45.0,90.7,39.68,3.28,6.22,1
PureGlow Soaps International (Fictional Dummy Company),Global Manufacturing Head - PureGlow Soaps,United States (North America),Mexico,Mexico City,FCT023,Mexico City Soap Plant,LN0067,Line-1,2026-07-04 04:00:00,2026-07-04,4,Night,Lemon Bar Soap,1.14,60.0,9.8,Changeover/Setup,50.2,68,46,1,45,2.59,97.83,67.65,83.67,80.38,65.79,3.94,23.87,3
PureGlow Soaps International (Fictional Dummy Company),Global Manufacturing Head - PureGlow Soaps,United States (North America),Mexico,Mexico City,FCT023,Mexico City Soap Plant,LN0068,Line-2,2026-07-04 04:00:00,2026-07-04,4,Night,Aloe Vera Liquid Soap,1.19,60.0,0.7,No Downtime,59.3,71,59,2,57,2.96,96.61,83.1,98.83,83.61,79.83,6.23,32.74,2
PureGlow Soaps International (Fictional Dummy Company),Global Manufacturing Head - PureGlow Soaps,United States (North America),Mexico,Mexico City,FCT023,Mexico City Soap Plant,LN0069,Line-3,2026-07-04 04:00:00,2026-07-04,4,Night,Sandalwood Bar Soap,1.47,60.0,3.7,No Downtime,56.3,88,71,0,71,0.24,100.0,80.68,93.83,85.79,80.5,6.13,14.16,3
PureGlow Soaps International (Fictional Dummy Company),Global Manufacturing Head - PureGlow Soaps,United States (North America),Mexico,Mexico City,FCT023,Mexico City Soap Plant,LN0067,Line-1,2026-07-04 05:00:00,2026-07-04,5,Night,Lemon Bar Soap,1.14,60.0,0.7,No Downtime,59.3,68,65,1,64,2.03,98.46,95.59,98.83,96.15,93.56,6.82,31.57,3
PureGlow Soaps International (Fictional Dummy Company),Global Manufacturing Head - PureGlow Soaps,United States (North America),Mexico,Mexico City,FCT023,Mexico City Soap Plant,LN0068,Line-2,2026-07-04 05:00:00,2026-07-04,5,Night,Aloe Vera Liquid Soap,1.19,60.0,1.4,No Downtime,58.6,71,71,3,68,4.04,95.77,100.0,97.67,101.82,95.24,6.05,35.02,2
PureGlow Soaps International (Fictional Dummy Company),Global Manufacturing Head - PureGlow Soaps,United States (North America),Mexico,Mexico City,FCT023,Mexico City Soap Plant,LN0069,Line-3,2026-07-04 05:00:00,2026-07-04,5,Night,Sandalwood Bar Soap,1.47,60.0,3.3,No Downtime,56.7,88,78,4,74,5.24,94.87,88.64,94.5,93.58,83.9,8.47,14.17,2
PureGlow Soaps International (Fictional Dummy Company),Global Manufacturing Head - PureGlow Soaps,United States (North America),Mexico,Mexico City,FCT023,Mexico City Soap Plant,LN0067,Line-1,2026-07-04 06:00:00,2026-07-04,6,Morning,Lemon Bar Soap,1.14,60.0,3.8,No Downtime,56.2,68,59,1,58,0.93,98.31,86.76,93.67,92.09,84.8,5.09,26.8,2
PureGlow Soaps International (Fictional Dummy Company),Global Manufacturing Head - PureGlow Soaps,United States (North America),Mexico,Mexico City,FCT023,Mexico City Soap Plant,LN0068,Line-2,2026-07-04 06:00:00,2026-07-04,6,Morning,Aloe Vera Liquid Soap,1.19,60.0,13.4,Machine Breakdown,46.6,71,46,0,46,1.02,100.0,64.79,77.67,82.95,64.43,4.08,27.8,2
PureGlow Soaps International (Fictional Dummy Company),Global Manufacturing Head - PureGlow Soaps,United States (North America),Mexico,Mexico City,FCT023,Mexico City Soap Plant,LN0069,Line-3,2026-07-04 06:00:00,2026-07-04,6,Morning,Sandalwood Bar Soap,1.47,60.0,14.1,Changeover/Setup,45.9,88,62,2,60,3.45,96.77,70.45,76.5,91.89,68.03,5.82,12.41,3
PureGlow Soaps International (Fictional Dummy Company),Global Manufacturing Head - PureGlow Soaps,United States (North America),Mexico,Mexico City,FCT023,Mexico City Soap Plant,LN0067,Line-1,2026-07-04 07:00:00,2026-07-04,7,Morning,Lemon Bar Soap,1.14,60.0,0.8,No Downtime,59.2,68,67,3,64,4.97,95.52,98.53,98.67,99.28,93.57,6.2,27.83,2
PureGlow Soaps International (Fictional Dummy Company),Global Manufacturing Head - PureGlow Soaps,United States (North America),Mexico,Mexico City,FCT023,Mexico City Soap Plant,LN0068,Line-2,2026-07-04 07:00:00,2026-07-04,7,Morning,Aloe Vera Liquid Soap,1.19,60.0,1.5,No Downtime,58.5,71,71,2,69,2.32,97.18,100.0,97.5,101.99,96.64,6.67,33.72,2
PureGlow Soaps International (Fictional Dummy Company),Global Manufacturing Head - PureGlow Soaps,United States (North America),Mexico,Mexico City,FCT023,Mexico City Soap Plant,LN0069,Line-3,2026-07-04 07:00:00,2026-07-04,7,Morning,Sandalwood Bar Soap,1.47,60.0,36.9,Machine Breakdown,23.1,88,30,2,28,5.5,93.33,34.09,38.5,88.35,31.75,2.71,6.14,1
PureGlow Soaps International (Fictional Dummy Company),Global Manufacturing Head - PureGlow Soaps,United States (North America),Mexico,Mexico City,FCT023,Mexico City Soap Plant,LN0067,Line-1,2026-07-04 08:00:00,2026-07-04,8,Morning,Lemon Bar Soap,1.14,60.0,44.1,Machine Breakdown,15.9,68,15,0,15,3.2,100.0,22.06,26.5,82.75,21.93,1.53,7.78,3
PureGlow Soaps International (Fictional Dummy Company),Global Manufacturing Head - PureGlow Soaps,United States (North America),Mexico,Mexico City,FCT023,Mexico City Soap Plant,LN0068,Line-2,2026-07-04 08:00:00,2026-07-04,8,Morning,Aloe Vera Liquid Soap,1.19,60.0,2.6,No Downtime,57.4,71,66,2,64,2.81,96.97,92.96,95.67,96.62,89.64,6.8,32.07,2
PureGlow Soaps International (Fictional Dummy Company),Global Manufacturing Head - PureGlow Soaps,United States (North America),Mexico,Mexico City,FCT023,Mexico City Soap Plant,LN0069,Line-3,2026-07-04 08:00:00,2026-07-04,8,Morning,Sandalwood Bar Soap,1.47,60.0,25.4,Preventive Maintenance,34.6,88,51,3,48,5.45,94.12,57.95,57.67,100.27,54.43,4.73,9.23,3
PureGlow Soaps International (Fictional Dummy Company),Global Manufacturing Head - PureGlow Soaps,United States (North America),Mexico,Mexico City,FCT023,Mexico City Soap Plant,LN0067,Line-1,2026-07-04 09:00:00,2026-07-04,9,Morning,Lemon Bar Soap,1.14,60.0,41.8,Machine Breakdown,18.2,68,19,0,19,0.0,100.0,27.94,30.33,91.58,27.78,1.78,8.15,2
PureGlow Soaps International (Fictional Dummy Company),Global Manufacturing Head - PureGlow Soaps,United States (North America),Mexico,Mexico City,FCT023,Mexico City Soap Plant,LN0068,Line-2,2026-07-04 09:00:00,2026-07-04,9,Morning,Aloe Vera Liquid Soap,1.19,60.0,33.3,Machine Breakdown,26.7,71,31,1,30,4.23,96.77,43.66,44.5,97.57,42.02,3.29,16.16,1
PureGlow Soaps International (Fictional Dummy Company),Global Manufacturing Head - PureGlow Soaps,United States (North America),Mexico,Mexico City,FCT023,Mexico City Soap Plant,LN0069,Line-3,2026-07-04 09:00:00,2026-07-04,9,Morning,Sandalwood Bar Soap,1.47,60.0,10.9,Power Outage,49.1,88,69,2,67,3.59,97.1,78.41,81.83,95.6,75.96,6.23,12.14,2
PureGlow Soaps International (Fictional Dummy Company),Global Manufacturing Head - PureGlow Soaps,United States (North America),Mexico,Mexico City,FCT023,Mexico City Soap Plant,LN0067,Line-1,2026-07-04 10:00:00,2026-07-04,10,Morning,Lemon Bar Soap,1.14,60.0,3.5,No Downtime,56.5,68,53,1,52,2.26,98.11,77.94,94.17,82.29,76.03,4.81,28.42,1
PureGlow Soaps International (Fictional Dummy Company),Global Manufacturing Head - PureGlow Soaps,United States (North America),Mexico,Mexico City,FCT023,Mexico City Soap Plant,LN0068,Line-2,2026-07-04 10:00:00,2026-07-04,10,Morning,Aloe Vera Liquid Soap,1.19,60.0,37.3,Preventive Maintenance,22.7,71,24,1,23,4.37,95.83,33.8,37.83,88.85,32.21,2.07,12.36,2
PureGlow Soaps International (Fictional Dummy Company),Global Manufacturing Head - PureGlow Soaps,United States (North America),Mexico,Mexico City,FCT023,Mexico City Soap Plant,LN0069,Line-3,2026-07-04 10:00:00,2026-07-04,10,Morning,Sandalwood Bar Soap,1.47,60.0,2.0,No Downtime,58.0,88,79,3,76,3.22,96.2,89.77,96.67,92.66,86.17,7.57,15.39,2
PureGlow Soaps International (Fictional Dummy Company),Global Manufacturing Head - PureGlow Soaps,United States (North America),Mexico,Mexico City,FCT023,Mexico City Soap Plant,LN0067,Line-1,2026-07-04 11:00:00,2026-07-04,11,Morning,Lemon Bar Soap,1.14,60.0,21.7,Staff Shortage,38.3,68,38,1,37,3.28,97.37,55.88,63.83,87.03,54.09,3.93,20.75,2
PureGlow Soaps International (Fictional Dummy Company),Global Manufacturing Head - PureGlow Soaps,United States (North America),Mexico,Mexico City,FCT023,Mexico City Soap Plant,LN0068,Line-2,2026-07-04 11:00:00,2026-07-04,11,Morning,Aloe Vera Liquid Soap,1.19,60.0,30.3,Material Shortage,29.7,71,29,1,28,2.63,96.55,40.85,49.5,82.05,39.21,2.66,16.4,2
PureGlow Soaps International (Fictional Dummy Company),Global Manufacturing Head - PureGlow Soaps,United States (North America),Mexico,Mexico City,FCT023,Mexico City Soap Plant,LN0069,Line-3,2026-07-04 11:00:00,2026-07-04,11,Morning,Sandalwood Bar Soap,1.47,60.0,28.1,Material Shortage,31.9,88,47,1,46,2.01,97.87,53.41,53.17,100.23,52.16,4.68,8.19,3
PureGlow Soaps International (Fictional Dummy Company),Global Manufacturing Head - PureGlow Soaps,United States (North America),Mexico,Mexico City,FCT023,Mexico City Soap Plant,LN0067,Line-1,2026-07-04 12:00:00,2026-07-04,12,Morning,Lemon Bar Soap,1.14,60.0,1.4,No Downtime,58.6,68,58,2,56,3.44,96.55,85.29,97.67,86.82,81.87,5.17,29.26,2
PureGlow Soaps International (Fictional Dummy Company),Global Manufacturing Head - PureGlow Soaps,United States (North America),Mexico,Mexico City,FCT023,Mexico City Soap Plant,LN0068,Line-2,2026-07-04 12:00:00,2026-07-04,12,Morning,Aloe Vera Liquid Soap,1.19,60.0,3.8,No Downtime,56.2,71,62,2,60,3.81,96.77,87.32,93.67,92.71,84.04,6.74,34.99,1
PureGlow Soaps International (Fictional Dummy Company),Global Manufacturing Head - PureGlow Soaps,United States (North America),Mexico,Mexico City,FCT023,Mexico City Soap Plant,LN0069,Line-3,2026-07-04 12:00:00,2026-07-04,12,Morning,Sandalwood Bar Soap,1.47,60.0,12.1,Material Shortage,47.9,88,63,2,61,3.78,96.83,71.59,79.83,89.47,69.16,6.14,11.26,2
PureGlow Soaps International (Fictional Dummy Company),Global Manufacturing Head - PureGlow Soaps,United States (North America),Mexico,Mexico City,FCT023,Mexico City Soap Plant,LN0067,Line-1,2026-07-04 13:00:00,2026-07-04,13,Morning,Lemon Bar Soap,1.14,60.0,2.8,No Downtime,57.2,68,56,3,53,5.65,94.64,82.35,95.33,85.88,77.48,5.3,30.13,3
PureGlow Soaps International (Fictional Dummy Company),Global Manufacturing Head - PureGlow Soaps,United States (North America),Mexico,Mexico City,FCT023,Mexico City Soap Plant,LN0068,Line-2,2026-07-04 13:00:00,2026-07-04,13,Morning,Aloe Vera Liquid Soap,1.19,60.0,24.9,Machine Breakdown,35.1,71,36,2,34,5.1,94.44,50.7,58.5,86.19,47.62,3.54,21.78,3
PureGlow Soaps International (Fictional Dummy Company),Global Manufacturing Head - PureGlow Soaps,United States (North America),Mexico,Mexico City,FCT023,Mexico City Soap Plant,LN0069,Line-3,2026-07-04 13:00:00,2026-07-04,13,Morning,Sandalwood Bar Soap,1.47,60.0,14.3,Power Outage,45.7,88,68,3,65,3.99,95.59,77.27,76.17,101.22,73.7,6.55,11.86,2
PureGlow Soaps International (Fictional Dummy Company),Global Manufacturing Head - PureGlow Soaps,United States (North America),Mexico,Mexico City,FCT023,Mexico City Soap Plant,LN0067,Line-1,2026-07-04 14:00:00,2026-07-04,14,Afternoon,Lemon Bar Soap,1.14,60.0,10.2,Changeover/Setup,49.8,68,54,2,52,3.23,96.3,79.41,83.0,95.12,76.03,5.0,24.74,2
PureGlow Soaps International (Fictional Dummy Company),Global Manufacturing Head - PureGlow Soaps,United States (North America),Mexico,Mexico City,FCT023,Mexico City Soap Plant,LN0068,Line-2,2026-07-04 14:00:00,2026-07-04,14,Afternoon,Aloe Vera Liquid Soap,1.19,60.0,27.2,Preventive Maintenance,32.8,71,32,1,31,4.04,96.88,45.07,54.67,81.98,43.42,2.79,20.57,2
PureGlow Soaps International (Fictional Dummy Company),Global Manufacturing Head - PureGlow Soaps,United States (North America),Mexico,Mexico City,FCT023,Mexico City Soap Plant,LN0069,Line-3,2026-07-04 14:00:00,2026-07-04,14,Afternoon,Sandalwood Bar Soap,1.47,60.0,21.7,Power Outage,38.3,88,57,3,54,4.39,94.74,64.77,63.83,101.24,61.22,5.53,9.05,1
PureGlow Soaps International (Fictional Dummy Company),Global Manufacturing Head - PureGlow Soaps,United States (North America),Mexico,Mexico City,FCT023,Mexico City Soap Plant,LN0067,Line-1,2026-07-04 15:00:00,2026-07-04,15,Afternoon,Lemon Bar Soap,1.14,60.0,3.0,No Downtime,57.0,68,59,2,57,3.12,96.61,86.76,95.0,90.8,83.34,6.35,29.12,1
PureGlow Soaps International (Fictional Dummy Company),Global Manufacturing Head - PureGlow Soaps,United States (North America),Mexico,Mexico City,FCT023,Mexico City Soap Plant,LN0068,Line-2,2026-07-04 15:00:00,2026-07-04,15,Afternoon,Aloe Vera Liquid Soap,1.19,60.0,11.1,Machine Breakdown,48.9,71,48,1,47,2.86,97.92,67.61,81.5,82.49,65.83,4.49,27.2,3
PureGlow Soaps International (Fictional Dummy Company),Global Manufacturing Head - PureGlow Soaps,United States (North America),Mexico,Mexico City,FCT023,Mexico City Soap Plant,LN0069,Line-3,2026-07-04 15:00:00,2026-07-04,15,Afternoon,Sandalwood Bar Soap,1.47,60.0,20.6,Machine Breakdown,39.4,88,59,2,57,3.15,96.61,67.05,65.67,101.87,64.63,5.17,10.89,3
PureGlow Soaps International (Fictional Dummy Company),Global Manufacturing Head - PureGlow Soaps,United States (North America),Mexico,Mexico City,FCT023,Mexico City Soap Plant,LN0067,Line-1,2026-07-04 16:00:00,2026-07-04,16,Afternoon,Lemon Bar Soap,1.14,60.0,1.0,No Downtime,59.0,68,55,1,54,1.43,98.18,80.88,98.33,81.77,78.94,5.83,29.5,2
PureGlow Soaps International (Fictional Dummy Company),Global Manufacturing Head - PureGlow Soaps,United States (North America),Mexico,Mexico City,FCT023,Mexico City Soap Plant,LN0068,Line-2,2026-07-04 16:00:00,2026-07-04,16,Afternoon,Aloe Vera Liquid Soap,1.19,60.0,22.9,Material Shortage,37.1,71,42,1,41,2.0,97.62,59.15,61.83,95.13,57.42,3.87,22.87,3
PureGlow Soaps International (Fictional Dummy Company),Global Manufacturing Head - PureGlow Soaps,United States (North America),Mexico,Mexico City,FCT023,Mexico City Soap Plant,LN0069,Line-3,2026-07-04 16:00:00,2026-07-04,16,Afternoon,Sandalwood Bar Soap,1.47,60.0,16.0,Power Outage,44.0,88,52,2,50,3.18,96.15,59.09,73.33,80.4,56.69,5.05,10.97,1
PureGlow Soaps International (Fictional Dummy Company),Global Manufacturing Head - PureGlow Soaps,United States (North America),Mexico,Mexico City,FCT023,Mexico City Soap Plant,LN0067,Line-1,2026-07-04 17:00:00,2026-07-04,17,Afternoon,Lemon Bar Soap,1.14,60.0,0.2,No Downtime,59.8,68,63,2,61,3.76,96.83,92.65,99.67,92.41,89.19,6.92,30.66,2
PureGlow Soaps International (Fictional Dummy Company),Global Manufacturing Head - PureGlow Soaps,United States (North America),Mexico,Mexico City,FCT023,Mexico City Soap Plant,LN0068,Line-2,2026-07-04 17:00:00,2026-07-04,17,Afternoon,Aloe Vera Liquid Soap,1.19,60.0,25.9,Machine Breakdown,34.1,71,40,1,39,3.25,97.5,56.34,56.83,98.57,54.62,4.32,18.21,3
PureGlow Soaps International (Fictional Dummy Company),Global Manufacturing Head - PureGlow Soaps,United States (North America),Mexico,Mexico City,FCT023,Mexico City Soap Plant,LN0069,Line-3,2026-07-04 17:00:00,2026-07-04,17,Afternoon,Sandalwood Bar Soap,1.47,60.0,0.9,No Downtime,59.1,88,71,2,69,2.52,97.18,80.68,98.5,81.72,78.22,7.69,16.1,3
PureGlow Soaps International (Fictional Dummy Company),Global Manufacturing Head - PureGlow Soaps,United States (North America),Mexico,Mexico City,FCT023,Mexico City Soap Plant,LN0067,Line-1,2026-07-04 18:00:00,2026-07-04,18,Afternoon,Lemon Bar Soap,1.14,60.0,13.9,Material Shortage,46.1,68,52,1,51,1.69,98.08,76.47,76.83,98.95,74.56,5.32,24.82,3
PureGlow Soaps International (Fictional Dummy Company),Global Manufacturing Head - PureGlow Soaps,United States (North America),Mexico,Mexico City,FCT023,Mexico City Soap Plant,LN0068,Line-2,2026-07-04 18:00:00,2026-07-04,18,Afternoon,Aloe Vera Liquid Soap,1.19,60.0,4.0,No Downtime,56.0,71,59,2,57,3.79,96.61,83.1,93.33,88.54,79.83,5.16,29.64,2
PureGlow Soaps International (Fictional Dummy Company),Global Manufacturing Head - PureGlow Soaps,United States (North America),Mexico,Mexico City,FCT023,Mexico City Soap Plant,LN0069,Line-3,2026-07-04 18:00:00,2026-07-04,18,Afternoon,Sandalwood Bar Soap,1.47,60.0,2.7,No Downtime,57.3,88,74,4,70,5.54,94.59,84.09,95.5,87.85,79.36,6.64,15.71,1
PureGlow Soaps International (Fictional Dummy Company),Global Manufacturing Head - PureGlow Soaps,United States (North America),Mexico,Mexico City,FCT023,Mexico City Soap Plant,LN0067,Line-1,2026-07-04 19:00:00,2026-07-04,19,Afternoon,Lemon Bar Soap,1.14,60.0,1.4,No Downtime,58.6,68,58,2,56,3.54,96.55,85.29,97.67,86.82,81.87,5.85,29.16,1
PureGlow Soaps International (Fictional Dummy Company),Global Manufacturing Head - PureGlow Soaps,United States (North America),Mexico,Mexico City,FCT023,Mexico City Soap Plant,LN0068,Line-2,2026-07-04 19:00:00,2026-07-04,19,Afternoon,Aloe Vera Liquid Soap,1.19,60.0,2.1,No Downtime,57.9,71,64,2,62,3.2,96.88,90.14,96.5,92.89,86.84,5.84,30.32,1
PureGlow Soaps International (Fictional Dummy Company),Global Manufacturing Head - PureGlow Soaps,United States (North America),Mexico,Mexico City,FCT023,Mexico City Soap Plant,LN0069,Line-3,2026-07-04 19:00:00,2026-07-04,19,Afternoon,Sandalwood Bar Soap,1.47,60.0,0.8,No Downtime,59.2,88,81,1,80,1.61,98.77,92.05,98.67,93.08,90.71,7.01,16.14,1
PureGlow Soaps International (Fictional Dummy Company),Global Manufacturing Head - PureGlow Soaps,United States (North America),Mexico,Mexico City,FCT023,Mexico City Soap Plant,LN0067,Line-1,2026-07-04 20:00:00,2026-07-04,20,Afternoon,Lemon Bar Soap,1.14,60.0,10.2,Quality Hold,49.8,68,56,4,52,6.86,92.86,82.35,83.0,98.64,76.03,5.67,24.81,3
PureGlow Soaps International (Fictional Dummy Company),Global Manufacturing Head - PureGlow Soaps,United States (North America),Mexico,Mexico City,FCT023,Mexico City Soap Plant,LN0068,Line-2,2026-07-04 20:00:00,2026-07-04,20,Afternoon,Aloe Vera Liquid Soap,1.19,60.0,15.7,Quality Hold,44.3,71,43,3,40,7.13,93.02,60.56,73.83,81.57,56.02,4.26,26.34,1
PureGlow Soaps International (Fictional Dummy Company),Global Manufacturing Head - PureGlow Soaps,United States (North America),Mexico,Mexico City,FCT023,Mexico City Soap Plant,LN0069,Line-3,2026-07-04 20:00:00,2026-07-04,20,Afternoon,Sandalwood Bar Soap,1.47,60.0,0.7,No Downtime,59.3,88,70,2,68,2.26,97.14,79.55,98.83,80.3,77.09,7.52,15.43,1
PureGlow Soaps International (Fictional Dummy Company),Global Manufacturing Head - PureGlow Soaps,United States (North America),Mexico,Mexico City,FCT023,Mexico City Soap Plant,LN0067,Line-1,2026-07-04 21:00:00,2026-07-04,21,Afternoon,Lemon Bar Soap,1.14,60.0,2.4,No Downtime,57.6,68,63,1,62,2.27,98.41,92.65,96.0,95.94,90.64,6.89,27.69,2
PureGlow Soaps International (Fictional Dummy Company),Global Manufacturing Head - PureGlow Soaps,United States (North America),Mexico,Mexico City,FCT023,Mexico City Soap Plant,LN0068,Line-2,2026-07-04 21:00:00,2026-07-04,21,Afternoon,Aloe Vera Liquid Soap,1.19,60.0,3.0,No Downtime,57.0,71,61,3,58,4.37,95.08,85.92,95.0,89.93,81.23,6.37,30.45,3
PureGlow Soaps International (Fictional Dummy Company),Global Manufacturing Head - PureGlow Soaps,United States (North America),Mexico,Mexico City,FCT023,Mexico City Soap Plant,LN0069,Line-3,2026-07-04 21:00:00,2026-07-04,21,Afternoon,Sandalwood Bar Soap,1.47,60.0,39.6,Preventive Maintenance,20.4,88,26,1,25,3.74,96.15,29.55,34.0,86.7,28.34,2.45,4.9,3
PureGlow Soaps International (Fictional Dummy Company),Global Manufacturing Head - PureGlow Soaps,United States (North America),Mexico,Mexico City,FCT023,Mexico City Soap Plant,LN0067,Line-1,2026-07-04 22:00:00,2026-07-04,22,Night,Lemon Bar Soap,1.14,60.0,1.5,No Downtime,58.5,68,58,2,56,3.4,96.55,85.29,97.5,86.97,81.87,5.33,30.95,2
PureGlow Soaps International (Fictional Dummy Company),Global Manufacturing Head - PureGlow Soaps,United States (North America),Mexico,Mexico City,FCT023,Mexico City Soap Plant,LN0068,Line-2,2026-07-04 22:00:00,2026-07-04,22,Night,Aloe Vera Liquid Soap,1.19,60.0,10.0,Changeover/Setup,50.0,71,61,2,59,3.2,96.72,85.92,83.33,102.52,82.63,6.56,28.85,2
PureGlow Soaps International (Fictional Dummy Company),Global Manufacturing Head - PureGlow Soaps,United States (North America),Mexico,Mexico City,FCT023,Mexico City Soap Plant,LN0069,Line-3,2026-07-04 22:00:00,2026-07-04,22,Night,Sandalwood Bar Soap,1.47,60.0,17.7,Changeover/Setup,42.3,88,57,2,55,3.56,96.49,64.77,70.5,91.67,62.36,5.92,11.27,3
PureGlow Soaps International (Fictional Dummy Company),Global Manufacturing Head - PureGlow Soaps,United States (North America),Mexico,Mexico City,FCT023,Mexico City Soap Plant,LN0067,Line-1,2026-07-04 23:00:00,2026-07-04,23,Night,Lemon Bar Soap,1.14,60.0,0.4,No Downtime,59.6,68,56,1,55,2.08,98.21,82.35,99.33,82.42,80.4,4.85,31.21,3
PureGlow Soaps International (Fictional Dummy Company),Global Manufacturing Head - PureGlow Soaps,United States (North America),Mexico,Mexico City,FCT023,Mexico City Soap Plant,LN0068,Line-2,2026-07-04 23:00:00,2026-07-04,23,Night,Aloe Vera Liquid Soap,1.19,60.0,24.4,Machine Breakdown,35.6,71,35,1,34,1.57,97.14,49.3,59.33,82.62,47.62,3.12,22.12,1
PureGlow Soaps International (Fictional Dummy Company),Global Manufacturing Head - PureGlow Soaps,United States (North America),Mexico,Mexico City,FCT023,Mexico City Soap Plant,LN0069,Line-3,2026-07-04 23:00:00,2026-07-04,23,Night,Sandalwood Bar Soap,1.47,60.0,16.5,Changeover/Setup,43.5,88,53,1,52,2.77,98.11,60.23,72.5,82.88,58.95,5.18,11.59,1
PureGlow Soaps International (Fictional Dummy Company),Global Manufacturing Head - PureGlow Soaps,United States (North America),Mexico,Mexico City,FCT023,Mexico City Soap Plant,LN0067,Line-1,2026-07-05 00:00:00,2026-07-05,0,Night,Lemon Bar Soap,1.14,60.0,11.2,Machine Breakdown,48.8,68,51,2,49,4.16,96.08,75.0,81.33,91.67,71.63,4.99,22.0,3
PureGlow Soaps International (Fictional Dummy Company),Global Manufacturing Head - PureGlow Soaps,United States (North America),Mexico,Mexico City,FCT023,Mexico City Soap Plant,LN0068,Line-2,2026-07-05 00:00:00,2026-07-05,0,Night,Sandalwood Bar Soap,1.19,60.0,7.0,Changeover/Setup,53.0,71,64,2,62,3.19,96.88,90.14,88.33,101.47,86.83,5.53,31.13,3
PureGlow Soaps International (Fictional Dummy Company),Global Manufacturing Head - PureGlow Soaps,United States (North America),Mexico,Mexico City,FCT023,Mexico City Soap Plant,LN0069,Line-3,2026-07-05 00:00:00,2026-07-05,0,Night,Rose Bar Soap,1.47,60.0,16.4,Changeover/Setup,43.6,88,59,2,57,3.44,96.61,67.05,72.67,92.06,64.63,5.31,11.38,2
PureGlow Soaps International (Fictional Dummy Company),Global Manufacturing Head - PureGlow Soaps,United States (North America),Mexico,Mexico City,FCT023,Mexico City Soap Plant,LN0067,Line-1,2026-07-05 01:00:00,2026-07-05,1,Night,Lemon Bar Soap,1.14,60.0,20.5,Machine Breakdown,39.5,68,41,1,40,3.21,97.56,60.29,65.83,91.05,58.48,4.02,20.98,3
PureGlow Soaps International (Fictional Dummy Company),Global Manufacturing Head - PureGlow Soaps,United States (North America),Mexico,Mexico City,FCT023,Mexico City Soap Plant,LN0068,Line-2,2026-07-05 01:00:00,2026-07-05,1,Night,Sandalwood Bar Soap,1.19,60.0,3.1,No Downtime,56.9,71,69,3,66,4.18,95.65,97.18,94.83,101.9,92.43,7.45,34.47,1
PureGlow Soaps International (Fictional Dummy Company),Global Manufacturing Head - PureGlow Soaps,United States (North America),Mexico,Mexico City,FCT023,Mexico City Soap Plant,LN0069,Line-3,2026-07-05 01:00:00,2026-07-05,1,Night,Rose Bar Soap,1.47,60.0,17.6,Changeover/Setup,42.4,88,56,2,54,3.57,96.43,63.64,70.67,89.85,61.23,6.13,9.61,2
PureGlow Soaps International (Fictional Dummy Company),Global Manufacturing Head - PureGlow Soaps,United States (North America),Mexico,Mexico City,FCT023,Mexico City Soap Plant,LN0067,Line-1,2026-07-05 02:00:00,2026-07-05,2,Night,Lemon Bar Soap,1.14,60.0,17.5,Material Shortage,42.5,68,50,2,48,4.53,96.0,73.53,70.83,103.2,70.17,4.31,19.57,3
PureGlow Soaps International (Fictional Dummy Company),Global Manufacturing Head - PureGlow Soaps,United States (North America),Mexico,Mexico City,FCT023,Mexico City Soap Plant,LN0068,Line-2,2026-07-05 02:00:00,2026-07-05,2,Night,Sandalwood Bar Soap,1.19,60.0,32.9,Material Shortage,27.1,71,31,2,29,5.08,93.55,43.66,45.17,96.13,40.62,3.28,16.75,3
PureGlow Soaps International (Fictional Dummy Company),Global Manufacturing Head - PureGlow Soaps,United States (North America),Mexico,Mexico City,FCT023,Mexico City Soap Plant,LN0069,Line-3,2026-07-05 02:00:00,2026-07-05,2,Night,Rose Bar Soap,1.47,60.0,1.7,No Downtime,58.3,88,83,1,82,1.19,98.8,94.32,97.17,96.85,92.98,8.18,14.63,3
PureGlow Soaps International (Fictional Dummy Company),Global Manufacturing Head - PureGlow Soaps,United States (North America),Mexico,Mexico City,FCT023,Mexico City Soap Plant,LN0067,Line-1,2026-07-05 03:00:00,2026-07-05,3,Night,Lemon Bar Soap,1.14,60.0,14.5,Material Shortage,45.5,68,51,2,49,4.47,96.08,75.0,75.83,98.32,71.63,5.42,23.55,2
PureGlow Soaps International (Fictional Dummy Company),Global Manufacturing Head - PureGlow Soaps,United States (North America),Mexico,Mexico City,FCT023,Mexico City Soap Plant,LN0068,Line-2,2026-07-05 03:00:00,2026-07-05,3,Night,Sandalwood Bar Soap,1.19,60.0,34.3,Material Shortage,25.7,71,31,1,30,3.37,96.77,43.66,42.83,101.36,42.01,3.1,15.69,3
PureGlow Soaps International (Fictional Dummy Company),Global Manufacturing Head - PureGlow Soaps,United States (North America),Mexico,Mexico City,FCT023,Mexico City Soap Plant,LN0069,Line-3,2026-07-05 03:00:00,2026-07-05,3,Night,Rose Bar Soap,1.47,60.0,26.2,Machine Breakdown,33.8,88,42,2,40,4.34,95.24,47.73,56.33,84.53,45.35,4.23,7.87,2
PureGlow Soaps International (Fictional Dummy Company),Global Manufacturing Head - PureGlow Soaps,United States (North America),Mexico,Mexico City,FCT023,Mexico City Soap Plant,LN0067,Line-1,2026-07-05 04:00:00,2026-07-05,4,Night,Lemon Bar Soap,1.14,60.0,15.9,Preventive Maintenance,44.1,68,45,2,43,4.15,95.56,66.18,73.5,89.51,62.87,4.61,20.03,1
PureGlow Soaps International (Fictional Dummy Company),Global Manufacturing Head - PureGlow Soaps,United States (North America),Mexico,Mexico City,FCT023,Mexico City Soap Plant,LN0068,Line-2,2026-07-05 04:00:00,2026-07-05,4,Night,Sandalwood Bar Soap,1.19,60.0,26.3,Material Shortage,33.7,71,39,1,38,2.72,97.44,54.93,56.17,97.25,53.23,3.78,17.89,2
PureGlow Soaps International (Fictional Dummy Company),Global Manufacturing Head - PureGlow Soaps,United States (North America),Mexico,Mexico City,FCT023,Mexico City Soap Plant,LN0069,Line-3,2026-07-05 04:00:00,2026-07-05,4,Night,Rose Bar Soap,1.47,60.0,2.6,No Downtime,57.4,88,86,4,82,4.08,95.35,97.73,95.67,101.92,92.97,7.45,13.04,3
PureGlow Soaps International (Fictional Dummy Company),Global Manufacturing Head - PureGlow Soaps,United States (North America),Mexico,Mexico City,FCT023,Mexico City Soap Plant,LN0067,Line-1,2026-07-05 05:00:00,2026-07-05,5,Night,Lemon Bar Soap,1.14,60.0,15.8,Changeover/Setup,44.2,68,42,2,40,4.12,95.24,61.76,73.67,83.35,58.48,4.47,23.67,2
PureGlow Soaps International (Fictional Dummy Company),Global Manufacturing Head - PureGlow Soaps,United States (North America),Mexico,Mexico City,FCT023,Mexico City Soap Plant,LN0068,Line-2,2026-07-05 05:00:00,2026-07-05,5,Night,Sandalwood Bar Soap,1.19,60.0,3.2,No Downtime,56.8,71,56,1,55,1.4,98.21,78.87,94.67,82.85,77.03,6.14,29.6,1
PureGlow Soaps International (Fictional Dummy Company),Global Manufacturing Head - PureGlow Soaps,United States (North America),Mexico,Mexico City,FCT023,Mexico City Soap Plant,LN0069,Line-3,2026-07-05 05:00:00,2026-07-05,5,Night,Rose Bar Soap,1.47,60.0,21.0,Staff Shortage,39.0,88,59,3,56,4.41,94.92,67.05,65.0,102.91,63.49,5.04,10.37,1
PureGlow Soaps International (Fictional Dummy Company),Global Manufacturing Head - PureGlow Soaps,United States (North America),Mexico,Mexico City,FCT023,Mexico City Soap Plant,LN0067,Line-1,2026-07-05 06:00:00,2026-07-05,6,Morning,Lemon Bar Soap,1.14,60.0,0.5,No Downtime,59.5,68,56,3,53,5.05,94.64,82.35,99.17,82.56,77.49,5.01,30.23,2
PureGlow Soaps International (Fictional Dummy Company),Global Manufacturing Head - PureGlow Soaps,United States (North America),Mexico,Mexico City,FCT023,Mexico City Soap Plant,LN0068,Line-2,2026-07-05 06:00:00,2026-07-05,6,Morning,Sandalwood Bar Soap,1.19,60.0,20.1,Machine Breakdown,39.9,71,43,1,42,3.04,97.67,60.56,66.5,90.56,58.82,4.66,24.18,3
PureGlow Soaps International (Fictional Dummy Company),Global Manufacturing Head - PureGlow Soaps,United States (North America),Mexico,Mexico City,FCT023,Mexico City Soap Plant,LN0069,Line-3,2026-07-05 06:00:00,2026-07-05,6,Morning,Rose Bar Soap,1.47,60.0,32.4,Preventive Maintenance,27.6,88,38,1,37,3.34,97.37,43.18,46.0,93.66,41.95,3.96,7.46,1
PureGlow Soaps International (Fictional Dummy Company),Global Manufacturing Head - PureGlow Soaps,United States (North America),Mexico,Mexico City,FCT023,Mexico City Soap Plant,LN0067,Line-1,2026-07-05 07:00:00,2026-07-05,7,Morning,Lemon Bar Soap,1.14,60.0,18.9,Staff Shortage,41.1,68,44,1,43,1.32,97.73,64.71,68.5,93.91,62.87,4.09,19.22,1
PureGlow Soaps International (Fictional Dummy Company),Global Manufacturing Head - PureGlow Soaps,United States (North America),Mexico,Mexico City,FCT023,Mexico City Soap Plant,LN0068,Line-2,2026-07-05 07:00:00,2026-07-05,7,Morning,Sandalwood Bar Soap,1.19,60.0,2.1,No Downtime,57.9,71,69,3,66,4.24,95.65,97.18,96.5,100.14,92.43,5.88,33.9,2
PureGlow Soaps International (Fictional Dummy Company),Global Manufacturing Head - PureGlow Soaps,United States (North America),Mexico,Mexico City,FCT023,Mexico City Soap Plant,LN0069,Line-3,2026-07-05 07:00:00,2026-07-05,7,Morning,Rose Bar Soap,1.47,60.0,11.7,Quality Hold,48.3,88,61,5,56,8.86,91.8,69.32,80.5,85.91,63.49,5.58,11.13,3
PureGlow Soaps International (Fictional Dummy Company),Global Manufacturing Head - PureGlow Soaps,United States (North America),Mexico,Mexico City,FCT023,Mexico City Soap Plant,LN0067,Line-1,2026-07-05 08:00:00,2026-07-05,8,Morning,Lemon Bar Soap,1.14,60.0,2.3,No Downtime,57.7,68,61,2,59,3.1,96.72,89.71,96.17,92.74,86.26,5.34,30.23,3
PureGlow Soaps International (Fictional Dummy Company),Global Manufacturing Head - PureGlow Soaps,United States (North America),Mexico,Mexico City,FCT023,Mexico City Soap Plant,LN0068,Line-2,2026-07-05 08:00:00,2026-07-05,8,Morning,Sandalwood Bar Soap,1.19,60.0,18.2,Power Outage,41.8,71,50,3,47,5.59,94.0,70.42,69.67,100.52,65.83,4.56,24.67,1
PureGlow Soaps International (Fictional Dummy Company),Global Manufacturing Head - PureGlow Soaps,United States (North America),Mexico,Mexico City,FCT023,Mexico City Soap Plant,LN0069,Line-3,2026-07-05 08:00:00,2026-07-05,8,Morning,Rose Bar Soap,1.47,60.0,12.1,Power Outage,47.9,88,62,2,60,2.48,96.77,70.45,79.83,88.05,68.02,6.21,10.9,3
PureGlow Soaps International (Fictional Dummy Company),Global Manufacturing Head - PureGlow Soaps,United States (North America),Mexico,Mexico City,FCT023,Mexico City Soap Plant,LN0067,Line-1,2026-07-05 09:00:00,2026-07-05,9,Morning,Lemon Bar Soap,1.14,60.0,0.3,No Downtime,59.7,68,56,2,54,2.74,96.43,82.35,99.5,82.28,78.95,5.75,28.11,1
PureGlow Soaps International (Fictional Dummy Company),Global Manufacturing Head - PureGlow Soaps,United States (North America),Mexico,Mexico City,FCT023,Mexico City Soap Plant,LN0068,Line-2,2026-07-05 09:00:00,2026-07-05,9,Morning,Sandalwood Bar Soap,1.19,60.0,0.7,No Downtime,59.3,71,68,3,65,3.68,95.59,95.77,98.83,96.36,91.03,7.28,33.61,1
PureGlow Soaps International (Fictional Dummy Company),Global Manufacturing Head - PureGlow Soaps,United States (North America),Mexico,Mexico City,FCT023,Mexico City Soap Plant,LN0069,Line-3,2026-07-05 09:00:00,2026-07-05,9,Morning,Rose Bar Soap,1.47,60.0,32.4,Preventive Maintenance,27.6,88,33,1,32,2.53,96.97,37.5,46.0,81.34,36.28,3.39,7.51,2
PureGlow Soaps International (Fictional Dummy Company),Global Manufacturing Head - PureGlow Soaps,United States (North America),Mexico,Mexico City,FCT023,Mexico City Soap Plant,LN0067,Line-1,2026-07-05 10:00:00,2026-07-05,10,Morning,Lemon Bar Soap,1.14,60.0,15.2,Changeover/Setup,44.8,68,46,0,46,0.58,100.0,67.65,74.67,90.07,67.26,4.73,23.45,2
PureGlow Soaps International (Fictional Dummy Company),Global Manufacturing Head - PureGlow Soaps,United States (North America),Mexico,Mexico City,FCT023,Mexico City Soap Plant,LN0068,Line-2,2026-07-05 10:00:00,2026-07-05,10,Morning,Sandalwood Bar Soap,1.19,60.0,25.9,Material Shortage,34.1,71,35,1,34,2.28,97.14,49.3,56.83,86.25,47.61,3.13,20.17,2
PureGlow Soaps International (Fictional Dummy Company),Global Manufacturing Head - PureGlow Soaps,United States (North America),Mexico,Mexico City,FCT023,Mexico City Soap Plant,LN0069,Line-3,2026-07-05 10:00:00,2026-07-05,10,Morning,Rose Bar Soap,1.47,60.0,12.2,Material Shortage,47.8,88,69,0,69,0.72,100.0,78.41,79.67,98.2,78.24,6.09,11.37,1
PureGlow Soaps International (Fictional Dummy Company),Global Manufacturing Head - PureGlow Soaps,United States (North America),Mexico,Mexico City,FCT023,Mexico City Soap Plant,LN0067,Line-1,2026-07-05 11:00:00,2026-07-05,11,Morning,Lemon Bar Soap,1.14,60.0,17.8,Changeover/Setup,42.2,68,40,0,40,1.23,100.0,58.82,70.33,83.15,58.48,3.42,21.16,1
PureGlow Soaps International (Fictional Dummy Company),Global Manufacturing Head - PureGlow Soaps,United States (North America),Mexico,Mexico City,FCT023,Mexico City Soap Plant,LN0068,Line-2,2026-07-05 11:00:00,2026-07-05,11,Morning,Sandalwood Bar Soap,1.19,60.0,31.4,Machine Breakdown,28.6,71,28,1,27,3.11,96.43,39.44,47.67,82.27,37.82,2.4,16.8,3
PureGlow Soaps International (Fictional Dummy Company),Global Manufacturing Head - PureGlow Soaps,United States (North America),Mexico,Mexico City,FCT023,Mexico City Soap Plant,LN0069,Line-3,2026-07-05 11:00:00,2026-07-05,11,Morning,Rose Bar Soap,1.47,60.0,17.7,Machine Breakdown,42.3,88,55,0,55,0.03,100.0,62.5,70.5,88.45,62.36,6.03,11.2,2
PureGlow Soaps International (Fictional Dummy Company),Global Manufacturing Head - PureGlow Soaps,United States (North America),Mexico,Mexico City,FCT023,Mexico City Soap Plant,LN0067,Line-1,2026-07-05 12:00:00,2026-07-05,12,Morning,Lemon Bar Soap,1.14,60.0,13.0,Machine Breakdown,47.0,68,46,1,45,1.65,97.83,67.65,78.33,85.85,65.79,4.77,22.01,2
PureGlow Soaps International (Fictional Dummy Company),Global Manufacturing Head - PureGlow Soaps,United States (North America),Mexico,Mexico City,FCT023,Mexico City Soap Plant,LN0068,Line-2,2026-07-05 12:00:00,2026-07-05,12,Morning,Sandalwood Bar Soap,1.19,60.0,10.4,Power Outage,49.6,71,52,1,51,2.52,98.08,73.24,82.67,88.1,71.43,4.78,26.46,2
PureGlow Soaps International (Fictional Dummy Company),Global Manufacturing Head - PureGlow Soaps,United States (North America),Mexico,Mexico City,FCT023,Mexico City Soap Plant,LN0069,Line-3,2026-07-05 12:00:00,2026-07-05,12,Morning,Rose Bar Soap,1.47,60.0,20.5,Staff Shortage,39.5,88,47,1,46,2.05,97.87,53.41,65.83,80.94,52.15,4.93,9.25,2
PureGlow Soaps International (Fictional Dummy Company),Global Manufacturing Head - PureGlow Soaps,United States (North America),Mexico,Mexico City,FCT023,Mexico City Soap Plant,LN0067,Line-1,2026-07-05 13:00:00,2026-07-05,13,Morning,Lemon Bar Soap,1.14,60.0,2.4,No Downtime,57.6,68,63,1,62,1.58,98.41,92.65,96.0,95.94,90.64,6.3,29.94,3
PureGlow Soaps International (Fictional Dummy Company),Global Manufacturing Head - PureGlow Soaps,United States (North America),Mexico,Mexico City,FCT023,Mexico City Soap Plant,LN0068,Line-2,2026-07-05 13:00:00,2026-07-05,13,Morning,Sandalwood Bar Soap,1.19,60.0,18.7,Machine Breakdown,41.3,71,45,2,43,4.68,95.56,63.38,68.83,91.56,60.22,4.62,21.77,1
PureGlow Soaps International (Fictional Dummy Company),Global Manufacturing Head - PureGlow Soaps,United States (North America),Mexico,Mexico City,FCT023,Mexico City Soap Plant,LN0069,Line-3,2026-07-05 13:00:00,2026-07-05,13,Morning,Rose Bar Soap,1.47,60.0,0.9,No Downtime,59.1,88,77,2,75,2.22,97.4,87.5,98.5,88.63,85.03,6.6,14.79,2
PureGlow Soaps International (Fictional Dummy Company),Global Manufacturing Head - PureGlow Soaps,United States (North America),Mexico,Mexico City,FCT023,Mexico City Soap Plant,LN0067,Line-1,2026-07-05 14:00:00,2026-07-05,14,Afternoon,Lemon Bar Soap,1.14,60.0,0.4,No Downtime,59.6,68,69,2,67,3.56,97.1,101.47,99.33,101.55,97.94,6.85,29.51,2
PureGlow Soaps International (Fictional Dummy Company),Global Manufacturing Head - PureGlow Soaps,United States (North America),Mexico,Mexico City,FCT023,Mexico City Soap Plant,LN0068,Line-2,2026-07-05 14:00:00,2026-07-05,14,Afternoon,Sandalwood Bar Soap,1.19,60.0,3.2,No Downtime,56.8,71,60,2,58,3.17,96.67,84.51,94.67,88.77,81.24,6.54,34.5,1
PureGlow Soaps International (Fictional Dummy Company),Global Manufacturing Head - PureGlow Soaps,United States (North America),Mexico,Mexico City,FCT023,Mexico City Soap Plant,LN0069,Line-3,2026-07-05 14:00:00,2026-07-05,14,Afternoon,Rose Bar Soap,1.47,60.0,21.8,Material Shortage,38.2,88,56,3,53,5.16,94.64,63.64,63.67,99.73,60.09,5.39,10.43,2
PureGlow Soaps International (Fictional Dummy Company),Global Manufacturing Head - PureGlow Soaps,United States (North America),Mexico,Mexico City,FCT023,Mexico City Soap Plant,LN0067,Line-1,2026-07-05 15:00:00,2026-07-05,15,Afternoon,Lemon Bar Soap,1.14,60.0,21.6,Machine Breakdown,38.4,68,45,2,43,4.18,95.56,66.18,64.0,102.8,62.87,4.62,17.26,1
PureGlow Soaps International (Fictional Dummy Company),Global Manufacturing Head - PureGlow Soaps,United States (North America),Mexico,Mexico City,FCT023,Mexico City Soap Plant,LN0068,Line-2,2026-07-05 15:00:00,2026-07-05,15,Afternoon,Sandalwood Bar Soap,1.19,60.0,2.4,No Downtime,57.6,71,63,2,61,3.21,96.83,88.73,96.0,91.91,85.44,5.84,32.71,2
PureGlow Soaps International (Fictional Dummy Company),Global Manufacturing Head - PureGlow Soaps,United States (North America),Mexico,Mexico City,FCT023,Mexico City Soap Plant,LN0069,Line-3,2026-07-05 15:00:00,2026-07-05,15,Afternoon,Rose Bar Soap,1.47,60.0,27.0,Machine Breakdown,33.0,88,45,1,44,2.31,97.78,51.14,55.0,92.76,49.89,4.74,7.61,2
PureGlow Soaps International (Fictional Dummy Company),Global Manufacturing Head - PureGlow Soaps,United States (North America),Mexico,Mexico City,FCT023,Mexico City Soap Plant,LN0067,Line-1,2026-07-05 16:00:00,2026-07-05,16,Afternoon,Lemon Bar Soap,1.14,60.0,37.3,Machine Breakdown,22.7,68,25,1,24,4.17,96.0,36.76,37.83,96.61,35.09,2.49,10.23,3
PureGlow Soaps International (Fictional Dummy Company),Global Manufacturing Head - PureGlow Soaps,United States (North America),Mexico,Mexico City,FCT023,Mexico City Soap Plant,LN0068,Line-2,2026-07-05 16:00:00,2026-07-05,16,Afternoon,Sandalwood Bar Soap,1.19,60.0,10.0,Staff Shortage,50.0,71,52,3,49,5.4,94.23,73.24,83.33,87.39,68.62,4.49,27.53,2
PureGlow Soaps International (Fictional Dummy Company),Global Manufacturing Head - PureGlow Soaps,United States (North America),Mexico,Mexico City,FCT023,Mexico City Soap Plant,LN0069,Line-3,2026-07-05 16:00:00,2026-07-05,16,Afternoon,Rose Bar Soap,1.47,60.0,22.7,Power Outage,37.3,88,53,2,51,3.49,96.23,60.23,62.17,96.66,57.83,5.13,8.79,1
PureGlow Soaps International (Fictional Dummy Company),Global Manufacturing Head - PureGlow Soaps,United States (North America),Mexico,Mexico City,FCT023,Mexico City Soap Plant,LN0067,Line-1,2026-07-05 17:00:00,2026-07-05,17,Afternoon,Lemon Bar Soap,1.14,60.0,11.1,Quality Hold,48.9,68,49,3,46,6.81,93.88,72.06,81.5,87.9,67.25,4.88,23.21,2
PureGlow Soaps International (Fictional Dummy Company),Global Manufacturing Head - PureGlow Soaps,United States (North America),Mexico,Mexico City,FCT023,Mexico City Soap Plant,LN0068,Line-2,2026-07-05 17:00:00,2026-07-05,17,Afternoon,Sandalwood Bar Soap,1.19,60.0,33.8,Material Shortage,26.2,71,25,1,24,3.94,96.0,35.21,43.67,80.18,33.61,2.25,14.29,2
PureGlow Soaps International (Fictional Dummy Company),Global Manufacturing Head - PureGlow Soaps,United States (North America),Mexico,Mexico City,FCT023,Mexico City Soap Plant,LN0069,Line-3,2026-07-05 17:00:00,2026-07-05,17,Afternoon,Rose Bar Soap,1.47,60.0,1.7,No Downtime,58.3,88,81,3,78,3.74,96.3,92.05,97.17,94.51,88.44,8.87,14.97,2
PureGlow Soaps International (Fictional Dummy Company),Global Manufacturing Head - PureGlow Soaps,United States (North America),Mexico,Mexico City,FCT023,Mexico City Soap Plant,LN0067,Line-1,2026-07-05 18:00:00,2026-07-05,18,Afternoon,Lemon Bar Soap,1.14,60.0,13.2,Material Shortage,46.8,68,46,1,45,1.79,97.83,67.65,78.0,86.22,65.79,4.29,23.9,1
PureGlow Soaps International (Fictional Dummy Company),Global Manufacturing Head - PureGlow Soaps,United States (North America),Mexico,Mexico City,FCT023,Mexico City Soap Plant,LN0068,Line-2,2026-07-05 18:00:00,2026-07-05,18,Afternoon,Sandalwood Bar Soap,1.19,60.0,1.6,No Downtime,58.4,71,64,1,63,2.17,98.44,90.14,97.33,92.09,88.23,6.2,34.03,3
PureGlow Soaps International (Fictional Dummy Company),Global Manufacturing Head - PureGlow Soaps,United States (North America),Mexico,Mexico City,FCT023,Mexico City Soap Plant,LN0069,Line-3,2026-07-05 18:00:00,2026-07-05,18,Afternoon,Rose Bar Soap,1.47,60.0,2.3,No Downtime,57.7,88,79,1,78,1.84,98.73,89.77,96.17,93.14,88.44,6.85,13.36,2
PureGlow Soaps International (Fictional Dummy Company),Global Manufacturing Head - PureGlow Soaps,United States (North America),Mexico,Mexico City,FCT023,Mexico City Soap Plant,LN0067,Line-1,2026-07-05 19:00:00,2026-07-05,19,Afternoon,Lemon Bar Soap,1.14,60.0,1.0,No Downtime,59.0,68,65,2,63,3.26,96.92,95.59,98.33,96.64,92.1,5.85,28.21,1
PureGlow Soaps International (Fictional Dummy Company),Global Manufacturing Head - PureGlow Soaps,United States (North America),Mexico,Mexico City,FCT023,Mexico City Soap Plant,LN0068,Line-2,2026-07-05 19:00:00,2026-07-05,19,Afternoon,Sandalwood Bar Soap,1.19,60.0,19.0,Power Outage,41.0,71,46,1,45,3.06,97.83,64.79,68.33,94.28,63.02,4.95,22.13,3
PureGlow Soaps International (Fictional Dummy Company),Global Manufacturing Head - PureGlow Soaps,United States (North America),Mexico,Mexico City,FCT023,Mexico City Soap Plant,LN0069,Line-3,2026-07-05 19:00:00,2026-07-05,19,Afternoon,Rose Bar Soap,1.47,60.0,1.1,No Downtime,58.9,88,74,2,72,2.46,97.3,84.09,98.17,85.47,81.64,6.37,15.49,2
PureGlow Soaps International (Fictional Dummy Company),Global Manufacturing Head - PureGlow Soaps,United States (North America),Mexico,Mexico City,FCT023,Mexico City Soap Plant,LN0067,Line-1,2026-07-05 20:00:00,2026-07-05,20,Afternoon,Lemon Bar Soap,1.14,60.0,1.7,No Downtime,58.3,68,59,3,56,4.64,94.92,86.76,97.17,88.77,81.88,5.02,30.27,2
PureGlow Soaps International (Fictional Dummy Company),Global Manufacturing Head - PureGlow Soaps,United States (North America),Mexico,Mexico City,FCT023,Mexico City Soap Plant,LN0068,Line-2,2026-07-05 20:00:00,2026-07-05,20,Afternoon,Sandalwood Bar Soap,1.19,60.0,2.1,No Downtime,57.9,71,60,3,57,4.17,95.0,84.51,96.5,87.08,79.83,5.6,31.8,1
PureGlow Soaps International (Fictional Dummy Company),Global Manufacturing Head - PureGlow Soaps,United States (North America),Mexico,Mexico City,FCT023,Mexico City Soap Plant,LN0069,Line-3,2026-07-05 20:00:00,2026-07-05,20,Afternoon,Rose Bar Soap,1.47,60.0,1.7,No Downtime,58.3,88,69,2,67,2.91,97.1,78.41,97.17,80.51,75.96,7.0,13.44,3
PureGlow Soaps International (Fictional Dummy Company),Global Manufacturing Head - PureGlow Soaps,United States (North America),Mexico,Mexico City,FCT023,Mexico City Soap Plant,LN0067,Line-1,2026-07-05 21:00:00,2026-07-05,21,Afternoon,Lemon Bar Soap,1.14,60.0,24.6,Material Shortage,35.4,68,40,1,39,3.74,97.5,58.82,59.0,99.12,57.02,3.86,18.01,3
PureGlow Soaps International (Fictional Dummy Company),Global Manufacturing Head - PureGlow Soaps,United States (North America),Mexico,Mexico City,FCT023,Mexico City Soap Plant,LN0068,Line-2,2026-07-05 21:00:00,2026-07-05,21,Afternoon,Sandalwood Bar Soap,1.19,60.0,19.0,Quality Hold,41.0,71,40,3,37,7.33,92.5,56.34,68.33,81.98,51.82,3.75,21.32,3
PureGlow Soaps International (Fictional Dummy Company),Global Manufacturing Head - PureGlow Soaps,United States (North America),Mexico,Mexico City,FCT023,Mexico City Soap Plant,LN0069,Line-3,2026-07-05 21:00:00,2026-07-05,21,Afternoon,Rose Bar Soap,1.47,60.0,1.1,No Downtime,58.9,88,82,3,79,3.2,96.34,93.18,98.17,94.71,89.57,8.71,15.96,2
PureGlow Soaps International (Fictional Dummy Company),Global Manufacturing Head - PureGlow Soaps,United States (North America),Mexico,Mexico City,FCT023,Mexico City Soap Plant,LN0067,Line-1,2026-07-05 22:00:00,2026-07-05,22,Night,Lemon Bar Soap,1.14,60.0,12.6,Machine Breakdown,47.4,68,43,1,42,3.28,97.67,63.24,79.0,79.58,61.4,3.98,22.42,3
PureGlow Soaps International (Fictional Dummy Company),Global Manufacturing Head - PureGlow Soaps,United States (North America),Mexico,Mexico City,FCT023,Mexico City Soap Plant,LN0068,Line-2,2026-07-05 22:00:00,2026-07-05,22,Night,Sandalwood Bar Soap,1.19,60.0,17.5,Power Outage,42.5,71,49,2,47,3.88,95.92,69.01,70.83,96.89,65.83,5.3,22.97,1
PureGlow Soaps International (Fictional Dummy Company),Global Manufacturing Head - PureGlow Soaps,United States (North America),Mexico,Mexico City,FCT023,Mexico City Soap Plant,LN0069,Line-3,2026-07-05 22:00:00,2026-07-05,22,Night,Rose Bar Soap,1.47,60.0,0.0,No Downtime,60.0,88,83,4,79,4.93,95.18,94.32,100.0,94.1,89.56,8.32,15.81,2
PureGlow Soaps International (Fictional Dummy Company),Global Manufacturing Head - PureGlow Soaps,United States (North America),Mexico,Mexico City,FCT023,Mexico City Soap Plant,LN0067,Line-1,2026-07-05 23:00:00,2026-07-05,23,Night,Lemon Bar Soap,1.14,60.0,15.4,Changeover/Setup,44.6,68,47,1,46,2.22,97.87,69.12,74.33,92.44,67.25,4.13,21.11,2
PureGlow Soaps International (Fictional Dummy Company),Global Manufacturing Head - PureGlow Soaps,United States (North America),Mexico,Mexico City,FCT023,Mexico City Soap Plant,LN0068,Line-2,2026-07-05 23:00:00,2026-07-05,23,Night,Sandalwood Bar Soap,1.19,60.0,5.9,Power Outage,54.1,71,59,1,58,1.89,98.31,83.1,90.17,91.64,81.24,5.47,29.84,3
PureGlow Soaps International (Fictional Dummy Company),Global Manufacturing Head - PureGlow Soaps,United States (North America),Mexico,Mexico City,FCT023,Mexico City Soap Plant,LN0069,Line-3,2026-07-05 23:00:00,2026-07-05,23,Night,Rose Bar Soap,1.47,60.0,2.7,No Downtime,57.3,88,79,3,76,3.68,96.2,89.77,95.5,93.79,86.17,7.25,14.17,2
PureGlow Soaps International (Fictional Dummy Company),Global Manufacturing Head - PureGlow Soaps,United States (North America),Mexico,Mexico City,FCT023,Mexico City Soap Plant,LN0067,Line-1,2026-07-06 00:00:00,2026-07-06,0,Night,Sandalwood Bar Soap,1.14,60.0,12.1,Material Shortage,47.9,68,50,1,49,1.59,98.0,73.53,79.83,91.57,71.64,4.26,25.84,1
PureGlow Soaps International (Fictional Dummy Company),Global Manufacturing Head - PureGlow Soaps,United States (North America),Mexico,Mexico City,FCT023,Mexico City Soap Plant,LN0068,Line-2,2026-07-06 00:00:00,2026-07-06,0,Night,Lemon Bar Soap,1.19,60.0,1.9,No Downtime,58.1,71,59,1,58,1.97,98.31,83.1,96.83,85.34,81.24,5.49,32.36,2
PureGlow Soaps International (Fictional Dummy Company),Global Manufacturing Head - PureGlow Soaps,United States (North America),Mexico,Mexico City,FCT023,Mexico City Soap Plant,LN0069,Line-3,2026-07-06 00:00:00,2026-07-06,0,Night,Neem Bar Soap,1.47,60.0,1.3,No Downtime,58.7,88,79,3,76,3.3,96.2,89.77,97.83,91.55,86.16,7.12,16.23,1
PureGlow Soaps International (Fictional Dummy Company),Global Manufacturing Head - PureGlow Soaps,United States (North America),Mexico,Mexico City,FCT023,Mexico City Soap Plant,LN0067,Line-1,2026-07-06 01:00:00,2026-07-06,1,Night,Sandalwood Bar Soap,1.14,60.0,1.1,No Downtime,58.9,68,67,1,66,1.18,98.51,98.53,98.17,99.78,96.49,6.02,28.9,2
PureGlow Soaps International (Fictional Dummy Company),Global Manufacturing Head - PureGlow Soaps,United States (North America),Mexico,Mexico City,FCT023,Mexico City Soap Plant,LN0068,Line-2,2026-07-06 01:00:00,2026-07-06,1,Night,Lemon Bar Soap,1.19,60.0,15.3,Changeover/Setup,44.7,71,49,1,48,2.77,97.96,69.01,74.5,92.12,67.23,5.25,26.51,3
PureGlow Soaps International (Fictional Dummy Company),Global Manufacturing Head - PureGlow Soaps,United States (North America),Mexico,Mexico City,FCT023,Mexico City Soap Plant,LN0069,Line-3,2026-07-06 01:00:00,2026-07-06,1,Night,Neem Bar Soap,1.47,60.0,10.9,Material Shortage,49.1,88,68,1,67,1.67,98.53,77.27,81.83,94.21,75.96,6.5,13.53,1
PureGlow Soaps International (Fictional Dummy Company),Global Manufacturing Head - PureGlow Soaps,United States (North America),Mexico,Mexico City,FCT023,Mexico City Soap Plant,LN0067,Line-1,2026-07-06 02:00:00,2026-07-06,2,Night,Sandalwood Bar Soap,1.14,60.0,24.9,Machine Breakdown,35.1,68,41,2,39,3.92,95.12,60.29,58.5,102.46,57.01,4.26,17.28,2
PureGlow Soaps International (Fictional Dummy Company),Global Manufacturing Head - PureGlow Soaps,United States (North America),Mexico,Mexico City,FCT023,Mexico City Soap Plant,LN0068,Line-2,2026-07-06 02:00:00,2026-07-06,2,Night,Lemon Bar Soap,1.19,60.0,2.6,No Downtime,57.4,71,56,1,55,2.34,98.21,78.87,95.67,81.98,77.03,4.92,35.54,1
PureGlow Soaps International (Fictional Dummy Company),Global Manufacturing Head - PureGlow Soaps,United States (North America),Mexico,Mexico City,FCT023,Mexico City Soap Plant,LN0069,Line-3,2026-07-06 02:00:00,2026-07-06,2,Night,Neem Bar Soap,1.47,60.0,17.3,Changeover/Setup,42.7,88,64,3,61,4.24,95.31,72.73,71.17,101.96,69.16,6.16,11.24,2
PureGlow Soaps International (Fictional Dummy Company),Global Manufacturing Head - PureGlow Soaps,United States (North America),Mexico,Mexico City,FCT023,Mexico City Soap Plant,LN0067,Line-1,2026-07-06 03:00:00,2026-07-06,3,Night,Sandalwood Bar Soap,1.14,60.0,1.0,No Downtime,59.0,68,63,0,63,0.71,100.0,92.65,98.33,93.67,92.11,6.4,27.21,3
PureGlow Soaps International (Fictional Dummy Company),Global Manufacturing Head - PureGlow Soaps,United States (North America),Mexico,Mexico City,FCT023,Mexico City Soap Plant,LN0068,Line-2,2026-07-06 03:00:00,2026-07-06,3,Night,Lemon Bar Soap,1.19,60.0,1.4,No Downtime,58.6,71,57,1,56,2.0,98.25,80.28,97.67,81.74,78.44,5.75,36.92,3
PureGlow Soaps International (Fictional Dummy Company),Global Manufacturing Head - PureGlow Soaps,United States (North America),Mexico,Mexico City,FCT023,Mexico City Soap Plant,LN0069,Line-3,2026-07-06 03:00:00,2026-07-06,3,Night,Neem Bar Soap,1.47,60.0,0.6,No Downtime,59.4,88,83,0,83,0.17,100.0,94.32,99.0,95.05,94.1,7.69,15.22,1
PureGlow Soaps International (Fictional Dummy Company),Global Manufacturing Head - PureGlow Soaps,United States (North America),Mexico,Mexico City,FCT023,Mexico City Soap Plant,LN0067,Line-1,2026-07-06 04:00:00,2026-07-06,4,Night,Sandalwood Bar Soap,1.14,60.0,2.2,No Downtime,57.8,68,66,4,62,5.91,93.94,97.06,96.33,100.16,90.64,6.84,27.64,3
PureGlow Soaps International (Fictional Dummy Company),Global Manufacturing Head - PureGlow Soaps,United States (North America),Mexico,Mexico City,FCT023,Mexico City Soap Plant,LN0068,Line-2,2026-07-06 04:00:00,2026-07-06,4,Night,Lemon Bar Soap,1.19,60.0,3.1,No Downtime,56.9,71,68,3,65,4.06,95.59,95.77,94.83,100.43,91.04,6.17,31.72,3
PureGlow Soaps International (Fictional Dummy Company),Global Manufacturing Head - PureGlow Soaps,United States (North America),Mexico,Mexico City,FCT023,Mexico City Soap Plant,LN0069,Line-3,2026-07-06 04:00:00,2026-07-06,4,Night,Neem Bar Soap,1.47,60.0,2.5,No Downtime,57.5,88,69,1,68,1.34,98.55,78.41,95.83,81.63,77.09,6.91,14.16,3
PureGlow Soaps International (Fictional Dummy Company),Global Manufacturing Head - PureGlow Soaps,United States (North America),Mexico,Mexico City,FCT023,Mexico City Soap Plant,LN0067,Line-1,2026-07-06 05:00:00,2026-07-06,5,Night,Sandalwood Bar Soap,1.14,60.0,13.9,Changeover/Setup,46.1,68,51,3,48,5.03,94.12,75.0,76.83,97.04,70.17,4.44,23.04,1
PureGlow Soaps International (Fictional Dummy Company),Global Manufacturing Head - PureGlow Soaps,United States (North America),Mexico,Mexico City,FCT023,Mexico City Soap Plant,LN0068,Line-2,2026-07-06 05:00:00,2026-07-06,5,Night,Lemon Bar Soap,1.19,60.0,18.9,Machine Breakdown,41.1,71,45,0,45,0.22,100.0,63.38,68.5,92.01,63.03,4.02,22.43,2
PureGlow Soaps International (Fictional Dummy Company),Global Manufacturing Head - PureGlow Soaps,United States (North America),Mexico,Mexico City,FCT023,Mexico City Soap Plant,LN0069,Line-3,2026-07-06 05:00:00,2026-07-06,5,Night,Neem Bar Soap,1.47,60.0,21.1,Preventive Maintenance,38.9,88,51,1,50,2.4,98.04,57.95,64.83,89.19,56.69,4.81,9.4,2
PureGlow Soaps International (Fictional Dummy Company),Global Manufacturing Head - PureGlow Soaps,United States (North America),Mexico,Mexico City,FCT023,Mexico City Soap Plant,LN0067,Line-1,2026-07-06 06:00:00,2026-07-06,6,Morning,Sandalwood Bar Soap,1.14,60.0,0.9,No Downtime,59.1,68,65,0,65,0.0,100.0,95.59,98.5,96.48,95.03,7.13,28.23,1
PureGlow Soaps International (Fictional Dummy Company),Global Manufacturing Head - PureGlow Soaps,United States (North America),Mexico,Mexico City,FCT023,Mexico City Soap Plant,LN0068,Line-2,2026-07-06 06:00:00,2026-07-06,6,Morning,Lemon Bar Soap,1.19,60.0,38.5,Preventive Maintenance,21.5,71,22,1,21,2.51,95.45,30.99,35.83,85.99,29.41,1.9,12.45,2
PureGlow Soaps International (Fictional Dummy Company),Global Manufacturing Head - PureGlow Soaps,United States (North America),Mexico,Mexico City,FCT023,Mexico City Soap Plant,LN0069,Line-3,2026-07-06 06:00:00,2026-07-06,6,Morning,Neem Bar Soap,1.47,60.0,20.8,Power Outage,39.2,88,50,1,49,2.92,98.0,56.82,65.33,86.77,55.55,5.01,10.82,2
PureGlow Soaps International (Fictional Dummy Company),Global Manufacturing Head - PureGlow Soaps,United States (North America),Mexico,Mexico City,FCT023,Mexico City Soap Plant,LN0067,Line-1,2026-07-06 07:00:00,2026-07-06,7,Morning,Sandalwood Bar Soap,1.14,60.0,27.1,Power Outage,32.9,68,36,1,35,3.22,97.22,52.94,54.83,95.98,51.16,3.65,15.05,3
PureGlow Soaps International (Fictional Dummy Company),Global Manufacturing Head - PureGlow Soaps,United States (North America),Mexico,Mexico City,FCT023,Mexico City Soap Plant,LN0068,Line-2,2026-07-06 07:00:00,2026-07-06,7,Morning,Lemon Bar Soap,1.19,60.0,17.9,Power Outage,42.1,71,48,1,47,2.85,97.92,67.61,70.17,95.81,65.83,5.01,24.91,3
PureGlow Soaps International (Fictional Dummy Company),Global Manufacturing Head - PureGlow Soaps,United States (North America),Mexico,Mexico City,FCT023,Mexico City Soap Plant,LN0069,Line-3,2026-07-06 07:00:00,2026-07-06,7,Morning,Neem Bar Soap,1.47,60.0,3.1,No Downtime,56.9,88,80,3,77,3.61,96.25,90.91,94.83,95.64,87.29,7.13,14.0,1
PureGlow Soaps International (Fictional Dummy Company),Global Manufacturing Head - PureGlow Soaps,United States (North America),Mexico,Mexico City,FCT023,Mexico City Soap Plant,LN0067,Line-1,2026-07-06 08:00:00,2026-07-06,8,Morning,Sandalwood Bar Soap,1.14,60.0,0.8,No Downtime,59.2,68,56,1,55,1.7,98.21,82.35,98.67,82.98,80.41,5.98,27.45,1
PureGlow Soaps International (Fictional Dummy Company),Global Manufacturing Head - PureGlow Soaps,United States (North America),Mexico,Mexico City,FCT023,Mexico City Soap Plant,LN0068,Line-2,2026-07-06 08:00:00,2026-07-06,8,Morning,Lemon Bar Soap,1.19,60.0,8.6,Changeover/Setup,51.4,71,61,1,60,2.05,98.36,85.92,85.67,99.73,84.04,5.42,28.29,2
PureGlow Soaps International (Fictional Dummy Company),Global Manufacturing Head - PureGlow Soaps,United States (North America),Mexico,Mexico City,FCT023,Mexico City Soap Plant,LN0069,Line-3,2026-07-06 08:00:00,2026-07-06,8,Morning,Neem Bar Soap,1.47,60.0,37.6,Machine Breakdown,22.4,88,34,2,32,4.65,94.12,38.64,37.33,103.26,36.28,3.32,5.64,2
PureGlow Soaps International (Fictional Dummy Company),Global Manufacturing Head - PureGlow Soaps,United States (North America),Mexico,Mexico City,FCT023,Mexico City Soap Plant,LN0067,Line-1,2026-07-06 09:00:00,2026-07-06,9,Morning,Sandalwood Bar Soap,1.14,60.0,31.1,Machine Breakdown,28.9,68,29,0,29,1.03,100.0,42.65,48.17,88.02,42.4,3.18,15.32,2
PureGlow Soaps International (Fictional Dummy Company),Global Manufacturing Head - PureGlow Soaps,United States (North America),Mexico,Mexico City,FCT023,Mexico City Soap Plant,LN0068,Line-2,2026-07-06 09:00:00,2026-07-06,9,Morning,Lemon Bar Soap,1.19,60.0,3.4,No Downtime,56.6,71,56,2,54,3.87,96.43,78.87,94.33,83.14,75.63,6.05,29.26,1
PureGlow Soaps International (Fictional Dummy Company),Global Manufacturing Head - PureGlow Soaps,United States (North America),Mexico,Mexico City,FCT023,Mexico City Soap Plant,LN0069,Line-3,2026-07-06 09:00:00,2026-07-06,9,Morning,Neem Bar Soap,1.47,60.0,3.5,No Downtime,56.5,88,79,2,77,2.36,97.47,89.77,94.17,95.12,87.31,7.69,14.21,2
PureGlow Soaps International (Fictional Dummy Company),Global Manufacturing Head - PureGlow Soaps,United States (North America),Mexico,Mexico City,FCT023,Mexico City Soap Plant,LN0067,Line-1,2026-07-06 10:00:00,2026-07-06,10,Morning,Sandalwood Bar Soap,1.14,60.0,22.3,Machine Breakdown,37.7,68,44,1,43,3.18,97.73,64.71,62.83,102.38,62.87,4.38,17.53,2
PureGlow Soaps International (Fictional Dummy Company),Global Manufacturing Head - PureGlow Soaps,United States (North America),Mexico,Mexico City,FCT023,Mexico City Soap Plant,LN0068,Line-2,2026-07-06 10:00:00,2026-07-06,10,Morning,Lemon Bar Soap,1.19,60.0,8.0,Changeover/Setup,52.0,71,62,1,61,0.95,98.39,87.32,86.67,100.19,85.44,6.67,31.51,3
PureGlow Soaps International (Fictional Dummy Company),Global Manufacturing Head - PureGlow Soaps,United States (North America),Mexico,Mexico City,FCT023,Mexico City Soap Plant,LN0069,Line-3,2026-07-06 10:00:00,2026-07-06,10,Morning,Neem Bar Soap,1.47,60.0,5.9,Changeover/Setup,54.1,88,69,2,67,3.0,97.1,78.41,90.17,86.76,75.96,6.14,14.03,2
PureGlow Soaps International (Fictional Dummy Company),Global Manufacturing Head - PureGlow Soaps,United States (North America),Mexico,Mexico City,FCT023,Mexico City Soap Plant,LN0067,Line-1,2026-07-06 11:00:00,2026-07-06,11,Morning,Sandalwood Bar Soap,1.14,60.0,27.7,Material Shortage,32.3,68,33,1,32,2.42,96.97,48.53,53.83,89.62,46.78,3.06,16.33,2
PureGlow Soaps International (Fictional Dummy Company),Global Manufacturing Head - PureGlow Soaps,United States (North America),Mexico,Mexico City,FCT023,Mexico City Soap Plant,LN0068,Line-2,2026-07-06 11:00:00,2026-07-06,11,Morning,Lemon Bar Soap,1.19,60.0,34.6,Material Shortage,25.4,71,24,1,23,4.94,95.83,33.8,42.33,79.4,32.21,2.6,15.37,2
PureGlow Soaps International (Fictional Dummy Company),Global Manufacturing Head - PureGlow Soaps,United States (North America),Mexico,Mexico City,FCT023,Mexico City Soap Plant,LN0069,Line-3,2026-07-06 11:00:00,2026-07-06,11,Morning,Neem Bar Soap,1.47,60.0,24.3,Machine Breakdown,35.7,88,44,2,42,4.26,95.45,50.0,59.5,83.84,47.62,4.62,9.02,3
PureGlow Soaps International (Fictional Dummy Company),Global Manufacturing Head - PureGlow Soaps,United States (North America),Mexico,Mexico City,FCT023,Mexico City Soap Plant,LN0067,Line-1,2026-07-06 12:00:00,2026-07-06,12,Morning,Sandalwood Bar Soap,1.14,60.0,1.2,No Downtime,58.8,68,55,1,54,1.61,98.18,80.88,98.0,82.05,78.95,5.83,31.19,2
PureGlow Soaps International (Fictional Dummy Company),Global Manufacturing Head - PureGlow Soaps,United States (North America),Mexico,Mexico City,FCT023,Mexico City Soap Plant,LN0068,Line-2,2026-07-06 12:00:00,2026-07-06,12,Morning,Lemon Bar Soap,1.19,60.0,0.7,No Downtime,59.3,71,71,1,70,1.66,98.59,100.0,98.83,100.61,98.03,7.47,37.27,3
PureGlow Soaps International (Fictional Dummy Company),Global Manufacturing Head - PureGlow Soaps,United States (North America),Mexico,Mexico City,FCT023,Mexico City Soap Plant,LN0069,Line-3,2026-07-06 12:00:00,2026-07-06,12,Morning,Neem Bar Soap,1.47,60.0,14.9,Power Outage,45.1,88,67,3,64,4.63,95.52,76.14,75.17,101.06,72.56,6.45,12.27,2
PureGlow Soaps International (Fictional Dummy Company),Global Manufacturing Head - PureGlow Soaps,United States (North America),Mexico,Mexico City,FCT023,Mexico City Soap Plant,LN0067,Line-1,2026-07-06 13:00:00,2026-07-06,13,Morning,Sandalwood Bar Soap,1.14,60.0,20.1,Machine Breakdown,39.9,68,40,0,40,0.0,100.0,58.82,66.5,87.94,58.48,3.87,21.05,2
PureGlow Soaps International (Fictional Dummy Company),Global Manufacturing Head - PureGlow Soaps,United States (North America),Mexico,Mexico City,FCT023,Mexico City Soap Plant,LN0068,Line-2,2026-07-06 13:00:00,2026-07-06,13,Morning,Lemon Bar Soap,1.19,60.0,38.6,Preventive Maintenance,21.4,71,25,1,24,4.07,96.0,35.21,35.67,98.17,33.62,2.51,13.36,2
PureGlow Soaps International (Fictional Dummy Company),Global Manufacturing Head - PureGlow Soaps,United States (North America),Mexico,Mexico City,FCT023,Mexico City Soap Plant,LN0069,Line-3,2026-07-06 13:00:00,2026-07-06,13,Morning,Neem Bar Soap,1.47,60.0,19.2,Material Shortage,40.8,88,60,1,59,1.68,98.33,68.18,68.0,100.04,66.89,6.31,9.77,2
PureGlow Soaps International (Fictional Dummy Company),Global Manufacturing Head - PureGlow Soaps,United States (North America),Mexico,Mexico City,FCT023,Mexico City Soap Plant,LN0067,Line-1,2026-07-06 14:00:00,2026-07-06,14,Afternoon,Sandalwood Bar Soap,1.14,60.0,2.3,No Downtime,57.7,68,61,2,59,2.87,96.72,89.71,96.17,92.74,86.26,6.42,27.87,1
PureGlow Soaps International (Fictional Dummy Company),Global Manufacturing Head - PureGlow Soaps,United States (North America),Mexico,Mexico City,FCT023,Mexico City Soap Plant,LN0068,Line-2,2026-07-06 14:00:00,2026-07-06,14,Afternoon,Lemon Bar Soap,1.19,60.0,12.6,Power Outage,47.4,71,48,1,47,1.51,97.92,67.61,79.0,85.1,65.83,4.12,28.91,2
PureGlow Soaps International (Fictional Dummy Company),Global Manufacturing Head - PureGlow Soaps,United States (North America),Mexico,Mexico City,FCT023,Mexico City Soap Plant,LN0069,Line-3,2026-07-06 14:00:00,2026-07-06,14,Afternoon,Neem Bar Soap,1.47,60.0,3.3,No Downtime,56.7,88,73,4,69,5.04,94.52,82.95,94.5,87.58,78.23,6.33,14.51,3
PureGlow Soaps International (Fictional Dummy Company),Global Manufacturing Head - PureGlow Soaps,United States (North America),Mexico,Mexico City,FCT023,Mexico City Soap Plant,LN0067,Line-1,2026-07-06 15:00:00,2026-07-06,15,Afternoon,Sandalwood Bar Soap,1.14,60.0,12.8,Power Outage,47.2,68,50,1,49,1.75,98.0,73.53,78.67,92.92,71.64,5.44,22.55,2
PureGlow Soaps International (Fictional Dummy Company),Global Manufacturing Head - PureGlow Soaps,United States (North America),Mexico,Mexico City,FCT023,Mexico City Soap Plant,LN0068,Line-2,2026-07-06 15:00:00,2026-07-06,15,Afternoon,Lemon Bar Soap,1.19,60.0,41.9,Machine Breakdown,18.1,71,19,0,19,1.54,100.0,26.76,30.17,88.21,26.61,1.95,10.31,1
PureGlow Soaps International (Fictional Dummy Company),Global Manufacturing Head - PureGlow Soaps,United States (North America),Mexico,Mexico City,FCT023,Mexico City Soap Plant,LN0069,Line-3,2026-07-06 15:00:00,2026-07-06,15,Afternoon,Neem Bar Soap,1.47,60.0,2.3,No Downtime,57.7,88,68,3,65,4.32,95.59,77.27,96.17,80.17,73.7,6.53,13.92,1
PureGlow Soaps International (Fictional Dummy Company),Global Manufacturing Head - PureGlow Soaps,United States (North America),Mexico,Mexico City,FCT023,Mexico City Soap Plant,LN0067,Line-1,2026-07-06 16:00:00,2026-07-06,16,Afternoon,Sandalwood Bar Soap,1.14,60.0,22.5,Machine Breakdown,37.5,68,41,2,39,4.6,95.12,60.29,62.5,95.91,57.02,3.6,18.35,2
PureGlow Soaps International (Fictional Dummy Company),Global Manufacturing Head - PureGlow Soaps,United States (North America),Mexico,Mexico City,FCT023,Mexico City Soap Plant,LN0068,Line-2,2026-07-06 16:00:00,2026-07-06,16,Afternoon,Lemon Bar Soap,1.19,60.0,3.1,No Downtime,56.9,71,70,2,68,2.39,97.14,98.59,94.83,103.38,95.23,6.03,33.34,2
PureGlow Soaps International (Fictional Dummy Company),Global Manufacturing Head - PureGlow Soaps,United States (North America),Mexico,Mexico City,FCT023,Mexico City Soap Plant,LN0069,Line-3,2026-07-06 16:00:00,2026-07-06,16,Afternoon,Neem Bar Soap,1.47,60.0,10.3,Quality Hold,49.7,88,59,3,56,5.32,94.92,67.05,82.83,80.76,63.5,6.11,11.84,2
PureGlow Soaps International (Fictional Dummy Company),Global Manufacturing Head - PureGlow Soaps,United States (North America),Mexico,Mexico City,FCT023,Mexico City Soap Plant,LN0067,Line-1,2026-07-06 17:00:00,2026-07-06,17,Afternoon,Sandalwood Bar Soap,1.14,60.0,17.9,Preventive Maintenance,42.1,68,44,1,43,1.82,97.73,64.71,70.17,91.68,62.87,4.6,21.92,1
PureGlow Soaps International (Fictional Dummy Company),Global Manufacturing Head - PureGlow Soaps,United States (North America),Mexico,Mexico City,FCT023,Mexico City Soap Plant,LN0068,Line-2,2026-07-06 17:00:00,2026-07-06,17,Afternoon,Lemon Bar Soap,1.19,60.0,3.6,No Downtime,56.4,71,57,1,56,1.55,98.25,80.28,94.0,84.93,78.44,6.13,32.6,1
PureGlow Soaps International (Fictional Dummy Company),Global Manufacturing Head - PureGlow Soaps,United States (North America),Mexico,Mexico City,FCT023,Mexico City Soap Plant,LN0069,Line-3,2026-07-06 17:00:00,2026-07-06,17,Afternoon,Neem Bar Soap,1.47,60.0,3.4,No Downtime,56.6,88,79,2,77,2.87,97.47,89.77,94.33,94.95,87.3,8.46,14.87,3
PureGlow Soaps International (Fictional Dummy Company),Global Manufacturing Head - PureGlow Soaps,United States (North America),Mexico,Mexico City,FCT023,Mexico City Soap Plant,LN0067,Line-1,2026-07-06 18:00:00,2026-07-06,18,Afternoon,Sandalwood Bar Soap,1.14,60.0,15.2,Machine Breakdown,44.8,68,47,2,45,3.53,95.74,69.12,74.67,92.03,65.79,4.94,21.08,2
PureGlow Soaps International (Fictional Dummy Company),Global Manufacturing Head - PureGlow Soaps,United States (North America),Mexico,Mexico City,FCT023,Mexico City Soap Plant,LN0068,Line-2,2026-07-06 18:00:00,2026-07-06,18,Afternoon,Lemon Bar Soap,1.19,60.0,1.1,No Downtime,58.9,71,59,2,57,2.6,96.61,83.1,98.17,84.18,79.84,5.1,32.99,2
PureGlow Soaps International (Fictional Dummy Company),Global Manufacturing Head - PureGlow Soaps,United States (North America),Mexico,Mexico City,FCT023,Mexico City Soap Plant,LN0069,Line-3,2026-07-06 18:00:00,2026-07-06,18,Afternoon,Neem Bar Soap,1.47,60.0,19.3,Machine Breakdown,40.7,88,61,3,58,5.08,95.08,69.32,67.83,101.96,65.76,5.91,9.42,2
PureGlow Soaps International (Fictional Dummy Company),Global Manufacturing Head - PureGlow Soaps,United States (North America),Mexico,Mexico City,FCT023,Mexico City Soap Plant,LN0067,Line-1,2026-07-06 19:00:00,2026-07-06,19,Afternoon,Sandalwood Bar Soap,1.14,60.0,1.3,No Downtime,58.7,68,69,2,67,3.09,97.1,101.47,97.83,103.11,97.95,6.69,29.63,3
PureGlow Soaps International (Fictional Dummy Company),Global Manufacturing Head - PureGlow Soaps,United States (North America),Mexico,Mexico City,FCT023,Mexico City Soap Plant,LN0068,Line-2,2026-07-06 19:00:00,2026-07-06,19,Afternoon,Lemon Bar Soap,1.19,60.0,19.1,Machine Breakdown,40.9,71,41,1,40,1.46,97.56,57.75,68.17,84.24,56.03,4.15,21.25,1
PureGlow Soaps International (Fictional Dummy Company),Global Manufacturing Head - PureGlow Soaps,United States (North America),Mexico,Mexico City,FCT023,Mexico City Soap Plant,LN0069,Line-3,2026-07-06 19:00:00,2026-07-06,19,Afternoon,Neem Bar Soap,1.47,60.0,13.3,Material Shortage,46.7,88,58,2,56,2.92,96.55,65.91,77.83,84.49,63.49,6.11,12.04,3
PureGlow Soaps International (Fictional Dummy Company),Global Manufacturing Head - PureGlow Soaps,United States (North America),Mexico,Mexico City,FCT023,Mexico City Soap Plant,LN0067,Line-1,2026-07-06 20:00:00,2026-07-06,20,Afternoon,Sandalwood Bar Soap,1.14,60.0,16.6,Material Shortage,43.4,68,42,1,41,2.89,97.62,61.76,72.33,84.89,59.94,4.09,21.08,2
PureGlow Soaps International (Fictional Dummy Company),Global Manufacturing Head - PureGlow Soaps,United States (North America),Mexico,Mexico City,FCT023,Mexico City Soap Plant,LN0068,Line-2,2026-07-06 20:00:00,2026-07-06,20,Afternoon,Lemon Bar Soap,1.19,60.0,12.5,Quality Hold,47.5,71,53,5,48,9.05,90.57,74.65,79.17,93.76,67.23,5.59,28.27,2
PureGlow Soaps International (Fictional Dummy Company),Global Manufacturing Head - PureGlow Soaps,United States (North America),Mexico,Mexico City,FCT023,Mexico City Soap Plant,LN0069,Line-3,2026-07-06 20:00:00,2026-07-06,20,Afternoon,Neem Bar Soap,1.47,60.0,3.5,No Downtime,56.5,88,84,2,82,1.84,97.62,95.45,94.17,101.14,92.98,8.15,15.34,2
PureGlow Soaps International (Fictional Dummy Company),Global Manufacturing Head - PureGlow Soaps,United States (North America),Mexico,Mexico City,FCT023,Mexico City Soap Plant,LN0067,Line-1,2026-07-06 21:00:00,2026-07-06,21,Afternoon,Sandalwood Bar Soap,1.14,60.0,0.4,No Downtime,59.6,68,60,0,60,0.53,100.0,88.24,99.33,88.31,87.72,6.38,31.52,2
PureGlow Soaps International (Fictional Dummy Company),Global Manufacturing Head - PureGlow Soaps,United States (North America),Mexico,Mexico City,FCT023,Mexico City Soap Plant,LN0068,Line-2,2026-07-06 21:00:00,2026-07-06,21,Afternoon,Lemon Bar Soap,1.19,60.0,2.7,No Downtime,57.3,71,69,3,66,4.26,95.65,97.18,95.5,101.19,92.43,5.96,29.93,3
PureGlow Soaps International (Fictional Dummy Company),Global Manufacturing Head - PureGlow Soaps,United States (North America),Mexico,Mexico City,FCT023,Mexico City Soap Plant,LN0069,Line-3,2026-07-06 21:00:00,2026-07-06,21,Afternoon,Neem Bar Soap,1.47,60.0,2.6,No Downtime,57.4,88,87,3,84,3.33,96.55,98.86,95.67,103.11,95.24,9.18,13.05,3
PureGlow Soaps International (Fictional Dummy Company),Global Manufacturing Head - PureGlow Soaps,United States (North America),Mexico,Mexico City,FCT023,Mexico City Soap Plant,LN0067,Line-1,2026-07-06 22:00:00,2026-07-06,22,Night,Sandalwood Bar Soap,1.14,60.0,12.0,Material Shortage,48.0,68,46,1,45,2.65,97.83,67.65,80.0,84.06,65.79,4.12,23.92,1
PureGlow Soaps International (Fictional Dummy Company),Global Manufacturing Head - PureGlow Soaps,United States (North America),Mexico,Mexico City,FCT023,Mexico City Soap Plant,LN0068,Line-2,2026-07-06 22:00:00,2026-07-06,22,Night,Lemon Bar Soap,1.19,60.0,17.4,Changeover/Setup,42.6,71,48,2,46,3.42,95.83,67.61,71.0,94.69,64.43,4.41,24.86,3
PureGlow Soaps International (Fictional Dummy Company),Global Manufacturing Head - PureGlow Soaps,United States (North America),Mexico,Mexico City,FCT023,Mexico City Soap Plant,LN0069,Line-3,2026-07-06 22:00:00,2026-07-06,22,Night,Neem Bar Soap,1.47,60.0,11.8,Changeover/Setup,48.2,88,67,3,64,4.15,95.52,76.14,80.33,94.56,72.56,6.14,13.05,1
PureGlow Soaps International (Fictional Dummy Company),Global Manufacturing Head - PureGlow Soaps,United States (North America),Mexico,Mexico City,FCT023,Mexico City Soap Plant,LN0067,Line-1,2026-07-06 23:00:00,2026-07-06,23,Night,Sandalwood Bar Soap,1.14,60.0,28.8,Power Outage,31.2,68,32,1,31,4.2,96.88,47.06,52.0,89.97,45.32,2.86,14.43,3
PureGlow Soaps International (Fictional Dummy Company),Global Manufacturing Head - PureGlow Soaps,United States (North America),Mexico,Mexico City,FCT023,Mexico City Soap Plant,LN0068,Line-2,2026-07-06 23:00:00,2026-07-06,23,Night,Lemon Bar Soap,1.19,60.0,3.1,No Downtime,56.9,71,57,2,55,4.07,96.49,80.28,94.83,84.18,77.03,6.07,30.24,2
PureGlow Soaps International (Fictional Dummy Company),Global Manufacturing Head - PureGlow Soaps,United States (North America),Mexico,Mexico City,FCT023,Mexico City Soap Plant,LN0069,Line-3,2026-07-06 23:00:00,2026-07-06,23,Night,Neem Bar Soap,1.47,60.0,1.4,No Downtime,58.6,88,70,3,67,3.99,95.71,79.55,97.67,81.26,75.96,6.78,14.85,2
PureGlow Soaps International (Fictional Dummy Company),Global Manufacturing Head - PureGlow Soaps,United States (North America),Mexico,Mexico City,FCT023,Mexico City Soap Plant,LN0067,Line-1,2026-07-07 00:00:00,2026-07-07,0,Night,Coconut Bar Soap,1.14,60.0,29.1,Preventive Maintenance,30.9,68,32,1,31,2.29,96.88,47.06,51.5,90.84,45.32,3.28,13.88,2
PureGlow Soaps International (Fictional Dummy Company),Global Manufacturing Head - PureGlow Soaps,United States (North America),Mexico,Mexico City,FCT023,Mexico City Soap Plant,LN0068,Line-2,2026-07-07 00:00:00,2026-07-07,0,Night,Coconut Bar Soap,1.19,60.0,9.7,Changeover/Setup,50.3,71,53,2,51,2.92,96.23,74.65,83.83,88.54,71.42,4.87,30.07,2
PureGlow Soaps International (Fictional Dummy Company),Global Manufacturing Head - PureGlow Soaps,United States (North America),Mexico,Mexico City,FCT023,Mexico City Soap Plant,LN0069,Line-3,2026-07-07 00:00:00,2026-07-07,0,Night,Neem Bar Soap,1.47,60.0,4.0,No Downtime,56.0,88,74,1,73,2.01,98.65,84.09,93.33,89.89,82.76,7.23,14.27,1
PureGlow Soaps International (Fictional Dummy Company),Global Manufacturing Head - PureGlow Soaps,United States (North America),Mexico,Mexico City,FCT023,Mexico City Soap Plant,LN0067,Line-1,2026-07-07 01:00:00,2026-07-07,1,Night,Coconut Bar Soap,1.14,60.0,38.5,Preventive Maintenance,21.5,68,23,0,23,1.49,100.0,33.82,35.83,93.84,33.62,2.07,11.3,2
PureGlow Soaps International (Fictional Dummy Company),Global Manufacturing Head - PureGlow Soaps,United States (North America),Mexico,Mexico City,FCT023,Mexico City Soap Plant,LN0068,Line-2,2026-07-07 01:00:00,2026-07-07,1,Night,Coconut Bar Soap,1.19,60.0,36.0,Preventive Maintenance,24.0,71,29,1,28,2.04,96.55,40.85,40.0,101.54,39.21,2.56,12.78,2
PureGlow Soaps International (Fictional Dummy Company),Global Manufacturing Head - PureGlow Soaps,United States (North America),Mexico,Mexico City,FCT023,Mexico City Soap Plant,LN0069,Line-3,2026-07-07 01:00:00,2026-07-07,1,Night,Neem Bar Soap,1.47,60.0,11.5,Changeover/Setup,48.5,88,60,3,57,5.29,95.0,68.18,80.83,84.16,64.63,5.19,11.44,1
PureGlow Soaps International (Fictional Dummy Company),Global Manufacturing Head - PureGlow Soaps,United States (North America),Mexico,Mexico City,FCT023,Mexico City Soap Plant,LN0067,Line-1,2026-07-07 02:00:00,2026-07-07,2,Night,Coconut Bar Soap,1.14,60.0,3.7,No Downtime,56.3,68,60,1,59,1.54,98.33,88.24,93.83,93.48,86.25,6.37,29.82,3
PureGlow Soaps International (Fictional Dummy Company),Global Manufacturing Head - PureGlow Soaps,United States (North America),Mexico,Mexico City,FCT023,Mexico City Soap Plant,LN0068,Line-2,2026-07-07 02:00:00,2026-07-07,2,Night,Coconut Bar Soap,1.19,60.0,14.4,Material Shortage,45.6,71,46,2,44,3.6,95.65,64.79,76.0,84.77,61.62,3.91,27.4,3
PureGlow Soaps International (Fictional Dummy Company),Global Manufacturing Head - PureGlow Soaps,United States (North America),Mexico,Mexico City,FCT023,Mexico City Soap Plant,LN0069,Line-3,2026-07-07 02:00:00,2026-07-07,2,Night,Neem Bar Soap,1.47,60.0,20.6,Staff Shortage,39.4,88,54,1,53,1.51,98.15,61.36,65.67,93.24,60.1,5.55,10.63,3
PureGlow Soaps International (Fictional Dummy Company),Global Manufacturing Head - PureGlow Soaps,United States (North America),Mexico,Mexico City,FCT023,Mexico City Soap Plant,LN0067,Line-1,2026-07-07 03:00:00,2026-07-07,3,Night,Coconut Bar Soap,1.14,60.0,14.1,Changeover/Setup,45.9,68,44,2,42,3.83,95.45,64.71,76.5,84.09,61.4,3.93,22.25,2
PureGlow Soaps International (Fictional Dummy Company),Global Manufacturing Head - PureGlow Soaps,United States (North America),Mexico,Mexico City,FCT023,Mexico City Soap Plant,LN0068,Line-2,2026-07-07 03:00:00,2026-07-07,3,Night,Coconut Bar Soap,1.19,60.0,2.1,No Downtime,57.9,71,61,3,58,4.48,95.08,85.92,96.5,88.53,81.23,5.31,31.79,3
PureGlow Soaps International (Fictional Dummy Company),Global Manufacturing Head - PureGlow Soaps,United States (North America),Mexico,Mexico City,FCT023,Mexico City Soap Plant,LN0069,Line-3,2026-07-07 03:00:00,2026-07-07,3,Night,Neem Bar Soap,1.47,60.0,13.3,Material Shortage,46.7,88,64,3,61,4.78,95.31,72.73,77.83,93.23,69.16,6.76,12.46,3
PureGlow Soaps International (Fictional Dummy Company),Global Manufacturing Head - PureGlow Soaps,United States (North America),Mexico,Mexico City,FCT023,Mexico City Soap Plant,LN0067,Line-1,2026-07-07 04:00:00,2026-07-07,4,Night,Coconut Bar Soap,1.14,60.0,19.0,Material Shortage,41.0,68,37,2,35,4.53,94.59,54.41,68.33,79.16,51.16,3.94,21.93,1
PureGlow Soaps International (Fictional Dummy Company),Global Manufacturing Head - PureGlow Soaps,United States (North America),Mexico,Mexico City,FCT023,Mexico City Soap Plant,LN0068,Line-2,2026-07-07 04:00:00,2026-07-07,4,Night,Coconut Bar Soap,1.19,60.0,23.1,Material Shortage,36.9,71,41,1,40,3.62,97.56,57.75,61.5,93.37,56.02,3.57,22.38,2
PureGlow Soaps International (Fictional Dummy Company),Global Manufacturing Head - PureGlow Soaps,United States (North America),Mexico,Mexico City,FCT023,Mexico City Soap Plant,LN0069,Line-3,2026-07-07 04:00:00,2026-07-07,4,Night,Neem Bar Soap,1.47,60.0,1.8,No Downtime,58.2,88,71,2,69,2.28,97.18,80.68,97.0,82.99,78.23,7.74,13.51,1
PureGlow Soaps International (Fictional Dummy Company),Global Manufacturing Head - PureGlow Soaps,United States (North America),Mexico,Mexico City,FCT023,Mexico City Soap Plant,LN0067,Line-1,2026-07-07 05:00:00,2026-07-07,5,Night,Coconut Bar Soap,1.14,60.0,12.6,Machine Breakdown,47.4,68,54,1,53,2.66,98.15,79.41,79.0,99.93,77.48,5.33,25.4,3
PureGlow Soaps International (Fictional Dummy Company),Global Manufacturing Head - PureGlow Soaps,United States (North America),Mexico,Mexico City,FCT023,Mexico City Soap Plant,LN0068,Line-2,2026-07-07 05:00:00,2026-07-07,5,Night,Coconut Bar Soap,1.19,60.0,23.4,Machine Breakdown,36.6,71,37,1,36,3.19,97.3,52.11,61.0,84.95,50.42,3.32,20.53,3
PureGlow Soaps International (Fictional Dummy Company),Global Manufacturing Head - PureGlow Soaps,United States (North America),Mexico,Mexico City,FCT023,Mexico City Soap Plant,LN0069,Line-3,2026-07-07 05:00:00,2026-07-07,5,Night,Neem Bar Soap,1.47,60.0,3.0,No Downtime,57.0,88,85,2,83,2.25,97.65,96.59,95.0,101.44,94.1,8.96,13.62,2
PureGlow Soaps International (Fictional Dummy Company),Global Manufacturing Head - PureGlow Soaps,United States (North America),Mexico,Mexico City,FCT023,Mexico City Soap Plant,LN0067,Line-1,2026-07-07 06:00:00,2026-07-07,6,Morning,Coconut Bar Soap,1.14,60.0,38.9,Preventive Maintenance,21.1,68,23,0,23,0.85,100.0,33.82,35.17,95.62,33.63,2.26,10.22,3
PureGlow Soaps International (Fictional Dummy Company),Global Manufacturing Head - PureGlow Soaps,United States (North America),Mexico,Mexico City,FCT023,Mexico City Soap Plant,LN0068,Line-2,2026-07-07 06:00:00,2026-07-07,6,Morning,Coconut Bar Soap,1.19,60.0,12.7,Machine Breakdown,47.3,71,51,3,48,5.01,94.12,71.83,78.83,90.61,67.23,5.32,28.84,1
PureGlow Soaps International (Fictional Dummy Company),Global Manufacturing Head - PureGlow Soaps,United States (North America),Mexico,Mexico City,FCT023,Mexico City Soap Plant,LN0069,Line-3,2026-07-07 06:00:00,2026-07-07,6,Morning,Neem Bar Soap,1.47,60.0,23.6,Staff Shortage,36.4,88,46,1,45,1.56,97.83,52.27,60.67,85.97,51.03,4.81,10.03,1
PureGlow Soaps International (Fictional Dummy Company),Global Manufacturing Head - PureGlow Soaps,United States (North America),Mexico,Mexico City,FCT023,Mexico City Soap Plant,LN0067,Line-1,2026-07-07 07:00:00,2026-07-07,7,Morning,Coconut Bar Soap,1.14,60.0,24.9,Power Outage,35.1,68,36,1,35,3.74,97.22,52.94,58.5,89.97,51.17,3.09,17.48,3
PureGlow Soaps International (Fictional Dummy Company),Global Manufacturing Head - PureGlow Soaps,United States (North America),Mexico,Mexico City,FCT023,Mexico City Soap Plant,LN0068,Line-2,2026-07-07 07:00:00,2026-07-07,7,Morning,Coconut Bar Soap,1.19,60.0,10.5,Changeover/Setup,49.5,71,59,2,57,3.49,96.61,83.1,82.5,100.16,79.83,5.75,28.41,2
PureGlow Soaps International (Fictional Dummy Company),Global Manufacturing Head - PureGlow Soaps,United States (North America),Mexico,Mexico City,FCT023,Mexico City Soap Plant,LN0069,Line-3,2026-07-07 07:00:00,2026-07-07,7,Morning,Neem Bar Soap,1.47,60.0,20.7,Power Outage,39.3,88,48,1,47,3.11,97.92,54.55,65.5,83.09,53.29,5.16,10.34,3
PureGlow Soaps International (Fictional Dummy Company),Global Manufacturing Head - PureGlow Soaps,United States (North America),Mexico,Mexico City,FCT023,Mexico City Soap Plant,LN0067,Line-1,2026-07-07 08:00:00,2026-07-07,8,Morning,Coconut Bar Soap,1.14,60.0,15.3,Changeover/Setup,44.7,68,47,1,46,3.03,97.87,69.12,74.5,92.23,67.25,4.4,22.11,1
PureGlow Soaps International (Fictional Dummy Company),Global Manufacturing Head - PureGlow Soaps,United States (North America),Mexico,Mexico City,FCT023,Mexico City Soap Plant,LN0068,Line-2,2026-07-07 08:00:00,2026-07-07,8,Morning,Coconut Bar Soap,1.19,60.0,1.5,No Downtime,58.5,71,61,1,60,1.56,98.36,85.92,97.5,87.62,84.03,6.33,34.81,1
PureGlow Soaps International (Fictional Dummy Company),Global Manufacturing Head - PureGlow Soaps,United States (North America),Mexico,Mexico City,FCT023,Mexico City Soap Plant,LN0069,Line-3,2026-07-07 08:00:00,2026-07-07,8,Morning,Neem Bar Soap,1.47,60.0,17.6,Quality Hold,42.4,88,50,3,47,6.87,94.0,56.82,70.67,80.22,53.29,4.63,11.26,2
PureGlow Soaps International (Fictional Dummy Company),Global Manufacturing Head - PureGlow Soaps,United States (North America),Mexico,Mexico City,FCT023,Mexico City Soap Plant,LN0067,Line-1,2026-07-07 09:00:00,2026-07-07,9,Morning,Coconut Bar Soap,1.14,60.0,10.6,Material Shortage,49.4,68,52,2,50,2.99,96.15,76.47,82.33,92.34,73.1,4.61,22.43,2
PureGlow Soaps International (Fictional Dummy Company),Global Manufacturing Head - PureGlow Soaps,United States (North America),Mexico,Mexico City,FCT023,Mexico City Soap Plant,LN0068,Line-2,2026-07-07 09:00:00,2026-07-07,9,Morning,Coconut Bar Soap,1.19,60.0,1.8,No Downtime,58.2,71,58,2,56,3.56,96.55,81.69,97.0,83.74,78.43,6.15,30.51,2
PureGlow Soaps International (Fictional Dummy Company),Global Manufacturing Head - PureGlow Soaps,United States (North America),Mexico,Mexico City,FCT023,Mexico City Soap Plant,LN0069,Line-3,2026-07-07 09:00:00,2026-07-07,9,Morning,Neem Bar Soap,1.47,60.0,17.9,Quality Hold,42.1,88,56,5,51,9.51,91.07,63.64,70.17,90.49,57.83,4.99,10.2,3
PureGlow Soaps International (Fictional Dummy Company),Global Manufacturing Head - PureGlow Soaps,United States (North America),Mexico,Mexico City,FCT023,Mexico City Soap Plant,LN0067,Line-1,2026-07-07 10:00:00,2026-07-07,10,Morning,Coconut Bar Soap,1.14,60.0,1.2,No Downtime,58.8,68,59,1,58,1.03,98.31,86.76,98.0,88.02,84.8,5.49,27.73,1
PureGlow Soaps International (Fictional Dummy Company),Global Manufacturing Head - PureGlow Soaps,United States (North America),Mexico,Mexico City,FCT023,Mexico City Soap Plant,LN0068,Line-2,2026-07-07 10:00:00,2026-07-07,10,Morning,Coconut Bar Soap,1.19,60.0,30.0,Preventive Maintenance,30.0,71,34,0,34,0.96,100.0,47.89,50.0,95.24,47.62,3.61,15.84,2
PureGlow Soaps International (Fictional Dummy Company),Global Manufacturing Head - PureGlow Soaps,United States (North America),Mexico,Mexico City,FCT023,Mexico City Soap Plant,LN0069,Line-3,2026-07-07 10:00:00,2026-07-07,10,Morning,Neem Bar Soap,1.47,60.0,2.3,No Downtime,57.7,88,76,3,73,3.58,96.05,86.36,96.17,89.6,82.76,6.9,13.84,2
PureGlow Soaps International (Fictional Dummy Company),Global Manufacturing Head - PureGlow Soaps,United States (North America),Mexico,Mexico City,FCT023,Mexico City Soap Plant,LN0067,Line-1,2026-07-07 11:00:00,2026-07-07,11,Morning,Coconut Bar Soap,1.14,60.0,0.4,No Downtime,59.6,68,65,2,63,3.44,96.92,95.59,99.33,95.67,92.1,6.07,32.22,3
PureGlow Soaps International (Fictional Dummy Company),Global Manufacturing Head - PureGlow Soaps,United States (North America),Mexico,Mexico City,FCT023,Mexico City Soap Plant,LN0068,Line-2,2026-07-07 11:00:00,2026-07-07,11,Morning,Coconut Bar Soap,1.19,60.0,0.7,No Downtime,59.3,71,70,4,66,5.19,94.29,98.59,98.83,99.2,92.44,6.42,33.04,2
PureGlow Soaps International (Fictional Dummy Company),Global Manufacturing Head - PureGlow Soaps,United States (North America),Mexico,Mexico City,FCT023,Mexico City Soap Plant,LN0069,Line-3,2026-07-07 11:00:00,2026-07-07,11,Morning,Neem Bar Soap,1.47,60.0,0.5,No Downtime,59.5,88,79,4,75,4.71,94.94,89.77,99.17,90.32,85.04,8.33,15.28,3
PureGlow Soaps International (Fictional Dummy Company),Global Manufacturing Head - PureGlow Soaps,United States (North America),Mexico,Mexico City,FCT023,Mexico City Soap Plant,LN0067,Line-1,2026-07-07 12:00:00,2026-07-07,12,Morning,Coconut Bar Soap,1.14,60.0,26.3,Preventive Maintenance,33.7,68,32,1,31,2.91,96.88,47.06,56.17,83.29,45.32,3.19,15.69,3
PureGlow Soaps International (Fictional Dummy Company),Global Manufacturing Head - PureGlow Soaps,United States (North America),Mexico,Mexico City,FCT023,Mexico City Soap Plant,LN0068,Line-2,2026-07-07 12:00:00,2026-07-07,12,Morning,Coconut Bar Soap,1.19,60.0,3.5,No Downtime,56.5,71,61,1,60,2.02,98.36,85.92,94.17,90.73,84.04,6.17,34.57,2
PureGlow Soaps International (Fictional Dummy Company),Global Manufacturing Head - PureGlow Soaps,United States (North America),Mexico,Mexico City,FCT023,Mexico City Soap Plant,LN0069,Line-3,2026-07-07 12:00:00,2026-07-07,12,Morning,Neem Bar Soap,1.47,60.0,5.1,Staff Shortage,54.9,88,68,1,67,2.07,98.53,77.27,91.5,84.26,75.96,7.23,14.85,3
PureGlow Soaps International (Fictional Dummy Company),Global Manufacturing Head - PureGlow Soaps,United States (North America),Mexico,Mexico City,FCT023,Mexico City Soap Plant,LN0067,Line-1,2026-07-07 13:00:00,2026-07-07,13,Morning,Coconut Bar Soap,1.14,60.0,22.7,Preventive Maintenance,37.3,68,38,1,37,2.27,97.37,55.88,62.17,89.37,54.1,3.71,16.65,3
PureGlow Soaps International (Fictional Dummy Company),Global Manufacturing Head - PureGlow Soaps,United States (North America),Mexico,Mexico City,FCT023,Mexico City Soap Plant,LN0068,Line-2,2026-07-07 13:00:00,2026-07-07,13,Morning,Coconut Bar Soap,1.19,60.0,16.4,Preventive Maintenance,43.6,71,51,3,48,5.09,94.12,71.83,72.67,98.3,67.23,4.95,24.99,2
PureGlow Soaps International (Fictional Dummy Company),Global Manufacturing Head - PureGlow Soaps,United States (North America),Mexico,Mexico City,FCT023,Mexico City Soap Plant,LN0069,Line-3,2026-07-07 13:00:00,2026-07-07,13,Morning,Neem Bar Soap,1.47,60.0,1.8,No Downtime,58.2,88,71,2,69,3.1,97.18,80.68,97.0,82.99,78.23,6.75,13.89,1
PureGlow Soaps International (Fictional Dummy Company),Global Manufacturing Head - PureGlow Soaps,United States (North America),Mexico,Mexico City,FCT023,Mexico City Soap Plant,LN0067,Line-1,2026-07-07 14:00:00,2026-07-07,14,Afternoon,Coconut Bar Soap,1.14,60.0,20.5,Staff Shortage,39.5,68,42,1,41,3.5,97.62,61.76,65.83,93.27,59.94,3.88,18.92,2
PureGlow Soaps International (Fictional Dummy Company),Global Manufacturing Head - PureGlow Soaps,United States (North America),Mexico,Mexico City,FCT023,Mexico City Soap Plant,LN0068,Line-2,2026-07-07 14:00:00,2026-07-07,14,Afternoon,Coconut Bar Soap,1.19,60.0,3.2,No Downtime,56.8,71,55,1,54,2.0,98.18,77.46,94.67,81.37,75.63,5.71,34.03,2
PureGlow Soaps International (Fictional Dummy Company),Global Manufacturing Head - PureGlow Soaps,United States (North America),Mexico,Mexico City,FCT023,Mexico City Soap Plant,LN0069,Line-3,2026-07-07 14:00:00,2026-07-07,14,Afternoon,Neem Bar Soap,1.47,60.0,18.3,Power Outage,41.7,88,54,2,52,4.37,96.3,61.36,69.5,88.09,58.96,5.3,11.49,2
PureGlow Soaps International (Fictional Dummy Company),Global Manufacturing Head - PureGlow Soaps,United States (North America),Mexico,Mexico City,FCT023,Mexico City Soap Plant,LN0067,Line-1,2026-07-07 15:00:00,2026-07-07,15,Afternoon,Coconut Bar Soap,1.14,60.0,24.2,Power Outage,35.8,68,35,1,34,2.77,97.14,51.47,59.67,85.76,49.71,3.43,16.15,1
PureGlow Soaps International (Fictional Dummy Company),Global Manufacturing Head - PureGlow Soaps,United States (North America),Mexico,Mexico City,FCT023,Mexico City Soap Plant,LN0068,Line-2,2026-07-07 15:00:00,2026-07-07,15,Afternoon,Coconut Bar Soap,1.19,60.0,3.2,No Downtime,56.8,71,55,1,54,2.05,98.18,77.46,94.67,81.37,75.63,5.7,30.65,1
PureGlow Soaps International (Fictional Dummy Company),Global Manufacturing Head - PureGlow Soaps,United States (North America),Mexico,Mexico City,FCT023,Mexico City Soap Plant,LN0069,Line-3,2026-07-07 15:00:00,2026-07-07,15,Afternoon,Neem Bar Soap,1.47,60.0,39.6,Preventive Maintenance,20.4,88,25,1,24,3.74,96.0,28.41,34.0,83.37,27.21,2.15,5.26,3
PureGlow Soaps International (Fictional Dummy Company),Global Manufacturing Head - PureGlow Soaps,United States (North America),Mexico,Mexico City,FCT023,Mexico City Soap Plant,LN0067,Line-1,2026-07-07 16:00:00,2026-07-07,16,Afternoon,Coconut Bar Soap,1.14,60.0,25.4,Material Shortage,34.6,68,37,1,36,3.83,97.3,54.41,57.67,93.8,52.63,3.28,16.1,3
PureGlow Soaps International (Fictional Dummy Company),Global Manufacturing Head - PureGlow Soaps,United States (North America),Mexico,Mexico City,FCT023,Mexico City Soap Plant,LN0068,Line-2,2026-07-07 16:00:00,2026-07-07,16,Afternoon,Coconut Bar Soap,1.19,60.0,21.6,Staff Shortage,38.4,71,43,1,42,2.83,97.67,60.56,64.0,94.1,58.82,4.6,20.62,1
PureGlow Soaps International (Fictional Dummy Company),Global Manufacturing Head - PureGlow Soaps,United States (North America),Mexico,Mexico City,FCT023,Mexico City Soap Plant,LN0069,Line-3,2026-07-07 16:00:00,2026-07-07,16,Afternoon,Neem Bar Soap,1.47,60.0,0.3,No Downtime,59.7,88,75,3,72,4.0,96.0,85.23,99.5,85.46,81.63,7.37,15.82,3
PureGlow Soaps International (Fictional Dummy Company),Global Manufacturing Head - PureGlow Soaps,United States (North America),Mexico,Mexico City,FCT023,Mexico City Soap Plant,LN0067,Line-1,2026-07-07 17:00:00,2026-07-07,17,Afternoon,Coconut Bar Soap,1.14,60.0,32.2,Material Shortage,27.8,68,26,1,25,2.31,96.15,38.24,46.33,82.04,36.55,2.86,14.68,3
PureGlow Soaps International (Fictional Dummy Company),Global Manufacturing Head - PureGlow Soaps,United States (North America),Mexico,Mexico City,FCT023,Mexico City Soap Plant,LN0068,Line-2,2026-07-07 17:00:00,2026-07-07,17,Afternoon,Coconut Bar Soap,1.19,60.0,31.2,Preventive Maintenance,28.8,71,33,1,32,4.4,96.97,46.48,48.0,96.29,44.82,2.92,15.33,1
PureGlow Soaps International (Fictional Dummy Company),Global Manufacturing Head - PureGlow Soaps,United States (North America),Mexico,Mexico City,FCT023,Mexico City Soap Plant,LN0069,Line-3,2026-07-07 17:00:00,2026-07-07,17,Afternoon,Neem Bar Soap,1.47,60.0,38.2,Preventive Maintenance,21.8,88,26,1,25,4.79,96.15,29.55,36.33,81.13,28.34,2.41,5.2,2
PureGlow Soaps International (Fictional Dummy Company),Global Manufacturing Head - PureGlow Soaps,United States (North America),Mexico,Mexico City,FCT023,Mexico City Soap Plant,LN0067,Line-1,2026-07-07 18:00:00,2026-07-07,18,Afternoon,Coconut Bar Soap,1.14,60.0,35.4,Preventive Maintenance,24.6,68,25,1,24,2.46,96.0,36.76,41.0,89.15,35.09,2.72,12.67,3
PureGlow Soaps International (Fictional Dummy Company),Global Manufacturing Head - PureGlow Soaps,United States (North America),Mexico,Mexico City,FCT023,Mexico City Soap Plant,LN0068,Line-2,2026-07-07 18:00:00,2026-07-07,18,Afternoon,Coconut Bar Soap,1.19,60.0,26.2,Preventive Maintenance,33.8,71,33,1,32,1.75,96.97,46.48,56.33,82.04,44.81,3.4,19.6,1
PureGlow Soaps International (Fictional Dummy Company),Global Manufacturing Head - PureGlow Soaps,United States (North America),Mexico,Mexico City,FCT023,Mexico City Soap Plant,LN0069,Line-3,2026-07-07 18:00:00,2026-07-07,18,Afternoon,Neem Bar Soap,1.47,60.0,3.5,No Downtime,56.5,88,76,2,74,2.53,97.37,86.36,94.17,91.51,83.91,6.61,13.04,3
PureGlow Soaps International (Fictional Dummy Company),Global Manufacturing Head - PureGlow Soaps,United States (North America),Mexico,Mexico City,FCT023,Mexico City Soap Plant,LN0067,Line-1,2026-07-07 19:00:00,2026-07-07,19,Afternoon,Coconut Bar Soap,1.14,60.0,1.5,No Downtime,58.5,68,65,2,63,3.04,96.92,95.59,97.5,97.47,92.11,6.7,29.47,2
PureGlow Soaps International (Fictional Dummy Company),Global Manufacturing Head - PureGlow Soaps,United States (North America),Mexico,Mexico City,FCT023,Mexico City Soap Plant,LN0068,Line-2,2026-07-07 19:00:00,2026-07-07,19,Afternoon,Coconut Bar Soap,1.19,60.0,4.0,No Downtime,56.0,71,66,2,64,2.84,96.97,92.96,93.33,99.04,89.63,6.31,30.78,3
PureGlow Soaps International (Fictional Dummy Company),Global Manufacturing Head - PureGlow Soaps,United States (North America),Mexico,Mexico City,FCT023,Mexico City Soap Plant,LN0069,Line-3,2026-07-07 19:00:00,2026-07-07,19,Afternoon,Neem Bar Soap,1.47,60.0,15.4,Machine Breakdown,44.6,88,65,2,63,3.54,96.92,73.86,74.33,99.14,71.42,7.13,11.18,2
PureGlow Soaps International (Fictional Dummy Company),Global Manufacturing Head - PureGlow Soaps,United States (North America),Mexico,Mexico City,FCT023,Mexico City Soap Plant,LN0067,Line-1,2026-07-07 20:00:00,2026-07-07,20,Afternoon,Coconut Bar Soap,1.14,60.0,15.7,Changeover/Setup,44.3,68,49,1,48,2.12,97.96,72.06,73.83,97.03,70.18,4.97,19.79,1
PureGlow Soaps International (Fictional Dummy Company),Global Manufacturing Head - PureGlow Soaps,United States (North America),Mexico,Mexico City,FCT023,Mexico City Soap Plant,LN0068,Line-2,2026-07-07 20:00:00,2026-07-07,20,Afternoon,Coconut Bar Soap,1.19,60.0,1.0,No Downtime,59.0,71,69,3,66,4.86,95.65,97.18,98.33,98.28,92.43,7.3,30.84,2
PureGlow Soaps International (Fictional Dummy Company),Global Manufacturing Head - PureGlow Soaps,United States (North America),Mexico,Mexico City,FCT023,Mexico City Soap Plant,LN0069,Line-3,2026-07-07 20:00:00,2026-07-07,20,Afternoon,Neem Bar Soap,1.47,60.0,1.2,No Downtime,58.8,88,81,4,77,4.74,95.06,92.05,98.0,93.71,87.3,7.64,14.03,3
PureGlow Soaps International (Fictional Dummy Company),Global Manufacturing Head - PureGlow Soaps,United States (North America),Mexico,Mexico City,FCT023,Mexico City Soap Plant,LN0067,Line-1,2026-07-07 21:00:00,2026-07-07,21,Afternoon,Coconut Bar Soap,1.14,60.0,33.8,Machine Breakdown,26.2,68,30,1,29,3.33,96.67,44.12,43.67,100.44,42.4,2.86,11.95,3
PureGlow Soaps International (Fictional Dummy Company),Global Manufacturing Head - PureGlow Soaps,United States (North America),Mexico,Mexico City,FCT023,Mexico City Soap Plant,LN0068,Line-2,2026-07-07 21:00:00,2026-07-07,21,Afternoon,Coconut Bar Soap,1.19,60.0,10.5,Material Shortage,49.5,71,55,2,53,3.64,96.36,77.46,82.5,93.37,74.23,5.34,30.15,1
PureGlow Soaps International (Fictional Dummy Company),Global Manufacturing Head - PureGlow Soaps,United States (North America),Mexico,Mexico City,FCT023,Mexico City Soap Plant,LN0069,Line-3,2026-07-07 21:00:00,2026-07-07,21,Afternoon,Neem Bar Soap,1.47,60.0,14.4,Changeover/Setup,45.6,88,60,2,58,3.14,96.67,68.18,76.0,89.51,65.76,5.67,10.83,3
PureGlow Soaps International (Fictional Dummy Company),Global Manufacturing Head - PureGlow Soaps,United States (North America),Mexico,Mexico City,FCT023,Mexico City Soap Plant,LN0067,Line-1,2026-07-07 22:00:00,2026-07-07,22,Night,Coconut Bar Soap,1.14,60.0,7.8,Changeover/Setup,52.2,68,50,1,49,1.25,98.0,73.53,87.0,84.02,71.64,4.49,23.8,3
PureGlow Soaps International (Fictional Dummy Company),Global Manufacturing Head - PureGlow Soaps,United States (North America),Mexico,Mexico City,FCT023,Mexico City Soap Plant,LN0068,Line-2,2026-07-07 22:00:00,2026-07-07,22,Night,Coconut Bar Soap,1.19,60.0,2.5,No Downtime,57.5,71,55,2,53,3.73,96.36,77.46,95.83,80.38,74.22,5.69,33.81,2
PureGlow Soaps International (Fictional Dummy Company),Global Manufacturing Head - PureGlow Soaps,United States (North America),Mexico,Mexico City,FCT023,Mexico City Soap Plant,LN0069,Line-3,2026-07-07 22:00:00,2026-07-07,22,Night,Neem Bar Soap,1.47,60.0,13.0,Power Outage,47.0,88,62,2,60,3.71,96.77,70.45,78.33,89.74,68.02,6.32,12.05,2
PureGlow Soaps International (Fictional Dummy Company),Global Manufacturing Head - PureGlow Soaps,United States (North America),Mexico,Mexico City,FCT023,Mexico City Soap Plant,LN0067,Line-1,2026-07-07 23:00:00,2026-07-07,23,Night,Coconut Bar Soap,1.14,60.0,13.3,Material Shortage,46.7,68,53,1,52,2.8,98.11,77.94,77.83,99.55,76.02,5.54,23.94,2
PureGlow Soaps International (Fictional Dummy Company),Global Manufacturing Head - PureGlow Soaps,United States (North America),Mexico,Mexico City,FCT023,Mexico City Soap Plant,LN0068,Line-2,2026-07-07 23:00:00,2026-07-07,23,Night,Coconut Bar Soap,1.19,60.0,15.5,Machine Breakdown,44.5,71,48,2,46,3.71,95.83,67.61,74.17,90.64,64.42,4.29,23.18,1
PureGlow Soaps International (Fictional Dummy Company),Global Manufacturing Head - PureGlow Soaps,United States (North America),Mexico,Mexico City,FCT023,Mexico City Soap Plant,LN0069,Line-3,2026-07-07 23:00:00,2026-07-07,23,Night,Neem Bar Soap,1.47,60.0,0.4,No Downtime,59.6,88,75,3,72,3.98,96.0,85.23,99.33,85.6,81.63,6.77,15.24,3
PureGlow Soaps International (Fictional Dummy Company),Global Manufacturing Head - PureGlow Soaps,United States (North America),Mexico,Mexico City,FCT023,Mexico City Soap Plant,LN0067,Line-1,2026-07-08 00:00:00,2026-07-08,0,Night,Lemon Bar Soap,1.14,60.0,2.5,No Downtime,57.5,68,59,2,57,2.94,96.61,86.76,95.83,90.01,83.33,5.9,29.82,3
PureGlow Soaps International (Fictional Dummy Company),Global Manufacturing Head - PureGlow Soaps,United States (North America),Mexico,Mexico City,FCT023,Mexico City Soap Plant,LN0068,Line-2,2026-07-08 00:00:00,2026-07-08,0,Night,Aloe Vera Liquid Soap,1.19,60.0,3.3,No Downtime,56.7,71,69,1,68,1.93,98.55,97.18,94.5,102.26,95.23,6.46,31.56,3
PureGlow Soaps International (Fictional Dummy Company),Global Manufacturing Head - PureGlow Soaps,United States (North America),Mexico,Mexico City,FCT023,Mexico City Soap Plant,LN0069,Line-3,2026-07-08 00:00:00,2026-07-08,0,Night,Lavender Bar Soap,1.47,60.0,18.1,Changeover/Setup,41.9,88,55,2,53,3.42,96.36,62.5,69.83,89.3,60.09,5.24,11.25,3
PureGlow Soaps International (Fictional Dummy Company),Global Manufacturing Head - PureGlow Soaps,United States (North America),Mexico,Mexico City,FCT023,Mexico City Soap Plant,LN0067,Line-1,2026-07-08 01:00:00,2026-07-08,1,Night,Lemon Bar Soap,1.14,60.0,20.7,Staff Shortage,39.3,68,40,1,39,2.77,97.5,58.82,65.5,89.28,57.02,4.3,20.11,3
PureGlow Soaps International (Fictional Dummy Company),Global Manufacturing Head - PureGlow Soaps,United States (North America),Mexico,Mexico City,FCT023,Mexico City Soap Plant,LN0068,Line-2,2026-07-08 01:00:00,2026-07-08,1,Night,Aloe Vera Liquid Soap,1.19,60.0,1.0,No Downtime,59.0,71,69,1,68,1.16,98.55,97.18,98.33,98.28,95.24,6.0,32.87,2
PureGlow Soaps International (Fictional Dummy Company),Global Manufacturing Head - PureGlow Soaps,United States (North America),Mexico,Mexico City,FCT023,Mexico City Soap Plant,LN0069,Line-3,2026-07-08 01:00:00,2026-07-08,1,Night,Lavender Bar Soap,1.47,60.0,14.3,Machine Breakdown,45.7,88,60,1,59,1.96,98.33,68.18,76.17,89.31,66.89,6.16,11.39,2
PureGlow Soaps International (Fictional Dummy Company),Global Manufacturing Head - PureGlow Soaps,United States (North America),Mexico,Mexico City,FCT023,Mexico City Soap Plant,LN0067,Line-1,2026-07-08 02:00:00,2026-07-08,2,Night,Lemon Bar Soap,1.14,60.0,1.1,No Downtime,58.9,68,64,1,63,1.84,98.44,94.12,98.17,95.31,92.11,7.04,31.42,2
PureGlow Soaps International (Fictional Dummy Company),Global Manufacturing Head - PureGlow Soaps,United States (North America),Mexico,Mexico City,FCT023,Mexico City Soap Plant,LN0068,Line-2,2026-07-08 02:00:00,2026-07-08,2,Night,Aloe Vera Liquid Soap,1.19,60.0,16.6,Material Shortage,43.4,71,46,3,43,5.77,93.48,64.79,72.33,89.07,60.22,4.87,22.44,1
PureGlow Soaps International (Fictional Dummy Company),Global Manufacturing Head - PureGlow Soaps,United States (North America),Mexico,Mexico City,FCT023,Mexico City Soap Plant,LN0069,Line-3,2026-07-08 02:00:00,2026-07-08,2,Night,Lavender Bar Soap,1.47,60.0,34.9,Material Shortage,25.1,88,38,2,36,4.04,94.74,43.18,41.83,102.99,40.81,3.75,6.86,1
PureGlow Soaps International (Fictional Dummy Company),Global Manufacturing Head - PureGlow Soaps,United States (North America),Mexico,Mexico City,FCT023,Mexico City Soap Plant,LN0067,Line-1,2026-07-08 03:00:00,2026-07-08,3,Night,Lemon Bar Soap,1.14,60.0,23.4,Material Shortage,36.6,68,41,1,40,2.73,97.56,60.29,61.0,98.26,58.48,3.73,18.09,2
PureGlow Soaps International (Fictional Dummy Company),Global Manufacturing Head - PureGlow Soaps,United States (North America),Mexico,Mexico City,FCT023,Mexico City Soap Plant,LN0068,Line-2,2026-07-08 03:00:00,2026-07-08,3,Night,Aloe Vera Liquid Soap,1.19,60.0,32.0,Material Shortage,28.0,71,32,1,31,4.42,96.88,45.07,46.67,96.04,43.42,3.52,17.58,3
PureGlow Soaps International (Fictional Dummy Company),Global Manufacturing Head - PureGlow Soaps,United States (North America),Mexico,Mexico City,FCT023,Mexico City Soap Plant,LN0069,Line-3,2026-07-08 03:00:00,2026-07-08,3,Night,Lavender Bar Soap,1.47,60.0,27.2,Power Outage,32.8,88,41,2,39,5.62,95.12,46.59,54.67,85.03,44.22,3.66,7.75,1
PureGlow Soaps International (Fictional Dummy Company),Global Manufacturing Head - PureGlow Soaps,United States (North America),Mexico,Mexico City,FCT023,Mexico City Soap Plant,LN0067,Line-1,2026-07-08 04:00:00,2026-07-08,4,Night,Lemon Bar Soap,1.14,60.0,2.3,No Downtime,57.7,68,63,2,61,2.43,96.83,92.65,96.17,95.78,89.19,6.55,27.86,3
PureGlow Soaps International (Fictional Dummy Company),Global Manufacturing Head - PureGlow Soaps,United States (North America),Mexico,Mexico City,FCT023,Mexico City Soap Plant,LN0068,Line-2,2026-07-08 04:00:00,2026-07-08,4,Night,Aloe Vera Liquid Soap,1.19,60.0,3.8,No Downtime,56.2,71,67,2,65,2.87,97.01,94.37,93.67,100.18,91.03,6.64,29.23,2
PureGlow Soaps International (Fictional Dummy Company),Global Manufacturing Head - PureGlow Soaps,United States (North America),Mexico,Mexico City,FCT023,Mexico City Soap Plant,LN0069,Line-3,2026-07-08 04:00:00,2026-07-08,4,Night,Lavender Bar Soap,1.47,60.0,18.5,Changeover/Setup,41.5,88,57,2,55,4.19,96.49,64.77,69.17,93.43,62.36,5.84,10.17,3
PureGlow Soaps International (Fictional Dummy Company),Global Manufacturing Head - PureGlow Soaps,United States (North America),Mexico,Mexico City,FCT023,Mexico City Soap Plant,LN0067,Line-1,2026-07-08 05:00:00,2026-07-08,5,Night,Lemon Bar Soap,1.14,60.0,22.6,Staff Shortage,37.4,68,37,1,36,1.41,97.3,54.41,62.33,86.78,52.63,3.21,18.66,2
PureGlow Soaps International (Fictional Dummy Company),Global Manufacturing Head - PureGlow Soaps,United States (North America),Mexico,Mexico City,FCT023,Mexico City Soap Plant,LN0068,Line-2,2026-07-08 05:00:00,2026-07-08,5,Night,Aloe Vera Liquid Soap,1.19,60.0,18.2,Material Shortage,41.8,71,46,2,44,4.66,95.65,64.79,69.67,92.48,61.63,4.56,24.1,1
PureGlow Soaps International (Fictional Dummy Company),Global Manufacturing Head - PureGlow Soaps,United States (North America),Mexico,Mexico City,FCT023,Mexico City Soap Plant,LN0069,Line-3,2026-07-08 05:00:00,2026-07-08,5,Night,Lavender Bar Soap,1.47,60.0,15.3,Quality Hold,44.7,88,66,7,59,10.03,89.39,75.0,74.5,100.44,66.89,7.11,10.65,1
PureGlow Soaps International (Fictional Dummy Company),Global Manufacturing Head - PureGlow Soaps,United States (North America),Mexico,Mexico City,FCT023,Mexico City Soap Plant,LN0067,Line-1,2026-07-08 06:00:00,2026-07-08,6,Morning,Lemon Bar Soap,1.14,60.0,11.7,Changeover/Setup,48.3,68,44,1,43,3.25,97.73,64.71,80.5,79.91,62.87,4.13,21.81,2
PureGlow Soaps International (Fictional Dummy Company),Global Manufacturing Head - PureGlow Soaps,United States (North America),Mexico,Mexico City,FCT023,Mexico City Soap Plant,LN0068,Line-2,2026-07-08 06:00:00,2026-07-08,6,Morning,Aloe Vera Liquid Soap,1.19,60.0,3.8,No Downtime,56.2,71,58,2,56,3.78,96.55,81.69,93.67,86.73,78.44,6.11,30.66,2
PureGlow Soaps International (Fictional Dummy Company),Global Manufacturing Head - PureGlow Soaps,United States (North America),Mexico,Mexico City,FCT023,Mexico City Soap Plant,LN0069,Line-3,2026-07-08 06:00:00,2026-07-08,6,Morning,Lavender Bar Soap,1.47,60.0,2.6,No Downtime,57.4,88,85,4,81,5.17,95.29,96.59,95.67,100.74,91.84,8.07,14.11,3
PureGlow Soaps International (Fictional Dummy Company),Global Manufacturing Head - PureGlow Soaps,United States (North America),Mexico,Mexico City,FCT023,Mexico City Soap Plant,LN0067,Line-1,2026-07-08 07:00:00,2026-07-08,7,Morning,Lemon Bar Soap,1.14,60.0,1.9,No Downtime,58.1,68,60,2,58,3.73,96.67,88.24,96.83,90.59,84.8,5.19,30.1,2
PureGlow Soaps International (Fictional Dummy Company),Global Manufacturing Head - PureGlow Soaps,United States (North America),Mexico,Mexico City,FCT023,Mexico City Soap Plant,LN0068,Line-2,2026-07-08 07:00:00,2026-07-08,7,Morning,Aloe Vera Liquid Soap,1.19,60.0,13.8,Staff Shortage,46.2,71,52,1,51,2.32,98.08,73.24,77.0,94.58,71.43,4.85,24.17,3
PureGlow Soaps International (Fictional Dummy Company),Global Manufacturing Head - PureGlow Soaps,United States (North America),Mexico,Mexico City,FCT023,Mexico City Soap Plant,LN0069,Line-3,2026-07-08 07:00:00,2026-07-08,7,Morning,Lavender Bar Soap,1.47,60.0,23.7,Preventive Maintenance,36.3,88,54,2,52,3.97,96.3,61.36,60.5,101.2,58.96,5.07,9.84,1
PureGlow Soaps International (Fictional Dummy Company),Global Manufacturing Head - PureGlow Soaps,United States (North America),Mexico,Mexico City,FCT023,Mexico City Soap Plant,LN0067,Line-1,2026-07-08 08:00:00,2026-07-08,8,Morning,Lemon Bar Soap,1.14,60.0,16.3,Quality Hold,43.7,68,48,2,46,4.5,95.83,70.59,72.83,96.35,67.25,4.77,20.61,1
PureGlow Soaps International (Fictional Dummy Company),Global Manufacturing Head - PureGlow Soaps,United States (North America),Mexico,Mexico City,FCT023,Mexico City Soap Plant,LN0068,Line-2,2026-07-08 08:00:00,2026-07-08,8,Morning,Aloe Vera Liquid Soap,1.19,60.0,7.6,Quality Hold,52.4,71,63,5,58,8.49,92.06,88.73,87.33,101.03,81.22,6.93,27.57,3
PureGlow Soaps International (Fictional Dummy Company),Global Manufacturing Head - PureGlow Soaps,United States (North America),Mexico,Mexico City,FCT023,Mexico City Soap Plant,LN0069,Line-3,2026-07-08 08:00:00,2026-07-08,8,Morning,Lavender Bar Soap,1.47,60.0,10.7,Changeover/Setup,49.3,88,60,2,58,3.74,96.67,68.18,82.17,82.79,65.76,5.94,11.22,2
PureGlow Soaps International (Fictional Dummy Company),Global Manufacturing Head - PureGlow Soaps,United States (North America),Mexico,Mexico City,FCT023,Mexico City Soap Plant,LN0067,Line-1,2026-07-08 09:00:00,2026-07-08,9,Morning,Lemon Bar Soap,1.14,60.0,2.1,No Downtime,57.9,68,63,2,61,3.54,96.83,92.65,96.5,95.45,89.19,6.73,29.71,3
PureGlow Soaps International (Fictional Dummy Company),Global Manufacturing Head - PureGlow Soaps,United States (North America),Mexico,Mexico City,FCT023,Mexico City Soap Plant,LN0068,Line-2,2026-07-08 09:00:00,2026-07-08,9,Morning,Aloe Vera Liquid Soap,1.19,60.0,40.0,Machine Breakdown,20.0,71,20,1,19,4.15,95.0,28.17,33.33,84.03,26.61,1.9,10.35,1
PureGlow Soaps International (Fictional Dummy Company),Global Manufacturing Head - PureGlow Soaps,United States (North America),Mexico,Mexico City,FCT023,Mexico City Soap Plant,LN0069,Line-3,2026-07-08 09:00:00,2026-07-08,9,Morning,Lavender Bar Soap,1.47,60.0,16.8,Changeover/Setup,43.2,88,52,1,51,1.28,98.08,59.09,72.0,81.88,57.82,5.18,11.21,3
PureGlow Soaps International (Fictional Dummy Company),Global Manufacturing Head - PureGlow Soaps,United States (North America),Mexico,Mexico City,FCT023,Mexico City Soap Plant,LN0067,Line-1,2026-07-08 10:00:00,2026-07-08,10,Morning,Lemon Bar Soap,1.14,60.0,2.0,No Downtime,58.0,68,56,1,55,0.91,98.21,82.35,96.67,84.69,80.4,5.97,26.34,3
PureGlow Soaps International (Fictional Dummy Company),Global Manufacturing Head - PureGlow Soaps,United States (North America),Mexico,Mexico City,FCT023,Mexico City Soap Plant,LN0068,Line-2,2026-07-08 10:00:00,2026-07-08,10,Morning,Aloe Vera Liquid Soap,1.19,60.0,0.4,No Downtime,59.6,71,59,3,56,4.25,94.92,83.1,99.33,83.19,78.43,6.11,34.18,3
PureGlow Soaps International (Fictional Dummy Company),Global Manufacturing Head - PureGlow Soaps,United States (North America),Mexico,Mexico City,FCT023,Mexico City Soap Plant,LN0069,Line-3,2026-07-08 10:00:00,2026-07-08,10,Morning,Lavender Bar Soap,1.47,60.0,19.3,Changeover/Setup,40.7,88,55,1,54,1.46,98.18,62.5,67.83,91.93,61.22,5.26,9.73,3
PureGlow Soaps International (Fictional Dummy Company),Global Manufacturing Head - PureGlow Soaps,United States (North America),Mexico,Mexico City,FCT023,Mexico City Soap Plant,LN0067,Line-1,2026-07-08 11:00:00,2026-07-08,11,Morning,Lemon Bar Soap,1.14,60.0,44.8,Machine Breakdown,15.2,68,17,0,17,2.34,100.0,25.0,25.33,98.11,24.85,1.56,7.13,3
PureGlow Soaps International (Fictional Dummy Company),Global Manufacturing Head - PureGlow Soaps,United States (North America),Mexico,Mexico City,FCT023,Mexico City Soap Plant,LN0068,Line-2,2026-07-08 11:00:00,2026-07-08,11,Morning,Aloe Vera Liquid Soap,1.19,60.0,30.8,Preventive Maintenance,29.2,71,32,0,32,0.16,100.0,45.07,48.67,92.09,44.82,2.97,15.07,2
PureGlow Soaps International (Fictional Dummy Company),Global Manufacturing Head - PureGlow Soaps,United States (North America),Mexico,Mexico City,FCT023,Mexico City Soap Plant,LN0069,Line-3,2026-07-08 11:00:00,2026-07-08,11,Morning,Lavender Bar Soap,1.47,60.0,23.4,Power Outage,36.6,88,43,2,41,3.59,95.35,48.86,61.0,79.92,46.48,4.47,9.32,1
PureGlow Soaps International (Fictional Dummy Company),Global Manufacturing Head - PureGlow Soaps,United States (North America),Mexico,Mexico City,FCT023,Mexico City Soap Plant,LN0067,Line-1,2026-07-08 12:00:00,2026-07-08,12,Morning,Lemon Bar Soap,1.14,60.0,33.2,Machine Breakdown,26.8,68,28,1,27,4.31,96.43,41.18,44.67,91.65,39.48,2.5,13.77,2
PureGlow Soaps International (Fictional Dummy Company),Global Manufacturing Head - PureGlow Soaps,United States (North America),Mexico,Mexico City,FCT023,Mexico City Soap Plant,LN0068,Line-2,2026-07-08 12:00:00,2026-07-08,12,Morning,Aloe Vera Liquid Soap,1.19,60.0,3.2,No Downtime,56.8,71,57,2,55,2.69,96.49,80.28,94.67,84.33,77.03,5.89,31.99,3
PureGlow Soaps International (Fictional Dummy Company),Global Manufacturing Head - PureGlow Soaps,United States (North America),Mexico,Mexico City,FCT023,Mexico City Soap Plant,LN0069,Line-3,2026-07-08 12:00:00,2026-07-08,12,Morning,Lavender Bar Soap,1.47,60.0,2.7,No Downtime,57.3,88,86,4,82,5.07,95.35,97.73,95.5,102.1,92.97,7.63,13.83,3
PureGlow Soaps International (Fictional Dummy Company),Global Manufacturing Head - PureGlow Soaps,United States (North America),Mexico,Mexico City,FCT023,Mexico City Soap Plant,LN0067,Line-1,2026-07-08 13:00:00,2026-07-08,13,Morning,Lemon Bar Soap,1.14,60.0,22.1,Material Shortage,37.9,68,39,0,39,1.23,100.0,57.35,63.17,90.27,57.02,4.13,18.76,2
PureGlow Soaps International (Fictional Dummy Company),Global Manufacturing Head - PureGlow Soaps,United States (North America),Mexico,Mexico City,FCT023,Mexico City Soap Plant,LN0068,Line-2,2026-07-08 13:00:00,2026-07-08,13,Morning,Aloe Vera Liquid Soap,1.19,60.0,3.0,No Downtime,57.0,71,66,2,64,3.53,96.97,92.96,95.0,97.3,89.63,6.1,35.1,1
PureGlow Soaps International (Fictional Dummy Company),Global Manufacturing Head - PureGlow Soaps,United States (North America),Mexico,Mexico City,FCT023,Mexico City Soap Plant,LN0069,Line-3,2026-07-08 13:00:00,2026-07-08,13,Morning,Lavender Bar Soap,1.47,60.0,2.4,No Downtime,57.6,88,73,3,70,4.53,95.89,82.95,96.0,86.22,79.37,6.62,13.09,2
PureGlow Soaps International (Fictional Dummy Company),Global Manufacturing Head - PureGlow Soaps,United States (North America),Mexico,Mexico City,FCT023,Mexico City Soap Plant,LN0067,Line-1,2026-07-08 14:00:00,2026-07-08,14,Afternoon,Lemon Bar Soap,1.14,60.0,17.5,Changeover/Setup,42.5,68,48,0,48,0.86,100.0,70.59,70.83,99.07,70.17,4.87,22.95,1
PureGlow Soaps International (Fictional Dummy Company),Global Manufacturing Head - PureGlow Soaps,United States (North America),Mexico,Mexico City,FCT023,Mexico City Soap Plant,LN0068,Line-2,2026-07-08 14:00:00,2026-07-08,14,Afternoon,Aloe Vera Liquid Soap,1.19,60.0,15.3,Changeover/Setup,44.7,71,46,2,44,3.84,95.65,64.79,74.5,86.48,61.62,3.96,26.79,2
PureGlow Soaps International (Fictional Dummy Company),Global Manufacturing Head - PureGlow Soaps,United States (North America),Mexico,Mexico City,FCT023,Mexico City Soap Plant,LN0069,Line-3,2026-07-08 14:00:00,2026-07-08,14,Afternoon,Lavender Bar Soap,1.47,60.0,23.1,Staff Shortage,36.9,88,55,2,53,2.84,96.36,62.5,61.5,101.4,60.09,5.35,9.65,1
PureGlow Soaps International (Fictional Dummy Company),Global Manufacturing Head - PureGlow Soaps,United States (North America),Mexico,Mexico City,FCT023,Mexico City Soap Plant,LN0067,Line-1,2026-07-08 15:00:00,2026-07-08,15,Afternoon,Lemon Bar Soap,1.14,60.0,27.5,Preventive Maintenance,32.5,68,34,2,32,4.53,94.12,50.0,54.17,91.77,46.79,3.29,15.72,3
PureGlow Soaps International (Fictional Dummy Company),Global Manufacturing Head - PureGlow Soaps,United States (North America),Mexico,Mexico City,FCT023,Mexico City Soap Plant,LN0068,Line-2,2026-07-08 15:00:00,2026-07-08,15,Afternoon,Aloe Vera Liquid Soap,1.19,60.0,36.0,Machine Breakdown,24.0,71,25,0,25,0.83,100.0,35.21,40.0,87.54,35.02,2.35,13.08,3
PureGlow Soaps International (Fictional Dummy Company),Global Manufacturing Head - PureGlow Soaps,United States (North America),Mexico,Mexico City,FCT023,Mexico City Soap Plant,LN0069,Line-3,2026-07-08 15:00:00,2026-07-08,15,Afternoon,Lavender Bar Soap,1.47,60.0,2.5,No Downtime,57.5,88,86,2,84,2.17,97.67,97.73,95.83,101.75,95.24,8.68,13.96,3
PureGlow Soaps International (Fictional Dummy Company),Global Manufacturing Head - PureGlow Soaps,United States (North America),Mexico,Mexico City,FCT023,Mexico City Soap Plant,LN0067,Line-1,2026-07-08 16:00:00,2026-07-08,16,Afternoon,Lemon Bar Soap,1.14,60.0,39.7,Preventive Maintenance,20.3,68,23,1,22,4.84,95.65,33.82,33.83,99.39,32.16,2.5,9.97,1
PureGlow Soaps International (Fictional Dummy Company),Global Manufacturing Head - PureGlow Soaps,United States (North America),Mexico,Mexico City,FCT023,Mexico City Soap Plant,LN0068,Line-2,2026-07-08 16:00:00,2026-07-08,16,Afternoon,Aloe Vera Liquid Soap,1.19,60.0,8.5,Staff Shortage,51.5,71,59,1,58,1.65,98.31,83.1,85.83,96.27,81.23,5.94,27.19,3
PureGlow Soaps International (Fictional Dummy Company),Global Manufacturing Head - PureGlow Soaps,United States (North America),Mexico,Mexico City,FCT023,Mexico City Soap Plant,LN0069,Line-3,2026-07-08 16:00:00,2026-07-08,16,Afternoon,Lavender Bar Soap,1.47,60.0,38.5,Machine Breakdown,21.5,88,28,1,27,2.94,96.43,31.82,35.83,88.59,30.61,2.84,5.04,3
PureGlow Soaps International (Fictional Dummy Company),Global Manufacturing Head - PureGlow Soaps,United States (North America),Mexico,Mexico City,FCT023,Mexico City Soap Plant,LN0067,Line-1,2026-07-08 17:00:00,2026-07-08,17,Afternoon,Lemon Bar Soap,1.14,60.0,17.1,Material Shortage,42.9,68,43,2,41,3.49,95.35,63.24,71.5,87.92,59.94,4.62,19.67,2
PureGlow Soaps International (Fictional Dummy Company),Global Manufacturing Head - PureGlow Soaps,United States (North America),Mexico,Mexico City,FCT023,Mexico City Soap Plant,LN0068,Line-2,2026-07-08 17:00:00,2026-07-08,17,Afternoon,Aloe Vera Liquid Soap,1.19,60.0,14.2,Machine Breakdown,45.8,71,55,1,54,1.68,98.18,77.46,76.33,100.91,75.62,5.42,24.04,1
PureGlow Soaps International (Fictional Dummy Company),Global Manufacturing Head - PureGlow Soaps,United States (North America),Mexico,Mexico City,FCT023,Mexico City Soap Plant,LN0069,Line-3,2026-07-08 17:00:00,2026-07-08,17,Afternoon,Lavender Bar Soap,1.47,60.0,19.2,Material Shortage,40.8,88,61,3,58,4.39,95.08,69.32,68.0,101.71,65.76,5.81,9.4,1
PureGlow Soaps International (Fictional Dummy Company),Global Manufacturing Head - PureGlow Soaps,United States (North America),Mexico,Mexico City,FCT023,Mexico City Soap Plant,LN0067,Line-1,2026-07-08 18:00:00,2026-07-08,18,Afternoon,Lemon Bar Soap,1.14,60.0,38.1,Preventive Maintenance,21.9,68,20,0,20,2.17,100.0,29.41,36.5,80.11,29.24,1.75,11.49,2
PureGlow Soaps International (Fictional Dummy Company),Global Manufacturing Head - PureGlow Soaps,United States (North America),Mexico,Mexico City,FCT023,Mexico City Soap Plant,LN0068,Line-2,2026-07-08 18:00:00,2026-07-08,18,Afternoon,Aloe Vera Liquid Soap,1.19,60.0,11.8,Changeover/Setup,48.2,71,47,0,47,0.79,100.0,66.2,80.33,81.94,65.82,4.15,29.0,1
PureGlow Soaps International (Fictional Dummy Company),Global Manufacturing Head - PureGlow Soaps,United States (North America),Mexico,Mexico City,FCT023,Mexico City Soap Plant,LN0069,Line-3,2026-07-08 18:00:00,2026-07-08,18,Afternoon,Lavender Bar Soap,1.47,60.0,31.2,Machine Breakdown,28.8,88,42,1,41,3.46,97.62,47.73,48.0,99.21,46.49,3.95,7.62,3
PureGlow Soaps International (Fictional Dummy Company),Global Manufacturing Head - PureGlow Soaps,United States (North America),Mexico,Mexico City,FCT023,Mexico City Soap Plant,LN0067,Line-1,2026-07-08 19:00:00,2026-07-08,19,Afternoon,Lemon Bar Soap,1.14,60.0,4.0,No Downtime,56.0,68,58,2,56,3.38,96.55,85.29,93.33,90.85,81.87,4.97,26.35,1
PureGlow Soaps International (Fictional Dummy Company),Global Manufacturing Head - PureGlow Soaps,United States (North America),Mexico,Mexico City,FCT023,Mexico City Soap Plant,LN0068,Line-2,2026-07-08 19:00:00,2026-07-08,19,Afternoon,Aloe Vera Liquid Soap,1.19,60.0,1.1,No Downtime,58.9,71,69,3,66,4.22,95.65,97.18,98.17,98.44,92.43,6.42,35.68,1
PureGlow Soaps International (Fictional Dummy Company),Global Manufacturing Head - PureGlow Soaps,United States (North America),Mexico,Mexico City,FCT023,Mexico City Soap Plant,LN0069,Line-3,2026-07-08 19:00:00,2026-07-08,19,Afternoon,Lavender Bar Soap,1.47,60.0,0.1,No Downtime,59.9,88,90,1,89,1.05,98.89,102.27,99.83,102.21,100.9,8.02,16.5,1
PureGlow Soaps International (Fictional Dummy Company),Global Manufacturing Head - PureGlow Soaps,United States (North America),Mexico,Mexico City,FCT023,Mexico City Soap Plant,LN0067,Line-1,2026-07-08 20:00:00,2026-07-08,20,Afternoon,Lemon Bar Soap,1.14,60.0,15.1,Machine Breakdown,44.9,68,49,0,49,0.0,100.0,72.06,74.83,95.73,71.63,4.18,23.84,2
PureGlow Soaps International (Fictional Dummy Company),Global Manufacturing Head - PureGlow Soaps,United States (North America),Mexico,Mexico City,FCT023,Mexico City Soap Plant,LN0068,Line-2,2026-07-08 20:00:00,2026-07-08,20,Afternoon,Aloe Vera Liquid Soap,1.19,60.0,19.6,Machine Breakdown,40.4,71,48,2,46,3.57,95.83,67.61,67.33,99.84,64.42,5.05,23.42,2
PureGlow Soaps International (Fictional Dummy Company),Global Manufacturing Head - PureGlow Soaps,United States (North America),Mexico,Mexico City,FCT023,Mexico City Soap Plant,LN0069,Line-3,2026-07-08 20:00:00,2026-07-08,20,Afternoon,Lavender Bar Soap,1.47,60.0,24.9,Material Shortage,35.1,88,48,2,46,4.34,95.83,54.55,58.5,93.03,52.15,4.7,9.22,2
PureGlow Soaps International (Fictional Dummy Company),Global Manufacturing Head - PureGlow Soaps,United States (North America),Mexico,Mexico City,FCT023,Mexico City Soap Plant,LN0067,Line-1,2026-07-08 21:00:00,2026-07-08,21,Afternoon,Lemon Bar Soap,1.14,60.0,31.7,Machine Breakdown,28.3,68,31,1,30,2.28,96.77,45.59,47.17,96.09,43.86,3.3,13.64,3
PureGlow Soaps International (Fictional Dummy Company),Global Manufacturing Head - PureGlow Soaps,United States (North America),Mexico,Mexico City,FCT023,Mexico City Soap Plant,LN0068,Line-2,2026-07-08 21:00:00,2026-07-08,21,Afternoon,Aloe Vera Liquid Soap,1.19,60.0,3.2,No Downtime,56.8,71,68,0,68,0.43,100.0,95.77,94.67,100.6,95.24,7.2,34.17,1
PureGlow Soaps International (Fictional Dummy Company),Global Manufacturing Head - PureGlow Soaps,United States (North America),Mexico,Mexico City,FCT023,Mexico City Soap Plant,LN0069,Line-3,2026-07-08 21:00:00,2026-07-08,21,Afternoon,Lavender Bar Soap,1.47,60.0,8.1,Staff Shortage,51.9,88,75,0,75,0.16,100.0,85.23,86.5,98.31,85.04,6.89,13.65,1
PureGlow Soaps International (Fictional Dummy Company),Global Manufacturing Head - PureGlow Soaps,United States (North America),Mexico,Mexico City,FCT023,Mexico City Soap Plant,LN0067,Line-1,2026-07-08 22:00:00,2026-07-08,22,Night,Lemon Bar Soap,1.14,60.0,2.1,No Downtime,57.9,68,67,3,64,4.28,95.52,98.53,96.5,101.51,93.57,6.29,30.72,2
PureGlow Soaps International (Fictional Dummy Company),Global Manufacturing Head - PureGlow Soaps,United States (North America),Mexico,Mexico City,FCT023,Mexico City Soap Plant,LN0068,Line-2,2026-07-08 22:00:00,2026-07-08,22,Night,Aloe Vera Liquid Soap,1.19,60.0,13.4,Changeover/Setup,46.6,71,47,1,46,2.37,97.87,66.2,77.67,84.75,64.42,5.09,25.5,2
PureGlow Soaps International (Fictional Dummy Company),Global Manufacturing Head - PureGlow Soaps,United States (North America),Mexico,Mexico City,FCT023,Mexico City Soap Plant,LN0069,Line-3,2026-07-08 22:00:00,2026-07-08,22,Night,Lavender Bar Soap,1.47,60.0,13.7,Quality Hold,46.3,88,56,4,52,7.29,92.86,63.64,77.17,82.28,58.96,5.82,12.8,1
PureGlow Soaps International (Fictional Dummy Company),Global Manufacturing Head - PureGlow Soaps,United States (North America),Mexico,Mexico City,FCT023,Mexico City Soap Plant,LN0067,Line-1,2026-07-08 23:00:00,2026-07-08,23,Night,Lemon Bar Soap,1.14,60.0,16.5,Material Shortage,43.5,68,44,2,42,4.24,95.45,64.71,72.5,88.73,61.4,3.98,21.33,3
PureGlow Soaps International (Fictional Dummy Company),Global Manufacturing Head - PureGlow Soaps,United States (North America),Mexico,Mexico City,FCT023,Mexico City Soap Plant,LN0068,Line-2,2026-07-08 23:00:00,2026-07-08,23,Night,Aloe Vera Liquid Soap,1.19,60.0,5.5,Changeover/Setup,54.5,71,62,3,59,4.88,95.16,87.32,90.83,95.6,82.63,5.83,31.05,1
PureGlow Soaps International (Fictional Dummy Company),Global Manufacturing Head - PureGlow Soaps,United States (North America),Mexico,Mexico City,FCT023,Mexico City Soap Plant,LN0069,Line-3,2026-07-08 23:00:00,2026-07-08,23,Night,Lavender Bar Soap,1.47,60.0,3.5,No Downtime,56.5,88,74,1,73,1.91,98.65,84.09,94.17,89.1,82.77,6.42,13.97,2
PureGlow Soaps International (Fictional Dummy Company),Global Manufacturing Head - PureGlow Soaps,United States (North America),Mexico,Mexico City,FCT023,Mexico City Soap Plant,LN0067,Line-1,2026-07-09 00:00:00,2026-07-09,0,Night,Neem Bar Soap,1.14,60.0,0.8,No Downtime,59.2,68,60,2,58,4.15,96.67,88.24,98.67,88.9,84.8,5.36,27.96,1
PureGlow Soaps International (Fictional Dummy Company),Global Manufacturing Head - PureGlow Soaps,United States (North America),Mexico,Mexico City,FCT023,Mexico City Soap Plant,LN0068,Line-2,2026-07-09 00:00:00,2026-07-09,0,Night,Charcoal Bar Soap,1.19,60.0,24.8,Material Shortage,35.2,71,42,1,41,2.83,97.62,59.15,58.67,100.27,57.43,4.01,20.44,3
PureGlow Soaps International (Fictional Dummy Company),Global Manufacturing Head - PureGlow Soaps,United States (North America),Mexico,Mexico City,FCT023,Mexico City Soap Plant,LN0069,Line-3,2026-07-09 00:00:00,2026-07-09,0,Night,Charcoal Bar Soap,1.47,60.0,14.7,Power Outage,45.3,88,62,2,60,2.99,96.77,70.45,75.5,93.11,68.03,6.14,11.95,1
PureGlow Soaps International (Fictional Dummy Company),Global Manufacturing Head - PureGlow Soaps,United States (North America),Mexico,Mexico City,FCT023,Mexico City Soap Plant,LN0067,Line-1,2026-07-09 01:00:00,2026-07-09,1,Night,Neem Bar Soap,1.14,60.0,5.5,Changeover/Setup,54.5,68,51,2,49,3.12,96.08,75.0,90.83,82.09,71.64,5.14,29.11,2
PureGlow Soaps International (Fictional Dummy Company),Global Manufacturing Head - PureGlow Soaps,United States (North America),Mexico,Mexico City,FCT023,Mexico City Soap Plant,LN0068,Line-2,2026-07-09 01:00:00,2026-07-09,1,Night,Charcoal Bar Soap,1.19,60.0,12.8,Material Shortage,47.2,71,46,1,45,1.72,97.83,64.79,78.67,81.9,63.03,4.75,28.04,1
PureGlow Soaps International (Fictional Dummy Company),Global Manufacturing Head - PureGlow Soaps,United States (North America),Mexico,Mexico City,FCT023,Mexico City Soap Plant,LN0069,Line-3,2026-07-09 01:00:00,2026-07-09,1,Night,Charcoal Bar Soap,1.47,60.0,28.8,Power Outage,31.2,88,40,1,39,3.6,97.5,45.45,52.0,87.21,44.22,3.45,7.48,3
PureGlow Soaps International (Fictional Dummy Company),Global Manufacturing Head - PureGlow Soaps,United States (North America),Mexico,Mexico City,FCT023,Mexico City Soap Plant,LN0067,Line-1,2026-07-09 02:00:00,2026-07-09,2,Night,Neem Bar Soap,1.14,60.0,26.7,Machine Breakdown,33.3,68,37,1,36,2.08,97.3,54.41,55.5,97.47,52.64,3.92,16.37,2
PureGlow Soaps International (Fictional Dummy Company),Global Manufacturing Head - PureGlow Soaps,United States (North America),Mexico,Mexico City,FCT023,Mexico City Soap Plant,LN0068,Line-2,2026-07-09 02:00:00,2026-07-09,2,Night,Charcoal Bar Soap,1.19,60.0,8.1,Quality Hold,51.9,71,63,5,58,7.58,92.06,88.73,86.5,102.01,81.23,6.64,30.07,2
PureGlow Soaps International (Fictional Dummy Company),Global Manufacturing Head - PureGlow Soaps,United States (North America),Mexico,Mexico City,FCT023,Mexico City Soap Plant,LN0069,Line-3,2026-07-09 02:00:00,2026-07-09,2,Night,Charcoal Bar Soap,1.47,60.0,2.3,No Downtime,57.7,88,79,1,78,0.72,98.73,89.77,96.17,93.14,88.44,7.19,14.65,1
PureGlow Soaps International (Fictional Dummy Company),Global Manufacturing Head - PureGlow Soaps,United States (North America),Mexico,Mexico City,FCT023,Mexico City Soap Plant,LN0067,Line-1,2026-07-09 03:00:00,2026-07-09,3,Night,Neem Bar Soap,1.14,60.0,16.5,Machine Breakdown,43.5,68,48,2,46,3.29,95.83,70.59,72.5,96.79,67.25,4.66,21.06,2
PureGlow Soaps International (Fictional Dummy Company),Global Manufacturing Head - PureGlow Soaps,United States (North America),Mexico,Mexico City,FCT023,Mexico City Soap Plant,LN0068,Line-2,2026-07-09 03:00:00,2026-07-09,3,Night,Charcoal Bar Soap,1.19,60.0,0.9,No Downtime,59.1,71,61,2,59,3.37,96.72,85.92,98.5,86.74,82.64,5.93,31.69,2
PureGlow Soaps International (Fictional Dummy Company),Global Manufacturing Head - PureGlow Soaps,United States (North America),Mexico,Mexico City,FCT023,Mexico City Soap Plant,LN0069,Line-3,2026-07-09 03:00:00,2026-07-09,3,Night,Charcoal Bar Soap,1.47,60.0,1.0,No Downtime,59.0,88,73,2,71,2.9,97.26,82.95,98.33,84.17,80.5,7.34,13.84,2
PureGlow Soaps International (Fictional Dummy Company),Global Manufacturing Head - PureGlow Soaps,United States (North America),Mexico,Mexico City,FCT023,Mexico City Soap Plant,LN0067,Line-1,2026-07-09 04:00:00,2026-07-09,4,Night,Neem Bar Soap,1.14,60.0,10.2,Machine Breakdown,49.8,68,47,2,45,4.17,95.74,69.12,83.0,82.79,65.79,4.85,24.54,1
PureGlow Soaps International (Fictional Dummy Company),Global Manufacturing Head - PureGlow Soaps,United States (North America),Mexico,Mexico City,FCT023,Mexico City Soap Plant,LN0068,Line-2,2026-07-09 04:00:00,2026-07-09,4,Night,Charcoal Bar Soap,1.19,60.0,3.1,No Downtime,56.9,71,69,1,68,1.34,98.55,97.18,94.83,101.9,95.23,5.98,32.41,1
PureGlow Soaps International (Fictional Dummy Company),Global Manufacturing Head - PureGlow Soaps,United States (North America),Mexico,Mexico City,FCT023,Mexico City Soap Plant,LN0069,Line-3,2026-07-09 04:00:00,2026-07-09,4,Night,Charcoal Bar Soap,1.47,60.0,12.3,Material Shortage,47.7,88,60,2,58,2.93,96.67,68.18,79.5,85.57,65.76,6.25,11.65,1
PureGlow Soaps International (Fictional Dummy Company),Global Manufacturing Head - PureGlow Soaps,United States (North America),Mexico,Mexico City,FCT023,Mexico City Soap Plant,LN0067,Line-1,2026-07-09 05:00:00,2026-07-09,5,Night,Neem Bar Soap,1.14,60.0,2.9,No Downtime,57.1,68,60,2,58,3.2,96.67,88.24,95.17,92.17,84.8,5.63,26.56,3
PureGlow Soaps International (Fictional Dummy Company),Global Manufacturing Head - PureGlow Soaps,United States (North America),Mexico,Mexico City,FCT023,Mexico City Soap Plant,LN0068,Line-2,2026-07-09 05:00:00,2026-07-09,5,Night,Charcoal Bar Soap,1.19,60.0,7.2,Changeover/Setup,52.8,71,58,0,58,0.54,100.0,81.69,88.0,92.31,81.23,6.35,30.66,3
PureGlow Soaps International (Fictional Dummy Company),Global Manufacturing Head - PureGlow Soaps,United States (North America),Mexico,Mexico City,FCT023,Mexico City Soap Plant,LN0069,Line-3,2026-07-09 05:00:00,2026-07-09,5,Night,Charcoal Bar Soap,1.47,60.0,19.2,Changeover/Setup,40.8,88,53,0,53,0.9,100.0,60.23,68.0,88.37,60.09,4.54,9.43,1
PureGlow Soaps International (Fictional Dummy Company),Global Manufacturing Head - PureGlow Soaps,United States (North America),Mexico,Mexico City,FCT023,Mexico City Soap Plant,LN0067,Line-1,2026-07-09 06:00:00,2026-07-09,6,Morning,Neem Bar Soap,1.14,60.0,20.6,Power Outage,39.4,68,43,2,41,4.43,95.35,63.24,65.67,95.73,59.94,4.31,19.25,3
PureGlow Soaps International (Fictional Dummy Company),Global Manufacturing Head - PureGlow Soaps,United States (North America),Mexico,Mexico City,FCT023,Mexico City Soap Plant,LN0068,Line-2,2026-07-09 06:00:00,2026-07-09,6,Morning,Charcoal Bar Soap,1.19,60.0,42.5,Machine Breakdown,17.5,71,19,1,18,2.92,94.74,26.76,29.17,91.24,25.21,1.97,9.32,2
PureGlow Soaps International (Fictional Dummy Company),Global Manufacturing Head - PureGlow Soaps,United States (North America),Mexico,Mexico City,FCT023,Mexico City Soap Plant,LN0069,Line-3,2026-07-09 06:00:00,2026-07-09,6,Morning,Charcoal Bar Soap,1.47,60.0,28.8,Preventive Maintenance,31.2,88,41,2,39,4.29,95.12,46.59,52.0,89.39,44.21,4.13,8.53,3
PureGlow Soaps International (Fictional Dummy Company),Global Manufacturing Head - PureGlow Soaps,United States (North America),Mexico,Mexico City,FCT023,Mexico City Soap Plant,LN0067,Line-1,2026-07-09 07:00:00,2026-07-09,7,Morning,Neem Bar Soap,1.14,60.0,22.3,Machine Breakdown,37.7,68,37,1,36,2.32,97.3,54.41,62.83,86.09,52.63,3.8,18.42,1
PureGlow Soaps International (Fictional Dummy Company),Global Manufacturing Head - PureGlow Soaps,United States (North America),Mexico,Mexico City,FCT023,Mexico City Soap Plant,LN0068,Line-2,2026-07-09 07:00:00,2026-07-09,7,Morning,Charcoal Bar Soap,1.19,60.0,0.3,No Downtime,59.7,71,62,2,60,3.1,96.77,87.32,99.5,87.27,84.03,6.14,31.52,3
PureGlow Soaps International (Fictional Dummy Company),Global Manufacturing Head - PureGlow Soaps,United States (North America),Mexico,Mexico City,FCT023,Mexico City Soap Plant,LN0069,Line-3,2026-07-09 07:00:00,2026-07-09,7,Morning,Charcoal Bar Soap,1.47,60.0,19.8,Material Shortage,40.2,88,50,2,48,3.93,96.0,56.82,67.0,84.61,54.42,4.89,10.38,3
PureGlow Soaps International (Fictional Dummy Company),Global Manufacturing Head - PureGlow Soaps,United States (North America),Mexico,Mexico City,FCT023,Mexico City Soap Plant,LN0067,Line-1,2026-07-09 08:00:00,2026-07-09,8,Morning,Neem Bar Soap,1.14,60.0,0.3,No Downtime,59.7,68,56,3,53,4.96,94.64,82.35,99.5,82.28,77.48,5.13,29.87,1
PureGlow Soaps International (Fictional Dummy Company),Global Manufacturing Head - PureGlow Soaps,United States (North America),Mexico,Mexico City,FCT023,Mexico City Soap Plant,LN0068,Line-2,2026-07-09 08:00:00,2026-07-09,8,Morning,Charcoal Bar Soap,1.19,60.0,1.8,No Downtime,58.2,71,65,1,64,1.27,98.46,91.55,97.0,93.85,89.63,5.99,35.46,1
PureGlow Soaps International (Fictional Dummy Company),Global Manufacturing Head - PureGlow Soaps,United States (North America),Mexico,Mexico City,FCT023,Mexico City Soap Plant,LN0069,Line-3,2026-07-09 08:00:00,2026-07-09,8,Morning,Charcoal Bar Soap,1.47,60.0,1.1,No Downtime,58.9,88,74,2,72,2.4,97.3,84.09,98.17,85.47,81.64,7.82,16.09,1
PureGlow Soaps International (Fictional Dummy Company),Global Manufacturing Head - PureGlow Soaps,United States (North America),Mexico,Mexico City,FCT023,Mexico City Soap Plant,LN0067,Line-1,2026-07-09 09:00:00,2026-07-09,9,Morning,Neem Bar Soap,1.14,60.0,0.1,No Downtime,59.9,68,55,2,53,4.49,96.36,80.88,99.83,80.54,77.48,4.93,27.83,2
PureGlow Soaps International (Fictional Dummy Company),Global Manufacturing Head - PureGlow Soaps,United States (North America),Mexico,Mexico City,FCT023,Mexico City Soap Plant,LN0068,Line-2,2026-07-09 09:00:00,2026-07-09,9,Morning,Charcoal Bar Soap,1.19,60.0,2.8,No Downtime,57.2,71,60,3,57,5.5,95.0,84.51,95.33,88.15,79.83,5.32,34.78,1
PureGlow Soaps International (Fictional Dummy Company),Global Manufacturing Head - PureGlow Soaps,United States (North America),Mexico,Mexico City,FCT023,Mexico City Soap Plant,LN0069,Line-3,2026-07-09 09:00:00,2026-07-09,9,Morning,Charcoal Bar Soap,1.47,60.0,2.8,No Downtime,57.2,88,79,2,77,2.53,97.47,89.77,95.33,93.95,87.3,7.05,15.01,3
PureGlow Soaps International (Fictional Dummy Company),Global Manufacturing Head - PureGlow Soaps,United States (North America),Mexico,Mexico City,FCT023,Mexico City Soap Plant,LN0067,Line-1,2026-07-09 10:00:00,2026-07-09,10,Morning,Neem Bar Soap,1.14,60.0,3.4,No Downtime,56.6,68,55,2,53,4.22,96.36,80.88,94.33,85.24,77.48,5.1,27.91,2
PureGlow Soaps International (Fictional Dummy Company),Global Manufacturing Head - PureGlow Soaps,United States (North America),Mexico,Mexico City,FCT023,Mexico City Soap Plant,LN0068,Line-2,2026-07-09 10:00:00,2026-07-09,10,Morning,Charcoal Bar Soap,1.19,60.0,9.4,Changeover/Setup,50.6,71,57,3,54,5.04,94.74,80.28,84.33,94.66,75.63,6.14,30.18,3
PureGlow Soaps International (Fictional Dummy Company),Global Manufacturing Head - PureGlow Soaps,United States (North America),Mexico,Mexico City,FCT023,Mexico City Soap Plant,LN0069,Line-3,2026-07-09 10:00:00,2026-07-09,10,Morning,Charcoal Bar Soap,1.47,60.0,39.1,Machine Breakdown,20.9,88,31,1,30,2.98,96.77,35.23,34.83,100.9,34.01,3.0,5.49,2
PureGlow Soaps International (Fictional Dummy Company),Global Manufacturing Head - PureGlow Soaps,United States (North America),Mexico,Mexico City,FCT023,Mexico City Soap Plant,LN0067,Line-1,2026-07-09 11:00:00,2026-07-09,11,Morning,Neem Bar Soap,1.14,60.0,13.5,Quality Hold,46.5,68,52,6,46,10.96,88.46,76.47,77.5,98.09,67.25,4.98,21.82,1
PureGlow Soaps International (Fictional Dummy Company),Global Manufacturing Head - PureGlow Soaps,United States (North America),Mexico,Mexico City,FCT023,Mexico City Soap Plant,LN0068,Line-2,2026-07-09 11:00:00,2026-07-09,11,Morning,Charcoal Bar Soap,1.19,60.0,15.6,Changeover/Setup,44.4,71,50,2,48,4.49,96.0,70.42,74.0,94.63,67.23,5.37,25.88,2
PureGlow Soaps International (Fictional Dummy Company),Global Manufacturing Head - PureGlow Soaps,United States (North America),Mexico,Mexico City,FCT023,Mexico City Soap Plant,LN0069,Line-3,2026-07-09 11:00:00,2026-07-09,11,Morning,Charcoal Bar Soap,1.47,60.0,7.2,Changeover/Setup,52.8,88,73,2,71,2.7,97.26,82.95,88.0,94.05,80.5,6.7,13.53,2
PureGlow Soaps International (Fictional Dummy Company),Global Manufacturing Head - PureGlow Soaps,United States (North America),Mexico,Mexico City,FCT023,Mexico City Soap Plant,LN0067,Line-1,2026-07-09 12:00:00,2026-07-09,12,Morning,Neem Bar Soap,1.14,60.0,3.1,No Downtime,56.9,68,64,3,61,5.45,95.31,94.12,94.83,98.66,89.17,6.52,29.7,2
PureGlow Soaps International (Fictional Dummy Company),Global Manufacturing Head - PureGlow Soaps,United States (North America),Mexico,Mexico City,FCT023,Mexico City Soap Plant,LN0068,Line-2,2026-07-09 12:00:00,2026-07-09,12,Morning,Charcoal Bar Soap,1.19,60.0,0.7,No Downtime,59.3,71,72,2,70,2.83,97.22,101.41,98.83,102.03,98.03,6.24,31.86,3
PureGlow Soaps International (Fictional Dummy Company),Global Manufacturing Head - PureGlow Soaps,United States (North America),Mexico,Mexico City,FCT023,Mexico City Soap Plant,LN0069,Line-3,2026-07-09 12:00:00,2026-07-09,12,Morning,Charcoal Bar Soap,1.47,60.0,28.7,Material Shortage,31.3,88,39,1,38,3.28,97.44,44.32,52.17,84.76,43.09,4.14,7.58,2
PureGlow Soaps International (Fictional Dummy Company),Global Manufacturing Head - PureGlow Soaps,United States (North America),Mexico,Mexico City,FCT023,Mexico City Soap Plant,LN0067,Line-1,2026-07-09 13:00:00,2026-07-09,13,Morning,Neem Bar Soap,1.14,60.0,43.3,Machine Breakdown,16.7,68,18,1,17,4.7,94.44,26.47,27.83,94.55,24.85,1.87,9.06,2
PureGlow Soaps International (Fictional Dummy Company),Global Manufacturing Head - PureGlow Soaps,United States (North America),Mexico,Mexico City,FCT023,Mexico City Soap Plant,LN0068,Line-2,2026-07-09 13:00:00,2026-07-09,13,Morning,Charcoal Bar Soap,1.19,60.0,26.3,Machine Breakdown,33.7,71,41,1,40,3.14,97.56,57.75,56.17,102.24,56.03,4.26,19.57,1
PureGlow Soaps International (Fictional Dummy Company),Global Manufacturing Head - PureGlow Soaps,United States (North America),Mexico,Mexico City,FCT023,Mexico City Soap Plant,LN0069,Line-3,2026-07-09 13:00:00,2026-07-09,13,Morning,Charcoal Bar Soap,1.47,60.0,0.2,No Downtime,59.8,88,80,2,78,3.12,97.5,90.91,99.67,91.01,88.44,7.52,16.07,3
PureGlow Soaps International (Fictional Dummy Company),Global Manufacturing Head - PureGlow Soaps,United States (North America),Mexico,Mexico City,FCT023,Mexico City Soap Plant,LN0067,Line-1,2026-07-09 14:00:00,2026-07-09,14,Afternoon,Neem Bar Soap,1.14,60.0,18.5,Material Shortage,41.5,68,42,1,41,3.16,97.62,61.76,69.17,88.78,59.95,4.46,20.04,2
PureGlow Soaps International (Fictional Dummy Company),Global Manufacturing Head - PureGlow Soaps,United States (North America),Mexico,Mexico City,FCT023,Mexico City Soap Plant,LN0068,Line-2,2026-07-09 14:00:00,2026-07-09,14,Afternoon,Charcoal Bar Soap,1.19,60.0,0.5,No Downtime,59.5,71,60,2,58,3.74,96.67,84.51,99.17,84.74,81.24,5.4,32.86,1
PureGlow Soaps International (Fictional Dummy Company),Global Manufacturing Head - PureGlow Soaps,United States (North America),Mexico,Mexico City,FCT023,Mexico City Soap Plant,LN0069,Line-3,2026-07-09 14:00:00,2026-07-09,14,Afternoon,Charcoal Bar Soap,1.47,60.0,16.4,Preventive Maintenance,43.6,88,58,1,57,2.02,98.28,65.91,72.67,90.49,64.63,5.05,10.15,3
PureGlow Soaps International (Fictional Dummy Company),Global Manufacturing Head - PureGlow Soaps,United States (North America),Mexico,Mexico City,FCT023,Mexico City Soap Plant,LN0067,Line-1,2026-07-09 15:00:00,2026-07-09,15,Afternoon,Neem Bar Soap,1.14,60.0,20.0,Preventive Maintenance,40.0,68,45,1,44,1.6,97.78,66.18,66.67,98.68,64.33,4.39,18.18,1
PureGlow Soaps International (Fictional Dummy Company),Global Manufacturing Head - PureGlow Soaps,United States (North America),Mexico,Mexico City,FCT023,Mexico City Soap Plant,LN0068,Line-2,2026-07-09 15:00:00,2026-07-09,15,Afternoon,Charcoal Bar Soap,1.19,60.0,2.1,No Downtime,57.9,71,59,2,57,3.18,96.61,83.1,96.5,85.63,79.83,6.03,33.86,2
PureGlow Soaps International (Fictional Dummy Company),Global Manufacturing Head - PureGlow Soaps,United States (North America),Mexico,Mexico City,FCT023,Mexico City Soap Plant,LN0069,Line-3,2026-07-09 15:00:00,2026-07-09,15,Afternoon,Charcoal Bar Soap,1.47,60.0,10.8,Machine Breakdown,49.2,88,73,4,69,5.18,94.52,82.95,82.0,100.93,78.23,7.7,11.34,2
PureGlow Soaps International (Fictional Dummy Company),Global Manufacturing Head - PureGlow Soaps,United States (North America),Mexico,Mexico City,FCT023,Mexico City Soap Plant,LN0067,Line-1,2026-07-09 16:00:00,2026-07-09,16,Afternoon,Neem Bar Soap,1.14,60.0,7.9,Changeover/Setup,52.1,68,52,2,50,4.11,96.15,76.47,86.83,87.55,73.09,4.44,28.06,3
PureGlow Soaps International (Fictional Dummy Company),Global Manufacturing Head - PureGlow Soaps,United States (North America),Mexico,Mexico City,FCT023,Mexico City Soap Plant,LN0068,Line-2,2026-07-09 16:00:00,2026-07-09,16,Afternoon,Charcoal Bar Soap,1.19,60.0,44.2,Machine Breakdown,15.8,71,19,1,18,2.89,94.74,26.76,26.33,101.05,25.21,1.68,8.79,3
PureGlow Soaps International (Fictional Dummy Company),Global Manufacturing Head - PureGlow Soaps,United States (North America),Mexico,Mexico City,FCT023,Mexico City Soap Plant,LN0069,Line-3,2026-07-09 16:00:00,2026-07-09,16,Afternoon,Charcoal Bar Soap,1.47,60.0,13.6,Changeover/Setup,46.4,88,57,2,55,3.41,96.49,64.77,77.33,83.57,62.36,5.9,11.56,1
PureGlow Soaps International (Fictional Dummy Company),Global Manufacturing Head - PureGlow Soaps,United States (North America),Mexico,Mexico City,FCT023,Mexico City Soap Plant,LN0067,Line-1,2026-07-09 17:00:00,2026-07-09,17,Afternoon,Neem Bar Soap,1.14,60.0,3.1,No Downtime,56.9,68,54,1,53,2.44,98.15,79.41,94.83,83.25,77.49,5.88,25.74,1
PureGlow Soaps International (Fictional Dummy Company),Global Manufacturing Head - PureGlow Soaps,United States (North America),Mexico,Mexico City,FCT023,Mexico City Soap Plant,LN0068,Line-2,2026-07-09 17:00:00,2026-07-09,17,Afternoon,Charcoal Bar Soap,1.19,60.0,8.0,Changeover/Setup,52.0,71,52,2,50,3.79,96.15,73.24,86.67,84.03,70.02,4.71,31.25,1
PureGlow Soaps International (Fictional Dummy Company),Global Manufacturing Head - PureGlow Soaps,United States (North America),Mexico,Mexico City,FCT023,Mexico City Soap Plant,LN0069,Line-3,2026-07-09 17:00:00,2026-07-09,17,Afternoon,Charcoal Bar Soap,1.47,60.0,25.6,Power Outage,34.4,88,43,1,42,3.41,97.67,48.86,57.33,85.03,47.61,4.16,7.89,2
PureGlow Soaps International (Fictional Dummy Company),Global Manufacturing Head - PureGlow Soaps,United States (North America),Mexico,Mexico City,FCT023,Mexico City Soap Plant,LN0067,Line-1,2026-07-09 18:00:00,2026-07-09,18,Afternoon,Neem Bar Soap,1.14,60.0,8.7,Quality Hold,51.3,68,54,3,51,5.67,94.44,79.41,85.5,92.34,74.56,5.01,26.38,3
PureGlow Soaps International (Fictional Dummy Company),Global Manufacturing Head - PureGlow Soaps,United States (North America),Mexico,Mexico City,FCT023,Mexico City Soap Plant,LN0068,Line-2,2026-07-09 18:00:00,2026-07-09,18,Afternoon,Charcoal Bar Soap,1.19,60.0,9.6,Changeover/Setup,50.4,71,53,1,52,2.76,98.11,74.65,84.0,88.37,72.83,5.44,28.12,3
PureGlow Soaps International (Fictional Dummy Company),Global Manufacturing Head - PureGlow Soaps,United States (North America),Mexico,Mexico City,FCT023,Mexico City Soap Plant,LN0069,Line-3,2026-07-09 18:00:00,2026-07-09,18,Afternoon,Charcoal Bar Soap,1.47,60.0,11.8,Changeover/Setup,48.2,88,61,2,59,3.2,96.72,69.32,80.33,86.09,66.89,6.06,11.41,3
PureGlow Soaps International (Fictional Dummy Company),Global Manufacturing Head - PureGlow Soaps,United States (North America),Mexico,Mexico City,FCT023,Mexico City Soap Plant,LN0067,Line-1,2026-07-09 19:00:00,2026-07-09,19,Afternoon,Neem Bar Soap,1.14,60.0,7.1,Quality Hold,52.9,68,56,5,51,8.05,91.07,82.35,88.17,92.86,74.56,4.79,28.71,3
PureGlow Soaps International (Fictional Dummy Company),Global Manufacturing Head - PureGlow Soaps,United States (North America),Mexico,Mexico City,FCT023,Mexico City Soap Plant,LN0068,Line-2,2026-07-09 19:00:00,2026-07-09,19,Afternoon,Charcoal Bar Soap,1.19,60.0,21.6,Power Outage,38.4,71,37,1,36,2.35,97.3,52.11,64.0,80.97,50.42,3.99,23.7,2
PureGlow Soaps International (Fictional Dummy Company),Global Manufacturing Head - PureGlow Soaps,United States (North America),Mexico,Mexico City,FCT023,Mexico City Soap Plant,LN0069,Line-3,2026-07-09 19:00:00,2026-07-09,19,Afternoon,Charcoal Bar Soap,1.47,60.0,20.3,Material Shortage,39.7,88,51,2,49,3.88,96.08,57.95,66.17,87.39,55.56,4.97,9.89,1
PureGlow Soaps International (Fictional Dummy Company),Global Manufacturing Head - PureGlow Soaps,United States (North America),Mexico,Mexico City,FCT023,Mexico City Soap Plant,LN0067,Line-1,2026-07-09 20:00:00,2026-07-09,20,Afternoon,Neem Bar Soap,1.14,60.0,0.5,No Downtime,59.5,68,60,0,60,0.0,100.0,88.24,99.17,88.46,87.73,6.38,31.36,1
PureGlow Soaps International (Fictional Dummy Company),Global Manufacturing Head - PureGlow Soaps,United States (North America),Mexico,Mexico City,FCT023,Mexico City Soap Plant,LN0068,Line-2,2026-07-09 20:00:00,2026-07-09,20,Afternoon,Charcoal Bar Soap,1.19,60.0,2.0,No Downtime,58.0,71,63,2,61,3.38,96.83,88.73,96.67,91.28,85.44,5.71,30.98,2
PureGlow Soaps International (Fictional Dummy Company),Global Manufacturing Head - PureGlow Soaps,United States (North America),Mexico,Mexico City,FCT023,Mexico City Soap Plant,LN0069,Line-3,2026-07-09 20:00:00,2026-07-09,20,Afternoon,Charcoal Bar Soap,1.47,60.0,0.4,No Downtime,59.6,88,72,3,69,4.17,95.83,81.82,99.33,82.18,78.23,6.83,16.36,1
PureGlow Soaps International (Fictional Dummy Company),Global Manufacturing Head - PureGlow Soaps,United States (North America),Mexico,Mexico City,FCT023,Mexico City Soap Plant,LN0067,Line-1,2026-07-09 21:00:00,2026-07-09,21,Afternoon,Neem Bar Soap,1.14,60.0,11.6,Power Outage,48.4,68,44,2,42,5.01,95.45,64.71,80.67,79.74,61.4,3.98,22.08,1
PureGlow Soaps International (Fictional Dummy Company),Global Manufacturing Head - PureGlow Soaps,United States (North America),Mexico,Mexico City,FCT023,Mexico City Soap Plant,LN0068,Line-2,2026-07-09 21:00:00,2026-07-09,21,Afternoon,Charcoal Bar Soap,1.19,60.0,2.4,No Downtime,57.6,71,64,2,62,2.91,96.88,90.14,96.0,93.37,86.84,6.56,31.88,2
PureGlow Soaps International (Fictional Dummy Company),Global Manufacturing Head - PureGlow Soaps,United States (North America),Mexico,Mexico City,FCT023,Mexico City Soap Plant,LN0069,Line-3,2026-07-09 21:00:00,2026-07-09,21,Afternoon,Charcoal Bar Soap,1.47,60.0,28.1,Material Shortage,31.9,88,38,2,36,5.96,94.74,43.18,53.17,81.04,40.82,3.74,7.81,1
PureGlow Soaps International (Fictional Dummy Company),Global Manufacturing Head - PureGlow Soaps,United States (North America),Mexico,Mexico City,FCT023,Mexico City Soap Plant,LN0067,Line-1,2026-07-09 22:00:00,2026-07-09,22,Night,Neem Bar Soap,1.14,60.0,2.1,No Downtime,57.9,68,60,2,58,2.89,96.67,88.24,96.5,90.9,84.8,5.13,31.19,1
PureGlow Soaps International (Fictional Dummy Company),Global Manufacturing Head - PureGlow Soaps,United States (North America),Mexico,Mexico City,FCT023,Mexico City Soap Plant,LN0068,Line-2,2026-07-09 22:00:00,2026-07-09,22,Night,Charcoal Bar Soap,1.19,60.0,23.9,Preventive Maintenance,36.1,71,35,1,34,2.84,97.14,49.3,60.17,81.47,47.62,3.6,22.22,1
PureGlow Soaps International (Fictional Dummy Company),Global Manufacturing Head - PureGlow Soaps,United States (North America),Mexico,Mexico City,FCT023,Mexico City Soap Plant,LN0069,Line-3,2026-07-09 22:00:00,2026-07-09,22,Night,Charcoal Bar Soap,1.47,60.0,3.0,No Downtime,57.0,88,86,2,84,2.74,97.67,97.73,95.0,102.64,95.24,8.86,13.48,3
PureGlow Soaps International (Fictional Dummy Company),Global Manufacturing Head - PureGlow Soaps,United States (North America),Mexico,Mexico City,FCT023,Mexico City Soap Plant,LN0067,Line-1,2026-07-09 23:00:00,2026-07-09,23,Night,Neem Bar Soap,1.14,60.0,22.9,Power Outage,37.1,68,40,2,38,4.2,95.0,58.82,61.83,94.58,55.55,4.17,19.72,1
PureGlow Soaps International (Fictional Dummy Company),Global Manufacturing Head - PureGlow Soaps,United States (North America),Mexico,Mexico City,FCT023,Mexico City Soap Plant,LN0068,Line-2,2026-07-09 23:00:00,2026-07-09,23,Night,Charcoal Bar Soap,1.19,60.0,2.6,No Downtime,57.4,71,61,3,58,4.5,95.08,85.92,95.67,89.3,81.23,5.4,30.7,3
PureGlow Soaps International (Fictional Dummy Company),Global Manufacturing Head - PureGlow Soaps,United States (North America),Mexico,Mexico City,FCT023,Mexico City Soap Plant,LN0069,Line-3,2026-07-09 23:00:00,2026-07-09,23,Night,Charcoal Bar Soap,1.47,60.0,22.5,Preventive Maintenance,37.5,88,57,1,56,1.62,98.25,64.77,62.5,103.4,63.49,4.99,10.35,1
PureGlow Soaps International (Fictional Dummy Company),Global Manufacturing Head - PureGlow Soaps,United States (North America),Mexico,Mexico City,FCT023,Mexico City Soap Plant,LN0067,Line-1,2026-07-10 00:00:00,2026-07-10,0,Night,Lemon Bar Soap,1.14,60.0,0.8,No Downtime,59.2,68,67,2,65,3.16,97.01,98.53,98.67,99.28,95.03,6.15,29.85,2
PureGlow Soaps International (Fictional Dummy Company),Global Manufacturing Head - PureGlow Soaps,United States (North America),Mexico,Mexico City,FCT023,Mexico City Soap Plant,LN0068,Line-2,2026-07-10 00:00:00,2026-07-10,0,Night,Coconut Bar Soap,1.19,60.0,25.8,Machine Breakdown,34.2,71,36,1,35,1.39,97.22,50.7,57.0,88.46,49.02,3.49,19.05,1
PureGlow Soaps International (Fictional Dummy Company),Global Manufacturing Head - PureGlow Soaps,United States (North America),Mexico,Mexico City,FCT023,Mexico City Soap Plant,LN0069,Line-3,2026-07-10 00:00:00,2026-07-10,0,Night,Charcoal Bar Soap,1.47,60.0,18.4,Changeover/Setup,41.6,88,63,2,61,3.26,96.83,71.59,69.33,103.02,69.16,5.5,10.39,2
PureGlow Soaps International (Fictional Dummy Company),Global Manufacturing Head - PureGlow Soaps,United States (North America),Mexico,Mexico City,FCT023,Mexico City Soap Plant,LN0067,Line-1,2026-07-10 01:00:00,2026-07-10,1,Night,Lemon Bar Soap,1.14,60.0,0.3,No Downtime,59.7,68,58,2,56,3.77,96.55,85.29,99.5,85.22,81.87,5.24,29.35,3
PureGlow Soaps International (Fictional Dummy Company),Global Manufacturing Head - PureGlow Soaps,United States (North America),Mexico,Mexico City,FCT023,Mexico City Soap Plant,LN0068,Line-2,2026-07-10 01:00:00,2026-07-10,1,Night,Coconut Bar Soap,1.19,60.0,30.4,Material Shortage,29.6,71,34,2,32,5.19,94.12,47.89,49.33,96.53,44.82,2.92,18.55,2
PureGlow Soaps International (Fictional Dummy Company),Global Manufacturing Head - PureGlow Soaps,United States (North America),Mexico,Mexico City,FCT023,Mexico City Soap Plant,LN0069,Line-3,2026-07-10 01:00:00,2026-07-10,1,Night,Charcoal Bar Soap,1.47,60.0,15.2,Changeover/Setup,44.8,88,54,2,52,3.67,96.3,61.36,74.67,82.0,58.96,5.86,10.75,1
PureGlow Soaps International (Fictional Dummy Company),Global Manufacturing Head - PureGlow Soaps,United States (North America),Mexico,Mexico City,FCT023,Mexico City Soap Plant,LN0067,Line-1,2026-07-10 02:00:00,2026-07-10,2,Night,Lemon Bar Soap,1.14,60.0,2.9,No Downtime,57.1,68,63,3,60,4.89,95.24,92.65,95.17,96.78,87.72,6.06,29.17,3
PureGlow Soaps International (Fictional Dummy Company),Global Manufacturing Head - PureGlow Soaps,United States (North America),Mexico,Mexico City,FCT023,Mexico City Soap Plant,LN0068,Line-2,2026-07-10 02:00:00,2026-07-10,2,Night,Coconut Bar Soap,1.19,60.0,18.8,Quality Hold,41.2,71,45,3,42,7.01,93.33,63.38,68.67,91.78,58.82,4.36,25.25,2
PureGlow Soaps International (Fictional Dummy Company),Global Manufacturing Head - PureGlow Soaps,United States (North America),Mexico,Mexico City,FCT023,Mexico City Soap Plant,LN0069,Line-3,2026-07-10 02:00:00,2026-07-10,2,Night,Charcoal Bar Soap,1.47,60.0,11.9,Changeover/Setup,48.1,88,69,2,67,2.68,97.1,78.41,80.17,97.59,75.97,7.28,12.89,2
PureGlow Soaps International (Fictional Dummy Company),Global Manufacturing Head - PureGlow Soaps,United States (North America),Mexico,Mexico City,FCT023,Mexico City Soap Plant,LN0067,Line-1,2026-07-10 03:00:00,2026-07-10,3,Night,Lemon Bar Soap,1.14,60.0,0.4,No Downtime,59.6,68,69,1,68,1.86,98.55,101.47,99.33,101.55,99.41,6.66,29.71,2
PureGlow Soaps International (Fictional Dummy Company),Global Manufacturing Head - PureGlow Soaps,United States (North America),Mexico,Mexico City,FCT023,Mexico City Soap Plant,LN0068,Line-2,2026-07-10 03:00:00,2026-07-10,3,Night,Coconut Bar Soap,1.19,60.0,2.9,No Downtime,57.1,71,56,2,54,2.76,96.43,78.87,95.17,82.41,75.63,6.0,33.52,3
PureGlow Soaps International (Fictional Dummy Company),Global Manufacturing Head - PureGlow Soaps,United States (North America),Mexico,Mexico City,FCT023,Mexico City Soap Plant,LN0069,Line-3,2026-07-10 03:00:00,2026-07-10,3,Night,Charcoal Bar Soap,1.47,60.0,16.8,Changeover/Setup,43.2,88,53,0,53,0.1,100.0,60.23,72.0,83.46,60.09,5.11,10.21,3
PureGlow Soaps International (Fictional Dummy Company),Global Manufacturing Head - PureGlow Soaps,United States (North America),Mexico,Mexico City,FCT023,Mexico City Soap Plant,LN0067,Line-1,2026-07-10 04:00:00,2026-07-10,4,Night,Lemon Bar Soap,1.14,60.0,16.7,Changeover/Setup,43.3,68,41,2,39,5.7,95.12,60.29,72.17,83.06,57.02,4.46,21.98,2
PureGlow Soaps International (Fictional Dummy Company),Global Manufacturing Head - PureGlow Soaps,United States (North America),Mexico,Mexico City,FCT023,Mexico City Soap Plant,LN0068,Line-2,2026-07-10 04:00:00,2026-07-10,4,Night,Coconut Bar Soap,1.19,60.0,14.9,Quality Hold,45.1,71,43,3,40,6.76,93.02,60.56,75.17,80.12,56.02,3.91,23.96,3
PureGlow Soaps International (Fictional Dummy Company),Global Manufacturing Head - PureGlow Soaps,United States (North America),Mexico,Mexico City,FCT023,Mexico City Soap Plant,LN0069,Line-3,2026-07-10 04:00:00,2026-07-10,4,Night,Charcoal Bar Soap,1.47,60.0,20.9,Power Outage,39.1,88,59,2,57,4.0,96.61,67.05,65.17,102.65,64.63,6.49,10.45,3
PureGlow Soaps International (Fictional Dummy Company),Global Manufacturing Head - PureGlow Soaps,United States (North America),Mexico,Mexico City,FCT023,Mexico City Soap Plant,LN0067,Line-1,2026-07-10 05:00:00,2026-07-10,5,Night,Lemon Bar Soap,1.14,60.0,15.0,Staff Shortage,45.0,68,46,2,44,4.07,95.65,67.65,75.0,89.67,64.33,4.56,24.03,3
PureGlow Soaps International (Fictional Dummy Company),Global Manufacturing Head - PureGlow Soaps,United States (North America),Mexico,Mexico City,FCT023,Mexico City Soap Plant,LN0068,Line-2,2026-07-10 05:00:00,2026-07-10,5,Night,Coconut Bar Soap,1.19,60.0,1.8,No Downtime,58.2,71,65,2,63,2.41,96.92,91.55,97.0,93.85,88.23,6.39,35.52,2
PureGlow Soaps International (Fictional Dummy Company),Global Manufacturing Head - PureGlow Soaps,United States (North America),Mexico,Mexico City,FCT023,Mexico City Soap Plant,LN0069,Line-3,2026-07-10 05:00:00,2026-07-10,5,Night,Charcoal Bar Soap,1.47,60.0,1.5,No Downtime,58.5,88,71,4,67,6.24,94.37,80.68,97.5,82.56,75.96,6.48,15.88,1
PureGlow Soaps International (Fictional Dummy Company),Global Manufacturing Head - PureGlow Soaps,United States (North America),Mexico,Mexico City,FCT023,Mexico City Soap Plant,LN0067,Line-1,2026-07-10 06:00:00,2026-07-10,6,Morning,Lemon Bar Soap,1.14,60.0,18.1,Staff Shortage,41.9,68,41,1,40,2.71,97.56,60.29,69.83,85.84,58.48,4.13,20.75,3
PureGlow Soaps International (Fictional Dummy Company),Global Manufacturing Head - PureGlow Soaps,United States (North America),Mexico,Mexico City,FCT023,Mexico City Soap Plant,LN0068,Line-2,2026-07-10 06:00:00,2026-07-10,6,Morning,Coconut Bar Soap,1.19,60.0,2.4,No Downtime,57.6,71,60,1,59,1.44,98.33,84.51,96.0,87.54,82.63,5.44,35.62,1
PureGlow Soaps International (Fictional Dummy Company),Global Manufacturing Head - PureGlow Soaps,United States (North America),Mexico,Mexico City,FCT023,Mexico City Soap Plant,LN0069,Line-3,2026-07-10 06:00:00,2026-07-10,6,Morning,Charcoal Bar Soap,1.47,60.0,24.2,Material Shortage,35.8,88,50,2,48,3.57,96.0,56.82,59.67,95.01,54.42,4.35,8.53,1
PureGlow Soaps International (Fictional Dummy Company),Global Manufacturing Head - PureGlow Soaps,United States (North America),Mexico,Mexico City,FCT023,Mexico City Soap Plant,LN0067,Line-1,2026-07-10 07:00:00,2026-07-10,7,Morning,Lemon Bar Soap,1.14,60.0,27.1,Material Shortage,32.9,68,33,1,32,3.64,96.97,48.53,54.83,87.99,46.78,2.86,17.71,3
PureGlow Soaps International (Fictional Dummy Company),Global Manufacturing Head - PureGlow Soaps,United States (North America),Mexico,Mexico City,FCT023,Mexico City Soap Plant,LN0068,Line-2,2026-07-10 07:00:00,2026-07-10,7,Morning,Coconut Bar Soap,1.19,60.0,31.8,Material Shortage,28.2,71,34,1,33,1.72,97.06,47.89,47.0,101.32,46.22,3.71,15.12,3
PureGlow Soaps International (Fictional Dummy Company),Global Manufacturing Head - PureGlow Soaps,United States (North America),Mexico,Mexico City,FCT023,Mexico City Soap Plant,LN0069,Line-3,2026-07-10 07:00:00,2026-07-10,7,Morning,Charcoal Bar Soap,1.47,60.0,0.2,No Downtime,59.8,88,78,3,75,3.99,96.15,88.64,99.67,88.73,85.03,7.64,15.05,1
PureGlow Soaps International (Fictional Dummy Company),Global Manufacturing Head - PureGlow Soaps,United States (North America),Mexico,Mexico City,FCT023,Mexico City Soap Plant,LN0067,Line-1,2026-07-10 08:00:00,2026-07-10,8,Morning,Lemon Bar Soap,1.14,60.0,13.8,Machine Breakdown,46.2,68,44,1,43,1.6,97.73,64.71,77.0,83.54,62.87,4.81,20.88,3
PureGlow Soaps International (Fictional Dummy Company),Global Manufacturing Head - PureGlow Soaps,United States (North America),Mexico,Mexico City,FCT023,Mexico City Soap Plant,LN0068,Line-2,2026-07-10 08:00:00,2026-07-10,8,Morning,Coconut Bar Soap,1.19,60.0,0.6,No Downtime,59.4,71,72,3,69,3.62,95.83,101.41,99.0,101.86,96.64,6.66,31.0,1
PureGlow Soaps International (Fictional Dummy Company),Global Manufacturing Head - PureGlow Soaps,United States (North America),Mexico,Mexico City,FCT023,Mexico City Soap Plant,LN0069,Line-3,2026-07-10 08:00:00,2026-07-10,8,Morning,Charcoal Bar Soap,1.47,60.0,3.5,No Downtime,56.5,88,71,2,69,3.52,97.18,80.68,94.17,85.49,78.24,6.46,13.32,1
PureGlow Soaps International (Fictional Dummy Company),Global Manufacturing Head - PureGlow Soaps,United States (North America),Mexico,Mexico City,FCT023,Mexico City Soap Plant,LN0067,Line-1,2026-07-10 09:00:00,2026-07-10,9,Morning,Lemon Bar Soap,1.14,60.0,20.9,Machine Breakdown,39.1,68,45,1,44,1.74,97.78,66.18,65.17,100.96,64.33,4.19,19.87,1
PureGlow Soaps International (Fictional Dummy Company),Global Manufacturing Head - PureGlow Soaps,United States (North America),Mexico,Mexico City,FCT023,Mexico City Soap Plant,LN0068,Line-2,2026-07-10 09:00:00,2026-07-10,9,Morning,Coconut Bar Soap,1.19,60.0,1.7,No Downtime,58.3,71,70,1,69,1.76,98.57,98.59,97.17,100.9,96.64,7.49,30.86,2
PureGlow Soaps International (Fictional Dummy Company),Global Manufacturing Head - PureGlow Soaps,United States (North America),Mexico,Mexico City,FCT023,Mexico City Soap Plant,LN0069,Line-3,2026-07-10 09:00:00,2026-07-10,9,Morning,Charcoal Bar Soap,1.47,60.0,2.6,No Downtime,57.4,88,70,1,69,1.97,98.57,79.55,95.67,82.96,78.23,6.21,14.4,3
PureGlow Soaps International (Fictional Dummy Company),Global Manufacturing Head - PureGlow Soaps,United States (North America),Mexico,Mexico City,FCT023,Mexico City Soap Plant,LN0067,Line-1,2026-07-10 10:00:00,2026-07-10,10,Morning,Lemon Bar Soap,1.14,60.0,2.8,No Downtime,57.2,68,62,0,62,0.56,100.0,91.18,95.33,95.08,90.64,6.2,29.06,2
PureGlow Soaps International (Fictional Dummy Company),Global Manufacturing Head - PureGlow Soaps,United States (North America),Mexico,Mexico City,FCT023,Mexico City Soap Plant,LN0068,Line-2,2026-07-10 10:00:00,2026-07-10,10,Morning,Coconut Bar Soap,1.19,60.0,34.2,Material Shortage,25.8,71,28,0,28,1.62,100.0,39.44,43.0,91.2,39.22,3.08,14.3,2
PureGlow Soaps International (Fictional Dummy Company),Global Manufacturing Head - PureGlow Soaps,United States (North America),Mexico,Mexico City,FCT023,Mexico City Soap Plant,LN0069,Line-3,2026-07-10 10:00:00,2026-07-10,10,Morning,Charcoal Bar Soap,1.47,60.0,34.0,Material Shortage,26.0,88,37,1,36,3.13,97.3,42.05,43.33,96.81,40.82,3.55,7.08,2
PureGlow Soaps International (Fictional Dummy Company),Global Manufacturing Head - PureGlow Soaps,United States (North America),Mexico,Mexico City,FCT023,Mexico City Soap Plant,LN0067,Line-1,2026-07-10 11:00:00,2026-07-10,11,Morning,Lemon Bar Soap,1.14,60.0,2.1,No Downtime,57.9,68,58,1,57,2.58,98.28,85.29,96.5,87.87,83.34,5.06,26.42,2
PureGlow Soaps International (Fictional Dummy Company),Global Manufacturing Head - PureGlow Soaps,United States (North America),Mexico,Mexico City,FCT023,Mexico City Soap Plant,LN0068,Line-2,2026-07-10 11:00:00,2026-07-10,11,Morning,Coconut Bar Soap,1.19,60.0,9.6,Power Outage,50.4,71,55,3,52,6.02,94.55,77.46,84.0,91.7,72.83,5.94,28.62,1
PureGlow Soaps International (Fictional Dummy Company),Global Manufacturing Head - PureGlow Soaps,United States (North America),Mexico,Mexico City,FCT023,Mexico City Soap Plant,LN0069,Line-3,2026-07-10 11:00:00,2026-07-10,11,Morning,Charcoal Bar Soap,1.47,60.0,18.5,Preventive Maintenance,41.5,88,52,2,50,3.24,96.15,59.09,69.17,85.24,56.69,4.73,11.37,1
PureGlow Soaps International (Fictional Dummy Company),Global Manufacturing Head - PureGlow Soaps,United States (North America),Mexico,Mexico City,FCT023,Mexico City Soap Plant,LN0067,Line-1,2026-07-10 12:00:00,2026-07-10,12,Morning,Lemon Bar Soap,1.14,60.0,20.4,Power Outage,39.6,68,36,1,35,2.93,97.22,52.94,66.0,79.74,51.17,3.9,18.84,1
PureGlow Soaps International (Fictional Dummy Company),Global Manufacturing Head - PureGlow Soaps,United States (North America),Mexico,Mexico City,FCT023,Mexico City Soap Plant,LN0068,Line-2,2026-07-10 12:00:00,2026-07-10,12,Morning,Coconut Bar Soap,1.19,60.0,28.5,Machine Breakdown,31.5,71,31,1,30,2.91,96.77,43.66,52.5,82.7,42.02,2.99,19.65,3
PureGlow Soaps International (Fictional Dummy Company),Global Manufacturing Head - PureGlow Soaps,United States (North America),Mexico,Mexico City,FCT023,Mexico City Soap Plant,LN0069,Line-3,2026-07-10 12:00:00,2026-07-10,12,Morning,Charcoal Bar Soap,1.47,60.0,1.2,No Downtime,58.8,88,80,3,77,3.78,96.25,90.91,98.0,92.55,87.3,8.51,15.44,1
PureGlow Soaps International (Fictional Dummy Company),Global Manufacturing Head - PureGlow Soaps,United States (North America),Mexico,Mexico City,FCT023,Mexico City Soap Plant,LN0067,Line-1,2026-07-10 13:00:00,2026-07-10,13,Morning,Lemon Bar Soap,1.14,60.0,37.0,Preventive Maintenance,23.0,68,21,1,20,3.21,95.24,30.88,38.33,80.09,29.24,1.89,10.27,1
PureGlow Soaps International (Fictional Dummy Company),Global Manufacturing Head - PureGlow Soaps,United States (North America),Mexico,Mexico City,FCT023,Mexico City Soap Plant,LN0068,Line-2,2026-07-10 13:00:00,2026-07-10,13,Morning,Coconut Bar Soap,1.19,60.0,3.6,No Downtime,56.4,71,59,2,57,3.5,96.61,83.1,94.0,87.91,79.83,5.83,34.5,2
PureGlow Soaps International (Fictional Dummy Company),Global Manufacturing Head - PureGlow Soaps,United States (North America),Mexico,Mexico City,FCT023,Mexico City Soap Plant,LN0069,Line-3,2026-07-10 13:00:00,2026-07-10,13,Morning,Charcoal Bar Soap,1.47,60.0,18.9,Power Outage,41.1,88,56,2,54,3.21,96.43,63.64,68.5,92.69,61.23,5.44,10.06,2
PureGlow Soaps International (Fictional Dummy Company),Global Manufacturing Head - PureGlow Soaps,United States (North America),Mexico,Mexico City,FCT023,Mexico City Soap Plant,LN0067,Line-1,2026-07-10 14:00:00,2026-07-10,14,Afternoon,Lemon Bar Soap,1.14,60.0,33.0,Preventive Maintenance,27.0,68,25,1,24,4.57,96.0,36.76,45.0,81.22,35.09,2.62,12.18,1
PureGlow Soaps International (Fictional Dummy Company),Global Manufacturing Head - PureGlow Soaps,United States (North America),Mexico,Mexico City,FCT023,Mexico City Soap Plant,LN0068,Line-2,2026-07-10 14:00:00,2026-07-10,14,Afternoon,Coconut Bar Soap,1.19,60.0,26.3,Material Shortage,33.7,71,35,1,34,2.4,97.14,49.3,56.17,87.28,47.62,3.02,21.13,3
PureGlow Soaps International (Fictional Dummy Company),Global Manufacturing Head - PureGlow Soaps,United States (North America),Mexico,Mexico City,FCT023,Mexico City Soap Plant,LN0069,Line-3,2026-07-10 14:00:00,2026-07-10,14,Afternoon,Charcoal Bar Soap,1.47,60.0,28.5,Machine Breakdown,31.5,88,47,1,46,2.52,97.87,53.41,52.5,101.5,52.15,4.22,7.98,1
PureGlow Soaps International (Fictional Dummy Company),Global Manufacturing Head - PureGlow Soaps,United States (North America),Mexico,Mexico City,FCT023,Mexico City Soap Plant,LN0067,Line-1,2026-07-10 15:00:00,2026-07-10,15,Afternoon,Lemon Bar Soap,1.14,60.0,14.0,Quality Hold,46.0,68,48,3,45,7.26,93.75,70.59,76.67,91.53,65.79,4.16,23.1,3
PureGlow Soaps International (Fictional Dummy Company),Global Manufacturing Head - PureGlow Soaps,United States (North America),Mexico,Mexico City,FCT023,Mexico City Soap Plant,LN0068,Line-2,2026-07-10 15:00:00,2026-07-10,15,Afternoon,Coconut Bar Soap,1.19,60.0,10.2,Material Shortage,49.8,71,53,1,52,2.65,98.11,74.65,83.0,89.43,72.82,4.91,27.68,1
PureGlow Soaps International (Fictional Dummy Company),Global Manufacturing Head - PureGlow Soaps,United States (North America),Mexico,Mexico City,FCT023,Mexico City Soap Plant,LN0069,Line-3,2026-07-10 15:00:00,2026-07-10,15,Afternoon,Charcoal Bar Soap,1.47,60.0,1.4,No Downtime,58.6,88,76,1,75,1.83,98.68,86.36,97.67,88.23,85.04,8.02,14.13,1
PureGlow Soaps International (Fictional Dummy Company),Global Manufacturing Head - PureGlow Soaps,United States (North America),Mexico,Mexico City,FCT023,Mexico City Soap Plant,LN0067,Line-1,2026-07-10 16:00:00,2026-07-10,16,Afternoon,Lemon Bar Soap,1.14,60.0,33.0,Material Shortage,27.0,68,30,0,30,1.44,100.0,44.12,45.0,97.47,43.86,3.03,12.2,3
PureGlow Soaps International (Fictional Dummy Company),Global Manufacturing Head - PureGlow Soaps,United States (North America),Mexico,Mexico City,FCT023,Mexico City Soap Plant,LN0068,Line-2,2026-07-10 16:00:00,2026-07-10,16,Afternoon,Coconut Bar Soap,1.19,60.0,0.0,No Downtime,60.0,71,71,2,69,3.31,97.18,100.0,100.0,99.44,96.64,6.3,36.61,3
PureGlow Soaps International (Fictional Dummy Company),Global Manufacturing Head - PureGlow Soaps,United States (North America),Mexico,Mexico City,FCT023,Mexico City Soap Plant,LN0069,Line-3,2026-07-10 16:00:00,2026-07-10,16,Afternoon,Charcoal Bar Soap,1.47,60.0,5.6,Power Outage,54.4,88,64,1,63,2.18,98.44,72.73,90.67,80.03,71.43,6.94,13.45,1
PureGlow Soaps International (Fictional Dummy Company),Global Manufacturing Head - PureGlow Soaps,United States (North America),Mexico,Mexico City,FCT023,Mexico City Soap Plant,LN0067,Line-1,2026-07-10 17:00:00,2026-07-10,17,Afternoon,Lemon Bar Soap,1.14,60.0,25.9,Material Shortage,34.1,68,33,1,32,3.35,96.97,48.53,56.83,84.89,46.78,3.47,17.75,3
PureGlow Soaps International (Fictional Dummy Company),Global Manufacturing Head - PureGlow Soaps,United States (North America),Mexico,Mexico City,FCT023,Mexico City Soap Plant,LN0068,Line-2,2026-07-10 17:00:00,2026-07-10,17,Afternoon,Coconut Bar Soap,1.19,60.0,38.8,Machine Breakdown,21.2,71,21,1,20,3.01,95.24,29.58,35.33,83.24,28.01,2.07,12.65,2
PureGlow Soaps International (Fictional Dummy Company),Global Manufacturing Head - PureGlow Soaps,United States (North America),Mexico,Mexico City,FCT023,Mexico City Soap Plant,LN0069,Line-3,2026-07-10 17:00:00,2026-07-10,17,Afternoon,Charcoal Bar Soap,1.47,60.0,1.0,No Downtime,59.0,88,82,3,79,3.56,96.34,93.18,98.33,94.55,89.57,8.07,16.15,2
PureGlow Soaps International (Fictional Dummy Company),Global Manufacturing Head - PureGlow Soaps,United States (North America),Mexico,Mexico City,FCT023,Mexico City Soap Plant,LN0067,Line-1,2026-07-10 18:00:00,2026-07-10,18,Afternoon,Lemon Bar Soap,1.14,60.0,0.5,No Downtime,59.5,68,67,1,66,0.94,98.51,98.53,99.17,98.78,96.5,5.8,27.33,1
PureGlow Soaps International (Fictional Dummy Company),Global Manufacturing Head - PureGlow Soaps,United States (North America),Mexico,Mexico City,FCT023,Mexico City Soap Plant,LN0068,Line-2,2026-07-10 18:00:00,2026-07-10,18,Afternoon,Coconut Bar Soap,1.19,60.0,17.6,Preventive Maintenance,42.4,71,48,2,46,3.22,95.83,67.61,70.67,95.13,64.42,4.89,23.91,3
PureGlow Soaps International (Fictional Dummy Company),Global Manufacturing Head - PureGlow Soaps,United States (North America),Mexico,Mexico City,FCT023,Mexico City Soap Plant,LN0069,Line-3,2026-07-10 18:00:00,2026-07-10,18,Afternoon,Charcoal Bar Soap,1.47,60.0,3.2,No Downtime,56.8,88,80,2,78,2.59,97.5,90.91,94.67,95.81,88.44,7.66,15.51,3
PureGlow Soaps International (Fictional Dummy Company),Global Manufacturing Head - PureGlow Soaps,United States (North America),Mexico,Mexico City,FCT023,Mexico City Soap Plant,LN0067,Line-1,2026-07-10 19:00:00,2026-07-10,19,Afternoon,Lemon Bar Soap,1.14,60.0,8.9,Quality Hold,51.1,68,50,4,46,7.49,92.0,73.53,85.17,85.83,67.25,5.27,25.0,2
PureGlow Soaps International (Fictional Dummy Company),Global Manufacturing Head - PureGlow Soaps,United States (North America),Mexico,Mexico City,FCT023,Mexico City Soap Plant,LN0068,Line-2,2026-07-10 19:00:00,2026-07-10,19,Afternoon,Coconut Bar Soap,1.19,60.0,1.2,No Downtime,58.8,71,56,2,54,3.01,96.43,78.87,98.0,80.03,75.63,5.12,31.79,3
PureGlow Soaps International (Fictional Dummy Company),Global Manufacturing Head - PureGlow Soaps,United States (North America),Mexico,Mexico City,FCT023,Mexico City Soap Plant,LN0069,Line-3,2026-07-10 19:00:00,2026-07-10,19,Afternoon,Charcoal Bar Soap,1.47,60.0,26.4,Preventive Maintenance,33.6,88,46,3,43,5.45,93.48,52.27,56.0,93.13,48.75,4.62,8.47,1
PureGlow Soaps International (Fictional Dummy Company),Global Manufacturing Head - PureGlow Soaps,United States (North America),Mexico,Mexico City,FCT023,Mexico City Soap Plant,LN0067,Line-1,2026-07-10 20:00:00,2026-07-10,20,Afternoon,Lemon Bar Soap,1.14,60.0,1.2,No Downtime,58.8,68,67,2,65,3.3,97.01,98.53,98.0,99.95,95.02,7.13,30.09,3
PureGlow Soaps International (Fictional Dummy Company),Global Manufacturing Head - PureGlow Soaps,United States (North America),Mexico,Mexico City,FCT023,Mexico City Soap Plant,LN0068,Line-2,2026-07-10 20:00:00,2026-07-10,20,Afternoon,Coconut Bar Soap,1.19,60.0,15.6,Changeover/Setup,44.4,71,45,1,44,2.6,97.78,63.38,74.0,85.17,61.63,4.47,27.02,2
PureGlow Soaps International (Fictional Dummy Company),Global Manufacturing Head - PureGlow Soaps,United States (North America),Mexico,Mexico City,FCT023,Mexico City Soap Plant,LN0069,Line-3,2026-07-10 20:00:00,2026-07-10,20,Afternoon,Charcoal Bar Soap,1.47,60.0,3.9,No Downtime,56.1,88,69,2,67,3.55,97.1,78.41,93.5,83.67,75.96,7.42,13.49,3
PureGlow Soaps International (Fictional Dummy Company),Global Manufacturing Head - PureGlow Soaps,United States (North America),Mexico,Mexico City,FCT023,Mexico City Soap Plant,LN0067,Line-1,2026-07-10 21:00:00,2026-07-10,21,Afternoon,Lemon Bar Soap,1.14,60.0,15.1,Machine Breakdown,44.9,68,51,3,48,5.59,94.12,75.0,74.83,99.64,70.18,4.43,23.26,1
PureGlow Soaps International (Fictional Dummy Company),Global Manufacturing Head - PureGlow Soaps,United States (North America),Mexico,Mexico City,FCT023,Mexico City Soap Plant,LN0068,Line-2,2026-07-10 21:00:00,2026-07-10,21,Afternoon,Coconut Bar Soap,1.19,60.0,3.6,No Downtime,56.4,71,63,3,60,4.26,95.24,88.73,94.0,93.87,84.04,6.12,30.62,2
PureGlow Soaps International (Fictional Dummy Company),Global Manufacturing Head - PureGlow Soaps,United States (North America),Mexico,Mexico City,FCT023,Mexico City Soap Plant,LN0069,Line-3,2026-07-10 21:00:00,2026-07-10,21,Afternoon,Charcoal Bar Soap,1.47,60.0,1.8,No Downtime,58.2,88,80,1,79,1.39,98.75,90.91,97.0,93.51,89.57,7.66,16.02,1
PureGlow Soaps International (Fictional Dummy Company),Global Manufacturing Head - PureGlow Soaps,United States (North America),Mexico,Mexico City,FCT023,Mexico City Soap Plant,LN0067,Line-1,2026-07-10 22:00:00,2026-07-10,22,Night,Lemon Bar Soap,1.14,60.0,0.5,No Downtime,59.5,68,55,1,54,1.61,98.18,80.88,99.17,81.09,78.95,5.73,30.7,2
PureGlow Soaps International (Fictional Dummy Company),Global Manufacturing Head - PureGlow Soaps,United States (North America),Mexico,Mexico City,FCT023,Mexico City Soap Plant,LN0068,Line-2,2026-07-10 22:00:00,2026-07-10,22,Night,Coconut Bar Soap,1.19,60.0,2.5,No Downtime,57.5,71,56,1,55,1.23,98.21,78.87,95.83,81.84,77.02,5.88,33.6,1
PureGlow Soaps International (Fictional Dummy Company),Global Manufacturing Head - PureGlow Soaps,United States (North America),Mexico,Mexico City,FCT023,Mexico City Soap Plant,LN0069,Line-3,2026-07-10 22:00:00,2026-07-10,22,Night,Charcoal Bar Soap,1.47,60.0,2.4,No Downtime,57.6,88,79,4,75,5.11,94.94,89.77,96.0,93.3,85.04,8.22,15.72,1
PureGlow Soaps International (Fictional Dummy Company),Global Manufacturing Head - PureGlow Soaps,United States (North America),Mexico,Mexico City,FCT023,Mexico City Soap Plant,LN0067,Line-1,2026-07-10 23:00:00,2026-07-10,23,Night,Lemon Bar Soap,1.14,60.0,27.1,Power Outage,32.9,68,38,1,37,2.93,97.37,55.88,54.83,101.32,54.09,3.45,17.72,2
PureGlow Soaps International (Fictional Dummy Company),Global Manufacturing Head - PureGlow Soaps,United States (North America),Mexico,Mexico City,FCT023,Mexico City Soap Plant,LN0068,Line-2,2026-07-10 23:00:00,2026-07-10,23,Night,Coconut Bar Soap,1.19,60.0,2.8,No Downtime,57.2,71,57,2,55,3.23,96.49,80.28,95.33,83.74,77.03,5.98,35.96,1
PureGlow Soaps International (Fictional Dummy Company),Global Manufacturing Head - PureGlow Soaps,United States (North America),Mexico,Mexico City,FCT023,Mexico City Soap Plant,LN0069,Line-3,2026-07-10 23:00:00,2026-07-10,23,Night,Charcoal Bar Soap,1.47,60.0,9.8,Changeover/Setup,50.2,88,67,2,65,2.96,97.01,76.14,83.67,90.79,73.69,7.03,13.83,1
