Company,Global_Head,Continent,Country,City,Factory_ID,Factory_Name,Production_Line_ID,Production_Line_Name,Timestamp,Date,Hour_of_Day,Shift,Product_SKU,Rated_Speed_Units_per_Min,Planned_Runtime_Minutes,Downtime_Minutes,Downtime_Reason,Actual_Runtime_Minutes,Planned_Target_Units,Actual_Units_Produced,Rejected_Units,Good_Units,Defect_Rate_Percent,Quality_Score_Percent,Production_Attainment_Percent,Availability_Percent,Performance_Percent,OEE_Percent,Raw_Material_Consumed_Kg,Energy_Consumed_kWh,Operator_Count
PureGlow Soaps International (Fictional Dummy Company),Global Manufacturing Head - PureGlow Soaps,United States (North America),Canada,Toronto,FCT017,Toronto Soap Plant,LN0049,Line-1,2026-07-01 00:00:00,2026-07-01,0,Night,Neem Bar Soap,0.84,60.0,19.7,Power Outage,40.3,50,28,1,27,4.55,96.43,56.0,67.17,82.71,53.57,2.66,21.33,2
PureGlow Soaps International (Fictional Dummy Company),Global Manufacturing Head - PureGlow Soaps,United States (North America),Canada,Toronto,FCT017,Toronto Soap Plant,LN0050,Line-2,2026-07-01 00:00:00,2026-07-01,0,Night,Lavender Bar Soap,0.93,60.0,2.5,No Downtime,57.5,56,52,0,52,0.93,100.0,92.86,95.83,97.24,93.19,4.63,26.36,1
PureGlow Soaps International (Fictional Dummy Company),Global Manufacturing Head - PureGlow Soaps,United States (North America),Canada,Toronto,FCT017,Toronto Soap Plant,LN0051,Line-3,2026-07-01 00:00:00,2026-07-01,0,Night,Coconut Bar Soap,0.99,60.0,6.1,Changeover/Setup,53.9,59,48,1,47,2.2,97.92,81.36,89.83,89.95,79.12,4.55,36.58,3
PureGlow Soaps International (Fictional Dummy Company),Global Manufacturing Head - PureGlow Soaps,United States (North America),Canada,Toronto,FCT017,Toronto Soap Plant,LN0049,Line-1,2026-07-01 01:00:00,2026-07-01,1,Night,Neem Bar Soap,0.84,60.0,17.3,Quality Hold,42.7,50,32,2,30,6.19,93.75,64.0,71.17,89.22,59.53,3.04,25.05,1
PureGlow Soaps International (Fictional Dummy Company),Global Manufacturing Head - PureGlow Soaps,United States (North America),Canada,Toronto,FCT017,Toronto Soap Plant,LN0050,Line-2,2026-07-01 01:00:00,2026-07-01,1,Night,Lavender Bar Soap,0.93,60.0,19.5,Staff Shortage,40.5,56,38,1,37,3.21,97.37,67.86,67.5,100.89,66.31,3.29,16.72,3
PureGlow Soaps International (Fictional Dummy Company),Global Manufacturing Head - PureGlow Soaps,United States (North America),Canada,Toronto,FCT017,Toronto Soap Plant,LN0051,Line-3,2026-07-01 01:00:00,2026-07-01,1,Night,Coconut Bar Soap,0.99,60.0,3.1,No Downtime,56.9,59,50,0,50,0.0,100.0,84.75,94.83,88.76,84.17,5.26,33.7,2
PureGlow Soaps International (Fictional Dummy Company),Global Manufacturing Head - PureGlow Soaps,United States (North America),Canada,Toronto,FCT017,Toronto Soap Plant,LN0049,Line-1,2026-07-01 02:00:00,2026-07-01,2,Night,Neem Bar Soap,0.84,60.0,9.3,Changeover/Setup,50.7,50,43,1,42,3.37,97.67,86.0,84.5,100.97,83.33,4.56,30.3,2
PureGlow Soaps International (Fictional Dummy Company),Global Manufacturing Head - PureGlow Soaps,United States (North America),Canada,Toronto,FCT017,Toronto Soap Plant,LN0050,Line-2,2026-07-01 02:00:00,2026-07-01,2,Night,Lavender Bar Soap,0.93,60.0,42.4,Machine Breakdown,17.6,56,14,1,13,3.59,92.86,25.0,29.33,85.53,23.29,1.38,8.07,2
PureGlow Soaps International (Fictional Dummy Company),Global Manufacturing Head - PureGlow Soaps,United States (North America),Canada,Toronto,FCT017,Toronto Soap Plant,LN0051,Line-3,2026-07-01 02:00:00,2026-07-01,2,Night,Coconut Bar Soap,0.99,60.0,0.4,No Downtime,59.6,59,52,2,50,4.29,96.15,88.14,99.33,88.13,84.17,5.67,40.47,2
PureGlow Soaps International (Fictional Dummy Company),Global Manufacturing Head - PureGlow Soaps,United States (North America),Canada,Toronto,FCT017,Toronto Soap Plant,LN0049,Line-1,2026-07-01 03:00:00,2026-07-01,3,Night,Neem Bar Soap,0.84,60.0,22.0,Material Shortage,38.0,50,28,1,27,3.38,96.43,56.0,63.33,87.72,53.57,3.03,20.21,3
PureGlow Soaps International (Fictional Dummy Company),Global Manufacturing Head - PureGlow Soaps,United States (North America),Canada,Toronto,FCT017,Toronto Soap Plant,LN0050,Line-2,2026-07-01 03:00:00,2026-07-01,3,Night,Lavender Bar Soap,0.93,60.0,16.7,Staff Shortage,43.3,56,37,0,37,1.06,100.0,66.07,72.17,91.88,66.31,3.26,16.72,3
PureGlow Soaps International (Fictional Dummy Company),Global Manufacturing Head - PureGlow Soaps,United States (North America),Canada,Toronto,FCT017,Toronto Soap Plant,LN0051,Line-3,2026-07-01 03:00:00,2026-07-01,3,Night,Coconut Bar Soap,0.99,60.0,28.7,Material Shortage,31.3,59,26,1,25,3.52,96.15,44.07,52.17,83.91,42.09,2.69,19.79,1
PureGlow Soaps International (Fictional Dummy Company),Global Manufacturing Head - PureGlow Soaps,United States (North America),Canada,Toronto,FCT017,Toronto Soap Plant,LN0049,Line-1,2026-07-01 04:00:00,2026-07-01,4,Night,Neem Bar Soap,0.84,60.0,2.5,No Downtime,57.5,50,43,1,42,1.83,97.67,86.0,95.83,89.03,83.33,4.39,31.78,1
PureGlow Soaps International (Fictional Dummy Company),Global Manufacturing Head - PureGlow Soaps,United States (North America),Canada,Toronto,FCT017,Toronto Soap Plant,LN0050,Line-2,2026-07-01 04:00:00,2026-07-01,4,Night,Lavender Bar Soap,0.93,60.0,3.1,No Downtime,56.9,56,43,1,42,2.26,97.67,76.79,94.83,81.26,75.26,3.74,22.47,2
PureGlow Soaps International (Fictional Dummy Company),Global Manufacturing Head - PureGlow Soaps,United States (North America),Canada,Toronto,FCT017,Toronto Soap Plant,LN0051,Line-3,2026-07-01 04:00:00,2026-07-01,4,Night,Coconut Bar Soap,0.99,60.0,12.0,Quality Hold,48.0,59,39,3,36,8.93,92.31,66.1,80.0,82.07,60.61,4.06,34.45,3
PureGlow Soaps International (Fictional Dummy Company),Global Manufacturing Head - PureGlow Soaps,United States (North America),Canada,Toronto,FCT017,Toronto Soap Plant,LN0049,Line-1,2026-07-01 05:00:00,2026-07-01,5,Night,Neem Bar Soap,0.84,60.0,14.5,Changeover/Setup,45.5,50,35,1,34,3.09,97.14,70.0,75.83,91.58,67.46,3.81,24.85,1
PureGlow Soaps International (Fictional Dummy Company),Global Manufacturing Head - PureGlow Soaps,United States (North America),Canada,Toronto,FCT017,Toronto Soap Plant,LN0050,Line-2,2026-07-01 05:00:00,2026-07-01,5,Night,Lavender Bar Soap,0.93,60.0,17.6,Changeover/Setup,42.4,56,40,1,39,1.73,97.5,71.43,70.67,101.44,69.9,3.78,17.67,1
PureGlow Soaps International (Fictional Dummy Company),Global Manufacturing Head - PureGlow Soaps,United States (North America),Canada,Toronto,FCT017,Toronto Soap Plant,LN0051,Line-3,2026-07-01 05:00:00,2026-07-01,5,Night,Coconut Bar Soap,0.99,60.0,2.0,No Downtime,58.0,59,50,1,49,2.72,98.0,84.75,96.67,87.08,82.5,4.84,39.29,2
PureGlow Soaps International (Fictional Dummy Company),Global Manufacturing Head - PureGlow Soaps,United States (North America),Canada,Toronto,FCT017,Toronto Soap Plant,LN0049,Line-1,2026-07-01 06:00:00,2026-07-01,6,Morning,Neem Bar Soap,0.84,60.0,33.8,Material Shortage,26.2,50,20,1,19,3.87,95.0,40.0,43.67,90.88,37.7,1.81,14.48,1
PureGlow Soaps International (Fictional Dummy Company),Global Manufacturing Head - PureGlow Soaps,United States (North America),Canada,Toronto,FCT017,Toronto Soap Plant,LN0050,Line-2,2026-07-01 06:00:00,2026-07-01,6,Morning,Lavender Bar Soap,0.93,60.0,0.3,No Downtime,59.7,56,51,2,49,3.31,96.08,91.07,99.5,91.86,87.82,5.43,26.1,3
PureGlow Soaps International (Fictional Dummy Company),Global Manufacturing Head - PureGlow Soaps,United States (North America),Canada,Toronto,FCT017,Toronto Soap Plant,LN0051,Line-3,2026-07-01 06:00:00,2026-07-01,6,Morning,Coconut Bar Soap,0.99,60.0,43.0,Machine Breakdown,17.0,59,15,1,14,6.11,93.33,25.42,28.33,89.13,23.57,1.34,10.03,1
PureGlow Soaps International (Fictional Dummy Company),Global Manufacturing Head - PureGlow Soaps,United States (North America),Canada,Toronto,FCT017,Toronto Soap Plant,LN0049,Line-1,2026-07-01 07:00:00,2026-07-01,7,Morning,Neem Bar Soap,0.84,60.0,20.8,Preventive Maintenance,39.2,50,30,1,29,2.5,96.67,60.0,65.33,91.11,57.54,3.25,22.47,1
PureGlow Soaps International (Fictional Dummy Company),Global Manufacturing Head - PureGlow Soaps,United States (North America),Canada,Toronto,FCT017,Toronto Soap Plant,LN0050,Line-2,2026-07-01 07:00:00,2026-07-01,7,Morning,Lavender Bar Soap,0.93,60.0,16.5,Machine Breakdown,43.5,56,33,1,32,2.74,96.97,58.93,72.5,81.57,57.35,3.46,20.1,1
PureGlow Soaps International (Fictional Dummy Company),Global Manufacturing Head - PureGlow Soaps,United States (North America),Canada,Toronto,FCT017,Toronto Soap Plant,LN0051,Line-3,2026-07-01 07:00:00,2026-07-01,7,Morning,Coconut Bar Soap,0.99,60.0,19.3,Quality Hold,40.7,59,34,3,31,8.49,91.18,57.63,67.83,84.38,52.19,3.29,27.35,1
PureGlow Soaps International (Fictional Dummy Company),Global Manufacturing Head - PureGlow Soaps,United States (North America),Canada,Toronto,FCT017,Toronto Soap Plant,LN0049,Line-1,2026-07-01 08:00:00,2026-07-01,8,Morning,Neem Bar Soap,0.84,60.0,2.6,No Downtime,57.4,50,41,2,39,3.99,95.12,82.0,95.67,85.03,77.38,3.99,32.31,1
PureGlow Soaps International (Fictional Dummy Company),Global Manufacturing Head - PureGlow Soaps,United States (North America),Canada,Toronto,FCT017,Toronto Soap Plant,LN0050,Line-2,2026-07-01 08:00:00,2026-07-01,8,Morning,Lavender Bar Soap,0.93,60.0,33.5,Machine Breakdown,26.5,56,22,1,21,4.16,95.45,39.29,44.17,89.27,37.64,2.4,10.84,2
PureGlow Soaps International (Fictional Dummy Company),Global Manufacturing Head - PureGlow Soaps,United States (North America),Canada,Toronto,FCT017,Toronto Soap Plant,LN0051,Line-3,2026-07-01 08:00:00,2026-07-01,8,Morning,Coconut Bar Soap,0.99,60.0,28.9,Material Shortage,31.1,59,31,1,30,2.93,96.77,52.54,51.83,100.69,50.5,3.05,18.34,1
PureGlow Soaps International (Fictional Dummy Company),Global Manufacturing Head - PureGlow Soaps,United States (North America),Canada,Toronto,FCT017,Toronto Soap Plant,LN0049,Line-1,2026-07-01 09:00:00,2026-07-01,9,Morning,Neem Bar Soap,0.84,60.0,19.3,Preventive Maintenance,40.7,50,33,1,32,2.86,96.97,66.0,67.83,96.53,63.49,3.23,21.48,2
PureGlow Soaps International (Fictional Dummy Company),Global Manufacturing Head - PureGlow Soaps,United States (North America),Canada,Toronto,FCT017,Toronto Soap Plant,LN0050,Line-2,2026-07-01 09:00:00,2026-07-01,9,Morning,Lavender Bar Soap,0.93,60.0,6.8,Changeover/Setup,53.2,56,42,1,41,2.09,97.62,75.0,88.67,84.89,73.48,3.85,24.23,1
PureGlow Soaps International (Fictional Dummy Company),Global Manufacturing Head - PureGlow Soaps,United States (North America),Canada,Toronto,FCT017,Toronto Soap Plant,LN0051,Line-3,2026-07-01 09:00:00,2026-07-01,9,Morning,Coconut Bar Soap,0.99,60.0,0.2,No Downtime,59.8,59,57,1,56,1.0,98.25,96.61,99.67,96.28,94.28,5.88,40.53,2
PureGlow Soaps International (Fictional Dummy Company),Global Manufacturing Head - PureGlow Soaps,United States (North America),Canada,Toronto,FCT017,Toronto Soap Plant,LN0049,Line-1,2026-07-01 10:00:00,2026-07-01,10,Morning,Neem Bar Soap,0.84,60.0,10.3,Quality Hold,49.7,50,35,3,32,7.68,91.43,70.0,82.83,83.84,63.49,3.04,25.93,3
PureGlow Soaps International (Fictional Dummy Company),Global Manufacturing Head - PureGlow Soaps,United States (North America),Canada,Toronto,FCT017,Toronto Soap Plant,LN0050,Line-2,2026-07-01 10:00:00,2026-07-01,10,Morning,Lavender Bar Soap,0.93,60.0,24.2,Material Shortage,35.8,56,33,0,33,0.43,100.0,58.93,59.67,99.12,59.14,2.97,15.94,3
PureGlow Soaps International (Fictional Dummy Company),Global Manufacturing Head - PureGlow Soaps,United States (North America),Canada,Toronto,FCT017,Toronto Soap Plant,LN0051,Line-3,2026-07-01 10:00:00,2026-07-01,10,Morning,Coconut Bar Soap,0.99,60.0,0.6,No Downtime,59.4,59,49,2,47,4.27,95.92,83.05,99.0,83.32,79.12,4.57,38.1,1
PureGlow Soaps International (Fictional Dummy Company),Global Manufacturing Head - PureGlow Soaps,United States (North America),Canada,Toronto,FCT017,Toronto Soap Plant,LN0049,Line-1,2026-07-01 11:00:00,2026-07-01,11,Morning,Neem Bar Soap,0.84,60.0,0.7,No Downtime,59.3,50,46,1,45,2.62,97.83,92.0,98.83,92.35,89.29,4.35,30.53,1
PureGlow Soaps International (Fictional Dummy Company),Global Manufacturing Head - PureGlow Soaps,United States (North America),Canada,Toronto,FCT017,Toronto Soap Plant,LN0050,Line-2,2026-07-01 11:00:00,2026-07-01,11,Morning,Lavender Bar Soap,0.93,60.0,3.5,No Downtime,56.5,56,50,2,48,4.88,96.0,89.29,94.17,95.16,86.03,4.46,23.87,3
PureGlow Soaps International (Fictional Dummy Company),Global Manufacturing Head - PureGlow Soaps,United States (North America),Canada,Toronto,FCT017,Toronto Soap Plant,LN0051,Line-3,2026-07-01 11:00:00,2026-07-01,11,Morning,Coconut Bar Soap,0.99,60.0,21.3,Machine Breakdown,38.7,59,35,1,34,2.1,97.14,59.32,64.5,91.35,57.24,3.16,24.53,1
PureGlow Soaps International (Fictional Dummy Company),Global Manufacturing Head - PureGlow Soaps,United States (North America),Canada,Toronto,FCT017,Toronto Soap Plant,LN0049,Line-1,2026-07-01 12:00:00,2026-07-01,12,Morning,Neem Bar Soap,0.84,60.0,13.6,Changeover/Setup,46.4,50,35,1,34,1.94,97.14,70.0,77.33,89.8,67.46,3.52,25.0,1
PureGlow Soaps International (Fictional Dummy Company),Global Manufacturing Head - PureGlow Soaps,United States (North America),Canada,Toronto,FCT017,Toronto Soap Plant,LN0050,Line-2,2026-07-01 12:00:00,2026-07-01,12,Morning,Lavender Bar Soap,0.93,60.0,31.0,Material Shortage,29.0,56,23,1,22,5.43,95.65,41.07,48.33,85.28,39.42,2.51,12.68,1
PureGlow Soaps International (Fictional Dummy Company),Global Manufacturing Head - PureGlow Soaps,United States (North America),Canada,Toronto,FCT017,Toronto Soap Plant,LN0051,Line-3,2026-07-01 12:00:00,2026-07-01,12,Morning,Coconut Bar Soap,0.99,60.0,0.0,No Downtime,60.0,59,54,1,53,2.33,98.15,91.53,100.0,90.91,89.23,4.93,39.8,1
PureGlow Soaps International (Fictional Dummy Company),Global Manufacturing Head - PureGlow Soaps,United States (North America),Canada,Toronto,FCT017,Toronto Soap Plant,LN0049,Line-1,2026-07-01 13:00:00,2026-07-01,13,Morning,Neem Bar Soap,0.84,60.0,29.4,Preventive Maintenance,30.6,50,22,1,21,3.59,95.45,44.0,51.0,85.59,41.66,2.05,16.63,1
PureGlow Soaps International (Fictional Dummy Company),Global Manufacturing Head - PureGlow Soaps,United States (North America),Canada,Toronto,FCT017,Toronto Soap Plant,LN0050,Line-2,2026-07-01 13:00:00,2026-07-01,13,Morning,Lavender Bar Soap,0.93,60.0,41.2,Machine Breakdown,18.8,56,18,1,17,3.32,94.44,32.14,31.33,102.95,30.46,1.73,8.25,2
PureGlow Soaps International (Fictional Dummy Company),Global Manufacturing Head - PureGlow Soaps,United States (North America),Canada,Toronto,FCT017,Toronto Soap Plant,LN0051,Line-3,2026-07-01 13:00:00,2026-07-01,13,Morning,Coconut Bar Soap,0.99,60.0,21.1,Preventive Maintenance,38.9,59,34,1,33,3.34,97.06,57.63,64.83,88.29,55.56,3.17,26.35,1
PureGlow Soaps International (Fictional Dummy Company),Global Manufacturing Head - PureGlow Soaps,United States (North America),Canada,Toronto,FCT017,Toronto Soap Plant,LN0049,Line-1,2026-07-01 14:00:00,2026-07-01,14,Afternoon,Neem Bar Soap,0.84,60.0,1.5,No Downtime,58.5,50,40,1,39,2.04,97.5,80.0,97.5,81.4,77.38,3.85,31.55,2
PureGlow Soaps International (Fictional Dummy Company),Global Manufacturing Head - PureGlow Soaps,United States (North America),Canada,Toronto,FCT017,Toronto Soap Plant,LN0050,Line-2,2026-07-01 14:00:00,2026-07-01,14,Afternoon,Lavender Bar Soap,0.93,60.0,33.3,Machine Breakdown,26.7,56,20,1,19,2.89,95.0,35.71,44.5,80.54,34.05,2.12,10.73,2
PureGlow Soaps International (Fictional Dummy Company),Global Manufacturing Head - PureGlow Soaps,United States (North America),Canada,Toronto,FCT017,Toronto Soap Plant,LN0051,Line-3,2026-07-01 14:00:00,2026-07-01,14,Afternoon,Coconut Bar Soap,0.99,60.0,37.8,Machine Breakdown,22.2,59,22,1,21,3.69,95.45,37.29,37.0,100.1,35.35,1.87,13.54,2
PureGlow Soaps International (Fictional Dummy Company),Global Manufacturing Head - PureGlow Soaps,United States (North America),Canada,Toronto,FCT017,Toronto Soap Plant,LN0049,Line-1,2026-07-01 15:00:00,2026-07-01,15,Afternoon,Neem Bar Soap,0.84,60.0,2.2,No Downtime,57.8,50,48,1,47,2.17,97.92,96.0,96.33,98.86,93.25,4.36,29.73,2
PureGlow Soaps International (Fictional Dummy Company),Global Manufacturing Head - PureGlow Soaps,United States (North America),Canada,Toronto,FCT017,Toronto Soap Plant,LN0050,Line-2,2026-07-01 15:00:00,2026-07-01,15,Afternoon,Lavender Bar Soap,0.93,60.0,29.3,Material Shortage,30.7,56,24,1,23,3.88,95.83,42.86,51.17,84.06,41.22,2.53,14.04,3
PureGlow Soaps International (Fictional Dummy Company),Global Manufacturing Head - PureGlow Soaps,United States (North America),Canada,Toronto,FCT017,Toronto Soap Plant,LN0051,Line-3,2026-07-01 15:00:00,2026-07-01,15,Afternoon,Coconut Bar Soap,0.99,60.0,10.1,Staff Shortage,49.9,59,44,1,43,2.32,97.73,74.58,83.17,89.07,72.4,3.91,30.22,3
PureGlow Soaps International (Fictional Dummy Company),Global Manufacturing Head - PureGlow Soaps,United States (North America),Canada,Toronto,FCT017,Toronto Soap Plant,LN0049,Line-1,2026-07-01 16:00:00,2026-07-01,16,Afternoon,Neem Bar Soap,0.84,60.0,2.1,No Downtime,57.9,50,47,1,46,1.07,97.87,94.0,96.5,96.64,91.27,4.5,32.98,1
PureGlow Soaps International (Fictional Dummy Company),Global Manufacturing Head - PureGlow Soaps,United States (North America),Canada,Toronto,FCT017,Toronto Soap Plant,LN0050,Line-2,2026-07-01 16:00:00,2026-07-01,16,Afternoon,Lavender Bar Soap,0.93,60.0,28.7,Machine Breakdown,31.3,56,25,0,25,0.99,100.0,44.64,52.17,85.88,44.8,2.42,14.34,2
PureGlow Soaps International (Fictional Dummy Company),Global Manufacturing Head - PureGlow Soaps,United States (North America),Canada,Toronto,FCT017,Toronto Soap Plant,LN0051,Line-3,2026-07-01 16:00:00,2026-07-01,16,Afternoon,Coconut Bar Soap,0.99,60.0,3.1,No Downtime,56.9,59,57,2,55,3.19,96.49,96.61,94.83,101.19,92.59,6.2,33.73,3
PureGlow Soaps International (Fictional Dummy Company),Global Manufacturing Head - PureGlow Soaps,United States (North America),Canada,Toronto,FCT017,Toronto Soap Plant,LN0049,Line-1,2026-07-01 17:00:00,2026-07-01,17,Afternoon,Neem Bar Soap,0.84,60.0,14.4,Material Shortage,45.6,50,36,0,36,0.0,100.0,72.0,76.0,93.98,71.42,3.64,26.72,2
PureGlow Soaps International (Fictional Dummy Company),Global Manufacturing Head - PureGlow Soaps,United States (North America),Canada,Toronto,FCT017,Toronto Soap Plant,LN0050,Line-2,2026-07-01 17:00:00,2026-07-01,17,Afternoon,Lavender Bar Soap,0.93,60.0,14.9,Changeover/Setup,45.1,56,34,1,33,3.39,97.06,60.71,75.17,81.06,59.14,3.21,18.34,1
PureGlow Soaps International (Fictional Dummy Company),Global Manufacturing Head - PureGlow Soaps,United States (North America),Canada,Toronto,FCT017,Toronto Soap Plant,LN0051,Line-3,2026-07-01 17:00:00,2026-07-01,17,Afternoon,Coconut Bar Soap,0.99,60.0,37.7,Preventive Maintenance,22.3,59,19,0,19,2.13,100.0,32.2,37.17,86.06,31.99,1.65,14.25,2
PureGlow Soaps International (Fictional Dummy Company),Global Manufacturing Head - PureGlow Soaps,United States (North America),Canada,Toronto,FCT017,Toronto Soap Plant,LN0049,Line-1,2026-07-01 18:00:00,2026-07-01,18,Afternoon,Neem Bar Soap,0.84,60.0,3.4,No Downtime,56.6,50,48,2,46,4.71,95.83,96.0,94.33,100.96,91.26,4.51,31.05,3
PureGlow Soaps International (Fictional Dummy Company),Global Manufacturing Head - PureGlow Soaps,United States (North America),Canada,Toronto,FCT017,Toronto Soap Plant,LN0050,Line-2,2026-07-01 18:00:00,2026-07-01,18,Afternoon,Lavender Bar Soap,0.93,60.0,1.8,No Downtime,58.2,56,50,2,48,3.71,96.0,89.29,97.0,92.38,86.02,4.42,24.67,2
PureGlow Soaps International (Fictional Dummy Company),Global Manufacturing Head - PureGlow Soaps,United States (North America),Canada,Toronto,FCT017,Toronto Soap Plant,LN0051,Line-3,2026-07-01 18:00:00,2026-07-01,18,Afternoon,Coconut Bar Soap,0.99,60.0,1.3,No Downtime,58.7,59,48,1,47,1.97,97.92,81.36,97.83,82.6,79.13,4.98,35.05,1
PureGlow Soaps International (Fictional Dummy Company),Global Manufacturing Head - PureGlow Soaps,United States (North America),Canada,Toronto,FCT017,Toronto Soap Plant,LN0049,Line-1,2026-07-01 19:00:00,2026-07-01,19,Afternoon,Neem Bar Soap,0.84,60.0,23.0,Machine Breakdown,37.0,50,28,1,27,3.97,96.43,56.0,61.67,90.09,53.58,2.57,20.96,2
PureGlow Soaps International (Fictional Dummy Company),Global Manufacturing Head - PureGlow Soaps,United States (North America),Canada,Toronto,FCT017,Toronto Soap Plant,LN0050,Line-2,2026-07-01 19:00:00,2026-07-01,19,Afternoon,Lavender Bar Soap,0.93,60.0,20.2,Machine Breakdown,39.8,56,37,1,36,3.41,97.3,66.07,66.33,99.96,64.51,3.99,18.49,3
PureGlow Soaps International (Fictional Dummy Company),Global Manufacturing Head - PureGlow Soaps,United States (North America),Canada,Toronto,FCT017,Toronto Soap Plant,LN0051,Line-3,2026-07-01 19:00:00,2026-07-01,19,Afternoon,Coconut Bar Soap,0.99,60.0,12.4,Staff Shortage,47.6,59,44,1,43,3.33,97.73,74.58,79.33,93.37,72.39,4.4,29.54,1
PureGlow Soaps International (Fictional Dummy Company),Global Manufacturing Head - PureGlow Soaps,United States (North America),Canada,Toronto,FCT017,Toronto Soap Plant,LN0049,Line-1,2026-07-01 20:00:00,2026-07-01,20,Afternoon,Neem Bar Soap,0.84,60.0,1.5,No Downtime,58.5,50,47,2,45,3.96,95.74,94.0,97.5,95.65,89.29,4.26,30.56,3
PureGlow Soaps International (Fictional Dummy Company),Global Manufacturing Head - PureGlow Soaps,United States (North America),Canada,Toronto,FCT017,Toronto Soap Plant,LN0050,Line-2,2026-07-01 20:00:00,2026-07-01,20,Afternoon,Lavender Bar Soap,0.93,60.0,1.0,No Downtime,59.0,56,55,1,54,2.58,98.18,98.21,98.33,100.24,96.77,4.95,25.13,1
PureGlow Soaps International (Fictional Dummy Company),Global Manufacturing Head - PureGlow Soaps,United States (North America),Canada,Toronto,FCT017,Toronto Soap Plant,LN0051,Line-3,2026-07-01 20:00:00,2026-07-01,20,Afternoon,Coconut Bar Soap,0.99,60.0,8.0,Changeover/Setup,52.0,59,47,2,45,4.52,95.74,79.66,86.67,91.3,75.76,4.43,36.8,1
PureGlow Soaps International (Fictional Dummy Company),Global Manufacturing Head - PureGlow Soaps,United States (North America),Canada,Toronto,FCT017,Toronto Soap Plant,LN0049,Line-1,2026-07-01 21:00:00,2026-07-01,21,Afternoon,Neem Bar Soap,0.84,60.0,21.3,Staff Shortage,38.7,50,31,1,30,2.66,96.77,62.0,64.5,95.36,59.52,2.71,23.03,1
PureGlow Soaps International (Fictional Dummy Company),Global Manufacturing Head - PureGlow Soaps,United States (North America),Canada,Toronto,FCT017,Toronto Soap Plant,LN0050,Line-2,2026-07-01 21:00:00,2026-07-01,21,Afternoon,Lavender Bar Soap,0.93,60.0,41.8,Machine Breakdown,18.2,56,16,1,15,3.73,93.75,28.57,30.33,94.53,26.88,1.39,7.03,2
PureGlow Soaps International (Fictional Dummy Company),Global Manufacturing Head - PureGlow Soaps,United States (North America),Canada,Toronto,FCT017,Toronto Soap Plant,LN0051,Line-3,2026-07-01 21:00:00,2026-07-01,21,Afternoon,Coconut Bar Soap,0.99,60.0,3.7,No Downtime,56.3,59,46,2,44,4.44,95.65,77.97,93.83,82.53,74.07,4.87,39.65,1
PureGlow Soaps International (Fictional Dummy Company),Global Manufacturing Head - PureGlow Soaps,United States (North America),Canada,Toronto,FCT017,Toronto Soap Plant,LN0049,Line-1,2026-07-01 22:00:00,2026-07-01,22,Night,Neem Bar Soap,0.84,60.0,3.2,No Downtime,56.8,50,41,0,41,1.02,100.0,82.0,94.67,85.93,81.35,4.41,31.47,3
PureGlow Soaps International (Fictional Dummy Company),Global Manufacturing Head - PureGlow Soaps,United States (North America),Canada,Toronto,FCT017,Toronto Soap Plant,LN0050,Line-2,2026-07-01 22:00:00,2026-07-01,22,Night,Lavender Bar Soap,0.93,60.0,3.5,No Downtime,56.5,56,53,1,52,1.76,98.11,94.64,94.17,100.87,93.19,4.66,23.53,1
PureGlow Soaps International (Fictional Dummy Company),Global Manufacturing Head - PureGlow Soaps,United States (North America),Canada,Toronto,FCT017,Toronto Soap Plant,LN0051,Line-3,2026-07-01 22:00:00,2026-07-01,22,Night,Coconut Bar Soap,0.99,60.0,3.3,No Downtime,56.7,59,54,2,52,3.19,96.3,91.53,94.5,96.2,87.55,5.7,37.78,2
PureGlow Soaps International (Fictional Dummy Company),Global Manufacturing Head - PureGlow Soaps,United States (North America),Canada,Toronto,FCT017,Toronto Soap Plant,LN0049,Line-1,2026-07-01 23:00:00,2026-07-01,23,Night,Neem Bar Soap,0.84,60.0,25.8,Power Outage,34.2,50,25,1,24,5.84,96.0,50.0,57.0,87.02,47.62,2.46,20.67,3
PureGlow Soaps International (Fictional Dummy Company),Global Manufacturing Head - PureGlow Soaps,United States (North America),Canada,Toronto,FCT017,Toronto Soap Plant,LN0050,Line-2,2026-07-01 23:00:00,2026-07-01,23,Night,Lavender Bar Soap,0.93,60.0,3.0,No Downtime,57.0,56,51,1,50,2.48,98.04,91.07,95.0,96.21,89.61,5.35,26.0,1
PureGlow Soaps International (Fictional Dummy Company),Global Manufacturing Head - PureGlow Soaps,United States (North America),Canada,Toronto,FCT017,Toronto Soap Plant,LN0051,Line-3,2026-07-01 23:00:00,2026-07-01,23,Night,Coconut Bar Soap,0.99,60.0,28.6,Preventive Maintenance,31.4,59,25,1,24,3.58,96.0,42.37,52.33,80.42,40.4,2.43,21.92,2
PureGlow Soaps International (Fictional Dummy Company),Global Manufacturing Head - PureGlow Soaps,United States (North America),Canada,Toronto,FCT017,Toronto Soap Plant,LN0049,Line-1,2026-07-02 00:00:00,2026-07-02,0,Night,Sandalwood Bar Soap,0.84,60.0,16.5,Quality Hold,43.5,50,37,3,34,7.21,91.89,74.0,72.5,101.26,67.46,4.03,23.08,1
PureGlow Soaps International (Fictional Dummy Company),Global Manufacturing Head - PureGlow Soaps,United States (North America),Canada,Toronto,FCT017,Toronto Soap Plant,LN0050,Line-2,2026-07-02 00:00:00,2026-07-02,0,Night,Coconut Bar Soap,0.93,60.0,12.1,Machine Breakdown,47.9,56,45,1,44,2.19,97.78,80.36,79.83,101.02,78.85,4.52,20.04,3
PureGlow Soaps International (Fictional Dummy Company),Global Manufacturing Head - PureGlow Soaps,United States (North America),Canada,Toronto,FCT017,Toronto Soap Plant,LN0051,Line-3,2026-07-02 00:00:00,2026-07-02,0,Night,Lemon Bar Soap,0.99,60.0,15.3,Material Shortage,44.7,59,36,1,35,3.5,97.22,61.02,74.5,81.35,58.92,3.29,31.87,3
PureGlow Soaps International (Fictional Dummy Company),Global Manufacturing Head - PureGlow Soaps,United States (North America),Canada,Toronto,FCT017,Toronto Soap Plant,LN0049,Line-1,2026-07-02 01:00:00,2026-07-02,1,Night,Sandalwood Bar Soap,0.84,60.0,8.6,Quality Hold,51.4,50,36,2,34,5.79,94.44,72.0,85.67,83.38,67.46,3.72,28.52,3
PureGlow Soaps International (Fictional Dummy Company),Global Manufacturing Head - PureGlow Soaps,United States (North America),Canada,Toronto,FCT017,Toronto Soap Plant,LN0050,Line-2,2026-07-02 01:00:00,2026-07-02,1,Night,Coconut Bar Soap,0.93,60.0,2.6,No Downtime,57.4,56,52,0,52,0.4,100.0,92.86,95.67,97.41,93.19,5.38,24.33,3
PureGlow Soaps International (Fictional Dummy Company),Global Manufacturing Head - PureGlow Soaps,United States (North America),Canada,Toronto,FCT017,Toronto Soap Plant,LN0051,Line-3,2026-07-02 01:00:00,2026-07-02,1,Night,Lemon Bar Soap,0.99,60.0,4.0,No Downtime,56.0,59,45,2,43,5.49,95.56,76.27,93.33,81.17,72.39,4.7,35.08,1
PureGlow Soaps International (Fictional Dummy Company),Global Manufacturing Head - PureGlow Soaps,United States (North America),Canada,Toronto,FCT017,Toronto Soap Plant,LN0049,Line-1,2026-07-02 02:00:00,2026-07-02,2,Night,Sandalwood Bar Soap,0.84,60.0,14.3,Machine Breakdown,45.7,50,33,1,32,3.9,96.97,66.0,76.17,85.96,63.49,2.89,23.57,3
PureGlow Soaps International (Fictional Dummy Company),Global Manufacturing Head - PureGlow Soaps,United States (North America),Canada,Toronto,FCT017,Toronto Soap Plant,LN0050,Line-2,2026-07-02 02:00:00,2026-07-02,2,Night,Coconut Bar Soap,0.93,60.0,6.5,Changeover/Setup,53.5,56,51,2,49,3.9,96.08,91.07,89.17,102.5,87.82,5.41,22.84,3
PureGlow Soaps International (Fictional Dummy Company),Global Manufacturing Head - PureGlow Soaps,United States (North America),Canada,Toronto,FCT017,Toronto Soap Plant,LN0051,Line-3,2026-07-02 02:00:00,2026-07-02,2,Night,Lemon Bar Soap,0.99,60.0,11.5,Changeover/Setup,48.5,59,48,1,47,3.03,97.92,81.36,80.83,99.97,79.12,4.48,34.79,3
PureGlow Soaps International (Fictional Dummy Company),Global Manufacturing Head - PureGlow Soaps,United States (North America),Canada,Toronto,FCT017,Toronto Soap Plant,LN0049,Line-1,2026-07-02 03:00:00,2026-07-02,3,Night,Sandalwood Bar Soap,0.84,60.0,16.7,Power Outage,43.3,50,30,1,29,3.31,96.67,60.0,72.17,82.48,57.54,3.01,21.96,1
PureGlow Soaps International (Fictional Dummy Company),Global Manufacturing Head - PureGlow Soaps,United States (North America),Canada,Toronto,FCT017,Toronto Soap Plant,LN0050,Line-2,2026-07-02 03:00:00,2026-07-02,3,Night,Coconut Bar Soap,0.93,60.0,17.7,Changeover/Setup,42.3,56,39,1,38,2.91,97.44,69.64,70.5,99.14,68.1,3.79,17.27,2
PureGlow Soaps International (Fictional Dummy Company),Global Manufacturing Head - PureGlow Soaps,United States (North America),Canada,Toronto,FCT017,Toronto Soap Plant,LN0051,Line-3,2026-07-02 03:00:00,2026-07-02,3,Night,Lemon Bar Soap,0.99,60.0,5.6,Power Outage,54.4,59,55,1,54,1.61,98.18,93.22,90.67,102.12,90.91,5.14,36.41,3
PureGlow Soaps International (Fictional Dummy Company),Global Manufacturing Head - PureGlow Soaps,United States (North America),Canada,Toronto,FCT017,Toronto Soap Plant,LN0049,Line-1,2026-07-02 04:00:00,2026-07-02,4,Night,Sandalwood Bar Soap,0.84,60.0,29.3,Preventive Maintenance,30.7,50,21,1,20,4.25,95.24,42.0,51.17,81.43,39.68,1.9,16.8,3
PureGlow Soaps International (Fictional Dummy Company),Global Manufacturing Head - PureGlow Soaps,United States (North America),Canada,Toronto,FCT017,Toronto Soap Plant,LN0050,Line-2,2026-07-02 04:00:00,2026-07-02,4,Night,Coconut Bar Soap,0.93,60.0,20.0,Staff Shortage,40.0,56,36,1,35,1.56,97.22,64.29,66.67,96.77,62.72,3.35,18.15,2
PureGlow Soaps International (Fictional Dummy Company),Global Manufacturing Head - PureGlow Soaps,United States (North America),Canada,Toronto,FCT017,Toronto Soap Plant,LN0051,Line-3,2026-07-02 04:00:00,2026-07-02,4,Night,Lemon Bar Soap,0.99,60.0,15.3,Material Shortage,44.7,59,44,2,42,3.41,95.45,74.58,74.5,99.43,70.7,4.42,27.65,3
PureGlow Soaps International (Fictional Dummy Company),Global Manufacturing Head - PureGlow Soaps,United States (North America),Canada,Toronto,FCT017,Toronto Soap Plant,LN0049,Line-1,2026-07-02 05:00:00,2026-07-02,5,Night,Sandalwood Bar Soap,0.84,60.0,1.7,No Downtime,58.3,50,48,2,46,3.6,95.83,96.0,97.17,98.02,91.27,4.18,33.29,2
PureGlow Soaps International (Fictional Dummy Company),Global Manufacturing Head - PureGlow Soaps,United States (North America),Canada,Toronto,FCT017,Toronto Soap Plant,LN0050,Line-2,2026-07-02 05:00:00,2026-07-02,5,Night,Coconut Bar Soap,0.93,60.0,1.8,No Downtime,58.2,56,54,1,53,2.38,98.15,96.43,97.0,99.77,94.99,5.39,24.16,1
PureGlow Soaps International (Fictional Dummy Company),Global Manufacturing Head - PureGlow Soaps,United States (North America),Canada,Toronto,FCT017,Toronto Soap Plant,LN0051,Line-3,2026-07-02 05:00:00,2026-07-02,5,Night,Lemon Bar Soap,0.99,60.0,15.1,Staff Shortage,44.9,59,44,2,42,5.65,95.45,74.58,74.83,98.99,70.7,4.79,29.26,2
PureGlow Soaps International (Fictional Dummy Company),Global Manufacturing Head - PureGlow Soaps,United States (North America),Canada,Toronto,FCT017,Toronto Soap Plant,LN0049,Line-1,2026-07-02 06:00:00,2026-07-02,6,Morning,Sandalwood Bar Soap,0.84,60.0,32.0,Machine Breakdown,28.0,50,21,1,20,4.12,95.24,42.0,46.67,89.29,39.69,2.19,15.45,3
PureGlow Soaps International (Fictional Dummy Company),Global Manufacturing Head - PureGlow Soaps,United States (North America),Canada,Toronto,FCT017,Toronto Soap Plant,LN0050,Line-2,2026-07-02 06:00:00,2026-07-02,6,Morning,Coconut Bar Soap,0.93,60.0,10.1,Quality Hold,49.9,56,42,3,39,6.56,92.86,75.0,83.17,90.5,69.89,3.88,20.99,3
PureGlow Soaps International (Fictional Dummy Company),Global Manufacturing Head - PureGlow Soaps,United States (North America),Canada,Toronto,FCT017,Toronto Soap Plant,LN0051,Line-3,2026-07-02 06:00:00,2026-07-02,6,Morning,Lemon Bar Soap,0.99,60.0,3.4,No Downtime,56.6,59,56,0,56,0.0,100.0,94.92,94.33,99.94,94.27,5.91,37.37,3
PureGlow Soaps International (Fictional Dummy Company),Global Manufacturing Head - PureGlow Soaps,United States (North America),Canada,Toronto,FCT017,Toronto Soap Plant,LN0049,Line-1,2026-07-02 07:00:00,2026-07-02,7,Morning,Sandalwood Bar Soap,0.84,60.0,14.5,Staff Shortage,45.5,50,39,1,38,1.79,97.44,78.0,75.83,102.04,75.4,3.36,25.27,3
PureGlow Soaps International (Fictional Dummy Company),Global Manufacturing Head - PureGlow Soaps,United States (North America),Canada,Toronto,FCT017,Toronto Soap Plant,LN0050,Line-2,2026-07-02 07:00:00,2026-07-02,7,Morning,Coconut Bar Soap,0.93,60.0,3.6,No Downtime,56.4,56,47,1,46,1.76,97.87,83.93,94.0,89.61,82.44,4.13,24.57,3
PureGlow Soaps International (Fictional Dummy Company),Global Manufacturing Head - PureGlow Soaps,United States (North America),Canada,Toronto,FCT017,Toronto Soap Plant,LN0051,Line-3,2026-07-02 07:00:00,2026-07-02,7,Morning,Lemon Bar Soap,0.99,60.0,26.6,Machine Breakdown,33.4,59,32,1,31,3.39,96.88,54.24,55.67,96.78,52.2,3.03,21.2,2
PureGlow Soaps International (Fictional Dummy Company),Global Manufacturing Head - PureGlow Soaps,United States (North America),Canada,Toronto,FCT017,Toronto Soap Plant,LN0049,Line-1,2026-07-02 08:00:00,2026-07-02,8,Morning,Sandalwood Bar Soap,0.84,60.0,5.0,Changeover/Setup,55.0,50,46,2,44,3.81,95.65,92.0,91.67,99.57,87.31,4.75,30.23,3
PureGlow Soaps International (Fictional Dummy Company),Global Manufacturing Head - PureGlow Soaps,United States (North America),Canada,Toronto,FCT017,Toronto Soap Plant,LN0050,Line-2,2026-07-02 08:00:00,2026-07-02,8,Morning,Coconut Bar Soap,0.93,60.0,0.3,No Downtime,59.7,56,57,2,55,3.34,96.49,101.79,99.5,102.66,98.56,5.38,23.3,3
PureGlow Soaps International (Fictional Dummy Company),Global Manufacturing Head - PureGlow Soaps,United States (North America),Canada,Toronto,FCT017,Toronto Soap Plant,LN0051,Line-3,2026-07-02 08:00:00,2026-07-02,8,Morning,Lemon Bar Soap,0.99,60.0,20.3,Material Shortage,39.7,59,39,0,39,1.08,100.0,66.1,66.17,99.23,65.66,4.15,26.88,3
PureGlow Soaps International (Fictional Dummy Company),Global Manufacturing Head - PureGlow Soaps,United States (North America),Canada,Toronto,FCT017,Toronto Soap Plant,LN0049,Line-1,2026-07-02 09:00:00,2026-07-02,9,Morning,Sandalwood Bar Soap,0.84,60.0,33.7,Material Shortage,26.3,50,22,1,21,3.86,95.45,44.0,43.83,99.58,41.66,2.38,14.82,3
PureGlow Soaps International (Fictional Dummy Company),Global Manufacturing Head - PureGlow Soaps,United States (North America),Canada,Toronto,FCT017,Toronto Soap Plant,LN0050,Line-2,2026-07-02 09:00:00,2026-07-02,9,Morning,Coconut Bar Soap,0.93,60.0,2.1,No Downtime,57.9,56,50,2,48,3.27,96.0,89.29,96.5,92.86,86.03,5.08,24.2,1
PureGlow Soaps International (Fictional Dummy Company),Global Manufacturing Head - PureGlow Soaps,United States (North America),Canada,Toronto,FCT017,Toronto Soap Plant,LN0051,Line-3,2026-07-02 09:00:00,2026-07-02,9,Morning,Lemon Bar Soap,0.99,60.0,34.6,Preventive Maintenance,25.4,59,20,1,19,3.66,95.0,33.9,42.33,79.54,31.99,1.84,16.8,1
PureGlow Soaps International (Fictional Dummy Company),Global Manufacturing Head - PureGlow Soaps,United States (North America),Canada,Toronto,FCT017,Toronto Soap Plant,LN0049,Line-1,2026-07-02 10:00:00,2026-07-02,10,Morning,Sandalwood Bar Soap,0.84,60.0,34.0,Preventive Maintenance,26.0,50,18,1,17,3.56,94.44,36.0,43.33,82.42,33.73,1.9,14.95,3
PureGlow Soaps International (Fictional Dummy Company),Global Manufacturing Head - PureGlow Soaps,United States (North America),Canada,Toronto,FCT017,Toronto Soap Plant,LN0050,Line-2,2026-07-02 10:00:00,2026-07-02,10,Morning,Coconut Bar Soap,0.93,60.0,0.2,No Downtime,59.8,56,49,1,48,1.48,97.96,87.5,99.67,88.11,86.03,4.97,22.91,2
PureGlow Soaps International (Fictional Dummy Company),Global Manufacturing Head - PureGlow Soaps,United States (North America),Canada,Toronto,FCT017,Toronto Soap Plant,LN0051,Line-3,2026-07-02 10:00:00,2026-07-02,10,Morning,Lemon Bar Soap,0.99,60.0,1.4,No Downtime,58.6,59,54,2,52,3.31,96.3,91.53,97.67,93.08,87.55,5.24,39.38,1
PureGlow Soaps International (Fictional Dummy Company),Global Manufacturing Head - PureGlow Soaps,United States (North America),Canada,Toronto,FCT017,Toronto Soap Plant,LN0049,Line-1,2026-07-02 11:00:00,2026-07-02,11,Morning,Sandalwood Bar Soap,0.84,60.0,2.8,No Downtime,57.2,50,45,1,44,1.61,97.78,90.0,95.33,93.66,87.3,4.67,29.36,2
PureGlow Soaps International (Fictional Dummy Company),Global Manufacturing Head - PureGlow Soaps,United States (North America),Canada,Toronto,FCT017,Toronto Soap Plant,LN0050,Line-2,2026-07-02 11:00:00,2026-07-02,11,Morning,Coconut Bar Soap,0.93,60.0,28.5,Power Outage,31.5,56,24,1,23,3.69,95.83,42.86,52.5,81.93,41.22,2.15,13.68,3
PureGlow Soaps International (Fictional Dummy Company),Global Manufacturing Head - PureGlow Soaps,United States (North America),Canada,Toronto,FCT017,Toronto Soap Plant,LN0051,Line-3,2026-07-02 11:00:00,2026-07-02,11,Morning,Lemon Bar Soap,0.99,60.0,13.5,Power Outage,46.5,59,47,2,45,4.74,95.74,79.66,77.5,102.1,75.76,4.53,28.57,2
PureGlow Soaps International (Fictional Dummy Company),Global Manufacturing Head - PureGlow Soaps,United States (North America),Canada,Toronto,FCT017,Toronto Soap Plant,LN0049,Line-1,2026-07-02 12:00:00,2026-07-02,12,Morning,Sandalwood Bar Soap,0.84,60.0,3.7,No Downtime,56.3,50,42,2,40,3.96,95.24,84.0,93.83,88.81,79.36,4.25,30.5,2
PureGlow Soaps International (Fictional Dummy Company),Global Manufacturing Head - PureGlow Soaps,United States (North America),Canada,Toronto,FCT017,Toronto Soap Plant,LN0050,Line-2,2026-07-02 12:00:00,2026-07-02,12,Morning,Coconut Bar Soap,0.93,60.0,14.2,Material Shortage,45.8,56,39,2,37,5.03,94.87,69.64,76.33,91.56,66.3,3.35,21.27,1
PureGlow Soaps International (Fictional Dummy Company),Global Manufacturing Head - PureGlow Soaps,United States (North America),Canada,Toronto,FCT017,Toronto Soap Plant,LN0051,Line-3,2026-07-02 12:00:00,2026-07-02,12,Morning,Lemon Bar Soap,0.99,60.0,3.8,No Downtime,56.2,59,54,2,52,3.06,96.3,91.53,93.67,97.06,87.55,5.44,39.49,2
PureGlow Soaps International (Fictional Dummy Company),Global Manufacturing Head - PureGlow Soaps,United States (North America),Canada,Toronto,FCT017,Toronto Soap Plant,LN0049,Line-1,2026-07-02 13:00:00,2026-07-02,13,Morning,Sandalwood Bar Soap,0.84,60.0,5.8,Changeover/Setup,54.2,50,39,2,37,5.87,94.87,78.0,90.33,85.66,73.41,4.25,32.87,2
PureGlow Soaps International (Fictional Dummy Company),Global Manufacturing Head - PureGlow Soaps,United States (North America),Canada,Toronto,FCT017,Toronto Soap Plant,LN0050,Line-2,2026-07-02 13:00:00,2026-07-02,13,Morning,Coconut Bar Soap,0.93,60.0,12.7,Changeover/Setup,47.3,56,39,0,39,0.88,100.0,69.64,78.83,88.66,69.89,4.0,20.97,1
PureGlow Soaps International (Fictional Dummy Company),Global Manufacturing Head - PureGlow Soaps,United States (North America),Canada,Toronto,FCT017,Toronto Soap Plant,LN0051,Line-3,2026-07-02 13:00:00,2026-07-02,13,Morning,Lemon Bar Soap,0.99,60.0,5.7,Changeover/Setup,54.3,59,44,2,42,4.24,95.45,74.58,90.5,81.85,70.7,4.23,38.42,2
PureGlow Soaps International (Fictional Dummy Company),Global Manufacturing Head - PureGlow Soaps,United States (North America),Canada,Toronto,FCT017,Toronto Soap Plant,LN0049,Line-1,2026-07-02 14:00:00,2026-07-02,14,Afternoon,Sandalwood Bar Soap,0.84,60.0,15.2,Machine Breakdown,44.8,50,31,1,30,1.95,96.77,62.0,74.67,82.38,59.53,3.15,23.15,2
PureGlow Soaps International (Fictional Dummy Company),Global Manufacturing Head - PureGlow Soaps,United States (North America),Canada,Toronto,FCT017,Toronto Soap Plant,LN0050,Line-2,2026-07-02 14:00:00,2026-07-02,14,Afternoon,Coconut Bar Soap,0.93,60.0,12.7,Changeover/Setup,47.3,56,36,1,35,1.42,97.22,64.29,78.83,81.84,62.72,3.13,18.75,1
PureGlow Soaps International (Fictional Dummy Company),Global Manufacturing Head - PureGlow Soaps,United States (North America),Canada,Toronto,FCT017,Toronto Soap Plant,LN0051,Line-3,2026-07-02 14:00:00,2026-07-02,14,Afternoon,Lemon Bar Soap,0.99,60.0,38.6,Machine Breakdown,21.4,59,20,1,19,2.87,95.0,33.9,35.67,94.4,31.99,2.07,13.99,3
PureGlow Soaps International (Fictional Dummy Company),Global Manufacturing Head - PureGlow Soaps,United States (North America),Canada,Toronto,FCT017,Toronto Soap Plant,LN0049,Line-1,2026-07-02 15:00:00,2026-07-02,15,Afternoon,Sandalwood Bar Soap,0.84,60.0,39.7,Preventive Maintenance,20.3,50,14,1,13,4.67,92.86,28.0,33.83,82.1,25.79,1.24,11.16,1
PureGlow Soaps International (Fictional Dummy Company),Global Manufacturing Head - PureGlow Soaps,United States (North America),Canada,Toronto,FCT017,Toronto Soap Plant,LN0050,Line-2,2026-07-02 15:00:00,2026-07-02,15,Afternoon,Coconut Bar Soap,0.93,60.0,3.6,No Downtime,56.4,56,45,2,43,4.98,95.56,80.36,94.0,85.79,77.06,4.64,25.96,2
PureGlow Soaps International (Fictional Dummy Company),Global Manufacturing Head - PureGlow Soaps,United States (North America),Canada,Toronto,FCT017,Toronto Soap Plant,LN0051,Line-3,2026-07-02 15:00:00,2026-07-02,15,Afternoon,Lemon Bar Soap,0.99,60.0,24.4,Preventive Maintenance,35.6,59,35,1,34,2.97,97.14,59.32,59.33,99.31,57.24,3.57,25.32,3
PureGlow Soaps International (Fictional Dummy Company),Global Manufacturing Head - PureGlow Soaps,United States (North America),Canada,Toronto,FCT017,Toronto Soap Plant,LN0049,Line-1,2026-07-02 16:00:00,2026-07-02,16,Afternoon,Sandalwood Bar Soap,0.84,60.0,2.5,No Downtime,57.5,50,45,2,43,4.93,95.56,90.0,95.83,93.17,85.32,4.24,31.73,1
PureGlow Soaps International (Fictional Dummy Company),Global Manufacturing Head - PureGlow Soaps,United States (North America),Canada,Toronto,FCT017,Toronto Soap Plant,LN0050,Line-2,2026-07-02 16:00:00,2026-07-02,16,Afternoon,Coconut Bar Soap,0.93,60.0,14.2,Machine Breakdown,45.8,56,40,0,40,0.85,100.0,71.43,76.33,93.91,71.68,3.74,20.29,3
PureGlow Soaps International (Fictional Dummy Company),Global Manufacturing Head - PureGlow Soaps,United States (North America),Canada,Toronto,FCT017,Toronto Soap Plant,LN0051,Line-3,2026-07-02 16:00:00,2026-07-02,16,Afternoon,Lemon Bar Soap,0.99,60.0,23.4,Machine Breakdown,36.6,59,31,1,30,3.98,96.77,52.54,61.0,85.56,50.51,3.03,23.75,1
PureGlow Soaps International (Fictional Dummy Company),Global Manufacturing Head - PureGlow Soaps,United States (North America),Canada,Toronto,FCT017,Toronto Soap Plant,LN0049,Line-1,2026-07-02 17:00:00,2026-07-02,17,Afternoon,Sandalwood Bar Soap,0.84,60.0,22.6,Machine Breakdown,37.4,50,26,1,25,3.31,96.15,52.0,62.33,82.76,49.6,2.34,18.79,1
PureGlow Soaps International (Fictional Dummy Company),Global Manufacturing Head - PureGlow Soaps,United States (North America),Canada,Toronto,FCT017,Toronto Soap Plant,LN0050,Line-2,2026-07-02 17:00:00,2026-07-02,17,Afternoon,Coconut Bar Soap,0.93,60.0,2.3,No Downtime,57.7,56,44,0,44,0.78,100.0,78.57,96.17,82.0,78.86,4.56,22.56,1
PureGlow Soaps International (Fictional Dummy Company),Global Manufacturing Head - PureGlow Soaps,United States (North America),Canada,Toronto,FCT017,Toronto Soap Plant,LN0051,Line-3,2026-07-02 17:00:00,2026-07-02,17,Afternoon,Lemon Bar Soap,0.99,60.0,0.6,No Downtime,59.4,59,57,0,57,0.03,100.0,96.61,99.0,96.93,95.96,4.92,42.75,2
PureGlow Soaps International (Fictional Dummy Company),Global Manufacturing Head - PureGlow Soaps,United States (North America),Canada,Toronto,FCT017,Toronto Soap Plant,LN0049,Line-1,2026-07-02 18:00:00,2026-07-02,18,Afternoon,Sandalwood Bar Soap,0.84,60.0,3.8,No Downtime,56.2,50,40,1,39,2.62,97.5,80.0,93.67,84.73,77.38,3.47,28.66,2
PureGlow Soaps International (Fictional Dummy Company),Global Manufacturing Head - PureGlow Soaps,United States (North America),Canada,Toronto,FCT017,Toronto Soap Plant,LN0050,Line-2,2026-07-02 18:00:00,2026-07-02,18,Afternoon,Coconut Bar Soap,0.93,60.0,11.8,Changeover/Setup,48.2,56,39,2,37,4.51,94.87,69.64,80.33,87.0,66.3,4.24,20.29,3
PureGlow Soaps International (Fictional Dummy Company),Global Manufacturing Head - PureGlow Soaps,United States (North America),Canada,Toronto,FCT017,Toronto Soap Plant,LN0051,Line-3,2026-07-02 18:00:00,2026-07-02,18,Afternoon,Lemon Bar Soap,0.99,60.0,21.9,Machine Breakdown,38.1,59,35,2,33,4.89,94.29,59.32,63.5,92.79,55.56,3.15,24.59,1
PureGlow Soaps International (Fictional Dummy Company),Global Manufacturing Head - PureGlow Soaps,United States (North America),Canada,Toronto,FCT017,Toronto Soap Plant,LN0049,Line-1,2026-07-02 19:00:00,2026-07-02,19,Afternoon,Sandalwood Bar Soap,0.84,60.0,6.0,Changeover/Setup,54.0,50,40,1,39,2.71,97.5,80.0,90.0,88.18,77.38,3.59,28.32,3
PureGlow Soaps International (Fictional Dummy Company),Global Manufacturing Head - PureGlow Soaps,United States (North America),Canada,Toronto,FCT017,Toronto Soap Plant,LN0050,Line-2,2026-07-02 19:00:00,2026-07-02,19,Afternoon,Coconut Bar Soap,0.93,60.0,3.4,No Downtime,56.6,56,51,0,51,0.62,100.0,91.07,94.33,96.89,91.4,4.78,24.94,2
PureGlow Soaps International (Fictional Dummy Company),Global Manufacturing Head - PureGlow Soaps,United States (North America),Canada,Toronto,FCT017,Toronto Soap Plant,LN0051,Line-3,2026-07-02 19:00:00,2026-07-02,19,Afternoon,Lemon Bar Soap,0.99,60.0,0.5,No Downtime,59.5,59,47,2,45,4.45,95.74,79.66,99.17,79.79,75.76,4.14,41.01,3
PureGlow Soaps International (Fictional Dummy Company),Global Manufacturing Head - PureGlow Soaps,United States (North America),Canada,Toronto,FCT017,Toronto Soap Plant,LN0049,Line-1,2026-07-02 20:00:00,2026-07-02,20,Afternoon,Sandalwood Bar Soap,0.84,60.0,38.2,Machine Breakdown,21.8,50,18,0,18,1.95,100.0,36.0,36.33,98.3,35.71,1.81,12.75,3
PureGlow Soaps International (Fictional Dummy Company),Global Manufacturing Head - PureGlow Soaps,United States (North America),Canada,Toronto,FCT017,Toronto Soap Plant,LN0050,Line-2,2026-07-02 20:00:00,2026-07-02,20,Afternoon,Coconut Bar Soap,0.93,60.0,7.3,Changeover/Setup,52.7,56,41,1,40,2.16,97.56,73.21,87.83,83.65,71.68,3.96,21.53,2
PureGlow Soaps International (Fictional Dummy Company),Global Manufacturing Head - PureGlow Soaps,United States (North America),Canada,Toronto,FCT017,Toronto Soap Plant,LN0051,Line-3,2026-07-02 20:00:00,2026-07-02,20,Afternoon,Lemon Bar Soap,0.99,60.0,2.9,No Downtime,57.1,59,51,3,48,4.95,94.12,86.44,95.17,90.22,80.81,5.02,40.91,1
PureGlow Soaps International (Fictional Dummy Company),Global Manufacturing Head - PureGlow Soaps,United States (North America),Canada,Toronto,FCT017,Toronto Soap Plant,LN0049,Line-1,2026-07-02 21:00:00,2026-07-02,21,Afternoon,Sandalwood Bar Soap,0.84,60.0,7.0,Power Outage,53.0,50,44,2,42,4.89,95.45,88.0,88.33,98.83,83.32,4.57,28.21,2
PureGlow Soaps International (Fictional Dummy Company),Global Manufacturing Head - PureGlow Soaps,United States (North America),Canada,Toronto,FCT017,Toronto Soap Plant,LN0050,Line-2,2026-07-02 21:00:00,2026-07-02,21,Afternoon,Coconut Bar Soap,0.93,60.0,32.5,Material Shortage,27.5,56,25,1,24,2.49,96.0,44.64,45.83,97.75,43.01,2.16,10.77,3
PureGlow Soaps International (Fictional Dummy Company),Global Manufacturing Head - PureGlow Soaps,United States (North America),Canada,Toronto,FCT017,Toronto Soap Plant,LN0051,Line-3,2026-07-02 21:00:00,2026-07-02,21,Afternoon,Lemon Bar Soap,0.99,60.0,7.6,Changeover/Setup,52.4,59,43,1,42,2.61,97.67,72.88,87.33,82.89,70.7,4.41,36.59,1
PureGlow Soaps International (Fictional Dummy Company),Global Manufacturing Head - PureGlow Soaps,United States (North America),Canada,Toronto,FCT017,Toronto Soap Plant,LN0049,Line-1,2026-07-02 22:00:00,2026-07-02,22,Night,Sandalwood Bar Soap,0.84,60.0,22.1,Preventive Maintenance,37.9,50,30,1,29,2.17,96.67,60.0,63.17,94.23,57.54,3.01,21.99,1
PureGlow Soaps International (Fictional Dummy Company),Global Manufacturing Head - PureGlow Soaps,United States (North America),Canada,Toronto,FCT017,Toronto Soap Plant,LN0050,Line-2,2026-07-02 22:00:00,2026-07-02,22,Night,Coconut Bar Soap,0.93,60.0,1.3,No Downtime,58.7,56,56,2,54,3.9,96.43,100.0,97.83,102.58,96.77,5.34,24.74,3
PureGlow Soaps International (Fictional Dummy Company),Global Manufacturing Head - PureGlow Soaps,United States (North America),Canada,Toronto,FCT017,Toronto Soap Plant,LN0051,Line-3,2026-07-02 22:00:00,2026-07-02,22,Night,Lemon Bar Soap,0.99,60.0,27.0,Machine Breakdown,33.0,59,32,1,31,4.32,96.88,54.24,55.0,97.95,52.19,2.75,19.74,1
PureGlow Soaps International (Fictional Dummy Company),Global Manufacturing Head - PureGlow Soaps,United States (North America),Canada,Toronto,FCT017,Toronto Soap Plant,LN0049,Line-1,2026-07-02 23:00:00,2026-07-02,23,Night,Sandalwood Bar Soap,0.84,60.0,2.4,No Downtime,57.6,50,44,2,42,3.45,95.45,88.0,96.0,90.94,83.33,4.7,31.2,1
PureGlow Soaps International (Fictional Dummy Company),Global Manufacturing Head - PureGlow Soaps,United States (North America),Canada,Toronto,FCT017,Toronto Soap Plant,LN0050,Line-2,2026-07-02 23:00:00,2026-07-02,23,Night,Coconut Bar Soap,0.93,60.0,14.8,Material Shortage,45.2,56,36,1,35,1.77,97.22,64.29,75.33,85.64,62.72,3.85,18.52,3
PureGlow Soaps International (Fictional Dummy Company),Global Manufacturing Head - PureGlow Soaps,United States (North America),Canada,Toronto,FCT017,Toronto Soap Plant,LN0051,Line-3,2026-07-02 23:00:00,2026-07-02,23,Night,Lemon Bar Soap,0.99,60.0,21.3,Material Shortage,38.7,59,38,1,37,1.57,97.37,64.41,64.5,99.18,62.29,3.8,26.68,2
PureGlow Soaps International (Fictional Dummy Company),Global Manufacturing Head - PureGlow Soaps,United States (North America),Canada,Toronto,FCT017,Toronto Soap Plant,LN0049,Line-1,2026-07-03 00:00:00,2026-07-03,0,Night,Charcoal Bar Soap,0.84,60.0,3.1,No Downtime,56.9,50,49,2,47,3.57,95.92,98.0,94.83,102.52,93.25,4.91,29.75,2
PureGlow Soaps International (Fictional Dummy Company),Global Manufacturing Head - PureGlow Soaps,United States (North America),Canada,Toronto,FCT017,Toronto Soap Plant,LN0050,Line-2,2026-07-03 00:00:00,2026-07-03,0,Night,Charcoal Bar Soap,0.93,60.0,1.6,No Downtime,58.4,56,44,1,43,2.65,97.73,78.57,97.33,81.01,77.06,4.41,25.41,3
PureGlow Soaps International (Fictional Dummy Company),Global Manufacturing Head - PureGlow Soaps,United States (North America),Canada,Toronto,FCT017,Toronto Soap Plant,LN0051,Line-3,2026-07-03 00:00:00,2026-07-03,0,Night,Charcoal Bar Soap,0.99,60.0,25.7,Machine Breakdown,34.3,59,27,1,26,2.83,96.3,45.76,57.17,79.51,43.77,2.47,22.68,3
PureGlow Soaps International (Fictional Dummy Company),Global Manufacturing Head - PureGlow Soaps,United States (North America),Canada,Toronto,FCT017,Toronto Soap Plant,LN0049,Line-1,2026-07-03 01:00:00,2026-07-03,1,Night,Charcoal Bar Soap,0.84,60.0,7.3,Changeover/Setup,52.7,50,38,2,36,4.74,94.74,76.0,87.83,85.84,71.43,3.79,27.68,2
PureGlow Soaps International (Fictional Dummy Company),Global Manufacturing Head - PureGlow Soaps,United States (North America),Canada,Toronto,FCT017,Toronto Soap Plant,LN0050,Line-2,2026-07-03 01:00:00,2026-07-03,1,Night,Charcoal Bar Soap,0.93,60.0,1.5,No Downtime,58.5,56,46,2,44,4.5,95.65,82.14,97.5,84.55,78.85,4.44,23.68,3
PureGlow Soaps International (Fictional Dummy Company),Global Manufacturing Head - PureGlow Soaps,United States (North America),Canada,Toronto,FCT017,Toronto Soap Plant,LN0051,Line-3,2026-07-03 01:00:00,2026-07-03,1,Night,Charcoal Bar Soap,0.99,60.0,18.1,Material Shortage,41.9,59,38,1,37,1.58,97.37,64.41,69.83,91.61,62.29,4.08,29.44,1
PureGlow Soaps International (Fictional Dummy Company),Global Manufacturing Head - PureGlow Soaps,United States (North America),Canada,Toronto,FCT017,Toronto Soap Plant,LN0049,Line-1,2026-07-03 02:00:00,2026-07-03,2,Night,Charcoal Bar Soap,0.84,60.0,3.6,No Downtime,56.4,50,48,1,47,3.04,97.92,96.0,94.0,101.32,93.26,4.26,32.34,2
PureGlow Soaps International (Fictional Dummy Company),Global Manufacturing Head - PureGlow Soaps,United States (North America),Canada,Toronto,FCT017,Toronto Soap Plant,LN0050,Line-2,2026-07-03 02:00:00,2026-07-03,2,Night,Charcoal Bar Soap,0.93,60.0,1.1,No Downtime,58.9,56,47,2,45,4.1,95.74,83.93,98.17,85.8,80.64,4.69,24.09,2
PureGlow Soaps International (Fictional Dummy Company),Global Manufacturing Head - PureGlow Soaps,United States (North America),Canada,Toronto,FCT017,Toronto Soap Plant,LN0051,Line-3,2026-07-03 02:00:00,2026-07-03,2,Night,Charcoal Bar Soap,0.99,60.0,17.8,Preventive Maintenance,42.2,59,42,1,41,2.37,97.62,71.19,70.33,100.53,69.02,4.08,25.11,2
PureGlow Soaps International (Fictional Dummy Company),Global Manufacturing Head - PureGlow Soaps,United States (North America),Canada,Toronto,FCT017,Toronto Soap Plant,LN0049,Line-1,2026-07-03 03:00:00,2026-07-03,3,Night,Charcoal Bar Soap,0.84,60.0,5.8,Power Outage,54.2,50,40,1,39,3.27,97.5,80.0,90.33,87.86,77.38,3.83,28.54,1
PureGlow Soaps International (Fictional Dummy Company),Global Manufacturing Head - PureGlow Soaps,United States (North America),Canada,Toronto,FCT017,Toronto Soap Plant,LN0050,Line-2,2026-07-03 03:00:00,2026-07-03,3,Night,Charcoal Bar Soap,0.93,60.0,20.5,Machine Breakdown,39.5,56,34,1,33,3.86,97.06,60.71,65.83,92.55,59.13,3.61,17.72,3
PureGlow Soaps International (Fictional Dummy Company),Global Manufacturing Head - PureGlow Soaps,United States (North America),Canada,Toronto,FCT017,Toronto Soap Plant,LN0051,Line-3,2026-07-03 03:00:00,2026-07-03,3,Night,Charcoal Bar Soap,0.99,60.0,16.9,Power Outage,43.1,59,39,2,37,4.61,94.87,66.1,71.83,91.4,62.28,4.22,28.75,3
PureGlow Soaps International (Fictional Dummy Company),Global Manufacturing Head - PureGlow Soaps,United States (North America),Canada,Toronto,FCT017,Toronto Soap Plant,LN0049,Line-1,2026-07-03 04:00:00,2026-07-03,4,Night,Charcoal Bar Soap,0.84,60.0,6.0,Power Outage,54.0,50,39,1,38,1.65,97.44,78.0,90.0,85.98,75.4,3.57,32.71,2
PureGlow Soaps International (Fictional Dummy Company),Global Manufacturing Head - PureGlow Soaps,United States (North America),Canada,Toronto,FCT017,Toronto Soap Plant,LN0050,Line-2,2026-07-03 04:00:00,2026-07-03,4,Night,Charcoal Bar Soap,0.93,60.0,12.8,Changeover/Setup,47.2,56,37,2,35,5.5,94.59,66.07,78.67,84.29,62.72,3.5,21.6,1
PureGlow Soaps International (Fictional Dummy Company),Global Manufacturing Head - PureGlow Soaps,United States (North America),Canada,Toronto,FCT017,Toronto Soap Plant,LN0051,Line-3,2026-07-03 04:00:00,2026-07-03,4,Night,Charcoal Bar Soap,0.99,60.0,2.9,No Downtime,57.1,59,52,1,51,2.0,98.08,88.14,95.17,91.99,85.87,5.21,37.44,1
PureGlow Soaps International (Fictional Dummy Company),Global Manufacturing Head - PureGlow Soaps,United States (North America),Canada,Toronto,FCT017,Toronto Soap Plant,LN0049,Line-1,2026-07-03 05:00:00,2026-07-03,5,Night,Charcoal Bar Soap,0.84,60.0,18.9,Changeover/Setup,41.1,50,36,2,34,4.28,94.44,72.0,68.5,104.28,67.46,3.87,24.92,1
PureGlow Soaps International (Fictional Dummy Company),Global Manufacturing Head - PureGlow Soaps,United States (North America),Canada,Toronto,FCT017,Toronto Soap Plant,LN0050,Line-2,2026-07-03 05:00:00,2026-07-03,5,Night,Charcoal Bar Soap,0.93,60.0,20.6,Power Outage,39.4,56,33,1,32,3.38,96.97,58.93,65.67,90.06,57.35,2.95,18.36,3
PureGlow Soaps International (Fictional Dummy Company),Global Manufacturing Head - PureGlow Soaps,United States (North America),Canada,Toronto,FCT017,Toronto Soap Plant,LN0051,Line-3,2026-07-03 05:00:00,2026-07-03,5,Night,Charcoal Bar Soap,0.99,60.0,5.3,Changeover/Setup,54.7,59,50,2,48,3.47,96.0,84.75,91.17,92.33,80.81,4.3,32.35,1
PureGlow Soaps International (Fictional Dummy Company),Global Manufacturing Head - PureGlow Soaps,United States (North America),Canada,Toronto,FCT017,Toronto Soap Plant,LN0049,Line-1,2026-07-03 06:00:00,2026-07-03,6,Morning,Charcoal Bar Soap,0.84,60.0,21.9,Power Outage,38.1,50,31,0,31,1.02,100.0,62.0,63.5,96.86,61.51,2.86,19.83,3
PureGlow Soaps International (Fictional Dummy Company),Global Manufacturing Head - PureGlow Soaps,United States (North America),Canada,Toronto,FCT017,Toronto Soap Plant,LN0050,Line-2,2026-07-03 06:00:00,2026-07-03,6,Morning,Charcoal Bar Soap,0.93,60.0,3.1,No Downtime,56.9,56,50,2,48,3.8,96.0,89.29,94.83,94.49,86.02,4.59,25.92,2
PureGlow Soaps International (Fictional Dummy Company),Global Manufacturing Head - PureGlow Soaps,United States (North America),Canada,Toronto,FCT017,Toronto Soap Plant,LN0051,Line-3,2026-07-03 06:00:00,2026-07-03,6,Morning,Charcoal Bar Soap,0.99,60.0,13.0,Staff Shortage,47.0,59,38,2,36,3.96,94.74,64.41,78.33,81.67,60.61,3.68,28.79,2
PureGlow Soaps International (Fictional Dummy Company),Global Manufacturing Head - PureGlow Soaps,United States (North America),Canada,Toronto,FCT017,Toronto Soap Plant,LN0049,Line-1,2026-07-03 07:00:00,2026-07-03,7,Morning,Charcoal Bar Soap,0.84,60.0,1.6,No Downtime,58.4,50,40,1,39,2.45,97.5,80.0,97.33,81.54,77.38,4.24,35.38,2
PureGlow Soaps International (Fictional Dummy Company),Global Manufacturing Head - PureGlow Soaps,United States (North America),Canada,Toronto,FCT017,Toronto Soap Plant,LN0050,Line-2,2026-07-03 07:00:00,2026-07-03,7,Morning,Charcoal Bar Soap,0.93,60.0,18.7,Power Outage,41.3,56,39,1,38,2.9,97.44,69.64,68.83,101.54,68.1,3.69,17.52,3
PureGlow Soaps International (Fictional Dummy Company),Global Manufacturing Head - PureGlow Soaps,United States (North America),Canada,Toronto,FCT017,Toronto Soap Plant,LN0051,Line-3,2026-07-03 07:00:00,2026-07-03,7,Morning,Charcoal Bar Soap,0.99,60.0,2.2,No Downtime,57.8,59,54,1,53,1.28,98.15,91.53,96.33,94.37,89.22,5.8,34.78,2
PureGlow Soaps International (Fictional Dummy Company),Global Manufacturing Head - PureGlow Soaps,United States (North America),Canada,Toronto,FCT017,Toronto Soap Plant,LN0049,Line-1,2026-07-03 08:00:00,2026-07-03,8,Morning,Charcoal Bar Soap,0.84,60.0,0.6,No Downtime,59.4,50,47,2,45,4.53,95.74,94.0,99.0,94.2,89.29,4.91,33.36,2
PureGlow Soaps International (Fictional Dummy Company),Global Manufacturing Head - PureGlow Soaps,United States (North America),Canada,Toronto,FCT017,Toronto Soap Plant,LN0050,Line-2,2026-07-03 08:00:00,2026-07-03,8,Morning,Charcoal Bar Soap,0.93,60.0,35.2,Machine Breakdown,24.8,56,22,1,21,4.12,95.45,39.29,41.33,95.39,37.63,2.1,10.15,3
PureGlow Soaps International (Fictional Dummy Company),Global Manufacturing Head - PureGlow Soaps,United States (North America),Canada,Toronto,FCT017,Toronto Soap Plant,LN0051,Line-3,2026-07-03 08:00:00,2026-07-03,8,Morning,Charcoal Bar Soap,0.99,60.0,13.7,Changeover/Setup,46.3,59,39,1,38,1.82,97.44,66.1,77.17,85.08,63.98,3.74,28.9,2
PureGlow Soaps International (Fictional Dummy Company),Global Manufacturing Head - PureGlow Soaps,United States (North America),Canada,Toronto,FCT017,Toronto Soap Plant,LN0049,Line-1,2026-07-03 09:00:00,2026-07-03,9,Morning,Charcoal Bar Soap,0.84,60.0,31.4,Machine Breakdown,28.6,50,24,1,23,3.86,95.83,48.0,47.67,99.9,45.64,2.14,15.59,3
PureGlow Soaps International (Fictional Dummy Company),Global Manufacturing Head - PureGlow Soaps,United States (North America),Canada,Toronto,FCT017,Toronto Soap Plant,LN0050,Line-2,2026-07-03 09:00:00,2026-07-03,9,Morning,Charcoal Bar Soap,0.93,60.0,1.7,No Downtime,58.3,56,47,2,45,4.91,95.74,83.93,97.17,86.69,80.65,4.28,26.81,1
PureGlow Soaps International (Fictional Dummy Company),Global Manufacturing Head - PureGlow Soaps,United States (North America),Canada,Toronto,FCT017,Toronto Soap Plant,LN0051,Line-3,2026-07-03 09:00:00,2026-07-03,9,Morning,Charcoal Bar Soap,0.99,60.0,11.4,Changeover/Setup,48.6,59,42,1,41,3.2,97.62,71.19,81.0,87.29,69.02,3.81,29.34,2
PureGlow Soaps International (Fictional Dummy Company),Global Manufacturing Head - PureGlow Soaps,United States (North America),Canada,Toronto,FCT017,Toronto Soap Plant,LN0049,Line-1,2026-07-03 10:00:00,2026-07-03,10,Morning,Charcoal Bar Soap,0.84,60.0,32.9,Preventive Maintenance,27.1,50,20,1,19,3.29,95.0,40.0,45.17,87.86,37.7,1.92,15.69,3
PureGlow Soaps International (Fictional Dummy Company),Global Manufacturing Head - PureGlow Soaps,United States (North America),Canada,Toronto,FCT017,Toronto Soap Plant,LN0050,Line-2,2026-07-03 10:00:00,2026-07-03,10,Morning,Charcoal Bar Soap,0.93,60.0,3.9,No Downtime,56.1,56,43,1,42,2.87,97.67,76.79,93.5,82.42,75.27,4.49,23.82,3
PureGlow Soaps International (Fictional Dummy Company),Global Manufacturing Head - PureGlow Soaps,United States (North America),Canada,Toronto,FCT017,Toronto Soap Plant,LN0051,Line-3,2026-07-03 10:00:00,2026-07-03,10,Morning,Charcoal Bar Soap,0.99,60.0,15.7,Quality Hold,44.3,59,39,4,35,9.48,89.74,66.1,73.83,88.93,58.92,3.7,30.62,1
PureGlow Soaps International (Fictional Dummy Company),Global Manufacturing Head - PureGlow Soaps,United States (North America),Canada,Toronto,FCT017,Toronto Soap Plant,LN0049,Line-1,2026-07-03 11:00:00,2026-07-03,11,Morning,Charcoal Bar Soap,0.84,60.0,1.9,No Downtime,58.1,50,50,1,49,1.34,98.0,100.0,96.83,102.45,97.22,4.78,31.1,3
PureGlow Soaps International (Fictional Dummy Company),Global Manufacturing Head - PureGlow Soaps,United States (North America),Canada,Toronto,FCT017,Toronto Soap Plant,LN0050,Line-2,2026-07-03 11:00:00,2026-07-03,11,Morning,Charcoal Bar Soap,0.93,60.0,2.3,No Downtime,57.7,56,47,1,46,3.1,97.87,83.93,96.17,87.59,82.44,4.39,22.76,1
PureGlow Soaps International (Fictional Dummy Company),Global Manufacturing Head - PureGlow Soaps,United States (North America),Canada,Toronto,FCT017,Toronto Soap Plant,LN0051,Line-3,2026-07-03 11:00:00,2026-07-03,11,Morning,Charcoal Bar Soap,0.99,60.0,30.4,Preventive Maintenance,29.6,59,26,1,25,4.41,96.15,44.07,49.33,88.73,42.09,2.33,21.15,1
PureGlow Soaps International (Fictional Dummy Company),Global Manufacturing Head - PureGlow Soaps,United States (North America),Canada,Toronto,FCT017,Toronto Soap Plant,LN0049,Line-1,2026-07-03 12:00:00,2026-07-03,12,Morning,Charcoal Bar Soap,0.84,60.0,8.6,Quality Hold,51.4,50,36,3,33,9.69,91.67,72.0,85.67,83.38,65.48,3.89,29.88,1
PureGlow Soaps International (Fictional Dummy Company),Global Manufacturing Head - PureGlow Soaps,United States (North America),Canada,Toronto,FCT017,Toronto Soap Plant,LN0050,Line-2,2026-07-03 12:00:00,2026-07-03,12,Morning,Charcoal Bar Soap,0.93,60.0,29.3,Power Outage,30.7,56,28,1,27,3.85,96.43,50.0,51.17,98.07,48.39,2.81,12.95,3
PureGlow Soaps International (Fictional Dummy Company),Global Manufacturing Head - PureGlow Soaps,United States (North America),Canada,Toronto,FCT017,Toronto Soap Plant,LN0051,Line-3,2026-07-03 12:00:00,2026-07-03,12,Morning,Charcoal Bar Soap,0.99,60.0,15.9,Changeover/Setup,44.1,59,44,0,44,0.0,100.0,74.58,73.5,100.78,74.07,4.01,26.53,1
PureGlow Soaps International (Fictional Dummy Company),Global Manufacturing Head - PureGlow Soaps,United States (North America),Canada,Toronto,FCT017,Toronto Soap Plant,LN0049,Line-1,2026-07-03 13:00:00,2026-07-03,13,Morning,Charcoal Bar Soap,0.84,60.0,15.2,Machine Breakdown,44.8,50,32,1,31,3.6,96.88,64.0,74.67,85.03,61.51,3.3,24.09,3
PureGlow Soaps International (Fictional Dummy Company),Global Manufacturing Head - PureGlow Soaps,United States (North America),Canada,Toronto,FCT017,Toronto Soap Plant,LN0050,Line-2,2026-07-03 13:00:00,2026-07-03,13,Morning,Charcoal Bar Soap,0.93,60.0,0.7,No Downtime,59.3,56,53,1,52,2.67,98.11,94.64,98.83,96.1,93.18,4.65,23.45,3
PureGlow Soaps International (Fictional Dummy Company),Global Manufacturing Head - PureGlow Soaps,United States (North America),Canada,Toronto,FCT017,Toronto Soap Plant,LN0051,Line-3,2026-07-03 13:00:00,2026-07-03,13,Morning,Charcoal Bar Soap,0.99,60.0,34.8,Machine Breakdown,25.2,59,22,1,21,2.48,95.45,37.29,42.0,88.18,35.35,2.12,15.96,2
PureGlow Soaps International (Fictional Dummy Company),Global Manufacturing Head - PureGlow Soaps,United States (North America),Canada,Toronto,FCT017,Toronto Soap Plant,LN0049,Line-1,2026-07-03 14:00:00,2026-07-03,14,Afternoon,Charcoal Bar Soap,0.84,60.0,18.1,Preventive Maintenance,41.9,50,31,2,29,5.87,93.55,62.0,69.83,88.08,57.54,2.75,21.19,2
PureGlow Soaps International (Fictional Dummy Company),Global Manufacturing Head - PureGlow Soaps,United States (North America),Canada,Toronto,FCT017,Toronto Soap Plant,LN0050,Line-2,2026-07-03 14:00:00,2026-07-03,14,Afternoon,Charcoal Bar Soap,0.93,60.0,17.3,Material Shortage,42.7,56,36,1,35,3.09,97.22,64.29,71.17,90.65,62.72,3.22,16.48,3
PureGlow Soaps International (Fictional Dummy Company),Global Manufacturing Head - PureGlow Soaps,United States (North America),Canada,Toronto,FCT017,Toronto Soap Plant,LN0051,Line-3,2026-07-03 14:00:00,2026-07-03,14,Afternoon,Charcoal Bar Soap,0.99,60.0,19.3,Changeover/Setup,40.7,59,38,1,37,3.71,97.37,64.41,67.83,94.31,62.29,3.23,25.28,3
PureGlow Soaps International (Fictional Dummy Company),Global Manufacturing Head - PureGlow Soaps,United States (North America),Canada,Toronto,FCT017,Toronto Soap Plant,LN0049,Line-1,2026-07-03 15:00:00,2026-07-03,15,Afternoon,Charcoal Bar Soap,0.84,60.0,10.5,Machine Breakdown,49.5,50,38,2,36,6.15,94.74,76.0,82.5,91.39,71.43,3.56,28.35,2
PureGlow Soaps International (Fictional Dummy Company),Global Manufacturing Head - PureGlow Soaps,United States (North America),Canada,Toronto,FCT017,Toronto Soap Plant,LN0050,Line-2,2026-07-03 15:00:00,2026-07-03,15,Afternoon,Charcoal Bar Soap,0.93,60.0,3.3,No Downtime,56.7,56,42,2,40,4.91,95.24,75.0,94.5,79.65,71.69,3.68,24.28,3
PureGlow Soaps International (Fictional Dummy Company),Global Manufacturing Head - PureGlow Soaps,United States (North America),Canada,Toronto,FCT017,Toronto Soap Plant,LN0051,Line-3,2026-07-03 15:00:00,2026-07-03,15,Afternoon,Charcoal Bar Soap,0.99,60.0,1.9,No Downtime,58.1,59,49,1,48,1.92,97.96,83.05,96.83,85.19,80.81,5.0,35.25,1
PureGlow Soaps International (Fictional Dummy Company),Global Manufacturing Head - PureGlow Soaps,United States (North America),Canada,Toronto,FCT017,Toronto Soap Plant,LN0049,Line-1,2026-07-03 16:00:00,2026-07-03,16,Afternoon,Charcoal Bar Soap,0.84,60.0,1.2,No Downtime,58.8,50,41,0,41,0.0,100.0,82.0,98.0,83.01,81.35,3.81,31.51,3
PureGlow Soaps International (Fictional Dummy Company),Global Manufacturing Head - PureGlow Soaps,United States (North America),Canada,Toronto,FCT017,Toronto Soap Plant,LN0050,Line-2,2026-07-03 16:00:00,2026-07-03,16,Afternoon,Charcoal Bar Soap,0.93,60.0,32.8,Machine Breakdown,27.2,56,25,1,24,3.57,96.0,44.64,45.33,98.83,43.01,2.6,11.1,2
PureGlow Soaps International (Fictional Dummy Company),Global Manufacturing Head - PureGlow Soaps,United States (North America),Canada,Toronto,FCT017,Toronto Soap Plant,LN0051,Line-3,2026-07-03 16:00:00,2026-07-03,16,Afternoon,Charcoal Bar Soap,0.99,60.0,0.9,No Downtime,59.1,59,59,2,57,3.42,96.61,100.0,98.5,100.84,95.96,5.65,34.9,1
PureGlow Soaps International (Fictional Dummy Company),Global Manufacturing Head - PureGlow Soaps,United States (North America),Canada,Toronto,FCT017,Toronto Soap Plant,LN0049,Line-1,2026-07-03 17:00:00,2026-07-03,17,Afternoon,Charcoal Bar Soap,0.84,60.0,16.1,Changeover/Setup,43.9,50,30,1,29,1.69,96.67,60.0,73.17,81.35,57.54,2.73,25.65,2
PureGlow Soaps International (Fictional Dummy Company),Global Manufacturing Head - PureGlow Soaps,United States (North America),Canada,Toronto,FCT017,Toronto Soap Plant,LN0050,Line-2,2026-07-03 17:00:00,2026-07-03,17,Afternoon,Charcoal Bar Soap,0.93,60.0,7.7,Changeover/Setup,52.3,56,43,1,42,3.0,97.67,76.79,87.17,88.41,75.27,4.32,21.45,2
PureGlow Soaps International (Fictional Dummy Company),Global Manufacturing Head - PureGlow Soaps,United States (North America),Canada,Toronto,FCT017,Toronto Soap Plant,LN0051,Line-3,2026-07-03 17:00:00,2026-07-03,17,Afternoon,Charcoal Bar Soap,0.99,60.0,1.8,No Downtime,58.2,59,57,4,53,7.44,92.98,96.61,97.0,98.93,89.23,5.29,41.05,3
PureGlow Soaps International (Fictional Dummy Company),Global Manufacturing Head - PureGlow Soaps,United States (North America),Canada,Toronto,FCT017,Toronto Soap Plant,LN0049,Line-1,2026-07-03 18:00:00,2026-07-03,18,Afternoon,Charcoal Bar Soap,0.84,60.0,17.1,Preventive Maintenance,42.9,50,30,1,29,1.72,96.67,60.0,71.5,83.25,57.54,3.26,23.18,1
PureGlow Soaps International (Fictional Dummy Company),Global Manufacturing Head - PureGlow Soaps,United States (North America),Canada,Toronto,FCT017,Toronto Soap Plant,LN0050,Line-2,2026-07-03 18:00:00,2026-07-03,18,Afternoon,Charcoal Bar Soap,0.93,60.0,37.6,Machine Breakdown,22.4,56,19,0,19,2.54,100.0,33.93,37.33,91.21,34.05,1.67,10.12,3
PureGlow Soaps International (Fictional Dummy Company),Global Manufacturing Head - PureGlow Soaps,United States (North America),Canada,Toronto,FCT017,Toronto Soap Plant,LN0051,Line-3,2026-07-03 18:00:00,2026-07-03,18,Afternoon,Charcoal Bar Soap,0.99,60.0,8.6,Staff Shortage,51.4,59,43,2,41,5.55,95.35,72.88,85.67,84.5,69.02,3.85,31.44,3
PureGlow Soaps International (Fictional Dummy Company),Global Manufacturing Head - PureGlow Soaps,United States (North America),Canada,Toronto,FCT017,Toronto Soap Plant,LN0049,Line-1,2026-07-03 19:00:00,2026-07-03,19,Afternoon,Charcoal Bar Soap,0.84,60.0,16.4,Material Shortage,43.6,50,33,1,32,3.43,96.97,66.0,72.67,90.1,63.49,3.33,22.7,1
PureGlow Soaps International (Fictional Dummy Company),Global Manufacturing Head - PureGlow Soaps,United States (North America),Canada,Toronto,FCT017,Toronto Soap Plant,LN0050,Line-2,2026-07-03 19:00:00,2026-07-03,19,Afternoon,Charcoal Bar Soap,0.93,60.0,13.2,Changeover/Setup,46.8,56,41,0,41,0.96,100.0,73.21,78.0,94.2,73.48,4.09,18.63,1
PureGlow Soaps International (Fictional Dummy Company),Global Manufacturing Head - PureGlow Soaps,United States (North America),Canada,Toronto,FCT017,Toronto Soap Plant,LN0051,Line-3,2026-07-03 19:00:00,2026-07-03,19,Afternoon,Charcoal Bar Soap,0.99,60.0,33.9,Machine Breakdown,26.1,59,24,0,24,2.08,100.0,40.68,43.5,92.88,40.4,2.13,18.37,1
PureGlow Soaps International (Fictional Dummy Company),Global Manufacturing Head - PureGlow Soaps,United States (North America),Canada,Toronto,FCT017,Toronto Soap Plant,LN0049,Line-1,2026-07-03 20:00:00,2026-07-03,20,Afternoon,Charcoal Bar Soap,0.84,60.0,13.3,Changeover/Setup,46.7,50,39,1,38,2.35,97.44,78.0,77.83,99.42,75.4,3.95,24.2,2
PureGlow Soaps International (Fictional Dummy Company),Global Manufacturing Head - PureGlow Soaps,United States (North America),Canada,Toronto,FCT017,Toronto Soap Plant,LN0050,Line-2,2026-07-03 20:00:00,2026-07-03,20,Afternoon,Charcoal Bar Soap,0.93,60.0,27.7,Machine Breakdown,32.3,56,31,0,31,1.43,100.0,55.36,53.83,103.2,55.55,2.66,14.12,1
PureGlow Soaps International (Fictional Dummy Company),Global Manufacturing Head - PureGlow Soaps,United States (North America),Canada,Toronto,FCT017,Toronto Soap Plant,LN0051,Line-3,2026-07-03 20:00:00,2026-07-03,20,Afternoon,Charcoal Bar Soap,0.99,60.0,2.8,No Downtime,57.2,59,55,3,52,4.91,94.55,93.22,95.33,97.13,87.55,5.73,38.83,3
PureGlow Soaps International (Fictional Dummy Company),Global Manufacturing Head - PureGlow Soaps,United States (North America),Canada,Toronto,FCT017,Toronto Soap Plant,LN0049,Line-1,2026-07-03 21:00:00,2026-07-03,21,Afternoon,Charcoal Bar Soap,0.84,60.0,7.8,Changeover/Setup,52.2,50,37,2,35,6.18,94.59,74.0,87.0,84.38,69.44,3.92,31.2,3
PureGlow Soaps International (Fictional Dummy Company),Global Manufacturing Head - PureGlow Soaps,United States (North America),Canada,Toronto,FCT017,Toronto Soap Plant,LN0050,Line-2,2026-07-03 21:00:00,2026-07-03,21,Afternoon,Charcoal Bar Soap,0.93,60.0,28.7,Preventive Maintenance,31.3,56,29,1,28,1.8,96.55,51.79,52.17,99.63,50.18,2.52,12.97,1
PureGlow Soaps International (Fictional Dummy Company),Global Manufacturing Head - PureGlow Soaps,United States (North America),Canada,Toronto,FCT017,Toronto Soap Plant,LN0051,Line-3,2026-07-03 21:00:00,2026-07-03,21,Afternoon,Charcoal Bar Soap,0.99,60.0,11.9,Changeover/Setup,48.1,59,44,1,43,3.05,97.73,74.58,80.17,92.4,72.4,4.19,30.33,2
PureGlow Soaps International (Fictional Dummy Company),Global Manufacturing Head - PureGlow Soaps,United States (North America),Canada,Toronto,FCT017,Toronto Soap Plant,LN0049,Line-1,2026-07-03 22:00:00,2026-07-03,22,Night,Charcoal Bar Soap,0.84,60.0,17.3,Quality Hold,42.7,50,35,3,32,9.0,91.43,70.0,71.17,97.58,63.5,3.26,25.22,1
PureGlow Soaps International (Fictional Dummy Company),Global Manufacturing Head - PureGlow Soaps,United States (North America),Canada,Toronto,FCT017,Toronto Soap Plant,LN0050,Line-2,2026-07-03 22:00:00,2026-07-03,22,Night,Charcoal Bar Soap,0.93,60.0,6.4,Changeover/Setup,53.6,56,41,2,39,4.47,95.12,73.21,89.33,82.25,69.89,3.68,24.38,2
PureGlow Soaps International (Fictional Dummy Company),Global Manufacturing Head - PureGlow Soaps,United States (North America),Canada,Toronto,FCT017,Toronto Soap Plant,LN0051,Line-3,2026-07-03 22:00:00,2026-07-03,22,Night,Charcoal Bar Soap,0.99,60.0,25.0,Power Outage,35.0,59,33,1,32,2.67,96.97,55.93,58.33,95.24,53.87,3.0,23.98,3
PureGlow Soaps International (Fictional Dummy Company),Global Manufacturing Head - PureGlow Soaps,United States (North America),Canada,Toronto,FCT017,Toronto Soap Plant,LN0049,Line-1,2026-07-03 23:00:00,2026-07-03,23,Night,Charcoal Bar Soap,0.84,60.0,3.0,No Downtime,57.0,50,40,1,39,2.13,97.5,80.0,95.0,83.54,77.38,4.02,28.92,3
PureGlow Soaps International (Fictional Dummy Company),Global Manufacturing Head - PureGlow Soaps,United States (North America),Canada,Toronto,FCT017,Toronto Soap Plant,LN0050,Line-2,2026-07-03 23:00:00,2026-07-03,23,Night,Charcoal Bar Soap,0.93,60.0,1.1,No Downtime,58.9,56,52,2,50,3.28,96.15,92.86,98.17,94.93,89.6,5.27,24.87,1
PureGlow Soaps International (Fictional Dummy Company),Global Manufacturing Head - PureGlow Soaps,United States (North America),Canada,Toronto,FCT017,Toronto Soap Plant,LN0051,Line-3,2026-07-03 23:00:00,2026-07-03,23,Night,Charcoal Bar Soap,0.99,60.0,0.8,No Downtime,59.2,59,49,2,47,3.54,95.92,83.05,98.67,83.61,79.13,5.05,36.64,1
PureGlow Soaps International (Fictional Dummy Company),Global Manufacturing Head - PureGlow Soaps,United States (North America),Canada,Toronto,FCT017,Toronto Soap Plant,LN0049,Line-1,2026-07-04 00:00:00,2026-07-04,0,Night,Aloe Vera Liquid Soap,0.84,60.0,22.2,Preventive Maintenance,37.8,50,32,1,31,4.43,96.88,64.0,63.0,100.78,61.51,3.14,21.72,1
PureGlow Soaps International (Fictional Dummy Company),Global Manufacturing Head - PureGlow Soaps,United States (North America),Canada,Toronto,FCT017,Toronto Soap Plant,LN0050,Line-2,2026-07-04 00:00:00,2026-07-04,0,Night,Lavender Bar Soap,0.93,60.0,2.0,No Downtime,58.0,56,49,2,47,4.45,95.92,87.5,96.67,90.84,84.23,4.28,25.59,1
PureGlow Soaps International (Fictional Dummy Company),Global Manufacturing Head - PureGlow Soaps,United States (North America),Canada,Toronto,FCT017,Toronto Soap Plant,LN0051,Line-3,2026-07-04 00:00:00,2026-07-04,0,Night,Sandalwood Bar Soap,0.99,60.0,3.8,No Downtime,56.2,59,57,1,56,2.0,98.25,96.61,93.67,102.45,94.29,6.03,35.2,2
PureGlow Soaps International (Fictional Dummy Company),Global Manufacturing Head - PureGlow Soaps,United States (North America),Canada,Toronto,FCT017,Toronto Soap Plant,LN0049,Line-1,2026-07-04 01:00:00,2026-07-04,1,Night,Aloe Vera Liquid Soap,0.84,60.0,16.8,Changeover/Setup,43.2,50,33,1,32,3.4,96.97,66.0,72.0,90.94,63.49,3.6,23.74,3
PureGlow Soaps International (Fictional Dummy Company),Global Manufacturing Head - PureGlow Soaps,United States (North America),Canada,Toronto,FCT017,Toronto Soap Plant,LN0050,Line-2,2026-07-04 01:00:00,2026-07-04,1,Night,Lavender Bar Soap,0.93,60.0,24.7,Preventive Maintenance,35.3,56,31,0,31,1.48,100.0,55.36,58.83,94.43,55.55,3.03,14.14,3
PureGlow Soaps International (Fictional Dummy Company),Global Manufacturing Head - PureGlow Soaps,United States (North America),Canada,Toronto,FCT017,Toronto Soap Plant,LN0051,Line-3,2026-07-04 01:00:00,2026-07-04,1,Night,Sandalwood Bar Soap,0.99,60.0,30.4,Machine Breakdown,29.6,59,30,1,29,1.96,96.67,50.85,49.33,102.38,48.82,2.75,19.04,1
PureGlow Soaps International (Fictional Dummy Company),Global Manufacturing Head - PureGlow Soaps,United States (North America),Canada,Toronto,FCT017,Toronto Soap Plant,LN0049,Line-1,2026-07-04 02:00:00,2026-07-04,2,Night,Aloe Vera Liquid Soap,0.84,60.0,12.2,Changeover/Setup,47.8,50,38,2,36,4.47,94.74,76.0,79.67,94.64,71.43,3.29,28.77,2
PureGlow Soaps International (Fictional Dummy Company),Global Manufacturing Head - PureGlow Soaps,United States (North America),Canada,Toronto,FCT017,Toronto Soap Plant,LN0050,Line-2,2026-07-04 02:00:00,2026-07-04,2,Night,Lavender Bar Soap,0.93,60.0,3.4,No Downtime,56.6,56,43,1,42,2.28,97.67,76.79,94.33,81.69,75.26,4.66,25.17,2
PureGlow Soaps International (Fictional Dummy Company),Global Manufacturing Head - PureGlow Soaps,United States (North America),Canada,Toronto,FCT017,Toronto Soap Plant,LN0051,Line-3,2026-07-04 02:00:00,2026-07-04,2,Night,Sandalwood Bar Soap,0.99,60.0,3.7,No Downtime,56.3,59,57,2,55,3.47,96.49,96.61,93.83,102.27,92.59,5.12,33.97,3
PureGlow Soaps International (Fictional Dummy Company),Global Manufacturing Head - PureGlow Soaps,United States (North America),Canada,Toronto,FCT017,Toronto Soap Plant,LN0049,Line-1,2026-07-04 03:00:00,2026-07-04,3,Night,Aloe Vera Liquid Soap,0.84,60.0,23.5,Material Shortage,36.5,50,30,1,29,2.2,96.67,60.0,60.83,97.85,57.54,3.23,20.05,1
PureGlow Soaps International (Fictional Dummy Company),Global Manufacturing Head - PureGlow Soaps,United States (North America),Canada,Toronto,FCT017,Toronto Soap Plant,LN0050,Line-2,2026-07-04 03:00:00,2026-07-04,3,Night,Lavender Bar Soap,0.93,60.0,28.3,Power Outage,31.7,56,25,1,24,5.33,96.0,44.64,52.83,84.8,43.01,2.41,13.93,3
PureGlow Soaps International (Fictional Dummy Company),Global Manufacturing Head - PureGlow Soaps,United States (North America),Canada,Toronto,FCT017,Toronto Soap Plant,LN0051,Line-3,2026-07-04 03:00:00,2026-07-04,3,Night,Sandalwood Bar Soap,0.99,60.0,0.5,No Downtime,59.5,59,53,3,50,4.85,94.34,89.83,99.17,89.98,84.18,5.31,39.48,1
PureGlow Soaps International (Fictional Dummy Company),Global Manufacturing Head - PureGlow Soaps,United States (North America),Canada,Toronto,FCT017,Toronto Soap Plant,LN0049,Line-1,2026-07-04 04:00:00,2026-07-04,4,Night,Aloe Vera Liquid Soap,0.84,60.0,0.5,No Downtime,59.5,50,50,1,49,1.6,98.0,100.0,99.17,100.04,97.23,4.78,34.8,3
PureGlow Soaps International (Fictional Dummy Company),Global Manufacturing Head - PureGlow Soaps,United States (North America),Canada,Toronto,FCT017,Toronto Soap Plant,LN0050,Line-2,2026-07-04 04:00:00,2026-07-04,4,Night,Lavender Bar Soap,0.93,60.0,17.4,Changeover/Setup,42.6,56,41,1,40,2.81,97.56,73.21,71.0,103.49,71.69,4.35,17.68,2
PureGlow Soaps International (Fictional Dummy Company),Global Manufacturing Head - PureGlow Soaps,United States (North America),Canada,Toronto,FCT017,Toronto Soap Plant,LN0051,Line-3,2026-07-04 04:00:00,2026-07-04,4,Night,Sandalwood Bar Soap,0.99,60.0,9.8,Changeover/Setup,50.2,59,48,3,45,5.71,93.75,81.36,83.67,96.58,75.76,5.15,33.32,3
PureGlow Soaps International (Fictional Dummy Company),Global Manufacturing Head - PureGlow Soaps,United States (North America),Canada,Toronto,FCT017,Toronto Soap Plant,LN0049,Line-1,2026-07-04 05:00:00,2026-07-04,5,Night,Aloe Vera Liquid Soap,0.84,60.0,24.7,Machine Breakdown,35.3,50,29,1,28,4.1,96.55,58.0,58.83,97.8,55.55,2.56,18.76,2
PureGlow Soaps International (Fictional Dummy Company),Global Manufacturing Head - PureGlow Soaps,United States (North America),Canada,Toronto,FCT017,Toronto Soap Plant,LN0050,Line-2,2026-07-04 05:00:00,2026-07-04,5,Night,Lavender Bar Soap,0.93,60.0,2.6,No Downtime,57.4,56,47,1,46,2.41,97.87,83.93,95.67,88.04,82.43,4.05,24.75,1
PureGlow Soaps International (Fictional Dummy Company),Global Manufacturing Head - PureGlow Soaps,United States (North America),Canada,Toronto,FCT017,Toronto Soap Plant,LN0051,Line-3,2026-07-04 05:00:00,2026-07-04,5,Night,Sandalwood Bar Soap,0.99,60.0,11.8,Changeover/Setup,48.2,59,40,1,39,3.34,97.5,67.8,80.33,83.83,65.66,4.36,32.82,1
PureGlow Soaps International (Fictional Dummy Company),Global Manufacturing Head - PureGlow Soaps,United States (North America),Canada,Toronto,FCT017,Toronto Soap Plant,LN0049,Line-1,2026-07-04 06:00:00,2026-07-04,6,Morning,Aloe Vera Liquid Soap,0.84,60.0,1.5,No Downtime,58.5,50,40,1,39,1.77,97.5,80.0,97.5,81.4,77.38,3.99,32.48,2
PureGlow Soaps International (Fictional Dummy Company),Global Manufacturing Head - PureGlow Soaps,United States (North America),Canada,Toronto,FCT017,Toronto Soap Plant,LN0050,Line-2,2026-07-04 06:00:00,2026-07-04,6,Morning,Lavender Bar Soap,0.93,60.0,8.4,Quality Hold,51.6,56,46,4,42,8.67,91.3,82.14,86.0,95.86,75.27,4.62,23.4,2
PureGlow Soaps International (Fictional Dummy Company),Global Manufacturing Head - PureGlow Soaps,United States (North America),Canada,Toronto,FCT017,Toronto Soap Plant,LN0051,Line-3,2026-07-04 06:00:00,2026-07-04,6,Morning,Sandalwood Bar Soap,0.99,60.0,12.1,Power Outage,47.9,59,47,2,45,4.52,95.74,79.66,79.83,99.11,75.75,4.74,34.01,2
PureGlow Soaps International (Fictional Dummy Company),Global Manufacturing Head - PureGlow Soaps,United States (North America),Canada,Toronto,FCT017,Toronto Soap Plant,LN0049,Line-1,2026-07-04 07:00:00,2026-07-04,7,Morning,Aloe Vera Liquid Soap,0.84,60.0,18.4,Power Outage,41.6,50,32,1,31,4.01,96.88,64.0,69.33,91.58,61.51,3.48,22.92,2
PureGlow Soaps International (Fictional Dummy Company),Global Manufacturing Head - PureGlow Soaps,United States (North America),Canada,Toronto,FCT017,Toronto Soap Plant,LN0050,Line-2,2026-07-04 07:00:00,2026-07-04,7,Morning,Lavender Bar Soap,0.93,60.0,1.6,No Downtime,58.4,56,47,1,46,1.36,97.87,83.93,97.33,86.54,82.44,4.37,26.32,1
PureGlow Soaps International (Fictional Dummy Company),Global Manufacturing Head - PureGlow Soaps,United States (North America),Canada,Toronto,FCT017,Toronto Soap Plant,LN0051,Line-3,2026-07-04 07:00:00,2026-07-04,7,Morning,Sandalwood Bar Soap,0.99,60.0,19.9,Changeover/Setup,40.1,59,33,1,32,2.22,96.97,55.93,66.83,83.13,53.87,3.13,24.04,3
PureGlow Soaps International (Fictional Dummy Company),Global Manufacturing Head - PureGlow Soaps,United States (North America),Canada,Toronto,FCT017,Toronto Soap Plant,LN0049,Line-1,2026-07-04 08:00:00,2026-07-04,8,Morning,Aloe Vera Liquid Soap,0.84,60.0,16.0,Material Shortage,44.0,50,32,1,31,3.06,96.88,64.0,73.33,86.58,61.51,3.48,24.26,2
PureGlow Soaps International (Fictional Dummy Company),Global Manufacturing Head - PureGlow Soaps,United States (North America),Canada,Toronto,FCT017,Toronto Soap Plant,LN0050,Line-2,2026-07-04 08:00:00,2026-07-04,8,Morning,Lavender Bar Soap,0.93,60.0,0.7,No Downtime,59.3,56,47,2,45,4.39,95.74,83.93,98.83,85.22,80.64,4.11,27.32,3
PureGlow Soaps International (Fictional Dummy Company),Global Manufacturing Head - PureGlow Soaps,United States (North America),Canada,Toronto,FCT017,Toronto Soap Plant,LN0051,Line-3,2026-07-04 08:00:00,2026-07-04,8,Morning,Sandalwood Bar Soap,0.99,60.0,22.4,Staff Shortage,37.6,59,31,1,30,2.17,96.77,52.54,62.67,83.28,50.51,2.76,23.47,1
PureGlow Soaps International (Fictional Dummy Company),Global Manufacturing Head - PureGlow Soaps,United States (North America),Canada,Toronto,FCT017,Toronto Soap Plant,LN0049,Line-1,2026-07-04 09:00:00,2026-07-04,9,Morning,Aloe Vera Liquid Soap,0.84,60.0,29.6,Preventive Maintenance,30.4,50,23,0,23,1.96,100.0,46.0,50.67,90.07,45.64,2.27,16.23,1
PureGlow Soaps International (Fictional Dummy Company),Global Manufacturing Head - PureGlow Soaps,United States (North America),Canada,Toronto,FCT017,Toronto Soap Plant,LN0050,Line-2,2026-07-04 09:00:00,2026-07-04,9,Morning,Lavender Bar Soap,0.93,60.0,8.3,Changeover/Setup,51.7,56,49,2,47,3.77,95.92,87.5,86.17,101.91,84.23,4.98,23.91,2
PureGlow Soaps International (Fictional Dummy Company),Global Manufacturing Head - PureGlow Soaps,United States (North America),Canada,Toronto,FCT017,Toronto Soap Plant,LN0051,Line-3,2026-07-04 09:00:00,2026-07-04,9,Morning,Sandalwood Bar Soap,0.99,60.0,16.6,Quality Hold,43.4,59,39,2,37,4.65,94.87,66.1,72.33,90.77,62.29,3.86,28.7,1
PureGlow Soaps International (Fictional Dummy Company),Global Manufacturing Head - PureGlow Soaps,United States (North America),Canada,Toronto,FCT017,Toronto Soap Plant,LN0049,Line-1,2026-07-04 10:00:00,2026-07-04,10,Morning,Aloe Vera Liquid Soap,0.84,60.0,29.3,Machine Breakdown,30.7,50,24,0,24,1.97,100.0,48.0,51.17,93.07,47.62,2.27,16.59,2
PureGlow Soaps International (Fictional Dummy Company),Global Manufacturing Head - PureGlow Soaps,United States (North America),Canada,Toronto,FCT017,Toronto Soap Plant,LN0050,Line-2,2026-07-04 10:00:00,2026-07-04,10,Morning,Lavender Bar Soap,0.93,60.0,16.9,Changeover/Setup,43.1,56,41,1,40,2.63,97.56,73.21,71.83,102.29,71.68,3.75,18.67,2
PureGlow Soaps International (Fictional Dummy Company),Global Manufacturing Head - PureGlow Soaps,United States (North America),Canada,Toronto,FCT017,Toronto Soap Plant,LN0051,Line-3,2026-07-04 10:00:00,2026-07-04,10,Morning,Sandalwood Bar Soap,0.99,60.0,23.7,Power Outage,36.3,59,32,0,32,0.88,100.0,54.24,60.5,89.04,53.87,3.16,23.73,3
PureGlow Soaps International (Fictional Dummy Company),Global Manufacturing Head - PureGlow Soaps,United States (North America),Canada,Toronto,FCT017,Toronto Soap Plant,LN0049,Line-1,2026-07-04 11:00:00,2026-07-04,11,Morning,Aloe Vera Liquid Soap,0.84,60.0,0.4,No Downtime,59.6,50,44,1,43,1.89,97.73,88.0,99.33,87.89,85.32,4.49,33.09,3
PureGlow Soaps International (Fictional Dummy Company),Global Manufacturing Head - PureGlow Soaps,United States (North America),Canada,Toronto,FCT017,Toronto Soap Plant,LN0050,Line-2,2026-07-04 11:00:00,2026-07-04,11,Morning,Lavender Bar Soap,0.93,60.0,35.1,Machine Breakdown,24.9,56,22,1,21,4.04,95.45,39.29,41.5,95.0,37.63,2.37,10.95,3
PureGlow Soaps International (Fictional Dummy Company),Global Manufacturing Head - PureGlow Soaps,United States (North America),Canada,Toronto,FCT017,Toronto Soap Plant,LN0051,Line-3,2026-07-04 11:00:00,2026-07-04,11,Morning,Sandalwood Bar Soap,0.99,60.0,43.4,Machine Breakdown,16.6,59,14,1,13,5.31,92.86,23.73,27.67,85.19,21.89,1.44,11.72,1
PureGlow Soaps International (Fictional Dummy Company),Global Manufacturing Head - PureGlow Soaps,United States (North America),Canada,Toronto,FCT017,Toronto Soap Plant,LN0049,Line-1,2026-07-04 12:00:00,2026-07-04,12,Morning,Aloe Vera Liquid Soap,0.84,60.0,27.5,Machine Breakdown,32.5,50,28,1,27,2.03,96.43,56.0,54.17,102.56,53.57,2.64,18.06,3
PureGlow Soaps International (Fictional Dummy Company),Global Manufacturing Head - PureGlow Soaps,United States (North America),Canada,Toronto,FCT017,Toronto Soap Plant,LN0050,Line-2,2026-07-04 12:00:00,2026-07-04,12,Morning,Lavender Bar Soap,0.93,60.0,27.2,Machine Breakdown,32.8,56,31,1,30,1.82,96.77,55.36,54.67,101.63,53.77,3.0,13.31,1
PureGlow Soaps International (Fictional Dummy Company),Global Manufacturing Head - PureGlow Soaps,United States (North America),Canada,Toronto,FCT017,Toronto Soap Plant,LN0051,Line-3,2026-07-04 12:00:00,2026-07-04,12,Morning,Sandalwood Bar Soap,0.99,60.0,3.0,No Downtime,57.0,59,51,2,49,3.4,96.08,86.44,95.0,90.38,82.5,5.11,39.54,1
PureGlow Soaps International (Fictional Dummy Company),Global Manufacturing Head - PureGlow Soaps,United States (North America),Canada,Toronto,FCT017,Toronto Soap Plant,LN0049,Line-1,2026-07-04 13:00:00,2026-07-04,13,Morning,Aloe Vera Liquid Soap,0.84,60.0,16.2,Changeover/Setup,43.8,50,31,1,30,2.07,96.77,62.0,73.0,84.26,59.52,3.05,24.26,1
PureGlow Soaps International (Fictional Dummy Company),Global Manufacturing Head - PureGlow Soaps,United States (North America),Canada,Toronto,FCT017,Toronto Soap Plant,LN0050,Line-2,2026-07-04 13:00:00,2026-07-04,13,Morning,Lavender Bar Soap,0.93,60.0,0.2,No Downtime,59.8,56,55,2,53,2.91,96.36,98.21,99.67,98.9,94.99,5.19,24.27,2
PureGlow Soaps International (Fictional Dummy Company),Global Manufacturing Head - PureGlow Soaps,United States (North America),Canada,Toronto,FCT017,Toronto Soap Plant,LN0051,Line-3,2026-07-04 13:00:00,2026-07-04,13,Morning,Sandalwood Bar Soap,0.99,60.0,21.0,Material Shortage,39.0,59,32,1,31,3.26,96.88,54.24,65.0,82.88,52.19,3.14,27.9,3
PureGlow Soaps International (Fictional Dummy Company),Global Manufacturing Head - PureGlow Soaps,United States (North America),Canada,Toronto,FCT017,Toronto Soap Plant,LN0049,Line-1,2026-07-04 14:00:00,2026-07-04,14,Afternoon,Aloe Vera Liquid Soap,0.84,60.0,15.2,Material Shortage,44.8,50,32,2,30,4.71,93.75,64.0,74.67,85.03,59.52,2.86,24.45,1
PureGlow Soaps International (Fictional Dummy Company),Global Manufacturing Head - PureGlow Soaps,United States (North America),Canada,Toronto,FCT017,Toronto Soap Plant,LN0050,Line-2,2026-07-04 14:00:00,2026-07-04,14,Afternoon,Lavender Bar Soap,0.93,60.0,27.0,Machine Breakdown,33.0,56,26,1,25,3.65,96.15,46.43,55.0,84.72,44.8,2.53,15.3,2
PureGlow Soaps International (Fictional Dummy Company),Global Manufacturing Head - PureGlow Soaps,United States (North America),Canada,Toronto,FCT017,Toronto Soap Plant,LN0051,Line-3,2026-07-04 14:00:00,2026-07-04,14,Afternoon,Sandalwood Bar Soap,0.99,60.0,5.5,Staff Shortage,54.5,59,45,1,44,1.38,97.78,76.27,90.83,83.4,74.07,3.99,37.48,1
PureGlow Soaps International (Fictional Dummy Company),Global Manufacturing Head - PureGlow Soaps,United States (North America),Canada,Toronto,FCT017,Toronto Soap Plant,LN0049,Line-1,2026-07-04 15:00:00,2026-07-04,15,Afternoon,Aloe Vera Liquid Soap,0.84,60.0,3.5,No Downtime,56.5,50,40,1,39,1.35,97.5,80.0,94.17,84.28,77.38,3.65,33.94,3
PureGlow Soaps International (Fictional Dummy Company),Global Manufacturing Head - PureGlow Soaps,United States (North America),Canada,Toronto,FCT017,Toronto Soap Plant,LN0050,Line-2,2026-07-04 15:00:00,2026-07-04,15,Afternoon,Lavender Bar Soap,0.93,60.0,13.8,Quality Hold,46.2,56,35,4,31,10.29,88.57,62.5,77.0,81.46,55.55,3.4,20.53,1
PureGlow Soaps International (Fictional Dummy Company),Global Manufacturing Head - PureGlow Soaps,United States (North America),Canada,Toronto,FCT017,Toronto Soap Plant,LN0051,Line-3,2026-07-04 15:00:00,2026-07-04,15,Afternoon,Sandalwood Bar Soap,0.99,60.0,1.2,No Downtime,58.8,59,58,1,57,2.42,98.28,98.31,98.0,99.64,95.97,5.1,40.47,1
PureGlow Soaps International (Fictional Dummy Company),Global Manufacturing Head - PureGlow Soaps,United States (North America),Canada,Toronto,FCT017,Toronto Soap Plant,LN0049,Line-1,2026-07-04 16:00:00,2026-07-04,16,Afternoon,Aloe Vera Liquid Soap,0.84,60.0,10.1,Changeover/Setup,49.9,50,36,1,35,3.19,97.22,72.0,83.17,85.89,69.45,3.84,30.25,2
PureGlow Soaps International (Fictional Dummy Company),Global Manufacturing Head - PureGlow Soaps,United States (North America),Canada,Toronto,FCT017,Toronto Soap Plant,LN0050,Line-2,2026-07-04 16:00:00,2026-07-04,16,Afternoon,Lavender Bar Soap,0.93,60.0,18.2,Changeover/Setup,41.8,56,36,1,35,2.66,97.22,64.29,69.67,92.61,62.73,3.52,18.58,3
PureGlow Soaps International (Fictional Dummy Company),Global Manufacturing Head - PureGlow Soaps,United States (North America),Canada,Toronto,FCT017,Toronto Soap Plant,LN0051,Line-3,2026-07-04 16:00:00,2026-07-04,16,Afternoon,Sandalwood Bar Soap,0.99,60.0,3.4,No Downtime,56.6,59,47,1,46,1.84,97.87,79.66,94.33,83.88,77.44,4.11,38.73,2
PureGlow Soaps International (Fictional Dummy Company),Global Manufacturing Head - PureGlow Soaps,United States (North America),Canada,Toronto,FCT017,Toronto Soap Plant,LN0049,Line-1,2026-07-04 17:00:00,2026-07-04,17,Afternoon,Aloe Vera Liquid Soap,0.84,60.0,10.3,Changeover/Setup,49.7,50,34,0,34,1.47,100.0,68.0,82.83,81.44,67.46,3.03,30.14,1
PureGlow Soaps International (Fictional Dummy Company),Global Manufacturing Head - PureGlow Soaps,United States (North America),Canada,Toronto,FCT017,Toronto Soap Plant,LN0050,Line-2,2026-07-04 17:00:00,2026-07-04,17,Afternoon,Lavender Bar Soap,0.93,60.0,0.5,No Downtime,59.5,56,57,1,56,1.04,98.25,101.79,99.17,103.01,100.37,5.99,26.23,3
PureGlow Soaps International (Fictional Dummy Company),Global Manufacturing Head - PureGlow Soaps,United States (North America),Canada,Toronto,FCT017,Toronto Soap Plant,LN0051,Line-3,2026-07-04 17:00:00,2026-07-04,17,Afternoon,Sandalwood Bar Soap,0.99,60.0,24.8,Material Shortage,35.2,59,29,1,28,3.48,96.55,49.15,58.67,83.22,47.14,2.83,22.19,2
PureGlow Soaps International (Fictional Dummy Company),Global Manufacturing Head - PureGlow Soaps,United States (North America),Canada,Toronto,FCT017,Toronto Soap Plant,LN0049,Line-1,2026-07-04 18:00:00,2026-07-04,18,Afternoon,Aloe Vera Liquid Soap,0.84,60.0,0.1,No Downtime,59.9,50,46,2,44,5.24,95.65,92.0,99.83,91.42,87.29,4.96,30.75,2
PureGlow Soaps International (Fictional Dummy Company),Global Manufacturing Head - PureGlow Soaps,United States (North America),Canada,Toronto,FCT017,Toronto Soap Plant,LN0050,Line-2,2026-07-04 18:00:00,2026-07-04,18,Afternoon,Lavender Bar Soap,0.93,60.0,1.9,No Downtime,58.1,56,52,1,51,1.57,98.08,92.86,96.83,96.24,91.4,4.98,25.17,2
PureGlow Soaps International (Fictional Dummy Company),Global Manufacturing Head - PureGlow Soaps,United States (North America),Canada,Toronto,FCT017,Toronto Soap Plant,LN0051,Line-3,2026-07-04 18:00:00,2026-07-04,18,Afternoon,Sandalwood Bar Soap,0.99,60.0,1.4,No Downtime,58.6,59,53,2,51,3.05,96.23,89.83,97.67,91.36,85.87,4.6,41.73,2
PureGlow Soaps International (Fictional Dummy Company),Global Manufacturing Head - PureGlow Soaps,United States (North America),Canada,Toronto,FCT017,Toronto Soap Plant,LN0049,Line-1,2026-07-04 19:00:00,2026-07-04,19,Afternoon,Aloe Vera Liquid Soap,0.84,60.0,16.3,Staff Shortage,43.7,50,35,0,35,0.61,100.0,70.0,72.83,95.35,69.44,3.45,25.66,2
PureGlow Soaps International (Fictional Dummy Company),Global Manufacturing Head - PureGlow Soaps,United States (North America),Canada,Toronto,FCT017,Toronto Soap Plant,LN0050,Line-2,2026-07-04 19:00:00,2026-07-04,19,Afternoon,Lavender Bar Soap,0.93,60.0,3.1,No Downtime,56.9,56,47,1,46,2.94,97.87,83.93,94.83,88.82,82.43,4.57,23.15,3
PureGlow Soaps International (Fictional Dummy Company),Global Manufacturing Head - PureGlow Soaps,United States (North America),Canada,Toronto,FCT017,Toronto Soap Plant,LN0051,Line-3,2026-07-04 19:00:00,2026-07-04,19,Afternoon,Sandalwood Bar Soap,0.99,60.0,3.3,No Downtime,56.7,59,51,3,48,5.07,94.12,86.44,94.5,90.86,80.81,4.37,35.22,3
PureGlow Soaps International (Fictional Dummy Company),Global Manufacturing Head - PureGlow Soaps,United States (North America),Canada,Toronto,FCT017,Toronto Soap Plant,LN0049,Line-1,2026-07-04 20:00:00,2026-07-04,20,Afternoon,Aloe Vera Liquid Soap,0.84,60.0,3.5,No Downtime,56.5,50,39,1,38,3.55,97.44,78.0,94.17,82.17,75.4,3.84,33.22,1
PureGlow Soaps International (Fictional Dummy Company),Global Manufacturing Head - PureGlow Soaps,United States (North America),Canada,Toronto,FCT017,Toronto Soap Plant,LN0050,Line-2,2026-07-04 20:00:00,2026-07-04,20,Afternoon,Lavender Bar Soap,0.93,60.0,38.9,Preventive Maintenance,21.1,56,19,1,18,3.63,94.74,33.93,35.17,96.83,32.26,2.05,8.55,1
PureGlow Soaps International (Fictional Dummy Company),Global Manufacturing Head - PureGlow Soaps,United States (North America),Canada,Toronto,FCT017,Toronto Soap Plant,LN0051,Line-3,2026-07-04 20:00:00,2026-07-04,20,Afternoon,Sandalwood Bar Soap,0.99,60.0,41.3,Machine Breakdown,18.7,59,16,0,16,2.34,100.0,27.12,31.17,86.43,26.94,1.72,13.26,1
PureGlow Soaps International (Fictional Dummy Company),Global Manufacturing Head - PureGlow Soaps,United States (North America),Canada,Toronto,FCT017,Toronto Soap Plant,LN0049,Line-1,2026-07-04 21:00:00,2026-07-04,21,Afternoon,Aloe Vera Liquid Soap,0.84,60.0,9.4,Quality Hold,50.6,50,40,2,38,6.14,95.0,80.0,84.33,94.11,75.39,4.3,29.39,1
PureGlow Soaps International (Fictional Dummy Company),Global Manufacturing Head - PureGlow Soaps,United States (North America),Canada,Toronto,FCT017,Toronto Soap Plant,LN0050,Line-2,2026-07-04 21:00:00,2026-07-04,21,Afternoon,Lavender Bar Soap,0.93,60.0,1.8,No Downtime,58.2,56,46,1,45,3.0,97.83,82.14,97.0,84.99,80.65,4.09,25.59,1
PureGlow Soaps International (Fictional Dummy Company),Global Manufacturing Head - PureGlow Soaps,United States (North America),Canada,Toronto,FCT017,Toronto Soap Plant,LN0051,Line-3,2026-07-04 21:00:00,2026-07-04,21,Afternoon,Sandalwood Bar Soap,0.99,60.0,38.0,Preventive Maintenance,22.0,59,22,1,21,3.29,95.45,37.29,36.67,101.01,35.36,1.91,15.21,2
PureGlow Soaps International (Fictional Dummy Company),Global Manufacturing Head - PureGlow Soaps,United States (North America),Canada,Toronto,FCT017,Toronto Soap Plant,LN0049,Line-1,2026-07-04 22:00:00,2026-07-04,22,Night,Aloe Vera Liquid Soap,0.84,60.0,11.5,Quality Hold,48.5,50,35,2,33,6.67,94.29,70.0,80.83,85.91,65.48,3.52,27.49,3
PureGlow Soaps International (Fictional Dummy Company),Global Manufacturing Head - PureGlow Soaps,United States (North America),Canada,Toronto,FCT017,Toronto Soap Plant,LN0050,Line-2,2026-07-04 22:00:00,2026-07-04,22,Night,Lavender Bar Soap,0.93,60.0,25.0,Material Shortage,35.0,56,32,2,30,5.68,93.75,57.14,58.33,98.31,53.76,2.97,13.85,3
PureGlow Soaps International (Fictional Dummy Company),Global Manufacturing Head - PureGlow Soaps,United States (North America),Canada,Toronto,FCT017,Toronto Soap Plant,LN0051,Line-3,2026-07-04 22:00:00,2026-07-04,22,Night,Sandalwood Bar Soap,0.99,60.0,1.7,No Downtime,58.3,59,49,2,47,3.92,95.92,83.05,97.17,84.9,79.13,4.37,40.2,3
PureGlow Soaps International (Fictional Dummy Company),Global Manufacturing Head - PureGlow Soaps,United States (North America),Canada,Toronto,FCT017,Toronto Soap Plant,LN0049,Line-1,2026-07-04 23:00:00,2026-07-04,23,Night,Aloe Vera Liquid Soap,0.84,60.0,2.9,No Downtime,57.1,50,44,1,43,3.0,97.73,88.0,95.17,91.74,85.33,4.25,32.23,3
PureGlow Soaps International (Fictional Dummy Company),Global Manufacturing Head - PureGlow Soaps,United States (North America),Canada,Toronto,FCT017,Toronto Soap Plant,LN0050,Line-2,2026-07-04 23:00:00,2026-07-04,23,Night,Lavender Bar Soap,0.93,60.0,10.1,Material Shortage,49.9,56,40,2,38,4.16,95.0,71.43,83.17,86.19,68.1,4.2,19.44,1
PureGlow Soaps International (Fictional Dummy Company),Global Manufacturing Head - PureGlow Soaps,United States (North America),Canada,Toronto,FCT017,Toronto Soap Plant,LN0051,Line-3,2026-07-04 23:00:00,2026-07-04,23,Night,Sandalwood Bar Soap,0.99,60.0,0.9,No Downtime,59.1,59,57,2,55,2.67,96.49,96.61,98.5,97.42,92.59,5.74,36.77,2
PureGlow Soaps International (Fictional Dummy Company),Global Manufacturing Head - PureGlow Soaps,United States (North America),Canada,Toronto,FCT017,Toronto Soap Plant,LN0049,Line-1,2026-07-05 00:00:00,2026-07-05,0,Night,Aloe Vera Liquid Soap,0.84,60.0,13.3,Changeover/Setup,46.7,50,38,1,37,2.47,97.37,76.0,77.83,96.87,73.41,3.94,23.26,2
PureGlow Soaps International (Fictional Dummy Company),Global Manufacturing Head - PureGlow Soaps,United States (North America),Canada,Toronto,FCT017,Toronto Soap Plant,LN0050,Line-2,2026-07-05 00:00:00,2026-07-05,0,Night,Neem Bar Soap,0.93,60.0,1.2,No Downtime,58.8,56,47,2,45,3.93,95.74,83.93,98.0,85.95,80.64,4.41,26.43,1
PureGlow Soaps International (Fictional Dummy Company),Global Manufacturing Head - PureGlow Soaps,United States (North America),Canada,Toronto,FCT017,Toronto Soap Plant,LN0051,Line-3,2026-07-05 00:00:00,2026-07-05,0,Night,Neem Bar Soap,0.99,60.0,14.4,Material Shortage,45.6,59,44,1,43,1.92,97.73,74.58,76.0,97.47,72.4,4.79,32.18,1
PureGlow Soaps International (Fictional Dummy Company),Global Manufacturing Head - PureGlow Soaps,United States (North America),Canada,Toronto,FCT017,Toronto Soap Plant,LN0049,Line-1,2026-07-05 01:00:00,2026-07-05,1,Night,Aloe Vera Liquid Soap,0.84,60.0,35.0,Material Shortage,25.0,50,21,0,21,2.2,100.0,42.0,41.67,100.0,41.67,2.2,13.99,2
PureGlow Soaps International (Fictional Dummy Company),Global Manufacturing Head - PureGlow Soaps,United States (North America),Canada,Toronto,FCT017,Toronto Soap Plant,LN0050,Line-2,2026-07-05 01:00:00,2026-07-05,1,Night,Neem Bar Soap,0.93,60.0,1.2,No Downtime,58.8,56,53,2,51,3.77,96.23,94.64,98.0,96.92,91.4,4.59,25.58,2
PureGlow Soaps International (Fictional Dummy Company),Global Manufacturing Head - PureGlow Soaps,United States (North America),Canada,Toronto,FCT017,Toronto Soap Plant,LN0051,Line-3,2026-07-05 01:00:00,2026-07-05,1,Night,Neem Bar Soap,0.99,60.0,18.5,Staff Shortage,41.5,59,39,1,38,3.52,97.44,66.1,69.17,94.93,63.98,3.41,25.73,2
PureGlow Soaps International (Fictional Dummy Company),Global Manufacturing Head - PureGlow Soaps,United States (North America),Canada,Toronto,FCT017,Toronto Soap Plant,LN0049,Line-1,2026-07-05 02:00:00,2026-07-05,2,Night,Aloe Vera Liquid Soap,0.84,60.0,11.1,Material Shortage,48.9,50,38,2,36,4.7,94.74,76.0,81.5,92.51,71.43,3.79,27.51,3
PureGlow Soaps International (Fictional Dummy Company),Global Manufacturing Head - PureGlow Soaps,United States (North America),Canada,Toronto,FCT017,Toronto Soap Plant,LN0050,Line-2,2026-07-05 02:00:00,2026-07-05,2,Night,Neem Bar Soap,0.93,60.0,1.7,No Downtime,58.3,56,48,1,47,1.83,97.92,85.71,97.17,88.53,84.24,4.8,25.06,2
PureGlow Soaps International (Fictional Dummy Company),Global Manufacturing Head - PureGlow Soaps,United States (North America),Canada,Toronto,FCT017,Toronto Soap Plant,LN0051,Line-3,2026-07-05 02:00:00,2026-07-05,2,Night,Neem Bar Soap,0.99,60.0,10.8,Material Shortage,49.2,59,47,1,46,2.68,97.87,79.66,82.0,96.49,77.44,4.6,29.8,3
PureGlow Soaps International (Fictional Dummy Company),Global Manufacturing Head - PureGlow Soaps,United States (North America),Canada,Toronto,FCT017,Toronto Soap Plant,LN0049,Line-1,2026-07-05 03:00:00,2026-07-05,3,Night,Aloe Vera Liquid Soap,0.84,60.0,2.6,No Downtime,57.4,50,44,1,43,2.94,97.73,88.0,95.67,91.26,85.33,3.75,32.05,2
PureGlow Soaps International (Fictional Dummy Company),Global Manufacturing Head - PureGlow Soaps,United States (North America),Canada,Toronto,FCT017,Toronto Soap Plant,LN0050,Line-2,2026-07-05 03:00:00,2026-07-05,3,Night,Neem Bar Soap,0.93,60.0,12.4,Material Shortage,47.6,56,41,1,40,2.0,97.56,73.21,79.33,92.62,71.68,3.61,22.25,3
PureGlow Soaps International (Fictional Dummy Company),Global Manufacturing Head - PureGlow Soaps,United States (North America),Canada,Toronto,FCT017,Toronto Soap Plant,LN0051,Line-3,2026-07-05 03:00:00,2026-07-05,3,Night,Neem Bar Soap,0.99,60.0,2.4,No Downtime,57.6,59,53,2,51,2.9,96.23,89.83,96.0,92.94,85.86,4.72,36.27,1
PureGlow Soaps International (Fictional Dummy Company),Global Manufacturing Head - PureGlow Soaps,United States (North America),Canada,Toronto,FCT017,Toronto Soap Plant,LN0049,Line-1,2026-07-05 04:00:00,2026-07-05,4,Night,Aloe Vera Liquid Soap,0.84,60.0,2.1,No Downtime,57.9,50,45,2,43,3.77,95.56,90.0,96.5,92.52,85.32,4.91,30.08,3
PureGlow Soaps International (Fictional Dummy Company),Global Manufacturing Head - PureGlow Soaps,United States (North America),Canada,Toronto,FCT017,Toronto Soap Plant,LN0050,Line-2,2026-07-05 04:00:00,2026-07-05,4,Night,Neem Bar Soap,0.93,60.0,22.2,Material Shortage,37.8,56,31,1,30,3.36,96.77,55.36,63.0,88.18,53.76,2.81,15.46,3
PureGlow Soaps International (Fictional Dummy Company),Global Manufacturing Head - PureGlow Soaps,United States (North America),Canada,Toronto,FCT017,Toronto Soap Plant,LN0051,Line-3,2026-07-05 04:00:00,2026-07-05,4,Night,Neem Bar Soap,0.99,60.0,0.6,No Downtime,59.4,59,47,1,46,2.3,97.87,79.66,99.0,79.92,77.44,4.73,41.65,2
PureGlow Soaps International (Fictional Dummy Company),Global Manufacturing Head - PureGlow Soaps,United States (North America),Canada,Toronto,FCT017,Toronto Soap Plant,LN0049,Line-1,2026-07-05 05:00:00,2026-07-05,5,Night,Aloe Vera Liquid Soap,0.84,60.0,16.9,Changeover/Setup,43.1,50,35,1,34,1.94,97.14,70.0,71.83,96.67,67.45,3.38,22.81,2
PureGlow Soaps International (Fictional Dummy Company),Global Manufacturing Head - PureGlow Soaps,United States (North America),Canada,Toronto,FCT017,Toronto Soap Plant,LN0050,Line-2,2026-07-05 05:00:00,2026-07-05,5,Night,Neem Bar Soap,0.93,60.0,20.6,Material Shortage,39.4,56,37,1,36,3.75,97.3,66.07,65.67,100.98,64.52,3.35,15.52,1
PureGlow Soaps International (Fictional Dummy Company),Global Manufacturing Head - PureGlow Soaps,United States (North America),Canada,Toronto,FCT017,Toronto Soap Plant,LN0051,Line-3,2026-07-05 05:00:00,2026-07-05,5,Night,Neem Bar Soap,0.99,60.0,31.0,Material Shortage,29.0,59,26,0,26,1.53,100.0,44.07,48.33,90.56,43.77,2.34,20.27,2
PureGlow Soaps International (Fictional Dummy Company),Global Manufacturing Head - PureGlow Soaps,United States (North America),Canada,Toronto,FCT017,Toronto Soap Plant,LN0049,Line-1,2026-07-05 06:00:00,2026-07-05,6,Morning,Aloe Vera Liquid Soap,0.84,60.0,43.3,Machine Breakdown,16.7,50,13,0,13,3.77,100.0,26.0,27.83,92.67,25.79,1.19,9.31,2
PureGlow Soaps International (Fictional Dummy Company),Global Manufacturing Head - PureGlow Soaps,United States (North America),Canada,Toronto,FCT017,Toronto Soap Plant,LN0050,Line-2,2026-07-05 06:00:00,2026-07-05,6,Morning,Neem Bar Soap,0.93,60.0,3.6,No Downtime,56.4,56,53,0,53,0.67,100.0,94.64,94.0,101.04,94.98,4.54,23.78,1
PureGlow Soaps International (Fictional Dummy Company),Global Manufacturing Head - PureGlow Soaps,United States (North America),Canada,Toronto,FCT017,Toronto Soap Plant,LN0051,Line-3,2026-07-05 06:00:00,2026-07-05,6,Morning,Neem Bar Soap,0.99,60.0,36.2,Machine Breakdown,23.8,59,23,1,22,3.98,95.65,38.98,39.67,97.61,37.04,2.33,16.18,2
PureGlow Soaps International (Fictional Dummy Company),Global Manufacturing Head - PureGlow Soaps,United States (North America),Canada,Toronto,FCT017,Toronto Soap Plant,LN0049,Line-1,2026-07-05 07:00:00,2026-07-05,7,Morning,Aloe Vera Liquid Soap,0.84,60.0,25.1,Machine Breakdown,34.9,50,26,1,25,2.48,96.15,52.0,58.17,88.69,49.6,2.54,20.64,3
PureGlow Soaps International (Fictional Dummy Company),Global Manufacturing Head - PureGlow Soaps,United States (North America),Canada,Toronto,FCT017,Toronto Soap Plant,LN0050,Line-2,2026-07-05 07:00:00,2026-07-05,7,Morning,Neem Bar Soap,0.93,60.0,35.2,Preventive Maintenance,24.8,56,22,1,21,3.73,95.45,39.29,41.33,95.39,37.63,1.93,10.89,2
PureGlow Soaps International (Fictional Dummy Company),Global Manufacturing Head - PureGlow Soaps,United States (North America),Canada,Toronto,FCT017,Toronto Soap Plant,LN0051,Line-3,2026-07-05 07:00:00,2026-07-05,7,Morning,Neem Bar Soap,0.99,60.0,18.4,Quality Hold,41.6,59,39,2,37,6.32,94.87,66.1,69.33,94.7,62.29,3.47,29.32,2
PureGlow Soaps International (Fictional Dummy Company),Global Manufacturing Head - PureGlow Soaps,United States (North America),Canada,Toronto,FCT017,Toronto Soap Plant,LN0049,Line-1,2026-07-05 08:00:00,2026-07-05,8,Morning,Aloe Vera Liquid Soap,0.84,60.0,23.6,Material Shortage,36.4,50,25,1,24,2.91,96.0,50.0,60.67,81.76,47.62,2.3,19.63,2
PureGlow Soaps International (Fictional Dummy Company),Global Manufacturing Head - PureGlow Soaps,United States (North America),Canada,Toronto,FCT017,Toronto Soap Plant,LN0050,Line-2,2026-07-05 08:00:00,2026-07-05,8,Morning,Neem Bar Soap,0.93,60.0,29.0,Preventive Maintenance,31.0,56,26,1,25,3.17,96.15,46.43,51.67,90.18,44.8,2.27,13.48,1
PureGlow Soaps International (Fictional Dummy Company),Global Manufacturing Head - PureGlow Soaps,United States (North America),Canada,Toronto,FCT017,Toronto Soap Plant,LN0051,Line-3,2026-07-05 08:00:00,2026-07-05,8,Morning,Neem Bar Soap,0.99,60.0,0.9,No Downtime,59.1,59,50,1,49,1.49,98.0,84.75,98.5,85.46,82.49,4.99,36.91,2
PureGlow Soaps International (Fictional Dummy Company),Global Manufacturing Head - PureGlow Soaps,United States (North America),Canada,Toronto,FCT017,Toronto Soap Plant,LN0049,Line-1,2026-07-05 09:00:00,2026-07-05,9,Morning,Aloe Vera Liquid Soap,0.84,60.0,29.0,Machine Breakdown,31.0,50,26,1,25,2.78,96.15,52.0,51.67,99.85,49.61,2.24,15.87,1
PureGlow Soaps International (Fictional Dummy Company),Global Manufacturing Head - PureGlow Soaps,United States (North America),Canada,Toronto,FCT017,Toronto Soap Plant,LN0050,Line-2,2026-07-05 09:00:00,2026-07-05,9,Morning,Neem Bar Soap,0.93,60.0,17.1,Changeover/Setup,42.9,56,34,1,33,3.91,97.06,60.71,71.5,85.22,59.14,3.03,17.1,1
PureGlow Soaps International (Fictional Dummy Company),Global Manufacturing Head - PureGlow Soaps,United States (North America),Canada,Toronto,FCT017,Toronto Soap Plant,LN0051,Line-3,2026-07-05 09:00:00,2026-07-05,9,Morning,Neem Bar Soap,0.99,60.0,10.4,Machine Breakdown,49.6,59,45,1,44,1.98,97.78,76.27,82.67,91.64,74.08,4.76,32.37,3
PureGlow Soaps International (Fictional Dummy Company),Global Manufacturing Head - PureGlow Soaps,United States (North America),Canada,Toronto,FCT017,Toronto Soap Plant,LN0049,Line-1,2026-07-05 10:00:00,2026-07-05,10,Morning,Aloe Vera Liquid Soap,0.84,60.0,0.2,No Downtime,59.8,50,46,1,45,2.91,97.83,92.0,99.67,91.58,89.3,4.1,33.45,3
PureGlow Soaps International (Fictional Dummy Company),Global Manufacturing Head - PureGlow Soaps,United States (North America),Canada,Toronto,FCT017,Toronto Soap Plant,LN0050,Line-2,2026-07-05 10:00:00,2026-07-05,10,Morning,Neem Bar Soap,0.93,60.0,12.6,Changeover/Setup,47.4,56,42,0,42,0.45,100.0,75.0,79.0,95.28,75.27,3.78,21.8,3
PureGlow Soaps International (Fictional Dummy Company),Global Manufacturing Head - PureGlow Soaps,United States (North America),Canada,Toronto,FCT017,Toronto Soap Plant,LN0051,Line-3,2026-07-05 10:00:00,2026-07-05,10,Morning,Neem Bar Soap,0.99,60.0,3.7,No Downtime,56.3,59,54,2,52,3.18,96.3,91.53,93.83,96.88,87.54,5.43,34.28,2
PureGlow Soaps International (Fictional Dummy Company),Global Manufacturing Head - PureGlow Soaps,United States (North America),Canada,Toronto,FCT017,Toronto Soap Plant,LN0049,Line-1,2026-07-05 11:00:00,2026-07-05,11,Morning,Aloe Vera Liquid Soap,0.84,60.0,23.5,Material Shortage,36.5,50,30,1,29,3.94,96.67,60.0,60.83,97.85,57.54,3.05,21.73,3
PureGlow Soaps International (Fictional Dummy Company),Global Manufacturing Head - PureGlow Soaps,United States (North America),Canada,Toronto,FCT017,Toronto Soap Plant,LN0050,Line-2,2026-07-05 11:00:00,2026-07-05,11,Morning,Neem Bar Soap,0.93,60.0,1.1,No Downtime,58.9,56,49,1,48,2.06,97.96,87.5,98.17,89.45,86.02,5.38,23.55,2
PureGlow Soaps International (Fictional Dummy Company),Global Manufacturing Head - PureGlow Soaps,United States (North America),Canada,Toronto,FCT017,Toronto Soap Plant,LN0051,Line-3,2026-07-05 11:00:00,2026-07-05,11,Morning,Neem Bar Soap,0.99,60.0,2.4,No Downtime,57.6,59,47,1,46,1.64,97.87,79.66,96.0,82.42,77.44,4.44,35.5,3
PureGlow Soaps International (Fictional Dummy Company),Global Manufacturing Head - PureGlow Soaps,United States (North America),Canada,Toronto,FCT017,Toronto Soap Plant,LN0049,Line-1,2026-07-05 12:00:00,2026-07-05,12,Morning,Aloe Vera Liquid Soap,0.84,60.0,3.9,No Downtime,56.1,50,48,1,47,1.92,97.92,96.0,93.5,101.86,93.26,4.2,33.8,2
PureGlow Soaps International (Fictional Dummy Company),Global Manufacturing Head - PureGlow Soaps,United States (North America),Canada,Toronto,FCT017,Toronto Soap Plant,LN0050,Line-2,2026-07-05 12:00:00,2026-07-05,12,Morning,Neem Bar Soap,0.93,60.0,3.8,No Downtime,56.2,56,51,2,49,3.04,96.08,91.07,93.67,97.58,87.82,5.47,26.0,1
PureGlow Soaps International (Fictional Dummy Company),Global Manufacturing Head - PureGlow Soaps,United States (North America),Canada,Toronto,FCT017,Toronto Soap Plant,LN0051,Line-3,2026-07-05 12:00:00,2026-07-05,12,Morning,Neem Bar Soap,0.99,60.0,44.2,Machine Breakdown,15.8,59,14,0,14,2.89,100.0,23.73,26.33,89.5,23.57,1.43,10.07,2
PureGlow Soaps International (Fictional Dummy Company),Global Manufacturing Head - PureGlow Soaps,United States (North America),Canada,Toronto,FCT017,Toronto Soap Plant,LN0049,Line-1,2026-07-05 13:00:00,2026-07-05,13,Morning,Aloe Vera Liquid Soap,0.84,60.0,32.4,Machine Breakdown,27.6,50,22,1,21,2.82,95.45,44.0,46.0,94.89,41.66,2.29,14.92,1
PureGlow Soaps International (Fictional Dummy Company),Global Manufacturing Head - PureGlow Soaps,United States (North America),Canada,Toronto,FCT017,Toronto Soap Plant,LN0050,Line-2,2026-07-05 13:00:00,2026-07-05,13,Morning,Neem Bar Soap,0.93,60.0,3.8,No Downtime,56.2,56,43,1,42,3.35,97.67,76.79,93.67,82.27,75.27,4.18,26.13,3
PureGlow Soaps International (Fictional Dummy Company),Global Manufacturing Head - PureGlow Soaps,United States (North America),Canada,Toronto,FCT017,Toronto Soap Plant,LN0051,Line-3,2026-07-05 13:00:00,2026-07-05,13,Morning,Neem Bar Soap,0.99,60.0,2.6,No Downtime,57.4,59,55,2,53,3.46,96.36,93.22,95.67,96.79,89.23,5.45,38.32,2
PureGlow Soaps International (Fictional Dummy Company),Global Manufacturing Head - PureGlow Soaps,United States (North America),Canada,Toronto,FCT017,Toronto Soap Plant,LN0049,Line-1,2026-07-05 14:00:00,2026-07-05,14,Afternoon,Aloe Vera Liquid Soap,0.84,60.0,22.6,Preventive Maintenance,37.4,50,30,1,29,3.85,96.67,60.0,62.33,95.49,57.54,2.94,21.24,3
PureGlow Soaps International (Fictional Dummy Company),Global Manufacturing Head - PureGlow Soaps,United States (North America),Canada,Toronto,FCT017,Toronto Soap Plant,LN0050,Line-2,2026-07-05 14:00:00,2026-07-05,14,Afternoon,Neem Bar Soap,0.93,60.0,26.1,Preventive Maintenance,33.9,56,28,1,27,4.2,96.43,50.0,56.5,88.81,48.39,2.67,13.44,3
PureGlow Soaps International (Fictional Dummy Company),Global Manufacturing Head - PureGlow Soaps,United States (North America),Canada,Toronto,FCT017,Toronto Soap Plant,LN0051,Line-3,2026-07-05 14:00:00,2026-07-05,14,Afternoon,Neem Bar Soap,0.99,60.0,0.7,No Downtime,59.3,59,51,1,50,2.47,98.04,86.44,98.83,86.87,84.17,5.48,34.99,2
PureGlow Soaps International (Fictional Dummy Company),Global Manufacturing Head - PureGlow Soaps,United States (North America),Canada,Toronto,FCT017,Toronto Soap Plant,LN0049,Line-1,2026-07-05 15:00:00,2026-07-05,15,Afternoon,Aloe Vera Liquid Soap,0.84,60.0,7.8,Changeover/Setup,52.2,50,41,1,40,3.59,97.56,82.0,87.0,93.5,79.36,3.65,26.19,2
PureGlow Soaps International (Fictional Dummy Company),Global Manufacturing Head - PureGlow Soaps,United States (North America),Canada,Toronto,FCT017,Toronto Soap Plant,LN0050,Line-2,2026-07-05 15:00:00,2026-07-05,15,Afternoon,Neem Bar Soap,0.93,60.0,28.8,Power Outage,31.2,56,24,1,23,3.3,95.83,42.86,52.0,82.71,41.22,2.13,12.24,1
PureGlow Soaps International (Fictional Dummy Company),Global Manufacturing Head - PureGlow Soaps,United States (North America),Canada,Toronto,FCT017,Toronto Soap Plant,LN0051,Line-3,2026-07-05 15:00:00,2026-07-05,15,Afternoon,Neem Bar Soap,0.99,60.0,2.5,No Downtime,57.5,59,56,2,54,2.84,96.43,94.92,95.83,98.38,90.91,5.92,37.02,1
PureGlow Soaps International (Fictional Dummy Company),Global Manufacturing Head - PureGlow Soaps,United States (North America),Canada,Toronto,FCT017,Toronto Soap Plant,LN0049,Line-1,2026-07-05 16:00:00,2026-07-05,16,Afternoon,Aloe Vera Liquid Soap,0.84,60.0,19.8,Preventive Maintenance,40.2,50,33,1,32,4.09,96.97,66.0,67.0,97.73,63.5,3.62,20.47,1
PureGlow Soaps International (Fictional Dummy Company),Global Manufacturing Head - PureGlow Soaps,United States (North America),Canada,Toronto,FCT017,Toronto Soap Plant,LN0050,Line-2,2026-07-05 16:00:00,2026-07-05,16,Afternoon,Neem Bar Soap,0.93,60.0,25.0,Machine Breakdown,35.0,56,33,1,32,3.29,96.97,58.93,58.33,101.38,57.34,3.16,15.98,3
PureGlow Soaps International (Fictional Dummy Company),Global Manufacturing Head - PureGlow Soaps,United States (North America),Canada,Toronto,FCT017,Toronto Soap Plant,LN0051,Line-3,2026-07-05 16:00:00,2026-07-05,16,Afternoon,Neem Bar Soap,0.99,60.0,40.9,Machine Breakdown,19.1,59,17,1,16,4.56,94.12,28.81,31.83,89.9,26.93,1.59,12.41,3
PureGlow Soaps International (Fictional Dummy Company),Global Manufacturing Head - PureGlow Soaps,United States (North America),Canada,Toronto,FCT017,Toronto Soap Plant,LN0049,Line-1,2026-07-05 17:00:00,2026-07-05,17,Afternoon,Aloe Vera Liquid Soap,0.84,60.0,17.9,Changeover/Setup,42.1,50,31,1,30,3.19,96.77,62.0,70.17,87.66,59.52,3.25,22.41,2
PureGlow Soaps International (Fictional Dummy Company),Global Manufacturing Head - PureGlow Soaps,United States (North America),Canada,Toronto,FCT017,Toronto Soap Plant,LN0050,Line-2,2026-07-05 17:00:00,2026-07-05,17,Afternoon,Neem Bar Soap,0.93,60.0,3.3,No Downtime,56.7,56,43,1,42,3.11,97.67,76.79,94.5,81.55,75.27,3.9,23.67,2
PureGlow Soaps International (Fictional Dummy Company),Global Manufacturing Head - PureGlow Soaps,United States (North America),Canada,Toronto,FCT017,Toronto Soap Plant,LN0051,Line-3,2026-07-05 17:00:00,2026-07-05,17,Afternoon,Neem Bar Soap,0.99,60.0,11.6,Changeover/Setup,48.4,59,48,1,47,2.64,97.92,81.36,80.67,100.18,79.13,4.48,31.03,1
PureGlow Soaps International (Fictional Dummy Company),Global Manufacturing Head - PureGlow Soaps,United States (North America),Canada,Toronto,FCT017,Toronto Soap Plant,LN0049,Line-1,2026-07-05 18:00:00,2026-07-05,18,Afternoon,Aloe Vera Liquid Soap,0.84,60.0,36.4,Machine Breakdown,23.6,50,16,1,15,4.77,93.75,32.0,39.33,80.71,29.76,1.62,13.05,2
PureGlow Soaps International (Fictional Dummy Company),Global Manufacturing Head - PureGlow Soaps,United States (North America),Canada,Toronto,FCT017,Toronto Soap Plant,LN0050,Line-2,2026-07-05 18:00:00,2026-07-05,18,Afternoon,Neem Bar Soap,0.93,60.0,3.3,No Downtime,56.7,56,53,3,50,4.98,94.34,94.64,94.5,100.51,89.61,5.13,22.75,1
PureGlow Soaps International (Fictional Dummy Company),Global Manufacturing Head - PureGlow Soaps,United States (North America),Canada,Toronto,FCT017,Toronto Soap Plant,LN0051,Line-3,2026-07-05 18:00:00,2026-07-05,18,Afternoon,Neem Bar Soap,0.99,60.0,19.2,Machine Breakdown,40.8,59,41,1,40,2.77,97.56,69.49,68.0,101.51,67.34,3.58,26.04,3
PureGlow Soaps International (Fictional Dummy Company),Global Manufacturing Head - PureGlow Soaps,United States (North America),Canada,Toronto,FCT017,Toronto Soap Plant,LN0049,Line-1,2026-07-05 19:00:00,2026-07-05,19,Afternoon,Aloe Vera Liquid Soap,0.84,60.0,15.7,Machine Breakdown,44.3,50,34,2,32,5.14,94.12,68.0,73.83,91.37,63.49,3.71,24.71,2
PureGlow Soaps International (Fictional Dummy Company),Global Manufacturing Head - PureGlow Soaps,United States (North America),Canada,Toronto,FCT017,Toronto Soap Plant,LN0050,Line-2,2026-07-05 19:00:00,2026-07-05,19,Afternoon,Neem Bar Soap,0.93,60.0,24.2,Machine Breakdown,35.8,56,28,1,27,2.36,96.43,50.0,59.67,84.1,48.39,2.95,15.59,1
PureGlow Soaps International (Fictional Dummy Company),Global Manufacturing Head - PureGlow Soaps,United States (North America),Canada,Toronto,FCT017,Toronto Soap Plant,LN0051,Line-3,2026-07-05 19:00:00,2026-07-05,19,Afternoon,Neem Bar Soap,0.99,60.0,2.2,No Downtime,57.8,59,49,0,49,0.94,100.0,83.05,96.33,85.63,82.49,4.97,35.62,2
PureGlow Soaps International (Fictional Dummy Company),Global Manufacturing Head - PureGlow Soaps,United States (North America),Canada,Toronto,FCT017,Toronto Soap Plant,LN0049,Line-1,2026-07-05 20:00:00,2026-07-05,20,Afternoon,Aloe Vera Liquid Soap,0.84,60.0,12.8,Quality Hold,47.2,50,35,3,32,9.36,91.43,70.0,78.67,88.28,63.5,3.66,25.17,3
PureGlow Soaps International (Fictional Dummy Company),Global Manufacturing Head - PureGlow Soaps,United States (North America),Canada,Toronto,FCT017,Toronto Soap Plant,LN0050,Line-2,2026-07-05 20:00:00,2026-07-05,20,Afternoon,Neem Bar Soap,0.93,60.0,29.5,Material Shortage,30.5,56,23,1,22,3.55,95.65,41.07,50.83,81.09,39.43,2.04,13.82,2
PureGlow Soaps International (Fictional Dummy Company),Global Manufacturing Head - PureGlow Soaps,United States (North America),Canada,Toronto,FCT017,Toronto Soap Plant,LN0051,Line-3,2026-07-05 20:00:00,2026-07-05,20,Afternoon,Neem Bar Soap,0.99,60.0,12.9,Material Shortage,47.1,59,45,1,44,2.59,97.78,76.27,78.5,96.51,74.08,4.69,30.43,2
PureGlow Soaps International (Fictional Dummy Company),Global Manufacturing Head - PureGlow Soaps,United States (North America),Canada,Toronto,FCT017,Toronto Soap Plant,LN0049,Line-1,2026-07-05 21:00:00,2026-07-05,21,Afternoon,Aloe Vera Liquid Soap,0.84,60.0,5.2,Changeover/Setup,54.8,50,43,1,42,3.04,97.67,86.0,91.33,93.41,83.32,4.33,31.09,3
PureGlow Soaps International (Fictional Dummy Company),Global Manufacturing Head - PureGlow Soaps,United States (North America),Canada,Toronto,FCT017,Toronto Soap Plant,LN0050,Line-2,2026-07-05 21:00:00,2026-07-05,21,Afternoon,Neem Bar Soap,0.93,60.0,14.7,Changeover/Setup,45.3,56,34,2,32,5.21,94.12,60.71,75.5,80.7,57.35,3.15,20.68,1
PureGlow Soaps International (Fictional Dummy Company),Global Manufacturing Head - PureGlow Soaps,United States (North America),Canada,Toronto,FCT017,Toronto Soap Plant,LN0051,Line-3,2026-07-05 21:00:00,2026-07-05,21,Afternoon,Neem Bar Soap,0.99,60.0,30.7,Material Shortage,29.3,59,30,1,29,4.73,96.67,50.85,48.83,103.42,48.82,3.25,17.87,3
PureGlow Soaps International (Fictional Dummy Company),Global Manufacturing Head - PureGlow Soaps,United States (North America),Canada,Toronto,FCT017,Toronto Soap Plant,LN0049,Line-1,2026-07-05 22:00:00,2026-07-05,22,Night,Aloe Vera Liquid Soap,0.84,60.0,13.0,Staff Shortage,47.0,50,36,2,34,4.88,94.44,72.0,78.33,91.19,67.46,3.87,24.16,2
PureGlow Soaps International (Fictional Dummy Company),Global Manufacturing Head - PureGlow Soaps,United States (North America),Canada,Toronto,FCT017,Toronto Soap Plant,LN0050,Line-2,2026-07-05 22:00:00,2026-07-05,22,Night,Neem Bar Soap,0.93,60.0,20.0,Machine Breakdown,40.0,56,37,2,35,4.38,94.59,66.07,66.67,99.46,62.72,3.18,17.2,2
PureGlow Soaps International (Fictional Dummy Company),Global Manufacturing Head - PureGlow Soaps,United States (North America),Canada,Toronto,FCT017,Toronto Soap Plant,LN0051,Line-3,2026-07-05 22:00:00,2026-07-05,22,Night,Neem Bar Soap,0.99,60.0,2.5,No Downtime,57.5,59,50,1,49,1.62,98.0,84.75,95.83,87.83,82.48,5.01,37.27,1
PureGlow Soaps International (Fictional Dummy Company),Global Manufacturing Head - PureGlow Soaps,United States (North America),Canada,Toronto,FCT017,Toronto Soap Plant,LN0049,Line-1,2026-07-05 23:00:00,2026-07-05,23,Night,Aloe Vera Liquid Soap,0.84,60.0,13.7,Quality Hold,46.3,50,32,3,29,10.1,90.62,64.0,77.17,82.28,57.54,3.2,24.39,1
PureGlow Soaps International (Fictional Dummy Company),Global Manufacturing Head - PureGlow Soaps,United States (North America),Canada,Toronto,FCT017,Toronto Soap Plant,LN0050,Line-2,2026-07-05 23:00:00,2026-07-05,23,Night,Neem Bar Soap,0.93,60.0,4.0,No Downtime,56.0,56,50,3,47,5.28,94.0,89.29,93.33,96.01,84.23,4.55,23.29,3
PureGlow Soaps International (Fictional Dummy Company),Global Manufacturing Head - PureGlow Soaps,United States (North America),Canada,Toronto,FCT017,Toronto Soap Plant,LN0051,Line-3,2026-07-05 23:00:00,2026-07-05,23,Night,Neem Bar Soap,0.99,60.0,3.2,No Downtime,56.8,59,46,2,44,3.37,95.65,77.97,94.67,81.8,74.07,4.72,33.82,2
PureGlow Soaps International (Fictional Dummy Company),Global Manufacturing Head - PureGlow Soaps,United States (North America),Canada,Toronto,FCT017,Toronto Soap Plant,LN0049,Line-1,2026-07-06 00:00:00,2026-07-06,0,Night,Lavender Bar Soap,0.84,60.0,17.8,Changeover/Setup,42.2,50,31,0,31,1.57,100.0,62.0,70.33,87.45,61.5,3.24,21.1,3
PureGlow Soaps International (Fictional Dummy Company),Global Manufacturing Head - PureGlow Soaps,United States (North America),Canada,Toronto,FCT017,Toronto Soap Plant,LN0050,Line-2,2026-07-06 00:00:00,2026-07-06,0,Night,Coconut Bar Soap,0.93,60.0,4.0,No Downtime,56.0,56,52,3,49,6.01,94.23,92.86,93.33,99.85,87.81,4.47,23.41,2
PureGlow Soaps International (Fictional Dummy Company),Global Manufacturing Head - PureGlow Soaps,United States (North America),Canada,Toronto,FCT017,Toronto Soap Plant,LN0051,Line-3,2026-07-06 00:00:00,2026-07-06,0,Night,Sandalwood Bar Soap,0.99,60.0,17.9,Preventive Maintenance,42.1,59,37,0,37,0.6,100.0,62.71,70.17,88.77,62.29,3.21,29.6,2
PureGlow Soaps International (Fictional Dummy Company),Global Manufacturing Head - PureGlow Soaps,United States (North America),Canada,Toronto,FCT017,Toronto Soap Plant,LN0049,Line-1,2026-07-06 01:00:00,2026-07-06,1,Night,Lavender Bar Soap,0.84,60.0,10.4,Changeover/Setup,49.6,50,36,1,35,3.34,97.22,72.0,82.67,86.41,69.45,3.6,28.42,3
PureGlow Soaps International (Fictional Dummy Company),Global Manufacturing Head - PureGlow Soaps,United States (North America),Canada,Toronto,FCT017,Toronto Soap Plant,LN0050,Line-2,2026-07-06 01:00:00,2026-07-06,1,Night,Coconut Bar Soap,0.93,60.0,16.1,Quality Hold,43.9,56,35,3,32,7.7,91.43,62.5,73.17,85.73,57.35,3.53,18.25,2
PureGlow Soaps International (Fictional Dummy Company),Global Manufacturing Head - PureGlow Soaps,United States (North America),Canada,Toronto,FCT017,Toronto Soap Plant,LN0051,Line-3,2026-07-06 01:00:00,2026-07-06,1,Night,Sandalwood Bar Soap,0.99,60.0,0.6,No Downtime,59.4,59,55,2,53,3.94,96.36,93.22,99.0,93.53,89.22,5.97,39.37,1
PureGlow Soaps International (Fictional Dummy Company),Global Manufacturing Head - PureGlow Soaps,United States (North America),Canada,Toronto,FCT017,Toronto Soap Plant,LN0049,Line-1,2026-07-06 02:00:00,2026-07-06,2,Night,Lavender Bar Soap,0.84,60.0,0.2,No Downtime,59.8,50,51,2,49,3.15,96.08,102.0,99.67,101.53,97.23,4.71,32.07,1
PureGlow Soaps International (Fictional Dummy Company),Global Manufacturing Head - PureGlow Soaps,United States (North America),Canada,Toronto,FCT017,Toronto Soap Plant,LN0050,Line-2,2026-07-06 02:00:00,2026-07-06,2,Night,Coconut Bar Soap,0.93,60.0,3.2,No Downtime,56.8,56,51,2,49,2.99,96.08,91.07,94.67,96.55,87.82,4.94,22.12,3
PureGlow Soaps International (Fictional Dummy Company),Global Manufacturing Head - PureGlow Soaps,United States (North America),Canada,Toronto,FCT017,Toronto Soap Plant,LN0051,Line-3,2026-07-06 02:00:00,2026-07-06,2,Night,Sandalwood Bar Soap,0.99,60.0,2.2,No Downtime,57.8,59,47,2,45,3.49,95.74,79.66,96.33,82.14,75.75,4.49,38.69,1
PureGlow Soaps International (Fictional Dummy Company),Global Manufacturing Head - PureGlow Soaps,United States (North America),Canada,Toronto,FCT017,Toronto Soap Plant,LN0049,Line-1,2026-07-06 03:00:00,2026-07-06,3,Night,Lavender Bar Soap,0.84,60.0,13.0,Quality Hold,47.0,50,39,3,36,7.05,92.31,78.0,78.33,98.78,71.42,3.34,24.28,3
PureGlow Soaps International (Fictional Dummy Company),Global Manufacturing Head - PureGlow Soaps,United States (North America),Canada,Toronto,FCT017,Toronto Soap Plant,LN0050,Line-2,2026-07-06 03:00:00,2026-07-06,3,Night,Coconut Bar Soap,0.93,60.0,8.7,Staff Shortage,51.3,56,44,1,43,2.97,97.73,78.57,85.5,92.23,77.07,3.96,22.92,2
PureGlow Soaps International (Fictional Dummy Company),Global Manufacturing Head - PureGlow Soaps,United States (North America),Canada,Toronto,FCT017,Toronto Soap Plant,LN0051,Line-3,2026-07-06 03:00:00,2026-07-06,3,Night,Sandalwood Bar Soap,0.99,60.0,21.6,Material Shortage,38.4,59,35,0,35,1.17,100.0,59.32,64.0,92.07,58.92,3.61,25.11,1
PureGlow Soaps International (Fictional Dummy Company),Global Manufacturing Head - PureGlow Soaps,United States (North America),Canada,Toronto,FCT017,Toronto Soap Plant,LN0049,Line-1,2026-07-06 04:00:00,2026-07-06,4,Night,Lavender Bar Soap,0.84,60.0,16.2,Quality Hold,43.8,50,37,2,35,5.86,94.59,74.0,73.0,100.57,69.44,3.59,22.86,3
PureGlow Soaps International (Fictional Dummy Company),Global Manufacturing Head - PureGlow Soaps,United States (North America),Canada,Toronto,FCT017,Toronto Soap Plant,LN0050,Line-2,2026-07-06 04:00:00,2026-07-06,4,Night,Coconut Bar Soap,0.93,60.0,1.5,No Downtime,58.5,56,49,2,47,3.49,95.92,87.5,97.5,90.07,84.24,4.84,25.11,1
PureGlow Soaps International (Fictional Dummy Company),Global Manufacturing Head - PureGlow Soaps,United States (North America),Canada,Toronto,FCT017,Toronto Soap Plant,LN0051,Line-3,2026-07-06 04:00:00,2026-07-06,4,Night,Sandalwood Bar Soap,0.99,60.0,2.3,No Downtime,57.7,59,49,2,47,3.42,95.92,83.05,96.17,85.78,79.13,4.43,38.64,1
PureGlow Soaps International (Fictional Dummy Company),Global Manufacturing Head - PureGlow Soaps,United States (North America),Canada,Toronto,FCT017,Toronto Soap Plant,LN0049,Line-1,2026-07-06 05:00:00,2026-07-06,5,Night,Lavender Bar Soap,0.84,60.0,3.3,No Downtime,56.7,50,46,1,45,2.02,97.83,92.0,94.5,96.58,89.29,4.75,31.57,1
PureGlow Soaps International (Fictional Dummy Company),Global Manufacturing Head - PureGlow Soaps,United States (North America),Canada,Toronto,FCT017,Toronto Soap Plant,LN0050,Line-2,2026-07-06 05:00:00,2026-07-06,5,Night,Coconut Bar Soap,0.93,60.0,36.7,Machine Breakdown,23.3,56,18,1,17,3.2,94.44,32.14,38.83,83.07,30.46,1.55,9.13,2
PureGlow Soaps International (Fictional Dummy Company),Global Manufacturing Head - PureGlow Soaps,United States (North America),Canada,Toronto,FCT017,Toronto Soap Plant,LN0051,Line-3,2026-07-06 05:00:00,2026-07-06,5,Night,Sandalwood Bar Soap,0.99,60.0,19.9,Changeover/Setup,40.1,59,38,0,38,1.15,100.0,64.41,66.83,95.72,63.97,3.45,27.52,1
PureGlow Soaps International (Fictional Dummy Company),Global Manufacturing Head - PureGlow Soaps,United States (North America),Canada,Toronto,FCT017,Toronto Soap Plant,LN0049,Line-1,2026-07-06 06:00:00,2026-07-06,6,Morning,Lavender Bar Soap,0.84,60.0,12.5,Material Shortage,47.5,50,39,1,38,2.88,97.44,78.0,79.17,97.74,75.4,3.69,28.17,3
PureGlow Soaps International (Fictional Dummy Company),Global Manufacturing Head - PureGlow Soaps,United States (North America),Canada,Toronto,FCT017,Toronto Soap Plant,LN0050,Line-2,2026-07-06 06:00:00,2026-07-06,6,Morning,Coconut Bar Soap,0.93,60.0,2.8,No Downtime,57.2,56,45,2,43,3.45,95.56,80.36,95.33,84.59,77.06,4.39,25.35,3
PureGlow Soaps International (Fictional Dummy Company),Global Manufacturing Head - PureGlow Soaps,United States (North America),Canada,Toronto,FCT017,Toronto Soap Plant,LN0051,Line-3,2026-07-06 06:00:00,2026-07-06,6,Morning,Sandalwood Bar Soap,0.99,60.0,6.9,Changeover/Setup,53.1,59,48,2,46,4.2,95.83,81.36,88.5,91.31,77.44,4.85,34.23,2
PureGlow Soaps International (Fictional Dummy Company),Global Manufacturing Head - PureGlow Soaps,United States (North America),Canada,Toronto,FCT017,Toronto Soap Plant,LN0049,Line-1,2026-07-06 07:00:00,2026-07-06,7,Morning,Lavender Bar Soap,0.84,60.0,14.8,Changeover/Setup,45.2,50,37,1,36,3.94,97.3,74.0,75.33,97.45,71.43,4.04,27.47,1
PureGlow Soaps International (Fictional Dummy Company),Global Manufacturing Head - PureGlow Soaps,United States (North America),Canada,Toronto,FCT017,Toronto Soap Plant,LN0050,Line-2,2026-07-06 07:00:00,2026-07-06,7,Morning,Coconut Bar Soap,0.93,60.0,32.4,Machine Breakdown,27.6,56,22,1,21,2.64,95.45,39.29,46.0,85.71,37.63,2.23,10.66,1
PureGlow Soaps International (Fictional Dummy Company),Global Manufacturing Head - PureGlow Soaps,United States (North America),Canada,Toronto,FCT017,Toronto Soap Plant,LN0051,Line-3,2026-07-06 07:00:00,2026-07-06,7,Morning,Sandalwood Bar Soap,0.99,60.0,12.8,Material Shortage,47.2,59,41,2,39,4.04,95.12,69.49,78.67,87.74,65.66,4.22,28.8,3
PureGlow Soaps International (Fictional Dummy Company),Global Manufacturing Head - PureGlow Soaps,United States (North America),Canada,Toronto,FCT017,Toronto Soap Plant,LN0049,Line-1,2026-07-06 08:00:00,2026-07-06,8,Morning,Lavender Bar Soap,0.84,60.0,2.7,No Downtime,57.3,50,49,2,47,3.66,95.92,98.0,95.5,101.8,93.25,5.08,29.37,3
PureGlow Soaps International (Fictional Dummy Company),Global Manufacturing Head - PureGlow Soaps,United States (North America),Canada,Toronto,FCT017,Toronto Soap Plant,LN0050,Line-2,2026-07-06 08:00:00,2026-07-06,8,Morning,Coconut Bar Soap,0.93,60.0,24.6,Machine Breakdown,35.4,56,33,0,33,1.31,100.0,58.93,59.0,100.24,59.14,3.4,13.68,1
PureGlow Soaps International (Fictional Dummy Company),Global Manufacturing Head - PureGlow Soaps,United States (North America),Canada,Toronto,FCT017,Toronto Soap Plant,LN0051,Line-3,2026-07-06 08:00:00,2026-07-06,8,Morning,Sandalwood Bar Soap,0.99,60.0,26.7,Preventive Maintenance,33.3,59,31,1,30,2.43,96.77,52.54,55.5,94.03,50.5,3.07,20.06,2
PureGlow Soaps International (Fictional Dummy Company),Global Manufacturing Head - PureGlow Soaps,United States (North America),Canada,Toronto,FCT017,Toronto Soap Plant,LN0049,Line-1,2026-07-06 09:00:00,2026-07-06,9,Morning,Lavender Bar Soap,0.84,60.0,28.7,Machine Breakdown,31.3,50,24,1,23,4.96,95.83,48.0,52.17,91.28,45.63,2.32,17.18,1
PureGlow Soaps International (Fictional Dummy Company),Global Manufacturing Head - PureGlow Soaps,United States (North America),Canada,Toronto,FCT017,Toronto Soap Plant,LN0050,Line-2,2026-07-06 09:00:00,2026-07-06,9,Morning,Coconut Bar Soap,0.93,60.0,8.9,Changeover/Setup,51.1,56,43,1,42,2.86,97.67,76.79,85.17,90.48,75.27,3.96,22.31,3
PureGlow Soaps International (Fictional Dummy Company),Global Manufacturing Head - PureGlow Soaps,United States (North America),Canada,Toronto,FCT017,Toronto Soap Plant,LN0051,Line-3,2026-07-06 09:00:00,2026-07-06,9,Morning,Sandalwood Bar Soap,0.99,60.0,2.0,No Downtime,58.0,59,54,1,53,2.42,98.15,91.53,96.67,94.04,89.23,5.4,35.39,3
PureGlow Soaps International (Fictional Dummy Company),Global Manufacturing Head - PureGlow Soaps,United States (North America),Canada,Toronto,FCT017,Toronto Soap Plant,LN0049,Line-1,2026-07-06 10:00:00,2026-07-06,10,Morning,Lavender Bar Soap,0.84,60.0,8.6,Power Outage,51.4,50,41,1,40,2.63,97.56,82.0,85.67,94.96,79.37,3.64,30.71,2
PureGlow Soaps International (Fictional Dummy Company),Global Manufacturing Head - PureGlow Soaps,United States (North America),Canada,Toronto,FCT017,Toronto Soap Plant,LN0050,Line-2,2026-07-06 10:00:00,2026-07-06,10,Morning,Coconut Bar Soap,0.93,60.0,22.2,Machine Breakdown,37.8,56,32,2,30,5.09,93.75,57.14,63.0,91.03,53.76,3.14,17.27,3
PureGlow Soaps International (Fictional Dummy Company),Global Manufacturing Head - PureGlow Soaps,United States (North America),Canada,Toronto,FCT017,Toronto Soap Plant,LN0051,Line-3,2026-07-06 10:00:00,2026-07-06,10,Morning,Sandalwood Bar Soap,0.99,60.0,11.5,Changeover/Setup,48.5,59,45,0,45,0.7,100.0,76.27,80.83,93.72,75.75,4.28,30.64,3
PureGlow Soaps International (Fictional Dummy Company),Global Manufacturing Head - PureGlow Soaps,United States (North America),Canada,Toronto,FCT017,Toronto Soap Plant,LN0049,Line-1,2026-07-06 11:00:00,2026-07-06,11,Morning,Lavender Bar Soap,0.84,60.0,1.8,No Downtime,58.2,50,42,1,41,2.22,97.62,84.0,97.0,85.91,81.35,3.58,33.15,3
PureGlow Soaps International (Fictional Dummy Company),Global Manufacturing Head - PureGlow Soaps,United States (North America),Canada,Toronto,FCT017,Toronto Soap Plant,LN0050,Line-2,2026-07-06 11:00:00,2026-07-06,11,Morning,Coconut Bar Soap,0.93,60.0,28.7,Material Shortage,31.3,56,24,0,24,0.42,100.0,42.86,52.17,82.45,43.01,2.51,13.47,3
PureGlow Soaps International (Fictional Dummy Company),Global Manufacturing Head - PureGlow Soaps,United States (North America),Canada,Toronto,FCT017,Toronto Soap Plant,LN0051,Line-3,2026-07-06 11:00:00,2026-07-06,11,Morning,Sandalwood Bar Soap,0.99,60.0,11.1,Machine Breakdown,48.9,59,45,2,43,3.86,95.56,76.27,81.5,92.95,72.39,4.48,29.3,1
PureGlow Soaps International (Fictional Dummy Company),Global Manufacturing Head - PureGlow Soaps,United States (North America),Canada,Toronto,FCT017,Toronto Soap Plant,LN0049,Line-1,2026-07-06 12:00:00,2026-07-06,12,Morning,Lavender Bar Soap,0.84,60.0,7.0,Changeover/Setup,53.0,50,40,2,38,4.65,95.0,80.0,88.33,89.85,75.4,4.29,27.12,2
PureGlow Soaps International (Fictional Dummy Company),Global Manufacturing Head - PureGlow Soaps,United States (North America),Canada,Toronto,FCT017,Toronto Soap Plant,LN0050,Line-2,2026-07-06 12:00:00,2026-07-06,12,Morning,Coconut Bar Soap,0.93,60.0,0.6,No Downtime,59.4,56,52,2,50,4.44,96.15,92.86,99.0,94.13,89.6,4.82,27.57,3
PureGlow Soaps International (Fictional Dummy Company),Global Manufacturing Head - PureGlow Soaps,United States (North America),Canada,Toronto,FCT017,Toronto Soap Plant,LN0051,Line-3,2026-07-06 12:00:00,2026-07-06,12,Morning,Sandalwood Bar Soap,0.99,60.0,27.6,Material Shortage,32.4,59,29,0,29,0.0,100.0,49.15,54.0,90.41,48.82,2.74,20.15,3
PureGlow Soaps International (Fictional Dummy Company),Global Manufacturing Head - PureGlow Soaps,United States (North America),Canada,Toronto,FCT017,Toronto Soap Plant,LN0049,Line-1,2026-07-06 13:00:00,2026-07-06,13,Morning,Lavender Bar Soap,0.84,60.0,2.1,No Downtime,57.9,50,42,0,42,0.77,100.0,84.0,96.5,86.36,83.34,3.69,32.86,3
PureGlow Soaps International (Fictional Dummy Company),Global Manufacturing Head - PureGlow Soaps,United States (North America),Canada,Toronto,FCT017,Toronto Soap Plant,LN0050,Line-2,2026-07-06 13:00:00,2026-07-06,13,Morning,Coconut Bar Soap,0.93,60.0,0.0,No Downtime,60.0,56,50,1,49,2.01,98.0,89.29,100.0,89.61,87.82,5.08,27.69,1
PureGlow Soaps International (Fictional Dummy Company),Global Manufacturing Head - PureGlow Soaps,United States (North America),Canada,Toronto,FCT017,Toronto Soap Plant,LN0051,Line-3,2026-07-06 13:00:00,2026-07-06,13,Morning,Sandalwood Bar Soap,0.99,60.0,43.7,Machine Breakdown,16.3,59,15,1,14,3.59,93.33,25.42,27.17,92.95,23.57,1.33,10.92,1
PureGlow Soaps International (Fictional Dummy Company),Global Manufacturing Head - PureGlow Soaps,United States (North America),Canada,Toronto,FCT017,Toronto Soap Plant,LN0049,Line-1,2026-07-06 14:00:00,2026-07-06,14,Afternoon,Lavender Bar Soap,0.84,60.0,15.7,Preventive Maintenance,44.3,50,35,1,34,3.73,97.14,70.0,73.83,94.06,67.46,3.53,24.28,2
PureGlow Soaps International (Fictional Dummy Company),Global Manufacturing Head - PureGlow Soaps,United States (North America),Canada,Toronto,FCT017,Toronto Soap Plant,LN0050,Line-2,2026-07-06 14:00:00,2026-07-06,14,Afternoon,Coconut Bar Soap,0.93,60.0,20.7,Staff Shortage,39.3,56,32,2,30,4.85,93.75,57.14,65.5,87.55,53.76,3.07,17.21,3
PureGlow Soaps International (Fictional Dummy Company),Global Manufacturing Head - PureGlow Soaps,United States (North America),Canada,Toronto,FCT017,Toronto Soap Plant,LN0051,Line-3,2026-07-06 14:00:00,2026-07-06,14,Afternoon,Sandalwood Bar Soap,0.99,60.0,2.3,No Downtime,57.7,59,49,1,48,2.0,97.96,83.05,96.17,85.78,80.81,4.8,41.16,1
PureGlow Soaps International (Fictional Dummy Company),Global Manufacturing Head - PureGlow Soaps,United States (North America),Canada,Toronto,FCT017,Toronto Soap Plant,LN0049,Line-1,2026-07-06 15:00:00,2026-07-06,15,Afternoon,Lavender Bar Soap,0.84,60.0,2.4,No Downtime,57.6,50,40,2,38,4.11,95.0,80.0,96.0,82.67,75.4,3.41,33.83,1
PureGlow Soaps International (Fictional Dummy Company),Global Manufacturing Head - PureGlow Soaps,United States (North America),Canada,Toronto,FCT017,Toronto Soap Plant,LN0050,Line-2,2026-07-06 15:00:00,2026-07-06,15,Afternoon,Coconut Bar Soap,0.93,60.0,14.6,Quality Hold,45.4,56,35,3,32,7.35,91.43,62.5,75.67,82.9,57.35,3.13,18.58,2
PureGlow Soaps International (Fictional Dummy Company),Global Manufacturing Head - PureGlow Soaps,United States (North America),Canada,Toronto,FCT017,Toronto Soap Plant,LN0051,Line-3,2026-07-06 15:00:00,2026-07-06,15,Afternoon,Sandalwood Bar Soap,0.99,60.0,6.3,Changeover/Setup,53.7,59,52,1,51,2.69,98.08,88.14,89.5,97.81,85.86,5.08,35.55,3
PureGlow Soaps International (Fictional Dummy Company),Global Manufacturing Head - PureGlow Soaps,United States (North America),Canada,Toronto,FCT017,Toronto Soap Plant,LN0049,Line-1,2026-07-06 16:00:00,2026-07-06,16,Afternoon,Lavender Bar Soap,0.84,60.0,1.2,No Downtime,58.8,50,49,1,48,1.26,97.96,98.0,98.0,99.21,95.24,4.59,33.02,2
PureGlow Soaps International (Fictional Dummy Company),Global Manufacturing Head - PureGlow Soaps,United States (North America),Canada,Toronto,FCT017,Toronto Soap Plant,LN0050,Line-2,2026-07-06 16:00:00,2026-07-06,16,Afternoon,Coconut Bar Soap,0.93,60.0,38.5,Machine Breakdown,21.5,56,19,0,19,1.18,100.0,33.93,35.83,95.02,34.05,1.64,9.71,3
PureGlow Soaps International (Fictional Dummy Company),Global Manufacturing Head - PureGlow Soaps,United States (North America),Canada,Toronto,FCT017,Toronto Soap Plant,LN0051,Line-3,2026-07-06 16:00:00,2026-07-06,16,Afternoon,Sandalwood Bar Soap,0.99,60.0,20.7,Machine Breakdown,39.3,59,35,1,34,3.23,97.14,59.32,65.5,89.96,57.24,3.44,23.54,1
PureGlow Soaps International (Fictional Dummy Company),Global Manufacturing Head - PureGlow Soaps,United States (North America),Canada,Toronto,FCT017,Toronto Soap Plant,LN0049,Line-1,2026-07-06 17:00:00,2026-07-06,17,Afternoon,Lavender Bar Soap,0.84,60.0,27.0,Preventive Maintenance,33.0,50,27,1,26,2.25,96.3,54.0,55.0,97.4,51.59,2.88,18.21,3
PureGlow Soaps International (Fictional Dummy Company),Global Manufacturing Head - PureGlow Soaps,United States (North America),Canada,Toronto,FCT017,Toronto Soap Plant,LN0050,Line-2,2026-07-06 17:00:00,2026-07-06,17,Afternoon,Coconut Bar Soap,0.93,60.0,1.3,No Downtime,58.7,56,55,2,53,3.9,96.36,98.21,97.83,100.75,94.98,4.77,24.26,3
PureGlow Soaps International (Fictional Dummy Company),Global Manufacturing Head - PureGlow Soaps,United States (North America),Canada,Toronto,FCT017,Toronto Soap Plant,LN0051,Line-3,2026-07-06 17:00:00,2026-07-06,17,Afternoon,Sandalwood Bar Soap,0.99,60.0,2.5,No Downtime,57.5,59,47,1,46,2.44,97.87,79.66,95.83,82.56,77.43,4.9,36.44,3
PureGlow Soaps International (Fictional Dummy Company),Global Manufacturing Head - PureGlow Soaps,United States (North America),Canada,Toronto,FCT017,Toronto Soap Plant,LN0049,Line-1,2026-07-06 18:00:00,2026-07-06,18,Afternoon,Lavender Bar Soap,0.84,60.0,18.2,Power Outage,41.8,50,30,1,29,1.88,96.67,60.0,69.67,85.44,57.54,3.23,23.09,2
PureGlow Soaps International (Fictional Dummy Company),Global Manufacturing Head - PureGlow Soaps,United States (North America),Canada,Toronto,FCT017,Toronto Soap Plant,LN0050,Line-2,2026-07-06 18:00:00,2026-07-06,18,Afternoon,Coconut Bar Soap,0.93,60.0,6.2,Power Outage,53.8,56,45,1,44,2.41,97.78,80.36,89.67,89.94,78.86,4.37,21.62,2
PureGlow Soaps International (Fictional Dummy Company),Global Manufacturing Head - PureGlow Soaps,United States (North America),Canada,Toronto,FCT017,Toronto Soap Plant,LN0051,Line-3,2026-07-06 18:00:00,2026-07-06,18,Afternoon,Sandalwood Bar Soap,0.99,60.0,18.9,Material Shortage,41.1,59,37,1,36,2.51,97.3,62.71,68.5,90.93,60.61,3.43,29.06,1
PureGlow Soaps International (Fictional Dummy Company),Global Manufacturing Head - PureGlow Soaps,United States (North America),Canada,Toronto,FCT017,Toronto Soap Plant,LN0049,Line-1,2026-07-06 19:00:00,2026-07-06,19,Afternoon,Lavender Bar Soap,0.84,60.0,2.4,No Downtime,57.6,50,42,1,41,2.02,97.62,84.0,96.0,86.81,81.35,4.37,34.73,2
PureGlow Soaps International (Fictional Dummy Company),Global Manufacturing Head - PureGlow Soaps,United States (North America),Canada,Toronto,FCT017,Toronto Soap Plant,LN0050,Line-2,2026-07-06 19:00:00,2026-07-06,19,Afternoon,Coconut Bar Soap,0.93,60.0,0.1,No Downtime,59.9,56,45,2,43,3.35,95.56,80.36,99.83,80.78,77.06,4.66,23.91,3
PureGlow Soaps International (Fictional Dummy Company),Global Manufacturing Head - PureGlow Soaps,United States (North America),Canada,Toronto,FCT017,Toronto Soap Plant,LN0051,Line-3,2026-07-06 19:00:00,2026-07-06,19,Afternoon,Sandalwood Bar Soap,0.99,60.0,1.0,No Downtime,59.0,59,47,1,46,2.27,97.87,79.66,98.33,80.47,77.44,5.0,34.82,2
PureGlow Soaps International (Fictional Dummy Company),Global Manufacturing Head - PureGlow Soaps,United States (North America),Canada,Toronto,FCT017,Toronto Soap Plant,LN0049,Line-1,2026-07-06 20:00:00,2026-07-06,20,Afternoon,Lavender Bar Soap,0.84,60.0,11.4,Machine Breakdown,48.6,50,36,1,35,3.85,97.22,72.0,81.0,88.18,69.44,3.21,27.53,3
PureGlow Soaps International (Fictional Dummy Company),Global Manufacturing Head - PureGlow Soaps,United States (North America),Canada,Toronto,FCT017,Toronto Soap Plant,LN0050,Line-2,2026-07-06 20:00:00,2026-07-06,20,Afternoon,Coconut Bar Soap,0.93,60.0,2.9,No Downtime,57.1,56,46,2,44,3.55,95.65,82.14,95.17,86.62,78.85,3.96,24.22,1
PureGlow Soaps International (Fictional Dummy Company),Global Manufacturing Head - PureGlow Soaps,United States (North America),Canada,Toronto,FCT017,Toronto Soap Plant,LN0051,Line-3,2026-07-06 20:00:00,2026-07-06,20,Afternoon,Sandalwood Bar Soap,0.99,60.0,1.8,No Downtime,58.2,59,58,1,57,1.55,98.28,98.31,97.0,100.66,95.96,6.08,35.87,1
PureGlow Soaps International (Fictional Dummy Company),Global Manufacturing Head - PureGlow Soaps,United States (North America),Canada,Toronto,FCT017,Toronto Soap Plant,LN0049,Line-1,2026-07-06 21:00:00,2026-07-06,21,Afternoon,Lavender Bar Soap,0.84,60.0,13.9,Changeover/Setup,46.1,50,33,1,32,2.61,96.97,66.0,76.83,85.22,63.49,3.14,25.9,3
PureGlow Soaps International (Fictional Dummy Company),Global Manufacturing Head - PureGlow Soaps,United States (North America),Canada,Toronto,FCT017,Toronto Soap Plant,LN0050,Line-2,2026-07-06 21:00:00,2026-07-06,21,Afternoon,Coconut Bar Soap,0.93,60.0,5.0,Changeover/Setup,55.0,56,49,1,48,1.84,97.96,87.5,91.67,95.8,86.03,4.32,23.42,2
PureGlow Soaps International (Fictional Dummy Company),Global Manufacturing Head - PureGlow Soaps,United States (North America),Canada,Toronto,FCT017,Toronto Soap Plant,LN0051,Line-3,2026-07-06 21:00:00,2026-07-06,21,Afternoon,Sandalwood Bar Soap,0.99,60.0,35.0,Material Shortage,25.0,59,24,0,24,0.0,100.0,40.68,41.67,96.97,40.41,2.45,16.53,1
PureGlow Soaps International (Fictional Dummy Company),Global Manufacturing Head - PureGlow Soaps,United States (North America),Canada,Toronto,FCT017,Toronto Soap Plant,LN0049,Line-1,2026-07-06 22:00:00,2026-07-06,22,Night,Lavender Bar Soap,0.84,60.0,3.5,No Downtime,56.5,50,44,2,42,4.26,95.45,88.0,94.17,92.71,83.33,4.84,30.04,3
PureGlow Soaps International (Fictional Dummy Company),Global Manufacturing Head - PureGlow Soaps,United States (North America),Canada,Toronto,FCT017,Toronto Soap Plant,LN0050,Line-2,2026-07-06 22:00:00,2026-07-06,22,Night,Coconut Bar Soap,0.93,60.0,3.1,No Downtime,56.9,56,48,3,45,5.71,93.75,85.71,94.83,90.71,80.64,4.98,22.91,1
PureGlow Soaps International (Fictional Dummy Company),Global Manufacturing Head - PureGlow Soaps,United States (North America),Canada,Toronto,FCT017,Toronto Soap Plant,LN0051,Line-3,2026-07-06 22:00:00,2026-07-06,22,Night,Sandalwood Bar Soap,0.99,60.0,18.2,Changeover/Setup,41.8,59,40,2,38,4.03,95.0,67.8,69.67,96.66,63.98,4.34,24.86,1
PureGlow Soaps International (Fictional Dummy Company),Global Manufacturing Head - PureGlow Soaps,United States (North America),Canada,Toronto,FCT017,Toronto Soap Plant,LN0049,Line-1,2026-07-06 23:00:00,2026-07-06,23,Night,Lavender Bar Soap,0.84,60.0,26.2,Preventive Maintenance,33.8,50,26,1,25,4.08,96.15,52.0,56.33,91.58,49.6,2.43,18.2,2
PureGlow Soaps International (Fictional Dummy Company),Global Manufacturing Head - PureGlow Soaps,United States (North America),Canada,Toronto,FCT017,Toronto Soap Plant,LN0050,Line-2,2026-07-06 23:00:00,2026-07-06,23,Night,Coconut Bar Soap,0.93,60.0,1.5,No Downtime,58.5,56,55,2,53,3.13,96.36,98.21,97.5,101.09,94.98,5.83,25.69,3
PureGlow Soaps International (Fictional Dummy Company),Global Manufacturing Head - PureGlow Soaps,United States (North America),Canada,Toronto,FCT017,Toronto Soap Plant,LN0051,Line-3,2026-07-06 23:00:00,2026-07-06,23,Night,Sandalwood Bar Soap,0.99,60.0,1.3,No Downtime,58.7,59,49,2,47,4.73,95.92,83.05,97.83,84.32,79.12,4.41,35.15,1
PureGlow Soaps International (Fictional Dummy Company),Global Manufacturing Head - PureGlow Soaps,United States (North America),Canada,Toronto,FCT017,Toronto Soap Plant,LN0049,Line-1,2026-07-07 00:00:00,2026-07-07,0,Night,Sandalwood Bar Soap,0.84,60.0,0.9,No Downtime,59.1,50,43,0,43,0.76,100.0,86.0,98.5,86.62,85.32,4.31,32.17,1
PureGlow Soaps International (Fictional Dummy Company),Global Manufacturing Head - PureGlow Soaps,United States (North America),Canada,Toronto,FCT017,Toronto Soap Plant,LN0050,Line-2,2026-07-07 00:00:00,2026-07-07,0,Night,Lemon Bar Soap,0.93,60.0,14.0,Material Shortage,46.0,56,38,1,37,3.8,97.37,67.86,76.67,88.83,66.31,3.93,20.19,3
PureGlow Soaps International (Fictional Dummy Company),Global Manufacturing Head - PureGlow Soaps,United States (North America),Canada,Toronto,FCT017,Toronto Soap Plant,LN0051,Line-3,2026-07-07 00:00:00,2026-07-07,0,Night,Lemon Bar Soap,0.99,60.0,1.1,No Downtime,58.9,59,59,2,57,4.22,96.61,100.0,98.17,101.18,95.96,6.15,38.23,3
PureGlow Soaps International (Fictional Dummy Company),Global Manufacturing Head - PureGlow Soaps,United States (North America),Canada,Toronto,FCT017,Toronto Soap Plant,LN0049,Line-1,2026-07-07 01:00:00,2026-07-07,1,Night,Sandalwood Bar Soap,0.84,60.0,0.6,No Downtime,59.4,50,46,1,45,2.22,97.83,92.0,99.0,92.19,89.29,3.98,35.95,3
PureGlow Soaps International (Fictional Dummy Company),Global Manufacturing Head - PureGlow Soaps,United States (North America),Canada,Toronto,FCT017,Toronto Soap Plant,LN0050,Line-2,2026-07-07 01:00:00,2026-07-07,1,Night,Lemon Bar Soap,0.93,60.0,5.4,Changeover/Setup,54.6,56,48,0,48,0.85,100.0,85.71,91.0,94.53,86.02,5.04,21.14,1
PureGlow Soaps International (Fictional Dummy Company),Global Manufacturing Head - PureGlow Soaps,United States (North America),Canada,Toronto,FCT017,Toronto Soap Plant,LN0051,Line-3,2026-07-07 01:00:00,2026-07-07,1,Night,Lemon Bar Soap,0.99,60.0,24.6,Staff Shortage,35.4,59,30,1,29,2.81,96.67,50.85,59.0,85.6,48.82,3.12,21.57,2
PureGlow Soaps International (Fictional Dummy Company),Global Manufacturing Head - PureGlow Soaps,United States (North America),Canada,Toronto,FCT017,Toronto Soap Plant,LN0049,Line-1,2026-07-07 02:00:00,2026-07-07,2,Night,Sandalwood Bar Soap,0.84,60.0,6.3,Changeover/Setup,53.7,50,46,1,45,2.81,97.83,92.0,89.5,101.98,89.29,4.59,30.11,2
PureGlow Soaps International (Fictional Dummy Company),Global Manufacturing Head - PureGlow Soaps,United States (North America),Canada,Toronto,FCT017,Toronto Soap Plant,LN0050,Line-2,2026-07-07 02:00:00,2026-07-07,2,Night,Lemon Bar Soap,0.93,60.0,12.9,Changeover/Setup,47.1,56,36,1,35,3.21,97.22,64.29,78.5,82.19,62.73,3.94,21.42,3
PureGlow Soaps International (Fictional Dummy Company),Global Manufacturing Head - PureGlow Soaps,United States (North America),Canada,Toronto,FCT017,Toronto Soap Plant,LN0051,Line-3,2026-07-07 02:00:00,2026-07-07,2,Night,Lemon Bar Soap,0.99,60.0,2.6,No Downtime,57.4,59,48,0,48,0.45,100.0,81.36,95.67,84.47,80.81,4.33,39.41,1
PureGlow Soaps International (Fictional Dummy Company),Global Manufacturing Head - PureGlow Soaps,United States (North America),Canada,Toronto,FCT017,Toronto Soap Plant,LN0049,Line-1,2026-07-07 03:00:00,2026-07-07,3,Night,Sandalwood Bar Soap,0.84,60.0,24.3,Material Shortage,35.7,50,29,2,27,5.31,93.1,58.0,59.5,96.71,53.57,3.14,20.29,3
PureGlow Soaps International (Fictional Dummy Company),Global Manufacturing Head - PureGlow Soaps,United States (North America),Canada,Toronto,FCT017,Toronto Soap Plant,LN0050,Line-2,2026-07-07 03:00:00,2026-07-07,3,Night,Lemon Bar Soap,0.93,60.0,35.1,Machine Breakdown,24.9,56,23,0,23,0.0,100.0,41.07,41.5,99.32,41.22,2.26,9.73,3
PureGlow Soaps International (Fictional Dummy Company),Global Manufacturing Head - PureGlow Soaps,United States (North America),Canada,Toronto,FCT017,Toronto Soap Plant,LN0051,Line-3,2026-07-07 03:00:00,2026-07-07,3,Night,Lemon Bar Soap,0.99,60.0,6.4,Power Outage,53.6,59,53,1,52,1.76,98.11,89.83,89.33,99.88,87.54,5.07,34.03,2
PureGlow Soaps International (Fictional Dummy Company),Global Manufacturing Head - PureGlow Soaps,United States (North America),Canada,Toronto,FCT017,Toronto Soap Plant,LN0049,Line-1,2026-07-07 04:00:00,2026-07-07,4,Night,Sandalwood Bar Soap,0.84,60.0,14.2,Changeover/Setup,45.8,50,39,1,38,3.52,97.44,78.0,76.33,101.37,75.39,4.14,23.57,3
PureGlow Soaps International (Fictional Dummy Company),Global Manufacturing Head - PureGlow Soaps,United States (North America),Canada,Toronto,FCT017,Toronto Soap Plant,LN0050,Line-2,2026-07-07 04:00:00,2026-07-07,4,Night,Lemon Bar Soap,0.93,60.0,10.5,Material Shortage,49.5,56,45,2,43,3.43,95.56,80.36,82.5,97.75,77.06,4.04,22.44,1
PureGlow Soaps International (Fictional Dummy Company),Global Manufacturing Head - PureGlow Soaps,United States (North America),Canada,Toronto,FCT017,Toronto Soap Plant,LN0051,Line-3,2026-07-07 04:00:00,2026-07-07,4,Night,Lemon Bar Soap,0.99,60.0,1.5,No Downtime,58.5,59,53,0,53,0.0,100.0,89.83,97.5,91.51,89.22,4.84,36.51,2
PureGlow Soaps International (Fictional Dummy Company),Global Manufacturing Head - PureGlow Soaps,United States (North America),Canada,Toronto,FCT017,Toronto Soap Plant,LN0049,Line-1,2026-07-07 05:00:00,2026-07-07,5,Night,Sandalwood Bar Soap,0.84,60.0,23.7,Staff Shortage,36.3,50,31,1,30,4.8,96.77,62.0,60.5,101.67,59.52,2.89,20.9,3
PureGlow Soaps International (Fictional Dummy Company),Global Manufacturing Head - PureGlow Soaps,United States (North America),Canada,Toronto,FCT017,Toronto Soap Plant,LN0050,Line-2,2026-07-07 05:00:00,2026-07-07,5,Night,Lemon Bar Soap,0.93,60.0,42.1,Machine Breakdown,17.9,56,14,0,14,2.55,100.0,25.0,29.83,84.1,25.09,1.4,6.85,2
PureGlow Soaps International (Fictional Dummy Company),Global Manufacturing Head - PureGlow Soaps,United States (North America),Canada,Toronto,FCT017,Toronto Soap Plant,LN0051,Line-3,2026-07-07 05:00:00,2026-07-07,5,Night,Lemon Bar Soap,0.99,60.0,12.5,Machine Breakdown,47.5,59,44,2,42,3.99,95.45,74.58,79.17,93.57,70.71,3.94,28.49,3
PureGlow Soaps International (Fictional Dummy Company),Global Manufacturing Head - PureGlow Soaps,United States (North America),Canada,Toronto,FCT017,Toronto Soap Plant,LN0049,Line-1,2026-07-07 06:00:00,2026-07-07,6,Morning,Sandalwood Bar Soap,0.84,60.0,0.7,No Downtime,59.3,50,43,1,42,2.01,97.67,86.0,98.83,86.32,83.32,4.24,31.39,2
PureGlow Soaps International (Fictional Dummy Company),Global Manufacturing Head - PureGlow Soaps,United States (North America),Canada,Toronto,FCT017,Toronto Soap Plant,LN0050,Line-2,2026-07-07 06:00:00,2026-07-07,6,Morning,Lemon Bar Soap,0.93,60.0,0.6,No Downtime,59.4,56,45,1,44,2.57,97.78,80.36,99.0,81.46,78.86,4.79,26.91,1
PureGlow Soaps International (Fictional Dummy Company),Global Manufacturing Head - PureGlow Soaps,United States (North America),Canada,Toronto,FCT017,Toronto Soap Plant,LN0051,Line-3,2026-07-07 06:00:00,2026-07-07,6,Morning,Lemon Bar Soap,0.99,60.0,1.7,No Downtime,58.3,59,48,2,46,3.57,95.83,81.36,97.17,83.16,77.44,5.27,37.99,3
PureGlow Soaps International (Fictional Dummy Company),Global Manufacturing Head - PureGlow Soaps,United States (North America),Canada,Toronto,FCT017,Toronto Soap Plant,LN0049,Line-1,2026-07-07 07:00:00,2026-07-07,7,Morning,Sandalwood Bar Soap,0.84,60.0,28.0,Material Shortage,32.0,50,25,1,24,2.11,96.0,50.0,53.33,93.01,47.62,2.63,17.84,3
PureGlow Soaps International (Fictional Dummy Company),Global Manufacturing Head - PureGlow Soaps,United States (North America),Canada,Toronto,FCT017,Toronto Soap Plant,LN0050,Line-2,2026-07-07 07:00:00,2026-07-07,7,Morning,Lemon Bar Soap,0.93,60.0,1.1,No Downtime,58.9,56,55,1,54,2.59,98.18,98.21,98.17,100.41,96.78,5.76,25.52,3
PureGlow Soaps International (Fictional Dummy Company),Global Manufacturing Head - PureGlow Soaps,United States (North America),Canada,Toronto,FCT017,Toronto Soap Plant,LN0051,Line-3,2026-07-07 07:00:00,2026-07-07,7,Morning,Lemon Bar Soap,0.99,60.0,6.6,Staff Shortage,53.4,59,50,1,49,1.22,98.0,84.75,89.0,94.58,82.49,4.4,37.6,1
PureGlow Soaps International (Fictional Dummy Company),Global Manufacturing Head - PureGlow Soaps,United States (North America),Canada,Toronto,FCT017,Toronto Soap Plant,LN0049,Line-1,2026-07-07 08:00:00,2026-07-07,8,Morning,Sandalwood Bar Soap,0.84,60.0,2.7,No Downtime,57.3,50,46,1,45,2.19,97.83,92.0,95.5,95.57,89.29,4.93,29.53,1
PureGlow Soaps International (Fictional Dummy Company),Global Manufacturing Head - PureGlow Soaps,United States (North America),Canada,Toronto,FCT017,Toronto Soap Plant,LN0050,Line-2,2026-07-07 08:00:00,2026-07-07,8,Morning,Lemon Bar Soap,0.93,60.0,0.0,No Downtime,60.0,56,45,2,43,4.31,95.56,80.36,100.0,80.65,77.07,4.93,26.06,2
PureGlow Soaps International (Fictional Dummy Company),Global Manufacturing Head - PureGlow Soaps,United States (North America),Canada,Toronto,FCT017,Toronto Soap Plant,LN0051,Line-3,2026-07-07 08:00:00,2026-07-07,8,Morning,Lemon Bar Soap,0.99,60.0,24.5,Machine Breakdown,35.5,59,33,1,32,3.5,96.97,55.93,59.17,93.9,53.88,3.06,21.86,1
PureGlow Soaps International (Fictional Dummy Company),Global Manufacturing Head - PureGlow Soaps,United States (North America),Canada,Toronto,FCT017,Toronto Soap Plant,LN0049,Line-1,2026-07-07 09:00:00,2026-07-07,9,Morning,Sandalwood Bar Soap,0.84,60.0,1.2,No Downtime,58.8,50,42,1,41,2.79,97.62,84.0,98.0,85.03,81.35,3.76,35.48,3
PureGlow Soaps International (Fictional Dummy Company),Global Manufacturing Head - PureGlow Soaps,United States (North America),Canada,Toronto,FCT017,Toronto Soap Plant,LN0050,Line-2,2026-07-07 09:00:00,2026-07-07,9,Morning,Lemon Bar Soap,0.93,60.0,1.0,No Downtime,59.0,56,47,2,45,4.27,95.74,83.93,98.33,85.66,80.64,4.82,27.56,3
PureGlow Soaps International (Fictional Dummy Company),Global Manufacturing Head - PureGlow Soaps,United States (North America),Canada,Toronto,FCT017,Toronto Soap Plant,LN0051,Line-3,2026-07-07 09:00:00,2026-07-07,9,Morning,Lemon Bar Soap,0.99,60.0,15.4,Changeover/Setup,44.6,59,40,1,39,3.04,97.5,67.8,74.33,90.59,65.65,3.89,26.96,3
PureGlow Soaps International (Fictional Dummy Company),Global Manufacturing Head - PureGlow Soaps,United States (North America),Canada,Toronto,FCT017,Toronto Soap Plant,LN0049,Line-1,2026-07-07 10:00:00,2026-07-07,10,Morning,Sandalwood Bar Soap,0.84,60.0,8.1,Power Outage,51.9,50,37,1,36,3.36,97.3,74.0,86.5,84.87,71.43,3.41,29.18,2
PureGlow Soaps International (Fictional Dummy Company),Global Manufacturing Head - PureGlow Soaps,United States (North America),Canada,Toronto,FCT017,Toronto Soap Plant,LN0050,Line-2,2026-07-07 10:00:00,2026-07-07,10,Morning,Lemon Bar Soap,0.93,60.0,17.0,Machine Breakdown,43.0,56,40,1,39,3.08,97.5,71.43,71.67,100.03,69.9,3.46,16.9,2
PureGlow Soaps International (Fictional Dummy Company),Global Manufacturing Head - PureGlow Soaps,United States (North America),Canada,Toronto,FCT017,Toronto Soap Plant,LN0051,Line-3,2026-07-07 10:00:00,2026-07-07,10,Morning,Lemon Bar Soap,0.99,60.0,4.0,No Downtime,56.0,59,53,2,51,3.01,96.23,89.83,93.33,95.6,85.86,4.62,37.1,2
PureGlow Soaps International (Fictional Dummy Company),Global Manufacturing Head - PureGlow Soaps,United States (North America),Canada,Toronto,FCT017,Toronto Soap Plant,LN0049,Line-1,2026-07-07 11:00:00,2026-07-07,11,Morning,Sandalwood Bar Soap,0.84,60.0,7.3,Power Outage,52.7,50,37,1,36,3.29,97.3,74.0,87.83,83.58,71.43,3.35,29.22,1
PureGlow Soaps International (Fictional Dummy Company),Global Manufacturing Head - PureGlow Soaps,United States (North America),Canada,Toronto,FCT017,Toronto Soap Plant,LN0050,Line-2,2026-07-07 11:00:00,2026-07-07,11,Morning,Lemon Bar Soap,0.93,60.0,3.9,No Downtime,56.1,56,45,2,43,4.3,95.56,80.36,93.5,86.25,77.06,4.69,23.74,1
PureGlow Soaps International (Fictional Dummy Company),Global Manufacturing Head - PureGlow Soaps,United States (North America),Canada,Toronto,FCT017,Toronto Soap Plant,LN0051,Line-3,2026-07-07 11:00:00,2026-07-07,11,Morning,Lemon Bar Soap,0.99,60.0,0.6,No Downtime,59.4,59,53,1,52,2.13,98.11,89.83,99.0,90.13,87.54,4.71,39.2,2
PureGlow Soaps International (Fictional Dummy Company),Global Manufacturing Head - PureGlow Soaps,United States (North America),Canada,Toronto,FCT017,Toronto Soap Plant,LN0049,Line-1,2026-07-07 12:00:00,2026-07-07,12,Morning,Sandalwood Bar Soap,0.84,60.0,3.1,No Downtime,56.9,50,47,2,45,3.35,95.74,94.0,94.83,98.33,89.27,4.67,33.68,3
PureGlow Soaps International (Fictional Dummy Company),Global Manufacturing Head - PureGlow Soaps,United States (North America),Canada,Toronto,FCT017,Toronto Soap Plant,LN0050,Line-2,2026-07-07 12:00:00,2026-07-07,12,Morning,Lemon Bar Soap,0.93,60.0,1.9,No Downtime,58.1,56,46,2,44,3.62,95.65,82.14,96.83,85.13,78.85,4.11,24.86,1
PureGlow Soaps International (Fictional Dummy Company),Global Manufacturing Head - PureGlow Soaps,United States (North America),Canada,Toronto,FCT017,Toronto Soap Plant,LN0051,Line-3,2026-07-07 12:00:00,2026-07-07,12,Morning,Lemon Bar Soap,0.99,60.0,23.3,Staff Shortage,36.7,59,31,1,30,3.37,96.77,52.54,61.17,85.32,50.5,3.35,23.16,1
PureGlow Soaps International (Fictional Dummy Company),Global Manufacturing Head - PureGlow Soaps,United States (North America),Canada,Toronto,FCT017,Toronto Soap Plant,LN0049,Line-1,2026-07-07 13:00:00,2026-07-07,13,Morning,Sandalwood Bar Soap,0.84,60.0,42.0,Machine Breakdown,18.0,50,14,0,14,1.98,100.0,28.0,30.0,92.59,27.78,1.51,10.43,1
PureGlow Soaps International (Fictional Dummy Company),Global Manufacturing Head - PureGlow Soaps,United States (North America),Canada,Toronto,FCT017,Toronto Soap Plant,LN0050,Line-2,2026-07-07 13:00:00,2026-07-07,13,Morning,Lemon Bar Soap,0.93,60.0,7.3,Changeover/Setup,52.7,56,49,2,47,3.14,95.92,87.5,87.83,99.98,84.23,5.19,20.67,1
PureGlow Soaps International (Fictional Dummy Company),Global Manufacturing Head - PureGlow Soaps,United States (North America),Canada,Toronto,FCT017,Toronto Soap Plant,LN0051,Line-3,2026-07-07 13:00:00,2026-07-07,13,Morning,Lemon Bar Soap,0.99,60.0,10.0,Material Shortage,50.0,59,49,1,48,3.04,97.96,83.05,83.33,98.99,80.81,4.97,34.59,3
PureGlow Soaps International (Fictional Dummy Company),Global Manufacturing Head - PureGlow Soaps,United States (North America),Canada,Toronto,FCT017,Toronto Soap Plant,LN0049,Line-1,2026-07-07 14:00:00,2026-07-07,14,Afternoon,Sandalwood Bar Soap,0.84,60.0,17.5,Machine Breakdown,42.5,50,36,1,35,2.05,97.22,72.0,70.83,100.84,69.44,3.88,22.3,1
PureGlow Soaps International (Fictional Dummy Company),Global Manufacturing Head - PureGlow Soaps,United States (North America),Canada,Toronto,FCT017,Toronto Soap Plant,LN0050,Line-2,2026-07-07 14:00:00,2026-07-07,14,Afternoon,Lemon Bar Soap,0.93,60.0,43.8,Machine Breakdown,16.2,56,15,0,15,1.13,100.0,26.79,27.0,99.56,26.88,1.6,6.75,1
PureGlow Soaps International (Fictional Dummy Company),Global Manufacturing Head - PureGlow Soaps,United States (North America),Canada,Toronto,FCT017,Toronto Soap Plant,LN0051,Line-3,2026-07-07 14:00:00,2026-07-07,14,Afternoon,Lemon Bar Soap,0.99,60.0,3.3,No Downtime,56.7,59,50,1,49,2.34,98.0,84.75,94.5,89.07,82.49,4.77,39.8,1
PureGlow Soaps International (Fictional Dummy Company),Global Manufacturing Head - PureGlow Soaps,United States (North America),Canada,Toronto,FCT017,Toronto Soap Plant,LN0049,Line-1,2026-07-07 15:00:00,2026-07-07,15,Afternoon,Sandalwood Bar Soap,0.84,60.0,11.6,Material Shortage,48.4,50,33,1,32,2.17,96.97,66.0,80.67,81.17,63.5,3.02,26.66,3
PureGlow Soaps International (Fictional Dummy Company),Global Manufacturing Head - PureGlow Soaps,United States (North America),Canada,Toronto,FCT017,Toronto Soap Plant,LN0050,Line-2,2026-07-07 15:00:00,2026-07-07,15,Afternoon,Lemon Bar Soap,0.93,60.0,13.1,Changeover/Setup,46.9,56,41,0,41,0.61,100.0,73.21,78.17,94.0,73.48,4.22,18.47,2
PureGlow Soaps International (Fictional Dummy Company),Global Manufacturing Head - PureGlow Soaps,United States (North America),Canada,Toronto,FCT017,Toronto Soap Plant,LN0051,Line-3,2026-07-07 15:00:00,2026-07-07,15,Afternoon,Lemon Bar Soap,0.99,60.0,0.9,No Downtime,59.1,59,49,2,47,3.87,95.92,83.05,98.5,83.75,79.13,4.83,35.13,1
PureGlow Soaps International (Fictional Dummy Company),Global Manufacturing Head - PureGlow Soaps,United States (North America),Canada,Toronto,FCT017,Toronto Soap Plant,LN0049,Line-1,2026-07-07 16:00:00,2026-07-07,16,Afternoon,Sandalwood Bar Soap,0.84,60.0,10.5,Material Shortage,49.5,50,36,1,35,1.85,97.22,72.0,82.5,86.58,69.44,3.86,27.92,1
PureGlow Soaps International (Fictional Dummy Company),Global Manufacturing Head - PureGlow Soaps,United States (North America),Canada,Toronto,FCT017,Toronto Soap Plant,LN0050,Line-2,2026-07-07 16:00:00,2026-07-07,16,Afternoon,Lemon Bar Soap,0.93,60.0,17.1,Staff Shortage,42.9,56,35,1,34,3.72,97.14,62.5,71.5,87.73,60.93,3.58,19.64,3
PureGlow Soaps International (Fictional Dummy Company),Global Manufacturing Head - PureGlow Soaps,United States (North America),Canada,Toronto,FCT017,Toronto Soap Plant,LN0051,Line-3,2026-07-07 16:00:00,2026-07-07,16,Afternoon,Lemon Bar Soap,0.99,60.0,0.7,No Downtime,59.3,59,56,2,54,3.3,96.43,94.92,98.83,95.39,90.91,5.29,42.34,3
PureGlow Soaps International (Fictional Dummy Company),Global Manufacturing Head - PureGlow Soaps,United States (North America),Canada,Toronto,FCT017,Toronto Soap Plant,LN0049,Line-1,2026-07-07 17:00:00,2026-07-07,17,Afternoon,Sandalwood Bar Soap,0.84,60.0,28.9,Power Outage,31.1,50,27,1,26,2.44,96.3,54.0,51.83,103.35,51.58,2.81,17.66,2
PureGlow Soaps International (Fictional Dummy Company),Global Manufacturing Head - PureGlow Soaps,United States (North America),Canada,Toronto,FCT017,Toronto Soap Plant,LN0050,Line-2,2026-07-07 17:00:00,2026-07-07,17,Afternoon,Lemon Bar Soap,0.93,60.0,2.4,No Downtime,57.6,56,50,1,49,1.67,98.0,89.29,96.0,93.34,87.81,4.28,22.92,2
PureGlow Soaps International (Fictional Dummy Company),Global Manufacturing Head - PureGlow Soaps,United States (North America),Canada,Toronto,FCT017,Toronto Soap Plant,LN0051,Line-3,2026-07-07 17:00:00,2026-07-07,17,Afternoon,Lemon Bar Soap,0.99,60.0,2.9,No Downtime,57.1,59,53,1,52,2.34,98.11,89.83,95.17,93.76,87.54,5.06,33.73,2
PureGlow Soaps International (Fictional Dummy Company),Global Manufacturing Head - PureGlow Soaps,United States (North America),Canada,Toronto,FCT017,Toronto Soap Plant,LN0049,Line-1,2026-07-07 18:00:00,2026-07-07,18,Afternoon,Sandalwood Bar Soap,0.84,60.0,1.3,No Downtime,58.7,50,41,1,40,3.21,97.56,82.0,97.83,83.15,79.36,4.37,30.2,3
PureGlow Soaps International (Fictional Dummy Company),Global Manufacturing Head - PureGlow Soaps,United States (North America),Canada,Toronto,FCT017,Toronto Soap Plant,LN0050,Line-2,2026-07-07 18:00:00,2026-07-07,18,Afternoon,Lemon Bar Soap,0.93,60.0,12.1,Changeover/Setup,47.9,56,38,1,37,3.54,97.37,67.86,79.83,85.3,66.3,3.79,21.37,1
PureGlow Soaps International (Fictional Dummy Company),Global Manufacturing Head - PureGlow Soaps,United States (North America),Canada,Toronto,FCT017,Toronto Soap Plant,LN0051,Line-3,2026-07-07 18:00:00,2026-07-07,18,Afternoon,Lemon Bar Soap,0.99,60.0,0.8,No Downtime,59.2,59,47,1,46,1.59,97.87,79.66,98.67,80.19,77.44,4.59,35.08,3
PureGlow Soaps International (Fictional Dummy Company),Global Manufacturing Head - PureGlow Soaps,United States (North America),Canada,Toronto,FCT017,Toronto Soap Plant,LN0049,Line-1,2026-07-07 19:00:00,2026-07-07,19,Afternoon,Sandalwood Bar Soap,0.84,60.0,18.3,Preventive Maintenance,41.7,50,32,1,31,2.65,96.88,64.0,69.5,91.36,61.51,3.2,24.46,3
PureGlow Soaps International (Fictional Dummy Company),Global Manufacturing Head - PureGlow Soaps,United States (North America),Canada,Toronto,FCT017,Toronto Soap Plant,LN0050,Line-2,2026-07-07 19:00:00,2026-07-07,19,Afternoon,Lemon Bar Soap,0.93,60.0,28.1,Preventive Maintenance,31.9,56,24,1,23,3.38,95.83,42.86,53.17,80.9,41.22,2.26,13.9,2
PureGlow Soaps International (Fictional Dummy Company),Global Manufacturing Head - PureGlow Soaps,United States (North America),Canada,Toronto,FCT017,Toronto Soap Plant,LN0051,Line-3,2026-07-07 19:00:00,2026-07-07,19,Afternoon,Lemon Bar Soap,0.99,60.0,9.3,Changeover/Setup,50.7,59,47,2,45,4.51,95.74,79.66,84.5,93.64,75.76,4.61,34.02,1
PureGlow Soaps International (Fictional Dummy Company),Global Manufacturing Head - PureGlow Soaps,United States (North America),Canada,Toronto,FCT017,Toronto Soap Plant,LN0049,Line-1,2026-07-07 20:00:00,2026-07-07,20,Afternoon,Sandalwood Bar Soap,0.84,60.0,15.3,Material Shortage,44.7,50,34,0,34,1.42,100.0,68.0,74.5,90.55,67.46,3.23,23.1,3
PureGlow Soaps International (Fictional Dummy Company),Global Manufacturing Head - PureGlow Soaps,United States (North America),Canada,Toronto,FCT017,Toronto Soap Plant,LN0050,Line-2,2026-07-07 20:00:00,2026-07-07,20,Afternoon,Lemon Bar Soap,0.93,60.0,2.7,No Downtime,57.3,56,54,1,53,1.54,98.15,96.43,95.5,101.33,94.98,5.36,25.85,3
PureGlow Soaps International (Fictional Dummy Company),Global Manufacturing Head - PureGlow Soaps,United States (North America),Canada,Toronto,FCT017,Toronto Soap Plant,LN0051,Line-3,2026-07-07 20:00:00,2026-07-07,20,Afternoon,Lemon Bar Soap,0.99,60.0,0.8,No Downtime,59.2,59,52,2,50,4.48,96.15,88.14,98.67,88.73,84.18,4.65,36.35,3
PureGlow Soaps International (Fictional Dummy Company),Global Manufacturing Head - PureGlow Soaps,United States (North America),Canada,Toronto,FCT017,Toronto Soap Plant,LN0049,Line-1,2026-07-07 21:00:00,2026-07-07,21,Afternoon,Sandalwood Bar Soap,0.84,60.0,42.6,Machine Breakdown,17.4,50,14,0,14,2.46,100.0,28.0,29.0,95.79,27.78,1.21,9.13,3
PureGlow Soaps International (Fictional Dummy Company),Global Manufacturing Head - PureGlow Soaps,United States (North America),Canada,Toronto,FCT017,Toronto Soap Plant,LN0050,Line-2,2026-07-07 21:00:00,2026-07-07,21,Afternoon,Lemon Bar Soap,0.93,60.0,24.9,Material Shortage,35.1,56,28,1,27,2.63,96.43,50.0,58.5,85.78,48.39,2.96,13.58,3
PureGlow Soaps International (Fictional Dummy Company),Global Manufacturing Head - PureGlow Soaps,United States (North America),Canada,Toronto,FCT017,Toronto Soap Plant,LN0051,Line-3,2026-07-07 21:00:00,2026-07-07,21,Afternoon,Lemon Bar Soap,0.99,60.0,14.3,Staff Shortage,45.7,59,39,2,37,5.17,94.87,66.1,76.17,86.2,62.29,3.73,28.15,1
PureGlow Soaps International (Fictional Dummy Company),Global Manufacturing Head - PureGlow Soaps,United States (North America),Canada,Toronto,FCT017,Toronto Soap Plant,LN0049,Line-1,2026-07-07 22:00:00,2026-07-07,22,Night,Sandalwood Bar Soap,0.84,60.0,14.5,Power Outage,45.5,50,31,1,30,2.11,96.77,62.0,75.83,81.11,59.52,3.24,24.24,3
PureGlow Soaps International (Fictional Dummy Company),Global Manufacturing Head - PureGlow Soaps,United States (North America),Canada,Toronto,FCT017,Toronto Soap Plant,LN0050,Line-2,2026-07-07 22:00:00,2026-07-07,22,Night,Lemon Bar Soap,0.93,60.0,0.0,No Downtime,60.0,56,56,3,53,5.25,94.64,100.0,100.0,100.36,94.98,5.96,23.24,1
PureGlow Soaps International (Fictional Dummy Company),Global Manufacturing Head - PureGlow Soaps,United States (North America),Canada,Toronto,FCT017,Toronto Soap Plant,LN0051,Line-3,2026-07-07 22:00:00,2026-07-07,22,Night,Lemon Bar Soap,0.99,60.0,13.7,Changeover/Setup,46.3,59,47,2,45,4.28,95.74,79.66,77.17,102.54,75.76,4.7,28.66,1
PureGlow Soaps International (Fictional Dummy Company),Global Manufacturing Head - PureGlow Soaps,United States (North America),Canada,Toronto,FCT017,Toronto Soap Plant,LN0049,Line-1,2026-07-07 23:00:00,2026-07-07,23,Night,Sandalwood Bar Soap,0.84,60.0,1.4,No Downtime,58.6,50,46,1,45,1.15,97.83,92.0,97.67,93.45,89.29,4.42,29.89,2
PureGlow Soaps International (Fictional Dummy Company),Global Manufacturing Head - PureGlow Soaps,United States (North America),Canada,Toronto,FCT017,Toronto Soap Plant,LN0050,Line-2,2026-07-07 23:00:00,2026-07-07,23,Night,Lemon Bar Soap,0.93,60.0,0.7,No Downtime,59.3,56,55,1,54,2.08,98.18,98.21,98.83,99.73,96.77,4.89,24.71,3
PureGlow Soaps International (Fictional Dummy Company),Global Manufacturing Head - PureGlow Soaps,United States (North America),Canada,Toronto,FCT017,Toronto Soap Plant,LN0051,Line-3,2026-07-07 23:00:00,2026-07-07,23,Night,Lemon Bar Soap,0.99,60.0,15.9,Power Outage,44.1,59,41,1,40,1.77,97.56,69.49,73.5,93.91,67.34,4.48,28.63,1
PureGlow Soaps International (Fictional Dummy Company),Global Manufacturing Head - PureGlow Soaps,United States (North America),Canada,Toronto,FCT017,Toronto Soap Plant,LN0049,Line-1,2026-07-08 00:00:00,2026-07-08,0,Night,Sandalwood Bar Soap,0.84,60.0,3.6,No Downtime,56.4,50,45,1,44,2.76,97.78,90.0,94.0,94.98,87.3,3.91,32.1,3
PureGlow Soaps International (Fictional Dummy Company),Global Manufacturing Head - PureGlow Soaps,United States (North America),Canada,Toronto,FCT017,Toronto Soap Plant,LN0050,Line-2,2026-07-08 00:00:00,2026-07-08,0,Night,Neem Bar Soap,0.93,60.0,8.4,Changeover/Setup,51.6,56,43,1,42,2.84,97.67,76.79,86.0,89.61,75.27,4.23,19.83,2
PureGlow Soaps International (Fictional Dummy Company),Global Manufacturing Head - PureGlow Soaps,United States (North America),Canada,Toronto,FCT017,Toronto Soap Plant,LN0051,Line-3,2026-07-08 00:00:00,2026-07-08,0,Night,Lemon Bar Soap,0.99,60.0,8.0,Changeover/Setup,52.0,59,46,1,45,2.72,97.83,77.97,86.67,89.36,75.77,4.08,34.89,3
PureGlow Soaps International (Fictional Dummy Company),Global Manufacturing Head - PureGlow Soaps,United States (North America),Canada,Toronto,FCT017,Toronto Soap Plant,LN0049,Line-1,2026-07-08 01:00:00,2026-07-08,1,Night,Sandalwood Bar Soap,0.84,60.0,16.1,Quality Hold,43.9,50,38,3,35,8.43,92.11,76.0,73.17,103.05,69.45,4.08,25.14,3
PureGlow Soaps International (Fictional Dummy Company),Global Manufacturing Head - PureGlow Soaps,United States (North America),Canada,Toronto,FCT017,Toronto Soap Plant,LN0050,Line-2,2026-07-08 01:00:00,2026-07-08,1,Night,Neem Bar Soap,0.93,60.0,2.0,No Downtime,58.0,56,53,1,52,1.56,98.11,94.64,96.67,98.26,93.19,4.99,26.9,2
PureGlow Soaps International (Fictional Dummy Company),Global Manufacturing Head - PureGlow Soaps,United States (North America),Canada,Toronto,FCT017,Toronto Soap Plant,LN0051,Line-3,2026-07-08 01:00:00,2026-07-08,1,Night,Lemon Bar Soap,0.99,60.0,0.9,No Downtime,59.1,59,49,2,47,4.85,95.92,83.05,98.5,83.75,79.13,5.15,39.1,1
PureGlow Soaps International (Fictional Dummy Company),Global Manufacturing Head - PureGlow Soaps,United States (North America),Canada,Toronto,FCT017,Toronto Soap Plant,LN0049,Line-1,2026-07-08 02:00:00,2026-07-08,2,Night,Sandalwood Bar Soap,0.84,60.0,20.3,Machine Breakdown,39.7,50,34,2,32,5.61,94.12,68.0,66.17,101.96,63.5,3.04,21.63,3
PureGlow Soaps International (Fictional Dummy Company),Global Manufacturing Head - PureGlow Soaps,United States (North America),Canada,Toronto,FCT017,Toronto Soap Plant,LN0050,Line-2,2026-07-08 02:00:00,2026-07-08,2,Night,Neem Bar Soap,0.93,60.0,26.8,Material Shortage,33.2,56,30,0,30,0.86,100.0,53.57,55.33,97.16,53.76,2.95,12.72,2
PureGlow Soaps International (Fictional Dummy Company),Global Manufacturing Head - PureGlow Soaps,United States (North America),Canada,Toronto,FCT017,Toronto Soap Plant,LN0051,Line-3,2026-07-08 02:00:00,2026-07-08,2,Night,Lemon Bar Soap,0.99,60.0,1.6,No Downtime,58.4,59,53,2,51,3.47,96.23,89.83,97.33,91.67,85.86,4.8,40.92,1
PureGlow Soaps International (Fictional Dummy Company),Global Manufacturing Head - PureGlow Soaps,United States (North America),Canada,Toronto,FCT017,Toronto Soap Plant,LN0049,Line-1,2026-07-08 03:00:00,2026-07-08,3,Night,Sandalwood Bar Soap,0.84,60.0,3.8,No Downtime,56.2,50,42,0,42,0.98,100.0,84.0,93.67,88.97,83.34,3.74,28.91,3
PureGlow Soaps International (Fictional Dummy Company),Global Manufacturing Head - PureGlow Soaps,United States (North America),Canada,Toronto,FCT017,Toronto Soap Plant,LN0050,Line-2,2026-07-08 03:00:00,2026-07-08,3,Night,Neem Bar Soap,0.93,60.0,1.0,No Downtime,59.0,56,56,2,54,3.92,96.43,100.0,98.33,102.06,96.77,5.22,24.63,2
PureGlow Soaps International (Fictional Dummy Company),Global Manufacturing Head - PureGlow Soaps,United States (North America),Canada,Toronto,FCT017,Toronto Soap Plant,LN0051,Line-3,2026-07-08 03:00:00,2026-07-08,3,Night,Lemon Bar Soap,0.99,60.0,30.2,Material Shortage,29.8,59,30,1,29,3.07,96.67,50.85,49.67,101.69,48.83,3.05,18.77,1
PureGlow Soaps International (Fictional Dummy Company),Global Manufacturing Head - PureGlow Soaps,United States (North America),Canada,Toronto,FCT017,Toronto Soap Plant,LN0049,Line-1,2026-07-08 04:00:00,2026-07-08,4,Night,Sandalwood Bar Soap,0.84,60.0,12.5,Changeover/Setup,47.5,50,39,1,38,1.44,97.44,78.0,79.17,97.74,75.4,3.61,28.46,1
PureGlow Soaps International (Fictional Dummy Company),Global Manufacturing Head - PureGlow Soaps,United States (North America),Canada,Toronto,FCT017,Toronto Soap Plant,LN0050,Line-2,2026-07-08 04:00:00,2026-07-08,4,Night,Neem Bar Soap,0.93,60.0,26.6,Preventive Maintenance,33.4,56,30,0,30,1.41,100.0,53.57,55.67,96.58,53.77,3.13,14.4,3
PureGlow Soaps International (Fictional Dummy Company),Global Manufacturing Head - PureGlow Soaps,United States (North America),Canada,Toronto,FCT017,Toronto Soap Plant,LN0051,Line-3,2026-07-08 04:00:00,2026-07-08,4,Night,Lemon Bar Soap,0.99,60.0,0.9,No Downtime,59.1,59,60,2,58,3.13,96.67,101.69,98.5,102.55,97.65,6.11,37.0,3
PureGlow Soaps International (Fictional Dummy Company),Global Manufacturing Head - PureGlow Soaps,United States (North America),Canada,Toronto,FCT017,Toronto Soap Plant,LN0049,Line-1,2026-07-08 05:00:00,2026-07-08,5,Night,Sandalwood Bar Soap,0.84,60.0,8.9,Changeover/Setup,51.1,50,38,1,37,1.84,97.37,76.0,85.17,88.53,73.42,3.76,28.26,1
PureGlow Soaps International (Fictional Dummy Company),Global Manufacturing Head - PureGlow Soaps,United States (North America),Canada,Toronto,FCT017,Toronto Soap Plant,LN0050,Line-2,2026-07-08 05:00:00,2026-07-08,5,Night,Neem Bar Soap,0.93,60.0,3.0,No Downtime,57.0,56,48,2,46,3.52,95.83,85.71,95.0,90.55,82.44,4.62,25.98,2
PureGlow Soaps International (Fictional Dummy Company),Global Manufacturing Head - PureGlow Soaps,United States (North America),Canada,Toronto,FCT017,Toronto Soap Plant,LN0051,Line-3,2026-07-08 05:00:00,2026-07-08,5,Night,Lemon Bar Soap,0.99,60.0,24.9,Material Shortage,35.1,59,31,1,30,2.12,96.77,52.54,58.5,89.21,50.5,2.89,21.09,1
PureGlow Soaps International (Fictional Dummy Company),Global Manufacturing Head - PureGlow Soaps,United States (North America),Canada,Toronto,FCT017,Toronto Soap Plant,LN0049,Line-1,2026-07-08 06:00:00,2026-07-08,6,Morning,Sandalwood Bar Soap,0.84,60.0,2.7,No Downtime,57.3,50,44,2,42,3.75,95.45,88.0,95.5,91.42,83.33,4.73,32.0,2
PureGlow Soaps International (Fictional Dummy Company),Global Manufacturing Head - PureGlow Soaps,United States (North America),Canada,Toronto,FCT017,Toronto Soap Plant,LN0050,Line-2,2026-07-08 06:00:00,2026-07-08,6,Morning,Neem Bar Soap,0.93,60.0,17.8,Staff Shortage,42.2,56,33,1,32,2.93,96.97,58.93,70.33,84.09,57.35,3.1,18.64,2
PureGlow Soaps International (Fictional Dummy Company),Global Manufacturing Head - PureGlow Soaps,United States (North America),Canada,Toronto,FCT017,Toronto Soap Plant,LN0051,Line-3,2026-07-08 06:00:00,2026-07-08,6,Morning,Lemon Bar Soap,0.99,60.0,7.3,Changeover/Setup,52.7,59,46,1,45,2.67,97.83,77.97,87.83,88.17,75.76,4.54,37.59,3
PureGlow Soaps International (Fictional Dummy Company),Global Manufacturing Head - PureGlow Soaps,United States (North America),Canada,Toronto,FCT017,Toronto Soap Plant,LN0049,Line-1,2026-07-08 07:00:00,2026-07-08,7,Morning,Sandalwood Bar Soap,0.84,60.0,15.9,Changeover/Setup,44.1,50,32,1,31,4.19,96.88,64.0,73.5,86.38,61.51,3.07,25.78,3
PureGlow Soaps International (Fictional Dummy Company),Global Manufacturing Head - PureGlow Soaps,United States (North America),Canada,Toronto,FCT017,Toronto Soap Plant,LN0050,Line-2,2026-07-08 07:00:00,2026-07-08,7,Morning,Neem Bar Soap,0.93,60.0,14.5,Quality Hold,45.5,56,41,4,37,9.5,90.24,73.21,75.83,96.89,66.3,4.31,21.23,2
PureGlow Soaps International (Fictional Dummy Company),Global Manufacturing Head - PureGlow Soaps,United States (North America),Canada,Toronto,FCT017,Toronto Soap Plant,LN0051,Line-3,2026-07-08 07:00:00,2026-07-08,7,Morning,Lemon Bar Soap,0.99,60.0,0.9,No Downtime,59.1,59,51,2,49,3.8,96.08,86.44,98.5,87.17,82.5,5.41,42.24,2
PureGlow Soaps International (Fictional Dummy Company),Global Manufacturing Head - PureGlow Soaps,United States (North America),Canada,Toronto,FCT017,Toronto Soap Plant,LN0049,Line-1,2026-07-08 08:00:00,2026-07-08,8,Morning,Sandalwood Bar Soap,0.84,60.0,36.6,Machine Breakdown,23.4,50,16,0,16,1.93,100.0,32.0,39.0,81.4,31.75,1.4,13.89,3
PureGlow Soaps International (Fictional Dummy Company),Global Manufacturing Head - PureGlow Soaps,United States (North America),Canada,Toronto,FCT017,Toronto Soap Plant,LN0050,Line-2,2026-07-08 08:00:00,2026-07-08,8,Morning,Neem Bar Soap,0.93,60.0,15.0,Machine Breakdown,45.0,56,41,0,41,0.42,100.0,73.21,75.0,97.97,73.48,3.64,19.76,1
PureGlow Soaps International (Fictional Dummy Company),Global Manufacturing Head - PureGlow Soaps,United States (North America),Canada,Toronto,FCT017,Toronto Soap Plant,LN0051,Line-3,2026-07-08 08:00:00,2026-07-08,8,Morning,Lemon Bar Soap,0.99,60.0,21.0,Material Shortage,39.0,59,37,1,36,3.74,97.3,62.71,65.0,95.83,60.61,3.95,25.41,2
PureGlow Soaps International (Fictional Dummy Company),Global Manufacturing Head - PureGlow Soaps,United States (North America),Canada,Toronto,FCT017,Toronto Soap Plant,LN0049,Line-1,2026-07-08 09:00:00,2026-07-08,9,Morning,Sandalwood Bar Soap,0.84,60.0,9.5,Quality Hold,50.5,50,40,3,37,8.62,92.5,80.0,84.17,94.3,73.42,4.32,30.57,3
PureGlow Soaps International (Fictional Dummy Company),Global Manufacturing Head - PureGlow Soaps,United States (North America),Canada,Toronto,FCT017,Toronto Soap Plant,LN0050,Line-2,2026-07-08 09:00:00,2026-07-08,9,Morning,Neem Bar Soap,0.93,60.0,0.4,No Downtime,59.6,56,48,1,47,2.23,97.92,85.71,99.33,86.6,84.23,4.71,26.49,2
PureGlow Soaps International (Fictional Dummy Company),Global Manufacturing Head - PureGlow Soaps,United States (North America),Canada,Toronto,FCT017,Toronto Soap Plant,LN0051,Line-3,2026-07-08 09:00:00,2026-07-08,9,Morning,Lemon Bar Soap,0.99,60.0,16.8,Staff Shortage,43.2,59,36,1,35,3.33,97.22,61.02,72.0,84.18,58.92,3.61,26.05,1
PureGlow Soaps International (Fictional Dummy Company),Global Manufacturing Head - PureGlow Soaps,United States (North America),Canada,Toronto,FCT017,Toronto Soap Plant,LN0049,Line-1,2026-07-08 10:00:00,2026-07-08,10,Morning,Sandalwood Bar Soap,0.84,60.0,16.5,Power Outage,43.5,50,34,2,32,5.3,94.12,68.0,72.5,93.05,63.49,3.67,24.95,2
PureGlow Soaps International (Fictional Dummy Company),Global Manufacturing Head - PureGlow Soaps,United States (North America),Canada,Toronto,FCT017,Toronto Soap Plant,LN0050,Line-2,2026-07-08 10:00:00,2026-07-08,10,Morning,Neem Bar Soap,0.93,60.0,2.4,No Downtime,57.6,56,53,3,50,6.03,94.34,94.64,96.0,98.94,89.61,5.06,24.7,2
PureGlow Soaps International (Fictional Dummy Company),Global Manufacturing Head - PureGlow Soaps,United States (North America),Canada,Toronto,FCT017,Toronto Soap Plant,LN0051,Line-3,2026-07-08 10:00:00,2026-07-08,10,Morning,Lemon Bar Soap,0.99,60.0,10.0,Changeover/Setup,50.0,59,49,1,48,2.08,97.96,83.05,83.33,98.99,80.81,4.57,29.71,3
PureGlow Soaps International (Fictional Dummy Company),Global Manufacturing Head - PureGlow Soaps,United States (North America),Canada,Toronto,FCT017,Toronto Soap Plant,LN0049,Line-1,2026-07-08 11:00:00,2026-07-08,11,Morning,Sandalwood Bar Soap,0.84,60.0,12.1,Staff Shortage,47.9,50,36,1,35,2.6,97.22,72.0,79.83,89.47,69.44,3.89,27.11,3
PureGlow Soaps International (Fictional Dummy Company),Global Manufacturing Head - PureGlow Soaps,United States (North America),Canada,Toronto,FCT017,Toronto Soap Plant,LN0050,Line-2,2026-07-08 11:00:00,2026-07-08,11,Morning,Neem Bar Soap,0.93,60.0,7.0,Power Outage,53.0,56,43,2,41,4.06,95.35,76.79,88.33,87.24,73.48,4.71,21.89,1
PureGlow Soaps International (Fictional Dummy Company),Global Manufacturing Head - PureGlow Soaps,United States (North America),Canada,Toronto,FCT017,Toronto Soap Plant,LN0051,Line-3,2026-07-08 11:00:00,2026-07-08,11,Morning,Lemon Bar Soap,0.99,60.0,24.2,Material Shortage,35.8,59,36,2,34,4.82,94.44,61.02,59.67,101.57,57.24,3.68,21.27,2
PureGlow Soaps International (Fictional Dummy Company),Global Manufacturing Head - PureGlow Soaps,United States (North America),Canada,Toronto,FCT017,Toronto Soap Plant,LN0049,Line-1,2026-07-08 12:00:00,2026-07-08,12,Morning,Sandalwood Bar Soap,0.84,60.0,9.8,Power Outage,50.2,50,42,1,41,1.2,97.62,84.0,83.67,99.6,81.35,3.68,28.82,3
PureGlow Soaps International (Fictional Dummy Company),Global Manufacturing Head - PureGlow Soaps,United States (North America),Canada,Toronto,FCT017,Toronto Soap Plant,LN0050,Line-2,2026-07-08 12:00:00,2026-07-08,12,Morning,Neem Bar Soap,0.93,60.0,0.9,No Downtime,59.1,56,49,1,48,2.65,97.96,87.5,98.5,89.15,86.02,4.95,23.87,2
PureGlow Soaps International (Fictional Dummy Company),Global Manufacturing Head - PureGlow Soaps,United States (North America),Canada,Toronto,FCT017,Toronto Soap Plant,LN0051,Line-3,2026-07-08 12:00:00,2026-07-08,12,Morning,Lemon Bar Soap,0.99,60.0,30.9,Material Shortage,29.1,59,24,1,23,3.9,95.83,40.68,48.5,83.31,38.72,2.37,20.02,1
PureGlow Soaps International (Fictional Dummy Company),Global Manufacturing Head - PureGlow Soaps,United States (North America),Canada,Toronto,FCT017,Toronto Soap Plant,LN0049,Line-1,2026-07-08 13:00:00,2026-07-08,13,Morning,Sandalwood Bar Soap,0.84,60.0,2.2,No Downtime,57.8,50,40,1,39,2.53,97.5,80.0,96.33,82.39,77.38,4.2,28.86,3
PureGlow Soaps International (Fictional Dummy Company),Global Manufacturing Head - PureGlow Soaps,United States (North America),Canada,Toronto,FCT017,Toronto Soap Plant,LN0050,Line-2,2026-07-08 13:00:00,2026-07-08,13,Morning,Neem Bar Soap,0.93,60.0,20.5,Machine Breakdown,39.5,56,30,0,30,1.39,100.0,53.57,65.83,81.67,53.76,3.09,17.74,3
PureGlow Soaps International (Fictional Dummy Company),Global Manufacturing Head - PureGlow Soaps,United States (North America),Canada,Toronto,FCT017,Toronto Soap Plant,LN0051,Line-3,2026-07-08 13:00:00,2026-07-08,13,Morning,Lemon Bar Soap,0.99,60.0,2.6,No Downtime,57.4,59,53,2,51,3.74,96.23,89.83,95.67,93.27,85.87,5.11,37.76,1
PureGlow Soaps International (Fictional Dummy Company),Global Manufacturing Head - PureGlow Soaps,United States (North America),Canada,Toronto,FCT017,Toronto Soap Plant,LN0049,Line-1,2026-07-08 14:00:00,2026-07-08,14,Afternoon,Sandalwood Bar Soap,0.84,60.0,19.4,Preventive Maintenance,40.6,50,34,0,34,0.97,100.0,68.0,67.67,99.7,67.47,3.7,24.03,2
PureGlow Soaps International (Fictional Dummy Company),Global Manufacturing Head - PureGlow Soaps,United States (North America),Canada,Toronto,FCT017,Toronto Soap Plant,LN0050,Line-2,2026-07-08 14:00:00,2026-07-08,14,Afternoon,Neem Bar Soap,0.93,60.0,1.7,No Downtime,58.3,56,50,2,48,3.07,96.0,89.29,97.17,92.22,86.03,5.43,25.66,3
PureGlow Soaps International (Fictional Dummy Company),Global Manufacturing Head - PureGlow Soaps,United States (North America),Canada,Toronto,FCT017,Toronto Soap Plant,LN0051,Line-3,2026-07-08 14:00:00,2026-07-08,14,Afternoon,Lemon Bar Soap,0.99,60.0,0.2,No Downtime,59.8,59,59,1,58,2.01,98.31,100.0,99.67,99.66,97.65,5.65,37.1,2
PureGlow Soaps International (Fictional Dummy Company),Global Manufacturing Head - PureGlow Soaps,United States (North America),Canada,Toronto,FCT017,Toronto Soap Plant,LN0049,Line-1,2026-07-08 15:00:00,2026-07-08,15,Afternoon,Sandalwood Bar Soap,0.84,60.0,9.0,Changeover/Setup,51.0,50,44,2,42,3.84,95.45,88.0,85.0,102.71,83.33,4.02,28.5,1
PureGlow Soaps International (Fictional Dummy Company),Global Manufacturing Head - PureGlow Soaps,United States (North America),Canada,Toronto,FCT017,Toronto Soap Plant,LN0050,Line-2,2026-07-08 15:00:00,2026-07-08,15,Afternoon,Neem Bar Soap,0.93,60.0,18.3,Changeover/Setup,41.7,56,34,1,33,1.77,97.06,60.71,69.5,87.67,59.14,3.51,17.06,2
PureGlow Soaps International (Fictional Dummy Company),Global Manufacturing Head - PureGlow Soaps,United States (North America),Canada,Toronto,FCT017,Toronto Soap Plant,LN0051,Line-3,2026-07-08 15:00:00,2026-07-08,15,Afternoon,Lemon Bar Soap,0.99,60.0,13.9,Power Outage,46.1,59,42,1,41,3.57,97.62,71.19,76.83,92.03,69.02,4.25,30.15,2
PureGlow Soaps International (Fictional Dummy Company),Global Manufacturing Head - PureGlow Soaps,United States (North America),Canada,Toronto,FCT017,Toronto Soap Plant,LN0049,Line-1,2026-07-08 16:00:00,2026-07-08,16,Afternoon,Sandalwood Bar Soap,0.84,60.0,2.7,No Downtime,57.3,50,48,1,47,2.73,97.92,96.0,95.5,99.73,93.26,4.48,28.62,3
PureGlow Soaps International (Fictional Dummy Company),Global Manufacturing Head - PureGlow Soaps,United States (North America),Canada,Toronto,FCT017,Toronto Soap Plant,LN0050,Line-2,2026-07-08 16:00:00,2026-07-08,16,Afternoon,Neem Bar Soap,0.93,60.0,14.7,Changeover/Setup,45.3,56,41,1,40,3.44,97.56,73.21,75.5,97.32,71.68,4.11,18.38,1
PureGlow Soaps International (Fictional Dummy Company),Global Manufacturing Head - PureGlow Soaps,United States (North America),Canada,Toronto,FCT017,Toronto Soap Plant,LN0051,Line-3,2026-07-08 16:00:00,2026-07-08,16,Afternoon,Lemon Bar Soap,0.99,60.0,13.8,Quality Hold,46.2,59,44,3,41,5.83,93.18,74.58,77.0,96.2,69.02,4.29,27.32,1
PureGlow Soaps International (Fictional Dummy Company),Global Manufacturing Head - PureGlow Soaps,United States (North America),Canada,Toronto,FCT017,Toronto Soap Plant,LN0049,Line-1,2026-07-08 17:00:00,2026-07-08,17,Afternoon,Sandalwood Bar Soap,0.84,60.0,1.8,No Downtime,58.2,50,41,0,41,0.78,100.0,82.0,97.0,83.87,81.35,3.88,32.76,1
PureGlow Soaps International (Fictional Dummy Company),Global Manufacturing Head - PureGlow Soaps,United States (North America),Canada,Toronto,FCT017,Toronto Soap Plant,LN0050,Line-2,2026-07-08 17:00:00,2026-07-08,17,Afternoon,Neem Bar Soap,0.93,60.0,24.1,Power Outage,35.9,56,32,0,32,0.64,100.0,57.14,59.83,95.85,57.35,3.37,16.44,3
PureGlow Soaps International (Fictional Dummy Company),Global Manufacturing Head - PureGlow Soaps,United States (North America),Canada,Toronto,FCT017,Toronto Soap Plant,LN0051,Line-3,2026-07-08 17:00:00,2026-07-08,17,Afternoon,Lemon Bar Soap,0.99,60.0,6.7,Power Outage,53.3,59,51,3,48,4.94,94.12,86.44,88.83,96.65,80.81,5.09,33.4,3
PureGlow Soaps International (Fictional Dummy Company),Global Manufacturing Head - PureGlow Soaps,United States (North America),Canada,Toronto,FCT017,Toronto Soap Plant,LN0049,Line-1,2026-07-08 18:00:00,2026-07-08,18,Afternoon,Sandalwood Bar Soap,0.84,60.0,30.6,Material Shortage,29.4,50,24,1,23,3.33,95.83,48.0,49.0,97.18,45.63,2.56,16.68,1
PureGlow Soaps International (Fictional Dummy Company),Global Manufacturing Head - PureGlow Soaps,United States (North America),Canada,Toronto,FCT017,Toronto Soap Plant,LN0050,Line-2,2026-07-08 18:00:00,2026-07-08,18,Afternoon,Neem Bar Soap,0.93,60.0,16.1,Staff Shortage,43.9,56,35,1,34,3.96,97.14,62.5,73.17,85.73,60.93,3.16,17.9,1
PureGlow Soaps International (Fictional Dummy Company),Global Manufacturing Head - PureGlow Soaps,United States (North America),Canada,Toronto,FCT017,Toronto Soap Plant,LN0051,Line-3,2026-07-08 18:00:00,2026-07-08,18,Afternoon,Lemon Bar Soap,0.99,60.0,29.1,Material Shortage,30.9,59,31,1,30,2.55,96.77,52.54,51.5,101.34,50.5,3.0,18.61,1
PureGlow Soaps International (Fictional Dummy Company),Global Manufacturing Head - PureGlow Soaps,United States (North America),Canada,Toronto,FCT017,Toronto Soap Plant,LN0049,Line-1,2026-07-08 19:00:00,2026-07-08,19,Afternoon,Sandalwood Bar Soap,0.84,60.0,1.7,No Downtime,58.3,50,43,0,43,0.0,100.0,86.0,97.17,87.81,85.32,4.64,35.34,2
PureGlow Soaps International (Fictional Dummy Company),Global Manufacturing Head - PureGlow Soaps,United States (North America),Canada,Toronto,FCT017,Toronto Soap Plant,LN0050,Line-2,2026-07-08 19:00:00,2026-07-08,19,Afternoon,Neem Bar Soap,0.93,60.0,0.5,No Downtime,59.5,56,50,1,49,1.96,98.0,89.29,99.17,90.36,87.82,5.1,26.76,2
PureGlow Soaps International (Fictional Dummy Company),Global Manufacturing Head - PureGlow Soaps,United States (North America),Canada,Toronto,FCT017,Toronto Soap Plant,LN0051,Line-3,2026-07-08 19:00:00,2026-07-08,19,Afternoon,Lemon Bar Soap,0.99,60.0,22.0,Machine Breakdown,38.0,59,39,2,37,4.54,94.87,66.1,63.33,103.67,62.29,3.97,23.54,3
PureGlow Soaps International (Fictional Dummy Company),Global Manufacturing Head - PureGlow Soaps,United States (North America),Canada,Toronto,FCT017,Toronto Soap Plant,LN0049,Line-1,2026-07-08 20:00:00,2026-07-08,20,Afternoon,Sandalwood Bar Soap,0.84,60.0,11.0,Changeover/Setup,49.0,50,33,2,31,5.43,93.94,66.0,81.67,80.17,61.51,3.0,27.21,3
PureGlow Soaps International (Fictional Dummy Company),Global Manufacturing Head - PureGlow Soaps,United States (North America),Canada,Toronto,FCT017,Toronto Soap Plant,LN0050,Line-2,2026-07-08 20:00:00,2026-07-08,20,Afternoon,Neem Bar Soap,0.93,60.0,29.3,Machine Breakdown,30.7,56,25,0,25,0.68,100.0,44.64,51.17,87.56,44.8,2.48,13.69,1
PureGlow Soaps International (Fictional Dummy Company),Global Manufacturing Head - PureGlow Soaps,United States (North America),Canada,Toronto,FCT017,Toronto Soap Plant,LN0051,Line-3,2026-07-08 20:00:00,2026-07-08,20,Afternoon,Lemon Bar Soap,0.99,60.0,1.2,No Downtime,58.8,59,54,1,53,1.64,98.15,91.53,98.0,92.76,89.22,5.32,39.27,2
PureGlow Soaps International (Fictional Dummy Company),Global Manufacturing Head - PureGlow Soaps,United States (North America),Canada,Toronto,FCT017,Toronto Soap Plant,LN0049,Line-1,2026-07-08 21:00:00,2026-07-08,21,Afternoon,Sandalwood Bar Soap,0.84,60.0,25.0,Material Shortage,35.0,50,25,0,25,1.99,100.0,50.0,58.33,85.03,49.6,2.41,21.26,2
PureGlow Soaps International (Fictional Dummy Company),Global Manufacturing Head - PureGlow Soaps,United States (North America),Canada,Toronto,FCT017,Toronto Soap Plant,LN0050,Line-2,2026-07-08 21:00:00,2026-07-08,21,Afternoon,Neem Bar Soap,0.93,60.0,0.3,No Downtime,59.7,56,57,1,56,1.6,98.25,101.79,99.5,102.66,100.36,5.76,24.32,2
PureGlow Soaps International (Fictional Dummy Company),Global Manufacturing Head - PureGlow Soaps,United States (North America),Canada,Toronto,FCT017,Toronto Soap Plant,LN0051,Line-3,2026-07-08 21:00:00,2026-07-08,21,Afternoon,Lemon Bar Soap,0.99,60.0,1.8,No Downtime,58.2,59,50,2,48,4.03,96.0,84.75,97.0,86.78,80.81,4.29,41.03,3
PureGlow Soaps International (Fictional Dummy Company),Global Manufacturing Head - PureGlow Soaps,United States (North America),Canada,Toronto,FCT017,Toronto Soap Plant,LN0049,Line-1,2026-07-08 22:00:00,2026-07-08,22,Night,Sandalwood Bar Soap,0.84,60.0,8.2,Changeover/Setup,51.8,50,36,1,35,2.23,97.22,72.0,86.33,82.74,69.44,3.88,27.11,3
PureGlow Soaps International (Fictional Dummy Company),Global Manufacturing Head - PureGlow Soaps,United States (North America),Canada,Toronto,FCT017,Toronto Soap Plant,LN0050,Line-2,2026-07-08 22:00:00,2026-07-08,22,Night,Neem Bar Soap,0.93,60.0,30.0,Machine Breakdown,30.0,56,25,1,24,3.76,96.0,44.64,50.0,89.61,43.01,2.62,11.53,1
PureGlow Soaps International (Fictional Dummy Company),Global Manufacturing Head - PureGlow Soaps,United States (North America),Canada,Toronto,FCT017,Toronto Soap Plant,LN0051,Line-3,2026-07-08 22:00:00,2026-07-08,22,Night,Lemon Bar Soap,0.99,60.0,0.4,No Downtime,59.6,59,49,2,47,3.95,95.92,83.05,99.33,83.05,79.13,5.09,42.47,1
PureGlow Soaps International (Fictional Dummy Company),Global Manufacturing Head - PureGlow Soaps,United States (North America),Canada,Toronto,FCT017,Toronto Soap Plant,LN0049,Line-1,2026-07-08 23:00:00,2026-07-08,23,Night,Sandalwood Bar Soap,0.84,60.0,0.0,No Downtime,60.0,50,47,2,45,4.25,95.74,94.0,100.0,93.25,89.28,4.5,32.95,1
PureGlow Soaps International (Fictional Dummy Company),Global Manufacturing Head - PureGlow Soaps,United States (North America),Canada,Toronto,FCT017,Toronto Soap Plant,LN0050,Line-2,2026-07-08 23:00:00,2026-07-08,23,Night,Neem Bar Soap,0.93,60.0,25.4,Material Shortage,34.6,56,29,1,28,4.32,96.55,51.79,57.67,90.12,50.18,2.75,14.54,1
PureGlow Soaps International (Fictional Dummy Company),Global Manufacturing Head - PureGlow Soaps,United States (North America),Canada,Toronto,FCT017,Toronto Soap Plant,LN0051,Line-3,2026-07-08 23:00:00,2026-07-08,23,Night,Lemon Bar Soap,0.99,60.0,18.6,Changeover/Setup,41.4,59,33,1,32,3.2,96.97,55.93,69.0,80.52,53.88,3.5,29.5,3
PureGlow Soaps International (Fictional Dummy Company),Global Manufacturing Head - PureGlow Soaps,United States (North America),Canada,Toronto,FCT017,Toronto Soap Plant,LN0049,Line-1,2026-07-09 00:00:00,2026-07-09,0,Night,Rose Bar Soap,0.84,60.0,2.9,No Downtime,57.1,50,45,2,43,4.96,95.56,90.0,95.17,93.82,85.32,4.21,30.47,1
PureGlow Soaps International (Fictional Dummy Company),Global Manufacturing Head - PureGlow Soaps,United States (North America),Canada,Toronto,FCT017,Toronto Soap Plant,LN0050,Line-2,2026-07-09 00:00:00,2026-07-09,0,Night,Neem Bar Soap,0.93,60.0,17.2,Power Outage,42.8,56,35,1,34,2.15,97.14,62.5,71.33,87.93,60.93,3.68,16.61,1
PureGlow Soaps International (Fictional Dummy Company),Global Manufacturing Head - PureGlow Soaps,United States (North America),Canada,Toronto,FCT017,Toronto Soap Plant,LN0051,Line-3,2026-07-09 00:00:00,2026-07-09,0,Night,Neem Bar Soap,0.99,60.0,41.7,Machine Breakdown,18.3,59,16,1,15,4.37,93.75,27.12,30.5,88.31,25.25,1.43,11.95,1
PureGlow Soaps International (Fictional Dummy Company),Global Manufacturing Head - PureGlow Soaps,United States (North America),Canada,Toronto,FCT017,Toronto Soap Plant,LN0049,Line-1,2026-07-09 01:00:00,2026-07-09,1,Night,Rose Bar Soap,0.84,60.0,34.1,Material Shortage,25.9,50,19,0,19,1.92,100.0,38.0,43.17,87.33,37.7,1.77,15.3,2
PureGlow Soaps International (Fictional Dummy Company),Global Manufacturing Head - PureGlow Soaps,United States (North America),Canada,Toronto,FCT017,Toronto Soap Plant,LN0050,Line-2,2026-07-09 01:00:00,2026-07-09,1,Night,Neem Bar Soap,0.93,60.0,15.8,Quality Hold,44.2,56,41,2,39,5.45,95.12,73.21,73.67,99.74,69.89,4.48,19.23,1
PureGlow Soaps International (Fictional Dummy Company),Global Manufacturing Head - PureGlow Soaps,United States (North America),Canada,Toronto,FCT017,Toronto Soap Plant,LN0051,Line-3,2026-07-09 01:00:00,2026-07-09,1,Night,Neem Bar Soap,0.99,60.0,10.4,Power Outage,49.6,59,47,2,45,4.38,95.74,79.66,82.67,95.72,75.76,4.66,35.04,1
PureGlow Soaps International (Fictional Dummy Company),Global Manufacturing Head - PureGlow Soaps,United States (North America),Canada,Toronto,FCT017,Toronto Soap Plant,LN0049,Line-1,2026-07-09 02:00:00,2026-07-09,2,Night,Rose Bar Soap,0.84,60.0,2.1,No Downtime,57.9,50,39,2,37,4.07,94.87,78.0,96.5,80.19,73.41,3.68,33.8,2
PureGlow Soaps International (Fictional Dummy Company),Global Manufacturing Head - PureGlow Soaps,United States (North America),Canada,Toronto,FCT017,Toronto Soap Plant,LN0050,Line-2,2026-07-09 02:00:00,2026-07-09,2,Night,Neem Bar Soap,0.93,60.0,28.5,Material Shortage,31.5,56,25,1,24,3.54,96.0,44.64,52.5,85.34,43.01,2.33,12.31,2
PureGlow Soaps International (Fictional Dummy Company),Global Manufacturing Head - PureGlow Soaps,United States (North America),Canada,Toronto,FCT017,Toronto Soap Plant,LN0051,Line-3,2026-07-09 02:00:00,2026-07-09,2,Night,Neem Bar Soap,0.99,60.0,40.7,Machine Breakdown,19.3,59,16,1,15,3.66,93.75,27.12,32.17,83.74,25.26,1.38,11.94,1
PureGlow Soaps International (Fictional Dummy Company),Global Manufacturing Head - PureGlow Soaps,United States (North America),Canada,Toronto,FCT017,Toronto Soap Plant,LN0049,Line-1,2026-07-09 03:00:00,2026-07-09,3,Night,Rose Bar Soap,0.84,60.0,37.4,Machine Breakdown,22.6,50,17,0,17,2.03,100.0,34.0,37.67,89.55,33.73,1.8,12.49,3
PureGlow Soaps International (Fictional Dummy Company),Global Manufacturing Head - PureGlow Soaps,United States (North America),Canada,Toronto,FCT017,Toronto Soap Plant,LN0050,Line-2,2026-07-09 03:00:00,2026-07-09,3,Night,Neem Bar Soap,0.93,60.0,3.8,No Downtime,56.2,56,48,1,47,2.54,97.92,85.71,93.67,91.84,84.24,5.07,24.75,1
PureGlow Soaps International (Fictional Dummy Company),Global Manufacturing Head - PureGlow Soaps,United States (North America),Canada,Toronto,FCT017,Toronto Soap Plant,LN0051,Line-3,2026-07-09 03:00:00,2026-07-09,3,Night,Neem Bar Soap,0.99,60.0,2.1,No Downtime,57.9,59,53,2,51,2.94,96.23,89.83,96.5,92.46,85.86,4.94,37.02,3
PureGlow Soaps International (Fictional Dummy Company),Global Manufacturing Head - PureGlow Soaps,United States (North America),Canada,Toronto,FCT017,Toronto Soap Plant,LN0049,Line-1,2026-07-09 04:00:00,2026-07-09,4,Night,Rose Bar Soap,0.84,60.0,0.9,No Downtime,59.1,50,51,2,49,4.7,96.08,102.0,98.5,102.73,97.22,4.75,29.48,2
PureGlow Soaps International (Fictional Dummy Company),Global Manufacturing Head - PureGlow Soaps,United States (North America),Canada,Toronto,FCT017,Toronto Soap Plant,LN0050,Line-2,2026-07-09 04:00:00,2026-07-09,4,Night,Neem Bar Soap,0.93,60.0,34.2,Material Shortage,25.8,56,20,1,19,6.17,95.0,35.71,43.0,83.35,34.05,2.06,11.75,3
PureGlow Soaps International (Fictional Dummy Company),Global Manufacturing Head - PureGlow Soaps,United States (North America),Canada,Toronto,FCT017,Toronto Soap Plant,LN0051,Line-3,2026-07-09 04:00:00,2026-07-09,4,Night,Neem Bar Soap,0.99,60.0,2.2,No Downtime,57.8,59,47,2,45,4.03,95.74,79.66,96.33,82.14,75.75,4.25,34.94,2
PureGlow Soaps International (Fictional Dummy Company),Global Manufacturing Head - PureGlow Soaps,United States (North America),Canada,Toronto,FCT017,Toronto Soap Plant,LN0049,Line-1,2026-07-09 05:00:00,2026-07-09,5,Night,Rose Bar Soap,0.84,60.0,8.6,Power Outage,51.4,50,35,1,34,2.46,97.14,70.0,85.67,81.06,67.46,3.33,30.02,2
PureGlow Soaps International (Fictional Dummy Company),Global Manufacturing Head - PureGlow Soaps,United States (North America),Canada,Toronto,FCT017,Toronto Soap Plant,LN0050,Line-2,2026-07-09 05:00:00,2026-07-09,5,Night,Neem Bar Soap,0.93,60.0,12.0,Changeover/Setup,48.0,56,36,1,35,1.47,97.22,64.29,80.0,80.65,62.73,3.29,18.4,2
PureGlow Soaps International (Fictional Dummy Company),Global Manufacturing Head - PureGlow Soaps,United States (North America),Canada,Toronto,FCT017,Toronto Soap Plant,LN0051,Line-3,2026-07-09 05:00:00,2026-07-09,5,Night,Neem Bar Soap,0.99,60.0,0.2,No Downtime,59.8,59,49,2,47,4.42,95.92,83.05,99.67,82.77,79.13,5.1,35.9,1
PureGlow Soaps International (Fictional Dummy Company),Global Manufacturing Head - PureGlow Soaps,United States (North America),Canada,Toronto,FCT017,Toronto Soap Plant,LN0049,Line-1,2026-07-09 06:00:00,2026-07-09,6,Morning,Rose Bar Soap,0.84,60.0,18.9,Material Shortage,41.1,50,35,2,33,4.87,94.29,70.0,68.5,101.38,65.48,3.37,22.44,2
PureGlow Soaps International (Fictional Dummy Company),Global Manufacturing Head - PureGlow Soaps,United States (North America),Canada,Toronto,FCT017,Toronto Soap Plant,LN0050,Line-2,2026-07-09 06:00:00,2026-07-09,6,Morning,Neem Bar Soap,0.93,60.0,3.8,No Downtime,56.2,56,51,2,49,4.5,96.08,91.07,93.67,97.58,87.82,5.25,22.39,2
PureGlow Soaps International (Fictional Dummy Company),Global Manufacturing Head - PureGlow Soaps,United States (North America),Canada,Toronto,FCT017,Toronto Soap Plant,LN0051,Line-3,2026-07-09 06:00:00,2026-07-09,6,Morning,Neem Bar Soap,0.99,60.0,11.1,Changeover/Setup,48.9,59,39,2,37,4.52,94.87,66.1,81.5,80.56,62.29,3.57,33.76,1
PureGlow Soaps International (Fictional Dummy Company),Global Manufacturing Head - PureGlow Soaps,United States (North America),Canada,Toronto,FCT017,Toronto Soap Plant,LN0049,Line-1,2026-07-09 07:00:00,2026-07-09,7,Morning,Rose Bar Soap,0.84,60.0,2.5,No Downtime,57.5,50,46,0,46,0.89,100.0,92.0,95.83,95.24,91.27,4.32,34.92,3
PureGlow Soaps International (Fictional Dummy Company),Global Manufacturing Head - PureGlow Soaps,United States (North America),Canada,Toronto,FCT017,Toronto Soap Plant,LN0050,Line-2,2026-07-09 07:00:00,2026-07-09,7,Morning,Neem Bar Soap,0.93,60.0,3.4,No Downtime,56.6,56,52,1,51,1.3,98.08,92.86,94.33,98.79,91.4,5.05,23.97,2
PureGlow Soaps International (Fictional Dummy Company),Global Manufacturing Head - PureGlow Soaps,United States (North America),Canada,Toronto,FCT017,Toronto Soap Plant,LN0051,Line-3,2026-07-09 07:00:00,2026-07-09,7,Morning,Neem Bar Soap,0.99,60.0,17.8,Changeover/Setup,42.2,59,34,1,33,3.78,97.06,57.63,70.33,81.38,55.55,3.53,24.88,3
PureGlow Soaps International (Fictional Dummy Company),Global Manufacturing Head - PureGlow Soaps,United States (North America),Canada,Toronto,FCT017,Toronto Soap Plant,LN0049,Line-1,2026-07-09 08:00:00,2026-07-09,8,Morning,Rose Bar Soap,0.84,60.0,11.6,Machine Breakdown,48.4,50,39,1,38,1.36,97.44,78.0,80.67,95.93,75.41,3.67,27.27,3
PureGlow Soaps International (Fictional Dummy Company),Global Manufacturing Head - PureGlow Soaps,United States (North America),Canada,Toronto,FCT017,Toronto Soap Plant,LN0050,Line-2,2026-07-09 08:00:00,2026-07-09,8,Morning,Neem Bar Soap,0.93,60.0,10.1,Machine Breakdown,49.9,56,39,1,38,3.25,97.44,69.64,83.17,84.04,68.11,4.29,20.89,1
PureGlow Soaps International (Fictional Dummy Company),Global Manufacturing Head - PureGlow Soaps,United States (North America),Canada,Toronto,FCT017,Toronto Soap Plant,LN0051,Line-3,2026-07-09 08:00:00,2026-07-09,8,Morning,Neem Bar Soap,0.99,60.0,20.0,Changeover/Setup,40.0,59,32,1,31,2.26,96.88,54.24,66.67,80.81,52.2,2.99,27.63,3
PureGlow Soaps International (Fictional Dummy Company),Global Manufacturing Head - PureGlow Soaps,United States (North America),Canada,Toronto,FCT017,Toronto Soap Plant,LN0049,Line-1,2026-07-09 09:00:00,2026-07-09,9,Morning,Rose Bar Soap,0.84,60.0,22.8,Material Shortage,37.2,50,28,1,27,4.67,96.43,56.0,62.0,89.61,53.57,3.01,20.07,2
PureGlow Soaps International (Fictional Dummy Company),Global Manufacturing Head - PureGlow Soaps,United States (North America),Canada,Toronto,FCT017,Toronto Soap Plant,LN0050,Line-2,2026-07-09 09:00:00,2026-07-09,9,Morning,Neem Bar Soap,0.93,60.0,36.1,Machine Breakdown,23.9,56,20,0,20,2.34,100.0,35.71,39.83,89.98,35.84,1.97,9.63,2
PureGlow Soaps International (Fictional Dummy Company),Global Manufacturing Head - PureGlow Soaps,United States (North America),Canada,Toronto,FCT017,Toronto Soap Plant,LN0051,Line-3,2026-07-09 09:00:00,2026-07-09,9,Morning,Neem Bar Soap,0.99,60.0,0.3,No Downtime,59.7,59,54,2,52,3.09,96.3,91.53,99.5,91.37,87.55,5.74,41.06,1
PureGlow Soaps International (Fictional Dummy Company),Global Manufacturing Head - PureGlow Soaps,United States (North America),Canada,Toronto,FCT017,Toronto Soap Plant,LN0049,Line-1,2026-07-09 10:00:00,2026-07-09,10,Morning,Rose Bar Soap,0.84,60.0,30.7,Material Shortage,29.3,50,24,0,24,0.68,100.0,48.0,48.83,97.51,47.61,2.62,16.06,3
PureGlow Soaps International (Fictional Dummy Company),Global Manufacturing Head - PureGlow Soaps,United States (North America),Canada,Toronto,FCT017,Toronto Soap Plant,LN0050,Line-2,2026-07-09 10:00:00,2026-07-09,10,Morning,Neem Bar Soap,0.93,60.0,15.3,Changeover/Setup,44.7,56,39,1,38,1.79,97.44,69.64,74.5,93.82,68.11,3.66,18.41,3
PureGlow Soaps International (Fictional Dummy Company),Global Manufacturing Head - PureGlow Soaps,United States (North America),Canada,Toronto,FCT017,Toronto Soap Plant,LN0051,Line-3,2026-07-09 10:00:00,2026-07-09,10,Morning,Neem Bar Soap,0.99,60.0,0.8,No Downtime,59.2,59,55,1,54,2.72,98.18,93.22,98.67,93.84,90.91,5.1,37.81,1
PureGlow Soaps International (Fictional Dummy Company),Global Manufacturing Head - PureGlow Soaps,United States (North America),Canada,Toronto,FCT017,Toronto Soap Plant,LN0049,Line-1,2026-07-09 11:00:00,2026-07-09,11,Morning,Rose Bar Soap,0.84,60.0,2.5,No Downtime,57.5,50,43,1,42,2.64,97.67,86.0,95.83,89.03,83.33,4.36,32.68,1
PureGlow Soaps International (Fictional Dummy Company),Global Manufacturing Head - PureGlow Soaps,United States (North America),Canada,Toronto,FCT017,Toronto Soap Plant,LN0050,Line-2,2026-07-09 11:00:00,2026-07-09,11,Morning,Neem Bar Soap,0.93,60.0,21.3,Material Shortage,38.7,56,32,1,31,3.54,96.88,57.14,64.5,88.91,55.56,2.93,16.43,3
PureGlow Soaps International (Fictional Dummy Company),Global Manufacturing Head - PureGlow Soaps,United States (North America),Canada,Toronto,FCT017,Toronto Soap Plant,LN0051,Line-3,2026-07-09 11:00:00,2026-07-09,11,Morning,Neem Bar Soap,0.99,60.0,16.3,Staff Shortage,43.7,59,35,2,33,4.32,94.29,59.32,72.83,80.9,55.56,3.07,28.64,3
PureGlow Soaps International (Fictional Dummy Company),Global Manufacturing Head - PureGlow Soaps,United States (North America),Canada,Toronto,FCT017,Toronto Soap Plant,LN0049,Line-1,2026-07-09 12:00:00,2026-07-09,12,Morning,Rose Bar Soap,0.84,60.0,0.3,No Downtime,59.7,50,46,2,44,3.5,95.65,92.0,99.5,91.73,87.3,4.71,33.1,2
PureGlow Soaps International (Fictional Dummy Company),Global Manufacturing Head - PureGlow Soaps,United States (North America),Canada,Toronto,FCT017,Toronto Soap Plant,LN0050,Line-2,2026-07-09 12:00:00,2026-07-09,12,Morning,Neem Bar Soap,0.93,60.0,3.1,No Downtime,56.9,56,51,1,50,1.84,98.04,91.07,94.83,96.38,89.61,4.71,22.09,2
PureGlow Soaps International (Fictional Dummy Company),Global Manufacturing Head - PureGlow Soaps,United States (North America),Canada,Toronto,FCT017,Toronto Soap Plant,LN0051,Line-3,2026-07-09 12:00:00,2026-07-09,12,Morning,Neem Bar Soap,0.99,60.0,15.0,Material Shortage,45.0,59,43,1,42,2.35,97.67,72.88,75.0,96.52,70.7,4.43,31.39,3
PureGlow Soaps International (Fictional Dummy Company),Global Manufacturing Head - PureGlow Soaps,United States (North America),Canada,Toronto,FCT017,Toronto Soap Plant,LN0049,Line-1,2026-07-09 13:00:00,2026-07-09,13,Morning,Rose Bar Soap,0.84,60.0,2.9,No Downtime,57.1,50,47,1,46,2.72,97.87,94.0,95.17,97.99,91.27,4.37,34.45,2
PureGlow Soaps International (Fictional Dummy Company),Global Manufacturing Head - PureGlow Soaps,United States (North America),Canada,Toronto,FCT017,Toronto Soap Plant,LN0050,Line-2,2026-07-09 13:00:00,2026-07-09,13,Morning,Neem Bar Soap,0.93,60.0,1.1,No Downtime,58.9,56,47,2,45,3.56,95.74,83.93,98.17,85.8,80.64,5.11,22.88,1
PureGlow Soaps International (Fictional Dummy Company),Global Manufacturing Head - PureGlow Soaps,United States (North America),Canada,Toronto,FCT017,Toronto Soap Plant,LN0051,Line-3,2026-07-09 13:00:00,2026-07-09,13,Morning,Neem Bar Soap,0.99,60.0,3.7,No Downtime,56.3,59,53,2,51,3.43,96.23,89.83,93.83,95.09,85.86,4.6,36.45,2
PureGlow Soaps International (Fictional Dummy Company),Global Manufacturing Head - PureGlow Soaps,United States (North America),Canada,Toronto,FCT017,Toronto Soap Plant,LN0049,Line-1,2026-07-09 14:00:00,2026-07-09,14,Afternoon,Rose Bar Soap,0.84,60.0,19.8,Changeover/Setup,40.2,50,29,1,28,4.15,96.55,58.0,67.0,85.88,55.55,2.75,22.51,3
PureGlow Soaps International (Fictional Dummy Company),Global Manufacturing Head - PureGlow Soaps,United States (North America),Canada,Toronto,FCT017,Toronto Soap Plant,LN0050,Line-2,2026-07-09 14:00:00,2026-07-09,14,Afternoon,Neem Bar Soap,0.93,60.0,14.9,Power Outage,45.1,56,42,2,40,4.32,95.24,75.0,75.17,100.14,71.69,3.83,20.28,1
PureGlow Soaps International (Fictional Dummy Company),Global Manufacturing Head - PureGlow Soaps,United States (North America),Canada,Toronto,FCT017,Toronto Soap Plant,LN0051,Line-3,2026-07-09 14:00:00,2026-07-09,14,Afternoon,Neem Bar Soap,0.99,60.0,29.9,Machine Breakdown,30.1,59,30,1,29,2.66,96.67,50.85,50.17,100.67,48.82,2.83,19.0,1
PureGlow Soaps International (Fictional Dummy Company),Global Manufacturing Head - PureGlow Soaps,United States (North America),Canada,Toronto,FCT017,Toronto Soap Plant,LN0049,Line-1,2026-07-09 15:00:00,2026-07-09,15,Afternoon,Rose Bar Soap,0.84,60.0,10.9,Changeover/Setup,49.1,50,42,1,41,1.86,97.62,84.0,81.83,101.83,81.34,3.57,24.71,3
PureGlow Soaps International (Fictional Dummy Company),Global Manufacturing Head - PureGlow Soaps,United States (North America),Canada,Toronto,FCT017,Toronto Soap Plant,LN0050,Line-2,2026-07-09 15:00:00,2026-07-09,15,Afternoon,Neem Bar Soap,0.93,60.0,0.6,No Downtime,59.4,56,49,1,48,2.98,97.96,87.5,99.0,88.7,86.02,4.34,23.91,1
PureGlow Soaps International (Fictional Dummy Company),Global Manufacturing Head - PureGlow Soaps,United States (North America),Canada,Toronto,FCT017,Toronto Soap Plant,LN0051,Line-3,2026-07-09 15:00:00,2026-07-09,15,Afternoon,Neem Bar Soap,0.99,60.0,0.2,No Downtime,59.8,59,57,2,55,3.05,96.49,96.61,99.67,96.28,92.59,5.52,35.29,1
PureGlow Soaps International (Fictional Dummy Company),Global Manufacturing Head - PureGlow Soaps,United States (North America),Canada,Toronto,FCT017,Toronto Soap Plant,LN0049,Line-1,2026-07-09 16:00:00,2026-07-09,16,Afternoon,Rose Bar Soap,0.84,60.0,1.8,No Downtime,58.2,50,42,1,41,1.54,97.62,84.0,97.0,85.91,81.35,3.82,33.88,1
PureGlow Soaps International (Fictional Dummy Company),Global Manufacturing Head - PureGlow Soaps,United States (North America),Canada,Toronto,FCT017,Toronto Soap Plant,LN0050,Line-2,2026-07-09 16:00:00,2026-07-09,16,Afternoon,Neem Bar Soap,0.93,60.0,1.9,No Downtime,58.1,56,54,2,52,3.32,96.3,96.43,96.83,99.94,93.19,4.66,26.31,3
PureGlow Soaps International (Fictional Dummy Company),Global Manufacturing Head - PureGlow Soaps,United States (North America),Canada,Toronto,FCT017,Toronto Soap Plant,LN0051,Line-3,2026-07-09 16:00:00,2026-07-09,16,Afternoon,Neem Bar Soap,0.99,60.0,21.4,Material Shortage,38.6,59,33,1,32,4.54,96.97,55.93,64.33,86.36,53.87,3.38,27.0,3
PureGlow Soaps International (Fictional Dummy Company),Global Manufacturing Head - PureGlow Soaps,United States (North America),Canada,Toronto,FCT017,Toronto Soap Plant,LN0049,Line-1,2026-07-09 17:00:00,2026-07-09,17,Afternoon,Rose Bar Soap,0.84,60.0,32.0,Preventive Maintenance,28.0,50,24,0,24,1.82,100.0,48.0,46.67,102.04,47.62,2.54,14.32,3
PureGlow Soaps International (Fictional Dummy Company),Global Manufacturing Head - PureGlow Soaps,United States (North America),Canada,Toronto,FCT017,Toronto Soap Plant,LN0050,Line-2,2026-07-09 17:00:00,2026-07-09,17,Afternoon,Neem Bar Soap,0.93,60.0,11.9,Material Shortage,48.1,56,42,1,41,3.5,97.62,75.0,80.17,93.89,73.48,4.09,20.28,1
PureGlow Soaps International (Fictional Dummy Company),Global Manufacturing Head - PureGlow Soaps,United States (North America),Canada,Toronto,FCT017,Toronto Soap Plant,LN0051,Line-3,2026-07-09 17:00:00,2026-07-09,17,Afternoon,Neem Bar Soap,0.99,60.0,2.0,No Downtime,58.0,59,51,1,50,2.74,98.04,86.44,96.67,88.82,84.18,5.24,39.4,3
PureGlow Soaps International (Fictional Dummy Company),Global Manufacturing Head - PureGlow Soaps,United States (North America),Canada,Toronto,FCT017,Toronto Soap Plant,LN0049,Line-1,2026-07-09 18:00:00,2026-07-09,18,Afternoon,Rose Bar Soap,0.84,60.0,11.9,Changeover/Setup,48.1,50,42,2,40,4.7,95.24,84.0,80.17,103.95,79.37,4.28,25.45,1
PureGlow Soaps International (Fictional Dummy Company),Global Manufacturing Head - PureGlow Soaps,United States (North America),Canada,Toronto,FCT017,Toronto Soap Plant,LN0050,Line-2,2026-07-09 18:00:00,2026-07-09,18,Afternoon,Neem Bar Soap,0.93,60.0,37.5,Preventive Maintenance,22.5,56,19,1,18,4.29,94.74,33.93,37.5,90.8,32.26,1.85,9.22,2
PureGlow Soaps International (Fictional Dummy Company),Global Manufacturing Head - PureGlow Soaps,United States (North America),Canada,Toronto,FCT017,Toronto Soap Plant,LN0051,Line-3,2026-07-09 18:00:00,2026-07-09,18,Afternoon,Neem Bar Soap,0.99,60.0,16.4,Staff Shortage,43.6,59,36,1,35,3.19,97.22,61.02,72.67,83.4,58.92,3.26,26.85,2
PureGlow Soaps International (Fictional Dummy Company),Global Manufacturing Head - PureGlow Soaps,United States (North America),Canada,Toronto,FCT017,Toronto Soap Plant,LN0049,Line-1,2026-07-09 19:00:00,2026-07-09,19,Afternoon,Rose Bar Soap,0.84,60.0,1.9,No Downtime,58.1,50,49,2,47,4.52,95.92,98.0,96.83,100.4,93.25,5.22,30.98,1
PureGlow Soaps International (Fictional Dummy Company),Global Manufacturing Head - PureGlow Soaps,United States (North America),Canada,Toronto,FCT017,Toronto Soap Plant,LN0050,Line-2,2026-07-09 19:00:00,2026-07-09,19,Afternoon,Neem Bar Soap,0.93,60.0,30.0,Power Outage,30.0,56,23,0,23,1.51,100.0,41.07,50.0,82.44,41.22,2.45,13.23,2
PureGlow Soaps International (Fictional Dummy Company),Global Manufacturing Head - PureGlow Soaps,United States (North America),Canada,Toronto,FCT017,Toronto Soap Plant,LN0051,Line-3,2026-07-09 19:00:00,2026-07-09,19,Afternoon,Neem Bar Soap,0.99,60.0,34.8,Preventive Maintenance,25.2,59,22,0,22,1.25,100.0,37.29,42.0,88.18,37.04,2.05,16.09,3
PureGlow Soaps International (Fictional Dummy Company),Global Manufacturing Head - PureGlow Soaps,United States (North America),Canada,Toronto,FCT017,Toronto Soap Plant,LN0049,Line-1,2026-07-09 20:00:00,2026-07-09,20,Afternoon,Rose Bar Soap,0.84,60.0,27.7,Machine Breakdown,32.3,50,27,1,26,3.05,96.3,54.0,53.83,99.51,51.58,2.32,16.48,1
PureGlow Soaps International (Fictional Dummy Company),Global Manufacturing Head - PureGlow Soaps,United States (North America),Canada,Toronto,FCT017,Toronto Soap Plant,LN0050,Line-2,2026-07-09 20:00:00,2026-07-09,20,Afternoon,Neem Bar Soap,0.93,60.0,10.6,Changeover/Setup,49.4,56,41,2,39,4.12,95.12,73.21,82.33,89.24,69.89,3.85,22.67,3
PureGlow Soaps International (Fictional Dummy Company),Global Manufacturing Head - PureGlow Soaps,United States (North America),Canada,Toronto,FCT017,Toronto Soap Plant,LN0051,Line-3,2026-07-09 20:00:00,2026-07-09,20,Afternoon,Neem Bar Soap,0.99,60.0,2.2,No Downtime,57.8,59,57,1,56,1.2,98.25,96.61,96.33,99.61,94.28,5.12,39.92,3
PureGlow Soaps International (Fictional Dummy Company),Global Manufacturing Head - PureGlow Soaps,United States (North America),Canada,Toronto,FCT017,Toronto Soap Plant,LN0049,Line-1,2026-07-09 21:00:00,2026-07-09,21,Afternoon,Rose Bar Soap,0.84,60.0,18.0,Machine Breakdown,42.0,50,30,0,30,1.36,100.0,60.0,70.0,85.03,59.52,2.77,22.11,2
PureGlow Soaps International (Fictional Dummy Company),Global Manufacturing Head - PureGlow Soaps,United States (North America),Canada,Toronto,FCT017,Toronto Soap Plant,LN0050,Line-2,2026-07-09 21:00:00,2026-07-09,21,Afternoon,Neem Bar Soap,0.93,60.0,34.5,Preventive Maintenance,25.5,56,21,1,20,5.33,95.24,37.5,42.5,88.55,35.84,2.11,10.77,2
PureGlow Soaps International (Fictional Dummy Company),Global Manufacturing Head - PureGlow Soaps,United States (North America),Canada,Toronto,FCT017,Toronto Soap Plant,LN0051,Line-3,2026-07-09 21:00:00,2026-07-09,21,Afternoon,Neem Bar Soap,0.99,60.0,2.6,No Downtime,57.4,59,56,2,54,3.47,96.43,94.92,95.67,98.55,90.92,6.07,40.48,3
PureGlow Soaps International (Fictional Dummy Company),Global Manufacturing Head - PureGlow Soaps,United States (North America),Canada,Toronto,FCT017,Toronto Soap Plant,LN0049,Line-1,2026-07-09 22:00:00,2026-07-09,22,Night,Rose Bar Soap,0.84,60.0,25.2,Preventive Maintenance,34.8,50,28,0,28,1.26,100.0,56.0,58.0,95.79,55.56,2.94,18.74,1
PureGlow Soaps International (Fictional Dummy Company),Global Manufacturing Head - PureGlow Soaps,United States (North America),Canada,Toronto,FCT017,Toronto Soap Plant,LN0050,Line-2,2026-07-09 22:00:00,2026-07-09,22,Night,Neem Bar Soap,0.93,60.0,22.3,Preventive Maintenance,37.7,56,34,1,33,3.25,97.06,60.71,62.83,96.97,59.14,3.57,17.01,1
PureGlow Soaps International (Fictional Dummy Company),Global Manufacturing Head - PureGlow Soaps,United States (North America),Canada,Toronto,FCT017,Toronto Soap Plant,LN0051,Line-3,2026-07-09 22:00:00,2026-07-09,22,Night,Neem Bar Soap,0.99,60.0,34.8,Preventive Maintenance,25.2,59,25,0,25,0.81,100.0,42.37,42.0,100.21,42.09,2.48,17.99,3
PureGlow Soaps International (Fictional Dummy Company),Global Manufacturing Head - PureGlow Soaps,United States (North America),Canada,Toronto,FCT017,Toronto Soap Plant,LN0049,Line-1,2026-07-09 23:00:00,2026-07-09,23,Night,Rose Bar Soap,0.84,60.0,37.6,Preventive Maintenance,22.4,50,19,1,18,2.93,94.74,38.0,37.33,100.98,35.71,1.78,12.19,1
PureGlow Soaps International (Fictional Dummy Company),Global Manufacturing Head - PureGlow Soaps,United States (North America),Canada,Toronto,FCT017,Toronto Soap Plant,LN0050,Line-2,2026-07-09 23:00:00,2026-07-09,23,Night,Neem Bar Soap,0.93,60.0,0.2,No Downtime,59.8,56,53,2,51,3.43,96.23,94.64,99.67,95.3,91.4,5.59,26.98,3
PureGlow Soaps International (Fictional Dummy Company),Global Manufacturing Head - PureGlow Soaps,United States (North America),Canada,Toronto,FCT017,Toronto Soap Plant,LN0051,Line-3,2026-07-09 23:00:00,2026-07-09,23,Night,Neem Bar Soap,0.99,60.0,27.6,Machine Breakdown,32.4,59,29,1,28,3.33,96.55,49.15,54.0,90.41,47.14,2.89,22.49,2
PureGlow Soaps International (Fictional Dummy Company),Global Manufacturing Head - PureGlow Soaps,United States (North America),Canada,Toronto,FCT017,Toronto Soap Plant,LN0049,Line-1,2026-07-10 00:00:00,2026-07-10,0,Night,Aloe Vera Liquid Soap,0.84,60.0,1.6,No Downtime,58.4,50,42,1,41,3.28,97.62,84.0,97.33,85.62,81.35,4.27,33.29,3
PureGlow Soaps International (Fictional Dummy Company),Global Manufacturing Head - PureGlow Soaps,United States (North America),Canada,Toronto,FCT017,Toronto Soap Plant,LN0050,Line-2,2026-07-10 00:00:00,2026-07-10,0,Night,Aloe Vera Liquid Soap,0.93,60.0,23.2,Preventive Maintenance,36.8,56,34,1,33,2.25,97.06,60.71,61.33,99.35,59.14,3.04,17.07,1
PureGlow Soaps International (Fictional Dummy Company),Global Manufacturing Head - PureGlow Soaps,United States (North America),Canada,Toronto,FCT017,Toronto Soap Plant,LN0051,Line-3,2026-07-10 00:00:00,2026-07-10,0,Night,Charcoal Bar Soap,0.99,60.0,13.7,Power Outage,46.3,59,39,0,39,0.5,100.0,66.1,77.17,85.08,65.66,4.06,29.92,3
PureGlow Soaps International (Fictional Dummy Company),Global Manufacturing Head - PureGlow Soaps,United States (North America),Canada,Toronto,FCT017,Toronto Soap Plant,LN0049,Line-1,2026-07-10 01:00:00,2026-07-10,1,Night,Aloe Vera Liquid Soap,0.84,60.0,11.6,Material Shortage,48.4,50,37,1,36,2.46,97.3,74.0,80.67,91.01,71.44,3.29,25.21,3
PureGlow Soaps International (Fictional Dummy Company),Global Manufacturing Head - PureGlow Soaps,United States (North America),Canada,Toronto,FCT017,Toronto Soap Plant,LN0050,Line-2,2026-07-10 01:00:00,2026-07-10,1,Night,Aloe Vera Liquid Soap,0.93,60.0,29.9,Material Shortage,30.1,56,26,1,25,2.88,96.15,46.43,50.17,92.88,44.8,2.65,13.84,1
PureGlow Soaps International (Fictional Dummy Company),Global Manufacturing Head - PureGlow Soaps,United States (North America),Canada,Toronto,FCT017,Toronto Soap Plant,LN0051,Line-3,2026-07-10 01:00:00,2026-07-10,1,Night,Charcoal Bar Soap,0.99,60.0,30.6,Machine Breakdown,29.4,59,24,1,23,2.52,95.83,40.68,49.0,82.46,38.72,2.23,19.56,1
PureGlow Soaps International (Fictional Dummy Company),Global Manufacturing Head - PureGlow Soaps,United States (North America),Canada,Toronto,FCT017,Toronto Soap Plant,LN0049,Line-1,2026-07-10 02:00:00,2026-07-10,2,Night,Aloe Vera Liquid Soap,0.84,60.0,39.3,Preventive Maintenance,20.7,50,15,1,14,3.78,93.33,30.0,34.5,86.27,27.78,1.51,11.72,1
PureGlow Soaps International (Fictional Dummy Company),Global Manufacturing Head - PureGlow Soaps,United States (North America),Canada,Toronto,FCT017,Toronto Soap Plant,LN0050,Line-2,2026-07-10 02:00:00,2026-07-10,2,Night,Aloe Vera Liquid Soap,0.93,60.0,14.8,Staff Shortage,45.2,56,41,1,40,1.36,97.56,73.21,75.33,97.54,71.68,3.55,20.28,3
PureGlow Soaps International (Fictional Dummy Company),Global Manufacturing Head - PureGlow Soaps,United States (North America),Canada,Toronto,FCT017,Toronto Soap Plant,LN0051,Line-3,2026-07-10 02:00:00,2026-07-10,2,Night,Charcoal Bar Soap,0.99,60.0,2.4,No Downtime,57.6,59,48,0,48,0.91,100.0,81.36,96.0,84.18,80.81,4.59,34.76,2
PureGlow Soaps International (Fictional Dummy Company),Global Manufacturing Head - PureGlow Soaps,United States (North America),Canada,Toronto,FCT017,Toronto Soap Plant,LN0049,Line-1,2026-07-10 03:00:00,2026-07-10,3,Night,Aloe Vera Liquid Soap,0.84,60.0,37.3,Machine Breakdown,22.7,50,19,0,19,2.06,100.0,38.0,37.83,99.64,37.69,1.67,13.33,2
PureGlow Soaps International (Fictional Dummy Company),Global Manufacturing Head - PureGlow Soaps,United States (North America),Canada,Toronto,FCT017,Toronto Soap Plant,LN0050,Line-2,2026-07-10 03:00:00,2026-07-10,3,Night,Aloe Vera Liquid Soap,0.93,60.0,2.6,No Downtime,57.4,56,54,1,53,2.46,98.15,96.43,95.67,101.16,94.99,5.93,22.19,2
PureGlow Soaps International (Fictional Dummy Company),Global Manufacturing Head - PureGlow Soaps,United States (North America),Canada,Toronto,FCT017,Toronto Soap Plant,LN0051,Line-3,2026-07-10 03:00:00,2026-07-10,3,Night,Charcoal Bar Soap,0.99,60.0,0.2,No Downtime,59.8,59,49,2,47,4.07,95.92,83.05,99.67,82.77,79.13,5.24,36.39,3
PureGlow Soaps International (Fictional Dummy Company),Global Manufacturing Head - PureGlow Soaps,United States (North America),Canada,Toronto,FCT017,Toronto Soap Plant,LN0049,Line-1,2026-07-10 04:00:00,2026-07-10,4,Night,Aloe Vera Liquid Soap,0.84,60.0,21.4,Material Shortage,38.6,50,27,1,26,3.53,96.3,54.0,64.33,83.27,51.59,2.97,21.31,3
PureGlow Soaps International (Fictional Dummy Company),Global Manufacturing Head - PureGlow Soaps,United States (North America),Canada,Toronto,FCT017,Toronto Soap Plant,LN0050,Line-2,2026-07-10 04:00:00,2026-07-10,4,Night,Aloe Vera Liquid Soap,0.93,60.0,2.5,No Downtime,57.5,56,45,1,44,1.8,97.78,80.36,95.83,84.15,78.85,4.22,22.56,1
PureGlow Soaps International (Fictional Dummy Company),Global Manufacturing Head - PureGlow Soaps,United States (North America),Canada,Toronto,FCT017,Toronto Soap Plant,LN0051,Line-3,2026-07-10 04:00:00,2026-07-10,4,Night,Charcoal Bar Soap,0.99,60.0,12.1,Changeover/Setup,47.9,59,39,2,37,4.47,94.87,66.1,79.83,82.24,62.28,3.7,34.01,1
PureGlow Soaps International (Fictional Dummy Company),Global Manufacturing Head - PureGlow Soaps,United States (North America),Canada,Toronto,FCT017,Toronto Soap Plant,LN0049,Line-1,2026-07-10 05:00:00,2026-07-10,5,Night,Aloe Vera Liquid Soap,0.84,60.0,17.5,Changeover/Setup,42.5,50,34,0,34,0.0,100.0,68.0,70.83,95.24,67.46,3.15,23.86,1
PureGlow Soaps International (Fictional Dummy Company),Global Manufacturing Head - PureGlow Soaps,United States (North America),Canada,Toronto,FCT017,Toronto Soap Plant,LN0050,Line-2,2026-07-10 05:00:00,2026-07-10,5,Night,Aloe Vera Liquid Soap,0.93,60.0,13.6,Changeover/Setup,46.4,56,36,1,35,3.14,97.22,64.29,77.33,83.43,62.72,3.28,20.81,3
PureGlow Soaps International (Fictional Dummy Company),Global Manufacturing Head - PureGlow Soaps,United States (North America),Canada,Toronto,FCT017,Toronto Soap Plant,LN0051,Line-3,2026-07-10 05:00:00,2026-07-10,5,Night,Charcoal Bar Soap,0.99,60.0,0.6,No Downtime,59.4,59,59,1,58,1.53,98.31,100.0,99.0,100.33,97.65,5.5,41.62,2
PureGlow Soaps International (Fictional Dummy Company),Global Manufacturing Head - PureGlow Soaps,United States (North America),Canada,Toronto,FCT017,Toronto Soap Plant,LN0049,Line-1,2026-07-10 06:00:00,2026-07-10,6,Morning,Aloe Vera Liquid Soap,0.84,60.0,18.1,Power Outage,41.9,50,30,0,30,0.36,100.0,60.0,69.83,85.24,59.52,3.14,25.38,2
PureGlow Soaps International (Fictional Dummy Company),Global Manufacturing Head - PureGlow Soaps,United States (North America),Canada,Toronto,FCT017,Toronto Soap Plant,LN0050,Line-2,2026-07-10 06:00:00,2026-07-10,6,Morning,Aloe Vera Liquid Soap,0.93,60.0,35.9,Preventive Maintenance,24.1,56,23,1,22,3.59,95.65,41.07,40.17,102.62,39.43,1.99,10.31,1
PureGlow Soaps International (Fictional Dummy Company),Global Manufacturing Head - PureGlow Soaps,United States (North America),Canada,Toronto,FCT017,Toronto Soap Plant,LN0051,Line-3,2026-07-10 06:00:00,2026-07-10,6,Morning,Charcoal Bar Soap,0.99,60.0,32.0,Preventive Maintenance,28.0,59,25,2,23,6.35,92.0,42.37,46.67,90.19,38.72,2.54,18.82,2
PureGlow Soaps International (Fictional Dummy Company),Global Manufacturing Head - PureGlow Soaps,United States (North America),Canada,Toronto,FCT017,Toronto Soap Plant,LN0049,Line-1,2026-07-10 07:00:00,2026-07-10,7,Morning,Aloe Vera Liquid Soap,0.84,60.0,0.7,No Downtime,59.3,50,50,3,47,5.56,94.0,100.0,98.83,100.38,93.25,5.24,32.18,2
PureGlow Soaps International (Fictional Dummy Company),Global Manufacturing Head - PureGlow Soaps,United States (North America),Canada,Toronto,FCT017,Toronto Soap Plant,LN0050,Line-2,2026-07-10 07:00:00,2026-07-10,7,Morning,Aloe Vera Liquid Soap,0.93,60.0,2.8,No Downtime,57.2,56,50,2,48,3.75,96.0,89.29,95.33,93.99,86.02,4.4,25.73,1
PureGlow Soaps International (Fictional Dummy Company),Global Manufacturing Head - PureGlow Soaps,United States (North America),Canada,Toronto,FCT017,Toronto Soap Plant,LN0051,Line-3,2026-07-10 07:00:00,2026-07-10,7,Morning,Charcoal Bar Soap,0.99,60.0,5.1,Changeover/Setup,54.9,59,46,1,45,2.69,97.83,77.97,91.5,84.64,75.77,4.85,34.48,1
PureGlow Soaps International (Fictional Dummy Company),Global Manufacturing Head - PureGlow Soaps,United States (North America),Canada,Toronto,FCT017,Toronto Soap Plant,LN0049,Line-1,2026-07-10 08:00:00,2026-07-10,8,Morning,Aloe Vera Liquid Soap,0.84,60.0,30.5,Material Shortage,29.5,50,25,0,25,0.93,100.0,50.0,49.17,100.89,49.61,2.5,17.47,2
PureGlow Soaps International (Fictional Dummy Company),Global Manufacturing Head - PureGlow Soaps,United States (North America),Canada,Toronto,FCT017,Toronto Soap Plant,LN0050,Line-2,2026-07-10 08:00:00,2026-07-10,8,Morning,Aloe Vera Liquid Soap,0.93,60.0,32.0,Machine Breakdown,28.0,56,22,1,21,6.05,95.45,39.29,46.67,84.49,37.64,2.07,11.87,3
PureGlow Soaps International (Fictional Dummy Company),Global Manufacturing Head - PureGlow Soaps,United States (North America),Canada,Toronto,FCT017,Toronto Soap Plant,LN0051,Line-3,2026-07-10 08:00:00,2026-07-10,8,Morning,Charcoal Bar Soap,0.99,60.0,32.5,Material Shortage,27.5,59,28,1,27,2.84,96.43,47.46,45.83,102.85,45.45,2.94,17.24,1
PureGlow Soaps International (Fictional Dummy Company),Global Manufacturing Head - PureGlow Soaps,United States (North America),Canada,Toronto,FCT017,Toronto Soap Plant,LN0049,Line-1,2026-07-10 09:00:00,2026-07-10,9,Morning,Aloe Vera Liquid Soap,0.84,60.0,22.0,Preventive Maintenance,38.0,50,26,1,25,2.04,96.15,52.0,63.33,81.45,49.6,2.75,21.31,3
PureGlow Soaps International (Fictional Dummy Company),Global Manufacturing Head - PureGlow Soaps,United States (North America),Canada,Toronto,FCT017,Toronto Soap Plant,LN0050,Line-2,2026-07-10 09:00:00,2026-07-10,9,Morning,Aloe Vera Liquid Soap,0.93,60.0,16.3,Changeover/Setup,43.7,56,35,0,35,0.63,100.0,62.5,72.83,86.12,62.72,3.36,18.22,1
PureGlow Soaps International (Fictional Dummy Company),Global Manufacturing Head - PureGlow Soaps,United States (North America),Canada,Toronto,FCT017,Toronto Soap Plant,LN0051,Line-3,2026-07-10 09:00:00,2026-07-10,9,Morning,Charcoal Bar Soap,0.99,60.0,3.0,No Downtime,57.0,59,56,3,53,4.64,94.64,94.92,95.0,99.24,89.22,5.24,35.41,2
PureGlow Soaps International (Fictional Dummy Company),Global Manufacturing Head - PureGlow Soaps,United States (North America),Canada,Toronto,FCT017,Toronto Soap Plant,LN0049,Line-1,2026-07-10 10:00:00,2026-07-10,10,Morning,Aloe Vera Liquid Soap,0.84,60.0,23.6,Machine Breakdown,36.4,50,26,1,25,4.16,96.15,52.0,60.67,85.03,49.6,2.33,21.34,3
PureGlow Soaps International (Fictional Dummy Company),Global Manufacturing Head - PureGlow Soaps,United States (North America),Canada,Toronto,FCT017,Toronto Soap Plant,LN0050,Line-2,2026-07-10 10:00:00,2026-07-10,10,Morning,Aloe Vera Liquid Soap,0.93,60.0,25.7,Material Shortage,34.3,56,27,1,26,2.95,96.3,48.21,57.17,84.64,46.6,2.3,14.93,3
PureGlow Soaps International (Fictional Dummy Company),Global Manufacturing Head - PureGlow Soaps,United States (North America),Canada,Toronto,FCT017,Toronto Soap Plant,LN0051,Line-3,2026-07-10 10:00:00,2026-07-10,10,Morning,Charcoal Bar Soap,0.99,60.0,3.5,No Downtime,56.5,59,49,1,48,3.06,97.96,83.05,94.17,87.6,80.81,5.39,35.82,2
PureGlow Soaps International (Fictional Dummy Company),Global Manufacturing Head - PureGlow Soaps,United States (North America),Canada,Toronto,FCT017,Toronto Soap Plant,LN0049,Line-1,2026-07-10 11:00:00,2026-07-10,11,Morning,Aloe Vera Liquid Soap,0.84,60.0,13.4,Machine Breakdown,46.6,50,33,1,32,1.66,96.97,66.0,77.67,84.3,63.49,3.5,26.14,3
PureGlow Soaps International (Fictional Dummy Company),Global Manufacturing Head - PureGlow Soaps,United States (North America),Canada,Toronto,FCT017,Toronto Soap Plant,LN0050,Line-2,2026-07-10 11:00:00,2026-07-10,11,Morning,Aloe Vera Liquid Soap,0.93,60.0,16.4,Material Shortage,43.6,56,40,2,38,4.11,95.0,71.43,72.67,98.65,68.1,4.19,17.81,2
PureGlow Soaps International (Fictional Dummy Company),Global Manufacturing Head - PureGlow Soaps,United States (North America),Canada,Toronto,FCT017,Toronto Soap Plant,LN0051,Line-3,2026-07-10 11:00:00,2026-07-10,11,Morning,Charcoal Bar Soap,0.99,60.0,39.9,Machine Breakdown,20.1,59,16,1,15,4.87,93.75,27.12,33.5,80.41,25.25,1.37,12.62,1
PureGlow Soaps International (Fictional Dummy Company),Global Manufacturing Head - PureGlow Soaps,United States (North America),Canada,Toronto,FCT017,Toronto Soap Plant,LN0049,Line-1,2026-07-10 12:00:00,2026-07-10,12,Morning,Aloe Vera Liquid Soap,0.84,60.0,7.1,Staff Shortage,52.9,50,45,1,44,3.01,97.78,90.0,88.17,101.27,87.31,4.02,31.5,1
PureGlow Soaps International (Fictional Dummy Company),Global Manufacturing Head - PureGlow Soaps,United States (North America),Canada,Toronto,FCT017,Toronto Soap Plant,LN0050,Line-2,2026-07-10 12:00:00,2026-07-10,12,Morning,Aloe Vera Liquid Soap,0.93,60.0,0.2,No Downtime,59.8,56,57,3,54,5.7,94.74,101.79,99.67,102.49,96.78,6.12,25.79,3
PureGlow Soaps International (Fictional Dummy Company),Global Manufacturing Head - PureGlow Soaps,United States (North America),Canada,Toronto,FCT017,Toronto Soap Plant,LN0051,Line-3,2026-07-10 12:00:00,2026-07-10,12,Morning,Charcoal Bar Soap,0.99,60.0,3.6,No Downtime,56.4,59,49,2,47,4.97,95.92,83.05,94.0,87.76,79.13,4.5,35.7,3
PureGlow Soaps International (Fictional Dummy Company),Global Manufacturing Head - PureGlow Soaps,United States (North America),Canada,Toronto,FCT017,Toronto Soap Plant,LN0049,Line-1,2026-07-10 13:00:00,2026-07-10,13,Morning,Aloe Vera Liquid Soap,0.84,60.0,18.8,Changeover/Setup,41.2,50,34,1,33,3.82,97.06,68.0,68.67,98.24,65.48,3.41,24.14,1
PureGlow Soaps International (Fictional Dummy Company),Global Manufacturing Head - PureGlow Soaps,United States (North America),Canada,Toronto,FCT017,Toronto Soap Plant,LN0050,Line-2,2026-07-10 13:00:00,2026-07-10,13,Morning,Aloe Vera Liquid Soap,0.93,60.0,1.7,No Downtime,58.3,56,49,1,48,3.03,97.96,87.5,97.17,90.37,86.02,5.1,23.76,2
PureGlow Soaps International (Fictional Dummy Company),Global Manufacturing Head - PureGlow Soaps,United States (North America),Canada,Toronto,FCT017,Toronto Soap Plant,LN0051,Line-3,2026-07-10 13:00:00,2026-07-10,13,Morning,Charcoal Bar Soap,0.99,60.0,13.3,Changeover/Setup,46.7,59,39,1,38,1.94,97.44,66.1,77.83,84.36,63.98,3.52,29.97,3
PureGlow Soaps International (Fictional Dummy Company),Global Manufacturing Head - PureGlow Soaps,United States (North America),Canada,Toronto,FCT017,Toronto Soap Plant,LN0049,Line-1,2026-07-10 14:00:00,2026-07-10,14,Afternoon,Aloe Vera Liquid Soap,0.84,60.0,27.4,Preventive Maintenance,32.6,50,24,1,23,2.61,95.83,48.0,54.33,87.64,45.63,2.16,17.12,2
PureGlow Soaps International (Fictional Dummy Company),Global Manufacturing Head - PureGlow Soaps,United States (North America),Canada,Toronto,FCT017,Toronto Soap Plant,LN0050,Line-2,2026-07-10 14:00:00,2026-07-10,14,Afternoon,Aloe Vera Liquid Soap,0.93,60.0,20.0,Material Shortage,40.0,56,35,0,35,1.35,100.0,62.5,66.67,94.09,62.73,3.84,18.14,3
PureGlow Soaps International (Fictional Dummy Company),Global Manufacturing Head - PureGlow Soaps,United States (North America),Canada,Toronto,FCT017,Toronto Soap Plant,LN0051,Line-3,2026-07-10 14:00:00,2026-07-10,14,Afternoon,Charcoal Bar Soap,0.99,60.0,26.2,Preventive Maintenance,33.8,59,27,1,26,4.08,96.3,45.76,56.33,80.69,43.77,2.72,22.78,1
PureGlow Soaps International (Fictional Dummy Company),Global Manufacturing Head - PureGlow Soaps,United States (North America),Canada,Toronto,FCT017,Toronto Soap Plant,LN0049,Line-1,2026-07-10 15:00:00,2026-07-10,15,Afternoon,Aloe Vera Liquid Soap,0.84,60.0,0.8,No Downtime,59.2,50,47,1,46,1.33,97.87,94.0,98.67,94.51,91.27,4.76,34.19,2
PureGlow Soaps International (Fictional Dummy Company),Global Manufacturing Head - PureGlow Soaps,United States (North America),Canada,Toronto,FCT017,Toronto Soap Plant,LN0050,Line-2,2026-07-10 15:00:00,2026-07-10,15,Afternoon,Aloe Vera Liquid Soap,0.93,60.0,1.2,No Downtime,58.8,56,44,2,42,4.16,95.45,78.57,98.0,80.46,75.26,4.02,27.34,3
PureGlow Soaps International (Fictional Dummy Company),Global Manufacturing Head - PureGlow Soaps,United States (North America),Canada,Toronto,FCT017,Toronto Soap Plant,LN0051,Line-3,2026-07-10 15:00:00,2026-07-10,15,Afternoon,Charcoal Bar Soap,0.99,60.0,2.3,No Downtime,57.7,59,50,1,49,2.54,98.0,84.75,96.17,87.53,82.49,4.33,40.02,2
PureGlow Soaps International (Fictional Dummy Company),Global Manufacturing Head - PureGlow Soaps,United States (North America),Canada,Toronto,FCT017,Toronto Soap Plant,LN0049,Line-1,2026-07-10 16:00:00,2026-07-10,16,Afternoon,Aloe Vera Liquid Soap,0.84,60.0,29.9,Machine Breakdown,30.1,50,24,1,23,4.24,95.83,48.0,50.17,94.92,45.64,2.53,17.39,1
PureGlow Soaps International (Fictional Dummy Company),Global Manufacturing Head - PureGlow Soaps,United States (North America),Canada,Toronto,FCT017,Toronto Soap Plant,LN0050,Line-2,2026-07-10 16:00:00,2026-07-10,16,Afternoon,Aloe Vera Liquid Soap,0.93,60.0,1.8,No Downtime,58.2,56,51,2,49,2.99,96.08,91.07,97.0,94.22,87.81,4.98,25.95,2
PureGlow Soaps International (Fictional Dummy Company),Global Manufacturing Head - PureGlow Soaps,United States (North America),Canada,Toronto,FCT017,Toronto Soap Plant,LN0051,Line-3,2026-07-10 16:00:00,2026-07-10,16,Afternoon,Charcoal Bar Soap,0.99,60.0,38.5,Preventive Maintenance,21.5,59,20,1,19,3.25,95.0,33.9,35.83,93.96,31.98,2.09,14.41,1
PureGlow Soaps International (Fictional Dummy Company),Global Manufacturing Head - PureGlow Soaps,United States (North America),Canada,Toronto,FCT017,Toronto Soap Plant,LN0049,Line-1,2026-07-10 17:00:00,2026-07-10,17,Afternoon,Aloe Vera Liquid Soap,0.84,60.0,23.1,Preventive Maintenance,36.9,50,31,1,30,2.47,96.77,62.0,61.5,100.01,59.52,3.36,22.33,3
PureGlow Soaps International (Fictional Dummy Company),Global Manufacturing Head - PureGlow Soaps,United States (North America),Canada,Toronto,FCT017,Toronto Soap Plant,LN0050,Line-2,2026-07-10 17:00:00,2026-07-10,17,Afternoon,Aloe Vera Liquid Soap,0.93,60.0,8.4,Changeover/Setup,51.6,56,45,1,44,1.62,97.78,80.36,86.0,93.77,78.85,4.57,23.42,1
PureGlow Soaps International (Fictional Dummy Company),Global Manufacturing Head - PureGlow Soaps,United States (North America),Canada,Toronto,FCT017,Toronto Soap Plant,LN0051,Line-3,2026-07-10 17:00:00,2026-07-10,17,Afternoon,Charcoal Bar Soap,0.99,60.0,3.4,No Downtime,56.6,59,50,2,48,3.58,96.0,84.75,94.33,89.23,80.8,5.36,34.08,1
PureGlow Soaps International (Fictional Dummy Company),Global Manufacturing Head - PureGlow Soaps,United States (North America),Canada,Toronto,FCT017,Toronto Soap Plant,LN0049,Line-1,2026-07-10 18:00:00,2026-07-10,18,Afternoon,Aloe Vera Liquid Soap,0.84,60.0,7.1,Power Outage,52.9,50,42,2,40,4.55,95.24,84.0,88.17,94.52,79.37,4.41,31.88,2
PureGlow Soaps International (Fictional Dummy Company),Global Manufacturing Head - PureGlow Soaps,United States (North America),Canada,Toronto,FCT017,Toronto Soap Plant,LN0050,Line-2,2026-07-10 18:00:00,2026-07-10,18,Afternoon,Aloe Vera Liquid Soap,0.93,60.0,8.0,Changeover/Setup,52.0,56,43,1,42,3.22,97.67,76.79,86.67,88.92,75.27,4.44,24.24,3
PureGlow Soaps International (Fictional Dummy Company),Global Manufacturing Head - PureGlow Soaps,United States (North America),Canada,Toronto,FCT017,Toronto Soap Plant,LN0051,Line-3,2026-07-10 18:00:00,2026-07-10,18,Afternoon,Charcoal Bar Soap,0.99,60.0,3.8,No Downtime,56.2,59,52,1,51,1.15,98.08,88.14,93.67,93.46,85.86,4.66,33.92,1
PureGlow Soaps International (Fictional Dummy Company),Global Manufacturing Head - PureGlow Soaps,United States (North America),Canada,Toronto,FCT017,Toronto Soap Plant,LN0049,Line-1,2026-07-10 19:00:00,2026-07-10,19,Afternoon,Aloe Vera Liquid Soap,0.84,60.0,2.3,No Downtime,57.7,50,40,2,38,4.21,95.0,80.0,96.17,82.53,75.4,4.05,29.16,2
PureGlow Soaps International (Fictional Dummy Company),Global Manufacturing Head - PureGlow Soaps,United States (North America),Canada,Toronto,FCT017,Toronto Soap Plant,LN0050,Line-2,2026-07-10 19:00:00,2026-07-10,19,Afternoon,Aloe Vera Liquid Soap,0.93,60.0,33.4,Machine Breakdown,26.6,56,21,0,21,2.3,100.0,37.5,44.33,84.89,37.63,2.17,10.69,1
PureGlow Soaps International (Fictional Dummy Company),Global Manufacturing Head - PureGlow Soaps,United States (North America),Canada,Toronto,FCT017,Toronto Soap Plant,LN0051,Line-3,2026-07-10 19:00:00,2026-07-10,19,Afternoon,Charcoal Bar Soap,0.99,60.0,17.1,Power Outage,42.9,59,39,1,38,3.11,97.44,66.1,71.5,91.83,63.98,3.67,25.88,1
PureGlow Soaps International (Fictional Dummy Company),Global Manufacturing Head - PureGlow Soaps,United States (North America),Canada,Toronto,FCT017,Toronto Soap Plant,LN0049,Line-1,2026-07-10 20:00:00,2026-07-10,20,Afternoon,Aloe Vera Liquid Soap,0.84,60.0,0.1,No Downtime,59.9,50,48,2,46,4.67,95.83,96.0,99.83,95.4,91.27,4.61,35.93,3
PureGlow Soaps International (Fictional Dummy Company),Global Manufacturing Head - PureGlow Soaps,United States (North America),Canada,Toronto,FCT017,Toronto Soap Plant,LN0050,Line-2,2026-07-10 20:00:00,2026-07-10,20,Afternoon,Aloe Vera Liquid Soap,0.93,60.0,3.5,No Downtime,56.5,56,53,0,53,0.0,100.0,94.64,94.17,100.87,94.99,4.97,23.26,1
PureGlow Soaps International (Fictional Dummy Company),Global Manufacturing Head - PureGlow Soaps,United States (North America),Canada,Toronto,FCT017,Toronto Soap Plant,LN0051,Line-3,2026-07-10 20:00:00,2026-07-10,20,Afternoon,Charcoal Bar Soap,0.99,60.0,26.5,Power Outage,33.5,59,30,1,29,3.16,96.67,50.85,55.83,90.46,48.82,3.18,20.52,3
PureGlow Soaps International (Fictional Dummy Company),Global Manufacturing Head - PureGlow Soaps,United States (North America),Canada,Toronto,FCT017,Toronto Soap Plant,LN0049,Line-1,2026-07-10 21:00:00,2026-07-10,21,Afternoon,Aloe Vera Liquid Soap,0.84,60.0,27.4,Machine Breakdown,32.6,50,24,1,23,2.75,95.83,48.0,54.33,87.64,45.63,2.27,17.81,1
PureGlow Soaps International (Fictional Dummy Company),Global Manufacturing Head - PureGlow Soaps,United States (North America),Canada,Toronto,FCT017,Toronto Soap Plant,LN0050,Line-2,2026-07-10 21:00:00,2026-07-10,21,Afternoon,Aloe Vera Liquid Soap,0.93,60.0,41.4,Machine Breakdown,18.6,56,16,1,15,3.57,93.75,28.57,31.0,92.5,26.88,1.74,8.39,2
PureGlow Soaps International (Fictional Dummy Company),Global Manufacturing Head - PureGlow Soaps,United States (North America),Canada,Toronto,FCT017,Toronto Soap Plant,LN0051,Line-3,2026-07-10 21:00:00,2026-07-10,21,Afternoon,Charcoal Bar Soap,0.99,60.0,7.5,Quality Hold,52.5,59,43,2,41,5.65,95.35,72.88,87.5,82.73,69.02,3.88,31.1,1
PureGlow Soaps International (Fictional Dummy Company),Global Manufacturing Head - PureGlow Soaps,United States (North America),Canada,Toronto,FCT017,Toronto Soap Plant,LN0049,Line-1,2026-07-10 22:00:00,2026-07-10,22,Night,Aloe Vera Liquid Soap,0.84,60.0,19.9,Changeover/Setup,40.1,50,32,1,31,2.75,96.88,64.0,66.83,95.0,61.51,3.08,21.73,3
PureGlow Soaps International (Fictional Dummy Company),Global Manufacturing Head - PureGlow Soaps,United States (North America),Canada,Toronto,FCT017,Toronto Soap Plant,LN0050,Line-2,2026-07-10 22:00:00,2026-07-10,22,Night,Aloe Vera Liquid Soap,0.93,60.0,16.4,Changeover/Setup,43.6,56,39,1,38,1.99,97.44,69.64,72.67,96.18,68.1,3.41,19.37,2
PureGlow Soaps International (Fictional Dummy Company),Global Manufacturing Head - PureGlow Soaps,United States (North America),Canada,Toronto,FCT017,Toronto Soap Plant,LN0051,Line-3,2026-07-10 22:00:00,2026-07-10,22,Night,Charcoal Bar Soap,0.99,60.0,17.9,Changeover/Setup,42.1,59,36,1,35,1.82,97.22,61.02,70.17,86.37,58.92,3.18,27.86,2
PureGlow Soaps International (Fictional Dummy Company),Global Manufacturing Head - PureGlow Soaps,United States (North America),Canada,Toronto,FCT017,Toronto Soap Plant,LN0049,Line-1,2026-07-10 23:00:00,2026-07-10,23,Night,Aloe Vera Liquid Soap,0.84,60.0,20.9,Preventive Maintenance,39.1,50,26,1,25,3.91,96.15,52.0,65.17,79.16,49.6,2.34,23.61,1
PureGlow Soaps International (Fictional Dummy Company),Global Manufacturing Head - PureGlow Soaps,United States (North America),Canada,Toronto,FCT017,Toronto Soap Plant,LN0050,Line-2,2026-07-10 23:00:00,2026-07-10,23,Night,Aloe Vera Liquid Soap,0.93,60.0,23.9,Preventive Maintenance,36.1,56,27,1,26,4.29,96.3,48.21,60.17,80.42,46.6,2.41,13.86,2
PureGlow Soaps International (Fictional Dummy Company),Global Manufacturing Head - PureGlow Soaps,United States (North America),Canada,Toronto,FCT017,Toronto Soap Plant,LN0051,Line-3,2026-07-10 23:00:00,2026-07-10,23,Night,Charcoal Bar Soap,0.99,60.0,23.3,Preventive Maintenance,36.7,59,31,0,31,0.49,100.0,52.54,61.17,85.32,52.19,3.3,21.94,3
