Company,Global_Head,Continent,Country,City,Factory_ID,Factory_Name,Production_Line_ID,Production_Line_Name,Timestamp,Date,Hour_of_Day,Shift,Product_SKU,Rated_Speed_Units_per_Min,Planned_Runtime_Minutes,Downtime_Minutes,Downtime_Reason,Actual_Runtime_Minutes,Planned_Target_Units,Actual_Units_Produced,Rejected_Units,Good_Units,Defect_Rate_Percent,Quality_Score_Percent,Production_Attainment_Percent,Availability_Percent,Performance_Percent,OEE_Percent,Raw_Material_Consumed_Kg,Energy_Consumed_kWh,Operator_Count
PureGlow Soaps International (Fictional Dummy Company),Global Manufacturing Head - PureGlow Soaps,Australia,Australia,Brisbane,FCT027,Brisbane Soap Plant,LN0079,Line-1,2026-07-01 00:00:00,2026-07-01,0,Night,Aloe Vera Liquid Soap,1.41,60.0,14.9,Machine Breakdown,45.1,85,53,2,51,3.43,96.23,62.35,75.17,83.35,60.29,4.91,18.15,1
PureGlow Soaps International (Fictional Dummy Company),Global Manufacturing Head - PureGlow Soaps,Australia,Australia,Brisbane,FCT027,Brisbane Soap Plant,LN0080,Line-2,2026-07-01 00:00:00,2026-07-01,0,Night,Charcoal Bar Soap,1.03,60.0,0.3,No Downtime,59.7,62,49,2,47,3.61,95.92,79.03,99.5,79.69,76.06,4.72,30.21,1
PureGlow Soaps International (Fictional Dummy Company),Global Manufacturing Head - PureGlow Soaps,Australia,Australia,Brisbane,FCT027,Brisbane Soap Plant,LN0081,Line-3,2026-07-01 00:00:00,2026-07-01,0,Night,Neem Bar Soap,1.4,60.0,40.3,Machine Breakdown,19.7,84,27,0,27,1.42,100.0,32.14,32.83,97.9,32.14,2.43,10.78,1
PureGlow Soaps International (Fictional Dummy Company),Global Manufacturing Head - PureGlow Soaps,Australia,Australia,Brisbane,FCT027,Brisbane Soap Plant,LN0079,Line-1,2026-07-01 01:00:00,2026-07-01,1,Night,Aloe Vera Liquid Soap,1.41,60.0,36.2,Machine Breakdown,23.8,85,34,1,33,2.39,97.06,40.0,39.67,101.32,39.01,3.07,9.14,2
PureGlow Soaps International (Fictional Dummy Company),Global Manufacturing Head - PureGlow Soaps,Australia,Australia,Brisbane,FCT027,Brisbane Soap Plant,LN0080,Line-2,2026-07-01 01:00:00,2026-07-01,1,Night,Charcoal Bar Soap,1.03,60.0,8.9,Staff Shortage,51.1,62,44,2,42,3.49,95.45,70.97,85.17,83.6,67.96,3.82,24.74,3
PureGlow Soaps International (Fictional Dummy Company),Global Manufacturing Head - PureGlow Soaps,Australia,Australia,Brisbane,FCT027,Brisbane Soap Plant,LN0081,Line-3,2026-07-01 01:00:00,2026-07-01,1,Night,Neem Bar Soap,1.4,60.0,3.0,No Downtime,57.0,84,78,2,76,2.73,97.44,92.86,95.0,97.74,90.48,7.2,36.24,1
PureGlow Soaps International (Fictional Dummy Company),Global Manufacturing Head - PureGlow Soaps,Australia,Australia,Brisbane,FCT027,Brisbane Soap Plant,LN0079,Line-1,2026-07-01 02:00:00,2026-07-01,2,Night,Aloe Vera Liquid Soap,1.41,60.0,0.2,No Downtime,59.8,85,86,2,84,1.84,97.67,101.18,99.67,101.99,99.28,7.57,22.61,3
PureGlow Soaps International (Fictional Dummy Company),Global Manufacturing Head - PureGlow Soaps,Australia,Australia,Brisbane,FCT027,Brisbane Soap Plant,LN0080,Line-2,2026-07-01 02:00:00,2026-07-01,2,Night,Charcoal Bar Soap,1.03,60.0,17.1,Power Outage,42.9,62,45,1,44,1.79,97.78,72.58,71.5,101.84,71.2,4.0,20.56,2
PureGlow Soaps International (Fictional Dummy Company),Global Manufacturing Head - PureGlow Soaps,Australia,Australia,Brisbane,FCT027,Brisbane Soap Plant,LN0081,Line-3,2026-07-01 02:00:00,2026-07-01,2,Night,Neem Bar Soap,1.4,60.0,1.4,No Downtime,58.6,84,83,4,79,5.4,95.18,98.81,97.67,101.17,94.05,8.98,36.85,3
PureGlow Soaps International (Fictional Dummy Company),Global Manufacturing Head - PureGlow Soaps,Australia,Australia,Brisbane,FCT027,Brisbane Soap Plant,LN0079,Line-1,2026-07-01 03:00:00,2026-07-01,3,Night,Aloe Vera Liquid Soap,1.41,60.0,3.3,No Downtime,56.7,85,74,0,74,0.28,100.0,87.06,94.5,92.56,87.47,7.59,21.41,3
PureGlow Soaps International (Fictional Dummy Company),Global Manufacturing Head - PureGlow Soaps,Australia,Australia,Brisbane,FCT027,Brisbane Soap Plant,LN0080,Line-2,2026-07-01 03:00:00,2026-07-01,3,Night,Charcoal Bar Soap,1.03,60.0,10.2,Changeover/Setup,49.8,62,41,2,39,3.88,95.12,66.13,83.0,79.93,63.1,3.83,24.04,3
PureGlow Soaps International (Fictional Dummy Company),Global Manufacturing Head - PureGlow Soaps,Australia,Australia,Brisbane,FCT027,Brisbane Soap Plant,LN0081,Line-3,2026-07-01 03:00:00,2026-07-01,3,Night,Neem Bar Soap,1.4,60.0,34.0,Preventive Maintenance,26.0,84,31,1,30,3.1,96.77,36.9,43.33,85.16,35.71,2.96,17.04,1
PureGlow Soaps International (Fictional Dummy Company),Global Manufacturing Head - PureGlow Soaps,Australia,Australia,Brisbane,FCT027,Brisbane Soap Plant,LN0079,Line-1,2026-07-01 04:00:00,2026-07-01,4,Night,Aloe Vera Liquid Soap,1.41,60.0,42.0,Machine Breakdown,18.0,85,25,0,25,1.93,100.0,29.41,30.0,98.5,29.55,2.2,6.85,2
PureGlow Soaps International (Fictional Dummy Company),Global Manufacturing Head - PureGlow Soaps,Australia,Australia,Brisbane,FCT027,Brisbane Soap Plant,LN0080,Line-2,2026-07-01 04:00:00,2026-07-01,4,Night,Charcoal Bar Soap,1.03,60.0,0.8,No Downtime,59.2,62,55,1,54,1.38,98.18,88.71,98.67,90.2,87.38,5.43,30.59,2
PureGlow Soaps International (Fictional Dummy Company),Global Manufacturing Head - PureGlow Soaps,Australia,Australia,Brisbane,FCT027,Brisbane Soap Plant,LN0081,Line-3,2026-07-01 04:00:00,2026-07-01,4,Night,Neem Bar Soap,1.4,60.0,11.3,Quality Hold,48.7,84,62,7,55,10.78,88.71,73.81,81.17,90.94,65.48,5.65,27.21,3
PureGlow Soaps International (Fictional Dummy Company),Global Manufacturing Head - PureGlow Soaps,Australia,Australia,Brisbane,FCT027,Brisbane Soap Plant,LN0079,Line-1,2026-07-01 05:00:00,2026-07-01,5,Night,Aloe Vera Liquid Soap,1.41,60.0,44.4,Machine Breakdown,15.6,85,18,0,18,2.53,100.0,21.18,26.0,81.83,21.28,1.98,6.65,2
PureGlow Soaps International (Fictional Dummy Company),Global Manufacturing Head - PureGlow Soaps,Australia,Australia,Brisbane,FCT027,Brisbane Soap Plant,LN0080,Line-2,2026-07-01 05:00:00,2026-07-01,5,Night,Charcoal Bar Soap,1.03,60.0,11.7,Changeover/Setup,48.3,62,51,1,50,2.45,98.04,82.26,80.5,102.51,80.9,4.97,23.33,2
PureGlow Soaps International (Fictional Dummy Company),Global Manufacturing Head - PureGlow Soaps,Australia,Australia,Brisbane,FCT027,Brisbane Soap Plant,LN0081,Line-3,2026-07-01 05:00:00,2026-07-01,5,Night,Neem Bar Soap,1.4,60.0,2.5,No Downtime,57.5,84,78,0,78,0.64,100.0,92.86,95.83,96.89,92.85,7.56,37.57,2
PureGlow Soaps International (Fictional Dummy Company),Global Manufacturing Head - PureGlow Soaps,Australia,Australia,Brisbane,FCT027,Brisbane Soap Plant,LN0079,Line-1,2026-07-01 06:00:00,2026-07-01,6,Morning,Aloe Vera Liquid Soap,1.41,60.0,35.2,Preventive Maintenance,24.8,85,33,1,32,2.05,96.97,38.82,41.33,94.37,37.82,2.84,9.98,3
PureGlow Soaps International (Fictional Dummy Company),Global Manufacturing Head - PureGlow Soaps,Australia,Australia,Brisbane,FCT027,Brisbane Soap Plant,LN0080,Line-2,2026-07-01 06:00:00,2026-07-01,6,Morning,Charcoal Bar Soap,1.03,60.0,18.3,Material Shortage,41.7,62,35,1,34,2.49,97.14,56.45,69.5,81.49,55.02,3.13,20.42,2
PureGlow Soaps International (Fictional Dummy Company),Global Manufacturing Head - PureGlow Soaps,Australia,Australia,Brisbane,FCT027,Brisbane Soap Plant,LN0081,Line-3,2026-07-01 06:00:00,2026-07-01,6,Morning,Neem Bar Soap,1.4,60.0,3.1,No Downtime,56.9,84,79,2,77,2.05,97.47,94.05,94.83,99.17,91.66,8.57,37.62,2
PureGlow Soaps International (Fictional Dummy Company),Global Manufacturing Head - PureGlow Soaps,Australia,Australia,Brisbane,FCT027,Brisbane Soap Plant,LN0079,Line-1,2026-07-01 07:00:00,2026-07-01,7,Morning,Aloe Vera Liquid Soap,1.41,60.0,2.4,No Downtime,57.6,85,81,2,79,2.62,97.53,95.29,96.0,99.73,93.38,8.17,24.56,3
PureGlow Soaps International (Fictional Dummy Company),Global Manufacturing Head - PureGlow Soaps,Australia,Australia,Brisbane,FCT027,Brisbane Soap Plant,LN0080,Line-2,2026-07-01 07:00:00,2026-07-01,7,Morning,Charcoal Bar Soap,1.03,60.0,33.8,Preventive Maintenance,26.2,62,22,1,21,6.46,95.45,35.48,43.67,81.52,33.98,2.07,12.34,3
PureGlow Soaps International (Fictional Dummy Company),Global Manufacturing Head - PureGlow Soaps,Australia,Australia,Brisbane,FCT027,Brisbane Soap Plant,LN0081,Line-3,2026-07-01 07:00:00,2026-07-01,7,Morning,Neem Bar Soap,1.4,60.0,19.7,Preventive Maintenance,40.3,84,52,2,50,4.16,96.15,61.9,67.17,92.17,59.53,5.46,22.86,2
PureGlow Soaps International (Fictional Dummy Company),Global Manufacturing Head - PureGlow Soaps,Australia,Australia,Brisbane,FCT027,Brisbane Soap Plant,LN0079,Line-1,2026-07-01 08:00:00,2026-07-01,8,Morning,Aloe Vera Liquid Soap,1.41,60.0,2.7,No Downtime,57.3,85,76,3,73,3.36,96.05,89.41,95.5,94.07,86.29,6.63,22.24,3
PureGlow Soaps International (Fictional Dummy Company),Global Manufacturing Head - PureGlow Soaps,Australia,Australia,Brisbane,FCT027,Brisbane Soap Plant,LN0080,Line-2,2026-07-01 08:00:00,2026-07-01,8,Morning,Charcoal Bar Soap,1.03,60.0,18.9,Changeover/Setup,41.1,62,41,2,39,4.58,95.12,66.13,68.5,96.85,63.1,3.53,20.86,3
PureGlow Soaps International (Fictional Dummy Company),Global Manufacturing Head - PureGlow Soaps,Australia,Australia,Brisbane,FCT027,Brisbane Soap Plant,LN0081,Line-3,2026-07-01 08:00:00,2026-07-01,8,Morning,Neem Bar Soap,1.4,60.0,15.6,Changeover/Setup,44.4,84,51,1,50,1.98,98.04,60.71,74.0,82.05,59.53,5.45,24.5,2
PureGlow Soaps International (Fictional Dummy Company),Global Manufacturing Head - PureGlow Soaps,Australia,Australia,Brisbane,FCT027,Brisbane Soap Plant,LN0079,Line-1,2026-07-01 09:00:00,2026-07-01,9,Morning,Aloe Vera Liquid Soap,1.41,60.0,3.5,No Downtime,56.5,85,80,3,77,3.9,96.25,94.12,94.17,100.42,91.02,7.84,23.24,3
PureGlow Soaps International (Fictional Dummy Company),Global Manufacturing Head - PureGlow Soaps,Australia,Australia,Brisbane,FCT027,Brisbane Soap Plant,LN0080,Line-2,2026-07-01 09:00:00,2026-07-01,9,Morning,Charcoal Bar Soap,1.03,60.0,1.6,No Downtime,58.4,62,58,2,56,3.53,96.55,93.55,97.33,96.42,90.61,6.16,28.28,2
PureGlow Soaps International (Fictional Dummy Company),Global Manufacturing Head - PureGlow Soaps,Australia,Australia,Brisbane,FCT027,Brisbane Soap Plant,LN0081,Line-3,2026-07-01 09:00:00,2026-07-01,9,Morning,Neem Bar Soap,1.4,60.0,2.6,No Downtime,57.4,84,69,1,68,2.06,98.55,82.14,95.67,85.86,80.95,6.71,37.55,1
PureGlow Soaps International (Fictional Dummy Company),Global Manufacturing Head - PureGlow Soaps,Australia,Australia,Brisbane,FCT027,Brisbane Soap Plant,LN0079,Line-1,2026-07-01 10:00:00,2026-07-01,10,Morning,Aloe Vera Liquid Soap,1.41,60.0,1.0,No Downtime,59.0,85,68,2,66,3.12,97.06,80.0,98.33,81.74,78.01,7.16,23.05,2
PureGlow Soaps International (Fictional Dummy Company),Global Manufacturing Head - PureGlow Soaps,Australia,Australia,Brisbane,FCT027,Brisbane Soap Plant,LN0080,Line-2,2026-07-01 10:00:00,2026-07-01,10,Morning,Charcoal Bar Soap,1.03,60.0,23.2,Preventive Maintenance,36.8,62,34,1,33,3.83,97.06,54.84,61.33,89.7,53.4,3.6,18.22,3
PureGlow Soaps International (Fictional Dummy Company),Global Manufacturing Head - PureGlow Soaps,Australia,Australia,Brisbane,FCT027,Brisbane Soap Plant,LN0081,Line-3,2026-07-01 10:00:00,2026-07-01,10,Morning,Neem Bar Soap,1.4,60.0,26.3,Preventive Maintenance,33.7,84,48,3,45,6.85,93.75,57.14,56.17,101.74,53.58,4.11,19.13,1
PureGlow Soaps International (Fictional Dummy Company),Global Manufacturing Head - PureGlow Soaps,Australia,Australia,Brisbane,FCT027,Brisbane Soap Plant,LN0079,Line-1,2026-07-01 11:00:00,2026-07-01,11,Morning,Aloe Vera Liquid Soap,1.41,60.0,2.6,No Downtime,57.4,85,75,2,73,2.14,97.33,88.24,95.67,92.67,86.29,8.06,23.69,2
PureGlow Soaps International (Fictional Dummy Company),Global Manufacturing Head - PureGlow Soaps,Australia,Australia,Brisbane,FCT027,Brisbane Soap Plant,LN0080,Line-2,2026-07-01 11:00:00,2026-07-01,11,Morning,Charcoal Bar Soap,1.03,60.0,6.3,Changeover/Setup,53.7,62,50,1,49,2.52,98.0,80.65,89.5,90.4,79.29,4.4,26.52,2
PureGlow Soaps International (Fictional Dummy Company),Global Manufacturing Head - PureGlow Soaps,Australia,Australia,Brisbane,FCT027,Brisbane Soap Plant,LN0081,Line-3,2026-07-01 11:00:00,2026-07-01,11,Morning,Neem Bar Soap,1.4,60.0,37.1,Machine Breakdown,22.9,84,32,1,31,3.43,96.88,38.1,38.17,99.81,36.91,3.33,14.64,1
PureGlow Soaps International (Fictional Dummy Company),Global Manufacturing Head - PureGlow Soaps,Australia,Australia,Brisbane,FCT027,Brisbane Soap Plant,LN0079,Line-1,2026-07-01 12:00:00,2026-07-01,12,Morning,Aloe Vera Liquid Soap,1.41,60.0,0.6,No Downtime,59.4,85,73,2,71,2.1,97.26,85.88,99.0,87.16,83.92,8.03,21.9,3
PureGlow Soaps International (Fictional Dummy Company),Global Manufacturing Head - PureGlow Soaps,Australia,Australia,Brisbane,FCT027,Brisbane Soap Plant,LN0080,Line-2,2026-07-01 12:00:00,2026-07-01,12,Morning,Charcoal Bar Soap,1.03,60.0,2.2,No Downtime,57.8,62,55,1,54,2.5,98.18,88.71,96.33,92.38,87.37,5.99,27.36,1
PureGlow Soaps International (Fictional Dummy Company),Global Manufacturing Head - PureGlow Soaps,Australia,Australia,Brisbane,FCT027,Brisbane Soap Plant,LN0081,Line-3,2026-07-01 12:00:00,2026-07-01,12,Morning,Neem Bar Soap,1.4,60.0,18.3,Changeover/Setup,41.7,84,52,1,51,2.78,98.08,61.9,69.5,89.07,60.72,5.56,23.39,1
PureGlow Soaps International (Fictional Dummy Company),Global Manufacturing Head - PureGlow Soaps,Australia,Australia,Brisbane,FCT027,Brisbane Soap Plant,LN0079,Line-1,2026-07-01 13:00:00,2026-07-01,13,Morning,Aloe Vera Liquid Soap,1.41,60.0,3.4,No Downtime,56.6,85,81,1,80,0.84,98.77,95.29,94.33,101.5,94.57,8.68,22.26,3
PureGlow Soaps International (Fictional Dummy Company),Global Manufacturing Head - PureGlow Soaps,Australia,Australia,Brisbane,FCT027,Brisbane Soap Plant,LN0080,Line-2,2026-07-01 13:00:00,2026-07-01,13,Morning,Charcoal Bar Soap,1.03,60.0,17.2,Preventive Maintenance,42.8,62,39,1,38,1.91,97.44,62.9,71.33,88.47,61.49,3.4,21.72,1
PureGlow Soaps International (Fictional Dummy Company),Global Manufacturing Head - PureGlow Soaps,Australia,Australia,Brisbane,FCT027,Brisbane Soap Plant,LN0081,Line-3,2026-07-01 13:00:00,2026-07-01,13,Morning,Neem Bar Soap,1.4,60.0,32.3,Machine Breakdown,27.7,84,33,1,32,3.34,96.97,39.29,46.17,85.1,38.1,3.13,15.53,2
PureGlow Soaps International (Fictional Dummy Company),Global Manufacturing Head - PureGlow Soaps,Australia,Australia,Brisbane,FCT027,Brisbane Soap Plant,LN0079,Line-1,2026-07-01 14:00:00,2026-07-01,14,Afternoon,Aloe Vera Liquid Soap,1.41,60.0,30.1,Preventive Maintenance,29.9,85,40,2,38,4.28,95.0,47.06,49.83,94.88,44.91,4.0,11.41,2
PureGlow Soaps International (Fictional Dummy Company),Global Manufacturing Head - PureGlow Soaps,Australia,Australia,Brisbane,FCT027,Brisbane Soap Plant,LN0080,Line-2,2026-07-01 14:00:00,2026-07-01,14,Afternoon,Charcoal Bar Soap,1.03,60.0,24.2,Preventive Maintenance,35.8,62,31,0,31,1.06,100.0,50.0,59.67,84.07,50.16,3.38,17.27,2
PureGlow Soaps International (Fictional Dummy Company),Global Manufacturing Head - PureGlow Soaps,Australia,Australia,Brisbane,FCT027,Brisbane Soap Plant,LN0081,Line-3,2026-07-01 14:00:00,2026-07-01,14,Afternoon,Neem Bar Soap,1.4,60.0,23.8,Power Outage,36.2,84,44,1,43,3.12,97.73,52.38,60.33,86.82,51.19,3.8,22.57,3
PureGlow Soaps International (Fictional Dummy Company),Global Manufacturing Head - PureGlow Soaps,Australia,Australia,Brisbane,FCT027,Brisbane Soap Plant,LN0079,Line-1,2026-07-01 15:00:00,2026-07-01,15,Afternoon,Aloe Vera Liquid Soap,1.41,60.0,2.6,No Downtime,57.4,85,69,3,66,4.65,95.65,81.18,95.67,85.25,78.01,7.49,24.05,2
PureGlow Soaps International (Fictional Dummy Company),Global Manufacturing Head - PureGlow Soaps,Australia,Australia,Brisbane,FCT027,Brisbane Soap Plant,LN0080,Line-2,2026-07-01 15:00:00,2026-07-01,15,Afternoon,Charcoal Bar Soap,1.03,60.0,13.0,Quality Hold,47.0,62,48,2,46,3.97,95.83,77.42,78.33,99.15,74.43,4.66,24.68,1
PureGlow Soaps International (Fictional Dummy Company),Global Manufacturing Head - PureGlow Soaps,Australia,Australia,Brisbane,FCT027,Brisbane Soap Plant,LN0081,Line-3,2026-07-01 15:00:00,2026-07-01,15,Afternoon,Neem Bar Soap,1.4,60.0,34.3,Machine Breakdown,25.7,84,36,1,35,3.13,97.22,42.86,42.83,100.06,41.66,3.18,15.42,2
PureGlow Soaps International (Fictional Dummy Company),Global Manufacturing Head - PureGlow Soaps,Australia,Australia,Brisbane,FCT027,Brisbane Soap Plant,LN0079,Line-1,2026-07-01 16:00:00,2026-07-01,16,Afternoon,Aloe Vera Liquid Soap,1.41,60.0,5.2,Quality Hold,54.8,85,73,5,68,6.8,93.15,85.88,91.33,94.48,80.38,7.85,20.23,3
PureGlow Soaps International (Fictional Dummy Company),Global Manufacturing Head - PureGlow Soaps,Australia,Australia,Brisbane,FCT027,Brisbane Soap Plant,LN0080,Line-2,2026-07-01 16:00:00,2026-07-01,16,Afternoon,Charcoal Bar Soap,1.03,60.0,12.7,Changeover/Setup,47.3,62,48,1,47,1.75,97.92,77.42,78.83,98.52,76.05,4.25,24.66,3
PureGlow Soaps International (Fictional Dummy Company),Global Manufacturing Head - PureGlow Soaps,Australia,Australia,Brisbane,FCT027,Brisbane Soap Plant,LN0081,Line-3,2026-07-01 16:00:00,2026-07-01,16,Afternoon,Neem Bar Soap,1.4,60.0,3.6,No Downtime,56.4,84,66,0,66,0.0,100.0,78.57,94.0,83.59,78.57,6.13,37.19,3
PureGlow Soaps International (Fictional Dummy Company),Global Manufacturing Head - PureGlow Soaps,Australia,Australia,Brisbane,FCT027,Brisbane Soap Plant,LN0079,Line-1,2026-07-01 17:00:00,2026-07-01,17,Afternoon,Aloe Vera Liquid Soap,1.41,60.0,13.0,Machine Breakdown,47.0,85,58,0,58,0.47,100.0,68.24,78.33,87.52,68.55,5.17,19.69,1
PureGlow Soaps International (Fictional Dummy Company),Global Manufacturing Head - PureGlow Soaps,Australia,Australia,Brisbane,FCT027,Brisbane Soap Plant,LN0080,Line-2,2026-07-01 17:00:00,2026-07-01,17,Afternoon,Charcoal Bar Soap,1.03,60.0,2.1,No Downtime,57.9,62,55,2,53,3.47,96.36,88.71,96.5,92.22,85.75,4.8,32.06,2
PureGlow Soaps International (Fictional Dummy Company),Global Manufacturing Head - PureGlow Soaps,Australia,Australia,Brisbane,FCT027,Brisbane Soap Plant,LN0081,Line-3,2026-07-01 17:00:00,2026-07-01,17,Afternoon,Neem Bar Soap,1.4,60.0,18.4,Quality Hold,41.6,84,58,6,52,9.85,89.66,69.05,69.33,99.59,61.91,5.15,25.79,1
PureGlow Soaps International (Fictional Dummy Company),Global Manufacturing Head - PureGlow Soaps,Australia,Australia,Brisbane,FCT027,Brisbane Soap Plant,LN0079,Line-1,2026-07-01 18:00:00,2026-07-01,18,Afternoon,Aloe Vera Liquid Soap,1.41,60.0,8.9,Changeover/Setup,51.1,85,68,1,67,2.14,98.53,80.0,85.17,94.38,79.2,6.69,21.17,1
PureGlow Soaps International (Fictional Dummy Company),Global Manufacturing Head - PureGlow Soaps,Australia,Australia,Brisbane,FCT027,Brisbane Soap Plant,LN0080,Line-2,2026-07-01 18:00:00,2026-07-01,18,Afternoon,Charcoal Bar Soap,1.03,60.0,23.4,Preventive Maintenance,36.6,62,35,1,34,3.11,97.14,56.45,61.0,92.84,55.01,3.46,19.36,3
PureGlow Soaps International (Fictional Dummy Company),Global Manufacturing Head - PureGlow Soaps,Australia,Australia,Brisbane,FCT027,Brisbane Soap Plant,LN0081,Line-3,2026-07-01 18:00:00,2026-07-01,18,Afternoon,Neem Bar Soap,1.4,60.0,16.7,Changeover/Setup,43.3,84,54,1,53,2.75,98.15,64.29,72.17,89.08,63.1,5.17,26.66,1
PureGlow Soaps International (Fictional Dummy Company),Global Manufacturing Head - PureGlow Soaps,Australia,Australia,Brisbane,FCT027,Brisbane Soap Plant,LN0079,Line-1,2026-07-01 19:00:00,2026-07-01,19,Afternoon,Aloe Vera Liquid Soap,1.41,60.0,2.0,No Downtime,58.0,85,81,2,79,2.9,97.53,95.29,96.67,99.05,93.39,8.1,22.39,1
PureGlow Soaps International (Fictional Dummy Company),Global Manufacturing Head - PureGlow Soaps,Australia,Australia,Brisbane,FCT027,Brisbane Soap Plant,LN0080,Line-2,2026-07-01 19:00:00,2026-07-01,19,Afternoon,Charcoal Bar Soap,1.03,60.0,18.3,Preventive Maintenance,41.7,62,37,1,36,3.11,97.3,59.68,69.5,86.14,58.25,3.47,22.08,2
PureGlow Soaps International (Fictional Dummy Company),Global Manufacturing Head - PureGlow Soaps,Australia,Australia,Brisbane,FCT027,Brisbane Soap Plant,LN0081,Line-3,2026-07-01 19:00:00,2026-07-01,19,Afternoon,Neem Bar Soap,1.4,60.0,37.7,Machine Breakdown,22.3,84,25,1,24,2.53,96.0,29.76,37.17,80.08,28.58,2.23,12.65,1
PureGlow Soaps International (Fictional Dummy Company),Global Manufacturing Head - PureGlow Soaps,Australia,Australia,Brisbane,FCT027,Brisbane Soap Plant,LN0079,Line-1,2026-07-01 20:00:00,2026-07-01,20,Afternoon,Aloe Vera Liquid Soap,1.41,60.0,21.3,Preventive Maintenance,38.7,85,55,2,53,3.67,96.36,64.71,64.5,100.79,62.64,5.41,15.35,1
PureGlow Soaps International (Fictional Dummy Company),Global Manufacturing Head - PureGlow Soaps,Australia,Australia,Brisbane,FCT027,Brisbane Soap Plant,LN0080,Line-2,2026-07-01 20:00:00,2026-07-01,20,Afternoon,Charcoal Bar Soap,1.03,60.0,12.8,Quality Hold,47.2,62,45,5,40,10.37,88.89,72.58,78.67,92.56,64.73,4.3,24.56,1
PureGlow Soaps International (Fictional Dummy Company),Global Manufacturing Head - PureGlow Soaps,Australia,Australia,Brisbane,FCT027,Brisbane Soap Plant,LN0081,Line-3,2026-07-01 20:00:00,2026-07-01,20,Afternoon,Neem Bar Soap,1.4,60.0,28.2,Material Shortage,31.8,84,43,1,42,2.15,97.67,51.19,53.0,96.59,50.0,4.0,19.98,1
PureGlow Soaps International (Fictional Dummy Company),Global Manufacturing Head - PureGlow Soaps,Australia,Australia,Brisbane,FCT027,Brisbane Soap Plant,LN0079,Line-1,2026-07-01 21:00:00,2026-07-01,21,Afternoon,Aloe Vera Liquid Soap,1.41,60.0,11.5,Changeover/Setup,48.5,85,65,2,63,2.67,96.92,76.47,80.83,95.05,74.46,6.16,20.78,3
PureGlow Soaps International (Fictional Dummy Company),Global Manufacturing Head - PureGlow Soaps,Australia,Australia,Brisbane,FCT027,Brisbane Soap Plant,LN0080,Line-2,2026-07-01 21:00:00,2026-07-01,21,Afternoon,Charcoal Bar Soap,1.03,60.0,0.8,No Downtime,59.2,62,61,1,60,2.05,98.36,98.39,98.67,100.04,97.09,5.67,28.6,2
PureGlow Soaps International (Fictional Dummy Company),Global Manufacturing Head - PureGlow Soaps,Australia,Australia,Brisbane,FCT027,Brisbane Soap Plant,LN0081,Line-3,2026-07-01 21:00:00,2026-07-01,21,Afternoon,Neem Bar Soap,1.4,60.0,23.5,Power Outage,36.5,84,45,3,42,6.02,93.33,53.57,60.83,88.06,49.99,4.24,22.37,1
PureGlow Soaps International (Fictional Dummy Company),Global Manufacturing Head - PureGlow Soaps,Australia,Australia,Brisbane,FCT027,Brisbane Soap Plant,LN0079,Line-1,2026-07-01 22:00:00,2026-07-01,22,Night,Aloe Vera Liquid Soap,1.41,60.0,3.2,No Downtime,56.8,85,64,1,63,1.46,98.44,75.29,94.67,79.91,74.47,6.62,23.94,3
PureGlow Soaps International (Fictional Dummy Company),Global Manufacturing Head - PureGlow Soaps,Australia,Australia,Brisbane,FCT027,Brisbane Soap Plant,LN0080,Line-2,2026-07-01 22:00:00,2026-07-01,22,Night,Charcoal Bar Soap,1.03,60.0,19.2,Changeover/Setup,40.8,62,37,2,35,5.09,94.59,59.68,68.0,88.04,56.63,3.63,20.1,3
PureGlow Soaps International (Fictional Dummy Company),Global Manufacturing Head - PureGlow Soaps,Australia,Australia,Brisbane,FCT027,Brisbane Soap Plant,LN0081,Line-3,2026-07-01 22:00:00,2026-07-01,22,Night,Neem Bar Soap,1.4,60.0,9.4,Changeover/Setup,50.6,84,70,1,69,1.75,98.57,83.33,84.33,98.81,82.13,6.17,27.64,2
PureGlow Soaps International (Fictional Dummy Company),Global Manufacturing Head - PureGlow Soaps,Australia,Australia,Brisbane,FCT027,Brisbane Soap Plant,LN0079,Line-1,2026-07-01 23:00:00,2026-07-01,23,Night,Aloe Vera Liquid Soap,1.41,60.0,29.5,Material Shortage,30.5,85,37,2,35,4.24,94.59,43.53,50.83,86.04,41.37,3.75,13.08,2
PureGlow Soaps International (Fictional Dummy Company),Global Manufacturing Head - PureGlow Soaps,Australia,Australia,Brisbane,FCT027,Brisbane Soap Plant,LN0080,Line-2,2026-07-01 23:00:00,2026-07-01,23,Night,Charcoal Bar Soap,1.03,60.0,1.6,No Downtime,58.4,62,48,2,46,3.58,95.83,77.42,97.33,79.8,74.43,4.23,30.47,1
PureGlow Soaps International (Fictional Dummy Company),Global Manufacturing Head - PureGlow Soaps,Australia,Australia,Brisbane,FCT027,Brisbane Soap Plant,LN0081,Line-3,2026-07-01 23:00:00,2026-07-01,23,Night,Neem Bar Soap,1.4,60.0,9.0,Changeover/Setup,51.0,84,66,2,64,2.42,96.97,78.57,85.0,92.44,76.19,6.94,28.3,3
PureGlow Soaps International (Fictional Dummy Company),Global Manufacturing Head - PureGlow Soaps,Australia,Australia,Brisbane,FCT027,Brisbane Soap Plant,LN0079,Line-1,2026-07-02 00:00:00,2026-07-02,0,Night,Rose Bar Soap,1.41,60.0,18.7,Preventive Maintenance,41.3,85,50,1,49,1.44,98.0,58.82,68.83,85.86,57.92,5.33,15.2,2
PureGlow Soaps International (Fictional Dummy Company),Global Manufacturing Head - PureGlow Soaps,Australia,Australia,Brisbane,FCT027,Brisbane Soap Plant,LN0080,Line-2,2026-07-02 00:00:00,2026-07-02,0,Night,Coconut Bar Soap,1.03,60.0,29.0,Preventive Maintenance,31.0,62,27,1,26,2.26,96.3,43.55,51.67,84.56,42.08,2.71,17.32,3
PureGlow Soaps International (Fictional Dummy Company),Global Manufacturing Head - PureGlow Soaps,Australia,Australia,Brisbane,FCT027,Brisbane Soap Plant,LN0081,Line-3,2026-07-02 00:00:00,2026-07-02,0,Night,Neem Bar Soap,1.4,60.0,16.5,Machine Breakdown,43.5,84,49,2,47,3.27,95.92,58.33,72.5,80.46,55.95,4.31,24.17,2
PureGlow Soaps International (Fictional Dummy Company),Global Manufacturing Head - PureGlow Soaps,Australia,Australia,Brisbane,FCT027,Brisbane Soap Plant,LN0079,Line-1,2026-07-02 01:00:00,2026-07-02,1,Night,Rose Bar Soap,1.41,60.0,22.5,Machine Breakdown,37.5,85,53,2,51,3.02,96.23,62.35,62.5,100.24,60.29,5.18,15.04,2
PureGlow Soaps International (Fictional Dummy Company),Global Manufacturing Head - PureGlow Soaps,Australia,Australia,Brisbane,FCT027,Brisbane Soap Plant,LN0080,Line-2,2026-07-02 01:00:00,2026-07-02,1,Night,Coconut Bar Soap,1.03,60.0,29.0,Preventive Maintenance,31.0,62,29,2,27,5.36,93.1,46.77,51.67,90.82,43.69,2.67,15.05,2
PureGlow Soaps International (Fictional Dummy Company),Global Manufacturing Head - PureGlow Soaps,Australia,Australia,Brisbane,FCT027,Brisbane Soap Plant,LN0081,Line-3,2026-07-02 01:00:00,2026-07-02,1,Night,Neem Bar Soap,1.4,60.0,1.8,No Downtime,58.2,84,80,3,77,3.51,96.25,95.24,97.0,98.18,91.66,8.05,36.77,1
PureGlow Soaps International (Fictional Dummy Company),Global Manufacturing Head - PureGlow Soaps,Australia,Australia,Brisbane,FCT027,Brisbane Soap Plant,LN0079,Line-1,2026-07-02 02:00:00,2026-07-02,2,Night,Rose Bar Soap,1.41,60.0,2.9,No Downtime,57.1,85,82,4,78,4.42,95.12,96.47,95.17,101.85,92.2,7.04,22.2,3
PureGlow Soaps International (Fictional Dummy Company),Global Manufacturing Head - PureGlow Soaps,Australia,Australia,Brisbane,FCT027,Brisbane Soap Plant,LN0080,Line-2,2026-07-02 02:00:00,2026-07-02,2,Night,Coconut Bar Soap,1.03,60.0,3.5,No Downtime,56.5,62,55,1,54,2.56,98.18,88.71,94.17,94.51,87.38,4.68,29.56,1
PureGlow Soaps International (Fictional Dummy Company),Global Manufacturing Head - PureGlow Soaps,Australia,Australia,Brisbane,FCT027,Brisbane Soap Plant,LN0081,Line-3,2026-07-02 02:00:00,2026-07-02,2,Night,Neem Bar Soap,1.4,60.0,3.9,No Downtime,56.1,84,79,4,75,5.31,94.94,94.05,93.5,100.59,89.29,6.82,36.34,3
PureGlow Soaps International (Fictional Dummy Company),Global Manufacturing Head - PureGlow Soaps,Australia,Australia,Brisbane,FCT027,Brisbane Soap Plant,LN0079,Line-1,2026-07-02 03:00:00,2026-07-02,3,Night,Rose Bar Soap,1.41,60.0,1.0,No Downtime,59.0,85,82,4,78,4.74,95.12,96.47,98.33,98.57,92.19,7.53,22.98,1
PureGlow Soaps International (Fictional Dummy Company),Global Manufacturing Head - PureGlow Soaps,Australia,Australia,Brisbane,FCT027,Brisbane Soap Plant,LN0080,Line-2,2026-07-02 03:00:00,2026-07-02,3,Night,Coconut Bar Soap,1.03,60.0,17.3,Changeover/Setup,42.7,62,42,1,41,2.97,97.62,67.74,71.17,95.5,66.35,3.87,23.09,1
PureGlow Soaps International (Fictional Dummy Company),Global Manufacturing Head - PureGlow Soaps,Australia,Australia,Brisbane,FCT027,Brisbane Soap Plant,LN0081,Line-3,2026-07-02 03:00:00,2026-07-02,3,Night,Neem Bar Soap,1.4,60.0,3.8,No Downtime,56.2,84,64,3,61,4.33,95.31,76.19,93.67,81.34,72.62,5.66,30.86,1
PureGlow Soaps International (Fictional Dummy Company),Global Manufacturing Head - PureGlow Soaps,Australia,Australia,Brisbane,FCT027,Brisbane Soap Plant,LN0079,Line-1,2026-07-02 04:00:00,2026-07-02,4,Night,Rose Bar Soap,1.41,60.0,0.1,No Downtime,59.9,85,82,3,79,3.86,96.34,96.47,99.83,97.09,93.38,8.89,23.01,2
PureGlow Soaps International (Fictional Dummy Company),Global Manufacturing Head - PureGlow Soaps,Australia,Australia,Brisbane,FCT027,Brisbane Soap Plant,LN0080,Line-2,2026-07-02 04:00:00,2026-07-02,4,Night,Coconut Bar Soap,1.03,60.0,1.2,No Downtime,58.8,62,56,0,56,0.78,100.0,90.32,98.0,92.46,90.61,6.11,31.15,2
PureGlow Soaps International (Fictional Dummy Company),Global Manufacturing Head - PureGlow Soaps,Australia,Australia,Brisbane,FCT027,Brisbane Soap Plant,LN0081,Line-3,2026-07-02 04:00:00,2026-07-02,4,Night,Neem Bar Soap,1.4,60.0,24.2,Material Shortage,35.8,84,47,2,45,5.27,95.74,55.95,59.67,93.77,53.57,5.08,23.25,1
PureGlow Soaps International (Fictional Dummy Company),Global Manufacturing Head - PureGlow Soaps,Australia,Australia,Brisbane,FCT027,Brisbane Soap Plant,LN0079,Line-1,2026-07-02 05:00:00,2026-07-02,5,Night,Rose Bar Soap,1.41,60.0,25.3,Preventive Maintenance,34.7,85,48,2,46,4.58,95.83,56.47,57.83,98.11,54.37,5.09,13.59,1
PureGlow Soaps International (Fictional Dummy Company),Global Manufacturing Head - PureGlow Soaps,Australia,Australia,Brisbane,FCT027,Brisbane Soap Plant,LN0080,Line-2,2026-07-02 05:00:00,2026-07-02,5,Night,Coconut Bar Soap,1.03,60.0,26.5,Power Outage,33.5,62,29,1,28,3.47,96.55,46.77,55.83,84.05,45.31,2.91,18.62,1
PureGlow Soaps International (Fictional Dummy Company),Global Manufacturing Head - PureGlow Soaps,Australia,Australia,Brisbane,FCT027,Brisbane Soap Plant,LN0081,Line-3,2026-07-02 05:00:00,2026-07-02,5,Night,Neem Bar Soap,1.4,60.0,19.7,Changeover/Setup,40.3,84,53,2,51,3.05,96.23,63.1,67.17,93.94,60.72,5.19,25.33,2
PureGlow Soaps International (Fictional Dummy Company),Global Manufacturing Head - PureGlow Soaps,Australia,Australia,Brisbane,FCT027,Brisbane Soap Plant,LN0079,Line-1,2026-07-02 06:00:00,2026-07-02,6,Morning,Rose Bar Soap,1.41,60.0,17.5,Staff Shortage,42.5,85,61,2,59,3.44,96.72,71.76,70.83,101.79,69.73,5.86,15.98,3
PureGlow Soaps International (Fictional Dummy Company),Global Manufacturing Head - PureGlow Soaps,Australia,Australia,Brisbane,FCT027,Brisbane Soap Plant,LN0080,Line-2,2026-07-02 06:00:00,2026-07-02,6,Morning,Coconut Bar Soap,1.03,60.0,30.1,Machine Breakdown,29.9,62,28,1,27,3.86,96.43,45.16,49.83,90.92,43.69,2.66,15.25,1
PureGlow Soaps International (Fictional Dummy Company),Global Manufacturing Head - PureGlow Soaps,Australia,Australia,Brisbane,FCT027,Brisbane Soap Plant,LN0081,Line-3,2026-07-02 06:00:00,2026-07-02,6,Morning,Neem Bar Soap,1.4,60.0,1.6,No Downtime,58.4,84,72,3,69,4.2,95.83,85.71,97.33,88.06,82.13,6.46,35.96,2
PureGlow Soaps International (Fictional Dummy Company),Global Manufacturing Head - PureGlow Soaps,Australia,Australia,Brisbane,FCT027,Brisbane Soap Plant,LN0079,Line-1,2026-07-02 07:00:00,2026-07-02,7,Morning,Rose Bar Soap,1.41,60.0,13.5,Quality Hold,46.5,85,56,5,51,9.46,91.07,65.88,77.5,85.41,60.28,5.01,17.38,1
PureGlow Soaps International (Fictional Dummy Company),Global Manufacturing Head - PureGlow Soaps,Australia,Australia,Brisbane,FCT027,Brisbane Soap Plant,LN0080,Line-2,2026-07-02 07:00:00,2026-07-02,7,Morning,Coconut Bar Soap,1.03,60.0,2.7,No Downtime,57.3,62,60,0,60,0.21,100.0,96.77,95.5,101.66,97.09,6.15,26.46,1
PureGlow Soaps International (Fictional Dummy Company),Global Manufacturing Head - PureGlow Soaps,Australia,Australia,Brisbane,FCT027,Brisbane Soap Plant,LN0081,Line-3,2026-07-02 07:00:00,2026-07-02,7,Morning,Neem Bar Soap,1.4,60.0,35.8,Preventive Maintenance,24.2,84,29,1,28,4.09,96.55,34.52,40.33,85.6,33.33,2.95,15.85,2
PureGlow Soaps International (Fictional Dummy Company),Global Manufacturing Head - PureGlow Soaps,Australia,Australia,Brisbane,FCT027,Brisbane Soap Plant,LN0079,Line-1,2026-07-02 08:00:00,2026-07-02,8,Morning,Rose Bar Soap,1.41,60.0,2.9,No Downtime,57.1,85,74,4,70,5.32,94.59,87.06,95.17,91.91,82.74,8.09,21.38,3
PureGlow Soaps International (Fictional Dummy Company),Global Manufacturing Head - PureGlow Soaps,Australia,Australia,Brisbane,FCT027,Brisbane Soap Plant,LN0080,Line-2,2026-07-02 08:00:00,2026-07-02,8,Morning,Coconut Bar Soap,1.03,60.0,23.1,Machine Breakdown,36.9,62,34,1,33,1.74,97.06,54.84,61.5,89.46,53.4,3.53,19.47,1
PureGlow Soaps International (Fictional Dummy Company),Global Manufacturing Head - PureGlow Soaps,Australia,Australia,Brisbane,FCT027,Brisbane Soap Plant,LN0081,Line-3,2026-07-02 08:00:00,2026-07-02,8,Morning,Neem Bar Soap,1.4,60.0,3.6,No Downtime,56.4,84,81,1,80,1.85,98.77,96.43,94.0,102.58,95.24,8.63,37.38,2
PureGlow Soaps International (Fictional Dummy Company),Global Manufacturing Head - PureGlow Soaps,Australia,Australia,Brisbane,FCT027,Brisbane Soap Plant,LN0079,Line-1,2026-07-02 09:00:00,2026-07-02,9,Morning,Rose Bar Soap,1.41,60.0,3.7,No Downtime,56.3,85,73,1,72,1.94,98.63,85.88,93.83,91.96,85.1,7.0,20.32,3
PureGlow Soaps International (Fictional Dummy Company),Global Manufacturing Head - PureGlow Soaps,Australia,Australia,Brisbane,FCT027,Brisbane Soap Plant,LN0080,Line-2,2026-07-02 09:00:00,2026-07-02,9,Morning,Coconut Bar Soap,1.03,60.0,1.4,No Downtime,58.6,62,49,2,47,3.63,95.92,79.03,97.67,81.18,76.05,4.85,27.03,3
PureGlow Soaps International (Fictional Dummy Company),Global Manufacturing Head - PureGlow Soaps,Australia,Australia,Brisbane,FCT027,Brisbane Soap Plant,LN0081,Line-3,2026-07-02 09:00:00,2026-07-02,9,Morning,Neem Bar Soap,1.4,60.0,6.0,Staff Shortage,54.0,84,62,1,61,1.58,98.39,73.81,90.0,82.01,72.62,5.9,33.85,3
PureGlow Soaps International (Fictional Dummy Company),Global Manufacturing Head - PureGlow Soaps,Australia,Australia,Brisbane,FCT027,Brisbane Soap Plant,LN0079,Line-1,2026-07-02 10:00:00,2026-07-02,10,Morning,Rose Bar Soap,1.41,60.0,29.5,Power Outage,30.5,85,36,1,35,3.87,97.22,42.35,50.83,83.71,41.37,3.86,12.74,3
PureGlow Soaps International (Fictional Dummy Company),Global Manufacturing Head - PureGlow Soaps,Australia,Australia,Brisbane,FCT027,Brisbane Soap Plant,LN0080,Line-2,2026-07-02 10:00:00,2026-07-02,10,Morning,Coconut Bar Soap,1.03,60.0,21.5,Power Outage,38.5,62,37,2,35,4.26,94.59,59.68,64.17,93.3,56.63,3.25,18.88,2
PureGlow Soaps International (Fictional Dummy Company),Global Manufacturing Head - PureGlow Soaps,Australia,Australia,Brisbane,FCT027,Brisbane Soap Plant,LN0081,Line-3,2026-07-02 10:00:00,2026-07-02,10,Morning,Neem Bar Soap,1.4,60.0,2.3,No Downtime,57.7,84,80,2,78,2.94,97.5,95.24,96.17,99.03,92.86,7.68,34.16,1
PureGlow Soaps International (Fictional Dummy Company),Global Manufacturing Head - PureGlow Soaps,Australia,Australia,Brisbane,FCT027,Brisbane Soap Plant,LN0079,Line-1,2026-07-02 11:00:00,2026-07-02,11,Morning,Rose Bar Soap,1.41,60.0,24.7,Power Outage,35.3,85,41,1,40,2.71,97.56,48.24,58.83,82.37,47.28,4.49,14.03,3
PureGlow Soaps International (Fictional Dummy Company),Global Manufacturing Head - PureGlow Soaps,Australia,Australia,Brisbane,FCT027,Brisbane Soap Plant,LN0080,Line-2,2026-07-02 11:00:00,2026-07-02,11,Morning,Coconut Bar Soap,1.03,60.0,12.4,Changeover/Setup,47.6,62,43,1,42,2.63,97.67,69.35,79.33,87.7,67.95,3.98,22.83,2
PureGlow Soaps International (Fictional Dummy Company),Global Manufacturing Head - PureGlow Soaps,Australia,Australia,Brisbane,FCT027,Brisbane Soap Plant,LN0081,Line-3,2026-07-02 11:00:00,2026-07-02,11,Morning,Neem Bar Soap,1.4,60.0,18.4,Changeover/Setup,41.6,84,54,2,52,3.21,96.3,64.29,69.33,92.72,61.9,5.67,23.04,1
PureGlow Soaps International (Fictional Dummy Company),Global Manufacturing Head - PureGlow Soaps,Australia,Australia,Brisbane,FCT027,Brisbane Soap Plant,LN0079,Line-1,2026-07-02 12:00:00,2026-07-02,12,Morning,Rose Bar Soap,1.41,60.0,1.7,No Downtime,58.3,85,80,2,78,2.27,97.5,94.12,97.17,97.32,92.2,6.85,22.86,3
PureGlow Soaps International (Fictional Dummy Company),Global Manufacturing Head - PureGlow Soaps,Australia,Australia,Brisbane,FCT027,Brisbane Soap Plant,LN0080,Line-2,2026-07-02 12:00:00,2026-07-02,12,Morning,Coconut Bar Soap,1.03,60.0,43.5,Machine Breakdown,16.5,62,16,0,16,2.15,100.0,25.81,27.5,94.15,25.89,1.62,7.69,1
PureGlow Soaps International (Fictional Dummy Company),Global Manufacturing Head - PureGlow Soaps,Australia,Australia,Brisbane,FCT027,Brisbane Soap Plant,LN0081,Line-3,2026-07-02 12:00:00,2026-07-02,12,Morning,Neem Bar Soap,1.4,60.0,20.1,Power Outage,39.9,84,57,1,56,2.24,98.25,67.86,66.5,102.04,66.67,5.06,24.62,2
PureGlow Soaps International (Fictional Dummy Company),Global Manufacturing Head - PureGlow Soaps,Australia,Australia,Brisbane,FCT027,Brisbane Soap Plant,LN0079,Line-1,2026-07-02 13:00:00,2026-07-02,13,Morning,Rose Bar Soap,1.41,60.0,1.9,No Downtime,58.1,85,67,2,65,2.36,97.01,78.82,96.83,81.79,76.83,7.29,23.72,3
PureGlow Soaps International (Fictional Dummy Company),Global Manufacturing Head - PureGlow Soaps,Australia,Australia,Brisbane,FCT027,Brisbane Soap Plant,LN0080,Line-2,2026-07-02 13:00:00,2026-07-02,13,Morning,Coconut Bar Soap,1.03,60.0,13.2,Quality Hold,46.8,62,45,4,41,7.83,91.11,72.58,78.0,93.35,66.34,4.28,26.0,2
PureGlow Soaps International (Fictional Dummy Company),Global Manufacturing Head - PureGlow Soaps,Australia,Australia,Brisbane,FCT027,Brisbane Soap Plant,LN0081,Line-3,2026-07-02 13:00:00,2026-07-02,13,Morning,Neem Bar Soap,1.4,60.0,0.8,No Downtime,59.2,84,84,2,82,1.98,97.62,100.0,98.67,101.35,97.62,9.2,33.9,2
PureGlow Soaps International (Fictional Dummy Company),Global Manufacturing Head - PureGlow Soaps,Australia,Australia,Brisbane,FCT027,Brisbane Soap Plant,LN0079,Line-1,2026-07-02 14:00:00,2026-07-02,14,Afternoon,Rose Bar Soap,1.41,60.0,0.6,No Downtime,59.4,85,74,2,72,2.54,97.3,87.06,99.0,88.35,85.1,6.78,21.7,3
PureGlow Soaps International (Fictional Dummy Company),Global Manufacturing Head - PureGlow Soaps,Australia,Australia,Brisbane,FCT027,Brisbane Soap Plant,LN0080,Line-2,2026-07-02 14:00:00,2026-07-02,14,Afternoon,Coconut Bar Soap,1.03,60.0,2.2,No Downtime,57.8,62,51,2,49,3.99,96.08,82.26,96.33,85.67,79.29,5.18,30.5,2
PureGlow Soaps International (Fictional Dummy Company),Global Manufacturing Head - PureGlow Soaps,Australia,Australia,Brisbane,FCT027,Brisbane Soap Plant,LN0081,Line-3,2026-07-02 14:00:00,2026-07-02,14,Afternoon,Neem Bar Soap,1.4,60.0,11.5,Changeover/Setup,48.5,84,59,4,55,6.73,93.22,70.24,80.83,86.89,65.47,5.13,26.89,2
PureGlow Soaps International (Fictional Dummy Company),Global Manufacturing Head - PureGlow Soaps,Australia,Australia,Brisbane,FCT027,Brisbane Soap Plant,LN0079,Line-1,2026-07-02 15:00:00,2026-07-02,15,Afternoon,Rose Bar Soap,1.41,60.0,27.4,Preventive Maintenance,32.6,85,43,1,42,3.3,97.67,50.59,54.33,93.55,49.64,4.67,11.96,1
PureGlow Soaps International (Fictional Dummy Company),Global Manufacturing Head - PureGlow Soaps,Australia,Australia,Brisbane,FCT027,Brisbane Soap Plant,LN0080,Line-2,2026-07-02 15:00:00,2026-07-02,15,Afternoon,Coconut Bar Soap,1.03,60.0,12.7,Changeover/Setup,47.3,62,46,2,44,3.7,95.65,74.19,78.83,94.42,71.19,4.99,22.18,2
PureGlow Soaps International (Fictional Dummy Company),Global Manufacturing Head - PureGlow Soaps,Australia,Australia,Brisbane,FCT027,Brisbane Soap Plant,LN0081,Line-3,2026-07-02 15:00:00,2026-07-02,15,Afternoon,Neem Bar Soap,1.4,60.0,37.1,Preventive Maintenance,22.9,84,26,0,26,0.51,100.0,30.95,38.17,81.1,30.96,2.33,14.47,3
PureGlow Soaps International (Fictional Dummy Company),Global Manufacturing Head - PureGlow Soaps,Australia,Australia,Brisbane,FCT027,Brisbane Soap Plant,LN0079,Line-1,2026-07-02 16:00:00,2026-07-02,16,Afternoon,Rose Bar Soap,1.41,60.0,13.9,Power Outage,46.1,85,66,2,64,2.41,96.97,77.65,76.83,101.54,75.65,6.32,17.89,3
PureGlow Soaps International (Fictional Dummy Company),Global Manufacturing Head - PureGlow Soaps,Australia,Australia,Brisbane,FCT027,Brisbane Soap Plant,LN0080,Line-2,2026-07-02 16:00:00,2026-07-02,16,Afternoon,Coconut Bar Soap,1.03,60.0,11.7,Staff Shortage,48.3,62,50,2,48,4.76,96.0,80.65,80.5,100.5,77.67,5.38,26.65,3
PureGlow Soaps International (Fictional Dummy Company),Global Manufacturing Head - PureGlow Soaps,Australia,Australia,Brisbane,FCT027,Brisbane Soap Plant,LN0081,Line-3,2026-07-02 16:00:00,2026-07-02,16,Afternoon,Neem Bar Soap,1.4,60.0,22.4,Material Shortage,37.6,84,42,1,41,1.68,97.62,50.0,62.67,79.79,48.81,4.46,20.51,3
PureGlow Soaps International (Fictional Dummy Company),Global Manufacturing Head - PureGlow Soaps,Australia,Australia,Brisbane,FCT027,Brisbane Soap Plant,LN0079,Line-1,2026-07-02 17:00:00,2026-07-02,17,Afternoon,Rose Bar Soap,1.41,60.0,20.1,Machine Breakdown,39.9,85,47,2,45,4.61,95.74,55.29,66.5,83.54,53.19,5.08,16.1,2
PureGlow Soaps International (Fictional Dummy Company),Global Manufacturing Head - PureGlow Soaps,Australia,Australia,Brisbane,FCT027,Brisbane Soap Plant,LN0080,Line-2,2026-07-02 17:00:00,2026-07-02,17,Afternoon,Coconut Bar Soap,1.03,60.0,13.4,Changeover/Setup,46.6,62,47,2,45,4.42,95.74,75.81,77.67,97.92,72.81,4.04,21.92,2
PureGlow Soaps International (Fictional Dummy Company),Global Manufacturing Head - PureGlow Soaps,Australia,Australia,Brisbane,FCT027,Brisbane Soap Plant,LN0081,Line-3,2026-07-02 17:00:00,2026-07-02,17,Afternoon,Neem Bar Soap,1.4,60.0,2.2,No Downtime,57.8,84,80,4,76,4.53,95.0,95.24,96.33,98.86,90.47,8.36,34.24,2
PureGlow Soaps International (Fictional Dummy Company),Global Manufacturing Head - PureGlow Soaps,Australia,Australia,Brisbane,FCT027,Brisbane Soap Plant,LN0079,Line-1,2026-07-02 18:00:00,2026-07-02,18,Afternoon,Rose Bar Soap,1.41,60.0,1.7,No Downtime,58.3,85,67,3,64,4.0,95.52,78.82,97.17,81.51,75.65,5.8,25.43,3
PureGlow Soaps International (Fictional Dummy Company),Global Manufacturing Head - PureGlow Soaps,Australia,Australia,Brisbane,FCT027,Brisbane Soap Plant,LN0080,Line-2,2026-07-02 18:00:00,2026-07-02,18,Afternoon,Coconut Bar Soap,1.03,60.0,3.0,No Downtime,57.0,62,57,2,55,3.84,96.49,91.94,95.0,97.09,89.0,5.99,26.8,3
PureGlow Soaps International (Fictional Dummy Company),Global Manufacturing Head - PureGlow Soaps,Australia,Australia,Brisbane,FCT027,Brisbane Soap Plant,LN0081,Line-3,2026-07-02 18:00:00,2026-07-02,18,Afternoon,Neem Bar Soap,1.4,60.0,43.9,Machine Breakdown,16.1,84,19,1,18,2.75,94.74,22.62,26.83,84.29,21.43,1.84,9.31,1
PureGlow Soaps International (Fictional Dummy Company),Global Manufacturing Head - PureGlow Soaps,Australia,Australia,Brisbane,FCT027,Brisbane Soap Plant,LN0079,Line-1,2026-07-02 19:00:00,2026-07-02,19,Afternoon,Rose Bar Soap,1.41,60.0,5.2,Changeover/Setup,54.8,85,70,2,68,3.45,97.14,82.35,91.33,90.59,80.37,7.55,22.13,3
PureGlow Soaps International (Fictional Dummy Company),Global Manufacturing Head - PureGlow Soaps,Australia,Australia,Brisbane,FCT027,Brisbane Soap Plant,LN0080,Line-2,2026-07-02 19:00:00,2026-07-02,19,Afternoon,Coconut Bar Soap,1.03,60.0,16.5,Power Outage,43.5,62,40,2,38,5.35,95.0,64.52,72.5,89.28,61.49,3.42,20.75,1
PureGlow Soaps International (Fictional Dummy Company),Global Manufacturing Head - PureGlow Soaps,Australia,Australia,Brisbane,FCT027,Brisbane Soap Plant,LN0081,Line-3,2026-07-02 19:00:00,2026-07-02,19,Afternoon,Neem Bar Soap,1.4,60.0,18.3,Preventive Maintenance,41.7,84,53,1,52,2.42,98.11,63.1,69.5,90.78,61.9,5.55,24.4,1
PureGlow Soaps International (Fictional Dummy Company),Global Manufacturing Head - PureGlow Soaps,Australia,Australia,Brisbane,FCT027,Brisbane Soap Plant,LN0079,Line-1,2026-07-02 20:00:00,2026-07-02,20,Afternoon,Rose Bar Soap,1.41,60.0,25.6,Preventive Maintenance,34.4,85,41,1,40,3.61,97.56,48.24,57.33,84.53,47.28,3.51,13.36,2
PureGlow Soaps International (Fictional Dummy Company),Global Manufacturing Head - PureGlow Soaps,Australia,Australia,Brisbane,FCT027,Brisbane Soap Plant,LN0080,Line-2,2026-07-02 20:00:00,2026-07-02,20,Afternoon,Coconut Bar Soap,1.03,60.0,22.4,Material Shortage,37.6,62,34,1,33,2.66,97.06,54.84,62.67,87.79,53.4,3.26,20.8,2
PureGlow Soaps International (Fictional Dummy Company),Global Manufacturing Head - PureGlow Soaps,Australia,Australia,Brisbane,FCT027,Brisbane Soap Plant,LN0081,Line-3,2026-07-02 20:00:00,2026-07-02,20,Afternoon,Neem Bar Soap,1.4,60.0,0.3,No Downtime,59.7,84,67,1,66,1.08,98.51,79.76,99.5,80.16,78.57,7.24,35.23,1
PureGlow Soaps International (Fictional Dummy Company),Global Manufacturing Head - PureGlow Soaps,Australia,Australia,Brisbane,FCT027,Brisbane Soap Plant,LN0079,Line-1,2026-07-02 21:00:00,2026-07-02,21,Afternoon,Rose Bar Soap,1.41,60.0,36.3,Machine Breakdown,23.7,85,30,1,29,2.78,96.67,35.29,39.5,89.77,34.28,2.86,9.44,3
PureGlow Soaps International (Fictional Dummy Company),Global Manufacturing Head - PureGlow Soaps,Australia,Australia,Brisbane,FCT027,Brisbane Soap Plant,LN0080,Line-2,2026-07-02 21:00:00,2026-07-02,21,Afternoon,Coconut Bar Soap,1.03,60.0,3.7,No Downtime,56.3,62,53,1,52,2.47,98.11,85.48,93.83,91.4,84.14,5.09,29.54,3
PureGlow Soaps International (Fictional Dummy Company),Global Manufacturing Head - PureGlow Soaps,Australia,Australia,Brisbane,FCT027,Brisbane Soap Plant,LN0081,Line-3,2026-07-02 21:00:00,2026-07-02,21,Afternoon,Neem Bar Soap,1.4,60.0,9.2,Changeover/Setup,50.8,84,58,2,56,4.13,96.55,69.05,84.67,81.55,66.67,5.46,30.14,3
PureGlow Soaps International (Fictional Dummy Company),Global Manufacturing Head - PureGlow Soaps,Australia,Australia,Brisbane,FCT027,Brisbane Soap Plant,LN0079,Line-1,2026-07-02 22:00:00,2026-07-02,22,Night,Rose Bar Soap,1.41,60.0,1.8,No Downtime,58.2,85,81,1,80,1.39,98.77,95.29,97.0,98.71,94.57,8.22,21.05,2
PureGlow Soaps International (Fictional Dummy Company),Global Manufacturing Head - PureGlow Soaps,Australia,Australia,Brisbane,FCT027,Brisbane Soap Plant,LN0080,Line-2,2026-07-02 22:00:00,2026-07-02,22,Night,Coconut Bar Soap,1.03,60.0,0.4,No Downtime,59.6,62,58,2,56,3.01,96.55,93.55,99.33,94.48,90.61,5.89,30.25,1
PureGlow Soaps International (Fictional Dummy Company),Global Manufacturing Head - PureGlow Soaps,Australia,Australia,Brisbane,FCT027,Brisbane Soap Plant,LN0081,Line-3,2026-07-02 22:00:00,2026-07-02,22,Night,Neem Bar Soap,1.4,60.0,15.3,Preventive Maintenance,44.7,84,63,2,61,2.98,96.83,75.0,74.5,100.67,72.62,5.62,28.42,3
PureGlow Soaps International (Fictional Dummy Company),Global Manufacturing Head - PureGlow Soaps,Australia,Australia,Brisbane,FCT027,Brisbane Soap Plant,LN0079,Line-1,2026-07-02 23:00:00,2026-07-02,23,Night,Rose Bar Soap,1.41,60.0,0.9,No Downtime,59.1,85,69,2,67,3.17,97.1,81.18,98.5,82.8,79.19,6.3,23.59,1
PureGlow Soaps International (Fictional Dummy Company),Global Manufacturing Head - PureGlow Soaps,Australia,Australia,Brisbane,FCT027,Brisbane Soap Plant,LN0080,Line-2,2026-07-02 23:00:00,2026-07-02,23,Night,Coconut Bar Soap,1.03,60.0,0.2,No Downtime,59.8,62,51,1,50,2.78,98.04,82.26,99.67,82.8,80.91,5.46,32.64,3
PureGlow Soaps International (Fictional Dummy Company),Global Manufacturing Head - PureGlow Soaps,Australia,Australia,Brisbane,FCT027,Brisbane Soap Plant,LN0081,Line-3,2026-07-02 23:00:00,2026-07-02,23,Night,Neem Bar Soap,1.4,60.0,10.6,Changeover/Setup,49.4,84,60,2,58,2.97,96.67,71.43,82.33,86.76,69.05,5.65,32.62,1
PureGlow Soaps International (Fictional Dummy Company),Global Manufacturing Head - PureGlow Soaps,Australia,Australia,Brisbane,FCT027,Brisbane Soap Plant,LN0079,Line-1,2026-07-03 00:00:00,2026-07-03,0,Night,Lemon Bar Soap,1.41,60.0,24.6,Staff Shortage,35.4,85,47,2,45,4.54,95.74,55.29,59.0,94.16,53.19,4.55,13.31,3
PureGlow Soaps International (Fictional Dummy Company),Global Manufacturing Head - PureGlow Soaps,Australia,Australia,Brisbane,FCT027,Brisbane Soap Plant,LN0080,Line-2,2026-07-03 00:00:00,2026-07-03,0,Night,Charcoal Bar Soap,1.03,60.0,33.0,Material Shortage,27.0,62,23,0,23,1.67,100.0,37.1,45.0,82.7,37.22,2.29,13.86,3
PureGlow Soaps International (Fictional Dummy Company),Global Manufacturing Head - PureGlow Soaps,Australia,Australia,Brisbane,FCT027,Brisbane Soap Plant,LN0081,Line-3,2026-07-03 00:00:00,2026-07-03,0,Night,Charcoal Bar Soap,1.4,60.0,16.9,Preventive Maintenance,43.1,84,55,2,53,2.92,96.36,65.48,71.83,91.15,63.09,4.76,25.24,1
PureGlow Soaps International (Fictional Dummy Company),Global Manufacturing Head - PureGlow Soaps,Australia,Australia,Brisbane,FCT027,Brisbane Soap Plant,LN0079,Line-1,2026-07-03 01:00:00,2026-07-03,1,Night,Lemon Bar Soap,1.41,60.0,3.5,No Downtime,56.5,85,76,1,75,1.23,98.68,89.41,94.17,95.4,88.65,7.11,21.06,3
PureGlow Soaps International (Fictional Dummy Company),Global Manufacturing Head - PureGlow Soaps,Australia,Australia,Brisbane,FCT027,Brisbane Soap Plant,LN0080,Line-2,2026-07-03 01:00:00,2026-07-03,1,Night,Charcoal Bar Soap,1.03,60.0,13.1,Changeover/Setup,46.9,62,50,1,49,2.67,98.0,80.65,78.17,103.5,79.29,4.36,22.91,1
PureGlow Soaps International (Fictional Dummy Company),Global Manufacturing Head - PureGlow Soaps,Australia,Australia,Brisbane,FCT027,Brisbane Soap Plant,LN0081,Line-3,2026-07-03 01:00:00,2026-07-03,1,Night,Charcoal Bar Soap,1.4,60.0,41.8,Machine Breakdown,18.2,84,25,1,24,4.06,96.0,29.76,30.33,98.12,28.57,2.53,11.55,1
PureGlow Soaps International (Fictional Dummy Company),Global Manufacturing Head - PureGlow Soaps,Australia,Australia,Brisbane,FCT027,Brisbane Soap Plant,LN0079,Line-1,2026-07-03 02:00:00,2026-07-03,2,Night,Lemon Bar Soap,1.41,60.0,18.0,Material Shortage,42.0,85,60,2,58,3.77,96.67,70.59,70.0,101.32,68.56,5.13,16.33,2
PureGlow Soaps International (Fictional Dummy Company),Global Manufacturing Head - PureGlow Soaps,Australia,Australia,Brisbane,FCT027,Brisbane Soap Plant,LN0080,Line-2,2026-07-03 02:00:00,2026-07-03,2,Night,Charcoal Bar Soap,1.03,60.0,10.4,Quality Hold,49.6,62,47,4,43,7.77,91.49,75.81,82.67,92.0,69.58,4.45,27.33,1
PureGlow Soaps International (Fictional Dummy Company),Global Manufacturing Head - PureGlow Soaps,Australia,Australia,Brisbane,FCT027,Brisbane Soap Plant,LN0081,Line-3,2026-07-03 02:00:00,2026-07-03,2,Night,Charcoal Bar Soap,1.4,60.0,15.7,Material Shortage,44.3,84,51,2,49,3.51,96.08,60.71,73.83,82.23,58.33,5.25,26.72,1
PureGlow Soaps International (Fictional Dummy Company),Global Manufacturing Head - PureGlow Soaps,Australia,Australia,Brisbane,FCT027,Brisbane Soap Plant,LN0079,Line-1,2026-07-03 03:00:00,2026-07-03,3,Night,Lemon Bar Soap,1.41,60.0,11.6,Material Shortage,48.4,85,69,1,68,1.92,98.55,81.18,80.67,101.11,80.38,6.16,18.68,2
PureGlow Soaps International (Fictional Dummy Company),Global Manufacturing Head - PureGlow Soaps,Australia,Australia,Brisbane,FCT027,Brisbane Soap Plant,LN0080,Line-2,2026-07-03 03:00:00,2026-07-03,3,Night,Charcoal Bar Soap,1.03,60.0,22.4,Preventive Maintenance,37.6,62,39,1,38,1.56,97.44,62.9,62.67,100.7,61.49,3.42,19.04,1
PureGlow Soaps International (Fictional Dummy Company),Global Manufacturing Head - PureGlow Soaps,Australia,Australia,Brisbane,FCT027,Brisbane Soap Plant,LN0081,Line-3,2026-07-03 03:00:00,2026-07-03,3,Night,Charcoal Bar Soap,1.4,60.0,15.5,Quality Hold,44.5,84,60,6,54,9.92,90.0,71.43,74.17,96.31,64.29,5.41,24.6,1
PureGlow Soaps International (Fictional Dummy Company),Global Manufacturing Head - PureGlow Soaps,Australia,Australia,Brisbane,FCT027,Brisbane Soap Plant,LN0079,Line-1,2026-07-03 04:00:00,2026-07-03,4,Night,Lemon Bar Soap,1.41,60.0,1.6,No Downtime,58.4,85,71,2,69,3.51,97.18,83.53,97.33,86.22,81.55,7.45,22.73,1
PureGlow Soaps International (Fictional Dummy Company),Global Manufacturing Head - PureGlow Soaps,Australia,Australia,Brisbane,FCT027,Brisbane Soap Plant,LN0080,Line-2,2026-07-03 04:00:00,2026-07-03,4,Night,Charcoal Bar Soap,1.03,60.0,0.9,No Downtime,59.1,62,56,2,54,3.68,96.43,90.32,98.5,91.99,87.38,5.16,29.36,2
PureGlow Soaps International (Fictional Dummy Company),Global Manufacturing Head - PureGlow Soaps,Australia,Australia,Brisbane,FCT027,Brisbane Soap Plant,LN0081,Line-3,2026-07-03 04:00:00,2026-07-03,4,Night,Charcoal Bar Soap,1.4,60.0,2.9,No Downtime,57.1,84,67,3,64,3.92,95.52,79.76,95.17,83.81,76.19,7.2,32.87,1
PureGlow Soaps International (Fictional Dummy Company),Global Manufacturing Head - PureGlow Soaps,Australia,Australia,Brisbane,FCT027,Brisbane Soap Plant,LN0079,Line-1,2026-07-03 05:00:00,2026-07-03,5,Night,Lemon Bar Soap,1.41,60.0,1.0,No Downtime,59.0,85,72,2,70,2.75,97.22,84.71,98.33,86.55,82.74,7.11,22.41,2
PureGlow Soaps International (Fictional Dummy Company),Global Manufacturing Head - PureGlow Soaps,Australia,Australia,Brisbane,FCT027,Brisbane Soap Plant,LN0080,Line-2,2026-07-03 05:00:00,2026-07-03,5,Night,Charcoal Bar Soap,1.03,60.0,3.1,No Downtime,56.9,62,48,2,46,4.64,95.83,77.42,94.83,81.9,74.43,4.7,28.23,3
PureGlow Soaps International (Fictional Dummy Company),Global Manufacturing Head - PureGlow Soaps,Australia,Australia,Brisbane,FCT027,Brisbane Soap Plant,LN0081,Line-3,2026-07-03 05:00:00,2026-07-03,5,Night,Charcoal Bar Soap,1.4,60.0,0.1,No Downtime,59.9,84,70,3,67,4.67,95.71,83.33,99.83,83.47,79.75,6.1,36.3,1
PureGlow Soaps International (Fictional Dummy Company),Global Manufacturing Head - PureGlow Soaps,Australia,Australia,Brisbane,FCT027,Brisbane Soap Plant,LN0079,Line-1,2026-07-03 06:00:00,2026-07-03,6,Morning,Lemon Bar Soap,1.41,60.0,33.1,Material Shortage,26.9,85,36,2,34,4.85,94.44,42.35,44.83,94.91,40.18,3.13,9.92,1
PureGlow Soaps International (Fictional Dummy Company),Global Manufacturing Head - PureGlow Soaps,Australia,Australia,Brisbane,FCT027,Brisbane Soap Plant,LN0080,Line-2,2026-07-03 06:00:00,2026-07-03,6,Morning,Charcoal Bar Soap,1.03,60.0,23.5,Preventive Maintenance,36.5,62,36,0,36,1.1,100.0,58.06,60.83,95.76,58.25,3.15,16.93,2
PureGlow Soaps International (Fictional Dummy Company),Global Manufacturing Head - PureGlow Soaps,Australia,Australia,Brisbane,FCT027,Brisbane Soap Plant,LN0081,Line-3,2026-07-03 06:00:00,2026-07-03,6,Morning,Charcoal Bar Soap,1.4,60.0,25.5,Machine Breakdown,34.5,84,39,2,37,3.94,94.87,46.43,57.5,80.75,44.05,3.8,20.0,3
PureGlow Soaps International (Fictional Dummy Company),Global Manufacturing Head - PureGlow Soaps,Australia,Australia,Brisbane,FCT027,Brisbane Soap Plant,LN0079,Line-1,2026-07-03 07:00:00,2026-07-03,7,Morning,Lemon Bar Soap,1.41,60.0,23.8,Staff Shortage,36.2,85,51,2,49,3.3,96.08,60.0,60.33,99.92,57.92,4.74,13.14,3
PureGlow Soaps International (Fictional Dummy Company),Global Manufacturing Head - PureGlow Soaps,Australia,Australia,Brisbane,FCT027,Brisbane Soap Plant,LN0080,Line-2,2026-07-03 07:00:00,2026-07-03,7,Morning,Charcoal Bar Soap,1.03,60.0,27.9,Preventive Maintenance,32.1,62,31,2,29,5.19,93.55,50.0,53.5,93.76,46.93,2.82,14.93,3
PureGlow Soaps International (Fictional Dummy Company),Global Manufacturing Head - PureGlow Soaps,Australia,Australia,Brisbane,FCT027,Brisbane Soap Plant,LN0081,Line-3,2026-07-03 07:00:00,2026-07-03,7,Morning,Charcoal Bar Soap,1.4,60.0,34.6,Material Shortage,25.4,84,34,1,33,4.28,97.06,40.48,42.33,95.61,39.28,3.4,14.09,2
PureGlow Soaps International (Fictional Dummy Company),Global Manufacturing Head - PureGlow Soaps,Australia,Australia,Brisbane,FCT027,Brisbane Soap Plant,LN0079,Line-1,2026-07-03 08:00:00,2026-07-03,8,Morning,Lemon Bar Soap,1.41,60.0,18.3,Quality Hold,41.7,85,53,5,48,10.18,90.57,62.35,69.5,90.14,56.74,5.64,17.6,3
PureGlow Soaps International (Fictional Dummy Company),Global Manufacturing Head - PureGlow Soaps,Australia,Australia,Brisbane,FCT027,Brisbane Soap Plant,LN0080,Line-2,2026-07-03 08:00:00,2026-07-03,8,Morning,Charcoal Bar Soap,1.03,60.0,5.4,Power Outage,54.6,62,47,2,45,3.92,95.74,75.81,91.0,83.57,72.81,4.83,25.85,3
PureGlow Soaps International (Fictional Dummy Company),Global Manufacturing Head - PureGlow Soaps,Australia,Australia,Brisbane,FCT027,Brisbane Soap Plant,LN0081,Line-3,2026-07-03 08:00:00,2026-07-03,8,Morning,Charcoal Bar Soap,1.4,60.0,3.2,No Downtime,56.8,84,69,1,68,1.72,98.55,82.14,94.67,86.77,80.95,6.75,36.44,1
PureGlow Soaps International (Fictional Dummy Company),Global Manufacturing Head - PureGlow Soaps,Australia,Australia,Brisbane,FCT027,Brisbane Soap Plant,LN0079,Line-1,2026-07-03 09:00:00,2026-07-03,9,Morning,Lemon Bar Soap,1.41,60.0,3.1,No Downtime,56.9,85,70,3,67,4.32,95.71,82.35,94.83,87.25,79.19,6.25,22.27,3
PureGlow Soaps International (Fictional Dummy Company),Global Manufacturing Head - PureGlow Soaps,Australia,Australia,Brisbane,FCT027,Brisbane Soap Plant,LN0080,Line-2,2026-07-03 09:00:00,2026-07-03,9,Morning,Charcoal Bar Soap,1.03,60.0,2.1,No Downtime,57.9,62,58,1,57,2.56,98.28,93.55,96.5,97.26,92.24,5.62,28.03,2
PureGlow Soaps International (Fictional Dummy Company),Global Manufacturing Head - PureGlow Soaps,Australia,Australia,Brisbane,FCT027,Brisbane Soap Plant,LN0081,Line-3,2026-07-03 09:00:00,2026-07-03,9,Morning,Charcoal Bar Soap,1.4,60.0,2.4,No Downtime,57.6,84,79,3,76,3.54,96.2,94.05,96.0,97.97,90.48,8.31,32.02,2
PureGlow Soaps International (Fictional Dummy Company),Global Manufacturing Head - PureGlow Soaps,Australia,Australia,Brisbane,FCT027,Brisbane Soap Plant,LN0079,Line-1,2026-07-03 10:00:00,2026-07-03,10,Morning,Lemon Bar Soap,1.41,60.0,20.0,Quality Hold,40.0,85,46,3,43,6.27,93.48,54.12,66.67,81.56,50.83,5.03,14.92,1
PureGlow Soaps International (Fictional Dummy Company),Global Manufacturing Head - PureGlow Soaps,Australia,Australia,Brisbane,FCT027,Brisbane Soap Plant,LN0080,Line-2,2026-07-03 10:00:00,2026-07-03,10,Morning,Charcoal Bar Soap,1.03,60.0,15.1,Preventive Maintenance,44.9,62,41,1,40,2.84,97.56,66.13,74.83,88.65,64.72,4.29,22.24,2
PureGlow Soaps International (Fictional Dummy Company),Global Manufacturing Head - PureGlow Soaps,Australia,Australia,Brisbane,FCT027,Brisbane Soap Plant,LN0081,Line-3,2026-07-03 10:00:00,2026-07-03,10,Morning,Charcoal Bar Soap,1.4,60.0,2.8,No Downtime,57.2,84,75,3,72,3.83,96.0,89.29,95.33,93.66,85.71,6.74,36.66,1
PureGlow Soaps International (Fictional Dummy Company),Global Manufacturing Head - PureGlow Soaps,Australia,Australia,Brisbane,FCT027,Brisbane Soap Plant,LN0079,Line-1,2026-07-03 11:00:00,2026-07-03,11,Morning,Lemon Bar Soap,1.41,60.0,13.1,Changeover/Setup,46.9,85,60,2,58,3.45,96.67,70.59,78.17,90.73,68.56,6.05,19.8,3
PureGlow Soaps International (Fictional Dummy Company),Global Manufacturing Head - PureGlow Soaps,Australia,Australia,Brisbane,FCT027,Brisbane Soap Plant,LN0080,Line-2,2026-07-03 11:00:00,2026-07-03,11,Morning,Charcoal Bar Soap,1.03,60.0,1.0,No Downtime,59.0,62,57,0,57,0.85,100.0,91.94,98.33,93.8,92.23,5.37,28.74,3
PureGlow Soaps International (Fictional Dummy Company),Global Manufacturing Head - PureGlow Soaps,Australia,Australia,Brisbane,FCT027,Brisbane Soap Plant,LN0081,Line-3,2026-07-03 11:00:00,2026-07-03,11,Morning,Charcoal Bar Soap,1.4,60.0,1.1,No Downtime,58.9,84,84,2,82,1.95,97.62,100.0,98.17,101.87,97.63,8.15,35.46,1
PureGlow Soaps International (Fictional Dummy Company),Global Manufacturing Head - PureGlow Soaps,Australia,Australia,Brisbane,FCT027,Brisbane Soap Plant,LN0079,Line-1,2026-07-03 12:00:00,2026-07-03,12,Morning,Lemon Bar Soap,1.41,60.0,15.6,Changeover/Setup,44.4,85,63,3,60,4.81,95.24,74.12,74.0,100.63,70.92,6.5,17.55,1
PureGlow Soaps International (Fictional Dummy Company),Global Manufacturing Head - PureGlow Soaps,Australia,Australia,Brisbane,FCT027,Brisbane Soap Plant,LN0080,Line-2,2026-07-03 12:00:00,2026-07-03,12,Morning,Charcoal Bar Soap,1.03,60.0,12.2,Changeover/Setup,47.8,62,45,2,43,4.15,95.56,72.58,79.67,91.4,69.59,3.88,22.79,1
PureGlow Soaps International (Fictional Dummy Company),Global Manufacturing Head - PureGlow Soaps,Australia,Australia,Brisbane,FCT027,Brisbane Soap Plant,LN0081,Line-3,2026-07-03 12:00:00,2026-07-03,12,Morning,Charcoal Bar Soap,1.4,60.0,15.5,Preventive Maintenance,44.5,84,61,0,61,0.8,100.0,72.62,74.17,97.91,72.62,5.83,25.12,1
PureGlow Soaps International (Fictional Dummy Company),Global Manufacturing Head - PureGlow Soaps,Australia,Australia,Brisbane,FCT027,Brisbane Soap Plant,LN0079,Line-1,2026-07-03 13:00:00,2026-07-03,13,Morning,Lemon Bar Soap,1.41,60.0,17.4,Changeover/Setup,42.6,85,59,2,57,2.68,96.61,69.41,71.0,98.23,67.38,6.47,16.12,2
PureGlow Soaps International (Fictional Dummy Company),Global Manufacturing Head - PureGlow Soaps,Australia,Australia,Brisbane,FCT027,Brisbane Soap Plant,LN0080,Line-2,2026-07-03 13:00:00,2026-07-03,13,Morning,Charcoal Bar Soap,1.03,60.0,2.4,No Downtime,57.6,62,61,4,57,5.93,93.44,98.39,96.0,102.82,92.23,6.67,27.94,2
PureGlow Soaps International (Fictional Dummy Company),Global Manufacturing Head - PureGlow Soaps,Australia,Australia,Brisbane,FCT027,Brisbane Soap Plant,LN0081,Line-3,2026-07-03 13:00:00,2026-07-03,13,Morning,Charcoal Bar Soap,1.4,60.0,25.2,Material Shortage,34.8,84,44,1,43,2.72,97.73,52.38,58.0,90.31,51.19,4.55,22.99,1
PureGlow Soaps International (Fictional Dummy Company),Global Manufacturing Head - PureGlow Soaps,Australia,Australia,Brisbane,FCT027,Brisbane Soap Plant,LN0079,Line-1,2026-07-03 14:00:00,2026-07-03,14,Afternoon,Lemon Bar Soap,1.41,60.0,6.2,Changeover/Setup,53.8,85,69,3,66,4.77,95.65,81.18,89.67,90.96,78.02,7.44,23.21,2
PureGlow Soaps International (Fictional Dummy Company),Global Manufacturing Head - PureGlow Soaps,Australia,Australia,Brisbane,FCT027,Brisbane Soap Plant,LN0080,Line-2,2026-07-03 14:00:00,2026-07-03,14,Afternoon,Charcoal Bar Soap,1.03,60.0,30.7,Machine Breakdown,29.3,62,27,1,26,4.54,96.3,43.55,48.83,89.47,42.07,2.34,13.65,1
PureGlow Soaps International (Fictional Dummy Company),Global Manufacturing Head - PureGlow Soaps,Australia,Australia,Brisbane,FCT027,Brisbane Soap Plant,LN0081,Line-3,2026-07-03 14:00:00,2026-07-03,14,Afternoon,Charcoal Bar Soap,1.4,60.0,28.7,Material Shortage,31.3,84,37,1,36,3.34,97.3,44.05,52.17,84.44,42.86,3.82,18.27,1
PureGlow Soaps International (Fictional Dummy Company),Global Manufacturing Head - PureGlow Soaps,Australia,Australia,Brisbane,FCT027,Brisbane Soap Plant,LN0079,Line-1,2026-07-03 15:00:00,2026-07-03,15,Afternoon,Lemon Bar Soap,1.41,60.0,40.8,Machine Breakdown,19.2,85,23,1,22,4.04,95.65,27.06,32.0,84.96,26.0,1.98,7.79,1
PureGlow Soaps International (Fictional Dummy Company),Global Manufacturing Head - PureGlow Soaps,Australia,Australia,Brisbane,FCT027,Brisbane Soap Plant,LN0080,Line-2,2026-07-03 15:00:00,2026-07-03,15,Afternoon,Charcoal Bar Soap,1.03,60.0,23.1,Power Outage,36.9,62,34,1,33,4.33,97.06,54.84,61.5,89.46,53.4,3.04,19.97,2
PureGlow Soaps International (Fictional Dummy Company),Global Manufacturing Head - PureGlow Soaps,Australia,Australia,Brisbane,FCT027,Brisbane Soap Plant,LN0081,Line-3,2026-07-03 15:00:00,2026-07-03,15,Afternoon,Charcoal Bar Soap,1.4,60.0,23.2,Power Outage,36.8,84,50,2,48,4.41,96.0,59.52,61.33,97.05,57.14,4.36,21.31,1
PureGlow Soaps International (Fictional Dummy Company),Global Manufacturing Head - PureGlow Soaps,Australia,Australia,Brisbane,FCT027,Brisbane Soap Plant,LN0079,Line-1,2026-07-03 16:00:00,2026-07-03,16,Afternoon,Lemon Bar Soap,1.41,60.0,1.6,No Downtime,58.4,85,68,1,67,2.05,98.53,80.0,97.33,82.58,79.19,7.35,24.65,3
PureGlow Soaps International (Fictional Dummy Company),Global Manufacturing Head - PureGlow Soaps,Australia,Australia,Brisbane,FCT027,Brisbane Soap Plant,LN0080,Line-2,2026-07-03 16:00:00,2026-07-03,16,Afternoon,Charcoal Bar Soap,1.03,60.0,32.9,Preventive Maintenance,27.1,62,26,1,25,2.29,96.15,41.94,45.17,93.15,40.46,2.65,13.11,2
PureGlow Soaps International (Fictional Dummy Company),Global Manufacturing Head - PureGlow Soaps,Australia,Australia,Brisbane,FCT027,Brisbane Soap Plant,LN0081,Line-3,2026-07-03 16:00:00,2026-07-03,16,Afternoon,Charcoal Bar Soap,1.4,60.0,23.7,Material Shortage,36.3,84,51,2,49,4.26,96.08,60.71,60.5,100.35,58.33,5.4,22.05,2
PureGlow Soaps International (Fictional Dummy Company),Global Manufacturing Head - PureGlow Soaps,Australia,Australia,Brisbane,FCT027,Brisbane Soap Plant,LN0079,Line-1,2026-07-03 17:00:00,2026-07-03,17,Afternoon,Lemon Bar Soap,1.41,60.0,9.8,Changeover/Setup,50.2,85,63,2,61,2.42,96.83,74.12,83.67,89.01,72.11,5.89,19.93,3
PureGlow Soaps International (Fictional Dummy Company),Global Manufacturing Head - PureGlow Soaps,Australia,Australia,Brisbane,FCT027,Brisbane Soap Plant,LN0080,Line-2,2026-07-03 17:00:00,2026-07-03,17,Afternoon,Charcoal Bar Soap,1.03,60.0,17.4,Staff Shortage,42.6,62,37,2,35,4.14,94.59,59.68,71.0,84.32,56.63,3.91,20.84,2
PureGlow Soaps International (Fictional Dummy Company),Global Manufacturing Head - PureGlow Soaps,Australia,Australia,Brisbane,FCT027,Brisbane Soap Plant,LN0081,Line-3,2026-07-03 17:00:00,2026-07-03,17,Afternoon,Charcoal Bar Soap,1.4,60.0,10.4,Changeover/Setup,49.6,84,60,3,57,5.48,95.0,71.43,82.67,86.41,67.86,5.88,28.62,2
PureGlow Soaps International (Fictional Dummy Company),Global Manufacturing Head - PureGlow Soaps,Australia,Australia,Brisbane,FCT027,Brisbane Soap Plant,LN0079,Line-1,2026-07-03 18:00:00,2026-07-03,18,Afternoon,Lemon Bar Soap,1.41,60.0,1.7,No Downtime,58.3,85,79,0,79,0.14,100.0,92.94,97.17,96.1,93.38,7.49,24.06,3
PureGlow Soaps International (Fictional Dummy Company),Global Manufacturing Head - PureGlow Soaps,Australia,Australia,Brisbane,FCT027,Brisbane Soap Plant,LN0080,Line-2,2026-07-03 18:00:00,2026-07-03,18,Afternoon,Charcoal Bar Soap,1.03,60.0,6.2,Changeover/Setup,53.8,62,45,2,43,3.4,95.56,72.58,89.67,81.21,69.59,3.95,27.18,2
PureGlow Soaps International (Fictional Dummy Company),Global Manufacturing Head - PureGlow Soaps,Australia,Australia,Brisbane,FCT027,Brisbane Soap Plant,LN0081,Line-3,2026-07-03 18:00:00,2026-07-03,18,Afternoon,Charcoal Bar Soap,1.4,60.0,0.9,No Downtime,59.1,84,70,2,68,2.23,97.14,83.33,98.5,84.6,80.95,6.47,38.63,3
PureGlow Soaps International (Fictional Dummy Company),Global Manufacturing Head - PureGlow Soaps,Australia,Australia,Brisbane,FCT027,Brisbane Soap Plant,LN0079,Line-1,2026-07-03 19:00:00,2026-07-03,19,Afternoon,Lemon Bar Soap,1.41,60.0,7.9,Changeover/Setup,52.1,85,64,1,63,0.96,98.44,75.29,86.83,87.12,74.47,6.21,20.98,3
PureGlow Soaps International (Fictional Dummy Company),Global Manufacturing Head - PureGlow Soaps,Australia,Australia,Brisbane,FCT027,Brisbane Soap Plant,LN0080,Line-2,2026-07-03 19:00:00,2026-07-03,19,Afternoon,Charcoal Bar Soap,1.03,60.0,20.6,Power Outage,39.4,62,42,2,40,4.22,95.24,67.74,65.67,103.49,64.73,3.88,19.79,1
PureGlow Soaps International (Fictional Dummy Company),Global Manufacturing Head - PureGlow Soaps,Australia,Australia,Brisbane,FCT027,Brisbane Soap Plant,LN0081,Line-3,2026-07-03 19:00:00,2026-07-03,19,Afternoon,Charcoal Bar Soap,1.4,60.0,18.7,Changeover/Setup,41.3,84,51,1,50,2.8,98.04,60.71,68.83,88.2,59.52,4.93,22.87,1
PureGlow Soaps International (Fictional Dummy Company),Global Manufacturing Head - PureGlow Soaps,Australia,Australia,Brisbane,FCT027,Brisbane Soap Plant,LN0079,Line-1,2026-07-03 20:00:00,2026-07-03,20,Afternoon,Lemon Bar Soap,1.41,60.0,0.1,No Downtime,59.9,85,71,3,68,4.27,95.77,83.53,99.83,84.06,80.37,6.1,24.84,3
PureGlow Soaps International (Fictional Dummy Company),Global Manufacturing Head - PureGlow Soaps,Australia,Australia,Brisbane,FCT027,Brisbane Soap Plant,LN0080,Line-2,2026-07-03 20:00:00,2026-07-03,20,Afternoon,Charcoal Bar Soap,1.03,60.0,22.6,Material Shortage,37.4,62,36,1,35,3.43,97.22,58.06,62.33,93.45,56.63,3.57,20.12,1
PureGlow Soaps International (Fictional Dummy Company),Global Manufacturing Head - PureGlow Soaps,Australia,Australia,Brisbane,FCT027,Brisbane Soap Plant,LN0081,Line-3,2026-07-03 20:00:00,2026-07-03,20,Afternoon,Charcoal Bar Soap,1.4,60.0,3.1,No Downtime,56.9,84,78,2,76,2.48,97.44,92.86,94.83,97.92,90.48,8.46,31.18,1
PureGlow Soaps International (Fictional Dummy Company),Global Manufacturing Head - PureGlow Soaps,Australia,Australia,Brisbane,FCT027,Brisbane Soap Plant,LN0079,Line-1,2026-07-03 21:00:00,2026-07-03,21,Afternoon,Lemon Bar Soap,1.41,60.0,43.4,Machine Breakdown,16.6,85,20,1,19,2.98,95.0,23.53,27.67,85.45,22.46,2.05,6.71,3
PureGlow Soaps International (Fictional Dummy Company),Global Manufacturing Head - PureGlow Soaps,Australia,Australia,Brisbane,FCT027,Brisbane Soap Plant,LN0080,Line-2,2026-07-03 21:00:00,2026-07-03,21,Afternoon,Charcoal Bar Soap,1.03,60.0,0.6,No Downtime,59.4,62,61,1,60,0.85,98.36,98.39,99.0,99.7,97.08,5.46,30.36,1
PureGlow Soaps International (Fictional Dummy Company),Global Manufacturing Head - PureGlow Soaps,Australia,Australia,Brisbane,FCT027,Brisbane Soap Plant,LN0081,Line-3,2026-07-03 21:00:00,2026-07-03,21,Afternoon,Charcoal Bar Soap,1.4,60.0,3.7,No Downtime,56.3,84,73,2,71,2.17,97.26,86.9,93.83,92.62,84.52,7.71,36.49,2
PureGlow Soaps International (Fictional Dummy Company),Global Manufacturing Head - PureGlow Soaps,Australia,Australia,Brisbane,FCT027,Brisbane Soap Plant,LN0079,Line-1,2026-07-03 22:00:00,2026-07-03,22,Night,Lemon Bar Soap,1.41,60.0,1.7,No Downtime,58.3,85,71,1,70,1.55,98.59,83.53,97.17,86.37,82.74,7.49,23.93,2
PureGlow Soaps International (Fictional Dummy Company),Global Manufacturing Head - PureGlow Soaps,Australia,Australia,Brisbane,FCT027,Brisbane Soap Plant,LN0080,Line-2,2026-07-03 22:00:00,2026-07-03,22,Night,Charcoal Bar Soap,1.03,60.0,3.9,No Downtime,56.1,62,54,2,52,3.68,96.3,87.1,93.5,93.45,84.14,4.75,27.51,3
PureGlow Soaps International (Fictional Dummy Company),Global Manufacturing Head - PureGlow Soaps,Australia,Australia,Brisbane,FCT027,Brisbane Soap Plant,LN0081,Line-3,2026-07-03 22:00:00,2026-07-03,22,Night,Charcoal Bar Soap,1.4,60.0,1.8,No Downtime,58.2,84,73,2,71,3.35,97.26,86.9,97.0,89.59,84.52,7.65,33.44,3
PureGlow Soaps International (Fictional Dummy Company),Global Manufacturing Head - PureGlow Soaps,Australia,Australia,Brisbane,FCT027,Brisbane Soap Plant,LN0079,Line-1,2026-07-03 23:00:00,2026-07-03,23,Night,Lemon Bar Soap,1.41,60.0,2.9,No Downtime,57.1,85,79,4,75,4.66,94.94,92.94,95.17,98.12,88.66,7.5,21.04,1
PureGlow Soaps International (Fictional Dummy Company),Global Manufacturing Head - PureGlow Soaps,Australia,Australia,Brisbane,FCT027,Brisbane Soap Plant,LN0080,Line-2,2026-07-03 23:00:00,2026-07-03,23,Night,Charcoal Bar Soap,1.03,60.0,33.9,Machine Breakdown,26.1,62,22,0,22,1.94,100.0,35.48,43.5,81.84,35.6,1.98,12.35,1
PureGlow Soaps International (Fictional Dummy Company),Global Manufacturing Head - PureGlow Soaps,Australia,Australia,Brisbane,FCT027,Brisbane Soap Plant,LN0081,Line-3,2026-07-03 23:00:00,2026-07-03,23,Night,Charcoal Bar Soap,1.4,60.0,3.2,No Downtime,56.8,84,81,1,80,1.71,98.77,96.43,94.67,101.86,95.24,7.99,33.89,1
PureGlow Soaps International (Fictional Dummy Company),Global Manufacturing Head - PureGlow Soaps,Australia,Australia,Brisbane,FCT027,Brisbane Soap Plant,LN0079,Line-1,2026-07-04 00:00:00,2026-07-04,0,Night,Aloe Vera Liquid Soap,1.41,60.0,2.0,No Downtime,58.0,85,75,3,72,4.13,96.0,88.24,96.67,91.71,85.11,7.44,21.29,2
PureGlow Soaps International (Fictional Dummy Company),Global Manufacturing Head - PureGlow Soaps,Australia,Australia,Brisbane,FCT027,Brisbane Soap Plant,LN0080,Line-2,2026-07-04 00:00:00,2026-07-04,0,Night,Neem Bar Soap,1.03,60.0,2.5,No Downtime,57.5,62,50,2,48,3.13,96.0,80.65,95.83,84.42,77.66,4.66,26.49,1
PureGlow Soaps International (Fictional Dummy Company),Global Manufacturing Head - PureGlow Soaps,Australia,Australia,Brisbane,FCT027,Brisbane Soap Plant,LN0081,Line-3,2026-07-04 00:00:00,2026-07-04,0,Night,Lemon Bar Soap,1.4,60.0,9.5,Quality Hold,50.5,84,62,5,57,8.18,91.94,73.81,84.17,87.69,67.86,6.22,30.54,1
PureGlow Soaps International (Fictional Dummy Company),Global Manufacturing Head - PureGlow Soaps,Australia,Australia,Brisbane,FCT027,Brisbane Soap Plant,LN0079,Line-1,2026-07-04 01:00:00,2026-07-04,1,Night,Aloe Vera Liquid Soap,1.41,60.0,17.9,Preventive Maintenance,42.1,85,54,2,52,3.83,96.3,63.53,70.17,90.97,61.47,5.89,15.66,2
PureGlow Soaps International (Fictional Dummy Company),Global Manufacturing Head - PureGlow Soaps,Australia,Australia,Brisbane,FCT027,Brisbane Soap Plant,LN0080,Line-2,2026-07-04 01:00:00,2026-07-04,1,Night,Neem Bar Soap,1.03,60.0,39.6,Machine Breakdown,20.4,62,21,1,20,4.15,95.24,33.87,34.0,99.94,32.36,1.99,11.39,3
PureGlow Soaps International (Fictional Dummy Company),Global Manufacturing Head - PureGlow Soaps,Australia,Australia,Brisbane,FCT027,Brisbane Soap Plant,LN0081,Line-3,2026-07-04 01:00:00,2026-07-04,1,Night,Lemon Bar Soap,1.4,60.0,1.5,No Downtime,58.5,84,69,2,67,3.52,97.1,82.14,97.5,84.25,79.76,7.54,37.57,2
PureGlow Soaps International (Fictional Dummy Company),Global Manufacturing Head - PureGlow Soaps,Australia,Australia,Brisbane,FCT027,Brisbane Soap Plant,LN0079,Line-1,2026-07-04 02:00:00,2026-07-04,2,Night,Aloe Vera Liquid Soap,1.41,60.0,10.3,Material Shortage,49.7,85,59,1,58,1.57,98.31,69.41,82.83,84.19,68.56,5.05,20.75,3
PureGlow Soaps International (Fictional Dummy Company),Global Manufacturing Head - PureGlow Soaps,Australia,Australia,Brisbane,FCT027,Brisbane Soap Plant,LN0080,Line-2,2026-07-04 02:00:00,2026-07-04,2,Night,Neem Bar Soap,1.03,60.0,0.1,No Downtime,59.9,62,53,1,52,1.85,98.11,85.48,99.83,85.9,84.13,5.07,28.17,1
PureGlow Soaps International (Fictional Dummy Company),Global Manufacturing Head - PureGlow Soaps,Australia,Australia,Brisbane,FCT027,Brisbane Soap Plant,LN0081,Line-3,2026-07-04 02:00:00,2026-07-04,2,Night,Lemon Bar Soap,1.4,60.0,17.2,Changeover/Setup,42.8,84,56,2,54,3.19,96.43,66.67,71.33,93.46,64.29,6.14,24.49,1
PureGlow Soaps International (Fictional Dummy Company),Global Manufacturing Head - PureGlow Soaps,Australia,Australia,Brisbane,FCT027,Brisbane Soap Plant,LN0079,Line-1,2026-07-04 03:00:00,2026-07-04,3,Night,Aloe Vera Liquid Soap,1.41,60.0,22.3,Power Outage,37.7,85,50,1,49,2.84,98.0,58.82,62.83,94.06,57.92,4.77,14.94,2
PureGlow Soaps International (Fictional Dummy Company),Global Manufacturing Head - PureGlow Soaps,Australia,Australia,Brisbane,FCT027,Brisbane Soap Plant,LN0080,Line-2,2026-07-04 03:00:00,2026-07-04,3,Night,Neem Bar Soap,1.03,60.0,1.0,No Downtime,59.0,62,49,2,47,3.44,95.92,79.03,98.33,80.63,76.05,4.72,29.51,2
PureGlow Soaps International (Fictional Dummy Company),Global Manufacturing Head - PureGlow Soaps,Australia,Australia,Brisbane,FCT027,Brisbane Soap Plant,LN0081,Line-3,2026-07-04 03:00:00,2026-07-04,3,Night,Lemon Bar Soap,1.4,60.0,3.3,No Downtime,56.7,84,77,1,76,1.94,98.7,91.67,94.5,97.0,90.47,6.62,36.51,3
PureGlow Soaps International (Fictional Dummy Company),Global Manufacturing Head - PureGlow Soaps,Australia,Australia,Brisbane,FCT027,Brisbane Soap Plant,LN0079,Line-1,2026-07-04 04:00:00,2026-07-04,4,Night,Aloe Vera Liquid Soap,1.41,60.0,31.8,Preventive Maintenance,28.2,85,39,1,38,3.05,97.44,45.88,47.0,98.08,44.92,3.94,11.33,2
PureGlow Soaps International (Fictional Dummy Company),Global Manufacturing Head - PureGlow Soaps,Australia,Australia,Brisbane,FCT027,Brisbane Soap Plant,LN0080,Line-2,2026-07-04 04:00:00,2026-07-04,4,Night,Neem Bar Soap,1.03,60.0,17.0,Preventive Maintenance,43.0,62,37,1,36,2.3,97.3,59.68,71.67,83.54,58.26,3.43,19.88,1
PureGlow Soaps International (Fictional Dummy Company),Global Manufacturing Head - PureGlow Soaps,Australia,Australia,Brisbane,FCT027,Brisbane Soap Plant,LN0081,Line-3,2026-07-04 04:00:00,2026-07-04,4,Night,Lemon Bar Soap,1.4,60.0,18.2,Material Shortage,41.8,84,53,2,51,3.04,96.23,63.1,69.67,90.57,60.72,5.05,26.31,3
PureGlow Soaps International (Fictional Dummy Company),Global Manufacturing Head - PureGlow Soaps,Australia,Australia,Brisbane,FCT027,Brisbane Soap Plant,LN0079,Line-1,2026-07-04 05:00:00,2026-07-04,5,Night,Aloe Vera Liquid Soap,1.41,60.0,11.8,Changeover/Setup,48.2,85,66,1,65,2.23,98.48,77.65,80.33,97.11,76.82,6.59,19.88,2
PureGlow Soaps International (Fictional Dummy Company),Global Manufacturing Head - PureGlow Soaps,Australia,Australia,Brisbane,FCT027,Brisbane Soap Plant,LN0080,Line-2,2026-07-04 05:00:00,2026-07-04,5,Night,Neem Bar Soap,1.03,60.0,34.3,Preventive Maintenance,25.7,62,24,1,23,3.41,95.83,38.71,42.83,90.67,37.21,2.4,11.94,2
PureGlow Soaps International (Fictional Dummy Company),Global Manufacturing Head - PureGlow Soaps,Australia,Australia,Brisbane,FCT027,Brisbane Soap Plant,LN0081,Line-3,2026-07-04 05:00:00,2026-07-04,5,Night,Lemon Bar Soap,1.4,60.0,3.5,No Downtime,56.5,84,67,2,65,3.72,97.01,79.76,94.17,84.7,77.38,5.99,31.38,3
PureGlow Soaps International (Fictional Dummy Company),Global Manufacturing Head - PureGlow Soaps,Australia,Australia,Brisbane,FCT027,Brisbane Soap Plant,LN0079,Line-1,2026-07-04 06:00:00,2026-07-04,6,Morning,Aloe Vera Liquid Soap,1.41,60.0,7.9,Quality Hold,52.1,85,63,5,58,8.28,92.06,74.12,86.83,85.76,68.55,6.84,21.06,2
PureGlow Soaps International (Fictional Dummy Company),Global Manufacturing Head - PureGlow Soaps,Australia,Australia,Brisbane,FCT027,Brisbane Soap Plant,LN0080,Line-2,2026-07-04 06:00:00,2026-07-04,6,Morning,Neem Bar Soap,1.03,60.0,1.0,No Downtime,59.0,62,59,2,57,2.58,96.61,95.16,98.33,97.09,92.23,6.24,31.85,2
PureGlow Soaps International (Fictional Dummy Company),Global Manufacturing Head - PureGlow Soaps,Australia,Australia,Brisbane,FCT027,Brisbane Soap Plant,LN0081,Line-3,2026-07-04 06:00:00,2026-07-04,6,Morning,Lemon Bar Soap,1.4,60.0,13.3,Quality Hold,46.7,84,66,4,62,5.7,93.94,78.57,77.83,100.95,73.81,6.33,30.43,1
PureGlow Soaps International (Fictional Dummy Company),Global Manufacturing Head - PureGlow Soaps,Australia,Australia,Brisbane,FCT027,Brisbane Soap Plant,LN0079,Line-1,2026-07-04 07:00:00,2026-07-04,7,Morning,Aloe Vera Liquid Soap,1.41,60.0,2.1,No Downtime,57.9,85,75,1,74,1.16,98.67,88.24,96.5,91.87,87.48,6.75,24.91,3
PureGlow Soaps International (Fictional Dummy Company),Global Manufacturing Head - PureGlow Soaps,Australia,Australia,Brisbane,FCT027,Brisbane Soap Plant,LN0080,Line-2,2026-07-04 07:00:00,2026-07-04,7,Morning,Neem Bar Soap,1.03,60.0,1.5,No Downtime,58.5,62,59,2,57,3.04,96.61,95.16,97.5,97.92,92.24,5.77,29.36,1
PureGlow Soaps International (Fictional Dummy Company),Global Manufacturing Head - PureGlow Soaps,Australia,Australia,Brisbane,FCT027,Brisbane Soap Plant,LN0081,Line-3,2026-07-04 07:00:00,2026-07-04,7,Morning,Lemon Bar Soap,1.4,60.0,31.8,Machine Breakdown,28.2,84,40,1,39,1.84,97.5,47.62,47.0,101.32,46.43,3.92,18.17,1
PureGlow Soaps International (Fictional Dummy Company),Global Manufacturing Head - PureGlow Soaps,Australia,Australia,Brisbane,FCT027,Brisbane Soap Plant,LN0079,Line-1,2026-07-04 08:00:00,2026-07-04,8,Morning,Aloe Vera Liquid Soap,1.41,60.0,7.4,Changeover/Setup,52.6,85,70,1,69,2.13,98.57,82.35,87.67,94.38,81.56,6.36,21.63,2
PureGlow Soaps International (Fictional Dummy Company),Global Manufacturing Head - PureGlow Soaps,Australia,Australia,Brisbane,FCT027,Brisbane Soap Plant,LN0080,Line-2,2026-07-04 08:00:00,2026-07-04,8,Morning,Neem Bar Soap,1.03,60.0,6.4,Power Outage,53.6,62,52,2,50,4.6,96.15,83.87,89.33,94.19,80.9,4.86,27.73,1
PureGlow Soaps International (Fictional Dummy Company),Global Manufacturing Head - PureGlow Soaps,Australia,Australia,Brisbane,FCT027,Brisbane Soap Plant,LN0081,Line-3,2026-07-04 08:00:00,2026-07-04,8,Morning,Lemon Bar Soap,1.4,60.0,0.1,No Downtime,59.9,84,85,1,84,1.19,98.82,101.19,99.83,101.36,99.99,8.93,34.39,3
PureGlow Soaps International (Fictional Dummy Company),Global Manufacturing Head - PureGlow Soaps,Australia,Australia,Brisbane,FCT027,Brisbane Soap Plant,LN0079,Line-1,2026-07-04 09:00:00,2026-07-04,9,Morning,Aloe Vera Liquid Soap,1.41,60.0,2.7,No Downtime,57.3,85,79,2,77,2.34,97.47,92.94,95.5,97.78,91.02,7.11,20.74,2
PureGlow Soaps International (Fictional Dummy Company),Global Manufacturing Head - PureGlow Soaps,Australia,Australia,Brisbane,FCT027,Brisbane Soap Plant,LN0080,Line-2,2026-07-04 09:00:00,2026-07-04,9,Morning,Neem Bar Soap,1.03,60.0,17.3,Material Shortage,42.7,62,37,1,36,3.8,97.3,59.68,71.17,84.13,58.26,4.02,23.2,3
PureGlow Soaps International (Fictional Dummy Company),Global Manufacturing Head - PureGlow Soaps,Australia,Australia,Brisbane,FCT027,Brisbane Soap Plant,LN0081,Line-3,2026-07-04 09:00:00,2026-07-04,9,Morning,Lemon Bar Soap,1.4,60.0,25.9,Machine Breakdown,34.1,84,48,1,47,2.66,97.92,57.14,56.83,100.54,55.95,4.09,19.29,2
PureGlow Soaps International (Fictional Dummy Company),Global Manufacturing Head - PureGlow Soaps,Australia,Australia,Brisbane,FCT027,Brisbane Soap Plant,LN0079,Line-1,2026-07-04 10:00:00,2026-07-04,10,Morning,Aloe Vera Liquid Soap,1.41,60.0,7.6,Changeover/Setup,52.4,85,68,4,64,6.47,94.12,80.0,87.33,92.04,75.65,6.45,22.08,1
PureGlow Soaps International (Fictional Dummy Company),Global Manufacturing Head - PureGlow Soaps,Australia,Australia,Brisbane,FCT027,Brisbane Soap Plant,LN0080,Line-2,2026-07-04 10:00:00,2026-07-04,10,Morning,Neem Bar Soap,1.03,60.0,5.6,Changeover/Setup,54.4,62,49,2,47,3.17,95.92,79.03,90.67,87.45,76.06,5.0,26.99,3
PureGlow Soaps International (Fictional Dummy Company),Global Manufacturing Head - PureGlow Soaps,Australia,Australia,Brisbane,FCT027,Brisbane Soap Plant,LN0081,Line-3,2026-07-04 10:00:00,2026-07-04,10,Morning,Lemon Bar Soap,1.4,60.0,11.8,Power Outage,48.2,84,62,3,59,4.05,95.16,73.81,80.33,91.88,70.23,5.9,28.72,2
PureGlow Soaps International (Fictional Dummy Company),Global Manufacturing Head - PureGlow Soaps,Australia,Australia,Brisbane,FCT027,Brisbane Soap Plant,LN0079,Line-1,2026-07-04 11:00:00,2026-07-04,11,Morning,Aloe Vera Liquid Soap,1.41,60.0,15.0,Preventive Maintenance,45.0,85,52,2,50,3.15,96.15,61.18,75.0,81.95,59.1,5.5,18.53,2
PureGlow Soaps International (Fictional Dummy Company),Global Manufacturing Head - PureGlow Soaps,Australia,Australia,Brisbane,FCT027,Brisbane Soap Plant,LN0080,Line-2,2026-07-04 11:00:00,2026-07-04,11,Morning,Neem Bar Soap,1.03,60.0,0.9,No Downtime,59.1,62,63,2,61,3.1,96.83,101.61,98.5,103.49,98.71,6.54,29.59,1
PureGlow Soaps International (Fictional Dummy Company),Global Manufacturing Head - PureGlow Soaps,Australia,Australia,Brisbane,FCT027,Brisbane Soap Plant,LN0081,Line-3,2026-07-04 11:00:00,2026-07-04,11,Morning,Lemon Bar Soap,1.4,60.0,1.4,No Downtime,58.6,84,81,3,78,3.81,96.3,96.43,97.67,98.73,92.86,8.84,37.93,3
PureGlow Soaps International (Fictional Dummy Company),Global Manufacturing Head - PureGlow Soaps,Australia,Australia,Brisbane,FCT027,Brisbane Soap Plant,LN0079,Line-1,2026-07-04 12:00:00,2026-07-04,12,Morning,Aloe Vera Liquid Soap,1.41,60.0,7.2,Power Outage,52.8,85,64,1,63,1.94,98.44,75.29,88.0,85.97,74.47,6.3,22.19,3
PureGlow Soaps International (Fictional Dummy Company),Global Manufacturing Head - PureGlow Soaps,Australia,Australia,Brisbane,FCT027,Brisbane Soap Plant,LN0080,Line-2,2026-07-04 12:00:00,2026-07-04,12,Morning,Neem Bar Soap,1.03,60.0,10.5,Quality Hold,49.5,62,41,4,37,9.73,90.24,66.13,82.5,80.42,59.87,3.71,23.72,3
PureGlow Soaps International (Fictional Dummy Company),Global Manufacturing Head - PureGlow Soaps,Australia,Australia,Brisbane,FCT027,Brisbane Soap Plant,LN0081,Line-3,2026-07-04 12:00:00,2026-07-04,12,Morning,Lemon Bar Soap,1.4,60.0,32.6,Preventive Maintenance,27.4,84,32,1,31,3.45,96.88,38.1,45.67,83.42,36.91,2.83,16.15,3
PureGlow Soaps International (Fictional Dummy Company),Global Manufacturing Head - PureGlow Soaps,Australia,Australia,Brisbane,FCT027,Brisbane Soap Plant,LN0079,Line-1,2026-07-04 13:00:00,2026-07-04,13,Morning,Aloe Vera Liquid Soap,1.41,60.0,29.8,Preventive Maintenance,30.2,85,38,2,36,5.04,94.74,44.71,50.33,89.24,42.55,3.35,11.76,3
PureGlow Soaps International (Fictional Dummy Company),Global Manufacturing Head - PureGlow Soaps,Australia,Australia,Brisbane,FCT027,Brisbane Soap Plant,LN0080,Line-2,2026-07-04 13:00:00,2026-07-04,13,Morning,Neem Bar Soap,1.03,60.0,27.9,Machine Breakdown,32.1,62,28,1,27,2.09,96.43,45.16,53.5,84.69,43.69,2.51,17.27,1
PureGlow Soaps International (Fictional Dummy Company),Global Manufacturing Head - PureGlow Soaps,Australia,Australia,Brisbane,FCT027,Brisbane Soap Plant,LN0081,Line-3,2026-07-04 13:00:00,2026-07-04,13,Morning,Lemon Bar Soap,1.4,60.0,22.5,Preventive Maintenance,37.5,84,44,1,43,3.18,97.73,52.38,62.5,83.81,51.19,4.48,20.88,1
PureGlow Soaps International (Fictional Dummy Company),Global Manufacturing Head - PureGlow Soaps,Australia,Australia,Brisbane,FCT027,Brisbane Soap Plant,LN0079,Line-1,2026-07-04 14:00:00,2026-07-04,14,Afternoon,Aloe Vera Liquid Soap,1.41,60.0,2.7,No Downtime,57.3,85,72,2,70,2.93,97.22,84.71,95.5,89.12,82.74,6.85,20.73,2
PureGlow Soaps International (Fictional Dummy Company),Global Manufacturing Head - PureGlow Soaps,Australia,Australia,Brisbane,FCT027,Brisbane Soap Plant,LN0080,Line-2,2026-07-04 14:00:00,2026-07-04,14,Afternoon,Neem Bar Soap,1.03,60.0,9.3,Changeover/Setup,50.7,62,49,2,47,3.5,95.92,79.03,84.5,93.83,76.05,4.24,26.36,3
PureGlow Soaps International (Fictional Dummy Company),Global Manufacturing Head - PureGlow Soaps,Australia,Australia,Brisbane,FCT027,Brisbane Soap Plant,LN0081,Line-3,2026-07-04 14:00:00,2026-07-04,14,Afternoon,Lemon Bar Soap,1.4,60.0,1.4,No Downtime,58.6,84,69,3,66,3.96,95.65,82.14,97.67,84.11,78.58,6.29,37.54,3
PureGlow Soaps International (Fictional Dummy Company),Global Manufacturing Head - PureGlow Soaps,Australia,Australia,Brisbane,FCT027,Brisbane Soap Plant,LN0079,Line-1,2026-07-04 15:00:00,2026-07-04,15,Afternoon,Aloe Vera Liquid Soap,1.41,60.0,14.0,Staff Shortage,46.0,85,58,2,56,2.89,96.55,68.24,76.67,89.42,66.19,5.63,18.03,1
PureGlow Soaps International (Fictional Dummy Company),Global Manufacturing Head - PureGlow Soaps,Australia,Australia,Brisbane,FCT027,Brisbane Soap Plant,LN0080,Line-2,2026-07-04 15:00:00,2026-07-04,15,Afternoon,Neem Bar Soap,1.03,60.0,3.2,No Downtime,56.8,62,49,1,48,1.81,97.96,79.03,94.67,83.75,77.67,4.3,30.96,1
PureGlow Soaps International (Fictional Dummy Company),Global Manufacturing Head - PureGlow Soaps,Australia,Australia,Brisbane,FCT027,Brisbane Soap Plant,LN0081,Line-3,2026-07-04 15:00:00,2026-07-04,15,Afternoon,Lemon Bar Soap,1.4,60.0,13.4,Changeover/Setup,46.6,84,62,2,60,3.11,96.77,73.81,77.67,95.03,71.43,6.36,26.75,2
PureGlow Soaps International (Fictional Dummy Company),Global Manufacturing Head - PureGlow Soaps,Australia,Australia,Brisbane,FCT027,Brisbane Soap Plant,LN0079,Line-1,2026-07-04 16:00:00,2026-07-04,16,Afternoon,Aloe Vera Liquid Soap,1.41,60.0,3.4,No Downtime,56.6,85,79,3,76,4.14,96.2,92.94,94.33,98.99,89.83,8.47,20.57,2
PureGlow Soaps International (Fictional Dummy Company),Global Manufacturing Head - PureGlow Soaps,Australia,Australia,Brisbane,FCT027,Brisbane Soap Plant,LN0080,Line-2,2026-07-04 16:00:00,2026-07-04,16,Afternoon,Neem Bar Soap,1.03,60.0,1.6,No Downtime,58.4,62,61,2,59,3.66,96.72,98.39,97.33,101.41,95.46,5.49,31.01,3
PureGlow Soaps International (Fictional Dummy Company),Global Manufacturing Head - PureGlow Soaps,Australia,Australia,Brisbane,FCT027,Brisbane Soap Plant,LN0081,Line-3,2026-07-04 16:00:00,2026-07-04,16,Afternoon,Lemon Bar Soap,1.4,60.0,15.4,Changeover/Setup,44.6,84,51,1,50,1.07,98.04,60.71,74.33,81.68,59.52,4.81,29.28,3
PureGlow Soaps International (Fictional Dummy Company),Global Manufacturing Head - PureGlow Soaps,Australia,Australia,Brisbane,FCT027,Brisbane Soap Plant,LN0079,Line-1,2026-07-04 17:00:00,2026-07-04,17,Afternoon,Aloe Vera Liquid Soap,1.41,60.0,21.6,Preventive Maintenance,38.4,85,48,2,46,4.38,95.83,56.47,64.0,88.65,54.37,4.37,15.17,2
PureGlow Soaps International (Fictional Dummy Company),Global Manufacturing Head - PureGlow Soaps,Australia,Australia,Brisbane,FCT027,Brisbane Soap Plant,LN0080,Line-2,2026-07-04 17:00:00,2026-07-04,17,Afternoon,Neem Bar Soap,1.03,60.0,42.9,Machine Breakdown,17.1,62,18,0,18,1.24,100.0,29.03,28.5,102.2,29.13,1.84,8.64,3
PureGlow Soaps International (Fictional Dummy Company),Global Manufacturing Head - PureGlow Soaps,Australia,Australia,Brisbane,FCT027,Brisbane Soap Plant,LN0081,Line-3,2026-07-04 17:00:00,2026-07-04,17,Afternoon,Lemon Bar Soap,1.4,60.0,16.0,Changeover/Setup,44.0,84,60,2,58,2.81,96.67,71.43,73.33,97.4,69.05,6.35,27.59,1
PureGlow Soaps International (Fictional Dummy Company),Global Manufacturing Head - PureGlow Soaps,Australia,Australia,Brisbane,FCT027,Brisbane Soap Plant,LN0079,Line-1,2026-07-04 18:00:00,2026-07-04,18,Afternoon,Aloe Vera Liquid Soap,1.41,60.0,12.3,Quality Hold,47.7,85,62,6,56,9.68,90.32,72.94,79.5,92.18,66.19,6.29,20.05,2
PureGlow Soaps International (Fictional Dummy Company),Global Manufacturing Head - PureGlow Soaps,Australia,Australia,Brisbane,FCT027,Brisbane Soap Plant,LN0080,Line-2,2026-07-04 18:00:00,2026-07-04,18,Afternoon,Neem Bar Soap,1.03,60.0,1.5,No Downtime,58.5,62,58,2,56,3.1,96.55,93.55,97.5,96.26,90.62,5.74,31.3,2
PureGlow Soaps International (Fictional Dummy Company),Global Manufacturing Head - PureGlow Soaps,Australia,Australia,Brisbane,FCT027,Brisbane Soap Plant,LN0081,Line-3,2026-07-04 18:00:00,2026-07-04,18,Afternoon,Lemon Bar Soap,1.4,60.0,24.9,Material Shortage,35.1,84,44,2,42,3.48,95.45,52.38,58.5,89.54,50.0,4.28,23.04,1
PureGlow Soaps International (Fictional Dummy Company),Global Manufacturing Head - PureGlow Soaps,Australia,Australia,Brisbane,FCT027,Brisbane Soap Plant,LN0079,Line-1,2026-07-04 19:00:00,2026-07-04,19,Afternoon,Aloe Vera Liquid Soap,1.41,60.0,39.3,Preventive Maintenance,20.7,85,27,1,26,2.32,96.3,31.76,34.5,92.51,30.74,2.71,8.89,2
PureGlow Soaps International (Fictional Dummy Company),Global Manufacturing Head - PureGlow Soaps,Australia,Australia,Brisbane,FCT027,Brisbane Soap Plant,LN0080,Line-2,2026-07-04 19:00:00,2026-07-04,19,Afternoon,Neem Bar Soap,1.03,60.0,1.5,No Downtime,58.5,62,57,1,56,1.37,98.25,91.94,97.5,94.6,90.62,6.06,31.96,1
PureGlow Soaps International (Fictional Dummy Company),Global Manufacturing Head - PureGlow Soaps,Australia,Australia,Brisbane,FCT027,Brisbane Soap Plant,LN0081,Line-3,2026-07-04 19:00:00,2026-07-04,19,Afternoon,Lemon Bar Soap,1.4,60.0,6.9,Quality Hold,53.1,84,69,6,63,8.33,91.3,82.14,88.5,92.82,75.0,7.12,31.99,1
PureGlow Soaps International (Fictional Dummy Company),Global Manufacturing Head - PureGlow Soaps,Australia,Australia,Brisbane,FCT027,Brisbane Soap Plant,LN0079,Line-1,2026-07-04 20:00:00,2026-07-04,20,Afternoon,Aloe Vera Liquid Soap,1.41,60.0,42.8,Machine Breakdown,17.2,85,25,0,25,1.66,100.0,29.41,28.67,103.08,29.55,2.26,7.25,3
PureGlow Soaps International (Fictional Dummy Company),Global Manufacturing Head - PureGlow Soaps,Australia,Australia,Brisbane,FCT027,Brisbane Soap Plant,LN0080,Line-2,2026-07-04 20:00:00,2026-07-04,20,Afternoon,Neem Bar Soap,1.03,60.0,0.3,No Downtime,59.7,62,49,1,48,2.23,97.96,79.03,99.5,79.69,77.67,4.65,31.02,1
PureGlow Soaps International (Fictional Dummy Company),Global Manufacturing Head - PureGlow Soaps,Australia,Australia,Brisbane,FCT027,Brisbane Soap Plant,LN0081,Line-3,2026-07-04 20:00:00,2026-07-04,20,Afternoon,Lemon Bar Soap,1.4,60.0,33.0,Machine Breakdown,27.0,84,32,0,32,1.54,100.0,38.1,45.0,84.66,38.1,2.78,16.13,2
PureGlow Soaps International (Fictional Dummy Company),Global Manufacturing Head - PureGlow Soaps,Australia,Australia,Brisbane,FCT027,Brisbane Soap Plant,LN0079,Line-1,2026-07-04 21:00:00,2026-07-04,21,Afternoon,Aloe Vera Liquid Soap,1.41,60.0,1.3,No Downtime,58.7,85,78,3,75,3.61,96.15,91.76,97.83,94.24,88.65,6.8,23.67,2
PureGlow Soaps International (Fictional Dummy Company),Global Manufacturing Head - PureGlow Soaps,Australia,Australia,Brisbane,FCT027,Brisbane Soap Plant,LN0080,Line-2,2026-07-04 21:00:00,2026-07-04,21,Afternoon,Neem Bar Soap,1.03,60.0,25.8,Machine Breakdown,34.2,62,29,1,28,2.63,96.55,46.77,57.0,82.33,45.31,2.76,17.77,1
PureGlow Soaps International (Fictional Dummy Company),Global Manufacturing Head - PureGlow Soaps,Australia,Australia,Brisbane,FCT027,Brisbane Soap Plant,LN0081,Line-3,2026-07-04 21:00:00,2026-07-04,21,Afternoon,Lemon Bar Soap,1.4,60.0,2.9,No Downtime,57.1,84,77,3,74,4.31,96.1,91.67,95.17,96.32,88.09,7.39,35.76,2
PureGlow Soaps International (Fictional Dummy Company),Global Manufacturing Head - PureGlow Soaps,Australia,Australia,Brisbane,FCT027,Brisbane Soap Plant,LN0079,Line-1,2026-07-04 22:00:00,2026-07-04,22,Night,Aloe Vera Liquid Soap,1.41,60.0,20.8,Staff Shortage,39.2,85,48,2,46,3.13,95.83,56.47,65.33,86.84,54.37,4.92,15.89,2
PureGlow Soaps International (Fictional Dummy Company),Global Manufacturing Head - PureGlow Soaps,Australia,Australia,Brisbane,FCT027,Brisbane Soap Plant,LN0080,Line-2,2026-07-04 22:00:00,2026-07-04,22,Night,Neem Bar Soap,1.03,60.0,2.8,No Downtime,57.2,62,58,2,56,3.97,96.55,93.55,95.33,98.45,90.61,5.0,26.77,2
PureGlow Soaps International (Fictional Dummy Company),Global Manufacturing Head - PureGlow Soaps,Australia,Australia,Brisbane,FCT027,Brisbane Soap Plant,LN0081,Line-3,2026-07-04 22:00:00,2026-07-04,22,Night,Lemon Bar Soap,1.4,60.0,29.3,Material Shortage,30.7,84,37,1,36,1.47,97.3,44.05,51.17,86.09,42.86,3.36,19.64,3
PureGlow Soaps International (Fictional Dummy Company),Global Manufacturing Head - PureGlow Soaps,Australia,Australia,Brisbane,FCT027,Brisbane Soap Plant,LN0079,Line-1,2026-07-04 23:00:00,2026-07-04,23,Night,Aloe Vera Liquid Soap,1.41,60.0,1.9,No Downtime,58.1,85,83,3,80,3.21,96.39,97.65,96.83,101.32,94.57,7.53,23.88,1
PureGlow Soaps International (Fictional Dummy Company),Global Manufacturing Head - PureGlow Soaps,Australia,Australia,Brisbane,FCT027,Brisbane Soap Plant,LN0080,Line-2,2026-07-04 23:00:00,2026-07-04,23,Night,Neem Bar Soap,1.03,60.0,3.1,No Downtime,56.9,62,49,2,47,3.8,95.92,79.03,94.83,83.61,76.05,4.79,28.85,1
PureGlow Soaps International (Fictional Dummy Company),Global Manufacturing Head - PureGlow Soaps,Australia,Australia,Brisbane,FCT027,Brisbane Soap Plant,LN0081,Line-3,2026-07-04 23:00:00,2026-07-04,23,Night,Lemon Bar Soap,1.4,60.0,12.8,Changeover/Setup,47.2,84,58,1,57,1.15,98.28,69.05,78.67,87.77,67.86,5.18,31.15,3
PureGlow Soaps International (Fictional Dummy Company),Global Manufacturing Head - PureGlow Soaps,Australia,Australia,Brisbane,FCT027,Brisbane Soap Plant,LN0079,Line-1,2026-07-05 00:00:00,2026-07-05,0,Night,Lemon Bar Soap,1.41,60.0,14.9,Power Outage,45.1,85,57,2,55,2.87,96.49,67.06,75.17,89.64,65.02,6.26,17.31,3
PureGlow Soaps International (Fictional Dummy Company),Global Manufacturing Head - PureGlow Soaps,Australia,Australia,Brisbane,FCT027,Brisbane Soap Plant,LN0080,Line-2,2026-07-05 00:00:00,2026-07-05,0,Night,Lavender Bar Soap,1.03,60.0,2.0,No Downtime,58.0,62,54,2,52,4.15,96.3,87.1,96.67,90.39,84.15,5.07,29.41,3
PureGlow Soaps International (Fictional Dummy Company),Global Manufacturing Head - PureGlow Soaps,Australia,Australia,Brisbane,FCT027,Brisbane Soap Plant,LN0081,Line-3,2026-07-05 00:00:00,2026-07-05,0,Night,Neem Bar Soap,1.4,60.0,30.0,Machine Breakdown,30.0,84,41,2,39,5.33,95.12,48.81,50.0,97.62,46.43,4.32,17.39,3
PureGlow Soaps International (Fictional Dummy Company),Global Manufacturing Head - PureGlow Soaps,Australia,Australia,Brisbane,FCT027,Brisbane Soap Plant,LN0079,Line-1,2026-07-05 01:00:00,2026-07-05,1,Night,Lemon Bar Soap,1.41,60.0,12.4,Power Outage,47.6,85,64,2,62,2.42,96.88,75.29,79.33,95.36,73.29,5.56,19.01,3
PureGlow Soaps International (Fictional Dummy Company),Global Manufacturing Head - PureGlow Soaps,Australia,Australia,Brisbane,FCT027,Brisbane Soap Plant,LN0080,Line-2,2026-07-05 01:00:00,2026-07-05,1,Night,Lavender Bar Soap,1.03,60.0,0.3,No Downtime,59.7,62,54,1,53,2.5,98.15,87.1,99.5,87.82,85.76,5.2,30.0,2
PureGlow Soaps International (Fictional Dummy Company),Global Manufacturing Head - PureGlow Soaps,Australia,Australia,Brisbane,FCT027,Brisbane Soap Plant,LN0081,Line-3,2026-07-05 01:00:00,2026-07-05,1,Night,Neem Bar Soap,1.4,60.0,2.1,No Downtime,57.9,84,72,3,69,3.49,95.83,85.71,96.5,88.82,82.14,7.33,35.69,1
PureGlow Soaps International (Fictional Dummy Company),Global Manufacturing Head - PureGlow Soaps,Australia,Australia,Brisbane,FCT027,Brisbane Soap Plant,LN0079,Line-1,2026-07-05 02:00:00,2026-07-05,2,Night,Lemon Bar Soap,1.41,60.0,12.1,Material Shortage,47.9,85,58,2,56,3.31,96.55,68.24,79.83,85.88,66.19,5.98,18.62,1
PureGlow Soaps International (Fictional Dummy Company),Global Manufacturing Head - PureGlow Soaps,Australia,Australia,Brisbane,FCT027,Brisbane Soap Plant,LN0080,Line-2,2026-07-05 02:00:00,2026-07-05,2,Night,Lavender Bar Soap,1.03,60.0,1.2,No Downtime,58.8,62,51,1,50,1.27,98.04,82.26,98.0,84.21,80.91,4.49,31.55,3
PureGlow Soaps International (Fictional Dummy Company),Global Manufacturing Head - PureGlow Soaps,Australia,Australia,Brisbane,FCT027,Brisbane Soap Plant,LN0081,Line-3,2026-07-05 02:00:00,2026-07-05,2,Night,Neem Bar Soap,1.4,60.0,0.9,No Downtime,59.1,84,69,1,68,2.02,98.55,82.14,98.5,83.39,80.95,6.07,33.34,1
PureGlow Soaps International (Fictional Dummy Company),Global Manufacturing Head - PureGlow Soaps,Australia,Australia,Brisbane,FCT027,Brisbane Soap Plant,LN0079,Line-1,2026-07-05 03:00:00,2026-07-05,3,Night,Lemon Bar Soap,1.41,60.0,9.4,Changeover/Setup,50.6,85,67,1,66,2.03,98.51,78.82,84.33,93.91,78.01,6.49,20.8,2
PureGlow Soaps International (Fictional Dummy Company),Global Manufacturing Head - PureGlow Soaps,Australia,Australia,Brisbane,FCT027,Brisbane Soap Plant,LN0080,Line-2,2026-07-05 03:00:00,2026-07-05,3,Night,Lavender Bar Soap,1.03,60.0,1.5,No Downtime,58.5,62,48,1,47,2.86,97.92,77.42,97.5,79.66,76.05,5.23,29.4,3
PureGlow Soaps International (Fictional Dummy Company),Global Manufacturing Head - PureGlow Soaps,Australia,Australia,Brisbane,FCT027,Brisbane Soap Plant,LN0081,Line-3,2026-07-05 03:00:00,2026-07-05,3,Night,Neem Bar Soap,1.4,60.0,19.0,Staff Shortage,41.0,84,54,0,54,0.76,100.0,64.29,68.33,94.08,64.28,5.76,22.89,2
PureGlow Soaps International (Fictional Dummy Company),Global Manufacturing Head - PureGlow Soaps,Australia,Australia,Brisbane,FCT027,Brisbane Soap Plant,LN0079,Line-1,2026-07-05 04:00:00,2026-07-05,4,Night,Lemon Bar Soap,1.41,60.0,26.5,Preventive Maintenance,33.5,85,45,2,43,4.61,95.56,52.94,55.83,95.27,50.83,4.25,12.49,3
PureGlow Soaps International (Fictional Dummy Company),Global Manufacturing Head - PureGlow Soaps,Australia,Australia,Brisbane,FCT027,Brisbane Soap Plant,LN0080,Line-2,2026-07-05 04:00:00,2026-07-05,4,Night,Lavender Bar Soap,1.03,60.0,3.4,No Downtime,56.6,62,48,1,47,2.12,97.92,77.42,94.33,82.34,76.06,4.62,31.33,1
PureGlow Soaps International (Fictional Dummy Company),Global Manufacturing Head - PureGlow Soaps,Australia,Australia,Brisbane,FCT027,Brisbane Soap Plant,LN0081,Line-3,2026-07-05 04:00:00,2026-07-05,4,Night,Neem Bar Soap,1.4,60.0,23.3,Machine Breakdown,36.7,84,44,1,43,2.64,97.73,52.38,61.17,85.64,51.2,4.03,24.32,2
PureGlow Soaps International (Fictional Dummy Company),Global Manufacturing Head - PureGlow Soaps,Australia,Australia,Brisbane,FCT027,Brisbane Soap Plant,LN0079,Line-1,2026-07-05 05:00:00,2026-07-05,5,Night,Lemon Bar Soap,1.41,60.0,2.0,No Downtime,58.0,85,82,0,82,0.46,100.0,96.47,96.67,100.27,96.93,7.08,21.06,3
PureGlow Soaps International (Fictional Dummy Company),Global Manufacturing Head - PureGlow Soaps,Australia,Australia,Brisbane,FCT027,Brisbane Soap Plant,LN0080,Line-2,2026-07-05 05:00:00,2026-07-05,5,Night,Lavender Bar Soap,1.03,60.0,36.4,Preventive Maintenance,23.6,62,22,1,21,3.54,95.45,35.48,39.33,90.51,33.98,2.16,13.08,1
PureGlow Soaps International (Fictional Dummy Company),Global Manufacturing Head - PureGlow Soaps,Australia,Australia,Brisbane,FCT027,Brisbane Soap Plant,LN0081,Line-3,2026-07-05 05:00:00,2026-07-05,5,Night,Neem Bar Soap,1.4,60.0,32.1,Material Shortage,27.9,84,39,2,37,4.61,94.87,46.43,46.5,99.85,44.05,3.72,18.27,3
PureGlow Soaps International (Fictional Dummy Company),Global Manufacturing Head - PureGlow Soaps,Australia,Australia,Brisbane,FCT027,Brisbane Soap Plant,LN0079,Line-1,2026-07-05 06:00:00,2026-07-05,6,Morning,Lemon Bar Soap,1.41,60.0,18.6,Material Shortage,41.4,85,54,1,53,2.07,98.15,63.53,69.0,92.51,62.65,4.76,17.04,3
PureGlow Soaps International (Fictional Dummy Company),Global Manufacturing Head - PureGlow Soaps,Australia,Australia,Brisbane,FCT027,Brisbane Soap Plant,LN0080,Line-2,2026-07-05 06:00:00,2026-07-05,6,Morning,Lavender Bar Soap,1.03,60.0,17.0,Power Outage,43.0,62,39,1,38,3.41,97.44,62.9,71.67,88.06,61.5,4.14,20.49,2
PureGlow Soaps International (Fictional Dummy Company),Global Manufacturing Head - PureGlow Soaps,Australia,Australia,Brisbane,FCT027,Brisbane Soap Plant,LN0081,Line-3,2026-07-05 06:00:00,2026-07-05,6,Morning,Neem Bar Soap,1.4,60.0,1.1,No Downtime,58.9,84,73,2,71,2.07,97.26,86.9,98.17,88.53,84.53,7.69,35.13,2
PureGlow Soaps International (Fictional Dummy Company),Global Manufacturing Head - PureGlow Soaps,Australia,Australia,Brisbane,FCT027,Brisbane Soap Plant,LN0079,Line-1,2026-07-05 07:00:00,2026-07-05,7,Morning,Lemon Bar Soap,1.41,60.0,1.6,No Downtime,58.4,85,73,2,71,3.22,97.26,85.88,97.33,88.65,83.92,7.27,22.35,1
PureGlow Soaps International (Fictional Dummy Company),Global Manufacturing Head - PureGlow Soaps,Australia,Australia,Brisbane,FCT027,Brisbane Soap Plant,LN0080,Line-2,2026-07-05 07:00:00,2026-07-05,7,Morning,Lavender Bar Soap,1.03,60.0,3.3,No Downtime,56.7,62,50,1,49,2.74,98.0,80.65,94.5,85.61,79.28,5.17,27.5,1
PureGlow Soaps International (Fictional Dummy Company),Global Manufacturing Head - PureGlow Soaps,Australia,Australia,Brisbane,FCT027,Brisbane Soap Plant,LN0081,Line-3,2026-07-05 07:00:00,2026-07-05,7,Morning,Neem Bar Soap,1.4,60.0,2.6,No Downtime,57.4,84,68,1,67,2.18,98.53,80.95,95.67,84.62,79.77,6.57,33.9,3
PureGlow Soaps International (Fictional Dummy Company),Global Manufacturing Head - PureGlow Soaps,Australia,Australia,Brisbane,FCT027,Brisbane Soap Plant,LN0079,Line-1,2026-07-05 08:00:00,2026-07-05,8,Morning,Lemon Bar Soap,1.41,60.0,1.0,No Downtime,59.0,85,83,2,81,2.91,97.59,97.65,98.33,99.77,95.74,8.8,22.71,1
PureGlow Soaps International (Fictional Dummy Company),Global Manufacturing Head - PureGlow Soaps,Australia,Australia,Brisbane,FCT027,Brisbane Soap Plant,LN0080,Line-2,2026-07-05 08:00:00,2026-07-05,8,Morning,Lavender Bar Soap,1.03,60.0,41.3,Machine Breakdown,18.7,62,18,0,18,2.68,100.0,29.03,31.17,93.45,29.13,1.84,9.52,1
PureGlow Soaps International (Fictional Dummy Company),Global Manufacturing Head - PureGlow Soaps,Australia,Australia,Brisbane,FCT027,Brisbane Soap Plant,LN0081,Line-3,2026-07-05 08:00:00,2026-07-05,8,Morning,Neem Bar Soap,1.4,60.0,19.7,Changeover/Setup,40.3,84,52,1,51,2.82,98.08,61.9,67.17,92.17,60.72,5.31,26.45,2
PureGlow Soaps International (Fictional Dummy Company),Global Manufacturing Head - PureGlow Soaps,Australia,Australia,Brisbane,FCT027,Brisbane Soap Plant,LN0079,Line-1,2026-07-05 09:00:00,2026-07-05,9,Morning,Lemon Bar Soap,1.41,60.0,1.3,No Downtime,58.7,85,84,1,83,1.09,98.81,98.82,97.83,101.49,98.11,9.1,22.38,1
PureGlow Soaps International (Fictional Dummy Company),Global Manufacturing Head - PureGlow Soaps,Australia,Australia,Brisbane,FCT027,Brisbane Soap Plant,LN0080,Line-2,2026-07-05 09:00:00,2026-07-05,9,Morning,Lavender Bar Soap,1.03,60.0,1.6,No Downtime,58.4,62,53,0,53,0.7,100.0,85.48,97.33,88.11,85.76,5.73,31.11,2
PureGlow Soaps International (Fictional Dummy Company),Global Manufacturing Head - PureGlow Soaps,Australia,Australia,Brisbane,FCT027,Brisbane Soap Plant,LN0081,Line-3,2026-07-05 09:00:00,2026-07-05,9,Morning,Neem Bar Soap,1.4,60.0,22.3,Power Outage,37.7,84,52,1,51,1.06,98.08,61.9,62.83,98.52,60.71,4.7,24.63,2
PureGlow Soaps International (Fictional Dummy Company),Global Manufacturing Head - PureGlow Soaps,Australia,Australia,Brisbane,FCT027,Brisbane Soap Plant,LN0079,Line-1,2026-07-05 10:00:00,2026-07-05,10,Morning,Lemon Bar Soap,1.41,60.0,36.6,Machine Breakdown,23.4,85,28,1,27,3.5,96.43,32.94,39.0,84.86,31.91,3.06,10.2,1
PureGlow Soaps International (Fictional Dummy Company),Global Manufacturing Head - PureGlow Soaps,Australia,Australia,Brisbane,FCT027,Brisbane Soap Plant,LN0080,Line-2,2026-07-05 10:00:00,2026-07-05,10,Morning,Lavender Bar Soap,1.03,60.0,1.3,No Downtime,58.7,62,53,1,52,1.99,98.11,85.48,97.83,87.66,84.14,5.48,32.81,3
PureGlow Soaps International (Fictional Dummy Company),Global Manufacturing Head - PureGlow Soaps,Australia,Australia,Brisbane,FCT027,Brisbane Soap Plant,LN0081,Line-3,2026-07-05 10:00:00,2026-07-05,10,Morning,Neem Bar Soap,1.4,60.0,8.5,Changeover/Setup,51.5,84,63,1,62,1.71,98.41,75.0,85.83,87.38,73.81,6.19,28.63,1
PureGlow Soaps International (Fictional Dummy Company),Global Manufacturing Head - PureGlow Soaps,Australia,Australia,Brisbane,FCT027,Brisbane Soap Plant,LN0079,Line-1,2026-07-05 11:00:00,2026-07-05,11,Morning,Lemon Bar Soap,1.41,60.0,2.8,No Downtime,57.2,85,82,2,80,1.85,97.56,96.47,95.33,101.67,94.56,8.07,24.6,1
PureGlow Soaps International (Fictional Dummy Company),Global Manufacturing Head - PureGlow Soaps,Australia,Australia,Brisbane,FCT027,Brisbane Soap Plant,LN0080,Line-2,2026-07-05 11:00:00,2026-07-05,11,Morning,Lavender Bar Soap,1.03,60.0,0.7,No Downtime,59.3,62,58,2,56,3.2,96.55,93.55,98.83,94.96,90.61,4.95,28.54,3
PureGlow Soaps International (Fictional Dummy Company),Global Manufacturing Head - PureGlow Soaps,Australia,Australia,Brisbane,FCT027,Brisbane Soap Plant,LN0081,Line-3,2026-07-05 11:00:00,2026-07-05,11,Morning,Neem Bar Soap,1.4,60.0,1.5,No Downtime,58.5,84,76,4,72,4.99,94.74,90.48,97.5,92.8,85.72,6.67,32.81,1
PureGlow Soaps International (Fictional Dummy Company),Global Manufacturing Head - PureGlow Soaps,Australia,Australia,Brisbane,FCT027,Brisbane Soap Plant,LN0079,Line-1,2026-07-05 12:00:00,2026-07-05,12,Morning,Lemon Bar Soap,1.41,60.0,13.0,Changeover/Setup,47.0,85,55,2,53,2.77,96.36,64.71,78.33,82.99,62.64,5.63,20.33,2
PureGlow Soaps International (Fictional Dummy Company),Global Manufacturing Head - PureGlow Soaps,Australia,Australia,Brisbane,FCT027,Brisbane Soap Plant,LN0080,Line-2,2026-07-05 12:00:00,2026-07-05,12,Morning,Lavender Bar Soap,1.03,60.0,22.5,Preventive Maintenance,37.5,62,38,1,37,2.51,97.37,61.29,62.5,98.38,59.87,4.01,19.58,2
PureGlow Soaps International (Fictional Dummy Company),Global Manufacturing Head - PureGlow Soaps,Australia,Australia,Brisbane,FCT027,Brisbane Soap Plant,LN0081,Line-3,2026-07-05 12:00:00,2026-07-05,12,Morning,Neem Bar Soap,1.4,60.0,22.3,Machine Breakdown,37.7,84,49,1,48,1.64,97.96,58.33,62.83,92.84,57.14,5.09,24.17,3
PureGlow Soaps International (Fictional Dummy Company),Global Manufacturing Head - PureGlow Soaps,Australia,Australia,Brisbane,FCT027,Brisbane Soap Plant,LN0079,Line-1,2026-07-05 13:00:00,2026-07-05,13,Morning,Lemon Bar Soap,1.41,60.0,28.7,Preventive Maintenance,31.3,85,42,1,41,2.58,97.62,49.41,52.17,95.17,48.47,4.44,11.76,3
PureGlow Soaps International (Fictional Dummy Company),Global Manufacturing Head - PureGlow Soaps,Australia,Australia,Brisbane,FCT027,Brisbane Soap Plant,LN0080,Line-2,2026-07-05 13:00:00,2026-07-05,13,Morning,Lavender Bar Soap,1.03,60.0,26.6,Machine Breakdown,33.4,62,29,0,29,1.49,100.0,46.77,55.67,84.3,46.93,3.01,18.68,1
PureGlow Soaps International (Fictional Dummy Company),Global Manufacturing Head - PureGlow Soaps,Australia,Australia,Brisbane,FCT027,Brisbane Soap Plant,LN0081,Line-3,2026-07-05 13:00:00,2026-07-05,13,Morning,Neem Bar Soap,1.4,60.0,1.1,No Downtime,58.9,84,83,1,82,1.18,98.8,98.81,98.17,100.65,97.62,7.86,33.73,1
PureGlow Soaps International (Fictional Dummy Company),Global Manufacturing Head - PureGlow Soaps,Australia,Australia,Brisbane,FCT027,Brisbane Soap Plant,LN0079,Line-1,2026-07-05 14:00:00,2026-07-05,14,Afternoon,Lemon Bar Soap,1.41,60.0,14.5,Changeover/Setup,45.5,85,61,1,60,1.05,98.36,71.76,75.83,95.08,70.92,6.01,18.27,2
PureGlow Soaps International (Fictional Dummy Company),Global Manufacturing Head - PureGlow Soaps,Australia,Australia,Brisbane,FCT027,Brisbane Soap Plant,LN0080,Line-2,2026-07-05 14:00:00,2026-07-05,14,Afternoon,Lavender Bar Soap,1.03,60.0,35.7,Machine Breakdown,24.3,62,22,0,22,2.25,100.0,35.48,40.5,87.9,35.6,2.41,11.66,1
PureGlow Soaps International (Fictional Dummy Company),Global Manufacturing Head - PureGlow Soaps,Australia,Australia,Brisbane,FCT027,Brisbane Soap Plant,LN0081,Line-3,2026-07-05 14:00:00,2026-07-05,14,Afternoon,Neem Bar Soap,1.4,60.0,26.9,Machine Breakdown,33.1,84,44,1,43,2.84,97.73,52.38,55.17,94.95,51.19,4.24,21.4,2
PureGlow Soaps International (Fictional Dummy Company),Global Manufacturing Head - PureGlow Soaps,Australia,Australia,Brisbane,FCT027,Brisbane Soap Plant,LN0079,Line-1,2026-07-05 15:00:00,2026-07-05,15,Afternoon,Lemon Bar Soap,1.41,60.0,34.2,Machine Breakdown,25.8,85,34,0,34,1.17,100.0,40.0,43.0,93.46,40.19,3.71,9.46,1
PureGlow Soaps International (Fictional Dummy Company),Global Manufacturing Head - PureGlow Soaps,Australia,Australia,Brisbane,FCT027,Brisbane Soap Plant,LN0080,Line-2,2026-07-05 15:00:00,2026-07-05,15,Afternoon,Lavender Bar Soap,1.03,60.0,16.0,Preventive Maintenance,44.0,62,43,0,43,0.96,100.0,69.35,73.33,94.88,69.58,4.34,24.3,1
PureGlow Soaps International (Fictional Dummy Company),Global Manufacturing Head - PureGlow Soaps,Australia,Australia,Brisbane,FCT027,Brisbane Soap Plant,LN0081,Line-3,2026-07-05 15:00:00,2026-07-05,15,Afternoon,Neem Bar Soap,1.4,60.0,4.0,No Downtime,56.0,84,77,2,75,2.0,97.4,91.67,93.33,98.21,89.28,6.9,31.76,1
PureGlow Soaps International (Fictional Dummy Company),Global Manufacturing Head - PureGlow Soaps,Australia,Australia,Brisbane,FCT027,Brisbane Soap Plant,LN0079,Line-1,2026-07-05 16:00:00,2026-07-05,16,Afternoon,Lemon Bar Soap,1.41,60.0,0.1,No Downtime,59.9,85,69,2,67,3.28,97.1,81.18,99.83,81.7,79.2,6.64,23.45,3
PureGlow Soaps International (Fictional Dummy Company),Global Manufacturing Head - PureGlow Soaps,Australia,Australia,Brisbane,FCT027,Brisbane Soap Plant,LN0080,Line-2,2026-07-05 16:00:00,2026-07-05,16,Afternoon,Lavender Bar Soap,1.03,60.0,36.6,Preventive Maintenance,23.4,62,21,1,20,2.46,95.24,33.87,39.0,87.13,32.36,2.09,11.24,1
PureGlow Soaps International (Fictional Dummy Company),Global Manufacturing Head - PureGlow Soaps,Australia,Australia,Brisbane,FCT027,Brisbane Soap Plant,LN0081,Line-3,2026-07-05 16:00:00,2026-07-05,16,Afternoon,Neem Bar Soap,1.4,60.0,1.3,No Downtime,58.7,84,71,3,68,3.72,95.77,84.52,97.83,86.4,80.95,6.68,33.77,2
PureGlow Soaps International (Fictional Dummy Company),Global Manufacturing Head - PureGlow Soaps,Australia,Australia,Brisbane,FCT027,Brisbane Soap Plant,LN0079,Line-1,2026-07-05 17:00:00,2026-07-05,17,Afternoon,Lemon Bar Soap,1.41,60.0,2.1,No Downtime,57.9,85,69,2,67,3.33,97.1,81.18,96.5,84.52,79.2,7.48,24.3,2
PureGlow Soaps International (Fictional Dummy Company),Global Manufacturing Head - PureGlow Soaps,Australia,Australia,Brisbane,FCT027,Brisbane Soap Plant,LN0080,Line-2,2026-07-05 17:00:00,2026-07-05,17,Afternoon,Lavender Bar Soap,1.03,60.0,9.4,Power Outage,50.6,62,46,1,45,2.9,97.83,74.19,84.33,88.26,72.81,4.24,24.05,1
PureGlow Soaps International (Fictional Dummy Company),Global Manufacturing Head - PureGlow Soaps,Australia,Australia,Brisbane,FCT027,Brisbane Soap Plant,LN0081,Line-3,2026-07-05 17:00:00,2026-07-05,17,Afternoon,Neem Bar Soap,1.4,60.0,1.1,No Downtime,58.9,84,84,2,82,2.91,97.62,100.0,98.17,101.87,97.63,8.92,39.07,3
PureGlow Soaps International (Fictional Dummy Company),Global Manufacturing Head - PureGlow Soaps,Australia,Australia,Brisbane,FCT027,Brisbane Soap Plant,LN0079,Line-1,2026-07-05 18:00:00,2026-07-05,18,Afternoon,Lemon Bar Soap,1.41,60.0,31.9,Machine Breakdown,28.1,85,37,2,35,5.11,94.59,43.53,46.83,93.38,41.36,3.31,12.04,2
PureGlow Soaps International (Fictional Dummy Company),Global Manufacturing Head - PureGlow Soaps,Australia,Australia,Brisbane,FCT027,Brisbane Soap Plant,LN0080,Line-2,2026-07-05 18:00:00,2026-07-05,18,Afternoon,Lavender Bar Soap,1.03,60.0,3.3,No Downtime,56.7,62,60,1,59,1.74,98.33,96.77,94.5,102.74,95.47,5.26,28.53,3
PureGlow Soaps International (Fictional Dummy Company),Global Manufacturing Head - PureGlow Soaps,Australia,Australia,Brisbane,FCT027,Brisbane Soap Plant,LN0081,Line-3,2026-07-05 18:00:00,2026-07-05,18,Afternoon,Neem Bar Soap,1.4,60.0,16.7,Changeover/Setup,43.3,84,60,2,58,4.0,96.67,71.43,72.17,98.98,69.06,6.2,27.49,1
PureGlow Soaps International (Fictional Dummy Company),Global Manufacturing Head - PureGlow Soaps,Australia,Australia,Brisbane,FCT027,Brisbane Soap Plant,LN0079,Line-1,2026-07-05 19:00:00,2026-07-05,19,Afternoon,Lemon Bar Soap,1.41,60.0,27.2,Preventive Maintenance,32.8,85,47,1,46,2.34,97.87,55.29,54.67,101.63,54.38,4.34,12.64,3
PureGlow Soaps International (Fictional Dummy Company),Global Manufacturing Head - PureGlow Soaps,Australia,Australia,Brisbane,FCT027,Brisbane Soap Plant,LN0080,Line-2,2026-07-05 19:00:00,2026-07-05,19,Afternoon,Lavender Bar Soap,1.03,60.0,11.8,Changeover/Setup,48.2,62,50,2,48,4.99,96.0,80.65,80.33,100.71,77.66,5.31,22.53,1
PureGlow Soaps International (Fictional Dummy Company),Global Manufacturing Head - PureGlow Soaps,Australia,Australia,Brisbane,FCT027,Brisbane Soap Plant,LN0081,Line-3,2026-07-05 19:00:00,2026-07-05,19,Afternoon,Neem Bar Soap,1.4,60.0,11.6,Machine Breakdown,48.4,84,55,3,52,5.26,94.55,65.48,80.67,81.17,61.91,6.0,29.23,1
PureGlow Soaps International (Fictional Dummy Company),Global Manufacturing Head - PureGlow Soaps,Australia,Australia,Brisbane,FCT027,Brisbane Soap Plant,LN0079,Line-1,2026-07-05 20:00:00,2026-07-05,20,Afternoon,Lemon Bar Soap,1.41,60.0,23.1,Material Shortage,36.9,85,47,1,46,2.73,97.87,55.29,61.5,90.33,54.37,4.27,14.94,3
PureGlow Soaps International (Fictional Dummy Company),Global Manufacturing Head - PureGlow Soaps,Australia,Australia,Brisbane,FCT027,Brisbane Soap Plant,LN0080,Line-2,2026-07-05 20:00:00,2026-07-05,20,Afternoon,Lavender Bar Soap,1.03,60.0,11.2,Power Outage,48.8,62,43,1,42,2.5,97.67,69.35,81.33,85.55,67.96,4.58,26.69,1
PureGlow Soaps International (Fictional Dummy Company),Global Manufacturing Head - PureGlow Soaps,Australia,Australia,Brisbane,FCT027,Brisbane Soap Plant,LN0081,Line-3,2026-07-05 20:00:00,2026-07-05,20,Afternoon,Neem Bar Soap,1.4,60.0,19.3,Changeover/Setup,40.7,84,56,1,55,1.89,98.21,66.67,67.83,98.28,65.47,4.9,25.39,1
PureGlow Soaps International (Fictional Dummy Company),Global Manufacturing Head - PureGlow Soaps,Australia,Australia,Brisbane,FCT027,Brisbane Soap Plant,LN0079,Line-1,2026-07-05 21:00:00,2026-07-05,21,Afternoon,Lemon Bar Soap,1.41,60.0,12.3,Changeover/Setup,47.7,85,67,3,64,4.31,95.52,78.82,79.5,99.62,75.65,6.65,19.57,1
PureGlow Soaps International (Fictional Dummy Company),Global Manufacturing Head - PureGlow Soaps,Australia,Australia,Brisbane,FCT027,Brisbane Soap Plant,LN0080,Line-2,2026-07-05 21:00:00,2026-07-05,21,Afternoon,Lavender Bar Soap,1.03,60.0,25.2,Machine Breakdown,34.8,62,30,1,29,3.04,96.67,48.39,58.0,83.7,46.93,3.27,16.32,2
PureGlow Soaps International (Fictional Dummy Company),Global Manufacturing Head - PureGlow Soaps,Australia,Australia,Brisbane,FCT027,Brisbane Soap Plant,LN0081,Line-3,2026-07-05 21:00:00,2026-07-05,21,Afternoon,Neem Bar Soap,1.4,60.0,22.9,Machine Breakdown,37.1,84,42,1,41,3.45,97.62,50.0,61.83,80.86,48.81,3.63,20.36,3
PureGlow Soaps International (Fictional Dummy Company),Global Manufacturing Head - PureGlow Soaps,Australia,Australia,Brisbane,FCT027,Brisbane Soap Plant,LN0079,Line-1,2026-07-05 22:00:00,2026-07-05,22,Night,Lemon Bar Soap,1.41,60.0,3.1,No Downtime,56.9,85,73,2,71,2.5,97.26,85.88,94.83,90.99,83.92,6.58,21.1,2
PureGlow Soaps International (Fictional Dummy Company),Global Manufacturing Head - PureGlow Soaps,Australia,Australia,Brisbane,FCT027,Brisbane Soap Plant,LN0080,Line-2,2026-07-05 22:00:00,2026-07-05,22,Night,Lavender Bar Soap,1.03,60.0,16.4,Material Shortage,43.6,62,39,1,38,1.47,97.44,62.9,72.67,86.84,61.49,3.57,20.72,3
PureGlow Soaps International (Fictional Dummy Company),Global Manufacturing Head - PureGlow Soaps,Australia,Australia,Brisbane,FCT027,Brisbane Soap Plant,LN0081,Line-3,2026-07-05 22:00:00,2026-07-05,22,Night,Neem Bar Soap,1.4,60.0,0.0,No Downtime,60.0,84,86,3,83,3.27,96.51,102.38,100.0,102.38,98.81,8.04,38.56,2
PureGlow Soaps International (Fictional Dummy Company),Global Manufacturing Head - PureGlow Soaps,Australia,Australia,Brisbane,FCT027,Brisbane Soap Plant,LN0079,Line-1,2026-07-05 23:00:00,2026-07-05,23,Night,Lemon Bar Soap,1.41,60.0,1.2,No Downtime,58.8,85,73,2,71,2.35,97.26,85.88,98.0,88.05,83.92,7.2,23.52,3
PureGlow Soaps International (Fictional Dummy Company),Global Manufacturing Head - PureGlow Soaps,Australia,Australia,Brisbane,FCT027,Brisbane Soap Plant,LN0080,Line-2,2026-07-05 23:00:00,2026-07-05,23,Night,Lavender Bar Soap,1.03,60.0,21.0,Power Outage,39.0,62,41,2,39,4.01,95.12,66.13,65.0,102.07,63.11,4.47,20.39,3
PureGlow Soaps International (Fictional Dummy Company),Global Manufacturing Head - PureGlow Soaps,Australia,Australia,Brisbane,FCT027,Brisbane Soap Plant,LN0081,Line-3,2026-07-05 23:00:00,2026-07-05,23,Night,Neem Bar Soap,1.4,60.0,33.0,Preventive Maintenance,27.0,84,33,1,32,2.06,96.97,39.29,45.0,87.3,38.09,3.39,17.29,2
PureGlow Soaps International (Fictional Dummy Company),Global Manufacturing Head - PureGlow Soaps,Australia,Australia,Brisbane,FCT027,Brisbane Soap Plant,LN0079,Line-1,2026-07-06 00:00:00,2026-07-06,0,Night,Rose Bar Soap,1.41,60.0,15.7,Changeover/Setup,44.3,85,58,0,58,0.84,100.0,68.24,73.83,92.85,68.55,5.64,16.38,2
PureGlow Soaps International (Fictional Dummy Company),Global Manufacturing Head - PureGlow Soaps,Australia,Australia,Brisbane,FCT027,Brisbane Soap Plant,LN0080,Line-2,2026-07-06 00:00:00,2026-07-06,0,Night,Rose Bar Soap,1.03,60.0,3.9,No Downtime,56.1,62,53,2,51,3.89,96.23,85.48,93.5,91.72,82.53,5.72,30.73,3
PureGlow Soaps International (Fictional Dummy Company),Global Manufacturing Head - PureGlow Soaps,Australia,Australia,Brisbane,FCT027,Brisbane Soap Plant,LN0081,Line-3,2026-07-06 00:00:00,2026-07-06,0,Night,Charcoal Bar Soap,1.4,60.0,16.2,Machine Breakdown,43.8,84,50,0,50,0.52,100.0,59.52,73.0,81.54,59.52,5.07,25.75,2
PureGlow Soaps International (Fictional Dummy Company),Global Manufacturing Head - PureGlow Soaps,Australia,Australia,Brisbane,FCT027,Brisbane Soap Plant,LN0079,Line-1,2026-07-06 01:00:00,2026-07-06,1,Night,Rose Bar Soap,1.41,60.0,0.9,No Downtime,59.1,85,74,3,71,3.71,95.95,87.06,98.5,88.8,83.93,7.77,22.18,3
PureGlow Soaps International (Fictional Dummy Company),Global Manufacturing Head - PureGlow Soaps,Australia,Australia,Brisbane,FCT027,Brisbane Soap Plant,LN0080,Line-2,2026-07-06 01:00:00,2026-07-06,1,Night,Rose Bar Soap,1.03,60.0,1.5,No Downtime,58.5,62,50,2,48,3.63,96.0,80.65,97.5,82.98,77.67,4.37,32.92,2
PureGlow Soaps International (Fictional Dummy Company),Global Manufacturing Head - PureGlow Soaps,Australia,Australia,Brisbane,FCT027,Brisbane Soap Plant,LN0081,Line-3,2026-07-06 01:00:00,2026-07-06,1,Night,Charcoal Bar Soap,1.4,60.0,1.7,No Downtime,58.3,84,82,2,80,2.88,97.56,97.62,97.17,100.47,95.24,8.95,37.32,2
PureGlow Soaps International (Fictional Dummy Company),Global Manufacturing Head - PureGlow Soaps,Australia,Australia,Brisbane,FCT027,Brisbane Soap Plant,LN0079,Line-1,2026-07-06 02:00:00,2026-07-06,2,Night,Rose Bar Soap,1.41,60.0,19.2,Machine Breakdown,40.8,85,52,1,51,2.07,98.08,61.18,68.0,90.39,60.29,4.45,16.0,2
PureGlow Soaps International (Fictional Dummy Company),Global Manufacturing Head - PureGlow Soaps,Australia,Australia,Brisbane,FCT027,Brisbane Soap Plant,LN0080,Line-2,2026-07-06 02:00:00,2026-07-06,2,Night,Rose Bar Soap,1.03,60.0,2.6,No Downtime,57.4,62,57,2,55,3.51,96.49,91.94,95.67,96.41,89.0,5.03,28.69,3
PureGlow Soaps International (Fictional Dummy Company),Global Manufacturing Head - PureGlow Soaps,Australia,Australia,Brisbane,FCT027,Brisbane Soap Plant,LN0081,Line-3,2026-07-06 02:00:00,2026-07-06,2,Night,Charcoal Bar Soap,1.4,60.0,11.7,Machine Breakdown,48.3,84,63,1,62,1.2,98.41,75.0,80.5,93.17,73.81,6.34,30.88,1
PureGlow Soaps International (Fictional Dummy Company),Global Manufacturing Head - PureGlow Soaps,Australia,Australia,Brisbane,FCT027,Brisbane Soap Plant,LN0079,Line-1,2026-07-06 03:00:00,2026-07-06,3,Night,Rose Bar Soap,1.41,60.0,37.8,Machine Breakdown,22.2,85,32,2,30,5.67,93.75,37.65,37.0,102.23,35.46,3.32,8.63,1
PureGlow Soaps International (Fictional Dummy Company),Global Manufacturing Head - PureGlow Soaps,Australia,Australia,Brisbane,FCT027,Brisbane Soap Plant,LN0080,Line-2,2026-07-06 03:00:00,2026-07-06,3,Night,Rose Bar Soap,1.03,60.0,39.3,Preventive Maintenance,20.7,62,21,1,20,3.57,95.24,33.87,34.5,98.49,32.36,2.01,11.0,1
PureGlow Soaps International (Fictional Dummy Company),Global Manufacturing Head - PureGlow Soaps,Australia,Australia,Brisbane,FCT027,Brisbane Soap Plant,LN0081,Line-3,2026-07-06 03:00:00,2026-07-06,3,Night,Charcoal Bar Soap,1.4,60.0,30.0,Material Shortage,30.0,84,40,2,38,4.66,95.0,47.62,50.0,95.24,45.24,4.14,17.59,2
PureGlow Soaps International (Fictional Dummy Company),Global Manufacturing Head - PureGlow Soaps,Australia,Australia,Brisbane,FCT027,Brisbane Soap Plant,LN0079,Line-1,2026-07-06 04:00:00,2026-07-06,4,Night,Rose Bar Soap,1.41,60.0,1.1,No Downtime,58.9,85,70,1,69,1.77,98.57,82.35,98.17,84.29,81.56,7.42,22.89,2
PureGlow Soaps International (Fictional Dummy Company),Global Manufacturing Head - PureGlow Soaps,Australia,Australia,Brisbane,FCT027,Brisbane Soap Plant,LN0080,Line-2,2026-07-06 04:00:00,2026-07-06,4,Night,Rose Bar Soap,1.03,60.0,1.0,No Downtime,59.0,62,51,2,49,3.08,96.08,82.26,98.33,83.92,79.28,4.45,31.82,1
PureGlow Soaps International (Fictional Dummy Company),Global Manufacturing Head - PureGlow Soaps,Australia,Australia,Brisbane,FCT027,Brisbane Soap Plant,LN0081,Line-3,2026-07-06 04:00:00,2026-07-06,4,Night,Charcoal Bar Soap,1.4,60.0,18.2,Changeover/Setup,41.8,84,50,1,49,2.11,98.0,59.52,69.67,85.44,58.34,4.85,26.0,2
PureGlow Soaps International (Fictional Dummy Company),Global Manufacturing Head - PureGlow Soaps,Australia,Australia,Brisbane,FCT027,Brisbane Soap Plant,LN0079,Line-1,2026-07-06 05:00:00,2026-07-06,5,Night,Rose Bar Soap,1.41,60.0,3.6,No Downtime,56.4,85,78,2,76,3.01,97.44,91.76,94.0,98.08,89.84,6.64,23.27,3
PureGlow Soaps International (Fictional Dummy Company),Global Manufacturing Head - PureGlow Soaps,Australia,Australia,Brisbane,FCT027,Brisbane Soap Plant,LN0080,Line-2,2026-07-06 05:00:00,2026-07-06,5,Night,Rose Bar Soap,1.03,60.0,11.4,Staff Shortage,48.6,62,44,1,43,2.78,97.73,70.97,81.0,87.9,69.58,4.02,25.09,2
PureGlow Soaps International (Fictional Dummy Company),Global Manufacturing Head - PureGlow Soaps,Australia,Australia,Brisbane,FCT027,Brisbane Soap Plant,LN0081,Line-3,2026-07-06 05:00:00,2026-07-06,5,Night,Charcoal Bar Soap,1.4,60.0,3.8,No Downtime,56.2,84,67,3,64,4.21,95.52,79.76,93.67,85.16,76.2,7.33,31.67,3
PureGlow Soaps International (Fictional Dummy Company),Global Manufacturing Head - PureGlow Soaps,Australia,Australia,Brisbane,FCT027,Brisbane Soap Plant,LN0079,Line-1,2026-07-06 06:00:00,2026-07-06,6,Morning,Rose Bar Soap,1.41,60.0,8.3,Changeover/Setup,51.7,85,71,1,70,1.52,98.59,83.53,86.17,97.4,82.75,7.09,19.21,3
PureGlow Soaps International (Fictional Dummy Company),Global Manufacturing Head - PureGlow Soaps,Australia,Australia,Brisbane,FCT027,Brisbane Soap Plant,LN0080,Line-2,2026-07-06 06:00:00,2026-07-06,6,Morning,Rose Bar Soap,1.03,60.0,1.4,No Downtime,58.6,62,55,1,54,1.41,98.18,88.71,97.67,91.12,87.38,5.49,29.57,2
PureGlow Soaps International (Fictional Dummy Company),Global Manufacturing Head - PureGlow Soaps,Australia,Australia,Brisbane,FCT027,Brisbane Soap Plant,LN0081,Line-3,2026-07-06 06:00:00,2026-07-06,6,Morning,Charcoal Bar Soap,1.4,60.0,1.0,No Downtime,59.0,84,83,2,81,2.69,97.59,98.81,98.33,100.48,96.42,7.93,38.85,2
PureGlow Soaps International (Fictional Dummy Company),Global Manufacturing Head - PureGlow Soaps,Australia,Australia,Brisbane,FCT027,Brisbane Soap Plant,LN0079,Line-1,2026-07-06 07:00:00,2026-07-06,7,Morning,Rose Bar Soap,1.41,60.0,3.4,No Downtime,56.6,85,74,1,73,2.0,98.65,87.06,94.33,92.72,86.28,7.84,22.52,1
PureGlow Soaps International (Fictional Dummy Company),Global Manufacturing Head - PureGlow Soaps,Australia,Australia,Brisbane,FCT027,Brisbane Soap Plant,LN0080,Line-2,2026-07-06 07:00:00,2026-07-06,7,Morning,Rose Bar Soap,1.03,60.0,18.7,Changeover/Setup,41.3,62,40,0,40,0.0,100.0,64.52,68.83,94.03,64.72,3.67,20.82,3
PureGlow Soaps International (Fictional Dummy Company),Global Manufacturing Head - PureGlow Soaps,Australia,Australia,Brisbane,FCT027,Brisbane Soap Plant,LN0081,Line-3,2026-07-06 07:00:00,2026-07-06,7,Morning,Charcoal Bar Soap,1.4,60.0,3.3,No Downtime,56.7,84,66,1,65,2.18,98.48,78.57,94.5,83.14,77.37,6.25,36.44,2
PureGlow Soaps International (Fictional Dummy Company),Global Manufacturing Head - PureGlow Soaps,Australia,Australia,Brisbane,FCT027,Brisbane Soap Plant,LN0079,Line-1,2026-07-06 08:00:00,2026-07-06,8,Morning,Rose Bar Soap,1.41,60.0,0.3,No Downtime,59.7,85,83,2,81,1.83,97.59,97.65,99.5,98.6,95.74,8.25,26.04,3
PureGlow Soaps International (Fictional Dummy Company),Global Manufacturing Head - PureGlow Soaps,Australia,Australia,Brisbane,FCT027,Brisbane Soap Plant,LN0080,Line-2,2026-07-06 08:00:00,2026-07-06,8,Morning,Rose Bar Soap,1.03,60.0,19.3,Changeover/Setup,40.7,62,37,1,36,3.85,97.3,59.68,67.83,88.26,58.25,3.54,21.5,2
PureGlow Soaps International (Fictional Dummy Company),Global Manufacturing Head - PureGlow Soaps,Australia,Australia,Brisbane,FCT027,Brisbane Soap Plant,LN0081,Line-3,2026-07-06 08:00:00,2026-07-06,8,Morning,Charcoal Bar Soap,1.4,60.0,14.4,Changeover/Setup,45.6,84,63,2,61,3.7,96.83,75.0,76.0,98.68,72.62,5.51,26.12,2
PureGlow Soaps International (Fictional Dummy Company),Global Manufacturing Head - PureGlow Soaps,Australia,Australia,Brisbane,FCT027,Brisbane Soap Plant,LN0079,Line-1,2026-07-06 09:00:00,2026-07-06,9,Morning,Rose Bar Soap,1.41,60.0,29.3,Preventive Maintenance,30.7,85,43,3,40,6.24,93.02,50.59,51.17,99.34,47.28,4.42,11.92,3
PureGlow Soaps International (Fictional Dummy Company),Global Manufacturing Head - PureGlow Soaps,Australia,Australia,Brisbane,FCT027,Brisbane Soap Plant,LN0080,Line-2,2026-07-06 09:00:00,2026-07-06,9,Morning,Rose Bar Soap,1.03,60.0,21.9,Preventive Maintenance,38.1,62,34,2,32,4.64,94.12,54.84,63.5,86.64,51.78,3.03,18.13,2
PureGlow Soaps International (Fictional Dummy Company),Global Manufacturing Head - PureGlow Soaps,Australia,Australia,Brisbane,FCT027,Brisbane Soap Plant,LN0081,Line-3,2026-07-06 09:00:00,2026-07-06,9,Morning,Charcoal Bar Soap,1.4,60.0,2.2,No Downtime,57.8,84,78,1,77,1.41,98.72,92.86,96.33,96.39,91.66,7.3,32.3,1
PureGlow Soaps International (Fictional Dummy Company),Global Manufacturing Head - PureGlow Soaps,Australia,Australia,Brisbane,FCT027,Brisbane Soap Plant,LN0079,Line-1,2026-07-06 10:00:00,2026-07-06,10,Morning,Rose Bar Soap,1.41,60.0,13.7,Quality Hold,46.3,85,55,4,51,7.18,92.73,64.71,77.17,84.25,60.29,5.77,17.15,3
PureGlow Soaps International (Fictional Dummy Company),Global Manufacturing Head - PureGlow Soaps,Australia,Australia,Brisbane,FCT027,Brisbane Soap Plant,LN0080,Line-2,2026-07-06 10:00:00,2026-07-06,10,Morning,Rose Bar Soap,1.03,60.0,1.2,No Downtime,58.8,62,60,3,57,5.23,95.0,96.77,98.0,99.07,92.23,5.88,27.4,1
PureGlow Soaps International (Fictional Dummy Company),Global Manufacturing Head - PureGlow Soaps,Australia,Australia,Brisbane,FCT027,Brisbane Soap Plant,LN0081,Line-3,2026-07-06 10:00:00,2026-07-06,10,Morning,Charcoal Bar Soap,1.4,60.0,9.7,Staff Shortage,50.3,84,62,3,59,4.4,95.16,73.81,83.83,88.04,70.23,6.39,30.68,2
PureGlow Soaps International (Fictional Dummy Company),Global Manufacturing Head - PureGlow Soaps,Australia,Australia,Brisbane,FCT027,Brisbane Soap Plant,LN0079,Line-1,2026-07-06 11:00:00,2026-07-06,11,Morning,Rose Bar Soap,1.41,60.0,2.0,No Downtime,58.0,85,74,1,73,1.52,98.65,87.06,96.67,90.49,86.3,7.84,20.86,1
PureGlow Soaps International (Fictional Dummy Company),Global Manufacturing Head - PureGlow Soaps,Australia,Australia,Brisbane,FCT027,Brisbane Soap Plant,LN0080,Line-2,2026-07-06 11:00:00,2026-07-06,11,Morning,Rose Bar Soap,1.03,60.0,8.1,Quality Hold,51.9,62,52,5,47,8.9,90.38,83.87,86.5,97.27,76.04,5.7,27.25,1
PureGlow Soaps International (Fictional Dummy Company),Global Manufacturing Head - PureGlow Soaps,Australia,Australia,Brisbane,FCT027,Brisbane Soap Plant,LN0081,Line-3,2026-07-06 11:00:00,2026-07-06,11,Morning,Charcoal Bar Soap,1.4,60.0,19.5,Changeover/Setup,40.5,84,47,2,45,3.87,95.74,55.95,67.5,82.89,53.57,4.15,22.61,1
PureGlow Soaps International (Fictional Dummy Company),Global Manufacturing Head - PureGlow Soaps,Australia,Australia,Brisbane,FCT027,Brisbane Soap Plant,LN0079,Line-1,2026-07-06 12:00:00,2026-07-06,12,Morning,Rose Bar Soap,1.41,60.0,3.1,No Downtime,56.9,85,69,1,68,1.83,98.55,81.18,94.83,86.0,80.37,6.03,22.93,3
PureGlow Soaps International (Fictional Dummy Company),Global Manufacturing Head - PureGlow Soaps,Australia,Australia,Brisbane,FCT027,Brisbane Soap Plant,LN0080,Line-2,2026-07-06 12:00:00,2026-07-06,12,Morning,Rose Bar Soap,1.03,60.0,28.3,Preventive Maintenance,31.7,62,32,0,32,1.23,100.0,51.61,52.83,98.01,51.78,2.8,15.25,3
PureGlow Soaps International (Fictional Dummy Company),Global Manufacturing Head - PureGlow Soaps,Australia,Australia,Brisbane,FCT027,Brisbane Soap Plant,LN0081,Line-3,2026-07-06 12:00:00,2026-07-06,12,Morning,Charcoal Bar Soap,1.4,60.0,34.1,Material Shortage,25.9,84,32,1,31,2.88,96.88,38.1,43.17,88.25,36.91,3.17,14.7,3
PureGlow Soaps International (Fictional Dummy Company),Global Manufacturing Head - PureGlow Soaps,Australia,Australia,Brisbane,FCT027,Brisbane Soap Plant,LN0079,Line-1,2026-07-06 13:00:00,2026-07-06,13,Morning,Rose Bar Soap,1.41,60.0,0.2,No Downtime,59.8,85,81,3,78,3.52,96.3,95.29,99.67,96.06,92.2,8.35,21.9,3
PureGlow Soaps International (Fictional Dummy Company),Global Manufacturing Head - PureGlow Soaps,Australia,Australia,Brisbane,FCT027,Brisbane Soap Plant,LN0080,Line-2,2026-07-06 13:00:00,2026-07-06,13,Morning,Rose Bar Soap,1.03,60.0,0.5,No Downtime,59.5,62,63,1,62,1.38,98.41,101.61,99.17,102.8,100.33,6.57,31.19,3
PureGlow Soaps International (Fictional Dummy Company),Global Manufacturing Head - PureGlow Soaps,Australia,Australia,Brisbane,FCT027,Brisbane Soap Plant,LN0081,Line-3,2026-07-06 13:00:00,2026-07-06,13,Morning,Charcoal Bar Soap,1.4,60.0,1.6,No Downtime,58.4,84,71,1,70,1.18,98.59,84.52,97.33,86.84,83.33,6.26,36.39,3
PureGlow Soaps International (Fictional Dummy Company),Global Manufacturing Head - PureGlow Soaps,Australia,Australia,Brisbane,FCT027,Brisbane Soap Plant,LN0079,Line-1,2026-07-06 14:00:00,2026-07-06,14,Afternoon,Rose Bar Soap,1.41,60.0,11.0,Power Outage,49.0,85,62,0,62,0.76,100.0,72.94,81.67,89.74,73.29,6.82,21.31,3
PureGlow Soaps International (Fictional Dummy Company),Global Manufacturing Head - PureGlow Soaps,Australia,Australia,Brisbane,FCT027,Brisbane Soap Plant,LN0080,Line-2,2026-07-06 14:00:00,2026-07-06,14,Afternoon,Rose Bar Soap,1.03,60.0,11.7,Power Outage,48.3,62,42,1,41,3.36,97.62,67.74,80.5,84.42,66.34,3.98,25.07,2
PureGlow Soaps International (Fictional Dummy Company),Global Manufacturing Head - PureGlow Soaps,Australia,Australia,Brisbane,FCT027,Brisbane Soap Plant,LN0081,Line-3,2026-07-06 14:00:00,2026-07-06,14,Afternoon,Charcoal Bar Soap,1.4,60.0,1.5,No Downtime,58.5,84,66,1,65,1.32,98.48,78.57,97.5,80.59,77.38,6.53,38.14,3
PureGlow Soaps International (Fictional Dummy Company),Global Manufacturing Head - PureGlow Soaps,Australia,Australia,Brisbane,FCT027,Brisbane Soap Plant,LN0079,Line-1,2026-07-06 15:00:00,2026-07-06,15,Afternoon,Rose Bar Soap,1.41,60.0,23.6,Material Shortage,36.4,85,46,1,45,2.47,97.83,54.12,60.67,89.63,53.2,4.72,13.26,3
PureGlow Soaps International (Fictional Dummy Company),Global Manufacturing Head - PureGlow Soaps,Australia,Australia,Brisbane,FCT027,Brisbane Soap Plant,LN0080,Line-2,2026-07-06 15:00:00,2026-07-06,15,Afternoon,Rose Bar Soap,1.03,60.0,16.6,Changeover/Setup,43.4,62,41,1,40,1.32,97.56,66.13,72.33,91.72,64.72,3.69,22.07,3
PureGlow Soaps International (Fictional Dummy Company),Global Manufacturing Head - PureGlow Soaps,Australia,Australia,Brisbane,FCT027,Brisbane Soap Plant,LN0081,Line-3,2026-07-06 15:00:00,2026-07-06,15,Afternoon,Charcoal Bar Soap,1.4,60.0,19.9,Changeover/Setup,40.1,84,50,1,49,1.8,98.0,59.52,66.83,89.06,58.33,5.26,26.38,2
PureGlow Soaps International (Fictional Dummy Company),Global Manufacturing Head - PureGlow Soaps,Australia,Australia,Brisbane,FCT027,Brisbane Soap Plant,LN0079,Line-1,2026-07-06 16:00:00,2026-07-06,16,Afternoon,Rose Bar Soap,1.41,60.0,3.2,No Downtime,56.8,85,74,4,70,5.48,94.59,87.06,94.67,92.4,82.74,6.78,23.14,1
PureGlow Soaps International (Fictional Dummy Company),Global Manufacturing Head - PureGlow Soaps,Australia,Australia,Brisbane,FCT027,Brisbane Soap Plant,LN0080,Line-2,2026-07-06 16:00:00,2026-07-06,16,Afternoon,Rose Bar Soap,1.03,60.0,1.6,No Downtime,58.4,62,52,1,51,2.57,98.08,83.87,97.33,86.45,82.53,4.53,31.39,3
PureGlow Soaps International (Fictional Dummy Company),Global Manufacturing Head - PureGlow Soaps,Australia,Australia,Brisbane,FCT027,Brisbane Soap Plant,LN0081,Line-3,2026-07-06 16:00:00,2026-07-06,16,Afternoon,Charcoal Bar Soap,1.4,60.0,7.7,Staff Shortage,52.3,84,62,2,60,3.81,96.77,73.81,87.17,84.68,71.43,6.72,34.25,1
PureGlow Soaps International (Fictional Dummy Company),Global Manufacturing Head - PureGlow Soaps,Australia,Australia,Brisbane,FCT027,Brisbane Soap Plant,LN0079,Line-1,2026-07-06 17:00:00,2026-07-06,17,Afternoon,Rose Bar Soap,1.41,60.0,12.4,Material Shortage,47.6,85,58,3,55,5.63,94.83,68.24,79.33,86.42,65.01,4.94,18.55,3
PureGlow Soaps International (Fictional Dummy Company),Global Manufacturing Head - PureGlow Soaps,Australia,Australia,Brisbane,FCT027,Brisbane Soap Plant,LN0080,Line-2,2026-07-06 17:00:00,2026-07-06,17,Afternoon,Rose Bar Soap,1.03,60.0,16.1,Power Outage,43.9,62,37,1,36,2.64,97.3,59.68,73.17,81.83,58.26,3.91,24.35,3
PureGlow Soaps International (Fictional Dummy Company),Global Manufacturing Head - PureGlow Soaps,Australia,Australia,Brisbane,FCT027,Brisbane Soap Plant,LN0081,Line-3,2026-07-06 17:00:00,2026-07-06,17,Afternoon,Charcoal Bar Soap,1.4,60.0,1.2,No Downtime,58.8,84,78,2,76,2.41,97.44,92.86,98.0,94.75,90.48,7.49,36.2,2
PureGlow Soaps International (Fictional Dummy Company),Global Manufacturing Head - PureGlow Soaps,Australia,Australia,Brisbane,FCT027,Brisbane Soap Plant,LN0079,Line-1,2026-07-06 18:00:00,2026-07-06,18,Afternoon,Rose Bar Soap,1.41,60.0,3.2,No Downtime,56.8,85,69,1,68,1.73,98.55,81.18,94.67,86.16,80.38,6.63,21.03,3
PureGlow Soaps International (Fictional Dummy Company),Global Manufacturing Head - PureGlow Soaps,Australia,Australia,Brisbane,FCT027,Brisbane Soap Plant,LN0080,Line-2,2026-07-06 18:00:00,2026-07-06,18,Afternoon,Rose Bar Soap,1.03,60.0,15.8,Changeover/Setup,44.2,62,46,2,44,3.62,95.65,74.19,73.67,101.04,71.2,4.79,24.08,3
PureGlow Soaps International (Fictional Dummy Company),Global Manufacturing Head - PureGlow Soaps,Australia,Australia,Brisbane,FCT027,Brisbane Soap Plant,LN0081,Line-3,2026-07-06 18:00:00,2026-07-06,18,Afternoon,Charcoal Bar Soap,1.4,60.0,12.6,Changeover/Setup,47.4,84,67,1,66,1.7,98.51,79.76,79.0,100.96,78.57,5.98,31.25,2
PureGlow Soaps International (Fictional Dummy Company),Global Manufacturing Head - PureGlow Soaps,Australia,Australia,Brisbane,FCT027,Brisbane Soap Plant,LN0079,Line-1,2026-07-06 19:00:00,2026-07-06,19,Afternoon,Rose Bar Soap,1.41,60.0,22.6,Preventive Maintenance,37.4,85,49,2,47,3.23,95.92,57.65,62.33,92.92,55.55,4.4,15.34,2
PureGlow Soaps International (Fictional Dummy Company),Global Manufacturing Head - PureGlow Soaps,Australia,Australia,Brisbane,FCT027,Brisbane Soap Plant,LN0080,Line-2,2026-07-06 19:00:00,2026-07-06,19,Afternoon,Rose Bar Soap,1.03,60.0,0.8,No Downtime,59.2,62,50,2,48,3.42,96.0,80.65,98.67,82.0,77.67,4.51,29.37,3
PureGlow Soaps International (Fictional Dummy Company),Global Manufacturing Head - PureGlow Soaps,Australia,Australia,Brisbane,FCT027,Brisbane Soap Plant,LN0081,Line-3,2026-07-06 19:00:00,2026-07-06,19,Afternoon,Charcoal Bar Soap,1.4,60.0,26.6,Preventive Maintenance,33.4,84,42,2,40,4.43,95.24,50.0,55.67,89.82,47.62,4.49,21.66,1
PureGlow Soaps International (Fictional Dummy Company),Global Manufacturing Head - PureGlow Soaps,Australia,Australia,Brisbane,FCT027,Brisbane Soap Plant,LN0079,Line-1,2026-07-06 20:00:00,2026-07-06,20,Afternoon,Rose Bar Soap,1.41,60.0,9.6,Quality Hold,50.4,85,64,3,61,4.05,95.31,75.29,84.0,90.06,72.1,6.74,20.27,3
PureGlow Soaps International (Fictional Dummy Company),Global Manufacturing Head - PureGlow Soaps,Australia,Australia,Brisbane,FCT027,Brisbane Soap Plant,LN0080,Line-2,2026-07-06 20:00:00,2026-07-06,20,Afternoon,Rose Bar Soap,1.03,60.0,38.2,Machine Breakdown,21.8,62,20,1,19,2.77,95.0,32.26,36.33,89.07,30.74,1.84,11.51,1
PureGlow Soaps International (Fictional Dummy Company),Global Manufacturing Head - PureGlow Soaps,Australia,Australia,Brisbane,FCT027,Brisbane Soap Plant,LN0081,Line-3,2026-07-06 20:00:00,2026-07-06,20,Afternoon,Charcoal Bar Soap,1.4,60.0,11.3,Changeover/Setup,48.7,84,64,1,63,1.49,98.44,76.19,81.17,93.87,75.01,5.92,29.39,1
PureGlow Soaps International (Fictional Dummy Company),Global Manufacturing Head - PureGlow Soaps,Australia,Australia,Brisbane,FCT027,Brisbane Soap Plant,LN0079,Line-1,2026-07-06 21:00:00,2026-07-06,21,Afternoon,Rose Bar Soap,1.41,60.0,31.0,Material Shortage,29.0,85,41,1,40,3.06,97.56,48.24,48.33,100.27,47.28,3.69,12.26,2
PureGlow Soaps International (Fictional Dummy Company),Global Manufacturing Head - PureGlow Soaps,Australia,Australia,Brisbane,FCT027,Brisbane Soap Plant,LN0080,Line-2,2026-07-06 21:00:00,2026-07-06,21,Afternoon,Rose Bar Soap,1.03,60.0,2.9,No Downtime,57.1,62,54,2,52,4.47,96.3,87.1,95.17,91.82,84.15,4.7,29.59,3
PureGlow Soaps International (Fictional Dummy Company),Global Manufacturing Head - PureGlow Soaps,Australia,Australia,Brisbane,FCT027,Brisbane Soap Plant,LN0081,Line-3,2026-07-06 21:00:00,2026-07-06,21,Afternoon,Charcoal Bar Soap,1.4,60.0,3.9,No Downtime,56.1,84,76,1,75,1.81,98.68,90.48,93.5,96.77,89.29,6.66,31.51,1
PureGlow Soaps International (Fictional Dummy Company),Global Manufacturing Head - PureGlow Soaps,Australia,Australia,Brisbane,FCT027,Brisbane Soap Plant,LN0079,Line-1,2026-07-06 22:00:00,2026-07-06,22,Night,Rose Bar Soap,1.41,60.0,15.6,Preventive Maintenance,44.4,85,60,2,58,2.61,96.67,70.59,74.0,95.84,68.56,6.46,19.21,3
PureGlow Soaps International (Fictional Dummy Company),Global Manufacturing Head - PureGlow Soaps,Australia,Australia,Brisbane,FCT027,Brisbane Soap Plant,LN0080,Line-2,2026-07-06 22:00:00,2026-07-06,22,Night,Rose Bar Soap,1.03,60.0,1.6,No Downtime,58.4,62,50,2,48,4.71,96.0,80.65,97.33,83.12,77.66,5.05,30.09,3
PureGlow Soaps International (Fictional Dummy Company),Global Manufacturing Head - PureGlow Soaps,Australia,Australia,Brisbane,FCT027,Brisbane Soap Plant,LN0081,Line-3,2026-07-06 22:00:00,2026-07-06,22,Night,Charcoal Bar Soap,1.4,60.0,29.9,Material Shortage,30.1,84,39,0,39,1.07,100.0,46.43,50.17,92.55,46.43,4.04,17.4,3
PureGlow Soaps International (Fictional Dummy Company),Global Manufacturing Head - PureGlow Soaps,Australia,Australia,Brisbane,FCT027,Brisbane Soap Plant,LN0079,Line-1,2026-07-06 23:00:00,2026-07-06,23,Night,Rose Bar Soap,1.41,60.0,1.4,No Downtime,58.6,85,68,2,66,2.26,97.06,80.0,97.67,82.3,78.02,5.93,22.79,2
PureGlow Soaps International (Fictional Dummy Company),Global Manufacturing Head - PureGlow Soaps,Australia,Australia,Brisbane,FCT027,Brisbane Soap Plant,LN0080,Line-2,2026-07-06 23:00:00,2026-07-06,23,Night,Rose Bar Soap,1.03,60.0,15.9,Material Shortage,44.1,62,37,1,36,3.36,97.3,59.68,73.5,81.46,58.26,3.51,24.6,1
PureGlow Soaps International (Fictional Dummy Company),Global Manufacturing Head - PureGlow Soaps,Australia,Australia,Brisbane,FCT027,Brisbane Soap Plant,LN0081,Line-3,2026-07-06 23:00:00,2026-07-06,23,Night,Charcoal Bar Soap,1.4,60.0,3.7,No Downtime,56.3,84,66,1,65,1.82,98.48,78.57,93.83,83.74,77.38,6.21,36.04,3
PureGlow Soaps International (Fictional Dummy Company),Global Manufacturing Head - PureGlow Soaps,Australia,Australia,Brisbane,FCT027,Brisbane Soap Plant,LN0079,Line-1,2026-07-07 00:00:00,2026-07-07,0,Night,Charcoal Bar Soap,1.41,60.0,16.5,Preventive Maintenance,43.5,85,58,3,55,4.76,94.83,68.24,72.5,94.56,65.01,5.57,17.37,1
PureGlow Soaps International (Fictional Dummy Company),Global Manufacturing Head - PureGlow Soaps,Australia,Australia,Brisbane,FCT027,Brisbane Soap Plant,LN0080,Line-2,2026-07-07 00:00:00,2026-07-07,0,Night,Aloe Vera Liquid Soap,1.03,60.0,1.8,No Downtime,58.2,62,52,1,51,1.16,98.08,83.87,97.0,86.74,82.52,5.6,32.44,3
PureGlow Soaps International (Fictional Dummy Company),Global Manufacturing Head - PureGlow Soaps,Australia,Australia,Brisbane,FCT027,Brisbane Soap Plant,LN0081,Line-3,2026-07-07 00:00:00,2026-07-07,0,Night,Aloe Vera Liquid Soap,1.4,60.0,1.0,No Downtime,59.0,84,84,3,81,3.0,96.43,100.0,98.33,101.69,96.42,8.29,38.74,3
PureGlow Soaps International (Fictional Dummy Company),Global Manufacturing Head - PureGlow Soaps,Australia,Australia,Brisbane,FCT027,Brisbane Soap Plant,LN0079,Line-1,2026-07-07 01:00:00,2026-07-07,1,Night,Charcoal Bar Soap,1.41,60.0,10.7,Quality Hold,49.3,85,58,5,53,9.17,91.38,68.24,82.17,83.44,62.65,5.05,20.11,2
PureGlow Soaps International (Fictional Dummy Company),Global Manufacturing Head - PureGlow Soaps,Australia,Australia,Brisbane,FCT027,Brisbane Soap Plant,LN0080,Line-2,2026-07-07 01:00:00,2026-07-07,1,Night,Aloe Vera Liquid Soap,1.03,60.0,36.7,Preventive Maintenance,23.3,62,20,0,20,2.39,100.0,32.26,38.83,83.34,32.36,1.77,12.24,3
PureGlow Soaps International (Fictional Dummy Company),Global Manufacturing Head - PureGlow Soaps,Australia,Australia,Brisbane,FCT027,Brisbane Soap Plant,LN0081,Line-3,2026-07-07 01:00:00,2026-07-07,1,Night,Aloe Vera Liquid Soap,1.4,60.0,2.1,No Downtime,57.9,84,79,1,78,1.85,98.73,94.05,96.5,97.46,92.85,8.02,32.14,1
PureGlow Soaps International (Fictional Dummy Company),Global Manufacturing Head - PureGlow Soaps,Australia,Australia,Brisbane,FCT027,Brisbane Soap Plant,LN0079,Line-1,2026-07-07 02:00:00,2026-07-07,2,Night,Charcoal Bar Soap,1.41,60.0,9.2,Power Outage,50.8,85,67,2,65,3.52,97.01,78.82,84.67,93.54,76.83,5.73,18.78,2
PureGlow Soaps International (Fictional Dummy Company),Global Manufacturing Head - PureGlow Soaps,Australia,Australia,Brisbane,FCT027,Brisbane Soap Plant,LN0080,Line-2,2026-07-07 02:00:00,2026-07-07,2,Night,Aloe Vera Liquid Soap,1.03,60.0,15.4,Machine Breakdown,44.6,62,40,1,39,2.68,97.5,64.52,74.33,87.07,63.1,3.63,21.23,2
PureGlow Soaps International (Fictional Dummy Company),Global Manufacturing Head - PureGlow Soaps,Australia,Australia,Brisbane,FCT027,Brisbane Soap Plant,LN0081,Line-3,2026-07-07 02:00:00,2026-07-07,2,Night,Aloe Vera Liquid Soap,1.4,60.0,8.4,Changeover/Setup,51.6,84,63,1,62,1.47,98.41,75.0,86.0,87.21,73.81,6.17,31.15,1
PureGlow Soaps International (Fictional Dummy Company),Global Manufacturing Head - PureGlow Soaps,Australia,Australia,Brisbane,FCT027,Brisbane Soap Plant,LN0079,Line-1,2026-07-07 03:00:00,2026-07-07,3,Night,Charcoal Bar Soap,1.41,60.0,9.5,Power Outage,50.5,85,57,3,54,6.08,94.74,67.06,84.17,80.05,63.83,5.82,21.74,2
PureGlow Soaps International (Fictional Dummy Company),Global Manufacturing Head - PureGlow Soaps,Australia,Australia,Brisbane,FCT027,Brisbane Soap Plant,LN0080,Line-2,2026-07-07 03:00:00,2026-07-07,3,Night,Aloe Vera Liquid Soap,1.03,60.0,22.2,Preventive Maintenance,37.8,62,33,1,32,3.03,96.97,53.23,63.0,84.76,51.78,3.01,19.06,1
PureGlow Soaps International (Fictional Dummy Company),Global Manufacturing Head - PureGlow Soaps,Australia,Australia,Brisbane,FCT027,Brisbane Soap Plant,LN0081,Line-3,2026-07-07 03:00:00,2026-07-07,3,Night,Aloe Vera Liquid Soap,1.4,60.0,0.0,No Downtime,60.0,84,83,1,82,0.99,98.8,98.81,100.0,98.81,97.62,7.84,33.54,2
PureGlow Soaps International (Fictional Dummy Company),Global Manufacturing Head - PureGlow Soaps,Australia,Australia,Brisbane,FCT027,Brisbane Soap Plant,LN0079,Line-1,2026-07-07 04:00:00,2026-07-07,4,Night,Charcoal Bar Soap,1.41,60.0,36.0,Preventive Maintenance,24.0,85,33,2,31,4.62,93.94,38.82,40.0,97.52,36.64,3.33,8.94,3
PureGlow Soaps International (Fictional Dummy Company),Global Manufacturing Head - PureGlow Soaps,Australia,Australia,Brisbane,FCT027,Brisbane Soap Plant,LN0080,Line-2,2026-07-07 04:00:00,2026-07-07,4,Night,Aloe Vera Liquid Soap,1.03,60.0,2.3,No Downtime,57.7,62,48,2,46,3.92,95.83,77.42,96.17,80.77,74.44,4.95,31.76,2
PureGlow Soaps International (Fictional Dummy Company),Global Manufacturing Head - PureGlow Soaps,Australia,Australia,Brisbane,FCT027,Brisbane Soap Plant,LN0081,Line-3,2026-07-07 04:00:00,2026-07-07,4,Night,Aloe Vera Liquid Soap,1.4,60.0,18.3,Material Shortage,41.7,84,55,3,52,4.7,94.55,65.48,69.5,94.21,61.91,5.06,24.66,1
PureGlow Soaps International (Fictional Dummy Company),Global Manufacturing Head - PureGlow Soaps,Australia,Australia,Brisbane,FCT027,Brisbane Soap Plant,LN0079,Line-1,2026-07-07 05:00:00,2026-07-07,5,Night,Charcoal Bar Soap,1.41,60.0,11.8,Quality Hold,48.2,85,61,3,58,5.45,95.08,71.76,80.33,89.76,68.56,6.54,17.85,1
PureGlow Soaps International (Fictional Dummy Company),Global Manufacturing Head - PureGlow Soaps,Australia,Australia,Brisbane,FCT027,Brisbane Soap Plant,LN0080,Line-2,2026-07-07 05:00:00,2026-07-07,5,Night,Aloe Vera Liquid Soap,1.03,60.0,3.4,No Downtime,56.6,62,59,2,57,4.01,96.61,95.16,94.33,101.2,92.23,5.91,28.04,3
PureGlow Soaps International (Fictional Dummy Company),Global Manufacturing Head - PureGlow Soaps,Australia,Australia,Brisbane,FCT027,Brisbane Soap Plant,LN0081,Line-3,2026-07-07 05:00:00,2026-07-07,5,Night,Aloe Vera Liquid Soap,1.4,60.0,2.6,No Downtime,57.4,84,72,2,70,2.28,97.22,85.71,95.67,89.6,83.34,7.83,32.82,3
PureGlow Soaps International (Fictional Dummy Company),Global Manufacturing Head - PureGlow Soaps,Australia,Australia,Brisbane,FCT027,Brisbane Soap Plant,LN0079,Line-1,2026-07-07 06:00:00,2026-07-07,6,Morning,Charcoal Bar Soap,1.41,60.0,16.3,Machine Breakdown,43.7,85,54,2,52,4.0,96.3,63.53,72.83,87.64,61.47,5.57,17.13,1
PureGlow Soaps International (Fictional Dummy Company),Global Manufacturing Head - PureGlow Soaps,Australia,Australia,Brisbane,FCT027,Brisbane Soap Plant,LN0080,Line-2,2026-07-07 06:00:00,2026-07-07,6,Morning,Aloe Vera Liquid Soap,1.03,60.0,31.7,Machine Breakdown,28.3,62,27,0,27,0.56,100.0,43.55,47.17,92.63,43.69,2.95,13.32,1
PureGlow Soaps International (Fictional Dummy Company),Global Manufacturing Head - PureGlow Soaps,Australia,Australia,Brisbane,FCT027,Brisbane Soap Plant,LN0081,Line-3,2026-07-07 06:00:00,2026-07-07,6,Morning,Aloe Vera Liquid Soap,1.4,60.0,2.3,No Downtime,57.7,84,77,3,74,3.33,96.1,91.67,96.17,95.32,88.09,8.25,31.75,2
PureGlow Soaps International (Fictional Dummy Company),Global Manufacturing Head - PureGlow Soaps,Australia,Australia,Brisbane,FCT027,Brisbane Soap Plant,LN0079,Line-1,2026-07-07 07:00:00,2026-07-07,7,Morning,Charcoal Bar Soap,1.41,60.0,1.6,No Downtime,58.4,85,75,1,74,1.53,98.67,88.24,97.33,91.08,87.47,7.99,24.2,2
PureGlow Soaps International (Fictional Dummy Company),Global Manufacturing Head - PureGlow Soaps,Australia,Australia,Brisbane,FCT027,Brisbane Soap Plant,LN0080,Line-2,2026-07-07 07:00:00,2026-07-07,7,Morning,Aloe Vera Liquid Soap,1.03,60.0,8.5,Quality Hold,51.5,62,49,4,45,8.48,91.84,79.03,85.83,92.37,72.81,5.28,26.31,3
PureGlow Soaps International (Fictional Dummy Company),Global Manufacturing Head - PureGlow Soaps,Australia,Australia,Brisbane,FCT027,Brisbane Soap Plant,LN0081,Line-3,2026-07-07 07:00:00,2026-07-07,7,Morning,Aloe Vera Liquid Soap,1.4,60.0,3.7,No Downtime,56.3,84,78,3,75,3.74,96.15,92.86,93.83,98.96,89.28,8.37,32.56,1
PureGlow Soaps International (Fictional Dummy Company),Global Manufacturing Head - PureGlow Soaps,Australia,Australia,Brisbane,FCT027,Brisbane Soap Plant,LN0079,Line-1,2026-07-07 08:00:00,2026-07-07,8,Morning,Charcoal Bar Soap,1.41,60.0,18.2,Preventive Maintenance,41.8,85,56,1,55,1.59,98.21,65.88,69.67,95.02,65.02,5.91,15.75,2
PureGlow Soaps International (Fictional Dummy Company),Global Manufacturing Head - PureGlow Soaps,Australia,Australia,Brisbane,FCT027,Brisbane Soap Plant,LN0080,Line-2,2026-07-07 08:00:00,2026-07-07,8,Morning,Aloe Vera Liquid Soap,1.03,60.0,2.3,No Downtime,57.7,62,53,2,51,3.44,96.23,85.48,96.17,89.18,82.53,5.36,31.34,3
PureGlow Soaps International (Fictional Dummy Company),Global Manufacturing Head - PureGlow Soaps,Australia,Australia,Brisbane,FCT027,Brisbane Soap Plant,LN0081,Line-3,2026-07-07 08:00:00,2026-07-07,8,Morning,Aloe Vera Liquid Soap,1.4,60.0,18.4,Power Outage,41.6,84,57,2,55,3.72,96.49,67.86,69.33,97.87,65.47,5.3,23.37,2
PureGlow Soaps International (Fictional Dummy Company),Global Manufacturing Head - PureGlow Soaps,Australia,Australia,Brisbane,FCT027,Brisbane Soap Plant,LN0079,Line-1,2026-07-07 09:00:00,2026-07-07,9,Morning,Charcoal Bar Soap,1.41,60.0,3.5,No Downtime,56.5,85,65,3,62,4.25,95.38,76.47,94.17,81.59,73.28,7.14,23.87,2
PureGlow Soaps International (Fictional Dummy Company),Global Manufacturing Head - PureGlow Soaps,Australia,Australia,Brisbane,FCT027,Brisbane Soap Plant,LN0080,Line-2,2026-07-07 09:00:00,2026-07-07,9,Morning,Aloe Vera Liquid Soap,1.03,60.0,9.0,Staff Shortage,51.0,62,54,2,52,3.65,96.3,87.1,85.0,102.8,84.15,5.29,23.93,2
PureGlow Soaps International (Fictional Dummy Company),Global Manufacturing Head - PureGlow Soaps,Australia,Australia,Brisbane,FCT027,Brisbane Soap Plant,LN0081,Line-3,2026-07-07 09:00:00,2026-07-07,9,Morning,Aloe Vera Liquid Soap,1.4,60.0,0.9,No Downtime,59.1,84,83,2,81,2.26,97.59,98.81,98.5,100.31,96.42,8.7,38.45,2
PureGlow Soaps International (Fictional Dummy Company),Global Manufacturing Head - PureGlow Soaps,Australia,Australia,Brisbane,FCT027,Brisbane Soap Plant,LN0079,Line-1,2026-07-07 10:00:00,2026-07-07,10,Morning,Charcoal Bar Soap,1.41,60.0,2.6,No Downtime,57.4,85,81,4,77,4.56,95.06,95.29,95.67,100.08,91.02,8.29,21.87,2
PureGlow Soaps International (Fictional Dummy Company),Global Manufacturing Head - PureGlow Soaps,Australia,Australia,Brisbane,FCT027,Brisbane Soap Plant,LN0080,Line-2,2026-07-07 10:00:00,2026-07-07,10,Morning,Aloe Vera Liquid Soap,1.03,60.0,2.1,No Downtime,57.9,62,56,2,54,3.09,96.43,90.32,96.5,93.9,87.38,5.84,29.54,1
PureGlow Soaps International (Fictional Dummy Company),Global Manufacturing Head - PureGlow Soaps,Australia,Australia,Brisbane,FCT027,Brisbane Soap Plant,LN0081,Line-3,2026-07-07 10:00:00,2026-07-07,10,Morning,Aloe Vera Liquid Soap,1.4,60.0,26.0,Machine Breakdown,34.0,84,48,0,48,0.16,100.0,57.14,56.67,100.84,57.15,4.77,22.0,2
PureGlow Soaps International (Fictional Dummy Company),Global Manufacturing Head - PureGlow Soaps,Australia,Australia,Brisbane,FCT027,Brisbane Soap Plant,LN0079,Line-1,2026-07-07 11:00:00,2026-07-07,11,Morning,Charcoal Bar Soap,1.41,60.0,14.7,Machine Breakdown,45.3,85,56,1,55,2.26,98.21,65.88,75.5,87.67,65.01,4.8,19.37,2
PureGlow Soaps International (Fictional Dummy Company),Global Manufacturing Head - PureGlow Soaps,Australia,Australia,Brisbane,FCT027,Brisbane Soap Plant,LN0080,Line-2,2026-07-07 11:00:00,2026-07-07,11,Morning,Aloe Vera Liquid Soap,1.03,60.0,1.4,No Downtime,58.6,62,55,1,54,2.44,98.18,88.71,97.67,91.12,87.38,5.08,28.24,2
PureGlow Soaps International (Fictional Dummy Company),Global Manufacturing Head - PureGlow Soaps,Australia,Australia,Brisbane,FCT027,Brisbane Soap Plant,LN0081,Line-3,2026-07-07 11:00:00,2026-07-07,11,Morning,Aloe Vera Liquid Soap,1.4,60.0,29.1,Machine Breakdown,30.9,84,41,1,40,2.61,97.56,48.81,51.5,94.78,47.62,4.14,18.59,3
PureGlow Soaps International (Fictional Dummy Company),Global Manufacturing Head - PureGlow Soaps,Australia,Australia,Brisbane,FCT027,Brisbane Soap Plant,LN0079,Line-1,2026-07-07 12:00:00,2026-07-07,12,Morning,Charcoal Bar Soap,1.41,60.0,2.3,No Downtime,57.7,85,77,3,74,4.44,96.1,90.59,96.17,94.64,87.47,6.8,23.79,3
PureGlow Soaps International (Fictional Dummy Company),Global Manufacturing Head - PureGlow Soaps,Australia,Australia,Brisbane,FCT027,Brisbane Soap Plant,LN0080,Line-2,2026-07-07 12:00:00,2026-07-07,12,Morning,Aloe Vera Liquid Soap,1.03,60.0,0.3,No Downtime,59.7,62,60,2,58,2.58,96.67,96.77,99.5,97.58,93.86,6.26,28.68,3
PureGlow Soaps International (Fictional Dummy Company),Global Manufacturing Head - PureGlow Soaps,Australia,Australia,Brisbane,FCT027,Brisbane Soap Plant,LN0081,Line-3,2026-07-07 12:00:00,2026-07-07,12,Morning,Aloe Vera Liquid Soap,1.4,60.0,18.3,Preventive Maintenance,41.7,84,59,2,57,4.0,96.61,70.24,69.5,101.06,67.86,5.07,22.64,3
PureGlow Soaps International (Fictional Dummy Company),Global Manufacturing Head - PureGlow Soaps,Australia,Australia,Brisbane,FCT027,Brisbane Soap Plant,LN0079,Line-1,2026-07-07 13:00:00,2026-07-07,13,Morning,Charcoal Bar Soap,1.41,60.0,1.3,No Downtime,58.7,85,82,2,80,1.85,97.56,96.47,97.83,99.07,94.56,8.5,22.42,1
PureGlow Soaps International (Fictional Dummy Company),Global Manufacturing Head - PureGlow Soaps,Australia,Australia,Brisbane,FCT027,Brisbane Soap Plant,LN0080,Line-2,2026-07-07 13:00:00,2026-07-07,13,Morning,Aloe Vera Liquid Soap,1.03,60.0,18.0,Changeover/Setup,42.0,62,36,1,35,2.14,97.22,58.06,70.0,83.22,56.63,3.42,21.1,3
PureGlow Soaps International (Fictional Dummy Company),Global Manufacturing Head - PureGlow Soaps,Australia,Australia,Brisbane,FCT027,Brisbane Soap Plant,LN0081,Line-3,2026-07-07 13:00:00,2026-07-07,13,Morning,Aloe Vera Liquid Soap,1.4,60.0,13.3,Changeover/Setup,46.7,84,58,2,56,3.71,96.55,69.05,77.83,88.71,66.66,5.22,27.81,3
PureGlow Soaps International (Fictional Dummy Company),Global Manufacturing Head - PureGlow Soaps,Australia,Australia,Brisbane,FCT027,Brisbane Soap Plant,LN0079,Line-1,2026-07-07 14:00:00,2026-07-07,14,Afternoon,Charcoal Bar Soap,1.41,60.0,11.8,Changeover/Setup,48.2,85,66,3,63,4.47,95.45,77.65,80.33,97.11,74.46,5.68,20.72,1
PureGlow Soaps International (Fictional Dummy Company),Global Manufacturing Head - PureGlow Soaps,Australia,Australia,Brisbane,FCT027,Brisbane Soap Plant,LN0080,Line-2,2026-07-07 14:00:00,2026-07-07,14,Afternoon,Aloe Vera Liquid Soap,1.03,60.0,0.7,No Downtime,59.3,62,55,1,54,2.05,98.18,88.71,98.83,90.05,87.38,5.01,32.02,1
PureGlow Soaps International (Fictional Dummy Company),Global Manufacturing Head - PureGlow Soaps,Australia,Australia,Brisbane,FCT027,Brisbane Soap Plant,LN0081,Line-3,2026-07-07 14:00:00,2026-07-07,14,Afternoon,Aloe Vera Liquid Soap,1.4,60.0,16.0,Preventive Maintenance,44.0,84,63,2,61,3.63,96.83,75.0,73.33,102.27,72.62,6.53,26.09,2
PureGlow Soaps International (Fictional Dummy Company),Global Manufacturing Head - PureGlow Soaps,Australia,Australia,Brisbane,FCT027,Brisbane Soap Plant,LN0079,Line-1,2026-07-07 15:00:00,2026-07-07,15,Afternoon,Charcoal Bar Soap,1.41,60.0,27.0,Machine Breakdown,33.0,85,42,1,41,2.8,97.62,49.41,55.0,90.26,48.46,3.92,13.68,1
PureGlow Soaps International (Fictional Dummy Company),Global Manufacturing Head - PureGlow Soaps,Australia,Australia,Brisbane,FCT027,Brisbane Soap Plant,LN0080,Line-2,2026-07-07 15:00:00,2026-07-07,15,Afternoon,Aloe Vera Liquid Soap,1.03,60.0,31.2,Material Shortage,28.8,62,28,1,27,3.59,96.43,45.16,48.0,94.39,43.69,2.55,13.72,2
PureGlow Soaps International (Fictional Dummy Company),Global Manufacturing Head - PureGlow Soaps,Australia,Australia,Brisbane,FCT027,Brisbane Soap Plant,LN0081,Line-3,2026-07-07 15:00:00,2026-07-07,15,Afternoon,Aloe Vera Liquid Soap,1.4,60.0,24.8,Preventive Maintenance,35.2,84,49,3,46,6.86,93.88,58.33,58.67,99.43,54.77,4.81,21.34,3
PureGlow Soaps International (Fictional Dummy Company),Global Manufacturing Head - PureGlow Soaps,Australia,Australia,Brisbane,FCT027,Brisbane Soap Plant,LN0079,Line-1,2026-07-07 16:00:00,2026-07-07,16,Afternoon,Charcoal Bar Soap,1.41,60.0,25.1,Material Shortage,34.9,85,51,2,49,3.6,96.08,60.0,58.17,103.64,57.92,4.48,15.08,1
PureGlow Soaps International (Fictional Dummy Company),Global Manufacturing Head - PureGlow Soaps,Australia,Australia,Brisbane,FCT027,Brisbane Soap Plant,LN0080,Line-2,2026-07-07 16:00:00,2026-07-07,16,Afternoon,Aloe Vera Liquid Soap,1.03,60.0,42.1,Machine Breakdown,17.9,62,17,1,16,3.04,94.12,27.42,29.83,92.21,25.89,1.62,9.9,2
PureGlow Soaps International (Fictional Dummy Company),Global Manufacturing Head - PureGlow Soaps,Australia,Australia,Brisbane,FCT027,Brisbane Soap Plant,LN0081,Line-3,2026-07-07 16:00:00,2026-07-07,16,Afternoon,Aloe Vera Liquid Soap,1.4,60.0,2.2,No Downtime,57.8,84,67,2,65,3.15,97.01,79.76,96.33,82.8,77.38,6.8,33.58,3
PureGlow Soaps International (Fictional Dummy Company),Global Manufacturing Head - PureGlow Soaps,Australia,Australia,Brisbane,FCT027,Brisbane Soap Plant,LN0079,Line-1,2026-07-07 17:00:00,2026-07-07,17,Afternoon,Charcoal Bar Soap,1.41,60.0,16.9,Changeover/Setup,43.1,85,54,1,53,1.61,98.15,63.53,71.83,88.86,62.65,5.2,16.45,2
PureGlow Soaps International (Fictional Dummy Company),Global Manufacturing Head - PureGlow Soaps,Australia,Australia,Brisbane,FCT027,Brisbane Soap Plant,LN0080,Line-2,2026-07-07 17:00:00,2026-07-07,17,Afternoon,Aloe Vera Liquid Soap,1.03,60.0,15.7,Power Outage,44.3,62,42,1,41,3.06,97.62,67.74,73.83,92.05,66.34,4.41,21.36,1
PureGlow Soaps International (Fictional Dummy Company),Global Manufacturing Head - PureGlow Soaps,Australia,Australia,Brisbane,FCT027,Brisbane Soap Plant,LN0081,Line-3,2026-07-07 17:00:00,2026-07-07,17,Afternoon,Aloe Vera Liquid Soap,1.4,60.0,13.3,Material Shortage,46.7,84,59,4,55,5.95,93.22,70.24,77.83,90.24,65.47,5.39,29.27,3
PureGlow Soaps International (Fictional Dummy Company),Global Manufacturing Head - PureGlow Soaps,Australia,Australia,Brisbane,FCT027,Brisbane Soap Plant,LN0079,Line-1,2026-07-07 18:00:00,2026-07-07,18,Afternoon,Charcoal Bar Soap,1.41,60.0,19.4,Machine Breakdown,40.6,85,57,2,55,3.96,96.49,67.06,67.67,99.57,65.01,5.14,16.59,2
PureGlow Soaps International (Fictional Dummy Company),Global Manufacturing Head - PureGlow Soaps,Australia,Australia,Brisbane,FCT027,Brisbane Soap Plant,LN0080,Line-2,2026-07-07 18:00:00,2026-07-07,18,Afternoon,Aloe Vera Liquid Soap,1.03,60.0,35.5,Preventive Maintenance,24.5,62,20,1,19,2.73,95.0,32.26,40.83,79.26,30.74,1.81,12.73,1
PureGlow Soaps International (Fictional Dummy Company),Global Manufacturing Head - PureGlow Soaps,Australia,Australia,Brisbane,FCT027,Brisbane Soap Plant,LN0081,Line-3,2026-07-07 18:00:00,2026-07-07,18,Afternoon,Aloe Vera Liquid Soap,1.4,60.0,43.6,Machine Breakdown,16.4,84,24,1,23,2.96,95.83,28.57,27.33,104.53,27.38,2.58,9.23,2
PureGlow Soaps International (Fictional Dummy Company),Global Manufacturing Head - PureGlow Soaps,Australia,Australia,Brisbane,FCT027,Brisbane Soap Plant,LN0079,Line-1,2026-07-07 19:00:00,2026-07-07,19,Afternoon,Charcoal Bar Soap,1.41,60.0,3.0,No Downtime,57.0,85,73,2,71,2.22,97.26,85.88,95.0,90.83,83.92,7.33,23.32,1
PureGlow Soaps International (Fictional Dummy Company),Global Manufacturing Head - PureGlow Soaps,Australia,Australia,Brisbane,FCT027,Brisbane Soap Plant,LN0080,Line-2,2026-07-07 19:00:00,2026-07-07,19,Afternoon,Aloe Vera Liquid Soap,1.03,60.0,40.0,Machine Breakdown,20.0,62,21,1,20,4.38,95.24,33.87,33.33,101.94,32.36,1.79,10.41,3
PureGlow Soaps International (Fictional Dummy Company),Global Manufacturing Head - PureGlow Soaps,Australia,Australia,Brisbane,FCT027,Brisbane Soap Plant,LN0081,Line-3,2026-07-07 19:00:00,2026-07-07,19,Afternoon,Aloe Vera Liquid Soap,1.4,60.0,10.2,Changeover/Setup,49.8,84,58,3,55,5.21,94.83,69.05,83.0,83.19,65.48,5.4,30.91,2
PureGlow Soaps International (Fictional Dummy Company),Global Manufacturing Head - PureGlow Soaps,Australia,Australia,Brisbane,FCT027,Brisbane Soap Plant,LN0079,Line-1,2026-07-07 20:00:00,2026-07-07,20,Afternoon,Charcoal Bar Soap,1.41,60.0,2.0,No Downtime,58.0,85,82,3,79,3.51,96.34,96.47,96.67,100.27,93.38,7.26,20.81,1
PureGlow Soaps International (Fictional Dummy Company),Global Manufacturing Head - PureGlow Soaps,Australia,Australia,Brisbane,FCT027,Brisbane Soap Plant,LN0080,Line-2,2026-07-07 20:00:00,2026-07-07,20,Afternoon,Aloe Vera Liquid Soap,1.03,60.0,29.8,Material Shortage,30.2,62,25,1,24,5.43,96.0,40.32,50.33,80.37,38.83,2.43,15.53,3
PureGlow Soaps International (Fictional Dummy Company),Global Manufacturing Head - PureGlow Soaps,Australia,Australia,Brisbane,FCT027,Brisbane Soap Plant,LN0081,Line-3,2026-07-07 20:00:00,2026-07-07,20,Afternoon,Aloe Vera Liquid Soap,1.4,60.0,2.5,No Downtime,57.5,84,65,2,63,3.57,96.92,77.38,95.83,80.75,75.0,6.76,36.56,2
PureGlow Soaps International (Fictional Dummy Company),Global Manufacturing Head - PureGlow Soaps,Australia,Australia,Brisbane,FCT027,Brisbane Soap Plant,LN0079,Line-1,2026-07-07 21:00:00,2026-07-07,21,Afternoon,Charcoal Bar Soap,1.41,60.0,14.9,Material Shortage,45.1,85,59,1,58,1.98,98.31,69.41,75.17,92.78,68.56,5.81,16.39,2
PureGlow Soaps International (Fictional Dummy Company),Global Manufacturing Head - PureGlow Soaps,Australia,Australia,Brisbane,FCT027,Brisbane Soap Plant,LN0080,Line-2,2026-07-07 21:00:00,2026-07-07,21,Afternoon,Aloe Vera Liquid Soap,1.03,60.0,2.0,No Downtime,58.0,62,61,3,58,4.31,95.08,98.39,96.67,102.11,93.85,6.28,30.44,2
PureGlow Soaps International (Fictional Dummy Company),Global Manufacturing Head - PureGlow Soaps,Australia,Australia,Brisbane,FCT027,Brisbane Soap Plant,LN0081,Line-3,2026-07-07 21:00:00,2026-07-07,21,Afternoon,Aloe Vera Liquid Soap,1.4,60.0,43.7,Machine Breakdown,16.3,84,20,1,19,4.93,95.0,23.81,27.17,87.64,22.62,2.13,9.44,3
PureGlow Soaps International (Fictional Dummy Company),Global Manufacturing Head - PureGlow Soaps,Australia,Australia,Brisbane,FCT027,Brisbane Soap Plant,LN0079,Line-1,2026-07-07 22:00:00,2026-07-07,22,Night,Charcoal Bar Soap,1.41,60.0,36.9,Preventive Maintenance,23.1,85,31,0,31,0.89,100.0,36.47,38.5,95.18,36.64,3.24,9.58,3
PureGlow Soaps International (Fictional Dummy Company),Global Manufacturing Head - PureGlow Soaps,Australia,Australia,Brisbane,FCT027,Brisbane Soap Plant,LN0080,Line-2,2026-07-07 22:00:00,2026-07-07,22,Night,Aloe Vera Liquid Soap,1.03,60.0,41.2,Machine Breakdown,18.8,62,17,1,16,3.23,94.12,27.42,31.33,87.79,25.89,1.71,9.41,1
PureGlow Soaps International (Fictional Dummy Company),Global Manufacturing Head - PureGlow Soaps,Australia,Australia,Brisbane,FCT027,Brisbane Soap Plant,LN0081,Line-3,2026-07-07 22:00:00,2026-07-07,22,Night,Aloe Vera Liquid Soap,1.4,60.0,16.9,Changeover/Setup,43.1,84,59,1,58,2.45,98.31,70.24,71.83,97.78,69.05,5.33,26.14,2
PureGlow Soaps International (Fictional Dummy Company),Global Manufacturing Head - PureGlow Soaps,Australia,Australia,Brisbane,FCT027,Brisbane Soap Plant,LN0079,Line-1,2026-07-07 23:00:00,2026-07-07,23,Night,Charcoal Bar Soap,1.41,60.0,13.4,Changeover/Setup,46.6,85,63,2,61,3.44,96.83,74.12,77.67,95.88,72.11,6.59,18.07,1
PureGlow Soaps International (Fictional Dummy Company),Global Manufacturing Head - PureGlow Soaps,Australia,Australia,Brisbane,FCT027,Brisbane Soap Plant,LN0080,Line-2,2026-07-07 23:00:00,2026-07-07,23,Night,Aloe Vera Liquid Soap,1.03,60.0,39.4,Machine Breakdown,20.6,62,20,0,20,2.43,100.0,32.26,34.33,94.26,32.36,2.16,9.74,1
PureGlow Soaps International (Fictional Dummy Company),Global Manufacturing Head - PureGlow Soaps,Australia,Australia,Brisbane,FCT027,Brisbane Soap Plant,LN0081,Line-3,2026-07-07 23:00:00,2026-07-07,23,Night,Aloe Vera Liquid Soap,1.4,60.0,6.3,Changeover/Setup,53.7,84,68,2,66,2.94,97.06,80.95,89.5,90.45,78.57,7.01,35.31,1
PureGlow Soaps International (Fictional Dummy Company),Global Manufacturing Head - PureGlow Soaps,Australia,Australia,Brisbane,FCT027,Brisbane Soap Plant,LN0079,Line-1,2026-07-08 00:00:00,2026-07-08,0,Night,Neem Bar Soap,1.41,60.0,0.4,No Downtime,59.6,85,76,2,74,2.53,97.37,89.41,99.33,90.44,87.47,7.03,21.7,1
PureGlow Soaps International (Fictional Dummy Company),Global Manufacturing Head - PureGlow Soaps,Australia,Australia,Brisbane,FCT027,Brisbane Soap Plant,LN0080,Line-2,2026-07-08 00:00:00,2026-07-08,0,Night,Sandalwood Bar Soap,1.03,60.0,19.9,Changeover/Setup,40.1,62,41,1,40,3.38,97.56,66.13,66.83,99.27,64.72,4.1,20.93,2
PureGlow Soaps International (Fictional Dummy Company),Global Manufacturing Head - PureGlow Soaps,Australia,Australia,Brisbane,FCT027,Brisbane Soap Plant,LN0081,Line-3,2026-07-08 00:00:00,2026-07-08,0,Night,Rose Bar Soap,1.4,60.0,23.3,Power Outage,36.7,84,49,2,47,3.28,95.92,58.33,61.17,95.37,55.96,4.98,20.05,1
PureGlow Soaps International (Fictional Dummy Company),Global Manufacturing Head - PureGlow Soaps,Australia,Australia,Brisbane,FCT027,Brisbane Soap Plant,LN0079,Line-1,2026-07-08 01:00:00,2026-07-08,1,Night,Neem Bar Soap,1.41,60.0,34.1,Machine Breakdown,25.9,85,35,1,34,2.16,97.14,41.18,43.17,95.84,40.19,3.61,10.49,3
PureGlow Soaps International (Fictional Dummy Company),Global Manufacturing Head - PureGlow Soaps,Australia,Australia,Brisbane,FCT027,Brisbane Soap Plant,LN0080,Line-2,2026-07-08 01:00:00,2026-07-08,1,Night,Sandalwood Bar Soap,1.03,60.0,0.1,No Downtime,59.9,62,54,1,53,1.6,98.15,87.1,99.83,87.52,85.75,5.11,33.23,1
PureGlow Soaps International (Fictional Dummy Company),Global Manufacturing Head - PureGlow Soaps,Australia,Australia,Brisbane,FCT027,Brisbane Soap Plant,LN0081,Line-3,2026-07-08 01:00:00,2026-07-08,1,Night,Rose Bar Soap,1.4,60.0,1.3,No Downtime,58.7,84,70,1,69,1.73,98.57,83.33,97.83,85.18,82.14,7.06,37.01,1
PureGlow Soaps International (Fictional Dummy Company),Global Manufacturing Head - PureGlow Soaps,Australia,Australia,Brisbane,FCT027,Brisbane Soap Plant,LN0079,Line-1,2026-07-08 02:00:00,2026-07-08,2,Night,Neem Bar Soap,1.41,60.0,0.1,No Downtime,59.9,85,69,2,67,3.62,97.1,81.18,99.83,81.7,79.2,7.27,24.53,2
PureGlow Soaps International (Fictional Dummy Company),Global Manufacturing Head - PureGlow Soaps,Australia,Australia,Brisbane,FCT027,Brisbane Soap Plant,LN0080,Line-2,2026-07-08 02:00:00,2026-07-08,2,Night,Sandalwood Bar Soap,1.03,60.0,1.2,No Downtime,58.8,62,52,2,50,3.67,96.15,83.87,98.0,85.86,80.9,4.87,30.36,1
PureGlow Soaps International (Fictional Dummy Company),Global Manufacturing Head - PureGlow Soaps,Australia,Australia,Brisbane,FCT027,Brisbane Soap Plant,LN0081,Line-3,2026-07-08 02:00:00,2026-07-08,2,Night,Rose Bar Soap,1.4,60.0,27.6,Machine Breakdown,32.4,84,44,1,43,2.44,97.73,52.38,54.0,97.0,51.19,4.13,19.08,2
PureGlow Soaps International (Fictional Dummy Company),Global Manufacturing Head - PureGlow Soaps,Australia,Australia,Brisbane,FCT027,Brisbane Soap Plant,LN0079,Line-1,2026-07-08 03:00:00,2026-07-08,3,Night,Neem Bar Soap,1.41,60.0,0.0,No Downtime,60.0,85,73,2,71,2.91,97.26,85.88,100.0,86.29,83.93,7.36,23.74,3
PureGlow Soaps International (Fictional Dummy Company),Global Manufacturing Head - PureGlow Soaps,Australia,Australia,Brisbane,FCT027,Brisbane Soap Plant,LN0080,Line-2,2026-07-08 03:00:00,2026-07-08,3,Night,Sandalwood Bar Soap,1.03,60.0,1.2,No Downtime,58.8,62,61,1,60,1.24,98.36,98.39,98.0,100.72,97.09,6.32,31.91,2
PureGlow Soaps International (Fictional Dummy Company),Global Manufacturing Head - PureGlow Soaps,Australia,Australia,Brisbane,FCT027,Brisbane Soap Plant,LN0081,Line-3,2026-07-08 03:00:00,2026-07-08,3,Night,Rose Bar Soap,1.4,60.0,26.5,Material Shortage,33.5,84,41,1,40,2.92,97.56,48.81,55.83,87.42,47.62,4.3,20.49,1
PureGlow Soaps International (Fictional Dummy Company),Global Manufacturing Head - PureGlow Soaps,Australia,Australia,Brisbane,FCT027,Brisbane Soap Plant,LN0079,Line-1,2026-07-08 04:00:00,2026-07-08,4,Night,Neem Bar Soap,1.41,60.0,3.9,No Downtime,56.1,85,70,2,68,2.87,97.14,82.35,93.5,88.49,80.37,6.95,20.14,3
PureGlow Soaps International (Fictional Dummy Company),Global Manufacturing Head - PureGlow Soaps,Australia,Australia,Brisbane,FCT027,Brisbane Soap Plant,LN0080,Line-2,2026-07-08 04:00:00,2026-07-08,4,Night,Sandalwood Bar Soap,1.03,60.0,2.3,No Downtime,57.7,62,57,2,55,4.37,96.49,91.94,96.17,95.91,89.0,5.35,29.46,1
PureGlow Soaps International (Fictional Dummy Company),Global Manufacturing Head - PureGlow Soaps,Australia,Australia,Brisbane,FCT027,Brisbane Soap Plant,LN0081,Line-3,2026-07-08 04:00:00,2026-07-08,4,Night,Rose Bar Soap,1.4,60.0,7.3,Changeover/Setup,52.7,84,72,1,71,1.53,98.61,85.71,87.83,97.59,84.52,6.48,34.8,3
PureGlow Soaps International (Fictional Dummy Company),Global Manufacturing Head - PureGlow Soaps,Australia,Australia,Brisbane,FCT027,Brisbane Soap Plant,LN0079,Line-1,2026-07-08 05:00:00,2026-07-08,5,Night,Neem Bar Soap,1.41,60.0,3.8,No Downtime,56.2,85,74,3,71,4.6,95.95,87.06,93.67,93.38,83.93,6.88,20.93,1
PureGlow Soaps International (Fictional Dummy Company),Global Manufacturing Head - PureGlow Soaps,Australia,Australia,Brisbane,FCT027,Brisbane Soap Plant,LN0080,Line-2,2026-07-08 05:00:00,2026-07-08,5,Night,Sandalwood Bar Soap,1.03,60.0,25.6,Material Shortage,34.4,62,33,1,32,3.06,96.97,53.23,57.33,93.14,51.78,3.1,18.62,3
PureGlow Soaps International (Fictional Dummy Company),Global Manufacturing Head - PureGlow Soaps,Australia,Australia,Brisbane,FCT027,Brisbane Soap Plant,LN0081,Line-3,2026-07-08 05:00:00,2026-07-08,5,Night,Rose Bar Soap,1.4,60.0,12.5,Changeover/Setup,47.5,84,63,3,60,5.25,95.24,75.0,79.17,94.74,71.44,6.8,29.32,1
PureGlow Soaps International (Fictional Dummy Company),Global Manufacturing Head - PureGlow Soaps,Australia,Australia,Brisbane,FCT027,Brisbane Soap Plant,LN0079,Line-1,2026-07-08 06:00:00,2026-07-08,6,Morning,Neem Bar Soap,1.41,60.0,16.5,Changeover/Setup,43.5,85,63,3,60,4.04,95.24,74.12,72.5,102.71,70.92,6.12,17.56,2
PureGlow Soaps International (Fictional Dummy Company),Global Manufacturing Head - PureGlow Soaps,Australia,Australia,Brisbane,FCT027,Brisbane Soap Plant,LN0080,Line-2,2026-07-08 06:00:00,2026-07-08,6,Morning,Sandalwood Bar Soap,1.03,60.0,2.5,No Downtime,57.5,62,54,1,53,2.4,98.15,87.1,95.83,91.18,85.76,5.16,32.3,3
PureGlow Soaps International (Fictional Dummy Company),Global Manufacturing Head - PureGlow Soaps,Australia,Australia,Brisbane,FCT027,Brisbane Soap Plant,LN0081,Line-3,2026-07-08 06:00:00,2026-07-08,6,Morning,Rose Bar Soap,1.4,60.0,3.1,No Downtime,56.9,84,75,3,72,3.69,96.0,89.29,94.83,94.15,85.71,7.92,35.92,1
PureGlow Soaps International (Fictional Dummy Company),Global Manufacturing Head - PureGlow Soaps,Australia,Australia,Brisbane,FCT027,Brisbane Soap Plant,LN0079,Line-1,2026-07-08 07:00:00,2026-07-08,7,Morning,Neem Bar Soap,1.41,60.0,3.0,No Downtime,57.0,85,75,3,72,3.4,96.0,88.24,95.0,93.32,85.11,7.13,21.14,3
PureGlow Soaps International (Fictional Dummy Company),Global Manufacturing Head - PureGlow Soaps,Australia,Australia,Brisbane,FCT027,Brisbane Soap Plant,LN0080,Line-2,2026-07-08 07:00:00,2026-07-08,7,Morning,Sandalwood Bar Soap,1.03,60.0,18.7,Changeover/Setup,41.3,62,41,1,40,3.43,97.56,66.13,68.83,96.38,64.72,3.79,19.49,2
PureGlow Soaps International (Fictional Dummy Company),Global Manufacturing Head - PureGlow Soaps,Australia,Australia,Brisbane,FCT027,Brisbane Soap Plant,LN0081,Line-3,2026-07-08 07:00:00,2026-07-08,7,Morning,Rose Bar Soap,1.4,60.0,3.8,No Downtime,56.2,84,69,3,66,4.58,95.65,82.14,93.67,87.7,78.58,7.07,34.34,1
PureGlow Soaps International (Fictional Dummy Company),Global Manufacturing Head - PureGlow Soaps,Australia,Australia,Brisbane,FCT027,Brisbane Soap Plant,LN0079,Line-1,2026-07-08 08:00:00,2026-07-08,8,Morning,Neem Bar Soap,1.41,60.0,0.3,No Downtime,59.7,85,69,3,66,4.45,95.65,81.18,99.5,81.97,78.01,7.01,25.6,3
PureGlow Soaps International (Fictional Dummy Company),Global Manufacturing Head - PureGlow Soaps,Australia,Australia,Brisbane,FCT027,Brisbane Soap Plant,LN0080,Line-2,2026-07-08 08:00:00,2026-07-08,8,Morning,Sandalwood Bar Soap,1.03,60.0,23.9,Material Shortage,36.1,62,31,1,30,4.24,96.77,50.0,60.17,83.37,48.54,3.24,17.27,1
PureGlow Soaps International (Fictional Dummy Company),Global Manufacturing Head - PureGlow Soaps,Australia,Australia,Brisbane,FCT027,Brisbane Soap Plant,LN0081,Line-3,2026-07-08 08:00:00,2026-07-08,8,Morning,Rose Bar Soap,1.4,60.0,6.6,Changeover/Setup,53.4,84,70,2,68,2.53,97.14,83.33,89.0,93.63,80.95,7.19,34.37,2
PureGlow Soaps International (Fictional Dummy Company),Global Manufacturing Head - PureGlow Soaps,Australia,Australia,Brisbane,FCT027,Brisbane Soap Plant,LN0079,Line-1,2026-07-08 09:00:00,2026-07-08,9,Morning,Neem Bar Soap,1.41,60.0,3.2,No Downtime,56.8,85,80,1,79,1.62,98.75,94.12,94.67,99.89,93.38,8.6,23.64,2
PureGlow Soaps International (Fictional Dummy Company),Global Manufacturing Head - PureGlow Soaps,Australia,Australia,Brisbane,FCT027,Brisbane Soap Plant,LN0080,Line-2,2026-07-08 09:00:00,2026-07-08,9,Morning,Sandalwood Bar Soap,1.03,60.0,24.8,Machine Breakdown,35.2,62,29,1,28,3.38,96.55,46.77,58.67,79.99,45.31,2.78,19.05,1
PureGlow Soaps International (Fictional Dummy Company),Global Manufacturing Head - PureGlow Soaps,Australia,Australia,Brisbane,FCT027,Brisbane Soap Plant,LN0081,Line-3,2026-07-08 09:00:00,2026-07-08,9,Morning,Rose Bar Soap,1.4,60.0,3.0,No Downtime,57.0,84,70,1,69,1.85,98.57,83.33,95.0,87.72,82.14,7.41,35.76,3
PureGlow Soaps International (Fictional Dummy Company),Global Manufacturing Head - PureGlow Soaps,Australia,Australia,Brisbane,FCT027,Brisbane Soap Plant,LN0079,Line-1,2026-07-08 10:00:00,2026-07-08,10,Morning,Neem Bar Soap,1.41,60.0,15.5,Preventive Maintenance,44.5,85,63,1,62,2.11,98.41,74.12,74.17,100.41,73.29,5.45,18.09,2
PureGlow Soaps International (Fictional Dummy Company),Global Manufacturing Head - PureGlow Soaps,Australia,Australia,Brisbane,FCT027,Brisbane Soap Plant,LN0080,Line-2,2026-07-08 10:00:00,2026-07-08,10,Morning,Sandalwood Bar Soap,1.03,60.0,3.8,No Downtime,56.2,62,48,1,47,2.42,97.92,77.42,93.67,82.92,76.06,5.23,26.13,3
PureGlow Soaps International (Fictional Dummy Company),Global Manufacturing Head - PureGlow Soaps,Australia,Australia,Brisbane,FCT027,Brisbane Soap Plant,LN0081,Line-3,2026-07-08 10:00:00,2026-07-08,10,Morning,Rose Bar Soap,1.4,60.0,3.2,No Downtime,56.8,84,69,3,66,4.6,95.65,82.14,94.67,86.77,78.57,6.8,36.21,1
PureGlow Soaps International (Fictional Dummy Company),Global Manufacturing Head - PureGlow Soaps,Australia,Australia,Brisbane,FCT027,Brisbane Soap Plant,LN0079,Line-1,2026-07-08 11:00:00,2026-07-08,11,Morning,Neem Bar Soap,1.41,60.0,8.4,Changeover/Setup,51.6,85,62,2,60,2.56,96.77,72.94,86.0,85.22,70.92,6.02,20.4,3
PureGlow Soaps International (Fictional Dummy Company),Global Manufacturing Head - PureGlow Soaps,Australia,Australia,Brisbane,FCT027,Brisbane Soap Plant,LN0080,Line-2,2026-07-08 11:00:00,2026-07-08,11,Morning,Sandalwood Bar Soap,1.03,60.0,4.0,No Downtime,56.0,62,59,1,58,2.49,98.31,95.16,93.33,102.29,93.85,5.46,28.57,1
PureGlow Soaps International (Fictional Dummy Company),Global Manufacturing Head - PureGlow Soaps,Australia,Australia,Brisbane,FCT027,Brisbane Soap Plant,LN0081,Line-3,2026-07-08 11:00:00,2026-07-08,11,Morning,Rose Bar Soap,1.4,60.0,19.2,Machine Breakdown,40.8,84,54,1,53,2.23,98.15,64.29,68.0,94.54,63.1,5.38,26.94,1
PureGlow Soaps International (Fictional Dummy Company),Global Manufacturing Head - PureGlow Soaps,Australia,Australia,Brisbane,FCT027,Brisbane Soap Plant,LN0079,Line-1,2026-07-08 12:00:00,2026-07-08,12,Morning,Neem Bar Soap,1.41,60.0,3.7,No Downtime,56.3,85,70,2,68,3.36,97.14,82.35,93.83,88.18,80.37,7.07,21.6,1
PureGlow Soaps International (Fictional Dummy Company),Global Manufacturing Head - PureGlow Soaps,Australia,Australia,Brisbane,FCT027,Brisbane Soap Plant,LN0080,Line-2,2026-07-08 12:00:00,2026-07-08,12,Morning,Sandalwood Bar Soap,1.03,60.0,12.1,Machine Breakdown,47.9,62,44,2,42,4.47,95.45,70.97,79.83,89.18,67.95,4.13,24.04,1
PureGlow Soaps International (Fictional Dummy Company),Global Manufacturing Head - PureGlow Soaps,Australia,Australia,Brisbane,FCT027,Brisbane Soap Plant,LN0081,Line-3,2026-07-08 12:00:00,2026-07-08,12,Morning,Rose Bar Soap,1.4,60.0,0.4,No Downtime,59.6,84,69,1,68,2.05,98.55,82.14,99.33,82.69,80.95,6.21,34.18,2
PureGlow Soaps International (Fictional Dummy Company),Global Manufacturing Head - PureGlow Soaps,Australia,Australia,Brisbane,FCT027,Brisbane Soap Plant,LN0079,Line-1,2026-07-08 13:00:00,2026-07-08,13,Morning,Neem Bar Soap,1.41,60.0,17.9,Preventive Maintenance,42.1,85,60,1,59,1.77,98.33,70.59,70.17,101.08,69.74,5.58,18.33,1
PureGlow Soaps International (Fictional Dummy Company),Global Manufacturing Head - PureGlow Soaps,Australia,Australia,Brisbane,FCT027,Brisbane Soap Plant,LN0080,Line-2,2026-07-08 13:00:00,2026-07-08,13,Morning,Sandalwood Bar Soap,1.03,60.0,8.0,Quality Hold,52.0,62,44,4,40,8.37,90.91,70.97,86.67,82.15,64.73,4.42,27.73,2
PureGlow Soaps International (Fictional Dummy Company),Global Manufacturing Head - PureGlow Soaps,Australia,Australia,Brisbane,FCT027,Brisbane Soap Plant,LN0081,Line-3,2026-07-08 13:00:00,2026-07-08,13,Morning,Rose Bar Soap,1.4,60.0,32.5,Machine Breakdown,27.5,84,34,1,33,3.92,97.06,40.48,45.83,88.31,39.28,3.16,17.05,3
PureGlow Soaps International (Fictional Dummy Company),Global Manufacturing Head - PureGlow Soaps,Australia,Australia,Brisbane,FCT027,Brisbane Soap Plant,LN0079,Line-1,2026-07-08 14:00:00,2026-07-08,14,Afternoon,Neem Bar Soap,1.41,60.0,4.0,No Downtime,56.0,85,76,2,74,3.17,97.37,89.41,93.33,96.25,87.47,6.66,21.01,1
PureGlow Soaps International (Fictional Dummy Company),Global Manufacturing Head - PureGlow Soaps,Australia,Australia,Brisbane,FCT027,Brisbane Soap Plant,LN0080,Line-2,2026-07-08 14:00:00,2026-07-08,14,Afternoon,Sandalwood Bar Soap,1.03,60.0,38.1,Machine Breakdown,21.9,62,21,0,21,0.0,100.0,33.87,36.5,93.1,33.98,1.95,12.11,2
PureGlow Soaps International (Fictional Dummy Company),Global Manufacturing Head - PureGlow Soaps,Australia,Australia,Brisbane,FCT027,Brisbane Soap Plant,LN0081,Line-3,2026-07-08 14:00:00,2026-07-08,14,Afternoon,Rose Bar Soap,1.4,60.0,12.5,Changeover/Setup,47.5,84,58,3,55,4.55,94.83,69.05,79.17,87.22,65.48,5.08,26.06,2
PureGlow Soaps International (Fictional Dummy Company),Global Manufacturing Head - PureGlow Soaps,Australia,Australia,Brisbane,FCT027,Brisbane Soap Plant,LN0079,Line-1,2026-07-08 15:00:00,2026-07-08,15,Afternoon,Neem Bar Soap,1.41,60.0,26.4,Material Shortage,33.6,85,47,1,46,2.67,97.87,55.29,56.0,99.21,54.37,4.56,13.09,2
PureGlow Soaps International (Fictional Dummy Company),Global Manufacturing Head - PureGlow Soaps,Australia,Australia,Brisbane,FCT027,Brisbane Soap Plant,LN0080,Line-2,2026-07-08 15:00:00,2026-07-08,15,Afternoon,Sandalwood Bar Soap,1.03,60.0,19.2,Material Shortage,40.8,62,36,1,35,2.19,97.22,58.06,68.0,85.67,56.64,3.85,19.82,1
PureGlow Soaps International (Fictional Dummy Company),Global Manufacturing Head - PureGlow Soaps,Australia,Australia,Brisbane,FCT027,Brisbane Soap Plant,LN0081,Line-3,2026-07-08 15:00:00,2026-07-08,15,Afternoon,Rose Bar Soap,1.4,60.0,16.9,Power Outage,43.1,84,61,1,60,0.94,98.36,72.62,71.83,101.09,71.42,6.41,24.23,2
PureGlow Soaps International (Fictional Dummy Company),Global Manufacturing Head - PureGlow Soaps,Australia,Australia,Brisbane,FCT027,Brisbane Soap Plant,LN0079,Line-1,2026-07-08 16:00:00,2026-07-08,16,Afternoon,Neem Bar Soap,1.41,60.0,23.4,Material Shortage,36.6,85,44,0,44,0.69,100.0,51.76,61.0,85.26,52.01,4.2,14.64,2
PureGlow Soaps International (Fictional Dummy Company),Global Manufacturing Head - PureGlow Soaps,Australia,Australia,Brisbane,FCT027,Brisbane Soap Plant,LN0080,Line-2,2026-07-08 16:00:00,2026-07-08,16,Afternoon,Sandalwood Bar Soap,1.03,60.0,23.3,Power Outage,36.7,62,38,1,37,2.57,97.37,61.29,61.17,100.53,59.88,3.95,20.31,3
PureGlow Soaps International (Fictional Dummy Company),Global Manufacturing Head - PureGlow Soaps,Australia,Australia,Brisbane,FCT027,Brisbane Soap Plant,LN0081,Line-3,2026-07-08 16:00:00,2026-07-08,16,Afternoon,Rose Bar Soap,1.4,60.0,24.0,Material Shortage,36.0,84,43,2,41,4.75,95.35,51.19,60.0,85.32,48.81,4.36,23.58,1
PureGlow Soaps International (Fictional Dummy Company),Global Manufacturing Head - PureGlow Soaps,Australia,Australia,Brisbane,FCT027,Brisbane Soap Plant,LN0079,Line-1,2026-07-08 17:00:00,2026-07-08,17,Afternoon,Neem Bar Soap,1.41,60.0,12.1,Machine Breakdown,47.9,85,66,1,65,1.66,98.48,77.65,79.83,97.72,76.82,6.84,17.85,1
PureGlow Soaps International (Fictional Dummy Company),Global Manufacturing Head - PureGlow Soaps,Australia,Australia,Brisbane,FCT027,Brisbane Soap Plant,LN0080,Line-2,2026-07-08 17:00:00,2026-07-08,17,Afternoon,Sandalwood Bar Soap,1.03,60.0,28.3,Machine Breakdown,31.7,62,32,1,31,2.46,96.88,51.61,52.83,98.01,50.16,2.98,14.96,2
PureGlow Soaps International (Fictional Dummy Company),Global Manufacturing Head - PureGlow Soaps,Australia,Australia,Brisbane,FCT027,Brisbane Soap Plant,LN0081,Line-3,2026-07-08 17:00:00,2026-07-08,17,Afternoon,Rose Bar Soap,1.4,60.0,28.2,Machine Breakdown,31.8,84,42,1,41,3.26,97.62,50.0,53.0,94.34,48.81,4.54,18.1,2
PureGlow Soaps International (Fictional Dummy Company),Global Manufacturing Head - PureGlow Soaps,Australia,Australia,Brisbane,FCT027,Brisbane Soap Plant,LN0079,Line-1,2026-07-08 18:00:00,2026-07-08,18,Afternoon,Neem Bar Soap,1.41,60.0,1.1,No Downtime,58.9,85,74,3,71,4.36,95.95,87.06,98.17,89.1,83.93,6.46,22.99,3
PureGlow Soaps International (Fictional Dummy Company),Global Manufacturing Head - PureGlow Soaps,Australia,Australia,Brisbane,FCT027,Brisbane Soap Plant,LN0080,Line-2,2026-07-08 18:00:00,2026-07-08,18,Afternoon,Sandalwood Bar Soap,1.03,60.0,8.9,Changeover/Setup,51.1,62,47,1,46,2.94,97.87,75.81,85.17,89.3,74.44,4.79,24.03,3
PureGlow Soaps International (Fictional Dummy Company),Global Manufacturing Head - PureGlow Soaps,Australia,Australia,Brisbane,FCT027,Brisbane Soap Plant,LN0081,Line-3,2026-07-08 18:00:00,2026-07-08,18,Afternoon,Rose Bar Soap,1.4,60.0,42.7,Machine Breakdown,17.3,84,23,1,22,3.88,95.65,27.38,28.83,94.96,26.19,2.47,9.76,2
PureGlow Soaps International (Fictional Dummy Company),Global Manufacturing Head - PureGlow Soaps,Australia,Australia,Brisbane,FCT027,Brisbane Soap Plant,LN0079,Line-1,2026-07-08 19:00:00,2026-07-08,19,Afternoon,Neem Bar Soap,1.41,60.0,1.6,No Downtime,58.4,85,83,2,81,2.99,97.59,97.65,97.33,100.8,95.74,7.23,24.43,1
PureGlow Soaps International (Fictional Dummy Company),Global Manufacturing Head - PureGlow Soaps,Australia,Australia,Brisbane,FCT027,Brisbane Soap Plant,LN0080,Line-2,2026-07-08 19:00:00,2026-07-08,19,Afternoon,Sandalwood Bar Soap,1.03,60.0,2.9,No Downtime,57.1,62,53,1,52,2.14,98.11,85.48,95.17,90.12,84.15,5.29,31.36,2
PureGlow Soaps International (Fictional Dummy Company),Global Manufacturing Head - PureGlow Soaps,Australia,Australia,Brisbane,FCT027,Brisbane Soap Plant,LN0081,Line-3,2026-07-08 19:00:00,2026-07-08,19,Afternoon,Rose Bar Soap,1.4,60.0,17.0,Changeover/Setup,43.0,84,52,1,51,2.51,98.08,61.9,71.67,86.38,60.72,5.36,27.23,1
PureGlow Soaps International (Fictional Dummy Company),Global Manufacturing Head - PureGlow Soaps,Australia,Australia,Brisbane,FCT027,Brisbane Soap Plant,LN0079,Line-1,2026-07-08 20:00:00,2026-07-08,20,Afternoon,Neem Bar Soap,1.41,60.0,20.8,Staff Shortage,39.2,85,50,1,49,2.1,98.0,58.82,65.33,90.46,57.92,4.88,14.72,2
PureGlow Soaps International (Fictional Dummy Company),Global Manufacturing Head - PureGlow Soaps,Australia,Australia,Brisbane,FCT027,Brisbane Soap Plant,LN0080,Line-2,2026-07-08 20:00:00,2026-07-08,20,Afternoon,Sandalwood Bar Soap,1.03,60.0,1.8,No Downtime,58.2,62,51,2,49,3.27,96.08,82.26,97.0,85.08,79.29,5.44,32.32,1
PureGlow Soaps International (Fictional Dummy Company),Global Manufacturing Head - PureGlow Soaps,Australia,Australia,Brisbane,FCT027,Brisbane Soap Plant,LN0081,Line-3,2026-07-08 20:00:00,2026-07-08,20,Afternoon,Rose Bar Soap,1.4,60.0,15.7,Power Outage,44.3,84,59,2,57,4.03,96.61,70.24,73.83,95.13,67.85,6.16,24.66,1
PureGlow Soaps International (Fictional Dummy Company),Global Manufacturing Head - PureGlow Soaps,Australia,Australia,Brisbane,FCT027,Brisbane Soap Plant,LN0079,Line-1,2026-07-08 21:00:00,2026-07-08,21,Afternoon,Neem Bar Soap,1.41,60.0,17.1,Quality Hold,42.9,85,59,5,54,8.0,91.53,69.41,71.5,97.54,63.83,6.42,16.28,3
PureGlow Soaps International (Fictional Dummy Company),Global Manufacturing Head - PureGlow Soaps,Australia,Australia,Brisbane,FCT027,Brisbane Soap Plant,LN0080,Line-2,2026-07-08 21:00:00,2026-07-08,21,Afternoon,Sandalwood Bar Soap,1.03,60.0,24.4,Machine Breakdown,35.6,62,35,1,34,3.51,97.14,56.45,59.33,95.45,55.01,3.22,17.58,3
PureGlow Soaps International (Fictional Dummy Company),Global Manufacturing Head - PureGlow Soaps,Australia,Australia,Brisbane,FCT027,Brisbane Soap Plant,LN0081,Line-3,2026-07-08 21:00:00,2026-07-08,21,Afternoon,Rose Bar Soap,1.4,60.0,24.7,Material Shortage,35.3,84,42,1,41,2.9,97.62,50.0,58.83,84.99,48.81,4.16,20.85,3
PureGlow Soaps International (Fictional Dummy Company),Global Manufacturing Head - PureGlow Soaps,Australia,Australia,Brisbane,FCT027,Brisbane Soap Plant,LN0079,Line-1,2026-07-08 22:00:00,2026-07-08,22,Night,Neem Bar Soap,1.41,60.0,19.1,Material Shortage,40.9,85,48,2,46,4.26,95.83,56.47,68.17,83.23,54.37,4.51,14.88,3
PureGlow Soaps International (Fictional Dummy Company),Global Manufacturing Head - PureGlow Soaps,Australia,Australia,Brisbane,FCT027,Brisbane Soap Plant,LN0080,Line-2,2026-07-08 22:00:00,2026-07-08,22,Night,Sandalwood Bar Soap,1.03,60.0,2.4,No Downtime,57.6,62,57,3,54,4.57,94.74,91.94,96.0,96.08,87.39,5.34,28.25,1
PureGlow Soaps International (Fictional Dummy Company),Global Manufacturing Head - PureGlow Soaps,Australia,Australia,Brisbane,FCT027,Brisbane Soap Plant,LN0081,Line-3,2026-07-08 22:00:00,2026-07-08,22,Night,Rose Bar Soap,1.4,60.0,1.3,No Downtime,58.7,84,81,3,78,4.19,96.3,96.43,97.83,98.56,92.85,6.96,36.63,1
PureGlow Soaps International (Fictional Dummy Company),Global Manufacturing Head - PureGlow Soaps,Australia,Australia,Brisbane,FCT027,Brisbane Soap Plant,LN0079,Line-1,2026-07-08 23:00:00,2026-07-08,23,Night,Neem Bar Soap,1.41,60.0,20.5,Material Shortage,39.5,85,51,1,50,2.81,98.04,60.0,65.83,91.57,59.1,4.62,15.8,2
PureGlow Soaps International (Fictional Dummy Company),Global Manufacturing Head - PureGlow Soaps,Australia,Australia,Brisbane,FCT027,Brisbane Soap Plant,LN0080,Line-2,2026-07-08 23:00:00,2026-07-08,23,Night,Sandalwood Bar Soap,1.03,60.0,2.7,No Downtime,57.3,62,56,3,53,4.55,94.64,90.32,95.5,94.88,85.75,6.09,28.7,3
PureGlow Soaps International (Fictional Dummy Company),Global Manufacturing Head - PureGlow Soaps,Australia,Australia,Brisbane,FCT027,Brisbane Soap Plant,LN0081,Line-3,2026-07-08 23:00:00,2026-07-08,23,Night,Rose Bar Soap,1.4,60.0,1.4,No Downtime,58.6,84,82,3,79,3.8,96.34,97.62,97.67,99.95,94.05,7.7,33.43,3
PureGlow Soaps International (Fictional Dummy Company),Global Manufacturing Head - PureGlow Soaps,Australia,Australia,Brisbane,FCT027,Brisbane Soap Plant,LN0079,Line-1,2026-07-09 00:00:00,2026-07-09,0,Night,Coconut Bar Soap,1.41,60.0,3.1,No Downtime,56.9,85,79,3,76,3.3,96.2,92.94,94.83,98.47,89.83,8.11,24.16,3
PureGlow Soaps International (Fictional Dummy Company),Global Manufacturing Head - PureGlow Soaps,Australia,Australia,Brisbane,FCT027,Brisbane Soap Plant,LN0080,Line-2,2026-07-09 00:00:00,2026-07-09,0,Night,Lavender Bar Soap,1.03,60.0,3.3,No Downtime,56.7,62,59,2,57,2.98,96.61,95.16,94.5,101.03,92.24,5.09,29.66,1
PureGlow Soaps International (Fictional Dummy Company),Global Manufacturing Head - PureGlow Soaps,Australia,Australia,Brisbane,FCT027,Brisbane Soap Plant,LN0081,Line-3,2026-07-09 00:00:00,2026-07-09,0,Night,Lavender Bar Soap,1.4,60.0,2.4,No Downtime,57.6,84,74,3,71,3.95,95.95,88.1,96.0,91.77,84.53,6.8,34.27,2
PureGlow Soaps International (Fictional Dummy Company),Global Manufacturing Head - PureGlow Soaps,Australia,Australia,Brisbane,FCT027,Brisbane Soap Plant,LN0079,Line-1,2026-07-09 01:00:00,2026-07-09,1,Night,Coconut Bar Soap,1.41,60.0,18.3,Quality Hold,41.7,85,58,5,53,9.08,91.38,68.24,69.5,98.64,62.65,6.01,15.97,2
PureGlow Soaps International (Fictional Dummy Company),Global Manufacturing Head - PureGlow Soaps,Australia,Australia,Brisbane,FCT027,Brisbane Soap Plant,LN0080,Line-2,2026-07-09 01:00:00,2026-07-09,1,Night,Lavender Bar Soap,1.03,60.0,38.7,Preventive Maintenance,21.3,62,22,1,21,2.94,95.45,35.48,35.5,100.28,33.98,2.16,9.81,3
PureGlow Soaps International (Fictional Dummy Company),Global Manufacturing Head - PureGlow Soaps,Australia,Australia,Brisbane,FCT027,Brisbane Soap Plant,LN0081,Line-3,2026-07-09 01:00:00,2026-07-09,1,Night,Lavender Bar Soap,1.4,60.0,9.8,Changeover/Setup,50.2,84,62,2,60,3.71,96.77,73.81,83.67,88.22,71.43,5.79,32.08,2
PureGlow Soaps International (Fictional Dummy Company),Global Manufacturing Head - PureGlow Soaps,Australia,Australia,Brisbane,FCT027,Brisbane Soap Plant,LN0079,Line-1,2026-07-09 02:00:00,2026-07-09,2,Night,Coconut Bar Soap,1.41,60.0,23.4,Material Shortage,36.6,85,42,1,41,2.47,97.62,49.41,61.0,81.39,48.47,3.98,14.19,1
PureGlow Soaps International (Fictional Dummy Company),Global Manufacturing Head - PureGlow Soaps,Australia,Australia,Brisbane,FCT027,Brisbane Soap Plant,LN0080,Line-2,2026-07-09 02:00:00,2026-07-09,2,Night,Lavender Bar Soap,1.03,60.0,42.2,Machine Breakdown,17.8,62,16,0,16,1.51,100.0,25.81,29.67,87.27,25.89,1.56,9.82,2
PureGlow Soaps International (Fictional Dummy Company),Global Manufacturing Head - PureGlow Soaps,Australia,Australia,Brisbane,FCT027,Brisbane Soap Plant,LN0081,Line-3,2026-07-09 02:00:00,2026-07-09,2,Night,Lavender Bar Soap,1.4,60.0,1.1,No Downtime,58.9,84,83,3,80,4.04,96.39,98.81,98.17,100.65,95.24,7.82,35.91,3
PureGlow Soaps International (Fictional Dummy Company),Global Manufacturing Head - PureGlow Soaps,Australia,Australia,Brisbane,FCT027,Brisbane Soap Plant,LN0079,Line-1,2026-07-09 03:00:00,2026-07-09,3,Night,Coconut Bar Soap,1.41,60.0,15.5,Machine Breakdown,44.5,85,62,1,61,1.18,98.39,72.94,74.17,98.81,72.11,6.54,16.45,2
PureGlow Soaps International (Fictional Dummy Company),Global Manufacturing Head - PureGlow Soaps,Australia,Australia,Brisbane,FCT027,Brisbane Soap Plant,LN0080,Line-2,2026-07-09 03:00:00,2026-07-09,3,Night,Lavender Bar Soap,1.03,60.0,20.4,Preventive Maintenance,39.6,62,37,1,36,2.34,97.3,59.68,66.0,90.71,58.25,3.68,20.07,3
PureGlow Soaps International (Fictional Dummy Company),Global Manufacturing Head - PureGlow Soaps,Australia,Australia,Brisbane,FCT027,Brisbane Soap Plant,LN0081,Line-3,2026-07-09 03:00:00,2026-07-09,3,Night,Lavender Bar Soap,1.4,60.0,0.4,No Downtime,59.6,84,77,2,75,2.63,97.4,91.67,99.33,92.28,89.28,7.22,35.79,1
PureGlow Soaps International (Fictional Dummy Company),Global Manufacturing Head - PureGlow Soaps,Australia,Australia,Brisbane,FCT027,Brisbane Soap Plant,LN0079,Line-1,2026-07-09 04:00:00,2026-07-09,4,Night,Coconut Bar Soap,1.41,60.0,10.8,Quality Hold,49.2,85,64,4,60,6.44,93.75,75.29,82.0,92.26,70.92,6.58,18.08,2
PureGlow Soaps International (Fictional Dummy Company),Global Manufacturing Head - PureGlow Soaps,Australia,Australia,Brisbane,FCT027,Brisbane Soap Plant,LN0080,Line-2,2026-07-09 04:00:00,2026-07-09,4,Night,Lavender Bar Soap,1.03,60.0,37.8,Machine Breakdown,22.2,62,21,0,21,2.23,100.0,33.87,37.0,91.84,33.98,2.06,10.84,1
PureGlow Soaps International (Fictional Dummy Company),Global Manufacturing Head - PureGlow Soaps,Australia,Australia,Brisbane,FCT027,Brisbane Soap Plant,LN0081,Line-3,2026-07-09 04:00:00,2026-07-09,4,Night,Lavender Bar Soap,1.4,60.0,15.2,Machine Breakdown,44.8,84,56,3,53,4.74,94.64,66.67,74.67,89.29,63.1,4.97,26.11,2
PureGlow Soaps International (Fictional Dummy Company),Global Manufacturing Head - PureGlow Soaps,Australia,Australia,Brisbane,FCT027,Brisbane Soap Plant,LN0079,Line-1,2026-07-09 05:00:00,2026-07-09,5,Night,Coconut Bar Soap,1.41,60.0,0.9,No Downtime,59.1,85,81,2,79,2.13,97.53,95.29,98.5,97.2,93.38,8.31,22.3,1
PureGlow Soaps International (Fictional Dummy Company),Global Manufacturing Head - PureGlow Soaps,Australia,Australia,Brisbane,FCT027,Brisbane Soap Plant,LN0080,Line-2,2026-07-09 05:00:00,2026-07-09,5,Night,Lavender Bar Soap,1.03,60.0,16.4,Preventive Maintenance,43.6,62,43,0,43,0.91,100.0,69.35,72.67,95.75,69.58,4.26,23.08,3
PureGlow Soaps International (Fictional Dummy Company),Global Manufacturing Head - PureGlow Soaps,Australia,Australia,Brisbane,FCT027,Brisbane Soap Plant,LN0081,Line-3,2026-07-09 05:00:00,2026-07-09,5,Night,Lavender Bar Soap,1.4,60.0,1.9,No Downtime,58.1,84,72,3,69,4.64,95.83,85.71,96.83,88.52,82.14,7.8,32.31,1
PureGlow Soaps International (Fictional Dummy Company),Global Manufacturing Head - PureGlow Soaps,Australia,Australia,Brisbane,FCT027,Brisbane Soap Plant,LN0079,Line-1,2026-07-09 06:00:00,2026-07-09,6,Morning,Coconut Bar Soap,1.41,60.0,12.9,Changeover/Setup,47.1,85,55,2,53,3.58,96.36,64.71,78.5,82.82,62.65,5.72,18.65,2
PureGlow Soaps International (Fictional Dummy Company),Global Manufacturing Head - PureGlow Soaps,Australia,Australia,Brisbane,FCT027,Brisbane Soap Plant,LN0080,Line-2,2026-07-09 06:00:00,2026-07-09,6,Morning,Lavender Bar Soap,1.03,60.0,34.1,Preventive Maintenance,25.9,62,23,0,23,1.06,100.0,37.1,43.17,86.22,37.22,2.51,13.08,3
PureGlow Soaps International (Fictional Dummy Company),Global Manufacturing Head - PureGlow Soaps,Australia,Australia,Brisbane,FCT027,Brisbane Soap Plant,LN0081,Line-3,2026-07-09 06:00:00,2026-07-09,6,Morning,Lavender Bar Soap,1.4,60.0,1.9,No Downtime,58.1,84,68,3,65,4.94,95.59,80.95,96.83,83.6,77.38,6.01,37.27,2
PureGlow Soaps International (Fictional Dummy Company),Global Manufacturing Head - PureGlow Soaps,Australia,Australia,Brisbane,FCT027,Brisbane Soap Plant,LN0079,Line-1,2026-07-09 07:00:00,2026-07-09,7,Morning,Coconut Bar Soap,1.41,60.0,29.2,Power Outage,30.8,85,42,1,41,2.53,97.62,49.41,51.33,96.71,48.46,4.27,11.14,2
PureGlow Soaps International (Fictional Dummy Company),Global Manufacturing Head - PureGlow Soaps,Australia,Australia,Brisbane,FCT027,Brisbane Soap Plant,LN0080,Line-2,2026-07-09 07:00:00,2026-07-09,7,Morning,Lavender Bar Soap,1.03,60.0,0.1,No Downtime,59.9,62,63,1,62,2.01,98.41,101.61,99.83,102.11,100.32,5.64,28.46,1
PureGlow Soaps International (Fictional Dummy Company),Global Manufacturing Head - PureGlow Soaps,Australia,Australia,Brisbane,FCT027,Brisbane Soap Plant,LN0081,Line-3,2026-07-09 07:00:00,2026-07-09,7,Morning,Lavender Bar Soap,1.4,60.0,17.1,Material Shortage,42.9,84,58,1,57,2.46,98.28,69.05,71.5,96.57,67.86,4.97,25.27,1
PureGlow Soaps International (Fictional Dummy Company),Global Manufacturing Head - PureGlow Soaps,Australia,Australia,Brisbane,FCT027,Brisbane Soap Plant,LN0079,Line-1,2026-07-09 08:00:00,2026-07-09,8,Morning,Coconut Bar Soap,1.41,60.0,11.3,Staff Shortage,48.7,85,59,3,56,4.78,94.92,69.41,81.17,85.92,66.2,5.69,19.1,2
PureGlow Soaps International (Fictional Dummy Company),Global Manufacturing Head - PureGlow Soaps,Australia,Australia,Brisbane,FCT027,Brisbane Soap Plant,LN0080,Line-2,2026-07-09 08:00:00,2026-07-09,8,Morning,Lavender Bar Soap,1.03,60.0,30.7,Material Shortage,29.3,62,26,0,26,0.89,100.0,41.94,48.83,86.15,42.07,2.39,15.51,1
PureGlow Soaps International (Fictional Dummy Company),Global Manufacturing Head - PureGlow Soaps,Australia,Australia,Brisbane,FCT027,Brisbane Soap Plant,LN0081,Line-3,2026-07-09 08:00:00,2026-07-09,8,Morning,Lavender Bar Soap,1.4,60.0,3.2,No Downtime,56.8,84,65,2,63,3.0,96.92,77.38,94.67,81.74,75.0,6.36,35.6,1
PureGlow Soaps International (Fictional Dummy Company),Global Manufacturing Head - PureGlow Soaps,Australia,Australia,Brisbane,FCT027,Brisbane Soap Plant,LN0079,Line-1,2026-07-09 09:00:00,2026-07-09,9,Morning,Coconut Bar Soap,1.41,60.0,19.1,Preventive Maintenance,40.9,85,53,0,53,0.3,100.0,62.35,68.17,91.9,62.65,5.72,16.15,1
PureGlow Soaps International (Fictional Dummy Company),Global Manufacturing Head - PureGlow Soaps,Australia,Australia,Brisbane,FCT027,Brisbane Soap Plant,LN0080,Line-2,2026-07-09 09:00:00,2026-07-09,9,Morning,Lavender Bar Soap,1.03,60.0,27.1,Preventive Maintenance,32.9,62,29,1,28,1.73,96.55,46.77,54.83,85.58,45.3,3.0,18.1,3
PureGlow Soaps International (Fictional Dummy Company),Global Manufacturing Head - PureGlow Soaps,Australia,Australia,Brisbane,FCT027,Brisbane Soap Plant,LN0081,Line-3,2026-07-09 09:00:00,2026-07-09,9,Morning,Lavender Bar Soap,1.4,60.0,36.5,Preventive Maintenance,23.5,84,30,1,29,2.09,96.67,35.71,39.17,91.19,34.53,2.98,14.42,2
PureGlow Soaps International (Fictional Dummy Company),Global Manufacturing Head - PureGlow Soaps,Australia,Australia,Brisbane,FCT027,Brisbane Soap Plant,LN0079,Line-1,2026-07-09 10:00:00,2026-07-09,10,Morning,Coconut Bar Soap,1.41,60.0,12.9,Changeover/Setup,47.1,85,65,2,63,3.42,96.92,76.47,78.5,97.88,74.47,6.27,16.84,1
PureGlow Soaps International (Fictional Dummy Company),Global Manufacturing Head - PureGlow Soaps,Australia,Australia,Brisbane,FCT027,Brisbane Soap Plant,LN0080,Line-2,2026-07-09 10:00:00,2026-07-09,10,Morning,Lavender Bar Soap,1.03,60.0,12.8,Power Outage,47.2,62,46,2,44,3.48,95.65,74.19,78.67,94.62,71.2,4.43,22.92,3
PureGlow Soaps International (Fictional Dummy Company),Global Manufacturing Head - PureGlow Soaps,Australia,Australia,Brisbane,FCT027,Brisbane Soap Plant,LN0081,Line-3,2026-07-09 10:00:00,2026-07-09,10,Morning,Lavender Bar Soap,1.4,60.0,26.0,Material Shortage,34.0,84,42,1,41,2.48,97.62,50.0,56.67,88.24,48.82,4.48,22.29,3
PureGlow Soaps International (Fictional Dummy Company),Global Manufacturing Head - PureGlow Soaps,Australia,Australia,Brisbane,FCT027,Brisbane Soap Plant,LN0079,Line-1,2026-07-09 11:00:00,2026-07-09,11,Morning,Coconut Bar Soap,1.41,60.0,6.1,Changeover/Setup,53.9,85,66,3,63,4.7,95.45,77.65,89.83,86.84,74.46,6.62,22.84,3
PureGlow Soaps International (Fictional Dummy Company),Global Manufacturing Head - PureGlow Soaps,Australia,Australia,Brisbane,FCT027,Brisbane Soap Plant,LN0080,Line-2,2026-07-09 11:00:00,2026-07-09,11,Morning,Lavender Bar Soap,1.03,60.0,35.8,Preventive Maintenance,24.2,62,22,1,21,4.2,95.45,35.48,40.33,88.26,33.98,2.37,13.49,2
PureGlow Soaps International (Fictional Dummy Company),Global Manufacturing Head - PureGlow Soaps,Australia,Australia,Brisbane,FCT027,Brisbane Soap Plant,LN0081,Line-3,2026-07-09 11:00:00,2026-07-09,11,Morning,Lavender Bar Soap,1.4,60.0,16.1,Changeover/Setup,43.9,84,61,3,58,4.35,95.08,72.62,73.17,99.25,69.05,5.89,26.53,2
PureGlow Soaps International (Fictional Dummy Company),Global Manufacturing Head - PureGlow Soaps,Australia,Australia,Brisbane,FCT027,Brisbane Soap Plant,LN0079,Line-1,2026-07-09 12:00:00,2026-07-09,12,Morning,Coconut Bar Soap,1.41,60.0,17.7,Machine Breakdown,42.3,85,52,1,51,2.42,98.08,61.18,70.5,87.19,60.29,5.37,18.24,2
PureGlow Soaps International (Fictional Dummy Company),Global Manufacturing Head - PureGlow Soaps,Australia,Australia,Brisbane,FCT027,Brisbane Soap Plant,LN0080,Line-2,2026-07-09 12:00:00,2026-07-09,12,Morning,Lavender Bar Soap,1.03,60.0,27.2,Material Shortage,32.8,62,30,1,29,1.68,96.67,48.39,54.67,88.8,46.93,3.28,17.34,2
PureGlow Soaps International (Fictional Dummy Company),Global Manufacturing Head - PureGlow Soaps,Australia,Australia,Brisbane,FCT027,Brisbane Soap Plant,LN0081,Line-3,2026-07-09 12:00:00,2026-07-09,12,Morning,Lavender Bar Soap,1.4,60.0,20.6,Material Shortage,39.4,84,52,2,50,4.46,96.15,61.9,65.67,94.27,59.52,5.37,23.38,3
PureGlow Soaps International (Fictional Dummy Company),Global Manufacturing Head - PureGlow Soaps,Australia,Australia,Brisbane,FCT027,Brisbane Soap Plant,LN0079,Line-1,2026-07-09 13:00:00,2026-07-09,13,Morning,Coconut Bar Soap,1.41,60.0,16.2,Changeover/Setup,43.8,85,63,2,61,3.74,96.83,74.12,73.0,102.01,72.11,5.9,18.36,1
PureGlow Soaps International (Fictional Dummy Company),Global Manufacturing Head - PureGlow Soaps,Australia,Australia,Brisbane,FCT027,Brisbane Soap Plant,LN0080,Line-2,2026-07-09 13:00:00,2026-07-09,13,Morning,Lavender Bar Soap,1.03,60.0,38.5,Machine Breakdown,21.5,62,18,0,18,1.2,100.0,29.03,35.83,81.28,29.12,1.76,10.86,1
PureGlow Soaps International (Fictional Dummy Company),Global Manufacturing Head - PureGlow Soaps,Australia,Australia,Brisbane,FCT027,Brisbane Soap Plant,LN0081,Line-3,2026-07-09 13:00:00,2026-07-09,13,Morning,Lavender Bar Soap,1.4,60.0,32.8,Machine Breakdown,27.2,84,37,1,36,2.72,97.3,44.05,45.33,97.16,42.85,3.74,17.02,3
PureGlow Soaps International (Fictional Dummy Company),Global Manufacturing Head - PureGlow Soaps,Australia,Australia,Brisbane,FCT027,Brisbane Soap Plant,LN0079,Line-1,2026-07-09 14:00:00,2026-07-09,14,Afternoon,Coconut Bar Soap,1.41,60.0,13.1,Machine Breakdown,46.9,85,62,1,61,1.48,98.39,72.94,78.17,93.76,72.11,6.41,16.88,2
PureGlow Soaps International (Fictional Dummy Company),Global Manufacturing Head - PureGlow Soaps,Australia,Australia,Brisbane,FCT027,Brisbane Soap Plant,LN0080,Line-2,2026-07-09 14:00:00,2026-07-09,14,Afternoon,Lavender Bar Soap,1.03,60.0,18.7,Staff Shortage,41.3,62,41,1,40,1.41,97.56,66.13,68.83,96.38,64.72,4.19,20.18,1
PureGlow Soaps International (Fictional Dummy Company),Global Manufacturing Head - PureGlow Soaps,Australia,Australia,Brisbane,FCT027,Brisbane Soap Plant,LN0081,Line-3,2026-07-09 14:00:00,2026-07-09,14,Afternoon,Lavender Bar Soap,1.4,60.0,13.3,Machine Breakdown,46.7,84,60,1,59,1.89,98.33,71.43,77.83,91.77,70.23,5.27,25.79,2
PureGlow Soaps International (Fictional Dummy Company),Global Manufacturing Head - PureGlow Soaps,Australia,Australia,Brisbane,FCT027,Brisbane Soap Plant,LN0079,Line-1,2026-07-09 15:00:00,2026-07-09,15,Afternoon,Coconut Bar Soap,1.41,60.0,2.0,No Downtime,58.0,85,81,2,79,2.39,97.53,95.29,96.67,99.05,93.39,7.39,21.93,3
PureGlow Soaps International (Fictional Dummy Company),Global Manufacturing Head - PureGlow Soaps,Australia,Australia,Brisbane,FCT027,Brisbane Soap Plant,LN0080,Line-2,2026-07-09 15:00:00,2026-07-09,15,Afternoon,Lavender Bar Soap,1.03,60.0,3.8,No Downtime,56.2,62,50,1,49,2.36,98.0,80.65,93.67,86.38,79.29,4.65,26.56,3
PureGlow Soaps International (Fictional Dummy Company),Global Manufacturing Head - PureGlow Soaps,Australia,Australia,Brisbane,FCT027,Brisbane Soap Plant,LN0081,Line-3,2026-07-09 15:00:00,2026-07-09,15,Afternoon,Lavender Bar Soap,1.4,60.0,1.2,No Downtime,58.8,84,79,3,76,3.59,96.2,94.05,98.0,95.97,90.48,7.25,35.37,1
PureGlow Soaps International (Fictional Dummy Company),Global Manufacturing Head - PureGlow Soaps,Australia,Australia,Brisbane,FCT027,Brisbane Soap Plant,LN0079,Line-1,2026-07-09 16:00:00,2026-07-09,16,Afternoon,Coconut Bar Soap,1.41,60.0,10.4,Staff Shortage,49.6,85,61,3,58,4.51,95.08,71.76,82.67,87.22,68.56,5.38,20.07,2
PureGlow Soaps International (Fictional Dummy Company),Global Manufacturing Head - PureGlow Soaps,Australia,Australia,Brisbane,FCT027,Brisbane Soap Plant,LN0080,Line-2,2026-07-09 16:00:00,2026-07-09,16,Afternoon,Lavender Bar Soap,1.03,60.0,16.1,Changeover/Setup,43.9,62,39,1,38,1.89,97.44,62.9,73.17,86.25,61.49,3.6,22.33,3
PureGlow Soaps International (Fictional Dummy Company),Global Manufacturing Head - PureGlow Soaps,Australia,Australia,Brisbane,FCT027,Brisbane Soap Plant,LN0081,Line-3,2026-07-09 16:00:00,2026-07-09,16,Afternoon,Lavender Bar Soap,1.4,60.0,2.9,No Downtime,57.1,84,72,3,69,4.5,95.83,85.71,95.17,90.07,82.15,7.16,36.0,2
PureGlow Soaps International (Fictional Dummy Company),Global Manufacturing Head - PureGlow Soaps,Australia,Australia,Brisbane,FCT027,Brisbane Soap Plant,LN0079,Line-1,2026-07-09 17:00:00,2026-07-09,17,Afternoon,Coconut Bar Soap,1.41,60.0,1.7,No Downtime,58.3,85,66,2,64,3.59,96.97,77.65,97.17,80.29,75.65,5.81,23.02,2
PureGlow Soaps International (Fictional Dummy Company),Global Manufacturing Head - PureGlow Soaps,Australia,Australia,Brisbane,FCT027,Brisbane Soap Plant,LN0080,Line-2,2026-07-09 17:00:00,2026-07-09,17,Afternoon,Lavender Bar Soap,1.03,60.0,3.4,No Downtime,56.6,62,58,1,57,2.48,98.28,93.55,94.33,99.49,92.23,6.28,30.76,2
PureGlow Soaps International (Fictional Dummy Company),Global Manufacturing Head - PureGlow Soaps,Australia,Australia,Brisbane,FCT027,Brisbane Soap Plant,LN0081,Line-3,2026-07-09 17:00:00,2026-07-09,17,Afternoon,Lavender Bar Soap,1.4,60.0,0.0,No Downtime,60.0,84,70,3,67,4.34,95.71,83.33,100.0,83.33,79.76,6.99,33.32,1
PureGlow Soaps International (Fictional Dummy Company),Global Manufacturing Head - PureGlow Soaps,Australia,Australia,Brisbane,FCT027,Brisbane Soap Plant,LN0079,Line-1,2026-07-09 18:00:00,2026-07-09,18,Afternoon,Coconut Bar Soap,1.41,60.0,0.9,No Downtime,59.1,85,80,1,79,1.1,98.75,94.12,98.5,96.0,93.38,8.04,22.28,2
PureGlow Soaps International (Fictional Dummy Company),Global Manufacturing Head - PureGlow Soaps,Australia,Australia,Brisbane,FCT027,Brisbane Soap Plant,LN0080,Line-2,2026-07-09 18:00:00,2026-07-09,18,Afternoon,Lavender Bar Soap,1.03,60.0,3.8,No Downtime,56.2,62,49,2,47,3.17,95.92,79.03,93.67,84.65,76.06,4.96,29.44,3
PureGlow Soaps International (Fictional Dummy Company),Global Manufacturing Head - PureGlow Soaps,Australia,Australia,Brisbane,FCT027,Brisbane Soap Plant,LN0081,Line-3,2026-07-09 18:00:00,2026-07-09,18,Afternoon,Lavender Bar Soap,1.4,60.0,22.0,Material Shortage,38.0,84,53,2,51,3.05,96.23,63.1,63.33,99.62,60.71,4.62,23.11,1
PureGlow Soaps International (Fictional Dummy Company),Global Manufacturing Head - PureGlow Soaps,Australia,Australia,Brisbane,FCT027,Brisbane Soap Plant,LN0079,Line-1,2026-07-09 19:00:00,2026-07-09,19,Afternoon,Coconut Bar Soap,1.41,60.0,43.4,Machine Breakdown,16.6,85,20,0,20,2.48,100.0,23.53,27.67,85.45,23.64,1.84,6.43,1
PureGlow Soaps International (Fictional Dummy Company),Global Manufacturing Head - PureGlow Soaps,Australia,Australia,Brisbane,FCT027,Brisbane Soap Plant,LN0080,Line-2,2026-07-09 19:00:00,2026-07-09,19,Afternoon,Lavender Bar Soap,1.03,60.0,17.3,Power Outage,42.7,62,36,1,35,3.29,97.22,58.06,71.17,81.85,56.63,3.28,20.44,1
PureGlow Soaps International (Fictional Dummy Company),Global Manufacturing Head - PureGlow Soaps,Australia,Australia,Brisbane,FCT027,Brisbane Soap Plant,LN0081,Line-3,2026-07-09 19:00:00,2026-07-09,19,Afternoon,Lavender Bar Soap,1.4,60.0,3.7,No Downtime,56.3,84,65,2,63,2.7,96.92,77.38,93.83,82.47,75.0,6.64,31.49,1
PureGlow Soaps International (Fictional Dummy Company),Global Manufacturing Head - PureGlow Soaps,Australia,Australia,Brisbane,FCT027,Brisbane Soap Plant,LN0079,Line-1,2026-07-09 20:00:00,2026-07-09,20,Afternoon,Coconut Bar Soap,1.41,60.0,1.6,No Downtime,58.4,85,71,3,68,4.22,95.77,83.53,97.33,86.22,80.37,6.73,24.69,3
PureGlow Soaps International (Fictional Dummy Company),Global Manufacturing Head - PureGlow Soaps,Australia,Australia,Brisbane,FCT027,Brisbane Soap Plant,LN0080,Line-2,2026-07-09 20:00:00,2026-07-09,20,Afternoon,Lavender Bar Soap,1.03,60.0,32.5,Material Shortage,27.5,62,25,1,24,3.4,96.0,40.32,45.83,88.26,38.83,2.4,14.17,3
PureGlow Soaps International (Fictional Dummy Company),Global Manufacturing Head - PureGlow Soaps,Australia,Australia,Brisbane,FCT027,Brisbane Soap Plant,LN0081,Line-3,2026-07-09 20:00:00,2026-07-09,20,Afternoon,Lavender Bar Soap,1.4,60.0,0.5,No Downtime,59.5,84,84,2,82,2.45,97.62,100.0,99.17,100.84,97.62,8.65,35.92,2
PureGlow Soaps International (Fictional Dummy Company),Global Manufacturing Head - PureGlow Soaps,Australia,Australia,Brisbane,FCT027,Brisbane Soap Plant,LN0079,Line-1,2026-07-09 21:00:00,2026-07-09,21,Afternoon,Coconut Bar Soap,1.41,60.0,35.9,Preventive Maintenance,24.1,85,28,1,27,4.44,96.43,32.94,40.17,82.4,31.92,2.83,9.01,3
PureGlow Soaps International (Fictional Dummy Company),Global Manufacturing Head - PureGlow Soaps,Australia,Australia,Brisbane,FCT027,Brisbane Soap Plant,LN0080,Line-2,2026-07-09 21:00:00,2026-07-09,21,Afternoon,Lavender Bar Soap,1.03,60.0,5.5,Quality Hold,54.5,62,46,4,42,9.44,91.3,74.19,90.83,81.95,67.96,4.36,28.93,1
PureGlow Soaps International (Fictional Dummy Company),Global Manufacturing Head - PureGlow Soaps,Australia,Australia,Brisbane,FCT027,Brisbane Soap Plant,LN0081,Line-3,2026-07-09 21:00:00,2026-07-09,21,Afternoon,Lavender Bar Soap,1.4,60.0,3.4,No Downtime,56.6,84,66,3,63,4.0,95.45,78.57,94.33,83.29,74.99,7.24,30.74,3
PureGlow Soaps International (Fictional Dummy Company),Global Manufacturing Head - PureGlow Soaps,Australia,Australia,Brisbane,FCT027,Brisbane Soap Plant,LN0079,Line-1,2026-07-09 22:00:00,2026-07-09,22,Night,Coconut Bar Soap,1.41,60.0,2.2,No Downtime,57.8,85,81,2,79,2.71,97.53,95.29,96.33,99.39,93.38,7.11,23.1,3
PureGlow Soaps International (Fictional Dummy Company),Global Manufacturing Head - PureGlow Soaps,Australia,Australia,Brisbane,FCT027,Brisbane Soap Plant,LN0080,Line-2,2026-07-09 22:00:00,2026-07-09,22,Night,Lavender Bar Soap,1.03,60.0,3.7,No Downtime,56.3,62,55,0,55,0.79,100.0,88.71,93.83,94.85,89.0,5.36,28.75,2
PureGlow Soaps International (Fictional Dummy Company),Global Manufacturing Head - PureGlow Soaps,Australia,Australia,Brisbane,FCT027,Brisbane Soap Plant,LN0081,Line-3,2026-07-09 22:00:00,2026-07-09,22,Night,Lavender Bar Soap,1.4,60.0,18.0,Material Shortage,42.0,84,52,1,51,1.64,98.08,61.9,70.0,88.44,60.72,5.43,25.12,2
PureGlow Soaps International (Fictional Dummy Company),Global Manufacturing Head - PureGlow Soaps,Australia,Australia,Brisbane,FCT027,Brisbane Soap Plant,LN0079,Line-1,2026-07-09 23:00:00,2026-07-09,23,Night,Coconut Bar Soap,1.41,60.0,0.5,No Downtime,59.5,85,75,4,71,5.15,94.67,88.24,99.17,89.4,83.93,7.67,22.99,1
PureGlow Soaps International (Fictional Dummy Company),Global Manufacturing Head - PureGlow Soaps,Australia,Australia,Brisbane,FCT027,Brisbane Soap Plant,LN0080,Line-2,2026-07-09 23:00:00,2026-07-09,23,Night,Lavender Bar Soap,1.03,60.0,16.0,Power Outage,44.0,62,41,0,41,0.14,100.0,66.13,73.33,90.47,66.34,4.37,21.13,3
PureGlow Soaps International (Fictional Dummy Company),Global Manufacturing Head - PureGlow Soaps,Australia,Australia,Brisbane,FCT027,Brisbane Soap Plant,LN0081,Line-3,2026-07-09 23:00:00,2026-07-09,23,Night,Lavender Bar Soap,1.4,60.0,0.5,No Downtime,59.5,84,77,2,75,3.18,97.4,91.67,99.17,92.44,89.29,7.23,37.54,2
PureGlow Soaps International (Fictional Dummy Company),Global Manufacturing Head - PureGlow Soaps,Australia,Australia,Brisbane,FCT027,Brisbane Soap Plant,LN0079,Line-1,2026-07-10 00:00:00,2026-07-10,0,Night,Neem Bar Soap,1.41,60.0,3.2,No Downtime,56.8,85,76,2,74,2.33,97.37,89.41,94.67,94.9,87.48,7.06,22.98,1
PureGlow Soaps International (Fictional Dummy Company),Global Manufacturing Head - PureGlow Soaps,Australia,Australia,Brisbane,FCT027,Brisbane Soap Plant,LN0080,Line-2,2026-07-10 00:00:00,2026-07-10,0,Night,Charcoal Bar Soap,1.03,60.0,37.6,Preventive Maintenance,22.4,62,23,1,22,4.34,95.65,37.1,37.33,99.69,35.6,2.35,11.66,1
PureGlow Soaps International (Fictional Dummy Company),Global Manufacturing Head - PureGlow Soaps,Australia,Australia,Brisbane,FCT027,Brisbane Soap Plant,LN0081,Line-3,2026-07-10 00:00:00,2026-07-10,0,Night,Rose Bar Soap,1.4,60.0,28.7,Material Shortage,31.3,84,42,2,40,5.59,95.24,50.0,52.17,95.85,47.62,4.57,17.52,1
PureGlow Soaps International (Fictional Dummy Company),Global Manufacturing Head - PureGlow Soaps,Australia,Australia,Brisbane,FCT027,Brisbane Soap Plant,LN0079,Line-1,2026-07-10 01:00:00,2026-07-10,1,Night,Neem Bar Soap,1.41,60.0,1.3,No Downtime,58.7,85,80,2,78,1.98,97.5,94.12,97.83,96.66,92.2,7.61,24.88,2
PureGlow Soaps International (Fictional Dummy Company),Global Manufacturing Head - PureGlow Soaps,Australia,Australia,Brisbane,FCT027,Brisbane Soap Plant,LN0080,Line-2,2026-07-10 01:00:00,2026-07-10,1,Night,Charcoal Bar Soap,1.03,60.0,12.8,Material Shortage,47.2,62,42,2,40,4.45,95.24,67.74,78.67,86.39,64.73,3.71,24.23,1
PureGlow Soaps International (Fictional Dummy Company),Global Manufacturing Head - PureGlow Soaps,Australia,Australia,Brisbane,FCT027,Brisbane Soap Plant,LN0081,Line-3,2026-07-10 01:00:00,2026-07-10,1,Night,Rose Bar Soap,1.4,60.0,8.7,Power Outage,51.3,84,72,1,71,1.98,98.61,85.71,85.5,100.25,84.52,6.94,33.05,1
PureGlow Soaps International (Fictional Dummy Company),Global Manufacturing Head - PureGlow Soaps,Australia,Australia,Brisbane,FCT027,Brisbane Soap Plant,LN0079,Line-1,2026-07-10 02:00:00,2026-07-10,2,Night,Neem Bar Soap,1.41,60.0,3.1,No Downtime,56.9,85,75,1,74,1.1,98.67,88.24,94.83,93.48,87.47,6.77,22.98,1
PureGlow Soaps International (Fictional Dummy Company),Global Manufacturing Head - PureGlow Soaps,Australia,Australia,Brisbane,FCT027,Brisbane Soap Plant,LN0080,Line-2,2026-07-10 02:00:00,2026-07-10,2,Night,Charcoal Bar Soap,1.03,60.0,2.9,No Downtime,57.1,62,59,2,57,2.6,96.61,95.16,95.17,100.32,92.24,5.06,30.14,2
PureGlow Soaps International (Fictional Dummy Company),Global Manufacturing Head - PureGlow Soaps,Australia,Australia,Brisbane,FCT027,Brisbane Soap Plant,LN0081,Line-3,2026-07-10 02:00:00,2026-07-10,2,Night,Rose Bar Soap,1.4,60.0,16.3,Staff Shortage,43.7,84,61,3,58,4.31,95.08,72.62,72.83,99.71,69.05,5.43,24.74,2
PureGlow Soaps International (Fictional Dummy Company),Global Manufacturing Head - PureGlow Soaps,Australia,Australia,Brisbane,FCT027,Brisbane Soap Plant,LN0079,Line-1,2026-07-10 03:00:00,2026-07-10,3,Night,Neem Bar Soap,1.41,60.0,2.9,No Downtime,57.1,85,69,1,68,1.69,98.55,81.18,95.17,85.7,80.38,7.53,22.98,1
PureGlow Soaps International (Fictional Dummy Company),Global Manufacturing Head - PureGlow Soaps,Australia,Australia,Brisbane,FCT027,Brisbane Soap Plant,LN0080,Line-2,2026-07-10 03:00:00,2026-07-10,3,Night,Charcoal Bar Soap,1.03,60.0,27.0,Preventive Maintenance,33.0,62,29,1,28,2.27,96.55,46.77,55.0,85.32,45.31,2.77,17.84,1
PureGlow Soaps International (Fictional Dummy Company),Global Manufacturing Head - PureGlow Soaps,Australia,Australia,Brisbane,FCT027,Brisbane Soap Plant,LN0081,Line-3,2026-07-10 03:00:00,2026-07-10,3,Night,Rose Bar Soap,1.4,60.0,11.1,Material Shortage,48.9,84,67,2,65,2.3,97.01,79.76,81.5,97.87,77.38,7.28,27.54,2
PureGlow Soaps International (Fictional Dummy Company),Global Manufacturing Head - PureGlow Soaps,Australia,Australia,Brisbane,FCT027,Brisbane Soap Plant,LN0079,Line-1,2026-07-10 04:00:00,2026-07-10,4,Night,Neem Bar Soap,1.41,60.0,3.9,No Downtime,56.1,85,81,3,78,4.22,96.3,95.29,93.5,102.4,92.2,7.96,21.56,1
PureGlow Soaps International (Fictional Dummy Company),Global Manufacturing Head - PureGlow Soaps,Australia,Australia,Brisbane,FCT027,Brisbane Soap Plant,LN0080,Line-2,2026-07-10 04:00:00,2026-07-10,4,Night,Charcoal Bar Soap,1.03,60.0,0.3,No Downtime,59.7,62,52,2,50,3.33,96.15,83.87,99.5,84.57,80.91,5.32,32.65,1
PureGlow Soaps International (Fictional Dummy Company),Global Manufacturing Head - PureGlow Soaps,Australia,Australia,Brisbane,FCT027,Brisbane Soap Plant,LN0081,Line-3,2026-07-10 04:00:00,2026-07-10,4,Night,Rose Bar Soap,1.4,60.0,35.8,Machine Breakdown,24.2,84,31,1,30,1.99,96.77,36.9,40.33,91.5,35.71,3.05,14.96,1
PureGlow Soaps International (Fictional Dummy Company),Global Manufacturing Head - PureGlow Soaps,Australia,Australia,Brisbane,FCT027,Brisbane Soap Plant,LN0079,Line-1,2026-07-10 05:00:00,2026-07-10,5,Night,Neem Bar Soap,1.41,60.0,17.5,Preventive Maintenance,42.5,85,61,4,57,6.1,93.44,71.76,70.83,101.79,67.37,6.34,17.32,1
PureGlow Soaps International (Fictional Dummy Company),Global Manufacturing Head - PureGlow Soaps,Australia,Australia,Brisbane,FCT027,Brisbane Soap Plant,LN0080,Line-2,2026-07-10 05:00:00,2026-07-10,5,Night,Charcoal Bar Soap,1.03,60.0,30.6,Material Shortage,29.4,62,27,0,27,0.0,100.0,43.55,49.0,89.16,43.69,2.31,15.78,2
PureGlow Soaps International (Fictional Dummy Company),Global Manufacturing Head - PureGlow Soaps,Australia,Australia,Brisbane,FCT027,Brisbane Soap Plant,LN0081,Line-3,2026-07-10 05:00:00,2026-07-10,5,Night,Rose Bar Soap,1.4,60.0,21.6,Machine Breakdown,38.4,84,44,2,42,3.7,95.45,52.38,64.0,81.85,50.0,4.65,21.85,1
PureGlow Soaps International (Fictional Dummy Company),Global Manufacturing Head - PureGlow Soaps,Australia,Australia,Brisbane,FCT027,Brisbane Soap Plant,LN0079,Line-1,2026-07-10 06:00:00,2026-07-10,6,Morning,Neem Bar Soap,1.41,60.0,41.5,Machine Breakdown,18.5,85,27,1,26,3.9,96.3,31.76,30.83,103.51,30.73,2.52,7.64,3
PureGlow Soaps International (Fictional Dummy Company),Global Manufacturing Head - PureGlow Soaps,Australia,Australia,Brisbane,FCT027,Brisbane Soap Plant,LN0080,Line-2,2026-07-10 06:00:00,2026-07-10,6,Morning,Charcoal Bar Soap,1.03,60.0,33.6,Material Shortage,26.4,62,25,1,24,3.47,96.0,40.32,44.0,91.94,38.84,2.37,13.13,2
PureGlow Soaps International (Fictional Dummy Company),Global Manufacturing Head - PureGlow Soaps,Australia,Australia,Brisbane,FCT027,Brisbane Soap Plant,LN0081,Line-3,2026-07-10 06:00:00,2026-07-10,6,Morning,Rose Bar Soap,1.4,60.0,12.0,Machine Breakdown,48.0,84,60,3,57,4.25,95.0,71.43,80.0,89.29,67.86,5.77,31.13,2
PureGlow Soaps International (Fictional Dummy Company),Global Manufacturing Head - PureGlow Soaps,Australia,Australia,Brisbane,FCT027,Brisbane Soap Plant,LN0079,Line-1,2026-07-10 07:00:00,2026-07-10,7,Morning,Neem Bar Soap,1.41,60.0,14.0,Quality Hold,46.0,85,66,6,60,8.66,90.91,77.65,76.67,101.76,70.93,6.32,19.48,2
PureGlow Soaps International (Fictional Dummy Company),Global Manufacturing Head - PureGlow Soaps,Australia,Australia,Brisbane,FCT027,Brisbane Soap Plant,LN0080,Line-2,2026-07-10 07:00:00,2026-07-10,7,Morning,Charcoal Bar Soap,1.03,60.0,44.5,Machine Breakdown,15.5,62,14,1,13,4.36,92.86,22.58,25.83,87.69,21.03,1.29,7.8,2
PureGlow Soaps International (Fictional Dummy Company),Global Manufacturing Head - PureGlow Soaps,Australia,Australia,Brisbane,FCT027,Brisbane Soap Plant,LN0081,Line-3,2026-07-10 07:00:00,2026-07-10,7,Morning,Rose Bar Soap,1.4,60.0,9.8,Changeover/Setup,50.2,84,71,1,70,1.33,98.59,84.52,83.67,101.02,83.33,6.31,30.14,3
PureGlow Soaps International (Fictional Dummy Company),Global Manufacturing Head - PureGlow Soaps,Australia,Australia,Brisbane,FCT027,Brisbane Soap Plant,LN0079,Line-1,2026-07-10 08:00:00,2026-07-10,8,Morning,Neem Bar Soap,1.41,60.0,1.6,No Downtime,58.4,85,75,4,71,4.96,94.67,88.24,97.33,91.08,83.92,7.21,22.78,2
PureGlow Soaps International (Fictional Dummy Company),Global Manufacturing Head - PureGlow Soaps,Australia,Australia,Brisbane,FCT027,Brisbane Soap Plant,LN0080,Line-2,2026-07-10 08:00:00,2026-07-10,8,Morning,Charcoal Bar Soap,1.03,60.0,5.6,Changeover/Setup,54.4,62,49,2,47,4.6,95.92,79.03,90.67,87.45,76.06,4.61,27.59,1
PureGlow Soaps International (Fictional Dummy Company),Global Manufacturing Head - PureGlow Soaps,Australia,Australia,Brisbane,FCT027,Brisbane Soap Plant,LN0081,Line-3,2026-07-10 08:00:00,2026-07-10,8,Morning,Rose Bar Soap,1.4,60.0,29.8,Material Shortage,30.2,84,35,1,34,2.08,97.14,41.67,50.33,82.78,40.47,3.01,18.19,3
PureGlow Soaps International (Fictional Dummy Company),Global Manufacturing Head - PureGlow Soaps,Australia,Australia,Brisbane,FCT027,Brisbane Soap Plant,LN0079,Line-1,2026-07-10 09:00:00,2026-07-10,9,Morning,Neem Bar Soap,1.41,60.0,0.7,No Downtime,59.3,85,78,2,76,2.17,97.44,91.76,98.83,93.29,89.84,7.14,25.01,1
PureGlow Soaps International (Fictional Dummy Company),Global Manufacturing Head - PureGlow Soaps,Australia,Australia,Brisbane,FCT027,Brisbane Soap Plant,LN0080,Line-2,2026-07-10 09:00:00,2026-07-10,9,Morning,Charcoal Bar Soap,1.03,60.0,2.1,No Downtime,57.9,62,56,2,54,3.37,96.43,90.32,96.5,93.9,87.38,6.12,27.12,3
PureGlow Soaps International (Fictional Dummy Company),Global Manufacturing Head - PureGlow Soaps,Australia,Australia,Brisbane,FCT027,Brisbane Soap Plant,LN0081,Line-3,2026-07-10 09:00:00,2026-07-10,9,Morning,Rose Bar Soap,1.4,60.0,31.7,Preventive Maintenance,28.3,84,32,1,31,2.07,96.88,38.1,47.17,80.77,36.91,3.2,18.17,2
PureGlow Soaps International (Fictional Dummy Company),Global Manufacturing Head - PureGlow Soaps,Australia,Australia,Brisbane,FCT027,Brisbane Soap Plant,LN0079,Line-1,2026-07-10 10:00:00,2026-07-10,10,Morning,Neem Bar Soap,1.41,60.0,33.1,Material Shortage,26.9,85,30,1,29,1.81,96.67,35.29,44.83,79.1,34.28,3.15,10.88,1
PureGlow Soaps International (Fictional Dummy Company),Global Manufacturing Head - PureGlow Soaps,Australia,Australia,Brisbane,FCT027,Brisbane Soap Plant,LN0080,Line-2,2026-07-10 10:00:00,2026-07-10,10,Morning,Charcoal Bar Soap,1.03,60.0,42.0,Machine Breakdown,18.0,62,17,0,17,2.68,100.0,27.42,30.0,91.69,27.51,1.76,8.63,2
PureGlow Soaps International (Fictional Dummy Company),Global Manufacturing Head - PureGlow Soaps,Australia,Australia,Brisbane,FCT027,Brisbane Soap Plant,LN0081,Line-3,2026-07-10 10:00:00,2026-07-10,10,Morning,Rose Bar Soap,1.4,60.0,31.4,Preventive Maintenance,28.6,84,39,2,37,5.2,94.87,46.43,47.67,97.4,44.05,3.94,17.73,2
PureGlow Soaps International (Fictional Dummy Company),Global Manufacturing Head - PureGlow Soaps,Australia,Australia,Brisbane,FCT027,Brisbane Soap Plant,LN0079,Line-1,2026-07-10 11:00:00,2026-07-10,11,Morning,Neem Bar Soap,1.41,60.0,0.9,No Downtime,59.1,85,72,2,70,2.6,97.22,84.71,98.5,86.4,82.74,7.88,23.32,1
PureGlow Soaps International (Fictional Dummy Company),Global Manufacturing Head - PureGlow Soaps,Australia,Australia,Brisbane,FCT027,Brisbane Soap Plant,LN0080,Line-2,2026-07-10 11:00:00,2026-07-10,11,Morning,Charcoal Bar Soap,1.03,60.0,15.2,Changeover/Setup,44.8,62,38,1,37,2.24,97.37,61.29,74.67,82.35,59.87,3.64,21.45,1
PureGlow Soaps International (Fictional Dummy Company),Global Manufacturing Head - PureGlow Soaps,Australia,Australia,Brisbane,FCT027,Brisbane Soap Plant,LN0081,Line-3,2026-07-10 11:00:00,2026-07-10,11,Morning,Rose Bar Soap,1.4,60.0,35.3,Preventive Maintenance,24.7,84,34,1,33,3.25,97.06,40.48,41.17,98.32,39.29,3.0,13.89,2
PureGlow Soaps International (Fictional Dummy Company),Global Manufacturing Head - PureGlow Soaps,Australia,Australia,Brisbane,FCT027,Brisbane Soap Plant,LN0079,Line-1,2026-07-10 12:00:00,2026-07-10,12,Morning,Neem Bar Soap,1.41,60.0,1.4,No Downtime,58.6,85,83,1,82,1.65,98.8,97.65,97.67,100.45,96.93,8.47,25.06,3
PureGlow Soaps International (Fictional Dummy Company),Global Manufacturing Head - PureGlow Soaps,Australia,Australia,Brisbane,FCT027,Brisbane Soap Plant,LN0080,Line-2,2026-07-10 12:00:00,2026-07-10,12,Morning,Charcoal Bar Soap,1.03,60.0,18.8,Quality Hold,41.2,62,38,4,34,11.08,89.47,61.29,68.67,89.55,55.02,3.92,19.19,1
PureGlow Soaps International (Fictional Dummy Company),Global Manufacturing Head - PureGlow Soaps,Australia,Australia,Brisbane,FCT027,Brisbane Soap Plant,LN0081,Line-3,2026-07-10 12:00:00,2026-07-10,12,Morning,Rose Bar Soap,1.4,60.0,1.8,No Downtime,58.2,84,72,2,70,2.16,97.22,85.71,97.0,88.37,83.34,6.66,32.43,1
PureGlow Soaps International (Fictional Dummy Company),Global Manufacturing Head - PureGlow Soaps,Australia,Australia,Brisbane,FCT027,Brisbane Soap Plant,LN0079,Line-1,2026-07-10 13:00:00,2026-07-10,13,Morning,Neem Bar Soap,1.41,60.0,3.0,No Downtime,57.0,85,69,2,67,2.68,97.1,81.18,95.0,85.85,79.19,7.0,21.99,1
PureGlow Soaps International (Fictional Dummy Company),Global Manufacturing Head - PureGlow Soaps,Australia,Australia,Brisbane,FCT027,Brisbane Soap Plant,LN0080,Line-2,2026-07-10 13:00:00,2026-07-10,13,Morning,Charcoal Bar Soap,1.03,60.0,2.6,No Downtime,57.4,62,61,3,58,4.83,95.08,98.39,95.67,103.18,93.86,6.25,28.65,2
PureGlow Soaps International (Fictional Dummy Company),Global Manufacturing Head - PureGlow Soaps,Australia,Australia,Brisbane,FCT027,Brisbane Soap Plant,LN0081,Line-3,2026-07-10 13:00:00,2026-07-10,13,Morning,Rose Bar Soap,1.4,60.0,0.3,No Downtime,59.7,84,83,2,81,2.83,97.59,98.81,99.5,99.31,96.43,7.85,38.75,2
PureGlow Soaps International (Fictional Dummy Company),Global Manufacturing Head - PureGlow Soaps,Australia,Australia,Brisbane,FCT027,Brisbane Soap Plant,LN0079,Line-1,2026-07-10 14:00:00,2026-07-10,14,Afternoon,Neem Bar Soap,1.41,60.0,22.4,Material Shortage,37.6,85,47,2,45,3.42,95.74,55.29,62.67,88.65,53.19,5.03,16.15,3
PureGlow Soaps International (Fictional Dummy Company),Global Manufacturing Head - PureGlow Soaps,Australia,Australia,Brisbane,FCT027,Brisbane Soap Plant,LN0080,Line-2,2026-07-10 14:00:00,2026-07-10,14,Afternoon,Charcoal Bar Soap,1.03,60.0,26.0,Preventive Maintenance,34.0,62,30,1,29,4.99,96.67,48.39,56.67,85.67,46.93,3.12,16.28,2
PureGlow Soaps International (Fictional Dummy Company),Global Manufacturing Head - PureGlow Soaps,Australia,Australia,Brisbane,FCT027,Brisbane Soap Plant,LN0081,Line-3,2026-07-10 14:00:00,2026-07-10,14,Afternoon,Rose Bar Soap,1.4,60.0,18.6,Changeover/Setup,41.4,84,49,1,48,2.53,97.96,58.33,69.0,84.54,57.14,5.14,25.18,1
PureGlow Soaps International (Fictional Dummy Company),Global Manufacturing Head - PureGlow Soaps,Australia,Australia,Brisbane,FCT027,Brisbane Soap Plant,LN0079,Line-1,2026-07-10 15:00:00,2026-07-10,15,Afternoon,Neem Bar Soap,1.41,60.0,6.0,Changeover/Setup,54.0,85,62,2,60,2.85,96.77,72.94,90.0,81.43,70.92,5.7,21.29,2
PureGlow Soaps International (Fictional Dummy Company),Global Manufacturing Head - PureGlow Soaps,Australia,Australia,Brisbane,FCT027,Brisbane Soap Plant,LN0080,Line-2,2026-07-10 15:00:00,2026-07-10,15,Afternoon,Charcoal Bar Soap,1.03,60.0,7.0,Changeover/Setup,53.0,62,53,0,53,0.0,100.0,85.48,88.33,97.09,85.76,5.39,26.1,1
PureGlow Soaps International (Fictional Dummy Company),Global Manufacturing Head - PureGlow Soaps,Australia,Australia,Brisbane,FCT027,Brisbane Soap Plant,LN0081,Line-3,2026-07-10 15:00:00,2026-07-10,15,Afternoon,Rose Bar Soap,1.4,60.0,14.0,Power Outage,46.0,84,60,3,57,4.49,95.0,71.43,76.67,93.17,67.86,6.39,25.67,2
PureGlow Soaps International (Fictional Dummy Company),Global Manufacturing Head - PureGlow Soaps,Australia,Australia,Brisbane,FCT027,Brisbane Soap Plant,LN0079,Line-1,2026-07-10 16:00:00,2026-07-10,16,Afternoon,Neem Bar Soap,1.41,60.0,10.3,Material Shortage,49.7,85,68,3,65,3.84,95.59,80.0,82.83,97.04,76.83,6.66,18.11,1
PureGlow Soaps International (Fictional Dummy Company),Global Manufacturing Head - PureGlow Soaps,Australia,Australia,Brisbane,FCT027,Brisbane Soap Plant,LN0080,Line-2,2026-07-10 16:00:00,2026-07-10,16,Afternoon,Charcoal Bar Soap,1.03,60.0,0.5,No Downtime,59.5,62,62,2,60,2.66,96.77,100.0,99.17,101.17,97.09,6.34,28.51,1
PureGlow Soaps International (Fictional Dummy Company),Global Manufacturing Head - PureGlow Soaps,Australia,Australia,Brisbane,FCT027,Brisbane Soap Plant,LN0081,Line-3,2026-07-10 16:00:00,2026-07-10,16,Afternoon,Rose Bar Soap,1.4,60.0,4.0,No Downtime,56.0,84,68,4,64,5.28,94.12,80.95,93.33,86.73,76.19,7.38,33.5,3
PureGlow Soaps International (Fictional Dummy Company),Global Manufacturing Head - PureGlow Soaps,Australia,Australia,Brisbane,FCT027,Brisbane Soap Plant,LN0079,Line-1,2026-07-10 17:00:00,2026-07-10,17,Afternoon,Neem Bar Soap,1.41,60.0,3.1,No Downtime,56.9,85,65,2,63,2.52,96.92,76.47,94.83,81.02,74.46,6.49,22.76,3
PureGlow Soaps International (Fictional Dummy Company),Global Manufacturing Head - PureGlow Soaps,Australia,Australia,Brisbane,FCT027,Brisbane Soap Plant,LN0080,Line-2,2026-07-10 17:00:00,2026-07-10,17,Afternoon,Charcoal Bar Soap,1.03,60.0,13.7,Quality Hold,46.3,62,43,2,41,4.85,95.35,69.35,77.17,90.17,66.35,3.91,24.97,3
PureGlow Soaps International (Fictional Dummy Company),Global Manufacturing Head - PureGlow Soaps,Australia,Australia,Brisbane,FCT027,Brisbane Soap Plant,LN0081,Line-3,2026-07-10 17:00:00,2026-07-10,17,Afternoon,Rose Bar Soap,1.4,60.0,3.0,No Downtime,57.0,84,68,1,67,1.87,98.53,80.95,95.0,85.21,79.76,6.34,37.52,1
PureGlow Soaps International (Fictional Dummy Company),Global Manufacturing Head - PureGlow Soaps,Australia,Australia,Brisbane,FCT027,Brisbane Soap Plant,LN0079,Line-1,2026-07-10 18:00:00,2026-07-10,18,Afternoon,Neem Bar Soap,1.41,60.0,19.3,Quality Hold,40.7,85,48,4,44,9.37,91.67,56.47,67.83,83.64,52.01,4.92,15.33,3
PureGlow Soaps International (Fictional Dummy Company),Global Manufacturing Head - PureGlow Soaps,Australia,Australia,Brisbane,FCT027,Brisbane Soap Plant,LN0080,Line-2,2026-07-10 18:00:00,2026-07-10,18,Afternoon,Charcoal Bar Soap,1.03,60.0,3.3,No Downtime,56.7,62,55,4,51,6.48,92.73,88.71,94.5,94.18,82.53,5.1,30.34,3
PureGlow Soaps International (Fictional Dummy Company),Global Manufacturing Head - PureGlow Soaps,Australia,Australia,Brisbane,FCT027,Brisbane Soap Plant,LN0081,Line-3,2026-07-10 18:00:00,2026-07-10,18,Afternoon,Rose Bar Soap,1.4,60.0,10.9,Machine Breakdown,49.1,84,57,2,55,3.27,96.49,67.86,81.83,82.92,65.47,5.7,28.1,1
PureGlow Soaps International (Fictional Dummy Company),Global Manufacturing Head - PureGlow Soaps,Australia,Australia,Brisbane,FCT027,Brisbane Soap Plant,LN0079,Line-1,2026-07-10 19:00:00,2026-07-10,19,Afternoon,Neem Bar Soap,1.41,60.0,13.3,Changeover/Setup,46.7,85,62,1,61,2.36,98.39,72.94,77.83,94.16,72.1,5.82,18.19,2
PureGlow Soaps International (Fictional Dummy Company),Global Manufacturing Head - PureGlow Soaps,Australia,Australia,Brisbane,FCT027,Brisbane Soap Plant,LN0080,Line-2,2026-07-10 19:00:00,2026-07-10,19,Afternoon,Charcoal Bar Soap,1.03,60.0,11.6,Power Outage,48.4,62,51,1,50,2.21,98.04,82.26,80.67,102.3,80.91,4.67,24.26,3
PureGlow Soaps International (Fictional Dummy Company),Global Manufacturing Head - PureGlow Soaps,Australia,Australia,Brisbane,FCT027,Brisbane Soap Plant,LN0081,Line-3,2026-07-10 19:00:00,2026-07-10,19,Afternoon,Rose Bar Soap,1.4,60.0,1.2,No Downtime,58.8,84,80,3,77,3.46,96.25,95.24,98.0,97.18,91.67,7.77,34.84,3
PureGlow Soaps International (Fictional Dummy Company),Global Manufacturing Head - PureGlow Soaps,Australia,Australia,Brisbane,FCT027,Brisbane Soap Plant,LN0079,Line-1,2026-07-10 20:00:00,2026-07-10,20,Afternoon,Neem Bar Soap,1.41,60.0,1.7,No Downtime,58.3,85,77,3,74,4.34,96.1,90.59,97.17,93.67,87.47,6.88,24.81,3
PureGlow Soaps International (Fictional Dummy Company),Global Manufacturing Head - PureGlow Soaps,Australia,Australia,Brisbane,FCT027,Brisbane Soap Plant,LN0080,Line-2,2026-07-10 20:00:00,2026-07-10,20,Afternoon,Charcoal Bar Soap,1.03,60.0,8.5,Power Outage,51.5,62,50,2,48,4.66,96.0,80.65,85.83,94.26,77.67,4.99,27.54,1
PureGlow Soaps International (Fictional Dummy Company),Global Manufacturing Head - PureGlow Soaps,Australia,Australia,Brisbane,FCT027,Brisbane Soap Plant,LN0081,Line-3,2026-07-10 20:00:00,2026-07-10,20,Afternoon,Rose Bar Soap,1.4,60.0,20.3,Power Outage,39.7,84,45,1,44,2.76,97.78,53.57,66.17,80.96,52.38,4.2,24.64,3
PureGlow Soaps International (Fictional Dummy Company),Global Manufacturing Head - PureGlow Soaps,Australia,Australia,Brisbane,FCT027,Brisbane Soap Plant,LN0079,Line-1,2026-07-10 21:00:00,2026-07-10,21,Afternoon,Neem Bar Soap,1.41,60.0,0.7,No Downtime,59.3,85,75,4,71,5.62,94.67,88.24,98.83,89.7,83.93,7.44,23.1,1
PureGlow Soaps International (Fictional Dummy Company),Global Manufacturing Head - PureGlow Soaps,Australia,Australia,Brisbane,FCT027,Brisbane Soap Plant,LN0080,Line-2,2026-07-10 21:00:00,2026-07-10,21,Afternoon,Charcoal Bar Soap,1.03,60.0,18.7,Machine Breakdown,41.3,62,39,1,38,3.27,97.44,62.9,68.83,91.68,61.49,3.68,21.55,3
PureGlow Soaps International (Fictional Dummy Company),Global Manufacturing Head - PureGlow Soaps,Australia,Australia,Brisbane,FCT027,Brisbane Soap Plant,LN0081,Line-3,2026-07-10 21:00:00,2026-07-10,21,Afternoon,Rose Bar Soap,1.4,60.0,13.3,Quality Hold,46.7,84,67,6,61,8.69,91.04,79.76,77.83,102.48,72.61,5.94,30.78,3
PureGlow Soaps International (Fictional Dummy Company),Global Manufacturing Head - PureGlow Soaps,Australia,Australia,Brisbane,FCT027,Brisbane Soap Plant,LN0079,Line-1,2026-07-10 22:00:00,2026-07-10,22,Night,Neem Bar Soap,1.41,60.0,0.6,No Downtime,59.4,85,67,2,65,2.59,97.01,78.82,99.0,80.0,76.83,6.69,22.91,3
PureGlow Soaps International (Fictional Dummy Company),Global Manufacturing Head - PureGlow Soaps,Australia,Australia,Brisbane,FCT027,Brisbane Soap Plant,LN0080,Line-2,2026-07-10 22:00:00,2026-07-10,22,Night,Charcoal Bar Soap,1.03,60.0,14.8,Changeover/Setup,45.2,62,44,1,43,2.37,97.73,70.97,75.33,94.51,69.58,4.3,24.22,2
PureGlow Soaps International (Fictional Dummy Company),Global Manufacturing Head - PureGlow Soaps,Australia,Australia,Brisbane,FCT027,Brisbane Soap Plant,LN0081,Line-3,2026-07-10 22:00:00,2026-07-10,22,Night,Rose Bar Soap,1.4,60.0,2.6,No Downtime,57.4,84,75,2,73,3.07,97.33,89.29,95.67,93.33,86.9,7.72,32.89,3
PureGlow Soaps International (Fictional Dummy Company),Global Manufacturing Head - PureGlow Soaps,Australia,Australia,Brisbane,FCT027,Brisbane Soap Plant,LN0079,Line-1,2026-07-10 23:00:00,2026-07-10,23,Night,Neem Bar Soap,1.41,60.0,23.2,Machine Breakdown,36.8,85,43,1,42,2.07,97.67,50.59,61.33,82.87,49.64,3.89,15.65,3
PureGlow Soaps International (Fictional Dummy Company),Global Manufacturing Head - PureGlow Soaps,Australia,Australia,Brisbane,FCT027,Brisbane Soap Plant,LN0080,Line-2,2026-07-10 23:00:00,2026-07-10,23,Night,Charcoal Bar Soap,1.03,60.0,1.5,No Downtime,58.5,62,52,1,51,1.29,98.08,83.87,97.5,86.3,82.53,5.15,30.41,3
PureGlow Soaps International (Fictional Dummy Company),Global Manufacturing Head - PureGlow Soaps,Australia,Australia,Brisbane,FCT027,Brisbane Soap Plant,LN0081,Line-3,2026-07-10 23:00:00,2026-07-10,23,Night,Rose Bar Soap,1.4,60.0,1.5,No Downtime,58.5,84,69,1,68,1.63,98.55,82.14,97.5,84.25,80.95,6.83,35.85,2
