Company,Global_Head,Continent,Country,City,Factory_ID,Factory_Name,Production_Line_ID,Production_Line_Name,Timestamp,Date,Hour_of_Day,Shift,Product_SKU,Rated_Speed_Units_per_Min,Planned_Runtime_Minutes,Downtime_Minutes,Downtime_Reason,Actual_Runtime_Minutes,Planned_Target_Units,Actual_Units_Produced,Rejected_Units,Good_Units,Defect_Rate_Percent,Quality_Score_Percent,Production_Attainment_Percent,Availability_Percent,Performance_Percent,OEE_Percent,Raw_Material_Consumed_Kg,Energy_Consumed_kWh,Operator_Count
PureGlow Soaps International (Fictional Dummy Company),Global Manufacturing Head - PureGlow Soaps,Australia,Australia,Melbourne,FCT026,Melbourne Soap Plant,LN0076,Line-1,2026-07-01 00:00:00,2026-07-01,0,Night,Coconut Bar Soap,1.19,60.0,0.1,No Downtime,59.9,71,70,1,69,1.41,98.57,98.59,99.83,98.2,96.63,7.44,21.88,2
PureGlow Soaps International (Fictional Dummy Company),Global Manufacturing Head - PureGlow Soaps,Australia,Australia,Melbourne,FCT026,Melbourne Soap Plant,LN0077,Line-2,2026-07-01 00:00:00,2026-07-01,0,Night,Lavender Bar Soap,1.05,60.0,14.8,Machine Breakdown,45.2,63,41,1,40,3.53,97.56,65.08,75.33,86.39,63.49,4.38,14.92,3
PureGlow Soaps International (Fictional Dummy Company),Global Manufacturing Head - PureGlow Soaps,Australia,Australia,Melbourne,FCT026,Melbourne Soap Plant,LN0078,Line-3,2026-07-01 00:00:00,2026-07-01,0,Night,Sandalwood Bar Soap,1.22,60.0,21.5,Material Shortage,38.5,73,39,1,38,1.45,97.44,53.42,64.17,83.03,51.92,3.56,10.15,3
PureGlow Soaps International (Fictional Dummy Company),Global Manufacturing Head - PureGlow Soaps,Australia,Australia,Melbourne,FCT026,Melbourne Soap Plant,LN0076,Line-1,2026-07-01 01:00:00,2026-07-01,1,Night,Coconut Bar Soap,1.19,60.0,3.3,No Downtime,56.7,71,64,1,63,2.28,98.44,90.14,94.5,94.85,88.23,5.72,22.79,3
PureGlow Soaps International (Fictional Dummy Company),Global Manufacturing Head - PureGlow Soaps,Australia,Australia,Melbourne,FCT026,Melbourne Soap Plant,LN0077,Line-2,2026-07-01 01:00:00,2026-07-01,1,Night,Lavender Bar Soap,1.05,60.0,41.4,Machine Breakdown,18.6,63,16,0,16,1.5,100.0,25.4,31.0,81.93,25.4,1.61,6.12,1
PureGlow Soaps International (Fictional Dummy Company),Global Manufacturing Head - PureGlow Soaps,Australia,Australia,Melbourne,FCT026,Melbourne Soap Plant,LN0078,Line-3,2026-07-01 01:00:00,2026-07-01,1,Night,Sandalwood Bar Soap,1.22,60.0,20.0,Machine Breakdown,40.0,73,42,1,41,1.69,97.62,57.53,66.67,86.07,56.02,4.12,9.38,2
PureGlow Soaps International (Fictional Dummy Company),Global Manufacturing Head - PureGlow Soaps,Australia,Australia,Melbourne,FCT026,Melbourne Soap Plant,LN0076,Line-1,2026-07-01 02:00:00,2026-07-01,2,Night,Coconut Bar Soap,1.19,60.0,33.0,Preventive Maintenance,27.0,71,32,1,31,2.63,96.88,45.07,45.0,99.6,43.42,3.09,10.31,1
PureGlow Soaps International (Fictional Dummy Company),Global Manufacturing Head - PureGlow Soaps,Australia,Australia,Melbourne,FCT026,Melbourne Soap Plant,LN0077,Line-2,2026-07-01 02:00:00,2026-07-01,2,Night,Lavender Bar Soap,1.05,60.0,10.1,Changeover/Setup,49.9,63,48,1,47,2.07,97.92,76.19,83.17,91.61,74.61,4.88,15.09,3
PureGlow Soaps International (Fictional Dummy Company),Global Manufacturing Head - PureGlow Soaps,Australia,Australia,Melbourne,FCT026,Melbourne Soap Plant,LN0078,Line-3,2026-07-01 02:00:00,2026-07-01,2,Night,Sandalwood Bar Soap,1.22,60.0,2.8,No Downtime,57.2,73,60,1,59,2.24,98.33,82.19,95.33,85.98,80.6,5.48,15.62,1
PureGlow Soaps International (Fictional Dummy Company),Global Manufacturing Head - PureGlow Soaps,Australia,Australia,Melbourne,FCT026,Melbourne Soap Plant,LN0076,Line-1,2026-07-01 03:00:00,2026-07-01,3,Night,Coconut Bar Soap,1.19,60.0,1.6,No Downtime,58.4,71,68,2,66,3.4,97.06,95.77,97.33,97.85,92.44,6.67,21.08,2
PureGlow Soaps International (Fictional Dummy Company),Global Manufacturing Head - PureGlow Soaps,Australia,Australia,Melbourne,FCT026,Melbourne Soap Plant,LN0077,Line-2,2026-07-01 03:00:00,2026-07-01,3,Night,Lavender Bar Soap,1.05,60.0,17.8,Preventive Maintenance,42.2,63,35,1,34,4.21,97.14,55.56,70.33,78.99,53.96,3.02,12.51,1
PureGlow Soaps International (Fictional Dummy Company),Global Manufacturing Head - PureGlow Soaps,Australia,Australia,Melbourne,FCT026,Melbourne Soap Plant,LN0078,Line-3,2026-07-01 03:00:00,2026-07-01,3,Night,Sandalwood Bar Soap,1.22,60.0,1.1,No Downtime,58.9,73,69,3,66,4.32,95.65,94.52,98.17,96.02,90.16,7.08,14.42,3
PureGlow Soaps International (Fictional Dummy Company),Global Manufacturing Head - PureGlow Soaps,Australia,Australia,Melbourne,FCT026,Melbourne Soap Plant,LN0076,Line-1,2026-07-01 04:00:00,2026-07-01,4,Night,Coconut Bar Soap,1.19,60.0,5.7,Changeover/Setup,54.3,71,61,2,59,3.65,96.72,85.92,90.5,94.4,82.63,5.89,19.55,3
PureGlow Soaps International (Fictional Dummy Company),Global Manufacturing Head - PureGlow Soaps,Australia,Australia,Melbourne,FCT026,Melbourne Soap Plant,LN0077,Line-2,2026-07-01 04:00:00,2026-07-01,4,Night,Lavender Bar Soap,1.05,60.0,23.4,Power Outage,36.6,63,36,1,35,2.9,97.22,57.14,61.0,93.68,55.56,3.29,10.06,3
PureGlow Soaps International (Fictional Dummy Company),Global Manufacturing Head - PureGlow Soaps,Australia,Australia,Melbourne,FCT026,Melbourne Soap Plant,LN0078,Line-3,2026-07-01 04:00:00,2026-07-01,4,Night,Sandalwood Bar Soap,1.22,60.0,31.5,Preventive Maintenance,28.5,73,28,1,27,4.28,96.43,38.36,47.5,80.53,36.89,2.81,6.92,2
PureGlow Soaps International (Fictional Dummy Company),Global Manufacturing Head - PureGlow Soaps,Australia,Australia,Melbourne,FCT026,Melbourne Soap Plant,LN0076,Line-1,2026-07-01 05:00:00,2026-07-01,5,Night,Coconut Bar Soap,1.19,60.0,1.4,No Downtime,58.6,71,59,2,57,3.55,96.61,83.1,97.67,84.61,79.84,5.97,21.86,1
PureGlow Soaps International (Fictional Dummy Company),Global Manufacturing Head - PureGlow Soaps,Australia,Australia,Melbourne,FCT026,Melbourne Soap Plant,LN0077,Line-2,2026-07-01 05:00:00,2026-07-01,5,Night,Lavender Bar Soap,1.05,60.0,36.4,Preventive Maintenance,23.6,63,21,1,20,5.82,95.24,33.33,39.33,84.75,31.75,2.05,7.44,1
PureGlow Soaps International (Fictional Dummy Company),Global Manufacturing Head - PureGlow Soaps,Australia,Australia,Melbourne,FCT026,Melbourne Soap Plant,LN0078,Line-3,2026-07-01 05:00:00,2026-07-01,5,Night,Sandalwood Bar Soap,1.22,60.0,31.6,Preventive Maintenance,28.4,73,30,1,29,2.57,96.67,41.1,47.33,86.59,39.62,2.97,7.26,3
PureGlow Soaps International (Fictional Dummy Company),Global Manufacturing Head - PureGlow Soaps,Australia,Australia,Melbourne,FCT026,Melbourne Soap Plant,LN0076,Line-1,2026-07-01 06:00:00,2026-07-01,6,Morning,Coconut Bar Soap,1.19,60.0,18.0,Changeover/Setup,42.0,71,43,1,42,1.95,97.67,60.56,70.0,86.03,58.82,4.6,17.0,1
PureGlow Soaps International (Fictional Dummy Company),Global Manufacturing Head - PureGlow Soaps,Australia,Australia,Melbourne,FCT026,Melbourne Soap Plant,LN0077,Line-2,2026-07-01 06:00:00,2026-07-01,6,Morning,Lavender Bar Soap,1.05,60.0,1.4,No Downtime,58.6,63,50,1,49,2.33,98.0,79.37,97.67,81.26,77.78,4.39,18.49,3
PureGlow Soaps International (Fictional Dummy Company),Global Manufacturing Head - PureGlow Soaps,Australia,Australia,Melbourne,FCT026,Melbourne Soap Plant,LN0078,Line-3,2026-07-01 06:00:00,2026-07-01,6,Morning,Sandalwood Bar Soap,1.22,60.0,22.2,Power Outage,37.8,73,47,1,46,2.9,97.87,64.38,63.0,101.92,62.84,4.17,9.08,2
PureGlow Soaps International (Fictional Dummy Company),Global Manufacturing Head - PureGlow Soaps,Australia,Australia,Melbourne,FCT026,Melbourne Soap Plant,LN0076,Line-1,2026-07-01 07:00:00,2026-07-01,7,Morning,Coconut Bar Soap,1.19,60.0,38.6,Preventive Maintenance,21.4,71,21,1,20,3.58,95.24,29.58,35.67,82.46,28.01,1.86,7.96,2
PureGlow Soaps International (Fictional Dummy Company),Global Manufacturing Head - PureGlow Soaps,Australia,Australia,Melbourne,FCT026,Melbourne Soap Plant,LN0077,Line-2,2026-07-01 07:00:00,2026-07-01,7,Morning,Lavender Bar Soap,1.05,60.0,2.9,No Downtime,57.1,63,61,1,60,1.97,98.36,96.83,95.17,101.74,95.24,5.43,18.29,1
PureGlow Soaps International (Fictional Dummy Company),Global Manufacturing Head - PureGlow Soaps,Australia,Australia,Melbourne,FCT026,Melbourne Soap Plant,LN0078,Line-3,2026-07-01 07:00:00,2026-07-01,7,Morning,Sandalwood Bar Soap,1.22,60.0,1.3,No Downtime,58.7,73,61,2,59,2.88,96.72,83.56,97.83,85.18,80.6,6.38,13.39,3
PureGlow Soaps International (Fictional Dummy Company),Global Manufacturing Head - PureGlow Soaps,Australia,Australia,Melbourne,FCT026,Melbourne Soap Plant,LN0076,Line-1,2026-07-01 08:00:00,2026-07-01,8,Morning,Coconut Bar Soap,1.19,60.0,24.3,Machine Breakdown,35.7,71,42,2,40,3.8,95.24,59.15,59.5,98.86,56.02,4.53,12.43,2
PureGlow Soaps International (Fictional Dummy Company),Global Manufacturing Head - PureGlow Soaps,Australia,Australia,Melbourne,FCT026,Melbourne Soap Plant,LN0077,Line-2,2026-07-01 08:00:00,2026-07-01,8,Morning,Lavender Bar Soap,1.05,60.0,9.9,Quality Hold,50.1,63,44,3,41,5.79,93.18,69.84,83.5,83.64,65.08,4.16,15.4,3
PureGlow Soaps International (Fictional Dummy Company),Global Manufacturing Head - PureGlow Soaps,Australia,Australia,Melbourne,FCT026,Melbourne Soap Plant,LN0078,Line-3,2026-07-01 08:00:00,2026-07-01,8,Morning,Sandalwood Bar Soap,1.22,60.0,1.4,No Downtime,58.6,73,64,2,62,2.7,96.88,87.67,97.67,89.52,84.71,6.16,13.68,2
PureGlow Soaps International (Fictional Dummy Company),Global Manufacturing Head - PureGlow Soaps,Australia,Australia,Melbourne,FCT026,Melbourne Soap Plant,LN0076,Line-1,2026-07-01 09:00:00,2026-07-01,9,Morning,Coconut Bar Soap,1.19,60.0,15.9,Material Shortage,44.1,71,47,2,45,3.75,95.74,66.2,73.5,89.56,63.02,4.59,16.45,3
PureGlow Soaps International (Fictional Dummy Company),Global Manufacturing Head - PureGlow Soaps,Australia,Australia,Melbourne,FCT026,Melbourne Soap Plant,LN0077,Line-2,2026-07-01 09:00:00,2026-07-01,9,Morning,Lavender Bar Soap,1.05,60.0,2.7,No Downtime,57.3,63,57,2,55,3.41,96.49,90.48,95.5,94.74,87.3,5.09,15.67,3
PureGlow Soaps International (Fictional Dummy Company),Global Manufacturing Head - PureGlow Soaps,Australia,Australia,Melbourne,FCT026,Melbourne Soap Plant,LN0078,Line-3,2026-07-01 09:00:00,2026-07-01,9,Morning,Sandalwood Bar Soap,1.22,60.0,33.3,Machine Breakdown,26.7,73,29,1,28,4.94,96.55,39.73,44.5,89.03,38.25,2.77,6.13,2
PureGlow Soaps International (Fictional Dummy Company),Global Manufacturing Head - PureGlow Soaps,Australia,Australia,Melbourne,FCT026,Melbourne Soap Plant,LN0076,Line-1,2026-07-01 10:00:00,2026-07-01,10,Morning,Coconut Bar Soap,1.19,60.0,0.8,No Downtime,59.2,71,68,3,65,3.75,95.59,95.77,98.67,96.53,91.05,7.4,23.63,1
PureGlow Soaps International (Fictional Dummy Company),Global Manufacturing Head - PureGlow Soaps,Australia,Australia,Melbourne,FCT026,Melbourne Soap Plant,LN0077,Line-2,2026-07-01 10:00:00,2026-07-01,10,Morning,Lavender Bar Soap,1.05,60.0,2.2,No Downtime,57.8,63,49,1,48,2.99,97.96,77.78,96.33,80.74,76.19,4.46,18.37,1
PureGlow Soaps International (Fictional Dummy Company),Global Manufacturing Head - PureGlow Soaps,Australia,Australia,Melbourne,FCT026,Melbourne Soap Plant,LN0078,Line-3,2026-07-01 10:00:00,2026-07-01,10,Morning,Sandalwood Bar Soap,1.22,60.0,29.0,Machine Breakdown,31.0,73,39,1,38,3.49,97.44,53.42,51.67,103.12,51.92,3.49,7.39,3
PureGlow Soaps International (Fictional Dummy Company),Global Manufacturing Head - PureGlow Soaps,Australia,Australia,Melbourne,FCT026,Melbourne Soap Plant,LN0076,Line-1,2026-07-01 11:00:00,2026-07-01,11,Morning,Coconut Bar Soap,1.19,60.0,1.6,No Downtime,58.4,71,57,2,55,3.5,96.49,80.28,97.33,82.02,77.03,5.1,21.56,2
PureGlow Soaps International (Fictional Dummy Company),Global Manufacturing Head - PureGlow Soaps,Australia,Australia,Melbourne,FCT026,Melbourne Soap Plant,LN0077,Line-2,2026-07-01 11:00:00,2026-07-01,11,Morning,Lavender Bar Soap,1.05,60.0,16.5,Changeover/Setup,43.5,63,38,1,37,1.73,97.37,60.32,72.5,83.2,58.73,3.72,14.25,1
PureGlow Soaps International (Fictional Dummy Company),Global Manufacturing Head - PureGlow Soaps,Australia,Australia,Melbourne,FCT026,Melbourne Soap Plant,LN0078,Line-3,2026-07-01 11:00:00,2026-07-01,11,Morning,Sandalwood Bar Soap,1.22,60.0,19.6,Material Shortage,40.4,73,40,1,39,3.16,97.5,54.79,67.33,81.16,53.28,4.17,9.96,3
PureGlow Soaps International (Fictional Dummy Company),Global Manufacturing Head - PureGlow Soaps,Australia,Australia,Melbourne,FCT026,Melbourne Soap Plant,LN0076,Line-1,2026-07-01 12:00:00,2026-07-01,12,Morning,Coconut Bar Soap,1.19,60.0,15.7,Material Shortage,44.3,71,52,2,50,4.65,96.15,73.24,73.83,98.64,70.02,5.17,17.87,1
PureGlow Soaps International (Fictional Dummy Company),Global Manufacturing Head - PureGlow Soaps,Australia,Australia,Melbourne,FCT026,Melbourne Soap Plant,LN0077,Line-2,2026-07-01 12:00:00,2026-07-01,12,Morning,Lavender Bar Soap,1.05,60.0,2.2,No Downtime,57.8,63,53,2,51,3.25,96.23,84.13,96.33,87.33,80.95,4.98,17.83,3
PureGlow Soaps International (Fictional Dummy Company),Global Manufacturing Head - PureGlow Soaps,Australia,Australia,Melbourne,FCT026,Melbourne Soap Plant,LN0078,Line-3,2026-07-01 12:00:00,2026-07-01,12,Morning,Sandalwood Bar Soap,1.22,60.0,17.0,Changeover/Setup,43.0,73,52,2,50,4.13,96.15,71.23,71.67,99.12,68.3,4.96,9.97,3
PureGlow Soaps International (Fictional Dummy Company),Global Manufacturing Head - PureGlow Soaps,Australia,Australia,Melbourne,FCT026,Melbourne Soap Plant,LN0076,Line-1,2026-07-01 13:00:00,2026-07-01,13,Morning,Coconut Bar Soap,1.19,60.0,1.1,No Downtime,58.9,71,69,1,68,1.4,98.55,97.18,98.17,98.44,95.24,5.96,23.11,3
PureGlow Soaps International (Fictional Dummy Company),Global Manufacturing Head - PureGlow Soaps,Australia,Australia,Melbourne,FCT026,Melbourne Soap Plant,LN0077,Line-2,2026-07-01 13:00:00,2026-07-01,13,Morning,Lavender Bar Soap,1.05,60.0,16.6,Changeover/Setup,43.4,63,38,0,38,1.05,100.0,60.32,72.33,83.39,60.32,3.47,13.55,1
PureGlow Soaps International (Fictional Dummy Company),Global Manufacturing Head - PureGlow Soaps,Australia,Australia,Melbourne,FCT026,Melbourne Soap Plant,LN0078,Line-3,2026-07-01 13:00:00,2026-07-01,13,Morning,Sandalwood Bar Soap,1.22,60.0,1.4,No Downtime,58.6,73,71,1,70,1.01,98.59,97.26,97.67,99.31,95.63,7.44,14.79,1
PureGlow Soaps International (Fictional Dummy Company),Global Manufacturing Head - PureGlow Soaps,Australia,Australia,Melbourne,FCT026,Melbourne Soap Plant,LN0076,Line-1,2026-07-01 14:00:00,2026-07-01,14,Afternoon,Coconut Bar Soap,1.19,60.0,6.7,Staff Shortage,53.3,71,57,2,55,4.0,96.49,80.28,88.83,89.87,77.03,6.21,18.48,3
PureGlow Soaps International (Fictional Dummy Company),Global Manufacturing Head - PureGlow Soaps,Australia,Australia,Melbourne,FCT026,Melbourne Soap Plant,LN0077,Line-2,2026-07-01 14:00:00,2026-07-01,14,Afternoon,Lavender Bar Soap,1.05,60.0,7.7,Power Outage,52.3,63,53,2,51,3.57,96.23,84.13,87.17,96.51,80.96,4.98,14.95,1
PureGlow Soaps International (Fictional Dummy Company),Global Manufacturing Head - PureGlow Soaps,Australia,Australia,Melbourne,FCT026,Melbourne Soap Plant,LN0078,Line-3,2026-07-01 14:00:00,2026-07-01,14,Afternoon,Sandalwood Bar Soap,1.22,60.0,3.9,No Downtime,56.1,73,56,1,55,1.1,98.21,76.71,93.5,81.82,75.13,4.81,13.48,2
PureGlow Soaps International (Fictional Dummy Company),Global Manufacturing Head - PureGlow Soaps,Australia,Australia,Melbourne,FCT026,Melbourne Soap Plant,LN0076,Line-1,2026-07-01 15:00:00,2026-07-01,15,Afternoon,Coconut Bar Soap,1.19,60.0,0.6,No Downtime,59.4,71,61,2,59,2.54,96.72,85.92,99.0,86.3,82.63,5.67,22.65,2
PureGlow Soaps International (Fictional Dummy Company),Global Manufacturing Head - PureGlow Soaps,Australia,Australia,Melbourne,FCT026,Melbourne Soap Plant,LN0077,Line-2,2026-07-01 15:00:00,2026-07-01,15,Afternoon,Lavender Bar Soap,1.05,60.0,10.2,Machine Breakdown,49.8,63,53,2,51,3.81,96.23,84.13,83.0,101.36,80.96,4.56,13.53,1
PureGlow Soaps International (Fictional Dummy Company),Global Manufacturing Head - PureGlow Soaps,Australia,Australia,Melbourne,FCT026,Melbourne Soap Plant,LN0078,Line-3,2026-07-01 15:00:00,2026-07-01,15,Afternoon,Sandalwood Bar Soap,1.22,60.0,27.7,Preventive Maintenance,32.3,73,37,1,36,3.49,97.3,50.68,53.83,93.89,49.18,3.76,7.4,2
PureGlow Soaps International (Fictional Dummy Company),Global Manufacturing Head - PureGlow Soaps,Australia,Australia,Melbourne,FCT026,Melbourne Soap Plant,LN0076,Line-1,2026-07-01 16:00:00,2026-07-01,16,Afternoon,Coconut Bar Soap,1.19,60.0,30.7,Material Shortage,29.3,71,32,1,31,1.61,96.88,45.07,48.83,91.78,43.42,2.76,10.11,2
PureGlow Soaps International (Fictional Dummy Company),Global Manufacturing Head - PureGlow Soaps,Australia,Australia,Melbourne,FCT026,Melbourne Soap Plant,LN0077,Line-2,2026-07-01 16:00:00,2026-07-01,16,Afternoon,Lavender Bar Soap,1.05,60.0,1.7,No Downtime,58.3,63,59,2,57,3.1,96.61,93.65,97.17,96.38,90.48,5.9,15.91,2
PureGlow Soaps International (Fictional Dummy Company),Global Manufacturing Head - PureGlow Soaps,Australia,Australia,Melbourne,FCT026,Melbourne Soap Plant,LN0078,Line-3,2026-07-01 16:00:00,2026-07-01,16,Afternoon,Sandalwood Bar Soap,1.22,60.0,20.8,Machine Breakdown,39.2,73,41,1,40,1.75,97.56,56.16,65.33,85.73,54.64,4.46,9.95,1
PureGlow Soaps International (Fictional Dummy Company),Global Manufacturing Head - PureGlow Soaps,Australia,Australia,Melbourne,FCT026,Melbourne Soap Plant,LN0076,Line-1,2026-07-01 17:00:00,2026-07-01,17,Afternoon,Coconut Bar Soap,1.19,60.0,20.5,Preventive Maintenance,39.5,71,45,1,44,2.18,97.78,63.38,65.83,95.73,61.62,4.27,16.43,3
PureGlow Soaps International (Fictional Dummy Company),Global Manufacturing Head - PureGlow Soaps,Australia,Australia,Melbourne,FCT026,Melbourne Soap Plant,LN0077,Line-2,2026-07-01 17:00:00,2026-07-01,17,Afternoon,Lavender Bar Soap,1.05,60.0,23.3,Material Shortage,36.7,63,37,1,36,1.6,97.3,58.73,61.17,96.02,57.15,4.07,11.97,3
PureGlow Soaps International (Fictional Dummy Company),Global Manufacturing Head - PureGlow Soaps,Australia,Australia,Melbourne,FCT026,Melbourne Soap Plant,LN0078,Line-3,2026-07-01 17:00:00,2026-07-01,17,Afternoon,Sandalwood Bar Soap,1.22,60.0,41.7,Machine Breakdown,18.3,73,19,1,18,3.24,94.74,26.03,30.5,85.1,24.59,2.03,5.08,2
PureGlow Soaps International (Fictional Dummy Company),Global Manufacturing Head - PureGlow Soaps,Australia,Australia,Melbourne,FCT026,Melbourne Soap Plant,LN0076,Line-1,2026-07-01 18:00:00,2026-07-01,18,Afternoon,Coconut Bar Soap,1.19,60.0,0.1,No Downtime,59.9,71,70,2,68,2.78,97.14,98.59,99.83,98.2,95.23,7.07,21.82,3
PureGlow Soaps International (Fictional Dummy Company),Global Manufacturing Head - PureGlow Soaps,Australia,Australia,Melbourne,FCT026,Melbourne Soap Plant,LN0077,Line-2,2026-07-01 18:00:00,2026-07-01,18,Afternoon,Lavender Bar Soap,1.05,60.0,14.3,Power Outage,45.7,63,43,1,42,1.69,97.67,68.25,76.17,89.61,66.67,3.98,14.73,3
PureGlow Soaps International (Fictional Dummy Company),Global Manufacturing Head - PureGlow Soaps,Australia,Australia,Melbourne,FCT026,Melbourne Soap Plant,LN0078,Line-3,2026-07-01 18:00:00,2026-07-01,18,Afternoon,Sandalwood Bar Soap,1.22,60.0,37.9,Machine Breakdown,22.1,73,24,0,24,0.0,100.0,32.88,36.83,89.01,32.78,2.25,5.81,1
PureGlow Soaps International (Fictional Dummy Company),Global Manufacturing Head - PureGlow Soaps,Australia,Australia,Melbourne,FCT026,Melbourne Soap Plant,LN0076,Line-1,2026-07-01 19:00:00,2026-07-01,19,Afternoon,Coconut Bar Soap,1.19,60.0,13.7,Machine Breakdown,46.3,71,48,2,46,3.36,95.83,67.61,77.17,87.12,64.43,4.83,16.82,1
PureGlow Soaps International (Fictional Dummy Company),Global Manufacturing Head - PureGlow Soaps,Australia,Australia,Melbourne,FCT026,Melbourne Soap Plant,LN0077,Line-2,2026-07-01 19:00:00,2026-07-01,19,Afternoon,Lavender Bar Soap,1.05,60.0,3.4,No Downtime,56.6,63,58,3,55,5.25,94.83,92.06,94.33,97.59,87.3,5.25,16.52,2
PureGlow Soaps International (Fictional Dummy Company),Global Manufacturing Head - PureGlow Soaps,Australia,Australia,Melbourne,FCT026,Melbourne Soap Plant,LN0078,Line-3,2026-07-01 19:00:00,2026-07-01,19,Afternoon,Sandalwood Bar Soap,1.22,60.0,0.2,No Downtime,59.8,73,65,3,62,5.25,95.38,89.04,99.67,89.09,84.69,6.1,15.48,1
PureGlow Soaps International (Fictional Dummy Company),Global Manufacturing Head - PureGlow Soaps,Australia,Australia,Melbourne,FCT026,Melbourne Soap Plant,LN0076,Line-1,2026-07-01 20:00:00,2026-07-01,20,Afternoon,Coconut Bar Soap,1.19,60.0,21.6,Preventive Maintenance,38.4,71,40,2,38,5.01,95.0,56.34,64.0,87.54,53.22,4.23,15.75,2
PureGlow Soaps International (Fictional Dummy Company),Global Manufacturing Head - PureGlow Soaps,Australia,Australia,Melbourne,FCT026,Melbourne Soap Plant,LN0077,Line-2,2026-07-01 20:00:00,2026-07-01,20,Afternoon,Lavender Bar Soap,1.05,60.0,11.3,Power Outage,48.7,63,44,1,43,2.95,97.73,69.84,81.17,86.05,68.26,4.82,14.04,2
PureGlow Soaps International (Fictional Dummy Company),Global Manufacturing Head - PureGlow Soaps,Australia,Australia,Melbourne,FCT026,Melbourne Soap Plant,LN0078,Line-3,2026-07-01 20:00:00,2026-07-01,20,Afternoon,Sandalwood Bar Soap,1.22,60.0,39.3,Machine Breakdown,20.7,73,21,0,21,0.55,100.0,28.77,34.5,83.16,28.69,1.9,5.59,3
PureGlow Soaps International (Fictional Dummy Company),Global Manufacturing Head - PureGlow Soaps,Australia,Australia,Melbourne,FCT026,Melbourne Soap Plant,LN0076,Line-1,2026-07-01 21:00:00,2026-07-01,21,Afternoon,Coconut Bar Soap,1.19,60.0,15.7,Machine Breakdown,44.3,71,47,2,45,4.73,95.74,66.2,73.83,89.16,63.02,4.12,16.52,3
PureGlow Soaps International (Fictional Dummy Company),Global Manufacturing Head - PureGlow Soaps,Australia,Australia,Melbourne,FCT026,Melbourne Soap Plant,LN0077,Line-2,2026-07-01 21:00:00,2026-07-01,21,Afternoon,Lavender Bar Soap,1.05,60.0,5.7,Quality Hold,54.3,63,58,5,53,8.15,91.38,92.06,90.5,101.73,84.13,6.23,17.13,3
PureGlow Soaps International (Fictional Dummy Company),Global Manufacturing Head - PureGlow Soaps,Australia,Australia,Melbourne,FCT026,Melbourne Soap Plant,LN0078,Line-3,2026-07-01 21:00:00,2026-07-01,21,Afternoon,Sandalwood Bar Soap,1.22,60.0,3.3,No Downtime,56.7,73,70,1,69,1.69,98.57,95.89,94.5,101.19,94.26,6.68,13.8,2
PureGlow Soaps International (Fictional Dummy Company),Global Manufacturing Head - PureGlow Soaps,Australia,Australia,Melbourne,FCT026,Melbourne Soap Plant,LN0076,Line-1,2026-07-01 22:00:00,2026-07-01,22,Night,Coconut Bar Soap,1.19,60.0,19.6,Preventive Maintenance,40.4,71,40,0,40,1.02,100.0,56.34,67.33,83.2,56.02,3.7,15.82,1
PureGlow Soaps International (Fictional Dummy Company),Global Manufacturing Head - PureGlow Soaps,Australia,Australia,Melbourne,FCT026,Melbourne Soap Plant,LN0077,Line-2,2026-07-01 22:00:00,2026-07-01,22,Night,Lavender Bar Soap,1.05,60.0,3.2,No Downtime,56.8,63,56,2,54,3.05,96.43,88.89,94.67,93.9,85.72,5.38,18.31,1
PureGlow Soaps International (Fictional Dummy Company),Global Manufacturing Head - PureGlow Soaps,Australia,Australia,Melbourne,FCT026,Melbourne Soap Plant,LN0078,Line-3,2026-07-01 22:00:00,2026-07-01,22,Night,Sandalwood Bar Soap,1.22,60.0,33.7,Material Shortage,26.3,73,31,2,29,5.54,93.55,42.47,43.83,96.62,39.62,2.95,6.39,1
PureGlow Soaps International (Fictional Dummy Company),Global Manufacturing Head - PureGlow Soaps,Australia,Australia,Melbourne,FCT026,Melbourne Soap Plant,LN0076,Line-1,2026-07-01 23:00:00,2026-07-01,23,Night,Coconut Bar Soap,1.19,60.0,10.7,Changeover/Setup,49.3,71,52,2,50,3.06,96.15,73.24,82.17,88.64,70.03,4.78,17.48,2
PureGlow Soaps International (Fictional Dummy Company),Global Manufacturing Head - PureGlow Soaps,Australia,Australia,Melbourne,FCT026,Melbourne Soap Plant,LN0077,Line-2,2026-07-01 23:00:00,2026-07-01,23,Night,Lavender Bar Soap,1.05,60.0,30.8,Material Shortage,29.2,63,29,1,28,3.07,96.55,46.03,48.67,94.59,44.45,3.03,9.23,1
PureGlow Soaps International (Fictional Dummy Company),Global Manufacturing Head - PureGlow Soaps,Australia,Australia,Melbourne,FCT026,Melbourne Soap Plant,LN0078,Line-3,2026-07-01 23:00:00,2026-07-01,23,Night,Sandalwood Bar Soap,1.22,60.0,2.3,No Downtime,57.7,73,66,3,63,3.87,95.45,90.41,96.17,93.76,86.07,6.67,15.8,1
PureGlow Soaps International (Fictional Dummy Company),Global Manufacturing Head - PureGlow Soaps,Australia,Australia,Melbourne,FCT026,Melbourne Soap Plant,LN0076,Line-1,2026-07-02 00:00:00,2026-07-02,0,Night,Lemon Bar Soap,1.19,60.0,7.9,Quality Hold,52.1,71,53,3,50,6.48,94.34,74.65,86.83,85.49,70.03,4.9,18.6,1
PureGlow Soaps International (Fictional Dummy Company),Global Manufacturing Head - PureGlow Soaps,Australia,Australia,Melbourne,FCT026,Melbourne Soap Plant,LN0077,Line-2,2026-07-02 00:00:00,2026-07-02,0,Night,Neem Bar Soap,1.05,60.0,2.0,No Downtime,58.0,63,53,1,52,2.22,98.11,84.13,96.67,87.03,82.54,5.2,18.46,1
PureGlow Soaps International (Fictional Dummy Company),Global Manufacturing Head - PureGlow Soaps,Australia,Australia,Melbourne,FCT026,Melbourne Soap Plant,LN0078,Line-3,2026-07-02 00:00:00,2026-07-02,0,Night,Charcoal Bar Soap,1.22,60.0,2.8,No Downtime,57.2,73,68,3,65,3.95,95.59,93.15,95.33,97.44,88.79,6.19,15.82,1
PureGlow Soaps International (Fictional Dummy Company),Global Manufacturing Head - PureGlow Soaps,Australia,Australia,Melbourne,FCT026,Melbourne Soap Plant,LN0076,Line-1,2026-07-02 01:00:00,2026-07-02,1,Night,Lemon Bar Soap,1.19,60.0,16.6,Machine Breakdown,43.4,71,51,1,50,2.28,98.04,71.83,72.33,98.75,70.03,4.38,15.61,2
PureGlow Soaps International (Fictional Dummy Company),Global Manufacturing Head - PureGlow Soaps,Australia,Australia,Melbourne,FCT026,Melbourne Soap Plant,LN0077,Line-2,2026-07-02 01:00:00,2026-07-02,1,Night,Neem Bar Soap,1.05,60.0,1.3,No Downtime,58.7,63,53,2,51,3.43,96.23,84.13,97.83,85.99,80.95,5.57,18.28,3
PureGlow Soaps International (Fictional Dummy Company),Global Manufacturing Head - PureGlow Soaps,Australia,Australia,Melbourne,FCT026,Melbourne Soap Plant,LN0078,Line-3,2026-07-02 01:00:00,2026-07-02,1,Night,Charcoal Bar Soap,1.22,60.0,9.0,Changeover/Setup,51.0,73,56,2,54,3.21,96.43,76.71,85.0,90.0,73.77,5.24,12.14,3
PureGlow Soaps International (Fictional Dummy Company),Global Manufacturing Head - PureGlow Soaps,Australia,Australia,Melbourne,FCT026,Melbourne Soap Plant,LN0076,Line-1,2026-07-02 02:00:00,2026-07-02,2,Night,Lemon Bar Soap,1.19,60.0,45.0,Machine Breakdown,15.0,71,17,0,17,2.9,100.0,23.94,25.0,95.24,23.81,1.62,6.19,2
PureGlow Soaps International (Fictional Dummy Company),Global Manufacturing Head - PureGlow Soaps,Australia,Australia,Melbourne,FCT026,Melbourne Soap Plant,LN0077,Line-2,2026-07-02 02:00:00,2026-07-02,2,Night,Neem Bar Soap,1.05,60.0,10.3,Changeover/Setup,49.7,63,42,1,41,1.38,97.62,66.67,82.83,80.48,65.08,4.05,15.21,1
PureGlow Soaps International (Fictional Dummy Company),Global Manufacturing Head - PureGlow Soaps,Australia,Australia,Melbourne,FCT026,Melbourne Soap Plant,LN0078,Line-3,2026-07-02 02:00:00,2026-07-02,2,Night,Charcoal Bar Soap,1.22,60.0,16.4,Preventive Maintenance,43.6,73,48,3,45,6.3,93.75,65.75,72.67,90.24,61.48,4.23,10.44,2
PureGlow Soaps International (Fictional Dummy Company),Global Manufacturing Head - PureGlow Soaps,Australia,Australia,Melbourne,FCT026,Melbourne Soap Plant,LN0076,Line-1,2026-07-02 03:00:00,2026-07-02,3,Night,Lemon Bar Soap,1.19,60.0,10.9,Changeover/Setup,49.1,71,47,2,45,4.16,95.74,66.2,81.83,80.44,63.02,4.68,16.78,3
PureGlow Soaps International (Fictional Dummy Company),Global Manufacturing Head - PureGlow Soaps,Australia,Australia,Melbourne,FCT026,Melbourne Soap Plant,LN0077,Line-2,2026-07-02 03:00:00,2026-07-02,3,Night,Neem Bar Soap,1.05,60.0,6.3,Changeover/Setup,53.7,63,53,0,53,0.0,100.0,84.13,89.5,94.0,84.13,5.56,16.07,2
PureGlow Soaps International (Fictional Dummy Company),Global Manufacturing Head - PureGlow Soaps,Australia,Australia,Melbourne,FCT026,Melbourne Soap Plant,LN0078,Line-3,2026-07-02 03:00:00,2026-07-02,3,Night,Charcoal Bar Soap,1.22,60.0,19.8,Quality Hold,40.2,73,43,4,39,8.38,90.7,58.9,67.0,87.68,53.28,4.42,10.76,3
PureGlow Soaps International (Fictional Dummy Company),Global Manufacturing Head - PureGlow Soaps,Australia,Australia,Melbourne,FCT026,Melbourne Soap Plant,LN0076,Line-1,2026-07-02 04:00:00,2026-07-02,4,Night,Lemon Bar Soap,1.19,60.0,3.9,No Downtime,56.1,71,59,2,57,3.87,96.61,83.1,93.5,88.38,79.83,6.06,20.6,3
PureGlow Soaps International (Fictional Dummy Company),Global Manufacturing Head - PureGlow Soaps,Australia,Australia,Melbourne,FCT026,Melbourne Soap Plant,LN0077,Line-2,2026-07-02 04:00:00,2026-07-02,4,Night,Neem Bar Soap,1.05,60.0,19.5,Staff Shortage,40.5,63,39,1,38,2.18,97.44,61.9,67.5,91.71,60.32,3.88,11.11,2
PureGlow Soaps International (Fictional Dummy Company),Global Manufacturing Head - PureGlow Soaps,Australia,Australia,Melbourne,FCT026,Melbourne Soap Plant,LN0078,Line-3,2026-07-02 04:00:00,2026-07-02,4,Night,Charcoal Bar Soap,1.22,60.0,25.5,Material Shortage,34.5,73,40,1,39,2.91,97.5,54.79,57.5,95.03,53.28,3.51,8.06,3
PureGlow Soaps International (Fictional Dummy Company),Global Manufacturing Head - PureGlow Soaps,Australia,Australia,Melbourne,FCT026,Melbourne Soap Plant,LN0076,Line-1,2026-07-02 05:00:00,2026-07-02,5,Night,Lemon Bar Soap,1.19,60.0,3.8,No Downtime,56.2,71,54,2,52,2.97,96.3,76.06,93.67,80.74,72.83,5.39,21.78,3
PureGlow Soaps International (Fictional Dummy Company),Global Manufacturing Head - PureGlow Soaps,Australia,Australia,Melbourne,FCT026,Melbourne Soap Plant,LN0077,Line-2,2026-07-02 05:00:00,2026-07-02,5,Night,Neem Bar Soap,1.05,60.0,0.8,No Downtime,59.2,63,54,2,52,4.14,96.3,85.71,98.67,86.87,82.54,5.17,18.28,2
PureGlow Soaps International (Fictional Dummy Company),Global Manufacturing Head - PureGlow Soaps,Australia,Australia,Melbourne,FCT026,Melbourne Soap Plant,LN0078,Line-3,2026-07-02 05:00:00,2026-07-02,5,Night,Charcoal Bar Soap,1.22,60.0,27.7,Machine Breakdown,32.3,73,40,1,39,1.48,97.5,54.79,53.83,101.51,53.28,4.25,8.84,3
PureGlow Soaps International (Fictional Dummy Company),Global Manufacturing Head - PureGlow Soaps,Australia,Australia,Melbourne,FCT026,Melbourne Soap Plant,LN0076,Line-1,2026-07-02 06:00:00,2026-07-02,6,Morning,Lemon Bar Soap,1.19,60.0,22.4,Staff Shortage,37.6,71,43,1,42,2.02,97.67,60.56,62.67,96.1,58.82,4.01,15.31,1
PureGlow Soaps International (Fictional Dummy Company),Global Manufacturing Head - PureGlow Soaps,Australia,Australia,Melbourne,FCT026,Melbourne Soap Plant,LN0077,Line-2,2026-07-02 06:00:00,2026-07-02,6,Morning,Neem Bar Soap,1.05,60.0,1.8,No Downtime,58.2,63,60,1,59,1.89,98.33,95.24,97.0,98.18,93.64,5.47,18.65,2
PureGlow Soaps International (Fictional Dummy Company),Global Manufacturing Head - PureGlow Soaps,Australia,Australia,Melbourne,FCT026,Melbourne Soap Plant,LN0078,Line-3,2026-07-02 06:00:00,2026-07-02,6,Morning,Charcoal Bar Soap,1.22,60.0,21.8,Material Shortage,38.2,73,44,2,42,3.59,95.45,60.27,63.67,94.41,57.38,4.19,9.7,1
PureGlow Soaps International (Fictional Dummy Company),Global Manufacturing Head - PureGlow Soaps,Australia,Australia,Melbourne,FCT026,Melbourne Soap Plant,LN0076,Line-1,2026-07-02 07:00:00,2026-07-02,7,Morning,Lemon Bar Soap,1.19,60.0,3.7,No Downtime,56.3,71,64,1,63,1.02,98.44,90.14,93.83,95.53,88.24,5.98,21.93,3
PureGlow Soaps International (Fictional Dummy Company),Global Manufacturing Head - PureGlow Soaps,Australia,Australia,Melbourne,FCT026,Melbourne Soap Plant,LN0077,Line-2,2026-07-02 07:00:00,2026-07-02,7,Morning,Neem Bar Soap,1.05,60.0,27.0,Preventive Maintenance,33.0,63,30,1,29,2.26,96.67,47.62,55.0,86.58,46.03,2.56,10.79,2
PureGlow Soaps International (Fictional Dummy Company),Global Manufacturing Head - PureGlow Soaps,Australia,Australia,Melbourne,FCT026,Melbourne Soap Plant,LN0078,Line-3,2026-07-02 07:00:00,2026-07-02,7,Morning,Charcoal Bar Soap,1.22,60.0,2.4,No Downtime,57.6,73,66,1,65,1.36,98.48,90.41,96.0,93.92,88.79,5.88,14.1,2
PureGlow Soaps International (Fictional Dummy Company),Global Manufacturing Head - PureGlow Soaps,Australia,Australia,Melbourne,FCT026,Melbourne Soap Plant,LN0076,Line-1,2026-07-02 08:00:00,2026-07-02,8,Morning,Lemon Bar Soap,1.19,60.0,0.5,No Downtime,59.5,71,58,2,56,3.46,96.55,81.69,99.17,81.92,78.44,5.46,20.39,1
PureGlow Soaps International (Fictional Dummy Company),Global Manufacturing Head - PureGlow Soaps,Australia,Australia,Melbourne,FCT026,Melbourne Soap Plant,LN0077,Line-2,2026-07-02 08:00:00,2026-07-02,8,Morning,Neem Bar Soap,1.05,60.0,3.7,No Downtime,56.3,63,50,2,48,3.92,96.0,79.37,93.83,84.58,76.19,5.09,16.76,2
PureGlow Soaps International (Fictional Dummy Company),Global Manufacturing Head - PureGlow Soaps,Australia,Australia,Melbourne,FCT026,Melbourne Soap Plant,LN0078,Line-3,2026-07-02 08:00:00,2026-07-02,8,Morning,Charcoal Bar Soap,1.22,60.0,3.3,No Downtime,56.7,73,58,2,56,3.25,96.55,79.45,94.5,83.85,76.5,5.04,15.22,1
PureGlow Soaps International (Fictional Dummy Company),Global Manufacturing Head - PureGlow Soaps,Australia,Australia,Melbourne,FCT026,Melbourne Soap Plant,LN0076,Line-1,2026-07-02 09:00:00,2026-07-02,9,Morning,Lemon Bar Soap,1.19,60.0,1.9,No Downtime,58.1,71,56,2,54,3.06,96.43,78.87,96.83,81.0,75.63,5.17,20.89,3
PureGlow Soaps International (Fictional Dummy Company),Global Manufacturing Head - PureGlow Soaps,Australia,Australia,Melbourne,FCT026,Melbourne Soap Plant,LN0077,Line-2,2026-07-02 09:00:00,2026-07-02,9,Morning,Neem Bar Soap,1.05,60.0,3.4,No Downtime,56.6,63,60,1,59,2.49,98.33,95.24,94.33,100.96,93.65,5.25,15.69,1
PureGlow Soaps International (Fictional Dummy Company),Global Manufacturing Head - PureGlow Soaps,Australia,Australia,Melbourne,FCT026,Melbourne Soap Plant,LN0078,Line-3,2026-07-02 09:00:00,2026-07-02,9,Morning,Charcoal Bar Soap,1.22,60.0,0.4,No Downtime,59.6,73,70,4,66,5.14,94.29,95.89,99.33,96.27,90.16,6.05,15.67,3
PureGlow Soaps International (Fictional Dummy Company),Global Manufacturing Head - PureGlow Soaps,Australia,Australia,Melbourne,FCT026,Melbourne Soap Plant,LN0076,Line-1,2026-07-02 10:00:00,2026-07-02,10,Morning,Lemon Bar Soap,1.19,60.0,3.3,No Downtime,56.7,71,55,0,55,0.5,100.0,77.46,94.5,81.51,77.03,4.89,21.36,3
PureGlow Soaps International (Fictional Dummy Company),Global Manufacturing Head - PureGlow Soaps,Australia,Australia,Melbourne,FCT026,Melbourne Soap Plant,LN0077,Line-2,2026-07-02 10:00:00,2026-07-02,10,Morning,Neem Bar Soap,1.05,60.0,14.5,Changeover/Setup,45.5,63,46,2,44,4.34,95.65,73.02,75.83,96.28,69.83,4.51,14.68,2
PureGlow Soaps International (Fictional Dummy Company),Global Manufacturing Head - PureGlow Soaps,Australia,Australia,Melbourne,FCT026,Melbourne Soap Plant,LN0078,Line-3,2026-07-02 10:00:00,2026-07-02,10,Morning,Charcoal Bar Soap,1.22,60.0,1.3,No Downtime,58.7,73,71,1,70,1.99,98.59,97.26,97.83,99.14,95.62,6.13,14.87,3
PureGlow Soaps International (Fictional Dummy Company),Global Manufacturing Head - PureGlow Soaps,Australia,Australia,Melbourne,FCT026,Melbourne Soap Plant,LN0076,Line-1,2026-07-02 11:00:00,2026-07-02,11,Morning,Lemon Bar Soap,1.19,60.0,10.1,Changeover/Setup,49.9,71,48,0,48,0.0,100.0,67.61,83.17,80.83,67.23,4.26,20.12,2
PureGlow Soaps International (Fictional Dummy Company),Global Manufacturing Head - PureGlow Soaps,Australia,Australia,Melbourne,FCT026,Melbourne Soap Plant,LN0077,Line-2,2026-07-02 11:00:00,2026-07-02,11,Morning,Neem Bar Soap,1.05,60.0,12.4,Staff Shortage,47.6,63,51,1,50,1.14,98.04,80.95,79.33,102.04,79.36,4.81,15.44,3
PureGlow Soaps International (Fictional Dummy Company),Global Manufacturing Head - PureGlow Soaps,Australia,Australia,Melbourne,FCT026,Melbourne Soap Plant,LN0078,Line-3,2026-07-02 11:00:00,2026-07-02,11,Morning,Charcoal Bar Soap,1.22,60.0,1.1,No Downtime,58.9,73,63,1,62,1.58,98.41,86.3,98.17,87.67,84.7,6.64,15.87,2
PureGlow Soaps International (Fictional Dummy Company),Global Manufacturing Head - PureGlow Soaps,Australia,Australia,Melbourne,FCT026,Melbourne Soap Plant,LN0076,Line-1,2026-07-02 12:00:00,2026-07-02,12,Morning,Lemon Bar Soap,1.19,60.0,3.4,No Downtime,56.6,71,63,2,61,3.85,96.83,88.73,94.33,93.54,85.44,5.5,21.29,2
PureGlow Soaps International (Fictional Dummy Company),Global Manufacturing Head - PureGlow Soaps,Australia,Australia,Melbourne,FCT026,Melbourne Soap Plant,LN0077,Line-2,2026-07-02 12:00:00,2026-07-02,12,Morning,Neem Bar Soap,1.05,60.0,12.5,Quality Hold,47.5,63,47,4,43,7.7,91.49,74.6,79.17,94.24,68.26,4.01,15.55,2
PureGlow Soaps International (Fictional Dummy Company),Global Manufacturing Head - PureGlow Soaps,Australia,Australia,Melbourne,FCT026,Melbourne Soap Plant,LN0078,Line-3,2026-07-02 12:00:00,2026-07-02,12,Morning,Charcoal Bar Soap,1.22,60.0,25.0,Machine Breakdown,35.0,73,44,1,43,2.6,97.73,60.27,58.33,103.04,58.74,3.97,8.18,1
PureGlow Soaps International (Fictional Dummy Company),Global Manufacturing Head - PureGlow Soaps,Australia,Australia,Melbourne,FCT026,Melbourne Soap Plant,LN0076,Line-1,2026-07-02 13:00:00,2026-07-02,13,Morning,Lemon Bar Soap,1.19,60.0,0.4,No Downtime,59.6,71,58,2,56,3.68,96.55,81.69,99.33,81.78,78.43,5.69,22.93,3
PureGlow Soaps International (Fictional Dummy Company),Global Manufacturing Head - PureGlow Soaps,Australia,Australia,Melbourne,FCT026,Melbourne Soap Plant,LN0077,Line-2,2026-07-02 13:00:00,2026-07-02,13,Morning,Neem Bar Soap,1.05,60.0,16.0,Changeover/Setup,44.0,63,47,2,45,3.9,95.74,74.6,73.33,101.73,71.42,4.12,14.2,2
PureGlow Soaps International (Fictional Dummy Company),Global Manufacturing Head - PureGlow Soaps,Australia,Australia,Melbourne,FCT026,Melbourne Soap Plant,LN0078,Line-3,2026-07-02 13:00:00,2026-07-02,13,Morning,Charcoal Bar Soap,1.22,60.0,3.0,No Downtime,57.0,73,57,3,54,4.95,94.74,78.08,95.0,81.97,73.78,4.89,13.61,2
PureGlow Soaps International (Fictional Dummy Company),Global Manufacturing Head - PureGlow Soaps,Australia,Australia,Melbourne,FCT026,Melbourne Soap Plant,LN0076,Line-1,2026-07-02 14:00:00,2026-07-02,14,Afternoon,Lemon Bar Soap,1.19,60.0,25.5,Material Shortage,34.5,71,35,1,34,3.15,97.14,49.3,57.5,85.25,47.62,3.25,13.86,3
PureGlow Soaps International (Fictional Dummy Company),Global Manufacturing Head - PureGlow Soaps,Australia,Australia,Melbourne,FCT026,Melbourne Soap Plant,LN0077,Line-2,2026-07-02 14:00:00,2026-07-02,14,Afternoon,Neem Bar Soap,1.05,60.0,3.1,No Downtime,56.9,63,60,3,57,5.78,95.0,95.24,94.83,100.43,90.48,5.93,17.55,2
PureGlow Soaps International (Fictional Dummy Company),Global Manufacturing Head - PureGlow Soaps,Australia,Australia,Melbourne,FCT026,Melbourne Soap Plant,LN0078,Line-3,2026-07-02 14:00:00,2026-07-02,14,Afternoon,Charcoal Bar Soap,1.22,60.0,19.8,Staff Shortage,40.2,73,50,2,48,3.77,96.0,68.49,67.0,101.95,65.57,5.24,9.81,3
PureGlow Soaps International (Fictional Dummy Company),Global Manufacturing Head - PureGlow Soaps,Australia,Australia,Melbourne,FCT026,Melbourne Soap Plant,LN0076,Line-1,2026-07-02 15:00:00,2026-07-02,15,Afternoon,Lemon Bar Soap,1.19,60.0,0.4,No Downtime,59.6,71,62,1,61,2.16,98.39,87.32,99.33,87.42,85.44,5.48,24.15,3
PureGlow Soaps International (Fictional Dummy Company),Global Manufacturing Head - PureGlow Soaps,Australia,Australia,Melbourne,FCT026,Melbourne Soap Plant,LN0077,Line-2,2026-07-02 15:00:00,2026-07-02,15,Afternoon,Neem Bar Soap,1.05,60.0,3.8,No Downtime,56.2,63,52,2,50,3.6,96.15,82.54,93.67,88.12,79.36,4.81,16.78,1
PureGlow Soaps International (Fictional Dummy Company),Global Manufacturing Head - PureGlow Soaps,Australia,Australia,Melbourne,FCT026,Melbourne Soap Plant,LN0078,Line-3,2026-07-02 15:00:00,2026-07-02,15,Afternoon,Charcoal Bar Soap,1.22,60.0,7.9,Quality Hold,52.1,73,58,4,54,7.06,93.1,79.45,86.83,91.25,73.77,6.36,13.31,2
PureGlow Soaps International (Fictional Dummy Company),Global Manufacturing Head - PureGlow Soaps,Australia,Australia,Melbourne,FCT026,Melbourne Soap Plant,LN0076,Line-1,2026-07-02 16:00:00,2026-07-02,16,Afternoon,Lemon Bar Soap,1.19,60.0,1.0,No Downtime,59.0,71,57,2,55,2.81,96.49,80.28,98.33,81.19,77.03,5.81,20.3,2
PureGlow Soaps International (Fictional Dummy Company),Global Manufacturing Head - PureGlow Soaps,Australia,Australia,Melbourne,FCT026,Melbourne Soap Plant,LN0077,Line-2,2026-07-02 16:00:00,2026-07-02,16,Afternoon,Neem Bar Soap,1.05,60.0,12.3,Material Shortage,47.7,63,44,1,43,2.46,97.73,69.84,79.5,87.85,68.26,4.39,13.06,1
PureGlow Soaps International (Fictional Dummy Company),Global Manufacturing Head - PureGlow Soaps,Australia,Australia,Melbourne,FCT026,Melbourne Soap Plant,LN0078,Line-3,2026-07-02 16:00:00,2026-07-02,16,Afternoon,Charcoal Bar Soap,1.22,60.0,1.6,No Downtime,58.4,73,63,2,61,3.88,96.83,86.3,97.33,88.42,83.33,6.0,13.73,3
PureGlow Soaps International (Fictional Dummy Company),Global Manufacturing Head - PureGlow Soaps,Australia,Australia,Melbourne,FCT026,Melbourne Soap Plant,LN0076,Line-1,2026-07-02 17:00:00,2026-07-02,17,Afternoon,Lemon Bar Soap,1.19,60.0,1.3,No Downtime,58.7,71,70,2,68,3.07,97.14,98.59,97.83,100.21,95.23,7.38,22.86,2
PureGlow Soaps International (Fictional Dummy Company),Global Manufacturing Head - PureGlow Soaps,Australia,Australia,Melbourne,FCT026,Melbourne Soap Plant,LN0077,Line-2,2026-07-02 17:00:00,2026-07-02,17,Afternoon,Neem Bar Soap,1.05,60.0,19.3,Preventive Maintenance,40.7,63,35,1,34,2.66,97.14,55.56,67.83,81.9,53.96,3.53,11.67,2
PureGlow Soaps International (Fictional Dummy Company),Global Manufacturing Head - PureGlow Soaps,Australia,Australia,Melbourne,FCT026,Melbourne Soap Plant,LN0078,Line-3,2026-07-02 17:00:00,2026-07-02,17,Afternoon,Charcoal Bar Soap,1.22,60.0,3.1,No Downtime,56.9,73,62,2,60,3.17,96.77,84.93,94.83,89.31,81.96,5.84,13.55,1
PureGlow Soaps International (Fictional Dummy Company),Global Manufacturing Head - PureGlow Soaps,Australia,Australia,Melbourne,FCT026,Melbourne Soap Plant,LN0076,Line-1,2026-07-02 18:00:00,2026-07-02,18,Afternoon,Lemon Bar Soap,1.19,60.0,7.8,Changeover/Setup,52.2,71,52,1,51,2.23,98.08,73.24,87.0,83.71,71.43,4.62,20.42,2
PureGlow Soaps International (Fictional Dummy Company),Global Manufacturing Head - PureGlow Soaps,Australia,Australia,Melbourne,FCT026,Melbourne Soap Plant,LN0077,Line-2,2026-07-02 18:00:00,2026-07-02,18,Afternoon,Neem Bar Soap,1.05,60.0,5.7,Quality Hold,54.3,63,46,4,42,7.7,91.3,73.02,90.5,80.68,66.66,4.33,17.14,1
PureGlow Soaps International (Fictional Dummy Company),Global Manufacturing Head - PureGlow Soaps,Australia,Australia,Melbourne,FCT026,Melbourne Soap Plant,LN0078,Line-3,2026-07-02 18:00:00,2026-07-02,18,Afternoon,Charcoal Bar Soap,1.22,60.0,21.3,Preventive Maintenance,38.7,73,48,2,46,3.64,95.83,65.75,64.5,101.66,62.84,4.77,9.44,3
PureGlow Soaps International (Fictional Dummy Company),Global Manufacturing Head - PureGlow Soaps,Australia,Australia,Melbourne,FCT026,Melbourne Soap Plant,LN0076,Line-1,2026-07-02 19:00:00,2026-07-02,19,Afternoon,Lemon Bar Soap,1.19,60.0,3.4,No Downtime,56.6,71,67,3,64,3.78,95.52,94.37,94.33,99.47,89.63,6.41,22.79,1
PureGlow Soaps International (Fictional Dummy Company),Global Manufacturing Head - PureGlow Soaps,Australia,Australia,Melbourne,FCT026,Melbourne Soap Plant,LN0077,Line-2,2026-07-02 19:00:00,2026-07-02,19,Afternoon,Neem Bar Soap,1.05,60.0,23.2,Staff Shortage,36.8,63,38,1,37,2.39,97.37,60.32,61.33,98.34,58.73,3.55,11.48,1
PureGlow Soaps International (Fictional Dummy Company),Global Manufacturing Head - PureGlow Soaps,Australia,Australia,Melbourne,FCT026,Melbourne Soap Plant,LN0078,Line-3,2026-07-02 19:00:00,2026-07-02,19,Afternoon,Charcoal Bar Soap,1.22,60.0,39.1,Machine Breakdown,20.9,73,24,0,24,1.91,100.0,32.88,34.83,94.13,32.79,2.2,5.47,1
PureGlow Soaps International (Fictional Dummy Company),Global Manufacturing Head - PureGlow Soaps,Australia,Australia,Melbourne,FCT026,Melbourne Soap Plant,LN0076,Line-1,2026-07-02 20:00:00,2026-07-02,20,Afternoon,Lemon Bar Soap,1.19,60.0,17.3,Changeover/Setup,42.7,71,48,2,46,3.55,95.83,67.61,71.17,94.46,64.42,4.27,15.61,2
PureGlow Soaps International (Fictional Dummy Company),Global Manufacturing Head - PureGlow Soaps,Australia,Australia,Melbourne,FCT026,Melbourne Soap Plant,LN0077,Line-2,2026-07-02 20:00:00,2026-07-02,20,Afternoon,Neem Bar Soap,1.05,60.0,4.0,No Downtime,56.0,63,53,3,50,5.09,94.34,84.13,93.33,90.14,79.37,5.17,15.87,1
PureGlow Soaps International (Fictional Dummy Company),Global Manufacturing Head - PureGlow Soaps,Australia,Australia,Melbourne,FCT026,Melbourne Soap Plant,LN0078,Line-3,2026-07-02 20:00:00,2026-07-02,20,Afternoon,Charcoal Bar Soap,1.22,60.0,26.7,Material Shortage,33.3,73,33,1,32,2.52,96.97,45.21,55.5,81.23,43.72,2.99,8.97,2
PureGlow Soaps International (Fictional Dummy Company),Global Manufacturing Head - PureGlow Soaps,Australia,Australia,Melbourne,FCT026,Melbourne Soap Plant,LN0076,Line-1,2026-07-02 21:00:00,2026-07-02,21,Afternoon,Lemon Bar Soap,1.19,60.0,1.9,No Downtime,58.1,71,71,3,68,3.65,95.77,100.0,96.83,102.69,95.23,6.25,20.69,1
PureGlow Soaps International (Fictional Dummy Company),Global Manufacturing Head - PureGlow Soaps,Australia,Australia,Melbourne,FCT026,Melbourne Soap Plant,LN0077,Line-2,2026-07-02 21:00:00,2026-07-02,21,Afternoon,Neem Bar Soap,1.05,60.0,2.6,No Downtime,57.4,63,50,2,48,3.35,96.0,79.37,95.67,82.96,76.19,5.08,17.6,3
PureGlow Soaps International (Fictional Dummy Company),Global Manufacturing Head - PureGlow Soaps,Australia,Australia,Melbourne,FCT026,Melbourne Soap Plant,LN0078,Line-3,2026-07-02 21:00:00,2026-07-02,21,Afternoon,Charcoal Bar Soap,1.22,60.0,0.8,No Downtime,59.2,73,61,3,58,4.75,95.08,83.56,98.67,84.46,79.24,5.97,13.72,3
PureGlow Soaps International (Fictional Dummy Company),Global Manufacturing Head - PureGlow Soaps,Australia,Australia,Melbourne,FCT026,Melbourne Soap Plant,LN0076,Line-1,2026-07-02 22:00:00,2026-07-02,22,Night,Lemon Bar Soap,1.19,60.0,3.9,No Downtime,56.1,71,55,1,54,2.14,98.18,77.46,93.5,82.39,75.63,4.69,20.38,2
PureGlow Soaps International (Fictional Dummy Company),Global Manufacturing Head - PureGlow Soaps,Australia,Australia,Melbourne,FCT026,Melbourne Soap Plant,LN0077,Line-2,2026-07-02 22:00:00,2026-07-02,22,Night,Neem Bar Soap,1.05,60.0,9.9,Power Outage,50.1,63,54,2,52,3.66,96.3,85.71,83.5,102.65,82.54,4.81,16.03,2
PureGlow Soaps International (Fictional Dummy Company),Global Manufacturing Head - PureGlow Soaps,Australia,Australia,Melbourne,FCT026,Melbourne Soap Plant,LN0078,Line-3,2026-07-02 22:00:00,2026-07-02,22,Night,Charcoal Bar Soap,1.22,60.0,14.5,Material Shortage,45.5,73,52,0,52,0.58,100.0,71.23,75.83,93.68,71.04,4.93,10.87,1
PureGlow Soaps International (Fictional Dummy Company),Global Manufacturing Head - PureGlow Soaps,Australia,Australia,Melbourne,FCT026,Melbourne Soap Plant,LN0076,Line-1,2026-07-02 23:00:00,2026-07-02,23,Night,Lemon Bar Soap,1.19,60.0,15.8,Changeover/Setup,44.2,71,42,2,40,4.72,95.24,59.15,73.67,79.85,56.03,4.14,18.26,1
PureGlow Soaps International (Fictional Dummy Company),Global Manufacturing Head - PureGlow Soaps,Australia,Australia,Melbourne,FCT026,Melbourne Soap Plant,LN0077,Line-2,2026-07-02 23:00:00,2026-07-02,23,Night,Neem Bar Soap,1.05,60.0,23.6,Preventive Maintenance,36.4,63,33,1,32,4.0,96.97,52.38,60.67,86.34,50.8,3.21,11.14,2
PureGlow Soaps International (Fictional Dummy Company),Global Manufacturing Head - PureGlow Soaps,Australia,Australia,Melbourne,FCT026,Melbourne Soap Plant,LN0078,Line-3,2026-07-02 23:00:00,2026-07-02,23,Night,Charcoal Bar Soap,1.22,60.0,1.6,No Downtime,58.4,73,70,0,70,0.43,100.0,95.89,97.33,98.25,95.63,6.35,15.61,1
PureGlow Soaps International (Fictional Dummy Company),Global Manufacturing Head - PureGlow Soaps,Australia,Australia,Melbourne,FCT026,Melbourne Soap Plant,LN0076,Line-1,2026-07-03 00:00:00,2026-07-03,0,Night,Lemon Bar Soap,1.19,60.0,2.4,No Downtime,57.6,71,55,1,54,1.31,98.18,77.46,96.0,80.24,75.63,5.72,22.33,1
PureGlow Soaps International (Fictional Dummy Company),Global Manufacturing Head - PureGlow Soaps,Australia,Australia,Melbourne,FCT026,Melbourne Soap Plant,LN0077,Line-2,2026-07-03 00:00:00,2026-07-03,0,Night,Lemon Bar Soap,1.05,60.0,11.6,Changeover/Setup,48.4,63,43,2,41,3.67,95.35,68.25,80.67,84.61,65.08,3.83,14.99,3
PureGlow Soaps International (Fictional Dummy Company),Global Manufacturing Head - PureGlow Soaps,Australia,Australia,Melbourne,FCT026,Melbourne Soap Plant,LN0078,Line-3,2026-07-03 00:00:00,2026-07-03,0,Night,Neem Bar Soap,1.22,60.0,24.7,Machine Breakdown,35.3,73,37,1,36,1.47,97.3,50.68,58.83,85.91,49.18,4.0,8.6,2
PureGlow Soaps International (Fictional Dummy Company),Global Manufacturing Head - PureGlow Soaps,Australia,Australia,Melbourne,FCT026,Melbourne Soap Plant,LN0076,Line-1,2026-07-03 01:00:00,2026-07-03,1,Night,Lemon Bar Soap,1.19,60.0,1.4,No Downtime,58.6,71,58,2,56,3.45,96.55,81.69,97.67,83.17,78.43,5.8,21.63,3
PureGlow Soaps International (Fictional Dummy Company),Global Manufacturing Head - PureGlow Soaps,Australia,Australia,Melbourne,FCT026,Melbourne Soap Plant,LN0077,Line-2,2026-07-03 01:00:00,2026-07-03,1,Night,Lemon Bar Soap,1.05,60.0,1.5,No Downtime,58.5,63,58,2,56,2.65,96.55,92.06,97.5,94.42,88.88,4.96,16.17,3
PureGlow Soaps International (Fictional Dummy Company),Global Manufacturing Head - PureGlow Soaps,Australia,Australia,Melbourne,FCT026,Melbourne Soap Plant,LN0078,Line-3,2026-07-03 01:00:00,2026-07-03,1,Night,Neem Bar Soap,1.22,60.0,15.9,Power Outage,44.1,73,51,1,50,1.4,98.04,69.86,73.5,94.79,68.31,4.91,11.99,2
PureGlow Soaps International (Fictional Dummy Company),Global Manufacturing Head - PureGlow Soaps,Australia,Australia,Melbourne,FCT026,Melbourne Soap Plant,LN0076,Line-1,2026-07-03 02:00:00,2026-07-03,2,Night,Lemon Bar Soap,1.19,60.0,6.7,Changeover/Setup,53.3,71,53,1,52,2.05,98.11,74.65,88.83,83.56,72.82,4.52,18.6,1
PureGlow Soaps International (Fictional Dummy Company),Global Manufacturing Head - PureGlow Soaps,Australia,Australia,Melbourne,FCT026,Melbourne Soap Plant,LN0077,Line-2,2026-07-03 02:00:00,2026-07-03,2,Night,Lemon Bar Soap,1.05,60.0,7.5,Changeover/Setup,52.5,63,57,2,55,3.0,96.49,90.48,87.5,103.4,87.3,6.12,17.19,2
PureGlow Soaps International (Fictional Dummy Company),Global Manufacturing Head - PureGlow Soaps,Australia,Australia,Melbourne,FCT026,Melbourne Soap Plant,LN0078,Line-3,2026-07-03 02:00:00,2026-07-03,2,Night,Neem Bar Soap,1.22,60.0,2.8,No Downtime,57.2,73,70,1,69,1.51,98.57,95.89,95.33,100.31,94.26,6.48,13.78,1
PureGlow Soaps International (Fictional Dummy Company),Global Manufacturing Head - PureGlow Soaps,Australia,Australia,Melbourne,FCT026,Melbourne Soap Plant,LN0076,Line-1,2026-07-03 03:00:00,2026-07-03,3,Night,Lemon Bar Soap,1.19,60.0,6.3,Changeover/Setup,53.7,71,55,2,53,3.91,96.36,77.46,89.5,86.07,74.23,5.34,19.03,1
PureGlow Soaps International (Fictional Dummy Company),Global Manufacturing Head - PureGlow Soaps,Australia,Australia,Melbourne,FCT026,Melbourne Soap Plant,LN0077,Line-2,2026-07-03 03:00:00,2026-07-03,3,Night,Lemon Bar Soap,1.05,60.0,11.1,Quality Hold,48.9,63,46,4,42,8.33,91.3,73.02,81.5,89.59,66.66,4.8,14.85,3
PureGlow Soaps International (Fictional Dummy Company),Global Manufacturing Head - PureGlow Soaps,Australia,Australia,Melbourne,FCT026,Melbourne Soap Plant,LN0078,Line-3,2026-07-03 03:00:00,2026-07-03,3,Night,Neem Bar Soap,1.22,60.0,14.2,Power Outage,45.8,73,46,1,45,2.6,97.83,63.01,76.33,82.33,61.48,4.5,11.35,1
PureGlow Soaps International (Fictional Dummy Company),Global Manufacturing Head - PureGlow Soaps,Australia,Australia,Melbourne,FCT026,Melbourne Soap Plant,LN0076,Line-1,2026-07-03 04:00:00,2026-07-03,4,Night,Lemon Bar Soap,1.19,60.0,9.2,Changeover/Setup,50.8,71,52,3,49,5.19,94.23,73.24,84.67,86.02,68.63,5.65,18.93,3
PureGlow Soaps International (Fictional Dummy Company),Global Manufacturing Head - PureGlow Soaps,Australia,Australia,Melbourne,FCT026,Melbourne Soap Plant,LN0077,Line-2,2026-07-03 04:00:00,2026-07-03,4,Night,Lemon Bar Soap,1.05,60.0,1.8,No Downtime,58.2,63,54,1,53,1.73,98.15,85.71,97.0,88.37,84.13,5.22,16.51,1
PureGlow Soaps International (Fictional Dummy Company),Global Manufacturing Head - PureGlow Soaps,Australia,Australia,Melbourne,FCT026,Melbourne Soap Plant,LN0078,Line-3,2026-07-03 04:00:00,2026-07-03,4,Night,Neem Bar Soap,1.22,60.0,17.0,Changeover/Setup,43.0,73,49,2,47,3.7,95.92,67.12,71.67,93.4,64.21,4.61,10.42,1
PureGlow Soaps International (Fictional Dummy Company),Global Manufacturing Head - PureGlow Soaps,Australia,Australia,Melbourne,FCT026,Melbourne Soap Plant,LN0076,Line-1,2026-07-03 05:00:00,2026-07-03,5,Night,Lemon Bar Soap,1.19,60.0,16.0,Power Outage,44.0,71,48,2,46,3.24,95.83,67.61,73.33,91.67,64.42,4.52,18.0,3
PureGlow Soaps International (Fictional Dummy Company),Global Manufacturing Head - PureGlow Soaps,Australia,Australia,Melbourne,FCT026,Melbourne Soap Plant,LN0077,Line-2,2026-07-03 05:00:00,2026-07-03,5,Night,Lemon Bar Soap,1.05,60.0,16.4,Preventive Maintenance,43.6,63,38,0,38,1.28,100.0,60.32,72.67,83.01,60.32,3.42,11.92,3
PureGlow Soaps International (Fictional Dummy Company),Global Manufacturing Head - PureGlow Soaps,Australia,Australia,Melbourne,FCT026,Melbourne Soap Plant,LN0078,Line-3,2026-07-03 05:00:00,2026-07-03,5,Night,Neem Bar Soap,1.22,60.0,18.1,Machine Breakdown,41.9,73,44,2,42,5.29,95.45,60.27,69.83,86.08,57.37,4.82,11.1,3
PureGlow Soaps International (Fictional Dummy Company),Global Manufacturing Head - PureGlow Soaps,Australia,Australia,Melbourne,FCT026,Melbourne Soap Plant,LN0076,Line-1,2026-07-03 06:00:00,2026-07-03,6,Morning,Lemon Bar Soap,1.19,60.0,42.3,Machine Breakdown,17.7,71,17,1,16,4.36,94.12,23.94,29.5,80.71,22.41,1.7,6.28,2
PureGlow Soaps International (Fictional Dummy Company),Global Manufacturing Head - PureGlow Soaps,Australia,Australia,Melbourne,FCT026,Melbourne Soap Plant,LN0077,Line-2,2026-07-03 06:00:00,2026-07-03,6,Morning,Lemon Bar Soap,1.05,60.0,26.0,Machine Breakdown,34.0,63,36,1,35,1.83,97.22,57.14,56.67,100.84,55.56,3.31,10.74,1
PureGlow Soaps International (Fictional Dummy Company),Global Manufacturing Head - PureGlow Soaps,Australia,Australia,Melbourne,FCT026,Melbourne Soap Plant,LN0078,Line-3,2026-07-03 06:00:00,2026-07-03,6,Morning,Neem Bar Soap,1.22,60.0,17.3,Changeover/Setup,42.7,73,47,1,46,2.65,97.87,64.38,71.17,90.22,62.84,4.85,10.28,3
PureGlow Soaps International (Fictional Dummy Company),Global Manufacturing Head - PureGlow Soaps,Australia,Australia,Melbourne,FCT026,Melbourne Soap Plant,LN0076,Line-1,2026-07-03 07:00:00,2026-07-03,7,Morning,Lemon Bar Soap,1.19,60.0,8.9,Quality Hold,51.1,71,52,5,47,10.01,90.38,73.24,85.17,85.51,65.82,5.23,19.62,2
PureGlow Soaps International (Fictional Dummy Company),Global Manufacturing Head - PureGlow Soaps,Australia,Australia,Melbourne,FCT026,Melbourne Soap Plant,LN0077,Line-2,2026-07-03 07:00:00,2026-07-03,7,Morning,Lemon Bar Soap,1.05,60.0,19.9,Changeover/Setup,40.1,63,41,1,40,1.39,97.56,65.08,66.83,97.38,63.49,3.79,11.42,2
PureGlow Soaps International (Fictional Dummy Company),Global Manufacturing Head - PureGlow Soaps,Australia,Australia,Melbourne,FCT026,Melbourne Soap Plant,LN0078,Line-3,2026-07-03 07:00:00,2026-07-03,7,Morning,Neem Bar Soap,1.22,60.0,0.5,No Downtime,59.5,73,67,1,66,2.18,98.51,91.78,99.17,92.3,90.17,6.95,16.25,1
PureGlow Soaps International (Fictional Dummy Company),Global Manufacturing Head - PureGlow Soaps,Australia,Australia,Melbourne,FCT026,Melbourne Soap Plant,LN0076,Line-1,2026-07-03 08:00:00,2026-07-03,8,Morning,Lemon Bar Soap,1.19,60.0,1.4,No Downtime,58.6,71,64,2,62,3.04,96.88,90.14,97.67,91.78,86.84,6.66,22.14,3
PureGlow Soaps International (Fictional Dummy Company),Global Manufacturing Head - PureGlow Soaps,Australia,Australia,Melbourne,FCT026,Melbourne Soap Plant,LN0077,Line-2,2026-07-03 08:00:00,2026-07-03,8,Morning,Lemon Bar Soap,1.05,60.0,39.2,Preventive Maintenance,20.8,63,22,1,21,3.98,95.45,34.92,34.67,100.73,33.33,2.15,6.41,2
PureGlow Soaps International (Fictional Dummy Company),Global Manufacturing Head - PureGlow Soaps,Australia,Australia,Melbourne,FCT026,Melbourne Soap Plant,LN0078,Line-3,2026-07-03 08:00:00,2026-07-03,8,Morning,Neem Bar Soap,1.22,60.0,0.9,No Downtime,59.1,73,72,1,71,1.98,98.61,98.63,98.5,99.86,96.99,6.89,15.89,1
PureGlow Soaps International (Fictional Dummy Company),Global Manufacturing Head - PureGlow Soaps,Australia,Australia,Melbourne,FCT026,Melbourne Soap Plant,LN0076,Line-1,2026-07-03 09:00:00,2026-07-03,9,Morning,Lemon Bar Soap,1.19,60.0,3.8,No Downtime,56.2,71,65,2,63,2.84,96.92,91.55,93.67,97.19,88.23,6.62,19.45,1
PureGlow Soaps International (Fictional Dummy Company),Global Manufacturing Head - PureGlow Soaps,Australia,Australia,Melbourne,FCT026,Melbourne Soap Plant,LN0077,Line-2,2026-07-03 09:00:00,2026-07-03,9,Morning,Lemon Bar Soap,1.05,60.0,8.8,Changeover/Setup,51.2,63,52,1,51,2.61,98.08,82.54,85.33,96.73,80.95,4.9,16.93,1
PureGlow Soaps International (Fictional Dummy Company),Global Manufacturing Head - PureGlow Soaps,Australia,Australia,Melbourne,FCT026,Melbourne Soap Plant,LN0078,Line-3,2026-07-03 09:00:00,2026-07-03,9,Morning,Neem Bar Soap,1.22,60.0,12.9,Staff Shortage,47.1,73,53,2,51,4.18,96.23,72.6,78.5,92.23,69.67,5.14,12.95,2
PureGlow Soaps International (Fictional Dummy Company),Global Manufacturing Head - PureGlow Soaps,Australia,Australia,Melbourne,FCT026,Melbourne Soap Plant,LN0076,Line-1,2026-07-03 10:00:00,2026-07-03,10,Morning,Lemon Bar Soap,1.19,60.0,1.9,No Downtime,58.1,71,69,2,67,3.0,97.1,97.18,96.83,99.8,93.83,6.73,23.29,3
PureGlow Soaps International (Fictional Dummy Company),Global Manufacturing Head - PureGlow Soaps,Australia,Australia,Melbourne,FCT026,Melbourne Soap Plant,LN0077,Line-2,2026-07-03 10:00:00,2026-07-03,10,Morning,Lemon Bar Soap,1.05,60.0,10.5,Material Shortage,49.5,63,49,1,48,2.77,97.96,77.78,82.5,94.28,76.19,5.36,15.3,1
PureGlow Soaps International (Fictional Dummy Company),Global Manufacturing Head - PureGlow Soaps,Australia,Australia,Melbourne,FCT026,Melbourne Soap Plant,LN0078,Line-3,2026-07-03 10:00:00,2026-07-03,10,Morning,Neem Bar Soap,1.22,60.0,5.0,Changeover/Setup,55.0,73,65,3,62,4.08,95.38,89.04,91.67,96.87,84.7,7.05,14.0,2
PureGlow Soaps International (Fictional Dummy Company),Global Manufacturing Head - PureGlow Soaps,Australia,Australia,Melbourne,FCT026,Melbourne Soap Plant,LN0076,Line-1,2026-07-03 11:00:00,2026-07-03,11,Morning,Lemon Bar Soap,1.19,60.0,2.8,No Downtime,57.2,71,57,1,56,1.3,98.25,80.28,95.33,83.74,78.43,5.61,21.23,2
PureGlow Soaps International (Fictional Dummy Company),Global Manufacturing Head - PureGlow Soaps,Australia,Australia,Melbourne,FCT026,Melbourne Soap Plant,LN0077,Line-2,2026-07-03 11:00:00,2026-07-03,11,Morning,Lemon Bar Soap,1.05,60.0,22.2,Power Outage,37.8,63,32,1,31,2.93,96.88,50.79,63.0,80.62,49.21,3.04,12.08,3
PureGlow Soaps International (Fictional Dummy Company),Global Manufacturing Head - PureGlow Soaps,Australia,Australia,Melbourne,FCT026,Melbourne Soap Plant,LN0078,Line-3,2026-07-03 11:00:00,2026-07-03,11,Morning,Neem Bar Soap,1.22,60.0,3.6,No Downtime,56.4,73,67,1,66,1.47,98.51,91.78,94.0,97.37,90.16,6.15,14.43,1
PureGlow Soaps International (Fictional Dummy Company),Global Manufacturing Head - PureGlow Soaps,Australia,Australia,Melbourne,FCT026,Melbourne Soap Plant,LN0076,Line-1,2026-07-03 12:00:00,2026-07-03,12,Morning,Lemon Bar Soap,1.19,60.0,8.6,Changeover/Setup,51.4,71,62,4,58,5.77,93.55,87.32,85.67,101.36,81.23,5.74,18.92,3
PureGlow Soaps International (Fictional Dummy Company),Global Manufacturing Head - PureGlow Soaps,Australia,Australia,Melbourne,FCT026,Melbourne Soap Plant,LN0077,Line-2,2026-07-03 12:00:00,2026-07-03,12,Morning,Lemon Bar Soap,1.05,60.0,15.2,Changeover/Setup,44.8,63,39,1,38,2.77,97.44,61.9,74.67,82.91,60.32,4.25,13.06,3
PureGlow Soaps International (Fictional Dummy Company),Global Manufacturing Head - PureGlow Soaps,Australia,Australia,Melbourne,FCT026,Melbourne Soap Plant,LN0078,Line-3,2026-07-03 12:00:00,2026-07-03,12,Morning,Neem Bar Soap,1.22,60.0,1.3,No Downtime,58.7,73,60,3,57,4.26,95.0,82.19,97.83,83.78,77.86,6.42,13.66,3
PureGlow Soaps International (Fictional Dummy Company),Global Manufacturing Head - PureGlow Soaps,Australia,Australia,Melbourne,FCT026,Melbourne Soap Plant,LN0076,Line-1,2026-07-03 13:00:00,2026-07-03,13,Morning,Lemon Bar Soap,1.19,60.0,2.4,No Downtime,57.6,71,57,2,55,4.26,96.49,80.28,96.0,83.16,77.03,6.21,22.34,3
PureGlow Soaps International (Fictional Dummy Company),Global Manufacturing Head - PureGlow Soaps,Australia,Australia,Melbourne,FCT026,Melbourne Soap Plant,LN0077,Line-2,2026-07-03 13:00:00,2026-07-03,13,Morning,Lemon Bar Soap,1.05,60.0,29.1,Preventive Maintenance,30.9,63,30,1,29,3.81,96.67,47.62,51.5,92.46,46.03,3.04,9.03,3
PureGlow Soaps International (Fictional Dummy Company),Global Manufacturing Head - PureGlow Soaps,Australia,Australia,Melbourne,FCT026,Melbourne Soap Plant,LN0078,Line-3,2026-07-03 13:00:00,2026-07-03,13,Morning,Neem Bar Soap,1.22,60.0,12.0,Material Shortage,48.0,73,57,1,56,2.52,98.25,78.08,80.0,97.34,76.51,5.15,11.66,2
PureGlow Soaps International (Fictional Dummy Company),Global Manufacturing Head - PureGlow Soaps,Australia,Australia,Melbourne,FCT026,Melbourne Soap Plant,LN0076,Line-1,2026-07-03 14:00:00,2026-07-03,14,Afternoon,Lemon Bar Soap,1.19,60.0,16.2,Machine Breakdown,43.8,71,44,2,42,5.23,95.45,61.97,73.0,84.42,58.82,4.17,15.63,1
PureGlow Soaps International (Fictional Dummy Company),Global Manufacturing Head - PureGlow Soaps,Australia,Australia,Melbourne,FCT026,Melbourne Soap Plant,LN0077,Line-2,2026-07-03 14:00:00,2026-07-03,14,Afternoon,Lemon Bar Soap,1.05,60.0,10.3,Material Shortage,49.7,63,42,1,41,2.46,97.62,66.67,82.83,80.48,65.08,4.01,15.89,2
PureGlow Soaps International (Fictional Dummy Company),Global Manufacturing Head - PureGlow Soaps,Australia,Australia,Melbourne,FCT026,Melbourne Soap Plant,LN0078,Line-3,2026-07-03 14:00:00,2026-07-03,14,Afternoon,Neem Bar Soap,1.22,60.0,25.7,Power Outage,34.3,73,36,1,35,3.18,97.22,49.32,57.17,86.03,47.82,3.51,8.8,3
PureGlow Soaps International (Fictional Dummy Company),Global Manufacturing Head - PureGlow Soaps,Australia,Australia,Melbourne,FCT026,Melbourne Soap Plant,LN0076,Line-1,2026-07-03 15:00:00,2026-07-03,15,Afternoon,Lemon Bar Soap,1.19,60.0,1.4,No Downtime,58.6,71,64,1,63,2.24,98.44,90.14,97.67,91.78,88.24,6.2,23.98,1
PureGlow Soaps International (Fictional Dummy Company),Global Manufacturing Head - PureGlow Soaps,Australia,Australia,Melbourne,FCT026,Melbourne Soap Plant,LN0077,Line-2,2026-07-03 15:00:00,2026-07-03,15,Afternoon,Lemon Bar Soap,1.05,60.0,5.6,Quality Hold,54.4,63,56,5,51,8.16,91.07,88.89,90.67,98.04,80.95,5.25,16.4,2
PureGlow Soaps International (Fictional Dummy Company),Global Manufacturing Head - PureGlow Soaps,Australia,Australia,Melbourne,FCT026,Melbourne Soap Plant,LN0078,Line-3,2026-07-03 15:00:00,2026-07-03,15,Afternoon,Neem Bar Soap,1.22,60.0,31.0,Material Shortage,29.0,73,34,0,34,1.26,100.0,46.58,48.33,96.1,46.45,3.09,6.69,2
PureGlow Soaps International (Fictional Dummy Company),Global Manufacturing Head - PureGlow Soaps,Australia,Australia,Melbourne,FCT026,Melbourne Soap Plant,LN0076,Line-1,2026-07-03 16:00:00,2026-07-03,16,Afternoon,Lemon Bar Soap,1.19,60.0,12.0,Changeover/Setup,48.0,71,49,3,46,7.0,93.88,69.01,80.0,85.78,64.42,4.58,16.5,1
PureGlow Soaps International (Fictional Dummy Company),Global Manufacturing Head - PureGlow Soaps,Australia,Australia,Melbourne,FCT026,Melbourne Soap Plant,LN0077,Line-2,2026-07-03 16:00:00,2026-07-03,16,Afternoon,Lemon Bar Soap,1.05,60.0,30.9,Material Shortage,29.1,63,31,0,31,1.31,100.0,49.21,48.5,101.46,49.21,3.33,8.53,3
PureGlow Soaps International (Fictional Dummy Company),Global Manufacturing Head - PureGlow Soaps,Australia,Australia,Melbourne,FCT026,Melbourne Soap Plant,LN0078,Line-3,2026-07-03 16:00:00,2026-07-03,16,Afternoon,Neem Bar Soap,1.22,60.0,3.7,No Downtime,56.3,73,61,2,59,2.85,96.72,83.56,93.83,88.81,80.6,6.54,13.58,3
PureGlow Soaps International (Fictional Dummy Company),Global Manufacturing Head - PureGlow Soaps,Australia,Australia,Melbourne,FCT026,Melbourne Soap Plant,LN0076,Line-1,2026-07-03 17:00:00,2026-07-03,17,Afternoon,Lemon Bar Soap,1.19,60.0,9.2,Quality Hold,50.8,71,53,3,50,6.6,94.34,74.65,84.67,87.67,70.03,5.51,20.85,3
PureGlow Soaps International (Fictional Dummy Company),Global Manufacturing Head - PureGlow Soaps,Australia,Australia,Melbourne,FCT026,Melbourne Soap Plant,LN0077,Line-2,2026-07-03 17:00:00,2026-07-03,17,Afternoon,Lemon Bar Soap,1.05,60.0,4.0,No Downtime,56.0,63,57,1,56,0.98,98.25,90.48,93.33,96.94,88.89,5.41,15.9,1
PureGlow Soaps International (Fictional Dummy Company),Global Manufacturing Head - PureGlow Soaps,Australia,Australia,Melbourne,FCT026,Melbourne Soap Plant,LN0078,Line-3,2026-07-03 17:00:00,2026-07-03,17,Afternoon,Neem Bar Soap,1.22,60.0,0.8,No Downtime,59.2,73,66,2,64,2.81,96.97,90.41,98.67,91.38,87.43,6.22,13.95,1
PureGlow Soaps International (Fictional Dummy Company),Global Manufacturing Head - PureGlow Soaps,Australia,Australia,Melbourne,FCT026,Melbourne Soap Plant,LN0076,Line-1,2026-07-03 18:00:00,2026-07-03,18,Afternoon,Lemon Bar Soap,1.19,60.0,25.7,Preventive Maintenance,34.3,71,39,1,38,2.28,97.44,54.93,57.17,95.55,53.23,3.65,13.4,2
PureGlow Soaps International (Fictional Dummy Company),Global Manufacturing Head - PureGlow Soaps,Australia,Australia,Melbourne,FCT026,Melbourne Soap Plant,LN0077,Line-2,2026-07-03 18:00:00,2026-07-03,18,Afternoon,Lemon Bar Soap,1.05,60.0,12.2,Quality Hold,47.8,63,51,6,45,12.3,88.24,80.95,79.67,101.61,71.43,5.52,15.19,1
PureGlow Soaps International (Fictional Dummy Company),Global Manufacturing Head - PureGlow Soaps,Australia,Australia,Melbourne,FCT026,Melbourne Soap Plant,LN0078,Line-3,2026-07-03 18:00:00,2026-07-03,18,Afternoon,Neem Bar Soap,1.22,60.0,42.4,Machine Breakdown,17.6,73,17,0,17,0.7,100.0,23.29,29.33,79.17,23.22,1.58,4.61,1
PureGlow Soaps International (Fictional Dummy Company),Global Manufacturing Head - PureGlow Soaps,Australia,Australia,Melbourne,FCT026,Melbourne Soap Plant,LN0076,Line-1,2026-07-03 19:00:00,2026-07-03,19,Afternoon,Lemon Bar Soap,1.19,60.0,7.0,Changeover/Setup,53.0,71,59,2,57,2.82,96.61,83.1,88.33,93.55,79.83,5.35,20.31,3
PureGlow Soaps International (Fictional Dummy Company),Global Manufacturing Head - PureGlow Soaps,Australia,Australia,Melbourne,FCT026,Melbourne Soap Plant,LN0077,Line-2,2026-07-03 19:00:00,2026-07-03,19,Afternoon,Lemon Bar Soap,1.05,60.0,8.3,Quality Hold,51.7,63,51,4,47,8.07,92.16,80.95,86.17,93.95,74.61,4.82,16.42,2
PureGlow Soaps International (Fictional Dummy Company),Global Manufacturing Head - PureGlow Soaps,Australia,Australia,Melbourne,FCT026,Melbourne Soap Plant,LN0078,Line-3,2026-07-03 19:00:00,2026-07-03,19,Afternoon,Neem Bar Soap,1.22,60.0,0.0,No Downtime,60.0,73,68,3,65,4.15,95.59,93.15,100.0,92.9,88.8,6.79,15.31,1
PureGlow Soaps International (Fictional Dummy Company),Global Manufacturing Head - PureGlow Soaps,Australia,Australia,Melbourne,FCT026,Melbourne Soap Plant,LN0076,Line-1,2026-07-03 20:00:00,2026-07-03,20,Afternoon,Lemon Bar Soap,1.19,60.0,1.2,No Downtime,58.8,71,67,2,65,3.35,97.01,94.37,98.0,95.75,91.03,6.97,21.97,1
PureGlow Soaps International (Fictional Dummy Company),Global Manufacturing Head - PureGlow Soaps,Australia,Australia,Melbourne,FCT026,Melbourne Soap Plant,LN0077,Line-2,2026-07-03 20:00:00,2026-07-03,20,Afternoon,Lemon Bar Soap,1.05,60.0,1.6,No Downtime,58.4,63,55,2,53,3.38,96.36,87.3,97.33,89.69,84.12,5.59,18.31,3
PureGlow Soaps International (Fictional Dummy Company),Global Manufacturing Head - PureGlow Soaps,Australia,Australia,Melbourne,FCT026,Melbourne Soap Plant,LN0078,Line-3,2026-07-03 20:00:00,2026-07-03,20,Afternoon,Neem Bar Soap,1.22,60.0,1.8,No Downtime,58.2,73,68,3,65,4.27,95.59,93.15,97.0,95.77,88.8,7.0,13.45,3
PureGlow Soaps International (Fictional Dummy Company),Global Manufacturing Head - PureGlow Soaps,Australia,Australia,Melbourne,FCT026,Melbourne Soap Plant,LN0076,Line-1,2026-07-03 21:00:00,2026-07-03,21,Afternoon,Lemon Bar Soap,1.19,60.0,30.8,Material Shortage,29.2,71,31,2,29,5.18,93.55,43.66,48.67,89.21,40.62,3.05,12.0,1
PureGlow Soaps International (Fictional Dummy Company),Global Manufacturing Head - PureGlow Soaps,Australia,Australia,Melbourne,FCT026,Melbourne Soap Plant,LN0077,Line-2,2026-07-03 21:00:00,2026-07-03,21,Afternoon,Lemon Bar Soap,1.05,60.0,29.1,Power Outage,30.9,63,33,0,33,0.48,100.0,52.38,51.5,101.71,52.38,3.57,8.59,1
PureGlow Soaps International (Fictional Dummy Company),Global Manufacturing Head - PureGlow Soaps,Australia,Australia,Melbourne,FCT026,Melbourne Soap Plant,LN0078,Line-3,2026-07-03 21:00:00,2026-07-03,21,Afternoon,Neem Bar Soap,1.22,60.0,0.4,No Downtime,59.6,73,69,2,67,3.01,97.1,94.52,99.33,94.89,91.52,7.27,14.66,1
PureGlow Soaps International (Fictional Dummy Company),Global Manufacturing Head - PureGlow Soaps,Australia,Australia,Melbourne,FCT026,Melbourne Soap Plant,LN0076,Line-1,2026-07-03 22:00:00,2026-07-03,22,Night,Lemon Bar Soap,1.19,60.0,10.3,Changeover/Setup,49.7,71,59,1,58,2.53,98.31,83.1,82.83,99.76,81.23,5.12,19.92,1
PureGlow Soaps International (Fictional Dummy Company),Global Manufacturing Head - PureGlow Soaps,Australia,Australia,Melbourne,FCT026,Melbourne Soap Plant,LN0077,Line-2,2026-07-03 22:00:00,2026-07-03,22,Night,Lemon Bar Soap,1.05,60.0,17.6,Material Shortage,42.4,63,37,1,36,3.24,97.3,58.73,70.67,83.11,57.15,3.88,12.43,2
PureGlow Soaps International (Fictional Dummy Company),Global Manufacturing Head - PureGlow Soaps,Australia,Australia,Melbourne,FCT026,Melbourne Soap Plant,LN0078,Line-3,2026-07-03 22:00:00,2026-07-03,22,Night,Neem Bar Soap,1.22,60.0,25.7,Machine Breakdown,34.3,73,37,1,36,2.4,97.3,50.68,57.17,88.42,49.18,3.15,8.47,3
PureGlow Soaps International (Fictional Dummy Company),Global Manufacturing Head - PureGlow Soaps,Australia,Australia,Melbourne,FCT026,Melbourne Soap Plant,LN0076,Line-1,2026-07-03 23:00:00,2026-07-03,23,Night,Lemon Bar Soap,1.19,60.0,0.7,No Downtime,59.3,71,71,2,69,3.45,97.18,100.0,98.83,100.61,96.63,6.4,22.07,3
PureGlow Soaps International (Fictional Dummy Company),Global Manufacturing Head - PureGlow Soaps,Australia,Australia,Melbourne,FCT026,Melbourne Soap Plant,LN0077,Line-2,2026-07-03 23:00:00,2026-07-03,23,Night,Lemon Bar Soap,1.05,60.0,23.8,Machine Breakdown,36.2,63,32,0,32,0.2,100.0,50.79,60.33,84.19,50.79,3.13,11.51,2
PureGlow Soaps International (Fictional Dummy Company),Global Manufacturing Head - PureGlow Soaps,Australia,Australia,Melbourne,FCT026,Melbourne Soap Plant,LN0078,Line-3,2026-07-03 23:00:00,2026-07-03,23,Night,Neem Bar Soap,1.22,60.0,8.3,Staff Shortage,51.7,73,61,2,59,3.73,96.72,83.56,86.17,96.71,80.6,6.13,13.71,1
PureGlow Soaps International (Fictional Dummy Company),Global Manufacturing Head - PureGlow Soaps,Australia,Australia,Melbourne,FCT026,Melbourne Soap Plant,LN0076,Line-1,2026-07-04 00:00:00,2026-07-04,0,Night,Lavender Bar Soap,1.19,60.0,9.6,Changeover/Setup,50.4,71,57,1,56,1.1,98.25,80.28,84.0,95.04,78.44,5.04,17.79,3
PureGlow Soaps International (Fictional Dummy Company),Global Manufacturing Head - PureGlow Soaps,Australia,Australia,Melbourne,FCT026,Melbourne Soap Plant,LN0077,Line-2,2026-07-04 00:00:00,2026-07-04,0,Night,Rose Bar Soap,1.05,60.0,21.3,Machine Breakdown,38.7,63,41,1,40,3.29,97.56,65.08,64.5,100.9,63.49,4.09,12.76,1
PureGlow Soaps International (Fictional Dummy Company),Global Manufacturing Head - PureGlow Soaps,Australia,Australia,Melbourne,FCT026,Melbourne Soap Plant,LN0078,Line-3,2026-07-04 00:00:00,2026-07-04,0,Night,Coconut Bar Soap,1.22,60.0,3.9,No Downtime,56.1,73,63,1,62,2.29,98.41,86.3,93.5,92.05,84.7,6.34,15.1,2
PureGlow Soaps International (Fictional Dummy Company),Global Manufacturing Head - PureGlow Soaps,Australia,Australia,Melbourne,FCT026,Melbourne Soap Plant,LN0076,Line-1,2026-07-04 01:00:00,2026-07-04,1,Night,Lavender Bar Soap,1.19,60.0,12.3,Machine Breakdown,47.7,71,54,0,54,0.73,100.0,76.06,79.5,95.13,75.63,5.02,16.65,3
PureGlow Soaps International (Fictional Dummy Company),Global Manufacturing Head - PureGlow Soaps,Australia,Australia,Melbourne,FCT026,Melbourne Soap Plant,LN0077,Line-2,2026-07-04 01:00:00,2026-07-04,1,Night,Rose Bar Soap,1.05,60.0,12.1,Material Shortage,47.9,63,45,1,44,2.54,97.78,71.43,79.83,89.47,69.84,4.86,14.34,3
PureGlow Soaps International (Fictional Dummy Company),Global Manufacturing Head - PureGlow Soaps,Australia,Australia,Melbourne,FCT026,Melbourne Soap Plant,LN0078,Line-3,2026-07-04 01:00:00,2026-07-04,1,Night,Coconut Bar Soap,1.22,60.0,18.4,Staff Shortage,41.6,73,42,1,41,1.59,97.62,57.53,69.33,82.76,56.01,4.05,11.0,1
PureGlow Soaps International (Fictional Dummy Company),Global Manufacturing Head - PureGlow Soaps,Australia,Australia,Melbourne,FCT026,Melbourne Soap Plant,LN0076,Line-1,2026-07-04 02:00:00,2026-07-04,2,Night,Lavender Bar Soap,1.19,60.0,11.5,Machine Breakdown,48.5,71,46,2,44,4.5,95.65,64.79,80.83,79.7,61.62,4.66,19.02,3
PureGlow Soaps International (Fictional Dummy Company),Global Manufacturing Head - PureGlow Soaps,Australia,Australia,Melbourne,FCT026,Melbourne Soap Plant,LN0077,Line-2,2026-07-04 02:00:00,2026-07-04,2,Night,Rose Bar Soap,1.05,60.0,15.4,Changeover/Setup,44.6,63,43,1,42,1.68,97.67,68.25,74.33,91.82,66.66,4.59,13.43,2
PureGlow Soaps International (Fictional Dummy Company),Global Manufacturing Head - PureGlow Soaps,Australia,Australia,Melbourne,FCT026,Melbourne Soap Plant,LN0078,Line-3,2026-07-04 02:00:00,2026-07-04,2,Night,Coconut Bar Soap,1.22,60.0,13.7,Quality Hold,46.3,73,51,4,47,8.17,92.16,69.86,77.17,90.29,64.21,4.36,11.17,3
PureGlow Soaps International (Fictional Dummy Company),Global Manufacturing Head - PureGlow Soaps,Australia,Australia,Melbourne,FCT026,Melbourne Soap Plant,LN0076,Line-1,2026-07-04 03:00:00,2026-07-04,3,Night,Lavender Bar Soap,1.19,60.0,1.3,No Downtime,58.7,71,58,1,57,2.34,98.28,81.69,97.83,83.03,79.83,6.09,21.49,1
PureGlow Soaps International (Fictional Dummy Company),Global Manufacturing Head - PureGlow Soaps,Australia,Australia,Melbourne,FCT026,Melbourne Soap Plant,LN0077,Line-2,2026-07-04 03:00:00,2026-07-04,3,Night,Rose Bar Soap,1.05,60.0,42.8,Machine Breakdown,17.2,63,15,1,14,4.23,93.33,23.81,28.67,83.06,22.22,1.28,5.11,1
PureGlow Soaps International (Fictional Dummy Company),Global Manufacturing Head - PureGlow Soaps,Australia,Australia,Melbourne,FCT026,Melbourne Soap Plant,LN0078,Line-3,2026-07-04 03:00:00,2026-07-04,3,Night,Coconut Bar Soap,1.22,60.0,15.4,Changeover/Setup,44.6,73,56,2,54,3.37,96.43,76.71,74.33,102.92,73.77,5.92,12.29,3
PureGlow Soaps International (Fictional Dummy Company),Global Manufacturing Head - PureGlow Soaps,Australia,Australia,Melbourne,FCT026,Melbourne Soap Plant,LN0076,Line-1,2026-07-04 04:00:00,2026-07-04,4,Night,Lavender Bar Soap,1.19,60.0,3.5,No Downtime,56.5,71,60,2,58,3.92,96.67,84.51,94.17,89.24,81.24,6.4,20.43,2
PureGlow Soaps International (Fictional Dummy Company),Global Manufacturing Head - PureGlow Soaps,Australia,Australia,Melbourne,FCT026,Melbourne Soap Plant,LN0077,Line-2,2026-07-04 04:00:00,2026-07-04,4,Night,Rose Bar Soap,1.05,60.0,15.6,Machine Breakdown,44.4,63,38,0,38,0.33,100.0,60.32,74.0,81.51,60.32,3.58,12.83,2
PureGlow Soaps International (Fictional Dummy Company),Global Manufacturing Head - PureGlow Soaps,Australia,Australia,Melbourne,FCT026,Melbourne Soap Plant,LN0078,Line-3,2026-07-04 04:00:00,2026-07-04,4,Night,Coconut Bar Soap,1.22,60.0,2.5,No Downtime,57.5,73,72,2,70,3.2,97.22,98.63,95.83,102.64,95.63,6.72,14.43,1
PureGlow Soaps International (Fictional Dummy Company),Global Manufacturing Head - PureGlow Soaps,Australia,Australia,Melbourne,FCT026,Melbourne Soap Plant,LN0076,Line-1,2026-07-04 05:00:00,2026-07-04,5,Night,Lavender Bar Soap,1.19,60.0,16.3,Preventive Maintenance,43.7,71,48,2,46,3.93,95.83,67.61,72.83,92.3,64.42,4.66,17.74,1
PureGlow Soaps International (Fictional Dummy Company),Global Manufacturing Head - PureGlow Soaps,Australia,Australia,Melbourne,FCT026,Melbourne Soap Plant,LN0077,Line-2,2026-07-04 05:00:00,2026-07-04,5,Night,Rose Bar Soap,1.05,60.0,7.5,Changeover/Setup,52.5,63,48,2,46,3.6,95.83,76.19,87.5,87.07,73.01,4.26,17.12,3
PureGlow Soaps International (Fictional Dummy Company),Global Manufacturing Head - PureGlow Soaps,Australia,Australia,Melbourne,FCT026,Melbourne Soap Plant,LN0078,Line-3,2026-07-04 05:00:00,2026-07-04,5,Night,Coconut Bar Soap,1.22,60.0,42.6,Machine Breakdown,17.4,73,18,1,17,4.25,94.44,24.66,29.0,84.79,23.22,1.76,4.23,1
PureGlow Soaps International (Fictional Dummy Company),Global Manufacturing Head - PureGlow Soaps,Australia,Australia,Melbourne,FCT026,Melbourne Soap Plant,LN0076,Line-1,2026-07-04 06:00:00,2026-07-04,6,Morning,Lavender Bar Soap,1.19,60.0,4.0,No Downtime,56.0,71,66,3,63,4.53,95.45,92.96,93.33,99.04,88.23,6.69,22.23,3
PureGlow Soaps International (Fictional Dummy Company),Global Manufacturing Head - PureGlow Soaps,Australia,Australia,Melbourne,FCT026,Melbourne Soap Plant,LN0077,Line-2,2026-07-04 06:00:00,2026-07-04,6,Morning,Rose Bar Soap,1.05,60.0,16.2,Changeover/Setup,43.8,63,37,1,36,3.87,97.3,58.73,73.0,80.45,57.14,3.3,13.94,3
PureGlow Soaps International (Fictional Dummy Company),Global Manufacturing Head - PureGlow Soaps,Australia,Australia,Melbourne,FCT026,Melbourne Soap Plant,LN0078,Line-3,2026-07-04 06:00:00,2026-07-04,6,Morning,Coconut Bar Soap,1.22,60.0,42.9,Machine Breakdown,17.1,73,18,1,17,2.98,94.44,24.66,28.5,86.28,23.22,1.68,4.38,1
PureGlow Soaps International (Fictional Dummy Company),Global Manufacturing Head - PureGlow Soaps,Australia,Australia,Melbourne,FCT026,Melbourne Soap Plant,LN0076,Line-1,2026-07-04 07:00:00,2026-07-04,7,Morning,Lavender Bar Soap,1.19,60.0,1.2,No Downtime,58.8,71,63,2,61,2.97,96.83,88.73,98.0,90.04,85.44,6.91,24.14,2
PureGlow Soaps International (Fictional Dummy Company),Global Manufacturing Head - PureGlow Soaps,Australia,Australia,Melbourne,FCT026,Melbourne Soap Plant,LN0077,Line-2,2026-07-04 07:00:00,2026-07-04,7,Morning,Rose Bar Soap,1.05,60.0,2.2,No Downtime,57.8,63,59,2,57,4.15,96.61,93.65,96.33,97.22,90.48,5.73,18.08,3
PureGlow Soaps International (Fictional Dummy Company),Global Manufacturing Head - PureGlow Soaps,Australia,Australia,Melbourne,FCT026,Melbourne Soap Plant,LN0078,Line-3,2026-07-04 07:00:00,2026-07-04,7,Morning,Coconut Bar Soap,1.22,60.0,14.2,Material Shortage,45.8,73,56,2,54,2.98,96.43,76.71,76.33,100.22,73.77,6.0,10.86,1
PureGlow Soaps International (Fictional Dummy Company),Global Manufacturing Head - PureGlow Soaps,Australia,Australia,Melbourne,FCT026,Melbourne Soap Plant,LN0076,Line-1,2026-07-04 08:00:00,2026-07-04,8,Morning,Lavender Bar Soap,1.19,60.0,0.8,No Downtime,59.2,71,59,2,57,4.07,96.61,83.1,98.67,83.75,79.83,5.77,21.19,3
PureGlow Soaps International (Fictional Dummy Company),Global Manufacturing Head - PureGlow Soaps,Australia,Australia,Melbourne,FCT026,Melbourne Soap Plant,LN0077,Line-2,2026-07-04 08:00:00,2026-07-04,8,Morning,Rose Bar Soap,1.05,60.0,2.5,No Downtime,57.5,63,58,2,56,3.18,96.55,92.06,95.83,96.07,88.89,4.94,16.65,3
PureGlow Soaps International (Fictional Dummy Company),Global Manufacturing Head - PureGlow Soaps,Australia,Australia,Melbourne,FCT026,Melbourne Soap Plant,LN0078,Line-3,2026-07-04 08:00:00,2026-07-04,8,Morning,Coconut Bar Soap,1.22,60.0,22.1,Machine Breakdown,37.9,73,44,1,43,2.25,97.73,60.27,63.17,95.16,58.75,4.3,9.29,3
PureGlow Soaps International (Fictional Dummy Company),Global Manufacturing Head - PureGlow Soaps,Australia,Australia,Melbourne,FCT026,Melbourne Soap Plant,LN0076,Line-1,2026-07-04 09:00:00,2026-07-04,9,Morning,Lavender Bar Soap,1.19,60.0,9.7,Changeover/Setup,50.3,71,49,2,47,3.4,95.92,69.01,83.83,81.86,65.82,4.29,17.74,3
PureGlow Soaps International (Fictional Dummy Company),Global Manufacturing Head - PureGlow Soaps,Australia,Australia,Melbourne,FCT026,Melbourne Soap Plant,LN0077,Line-2,2026-07-04 09:00:00,2026-07-04,9,Morning,Rose Bar Soap,1.05,60.0,14.6,Changeover/Setup,45.4,63,47,2,45,4.08,95.74,74.6,75.67,98.59,71.42,4.98,13.28,3
PureGlow Soaps International (Fictional Dummy Company),Global Manufacturing Head - PureGlow Soaps,Australia,Australia,Melbourne,FCT026,Melbourne Soap Plant,LN0078,Line-3,2026-07-04 09:00:00,2026-07-04,9,Morning,Coconut Bar Soap,1.22,60.0,18.4,Material Shortage,41.6,73,44,1,43,2.25,97.73,60.27,69.33,86.7,58.74,4.16,11.31,1
PureGlow Soaps International (Fictional Dummy Company),Global Manufacturing Head - PureGlow Soaps,Australia,Australia,Melbourne,FCT026,Melbourne Soap Plant,LN0076,Line-1,2026-07-04 10:00:00,2026-07-04,10,Morning,Lavender Bar Soap,1.19,60.0,10.3,Staff Shortage,49.7,71,49,2,47,4.37,95.92,69.01,82.83,82.85,65.82,5.11,17.26,1
PureGlow Soaps International (Fictional Dummy Company),Global Manufacturing Head - PureGlow Soaps,Australia,Australia,Melbourne,FCT026,Melbourne Soap Plant,LN0077,Line-2,2026-07-04 10:00:00,2026-07-04,10,Morning,Rose Bar Soap,1.05,60.0,3.1,No Downtime,56.9,63,60,1,59,2.35,98.33,95.24,94.83,100.43,93.65,6.19,18.04,3
PureGlow Soaps International (Fictional Dummy Company),Global Manufacturing Head - PureGlow Soaps,Australia,Australia,Melbourne,FCT026,Melbourne Soap Plant,LN0078,Line-3,2026-07-04 10:00:00,2026-07-04,10,Morning,Coconut Bar Soap,1.22,60.0,0.6,No Downtime,59.4,73,63,2,61,2.59,96.83,86.3,99.0,86.93,83.33,6.35,16.0,1
PureGlow Soaps International (Fictional Dummy Company),Global Manufacturing Head - PureGlow Soaps,Australia,Australia,Melbourne,FCT026,Melbourne Soap Plant,LN0076,Line-1,2026-07-04 11:00:00,2026-07-04,11,Morning,Lavender Bar Soap,1.19,60.0,6.9,Changeover/Setup,53.1,71,64,2,62,2.42,96.88,90.14,88.5,101.28,86.84,6.47,19.25,2
PureGlow Soaps International (Fictional Dummy Company),Global Manufacturing Head - PureGlow Soaps,Australia,Australia,Melbourne,FCT026,Melbourne Soap Plant,LN0077,Line-2,2026-07-04 11:00:00,2026-07-04,11,Morning,Rose Bar Soap,1.05,60.0,13.6,Quality Hold,46.4,63,45,4,41,9.17,91.11,71.43,77.33,92.36,65.07,4.36,15.1,1
PureGlow Soaps International (Fictional Dummy Company),Global Manufacturing Head - PureGlow Soaps,Australia,Australia,Melbourne,FCT026,Melbourne Soap Plant,LN0078,Line-3,2026-07-04 11:00:00,2026-07-04,11,Morning,Coconut Bar Soap,1.22,60.0,39.8,Preventive Maintenance,20.2,73,23,1,22,2.59,95.65,31.51,33.67,93.33,30.06,2.08,5.31,2
PureGlow Soaps International (Fictional Dummy Company),Global Manufacturing Head - PureGlow Soaps,Australia,Australia,Melbourne,FCT026,Melbourne Soap Plant,LN0076,Line-1,2026-07-04 12:00:00,2026-07-04,12,Morning,Lavender Bar Soap,1.19,60.0,0.7,No Downtime,59.3,71,71,2,69,2.83,97.18,100.0,98.83,100.61,96.63,6.17,23.66,3
PureGlow Soaps International (Fictional Dummy Company),Global Manufacturing Head - PureGlow Soaps,Australia,Australia,Melbourne,FCT026,Melbourne Soap Plant,LN0077,Line-2,2026-07-04 12:00:00,2026-07-04,12,Morning,Rose Bar Soap,1.05,60.0,2.1,No Downtime,57.9,63,50,1,49,2.28,98.0,79.37,96.5,82.24,77.77,5.04,17.82,2
PureGlow Soaps International (Fictional Dummy Company),Global Manufacturing Head - PureGlow Soaps,Australia,Australia,Melbourne,FCT026,Melbourne Soap Plant,LN0078,Line-3,2026-07-04 12:00:00,2026-07-04,12,Morning,Coconut Bar Soap,1.22,60.0,3.7,No Downtime,56.3,73,58,0,58,0.68,100.0,79.45,93.83,84.44,79.23,5.1,13.46,3
PureGlow Soaps International (Fictional Dummy Company),Global Manufacturing Head - PureGlow Soaps,Australia,Australia,Melbourne,FCT026,Melbourne Soap Plant,LN0076,Line-1,2026-07-04 13:00:00,2026-07-04,13,Morning,Lavender Bar Soap,1.19,60.0,2.2,No Downtime,57.8,71,56,2,54,2.95,96.43,78.87,96.33,81.42,75.63,5.43,23.88,1
PureGlow Soaps International (Fictional Dummy Company),Global Manufacturing Head - PureGlow Soaps,Australia,Australia,Melbourne,FCT026,Melbourne Soap Plant,LN0077,Line-2,2026-07-04 13:00:00,2026-07-04,13,Morning,Rose Bar Soap,1.05,60.0,26.0,Material Shortage,34.0,63,35,1,34,1.6,97.14,55.56,56.67,98.04,53.97,3.49,11.0,2
PureGlow Soaps International (Fictional Dummy Company),Global Manufacturing Head - PureGlow Soaps,Australia,Australia,Melbourne,FCT026,Melbourne Soap Plant,LN0078,Line-3,2026-07-04 13:00:00,2026-07-04,13,Morning,Coconut Bar Soap,1.22,60.0,16.1,Power Outage,43.9,73,54,0,54,0.08,100.0,73.97,73.17,100.83,73.78,5.41,10.16,2
PureGlow Soaps International (Fictional Dummy Company),Global Manufacturing Head - PureGlow Soaps,Australia,Australia,Melbourne,FCT026,Melbourne Soap Plant,LN0076,Line-1,2026-07-04 14:00:00,2026-07-04,14,Afternoon,Lavender Bar Soap,1.19,60.0,2.1,No Downtime,57.9,71,56,3,53,5.94,94.64,78.87,96.5,81.28,74.23,5.15,20.09,2
PureGlow Soaps International (Fictional Dummy Company),Global Manufacturing Head - PureGlow Soaps,Australia,Australia,Melbourne,FCT026,Melbourne Soap Plant,LN0077,Line-2,2026-07-04 14:00:00,2026-07-04,14,Afternoon,Rose Bar Soap,1.05,60.0,19.1,Machine Breakdown,40.9,63,38,1,37,1.76,97.37,60.32,68.17,88.49,58.74,3.63,12.35,2
PureGlow Soaps International (Fictional Dummy Company),Global Manufacturing Head - PureGlow Soaps,Australia,Australia,Melbourne,FCT026,Melbourne Soap Plant,LN0078,Line-3,2026-07-04 14:00:00,2026-07-04,14,Afternoon,Coconut Bar Soap,1.22,60.0,12.9,Staff Shortage,47.1,73,52,2,50,3.7,96.15,71.23,78.5,90.49,68.3,4.47,12.86,2
PureGlow Soaps International (Fictional Dummy Company),Global Manufacturing Head - PureGlow Soaps,Australia,Australia,Melbourne,FCT026,Melbourne Soap Plant,LN0076,Line-1,2026-07-04 15:00:00,2026-07-04,15,Afternoon,Lavender Bar Soap,1.19,60.0,14.5,Power Outage,45.5,71,53,1,52,1.79,98.11,74.65,75.83,97.89,72.83,5.07,16.76,3
PureGlow Soaps International (Fictional Dummy Company),Global Manufacturing Head - PureGlow Soaps,Australia,Australia,Melbourne,FCT026,Melbourne Soap Plant,LN0077,Line-2,2026-07-04 15:00:00,2026-07-04,15,Afternoon,Rose Bar Soap,1.05,60.0,19.1,Material Shortage,40.9,63,44,2,42,3.96,95.45,69.84,68.17,102.46,66.67,4.64,11.23,3
PureGlow Soaps International (Fictional Dummy Company),Global Manufacturing Head - PureGlow Soaps,Australia,Australia,Melbourne,FCT026,Melbourne Soap Plant,LN0078,Line-3,2026-07-04 15:00:00,2026-07-04,15,Afternoon,Coconut Bar Soap,1.22,60.0,3.0,No Downtime,57.0,73,64,2,62,3.47,96.88,87.67,95.0,92.03,84.7,6.72,15.14,2
PureGlow Soaps International (Fictional Dummy Company),Global Manufacturing Head - PureGlow Soaps,Australia,Australia,Melbourne,FCT026,Melbourne Soap Plant,LN0076,Line-1,2026-07-04 16:00:00,2026-07-04,16,Afternoon,Lavender Bar Soap,1.19,60.0,2.0,No Downtime,58.0,71,68,2,66,2.57,97.06,95.77,96.67,98.52,92.44,7.42,20.66,2
PureGlow Soaps International (Fictional Dummy Company),Global Manufacturing Head - PureGlow Soaps,Australia,Australia,Melbourne,FCT026,Melbourne Soap Plant,LN0077,Line-2,2026-07-04 16:00:00,2026-07-04,16,Afternoon,Rose Bar Soap,1.05,60.0,27.0,Machine Breakdown,33.0,63,31,2,29,5.33,93.55,49.21,55.0,89.47,46.03,3.14,9.54,1
PureGlow Soaps International (Fictional Dummy Company),Global Manufacturing Head - PureGlow Soaps,Australia,Australia,Melbourne,FCT026,Melbourne Soap Plant,LN0078,Line-3,2026-07-04 16:00:00,2026-07-04,16,Afternoon,Coconut Bar Soap,1.22,60.0,24.1,Material Shortage,35.9,73,39,1,38,3.07,97.44,53.42,59.83,89.05,51.91,3.8,8.42,3
PureGlow Soaps International (Fictional Dummy Company),Global Manufacturing Head - PureGlow Soaps,Australia,Australia,Melbourne,FCT026,Melbourne Soap Plant,LN0076,Line-1,2026-07-04 17:00:00,2026-07-04,17,Afternoon,Lavender Bar Soap,1.19,60.0,13.7,Changeover/Setup,46.3,71,56,2,54,3.79,96.43,78.87,77.17,101.64,75.64,6.05,19.18,3
PureGlow Soaps International (Fictional Dummy Company),Global Manufacturing Head - PureGlow Soaps,Australia,Australia,Melbourne,FCT026,Melbourne Soap Plant,LN0077,Line-2,2026-07-04 17:00:00,2026-07-04,17,Afternoon,Rose Bar Soap,1.05,60.0,0.9,No Downtime,59.1,63,61,2,59,3.63,96.72,96.83,98.5,98.3,93.65,5.74,16.44,1
PureGlow Soaps International (Fictional Dummy Company),Global Manufacturing Head - PureGlow Soaps,Australia,Australia,Melbourne,FCT026,Melbourne Soap Plant,LN0078,Line-3,2026-07-04 17:00:00,2026-07-04,17,Afternoon,Coconut Bar Soap,1.22,60.0,18.6,Material Shortage,41.4,73,50,2,48,3.15,96.0,68.49,69.0,98.99,65.57,5.44,11.04,3
PureGlow Soaps International (Fictional Dummy Company),Global Manufacturing Head - PureGlow Soaps,Australia,Australia,Melbourne,FCT026,Melbourne Soap Plant,LN0076,Line-1,2026-07-04 18:00:00,2026-07-04,18,Afternoon,Lavender Bar Soap,1.19,60.0,19.2,Machine Breakdown,40.8,71,49,2,47,4.48,95.92,69.01,68.0,100.92,65.83,4.94,14.81,1
PureGlow Soaps International (Fictional Dummy Company),Global Manufacturing Head - PureGlow Soaps,Australia,Australia,Melbourne,FCT026,Melbourne Soap Plant,LN0077,Line-2,2026-07-04 18:00:00,2026-07-04,18,Afternoon,Rose Bar Soap,1.05,60.0,40.3,Machine Breakdown,19.7,63,19,0,19,2.26,100.0,30.16,32.83,91.85,30.15,1.7,5.97,2
PureGlow Soaps International (Fictional Dummy Company),Global Manufacturing Head - PureGlow Soaps,Australia,Australia,Melbourne,FCT026,Melbourne Soap Plant,LN0078,Line-3,2026-07-04 18:00:00,2026-07-04,18,Afternoon,Coconut Bar Soap,1.22,60.0,17.0,Quality Hold,43.0,73,52,3,49,5.06,94.23,71.23,71.67,99.12,66.94,5.0,11.33,1
PureGlow Soaps International (Fictional Dummy Company),Global Manufacturing Head - PureGlow Soaps,Australia,Australia,Melbourne,FCT026,Melbourne Soap Plant,LN0076,Line-1,2026-07-04 19:00:00,2026-07-04,19,Afternoon,Lavender Bar Soap,1.19,60.0,41.6,Machine Breakdown,18.4,71,20,0,20,2.06,100.0,28.17,30.67,91.34,28.01,1.8,6.45,3
PureGlow Soaps International (Fictional Dummy Company),Global Manufacturing Head - PureGlow Soaps,Australia,Australia,Melbourne,FCT026,Melbourne Soap Plant,LN0077,Line-2,2026-07-04 19:00:00,2026-07-04,19,Afternoon,Rose Bar Soap,1.05,60.0,26.8,Preventive Maintenance,33.2,63,34,0,34,0.9,100.0,53.97,55.33,97.53,53.96,3.2,10.63,3
PureGlow Soaps International (Fictional Dummy Company),Global Manufacturing Head - PureGlow Soaps,Australia,Australia,Melbourne,FCT026,Melbourne Soap Plant,LN0078,Line-3,2026-07-04 19:00:00,2026-07-04,19,Afternoon,Coconut Bar Soap,1.22,60.0,13.2,Changeover/Setup,46.8,73,48,1,47,2.84,97.92,65.75,78.0,84.07,64.21,4.62,11.26,1
PureGlow Soaps International (Fictional Dummy Company),Global Manufacturing Head - PureGlow Soaps,Australia,Australia,Melbourne,FCT026,Melbourne Soap Plant,LN0076,Line-1,2026-07-04 20:00:00,2026-07-04,20,Afternoon,Lavender Bar Soap,1.19,60.0,1.0,No Downtime,59.0,71,69,2,67,3.58,97.1,97.18,98.33,98.28,93.84,5.87,23.91,2
PureGlow Soaps International (Fictional Dummy Company),Global Manufacturing Head - PureGlow Soaps,Australia,Australia,Melbourne,FCT026,Melbourne Soap Plant,LN0077,Line-2,2026-07-04 20:00:00,2026-07-04,20,Afternoon,Rose Bar Soap,1.05,60.0,1.0,No Downtime,59.0,63,63,2,61,3.78,96.83,100.0,98.33,101.69,96.82,6.92,17.06,2
PureGlow Soaps International (Fictional Dummy Company),Global Manufacturing Head - PureGlow Soaps,Australia,Australia,Melbourne,FCT026,Melbourne Soap Plant,LN0078,Line-3,2026-07-04 20:00:00,2026-07-04,20,Afternoon,Coconut Bar Soap,1.22,60.0,38.0,Machine Breakdown,22.0,73,24,1,23,2.5,95.83,32.88,36.67,89.42,31.42,2.14,5.55,3
PureGlow Soaps International (Fictional Dummy Company),Global Manufacturing Head - PureGlow Soaps,Australia,Australia,Melbourne,FCT026,Melbourne Soap Plant,LN0076,Line-1,2026-07-04 21:00:00,2026-07-04,21,Afternoon,Lavender Bar Soap,1.19,60.0,23.3,Preventive Maintenance,36.7,71,44,1,43,3.15,97.73,61.97,61.17,100.75,60.23,4.24,13.21,3
PureGlow Soaps International (Fictional Dummy Company),Global Manufacturing Head - PureGlow Soaps,Australia,Australia,Melbourne,FCT026,Melbourne Soap Plant,LN0077,Line-2,2026-07-04 21:00:00,2026-07-04,21,Afternoon,Rose Bar Soap,1.05,60.0,13.3,Power Outage,46.7,63,40,1,39,3.49,97.5,63.49,77.83,81.57,61.9,3.87,15.07,2
PureGlow Soaps International (Fictional Dummy Company),Global Manufacturing Head - PureGlow Soaps,Australia,Australia,Melbourne,FCT026,Melbourne Soap Plant,LN0078,Line-3,2026-07-04 21:00:00,2026-07-04,21,Afternoon,Coconut Bar Soap,1.22,60.0,13.1,Changeover/Setup,46.9,73,47,2,45,3.27,95.74,64.38,78.17,82.14,61.47,4.72,12.79,3
PureGlow Soaps International (Fictional Dummy Company),Global Manufacturing Head - PureGlow Soaps,Australia,Australia,Melbourne,FCT026,Melbourne Soap Plant,LN0076,Line-1,2026-07-04 22:00:00,2026-07-04,22,Night,Lavender Bar Soap,1.19,60.0,22.6,Machine Breakdown,37.4,71,37,1,36,3.72,97.3,52.11,62.33,83.13,50.42,3.26,14.45,3
PureGlow Soaps International (Fictional Dummy Company),Global Manufacturing Head - PureGlow Soaps,Australia,Australia,Melbourne,FCT026,Melbourne Soap Plant,LN0077,Line-2,2026-07-04 22:00:00,2026-07-04,22,Night,Rose Bar Soap,1.05,60.0,3.2,No Downtime,56.8,63,56,2,54,3.15,96.43,88.89,94.67,93.9,85.72,5.82,18.16,2
PureGlow Soaps International (Fictional Dummy Company),Global Manufacturing Head - PureGlow Soaps,Australia,Australia,Melbourne,FCT026,Melbourne Soap Plant,LN0078,Line-3,2026-07-04 22:00:00,2026-07-04,22,Night,Coconut Bar Soap,1.22,60.0,1.3,No Downtime,58.7,73,63,2,61,2.46,96.83,86.3,97.83,87.97,83.33,5.83,15.4,3
PureGlow Soaps International (Fictional Dummy Company),Global Manufacturing Head - PureGlow Soaps,Australia,Australia,Melbourne,FCT026,Melbourne Soap Plant,LN0076,Line-1,2026-07-04 23:00:00,2026-07-04,23,Night,Lavender Bar Soap,1.19,60.0,2.9,No Downtime,57.1,71,60,3,57,4.6,95.0,84.51,95.17,88.3,79.83,6.03,21.01,3
PureGlow Soaps International (Fictional Dummy Company),Global Manufacturing Head - PureGlow Soaps,Australia,Australia,Melbourne,FCT026,Melbourne Soap Plant,LN0077,Line-2,2026-07-04 23:00:00,2026-07-04,23,Night,Rose Bar Soap,1.05,60.0,17.6,Staff Shortage,42.4,63,41,1,40,2.12,97.56,65.08,70.67,92.09,63.49,3.94,13.3,3
PureGlow Soaps International (Fictional Dummy Company),Global Manufacturing Head - PureGlow Soaps,Australia,Australia,Melbourne,FCT026,Melbourne Soap Plant,LN0078,Line-3,2026-07-04 23:00:00,2026-07-04,23,Night,Coconut Bar Soap,1.22,60.0,1.1,No Downtime,58.9,73,69,2,67,3.6,97.1,94.52,98.17,96.02,91.53,6.36,15.31,1
PureGlow Soaps International (Fictional Dummy Company),Global Manufacturing Head - PureGlow Soaps,Australia,Australia,Melbourne,FCT026,Melbourne Soap Plant,LN0076,Line-1,2026-07-05 00:00:00,2026-07-05,0,Night,Neem Bar Soap,1.19,60.0,0.5,No Downtime,59.5,71,66,0,66,0.0,100.0,92.96,99.17,93.21,92.44,6.59,20.35,3
PureGlow Soaps International (Fictional Dummy Company),Global Manufacturing Head - PureGlow Soaps,Australia,Australia,Melbourne,FCT026,Melbourne Soap Plant,LN0077,Line-2,2026-07-05 00:00:00,2026-07-05,0,Night,Sandalwood Bar Soap,1.05,60.0,18.4,Material Shortage,41.6,63,36,2,34,5.57,94.44,57.14,69.33,82.42,53.96,3.74,13.61,1
PureGlow Soaps International (Fictional Dummy Company),Global Manufacturing Head - PureGlow Soaps,Australia,Australia,Melbourne,FCT026,Melbourne Soap Plant,LN0078,Line-3,2026-07-05 00:00:00,2026-07-05,0,Night,Lavender Bar Soap,1.22,60.0,2.3,No Downtime,57.7,73,57,2,55,3.91,96.49,78.08,96.17,80.97,75.14,5.03,15.24,3
PureGlow Soaps International (Fictional Dummy Company),Global Manufacturing Head - PureGlow Soaps,Australia,Australia,Melbourne,FCT026,Melbourne Soap Plant,LN0076,Line-1,2026-07-05 01:00:00,2026-07-05,1,Night,Neem Bar Soap,1.19,60.0,25.5,Preventive Maintenance,34.5,71,36,0,36,1.24,100.0,50.7,57.5,87.69,50.42,3.56,14.33,3
PureGlow Soaps International (Fictional Dummy Company),Global Manufacturing Head - PureGlow Soaps,Australia,Australia,Melbourne,FCT026,Melbourne Soap Plant,LN0077,Line-2,2026-07-05 01:00:00,2026-07-05,1,Night,Sandalwood Bar Soap,1.05,60.0,23.5,Staff Shortage,36.5,63,34,1,33,3.79,97.06,53.97,60.83,88.71,52.38,3.02,10.57,3
PureGlow Soaps International (Fictional Dummy Company),Global Manufacturing Head - PureGlow Soaps,Australia,Australia,Melbourne,FCT026,Melbourne Soap Plant,LN0078,Line-3,2026-07-05 01:00:00,2026-07-05,1,Night,Lavender Bar Soap,1.22,60.0,3.5,No Downtime,56.5,73,58,3,55,5.67,94.83,79.45,94.17,84.14,75.14,5.55,14.37,1
PureGlow Soaps International (Fictional Dummy Company),Global Manufacturing Head - PureGlow Soaps,Australia,Australia,Melbourne,FCT026,Melbourne Soap Plant,LN0076,Line-1,2026-07-05 02:00:00,2026-07-05,2,Night,Neem Bar Soap,1.19,60.0,1.9,No Downtime,58.1,71,63,3,60,4.0,95.24,88.73,96.83,91.12,84.03,5.38,21.02,2
PureGlow Soaps International (Fictional Dummy Company),Global Manufacturing Head - PureGlow Soaps,Australia,Australia,Melbourne,FCT026,Melbourne Soap Plant,LN0077,Line-2,2026-07-05 02:00:00,2026-07-05,2,Night,Sandalwood Bar Soap,1.05,60.0,3.3,No Downtime,56.7,63,60,2,58,2.53,96.67,95.24,94.5,100.78,92.07,5.66,16.88,1
PureGlow Soaps International (Fictional Dummy Company),Global Manufacturing Head - PureGlow Soaps,Australia,Australia,Melbourne,FCT026,Melbourne Soap Plant,LN0078,Line-3,2026-07-05 02:00:00,2026-07-05,2,Night,Lavender Bar Soap,1.22,60.0,16.0,Changeover/Setup,44.0,73,47,1,46,2.18,97.87,64.38,73.33,87.56,62.84,4.82,10.23,1
PureGlow Soaps International (Fictional Dummy Company),Global Manufacturing Head - PureGlow Soaps,Australia,Australia,Melbourne,FCT026,Melbourne Soap Plant,LN0076,Line-1,2026-07-05 03:00:00,2026-07-05,3,Night,Neem Bar Soap,1.19,60.0,7.3,Changeover/Setup,52.7,71,54,2,52,4.26,96.3,76.06,87.83,86.11,72.83,4.75,20.02,1
PureGlow Soaps International (Fictional Dummy Company),Global Manufacturing Head - PureGlow Soaps,Australia,Australia,Melbourne,FCT026,Melbourne Soap Plant,LN0077,Line-2,2026-07-05 03:00:00,2026-07-05,3,Night,Sandalwood Bar Soap,1.05,60.0,36.1,Preventive Maintenance,23.9,63,24,1,23,3.13,95.83,38.1,39.83,95.64,36.5,2.14,7.08,3
PureGlow Soaps International (Fictional Dummy Company),Global Manufacturing Head - PureGlow Soaps,Australia,Australia,Melbourne,FCT026,Melbourne Soap Plant,LN0078,Line-3,2026-07-05 03:00:00,2026-07-05,3,Night,Lavender Bar Soap,1.22,60.0,5.9,Staff Shortage,54.1,73,67,1,66,0.95,98.51,91.78,90.17,101.51,90.17,6.47,12.77,2
PureGlow Soaps International (Fictional Dummy Company),Global Manufacturing Head - PureGlow Soaps,Australia,Australia,Melbourne,FCT026,Melbourne Soap Plant,LN0076,Line-1,2026-07-05 04:00:00,2026-07-05,4,Night,Neem Bar Soap,1.19,60.0,8.1,Changeover/Setup,51.9,71,63,3,60,4.19,95.24,88.73,86.5,102.01,84.04,5.68,19.81,1
PureGlow Soaps International (Fictional Dummy Company),Global Manufacturing Head - PureGlow Soaps,Australia,Australia,Melbourne,FCT026,Melbourne Soap Plant,LN0077,Line-2,2026-07-05 04:00:00,2026-07-05,4,Night,Sandalwood Bar Soap,1.05,60.0,19.4,Changeover/Setup,40.6,63,40,1,39,1.3,97.5,63.49,67.67,93.83,61.91,3.46,12.84,2
PureGlow Soaps International (Fictional Dummy Company),Global Manufacturing Head - PureGlow Soaps,Australia,Australia,Melbourne,FCT026,Melbourne Soap Plant,LN0078,Line-3,2026-07-05 04:00:00,2026-07-05,4,Night,Lavender Bar Soap,1.22,60.0,0.9,No Downtime,59.1,73,69,3,66,4.6,95.65,94.52,98.5,95.7,90.16,7.2,16.31,1
PureGlow Soaps International (Fictional Dummy Company),Global Manufacturing Head - PureGlow Soaps,Australia,Australia,Melbourne,FCT026,Melbourne Soap Plant,LN0076,Line-1,2026-07-05 05:00:00,2026-07-05,5,Night,Neem Bar Soap,1.19,60.0,28.7,Machine Breakdown,31.3,71,38,1,37,3.09,97.37,53.52,52.17,102.02,51.82,3.89,12.65,3
PureGlow Soaps International (Fictional Dummy Company),Global Manufacturing Head - PureGlow Soaps,Australia,Australia,Melbourne,FCT026,Melbourne Soap Plant,LN0077,Line-2,2026-07-05 05:00:00,2026-07-05,5,Night,Sandalwood Bar Soap,1.05,60.0,1.4,No Downtime,58.6,63,52,3,49,4.85,94.23,82.54,97.67,84.51,77.78,4.88,17.21,2
PureGlow Soaps International (Fictional Dummy Company),Global Manufacturing Head - PureGlow Soaps,Australia,Australia,Melbourne,FCT026,Melbourne Soap Plant,LN0078,Line-3,2026-07-05 05:00:00,2026-07-05,5,Night,Lavender Bar Soap,1.22,60.0,7.5,Changeover/Setup,52.5,73,62,3,59,5.0,95.16,84.93,87.5,96.8,80.6,6.79,13.66,1
PureGlow Soaps International (Fictional Dummy Company),Global Manufacturing Head - PureGlow Soaps,Australia,Australia,Melbourne,FCT026,Melbourne Soap Plant,LN0076,Line-1,2026-07-05 06:00:00,2026-07-05,6,Morning,Neem Bar Soap,1.19,60.0,17.6,Preventive Maintenance,42.4,71,48,2,46,3.23,95.83,67.61,70.67,95.13,64.42,5.12,15.62,1
PureGlow Soaps International (Fictional Dummy Company),Global Manufacturing Head - PureGlow Soaps,Australia,Australia,Melbourne,FCT026,Melbourne Soap Plant,LN0077,Line-2,2026-07-05 06:00:00,2026-07-05,6,Morning,Sandalwood Bar Soap,1.05,60.0,15.5,Preventive Maintenance,44.5,63,41,2,39,3.75,95.12,65.08,74.17,87.75,61.91,3.96,13.61,2
PureGlow Soaps International (Fictional Dummy Company),Global Manufacturing Head - PureGlow Soaps,Australia,Australia,Melbourne,FCT026,Melbourne Soap Plant,LN0078,Line-3,2026-07-05 06:00:00,2026-07-05,6,Morning,Lavender Bar Soap,1.22,60.0,1.1,No Downtime,58.9,73,74,3,71,3.41,95.95,101.37,98.17,102.98,97.0,7.91,16.13,3
PureGlow Soaps International (Fictional Dummy Company),Global Manufacturing Head - PureGlow Soaps,Australia,Australia,Melbourne,FCT026,Melbourne Soap Plant,LN0076,Line-1,2026-07-05 07:00:00,2026-07-05,7,Morning,Neem Bar Soap,1.19,60.0,12.2,Changeover/Setup,47.8,71,58,2,56,2.72,96.55,81.69,79.67,101.97,78.44,5.01,18.15,2
PureGlow Soaps International (Fictional Dummy Company),Global Manufacturing Head - PureGlow Soaps,Australia,Australia,Melbourne,FCT026,Melbourne Soap Plant,LN0077,Line-2,2026-07-05 07:00:00,2026-07-05,7,Morning,Sandalwood Bar Soap,1.05,60.0,2.7,No Downtime,57.3,63,52,1,51,1.79,98.08,82.54,95.5,86.43,80.96,5.22,16.94,2
PureGlow Soaps International (Fictional Dummy Company),Global Manufacturing Head - PureGlow Soaps,Australia,Australia,Melbourne,FCT026,Melbourne Soap Plant,LN0078,Line-3,2026-07-05 07:00:00,2026-07-05,7,Morning,Lavender Bar Soap,1.22,60.0,5.6,Quality Hold,54.4,73,60,4,56,7.35,93.33,82.19,90.67,90.41,76.51,6.0,14.61,2
PureGlow Soaps International (Fictional Dummy Company),Global Manufacturing Head - PureGlow Soaps,Australia,Australia,Melbourne,FCT026,Melbourne Soap Plant,LN0076,Line-1,2026-07-05 08:00:00,2026-07-05,8,Morning,Neem Bar Soap,1.19,60.0,20.9,Machine Breakdown,39.1,71,39,2,37,4.61,94.87,54.93,65.17,83.82,51.82,3.45,15.58,2
PureGlow Soaps International (Fictional Dummy Company),Global Manufacturing Head - PureGlow Soaps,Australia,Australia,Melbourne,FCT026,Melbourne Soap Plant,LN0077,Line-2,2026-07-05 08:00:00,2026-07-05,8,Morning,Sandalwood Bar Soap,1.05,60.0,11.5,Staff Shortage,48.5,63,48,2,46,3.17,95.83,76.19,80.83,94.26,73.01,4.43,15.0,1
PureGlow Soaps International (Fictional Dummy Company),Global Manufacturing Head - PureGlow Soaps,Australia,Australia,Melbourne,FCT026,Melbourne Soap Plant,LN0078,Line-3,2026-07-05 08:00:00,2026-07-05,8,Morning,Lavender Bar Soap,1.22,60.0,38.3,Preventive Maintenance,21.7,73,26,1,25,4.23,96.15,35.62,36.17,98.21,34.15,2.84,5.38,2
PureGlow Soaps International (Fictional Dummy Company),Global Manufacturing Head - PureGlow Soaps,Australia,Australia,Melbourne,FCT026,Melbourne Soap Plant,LN0076,Line-1,2026-07-05 09:00:00,2026-07-05,9,Morning,Neem Bar Soap,1.19,60.0,18.5,Power Outage,41.5,71,40,1,39,3.39,97.5,56.34,69.17,81.0,54.63,3.91,14.19,2
PureGlow Soaps International (Fictional Dummy Company),Global Manufacturing Head - PureGlow Soaps,Australia,Australia,Melbourne,FCT026,Melbourne Soap Plant,LN0077,Line-2,2026-07-05 09:00:00,2026-07-05,9,Morning,Sandalwood Bar Soap,1.05,60.0,16.8,Staff Shortage,43.2,63,39,1,38,3.22,97.44,61.9,72.0,85.98,60.32,3.48,14.17,2
PureGlow Soaps International (Fictional Dummy Company),Global Manufacturing Head - PureGlow Soaps,Australia,Australia,Melbourne,FCT026,Melbourne Soap Plant,LN0078,Line-3,2026-07-05 09:00:00,2026-07-05,9,Morning,Lavender Bar Soap,1.22,60.0,0.7,No Downtime,59.3,73,59,3,56,4.26,94.92,80.82,98.83,81.55,76.5,6.33,15.06,3
PureGlow Soaps International (Fictional Dummy Company),Global Manufacturing Head - PureGlow Soaps,Australia,Australia,Melbourne,FCT026,Melbourne Soap Plant,LN0076,Line-1,2026-07-05 10:00:00,2026-07-05,10,Morning,Neem Bar Soap,1.19,60.0,0.7,No Downtime,59.3,71,70,2,68,2.66,97.14,98.59,98.83,99.2,95.24,6.44,23.49,2
PureGlow Soaps International (Fictional Dummy Company),Global Manufacturing Head - PureGlow Soaps,Australia,Australia,Melbourne,FCT026,Melbourne Soap Plant,LN0077,Line-2,2026-07-05 10:00:00,2026-07-05,10,Morning,Sandalwood Bar Soap,1.05,60.0,2.4,No Downtime,57.6,63,54,2,52,2.96,96.3,85.71,96.0,89.29,82.55,5.66,17.36,2
PureGlow Soaps International (Fictional Dummy Company),Global Manufacturing Head - PureGlow Soaps,Australia,Australia,Melbourne,FCT026,Melbourne Soap Plant,LN0078,Line-3,2026-07-05 10:00:00,2026-07-05,10,Morning,Lavender Bar Soap,1.22,60.0,5.5,Power Outage,54.5,73,54,2,52,3.32,96.3,73.97,90.83,81.22,71.04,5.74,13.56,2
PureGlow Soaps International (Fictional Dummy Company),Global Manufacturing Head - PureGlow Soaps,Australia,Australia,Melbourne,FCT026,Melbourne Soap Plant,LN0076,Line-1,2026-07-05 11:00:00,2026-07-05,11,Morning,Neem Bar Soap,1.19,60.0,3.8,No Downtime,56.2,71,58,2,56,3.99,96.55,81.69,93.67,86.73,78.44,5.07,21.98,3
PureGlow Soaps International (Fictional Dummy Company),Global Manufacturing Head - PureGlow Soaps,Australia,Australia,Melbourne,FCT026,Melbourne Soap Plant,LN0077,Line-2,2026-07-05 11:00:00,2026-07-05,11,Morning,Sandalwood Bar Soap,1.05,60.0,1.1,No Downtime,58.9,63,63,1,62,1.28,98.41,100.0,98.17,101.87,98.42,5.89,18.24,3
PureGlow Soaps International (Fictional Dummy Company),Global Manufacturing Head - PureGlow Soaps,Australia,Australia,Melbourne,FCT026,Melbourne Soap Plant,LN0078,Line-3,2026-07-05 11:00:00,2026-07-05,11,Morning,Lavender Bar Soap,1.22,60.0,2.4,No Downtime,57.6,73,68,2,66,2.42,97.06,93.15,96.0,96.77,90.17,7.21,15.92,1
PureGlow Soaps International (Fictional Dummy Company),Global Manufacturing Head - PureGlow Soaps,Australia,Australia,Melbourne,FCT026,Melbourne Soap Plant,LN0076,Line-1,2026-07-05 12:00:00,2026-07-05,12,Morning,Neem Bar Soap,1.19,60.0,15.5,Changeover/Setup,44.5,71,46,1,45,2.22,97.83,64.79,74.17,86.87,63.03,4.93,15.97,3
PureGlow Soaps International (Fictional Dummy Company),Global Manufacturing Head - PureGlow Soaps,Australia,Australia,Melbourne,FCT026,Melbourne Soap Plant,LN0077,Line-2,2026-07-05 12:00:00,2026-07-05,12,Morning,Sandalwood Bar Soap,1.05,60.0,13.4,Changeover/Setup,46.6,63,41,2,39,4.39,95.12,65.08,77.67,83.79,61.9,3.65,12.71,1
PureGlow Soaps International (Fictional Dummy Company),Global Manufacturing Head - PureGlow Soaps,Australia,Australia,Melbourne,FCT026,Melbourne Soap Plant,LN0078,Line-3,2026-07-05 12:00:00,2026-07-05,12,Morning,Lavender Bar Soap,1.22,60.0,0.4,No Downtime,59.6,73,65,2,63,3.18,96.92,89.04,99.33,89.39,86.06,6.17,16.55,2
PureGlow Soaps International (Fictional Dummy Company),Global Manufacturing Head - PureGlow Soaps,Australia,Australia,Melbourne,FCT026,Melbourne Soap Plant,LN0076,Line-1,2026-07-05 13:00:00,2026-07-05,13,Morning,Neem Bar Soap,1.19,60.0,21.4,Material Shortage,38.6,71,41,1,40,2.68,97.56,57.75,64.33,89.26,56.02,3.92,14.94,1
PureGlow Soaps International (Fictional Dummy Company),Global Manufacturing Head - PureGlow Soaps,Australia,Australia,Melbourne,FCT026,Melbourne Soap Plant,LN0077,Line-2,2026-07-05 13:00:00,2026-07-05,13,Morning,Sandalwood Bar Soap,1.05,60.0,20.6,Staff Shortage,39.4,63,33,2,31,5.42,93.94,52.38,65.67,79.77,49.21,3.49,11.5,3
PureGlow Soaps International (Fictional Dummy Company),Global Manufacturing Head - PureGlow Soaps,Australia,Australia,Melbourne,FCT026,Melbourne Soap Plant,LN0078,Line-3,2026-07-05 13:00:00,2026-07-05,13,Morning,Lavender Bar Soap,1.22,60.0,1.5,No Downtime,58.5,73,69,2,67,3.53,97.1,94.52,97.5,96.68,91.53,6.28,14.25,2
PureGlow Soaps International (Fictional Dummy Company),Global Manufacturing Head - PureGlow Soaps,Australia,Australia,Melbourne,FCT026,Melbourne Soap Plant,LN0076,Line-1,2026-07-05 14:00:00,2026-07-05,14,Afternoon,Neem Bar Soap,1.19,60.0,15.6,Changeover/Setup,44.4,71,47,2,45,3.86,95.74,66.2,74.0,88.95,63.02,4.61,17.43,1
PureGlow Soaps International (Fictional Dummy Company),Global Manufacturing Head - PureGlow Soaps,Australia,Australia,Melbourne,FCT026,Melbourne Soap Plant,LN0077,Line-2,2026-07-05 14:00:00,2026-07-05,14,Afternoon,Sandalwood Bar Soap,1.05,60.0,2.8,No Downtime,57.2,63,50,0,50,0.67,100.0,79.37,95.33,83.25,79.36,5.2,17.14,3
PureGlow Soaps International (Fictional Dummy Company),Global Manufacturing Head - PureGlow Soaps,Australia,Australia,Melbourne,FCT026,Melbourne Soap Plant,LN0078,Line-3,2026-07-05 14:00:00,2026-07-05,14,Afternoon,Lavender Bar Soap,1.22,60.0,14.8,Changeover/Setup,45.2,73,55,2,53,3.66,96.36,75.34,75.33,99.74,72.4,5.91,11.29,2
PureGlow Soaps International (Fictional Dummy Company),Global Manufacturing Head - PureGlow Soaps,Australia,Australia,Melbourne,FCT026,Melbourne Soap Plant,LN0076,Line-1,2026-07-05 15:00:00,2026-07-05,15,Afternoon,Neem Bar Soap,1.19,60.0,0.0,No Downtime,60.0,71,65,3,62,4.46,95.38,91.55,100.0,91.04,86.83,5.94,24.16,3
PureGlow Soaps International (Fictional Dummy Company),Global Manufacturing Head - PureGlow Soaps,Australia,Australia,Melbourne,FCT026,Melbourne Soap Plant,LN0077,Line-2,2026-07-05 15:00:00,2026-07-05,15,Afternoon,Sandalwood Bar Soap,1.05,60.0,3.6,No Downtime,56.4,63,47,1,46,3.06,97.87,74.6,94.0,79.37,73.02,4.24,16.1,2
PureGlow Soaps International (Fictional Dummy Company),Global Manufacturing Head - PureGlow Soaps,Australia,Australia,Melbourne,FCT026,Melbourne Soap Plant,LN0078,Line-3,2026-07-05 15:00:00,2026-07-05,15,Afternoon,Lavender Bar Soap,1.22,60.0,1.7,No Downtime,58.3,73,59,2,57,2.67,96.61,80.82,97.17,82.95,77.87,6.15,15.69,1
PureGlow Soaps International (Fictional Dummy Company),Global Manufacturing Head - PureGlow Soaps,Australia,Australia,Melbourne,FCT026,Melbourne Soap Plant,LN0076,Line-1,2026-07-05 16:00:00,2026-07-05,16,Afternoon,Neem Bar Soap,1.19,60.0,28.7,Machine Breakdown,31.3,71,38,2,36,5.14,94.74,53.52,52.17,102.02,50.42,4.01,12.85,1
PureGlow Soaps International (Fictional Dummy Company),Global Manufacturing Head - PureGlow Soaps,Australia,Australia,Melbourne,FCT026,Melbourne Soap Plant,LN0077,Line-2,2026-07-05 16:00:00,2026-07-05,16,Afternoon,Sandalwood Bar Soap,1.05,60.0,26.0,Material Shortage,34.0,63,33,1,32,2.58,96.97,52.38,56.67,92.44,50.8,2.85,10.9,2
PureGlow Soaps International (Fictional Dummy Company),Global Manufacturing Head - PureGlow Soaps,Australia,Australia,Melbourne,FCT026,Melbourne Soap Plant,LN0078,Line-3,2026-07-05 16:00:00,2026-07-05,16,Afternoon,Lavender Bar Soap,1.22,60.0,16.3,Preventive Maintenance,43.7,73,54,3,51,6.04,94.44,73.97,72.83,101.29,69.67,5.86,10.18,2
PureGlow Soaps International (Fictional Dummy Company),Global Manufacturing Head - PureGlow Soaps,Australia,Australia,Melbourne,FCT026,Melbourne Soap Plant,LN0076,Line-1,2026-07-05 17:00:00,2026-07-05,17,Afternoon,Neem Bar Soap,1.19,60.0,28.0,Power Outage,32.0,71,38,1,37,3.81,97.37,53.52,53.33,99.79,51.82,3.46,12.69,2
PureGlow Soaps International (Fictional Dummy Company),Global Manufacturing Head - PureGlow Soaps,Australia,Australia,Melbourne,FCT026,Melbourne Soap Plant,LN0077,Line-2,2026-07-05 17:00:00,2026-07-05,17,Afternoon,Sandalwood Bar Soap,1.05,60.0,17.7,Machine Breakdown,42.3,63,38,0,38,1.26,100.0,60.32,70.5,85.56,60.32,3.66,12.39,2
PureGlow Soaps International (Fictional Dummy Company),Global Manufacturing Head - PureGlow Soaps,Australia,Australia,Melbourne,FCT026,Melbourne Soap Plant,LN0078,Line-3,2026-07-05 17:00:00,2026-07-05,17,Afternoon,Lavender Bar Soap,1.22,60.0,12.2,Changeover/Setup,47.8,73,56,1,55,1.49,98.21,76.71,79.67,96.03,75.14,5.76,12.65,3
PureGlow Soaps International (Fictional Dummy Company),Global Manufacturing Head - PureGlow Soaps,Australia,Australia,Melbourne,FCT026,Melbourne Soap Plant,LN0076,Line-1,2026-07-05 18:00:00,2026-07-05,18,Afternoon,Neem Bar Soap,1.19,60.0,0.9,No Downtime,59.1,71,56,2,54,3.16,96.43,78.87,98.5,79.63,75.64,5.81,21.23,3
PureGlow Soaps International (Fictional Dummy Company),Global Manufacturing Head - PureGlow Soaps,Australia,Australia,Melbourne,FCT026,Melbourne Soap Plant,LN0077,Line-2,2026-07-05 18:00:00,2026-07-05,18,Afternoon,Sandalwood Bar Soap,1.05,60.0,17.1,Changeover/Setup,42.9,63,41,1,40,3.24,97.56,65.08,71.5,91.02,63.49,3.66,13.54,1
PureGlow Soaps International (Fictional Dummy Company),Global Manufacturing Head - PureGlow Soaps,Australia,Australia,Melbourne,FCT026,Melbourne Soap Plant,LN0078,Line-3,2026-07-05 18:00:00,2026-07-05,18,Afternoon,Lavender Bar Soap,1.22,60.0,2.2,No Downtime,57.8,73,68,1,67,1.66,98.53,93.15,96.33,96.43,91.53,7.29,14.26,2
PureGlow Soaps International (Fictional Dummy Company),Global Manufacturing Head - PureGlow Soaps,Australia,Australia,Melbourne,FCT026,Melbourne Soap Plant,LN0076,Line-1,2026-07-05 19:00:00,2026-07-05,19,Afternoon,Neem Bar Soap,1.19,60.0,23.5,Material Shortage,36.5,71,42,0,42,1.18,100.0,59.15,60.83,96.7,58.82,4.3,14.42,1
PureGlow Soaps International (Fictional Dummy Company),Global Manufacturing Head - PureGlow Soaps,Australia,Australia,Melbourne,FCT026,Melbourne Soap Plant,LN0077,Line-2,2026-07-05 19:00:00,2026-07-05,19,Afternoon,Sandalwood Bar Soap,1.05,60.0,8.4,Changeover/Setup,51.6,63,46,1,45,3.08,97.83,73.02,86.0,84.9,71.43,4.71,15.36,3
PureGlow Soaps International (Fictional Dummy Company),Global Manufacturing Head - PureGlow Soaps,Australia,Australia,Melbourne,FCT026,Melbourne Soap Plant,LN0078,Line-3,2026-07-05 19:00:00,2026-07-05,19,Afternoon,Lavender Bar Soap,1.22,60.0,19.5,Staff Shortage,40.5,73,45,1,44,2.77,97.78,61.64,67.5,91.07,60.11,4.9,9.28,1
PureGlow Soaps International (Fictional Dummy Company),Global Manufacturing Head - PureGlow Soaps,Australia,Australia,Melbourne,FCT026,Melbourne Soap Plant,LN0076,Line-1,2026-07-05 20:00:00,2026-07-05,20,Afternoon,Neem Bar Soap,1.19,60.0,7.8,Power Outage,52.2,71,50,1,49,2.05,98.0,70.42,87.0,80.49,68.63,5.32,19.34,2
PureGlow Soaps International (Fictional Dummy Company),Global Manufacturing Head - PureGlow Soaps,Australia,Australia,Melbourne,FCT026,Melbourne Soap Plant,LN0077,Line-2,2026-07-05 20:00:00,2026-07-05,20,Afternoon,Sandalwood Bar Soap,1.05,60.0,19.4,Machine Breakdown,40.6,63,43,1,42,2.15,97.67,68.25,67.67,100.87,66.67,3.83,11.4,1
PureGlow Soaps International (Fictional Dummy Company),Global Manufacturing Head - PureGlow Soaps,Australia,Australia,Melbourne,FCT026,Melbourne Soap Plant,LN0078,Line-3,2026-07-05 20:00:00,2026-07-05,20,Afternoon,Lavender Bar Soap,1.22,60.0,1.7,No Downtime,58.3,73,58,2,56,2.89,96.55,79.45,97.17,81.55,76.51,5.14,16.2,2
PureGlow Soaps International (Fictional Dummy Company),Global Manufacturing Head - PureGlow Soaps,Australia,Australia,Melbourne,FCT026,Melbourne Soap Plant,LN0076,Line-1,2026-07-05 21:00:00,2026-07-05,21,Afternoon,Neem Bar Soap,1.19,60.0,22.9,Machine Breakdown,37.1,71,45,2,43,4.06,95.56,63.38,61.83,101.93,60.23,4.74,12.74,3
PureGlow Soaps International (Fictional Dummy Company),Global Manufacturing Head - PureGlow Soaps,Australia,Australia,Melbourne,FCT026,Melbourne Soap Plant,LN0077,Line-2,2026-07-05 21:00:00,2026-07-05,21,Afternoon,Sandalwood Bar Soap,1.05,60.0,22.3,Machine Breakdown,37.7,63,37,1,36,2.37,97.3,58.73,62.83,93.47,57.14,3.74,10.93,2
PureGlow Soaps International (Fictional Dummy Company),Global Manufacturing Head - PureGlow Soaps,Australia,Australia,Melbourne,FCT026,Melbourne Soap Plant,LN0078,Line-3,2026-07-05 21:00:00,2026-07-05,21,Afternoon,Lavender Bar Soap,1.22,60.0,16.0,Power Outage,44.0,73,55,1,54,2.51,98.18,75.34,73.33,102.46,73.77,4.75,10.12,1
PureGlow Soaps International (Fictional Dummy Company),Global Manufacturing Head - PureGlow Soaps,Australia,Australia,Melbourne,FCT026,Melbourne Soap Plant,LN0076,Line-1,2026-07-05 22:00:00,2026-07-05,22,Night,Neem Bar Soap,1.19,60.0,15.8,Preventive Maintenance,44.2,71,47,1,46,3.16,97.87,66.2,73.67,89.36,64.43,4.34,15.81,2
PureGlow Soaps International (Fictional Dummy Company),Global Manufacturing Head - PureGlow Soaps,Australia,Australia,Melbourne,FCT026,Melbourne Soap Plant,LN0077,Line-2,2026-07-05 22:00:00,2026-07-05,22,Night,Sandalwood Bar Soap,1.05,60.0,17.7,Quality Hold,42.3,63,46,4,42,8.43,91.3,73.02,70.5,103.57,66.66,4.94,12.04,3
PureGlow Soaps International (Fictional Dummy Company),Global Manufacturing Head - PureGlow Soaps,Australia,Australia,Melbourne,FCT026,Melbourne Soap Plant,LN0078,Line-3,2026-07-05 22:00:00,2026-07-05,22,Night,Lavender Bar Soap,1.22,60.0,3.5,No Downtime,56.5,73,61,2,59,3.31,96.72,83.56,94.17,88.5,80.61,5.31,14.88,1
PureGlow Soaps International (Fictional Dummy Company),Global Manufacturing Head - PureGlow Soaps,Australia,Australia,Melbourne,FCT026,Melbourne Soap Plant,LN0076,Line-1,2026-07-05 23:00:00,2026-07-05,23,Night,Neem Bar Soap,1.19,60.0,29.4,Material Shortage,30.6,71,35,0,35,1.08,100.0,49.3,51.0,96.12,49.02,3.16,11.31,3
PureGlow Soaps International (Fictional Dummy Company),Global Manufacturing Head - PureGlow Soaps,Australia,Australia,Melbourne,FCT026,Melbourne Soap Plant,LN0077,Line-2,2026-07-05 23:00:00,2026-07-05,23,Night,Sandalwood Bar Soap,1.05,60.0,18.8,Changeover/Setup,41.2,63,37,1,36,3.54,97.3,58.73,68.67,85.53,57.15,3.37,12.35,2
PureGlow Soaps International (Fictional Dummy Company),Global Manufacturing Head - PureGlow Soaps,Australia,Australia,Melbourne,FCT026,Melbourne Soap Plant,LN0078,Line-3,2026-07-05 23:00:00,2026-07-05,23,Night,Lavender Bar Soap,1.22,60.0,2.7,No Downtime,57.3,73,67,4,63,6.02,94.03,91.78,95.5,95.84,86.06,7.36,13.13,3
PureGlow Soaps International (Fictional Dummy Company),Global Manufacturing Head - PureGlow Soaps,Australia,Australia,Melbourne,FCT026,Melbourne Soap Plant,LN0076,Line-1,2026-07-06 00:00:00,2026-07-06,0,Night,Charcoal Bar Soap,1.19,60.0,20.5,Preventive Maintenance,39.5,71,47,2,45,4.45,95.74,66.2,65.83,99.99,63.02,4.99,14.81,1
PureGlow Soaps International (Fictional Dummy Company),Global Manufacturing Head - PureGlow Soaps,Australia,Australia,Melbourne,FCT026,Melbourne Soap Plant,LN0077,Line-2,2026-07-06 00:00:00,2026-07-06,0,Night,Rose Bar Soap,1.05,60.0,11.3,Material Shortage,48.7,63,50,3,47,5.19,94.0,79.37,81.17,97.78,74.61,4.59,14.83,1
PureGlow Soaps International (Fictional Dummy Company),Global Manufacturing Head - PureGlow Soaps,Australia,Australia,Melbourne,FCT026,Melbourne Soap Plant,LN0078,Line-3,2026-07-06 00:00:00,2026-07-06,0,Night,Coconut Bar Soap,1.22,60.0,14.2,Changeover/Setup,45.8,73,51,1,50,1.79,98.04,69.86,76.33,91.27,68.3,5.33,11.15,3
PureGlow Soaps International (Fictional Dummy Company),Global Manufacturing Head - PureGlow Soaps,Australia,Australia,Melbourne,FCT026,Melbourne Soap Plant,LN0076,Line-1,2026-07-06 01:00:00,2026-07-06,1,Night,Charcoal Bar Soap,1.19,60.0,11.2,Quality Hold,48.8,71,52,4,48,8.13,92.31,73.24,81.33,89.54,67.22,5.06,19.89,3
PureGlow Soaps International (Fictional Dummy Company),Global Manufacturing Head - PureGlow Soaps,Australia,Australia,Melbourne,FCT026,Melbourne Soap Plant,LN0077,Line-2,2026-07-06 01:00:00,2026-07-06,1,Night,Rose Bar Soap,1.05,60.0,17.8,Quality Hold,42.2,63,40,3,37,6.63,92.5,63.49,70.33,90.27,58.73,4.24,11.86,2
PureGlow Soaps International (Fictional Dummy Company),Global Manufacturing Head - PureGlow Soaps,Australia,Australia,Melbourne,FCT026,Melbourne Soap Plant,LN0078,Line-3,2026-07-06 01:00:00,2026-07-06,1,Night,Coconut Bar Soap,1.22,60.0,3.6,No Downtime,56.4,73,56,2,54,3.31,96.43,76.71,94.0,81.39,73.78,5.73,13.71,1
PureGlow Soaps International (Fictional Dummy Company),Global Manufacturing Head - PureGlow Soaps,Australia,Australia,Melbourne,FCT026,Melbourne Soap Plant,LN0076,Line-1,2026-07-06 02:00:00,2026-07-06,2,Night,Charcoal Bar Soap,1.19,60.0,2.5,No Downtime,57.5,71,67,1,66,2.07,98.51,94.37,95.83,97.92,92.44,7.0,23.68,3
PureGlow Soaps International (Fictional Dummy Company),Global Manufacturing Head - PureGlow Soaps,Australia,Australia,Melbourne,FCT026,Melbourne Soap Plant,LN0077,Line-2,2026-07-06 02:00:00,2026-07-06,2,Night,Rose Bar Soap,1.05,60.0,10.4,Machine Breakdown,49.6,63,42,1,41,1.54,97.62,66.67,82.67,80.65,65.09,4.05,15.54,1
PureGlow Soaps International (Fictional Dummy Company),Global Manufacturing Head - PureGlow Soaps,Australia,Australia,Melbourne,FCT026,Melbourne Soap Plant,LN0078,Line-3,2026-07-06 02:00:00,2026-07-06,2,Night,Coconut Bar Soap,1.22,60.0,0.6,No Downtime,59.4,73,74,3,71,4.61,95.95,101.37,99.0,102.11,96.99,7.95,16.51,2
PureGlow Soaps International (Fictional Dummy Company),Global Manufacturing Head - PureGlow Soaps,Australia,Australia,Melbourne,FCT026,Melbourne Soap Plant,LN0076,Line-1,2026-07-06 03:00:00,2026-07-06,3,Night,Charcoal Bar Soap,1.19,60.0,12.2,Quality Hold,47.8,71,46,3,43,6.93,93.48,64.79,79.67,80.87,60.23,4.11,17.82,2
PureGlow Soaps International (Fictional Dummy Company),Global Manufacturing Head - PureGlow Soaps,Australia,Australia,Melbourne,FCT026,Melbourne Soap Plant,LN0077,Line-2,2026-07-06 03:00:00,2026-07-06,3,Night,Rose Bar Soap,1.05,60.0,2.6,No Downtime,57.4,63,58,1,57,1.48,98.28,92.06,95.67,96.23,90.48,5.96,17.98,2
PureGlow Soaps International (Fictional Dummy Company),Global Manufacturing Head - PureGlow Soaps,Australia,Australia,Melbourne,FCT026,Melbourne Soap Plant,LN0078,Line-3,2026-07-06 03:00:00,2026-07-06,3,Night,Coconut Bar Soap,1.22,60.0,17.8,Quality Hold,42.2,73,42,4,38,9.58,90.48,57.53,70.33,81.58,51.91,4.13,10.59,3
PureGlow Soaps International (Fictional Dummy Company),Global Manufacturing Head - PureGlow Soaps,Australia,Australia,Melbourne,FCT026,Melbourne Soap Plant,LN0076,Line-1,2026-07-06 04:00:00,2026-07-06,4,Night,Charcoal Bar Soap,1.19,60.0,0.4,No Downtime,59.6,71,70,2,68,2.59,97.14,98.59,99.33,98.7,95.23,6.45,22.52,2
PureGlow Soaps International (Fictional Dummy Company),Global Manufacturing Head - PureGlow Soaps,Australia,Australia,Melbourne,FCT026,Melbourne Soap Plant,LN0077,Line-2,2026-07-06 04:00:00,2026-07-06,4,Night,Rose Bar Soap,1.05,60.0,15.9,Power Outage,44.1,63,45,2,43,4.05,95.56,71.43,73.5,97.18,68.26,4.63,13.01,1
PureGlow Soaps International (Fictional Dummy Company),Global Manufacturing Head - PureGlow Soaps,Australia,Australia,Melbourne,FCT026,Melbourne Soap Plant,LN0078,Line-3,2026-07-06 04:00:00,2026-07-06,4,Night,Coconut Bar Soap,1.22,60.0,1.7,No Downtime,58.3,73,62,4,58,5.87,93.55,84.93,97.17,87.17,79.24,6.47,15.32,2
PureGlow Soaps International (Fictional Dummy Company),Global Manufacturing Head - PureGlow Soaps,Australia,Australia,Melbourne,FCT026,Melbourne Soap Plant,LN0076,Line-1,2026-07-06 05:00:00,2026-07-06,5,Night,Charcoal Bar Soap,1.19,60.0,36.0,Preventive Maintenance,24.0,71,26,1,25,4.98,96.15,36.62,40.0,91.04,35.01,2.41,9.59,2
PureGlow Soaps International (Fictional Dummy Company),Global Manufacturing Head - PureGlow Soaps,Australia,Australia,Melbourne,FCT026,Melbourne Soap Plant,LN0077,Line-2,2026-07-06 05:00:00,2026-07-06,5,Night,Rose Bar Soap,1.05,60.0,0.5,No Downtime,59.5,63,55,0,55,0.42,100.0,87.3,99.17,88.04,87.31,5.58,17.07,3
PureGlow Soaps International (Fictional Dummy Company),Global Manufacturing Head - PureGlow Soaps,Australia,Australia,Melbourne,FCT026,Melbourne Soap Plant,LN0078,Line-3,2026-07-06 05:00:00,2026-07-06,5,Night,Coconut Bar Soap,1.22,60.0,28.0,Machine Breakdown,32.0,73,36,0,36,1.33,100.0,49.32,53.33,92.21,49.18,3.76,7.87,1
PureGlow Soaps International (Fictional Dummy Company),Global Manufacturing Head - PureGlow Soaps,Australia,Australia,Melbourne,FCT026,Melbourne Soap Plant,LN0076,Line-1,2026-07-06 06:00:00,2026-07-06,6,Morning,Charcoal Bar Soap,1.19,60.0,24.3,Material Shortage,35.7,71,35,0,35,0.91,100.0,49.3,59.5,82.39,49.02,3.63,14.36,3
PureGlow Soaps International (Fictional Dummy Company),Global Manufacturing Head - PureGlow Soaps,Australia,Australia,Melbourne,FCT026,Melbourne Soap Plant,LN0077,Line-2,2026-07-06 06:00:00,2026-07-06,6,Morning,Rose Bar Soap,1.05,60.0,2.7,No Downtime,57.3,63,60,3,57,4.24,95.0,95.24,95.5,99.73,90.48,5.43,16.47,3
PureGlow Soaps International (Fictional Dummy Company),Global Manufacturing Head - PureGlow Soaps,Australia,Australia,Melbourne,FCT026,Melbourne Soap Plant,LN0078,Line-3,2026-07-06 06:00:00,2026-07-06,6,Morning,Coconut Bar Soap,1.22,60.0,0.9,No Downtime,59.1,73,60,2,58,3.06,96.67,82.19,98.5,83.22,79.24,6.31,15.91,3
PureGlow Soaps International (Fictional Dummy Company),Global Manufacturing Head - PureGlow Soaps,Australia,Australia,Melbourne,FCT026,Melbourne Soap Plant,LN0076,Line-1,2026-07-06 07:00:00,2026-07-06,7,Morning,Charcoal Bar Soap,1.19,60.0,3.0,No Downtime,57.0,71,56,2,54,2.85,96.43,78.87,95.0,82.56,75.63,5.97,21.64,3
PureGlow Soaps International (Fictional Dummy Company),Global Manufacturing Head - PureGlow Soaps,Australia,Australia,Melbourne,FCT026,Melbourne Soap Plant,LN0077,Line-2,2026-07-06 07:00:00,2026-07-06,7,Morning,Rose Bar Soap,1.05,60.0,23.8,Machine Breakdown,36.2,63,37,1,36,2.16,97.3,58.73,60.33,97.34,57.14,3.87,10.41,3
PureGlow Soaps International (Fictional Dummy Company),Global Manufacturing Head - PureGlow Soaps,Australia,Australia,Melbourne,FCT026,Melbourne Soap Plant,LN0078,Line-3,2026-07-06 07:00:00,2026-07-06,7,Morning,Coconut Bar Soap,1.22,60.0,6.4,Power Outage,53.6,73,65,1,64,1.22,98.46,89.04,89.33,99.4,87.43,6.36,14.73,3
PureGlow Soaps International (Fictional Dummy Company),Global Manufacturing Head - PureGlow Soaps,Australia,Australia,Melbourne,FCT026,Melbourne Soap Plant,LN0076,Line-1,2026-07-06 08:00:00,2026-07-06,8,Morning,Charcoal Bar Soap,1.19,60.0,24.5,Material Shortage,35.5,71,39,0,39,1.18,100.0,54.93,59.17,92.32,54.63,4.08,12.64,2
PureGlow Soaps International (Fictional Dummy Company),Global Manufacturing Head - PureGlow Soaps,Australia,Australia,Melbourne,FCT026,Melbourne Soap Plant,LN0077,Line-2,2026-07-06 08:00:00,2026-07-06,8,Morning,Rose Bar Soap,1.05,60.0,0.9,No Downtime,59.1,63,58,2,56,2.82,96.55,92.06,98.5,93.47,88.89,6.03,16.2,3
PureGlow Soaps International (Fictional Dummy Company),Global Manufacturing Head - PureGlow Soaps,Australia,Australia,Melbourne,FCT026,Melbourne Soap Plant,LN0078,Line-3,2026-07-06 08:00:00,2026-07-06,8,Morning,Coconut Bar Soap,1.22,60.0,3.0,No Downtime,57.0,73,61,1,60,1.67,98.36,83.56,95.0,87.72,81.97,6.51,14.55,3
PureGlow Soaps International (Fictional Dummy Company),Global Manufacturing Head - PureGlow Soaps,Australia,Australia,Melbourne,FCT026,Melbourne Soap Plant,LN0076,Line-1,2026-07-06 09:00:00,2026-07-06,9,Morning,Charcoal Bar Soap,1.19,60.0,0.1,No Downtime,59.9,71,69,3,66,3.64,95.65,97.18,99.83,96.8,92.43,6.07,24.49,3
PureGlow Soaps International (Fictional Dummy Company),Global Manufacturing Head - PureGlow Soaps,Australia,Australia,Melbourne,FCT026,Melbourne Soap Plant,LN0077,Line-2,2026-07-06 09:00:00,2026-07-06,9,Morning,Rose Bar Soap,1.05,60.0,0.6,No Downtime,59.4,63,64,2,62,2.6,96.88,101.59,99.0,102.61,98.41,6.18,18.54,1
PureGlow Soaps International (Fictional Dummy Company),Global Manufacturing Head - PureGlow Soaps,Australia,Australia,Melbourne,FCT026,Melbourne Soap Plant,LN0078,Line-3,2026-07-06 09:00:00,2026-07-06,9,Morning,Coconut Bar Soap,1.22,60.0,7.8,Quality Hold,52.2,73,60,5,55,8.55,91.67,82.19,87.0,94.22,75.14,5.86,13.18,3
PureGlow Soaps International (Fictional Dummy Company),Global Manufacturing Head - PureGlow Soaps,Australia,Australia,Melbourne,FCT026,Melbourne Soap Plant,LN0076,Line-1,2026-07-06 10:00:00,2026-07-06,10,Morning,Charcoal Bar Soap,1.19,60.0,30.1,Material Shortage,29.9,71,32,1,31,1.98,96.88,45.07,49.83,89.94,43.42,3.23,12.16,3
PureGlow Soaps International (Fictional Dummy Company),Global Manufacturing Head - PureGlow Soaps,Australia,Australia,Melbourne,FCT026,Melbourne Soap Plant,LN0077,Line-2,2026-07-06 10:00:00,2026-07-06,10,Morning,Rose Bar Soap,1.05,60.0,1.6,No Downtime,58.4,63,58,2,56,3.2,96.55,92.06,97.33,94.59,88.89,6.06,18.09,2
PureGlow Soaps International (Fictional Dummy Company),Global Manufacturing Head - PureGlow Soaps,Australia,Australia,Melbourne,FCT026,Melbourne Soap Plant,LN0078,Line-3,2026-07-06 10:00:00,2026-07-06,10,Morning,Coconut Bar Soap,1.22,60.0,3.9,No Downtime,56.1,73,57,0,57,0.58,100.0,78.08,93.5,83.28,77.87,6.08,12.96,3
PureGlow Soaps International (Fictional Dummy Company),Global Manufacturing Head - PureGlow Soaps,Australia,Australia,Melbourne,FCT026,Melbourne Soap Plant,LN0076,Line-1,2026-07-06 11:00:00,2026-07-06,11,Morning,Charcoal Bar Soap,1.19,60.0,7.4,Power Outage,52.6,71,61,1,60,2.4,98.36,85.92,87.67,97.45,84.03,5.59,18.76,2
PureGlow Soaps International (Fictional Dummy Company),Global Manufacturing Head - PureGlow Soaps,Australia,Australia,Melbourne,FCT026,Melbourne Soap Plant,LN0077,Line-2,2026-07-06 11:00:00,2026-07-06,11,Morning,Rose Bar Soap,1.05,60.0,3.2,No Downtime,56.8,63,56,4,52,6.64,92.86,88.89,94.67,93.9,82.55,4.83,17.06,2
PureGlow Soaps International (Fictional Dummy Company),Global Manufacturing Head - PureGlow Soaps,Australia,Australia,Melbourne,FCT026,Melbourne Soap Plant,LN0078,Line-3,2026-07-06 11:00:00,2026-07-06,11,Morning,Coconut Bar Soap,1.22,60.0,28.0,Machine Breakdown,32.0,73,40,2,38,5.04,95.0,54.79,53.33,102.46,51.91,4.15,7.8,3
PureGlow Soaps International (Fictional Dummy Company),Global Manufacturing Head - PureGlow Soaps,Australia,Australia,Melbourne,FCT026,Melbourne Soap Plant,LN0076,Line-1,2026-07-06 12:00:00,2026-07-06,12,Morning,Charcoal Bar Soap,1.19,60.0,17.0,Changeover/Setup,43.0,71,44,1,43,2.59,97.73,61.97,71.67,85.99,60.23,4.72,15.56,3
PureGlow Soaps International (Fictional Dummy Company),Global Manufacturing Head - PureGlow Soaps,Australia,Australia,Melbourne,FCT026,Melbourne Soap Plant,LN0077,Line-2,2026-07-06 12:00:00,2026-07-06,12,Morning,Rose Bar Soap,1.05,60.0,3.0,No Downtime,57.0,63,49,2,47,3.81,95.92,77.78,95.0,81.87,74.6,5.34,16.22,3
PureGlow Soaps International (Fictional Dummy Company),Global Manufacturing Head - PureGlow Soaps,Australia,Australia,Melbourne,FCT026,Melbourne Soap Plant,LN0078,Line-3,2026-07-06 12:00:00,2026-07-06,12,Morning,Coconut Bar Soap,1.22,60.0,31.4,Preventive Maintenance,28.6,73,32,1,31,3.79,96.88,43.84,47.67,91.71,42.35,3.44,7.03,2
PureGlow Soaps International (Fictional Dummy Company),Global Manufacturing Head - PureGlow Soaps,Australia,Australia,Melbourne,FCT026,Melbourne Soap Plant,LN0076,Line-1,2026-07-06 13:00:00,2026-07-06,13,Morning,Charcoal Bar Soap,1.19,60.0,5.8,Power Outage,54.2,71,60,1,59,1.95,98.33,84.51,90.33,93.03,82.63,5.47,22.41,2
PureGlow Soaps International (Fictional Dummy Company),Global Manufacturing Head - PureGlow Soaps,Australia,Australia,Melbourne,FCT026,Melbourne Soap Plant,LN0077,Line-2,2026-07-06 13:00:00,2026-07-06,13,Morning,Rose Bar Soap,1.05,60.0,23.0,Material Shortage,37.0,63,36,1,35,2.46,97.22,57.14,61.67,92.66,55.55,3.68,10.31,1
PureGlow Soaps International (Fictional Dummy Company),Global Manufacturing Head - PureGlow Soaps,Australia,Australia,Melbourne,FCT026,Melbourne Soap Plant,LN0078,Line-3,2026-07-06 13:00:00,2026-07-06,13,Morning,Coconut Bar Soap,1.22,60.0,2.2,No Downtime,57.8,73,60,2,58,3.76,96.67,82.19,96.33,85.09,79.24,6.47,15.38,2
PureGlow Soaps International (Fictional Dummy Company),Global Manufacturing Head - PureGlow Soaps,Australia,Australia,Melbourne,FCT026,Melbourne Soap Plant,LN0076,Line-1,2026-07-06 14:00:00,2026-07-06,14,Afternoon,Charcoal Bar Soap,1.19,60.0,3.0,No Downtime,57.0,71,68,2,66,2.76,97.06,95.77,95.0,100.25,92.44,6.24,20.49,2
PureGlow Soaps International (Fictional Dummy Company),Global Manufacturing Head - PureGlow Soaps,Australia,Australia,Melbourne,FCT026,Melbourne Soap Plant,LN0077,Line-2,2026-07-06 14:00:00,2026-07-06,14,Afternoon,Rose Bar Soap,1.05,60.0,11.6,Changeover/Setup,48.4,63,50,2,48,3.73,96.0,79.37,80.67,98.39,76.2,5.13,13.97,1
PureGlow Soaps International (Fictional Dummy Company),Global Manufacturing Head - PureGlow Soaps,Australia,Australia,Melbourne,FCT026,Melbourne Soap Plant,LN0078,Line-3,2026-07-06 14:00:00,2026-07-06,14,Afternoon,Coconut Bar Soap,1.22,60.0,0.1,No Downtime,59.9,73,68,1,67,1.9,98.53,93.15,99.83,93.05,91.53,7.09,14.63,3
PureGlow Soaps International (Fictional Dummy Company),Global Manufacturing Head - PureGlow Soaps,Australia,Australia,Melbourne,FCT026,Melbourne Soap Plant,LN0076,Line-1,2026-07-06 15:00:00,2026-07-06,15,Afternoon,Charcoal Bar Soap,1.19,60.0,3.4,No Downtime,56.6,71,61,3,58,4.22,95.08,85.92,94.33,90.57,81.23,5.56,19.71,3
PureGlow Soaps International (Fictional Dummy Company),Global Manufacturing Head - PureGlow Soaps,Australia,Australia,Melbourne,FCT026,Melbourne Soap Plant,LN0077,Line-2,2026-07-06 15:00:00,2026-07-06,15,Afternoon,Rose Bar Soap,1.05,60.0,1.3,No Downtime,58.7,63,58,0,58,0.53,100.0,92.06,97.83,94.1,92.06,5.16,16.21,3
PureGlow Soaps International (Fictional Dummy Company),Global Manufacturing Head - PureGlow Soaps,Australia,Australia,Melbourne,FCT026,Melbourne Soap Plant,LN0078,Line-3,2026-07-06 15:00:00,2026-07-06,15,Afternoon,Coconut Bar Soap,1.22,60.0,19.4,Material Shortage,40.6,73,40,1,39,2.49,97.5,54.79,67.67,80.76,53.28,3.52,10.7,3
PureGlow Soaps International (Fictional Dummy Company),Global Manufacturing Head - PureGlow Soaps,Australia,Australia,Melbourne,FCT026,Melbourne Soap Plant,LN0076,Line-1,2026-07-06 16:00:00,2026-07-06,16,Afternoon,Charcoal Bar Soap,1.19,60.0,2.7,No Downtime,57.3,71,57,0,57,0.65,100.0,80.28,95.5,83.59,79.83,6.17,22.94,1
PureGlow Soaps International (Fictional Dummy Company),Global Manufacturing Head - PureGlow Soaps,Australia,Australia,Melbourne,FCT026,Melbourne Soap Plant,LN0077,Line-2,2026-07-06 16:00:00,2026-07-06,16,Afternoon,Rose Bar Soap,1.05,60.0,0.5,No Downtime,59.5,63,63,2,61,2.7,96.83,100.0,99.17,100.84,96.83,5.45,16.24,3
PureGlow Soaps International (Fictional Dummy Company),Global Manufacturing Head - PureGlow Soaps,Australia,Australia,Melbourne,FCT026,Melbourne Soap Plant,LN0078,Line-3,2026-07-06 16:00:00,2026-07-06,16,Afternoon,Coconut Bar Soap,1.22,60.0,3.5,No Downtime,56.5,73,66,1,65,1.57,98.48,90.41,94.17,95.75,88.8,7.14,13.0,3
PureGlow Soaps International (Fictional Dummy Company),Global Manufacturing Head - PureGlow Soaps,Australia,Australia,Melbourne,FCT026,Melbourne Soap Plant,LN0076,Line-1,2026-07-06 17:00:00,2026-07-06,17,Afternoon,Charcoal Bar Soap,1.19,60.0,12.8,Machine Breakdown,47.2,71,45,2,43,3.5,95.56,63.38,78.67,80.12,60.23,4.79,16.76,2
PureGlow Soaps International (Fictional Dummy Company),Global Manufacturing Head - PureGlow Soaps,Australia,Australia,Melbourne,FCT026,Melbourne Soap Plant,LN0077,Line-2,2026-07-06 17:00:00,2026-07-06,17,Afternoon,Rose Bar Soap,1.05,60.0,3.2,No Downtime,56.8,63,48,2,46,3.8,95.83,76.19,94.67,80.48,73.01,5.12,18.41,2
PureGlow Soaps International (Fictional Dummy Company),Global Manufacturing Head - PureGlow Soaps,Australia,Australia,Melbourne,FCT026,Melbourne Soap Plant,LN0078,Line-3,2026-07-06 17:00:00,2026-07-06,17,Afternoon,Coconut Bar Soap,1.22,60.0,13.0,Changeover/Setup,47.0,73,58,2,56,3.72,96.55,79.45,78.33,101.15,76.5,5.57,11.26,3
PureGlow Soaps International (Fictional Dummy Company),Global Manufacturing Head - PureGlow Soaps,Australia,Australia,Melbourne,FCT026,Melbourne Soap Plant,LN0076,Line-1,2026-07-06 18:00:00,2026-07-06,18,Afternoon,Charcoal Bar Soap,1.19,60.0,19.1,Changeover/Setup,40.9,71,50,1,49,2.16,98.0,70.42,68.17,102.73,68.63,5.31,14.77,2
PureGlow Soaps International (Fictional Dummy Company),Global Manufacturing Head - PureGlow Soaps,Australia,Australia,Melbourne,FCT026,Melbourne Soap Plant,LN0077,Line-2,2026-07-06 18:00:00,2026-07-06,18,Afternoon,Rose Bar Soap,1.05,60.0,1.0,No Downtime,59.0,63,63,2,61,3.49,96.83,100.0,98.33,101.69,96.82,5.42,18.84,1
PureGlow Soaps International (Fictional Dummy Company),Global Manufacturing Head - PureGlow Soaps,Australia,Australia,Melbourne,FCT026,Melbourne Soap Plant,LN0078,Line-3,2026-07-06 18:00:00,2026-07-06,18,Afternoon,Coconut Bar Soap,1.22,60.0,13.6,Quality Hold,46.4,73,47,3,44,6.44,93.62,64.38,77.33,83.03,60.11,4.77,11.41,1
PureGlow Soaps International (Fictional Dummy Company),Global Manufacturing Head - PureGlow Soaps,Australia,Australia,Melbourne,FCT026,Melbourne Soap Plant,LN0076,Line-1,2026-07-06 19:00:00,2026-07-06,19,Afternoon,Charcoal Bar Soap,1.19,60.0,3.5,No Downtime,56.5,71,58,1,57,2.31,98.28,81.69,94.17,86.26,79.83,5.91,22.66,1
PureGlow Soaps International (Fictional Dummy Company),Global Manufacturing Head - PureGlow Soaps,Australia,Australia,Melbourne,FCT026,Melbourne Soap Plant,LN0077,Line-2,2026-07-06 19:00:00,2026-07-06,19,Afternoon,Rose Bar Soap,1.05,60.0,12.5,Changeover/Setup,47.5,63,43,0,43,0.91,100.0,68.25,79.17,86.22,68.26,4.05,14.39,2
PureGlow Soaps International (Fictional Dummy Company),Global Manufacturing Head - PureGlow Soaps,Australia,Australia,Melbourne,FCT026,Melbourne Soap Plant,LN0078,Line-3,2026-07-06 19:00:00,2026-07-06,19,Afternoon,Coconut Bar Soap,1.22,60.0,7.8,Changeover/Setup,52.2,73,64,1,63,1.58,98.44,87.67,87.0,100.5,86.07,6.4,12.77,3
PureGlow Soaps International (Fictional Dummy Company),Global Manufacturing Head - PureGlow Soaps,Australia,Australia,Melbourne,FCT026,Melbourne Soap Plant,LN0076,Line-1,2026-07-06 20:00:00,2026-07-06,20,Afternoon,Charcoal Bar Soap,1.19,60.0,2.8,No Downtime,57.2,71,61,1,60,2.12,98.36,85.92,95.33,89.62,84.03,5.79,23.55,2
PureGlow Soaps International (Fictional Dummy Company),Global Manufacturing Head - PureGlow Soaps,Australia,Australia,Melbourne,FCT026,Melbourne Soap Plant,LN0077,Line-2,2026-07-06 20:00:00,2026-07-06,20,Afternoon,Rose Bar Soap,1.05,60.0,14.7,Changeover/Setup,45.3,63,40,2,38,4.43,95.0,63.49,75.5,84.1,60.32,3.93,12.42,2
PureGlow Soaps International (Fictional Dummy Company),Global Manufacturing Head - PureGlow Soaps,Australia,Australia,Melbourne,FCT026,Melbourne Soap Plant,LN0078,Line-3,2026-07-06 20:00:00,2026-07-06,20,Afternoon,Coconut Bar Soap,1.22,60.0,12.0,Quality Hold,48.0,73,53,3,50,6.51,94.34,72.6,80.0,90.51,68.31,4.89,11.37,2
PureGlow Soaps International (Fictional Dummy Company),Global Manufacturing Head - PureGlow Soaps,Australia,Australia,Melbourne,FCT026,Melbourne Soap Plant,LN0076,Line-1,2026-07-06 21:00:00,2026-07-06,21,Afternoon,Charcoal Bar Soap,1.19,60.0,2.8,No Downtime,57.2,71,59,2,57,3.93,96.61,83.1,95.33,86.68,79.83,5.39,22.07,3
PureGlow Soaps International (Fictional Dummy Company),Global Manufacturing Head - PureGlow Soaps,Australia,Australia,Melbourne,FCT026,Melbourne Soap Plant,LN0077,Line-2,2026-07-06 21:00:00,2026-07-06,21,Afternoon,Rose Bar Soap,1.05,60.0,39.3,Machine Breakdown,20.7,63,17,1,16,3.17,94.12,26.98,34.5,78.21,25.4,1.69,5.64,1
PureGlow Soaps International (Fictional Dummy Company),Global Manufacturing Head - PureGlow Soaps,Australia,Australia,Melbourne,FCT026,Melbourne Soap Plant,LN0078,Line-3,2026-07-06 21:00:00,2026-07-06,21,Afternoon,Coconut Bar Soap,1.22,60.0,17.2,Power Outage,42.8,73,46,2,44,4.54,95.65,63.01,71.33,88.1,60.11,4.18,11.91,2
PureGlow Soaps International (Fictional Dummy Company),Global Manufacturing Head - PureGlow Soaps,Australia,Australia,Melbourne,FCT026,Melbourne Soap Plant,LN0076,Line-1,2026-07-06 22:00:00,2026-07-06,22,Night,Charcoal Bar Soap,1.19,60.0,16.1,Changeover/Setup,43.9,71,52,2,50,3.5,96.15,73.24,73.17,99.54,70.03,5.24,15.14,3
PureGlow Soaps International (Fictional Dummy Company),Global Manufacturing Head - PureGlow Soaps,Australia,Australia,Melbourne,FCT026,Melbourne Soap Plant,LN0077,Line-2,2026-07-06 22:00:00,2026-07-06,22,Night,Rose Bar Soap,1.05,60.0,1.9,No Downtime,58.1,63,62,1,61,2.32,98.39,98.41,96.83,101.63,96.82,6.24,17.56,3
PureGlow Soaps International (Fictional Dummy Company),Global Manufacturing Head - PureGlow Soaps,Australia,Australia,Melbourne,FCT026,Melbourne Soap Plant,LN0078,Line-3,2026-07-06 22:00:00,2026-07-06,22,Night,Coconut Bar Soap,1.22,60.0,3.9,No Downtime,56.1,73,68,2,66,2.8,97.06,93.15,93.5,99.35,90.16,6.26,12.81,1
PureGlow Soaps International (Fictional Dummy Company),Global Manufacturing Head - PureGlow Soaps,Australia,Australia,Melbourne,FCT026,Melbourne Soap Plant,LN0076,Line-1,2026-07-06 23:00:00,2026-07-06,23,Night,Charcoal Bar Soap,1.19,60.0,36.7,Machine Breakdown,23.3,71,24,1,23,2.3,95.83,33.8,38.83,86.56,32.21,2.62,8.65,2
PureGlow Soaps International (Fictional Dummy Company),Global Manufacturing Head - PureGlow Soaps,Australia,Australia,Melbourne,FCT026,Melbourne Soap Plant,LN0077,Line-2,2026-07-06 23:00:00,2026-07-06,23,Night,Rose Bar Soap,1.05,60.0,3.9,No Downtime,56.1,63,50,1,49,2.5,98.0,79.37,93.5,84.88,77.78,4.65,16.48,2
PureGlow Soaps International (Fictional Dummy Company),Global Manufacturing Head - PureGlow Soaps,Australia,Australia,Melbourne,FCT026,Melbourne Soap Plant,LN0078,Line-3,2026-07-06 23:00:00,2026-07-06,23,Night,Coconut Bar Soap,1.22,60.0,0.5,No Downtime,59.5,73,72,2,70,2.85,97.22,98.63,99.17,99.19,95.63,6.88,16.35,3
PureGlow Soaps International (Fictional Dummy Company),Global Manufacturing Head - PureGlow Soaps,Australia,Australia,Melbourne,FCT026,Melbourne Soap Plant,LN0076,Line-1,2026-07-07 00:00:00,2026-07-07,0,Night,Lemon Bar Soap,1.19,60.0,13.5,Changeover/Setup,46.5,71,51,3,48,5.26,94.12,71.83,77.5,92.17,67.23,4.77,18.71,1
PureGlow Soaps International (Fictional Dummy Company),Global Manufacturing Head - PureGlow Soaps,Australia,Australia,Melbourne,FCT026,Melbourne Soap Plant,LN0077,Line-2,2026-07-07 00:00:00,2026-07-07,0,Night,Charcoal Bar Soap,1.05,60.0,34.0,Preventive Maintenance,26.0,63,26,1,25,3.56,96.15,41.27,43.33,95.24,39.68,2.65,8.14,3
PureGlow Soaps International (Fictional Dummy Company),Global Manufacturing Head - PureGlow Soaps,Australia,Australia,Melbourne,FCT026,Melbourne Soap Plant,LN0078,Line-3,2026-07-07 00:00:00,2026-07-07,0,Night,Charcoal Bar Soap,1.22,60.0,2.7,No Downtime,57.3,73,63,1,62,0.88,98.41,86.3,95.5,90.12,84.7,6.66,14.69,1
PureGlow Soaps International (Fictional Dummy Company),Global Manufacturing Head - PureGlow Soaps,Australia,Australia,Melbourne,FCT026,Melbourne Soap Plant,LN0076,Line-1,2026-07-07 01:00:00,2026-07-07,1,Night,Lemon Bar Soap,1.19,60.0,16.2,Power Outage,43.8,71,49,1,48,1.83,97.96,69.01,73.0,94.01,67.23,4.85,16.27,3
PureGlow Soaps International (Fictional Dummy Company),Global Manufacturing Head - PureGlow Soaps,Australia,Australia,Melbourne,FCT026,Melbourne Soap Plant,LN0077,Line-2,2026-07-07 01:00:00,2026-07-07,1,Night,Charcoal Bar Soap,1.05,60.0,1.6,No Downtime,58.4,63,57,2,55,3.8,96.49,90.48,97.33,92.95,87.29,5.97,16.28,3
PureGlow Soaps International (Fictional Dummy Company),Global Manufacturing Head - PureGlow Soaps,Australia,Australia,Melbourne,FCT026,Melbourne Soap Plant,LN0078,Line-3,2026-07-07 01:00:00,2026-07-07,1,Night,Charcoal Bar Soap,1.22,60.0,24.8,Material Shortage,35.2,73,38,2,36,4.31,94.74,52.05,58.67,88.49,49.19,3.31,9.45,3
PureGlow Soaps International (Fictional Dummy Company),Global Manufacturing Head - PureGlow Soaps,Australia,Australia,Melbourne,FCT026,Melbourne Soap Plant,LN0076,Line-1,2026-07-07 02:00:00,2026-07-07,2,Night,Lemon Bar Soap,1.19,60.0,16.2,Changeover/Setup,43.8,71,45,2,43,4.45,95.56,63.38,73.0,86.34,60.23,4.0,15.23,2
PureGlow Soaps International (Fictional Dummy Company),Global Manufacturing Head - PureGlow Soaps,Australia,Australia,Melbourne,FCT026,Melbourne Soap Plant,LN0077,Line-2,2026-07-07 02:00:00,2026-07-07,2,Night,Charcoal Bar Soap,1.05,60.0,20.0,Machine Breakdown,40.0,63,37,1,36,2.37,97.3,58.73,66.67,88.1,57.15,3.38,12.93,3
PureGlow Soaps International (Fictional Dummy Company),Global Manufacturing Head - PureGlow Soaps,Australia,Australia,Melbourne,FCT026,Melbourne Soap Plant,LN0078,Line-3,2026-07-07 02:00:00,2026-07-07,2,Night,Charcoal Bar Soap,1.22,60.0,36.4,Preventive Maintenance,23.6,73,23,1,22,3.43,95.65,31.51,39.33,79.88,30.05,2.26,5.64,3
PureGlow Soaps International (Fictional Dummy Company),Global Manufacturing Head - PureGlow Soaps,Australia,Australia,Melbourne,FCT026,Melbourne Soap Plant,LN0076,Line-1,2026-07-07 03:00:00,2026-07-07,3,Night,Lemon Bar Soap,1.19,60.0,7.5,Changeover/Setup,52.5,71,62,2,60,2.88,96.77,87.32,87.5,99.24,84.03,5.3,20.7,3
PureGlow Soaps International (Fictional Dummy Company),Global Manufacturing Head - PureGlow Soaps,Australia,Australia,Melbourne,FCT026,Melbourne Soap Plant,LN0077,Line-2,2026-07-07 03:00:00,2026-07-07,3,Night,Charcoal Bar Soap,1.05,60.0,25.7,Machine Breakdown,34.3,63,36,1,35,1.94,97.22,57.14,57.17,99.96,55.56,3.69,10.19,1
PureGlow Soaps International (Fictional Dummy Company),Global Manufacturing Head - PureGlow Soaps,Australia,Australia,Melbourne,FCT026,Melbourne Soap Plant,LN0078,Line-3,2026-07-07 03:00:00,2026-07-07,3,Night,Charcoal Bar Soap,1.22,60.0,14.6,Machine Breakdown,45.4,73,56,1,55,1.35,98.21,76.71,75.67,101.1,75.13,5.53,10.83,1
PureGlow Soaps International (Fictional Dummy Company),Global Manufacturing Head - PureGlow Soaps,Australia,Australia,Melbourne,FCT026,Melbourne Soap Plant,LN0076,Line-1,2026-07-07 04:00:00,2026-07-07,4,Night,Lemon Bar Soap,1.19,60.0,25.4,Material Shortage,34.6,71,42,2,40,4.31,95.24,59.15,57.67,102.01,56.03,4.49,13.09,3
PureGlow Soaps International (Fictional Dummy Company),Global Manufacturing Head - PureGlow Soaps,Australia,Australia,Melbourne,FCT026,Melbourne Soap Plant,LN0077,Line-2,2026-07-07 04:00:00,2026-07-07,4,Night,Charcoal Bar Soap,1.05,60.0,2.9,No Downtime,57.1,63,60,3,57,4.27,95.0,95.24,95.17,100.08,90.48,5.54,18.87,1
PureGlow Soaps International (Fictional Dummy Company),Global Manufacturing Head - PureGlow Soaps,Australia,Australia,Melbourne,FCT026,Melbourne Soap Plant,LN0078,Line-3,2026-07-07 04:00:00,2026-07-07,4,Night,Charcoal Bar Soap,1.22,60.0,9.1,Changeover/Setup,50.9,73,62,2,60,2.97,96.77,84.93,84.83,99.84,81.96,5.58,13.36,3
PureGlow Soaps International (Fictional Dummy Company),Global Manufacturing Head - PureGlow Soaps,Australia,Australia,Melbourne,FCT026,Melbourne Soap Plant,LN0076,Line-1,2026-07-07 05:00:00,2026-07-07,5,Night,Lemon Bar Soap,1.19,60.0,1.8,No Downtime,58.2,71,62,3,59,5.11,95.16,87.32,97.0,89.52,82.63,6.82,21.55,1
PureGlow Soaps International (Fictional Dummy Company),Global Manufacturing Head - PureGlow Soaps,Australia,Australia,Melbourne,FCT026,Melbourne Soap Plant,LN0077,Line-2,2026-07-07 05:00:00,2026-07-07,5,Night,Charcoal Bar Soap,1.05,60.0,8.7,Power Outage,51.3,63,46,3,43,5.74,93.48,73.02,85.5,85.4,68.26,4.31,16.6,1
PureGlow Soaps International (Fictional Dummy Company),Global Manufacturing Head - PureGlow Soaps,Australia,Australia,Melbourne,FCT026,Melbourne Soap Plant,LN0078,Line-3,2026-07-07 05:00:00,2026-07-07,5,Night,Charcoal Bar Soap,1.22,60.0,1.4,No Downtime,58.6,73,66,1,65,1.12,98.48,90.41,97.67,92.32,88.8,6.48,14.59,3
PureGlow Soaps International (Fictional Dummy Company),Global Manufacturing Head - PureGlow Soaps,Australia,Australia,Melbourne,FCT026,Melbourne Soap Plant,LN0076,Line-1,2026-07-07 06:00:00,2026-07-07,6,Morning,Lemon Bar Soap,1.19,60.0,13.4,Staff Shortage,46.6,71,54,3,51,4.89,94.44,76.06,77.67,97.38,71.43,5.53,18.86,1
PureGlow Soaps International (Fictional Dummy Company),Global Manufacturing Head - PureGlow Soaps,Australia,Australia,Melbourne,FCT026,Melbourne Soap Plant,LN0077,Line-2,2026-07-07 06:00:00,2026-07-07,6,Morning,Charcoal Bar Soap,1.05,60.0,37.6,Machine Breakdown,22.4,63,24,0,24,0.68,100.0,38.1,37.33,102.04,38.09,2.4,7.43,2
PureGlow Soaps International (Fictional Dummy Company),Global Manufacturing Head - PureGlow Soaps,Australia,Australia,Melbourne,FCT026,Melbourne Soap Plant,LN0078,Line-3,2026-07-07 06:00:00,2026-07-07,6,Morning,Charcoal Bar Soap,1.22,60.0,15.8,Changeover/Setup,44.2,73,45,1,44,3.2,97.78,61.64,73.67,83.45,60.11,3.84,10.81,1
PureGlow Soaps International (Fictional Dummy Company),Global Manufacturing Head - PureGlow Soaps,Australia,Australia,Melbourne,FCT026,Melbourne Soap Plant,LN0076,Line-1,2026-07-07 07:00:00,2026-07-07,7,Morning,Lemon Bar Soap,1.19,60.0,2.2,No Downtime,57.8,71,66,2,64,2.5,96.97,92.96,96.33,95.96,89.64,6.21,23.1,1
PureGlow Soaps International (Fictional Dummy Company),Global Manufacturing Head - PureGlow Soaps,Australia,Australia,Melbourne,FCT026,Melbourne Soap Plant,LN0077,Line-2,2026-07-07 07:00:00,2026-07-07,7,Morning,Charcoal Bar Soap,1.05,60.0,2.6,No Downtime,57.4,63,54,1,53,2.52,98.15,85.71,95.67,89.6,84.13,4.65,17.93,3
PureGlow Soaps International (Fictional Dummy Company),Global Manufacturing Head - PureGlow Soaps,Australia,Australia,Melbourne,FCT026,Melbourne Soap Plant,LN0078,Line-3,2026-07-07 07:00:00,2026-07-07,7,Morning,Charcoal Bar Soap,1.22,60.0,25.8,Machine Breakdown,34.2,73,40,1,39,3.69,97.5,54.79,57.0,95.87,53.28,3.41,8.59,2
PureGlow Soaps International (Fictional Dummy Company),Global Manufacturing Head - PureGlow Soaps,Australia,Australia,Melbourne,FCT026,Melbourne Soap Plant,LN0076,Line-1,2026-07-07 08:00:00,2026-07-07,8,Morning,Lemon Bar Soap,1.19,60.0,17.2,Changeover/Setup,42.8,71,48,3,45,5.32,93.75,67.61,71.33,94.24,63.02,4.28,16.09,1
PureGlow Soaps International (Fictional Dummy Company),Global Manufacturing Head - PureGlow Soaps,Australia,Australia,Melbourne,FCT026,Melbourne Soap Plant,LN0077,Line-2,2026-07-07 08:00:00,2026-07-07,8,Morning,Charcoal Bar Soap,1.05,60.0,18.4,Changeover/Setup,41.6,63,44,1,43,1.77,97.73,69.84,69.33,100.73,68.25,4.69,12.86,2
PureGlow Soaps International (Fictional Dummy Company),Global Manufacturing Head - PureGlow Soaps,Australia,Australia,Melbourne,FCT026,Melbourne Soap Plant,LN0078,Line-3,2026-07-07 08:00:00,2026-07-07,8,Morning,Charcoal Bar Soap,1.22,60.0,0.3,No Downtime,59.7,73,63,3,60,5.01,95.24,86.3,99.5,86.5,81.97,6.66,15.53,3
PureGlow Soaps International (Fictional Dummy Company),Global Manufacturing Head - PureGlow Soaps,Australia,Australia,Melbourne,FCT026,Melbourne Soap Plant,LN0076,Line-1,2026-07-07 09:00:00,2026-07-07,9,Morning,Lemon Bar Soap,1.19,60.0,24.5,Material Shortage,35.5,71,38,2,36,5.46,94.74,53.52,59.17,89.95,50.42,3.31,14.41,3
PureGlow Soaps International (Fictional Dummy Company),Global Manufacturing Head - PureGlow Soaps,Australia,Australia,Melbourne,FCT026,Melbourne Soap Plant,LN0077,Line-2,2026-07-07 09:00:00,2026-07-07,9,Morning,Charcoal Bar Soap,1.05,60.0,26.1,Material Shortage,33.9,63,32,1,31,2.18,96.88,50.79,56.5,89.9,49.21,2.9,9.63,2
PureGlow Soaps International (Fictional Dummy Company),Global Manufacturing Head - PureGlow Soaps,Australia,Australia,Melbourne,FCT026,Melbourne Soap Plant,LN0078,Line-3,2026-07-07 09:00:00,2026-07-07,9,Morning,Charcoal Bar Soap,1.22,60.0,17.9,Changeover/Setup,42.1,73,50,1,49,1.81,98.0,68.49,70.17,97.35,66.94,4.25,10.55,2
PureGlow Soaps International (Fictional Dummy Company),Global Manufacturing Head - PureGlow Soaps,Australia,Australia,Melbourne,FCT026,Melbourne Soap Plant,LN0076,Line-1,2026-07-07 10:00:00,2026-07-07,10,Morning,Lemon Bar Soap,1.19,60.0,14.9,Changeover/Setup,45.1,71,51,2,49,3.15,96.08,71.83,75.17,95.03,68.63,5.43,18.22,1
PureGlow Soaps International (Fictional Dummy Company),Global Manufacturing Head - PureGlow Soaps,Australia,Australia,Melbourne,FCT026,Melbourne Soap Plant,LN0077,Line-2,2026-07-07 10:00:00,2026-07-07,10,Morning,Charcoal Bar Soap,1.05,60.0,26.9,Machine Breakdown,33.1,63,33,1,32,1.59,96.97,52.38,55.17,94.95,50.8,2.84,9.85,3
PureGlow Soaps International (Fictional Dummy Company),Global Manufacturing Head - PureGlow Soaps,Australia,Australia,Melbourne,FCT026,Melbourne Soap Plant,LN0078,Line-3,2026-07-07 10:00:00,2026-07-07,10,Morning,Charcoal Bar Soap,1.22,60.0,23.4,Preventive Maintenance,36.6,73,42,1,41,2.75,97.62,57.53,61.0,94.06,56.01,3.98,8.41,2
PureGlow Soaps International (Fictional Dummy Company),Global Manufacturing Head - PureGlow Soaps,Australia,Australia,Melbourne,FCT026,Melbourne Soap Plant,LN0076,Line-1,2026-07-07 11:00:00,2026-07-07,11,Morning,Lemon Bar Soap,1.19,60.0,33.6,Material Shortage,26.4,71,26,1,25,4.19,96.15,36.62,44.0,82.76,35.01,2.46,9.6,3
PureGlow Soaps International (Fictional Dummy Company),Global Manufacturing Head - PureGlow Soaps,Australia,Australia,Melbourne,FCT026,Melbourne Soap Plant,LN0077,Line-2,2026-07-07 11:00:00,2026-07-07,11,Morning,Charcoal Bar Soap,1.05,60.0,33.9,Material Shortage,26.1,63,26,2,24,6.42,92.31,41.27,43.5,94.87,38.09,2.62,7.58,2
PureGlow Soaps International (Fictional Dummy Company),Global Manufacturing Head - PureGlow Soaps,Australia,Australia,Melbourne,FCT026,Melbourne Soap Plant,LN0078,Line-3,2026-07-07 11:00:00,2026-07-07,11,Morning,Charcoal Bar Soap,1.22,60.0,3.3,No Downtime,56.7,73,66,2,64,2.31,96.97,90.41,94.5,95.41,87.43,6.83,15.4,3
PureGlow Soaps International (Fictional Dummy Company),Global Manufacturing Head - PureGlow Soaps,Australia,Australia,Melbourne,FCT026,Melbourne Soap Plant,LN0076,Line-1,2026-07-07 12:00:00,2026-07-07,12,Morning,Lemon Bar Soap,1.19,60.0,12.6,Quality Hold,47.4,71,57,6,51,9.69,89.47,80.28,79.0,101.05,71.42,5.13,18.43,3
PureGlow Soaps International (Fictional Dummy Company),Global Manufacturing Head - PureGlow Soaps,Australia,Australia,Melbourne,FCT026,Melbourne Soap Plant,LN0077,Line-2,2026-07-07 12:00:00,2026-07-07,12,Morning,Charcoal Bar Soap,1.05,60.0,0.6,No Downtime,59.4,63,53,0,53,0.67,100.0,84.13,99.0,84.98,84.13,5.67,17.37,1
PureGlow Soaps International (Fictional Dummy Company),Global Manufacturing Head - PureGlow Soaps,Australia,Australia,Melbourne,FCT026,Melbourne Soap Plant,LN0078,Line-3,2026-07-07 12:00:00,2026-07-07,12,Morning,Charcoal Bar Soap,1.22,60.0,2.3,No Downtime,57.7,73,71,2,69,3.08,97.18,97.26,96.17,100.86,94.26,7.39,14.94,3
PureGlow Soaps International (Fictional Dummy Company),Global Manufacturing Head - PureGlow Soaps,Australia,Australia,Melbourne,FCT026,Melbourne Soap Plant,LN0076,Line-1,2026-07-07 13:00:00,2026-07-07,13,Morning,Lemon Bar Soap,1.19,60.0,29.8,Machine Breakdown,30.2,71,37,2,35,4.9,94.59,52.11,50.33,102.96,49.02,3.66,10.49,3
PureGlow Soaps International (Fictional Dummy Company),Global Manufacturing Head - PureGlow Soaps,Australia,Australia,Melbourne,FCT026,Melbourne Soap Plant,LN0077,Line-2,2026-07-07 13:00:00,2026-07-07,13,Morning,Charcoal Bar Soap,1.05,60.0,1.5,No Downtime,58.5,63,57,2,55,3.72,96.49,90.48,97.5,92.8,87.3,6.18,16.83,3
PureGlow Soaps International (Fictional Dummy Company),Global Manufacturing Head - PureGlow Soaps,Australia,Australia,Melbourne,FCT026,Melbourne Soap Plant,LN0078,Line-3,2026-07-07 13:00:00,2026-07-07,13,Morning,Charcoal Bar Soap,1.22,60.0,25.6,Machine Breakdown,34.4,73,41,0,41,1.15,100.0,56.16,57.33,97.69,56.01,3.71,9.23,3
PureGlow Soaps International (Fictional Dummy Company),Global Manufacturing Head - PureGlow Soaps,Australia,Australia,Melbourne,FCT026,Melbourne Soap Plant,LN0076,Line-1,2026-07-07 14:00:00,2026-07-07,14,Afternoon,Lemon Bar Soap,1.19,60.0,20.1,Material Shortage,39.9,71,38,2,36,4.45,94.74,53.52,66.5,80.03,50.42,4.04,14.48,3
PureGlow Soaps International (Fictional Dummy Company),Global Manufacturing Head - PureGlow Soaps,Australia,Australia,Melbourne,FCT026,Melbourne Soap Plant,LN0077,Line-2,2026-07-07 14:00:00,2026-07-07,14,Afternoon,Charcoal Bar Soap,1.05,60.0,0.1,No Downtime,59.9,63,63,1,62,2.31,98.41,100.0,99.83,100.17,98.41,6.93,16.94,3
PureGlow Soaps International (Fictional Dummy Company),Global Manufacturing Head - PureGlow Soaps,Australia,Australia,Melbourne,FCT026,Melbourne Soap Plant,LN0078,Line-3,2026-07-07 14:00:00,2026-07-07,14,Afternoon,Charcoal Bar Soap,1.22,60.0,26.7,Machine Breakdown,33.3,73,38,0,38,1.29,100.0,52.05,55.5,93.54,51.91,3.35,7.68,2
PureGlow Soaps International (Fictional Dummy Company),Global Manufacturing Head - PureGlow Soaps,Australia,Australia,Melbourne,FCT026,Melbourne Soap Plant,LN0076,Line-1,2026-07-07 15:00:00,2026-07-07,15,Afternoon,Lemon Bar Soap,1.19,60.0,28.7,Power Outage,31.3,71,34,1,33,3.59,97.06,47.89,52.17,91.28,46.22,2.97,11.38,2
PureGlow Soaps International (Fictional Dummy Company),Global Manufacturing Head - PureGlow Soaps,Australia,Australia,Melbourne,FCT026,Melbourne Soap Plant,LN0077,Line-2,2026-07-07 15:00:00,2026-07-07,15,Afternoon,Charcoal Bar Soap,1.05,60.0,27.1,Material Shortage,32.9,63,33,1,32,2.8,96.97,52.38,54.83,95.53,50.79,3.63,9.71,2
PureGlow Soaps International (Fictional Dummy Company),Global Manufacturing Head - PureGlow Soaps,Australia,Australia,Melbourne,FCT026,Melbourne Soap Plant,LN0078,Line-3,2026-07-07 15:00:00,2026-07-07,15,Afternoon,Charcoal Bar Soap,1.22,60.0,2.9,No Downtime,57.1,73,62,2,60,4.0,96.77,84.93,95.17,89.0,81.97,6.11,13.85,2
PureGlow Soaps International (Fictional Dummy Company),Global Manufacturing Head - PureGlow Soaps,Australia,Australia,Melbourne,FCT026,Melbourne Soap Plant,LN0076,Line-1,2026-07-07 16:00:00,2026-07-07,16,Afternoon,Lemon Bar Soap,1.19,60.0,29.8,Machine Breakdown,30.2,71,37,2,35,4.56,94.59,52.11,50.33,102.96,49.02,3.64,11.79,3
PureGlow Soaps International (Fictional Dummy Company),Global Manufacturing Head - PureGlow Soaps,Australia,Australia,Melbourne,FCT026,Melbourne Soap Plant,LN0077,Line-2,2026-07-07 16:00:00,2026-07-07,16,Afternoon,Charcoal Bar Soap,1.05,60.0,3.5,No Downtime,56.5,63,51,1,50,2.39,98.04,80.95,94.17,85.97,79.37,4.69,15.81,1
PureGlow Soaps International (Fictional Dummy Company),Global Manufacturing Head - PureGlow Soaps,Australia,Australia,Melbourne,FCT026,Melbourne Soap Plant,LN0078,Line-3,2026-07-07 16:00:00,2026-07-07,16,Afternoon,Charcoal Bar Soap,1.22,60.0,7.0,Staff Shortage,53.0,73,64,2,62,3.55,96.88,87.67,88.33,98.98,84.7,6.37,14.2,3
PureGlow Soaps International (Fictional Dummy Company),Global Manufacturing Head - PureGlow Soaps,Australia,Australia,Melbourne,FCT026,Melbourne Soap Plant,LN0076,Line-1,2026-07-07 17:00:00,2026-07-07,17,Afternoon,Lemon Bar Soap,1.19,60.0,15.1,Changeover/Setup,44.9,71,48,1,47,2.81,97.92,67.61,74.83,89.84,65.83,4.47,16.44,2
PureGlow Soaps International (Fictional Dummy Company),Global Manufacturing Head - PureGlow Soaps,Australia,Australia,Melbourne,FCT026,Melbourne Soap Plant,LN0077,Line-2,2026-07-07 17:00:00,2026-07-07,17,Afternoon,Charcoal Bar Soap,1.05,60.0,19.1,Changeover/Setup,40.9,63,43,1,42,3.46,97.67,68.25,68.17,100.13,66.67,3.8,11.26,2
PureGlow Soaps International (Fictional Dummy Company),Global Manufacturing Head - PureGlow Soaps,Australia,Australia,Melbourne,FCT026,Melbourne Soap Plant,LN0078,Line-3,2026-07-07 17:00:00,2026-07-07,17,Afternoon,Charcoal Bar Soap,1.22,60.0,16.4,Quality Hold,43.6,73,46,3,43,6.9,93.48,63.01,72.67,86.48,58.75,4.26,12.06,1
PureGlow Soaps International (Fictional Dummy Company),Global Manufacturing Head - PureGlow Soaps,Australia,Australia,Melbourne,FCT026,Melbourne Soap Plant,LN0076,Line-1,2026-07-07 18:00:00,2026-07-07,18,Afternoon,Lemon Bar Soap,1.19,60.0,0.1,No Downtime,59.9,71,60,3,57,4.51,95.0,84.51,99.83,84.17,79.83,5.7,23.21,1
PureGlow Soaps International (Fictional Dummy Company),Global Manufacturing Head - PureGlow Soaps,Australia,Australia,Melbourne,FCT026,Melbourne Soap Plant,LN0077,Line-2,2026-07-07 18:00:00,2026-07-07,18,Afternoon,Charcoal Bar Soap,1.05,60.0,39.2,Machine Breakdown,20.8,63,19,0,19,1.6,100.0,30.16,34.67,87.0,30.16,1.93,6.24,2
PureGlow Soaps International (Fictional Dummy Company),Global Manufacturing Head - PureGlow Soaps,Australia,Australia,Melbourne,FCT026,Melbourne Soap Plant,LN0078,Line-3,2026-07-07 18:00:00,2026-07-07,18,Afternoon,Charcoal Bar Soap,1.22,60.0,1.3,No Downtime,58.7,73,61,1,60,1.57,98.36,83.56,97.83,85.18,81.96,6.14,15.37,1
PureGlow Soaps International (Fictional Dummy Company),Global Manufacturing Head - PureGlow Soaps,Australia,Australia,Melbourne,FCT026,Melbourne Soap Plant,LN0076,Line-1,2026-07-07 19:00:00,2026-07-07,19,Afternoon,Lemon Bar Soap,1.19,60.0,35.4,Machine Breakdown,24.6,71,27,1,26,4.09,96.3,38.03,41.0,92.23,36.42,2.95,10.07,3
PureGlow Soaps International (Fictional Dummy Company),Global Manufacturing Head - PureGlow Soaps,Australia,Australia,Melbourne,FCT026,Melbourne Soap Plant,LN0077,Line-2,2026-07-07 19:00:00,2026-07-07,19,Afternoon,Charcoal Bar Soap,1.05,60.0,26.9,Preventive Maintenance,33.1,63,32,1,31,2.64,96.88,50.79,55.17,92.07,49.21,3.33,9.82,3
PureGlow Soaps International (Fictional Dummy Company),Global Manufacturing Head - PureGlow Soaps,Australia,Australia,Melbourne,FCT026,Melbourne Soap Plant,LN0078,Line-3,2026-07-07 19:00:00,2026-07-07,19,Afternoon,Charcoal Bar Soap,1.22,60.0,1.3,No Downtime,58.7,73,70,3,67,3.81,95.71,95.89,97.83,97.75,91.53,6.34,15.88,1
PureGlow Soaps International (Fictional Dummy Company),Global Manufacturing Head - PureGlow Soaps,Australia,Australia,Melbourne,FCT026,Melbourne Soap Plant,LN0076,Line-1,2026-07-07 20:00:00,2026-07-07,20,Afternoon,Lemon Bar Soap,1.19,60.0,14.1,Changeover/Setup,45.9,71,50,2,48,3.33,96.0,70.42,76.5,91.54,67.23,4.66,16.28,2
PureGlow Soaps International (Fictional Dummy Company),Global Manufacturing Head - PureGlow Soaps,Australia,Australia,Melbourne,FCT026,Melbourne Soap Plant,LN0077,Line-2,2026-07-07 20:00:00,2026-07-07,20,Afternoon,Charcoal Bar Soap,1.05,60.0,1.6,No Downtime,58.4,63,53,1,52,2.43,98.11,84.13,97.33,86.43,82.53,5.16,19.22,3
PureGlow Soaps International (Fictional Dummy Company),Global Manufacturing Head - PureGlow Soaps,Australia,Australia,Melbourne,FCT026,Melbourne Soap Plant,LN0078,Line-3,2026-07-07 20:00:00,2026-07-07,20,Afternoon,Charcoal Bar Soap,1.22,60.0,1.0,No Downtime,59.0,73,59,2,57,3.56,96.61,80.82,98.33,81.97,77.87,5.91,15.45,2
PureGlow Soaps International (Fictional Dummy Company),Global Manufacturing Head - PureGlow Soaps,Australia,Australia,Melbourne,FCT026,Melbourne Soap Plant,LN0076,Line-1,2026-07-07 21:00:00,2026-07-07,21,Afternoon,Lemon Bar Soap,1.19,60.0,11.8,Changeover/Setup,48.2,71,58,3,55,5.03,94.83,81.69,80.33,101.12,77.03,5.94,20.03,3
PureGlow Soaps International (Fictional Dummy Company),Global Manufacturing Head - PureGlow Soaps,Australia,Australia,Melbourne,FCT026,Melbourne Soap Plant,LN0077,Line-2,2026-07-07 21:00:00,2026-07-07,21,Afternoon,Charcoal Bar Soap,1.05,60.0,17.1,Material Shortage,42.9,63,39,1,38,2.74,97.44,61.9,71.5,86.58,60.32,4.04,12.14,1
PureGlow Soaps International (Fictional Dummy Company),Global Manufacturing Head - PureGlow Soaps,Australia,Australia,Melbourne,FCT026,Melbourne Soap Plant,LN0078,Line-3,2026-07-07 21:00:00,2026-07-07,21,Afternoon,Charcoal Bar Soap,1.22,60.0,33.5,Machine Breakdown,26.5,73,30,1,29,2.26,96.67,41.1,44.17,92.79,39.62,2.73,6.61,1
PureGlow Soaps International (Fictional Dummy Company),Global Manufacturing Head - PureGlow Soaps,Australia,Australia,Melbourne,FCT026,Melbourne Soap Plant,LN0076,Line-1,2026-07-07 22:00:00,2026-07-07,22,Night,Lemon Bar Soap,1.19,60.0,17.0,Power Outage,43.0,71,51,2,49,3.45,96.08,71.83,71.67,99.67,68.63,4.76,15.23,3
PureGlow Soaps International (Fictional Dummy Company),Global Manufacturing Head - PureGlow Soaps,Australia,Australia,Melbourne,FCT026,Melbourne Soap Plant,LN0077,Line-2,2026-07-07 22:00:00,2026-07-07,22,Night,Charcoal Bar Soap,1.05,60.0,14.9,Machine Breakdown,45.1,63,42,2,40,3.59,95.24,66.67,75.17,88.69,63.49,3.63,13.1,1
PureGlow Soaps International (Fictional Dummy Company),Global Manufacturing Head - PureGlow Soaps,Australia,Australia,Melbourne,FCT026,Melbourne Soap Plant,LN0078,Line-3,2026-07-07 22:00:00,2026-07-07,22,Night,Charcoal Bar Soap,1.22,60.0,9.2,Changeover/Setup,50.8,73,53,2,51,3.86,96.23,72.6,84.67,85.52,69.68,5.38,12.81,3
PureGlow Soaps International (Fictional Dummy Company),Global Manufacturing Head - PureGlow Soaps,Australia,Australia,Melbourne,FCT026,Melbourne Soap Plant,LN0076,Line-1,2026-07-07 23:00:00,2026-07-07,23,Night,Lemon Bar Soap,1.19,60.0,29.3,Material Shortage,30.7,71,30,0,30,1.38,100.0,42.25,51.17,82.12,42.02,2.67,12.49,2
PureGlow Soaps International (Fictional Dummy Company),Global Manufacturing Head - PureGlow Soaps,Australia,Australia,Melbourne,FCT026,Melbourne Soap Plant,LN0077,Line-2,2026-07-07 23:00:00,2026-07-07,23,Night,Charcoal Bar Soap,1.05,60.0,13.5,Changeover/Setup,46.5,63,42,1,41,2.44,97.62,66.67,77.5,86.02,65.08,3.85,12.72,2
PureGlow Soaps International (Fictional Dummy Company),Global Manufacturing Head - PureGlow Soaps,Australia,Australia,Melbourne,FCT026,Melbourne Soap Plant,LN0078,Line-3,2026-07-07 23:00:00,2026-07-07,23,Night,Charcoal Bar Soap,1.22,60.0,17.6,Changeover/Setup,42.4,73,52,2,50,3.81,96.15,71.23,70.67,100.53,68.31,4.82,9.99,3
PureGlow Soaps International (Fictional Dummy Company),Global Manufacturing Head - PureGlow Soaps,Australia,Australia,Melbourne,FCT026,Melbourne Soap Plant,LN0076,Line-1,2026-07-08 00:00:00,2026-07-08,0,Night,Lemon Bar Soap,1.19,60.0,0.6,No Downtime,59.4,71,58,0,58,0.35,100.0,81.69,99.0,82.05,81.23,5.01,22.54,1
PureGlow Soaps International (Fictional Dummy Company),Global Manufacturing Head - PureGlow Soaps,Australia,Australia,Melbourne,FCT026,Melbourne Soap Plant,LN0077,Line-2,2026-07-08 00:00:00,2026-07-08,0,Night,Neem Bar Soap,1.05,60.0,0.4,No Downtime,59.6,63,51,1,50,2.59,98.04,80.95,99.33,81.5,79.37,5.61,16.41,2
PureGlow Soaps International (Fictional Dummy Company),Global Manufacturing Head - PureGlow Soaps,Australia,Australia,Melbourne,FCT026,Melbourne Soap Plant,LN0078,Line-3,2026-07-08 00:00:00,2026-07-08,0,Night,Aloe Vera Liquid Soap,1.22,60.0,1.9,No Downtime,58.1,73,58,2,56,3.76,96.55,79.45,96.83,81.83,76.5,5.25,15.77,1
PureGlow Soaps International (Fictional Dummy Company),Global Manufacturing Head - PureGlow Soaps,Australia,Australia,Melbourne,FCT026,Melbourne Soap Plant,LN0076,Line-1,2026-07-08 01:00:00,2026-07-08,1,Night,Lemon Bar Soap,1.19,60.0,2.9,No Downtime,57.1,71,70,2,68,3.09,97.14,98.59,95.17,103.02,95.24,7.19,20.05,1
PureGlow Soaps International (Fictional Dummy Company),Global Manufacturing Head - PureGlow Soaps,Australia,Australia,Melbourne,FCT026,Melbourne Soap Plant,LN0077,Line-2,2026-07-08 01:00:00,2026-07-08,1,Night,Neem Bar Soap,1.05,60.0,13.6,Material Shortage,46.4,63,40,2,38,4.15,95.0,63.49,77.33,82.1,60.31,4.08,13.72,3
PureGlow Soaps International (Fictional Dummy Company),Global Manufacturing Head - PureGlow Soaps,Australia,Australia,Melbourne,FCT026,Melbourne Soap Plant,LN0078,Line-3,2026-07-08 01:00:00,2026-07-08,1,Night,Aloe Vera Liquid Soap,1.22,60.0,2.7,No Downtime,57.3,73,68,1,67,0.94,98.53,93.15,95.5,97.27,91.53,6.65,13.35,2
PureGlow Soaps International (Fictional Dummy Company),Global Manufacturing Head - PureGlow Soaps,Australia,Australia,Melbourne,FCT026,Melbourne Soap Plant,LN0076,Line-1,2026-07-08 02:00:00,2026-07-08,2,Night,Lemon Bar Soap,1.19,60.0,1.1,No Downtime,58.9,71,69,2,67,2.76,97.1,97.18,98.17,98.44,93.84,7.05,22.11,1
PureGlow Soaps International (Fictional Dummy Company),Global Manufacturing Head - PureGlow Soaps,Australia,Australia,Melbourne,FCT026,Melbourne Soap Plant,LN0077,Line-2,2026-07-08 02:00:00,2026-07-08,2,Night,Neem Bar Soap,1.05,60.0,25.4,Power Outage,34.6,63,37,2,35,5.8,94.59,58.73,57.67,101.84,55.55,3.29,10.65,1
PureGlow Soaps International (Fictional Dummy Company),Global Manufacturing Head - PureGlow Soaps,Australia,Australia,Melbourne,FCT026,Melbourne Soap Plant,LN0078,Line-3,2026-07-08 02:00:00,2026-07-08,2,Night,Aloe Vera Liquid Soap,1.22,60.0,17.7,Machine Breakdown,42.3,73,43,2,41,3.73,95.35,58.9,70.5,83.32,56.01,4.66,11.02,1
PureGlow Soaps International (Fictional Dummy Company),Global Manufacturing Head - PureGlow Soaps,Australia,Australia,Melbourne,FCT026,Melbourne Soap Plant,LN0076,Line-1,2026-07-08 03:00:00,2026-07-08,3,Night,Lemon Bar Soap,1.19,60.0,20.8,Machine Breakdown,39.2,71,39,1,38,2.83,97.44,54.93,65.33,83.6,53.22,3.63,14.57,1
PureGlow Soaps International (Fictional Dummy Company),Global Manufacturing Head - PureGlow Soaps,Australia,Australia,Melbourne,FCT026,Melbourne Soap Plant,LN0077,Line-2,2026-07-08 03:00:00,2026-07-08,3,Night,Neem Bar Soap,1.05,60.0,20.0,Quality Hold,40.0,63,37,3,34,9.17,91.89,58.73,66.67,88.1,53.97,3.32,11.71,3
PureGlow Soaps International (Fictional Dummy Company),Global Manufacturing Head - PureGlow Soaps,Australia,Australia,Melbourne,FCT026,Melbourne Soap Plant,LN0078,Line-3,2026-07-08 03:00:00,2026-07-08,3,Night,Aloe Vera Liquid Soap,1.22,60.0,19.2,Changeover/Setup,40.8,73,49,2,47,3.2,95.92,67.12,68.0,98.44,64.21,4.29,11.03,3
PureGlow Soaps International (Fictional Dummy Company),Global Manufacturing Head - PureGlow Soaps,Australia,Australia,Melbourne,FCT026,Melbourne Soap Plant,LN0076,Line-1,2026-07-08 04:00:00,2026-07-08,4,Night,Lemon Bar Soap,1.19,60.0,23.8,Preventive Maintenance,36.2,71,35,1,34,2.31,97.14,49.3,60.33,81.25,47.62,3.59,14.85,2
PureGlow Soaps International (Fictional Dummy Company),Global Manufacturing Head - PureGlow Soaps,Australia,Australia,Melbourne,FCT026,Melbourne Soap Plant,LN0077,Line-2,2026-07-08 04:00:00,2026-07-08,4,Night,Neem Bar Soap,1.05,60.0,21.8,Machine Breakdown,38.2,63,40,1,39,3.7,97.5,63.49,63.67,99.73,61.91,3.98,11.7,2
PureGlow Soaps International (Fictional Dummy Company),Global Manufacturing Head - PureGlow Soaps,Australia,Australia,Melbourne,FCT026,Melbourne Soap Plant,LN0078,Line-3,2026-07-08 04:00:00,2026-07-08,4,Night,Aloe Vera Liquid Soap,1.22,60.0,11.6,Changeover/Setup,48.4,73,60,2,58,3.79,96.67,82.19,80.67,101.61,79.24,6.01,13.43,2
PureGlow Soaps International (Fictional Dummy Company),Global Manufacturing Head - PureGlow Soaps,Australia,Australia,Melbourne,FCT026,Melbourne Soap Plant,LN0076,Line-1,2026-07-08 05:00:00,2026-07-08,5,Night,Lemon Bar Soap,1.19,60.0,13.0,Changeover/Setup,47.0,71,48,2,46,3.15,95.83,67.61,78.33,85.82,64.42,4.79,16.59,3
PureGlow Soaps International (Fictional Dummy Company),Global Manufacturing Head - PureGlow Soaps,Australia,Australia,Melbourne,FCT026,Melbourne Soap Plant,LN0077,Line-2,2026-07-08 05:00:00,2026-07-08,5,Night,Neem Bar Soap,1.05,60.0,27.8,Machine Breakdown,32.2,63,34,1,33,4.12,97.06,53.97,53.67,100.56,52.38,2.93,9.18,1
PureGlow Soaps International (Fictional Dummy Company),Global Manufacturing Head - PureGlow Soaps,Australia,Australia,Melbourne,FCT026,Melbourne Soap Plant,LN0078,Line-3,2026-07-08 05:00:00,2026-07-08,5,Night,Aloe Vera Liquid Soap,1.22,60.0,10.2,Material Shortage,49.8,73,50,1,49,1.2,98.0,68.49,83.0,82.3,66.94,5.07,12.42,3
PureGlow Soaps International (Fictional Dummy Company),Global Manufacturing Head - PureGlow Soaps,Australia,Australia,Melbourne,FCT026,Melbourne Soap Plant,LN0076,Line-1,2026-07-08 06:00:00,2026-07-08,6,Morning,Lemon Bar Soap,1.19,60.0,2.1,No Downtime,57.9,71,63,3,60,4.95,95.24,88.73,96.5,91.44,84.04,5.68,19.72,2
PureGlow Soaps International (Fictional Dummy Company),Global Manufacturing Head - PureGlow Soaps,Australia,Australia,Melbourne,FCT026,Melbourne Soap Plant,LN0077,Line-2,2026-07-08 06:00:00,2026-07-08,6,Morning,Neem Bar Soap,1.05,60.0,1.5,No Downtime,58.5,63,55,1,54,1.14,98.18,87.3,97.5,89.54,85.71,6.0,18.05,2
PureGlow Soaps International (Fictional Dummy Company),Global Manufacturing Head - PureGlow Soaps,Australia,Australia,Melbourne,FCT026,Melbourne Soap Plant,LN0078,Line-3,2026-07-08 06:00:00,2026-07-08,6,Morning,Aloe Vera Liquid Soap,1.22,60.0,3.0,No Downtime,57.0,73,68,3,65,3.89,95.59,93.15,95.0,97.79,88.8,6.51,14.69,3
PureGlow Soaps International (Fictional Dummy Company),Global Manufacturing Head - PureGlow Soaps,Australia,Australia,Melbourne,FCT026,Melbourne Soap Plant,LN0076,Line-1,2026-07-08 07:00:00,2026-07-08,7,Morning,Lemon Bar Soap,1.19,60.0,18.8,Changeover/Setup,41.2,71,40,1,39,2.84,97.5,56.34,68.67,81.59,54.63,4.17,14.19,2
PureGlow Soaps International (Fictional Dummy Company),Global Manufacturing Head - PureGlow Soaps,Australia,Australia,Melbourne,FCT026,Melbourne Soap Plant,LN0077,Line-2,2026-07-08 07:00:00,2026-07-08,7,Morning,Neem Bar Soap,1.05,60.0,23.4,Material Shortage,36.6,63,31,1,30,3.29,96.77,49.21,61.0,80.67,47.62,2.74,10.65,1
PureGlow Soaps International (Fictional Dummy Company),Global Manufacturing Head - PureGlow Soaps,Australia,Australia,Melbourne,FCT026,Melbourne Soap Plant,LN0078,Line-3,2026-07-08 07:00:00,2026-07-08,7,Morning,Aloe Vera Liquid Soap,1.22,60.0,3.9,No Downtime,56.1,73,66,2,64,3.58,96.97,90.41,93.5,96.43,87.43,5.74,14.96,3
PureGlow Soaps International (Fictional Dummy Company),Global Manufacturing Head - PureGlow Soaps,Australia,Australia,Melbourne,FCT026,Melbourne Soap Plant,LN0076,Line-1,2026-07-08 08:00:00,2026-07-08,8,Morning,Lemon Bar Soap,1.19,60.0,11.8,Staff Shortage,48.2,71,50,2,48,3.17,96.0,70.42,80.33,87.17,67.22,4.69,16.59,2
PureGlow Soaps International (Fictional Dummy Company),Global Manufacturing Head - PureGlow Soaps,Australia,Australia,Melbourne,FCT026,Melbourne Soap Plant,LN0077,Line-2,2026-07-08 08:00:00,2026-07-08,8,Morning,Neem Bar Soap,1.05,60.0,3.3,No Downtime,56.7,63,54,2,52,2.88,96.3,85.71,94.5,90.7,82.54,5.19,18.44,1
PureGlow Soaps International (Fictional Dummy Company),Global Manufacturing Head - PureGlow Soaps,Australia,Australia,Melbourne,FCT026,Melbourne Soap Plant,LN0078,Line-3,2026-07-08 08:00:00,2026-07-08,8,Morning,Aloe Vera Liquid Soap,1.22,60.0,1.0,No Downtime,59.0,73,61,0,61,0.5,100.0,83.56,98.33,84.75,83.33,5.92,15.6,2
PureGlow Soaps International (Fictional Dummy Company),Global Manufacturing Head - PureGlow Soaps,Australia,Australia,Melbourne,FCT026,Melbourne Soap Plant,LN0076,Line-1,2026-07-08 09:00:00,2026-07-08,9,Morning,Lemon Bar Soap,1.19,60.0,14.1,Power Outage,45.9,71,54,3,51,5.27,94.44,76.06,76.5,98.86,71.42,4.7,16.41,2
PureGlow Soaps International (Fictional Dummy Company),Global Manufacturing Head - PureGlow Soaps,Australia,Australia,Melbourne,FCT026,Melbourne Soap Plant,LN0077,Line-2,2026-07-08 09:00:00,2026-07-08,9,Morning,Neem Bar Soap,1.05,60.0,23.5,Power Outage,36.5,63,32,2,30,5.05,93.75,50.79,60.83,83.5,47.62,3.13,11.15,1
PureGlow Soaps International (Fictional Dummy Company),Global Manufacturing Head - PureGlow Soaps,Australia,Australia,Melbourne,FCT026,Melbourne Soap Plant,LN0078,Line-3,2026-07-08 09:00:00,2026-07-08,9,Morning,Aloe Vera Liquid Soap,1.22,60.0,41.3,Machine Breakdown,18.7,73,21,1,20,2.53,95.24,28.77,31.17,92.05,27.33,1.93,4.53,3
PureGlow Soaps International (Fictional Dummy Company),Global Manufacturing Head - PureGlow Soaps,Australia,Australia,Melbourne,FCT026,Melbourne Soap Plant,LN0076,Line-1,2026-07-08 10:00:00,2026-07-08,10,Morning,Lemon Bar Soap,1.19,60.0,7.0,Changeover/Setup,53.0,71,61,3,58,4.96,95.08,85.92,88.33,96.72,81.23,5.35,21.45,1
PureGlow Soaps International (Fictional Dummy Company),Global Manufacturing Head - PureGlow Soaps,Australia,Australia,Melbourne,FCT026,Melbourne Soap Plant,LN0077,Line-2,2026-07-08 10:00:00,2026-07-08,10,Morning,Neem Bar Soap,1.05,60.0,3.9,No Downtime,56.1,63,49,1,48,1.92,97.96,77.78,93.5,83.18,76.19,5.17,15.62,1
PureGlow Soaps International (Fictional Dummy Company),Global Manufacturing Head - PureGlow Soaps,Australia,Australia,Melbourne,FCT026,Melbourne Soap Plant,LN0078,Line-3,2026-07-08 10:00:00,2026-07-08,10,Morning,Aloe Vera Liquid Soap,1.22,60.0,0.8,No Downtime,59.2,73,73,2,71,3.34,97.26,100.0,98.67,101.07,96.99,6.48,16.39,2
PureGlow Soaps International (Fictional Dummy Company),Global Manufacturing Head - PureGlow Soaps,Australia,Australia,Melbourne,FCT026,Melbourne Soap Plant,LN0076,Line-1,2026-07-08 11:00:00,2026-07-08,11,Morning,Lemon Bar Soap,1.19,60.0,5.2,Power Outage,54.8,71,61,2,59,3.13,96.72,85.92,91.33,93.54,82.63,6.42,18.86,2
PureGlow Soaps International (Fictional Dummy Company),Global Manufacturing Head - PureGlow Soaps,Australia,Australia,Melbourne,FCT026,Melbourne Soap Plant,LN0077,Line-2,2026-07-08 11:00:00,2026-07-08,11,Morning,Neem Bar Soap,1.05,60.0,32.4,Material Shortage,27.6,63,26,1,25,2.36,96.15,41.27,46.0,89.72,39.68,2.38,8.33,1
PureGlow Soaps International (Fictional Dummy Company),Global Manufacturing Head - PureGlow Soaps,Australia,Australia,Melbourne,FCT026,Melbourne Soap Plant,LN0078,Line-3,2026-07-08 11:00:00,2026-07-08,11,Morning,Aloe Vera Liquid Soap,1.22,60.0,3.4,No Downtime,56.6,73,61,2,59,3.51,96.72,83.56,94.33,88.34,80.6,5.81,14.5,3
PureGlow Soaps International (Fictional Dummy Company),Global Manufacturing Head - PureGlow Soaps,Australia,Australia,Melbourne,FCT026,Melbourne Soap Plant,LN0076,Line-1,2026-07-08 12:00:00,2026-07-08,12,Morning,Lemon Bar Soap,1.19,60.0,21.7,Preventive Maintenance,38.3,71,46,1,45,2.12,97.83,64.79,63.83,100.93,63.03,5.02,13.11,1
PureGlow Soaps International (Fictional Dummy Company),Global Manufacturing Head - PureGlow Soaps,Australia,Australia,Melbourne,FCT026,Melbourne Soap Plant,LN0077,Line-2,2026-07-08 12:00:00,2026-07-08,12,Morning,Neem Bar Soap,1.05,60.0,2.4,No Downtime,57.6,63,56,2,54,2.86,96.43,88.89,96.0,92.59,85.71,5.99,16.13,2
PureGlow Soaps International (Fictional Dummy Company),Global Manufacturing Head - PureGlow Soaps,Australia,Australia,Melbourne,FCT026,Melbourne Soap Plant,LN0078,Line-3,2026-07-08 12:00:00,2026-07-08,12,Morning,Aloe Vera Liquid Soap,1.22,60.0,0.8,No Downtime,59.2,73,59,1,58,1.51,98.31,80.82,98.67,81.69,79.24,5.06,15.68,2
PureGlow Soaps International (Fictional Dummy Company),Global Manufacturing Head - PureGlow Soaps,Australia,Australia,Melbourne,FCT026,Melbourne Soap Plant,LN0076,Line-1,2026-07-08 13:00:00,2026-07-08,13,Morning,Lemon Bar Soap,1.19,60.0,11.0,Quality Hold,49.0,71,53,5,48,9.25,90.57,74.65,81.67,90.89,67.23,5.14,18.63,2
PureGlow Soaps International (Fictional Dummy Company),Global Manufacturing Head - PureGlow Soaps,Australia,Australia,Melbourne,FCT026,Melbourne Soap Plant,LN0077,Line-2,2026-07-08 13:00:00,2026-07-08,13,Morning,Neem Bar Soap,1.05,60.0,18.6,Preventive Maintenance,41.4,63,38,1,37,2.63,97.37,60.32,69.0,87.42,58.73,4.1,13.7,2
PureGlow Soaps International (Fictional Dummy Company),Global Manufacturing Head - PureGlow Soaps,Australia,Australia,Melbourne,FCT026,Melbourne Soap Plant,LN0078,Line-3,2026-07-08 13:00:00,2026-07-08,13,Morning,Aloe Vera Liquid Soap,1.22,60.0,3.9,No Downtime,56.1,73,57,2,55,3.8,96.49,78.08,93.5,83.28,75.13,6.17,14.55,2
PureGlow Soaps International (Fictional Dummy Company),Global Manufacturing Head - PureGlow Soaps,Australia,Australia,Melbourne,FCT026,Melbourne Soap Plant,LN0076,Line-1,2026-07-08 14:00:00,2026-07-08,14,Afternoon,Lemon Bar Soap,1.19,60.0,1.2,No Downtime,58.8,71,64,2,62,3.32,96.88,90.14,98.0,91.47,86.84,6.11,24.29,2
PureGlow Soaps International (Fictional Dummy Company),Global Manufacturing Head - PureGlow Soaps,Australia,Australia,Melbourne,FCT026,Melbourne Soap Plant,LN0077,Line-2,2026-07-08 14:00:00,2026-07-08,14,Afternoon,Neem Bar Soap,1.05,60.0,3.8,No Downtime,56.2,63,47,2,45,3.35,95.74,74.6,93.67,79.65,71.43,4.25,17.83,2
PureGlow Soaps International (Fictional Dummy Company),Global Manufacturing Head - PureGlow Soaps,Australia,Australia,Melbourne,FCT026,Melbourne Soap Plant,LN0078,Line-3,2026-07-08 14:00:00,2026-07-08,14,Afternoon,Aloe Vera Liquid Soap,1.22,60.0,7.7,Quality Hold,52.3,73,53,5,48,8.93,90.57,72.6,87.17,83.06,65.58,5.07,12.72,2
PureGlow Soaps International (Fictional Dummy Company),Global Manufacturing Head - PureGlow Soaps,Australia,Australia,Melbourne,FCT026,Melbourne Soap Plant,LN0076,Line-1,2026-07-08 15:00:00,2026-07-08,15,Afternoon,Lemon Bar Soap,1.19,60.0,13.2,Changeover/Setup,46.8,71,54,1,53,1.82,98.15,76.06,78.0,96.96,74.23,5.15,19.21,1
PureGlow Soaps International (Fictional Dummy Company),Global Manufacturing Head - PureGlow Soaps,Australia,Australia,Melbourne,FCT026,Melbourne Soap Plant,LN0077,Line-2,2026-07-08 15:00:00,2026-07-08,15,Afternoon,Neem Bar Soap,1.05,60.0,26.9,Power Outage,33.1,63,31,1,30,3.97,96.77,49.21,55.17,89.2,47.62,3.36,10.56,3
PureGlow Soaps International (Fictional Dummy Company),Global Manufacturing Head - PureGlow Soaps,Australia,Australia,Melbourne,FCT026,Melbourne Soap Plant,LN0078,Line-3,2026-07-08 15:00:00,2026-07-08,15,Afternoon,Aloe Vera Liquid Soap,1.22,60.0,6.1,Changeover/Setup,53.9,73,55,1,54,1.6,98.18,75.34,89.83,83.64,73.77,5.95,12.29,2
PureGlow Soaps International (Fictional Dummy Company),Global Manufacturing Head - PureGlow Soaps,Australia,Australia,Melbourne,FCT026,Melbourne Soap Plant,LN0076,Line-1,2026-07-08 16:00:00,2026-07-08,16,Afternoon,Lemon Bar Soap,1.19,60.0,2.2,No Downtime,57.8,71,70,2,68,2.86,97.14,98.59,96.33,101.77,95.23,7.69,21.76,3
PureGlow Soaps International (Fictional Dummy Company),Global Manufacturing Head - PureGlow Soaps,Australia,Australia,Melbourne,FCT026,Melbourne Soap Plant,LN0077,Line-2,2026-07-08 16:00:00,2026-07-08,16,Afternoon,Neem Bar Soap,1.05,60.0,14.3,Quality Hold,45.7,63,43,3,40,8.03,93.02,68.25,76.17,89.61,63.49,4.13,13.75,2
PureGlow Soaps International (Fictional Dummy Company),Global Manufacturing Head - PureGlow Soaps,Australia,Australia,Melbourne,FCT026,Melbourne Soap Plant,LN0078,Line-3,2026-07-08 16:00:00,2026-07-08,16,Afternoon,Aloe Vera Liquid Soap,1.22,60.0,8.9,Quality Hold,51.1,73,62,5,57,8.08,91.94,84.93,85.17,99.45,77.87,6.51,13.0,2
PureGlow Soaps International (Fictional Dummy Company),Global Manufacturing Head - PureGlow Soaps,Australia,Australia,Melbourne,FCT026,Melbourne Soap Plant,LN0076,Line-1,2026-07-08 17:00:00,2026-07-08,17,Afternoon,Lemon Bar Soap,1.19,60.0,42.0,Machine Breakdown,18.0,71,21,1,20,2.82,95.24,29.58,30.0,98.04,28.01,2.04,7.1,1
PureGlow Soaps International (Fictional Dummy Company),Global Manufacturing Head - PureGlow Soaps,Australia,Australia,Melbourne,FCT026,Melbourne Soap Plant,LN0077,Line-2,2026-07-08 17:00:00,2026-07-08,17,Afternoon,Neem Bar Soap,1.05,60.0,2.0,No Downtime,58.0,63,59,2,57,3.67,96.61,93.65,96.67,96.88,90.48,5.81,18.52,1
PureGlow Soaps International (Fictional Dummy Company),Global Manufacturing Head - PureGlow Soaps,Australia,Australia,Melbourne,FCT026,Melbourne Soap Plant,LN0078,Line-3,2026-07-08 17:00:00,2026-07-08,17,Afternoon,Aloe Vera Liquid Soap,1.22,60.0,25.9,Preventive Maintenance,34.1,73,36,1,35,3.37,97.22,49.32,56.83,86.53,47.81,3.96,8.43,3
PureGlow Soaps International (Fictional Dummy Company),Global Manufacturing Head - PureGlow Soaps,Australia,Australia,Melbourne,FCT026,Melbourne Soap Plant,LN0076,Line-1,2026-07-08 18:00:00,2026-07-08,18,Afternoon,Lemon Bar Soap,1.19,60.0,24.0,Power Outage,36.0,71,35,1,34,2.92,97.14,49.3,60.0,81.7,47.62,3.25,12.5,3
PureGlow Soaps International (Fictional Dummy Company),Global Manufacturing Head - PureGlow Soaps,Australia,Australia,Melbourne,FCT026,Melbourne Soap Plant,LN0077,Line-2,2026-07-08 18:00:00,2026-07-08,18,Afternoon,Neem Bar Soap,1.05,60.0,1.2,No Downtime,58.8,63,55,2,53,3.29,96.36,87.3,98.0,89.08,84.12,4.69,17.83,2
PureGlow Soaps International (Fictional Dummy Company),Global Manufacturing Head - PureGlow Soaps,Australia,Australia,Melbourne,FCT026,Melbourne Soap Plant,LN0078,Line-3,2026-07-08 18:00:00,2026-07-08,18,Afternoon,Aloe Vera Liquid Soap,1.22,60.0,24.7,Machine Breakdown,35.3,73,38,1,37,3.16,97.37,52.05,58.83,88.24,50.55,3.56,8.68,2
PureGlow Soaps International (Fictional Dummy Company),Global Manufacturing Head - PureGlow Soaps,Australia,Australia,Melbourne,FCT026,Melbourne Soap Plant,LN0076,Line-1,2026-07-08 19:00:00,2026-07-08,19,Afternoon,Lemon Bar Soap,1.19,60.0,11.5,Power Outage,48.5,71,54,3,51,5.14,94.44,76.06,80.83,93.56,71.42,5.75,18.56,2
PureGlow Soaps International (Fictional Dummy Company),Global Manufacturing Head - PureGlow Soaps,Australia,Australia,Melbourne,FCT026,Melbourne Soap Plant,LN0077,Line-2,2026-07-08 19:00:00,2026-07-08,19,Afternoon,Neem Bar Soap,1.05,60.0,17.6,Changeover/Setup,42.4,63,37,2,35,4.71,94.59,58.73,70.67,83.11,55.56,3.15,14.02,3
PureGlow Soaps International (Fictional Dummy Company),Global Manufacturing Head - PureGlow Soaps,Australia,Australia,Melbourne,FCT026,Melbourne Soap Plant,LN0078,Line-3,2026-07-08 19:00:00,2026-07-08,19,Afternoon,Aloe Vera Liquid Soap,1.22,60.0,19.9,Power Outage,40.1,73,43,2,41,3.53,95.35,58.9,66.83,87.9,56.01,4.26,11.12,1
PureGlow Soaps International (Fictional Dummy Company),Global Manufacturing Head - PureGlow Soaps,Australia,Australia,Melbourne,FCT026,Melbourne Soap Plant,LN0076,Line-1,2026-07-08 20:00:00,2026-07-08,20,Afternoon,Lemon Bar Soap,1.19,60.0,14.8,Changeover/Setup,45.2,71,47,1,46,2.78,97.87,66.2,75.33,87.38,64.42,4.39,18.23,2
PureGlow Soaps International (Fictional Dummy Company),Global Manufacturing Head - PureGlow Soaps,Australia,Australia,Melbourne,FCT026,Melbourne Soap Plant,LN0077,Line-2,2026-07-08 20:00:00,2026-07-08,20,Afternoon,Neem Bar Soap,1.05,60.0,1.8,No Downtime,58.2,63,50,2,48,3.23,96.0,79.37,97.0,81.82,76.19,4.42,17.73,3
PureGlow Soaps International (Fictional Dummy Company),Global Manufacturing Head - PureGlow Soaps,Australia,Australia,Melbourne,FCT026,Melbourne Soap Plant,LN0078,Line-3,2026-07-08 20:00:00,2026-07-08,20,Afternoon,Aloe Vera Liquid Soap,1.22,60.0,24.1,Power Outage,35.9,73,36,1,35,2.34,97.22,49.32,59.83,82.2,47.81,3.71,8.65,2
PureGlow Soaps International (Fictional Dummy Company),Global Manufacturing Head - PureGlow Soaps,Australia,Australia,Melbourne,FCT026,Melbourne Soap Plant,LN0076,Line-1,2026-07-08 21:00:00,2026-07-08,21,Afternoon,Lemon Bar Soap,1.19,60.0,13.1,Quality Hold,46.9,71,48,5,43,9.54,89.58,67.61,78.17,86.0,60.22,4.81,16.16,1
PureGlow Soaps International (Fictional Dummy Company),Global Manufacturing Head - PureGlow Soaps,Australia,Australia,Melbourne,FCT026,Melbourne Soap Plant,LN0077,Line-2,2026-07-08 21:00:00,2026-07-08,21,Afternoon,Neem Bar Soap,1.05,60.0,27.8,Machine Breakdown,32.2,63,34,2,32,5.58,94.12,53.97,53.67,100.56,50.8,3.26,10.03,2
PureGlow Soaps International (Fictional Dummy Company),Global Manufacturing Head - PureGlow Soaps,Australia,Australia,Melbourne,FCT026,Melbourne Soap Plant,LN0078,Line-3,2026-07-08 21:00:00,2026-07-08,21,Afternoon,Aloe Vera Liquid Soap,1.22,60.0,12.8,Staff Shortage,47.2,73,54,1,53,1.94,98.15,73.97,78.67,93.78,72.41,5.33,12.64,2
PureGlow Soaps International (Fictional Dummy Company),Global Manufacturing Head - PureGlow Soaps,Australia,Australia,Melbourne,FCT026,Melbourne Soap Plant,LN0076,Line-1,2026-07-08 22:00:00,2026-07-08,22,Night,Lemon Bar Soap,1.19,60.0,13.1,Power Outage,46.9,71,51,1,50,1.98,98.04,71.83,78.17,91.38,70.03,5.08,18.44,3
PureGlow Soaps International (Fictional Dummy Company),Global Manufacturing Head - PureGlow Soaps,Australia,Australia,Melbourne,FCT026,Melbourne Soap Plant,LN0077,Line-2,2026-07-08 22:00:00,2026-07-08,22,Night,Neem Bar Soap,1.05,60.0,24.9,Material Shortage,35.1,63,30,0,30,1.26,100.0,47.62,58.5,81.4,47.62,3.27,10.58,1
PureGlow Soaps International (Fictional Dummy Company),Global Manufacturing Head - PureGlow Soaps,Australia,Australia,Melbourne,FCT026,Melbourne Soap Plant,LN0078,Line-3,2026-07-08 22:00:00,2026-07-08,22,Night,Aloe Vera Liquid Soap,1.22,60.0,19.3,Preventive Maintenance,40.7,73,44,1,43,3.19,97.73,60.27,67.83,88.61,58.74,4.82,10.83,1
PureGlow Soaps International (Fictional Dummy Company),Global Manufacturing Head - PureGlow Soaps,Australia,Australia,Melbourne,FCT026,Melbourne Soap Plant,LN0076,Line-1,2026-07-08 23:00:00,2026-07-08,23,Night,Lemon Bar Soap,1.19,60.0,14.7,Changeover/Setup,45.3,71,55,2,53,3.03,96.36,77.46,75.5,102.03,74.23,4.81,17.71,1
PureGlow Soaps International (Fictional Dummy Company),Global Manufacturing Head - PureGlow Soaps,Australia,Australia,Melbourne,FCT026,Melbourne Soap Plant,LN0077,Line-2,2026-07-08 23:00:00,2026-07-08,23,Night,Neem Bar Soap,1.05,60.0,7.8,Changeover/Setup,52.2,63,48,2,46,4.4,95.83,76.19,87.0,87.58,73.02,4.11,14.83,2
PureGlow Soaps International (Fictional Dummy Company),Global Manufacturing Head - PureGlow Soaps,Australia,Australia,Melbourne,FCT026,Melbourne Soap Plant,LN0078,Line-3,2026-07-08 23:00:00,2026-07-08,23,Night,Aloe Vera Liquid Soap,1.22,60.0,21.2,Staff Shortage,38.8,73,46,1,45,2.19,97.83,63.01,64.67,97.18,61.48,4.94,9.9,3
PureGlow Soaps International (Fictional Dummy Company),Global Manufacturing Head - PureGlow Soaps,Australia,Australia,Melbourne,FCT026,Melbourne Soap Plant,LN0076,Line-1,2026-07-09 00:00:00,2026-07-09,0,Night,Coconut Bar Soap,1.19,60.0,1.4,No Downtime,58.6,71,66,1,65,1.56,98.48,92.96,97.67,94.65,91.04,7.25,21.94,3
PureGlow Soaps International (Fictional Dummy Company),Global Manufacturing Head - PureGlow Soaps,Australia,Australia,Melbourne,FCT026,Melbourne Soap Plant,LN0077,Line-2,2026-07-09 00:00:00,2026-07-09,0,Night,Sandalwood Bar Soap,1.05,60.0,32.7,Machine Breakdown,27.3,63,25,1,24,2.67,96.0,39.68,45.5,87.21,38.09,2.5,8.86,3
PureGlow Soaps International (Fictional Dummy Company),Global Manufacturing Head - PureGlow Soaps,Australia,Australia,Melbourne,FCT026,Melbourne Soap Plant,LN0078,Line-3,2026-07-09 00:00:00,2026-07-09,0,Night,Charcoal Bar Soap,1.22,60.0,0.4,No Downtime,59.6,73,60,2,58,2.8,96.67,82.19,99.33,82.52,79.24,5.62,15.56,2
PureGlow Soaps International (Fictional Dummy Company),Global Manufacturing Head - PureGlow Soaps,Australia,Australia,Melbourne,FCT026,Melbourne Soap Plant,LN0076,Line-1,2026-07-09 01:00:00,2026-07-09,1,Night,Coconut Bar Soap,1.19,60.0,31.4,Material Shortage,28.6,71,30,1,29,1.82,96.67,42.25,47.67,88.15,40.62,2.67,10.12,2
PureGlow Soaps International (Fictional Dummy Company),Global Manufacturing Head - PureGlow Soaps,Australia,Australia,Melbourne,FCT026,Melbourne Soap Plant,LN0077,Line-2,2026-07-09 01:00:00,2026-07-09,1,Night,Sandalwood Bar Soap,1.05,60.0,1.2,No Downtime,58.8,63,52,2,50,3.41,96.15,82.54,98.0,84.22,79.36,4.71,17.23,3
PureGlow Soaps International (Fictional Dummy Company),Global Manufacturing Head - PureGlow Soaps,Australia,Australia,Melbourne,FCT026,Melbourne Soap Plant,LN0078,Line-3,2026-07-09 01:00:00,2026-07-09,1,Night,Charcoal Bar Soap,1.22,60.0,10.9,Staff Shortage,49.1,73,59,2,57,3.54,96.61,80.82,81.83,98.49,77.86,5.27,11.98,3
PureGlow Soaps International (Fictional Dummy Company),Global Manufacturing Head - PureGlow Soaps,Australia,Australia,Melbourne,FCT026,Melbourne Soap Plant,LN0076,Line-1,2026-07-09 02:00:00,2026-07-09,2,Night,Coconut Bar Soap,1.19,60.0,15.2,Quality Hold,44.8,71,44,4,40,8.35,90.91,61.97,74.67,82.53,56.02,3.87,17.84,2
PureGlow Soaps International (Fictional Dummy Company),Global Manufacturing Head - PureGlow Soaps,Australia,Australia,Melbourne,FCT026,Melbourne Soap Plant,LN0077,Line-2,2026-07-09 02:00:00,2026-07-09,2,Night,Sandalwood Bar Soap,1.05,60.0,14.8,Machine Breakdown,45.2,63,41,1,40,1.89,97.56,65.08,75.33,86.39,63.49,3.99,14.03,3
PureGlow Soaps International (Fictional Dummy Company),Global Manufacturing Head - PureGlow Soaps,Australia,Australia,Melbourne,FCT026,Melbourne Soap Plant,LN0078,Line-3,2026-07-09 02:00:00,2026-07-09,2,Night,Charcoal Bar Soap,1.22,60.0,9.4,Changeover/Setup,50.6,73,61,3,58,5.1,95.08,83.56,84.33,98.81,79.23,6.07,11.72,2
PureGlow Soaps International (Fictional Dummy Company),Global Manufacturing Head - PureGlow Soaps,Australia,Australia,Melbourne,FCT026,Melbourne Soap Plant,LN0076,Line-1,2026-07-09 03:00:00,2026-07-09,3,Night,Coconut Bar Soap,1.19,60.0,36.5,Preventive Maintenance,23.5,71,26,1,25,3.75,96.15,36.62,39.17,92.97,35.01,2.61,8.97,2
PureGlow Soaps International (Fictional Dummy Company),Global Manufacturing Head - PureGlow Soaps,Australia,Australia,Melbourne,FCT026,Melbourne Soap Plant,LN0077,Line-2,2026-07-09 03:00:00,2026-07-09,3,Night,Sandalwood Bar Soap,1.05,60.0,2.9,No Downtime,57.1,63,56,1,55,1.24,98.21,88.89,95.17,93.4,87.3,5.94,17.48,3
PureGlow Soaps International (Fictional Dummy Company),Global Manufacturing Head - PureGlow Soaps,Australia,Australia,Melbourne,FCT026,Melbourne Soap Plant,LN0078,Line-3,2026-07-09 03:00:00,2026-07-09,3,Night,Charcoal Bar Soap,1.22,60.0,13.3,Staff Shortage,46.7,73,57,2,55,2.69,96.49,78.08,77.83,100.05,75.14,5.19,11.97,1
PureGlow Soaps International (Fictional Dummy Company),Global Manufacturing Head - PureGlow Soaps,Australia,Australia,Melbourne,FCT026,Melbourne Soap Plant,LN0076,Line-1,2026-07-09 04:00:00,2026-07-09,4,Night,Coconut Bar Soap,1.19,60.0,2.4,No Downtime,57.6,71,70,2,68,2.29,97.14,98.59,96.0,102.12,95.23,7.49,22.68,1
PureGlow Soaps International (Fictional Dummy Company),Global Manufacturing Head - PureGlow Soaps,Australia,Australia,Melbourne,FCT026,Melbourne Soap Plant,LN0077,Line-2,2026-07-09 04:00:00,2026-07-09,4,Night,Sandalwood Bar Soap,1.05,60.0,0.5,No Downtime,59.5,63,54,1,53,2.77,98.15,85.71,99.17,86.43,84.13,4.9,17.31,2
PureGlow Soaps International (Fictional Dummy Company),Global Manufacturing Head - PureGlow Soaps,Australia,Australia,Melbourne,FCT026,Melbourne Soap Plant,LN0078,Line-3,2026-07-09 04:00:00,2026-07-09,4,Night,Charcoal Bar Soap,1.22,60.0,14.7,Machine Breakdown,45.3,73,46,1,45,3.23,97.83,63.01,75.5,83.23,61.48,4.14,10.71,2
PureGlow Soaps International (Fictional Dummy Company),Global Manufacturing Head - PureGlow Soaps,Australia,Australia,Melbourne,FCT026,Melbourne Soap Plant,LN0076,Line-1,2026-07-09 05:00:00,2026-07-09,5,Night,Coconut Bar Soap,1.19,60.0,17.2,Quality Hold,42.8,71,52,5,47,9.44,90.38,73.24,71.33,102.1,65.82,4.45,16.69,1
PureGlow Soaps International (Fictional Dummy Company),Global Manufacturing Head - PureGlow Soaps,Australia,Australia,Melbourne,FCT026,Melbourne Soap Plant,LN0077,Line-2,2026-07-09 05:00:00,2026-07-09,5,Night,Sandalwood Bar Soap,1.05,60.0,12.6,Power Outage,47.4,63,45,1,44,2.87,97.78,71.43,79.0,90.42,69.85,4.88,14.75,1
PureGlow Soaps International (Fictional Dummy Company),Global Manufacturing Head - PureGlow Soaps,Australia,Australia,Melbourne,FCT026,Melbourne Soap Plant,LN0078,Line-3,2026-07-09 05:00:00,2026-07-09,5,Night,Charcoal Bar Soap,1.22,60.0,9.9,Changeover/Setup,50.1,73,56,2,54,2.99,96.43,76.71,83.5,91.62,73.77,6.04,13.91,1
PureGlow Soaps International (Fictional Dummy Company),Global Manufacturing Head - PureGlow Soaps,Australia,Australia,Melbourne,FCT026,Melbourne Soap Plant,LN0076,Line-1,2026-07-09 06:00:00,2026-07-09,6,Morning,Coconut Bar Soap,1.19,60.0,36.3,Machine Breakdown,23.7,71,28,1,27,4.53,96.43,39.44,39.5,99.28,37.82,2.87,8.54,2
PureGlow Soaps International (Fictional Dummy Company),Global Manufacturing Head - PureGlow Soaps,Australia,Australia,Melbourne,FCT026,Melbourne Soap Plant,LN0077,Line-2,2026-07-09 06:00:00,2026-07-09,6,Morning,Sandalwood Bar Soap,1.05,60.0,2.2,No Downtime,57.8,63,60,1,59,2.22,98.33,95.24,96.33,98.86,93.64,5.9,16.67,1
PureGlow Soaps International (Fictional Dummy Company),Global Manufacturing Head - PureGlow Soaps,Australia,Australia,Melbourne,FCT026,Melbourne Soap Plant,LN0078,Line-3,2026-07-09 06:00:00,2026-07-09,6,Morning,Charcoal Bar Soap,1.22,60.0,30.9,Material Shortage,29.1,73,29,1,28,3.7,96.55,39.73,48.5,81.69,38.25,2.73,7.78,3
PureGlow Soaps International (Fictional Dummy Company),Global Manufacturing Head - PureGlow Soaps,Australia,Australia,Melbourne,FCT026,Melbourne Soap Plant,LN0076,Line-1,2026-07-09 07:00:00,2026-07-09,7,Morning,Coconut Bar Soap,1.19,60.0,16.9,Quality Hold,43.1,71,43,3,40,5.83,93.02,60.56,71.83,83.84,56.02,4.39,15.23,1
PureGlow Soaps International (Fictional Dummy Company),Global Manufacturing Head - PureGlow Soaps,Australia,Australia,Melbourne,FCT026,Melbourne Soap Plant,LN0077,Line-2,2026-07-09 07:00:00,2026-07-09,7,Morning,Sandalwood Bar Soap,1.05,60.0,2.4,No Downtime,57.6,63,55,1,54,2.11,98.18,87.3,96.0,90.94,85.71,4.86,18.92,1
PureGlow Soaps International (Fictional Dummy Company),Global Manufacturing Head - PureGlow Soaps,Australia,Australia,Melbourne,FCT026,Melbourne Soap Plant,LN0078,Line-3,2026-07-09 07:00:00,2026-07-09,7,Morning,Charcoal Bar Soap,1.22,60.0,36.9,Preventive Maintenance,23.1,73,26,0,26,0.0,100.0,35.62,38.5,92.26,35.52,2.57,6.15,3
PureGlow Soaps International (Fictional Dummy Company),Global Manufacturing Head - PureGlow Soaps,Australia,Australia,Melbourne,FCT026,Melbourne Soap Plant,LN0076,Line-1,2026-07-09 08:00:00,2026-07-09,8,Morning,Coconut Bar Soap,1.19,60.0,10.4,Quality Hold,49.6,71,48,5,43,10.07,89.58,67.61,82.67,81.32,60.22,4.15,19.43,3
PureGlow Soaps International (Fictional Dummy Company),Global Manufacturing Head - PureGlow Soaps,Australia,Australia,Melbourne,FCT026,Melbourne Soap Plant,LN0077,Line-2,2026-07-09 08:00:00,2026-07-09,8,Morning,Sandalwood Bar Soap,1.05,60.0,0.4,No Downtime,59.6,63,59,1,58,2.0,98.31,93.65,99.33,94.28,92.07,6.1,17.43,2
PureGlow Soaps International (Fictional Dummy Company),Global Manufacturing Head - PureGlow Soaps,Australia,Australia,Melbourne,FCT026,Melbourne Soap Plant,LN0078,Line-3,2026-07-09 08:00:00,2026-07-09,8,Morning,Charcoal Bar Soap,1.22,60.0,21.6,Machine Breakdown,38.4,73,47,1,46,2.14,97.87,64.38,64.0,100.32,62.84,4.15,10.03,2
PureGlow Soaps International (Fictional Dummy Company),Global Manufacturing Head - PureGlow Soaps,Australia,Australia,Melbourne,FCT026,Melbourne Soap Plant,LN0076,Line-1,2026-07-09 09:00:00,2026-07-09,9,Morning,Coconut Bar Soap,1.19,60.0,21.0,Machine Breakdown,39.0,71,38,1,37,1.74,97.37,53.52,65.0,81.88,51.82,4.12,14.52,1
PureGlow Soaps International (Fictional Dummy Company),Global Manufacturing Head - PureGlow Soaps,Australia,Australia,Melbourne,FCT026,Melbourne Soap Plant,LN0077,Line-2,2026-07-09 09:00:00,2026-07-09,9,Morning,Sandalwood Bar Soap,1.05,60.0,15.6,Quality Hold,44.4,63,47,4,43,8.03,91.49,74.6,74.0,100.82,68.26,4.78,14.43,1
PureGlow Soaps International (Fictional Dummy Company),Global Manufacturing Head - PureGlow Soaps,Australia,Australia,Melbourne,FCT026,Melbourne Soap Plant,LN0078,Line-3,2026-07-09 09:00:00,2026-07-09,9,Morning,Charcoal Bar Soap,1.22,60.0,3.9,No Downtime,56.1,73,69,3,66,4.11,95.65,94.52,93.5,100.82,90.17,6.38,14.15,1
PureGlow Soaps International (Fictional Dummy Company),Global Manufacturing Head - PureGlow Soaps,Australia,Australia,Melbourne,FCT026,Melbourne Soap Plant,LN0076,Line-1,2026-07-09 10:00:00,2026-07-09,10,Morning,Coconut Bar Soap,1.19,60.0,26.7,Preventive Maintenance,33.3,71,32,1,31,2.26,96.88,45.07,55.5,80.75,43.42,2.99,11.34,3
PureGlow Soaps International (Fictional Dummy Company),Global Manufacturing Head - PureGlow Soaps,Australia,Australia,Melbourne,FCT026,Melbourne Soap Plant,LN0077,Line-2,2026-07-09 10:00:00,2026-07-09,10,Morning,Sandalwood Bar Soap,1.05,60.0,1.6,No Downtime,58.4,63,58,1,57,1.49,98.28,92.06,97.33,94.59,90.48,6.3,17.04,2
PureGlow Soaps International (Fictional Dummy Company),Global Manufacturing Head - PureGlow Soaps,Australia,Australia,Melbourne,FCT026,Melbourne Soap Plant,LN0078,Line-3,2026-07-09 10:00:00,2026-07-09,10,Morning,Charcoal Bar Soap,1.22,60.0,1.4,No Downtime,58.6,73,69,2,67,2.91,97.1,94.52,97.67,96.51,91.53,6.37,14.51,2
PureGlow Soaps International (Fictional Dummy Company),Global Manufacturing Head - PureGlow Soaps,Australia,Australia,Melbourne,FCT026,Melbourne Soap Plant,LN0076,Line-1,2026-07-09 11:00:00,2026-07-09,11,Morning,Coconut Bar Soap,1.19,60.0,8.7,Changeover/Setup,51.3,71,53,1,52,1.53,98.11,74.65,85.5,86.82,72.83,5.42,20.76,1
PureGlow Soaps International (Fictional Dummy Company),Global Manufacturing Head - PureGlow Soaps,Australia,Australia,Melbourne,FCT026,Melbourne Soap Plant,LN0077,Line-2,2026-07-09 11:00:00,2026-07-09,11,Morning,Sandalwood Bar Soap,1.05,60.0,20.0,Power Outage,40.0,63,34,1,33,3.93,97.06,53.97,66.67,80.95,52.38,2.99,13.17,1
PureGlow Soaps International (Fictional Dummy Company),Global Manufacturing Head - PureGlow Soaps,Australia,Australia,Melbourne,FCT026,Melbourne Soap Plant,LN0078,Line-3,2026-07-09 11:00:00,2026-07-09,11,Morning,Charcoal Bar Soap,1.22,60.0,28.9,Material Shortage,31.1,73,36,1,35,3.12,97.22,49.32,51.83,94.88,47.81,3.64,7.94,2
PureGlow Soaps International (Fictional Dummy Company),Global Manufacturing Head - PureGlow Soaps,Australia,Australia,Melbourne,FCT026,Melbourne Soap Plant,LN0076,Line-1,2026-07-09 12:00:00,2026-07-09,12,Morning,Coconut Bar Soap,1.19,60.0,15.6,Machine Breakdown,44.4,71,49,2,47,3.07,95.92,69.01,74.0,92.74,65.83,5.0,15.39,2
PureGlow Soaps International (Fictional Dummy Company),Global Manufacturing Head - PureGlow Soaps,Australia,Australia,Melbourne,FCT026,Melbourne Soap Plant,LN0077,Line-2,2026-07-09 12:00:00,2026-07-09,12,Morning,Sandalwood Bar Soap,1.05,60.0,2.9,No Downtime,57.1,63,52,2,50,3.64,96.15,82.54,95.17,86.73,79.36,5.52,15.91,1
PureGlow Soaps International (Fictional Dummy Company),Global Manufacturing Head - PureGlow Soaps,Australia,Australia,Melbourne,FCT026,Melbourne Soap Plant,LN0078,Line-3,2026-07-09 12:00:00,2026-07-09,12,Morning,Charcoal Bar Soap,1.22,60.0,19.9,Changeover/Setup,40.1,73,50,2,48,3.58,96.0,68.49,66.83,102.2,65.57,5.44,11.09,2
PureGlow Soaps International (Fictional Dummy Company),Global Manufacturing Head - PureGlow Soaps,Australia,Australia,Melbourne,FCT026,Melbourne Soap Plant,LN0076,Line-1,2026-07-09 13:00:00,2026-07-09,13,Morning,Coconut Bar Soap,1.19,60.0,2.4,No Downtime,57.6,71,62,2,60,3.15,96.77,87.32,96.0,90.45,84.03,6.35,19.8,3
PureGlow Soaps International (Fictional Dummy Company),Global Manufacturing Head - PureGlow Soaps,Australia,Australia,Melbourne,FCT026,Melbourne Soap Plant,LN0077,Line-2,2026-07-09 13:00:00,2026-07-09,13,Morning,Sandalwood Bar Soap,1.05,60.0,0.7,No Downtime,59.3,63,60,3,57,5.52,95.0,95.24,98.83,96.36,90.47,6.38,18.46,1
PureGlow Soaps International (Fictional Dummy Company),Global Manufacturing Head - PureGlow Soaps,Australia,Australia,Melbourne,FCT026,Melbourne Soap Plant,LN0078,Line-3,2026-07-09 13:00:00,2026-07-09,13,Morning,Charcoal Bar Soap,1.22,60.0,44.4,Machine Breakdown,15.6,73,17,1,16,4.24,94.12,23.29,26.0,89.32,21.86,1.86,4.08,1
PureGlow Soaps International (Fictional Dummy Company),Global Manufacturing Head - PureGlow Soaps,Australia,Australia,Melbourne,FCT026,Melbourne Soap Plant,LN0076,Line-1,2026-07-09 14:00:00,2026-07-09,14,Afternoon,Coconut Bar Soap,1.19,60.0,18.4,Quality Hold,41.6,71,50,4,46,8.6,92.0,70.42,69.33,101.0,64.42,4.82,17.03,1
PureGlow Soaps International (Fictional Dummy Company),Global Manufacturing Head - PureGlow Soaps,Australia,Australia,Melbourne,FCT026,Melbourne Soap Plant,LN0077,Line-2,2026-07-09 14:00:00,2026-07-09,14,Afternoon,Sandalwood Bar Soap,1.05,60.0,18.6,Quality Hold,41.4,63,35,2,33,5.21,94.29,55.56,69.0,80.52,52.39,3.0,13.71,1
PureGlow Soaps International (Fictional Dummy Company),Global Manufacturing Head - PureGlow Soaps,Australia,Australia,Melbourne,FCT026,Melbourne Soap Plant,LN0078,Line-3,2026-07-09 14:00:00,2026-07-09,14,Afternoon,Charcoal Bar Soap,1.22,60.0,10.7,Power Outage,49.3,73,49,1,48,1.54,97.96,67.12,82.17,81.47,65.58,4.84,12.56,2
PureGlow Soaps International (Fictional Dummy Company),Global Manufacturing Head - PureGlow Soaps,Australia,Australia,Melbourne,FCT026,Melbourne Soap Plant,LN0076,Line-1,2026-07-09 15:00:00,2026-07-09,15,Afternoon,Coconut Bar Soap,1.19,60.0,3.1,No Downtime,56.9,71,56,2,54,2.72,96.43,78.87,94.83,82.7,75.62,4.79,21.0,3
PureGlow Soaps International (Fictional Dummy Company),Global Manufacturing Head - PureGlow Soaps,Australia,Australia,Melbourne,FCT026,Melbourne Soap Plant,LN0077,Line-2,2026-07-09 15:00:00,2026-07-09,15,Afternoon,Sandalwood Bar Soap,1.05,60.0,1.8,No Downtime,58.2,63,60,1,59,1.42,98.33,95.24,97.0,98.18,93.64,6.58,16.29,3
PureGlow Soaps International (Fictional Dummy Company),Global Manufacturing Head - PureGlow Soaps,Australia,Australia,Melbourne,FCT026,Melbourne Soap Plant,LN0078,Line-3,2026-07-09 15:00:00,2026-07-09,15,Afternoon,Charcoal Bar Soap,1.22,60.0,11.6,Material Shortage,48.4,73,58,1,57,1.68,98.28,79.45,80.67,98.23,77.88,5.26,12.01,2
PureGlow Soaps International (Fictional Dummy Company),Global Manufacturing Head - PureGlow Soaps,Australia,Australia,Melbourne,FCT026,Melbourne Soap Plant,LN0076,Line-1,2026-07-09 16:00:00,2026-07-09,16,Afternoon,Coconut Bar Soap,1.19,60.0,0.6,No Downtime,59.4,71,69,3,66,3.74,95.65,97.18,99.0,97.61,92.43,7.51,21.7,2
PureGlow Soaps International (Fictional Dummy Company),Global Manufacturing Head - PureGlow Soaps,Australia,Australia,Melbourne,FCT026,Melbourne Soap Plant,LN0077,Line-2,2026-07-09 16:00:00,2026-07-09,16,Afternoon,Sandalwood Bar Soap,1.05,60.0,10.1,Changeover/Setup,49.9,63,51,1,50,1.16,98.04,80.95,83.17,97.34,79.37,4.63,13.79,3
PureGlow Soaps International (Fictional Dummy Company),Global Manufacturing Head - PureGlow Soaps,Australia,Australia,Melbourne,FCT026,Melbourne Soap Plant,LN0078,Line-3,2026-07-09 16:00:00,2026-07-09,16,Afternoon,Charcoal Bar Soap,1.22,60.0,42.7,Machine Breakdown,17.3,73,20,0,20,1.24,100.0,27.4,28.83,94.76,27.32,2.11,4.77,1
PureGlow Soaps International (Fictional Dummy Company),Global Manufacturing Head - PureGlow Soaps,Australia,Australia,Melbourne,FCT026,Melbourne Soap Plant,LN0076,Line-1,2026-07-09 17:00:00,2026-07-09,17,Afternoon,Coconut Bar Soap,1.19,60.0,3.0,No Downtime,57.0,71,67,2,65,3.43,97.01,94.37,95.0,98.78,91.04,7.35,23.48,1
PureGlow Soaps International (Fictional Dummy Company),Global Manufacturing Head - PureGlow Soaps,Australia,Australia,Melbourne,FCT026,Melbourne Soap Plant,LN0077,Line-2,2026-07-09 17:00:00,2026-07-09,17,Afternoon,Sandalwood Bar Soap,1.05,60.0,8.5,Power Outage,51.5,63,45,1,44,2.48,97.78,71.43,85.83,83.22,69.84,4.93,16.62,2
PureGlow Soaps International (Fictional Dummy Company),Global Manufacturing Head - PureGlow Soaps,Australia,Australia,Melbourne,FCT026,Melbourne Soap Plant,LN0078,Line-3,2026-07-09 17:00:00,2026-07-09,17,Afternoon,Charcoal Bar Soap,1.22,60.0,2.2,No Downtime,57.8,73,59,2,57,2.62,96.61,80.82,96.33,83.67,77.87,5.95,15.69,1
PureGlow Soaps International (Fictional Dummy Company),Global Manufacturing Head - PureGlow Soaps,Australia,Australia,Melbourne,FCT026,Melbourne Soap Plant,LN0076,Line-1,2026-07-09 18:00:00,2026-07-09,18,Afternoon,Coconut Bar Soap,1.19,60.0,23.5,Preventive Maintenance,36.5,71,42,1,41,3.19,97.62,59.15,60.83,96.7,57.42,4.16,15.12,3
PureGlow Soaps International (Fictional Dummy Company),Global Manufacturing Head - PureGlow Soaps,Australia,Australia,Melbourne,FCT026,Melbourne Soap Plant,LN0077,Line-2,2026-07-09 18:00:00,2026-07-09,18,Afternoon,Sandalwood Bar Soap,1.05,60.0,1.6,No Downtime,58.4,63,63,1,62,0.8,98.41,100.0,97.33,102.74,98.41,6.9,18.31,3
PureGlow Soaps International (Fictional Dummy Company),Global Manufacturing Head - PureGlow Soaps,Australia,Australia,Melbourne,FCT026,Melbourne Soap Plant,LN0078,Line-3,2026-07-09 18:00:00,2026-07-09,18,Afternoon,Charcoal Bar Soap,1.22,60.0,27.4,Material Shortage,32.6,73,38,1,37,3.67,97.37,52.05,54.33,95.54,50.54,3.97,8.25,1
PureGlow Soaps International (Fictional Dummy Company),Global Manufacturing Head - PureGlow Soaps,Australia,Australia,Melbourne,FCT026,Melbourne Soap Plant,LN0076,Line-1,2026-07-09 19:00:00,2026-07-09,19,Afternoon,Coconut Bar Soap,1.19,60.0,2.0,No Downtime,58.0,71,61,2,59,3.88,96.72,85.92,96.67,88.38,82.63,5.37,24.02,2
PureGlow Soaps International (Fictional Dummy Company),Global Manufacturing Head - PureGlow Soaps,Australia,Australia,Melbourne,FCT026,Melbourne Soap Plant,LN0077,Line-2,2026-07-09 19:00:00,2026-07-09,19,Afternoon,Sandalwood Bar Soap,1.05,60.0,2.1,No Downtime,57.9,63,53,2,51,3.88,96.23,84.13,96.5,87.18,80.96,4.69,17.94,3
PureGlow Soaps International (Fictional Dummy Company),Global Manufacturing Head - PureGlow Soaps,Australia,Australia,Melbourne,FCT026,Melbourne Soap Plant,LN0078,Line-3,2026-07-09 19:00:00,2026-07-09,19,Afternoon,Charcoal Bar Soap,1.22,60.0,27.7,Machine Breakdown,32.3,73,34,1,33,3.84,97.06,46.58,53.83,86.28,45.08,3.57,8.86,2
PureGlow Soaps International (Fictional Dummy Company),Global Manufacturing Head - PureGlow Soaps,Australia,Australia,Melbourne,FCT026,Melbourne Soap Plant,LN0076,Line-1,2026-07-09 20:00:00,2026-07-09,20,Afternoon,Coconut Bar Soap,1.19,60.0,0.3,No Downtime,59.7,71,59,2,57,2.56,96.61,83.1,99.5,83.05,79.83,5.43,21.72,1
PureGlow Soaps International (Fictional Dummy Company),Global Manufacturing Head - PureGlow Soaps,Australia,Australia,Melbourne,FCT026,Melbourne Soap Plant,LN0077,Line-2,2026-07-09 20:00:00,2026-07-09,20,Afternoon,Sandalwood Bar Soap,1.05,60.0,15.5,Material Shortage,44.5,63,48,2,46,3.33,95.83,76.19,74.17,102.73,73.02,4.33,13.08,3
PureGlow Soaps International (Fictional Dummy Company),Global Manufacturing Head - PureGlow Soaps,Australia,Australia,Melbourne,FCT026,Melbourne Soap Plant,LN0078,Line-3,2026-07-09 20:00:00,2026-07-09,20,Afternoon,Charcoal Bar Soap,1.22,60.0,2.3,No Downtime,57.7,73,72,2,70,2.94,97.22,98.63,96.17,102.28,95.63,6.46,15.35,3
PureGlow Soaps International (Fictional Dummy Company),Global Manufacturing Head - PureGlow Soaps,Australia,Australia,Melbourne,FCT026,Melbourne Soap Plant,LN0076,Line-1,2026-07-09 21:00:00,2026-07-09,21,Afternoon,Coconut Bar Soap,1.19,60.0,0.9,No Downtime,59.1,71,61,2,59,2.63,96.72,85.92,98.5,86.74,82.64,5.63,20.17,3
PureGlow Soaps International (Fictional Dummy Company),Global Manufacturing Head - PureGlow Soaps,Australia,Australia,Melbourne,FCT026,Melbourne Soap Plant,LN0077,Line-2,2026-07-09 21:00:00,2026-07-09,21,Afternoon,Sandalwood Bar Soap,1.05,60.0,11.3,Machine Breakdown,48.7,63,42,2,40,5.64,95.24,66.67,81.17,82.14,63.5,4.23,13.66,1
PureGlow Soaps International (Fictional Dummy Company),Global Manufacturing Head - PureGlow Soaps,Australia,Australia,Melbourne,FCT026,Melbourne Soap Plant,LN0078,Line-3,2026-07-09 21:00:00,2026-07-09,21,Afternoon,Charcoal Bar Soap,1.22,60.0,17.7,Quality Hold,42.3,73,50,3,47,5.54,94.0,68.49,70.5,96.89,64.21,5.09,11.52,1
PureGlow Soaps International (Fictional Dummy Company),Global Manufacturing Head - PureGlow Soaps,Australia,Australia,Melbourne,FCT026,Melbourne Soap Plant,LN0076,Line-1,2026-07-09 22:00:00,2026-07-09,22,Night,Coconut Bar Soap,1.19,60.0,13.9,Changeover/Setup,46.1,71,47,1,46,1.84,97.87,66.2,76.83,85.67,64.42,4.69,18.51,3
PureGlow Soaps International (Fictional Dummy Company),Global Manufacturing Head - PureGlow Soaps,Australia,Australia,Melbourne,FCT026,Melbourne Soap Plant,LN0077,Line-2,2026-07-09 22:00:00,2026-07-09,22,Night,Sandalwood Bar Soap,1.05,60.0,2.8,No Downtime,57.2,63,49,2,47,3.6,95.92,77.78,95.33,81.59,74.61,5.08,15.82,2
PureGlow Soaps International (Fictional Dummy Company),Global Manufacturing Head - PureGlow Soaps,Australia,Australia,Melbourne,FCT026,Melbourne Soap Plant,LN0078,Line-3,2026-07-09 22:00:00,2026-07-09,22,Night,Charcoal Bar Soap,1.22,60.0,11.9,Machine Breakdown,48.1,73,59,1,58,2.2,98.31,80.82,80.17,100.54,79.24,6.27,12.77,1
PureGlow Soaps International (Fictional Dummy Company),Global Manufacturing Head - PureGlow Soaps,Australia,Australia,Melbourne,FCT026,Melbourne Soap Plant,LN0076,Line-1,2026-07-09 23:00:00,2026-07-09,23,Night,Coconut Bar Soap,1.19,60.0,1.9,No Downtime,58.1,71,66,2,64,2.43,96.97,92.96,96.83,95.46,89.63,6.71,20.14,3
PureGlow Soaps International (Fictional Dummy Company),Global Manufacturing Head - PureGlow Soaps,Australia,Australia,Melbourne,FCT026,Melbourne Soap Plant,LN0077,Line-2,2026-07-09 23:00:00,2026-07-09,23,Night,Sandalwood Bar Soap,1.05,60.0,0.2,No Downtime,59.8,63,53,0,53,0.94,100.0,84.13,99.67,84.41,84.13,5.23,19.55,2
PureGlow Soaps International (Fictional Dummy Company),Global Manufacturing Head - PureGlow Soaps,Australia,Australia,Melbourne,FCT026,Melbourne Soap Plant,LN0078,Line-3,2026-07-09 23:00:00,2026-07-09,23,Night,Charcoal Bar Soap,1.22,60.0,6.1,Power Outage,53.9,73,56,1,55,2.19,98.21,76.71,89.83,85.16,75.13,5.03,13.01,2
PureGlow Soaps International (Fictional Dummy Company),Global Manufacturing Head - PureGlow Soaps,Australia,Australia,Melbourne,FCT026,Melbourne Soap Plant,LN0076,Line-1,2026-07-10 00:00:00,2026-07-10,0,Night,Sandalwood Bar Soap,1.19,60.0,0.4,No Downtime,59.6,71,64,1,63,2.09,98.44,90.14,99.33,90.24,88.24,6.57,23.15,2
PureGlow Soaps International (Fictional Dummy Company),Global Manufacturing Head - PureGlow Soaps,Australia,Australia,Melbourne,FCT026,Melbourne Soap Plant,LN0077,Line-2,2026-07-10 00:00:00,2026-07-10,0,Night,Sandalwood Bar Soap,1.05,60.0,1.1,No Downtime,58.9,63,52,1,51,1.75,98.08,82.54,98.17,84.08,80.96,5.11,18.83,3
PureGlow Soaps International (Fictional Dummy Company),Global Manufacturing Head - PureGlow Soaps,Australia,Australia,Melbourne,FCT026,Melbourne Soap Plant,LN0078,Line-3,2026-07-10 00:00:00,2026-07-10,0,Night,Neem Bar Soap,1.22,60.0,18.4,Preventive Maintenance,41.6,73,43,0,43,1.03,100.0,58.9,69.33,84.73,58.74,4.04,9.89,3
PureGlow Soaps International (Fictional Dummy Company),Global Manufacturing Head - PureGlow Soaps,Australia,Australia,Melbourne,FCT026,Melbourne Soap Plant,LN0076,Line-1,2026-07-10 01:00:00,2026-07-10,1,Night,Sandalwood Bar Soap,1.19,60.0,39.6,Preventive Maintenance,20.4,71,23,1,22,4.31,95.65,32.39,34.0,94.74,30.81,2.05,7.2,3
PureGlow Soaps International (Fictional Dummy Company),Global Manufacturing Head - PureGlow Soaps,Australia,Australia,Melbourne,FCT026,Melbourne Soap Plant,LN0077,Line-2,2026-07-10 01:00:00,2026-07-10,1,Night,Sandalwood Bar Soap,1.05,60.0,3.0,No Downtime,57.0,63,52,2,50,2.98,96.15,82.54,95.0,86.88,79.36,5.12,16.59,1
PureGlow Soaps International (Fictional Dummy Company),Global Manufacturing Head - PureGlow Soaps,Australia,Australia,Melbourne,FCT026,Melbourne Soap Plant,LN0078,Line-3,2026-07-10 01:00:00,2026-07-10,1,Night,Neem Bar Soap,1.22,60.0,18.3,Machine Breakdown,41.7,73,47,1,46,2.58,97.87,64.38,69.5,92.39,62.84,4.61,10.98,1
PureGlow Soaps International (Fictional Dummy Company),Global Manufacturing Head - PureGlow Soaps,Australia,Australia,Melbourne,FCT026,Melbourne Soap Plant,LN0076,Line-1,2026-07-10 02:00:00,2026-07-10,2,Night,Sandalwood Bar Soap,1.19,60.0,8.5,Changeover/Setup,51.5,71,52,2,50,4.71,96.15,73.24,85.83,84.85,70.02,5.14,18.72,2
PureGlow Soaps International (Fictional Dummy Company),Global Manufacturing Head - PureGlow Soaps,Australia,Australia,Melbourne,FCT026,Melbourne Soap Plant,LN0077,Line-2,2026-07-10 02:00:00,2026-07-10,2,Night,Sandalwood Bar Soap,1.05,60.0,18.7,Staff Shortage,41.3,63,41,2,39,3.8,95.12,65.08,68.83,94.55,61.9,3.96,11.69,3
PureGlow Soaps International (Fictional Dummy Company),Global Manufacturing Head - PureGlow Soaps,Australia,Australia,Melbourne,FCT026,Melbourne Soap Plant,LN0078,Line-3,2026-07-10 02:00:00,2026-07-10,2,Night,Neem Bar Soap,1.22,60.0,32.5,Preventive Maintenance,27.5,73,34,0,34,0.56,100.0,46.58,45.83,101.34,46.44,3.59,6.8,2
PureGlow Soaps International (Fictional Dummy Company),Global Manufacturing Head - PureGlow Soaps,Australia,Australia,Melbourne,FCT026,Melbourne Soap Plant,LN0076,Line-1,2026-07-10 03:00:00,2026-07-10,3,Night,Sandalwood Bar Soap,1.19,60.0,38.9,Preventive Maintenance,21.1,71,25,1,24,4.89,96.0,35.21,35.17,99.57,33.62,2.3,8.55,3
PureGlow Soaps International (Fictional Dummy Company),Global Manufacturing Head - PureGlow Soaps,Australia,Australia,Melbourne,FCT026,Melbourne Soap Plant,LN0077,Line-2,2026-07-10 03:00:00,2026-07-10,3,Night,Sandalwood Bar Soap,1.05,60.0,0.5,No Downtime,59.5,63,56,0,56,0.0,100.0,88.89,99.17,89.64,88.9,5.37,19.11,3
PureGlow Soaps International (Fictional Dummy Company),Global Manufacturing Head - PureGlow Soaps,Australia,Australia,Melbourne,FCT026,Melbourne Soap Plant,LN0078,Line-3,2026-07-10 03:00:00,2026-07-10,3,Night,Neem Bar Soap,1.22,60.0,6.4,Changeover/Setup,53.6,73,57,2,55,4.24,96.49,78.08,89.33,87.17,75.14,5.07,14.9,1
PureGlow Soaps International (Fictional Dummy Company),Global Manufacturing Head - PureGlow Soaps,Australia,Australia,Melbourne,FCT026,Melbourne Soap Plant,LN0076,Line-1,2026-07-10 04:00:00,2026-07-10,4,Night,Sandalwood Bar Soap,1.19,60.0,27.1,Material Shortage,32.9,71,38,1,37,3.4,97.37,53.52,54.83,97.06,51.82,3.96,12.01,2
PureGlow Soaps International (Fictional Dummy Company),Global Manufacturing Head - PureGlow Soaps,Australia,Australia,Melbourne,FCT026,Melbourne Soap Plant,LN0077,Line-2,2026-07-10 04:00:00,2026-07-10,4,Night,Sandalwood Bar Soap,1.05,60.0,38.5,Preventive Maintenance,21.5,63,23,1,22,4.57,95.65,36.51,35.83,101.88,34.92,2.43,6.33,3
PureGlow Soaps International (Fictional Dummy Company),Global Manufacturing Head - PureGlow Soaps,Australia,Australia,Melbourne,FCT026,Melbourne Soap Plant,LN0078,Line-3,2026-07-10 04:00:00,2026-07-10,4,Night,Neem Bar Soap,1.22,60.0,1.0,No Downtime,59.0,73,64,1,63,0.86,98.44,87.67,98.33,88.91,86.06,6.12,14.45,3
PureGlow Soaps International (Fictional Dummy Company),Global Manufacturing Head - PureGlow Soaps,Australia,Australia,Melbourne,FCT026,Melbourne Soap Plant,LN0076,Line-1,2026-07-10 05:00:00,2026-07-10,5,Night,Sandalwood Bar Soap,1.19,60.0,3.4,No Downtime,56.6,71,64,3,61,5.04,95.31,90.14,94.33,95.02,85.43,5.74,19.66,3
PureGlow Soaps International (Fictional Dummy Company),Global Manufacturing Head - PureGlow Soaps,Australia,Australia,Melbourne,FCT026,Melbourne Soap Plant,LN0077,Line-2,2026-07-10 05:00:00,2026-07-10,5,Night,Sandalwood Bar Soap,1.05,60.0,10.8,Material Shortage,49.2,63,49,1,48,2.12,97.96,77.78,82.0,94.85,76.19,4.89,14.68,1
PureGlow Soaps International (Fictional Dummy Company),Global Manufacturing Head - PureGlow Soaps,Australia,Australia,Melbourne,FCT026,Melbourne Soap Plant,LN0078,Line-3,2026-07-10 05:00:00,2026-07-10,5,Night,Neem Bar Soap,1.22,60.0,16.6,Machine Breakdown,43.4,73,54,1,53,1.24,98.15,73.97,72.33,101.99,72.4,5.35,11.62,1
PureGlow Soaps International (Fictional Dummy Company),Global Manufacturing Head - PureGlow Soaps,Australia,Australia,Melbourne,FCT026,Melbourne Soap Plant,LN0076,Line-1,2026-07-10 06:00:00,2026-07-10,6,Morning,Sandalwood Bar Soap,1.19,60.0,29.9,Machine Breakdown,30.1,71,35,1,34,4.21,97.14,49.3,50.17,97.71,47.62,3.76,11.96,2
PureGlow Soaps International (Fictional Dummy Company),Global Manufacturing Head - PureGlow Soaps,Australia,Australia,Melbourne,FCT026,Melbourne Soap Plant,LN0077,Line-2,2026-07-10 06:00:00,2026-07-10,6,Morning,Sandalwood Bar Soap,1.05,60.0,35.3,Preventive Maintenance,24.7,63,21,1,20,3.49,95.24,33.33,41.17,80.97,31.75,1.97,7.5,3
PureGlow Soaps International (Fictional Dummy Company),Global Manufacturing Head - PureGlow Soaps,Australia,Australia,Melbourne,FCT026,Melbourne Soap Plant,LN0078,Line-3,2026-07-10 06:00:00,2026-07-10,6,Morning,Neem Bar Soap,1.22,60.0,1.7,No Downtime,58.3,73,72,2,70,3.44,97.22,98.63,97.17,101.23,95.63,7.28,15.41,1
PureGlow Soaps International (Fictional Dummy Company),Global Manufacturing Head - PureGlow Soaps,Australia,Australia,Melbourne,FCT026,Melbourne Soap Plant,LN0076,Line-1,2026-07-10 07:00:00,2026-07-10,7,Morning,Sandalwood Bar Soap,1.19,60.0,31.3,Machine Breakdown,28.7,71,34,1,33,2.49,97.06,47.89,47.83,99.55,46.21,3.14,9.93,3
PureGlow Soaps International (Fictional Dummy Company),Global Manufacturing Head - PureGlow Soaps,Australia,Australia,Melbourne,FCT026,Melbourne Soap Plant,LN0077,Line-2,2026-07-10 07:00:00,2026-07-10,7,Morning,Sandalwood Bar Soap,1.05,60.0,19.0,Power Outage,41.0,63,36,1,35,2.19,97.22,57.14,68.33,83.62,55.55,3.87,12.81,1
PureGlow Soaps International (Fictional Dummy Company),Global Manufacturing Head - PureGlow Soaps,Australia,Australia,Melbourne,FCT026,Melbourne Soap Plant,LN0078,Line-3,2026-07-10 07:00:00,2026-07-10,7,Morning,Neem Bar Soap,1.22,60.0,0.2,No Downtime,59.8,73,74,1,73,1.92,98.65,101.37,99.67,101.43,99.73,8.01,15.3,2
PureGlow Soaps International (Fictional Dummy Company),Global Manufacturing Head - PureGlow Soaps,Australia,Australia,Melbourne,FCT026,Melbourne Soap Plant,LN0076,Line-1,2026-07-10 08:00:00,2026-07-10,8,Morning,Sandalwood Bar Soap,1.19,60.0,1.2,No Downtime,58.8,71,62,1,61,1.99,98.39,87.32,98.0,88.61,85.44,6.81,20.36,1
PureGlow Soaps International (Fictional Dummy Company),Global Manufacturing Head - PureGlow Soaps,Australia,Australia,Melbourne,FCT026,Melbourne Soap Plant,LN0077,Line-2,2026-07-10 08:00:00,2026-07-10,8,Morning,Sandalwood Bar Soap,1.05,60.0,9.1,Power Outage,50.9,63,50,2,48,3.46,96.0,79.37,84.83,93.55,76.18,4.57,15.15,3
PureGlow Soaps International (Fictional Dummy Company),Global Manufacturing Head - PureGlow Soaps,Australia,Australia,Melbourne,FCT026,Melbourne Soap Plant,LN0078,Line-3,2026-07-10 08:00:00,2026-07-10,8,Morning,Neem Bar Soap,1.22,60.0,4.0,No Downtime,56.0,73,62,2,60,3.84,96.77,84.93,93.33,90.75,81.96,5.38,15.11,1
PureGlow Soaps International (Fictional Dummy Company),Global Manufacturing Head - PureGlow Soaps,Australia,Australia,Melbourne,FCT026,Melbourne Soap Plant,LN0076,Line-1,2026-07-10 09:00:00,2026-07-10,9,Morning,Sandalwood Bar Soap,1.19,60.0,20.5,Machine Breakdown,39.5,71,48,2,46,3.95,95.83,67.61,65.83,102.12,64.42,4.47,14.03,2
PureGlow Soaps International (Fictional Dummy Company),Global Manufacturing Head - PureGlow Soaps,Australia,Australia,Melbourne,FCT026,Melbourne Soap Plant,LN0077,Line-2,2026-07-10 09:00:00,2026-07-10,9,Morning,Sandalwood Bar Soap,1.05,60.0,27.3,Material Shortage,32.7,63,28,1,27,2.48,96.43,44.44,54.5,81.55,42.86,2.96,9.42,1
PureGlow Soaps International (Fictional Dummy Company),Global Manufacturing Head - PureGlow Soaps,Australia,Australia,Melbourne,FCT026,Melbourne Soap Plant,LN0078,Line-3,2026-07-10 09:00:00,2026-07-10,9,Morning,Neem Bar Soap,1.22,60.0,4.0,No Downtime,56.0,73,65,2,63,3.19,96.92,89.04,93.33,95.14,86.06,6.22,15.35,1
PureGlow Soaps International (Fictional Dummy Company),Global Manufacturing Head - PureGlow Soaps,Australia,Australia,Melbourne,FCT026,Melbourne Soap Plant,LN0076,Line-1,2026-07-10 10:00:00,2026-07-10,10,Morning,Sandalwood Bar Soap,1.19,60.0,3.3,No Downtime,56.7,71,68,2,66,2.62,97.06,95.77,94.5,100.78,92.44,5.9,22.88,3
PureGlow Soaps International (Fictional Dummy Company),Global Manufacturing Head - PureGlow Soaps,Australia,Australia,Melbourne,FCT026,Melbourne Soap Plant,LN0077,Line-2,2026-07-10 10:00:00,2026-07-10,10,Morning,Sandalwood Bar Soap,1.05,60.0,2.1,No Downtime,57.9,63,50,2,48,3.23,96.0,79.37,96.5,82.24,76.19,4.75,16.3,2
PureGlow Soaps International (Fictional Dummy Company),Global Manufacturing Head - PureGlow Soaps,Australia,Australia,Melbourne,FCT026,Melbourne Soap Plant,LN0078,Line-3,2026-07-10 10:00:00,2026-07-10,10,Morning,Neem Bar Soap,1.22,60.0,14.7,Changeover/Setup,45.3,73,47,1,46,2.54,97.87,64.38,75.5,85.04,62.84,4.71,12.47,3
PureGlow Soaps International (Fictional Dummy Company),Global Manufacturing Head - PureGlow Soaps,Australia,Australia,Melbourne,FCT026,Melbourne Soap Plant,LN0076,Line-1,2026-07-10 11:00:00,2026-07-10,11,Morning,Sandalwood Bar Soap,1.19,60.0,3.8,No Downtime,56.2,71,68,2,66,2.88,97.06,95.77,93.67,101.68,92.44,6.89,20.92,1
PureGlow Soaps International (Fictional Dummy Company),Global Manufacturing Head - PureGlow Soaps,Australia,Australia,Melbourne,FCT026,Melbourne Soap Plant,LN0077,Line-2,2026-07-10 11:00:00,2026-07-10,11,Morning,Sandalwood Bar Soap,1.05,60.0,28.2,Power Outage,31.8,63,27,1,26,1.89,96.3,42.86,53.0,80.86,41.27,2.81,9.48,3
PureGlow Soaps International (Fictional Dummy Company),Global Manufacturing Head - PureGlow Soaps,Australia,Australia,Melbourne,FCT026,Melbourne Soap Plant,LN0078,Line-3,2026-07-10 11:00:00,2026-07-10,11,Morning,Neem Bar Soap,1.22,60.0,13.3,Changeover/Setup,46.7,73,56,1,55,1.45,98.21,76.71,77.83,98.29,75.13,5.73,12.23,2
PureGlow Soaps International (Fictional Dummy Company),Global Manufacturing Head - PureGlow Soaps,Australia,Australia,Melbourne,FCT026,Melbourne Soap Plant,LN0076,Line-1,2026-07-10 12:00:00,2026-07-10,12,Morning,Sandalwood Bar Soap,1.19,60.0,3.6,No Downtime,56.4,71,59,2,57,4.01,96.61,83.1,94.0,87.91,79.83,6.0,19.24,2
PureGlow Soaps International (Fictional Dummy Company),Global Manufacturing Head - PureGlow Soaps,Australia,Australia,Melbourne,FCT026,Melbourne Soap Plant,LN0077,Line-2,2026-07-10 12:00:00,2026-07-10,12,Morning,Sandalwood Bar Soap,1.05,60.0,31.5,Machine Breakdown,28.5,63,28,1,27,4.05,96.43,44.44,47.5,93.57,42.86,3.06,8.88,3
PureGlow Soaps International (Fictional Dummy Company),Global Manufacturing Head - PureGlow Soaps,Australia,Australia,Melbourne,FCT026,Melbourne Soap Plant,LN0078,Line-3,2026-07-10 12:00:00,2026-07-10,12,Morning,Neem Bar Soap,1.22,60.0,8.2,Quality Hold,51.8,73,56,4,52,6.39,92.86,76.71,86.33,88.61,71.04,6.11,12.29,2
PureGlow Soaps International (Fictional Dummy Company),Global Manufacturing Head - PureGlow Soaps,Australia,Australia,Melbourne,FCT026,Melbourne Soap Plant,LN0076,Line-1,2026-07-10 13:00:00,2026-07-10,13,Morning,Sandalwood Bar Soap,1.19,60.0,9.2,Changeover/Setup,50.8,71,59,2,57,4.05,96.61,83.1,84.67,97.6,79.84,5.36,18.85,3
PureGlow Soaps International (Fictional Dummy Company),Global Manufacturing Head - PureGlow Soaps,Australia,Australia,Melbourne,FCT026,Melbourne Soap Plant,LN0077,Line-2,2026-07-10 13:00:00,2026-07-10,13,Morning,Sandalwood Bar Soap,1.05,60.0,14.4,Quality Hold,45.6,63,43,3,40,7.07,93.02,68.25,76.0,89.81,63.49,4.24,13.83,3
PureGlow Soaps International (Fictional Dummy Company),Global Manufacturing Head - PureGlow Soaps,Australia,Australia,Melbourne,FCT026,Melbourne Soap Plant,LN0078,Line-3,2026-07-10 13:00:00,2026-07-10,13,Morning,Neem Bar Soap,1.22,60.0,15.8,Changeover/Setup,44.2,73,53,1,52,2.27,98.11,72.6,73.67,98.29,71.04,4.76,12.24,3
PureGlow Soaps International (Fictional Dummy Company),Global Manufacturing Head - PureGlow Soaps,Australia,Australia,Melbourne,FCT026,Melbourne Soap Plant,LN0076,Line-1,2026-07-10 14:00:00,2026-07-10,14,Afternoon,Sandalwood Bar Soap,1.19,60.0,1.8,No Downtime,58.2,71,64,3,61,4.35,95.31,90.14,97.0,92.41,85.43,5.49,20.6,2
PureGlow Soaps International (Fictional Dummy Company),Global Manufacturing Head - PureGlow Soaps,Australia,Australia,Melbourne,FCT026,Melbourne Soap Plant,LN0077,Line-2,2026-07-10 14:00:00,2026-07-10,14,Afternoon,Sandalwood Bar Soap,1.05,60.0,0.9,No Downtime,59.1,63,60,2,58,2.68,96.67,95.24,98.5,96.69,92.07,6.44,18.77,1
PureGlow Soaps International (Fictional Dummy Company),Global Manufacturing Head - PureGlow Soaps,Australia,Australia,Melbourne,FCT026,Melbourne Soap Plant,LN0078,Line-3,2026-07-10 14:00:00,2026-07-10,14,Afternoon,Neem Bar Soap,1.22,60.0,23.3,Material Shortage,36.7,73,41,1,40,1.74,97.56,56.16,61.17,91.57,54.65,3.49,8.77,3
PureGlow Soaps International (Fictional Dummy Company),Global Manufacturing Head - PureGlow Soaps,Australia,Australia,Melbourne,FCT026,Melbourne Soap Plant,LN0076,Line-1,2026-07-10 15:00:00,2026-07-10,15,Afternoon,Sandalwood Bar Soap,1.19,60.0,24.1,Machine Breakdown,35.9,71,40,2,38,4.16,95.0,56.34,59.83,93.63,53.22,3.89,14.06,2
PureGlow Soaps International (Fictional Dummy Company),Global Manufacturing Head - PureGlow Soaps,Australia,Australia,Melbourne,FCT026,Melbourne Soap Plant,LN0077,Line-2,2026-07-10 15:00:00,2026-07-10,15,Afternoon,Sandalwood Bar Soap,1.05,60.0,3.0,No Downtime,57.0,63,57,0,57,0.71,100.0,90.48,95.0,95.24,90.48,5.77,16.86,1
PureGlow Soaps International (Fictional Dummy Company),Global Manufacturing Head - PureGlow Soaps,Australia,Australia,Melbourne,FCT026,Melbourne Soap Plant,LN0078,Line-3,2026-07-10 15:00:00,2026-07-10,15,Afternoon,Neem Bar Soap,1.22,60.0,26.9,Material Shortage,33.1,73,40,1,39,2.71,97.5,54.79,55.17,99.05,53.28,4.21,8.53,3
PureGlow Soaps International (Fictional Dummy Company),Global Manufacturing Head - PureGlow Soaps,Australia,Australia,Melbourne,FCT026,Melbourne Soap Plant,LN0076,Line-1,2026-07-10 16:00:00,2026-07-10,16,Afternoon,Sandalwood Bar Soap,1.19,60.0,23.4,Preventive Maintenance,36.6,71,37,2,35,4.41,94.59,52.11,61.0,84.95,49.02,3.87,12.95,3
PureGlow Soaps International (Fictional Dummy Company),Global Manufacturing Head - PureGlow Soaps,Australia,Australia,Melbourne,FCT026,Melbourne Soap Plant,LN0077,Line-2,2026-07-10 16:00:00,2026-07-10,16,Afternoon,Sandalwood Bar Soap,1.05,60.0,3.3,No Downtime,56.7,63,49,2,47,3.7,95.92,77.78,94.5,82.3,74.6,4.73,17.82,3
PureGlow Soaps International (Fictional Dummy Company),Global Manufacturing Head - PureGlow Soaps,Australia,Australia,Melbourne,FCT026,Melbourne Soap Plant,LN0078,Line-3,2026-07-10 16:00:00,2026-07-10,16,Afternoon,Neem Bar Soap,1.22,60.0,22.7,Staff Shortage,37.3,73,43,0,43,0.24,100.0,58.9,62.17,94.49,58.74,4.54,10.16,3
PureGlow Soaps International (Fictional Dummy Company),Global Manufacturing Head - PureGlow Soaps,Australia,Australia,Melbourne,FCT026,Melbourne Soap Plant,LN0076,Line-1,2026-07-10 17:00:00,2026-07-10,17,Afternoon,Sandalwood Bar Soap,1.19,60.0,3.6,No Downtime,56.4,71,69,2,67,2.57,97.1,97.18,94.0,102.81,93.84,7.32,20.81,1
PureGlow Soaps International (Fictional Dummy Company),Global Manufacturing Head - PureGlow Soaps,Australia,Australia,Melbourne,FCT026,Melbourne Soap Plant,LN0077,Line-2,2026-07-10 17:00:00,2026-07-10,17,Afternoon,Sandalwood Bar Soap,1.05,60.0,26.8,Material Shortage,33.2,63,31,1,30,3.62,96.77,49.21,55.33,88.93,47.62,2.83,9.91,1
PureGlow Soaps International (Fictional Dummy Company),Global Manufacturing Head - PureGlow Soaps,Australia,Australia,Melbourne,FCT026,Melbourne Soap Plant,LN0078,Line-3,2026-07-10 17:00:00,2026-07-10,17,Afternoon,Neem Bar Soap,1.22,60.0,1.6,No Downtime,58.4,73,60,3,57,4.68,95.0,82.19,97.33,84.21,77.86,5.59,14.76,3
PureGlow Soaps International (Fictional Dummy Company),Global Manufacturing Head - PureGlow Soaps,Australia,Australia,Melbourne,FCT026,Melbourne Soap Plant,LN0076,Line-1,2026-07-10 18:00:00,2026-07-10,18,Afternoon,Sandalwood Bar Soap,1.19,60.0,3.8,No Downtime,56.2,71,66,2,64,3.05,96.97,92.96,93.67,98.69,89.64,6.82,22.73,3
PureGlow Soaps International (Fictional Dummy Company),Global Manufacturing Head - PureGlow Soaps,Australia,Australia,Melbourne,FCT026,Melbourne Soap Plant,LN0077,Line-2,2026-07-10 18:00:00,2026-07-10,18,Afternoon,Sandalwood Bar Soap,1.05,60.0,1.0,No Downtime,59.0,63,53,3,50,5.8,94.34,84.13,98.33,85.55,79.36,5.53,18.77,3
PureGlow Soaps International (Fictional Dummy Company),Global Manufacturing Head - PureGlow Soaps,Australia,Australia,Melbourne,FCT026,Melbourne Soap Plant,LN0078,Line-3,2026-07-10 18:00:00,2026-07-10,18,Afternoon,Neem Bar Soap,1.22,60.0,8.9,Changeover/Setup,51.1,73,54,1,53,2.0,98.15,73.97,85.17,86.62,72.41,4.66,14.1,2
PureGlow Soaps International (Fictional Dummy Company),Global Manufacturing Head - PureGlow Soaps,Australia,Australia,Melbourne,FCT026,Melbourne Soap Plant,LN0076,Line-1,2026-07-10 19:00:00,2026-07-10,19,Afternoon,Sandalwood Bar Soap,1.19,60.0,9.5,Power Outage,50.5,71,53,2,51,3.37,96.23,74.65,84.17,88.19,71.43,4.56,18.48,3
PureGlow Soaps International (Fictional Dummy Company),Global Manufacturing Head - PureGlow Soaps,Australia,Australia,Melbourne,FCT026,Melbourne Soap Plant,LN0077,Line-2,2026-07-10 19:00:00,2026-07-10,19,Afternoon,Sandalwood Bar Soap,1.05,60.0,15.2,Changeover/Setup,44.8,63,41,1,40,1.71,97.56,65.08,74.67,87.16,63.49,4.29,13.34,3
PureGlow Soaps International (Fictional Dummy Company),Global Manufacturing Head - PureGlow Soaps,Australia,Australia,Melbourne,FCT026,Melbourne Soap Plant,LN0078,Line-3,2026-07-10 19:00:00,2026-07-10,19,Afternoon,Neem Bar Soap,1.22,60.0,21.8,Power Outage,38.2,73,46,1,45,2.63,97.83,63.01,63.67,98.7,61.48,4.02,10.47,1
PureGlow Soaps International (Fictional Dummy Company),Global Manufacturing Head - PureGlow Soaps,Australia,Australia,Melbourne,FCT026,Melbourne Soap Plant,LN0076,Line-1,2026-07-10 20:00:00,2026-07-10,20,Afternoon,Sandalwood Bar Soap,1.19,60.0,18.3,Staff Shortage,41.7,71,40,1,39,1.55,97.5,56.34,69.5,80.61,54.62,4.11,14.32,2
PureGlow Soaps International (Fictional Dummy Company),Global Manufacturing Head - PureGlow Soaps,Australia,Australia,Melbourne,FCT026,Melbourne Soap Plant,LN0077,Line-2,2026-07-10 20:00:00,2026-07-10,20,Afternoon,Sandalwood Bar Soap,1.05,60.0,12.3,Machine Breakdown,47.7,63,41,1,40,3.04,97.56,65.08,79.5,81.86,63.49,3.66,15.53,1
PureGlow Soaps International (Fictional Dummy Company),Global Manufacturing Head - PureGlow Soaps,Australia,Australia,Melbourne,FCT026,Melbourne Soap Plant,LN0078,Line-3,2026-07-10 20:00:00,2026-07-10,20,Afternoon,Neem Bar Soap,1.22,60.0,31.4,Machine Breakdown,28.6,73,36,1,35,1.97,97.22,49.32,47.67,103.18,47.82,3.81,6.64,3
PureGlow Soaps International (Fictional Dummy Company),Global Manufacturing Head - PureGlow Soaps,Australia,Australia,Melbourne,FCT026,Melbourne Soap Plant,LN0076,Line-1,2026-07-10 21:00:00,2026-07-10,21,Afternoon,Sandalwood Bar Soap,1.19,60.0,2.2,No Downtime,57.8,71,70,2,68,3.51,97.14,98.59,96.33,101.77,95.23,7.59,22.55,2
PureGlow Soaps International (Fictional Dummy Company),Global Manufacturing Head - PureGlow Soaps,Australia,Australia,Melbourne,FCT026,Melbourne Soap Plant,LN0077,Line-2,2026-07-10 21:00:00,2026-07-10,21,Afternoon,Sandalwood Bar Soap,1.05,60.0,13.9,Machine Breakdown,46.1,63,40,1,39,2.05,97.5,63.49,76.83,82.64,61.91,4.05,12.75,3
PureGlow Soaps International (Fictional Dummy Company),Global Manufacturing Head - PureGlow Soaps,Australia,Australia,Melbourne,FCT026,Melbourne Soap Plant,LN0078,Line-3,2026-07-10 21:00:00,2026-07-10,21,Afternoon,Neem Bar Soap,1.22,60.0,9.0,Staff Shortage,51.0,73,56,1,55,2.65,98.21,76.71,85.0,90.0,75.13,5.62,12.33,2
PureGlow Soaps International (Fictional Dummy Company),Global Manufacturing Head - PureGlow Soaps,Australia,Australia,Melbourne,FCT026,Melbourne Soap Plant,LN0076,Line-1,2026-07-10 22:00:00,2026-07-10,22,Night,Sandalwood Bar Soap,1.19,60.0,5.6,Power Outage,54.4,71,62,2,60,2.73,96.77,87.32,90.67,95.77,84.03,5.95,18.66,2
PureGlow Soaps International (Fictional Dummy Company),Global Manufacturing Head - PureGlow Soaps,Australia,Australia,Melbourne,FCT026,Melbourne Soap Plant,LN0077,Line-2,2026-07-10 22:00:00,2026-07-10,22,Night,Sandalwood Bar Soap,1.05,60.0,26.6,Material Shortage,33.4,63,36,1,35,2.46,97.22,57.14,55.67,102.65,55.56,3.72,9.26,3
PureGlow Soaps International (Fictional Dummy Company),Global Manufacturing Head - PureGlow Soaps,Australia,Australia,Melbourne,FCT026,Melbourne Soap Plant,LN0078,Line-3,2026-07-10 22:00:00,2026-07-10,22,Night,Neem Bar Soap,1.22,60.0,11.4,Machine Breakdown,48.6,73,59,1,58,1.33,98.31,80.82,81.0,99.51,79.24,6.16,11.41,2
PureGlow Soaps International (Fictional Dummy Company),Global Manufacturing Head - PureGlow Soaps,Australia,Australia,Melbourne,FCT026,Melbourne Soap Plant,LN0076,Line-1,2026-07-10 23:00:00,2026-07-10,23,Night,Sandalwood Bar Soap,1.19,60.0,5.5,Changeover/Setup,54.5,71,55,1,54,2.3,98.18,77.46,90.83,84.8,75.62,6.0,20.98,3
PureGlow Soaps International (Fictional Dummy Company),Global Manufacturing Head - PureGlow Soaps,Australia,Australia,Melbourne,FCT026,Melbourne Soap Plant,LN0077,Line-2,2026-07-10 23:00:00,2026-07-10,23,Night,Sandalwood Bar Soap,1.05,60.0,9.4,Changeover/Setup,50.6,63,48,1,47,1.97,97.92,76.19,84.33,90.34,74.6,4.86,13.8,3
PureGlow Soaps International (Fictional Dummy Company),Global Manufacturing Head - PureGlow Soaps,Australia,Australia,Melbourne,FCT026,Melbourne Soap Plant,LN0078,Line-3,2026-07-10 23:00:00,2026-07-10,23,Night,Neem Bar Soap,1.22,60.0,38.1,Preventive Maintenance,21.9,73,26,1,25,2.8,96.15,35.62,36.5,97.31,34.15,2.32,5.67,1
