Company,Global_Head,Continent,Country,City,Factory_ID,Factory_Name,Production_Line_ID,Production_Line_Name,Timestamp,Date,Hour_of_Day,Shift,Product_SKU,Rated_Speed_Units_per_Min,Planned_Runtime_Minutes,Downtime_Minutes,Downtime_Reason,Actual_Runtime_Minutes,Planned_Target_Units,Actual_Units_Produced,Rejected_Units,Good_Units,Defect_Rate_Percent,Quality_Score_Percent,Production_Attainment_Percent,Availability_Percent,Performance_Percent,OEE_Percent,Raw_Material_Consumed_Kg,Energy_Consumed_kWh,Operator_Count
PureGlow Soaps International (Fictional Dummy Company),Global Manufacturing Head - PureGlow Soaps,Asia,Japan,Nagoya,FCT011,Nagoya Soap Plant,LN0031,Line-1,2026-07-01 00:00:00,2026-07-01,0,Night,Sandalwood Bar Soap,0.97,60.0,3.6,No Downtime,56.4,58,49,2,47,3.72,95.92,84.48,94.0,89.57,80.76,4.4,31.39,2
PureGlow Soaps International (Fictional Dummy Company),Global Manufacturing Head - PureGlow Soaps,Asia,Japan,Nagoya,FCT011,Nagoya Soap Plant,LN0032,Line-2,2026-07-01 00:00:00,2026-07-01,0,Night,Sandalwood Bar Soap,1.27,60.0,2.6,No Downtime,57.4,76,63,3,60,4.83,95.24,82.89,95.67,86.42,78.74,5.73,16.71,2
PureGlow Soaps International (Fictional Dummy Company),Global Manufacturing Head - PureGlow Soaps,Asia,Japan,Nagoya,FCT011,Nagoya Soap Plant,LN0033,Line-3,2026-07-01 00:00:00,2026-07-01,0,Night,Aloe Vera Liquid Soap,1.41,60.0,11.5,Changeover/Setup,48.5,85,64,1,63,1.85,98.44,75.29,80.83,93.59,74.47,6.91,27.57,3
PureGlow Soaps International (Fictional Dummy Company),Global Manufacturing Head - PureGlow Soaps,Asia,Japan,Nagoya,FCT011,Nagoya Soap Plant,LN0031,Line-1,2026-07-01 01:00:00,2026-07-01,1,Night,Sandalwood Bar Soap,0.97,60.0,0.1,No Downtime,59.9,58,52,2,50,4.19,96.15,89.66,99.83,89.5,85.91,5.42,39.69,1
PureGlow Soaps International (Fictional Dummy Company),Global Manufacturing Head - PureGlow Soaps,Asia,Japan,Nagoya,FCT011,Nagoya Soap Plant,LN0032,Line-2,2026-07-01 01:00:00,2026-07-01,1,Night,Sandalwood Bar Soap,1.27,60.0,1.8,No Downtime,58.2,76,65,0,65,0.0,100.0,85.53,97.0,87.94,85.3,5.68,14.07,3
PureGlow Soaps International (Fictional Dummy Company),Global Manufacturing Head - PureGlow Soaps,Asia,Japan,Nagoya,FCT011,Nagoya Soap Plant,LN0033,Line-3,2026-07-01 01:00:00,2026-07-01,1,Night,Aloe Vera Liquid Soap,1.41,60.0,25.6,Power Outage,34.4,85,48,1,47,2.6,97.92,56.47,57.33,98.96,55.55,4.26,17.59,3
PureGlow Soaps International (Fictional Dummy Company),Global Manufacturing Head - PureGlow Soaps,Asia,Japan,Nagoya,FCT011,Nagoya Soap Plant,LN0031,Line-1,2026-07-01 02:00:00,2026-07-01,2,Night,Sandalwood Bar Soap,0.97,60.0,29.5,Preventive Maintenance,30.5,58,29,1,28,2.22,96.55,50.0,50.83,98.02,48.1,3.18,18.94,3
PureGlow Soaps International (Fictional Dummy Company),Global Manufacturing Head - PureGlow Soaps,Asia,Japan,Nagoya,FCT011,Nagoya Soap Plant,LN0032,Line-2,2026-07-01 02:00:00,2026-07-01,2,Night,Sandalwood Bar Soap,1.27,60.0,12.9,Changeover/Setup,47.1,76,55,2,53,3.24,96.36,72.37,78.5,91.95,69.55,5.41,13.42,2
PureGlow Soaps International (Fictional Dummy Company),Global Manufacturing Head - PureGlow Soaps,Asia,Japan,Nagoya,FCT011,Nagoya Soap Plant,LN0033,Line-3,2026-07-01 02:00:00,2026-07-01,2,Night,Aloe Vera Liquid Soap,1.41,60.0,30.7,Material Shortage,29.3,85,42,3,39,6.16,92.86,49.41,48.83,101.66,46.1,4.3,15.04,1
PureGlow Soaps International (Fictional Dummy Company),Global Manufacturing Head - PureGlow Soaps,Asia,Japan,Nagoya,FCT011,Nagoya Soap Plant,LN0031,Line-1,2026-07-01 03:00:00,2026-07-01,3,Night,Sandalwood Bar Soap,0.97,60.0,18.3,Machine Breakdown,41.7,58,36,1,35,2.29,97.22,62.07,69.5,89.0,60.14,3.34,26.99,1
PureGlow Soaps International (Fictional Dummy Company),Global Manufacturing Head - PureGlow Soaps,Asia,Japan,Nagoya,FCT011,Nagoya Soap Plant,LN0032,Line-2,2026-07-01 03:00:00,2026-07-01,3,Night,Sandalwood Bar Soap,1.27,60.0,1.8,No Downtime,58.2,76,69,2,67,2.94,97.1,90.79,97.0,93.35,87.92,6.22,16.09,2
PureGlow Soaps International (Fictional Dummy Company),Global Manufacturing Head - PureGlow Soaps,Asia,Japan,Nagoya,FCT011,Nagoya Soap Plant,LN0033,Line-3,2026-07-01 03:00:00,2026-07-01,3,Night,Aloe Vera Liquid Soap,1.41,60.0,2.7,No Downtime,57.3,85,83,3,80,3.34,96.39,97.65,95.5,102.73,94.57,8.12,31.16,3
PureGlow Soaps International (Fictional Dummy Company),Global Manufacturing Head - PureGlow Soaps,Asia,Japan,Nagoya,FCT011,Nagoya Soap Plant,LN0031,Line-1,2026-07-01 04:00:00,2026-07-01,4,Night,Sandalwood Bar Soap,0.97,60.0,23.9,Preventive Maintenance,36.1,58,33,0,33,1.23,100.0,56.9,60.17,94.24,56.7,3.1,22.25,1
PureGlow Soaps International (Fictional Dummy Company),Global Manufacturing Head - PureGlow Soaps,Asia,Japan,Nagoya,FCT011,Nagoya Soap Plant,LN0032,Line-2,2026-07-01 04:00:00,2026-07-01,4,Night,Sandalwood Bar Soap,1.27,60.0,1.2,No Downtime,58.8,76,69,2,67,3.08,97.1,90.79,98.0,92.4,87.93,6.31,16.37,1
PureGlow Soaps International (Fictional Dummy Company),Global Manufacturing Head - PureGlow Soaps,Asia,Japan,Nagoya,FCT011,Nagoya Soap Plant,LN0033,Line-3,2026-07-01 04:00:00,2026-07-01,4,Night,Aloe Vera Liquid Soap,1.41,60.0,21.3,Staff Shortage,38.7,85,52,2,50,3.72,96.15,61.18,64.5,95.3,59.1,4.98,21.45,3
PureGlow Soaps International (Fictional Dummy Company),Global Manufacturing Head - PureGlow Soaps,Asia,Japan,Nagoya,FCT011,Nagoya Soap Plant,LN0031,Line-1,2026-07-01 05:00:00,2026-07-01,5,Night,Sandalwood Bar Soap,0.97,60.0,2.5,No Downtime,57.5,58,48,0,48,0.82,100.0,82.76,95.83,86.06,82.47,5.24,35.28,3
PureGlow Soaps International (Fictional Dummy Company),Global Manufacturing Head - PureGlow Soaps,Asia,Japan,Nagoya,FCT011,Nagoya Soap Plant,LN0032,Line-2,2026-07-01 05:00:00,2026-07-01,5,Night,Sandalwood Bar Soap,1.27,60.0,22.8,Preventive Maintenance,37.2,76,41,2,39,4.15,95.12,53.95,62.0,86.78,51.18,3.86,9.74,2
PureGlow Soaps International (Fictional Dummy Company),Global Manufacturing Head - PureGlow Soaps,Asia,Japan,Nagoya,FCT011,Nagoya Soap Plant,LN0033,Line-3,2026-07-01 05:00:00,2026-07-01,5,Night,Aloe Vera Liquid Soap,1.41,60.0,8.5,Changeover/Setup,51.5,85,61,1,60,1.16,98.36,71.76,85.83,84.0,70.91,5.23,27.33,2
PureGlow Soaps International (Fictional Dummy Company),Global Manufacturing Head - PureGlow Soaps,Asia,Japan,Nagoya,FCT011,Nagoya Soap Plant,LN0031,Line-1,2026-07-01 06:00:00,2026-07-01,6,Morning,Sandalwood Bar Soap,0.97,60.0,35.6,Machine Breakdown,24.4,58,21,1,20,2.94,95.24,36.21,40.67,88.73,34.37,2.16,16.02,3
PureGlow Soaps International (Fictional Dummy Company),Global Manufacturing Head - PureGlow Soaps,Asia,Japan,Nagoya,FCT011,Nagoya Soap Plant,LN0032,Line-2,2026-07-01 06:00:00,2026-07-01,6,Morning,Sandalwood Bar Soap,1.27,60.0,17.3,Changeover/Setup,42.7,76,48,1,47,2.08,97.92,63.16,71.17,88.51,61.68,4.48,12.22,1
PureGlow Soaps International (Fictional Dummy Company),Global Manufacturing Head - PureGlow Soaps,Asia,Japan,Nagoya,FCT011,Nagoya Soap Plant,LN0033,Line-3,2026-07-01 06:00:00,2026-07-01,6,Morning,Aloe Vera Liquid Soap,1.41,60.0,3.6,No Downtime,56.4,85,69,3,66,3.9,95.65,81.18,94.0,86.77,78.02,7.25,28.38,2
PureGlow Soaps International (Fictional Dummy Company),Global Manufacturing Head - PureGlow Soaps,Asia,Japan,Nagoya,FCT011,Nagoya Soap Plant,LN0031,Line-1,2026-07-01 07:00:00,2026-07-01,7,Morning,Sandalwood Bar Soap,0.97,60.0,24.0,Power Outage,36.0,58,30,1,29,2.32,96.67,51.72,60.0,85.91,49.83,3.12,19.77,3
PureGlow Soaps International (Fictional Dummy Company),Global Manufacturing Head - PureGlow Soaps,Asia,Japan,Nagoya,FCT011,Nagoya Soap Plant,LN0032,Line-2,2026-07-01 07:00:00,2026-07-01,7,Morning,Sandalwood Bar Soap,1.27,60.0,3.0,No Downtime,57.0,76,60,3,57,5.44,95.0,78.95,95.0,82.88,74.8,5.84,16.3,1
PureGlow Soaps International (Fictional Dummy Company),Global Manufacturing Head - PureGlow Soaps,Asia,Japan,Nagoya,FCT011,Nagoya Soap Plant,LN0033,Line-3,2026-07-01 07:00:00,2026-07-01,7,Morning,Aloe Vera Liquid Soap,1.41,60.0,43.7,Machine Breakdown,16.3,85,23,1,22,3.82,95.65,27.06,27.17,100.07,26.01,2.44,9.49,3
PureGlow Soaps International (Fictional Dummy Company),Global Manufacturing Head - PureGlow Soaps,Asia,Japan,Nagoya,FCT011,Nagoya Soap Plant,LN0031,Line-1,2026-07-01 08:00:00,2026-07-01,8,Morning,Sandalwood Bar Soap,0.97,60.0,15.4,Changeover/Setup,44.6,58,42,1,41,2.82,97.62,72.41,74.33,97.08,70.44,4.47,25.98,3
PureGlow Soaps International (Fictional Dummy Company),Global Manufacturing Head - PureGlow Soaps,Asia,Japan,Nagoya,FCT011,Nagoya Soap Plant,LN0032,Line-2,2026-07-01 08:00:00,2026-07-01,8,Morning,Sandalwood Bar Soap,1.27,60.0,13.1,Material Shortage,46.9,76,52,2,50,3.68,96.15,68.42,78.17,87.3,65.62,4.52,13.36,1
PureGlow Soaps International (Fictional Dummy Company),Global Manufacturing Head - PureGlow Soaps,Asia,Japan,Nagoya,FCT011,Nagoya Soap Plant,LN0033,Line-3,2026-07-01 08:00:00,2026-07-01,8,Morning,Aloe Vera Liquid Soap,1.41,60.0,5.4,Changeover/Setup,54.6,85,76,2,74,3.1,97.37,89.41,91.0,98.72,87.47,8.29,32.4,3
PureGlow Soaps International (Fictional Dummy Company),Global Manufacturing Head - PureGlow Soaps,Asia,Japan,Nagoya,FCT011,Nagoya Soap Plant,LN0031,Line-1,2026-07-01 09:00:00,2026-07-01,9,Morning,Sandalwood Bar Soap,0.97,60.0,9.6,Changeover/Setup,50.4,58,44,1,43,2.28,97.73,75.86,84.0,90.0,73.88,3.76,31.86,1
PureGlow Soaps International (Fictional Dummy Company),Global Manufacturing Head - PureGlow Soaps,Asia,Japan,Nagoya,FCT011,Nagoya Soap Plant,LN0032,Line-2,2026-07-01 09:00:00,2026-07-01,9,Morning,Sandalwood Bar Soap,1.27,60.0,10.1,Material Shortage,49.9,76,56,2,54,4.09,96.43,73.68,83.17,88.37,70.87,5.22,13.6,2
PureGlow Soaps International (Fictional Dummy Company),Global Manufacturing Head - PureGlow Soaps,Asia,Japan,Nagoya,FCT011,Nagoya Soap Plant,LN0033,Line-3,2026-07-01 09:00:00,2026-07-01,9,Morning,Aloe Vera Liquid Soap,1.41,60.0,3.4,No Downtime,56.6,85,81,4,77,4.68,95.06,95.29,94.33,101.5,91.02,8.5,29.64,2
PureGlow Soaps International (Fictional Dummy Company),Global Manufacturing Head - PureGlow Soaps,Asia,Japan,Nagoya,FCT011,Nagoya Soap Plant,LN0031,Line-1,2026-07-01 10:00:00,2026-07-01,10,Morning,Sandalwood Bar Soap,0.97,60.0,44.6,Machine Breakdown,15.4,58,14,1,13,5.98,92.86,24.14,25.67,93.72,22.34,1.29,8.84,3
PureGlow Soaps International (Fictional Dummy Company),Global Manufacturing Head - PureGlow Soaps,Asia,Japan,Nagoya,FCT011,Nagoya Soap Plant,LN0032,Line-2,2026-07-01 10:00:00,2026-07-01,10,Morning,Sandalwood Bar Soap,1.27,60.0,28.5,Machine Breakdown,31.5,76,32,1,31,1.9,96.88,42.11,52.5,79.99,40.68,3.44,7.62,3
PureGlow Soaps International (Fictional Dummy Company),Global Manufacturing Head - PureGlow Soaps,Asia,Japan,Nagoya,FCT011,Nagoya Soap Plant,LN0033,Line-3,2026-07-01 10:00:00,2026-07-01,10,Morning,Aloe Vera Liquid Soap,1.41,60.0,30.3,Machine Breakdown,29.7,85,39,1,38,3.17,97.44,45.88,49.5,93.13,44.92,3.88,17.38,2
PureGlow Soaps International (Fictional Dummy Company),Global Manufacturing Head - PureGlow Soaps,Asia,Japan,Nagoya,FCT011,Nagoya Soap Plant,LN0031,Line-1,2026-07-01 11:00:00,2026-07-01,11,Morning,Sandalwood Bar Soap,0.97,60.0,3.5,No Downtime,56.5,58,50,2,48,4.06,96.0,86.21,94.17,91.23,82.47,4.6,31.78,2
PureGlow Soaps International (Fictional Dummy Company),Global Manufacturing Head - PureGlow Soaps,Asia,Japan,Nagoya,FCT011,Nagoya Soap Plant,LN0032,Line-2,2026-07-01 11:00:00,2026-07-01,11,Morning,Sandalwood Bar Soap,1.27,60.0,9.6,Changeover/Setup,50.4,76,54,3,51,5.36,94.44,71.05,84.0,84.36,66.92,4.85,12.64,2
PureGlow Soaps International (Fictional Dummy Company),Global Manufacturing Head - PureGlow Soaps,Asia,Japan,Nagoya,FCT011,Nagoya Soap Plant,LN0033,Line-3,2026-07-01 11:00:00,2026-07-01,11,Morning,Aloe Vera Liquid Soap,1.41,60.0,7.0,Changeover/Setup,53.0,85,64,3,61,3.98,95.31,75.29,88.33,85.64,72.1,6.47,30.02,3
PureGlow Soaps International (Fictional Dummy Company),Global Manufacturing Head - PureGlow Soaps,Asia,Japan,Nagoya,FCT011,Nagoya Soap Plant,LN0031,Line-1,2026-07-01 12:00:00,2026-07-01,12,Morning,Sandalwood Bar Soap,0.97,60.0,28.9,Material Shortage,31.1,58,27,1,26,4.86,96.3,46.55,51.83,89.5,44.67,2.49,19.69,1
PureGlow Soaps International (Fictional Dummy Company),Global Manufacturing Head - PureGlow Soaps,Asia,Japan,Nagoya,FCT011,Nagoya Soap Plant,LN0032,Line-2,2026-07-01 12:00:00,2026-07-01,12,Morning,Sandalwood Bar Soap,1.27,60.0,11.4,Changeover/Setup,48.6,76,55,2,53,3.41,96.36,72.37,81.0,89.11,69.55,5.59,13.65,2
PureGlow Soaps International (Fictional Dummy Company),Global Manufacturing Head - PureGlow Soaps,Asia,Japan,Nagoya,FCT011,Nagoya Soap Plant,LN0033,Line-3,2026-07-01 12:00:00,2026-07-01,12,Morning,Aloe Vera Liquid Soap,1.41,60.0,11.6,Machine Breakdown,48.4,85,58,2,56,2.79,96.55,68.24,80.67,84.99,66.2,6.1,27.16,2
PureGlow Soaps International (Fictional Dummy Company),Global Manufacturing Head - PureGlow Soaps,Asia,Japan,Nagoya,FCT011,Nagoya Soap Plant,LN0031,Line-1,2026-07-01 13:00:00,2026-07-01,13,Morning,Sandalwood Bar Soap,0.97,60.0,18.2,Quality Hold,41.8,58,39,2,37,5.4,94.87,67.24,69.67,96.19,63.58,4.0,23.1,2
PureGlow Soaps International (Fictional Dummy Company),Global Manufacturing Head - PureGlow Soaps,Asia,Japan,Nagoya,FCT011,Nagoya Soap Plant,LN0032,Line-2,2026-07-01 13:00:00,2026-07-01,13,Morning,Sandalwood Bar Soap,1.27,60.0,2.7,No Downtime,57.3,76,68,2,66,2.47,97.06,89.47,95.5,93.44,86.61,6.18,15.79,1
PureGlow Soaps International (Fictional Dummy Company),Global Manufacturing Head - PureGlow Soaps,Asia,Japan,Nagoya,FCT011,Nagoya Soap Plant,LN0033,Line-3,2026-07-01 13:00:00,2026-07-01,13,Morning,Aloe Vera Liquid Soap,1.41,60.0,22.1,Machine Breakdown,37.9,85,53,2,51,4.71,96.23,62.35,63.17,99.18,60.29,5.77,23.15,3
PureGlow Soaps International (Fictional Dummy Company),Global Manufacturing Head - PureGlow Soaps,Asia,Japan,Nagoya,FCT011,Nagoya Soap Plant,LN0031,Line-1,2026-07-01 14:00:00,2026-07-01,14,Afternoon,Sandalwood Bar Soap,0.97,60.0,13.0,Changeover/Setup,47.0,58,41,1,40,3.3,97.56,70.69,78.33,89.93,68.72,4.45,25.79,3
PureGlow Soaps International (Fictional Dummy Company),Global Manufacturing Head - PureGlow Soaps,Asia,Japan,Nagoya,FCT011,Nagoya Soap Plant,LN0032,Line-2,2026-07-01 14:00:00,2026-07-01,14,Afternoon,Sandalwood Bar Soap,1.27,60.0,2.8,No Downtime,57.2,76,67,2,65,2.29,97.01,88.16,95.33,92.23,85.29,6.06,13.96,2
PureGlow Soaps International (Fictional Dummy Company),Global Manufacturing Head - PureGlow Soaps,Asia,Japan,Nagoya,FCT011,Nagoya Soap Plant,LN0033,Line-3,2026-07-01 14:00:00,2026-07-01,14,Afternoon,Aloe Vera Liquid Soap,1.41,60.0,17.6,Power Outage,42.4,85,50,0,50,0.95,100.0,58.82,70.67,83.63,59.1,5.36,24.3,1
PureGlow Soaps International (Fictional Dummy Company),Global Manufacturing Head - PureGlow Soaps,Asia,Japan,Nagoya,FCT011,Nagoya Soap Plant,LN0031,Line-1,2026-07-01 15:00:00,2026-07-01,15,Afternoon,Sandalwood Bar Soap,0.97,60.0,21.8,Material Shortage,38.2,58,34,1,33,2.4,97.06,58.62,63.67,91.76,56.71,3.19,24.65,1
PureGlow Soaps International (Fictional Dummy Company),Global Manufacturing Head - PureGlow Soaps,Asia,Japan,Nagoya,FCT011,Nagoya Soap Plant,LN0032,Line-2,2026-07-01 15:00:00,2026-07-01,15,Afternoon,Sandalwood Bar Soap,1.27,60.0,18.6,Changeover/Setup,41.4,76,48,0,48,0.41,100.0,63.16,69.0,91.29,62.99,4.15,11.8,2
PureGlow Soaps International (Fictional Dummy Company),Global Manufacturing Head - PureGlow Soaps,Asia,Japan,Nagoya,FCT011,Nagoya Soap Plant,LN0033,Line-3,2026-07-01 15:00:00,2026-07-01,15,Afternoon,Aloe Vera Liquid Soap,1.41,60.0,42.3,Machine Breakdown,17.7,85,24,0,24,1.28,100.0,28.24,29.5,96.17,28.37,2.41,10.0,2
PureGlow Soaps International (Fictional Dummy Company),Global Manufacturing Head - PureGlow Soaps,Asia,Japan,Nagoya,FCT011,Nagoya Soap Plant,LN0031,Line-1,2026-07-01 16:00:00,2026-07-01,16,Afternoon,Sandalwood Bar Soap,0.97,60.0,40.5,Machine Breakdown,19.5,58,18,0,18,1.83,100.0,31.03,32.5,95.16,30.93,1.88,12.65,2
PureGlow Soaps International (Fictional Dummy Company),Global Manufacturing Head - PureGlow Soaps,Asia,Japan,Nagoya,FCT011,Nagoya Soap Plant,LN0032,Line-2,2026-07-01 16:00:00,2026-07-01,16,Afternoon,Sandalwood Bar Soap,1.27,60.0,8.9,Staff Shortage,51.1,76,58,0,58,0.41,100.0,76.32,85.17,89.37,76.12,6.15,15.03,3
PureGlow Soaps International (Fictional Dummy Company),Global Manufacturing Head - PureGlow Soaps,Asia,Japan,Nagoya,FCT011,Nagoya Soap Plant,LN0033,Line-3,2026-07-01 16:00:00,2026-07-01,16,Afternoon,Aloe Vera Liquid Soap,1.41,60.0,0.3,No Downtime,59.7,85,70,3,67,4.85,95.71,82.35,99.5,83.16,79.19,7.49,33.87,3
PureGlow Soaps International (Fictional Dummy Company),Global Manufacturing Head - PureGlow Soaps,Asia,Japan,Nagoya,FCT011,Nagoya Soap Plant,LN0031,Line-1,2026-07-01 17:00:00,2026-07-01,17,Afternoon,Sandalwood Bar Soap,0.97,60.0,25.6,Material Shortage,34.4,58,28,1,27,3.25,96.43,48.28,57.33,83.91,46.39,2.85,19.33,2
PureGlow Soaps International (Fictional Dummy Company),Global Manufacturing Head - PureGlow Soaps,Asia,Japan,Nagoya,FCT011,Nagoya Soap Plant,LN0032,Line-2,2026-07-01 17:00:00,2026-07-01,17,Afternoon,Sandalwood Bar Soap,1.27,60.0,1.5,No Downtime,58.5,76,74,2,72,2.65,97.3,97.37,97.5,99.6,94.49,7.56,16.33,1
PureGlow Soaps International (Fictional Dummy Company),Global Manufacturing Head - PureGlow Soaps,Asia,Japan,Nagoya,FCT011,Nagoya Soap Plant,LN0033,Line-3,2026-07-01 17:00:00,2026-07-01,17,Afternoon,Aloe Vera Liquid Soap,1.41,60.0,9.0,Staff Shortage,51.0,85,62,1,61,1.86,98.39,72.94,85.0,86.22,72.11,6.19,28.34,3
PureGlow Soaps International (Fictional Dummy Company),Global Manufacturing Head - PureGlow Soaps,Asia,Japan,Nagoya,FCT011,Nagoya Soap Plant,LN0031,Line-1,2026-07-01 18:00:00,2026-07-01,18,Afternoon,Sandalwood Bar Soap,0.97,60.0,0.4,No Downtime,59.6,58,54,3,51,5.96,94.44,93.1,99.33,93.41,87.63,4.65,33.34,2
PureGlow Soaps International (Fictional Dummy Company),Global Manufacturing Head - PureGlow Soaps,Asia,Japan,Nagoya,FCT011,Nagoya Soap Plant,LN0032,Line-2,2026-07-01 18:00:00,2026-07-01,18,Afternoon,Sandalwood Bar Soap,1.27,60.0,29.5,Material Shortage,30.5,76,40,1,39,1.67,97.5,52.63,50.83,103.27,51.18,4.39,8.25,3
PureGlow Soaps International (Fictional Dummy Company),Global Manufacturing Head - PureGlow Soaps,Asia,Japan,Nagoya,FCT011,Nagoya Soap Plant,LN0033,Line-3,2026-07-01 18:00:00,2026-07-01,18,Afternoon,Aloe Vera Liquid Soap,1.41,60.0,27.2,Machine Breakdown,32.8,85,44,1,43,1.29,97.73,51.76,54.67,95.14,50.83,4.76,19.56,2
PureGlow Soaps International (Fictional Dummy Company),Global Manufacturing Head - PureGlow Soaps,Asia,Japan,Nagoya,FCT011,Nagoya Soap Plant,LN0031,Line-1,2026-07-01 19:00:00,2026-07-01,19,Afternoon,Sandalwood Bar Soap,0.97,60.0,6.4,Power Outage,53.6,58,50,2,48,3.14,96.0,86.21,89.33,96.17,82.47,4.48,35.05,2
PureGlow Soaps International (Fictional Dummy Company),Global Manufacturing Head - PureGlow Soaps,Asia,Japan,Nagoya,FCT011,Nagoya Soap Plant,LN0032,Line-2,2026-07-01 19:00:00,2026-07-01,19,Afternoon,Sandalwood Bar Soap,1.27,60.0,2.0,No Downtime,58.0,76,71,3,68,3.53,95.77,93.42,96.67,96.39,89.24,7.1,14.22,2
PureGlow Soaps International (Fictional Dummy Company),Global Manufacturing Head - PureGlow Soaps,Asia,Japan,Nagoya,FCT011,Nagoya Soap Plant,LN0033,Line-3,2026-07-01 19:00:00,2026-07-01,19,Afternoon,Aloe Vera Liquid Soap,1.41,60.0,16.3,Changeover/Setup,43.7,85,56,1,55,1.89,98.21,65.88,72.83,90.88,65.0,6.07,24.25,1
PureGlow Soaps International (Fictional Dummy Company),Global Manufacturing Head - PureGlow Soaps,Asia,Japan,Nagoya,FCT011,Nagoya Soap Plant,LN0031,Line-1,2026-07-01 20:00:00,2026-07-01,20,Afternoon,Sandalwood Bar Soap,0.97,60.0,29.8,Preventive Maintenance,30.2,58,29,1,28,4.03,96.55,50.0,50.33,99.0,48.11,2.56,18.85,3
PureGlow Soaps International (Fictional Dummy Company),Global Manufacturing Head - PureGlow Soaps,Asia,Japan,Nagoya,FCT011,Nagoya Soap Plant,LN0032,Line-2,2026-07-01 20:00:00,2026-07-01,20,Afternoon,Sandalwood Bar Soap,1.27,60.0,8.6,Changeover/Setup,51.4,76,62,3,59,4.1,95.16,81.58,85.67,94.98,77.43,6.02,14.53,2
PureGlow Soaps International (Fictional Dummy Company),Global Manufacturing Head - PureGlow Soaps,Asia,Japan,Nagoya,FCT011,Nagoya Soap Plant,LN0033,Line-3,2026-07-01 20:00:00,2026-07-01,20,Afternoon,Aloe Vera Liquid Soap,1.41,60.0,3.9,No Downtime,56.1,85,72,3,69,4.1,95.83,84.71,93.5,91.02,81.55,7.91,32.49,1
PureGlow Soaps International (Fictional Dummy Company),Global Manufacturing Head - PureGlow Soaps,Asia,Japan,Nagoya,FCT011,Nagoya Soap Plant,LN0031,Line-1,2026-07-01 21:00:00,2026-07-01,21,Afternoon,Sandalwood Bar Soap,0.97,60.0,12.9,Machine Breakdown,47.1,58,38,1,37,2.6,97.37,65.52,78.5,83.17,63.57,3.95,26.83,3
PureGlow Soaps International (Fictional Dummy Company),Global Manufacturing Head - PureGlow Soaps,Asia,Japan,Nagoya,FCT011,Nagoya Soap Plant,LN0032,Line-2,2026-07-01 21:00:00,2026-07-01,21,Afternoon,Sandalwood Bar Soap,1.27,60.0,17.1,Changeover/Setup,42.9,76,45,2,43,3.69,95.56,59.21,71.5,82.59,56.43,4.04,11.31,2
PureGlow Soaps International (Fictional Dummy Company),Global Manufacturing Head - PureGlow Soaps,Asia,Japan,Nagoya,FCT011,Nagoya Soap Plant,LN0033,Line-3,2026-07-01 21:00:00,2026-07-01,21,Afternoon,Aloe Vera Liquid Soap,1.41,60.0,12.2,Material Shortage,47.8,85,67,1,66,1.6,98.51,78.82,79.67,99.41,78.02,6.36,27.2,1
PureGlow Soaps International (Fictional Dummy Company),Global Manufacturing Head - PureGlow Soaps,Asia,Japan,Nagoya,FCT011,Nagoya Soap Plant,LN0031,Line-1,2026-07-01 22:00:00,2026-07-01,22,Night,Sandalwood Bar Soap,0.97,60.0,17.8,Preventive Maintenance,42.2,58,42,2,40,3.9,95.24,72.41,70.33,102.6,68.72,4.16,23.71,3
PureGlow Soaps International (Fictional Dummy Company),Global Manufacturing Head - PureGlow Soaps,Asia,Japan,Nagoya,FCT011,Nagoya Soap Plant,LN0032,Line-2,2026-07-01 22:00:00,2026-07-01,22,Night,Sandalwood Bar Soap,1.27,60.0,33.2,Material Shortage,26.8,76,28,0,28,1.52,100.0,36.84,44.67,82.27,36.75,2.44,6.99,3
PureGlow Soaps International (Fictional Dummy Company),Global Manufacturing Head - PureGlow Soaps,Asia,Japan,Nagoya,FCT011,Nagoya Soap Plant,LN0033,Line-3,2026-07-01 22:00:00,2026-07-01,22,Night,Aloe Vera Liquid Soap,1.41,60.0,2.6,No Downtime,57.4,85,73,1,72,1.86,98.63,85.88,95.67,90.2,85.11,6.51,33.9,3
PureGlow Soaps International (Fictional Dummy Company),Global Manufacturing Head - PureGlow Soaps,Asia,Japan,Nagoya,FCT011,Nagoya Soap Plant,LN0031,Line-1,2026-07-01 23:00:00,2026-07-01,23,Night,Sandalwood Bar Soap,0.97,60.0,0.7,No Downtime,59.3,58,54,2,52,3.93,96.3,93.1,98.83,93.88,89.35,4.95,37.17,1
PureGlow Soaps International (Fictional Dummy Company),Global Manufacturing Head - PureGlow Soaps,Asia,Japan,Nagoya,FCT011,Nagoya Soap Plant,LN0032,Line-2,2026-07-01 23:00:00,2026-07-01,23,Night,Sandalwood Bar Soap,1.27,60.0,14.6,Changeover/Setup,45.4,76,51,2,49,4.61,96.08,67.11,75.67,88.45,64.31,4.98,12.64,3
PureGlow Soaps International (Fictional Dummy Company),Global Manufacturing Head - PureGlow Soaps,Asia,Japan,Nagoya,FCT011,Nagoya Soap Plant,LN0033,Line-3,2026-07-01 23:00:00,2026-07-01,23,Night,Aloe Vera Liquid Soap,1.41,60.0,19.5,Preventive Maintenance,40.5,85,58,2,56,4.0,96.55,68.24,67.5,101.57,66.19,5.59,23.49,2
PureGlow Soaps International (Fictional Dummy Company),Global Manufacturing Head - PureGlow Soaps,Asia,Japan,Nagoya,FCT011,Nagoya Soap Plant,LN0031,Line-1,2026-07-02 00:00:00,2026-07-02,0,Night,Aloe Vera Liquid Soap,0.97,60.0,0.7,No Downtime,59.3,58,50,0,50,0.91,100.0,86.21,98.83,86.92,85.9,4.35,32.74,1
PureGlow Soaps International (Fictional Dummy Company),Global Manufacturing Head - PureGlow Soaps,Asia,Japan,Nagoya,FCT011,Nagoya Soap Plant,LN0032,Line-2,2026-07-02 00:00:00,2026-07-02,0,Night,Rose Bar Soap,1.27,60.0,31.2,Machine Breakdown,28.8,76,35,2,33,4.92,94.29,46.05,48.0,95.69,43.31,3.14,7.59,3
PureGlow Soaps International (Fictional Dummy Company),Global Manufacturing Head - PureGlow Soaps,Asia,Japan,Nagoya,FCT011,Nagoya Soap Plant,LN0033,Line-3,2026-07-02 00:00:00,2026-07-02,0,Night,Sandalwood Bar Soap,1.41,60.0,2.0,No Downtime,58.0,85,75,3,72,3.4,96.0,88.24,96.67,91.71,85.11,6.49,34.26,2
PureGlow Soaps International (Fictional Dummy Company),Global Manufacturing Head - PureGlow Soaps,Asia,Japan,Nagoya,FCT011,Nagoya Soap Plant,LN0031,Line-1,2026-07-02 01:00:00,2026-07-02,1,Night,Aloe Vera Liquid Soap,0.97,60.0,14.8,Power Outage,45.2,58,45,0,45,0.79,100.0,77.59,75.33,102.64,77.32,4.75,27.27,3
PureGlow Soaps International (Fictional Dummy Company),Global Manufacturing Head - PureGlow Soaps,Asia,Japan,Nagoya,FCT011,Nagoya Soap Plant,LN0032,Line-2,2026-07-02 01:00:00,2026-07-02,1,Night,Rose Bar Soap,1.27,60.0,3.9,No Downtime,56.1,76,72,3,69,3.79,95.83,94.74,93.5,101.06,90.55,6.94,15.68,2
PureGlow Soaps International (Fictional Dummy Company),Global Manufacturing Head - PureGlow Soaps,Asia,Japan,Nagoya,FCT011,Nagoya Soap Plant,LN0033,Line-3,2026-07-02 01:00:00,2026-07-02,1,Night,Sandalwood Bar Soap,1.41,60.0,39.5,Machine Breakdown,20.5,85,23,1,22,3.23,95.65,27.06,34.17,79.57,26.01,2.42,10.37,2
PureGlow Soaps International (Fictional Dummy Company),Global Manufacturing Head - PureGlow Soaps,Asia,Japan,Nagoya,FCT011,Nagoya Soap Plant,LN0031,Line-1,2026-07-02 02:00:00,2026-07-02,2,Night,Aloe Vera Liquid Soap,0.97,60.0,14.3,Power Outage,45.7,58,36,1,35,1.57,97.22,62.07,76.17,81.21,60.14,3.12,25.64,3
PureGlow Soaps International (Fictional Dummy Company),Global Manufacturing Head - PureGlow Soaps,Asia,Japan,Nagoya,FCT011,Nagoya Soap Plant,LN0032,Line-2,2026-07-02 02:00:00,2026-07-02,2,Night,Rose Bar Soap,1.27,60.0,8.1,Changeover/Setup,51.9,76,65,2,63,2.78,96.92,85.53,86.5,98.61,82.67,5.88,13.81,1
PureGlow Soaps International (Fictional Dummy Company),Global Manufacturing Head - PureGlow Soaps,Asia,Japan,Nagoya,FCT011,Nagoya Soap Plant,LN0033,Line-3,2026-07-02 02:00:00,2026-07-02,2,Night,Sandalwood Bar Soap,1.41,60.0,10.7,Changeover/Setup,49.3,85,64,2,62,3.02,96.88,75.29,82.17,92.07,73.29,6.59,30.03,2
PureGlow Soaps International (Fictional Dummy Company),Global Manufacturing Head - PureGlow Soaps,Asia,Japan,Nagoya,FCT011,Nagoya Soap Plant,LN0031,Line-1,2026-07-02 03:00:00,2026-07-02,3,Night,Aloe Vera Liquid Soap,0.97,60.0,13.8,Machine Breakdown,46.2,58,38,1,37,3.44,97.37,65.52,77.0,84.79,63.57,3.56,29.73,2
PureGlow Soaps International (Fictional Dummy Company),Global Manufacturing Head - PureGlow Soaps,Asia,Japan,Nagoya,FCT011,Nagoya Soap Plant,LN0032,Line-2,2026-07-02 03:00:00,2026-07-02,3,Night,Rose Bar Soap,1.27,60.0,41.6,Machine Breakdown,18.4,76,19,1,18,3.59,94.74,25.0,30.67,81.31,23.63,1.84,5.23,3
PureGlow Soaps International (Fictional Dummy Company),Global Manufacturing Head - PureGlow Soaps,Asia,Japan,Nagoya,FCT011,Nagoya Soap Plant,LN0033,Line-3,2026-07-02 03:00:00,2026-07-02,3,Night,Sandalwood Bar Soap,1.41,60.0,3.0,No Downtime,57.0,85,72,2,70,2.59,97.22,84.71,95.0,89.59,82.74,6.5,30.9,2
PureGlow Soaps International (Fictional Dummy Company),Global Manufacturing Head - PureGlow Soaps,Asia,Japan,Nagoya,FCT011,Nagoya Soap Plant,LN0031,Line-1,2026-07-02 04:00:00,2026-07-02,4,Night,Aloe Vera Liquid Soap,0.97,60.0,2.0,No Downtime,58.0,58,52,2,50,3.64,96.15,89.66,96.67,92.43,85.91,5.05,35.08,2
PureGlow Soaps International (Fictional Dummy Company),Global Manufacturing Head - PureGlow Soaps,Asia,Japan,Nagoya,FCT011,Nagoya Soap Plant,LN0032,Line-2,2026-07-02 04:00:00,2026-07-02,4,Night,Rose Bar Soap,1.27,60.0,3.3,No Downtime,56.7,76,65,3,62,4.04,95.38,85.53,94.5,90.27,81.36,6.51,14.79,3
PureGlow Soaps International (Fictional Dummy Company),Global Manufacturing Head - PureGlow Soaps,Asia,Japan,Nagoya,FCT011,Nagoya Soap Plant,LN0033,Line-3,2026-07-02 04:00:00,2026-07-02,4,Night,Sandalwood Bar Soap,1.41,60.0,0.7,No Downtime,59.3,85,77,1,76,1.01,98.7,90.59,98.83,92.09,89.83,6.58,32.14,3
PureGlow Soaps International (Fictional Dummy Company),Global Manufacturing Head - PureGlow Soaps,Asia,Japan,Nagoya,FCT011,Nagoya Soap Plant,LN0031,Line-1,2026-07-02 05:00:00,2026-07-02,5,Night,Aloe Vera Liquid Soap,0.97,60.0,0.8,No Downtime,59.2,58,54,2,52,3.87,96.3,93.1,98.67,94.04,89.36,4.86,32.66,1
PureGlow Soaps International (Fictional Dummy Company),Global Manufacturing Head - PureGlow Soaps,Asia,Japan,Nagoya,FCT011,Nagoya Soap Plant,LN0032,Line-2,2026-07-02 05:00:00,2026-07-02,5,Night,Rose Bar Soap,1.27,60.0,5.5,Changeover/Setup,54.5,76,62,2,60,3.54,96.77,81.58,90.83,89.58,78.74,6.74,13.78,1
PureGlow Soaps International (Fictional Dummy Company),Global Manufacturing Head - PureGlow Soaps,Asia,Japan,Nagoya,FCT011,Nagoya Soap Plant,LN0033,Line-3,2026-07-02 05:00:00,2026-07-02,5,Night,Sandalwood Bar Soap,1.41,60.0,6.0,Changeover/Setup,54.0,85,67,1,66,1.99,98.51,78.82,90.0,88.0,78.02,6.44,32.52,3
PureGlow Soaps International (Fictional Dummy Company),Global Manufacturing Head - PureGlow Soaps,Asia,Japan,Nagoya,FCT011,Nagoya Soap Plant,LN0031,Line-1,2026-07-02 06:00:00,2026-07-02,6,Morning,Aloe Vera Liquid Soap,0.97,60.0,30.4,Preventive Maintenance,29.6,58,28,1,27,4.91,96.43,48.28,49.33,97.52,46.39,2.76,16.4,3
PureGlow Soaps International (Fictional Dummy Company),Global Manufacturing Head - PureGlow Soaps,Asia,Japan,Nagoya,FCT011,Nagoya Soap Plant,LN0032,Line-2,2026-07-02 06:00:00,2026-07-02,6,Morning,Rose Bar Soap,1.27,60.0,23.0,Machine Breakdown,37.0,76,48,1,47,1.65,97.92,63.16,61.67,102.15,61.69,4.14,10.68,3
PureGlow Soaps International (Fictional Dummy Company),Global Manufacturing Head - PureGlow Soaps,Asia,Japan,Nagoya,FCT011,Nagoya Soap Plant,LN0033,Line-3,2026-07-02 06:00:00,2026-07-02,6,Morning,Sandalwood Bar Soap,1.41,60.0,18.9,Material Shortage,41.1,85,58,2,56,3.07,96.55,68.24,68.5,100.08,66.19,6.05,21.77,1
PureGlow Soaps International (Fictional Dummy Company),Global Manufacturing Head - PureGlow Soaps,Asia,Japan,Nagoya,FCT011,Nagoya Soap Plant,LN0031,Line-1,2026-07-02 07:00:00,2026-07-02,7,Morning,Aloe Vera Liquid Soap,0.97,60.0,21.7,Machine Breakdown,38.3,58,31,1,30,4.25,96.77,53.45,63.83,83.44,51.54,3.37,23.02,3
PureGlow Soaps International (Fictional Dummy Company),Global Manufacturing Head - PureGlow Soaps,Asia,Japan,Nagoya,FCT011,Nagoya Soap Plant,LN0032,Line-2,2026-07-02 07:00:00,2026-07-02,7,Morning,Rose Bar Soap,1.27,60.0,3.8,No Downtime,56.2,76,66,3,63,4.92,95.45,86.84,93.67,92.47,82.68,5.62,16.28,2
PureGlow Soaps International (Fictional Dummy Company),Global Manufacturing Head - PureGlow Soaps,Asia,Japan,Nagoya,FCT011,Nagoya Soap Plant,LN0033,Line-3,2026-07-02 07:00:00,2026-07-02,7,Morning,Sandalwood Bar Soap,1.41,60.0,3.0,No Downtime,57.0,85,82,2,80,2.54,97.56,96.47,95.0,102.03,94.56,7.99,28.61,1
PureGlow Soaps International (Fictional Dummy Company),Global Manufacturing Head - PureGlow Soaps,Asia,Japan,Nagoya,FCT011,Nagoya Soap Plant,LN0031,Line-1,2026-07-02 08:00:00,2026-07-02,8,Morning,Aloe Vera Liquid Soap,0.97,60.0,26.9,Material Shortage,33.1,58,31,1,30,3.56,96.77,53.45,55.17,96.55,51.55,2.84,21.73,1
PureGlow Soaps International (Fictional Dummy Company),Global Manufacturing Head - PureGlow Soaps,Asia,Japan,Nagoya,FCT011,Nagoya Soap Plant,LN0032,Line-2,2026-07-02 08:00:00,2026-07-02,8,Morning,Rose Bar Soap,1.27,60.0,0.0,No Downtime,60.0,76,68,1,67,1.89,98.53,89.47,100.0,89.24,87.93,6.86,16.86,2
PureGlow Soaps International (Fictional Dummy Company),Global Manufacturing Head - PureGlow Soaps,Asia,Japan,Nagoya,FCT011,Nagoya Soap Plant,LN0033,Line-3,2026-07-02 08:00:00,2026-07-02,8,Morning,Sandalwood Bar Soap,1.41,60.0,25.3,Machine Breakdown,34.7,85,48,2,46,4.28,95.83,56.47,57.83,98.11,54.37,5.02,19.57,2
PureGlow Soaps International (Fictional Dummy Company),Global Manufacturing Head - PureGlow Soaps,Asia,Japan,Nagoya,FCT011,Nagoya Soap Plant,LN0031,Line-1,2026-07-02 09:00:00,2026-07-02,9,Morning,Aloe Vera Liquid Soap,0.97,60.0,30.1,Preventive Maintenance,29.9,58,24,0,24,0.31,100.0,41.38,49.83,82.75,41.23,2.58,19.05,1
PureGlow Soaps International (Fictional Dummy Company),Global Manufacturing Head - PureGlow Soaps,Asia,Japan,Nagoya,FCT011,Nagoya Soap Plant,LN0032,Line-2,2026-07-02 09:00:00,2026-07-02,9,Morning,Rose Bar Soap,1.27,60.0,16.4,Material Shortage,43.6,76,53,1,52,2.74,98.11,69.74,72.67,95.72,68.25,5.81,11.43,1
PureGlow Soaps International (Fictional Dummy Company),Global Manufacturing Head - PureGlow Soaps,Asia,Japan,Nagoya,FCT011,Nagoya Soap Plant,LN0033,Line-3,2026-07-02 09:00:00,2026-07-02,9,Morning,Sandalwood Bar Soap,1.41,60.0,38.9,Preventive Maintenance,21.1,85,28,1,27,4.06,96.43,32.94,35.17,94.11,31.92,2.85,12.55,1
PureGlow Soaps International (Fictional Dummy Company),Global Manufacturing Head - PureGlow Soaps,Asia,Japan,Nagoya,FCT011,Nagoya Soap Plant,LN0031,Line-1,2026-07-02 10:00:00,2026-07-02,10,Morning,Aloe Vera Liquid Soap,0.97,60.0,0.9,No Downtime,59.1,58,47,0,47,0.16,100.0,81.03,98.5,81.99,80.76,4.23,34.91,2
PureGlow Soaps International (Fictional Dummy Company),Global Manufacturing Head - PureGlow Soaps,Asia,Japan,Nagoya,FCT011,Nagoya Soap Plant,LN0032,Line-2,2026-07-02 10:00:00,2026-07-02,10,Morning,Rose Bar Soap,1.27,60.0,13.1,Power Outage,46.9,76,56,3,53,4.62,94.64,73.68,78.17,94.02,69.56,5.49,13.68,2
PureGlow Soaps International (Fictional Dummy Company),Global Manufacturing Head - PureGlow Soaps,Asia,Japan,Nagoya,FCT011,Nagoya Soap Plant,LN0033,Line-3,2026-07-02 10:00:00,2026-07-02,10,Morning,Sandalwood Bar Soap,1.41,60.0,0.1,No Downtime,59.9,85,80,3,77,3.39,96.25,94.12,99.83,94.72,91.01,8.51,34.11,2
PureGlow Soaps International (Fictional Dummy Company),Global Manufacturing Head - PureGlow Soaps,Asia,Japan,Nagoya,FCT011,Nagoya Soap Plant,LN0031,Line-1,2026-07-02 11:00:00,2026-07-02,11,Morning,Aloe Vera Liquid Soap,0.97,60.0,23.5,Material Shortage,36.5,58,29,0,29,0.82,100.0,50.0,60.83,81.91,49.83,2.99,21.06,3
PureGlow Soaps International (Fictional Dummy Company),Global Manufacturing Head - PureGlow Soaps,Asia,Japan,Nagoya,FCT011,Nagoya Soap Plant,LN0032,Line-2,2026-07-02 11:00:00,2026-07-02,11,Morning,Rose Bar Soap,1.27,60.0,7.9,Power Outage,52.1,76,57,0,57,0.02,100.0,75.0,86.83,86.15,74.8,4.92,12.65,2
PureGlow Soaps International (Fictional Dummy Company),Global Manufacturing Head - PureGlow Soaps,Asia,Japan,Nagoya,FCT011,Nagoya Soap Plant,LN0033,Line-3,2026-07-02 11:00:00,2026-07-02,11,Morning,Sandalwood Bar Soap,1.41,60.0,1.2,No Downtime,58.8,85,79,1,78,1.83,98.73,92.94,98.0,95.29,92.2,8.49,31.79,2
PureGlow Soaps International (Fictional Dummy Company),Global Manufacturing Head - PureGlow Soaps,Asia,Japan,Nagoya,FCT011,Nagoya Soap Plant,LN0031,Line-1,2026-07-02 12:00:00,2026-07-02,12,Morning,Aloe Vera Liquid Soap,0.97,60.0,11.0,Changeover/Setup,49.0,58,42,1,41,2.62,97.62,72.41,81.67,88.37,70.45,3.65,30.06,1
PureGlow Soaps International (Fictional Dummy Company),Global Manufacturing Head - PureGlow Soaps,Asia,Japan,Nagoya,FCT011,Nagoya Soap Plant,LN0032,Line-2,2026-07-02 12:00:00,2026-07-02,12,Morning,Rose Bar Soap,1.27,60.0,15.5,Preventive Maintenance,44.5,76,49,1,48,1.95,97.96,64.47,74.17,86.7,62.99,5.25,12.99,3
PureGlow Soaps International (Fictional Dummy Company),Global Manufacturing Head - PureGlow Soaps,Asia,Japan,Nagoya,FCT011,Nagoya Soap Plant,LN0033,Line-3,2026-07-02 12:00:00,2026-07-02,12,Morning,Sandalwood Bar Soap,1.41,60.0,17.8,Quality Hold,42.2,85,61,4,57,6.47,93.44,71.76,70.33,102.52,67.37,5.35,25.01,3
PureGlow Soaps International (Fictional Dummy Company),Global Manufacturing Head - PureGlow Soaps,Asia,Japan,Nagoya,FCT011,Nagoya Soap Plant,LN0031,Line-1,2026-07-02 13:00:00,2026-07-02,13,Morning,Aloe Vera Liquid Soap,0.97,60.0,28.4,Preventive Maintenance,31.6,58,26,0,26,1.05,100.0,44.83,52.67,84.82,44.67,2.5,20.0,1
PureGlow Soaps International (Fictional Dummy Company),Global Manufacturing Head - PureGlow Soaps,Asia,Japan,Nagoya,FCT011,Nagoya Soap Plant,LN0032,Line-2,2026-07-02 13:00:00,2026-07-02,13,Morning,Rose Bar Soap,1.27,60.0,2.2,No Downtime,57.8,76,59,1,58,1.4,98.31,77.63,96.33,80.37,76.11,5.82,17.02,2
PureGlow Soaps International (Fictional Dummy Company),Global Manufacturing Head - PureGlow Soaps,Asia,Japan,Nagoya,FCT011,Nagoya Soap Plant,LN0033,Line-3,2026-07-02 13:00:00,2026-07-02,13,Morning,Sandalwood Bar Soap,1.41,60.0,30.3,Preventive Maintenance,29.7,85,39,2,37,5.5,94.87,45.88,49.5,93.13,43.73,3.9,15.82,1
PureGlow Soaps International (Fictional Dummy Company),Global Manufacturing Head - PureGlow Soaps,Asia,Japan,Nagoya,FCT011,Nagoya Soap Plant,LN0031,Line-1,2026-07-02 14:00:00,2026-07-02,14,Afternoon,Aloe Vera Liquid Soap,0.97,60.0,27.3,Power Outage,32.7,58,32,1,31,3.45,96.88,55.17,54.5,100.89,53.27,3.24,19.25,1
PureGlow Soaps International (Fictional Dummy Company),Global Manufacturing Head - PureGlow Soaps,Asia,Japan,Nagoya,FCT011,Nagoya Soap Plant,LN0032,Line-2,2026-07-02 14:00:00,2026-07-02,14,Afternoon,Rose Bar Soap,1.27,60.0,24.9,Power Outage,35.1,76,40,1,39,3.65,97.5,52.63,58.5,89.73,51.18,4.07,10.11,2
PureGlow Soaps International (Fictional Dummy Company),Global Manufacturing Head - PureGlow Soaps,Asia,Japan,Nagoya,FCT011,Nagoya Soap Plant,LN0033,Line-3,2026-07-02 14:00:00,2026-07-02,14,Afternoon,Sandalwood Bar Soap,1.41,60.0,18.5,Changeover/Setup,41.5,85,51,1,50,1.02,98.04,60.0,69.17,87.16,59.11,4.92,21.27,2
PureGlow Soaps International (Fictional Dummy Company),Global Manufacturing Head - PureGlow Soaps,Asia,Japan,Nagoya,FCT011,Nagoya Soap Plant,LN0031,Line-1,2026-07-02 15:00:00,2026-07-02,15,Afternoon,Aloe Vera Liquid Soap,0.97,60.0,34.6,Machine Breakdown,25.4,58,23,0,23,1.22,100.0,39.66,42.33,93.35,39.52,2.16,16.52,1
PureGlow Soaps International (Fictional Dummy Company),Global Manufacturing Head - PureGlow Soaps,Asia,Japan,Nagoya,FCT011,Nagoya Soap Plant,LN0032,Line-2,2026-07-02 15:00:00,2026-07-02,15,Afternoon,Rose Bar Soap,1.27,60.0,1.9,No Downtime,58.1,76,70,2,68,2.84,97.14,92.11,96.83,94.87,89.24,6.58,16.81,1
PureGlow Soaps International (Fictional Dummy Company),Global Manufacturing Head - PureGlow Soaps,Asia,Japan,Nagoya,FCT011,Nagoya Soap Plant,LN0033,Line-3,2026-07-02 15:00:00,2026-07-02,15,Afternoon,Sandalwood Bar Soap,1.41,60.0,32.7,Machine Breakdown,27.3,85,34,1,33,2.92,97.06,40.0,45.5,88.33,39.01,3.62,15.98,3
PureGlow Soaps International (Fictional Dummy Company),Global Manufacturing Head - PureGlow Soaps,Asia,Japan,Nagoya,FCT011,Nagoya Soap Plant,LN0031,Line-1,2026-07-02 16:00:00,2026-07-02,16,Afternoon,Aloe Vera Liquid Soap,0.97,60.0,18.5,Quality Hold,41.5,58,36,2,34,5.68,94.44,62.07,69.17,89.43,58.42,3.85,24.47,2
PureGlow Soaps International (Fictional Dummy Company),Global Manufacturing Head - PureGlow Soaps,Asia,Japan,Nagoya,FCT011,Nagoya Soap Plant,LN0032,Line-2,2026-07-02 16:00:00,2026-07-02,16,Afternoon,Rose Bar Soap,1.27,60.0,24.2,Material Shortage,35.8,76,37,1,36,1.74,97.3,48.68,59.67,81.38,47.25,3.64,9.02,3
PureGlow Soaps International (Fictional Dummy Company),Global Manufacturing Head - PureGlow Soaps,Asia,Japan,Nagoya,FCT011,Nagoya Soap Plant,LN0033,Line-3,2026-07-02 16:00:00,2026-07-02,16,Afternoon,Sandalwood Bar Soap,1.41,60.0,0.4,No Downtime,59.6,85,80,1,79,1.12,98.75,94.12,99.33,95.2,93.38,7.7,31.52,2
PureGlow Soaps International (Fictional Dummy Company),Global Manufacturing Head - PureGlow Soaps,Asia,Japan,Nagoya,FCT011,Nagoya Soap Plant,LN0031,Line-1,2026-07-02 17:00:00,2026-07-02,17,Afternoon,Aloe Vera Liquid Soap,0.97,60.0,39.7,Preventive Maintenance,20.3,58,16,0,16,1.93,100.0,27.59,33.83,81.26,27.49,1.75,13.29,3
PureGlow Soaps International (Fictional Dummy Company),Global Manufacturing Head - PureGlow Soaps,Asia,Japan,Nagoya,FCT011,Nagoya Soap Plant,LN0032,Line-2,2026-07-02 17:00:00,2026-07-02,17,Afternoon,Rose Bar Soap,1.27,60.0,24.3,Staff Shortage,35.7,76,39,0,39,0.82,100.0,51.32,59.5,86.02,51.18,3.58,10.52,1
PureGlow Soaps International (Fictional Dummy Company),Global Manufacturing Head - PureGlow Soaps,Asia,Japan,Nagoya,FCT011,Nagoya Soap Plant,LN0033,Line-3,2026-07-02 17:00:00,2026-07-02,17,Afternoon,Sandalwood Bar Soap,1.41,60.0,3.7,No Downtime,56.3,85,81,1,80,1.25,98.77,95.29,93.83,102.04,94.57,8.46,28.34,1
PureGlow Soaps International (Fictional Dummy Company),Global Manufacturing Head - PureGlow Soaps,Asia,Japan,Nagoya,FCT011,Nagoya Soap Plant,LN0031,Line-1,2026-07-02 18:00:00,2026-07-02,18,Afternoon,Aloe Vera Liquid Soap,0.97,60.0,3.0,No Downtime,57.0,58,53,2,51,3.82,96.23,91.38,95.0,95.86,87.63,4.8,33.53,2
PureGlow Soaps International (Fictional Dummy Company),Global Manufacturing Head - PureGlow Soaps,Asia,Japan,Nagoya,FCT011,Nagoya Soap Plant,LN0032,Line-2,2026-07-02 18:00:00,2026-07-02,18,Afternoon,Rose Bar Soap,1.27,60.0,1.2,No Downtime,58.8,76,67,2,65,2.53,97.01,88.16,98.0,89.72,85.3,7.3,15.12,3
PureGlow Soaps International (Fictional Dummy Company),Global Manufacturing Head - PureGlow Soaps,Asia,Japan,Nagoya,FCT011,Nagoya Soap Plant,LN0033,Line-3,2026-07-02 18:00:00,2026-07-02,18,Afternoon,Sandalwood Bar Soap,1.41,60.0,35.7,Machine Breakdown,24.3,85,31,1,30,1.79,96.77,36.47,40.5,90.48,35.46,3.08,12.83,2
PureGlow Soaps International (Fictional Dummy Company),Global Manufacturing Head - PureGlow Soaps,Asia,Japan,Nagoya,FCT011,Nagoya Soap Plant,LN0031,Line-1,2026-07-02 19:00:00,2026-07-02,19,Afternoon,Aloe Vera Liquid Soap,0.97,60.0,37.6,Preventive Maintenance,22.4,58,18,0,18,1.94,100.0,31.03,37.33,82.84,30.92,1.61,14.61,1
PureGlow Soaps International (Fictional Dummy Company),Global Manufacturing Head - PureGlow Soaps,Asia,Japan,Nagoya,FCT011,Nagoya Soap Plant,LN0032,Line-2,2026-07-02 19:00:00,2026-07-02,19,Afternoon,Rose Bar Soap,1.27,60.0,26.1,Machine Breakdown,33.9,76,43,1,42,3.11,97.67,56.58,56.5,99.88,55.12,3.93,9.7,3
PureGlow Soaps International (Fictional Dummy Company),Global Manufacturing Head - PureGlow Soaps,Asia,Japan,Nagoya,FCT011,Nagoya Soap Plant,LN0033,Line-3,2026-07-02 19:00:00,2026-07-02,19,Afternoon,Sandalwood Bar Soap,1.41,60.0,10.8,Power Outage,49.2,85,67,2,65,3.21,97.01,78.82,82.0,96.58,76.83,6.85,25.16,1
PureGlow Soaps International (Fictional Dummy Company),Global Manufacturing Head - PureGlow Soaps,Asia,Japan,Nagoya,FCT011,Nagoya Soap Plant,LN0031,Line-1,2026-07-02 20:00:00,2026-07-02,20,Afternoon,Aloe Vera Liquid Soap,0.97,60.0,41.8,Machine Breakdown,18.2,58,18,0,18,0.91,100.0,31.03,30.33,101.96,30.92,1.85,11.69,2
PureGlow Soaps International (Fictional Dummy Company),Global Manufacturing Head - PureGlow Soaps,Asia,Japan,Nagoya,FCT011,Nagoya Soap Plant,LN0032,Line-2,2026-07-02 20:00:00,2026-07-02,20,Afternoon,Rose Bar Soap,1.27,60.0,2.6,No Downtime,57.4,76,75,2,73,2.36,97.33,98.68,95.67,102.88,95.8,7.67,16.56,2
PureGlow Soaps International (Fictional Dummy Company),Global Manufacturing Head - PureGlow Soaps,Asia,Japan,Nagoya,FCT011,Nagoya Soap Plant,LN0033,Line-3,2026-07-02 20:00:00,2026-07-02,20,Afternoon,Sandalwood Bar Soap,1.41,60.0,0.2,No Downtime,59.8,85,72,2,70,2.94,97.22,84.71,99.67,85.39,82.74,7.7,34.32,3
PureGlow Soaps International (Fictional Dummy Company),Global Manufacturing Head - PureGlow Soaps,Asia,Japan,Nagoya,FCT011,Nagoya Soap Plant,LN0031,Line-1,2026-07-02 21:00:00,2026-07-02,21,Afternoon,Aloe Vera Liquid Soap,0.97,60.0,7.9,Power Outage,52.1,58,44,1,43,2.78,97.73,75.86,86.83,87.06,73.88,4.11,33.6,1
PureGlow Soaps International (Fictional Dummy Company),Global Manufacturing Head - PureGlow Soaps,Asia,Japan,Nagoya,FCT011,Nagoya Soap Plant,LN0032,Line-2,2026-07-02 21:00:00,2026-07-02,21,Afternoon,Rose Bar Soap,1.27,60.0,9.3,Power Outage,50.7,76,55,3,52,5.12,94.55,72.37,84.5,85.42,68.25,5.24,14.86,3
PureGlow Soaps International (Fictional Dummy Company),Global Manufacturing Head - PureGlow Soaps,Asia,Japan,Nagoya,FCT011,Nagoya Soap Plant,LN0033,Line-3,2026-07-02 21:00:00,2026-07-02,21,Afternoon,Sandalwood Bar Soap,1.41,60.0,26.4,Material Shortage,33.6,85,46,1,45,2.74,97.83,54.12,56.0,97.1,53.2,4.44,20.17,3
PureGlow Soaps International (Fictional Dummy Company),Global Manufacturing Head - PureGlow Soaps,Asia,Japan,Nagoya,FCT011,Nagoya Soap Plant,LN0031,Line-1,2026-07-02 22:00:00,2026-07-02,22,Night,Aloe Vera Liquid Soap,0.97,60.0,7.2,Quality Hold,52.8,58,45,4,41,9.97,91.11,77.59,88.0,87.86,70.44,4.51,32.03,3
PureGlow Soaps International (Fictional Dummy Company),Global Manufacturing Head - PureGlow Soaps,Asia,Japan,Nagoya,FCT011,Nagoya Soap Plant,LN0032,Line-2,2026-07-02 22:00:00,2026-07-02,22,Night,Rose Bar Soap,1.27,60.0,19.2,Power Outage,40.8,76,49,2,47,4.3,95.92,64.47,68.0,94.57,61.68,4.4,11.33,2
PureGlow Soaps International (Fictional Dummy Company),Global Manufacturing Head - PureGlow Soaps,Asia,Japan,Nagoya,FCT011,Nagoya Soap Plant,LN0033,Line-3,2026-07-02 22:00:00,2026-07-02,22,Night,Sandalwood Bar Soap,1.41,60.0,3.0,No Downtime,57.0,85,79,4,75,4.58,94.94,92.94,95.0,98.3,88.66,6.92,34.48,2
PureGlow Soaps International (Fictional Dummy Company),Global Manufacturing Head - PureGlow Soaps,Asia,Japan,Nagoya,FCT011,Nagoya Soap Plant,LN0031,Line-1,2026-07-02 23:00:00,2026-07-02,23,Night,Aloe Vera Liquid Soap,0.97,60.0,27.7,Material Shortage,32.3,58,28,1,27,3.11,96.43,48.28,53.83,89.37,46.39,2.87,18.2,3
PureGlow Soaps International (Fictional Dummy Company),Global Manufacturing Head - PureGlow Soaps,Asia,Japan,Nagoya,FCT011,Nagoya Soap Plant,LN0032,Line-2,2026-07-02 23:00:00,2026-07-02,23,Night,Rose Bar Soap,1.27,60.0,0.3,No Downtime,59.7,76,64,2,62,2.42,96.88,84.21,99.5,84.41,81.37,6.2,15.49,1
PureGlow Soaps International (Fictional Dummy Company),Global Manufacturing Head - PureGlow Soaps,Asia,Japan,Nagoya,FCT011,Nagoya Soap Plant,LN0033,Line-3,2026-07-02 23:00:00,2026-07-02,23,Night,Sandalwood Bar Soap,1.41,60.0,1.0,No Downtime,59.0,85,80,2,78,2.9,97.5,94.12,98.33,96.17,92.2,7.12,30.96,2
PureGlow Soaps International (Fictional Dummy Company),Global Manufacturing Head - PureGlow Soaps,Asia,Japan,Nagoya,FCT011,Nagoya Soap Plant,LN0031,Line-1,2026-07-03 00:00:00,2026-07-03,0,Night,Lavender Bar Soap,0.97,60.0,2.5,No Downtime,57.5,58,52,2,50,3.81,96.15,89.66,95.83,93.23,85.9,4.73,33.9,3
PureGlow Soaps International (Fictional Dummy Company),Global Manufacturing Head - PureGlow Soaps,Asia,Japan,Nagoya,FCT011,Nagoya Soap Plant,LN0032,Line-2,2026-07-03 00:00:00,2026-07-03,0,Night,Coconut Bar Soap,1.27,60.0,1.7,No Downtime,58.3,76,66,2,64,2.98,96.97,86.84,97.17,89.14,83.99,6.36,14.36,3
PureGlow Soaps International (Fictional Dummy Company),Global Manufacturing Head - PureGlow Soaps,Asia,Japan,Nagoya,FCT011,Nagoya Soap Plant,LN0033,Line-3,2026-07-03 00:00:00,2026-07-03,0,Night,Rose Bar Soap,1.41,60.0,1.1,No Downtime,58.9,85,73,2,71,2.62,97.26,85.88,98.17,87.9,83.93,7.13,31.05,1
PureGlow Soaps International (Fictional Dummy Company),Global Manufacturing Head - PureGlow Soaps,Asia,Japan,Nagoya,FCT011,Nagoya Soap Plant,LN0031,Line-1,2026-07-03 01:00:00,2026-07-03,1,Night,Lavender Bar Soap,0.97,60.0,8.9,Quality Hold,51.1,58,49,4,45,8.98,91.84,84.48,85.17,98.86,77.33,4.49,32.03,3
PureGlow Soaps International (Fictional Dummy Company),Global Manufacturing Head - PureGlow Soaps,Asia,Japan,Nagoya,FCT011,Nagoya Soap Plant,LN0032,Line-2,2026-07-03 01:00:00,2026-07-03,1,Night,Coconut Bar Soap,1.27,60.0,9.4,Staff Shortage,50.6,76,58,1,57,1.85,98.28,76.32,84.33,90.26,74.81,5.89,13.05,1
PureGlow Soaps International (Fictional Dummy Company),Global Manufacturing Head - PureGlow Soaps,Asia,Japan,Nagoya,FCT011,Nagoya Soap Plant,LN0033,Line-3,2026-07-03 01:00:00,2026-07-03,1,Night,Rose Bar Soap,1.41,60.0,0.7,No Downtime,59.3,85,82,3,79,3.72,96.34,96.47,98.83,98.07,93.38,8.32,35.56,2
PureGlow Soaps International (Fictional Dummy Company),Global Manufacturing Head - PureGlow Soaps,Asia,Japan,Nagoya,FCT011,Nagoya Soap Plant,LN0031,Line-1,2026-07-03 02:00:00,2026-07-03,2,Night,Lavender Bar Soap,0.97,60.0,5.2,Changeover/Setup,54.8,58,51,2,49,3.2,96.08,87.93,91.33,95.94,84.19,5.53,31.78,1
PureGlow Soaps International (Fictional Dummy Company),Global Manufacturing Head - PureGlow Soaps,Asia,Japan,Nagoya,FCT011,Nagoya Soap Plant,LN0032,Line-2,2026-07-03 02:00:00,2026-07-03,2,Night,Coconut Bar Soap,1.27,60.0,23.9,Material Shortage,36.1,76,40,2,38,3.75,95.0,52.63,60.17,87.25,49.87,4.26,10.08,2
PureGlow Soaps International (Fictional Dummy Company),Global Manufacturing Head - PureGlow Soaps,Asia,Japan,Nagoya,FCT011,Nagoya Soap Plant,LN0033,Line-3,2026-07-03 02:00:00,2026-07-03,2,Night,Rose Bar Soap,1.41,60.0,2.5,No Downtime,57.5,85,66,2,64,2.93,96.97,77.65,95.83,81.41,75.65,5.73,33.19,1
PureGlow Soaps International (Fictional Dummy Company),Global Manufacturing Head - PureGlow Soaps,Asia,Japan,Nagoya,FCT011,Nagoya Soap Plant,LN0031,Line-1,2026-07-03 03:00:00,2026-07-03,3,Night,Lavender Bar Soap,0.97,60.0,1.7,No Downtime,58.3,58,54,1,53,2.33,98.15,93.1,97.17,95.49,91.07,4.94,33.78,1
PureGlow Soaps International (Fictional Dummy Company),Global Manufacturing Head - PureGlow Soaps,Asia,Japan,Nagoya,FCT011,Nagoya Soap Plant,LN0032,Line-2,2026-07-03 03:00:00,2026-07-03,3,Night,Coconut Bar Soap,1.27,60.0,29.1,Preventive Maintenance,30.9,76,33,1,32,1.9,96.97,43.42,51.5,84.09,41.99,3.07,8.98,3
PureGlow Soaps International (Fictional Dummy Company),Global Manufacturing Head - PureGlow Soaps,Asia,Japan,Nagoya,FCT011,Nagoya Soap Plant,LN0033,Line-3,2026-07-03 03:00:00,2026-07-03,3,Night,Rose Bar Soap,1.41,60.0,2.4,No Downtime,57.6,85,79,3,76,3.38,96.2,92.94,96.0,97.27,89.83,7.69,29.34,2
PureGlow Soaps International (Fictional Dummy Company),Global Manufacturing Head - PureGlow Soaps,Asia,Japan,Nagoya,FCT011,Nagoya Soap Plant,LN0031,Line-1,2026-07-03 04:00:00,2026-07-03,4,Night,Lavender Bar Soap,0.97,60.0,2.9,No Downtime,57.1,58,56,1,55,1.33,98.21,96.55,95.17,101.11,94.5,4.84,34.64,1
PureGlow Soaps International (Fictional Dummy Company),Global Manufacturing Head - PureGlow Soaps,Asia,Japan,Nagoya,FCT011,Nagoya Soap Plant,LN0032,Line-2,2026-07-03 04:00:00,2026-07-03,4,Night,Coconut Bar Soap,1.27,60.0,17.7,Machine Breakdown,42.3,76,43,1,42,2.25,97.67,56.58,70.5,80.04,55.11,3.93,12.09,2
PureGlow Soaps International (Fictional Dummy Company),Global Manufacturing Head - PureGlow Soaps,Asia,Japan,Nagoya,FCT011,Nagoya Soap Plant,LN0033,Line-3,2026-07-03 04:00:00,2026-07-03,4,Night,Rose Bar Soap,1.41,60.0,26.4,Preventive Maintenance,33.6,85,46,3,43,6.2,93.48,54.12,56.0,97.1,50.83,4.44,20.01,1
PureGlow Soaps International (Fictional Dummy Company),Global Manufacturing Head - PureGlow Soaps,Asia,Japan,Nagoya,FCT011,Nagoya Soap Plant,LN0031,Line-1,2026-07-03 05:00:00,2026-07-03,5,Night,Lavender Bar Soap,0.97,60.0,11.6,Power Outage,48.4,58,44,1,43,2.47,97.73,75.86,80.67,93.72,73.89,4.67,30.22,3
PureGlow Soaps International (Fictional Dummy Company),Global Manufacturing Head - PureGlow Soaps,Asia,Japan,Nagoya,FCT011,Nagoya Soap Plant,LN0032,Line-2,2026-07-03 05:00:00,2026-07-03,5,Night,Coconut Bar Soap,1.27,60.0,18.7,Changeover/Setup,41.3,76,43,1,42,2.81,97.67,56.58,68.83,81.98,55.11,3.99,10.78,1
PureGlow Soaps International (Fictional Dummy Company),Global Manufacturing Head - PureGlow Soaps,Asia,Japan,Nagoya,FCT011,Nagoya Soap Plant,LN0033,Line-3,2026-07-03 05:00:00,2026-07-03,5,Night,Rose Bar Soap,1.41,60.0,4.0,No Downtime,56.0,85,76,2,74,2.89,97.37,89.41,93.33,96.25,87.47,6.99,32.04,3
PureGlow Soaps International (Fictional Dummy Company),Global Manufacturing Head - PureGlow Soaps,Asia,Japan,Nagoya,FCT011,Nagoya Soap Plant,LN0031,Line-1,2026-07-03 06:00:00,2026-07-03,6,Morning,Lavender Bar Soap,0.97,60.0,39.7,Preventive Maintenance,20.3,58,16,1,15,3.54,93.75,27.59,33.83,81.26,25.77,1.59,11.46,2
PureGlow Soaps International (Fictional Dummy Company),Global Manufacturing Head - PureGlow Soaps,Asia,Japan,Nagoya,FCT011,Nagoya Soap Plant,LN0032,Line-2,2026-07-03 06:00:00,2026-07-03,6,Morning,Coconut Bar Soap,1.27,60.0,11.7,Material Shortage,48.3,76,50,2,48,3.31,96.0,65.79,80.5,81.51,62.99,5.24,11.94,3
PureGlow Soaps International (Fictional Dummy Company),Global Manufacturing Head - PureGlow Soaps,Asia,Japan,Nagoya,FCT011,Nagoya Soap Plant,LN0033,Line-3,2026-07-03 06:00:00,2026-07-03,6,Morning,Rose Bar Soap,1.41,60.0,11.8,Changeover/Setup,48.2,85,58,1,57,1.28,98.28,68.24,80.33,85.34,67.37,5.07,24.3,3
PureGlow Soaps International (Fictional Dummy Company),Global Manufacturing Head - PureGlow Soaps,Asia,Japan,Nagoya,FCT011,Nagoya Soap Plant,LN0031,Line-1,2026-07-03 07:00:00,2026-07-03,7,Morning,Lavender Bar Soap,0.97,60.0,3.6,No Downtime,56.4,58,46,2,44,4.66,95.65,79.31,94.0,84.08,75.6,4.88,31.81,3
PureGlow Soaps International (Fictional Dummy Company),Global Manufacturing Head - PureGlow Soaps,Asia,Japan,Nagoya,FCT011,Nagoya Soap Plant,LN0032,Line-2,2026-07-03 07:00:00,2026-07-03,7,Morning,Coconut Bar Soap,1.27,60.0,17.3,Quality Hold,42.7,76,49,4,45,7.64,91.84,64.47,71.17,90.36,59.06,4.4,12.23,2
PureGlow Soaps International (Fictional Dummy Company),Global Manufacturing Head - PureGlow Soaps,Asia,Japan,Nagoya,FCT011,Nagoya Soap Plant,LN0033,Line-3,2026-07-03 07:00:00,2026-07-03,7,Morning,Rose Bar Soap,1.41,60.0,1.7,No Downtime,58.3,85,82,2,80,2.19,97.56,96.47,97.17,99.75,94.56,8.72,33.49,1
PureGlow Soaps International (Fictional Dummy Company),Global Manufacturing Head - PureGlow Soaps,Asia,Japan,Nagoya,FCT011,Nagoya Soap Plant,LN0031,Line-1,2026-07-03 08:00:00,2026-07-03,8,Morning,Lavender Bar Soap,0.97,60.0,28.8,Preventive Maintenance,31.2,58,25,1,24,2.32,96.0,43.1,52.0,82.61,41.24,2.5,19.25,1
PureGlow Soaps International (Fictional Dummy Company),Global Manufacturing Head - PureGlow Soaps,Asia,Japan,Nagoya,FCT011,Nagoya Soap Plant,LN0032,Line-2,2026-07-03 08:00:00,2026-07-03,8,Morning,Coconut Bar Soap,1.27,60.0,22.6,Material Shortage,37.4,76,45,0,45,1.06,100.0,59.21,62.33,94.74,59.05,4.9,10.13,2
PureGlow Soaps International (Fictional Dummy Company),Global Manufacturing Head - PureGlow Soaps,Asia,Japan,Nagoya,FCT011,Nagoya Soap Plant,LN0033,Line-3,2026-07-03 08:00:00,2026-07-03,8,Morning,Rose Bar Soap,1.41,60.0,7.9,Changeover/Setup,52.1,85,61,2,59,3.69,96.72,71.76,86.83,83.04,69.74,5.63,26.22,1
PureGlow Soaps International (Fictional Dummy Company),Global Manufacturing Head - PureGlow Soaps,Asia,Japan,Nagoya,FCT011,Nagoya Soap Plant,LN0031,Line-1,2026-07-03 09:00:00,2026-07-03,9,Morning,Lavender Bar Soap,0.97,60.0,0.2,No Downtime,59.8,58,47,1,46,1.62,97.87,81.03,99.67,81.03,79.04,5.05,36.39,2
PureGlow Soaps International (Fictional Dummy Company),Global Manufacturing Head - PureGlow Soaps,Asia,Japan,Nagoya,FCT011,Nagoya Soap Plant,LN0032,Line-2,2026-07-03 09:00:00,2026-07-03,9,Morning,Coconut Bar Soap,1.27,60.0,33.4,Preventive Maintenance,26.6,76,34,1,33,1.51,97.06,44.74,44.33,100.65,43.31,3.43,7.06,1
PureGlow Soaps International (Fictional Dummy Company),Global Manufacturing Head - PureGlow Soaps,Asia,Japan,Nagoya,FCT011,Nagoya Soap Plant,LN0033,Line-3,2026-07-03 09:00:00,2026-07-03,9,Morning,Rose Bar Soap,1.41,60.0,0.9,No Downtime,59.1,85,68,3,65,4.77,95.59,80.0,98.5,81.6,76.83,6.68,35.95,1
PureGlow Soaps International (Fictional Dummy Company),Global Manufacturing Head - PureGlow Soaps,Asia,Japan,Nagoya,FCT011,Nagoya Soap Plant,LN0031,Line-1,2026-07-03 10:00:00,2026-07-03,10,Morning,Lavender Bar Soap,0.97,60.0,1.2,No Downtime,58.8,58,54,2,52,4.18,96.3,93.1,98.0,94.68,89.35,5.15,38.92,3
PureGlow Soaps International (Fictional Dummy Company),Global Manufacturing Head - PureGlow Soaps,Asia,Japan,Nagoya,FCT011,Nagoya Soap Plant,LN0032,Line-2,2026-07-03 10:00:00,2026-07-03,10,Morning,Coconut Bar Soap,1.27,60.0,26.7,Power Outage,33.3,76,38,0,38,1.09,100.0,50.0,55.5,89.85,49.87,3.3,8.09,2
PureGlow Soaps International (Fictional Dummy Company),Global Manufacturing Head - PureGlow Soaps,Asia,Japan,Nagoya,FCT011,Nagoya Soap Plant,LN0033,Line-3,2026-07-03 10:00:00,2026-07-03,10,Morning,Rose Bar Soap,1.41,60.0,2.3,No Downtime,57.7,85,82,3,79,3.94,96.34,96.47,96.17,100.79,93.38,7.94,29.47,3
PureGlow Soaps International (Fictional Dummy Company),Global Manufacturing Head - PureGlow Soaps,Asia,Japan,Nagoya,FCT011,Nagoya Soap Plant,LN0031,Line-1,2026-07-03 11:00:00,2026-07-03,11,Morning,Lavender Bar Soap,0.97,60.0,11.7,Power Outage,48.3,58,45,1,44,2.48,97.78,77.59,80.5,96.05,75.6,4.88,26.84,3
PureGlow Soaps International (Fictional Dummy Company),Global Manufacturing Head - PureGlow Soaps,Asia,Japan,Nagoya,FCT011,Nagoya Soap Plant,LN0032,Line-2,2026-07-03 11:00:00,2026-07-03,11,Morning,Coconut Bar Soap,1.27,60.0,3.4,No Downtime,56.6,76,61,3,58,4.35,95.08,80.26,94.33,84.86,76.11,5.19,15.76,1
PureGlow Soaps International (Fictional Dummy Company),Global Manufacturing Head - PureGlow Soaps,Asia,Japan,Nagoya,FCT011,Nagoya Soap Plant,LN0033,Line-3,2026-07-03 11:00:00,2026-07-03,11,Morning,Rose Bar Soap,1.41,60.0,7.8,Changeover/Setup,52.2,85,60,2,58,2.72,96.67,70.59,87.0,81.52,68.56,5.14,29.76,3
PureGlow Soaps International (Fictional Dummy Company),Global Manufacturing Head - PureGlow Soaps,Asia,Japan,Nagoya,FCT011,Nagoya Soap Plant,LN0031,Line-1,2026-07-03 12:00:00,2026-07-03,12,Morning,Lavender Bar Soap,0.97,60.0,0.1,No Downtime,59.9,58,59,1,58,1.99,98.31,101.72,99.83,101.54,99.65,5.97,34.59,1
PureGlow Soaps International (Fictional Dummy Company),Global Manufacturing Head - PureGlow Soaps,Asia,Japan,Nagoya,FCT011,Nagoya Soap Plant,LN0032,Line-2,2026-07-03 12:00:00,2026-07-03,12,Morning,Coconut Bar Soap,1.27,60.0,25.4,Power Outage,34.6,76,38,2,36,5.05,94.74,50.0,57.67,86.48,47.25,3.68,9.79,2
PureGlow Soaps International (Fictional Dummy Company),Global Manufacturing Head - PureGlow Soaps,Asia,Japan,Nagoya,FCT011,Nagoya Soap Plant,LN0033,Line-3,2026-07-03 12:00:00,2026-07-03,12,Morning,Rose Bar Soap,1.41,60.0,1.8,No Downtime,58.2,85,82,0,82,0.43,100.0,96.47,97.0,99.92,96.92,7.13,34.95,3
PureGlow Soaps International (Fictional Dummy Company),Global Manufacturing Head - PureGlow Soaps,Asia,Japan,Nagoya,FCT011,Nagoya Soap Plant,LN0031,Line-1,2026-07-03 13:00:00,2026-07-03,13,Morning,Lavender Bar Soap,0.97,60.0,2.3,No Downtime,57.7,58,52,2,50,3.4,96.15,89.66,96.17,92.91,85.91,5.1,34.34,1
PureGlow Soaps International (Fictional Dummy Company),Global Manufacturing Head - PureGlow Soaps,Asia,Japan,Nagoya,FCT011,Nagoya Soap Plant,LN0032,Line-2,2026-07-03 13:00:00,2026-07-03,13,Morning,Coconut Bar Soap,1.27,60.0,19.1,Changeover/Setup,40.9,76,47,1,46,2.84,97.87,61.84,68.17,90.48,60.37,4.07,10.07,2
PureGlow Soaps International (Fictional Dummy Company),Global Manufacturing Head - PureGlow Soaps,Asia,Japan,Nagoya,FCT011,Nagoya Soap Plant,LN0033,Line-3,2026-07-03 13:00:00,2026-07-03,13,Morning,Rose Bar Soap,1.41,60.0,30.8,Machine Breakdown,29.2,85,38,2,36,5.01,94.74,44.71,48.67,92.3,42.56,3.6,17.61,2
PureGlow Soaps International (Fictional Dummy Company),Global Manufacturing Head - PureGlow Soaps,Asia,Japan,Nagoya,FCT011,Nagoya Soap Plant,LN0031,Line-1,2026-07-03 14:00:00,2026-07-03,14,Afternoon,Lavender Bar Soap,0.97,60.0,14.2,Changeover/Setup,45.8,58,42,2,40,4.8,95.24,72.41,76.33,94.54,68.73,3.89,27.47,3
PureGlow Soaps International (Fictional Dummy Company),Global Manufacturing Head - PureGlow Soaps,Asia,Japan,Nagoya,FCT011,Nagoya Soap Plant,LN0032,Line-2,2026-07-03 14:00:00,2026-07-03,14,Afternoon,Coconut Bar Soap,1.27,60.0,2.3,No Downtime,57.7,76,64,3,61,4.6,95.31,84.21,96.17,87.34,80.06,5.55,16.29,3
PureGlow Soaps International (Fictional Dummy Company),Global Manufacturing Head - PureGlow Soaps,Asia,Japan,Nagoya,FCT011,Nagoya Soap Plant,LN0033,Line-3,2026-07-03 14:00:00,2026-07-03,14,Afternoon,Rose Bar Soap,1.41,60.0,1.1,No Downtime,58.9,85,83,4,79,5.41,95.18,97.65,98.17,99.94,93.38,9.11,32.14,3
PureGlow Soaps International (Fictional Dummy Company),Global Manufacturing Head - PureGlow Soaps,Asia,Japan,Nagoya,FCT011,Nagoya Soap Plant,LN0031,Line-1,2026-07-03 15:00:00,2026-07-03,15,Afternoon,Lavender Bar Soap,0.97,60.0,6.3,Power Outage,53.7,58,47,1,46,2.0,97.87,81.03,89.5,90.23,79.04,4.93,31.83,1
PureGlow Soaps International (Fictional Dummy Company),Global Manufacturing Head - PureGlow Soaps,Asia,Japan,Nagoya,FCT011,Nagoya Soap Plant,LN0032,Line-2,2026-07-03 15:00:00,2026-07-03,15,Afternoon,Coconut Bar Soap,1.27,60.0,2.0,No Downtime,58.0,76,68,3,65,4.84,95.59,89.47,96.67,92.32,85.31,6.7,14.05,3
PureGlow Soaps International (Fictional Dummy Company),Global Manufacturing Head - PureGlow Soaps,Asia,Japan,Nagoya,FCT011,Nagoya Soap Plant,LN0033,Line-3,2026-07-03 15:00:00,2026-07-03,15,Afternoon,Rose Bar Soap,1.41,60.0,39.4,Machine Breakdown,20.6,85,23,1,22,3.68,95.65,27.06,34.33,79.18,26.0,2.2,11.36,1
PureGlow Soaps International (Fictional Dummy Company),Global Manufacturing Head - PureGlow Soaps,Asia,Japan,Nagoya,FCT011,Nagoya Soap Plant,LN0031,Line-1,2026-07-03 16:00:00,2026-07-03,16,Afternoon,Lavender Bar Soap,0.97,60.0,0.2,No Downtime,59.8,58,58,1,57,2.22,98.28,100.0,99.67,99.99,97.95,5.21,37.26,2
PureGlow Soaps International (Fictional Dummy Company),Global Manufacturing Head - PureGlow Soaps,Asia,Japan,Nagoya,FCT011,Nagoya Soap Plant,LN0032,Line-2,2026-07-03 16:00:00,2026-07-03,16,Afternoon,Coconut Bar Soap,1.27,60.0,2.8,No Downtime,57.2,76,73,2,71,2.66,97.26,96.05,95.33,100.49,93.17,6.57,16.75,3
PureGlow Soaps International (Fictional Dummy Company),Global Manufacturing Head - PureGlow Soaps,Asia,Japan,Nagoya,FCT011,Nagoya Soap Plant,LN0033,Line-3,2026-07-03 16:00:00,2026-07-03,16,Afternoon,Rose Bar Soap,1.41,60.0,10.1,Quality Hold,49.9,85,69,6,63,8.66,91.3,81.18,83.17,98.07,74.47,6.13,26.22,3
PureGlow Soaps International (Fictional Dummy Company),Global Manufacturing Head - PureGlow Soaps,Asia,Japan,Nagoya,FCT011,Nagoya Soap Plant,LN0031,Line-1,2026-07-03 17:00:00,2026-07-03,17,Afternoon,Lavender Bar Soap,0.97,60.0,20.4,Staff Shortage,39.6,58,39,1,38,3.71,97.44,67.24,66.0,101.53,65.29,4.1,24.81,3
PureGlow Soaps International (Fictional Dummy Company),Global Manufacturing Head - PureGlow Soaps,Asia,Japan,Nagoya,FCT011,Nagoya Soap Plant,LN0032,Line-2,2026-07-03 17:00:00,2026-07-03,17,Afternoon,Coconut Bar Soap,1.27,60.0,2.7,No Downtime,57.3,76,71,2,69,2.9,97.18,93.42,95.5,97.57,90.55,6.76,15.58,2
PureGlow Soaps International (Fictional Dummy Company),Global Manufacturing Head - PureGlow Soaps,Asia,Japan,Nagoya,FCT011,Nagoya Soap Plant,LN0033,Line-3,2026-07-03 17:00:00,2026-07-03,17,Afternoon,Rose Bar Soap,1.41,60.0,18.2,Quality Hold,41.8,85,52,5,47,9.35,90.38,61.18,69.67,88.23,55.56,5.14,22.24,1
PureGlow Soaps International (Fictional Dummy Company),Global Manufacturing Head - PureGlow Soaps,Asia,Japan,Nagoya,FCT011,Nagoya Soap Plant,LN0031,Line-1,2026-07-03 18:00:00,2026-07-03,18,Afternoon,Lavender Bar Soap,0.97,60.0,20.1,Power Outage,39.9,58,40,1,39,3.24,97.5,68.97,66.5,103.35,67.01,4.25,24.15,2
PureGlow Soaps International (Fictional Dummy Company),Global Manufacturing Head - PureGlow Soaps,Asia,Japan,Nagoya,FCT011,Nagoya Soap Plant,LN0032,Line-2,2026-07-03 18:00:00,2026-07-03,18,Afternoon,Coconut Bar Soap,1.27,60.0,22.0,Material Shortage,38.0,76,40,2,38,4.0,95.0,52.63,63.33,82.88,49.86,3.43,10.54,1
PureGlow Soaps International (Fictional Dummy Company),Global Manufacturing Head - PureGlow Soaps,Asia,Japan,Nagoya,FCT011,Nagoya Soap Plant,LN0033,Line-3,2026-07-03 18:00:00,2026-07-03,18,Afternoon,Rose Bar Soap,1.41,60.0,12.8,Changeover/Setup,47.2,85,59,2,57,2.85,96.61,69.41,78.67,88.65,67.38,5.27,24.36,1
PureGlow Soaps International (Fictional Dummy Company),Global Manufacturing Head - PureGlow Soaps,Asia,Japan,Nagoya,FCT011,Nagoya Soap Plant,LN0031,Line-1,2026-07-03 19:00:00,2026-07-03,19,Afternoon,Lavender Bar Soap,0.97,60.0,5.8,Changeover/Setup,54.2,58,54,2,52,4.31,96.3,93.1,90.33,102.71,89.35,4.6,32.27,1
PureGlow Soaps International (Fictional Dummy Company),Global Manufacturing Head - PureGlow Soaps,Asia,Japan,Nagoya,FCT011,Nagoya Soap Plant,LN0032,Line-2,2026-07-03 19:00:00,2026-07-03,19,Afternoon,Coconut Bar Soap,1.27,60.0,16.8,Changeover/Setup,43.2,76,56,2,54,2.97,96.43,73.68,72.0,102.07,70.87,6.03,11.61,3
PureGlow Soaps International (Fictional Dummy Company),Global Manufacturing Head - PureGlow Soaps,Asia,Japan,Nagoya,FCT011,Nagoya Soap Plant,LN0033,Line-3,2026-07-03 19:00:00,2026-07-03,19,Afternoon,Rose Bar Soap,1.41,60.0,0.3,No Downtime,59.7,85,68,3,65,4.28,95.59,80.0,99.5,80.78,76.83,7.13,34.92,2
PureGlow Soaps International (Fictional Dummy Company),Global Manufacturing Head - PureGlow Soaps,Asia,Japan,Nagoya,FCT011,Nagoya Soap Plant,LN0031,Line-1,2026-07-03 20:00:00,2026-07-03,20,Afternoon,Lavender Bar Soap,0.97,60.0,32.0,Preventive Maintenance,28.0,58,26,1,25,3.44,96.15,44.83,46.67,95.73,42.96,2.77,18.2,3
PureGlow Soaps International (Fictional Dummy Company),Global Manufacturing Head - PureGlow Soaps,Asia,Japan,Nagoya,FCT011,Nagoya Soap Plant,LN0032,Line-2,2026-07-03 20:00:00,2026-07-03,20,Afternoon,Coconut Bar Soap,1.27,60.0,0.9,No Downtime,59.1,76,72,1,71,1.85,98.61,94.74,98.5,95.93,93.18,6.73,16.46,1
PureGlow Soaps International (Fictional Dummy Company),Global Manufacturing Head - PureGlow Soaps,Asia,Japan,Nagoya,FCT011,Nagoya Soap Plant,LN0033,Line-3,2026-07-03 20:00:00,2026-07-03,20,Afternoon,Rose Bar Soap,1.41,60.0,25.8,Preventive Maintenance,34.2,85,41,2,39,4.18,95.12,48.24,57.0,85.02,46.1,4.11,20.51,1
PureGlow Soaps International (Fictional Dummy Company),Global Manufacturing Head - PureGlow Soaps,Asia,Japan,Nagoya,FCT011,Nagoya Soap Plant,LN0031,Line-1,2026-07-03 21:00:00,2026-07-03,21,Afternoon,Lavender Bar Soap,0.97,60.0,27.8,Machine Breakdown,32.2,58,26,1,25,3.6,96.15,44.83,53.67,83.24,42.95,2.72,18.32,2
PureGlow Soaps International (Fictional Dummy Company),Global Manufacturing Head - PureGlow Soaps,Asia,Japan,Nagoya,FCT011,Nagoya Soap Plant,LN0032,Line-2,2026-07-03 21:00:00,2026-07-03,21,Afternoon,Coconut Bar Soap,1.27,60.0,1.3,No Downtime,58.7,76,73,4,69,4.96,94.52,96.05,97.83,97.92,90.55,6.56,14.59,2
PureGlow Soaps International (Fictional Dummy Company),Global Manufacturing Head - PureGlow Soaps,Asia,Japan,Nagoya,FCT011,Nagoya Soap Plant,LN0033,Line-3,2026-07-03 21:00:00,2026-07-03,21,Afternoon,Rose Bar Soap,1.41,60.0,27.6,Machine Breakdown,32.4,85,42,0,42,0.63,100.0,49.41,54.0,91.94,49.65,4.3,19.42,1
PureGlow Soaps International (Fictional Dummy Company),Global Manufacturing Head - PureGlow Soaps,Asia,Japan,Nagoya,FCT011,Nagoya Soap Plant,LN0031,Line-1,2026-07-03 22:00:00,2026-07-03,22,Night,Lavender Bar Soap,0.97,60.0,3.9,No Downtime,56.1,58,50,3,47,5.45,94.0,86.21,93.5,91.88,80.75,5.12,34.66,3
PureGlow Soaps International (Fictional Dummy Company),Global Manufacturing Head - PureGlow Soaps,Asia,Japan,Nagoya,FCT011,Nagoya Soap Plant,LN0032,Line-2,2026-07-03 22:00:00,2026-07-03,22,Night,Coconut Bar Soap,1.27,60.0,20.8,Machine Breakdown,39.2,76,40,1,39,1.35,97.5,52.63,65.33,80.35,51.18,3.75,10.52,2
PureGlow Soaps International (Fictional Dummy Company),Global Manufacturing Head - PureGlow Soaps,Asia,Japan,Nagoya,FCT011,Nagoya Soap Plant,LN0033,Line-3,2026-07-03 22:00:00,2026-07-03,22,Night,Rose Bar Soap,1.41,60.0,0.1,No Downtime,59.9,85,81,0,81,0.0,100.0,95.29,99.83,95.9,95.74,8.77,36.5,1
PureGlow Soaps International (Fictional Dummy Company),Global Manufacturing Head - PureGlow Soaps,Asia,Japan,Nagoya,FCT011,Nagoya Soap Plant,LN0031,Line-1,2026-07-03 23:00:00,2026-07-03,23,Night,Lavender Bar Soap,0.97,60.0,35.1,Machine Breakdown,24.9,58,24,1,23,4.37,95.83,41.38,41.5,99.37,39.52,2.54,14.81,2
PureGlow Soaps International (Fictional Dummy Company),Global Manufacturing Head - PureGlow Soaps,Asia,Japan,Nagoya,FCT011,Nagoya Soap Plant,LN0032,Line-2,2026-07-03 23:00:00,2026-07-03,23,Night,Coconut Bar Soap,1.27,60.0,17.5,Changeover/Setup,42.5,76,54,2,52,3.13,96.3,71.05,70.83,100.05,68.24,5.55,10.79,2
PureGlow Soaps International (Fictional Dummy Company),Global Manufacturing Head - PureGlow Soaps,Asia,Japan,Nagoya,FCT011,Nagoya Soap Plant,LN0033,Line-3,2026-07-03 23:00:00,2026-07-03,23,Night,Rose Bar Soap,1.41,60.0,0.7,No Downtime,59.3,85,76,2,74,3.18,97.37,89.41,98.83,90.89,87.46,6.74,32.04,2
PureGlow Soaps International (Fictional Dummy Company),Global Manufacturing Head - PureGlow Soaps,Asia,Japan,Nagoya,FCT011,Nagoya Soap Plant,LN0031,Line-1,2026-07-04 00:00:00,2026-07-04,0,Night,Coconut Bar Soap,0.97,60.0,12.7,Quality Hold,47.3,58,41,4,37,8.86,90.24,70.69,78.83,89.36,63.57,4.11,29.18,2
PureGlow Soaps International (Fictional Dummy Company),Global Manufacturing Head - PureGlow Soaps,Asia,Japan,Nagoya,FCT011,Nagoya Soap Plant,LN0032,Line-2,2026-07-04 00:00:00,2026-07-04,0,Night,Charcoal Bar Soap,1.27,60.0,1.6,No Downtime,58.4,76,66,2,64,2.67,96.97,86.84,97.33,88.99,83.99,5.67,14.18,3
PureGlow Soaps International (Fictional Dummy Company),Global Manufacturing Head - PureGlow Soaps,Asia,Japan,Nagoya,FCT011,Nagoya Soap Plant,LN0033,Line-3,2026-07-04 00:00:00,2026-07-04,0,Night,Neem Bar Soap,1.41,60.0,42.7,Machine Breakdown,17.3,85,21,0,21,1.2,100.0,24.71,28.83,86.09,24.82,2.26,10.38,1
PureGlow Soaps International (Fictional Dummy Company),Global Manufacturing Head - PureGlow Soaps,Asia,Japan,Nagoya,FCT011,Nagoya Soap Plant,LN0031,Line-1,2026-07-04 01:00:00,2026-07-04,1,Night,Coconut Bar Soap,0.97,60.0,15.2,Material Shortage,44.8,58,41,1,40,3.21,97.56,70.69,74.67,94.35,68.73,4.16,28.82,1
PureGlow Soaps International (Fictional Dummy Company),Global Manufacturing Head - PureGlow Soaps,Asia,Japan,Nagoya,FCT011,Nagoya Soap Plant,LN0032,Line-2,2026-07-04 01:00:00,2026-07-04,1,Night,Charcoal Bar Soap,1.27,60.0,13.5,Power Outage,46.5,76,55,1,54,2.05,98.18,72.37,77.5,93.13,70.86,5.89,13.67,3
PureGlow Soaps International (Fictional Dummy Company),Global Manufacturing Head - PureGlow Soaps,Asia,Japan,Nagoya,FCT011,Nagoya Soap Plant,LN0033,Line-3,2026-07-04 01:00:00,2026-07-04,1,Night,Neem Bar Soap,1.41,60.0,27.3,Machine Breakdown,32.7,85,41,1,40,2.3,97.56,48.24,54.5,88.92,47.28,3.95,17.46,2
PureGlow Soaps International (Fictional Dummy Company),Global Manufacturing Head - PureGlow Soaps,Asia,Japan,Nagoya,FCT011,Nagoya Soap Plant,LN0031,Line-1,2026-07-04 02:00:00,2026-07-04,2,Night,Coconut Bar Soap,0.97,60.0,8.4,Changeover/Setup,51.6,58,40,0,40,0.59,100.0,68.97,86.0,79.92,68.73,3.93,31.26,2
PureGlow Soaps International (Fictional Dummy Company),Global Manufacturing Head - PureGlow Soaps,Asia,Japan,Nagoya,FCT011,Nagoya Soap Plant,LN0032,Line-2,2026-07-04 02:00:00,2026-07-04,2,Night,Charcoal Bar Soap,1.27,60.0,1.6,No Downtime,58.4,76,72,2,70,2.32,97.22,94.74,97.33,97.08,91.86,6.7,14.6,2
PureGlow Soaps International (Fictional Dummy Company),Global Manufacturing Head - PureGlow Soaps,Asia,Japan,Nagoya,FCT011,Nagoya Soap Plant,LN0033,Line-3,2026-07-04 02:00:00,2026-07-04,2,Night,Neem Bar Soap,1.41,60.0,19.3,Machine Breakdown,40.7,85,54,2,52,3.17,96.3,63.53,67.83,94.1,61.47,4.64,20.82,1
PureGlow Soaps International (Fictional Dummy Company),Global Manufacturing Head - PureGlow Soaps,Asia,Japan,Nagoya,FCT011,Nagoya Soap Plant,LN0031,Line-1,2026-07-04 03:00:00,2026-07-04,3,Night,Coconut Bar Soap,0.97,60.0,0.9,No Downtime,59.1,58,59,2,57,3.05,96.61,101.72,98.5,102.92,97.94,5.63,33.32,2
PureGlow Soaps International (Fictional Dummy Company),Global Manufacturing Head - PureGlow Soaps,Asia,Japan,Nagoya,FCT011,Nagoya Soap Plant,LN0032,Line-2,2026-07-04 03:00:00,2026-07-04,3,Night,Charcoal Bar Soap,1.27,60.0,2.2,No Downtime,57.8,76,70,1,69,1.77,98.57,92.11,96.33,95.36,90.55,6.26,15.33,1
PureGlow Soaps International (Fictional Dummy Company),Global Manufacturing Head - PureGlow Soaps,Asia,Japan,Nagoya,FCT011,Nagoya Soap Plant,LN0033,Line-3,2026-07-04 03:00:00,2026-07-04,3,Night,Neem Bar Soap,1.41,60.0,17.9,Preventive Maintenance,42.1,85,50,2,48,4.33,96.0,58.82,70.17,84.23,56.74,5.06,24.75,3
PureGlow Soaps International (Fictional Dummy Company),Global Manufacturing Head - PureGlow Soaps,Asia,Japan,Nagoya,FCT011,Nagoya Soap Plant,LN0031,Line-1,2026-07-04 04:00:00,2026-07-04,4,Night,Coconut Bar Soap,0.97,60.0,5.3,Staff Shortage,54.7,58,47,1,46,1.92,97.87,81.03,91.17,88.58,79.04,4.24,30.49,3
PureGlow Soaps International (Fictional Dummy Company),Global Manufacturing Head - PureGlow Soaps,Asia,Japan,Nagoya,FCT011,Nagoya Soap Plant,LN0032,Line-2,2026-07-04 04:00:00,2026-07-04,4,Night,Charcoal Bar Soap,1.27,60.0,18.2,Quality Hold,41.8,76,43,3,40,7.71,93.02,56.58,69.67,81.0,52.49,3.88,11.56,3
PureGlow Soaps International (Fictional Dummy Company),Global Manufacturing Head - PureGlow Soaps,Asia,Japan,Nagoya,FCT011,Nagoya Soap Plant,LN0033,Line-3,2026-07-04 04:00:00,2026-07-04,4,Night,Neem Bar Soap,1.41,60.0,28.6,Preventive Maintenance,31.4,85,40,1,39,3.61,97.5,47.06,52.33,90.35,46.1,4.23,16.25,1
PureGlow Soaps International (Fictional Dummy Company),Global Manufacturing Head - PureGlow Soaps,Asia,Japan,Nagoya,FCT011,Nagoya Soap Plant,LN0031,Line-1,2026-07-04 05:00:00,2026-07-04,5,Night,Coconut Bar Soap,0.97,60.0,14.6,Changeover/Setup,45.4,58,43,1,42,2.29,97.67,74.14,75.67,97.64,72.16,4.32,29.75,1
PureGlow Soaps International (Fictional Dummy Company),Global Manufacturing Head - PureGlow Soaps,Asia,Japan,Nagoya,FCT011,Nagoya Soap Plant,LN0032,Line-2,2026-07-04 05:00:00,2026-07-04,5,Night,Charcoal Bar Soap,1.27,60.0,23.3,Machine Breakdown,36.7,76,42,2,40,5.6,95.24,55.26,61.17,90.11,52.5,4.43,10.46,2
PureGlow Soaps International (Fictional Dummy Company),Global Manufacturing Head - PureGlow Soaps,Asia,Japan,Nagoya,FCT011,Nagoya Soap Plant,LN0033,Line-3,2026-07-04 05:00:00,2026-07-04,5,Night,Neem Bar Soap,1.41,60.0,3.3,No Downtime,56.7,85,71,3,68,4.57,95.77,83.53,94.5,88.81,80.38,7.56,32.42,2
PureGlow Soaps International (Fictional Dummy Company),Global Manufacturing Head - PureGlow Soaps,Asia,Japan,Nagoya,FCT011,Nagoya Soap Plant,LN0031,Line-1,2026-07-04 06:00:00,2026-07-04,6,Morning,Coconut Bar Soap,0.97,60.0,3.6,No Downtime,56.4,58,55,1,54,1.94,98.18,94.83,94.0,100.53,92.78,5.54,32.21,3
PureGlow Soaps International (Fictional Dummy Company),Global Manufacturing Head - PureGlow Soaps,Asia,Japan,Nagoya,FCT011,Nagoya Soap Plant,LN0032,Line-2,2026-07-04 06:00:00,2026-07-04,6,Morning,Charcoal Bar Soap,1.27,60.0,1.4,No Downtime,58.6,76,66,2,64,3.11,96.97,86.84,97.67,88.68,83.99,6.17,17.28,2
PureGlow Soaps International (Fictional Dummy Company),Global Manufacturing Head - PureGlow Soaps,Asia,Japan,Nagoya,FCT011,Nagoya Soap Plant,LN0033,Line-3,2026-07-04 06:00:00,2026-07-04,6,Morning,Neem Bar Soap,1.41,60.0,26.7,Material Shortage,33.3,85,38,1,37,3.93,97.37,44.71,55.5,80.93,43.73,3.43,18.64,1
PureGlow Soaps International (Fictional Dummy Company),Global Manufacturing Head - PureGlow Soaps,Asia,Japan,Nagoya,FCT011,Nagoya Soap Plant,LN0031,Line-1,2026-07-04 07:00:00,2026-07-04,7,Morning,Coconut Bar Soap,0.97,60.0,33.8,Material Shortage,26.2,58,25,1,24,2.48,96.0,43.1,43.67,98.37,41.24,2.35,14.52,1
PureGlow Soaps International (Fictional Dummy Company),Global Manufacturing Head - PureGlow Soaps,Asia,Japan,Nagoya,FCT011,Nagoya Soap Plant,LN0032,Line-2,2026-07-04 07:00:00,2026-07-04,7,Morning,Charcoal Bar Soap,1.27,60.0,42.3,Machine Breakdown,17.7,76,19,1,18,4.19,94.74,25.0,29.5,84.52,23.62,1.66,4.72,1
PureGlow Soaps International (Fictional Dummy Company),Global Manufacturing Head - PureGlow Soaps,Asia,Japan,Nagoya,FCT011,Nagoya Soap Plant,LN0033,Line-3,2026-07-04 07:00:00,2026-07-04,7,Morning,Neem Bar Soap,1.41,60.0,31.7,Machine Breakdown,28.3,85,40,1,39,2.75,97.5,47.06,47.17,100.24,46.1,4.22,15.33,3
PureGlow Soaps International (Fictional Dummy Company),Global Manufacturing Head - PureGlow Soaps,Asia,Japan,Nagoya,FCT011,Nagoya Soap Plant,LN0031,Line-1,2026-07-04 08:00:00,2026-07-04,8,Morning,Coconut Bar Soap,0.97,60.0,20.8,Power Outage,39.2,58,37,2,35,4.31,94.59,63.79,65.33,97.31,60.13,3.46,24.13,3
PureGlow Soaps International (Fictional Dummy Company),Global Manufacturing Head - PureGlow Soaps,Asia,Japan,Nagoya,FCT011,Nagoya Soap Plant,LN0032,Line-2,2026-07-04 08:00:00,2026-07-04,8,Morning,Charcoal Bar Soap,1.27,60.0,20.5,Preventive Maintenance,39.5,76,43,1,42,2.51,97.67,56.58,65.83,85.72,55.11,3.75,9.88,1
PureGlow Soaps International (Fictional Dummy Company),Global Manufacturing Head - PureGlow Soaps,Asia,Japan,Nagoya,FCT011,Nagoya Soap Plant,LN0033,Line-3,2026-07-04 08:00:00,2026-07-04,8,Morning,Neem Bar Soap,1.41,60.0,6.0,Changeover/Setup,54.0,85,65,3,62,4.82,95.38,76.47,90.0,85.37,73.28,6.64,31.76,3
PureGlow Soaps International (Fictional Dummy Company),Global Manufacturing Head - PureGlow Soaps,Asia,Japan,Nagoya,FCT011,Nagoya Soap Plant,LN0031,Line-1,2026-07-04 09:00:00,2026-07-04,9,Morning,Coconut Bar Soap,0.97,60.0,0.5,No Downtime,59.5,58,48,1,47,2.77,97.92,82.76,99.17,83.17,80.76,5.18,34.44,2
PureGlow Soaps International (Fictional Dummy Company),Global Manufacturing Head - PureGlow Soaps,Asia,Japan,Nagoya,FCT011,Nagoya Soap Plant,LN0032,Line-2,2026-07-04 09:00:00,2026-07-04,9,Morning,Charcoal Bar Soap,1.27,60.0,6.0,Quality Hold,54.0,76,57,4,53,6.31,92.98,75.0,90.0,83.11,69.55,5.28,13.86,1
PureGlow Soaps International (Fictional Dummy Company),Global Manufacturing Head - PureGlow Soaps,Asia,Japan,Nagoya,FCT011,Nagoya Soap Plant,LN0033,Line-3,2026-07-04 09:00:00,2026-07-04,9,Morning,Neem Bar Soap,1.41,60.0,1.6,No Downtime,58.4,85,71,3,68,3.95,95.77,83.53,97.33,86.22,80.37,7.67,34.01,2
PureGlow Soaps International (Fictional Dummy Company),Global Manufacturing Head - PureGlow Soaps,Asia,Japan,Nagoya,FCT011,Nagoya Soap Plant,LN0031,Line-1,2026-07-04 10:00:00,2026-07-04,10,Morning,Coconut Bar Soap,0.97,60.0,17.3,Preventive Maintenance,42.7,58,34,1,33,2.59,97.06,58.62,71.17,82.09,56.71,3.56,26.15,1
PureGlow Soaps International (Fictional Dummy Company),Global Manufacturing Head - PureGlow Soaps,Asia,Japan,Nagoya,FCT011,Nagoya Soap Plant,LN0032,Line-2,2026-07-04 10:00:00,2026-07-04,10,Morning,Charcoal Bar Soap,1.27,60.0,0.4,No Downtime,59.6,76,68,2,66,3.39,97.06,89.47,99.33,89.84,86.61,6.14,17.01,1
PureGlow Soaps International (Fictional Dummy Company),Global Manufacturing Head - PureGlow Soaps,Asia,Japan,Nagoya,FCT011,Nagoya Soap Plant,LN0033,Line-3,2026-07-04 10:00:00,2026-07-04,10,Morning,Neem Bar Soap,1.41,60.0,15.5,Changeover/Setup,44.5,85,61,2,59,2.62,96.72,71.76,74.17,97.22,69.74,5.59,26.89,1
PureGlow Soaps International (Fictional Dummy Company),Global Manufacturing Head - PureGlow Soaps,Asia,Japan,Nagoya,FCT011,Nagoya Soap Plant,LN0031,Line-1,2026-07-04 11:00:00,2026-07-04,11,Morning,Coconut Bar Soap,0.97,60.0,3.3,No Downtime,56.7,58,47,1,46,1.33,97.87,81.03,94.5,85.46,79.04,4.81,32.78,1
PureGlow Soaps International (Fictional Dummy Company),Global Manufacturing Head - PureGlow Soaps,Asia,Japan,Nagoya,FCT011,Nagoya Soap Plant,LN0032,Line-2,2026-07-04 11:00:00,2026-07-04,11,Morning,Charcoal Bar Soap,1.27,60.0,22.7,Material Shortage,37.3,76,43,1,42,1.82,97.67,56.58,62.17,90.77,55.12,4.02,10.99,3
PureGlow Soaps International (Fictional Dummy Company),Global Manufacturing Head - PureGlow Soaps,Asia,Japan,Nagoya,FCT011,Nagoya Soap Plant,LN0033,Line-3,2026-07-04 11:00:00,2026-07-04,11,Morning,Neem Bar Soap,1.41,60.0,12.8,Changeover/Setup,47.2,85,67,2,65,3.2,97.01,78.82,78.67,100.67,76.83,7.05,24.04,1
PureGlow Soaps International (Fictional Dummy Company),Global Manufacturing Head - PureGlow Soaps,Asia,Japan,Nagoya,FCT011,Nagoya Soap Plant,LN0031,Line-1,2026-07-04 12:00:00,2026-07-04,12,Morning,Coconut Bar Soap,0.97,60.0,23.0,Machine Breakdown,37.0,58,33,1,32,3.32,96.97,56.9,61.67,91.95,54.99,3.32,22.46,2
PureGlow Soaps International (Fictional Dummy Company),Global Manufacturing Head - PureGlow Soaps,Asia,Japan,Nagoya,FCT011,Nagoya Soap Plant,LN0032,Line-2,2026-07-04 12:00:00,2026-07-04,12,Morning,Charcoal Bar Soap,1.27,60.0,22.7,Material Shortage,37.3,76,47,1,46,2.13,97.87,61.84,62.17,99.22,60.37,4.37,10.55,1
PureGlow Soaps International (Fictional Dummy Company),Global Manufacturing Head - PureGlow Soaps,Asia,Japan,Nagoya,FCT011,Nagoya Soap Plant,LN0033,Line-3,2026-07-04 12:00:00,2026-07-04,12,Morning,Neem Bar Soap,1.41,60.0,1.5,No Downtime,58.5,85,69,3,66,4.11,95.65,81.18,97.5,83.65,78.01,7.11,34.38,2
PureGlow Soaps International (Fictional Dummy Company),Global Manufacturing Head - PureGlow Soaps,Asia,Japan,Nagoya,FCT011,Nagoya Soap Plant,LN0031,Line-1,2026-07-04 13:00:00,2026-07-04,13,Morning,Coconut Bar Soap,0.97,60.0,10.1,Changeover/Setup,49.9,58,42,3,39,6.4,92.86,72.41,83.17,86.77,67.01,3.76,30.09,2
PureGlow Soaps International (Fictional Dummy Company),Global Manufacturing Head - PureGlow Soaps,Asia,Japan,Nagoya,FCT011,Nagoya Soap Plant,LN0032,Line-2,2026-07-04 13:00:00,2026-07-04,13,Morning,Charcoal Bar Soap,1.27,60.0,20.6,Power Outage,39.4,76,46,2,44,3.39,95.65,60.53,65.67,91.93,57.74,4.84,10.52,1
PureGlow Soaps International (Fictional Dummy Company),Global Manufacturing Head - PureGlow Soaps,Asia,Japan,Nagoya,FCT011,Nagoya Soap Plant,LN0033,Line-3,2026-07-04 13:00:00,2026-07-04,13,Morning,Neem Bar Soap,1.41,60.0,1.6,No Downtime,58.4,85,76,2,74,2.79,97.37,89.41,97.33,92.3,87.47,7.54,30.71,3
PureGlow Soaps International (Fictional Dummy Company),Global Manufacturing Head - PureGlow Soaps,Asia,Japan,Nagoya,FCT011,Nagoya Soap Plant,LN0031,Line-1,2026-07-04 14:00:00,2026-07-04,14,Afternoon,Coconut Bar Soap,0.97,60.0,1.4,No Downtime,58.6,58,50,2,48,3.81,96.0,86.21,97.67,87.96,82.47,4.66,32.29,3
PureGlow Soaps International (Fictional Dummy Company),Global Manufacturing Head - PureGlow Soaps,Asia,Japan,Nagoya,FCT011,Nagoya Soap Plant,LN0032,Line-2,2026-07-04 14:00:00,2026-07-04,14,Afternoon,Charcoal Bar Soap,1.27,60.0,37.2,Preventive Maintenance,22.8,76,26,1,25,2.63,96.15,34.21,38.0,89.79,32.81,2.79,6.34,2
PureGlow Soaps International (Fictional Dummy Company),Global Manufacturing Head - PureGlow Soaps,Asia,Japan,Nagoya,FCT011,Nagoya Soap Plant,LN0033,Line-3,2026-07-04 14:00:00,2026-07-04,14,Afternoon,Neem Bar Soap,1.41,60.0,0.8,No Downtime,59.2,85,74,2,72,2.77,97.3,87.06,98.67,88.65,85.11,6.57,36.08,2
PureGlow Soaps International (Fictional Dummy Company),Global Manufacturing Head - PureGlow Soaps,Asia,Japan,Nagoya,FCT011,Nagoya Soap Plant,LN0031,Line-1,2026-07-04 15:00:00,2026-07-04,15,Afternoon,Coconut Bar Soap,0.97,60.0,16.1,Material Shortage,43.9,58,39,1,38,2.58,97.44,67.24,73.17,91.59,65.3,3.87,23.94,3
PureGlow Soaps International (Fictional Dummy Company),Global Manufacturing Head - PureGlow Soaps,Asia,Japan,Nagoya,FCT011,Nagoya Soap Plant,LN0032,Line-2,2026-07-04 15:00:00,2026-07-04,15,Afternoon,Charcoal Bar Soap,1.27,60.0,4.0,No Downtime,56.0,76,60,3,57,5.26,95.0,78.95,93.33,84.36,74.8,6.48,14.02,2
PureGlow Soaps International (Fictional Dummy Company),Global Manufacturing Head - PureGlow Soaps,Asia,Japan,Nagoya,FCT011,Nagoya Soap Plant,LN0033,Line-3,2026-07-04 15:00:00,2026-07-04,15,Afternoon,Neem Bar Soap,1.41,60.0,16.5,Changeover/Setup,43.5,85,56,2,54,3.15,96.43,65.88,72.5,91.3,63.83,5.72,22.77,2
PureGlow Soaps International (Fictional Dummy Company),Global Manufacturing Head - PureGlow Soaps,Asia,Japan,Nagoya,FCT011,Nagoya Soap Plant,LN0031,Line-1,2026-07-04 16:00:00,2026-07-04,16,Afternoon,Coconut Bar Soap,0.97,60.0,12.9,Material Shortage,47.1,58,38,1,37,3.3,97.37,65.52,78.5,83.17,63.57,3.25,29.31,2
PureGlow Soaps International (Fictional Dummy Company),Global Manufacturing Head - PureGlow Soaps,Asia,Japan,Nagoya,FCT011,Nagoya Soap Plant,LN0032,Line-2,2026-07-04 16:00:00,2026-07-04,16,Afternoon,Charcoal Bar Soap,1.27,60.0,16.2,Changeover/Setup,43.8,76,53,1,52,1.62,98.11,69.74,73.0,95.28,68.24,5.69,11.17,3
PureGlow Soaps International (Fictional Dummy Company),Global Manufacturing Head - PureGlow Soaps,Asia,Japan,Nagoya,FCT011,Nagoya Soap Plant,LN0033,Line-3,2026-07-04 16:00:00,2026-07-04,16,Afternoon,Neem Bar Soap,1.41,60.0,21.8,Staff Shortage,38.2,85,44,2,42,4.77,95.45,51.76,63.67,81.69,49.65,4.21,19.39,1
PureGlow Soaps International (Fictional Dummy Company),Global Manufacturing Head - PureGlow Soaps,Asia,Japan,Nagoya,FCT011,Nagoya Soap Plant,LN0031,Line-1,2026-07-04 17:00:00,2026-07-04,17,Afternoon,Coconut Bar Soap,0.97,60.0,36.1,Machine Breakdown,23.9,58,22,0,22,1.84,100.0,37.93,39.83,94.9,37.8,1.91,13.87,3
PureGlow Soaps International (Fictional Dummy Company),Global Manufacturing Head - PureGlow Soaps,Asia,Japan,Nagoya,FCT011,Nagoya Soap Plant,LN0032,Line-2,2026-07-04 17:00:00,2026-07-04,17,Afternoon,Charcoal Bar Soap,1.27,60.0,10.7,Material Shortage,49.3,76,59,3,56,4.97,94.92,77.63,82.17,94.23,73.5,5.6,13.79,1
PureGlow Soaps International (Fictional Dummy Company),Global Manufacturing Head - PureGlow Soaps,Asia,Japan,Nagoya,FCT011,Nagoya Soap Plant,LN0033,Line-3,2026-07-04 17:00:00,2026-07-04,17,Afternoon,Neem Bar Soap,1.41,60.0,11.9,Changeover/Setup,48.1,85,65,1,64,1.54,98.46,76.47,80.17,95.84,75.65,6.49,28.17,2
PureGlow Soaps International (Fictional Dummy Company),Global Manufacturing Head - PureGlow Soaps,Asia,Japan,Nagoya,FCT011,Nagoya Soap Plant,LN0031,Line-1,2026-07-04 18:00:00,2026-07-04,18,Afternoon,Coconut Bar Soap,0.97,60.0,16.3,Quality Hold,43.7,58,36,3,33,8.02,91.67,62.07,72.83,84.93,56.7,3.13,27.21,2
PureGlow Soaps International (Fictional Dummy Company),Global Manufacturing Head - PureGlow Soaps,Asia,Japan,Nagoya,FCT011,Nagoya Soap Plant,LN0032,Line-2,2026-07-04 18:00:00,2026-07-04,18,Afternoon,Charcoal Bar Soap,1.27,60.0,2.9,No Downtime,57.1,76,61,3,58,4.43,95.08,80.26,95.17,84.12,76.12,5.72,16.75,3
PureGlow Soaps International (Fictional Dummy Company),Global Manufacturing Head - PureGlow Soaps,Asia,Japan,Nagoya,FCT011,Nagoya Soap Plant,LN0033,Line-3,2026-07-04 18:00:00,2026-07-04,18,Afternoon,Neem Bar Soap,1.41,60.0,19.1,Power Outage,40.9,85,48,4,44,8.41,91.67,56.47,68.17,83.23,52.01,4.68,21.29,2
PureGlow Soaps International (Fictional Dummy Company),Global Manufacturing Head - PureGlow Soaps,Asia,Japan,Nagoya,FCT011,Nagoya Soap Plant,LN0031,Line-1,2026-07-04 19:00:00,2026-07-04,19,Afternoon,Coconut Bar Soap,0.97,60.0,1.6,No Downtime,58.4,58,46,1,45,2.61,97.83,79.31,97.33,81.2,77.32,4.53,32.3,3
PureGlow Soaps International (Fictional Dummy Company),Global Manufacturing Head - PureGlow Soaps,Asia,Japan,Nagoya,FCT011,Nagoya Soap Plant,LN0032,Line-2,2026-07-04 19:00:00,2026-07-04,19,Afternoon,Charcoal Bar Soap,1.27,60.0,25.1,Machine Breakdown,34.9,76,46,1,45,3.18,97.83,60.53,58.17,103.78,59.06,4.1,9.63,2
PureGlow Soaps International (Fictional Dummy Company),Global Manufacturing Head - PureGlow Soaps,Asia,Japan,Nagoya,FCT011,Nagoya Soap Plant,LN0033,Line-3,2026-07-04 19:00:00,2026-07-04,19,Afternoon,Neem Bar Soap,1.41,60.0,3.6,No Downtime,56.4,85,79,2,77,2.16,97.47,92.94,94.0,99.34,91.02,8.55,30.88,1
PureGlow Soaps International (Fictional Dummy Company),Global Manufacturing Head - PureGlow Soaps,Asia,Japan,Nagoya,FCT011,Nagoya Soap Plant,LN0031,Line-1,2026-07-04 20:00:00,2026-07-04,20,Afternoon,Coconut Bar Soap,0.97,60.0,31.6,Machine Breakdown,28.4,58,23,0,23,1.66,100.0,39.66,47.33,83.49,39.52,2.34,17.85,1
PureGlow Soaps International (Fictional Dummy Company),Global Manufacturing Head - PureGlow Soaps,Asia,Japan,Nagoya,FCT011,Nagoya Soap Plant,LN0032,Line-2,2026-07-04 20:00:00,2026-07-04,20,Afternoon,Charcoal Bar Soap,1.27,60.0,42.5,Machine Breakdown,17.5,76,21,1,20,2.43,95.24,27.63,29.17,94.49,26.25,1.9,4.32,3
PureGlow Soaps International (Fictional Dummy Company),Global Manufacturing Head - PureGlow Soaps,Asia,Japan,Nagoya,FCT011,Nagoya Soap Plant,LN0033,Line-3,2026-07-04 20:00:00,2026-07-04,20,Afternoon,Neem Bar Soap,1.41,60.0,36.7,Preventive Maintenance,23.3,85,33,1,32,2.67,96.97,38.82,38.83,100.45,37.82,3.55,12.93,3
PureGlow Soaps International (Fictional Dummy Company),Global Manufacturing Head - PureGlow Soaps,Asia,Japan,Nagoya,FCT011,Nagoya Soap Plant,LN0031,Line-1,2026-07-04 21:00:00,2026-07-04,21,Afternoon,Coconut Bar Soap,0.97,60.0,27.5,Preventive Maintenance,32.5,58,31,0,31,0.84,100.0,53.45,54.17,98.33,53.27,3.06,19.16,1
PureGlow Soaps International (Fictional Dummy Company),Global Manufacturing Head - PureGlow Soaps,Asia,Japan,Nagoya,FCT011,Nagoya Soap Plant,LN0032,Line-2,2026-07-04 21:00:00,2026-07-04,21,Afternoon,Charcoal Bar Soap,1.27,60.0,2.4,No Downtime,57.6,76,70,1,69,1.6,98.57,92.11,96.0,95.69,90.55,6.92,14.25,2
PureGlow Soaps International (Fictional Dummy Company),Global Manufacturing Head - PureGlow Soaps,Asia,Japan,Nagoya,FCT011,Nagoya Soap Plant,LN0033,Line-3,2026-07-04 21:00:00,2026-07-04,21,Afternoon,Neem Bar Soap,1.41,60.0,1.7,No Downtime,58.3,85,73,3,70,4.46,95.89,85.88,97.17,88.8,82.74,6.7,33.43,3
PureGlow Soaps International (Fictional Dummy Company),Global Manufacturing Head - PureGlow Soaps,Asia,Japan,Nagoya,FCT011,Nagoya Soap Plant,LN0031,Line-1,2026-07-04 22:00:00,2026-07-04,22,Night,Coconut Bar Soap,0.97,60.0,3.3,No Downtime,56.7,58,56,1,55,2.14,98.21,96.55,94.5,101.82,94.5,5.87,36.65,2
PureGlow Soaps International (Fictional Dummy Company),Global Manufacturing Head - PureGlow Soaps,Asia,Japan,Nagoya,FCT011,Nagoya Soap Plant,LN0032,Line-2,2026-07-04 22:00:00,2026-07-04,22,Night,Charcoal Bar Soap,1.27,60.0,7.8,Changeover/Setup,52.2,76,56,1,55,1.75,98.21,73.68,87.0,84.47,72.17,5.64,13.73,2
PureGlow Soaps International (Fictional Dummy Company),Global Manufacturing Head - PureGlow Soaps,Asia,Japan,Nagoya,FCT011,Nagoya Soap Plant,LN0033,Line-3,2026-07-04 22:00:00,2026-07-04,22,Night,Neem Bar Soap,1.41,60.0,1.7,No Downtime,58.3,85,77,2,75,2.12,97.4,90.59,97.17,93.67,88.65,7.88,31.9,1
PureGlow Soaps International (Fictional Dummy Company),Global Manufacturing Head - PureGlow Soaps,Asia,Japan,Nagoya,FCT011,Nagoya Soap Plant,LN0031,Line-1,2026-07-04 23:00:00,2026-07-04,23,Night,Coconut Bar Soap,0.97,60.0,1.9,No Downtime,58.1,58,53,3,50,5.12,94.34,91.38,96.83,94.04,85.9,5.51,34.98,1
PureGlow Soaps International (Fictional Dummy Company),Global Manufacturing Head - PureGlow Soaps,Asia,Japan,Nagoya,FCT011,Nagoya Soap Plant,LN0032,Line-2,2026-07-04 23:00:00,2026-07-04,23,Night,Charcoal Bar Soap,1.27,60.0,16.1,Changeover/Setup,43.9,76,55,1,54,1.89,98.18,72.37,73.17,98.65,70.87,5.95,10.77,2
PureGlow Soaps International (Fictional Dummy Company),Global Manufacturing Head - PureGlow Soaps,Asia,Japan,Nagoya,FCT011,Nagoya Soap Plant,LN0033,Line-3,2026-07-04 23:00:00,2026-07-04,23,Night,Neem Bar Soap,1.41,60.0,1.7,No Downtime,58.3,85,83,4,79,4.58,95.18,97.65,97.17,100.97,93.38,8.05,32.11,1
PureGlow Soaps International (Fictional Dummy Company),Global Manufacturing Head - PureGlow Soaps,Asia,Japan,Nagoya,FCT011,Nagoya Soap Plant,LN0031,Line-1,2026-07-05 00:00:00,2026-07-05,0,Night,Aloe Vera Liquid Soap,0.97,60.0,15.8,Changeover/Setup,44.2,58,37,1,36,2.48,97.3,63.79,73.67,86.3,61.86,4.05,25.56,2
PureGlow Soaps International (Fictional Dummy Company),Global Manufacturing Head - PureGlow Soaps,Asia,Japan,Nagoya,FCT011,Nagoya Soap Plant,LN0032,Line-2,2026-07-05 00:00:00,2026-07-05,0,Night,Rose Bar Soap,1.27,60.0,18.6,Machine Breakdown,41.4,76,47,2,45,4.84,95.74,61.84,69.0,89.39,59.05,4.17,10.12,3
PureGlow Soaps International (Fictional Dummy Company),Global Manufacturing Head - PureGlow Soaps,Asia,Japan,Nagoya,FCT011,Nagoya Soap Plant,LN0033,Line-3,2026-07-05 00:00:00,2026-07-05,0,Night,Rose Bar Soap,1.41,60.0,17.7,Quality Hold,42.3,85,58,3,55,5.06,94.83,68.24,70.5,97.25,65.02,5.43,22.97,2
PureGlow Soaps International (Fictional Dummy Company),Global Manufacturing Head - PureGlow Soaps,Asia,Japan,Nagoya,FCT011,Nagoya Soap Plant,LN0031,Line-1,2026-07-05 01:00:00,2026-07-05,1,Night,Aloe Vera Liquid Soap,0.97,60.0,19.7,Material Shortage,40.3,58,34,0,34,1.23,100.0,58.62,67.17,86.98,58.42,3.47,23.8,1
PureGlow Soaps International (Fictional Dummy Company),Global Manufacturing Head - PureGlow Soaps,Asia,Japan,Nagoya,FCT011,Nagoya Soap Plant,LN0032,Line-2,2026-07-05 01:00:00,2026-07-05,1,Night,Rose Bar Soap,1.27,60.0,1.1,No Downtime,58.9,76,70,3,67,4.09,95.71,92.11,98.17,93.58,87.93,7.3,16.64,2
PureGlow Soaps International (Fictional Dummy Company),Global Manufacturing Head - PureGlow Soaps,Asia,Japan,Nagoya,FCT011,Nagoya Soap Plant,LN0033,Line-3,2026-07-05 01:00:00,2026-07-05,1,Night,Rose Bar Soap,1.41,60.0,1.6,No Downtime,58.4,85,72,3,69,4.82,95.83,84.71,97.33,87.44,81.56,7.9,30.75,3
PureGlow Soaps International (Fictional Dummy Company),Global Manufacturing Head - PureGlow Soaps,Asia,Japan,Nagoya,FCT011,Nagoya Soap Plant,LN0031,Line-1,2026-07-05 02:00:00,2026-07-05,2,Night,Aloe Vera Liquid Soap,0.97,60.0,12.1,Quality Hold,47.9,58,38,4,34,10.32,89.47,65.52,79.83,81.79,58.42,3.61,28.15,1
PureGlow Soaps International (Fictional Dummy Company),Global Manufacturing Head - PureGlow Soaps,Asia,Japan,Nagoya,FCT011,Nagoya Soap Plant,LN0032,Line-2,2026-07-05 02:00:00,2026-07-05,2,Night,Rose Bar Soap,1.27,60.0,1.7,No Downtime,58.3,76,69,3,66,3.74,95.65,90.79,97.17,93.19,86.61,6.08,15.72,2
PureGlow Soaps International (Fictional Dummy Company),Global Manufacturing Head - PureGlow Soaps,Asia,Japan,Nagoya,FCT011,Nagoya Soap Plant,LN0033,Line-3,2026-07-05 02:00:00,2026-07-05,2,Night,Rose Bar Soap,1.41,60.0,3.4,No Downtime,56.6,85,69,3,66,3.72,95.65,81.18,94.33,86.46,78.01,6.57,33.77,1
PureGlow Soaps International (Fictional Dummy Company),Global Manufacturing Head - PureGlow Soaps,Asia,Japan,Nagoya,FCT011,Nagoya Soap Plant,LN0031,Line-1,2026-07-05 03:00:00,2026-07-05,3,Night,Aloe Vera Liquid Soap,0.97,60.0,22.2,Power Outage,37.8,58,31,1,30,3.19,96.77,53.45,63.0,84.55,51.55,3.18,21.71,2
PureGlow Soaps International (Fictional Dummy Company),Global Manufacturing Head - PureGlow Soaps,Asia,Japan,Nagoya,FCT011,Nagoya Soap Plant,LN0032,Line-2,2026-07-05 03:00:00,2026-07-05,3,Night,Rose Bar Soap,1.27,60.0,10.2,Quality Hold,49.8,76,61,5,56,8.21,91.8,80.26,83.0,96.45,73.49,6.44,12.46,1
PureGlow Soaps International (Fictional Dummy Company),Global Manufacturing Head - PureGlow Soaps,Asia,Japan,Nagoya,FCT011,Nagoya Soap Plant,LN0033,Line-3,2026-07-05 03:00:00,2026-07-05,3,Night,Rose Bar Soap,1.41,60.0,10.9,Changeover/Setup,49.1,85,64,1,63,2.19,98.44,75.29,81.83,92.44,74.46,6.01,26.49,3
PureGlow Soaps International (Fictional Dummy Company),Global Manufacturing Head - PureGlow Soaps,Asia,Japan,Nagoya,FCT011,Nagoya Soap Plant,LN0031,Line-1,2026-07-05 04:00:00,2026-07-05,4,Night,Aloe Vera Liquid Soap,0.97,60.0,14.7,Changeover/Setup,45.3,58,41,1,40,3.5,97.56,70.69,75.5,93.31,68.73,4.18,26.44,3
PureGlow Soaps International (Fictional Dummy Company),Global Manufacturing Head - PureGlow Soaps,Asia,Japan,Nagoya,FCT011,Nagoya Soap Plant,LN0032,Line-2,2026-07-05 04:00:00,2026-07-05,4,Night,Rose Bar Soap,1.27,60.0,31.5,Machine Breakdown,28.5,76,30,1,29,3.53,96.67,39.47,47.5,82.88,38.06,3.21,8.25,3
PureGlow Soaps International (Fictional Dummy Company),Global Manufacturing Head - PureGlow Soaps,Asia,Japan,Nagoya,FCT011,Nagoya Soap Plant,LN0033,Line-3,2026-07-05 04:00:00,2026-07-05,4,Night,Rose Bar Soap,1.41,60.0,3.5,No Downtime,56.5,85,77,3,74,3.35,96.1,90.59,94.17,96.65,87.47,8.2,31.67,3
PureGlow Soaps International (Fictional Dummy Company),Global Manufacturing Head - PureGlow Soaps,Asia,Japan,Nagoya,FCT011,Nagoya Soap Plant,LN0031,Line-1,2026-07-05 05:00:00,2026-07-05,5,Night,Aloe Vera Liquid Soap,0.97,60.0,0.1,No Downtime,59.9,58,47,2,45,3.51,95.74,81.03,99.83,80.89,77.31,4.74,33.34,1
PureGlow Soaps International (Fictional Dummy Company),Global Manufacturing Head - PureGlow Soaps,Asia,Japan,Nagoya,FCT011,Nagoya Soap Plant,LN0032,Line-2,2026-07-05 05:00:00,2026-07-05,5,Night,Rose Bar Soap,1.27,60.0,19.7,Power Outage,40.3,76,52,3,49,4.99,94.23,68.42,67.17,101.6,64.31,5.55,11.17,2
PureGlow Soaps International (Fictional Dummy Company),Global Manufacturing Head - PureGlow Soaps,Asia,Japan,Nagoya,FCT011,Nagoya Soap Plant,LN0033,Line-3,2026-07-05 05:00:00,2026-07-05,5,Night,Rose Bar Soap,1.41,60.0,17.6,Preventive Maintenance,42.4,85,56,2,54,3.7,96.43,65.88,70.67,93.67,63.83,6.05,22.45,3
PureGlow Soaps International (Fictional Dummy Company),Global Manufacturing Head - PureGlow Soaps,Asia,Japan,Nagoya,FCT011,Nagoya Soap Plant,LN0031,Line-1,2026-07-05 06:00:00,2026-07-05,6,Morning,Aloe Vera Liquid Soap,0.97,60.0,13.4,Staff Shortage,46.6,58,36,1,35,1.67,97.22,62.07,77.67,79.64,60.14,3.68,25.86,3
PureGlow Soaps International (Fictional Dummy Company),Global Manufacturing Head - PureGlow Soaps,Asia,Japan,Nagoya,FCT011,Nagoya Soap Plant,LN0032,Line-2,2026-07-05 06:00:00,2026-07-05,6,Morning,Rose Bar Soap,1.27,60.0,5.3,Changeover/Setup,54.7,76,64,1,63,1.56,98.44,84.21,91.17,92.13,82.68,7.02,16.12,3
PureGlow Soaps International (Fictional Dummy Company),Global Manufacturing Head - PureGlow Soaps,Asia,Japan,Nagoya,FCT011,Nagoya Soap Plant,LN0033,Line-3,2026-07-05 06:00:00,2026-07-05,6,Morning,Rose Bar Soap,1.41,60.0,15.6,Staff Shortage,44.4,85,61,2,59,2.99,96.72,71.76,74.0,97.44,69.74,5.27,26.02,3
PureGlow Soaps International (Fictional Dummy Company),Global Manufacturing Head - PureGlow Soaps,Asia,Japan,Nagoya,FCT011,Nagoya Soap Plant,LN0031,Line-1,2026-07-05 07:00:00,2026-07-05,7,Morning,Aloe Vera Liquid Soap,0.97,60.0,20.0,Changeover/Setup,40.0,58,36,1,35,4.1,97.22,62.07,66.67,92.78,60.14,3.7,25.71,2
PureGlow Soaps International (Fictional Dummy Company),Global Manufacturing Head - PureGlow Soaps,Asia,Japan,Nagoya,FCT011,Nagoya Soap Plant,LN0032,Line-2,2026-07-05 07:00:00,2026-07-05,7,Morning,Rose Bar Soap,1.27,60.0,0.5,No Downtime,59.5,76,69,3,66,4.45,95.65,90.79,99.17,91.31,86.61,6.61,17.47,2
PureGlow Soaps International (Fictional Dummy Company),Global Manufacturing Head - PureGlow Soaps,Asia,Japan,Nagoya,FCT011,Nagoya Soap Plant,LN0033,Line-3,2026-07-05 07:00:00,2026-07-05,7,Morning,Rose Bar Soap,1.41,60.0,16.2,Preventive Maintenance,43.8,85,63,2,61,3.51,96.83,74.12,73.0,102.01,72.11,5.4,24.61,2
PureGlow Soaps International (Fictional Dummy Company),Global Manufacturing Head - PureGlow Soaps,Asia,Japan,Nagoya,FCT011,Nagoya Soap Plant,LN0031,Line-1,2026-07-05 08:00:00,2026-07-05,8,Morning,Aloe Vera Liquid Soap,0.97,60.0,31.7,Material Shortage,28.3,58,23,1,22,2.95,95.65,39.66,47.17,83.79,37.8,1.99,15.96,1
PureGlow Soaps International (Fictional Dummy Company),Global Manufacturing Head - PureGlow Soaps,Asia,Japan,Nagoya,FCT011,Nagoya Soap Plant,LN0032,Line-2,2026-07-05 08:00:00,2026-07-05,8,Morning,Rose Bar Soap,1.27,60.0,0.3,No Downtime,59.7,76,75,3,72,3.52,96.0,98.68,99.5,98.92,94.49,6.44,17.52,2
PureGlow Soaps International (Fictional Dummy Company),Global Manufacturing Head - PureGlow Soaps,Asia,Japan,Nagoya,FCT011,Nagoya Soap Plant,LN0033,Line-3,2026-07-05 08:00:00,2026-07-05,8,Morning,Rose Bar Soap,1.41,60.0,33.8,Material Shortage,26.2,85,31,2,29,4.86,93.55,36.47,43.67,83.92,34.28,3.1,14.17,2
PureGlow Soaps International (Fictional Dummy Company),Global Manufacturing Head - PureGlow Soaps,Asia,Japan,Nagoya,FCT011,Nagoya Soap Plant,LN0031,Line-1,2026-07-05 09:00:00,2026-07-05,9,Morning,Aloe Vera Liquid Soap,0.97,60.0,12.3,Changeover/Setup,47.7,58,38,1,37,2.4,97.37,65.52,79.5,82.13,63.58,3.81,30.68,2
PureGlow Soaps International (Fictional Dummy Company),Global Manufacturing Head - PureGlow Soaps,Asia,Japan,Nagoya,FCT011,Nagoya Soap Plant,LN0032,Line-2,2026-07-05 09:00:00,2026-07-05,9,Morning,Rose Bar Soap,1.27,60.0,29.0,Preventive Maintenance,31.0,76,34,1,33,3.56,97.06,44.74,51.67,86.36,43.31,3.69,8.85,3
PureGlow Soaps International (Fictional Dummy Company),Global Manufacturing Head - PureGlow Soaps,Asia,Japan,Nagoya,FCT011,Nagoya Soap Plant,LN0033,Line-3,2026-07-05 09:00:00,2026-07-05,9,Morning,Rose Bar Soap,1.41,60.0,31.3,Preventive Maintenance,28.7,85,41,1,40,3.28,97.56,48.24,47.83,101.32,47.28,3.66,15.99,3
PureGlow Soaps International (Fictional Dummy Company),Global Manufacturing Head - PureGlow Soaps,Asia,Japan,Nagoya,FCT011,Nagoya Soap Plant,LN0031,Line-1,2026-07-05 10:00:00,2026-07-05,10,Morning,Aloe Vera Liquid Soap,0.97,60.0,28.0,Power Outage,32.0,58,30,1,29,3.87,96.67,51.72,53.33,96.65,49.83,2.74,20.62,2
PureGlow Soaps International (Fictional Dummy Company),Global Manufacturing Head - PureGlow Soaps,Asia,Japan,Nagoya,FCT011,Nagoya Soap Plant,LN0032,Line-2,2026-07-05 10:00:00,2026-07-05,10,Morning,Rose Bar Soap,1.27,60.0,7.6,Changeover/Setup,52.4,76,58,1,57,1.6,98.28,76.32,87.33,87.16,74.81,5.59,13.55,1
PureGlow Soaps International (Fictional Dummy Company),Global Manufacturing Head - PureGlow Soaps,Asia,Japan,Nagoya,FCT011,Nagoya Soap Plant,LN0033,Line-3,2026-07-05 10:00:00,2026-07-05,10,Morning,Rose Bar Soap,1.41,60.0,28.2,Power Outage,31.8,85,41,2,39,4.61,95.12,48.24,53.0,91.44,46.1,3.74,16.77,3
PureGlow Soaps International (Fictional Dummy Company),Global Manufacturing Head - PureGlow Soaps,Asia,Japan,Nagoya,FCT011,Nagoya Soap Plant,LN0031,Line-1,2026-07-05 11:00:00,2026-07-05,11,Morning,Aloe Vera Liquid Soap,0.97,60.0,38.2,Machine Breakdown,21.8,58,21,1,20,3.31,95.24,36.21,36.33,99.31,34.36,1.9,14.01,1
PureGlow Soaps International (Fictional Dummy Company),Global Manufacturing Head - PureGlow Soaps,Asia,Japan,Nagoya,FCT011,Nagoya Soap Plant,LN0032,Line-2,2026-07-05 11:00:00,2026-07-05,11,Morning,Rose Bar Soap,1.27,60.0,27.0,Material Shortage,33.0,76,42,1,41,1.66,97.62,55.26,55.0,100.21,53.8,4.42,9.18,3
PureGlow Soaps International (Fictional Dummy Company),Global Manufacturing Head - PureGlow Soaps,Asia,Japan,Nagoya,FCT011,Nagoya Soap Plant,LN0033,Line-3,2026-07-05 11:00:00,2026-07-05,11,Morning,Rose Bar Soap,1.41,60.0,29.6,Preventive Maintenance,30.4,85,42,2,40,4.42,95.24,49.41,50.67,97.98,47.28,3.82,17.31,1
PureGlow Soaps International (Fictional Dummy Company),Global Manufacturing Head - PureGlow Soaps,Asia,Japan,Nagoya,FCT011,Nagoya Soap Plant,LN0031,Line-1,2026-07-05 12:00:00,2026-07-05,12,Morning,Aloe Vera Liquid Soap,0.97,60.0,11.3,Staff Shortage,48.7,58,47,2,45,3.96,95.74,81.03,81.17,99.49,77.32,4.9,30.79,3
PureGlow Soaps International (Fictional Dummy Company),Global Manufacturing Head - PureGlow Soaps,Asia,Japan,Nagoya,FCT011,Nagoya Soap Plant,LN0032,Line-2,2026-07-05 12:00:00,2026-07-05,12,Morning,Rose Bar Soap,1.27,60.0,2.1,No Downtime,57.9,76,73,3,70,4.64,95.89,96.05,96.5,99.28,91.87,6.68,14.82,2
PureGlow Soaps International (Fictional Dummy Company),Global Manufacturing Head - PureGlow Soaps,Asia,Japan,Nagoya,FCT011,Nagoya Soap Plant,LN0033,Line-3,2026-07-05 12:00:00,2026-07-05,12,Morning,Rose Bar Soap,1.41,60.0,43.1,Machine Breakdown,16.9,85,21,1,20,4.51,95.24,24.71,28.17,88.13,23.64,2.01,9.11,3
PureGlow Soaps International (Fictional Dummy Company),Global Manufacturing Head - PureGlow Soaps,Asia,Japan,Nagoya,FCT011,Nagoya Soap Plant,LN0031,Line-1,2026-07-05 13:00:00,2026-07-05,13,Morning,Aloe Vera Liquid Soap,0.97,60.0,1.2,No Downtime,58.8,58,55,3,52,5.19,94.55,94.83,98.0,96.43,89.35,4.68,32.94,1
PureGlow Soaps International (Fictional Dummy Company),Global Manufacturing Head - PureGlow Soaps,Asia,Japan,Nagoya,FCT011,Nagoya Soap Plant,LN0032,Line-2,2026-07-05 13:00:00,2026-07-05,13,Morning,Rose Bar Soap,1.27,60.0,15.0,Quality Hold,45.0,76,53,5,48,9.23,90.57,69.74,75.0,92.74,63.0,4.6,11.96,1
PureGlow Soaps International (Fictional Dummy Company),Global Manufacturing Head - PureGlow Soaps,Asia,Japan,Nagoya,FCT011,Nagoya Soap Plant,LN0033,Line-3,2026-07-05 13:00:00,2026-07-05,13,Morning,Rose Bar Soap,1.41,60.0,16.4,Changeover/Setup,43.6,85,63,1,62,1.97,98.41,74.12,72.67,102.48,73.29,5.89,23.02,1
PureGlow Soaps International (Fictional Dummy Company),Global Manufacturing Head - PureGlow Soaps,Asia,Japan,Nagoya,FCT011,Nagoya Soap Plant,LN0031,Line-1,2026-07-05 14:00:00,2026-07-05,14,Afternoon,Aloe Vera Liquid Soap,0.97,60.0,0.9,No Downtime,59.1,58,49,1,48,2.01,97.96,84.48,98.5,85.47,82.47,4.87,33.8,2
PureGlow Soaps International (Fictional Dummy Company),Global Manufacturing Head - PureGlow Soaps,Asia,Japan,Nagoya,FCT011,Nagoya Soap Plant,LN0032,Line-2,2026-07-05 14:00:00,2026-07-05,14,Afternoon,Rose Bar Soap,1.27,60.0,0.1,No Downtime,59.9,76,65,2,63,2.94,96.92,85.53,99.83,85.44,82.67,5.56,16.08,2
PureGlow Soaps International (Fictional Dummy Company),Global Manufacturing Head - PureGlow Soaps,Asia,Japan,Nagoya,FCT011,Nagoya Soap Plant,LN0033,Line-3,2026-07-05 14:00:00,2026-07-05,14,Afternoon,Rose Bar Soap,1.41,60.0,2.0,No Downtime,58.0,85,71,3,68,4.01,95.77,83.53,96.67,86.82,80.38,7.54,33.03,3
PureGlow Soaps International (Fictional Dummy Company),Global Manufacturing Head - PureGlow Soaps,Asia,Japan,Nagoya,FCT011,Nagoya Soap Plant,LN0031,Line-1,2026-07-05 15:00:00,2026-07-05,15,Afternoon,Aloe Vera Liquid Soap,0.97,60.0,8.0,Changeover/Setup,52.0,58,43,1,42,3.16,97.67,74.14,86.67,85.25,72.16,4.3,30.3,1
PureGlow Soaps International (Fictional Dummy Company),Global Manufacturing Head - PureGlow Soaps,Asia,Japan,Nagoya,FCT011,Nagoya Soap Plant,LN0032,Line-2,2026-07-05 15:00:00,2026-07-05,15,Afternoon,Rose Bar Soap,1.27,60.0,1.0,No Downtime,59.0,76,62,1,61,2.13,98.39,81.58,98.33,82.74,80.05,6.05,14.97,2
PureGlow Soaps International (Fictional Dummy Company),Global Manufacturing Head - PureGlow Soaps,Asia,Japan,Nagoya,FCT011,Nagoya Soap Plant,LN0033,Line-3,2026-07-05 15:00:00,2026-07-05,15,Afternoon,Rose Bar Soap,1.41,60.0,3.3,No Downtime,56.7,85,76,3,73,4.18,96.05,89.41,94.5,95.06,86.28,6.56,33.54,3
PureGlow Soaps International (Fictional Dummy Company),Global Manufacturing Head - PureGlow Soaps,Asia,Japan,Nagoya,FCT011,Nagoya Soap Plant,LN0031,Line-1,2026-07-05 16:00:00,2026-07-05,16,Afternoon,Aloe Vera Liquid Soap,0.97,60.0,18.3,Staff Shortage,41.7,58,35,1,34,2.21,97.14,60.34,69.5,86.53,58.42,3.31,26.12,1
PureGlow Soaps International (Fictional Dummy Company),Global Manufacturing Head - PureGlow Soaps,Asia,Japan,Nagoya,FCT011,Nagoya Soap Plant,LN0032,Line-2,2026-07-05 16:00:00,2026-07-05,16,Afternoon,Rose Bar Soap,1.27,60.0,16.3,Machine Breakdown,43.7,76,54,3,51,5.33,94.44,71.05,72.83,97.3,66.92,4.73,11.59,3
PureGlow Soaps International (Fictional Dummy Company),Global Manufacturing Head - PureGlow Soaps,Asia,Japan,Nagoya,FCT011,Nagoya Soap Plant,LN0033,Line-3,2026-07-05 16:00:00,2026-07-05,16,Afternoon,Rose Bar Soap,1.41,60.0,0.5,No Downtime,59.5,85,85,5,80,5.5,94.12,100.0,99.17,101.32,94.57,9.13,33.24,2
PureGlow Soaps International (Fictional Dummy Company),Global Manufacturing Head - PureGlow Soaps,Asia,Japan,Nagoya,FCT011,Nagoya Soap Plant,LN0031,Line-1,2026-07-05 17:00:00,2026-07-05,17,Afternoon,Aloe Vera Liquid Soap,0.97,60.0,11.6,Changeover/Setup,48.4,58,47,1,46,3.13,97.87,81.03,80.67,100.11,79.04,4.07,27.4,3
PureGlow Soaps International (Fictional Dummy Company),Global Manufacturing Head - PureGlow Soaps,Asia,Japan,Nagoya,FCT011,Nagoya Soap Plant,LN0032,Line-2,2026-07-05 17:00:00,2026-07-05,17,Afternoon,Rose Bar Soap,1.27,60.0,27.1,Material Shortage,32.9,76,43,1,42,1.85,97.67,56.58,54.83,102.91,55.11,4.4,8.84,3
PureGlow Soaps International (Fictional Dummy Company),Global Manufacturing Head - PureGlow Soaps,Asia,Japan,Nagoya,FCT011,Nagoya Soap Plant,LN0033,Line-3,2026-07-05 17:00:00,2026-07-05,17,Afternoon,Rose Bar Soap,1.41,60.0,13.6,Machine Breakdown,46.4,85,65,2,63,2.44,96.92,76.47,77.33,99.35,74.46,6.6,27.43,3
PureGlow Soaps International (Fictional Dummy Company),Global Manufacturing Head - PureGlow Soaps,Asia,Japan,Nagoya,FCT011,Nagoya Soap Plant,LN0031,Line-1,2026-07-05 18:00:00,2026-07-05,18,Afternoon,Aloe Vera Liquid Soap,0.97,60.0,20.3,Material Shortage,39.7,58,37,2,35,4.63,94.59,63.79,66.17,96.08,60.14,3.44,22.69,2
PureGlow Soaps International (Fictional Dummy Company),Global Manufacturing Head - PureGlow Soaps,Asia,Japan,Nagoya,FCT011,Nagoya Soap Plant,LN0032,Line-2,2026-07-05 18:00:00,2026-07-05,18,Afternoon,Rose Bar Soap,1.27,60.0,17.0,Material Shortage,43.0,76,49,2,47,3.67,95.92,64.47,71.67,89.73,61.69,4.21,10.62,2
PureGlow Soaps International (Fictional Dummy Company),Global Manufacturing Head - PureGlow Soaps,Asia,Japan,Nagoya,FCT011,Nagoya Soap Plant,LN0033,Line-3,2026-07-05 18:00:00,2026-07-05,18,Afternoon,Rose Bar Soap,1.41,60.0,14.5,Changeover/Setup,45.5,85,55,1,54,2.24,98.18,64.71,75.83,85.73,63.83,5.69,27.54,2
PureGlow Soaps International (Fictional Dummy Company),Global Manufacturing Head - PureGlow Soaps,Asia,Japan,Nagoya,FCT011,Nagoya Soap Plant,LN0031,Line-1,2026-07-05 19:00:00,2026-07-05,19,Afternoon,Aloe Vera Liquid Soap,0.97,60.0,17.2,Machine Breakdown,42.8,58,36,1,35,3.9,97.22,62.07,71.33,86.71,60.13,3.21,24.11,2
PureGlow Soaps International (Fictional Dummy Company),Global Manufacturing Head - PureGlow Soaps,Asia,Japan,Nagoya,FCT011,Nagoya Soap Plant,LN0032,Line-2,2026-07-05 19:00:00,2026-07-05,19,Afternoon,Rose Bar Soap,1.27,60.0,29.8,Preventive Maintenance,30.2,76,36,2,34,5.32,94.44,47.37,50.33,93.86,44.61,3.22,8.05,3
PureGlow Soaps International (Fictional Dummy Company),Global Manufacturing Head - PureGlow Soaps,Asia,Japan,Nagoya,FCT011,Nagoya Soap Plant,LN0033,Line-3,2026-07-05 19:00:00,2026-07-05,19,Afternoon,Rose Bar Soap,1.41,60.0,19.3,Power Outage,40.7,85,58,1,57,1.51,98.28,68.24,67.83,101.07,67.38,5.27,22.35,2
PureGlow Soaps International (Fictional Dummy Company),Global Manufacturing Head - PureGlow Soaps,Asia,Japan,Nagoya,FCT011,Nagoya Soap Plant,LN0031,Line-1,2026-07-05 20:00:00,2026-07-05,20,Afternoon,Aloe Vera Liquid Soap,0.97,60.0,27.0,Material Shortage,33.0,58,32,2,30,7.02,93.75,55.17,55.0,99.97,51.55,2.79,18.75,1
PureGlow Soaps International (Fictional Dummy Company),Global Manufacturing Head - PureGlow Soaps,Asia,Japan,Nagoya,FCT011,Nagoya Soap Plant,LN0032,Line-2,2026-07-05 20:00:00,2026-07-05,20,Afternoon,Rose Bar Soap,1.27,60.0,10.5,Power Outage,49.5,76,63,2,61,3.41,96.83,82.89,82.5,100.21,80.05,6.3,13.52,2
PureGlow Soaps International (Fictional Dummy Company),Global Manufacturing Head - PureGlow Soaps,Asia,Japan,Nagoya,FCT011,Nagoya Soap Plant,LN0033,Line-3,2026-07-05 20:00:00,2026-07-05,20,Afternoon,Rose Bar Soap,1.41,60.0,3.9,No Downtime,56.1,85,65,1,64,2.03,98.46,76.47,93.5,82.17,75.65,7.1,33.27,2
PureGlow Soaps International (Fictional Dummy Company),Global Manufacturing Head - PureGlow Soaps,Asia,Japan,Nagoya,FCT011,Nagoya Soap Plant,LN0031,Line-1,2026-07-05 21:00:00,2026-07-05,21,Afternoon,Aloe Vera Liquid Soap,0.97,60.0,4.0,No Downtime,56.0,58,47,1,46,3.0,97.87,81.03,93.33,86.52,79.03,4.52,31.62,3
PureGlow Soaps International (Fictional Dummy Company),Global Manufacturing Head - PureGlow Soaps,Asia,Japan,Nagoya,FCT011,Nagoya Soap Plant,LN0032,Line-2,2026-07-05 21:00:00,2026-07-05,21,Afternoon,Rose Bar Soap,1.27,60.0,31.1,Machine Breakdown,28.9,76,34,1,33,3.0,97.06,44.74,48.17,92.64,43.31,3.6,7.25,3
PureGlow Soaps International (Fictional Dummy Company),Global Manufacturing Head - PureGlow Soaps,Asia,Japan,Nagoya,FCT011,Nagoya Soap Plant,LN0033,Line-3,2026-07-05 21:00:00,2026-07-05,21,Afternoon,Rose Bar Soap,1.41,60.0,43.2,Machine Breakdown,16.8,85,23,1,22,2.33,95.65,27.06,28.0,97.1,26.01,2.44,10.14,1
PureGlow Soaps International (Fictional Dummy Company),Global Manufacturing Head - PureGlow Soaps,Asia,Japan,Nagoya,FCT011,Nagoya Soap Plant,LN0031,Line-1,2026-07-05 22:00:00,2026-07-05,22,Night,Aloe Vera Liquid Soap,0.97,60.0,1.9,No Downtime,58.1,58,52,1,51,1.51,98.08,89.66,96.83,92.27,87.63,4.84,38.04,3
PureGlow Soaps International (Fictional Dummy Company),Global Manufacturing Head - PureGlow Soaps,Asia,Japan,Nagoya,FCT011,Nagoya Soap Plant,LN0032,Line-2,2026-07-05 22:00:00,2026-07-05,22,Night,Rose Bar Soap,1.27,60.0,28.3,Material Shortage,31.7,76,39,1,38,2.75,97.44,51.32,52.83,96.87,49.87,3.93,8.37,2
PureGlow Soaps International (Fictional Dummy Company),Global Manufacturing Head - PureGlow Soaps,Asia,Japan,Nagoya,FCT011,Nagoya Soap Plant,LN0033,Line-3,2026-07-05 22:00:00,2026-07-05,22,Night,Rose Bar Soap,1.41,60.0,14.0,Power Outage,46.0,85,66,1,65,1.16,98.48,77.65,76.67,101.76,76.83,7.09,27.17,1
PureGlow Soaps International (Fictional Dummy Company),Global Manufacturing Head - PureGlow Soaps,Asia,Japan,Nagoya,FCT011,Nagoya Soap Plant,LN0031,Line-1,2026-07-05 23:00:00,2026-07-05,23,Night,Aloe Vera Liquid Soap,0.97,60.0,10.3,Changeover/Setup,49.7,58,48,2,46,4.62,95.83,82.76,82.83,99.57,79.03,4.36,32.44,1
PureGlow Soaps International (Fictional Dummy Company),Global Manufacturing Head - PureGlow Soaps,Asia,Japan,Nagoya,FCT011,Nagoya Soap Plant,LN0032,Line-2,2026-07-05 23:00:00,2026-07-05,23,Night,Rose Bar Soap,1.27,60.0,8.1,Changeover/Setup,51.9,76,64,2,62,3.86,96.88,84.21,86.5,97.1,81.37,6.57,14.59,3
PureGlow Soaps International (Fictional Dummy Company),Global Manufacturing Head - PureGlow Soaps,Asia,Japan,Nagoya,FCT011,Nagoya Soap Plant,LN0033,Line-3,2026-07-05 23:00:00,2026-07-05,23,Night,Rose Bar Soap,1.41,60.0,30.6,Machine Breakdown,29.4,85,40,1,39,2.81,97.5,47.06,49.0,96.49,46.1,4.18,17.86,2
PureGlow Soaps International (Fictional Dummy Company),Global Manufacturing Head - PureGlow Soaps,Asia,Japan,Nagoya,FCT011,Nagoya Soap Plant,LN0031,Line-1,2026-07-06 00:00:00,2026-07-06,0,Night,Coconut Bar Soap,0.97,60.0,2.0,No Downtime,58.0,58,50,1,49,2.17,98.0,86.21,96.67,88.87,84.19,4.86,34.31,2
PureGlow Soaps International (Fictional Dummy Company),Global Manufacturing Head - PureGlow Soaps,Asia,Japan,Nagoya,FCT011,Nagoya Soap Plant,LN0032,Line-2,2026-07-06 00:00:00,2026-07-06,0,Night,Charcoal Bar Soap,1.27,60.0,18.0,Quality Hold,42.0,76,54,4,50,7.56,92.59,71.05,70.0,101.24,65.62,4.87,11.45,2
PureGlow Soaps International (Fictional Dummy Company),Global Manufacturing Head - PureGlow Soaps,Asia,Japan,Nagoya,FCT011,Nagoya Soap Plant,LN0033,Line-3,2026-07-06 00:00:00,2026-07-06,0,Night,Rose Bar Soap,1.41,60.0,11.8,Machine Breakdown,48.2,85,61,2,59,3.27,96.72,71.76,80.33,89.76,69.74,5.68,27.57,3
PureGlow Soaps International (Fictional Dummy Company),Global Manufacturing Head - PureGlow Soaps,Asia,Japan,Nagoya,FCT011,Nagoya Soap Plant,LN0031,Line-1,2026-07-06 01:00:00,2026-07-06,1,Night,Coconut Bar Soap,0.97,60.0,24.8,Staff Shortage,35.2,58,33,0,33,1.28,100.0,56.9,58.67,96.65,56.7,3.39,21.76,2
PureGlow Soaps International (Fictional Dummy Company),Global Manufacturing Head - PureGlow Soaps,Asia,Japan,Nagoya,FCT011,Nagoya Soap Plant,LN0032,Line-2,2026-07-06 01:00:00,2026-07-06,1,Night,Charcoal Bar Soap,1.27,60.0,14.8,Changeover/Setup,45.2,76,57,1,56,1.85,98.25,75.0,75.33,99.3,73.49,5.93,12.44,2
PureGlow Soaps International (Fictional Dummy Company),Global Manufacturing Head - PureGlow Soaps,Asia,Japan,Nagoya,FCT011,Nagoya Soap Plant,LN0033,Line-3,2026-07-06 01:00:00,2026-07-06,1,Night,Rose Bar Soap,1.41,60.0,29.1,Preventive Maintenance,30.9,85,38,0,38,0.0,100.0,44.71,51.5,87.22,44.92,3.29,16.29,3
PureGlow Soaps International (Fictional Dummy Company),Global Manufacturing Head - PureGlow Soaps,Asia,Japan,Nagoya,FCT011,Nagoya Soap Plant,LN0031,Line-1,2026-07-06 02:00:00,2026-07-06,2,Night,Coconut Bar Soap,0.97,60.0,24.0,Machine Breakdown,36.0,58,35,2,33,4.94,94.29,60.34,60.0,100.23,56.7,3.45,21.29,3
PureGlow Soaps International (Fictional Dummy Company),Global Manufacturing Head - PureGlow Soaps,Asia,Japan,Nagoya,FCT011,Nagoya Soap Plant,LN0032,Line-2,2026-07-06 02:00:00,2026-07-06,2,Night,Charcoal Bar Soap,1.27,60.0,15.3,Machine Breakdown,44.7,76,46,0,46,0.0,100.0,60.53,74.5,81.03,60.37,3.96,11.03,1
PureGlow Soaps International (Fictional Dummy Company),Global Manufacturing Head - PureGlow Soaps,Asia,Japan,Nagoya,FCT011,Nagoya Soap Plant,LN0033,Line-3,2026-07-06 02:00:00,2026-07-06,2,Night,Rose Bar Soap,1.41,60.0,18.3,Quality Hold,41.7,85,57,3,54,6.03,94.74,67.06,69.5,96.94,63.83,5.14,21.67,3
PureGlow Soaps International (Fictional Dummy Company),Global Manufacturing Head - PureGlow Soaps,Asia,Japan,Nagoya,FCT011,Nagoya Soap Plant,LN0031,Line-1,2026-07-06 03:00:00,2026-07-06,3,Night,Coconut Bar Soap,0.97,60.0,5.8,Changeover/Setup,54.2,58,43,0,43,0.59,100.0,74.14,90.33,81.79,73.88,3.99,30.97,1
PureGlow Soaps International (Fictional Dummy Company),Global Manufacturing Head - PureGlow Soaps,Asia,Japan,Nagoya,FCT011,Nagoya Soap Plant,LN0032,Line-2,2026-07-06 03:00:00,2026-07-06,3,Night,Charcoal Bar Soap,1.27,60.0,12.9,Changeover/Setup,47.1,76,61,3,58,4.83,95.08,80.26,78.5,101.98,76.12,6.54,11.65,2
PureGlow Soaps International (Fictional Dummy Company),Global Manufacturing Head - PureGlow Soaps,Asia,Japan,Nagoya,FCT011,Nagoya Soap Plant,LN0033,Line-3,2026-07-06 03:00:00,2026-07-06,3,Night,Rose Bar Soap,1.41,60.0,15.5,Machine Breakdown,44.5,85,57,2,55,2.75,96.49,67.06,74.17,90.84,65.01,6.05,26.93,2
PureGlow Soaps International (Fictional Dummy Company),Global Manufacturing Head - PureGlow Soaps,Asia,Japan,Nagoya,FCT011,Nagoya Soap Plant,LN0031,Line-1,2026-07-06 04:00:00,2026-07-06,4,Night,Coconut Bar Soap,0.97,60.0,12.8,Staff Shortage,47.2,58,41,2,39,4.7,95.12,70.69,78.67,89.55,67.01,4.16,28.35,1
PureGlow Soaps International (Fictional Dummy Company),Global Manufacturing Head - PureGlow Soaps,Asia,Japan,Nagoya,FCT011,Nagoya Soap Plant,LN0032,Line-2,2026-07-06 04:00:00,2026-07-06,4,Night,Charcoal Bar Soap,1.27,60.0,28.7,Machine Breakdown,31.3,76,38,1,37,3.41,97.37,50.0,52.17,95.6,48.56,3.8,8.32,1
PureGlow Soaps International (Fictional Dummy Company),Global Manufacturing Head - PureGlow Soaps,Asia,Japan,Nagoya,FCT011,Nagoya Soap Plant,LN0033,Line-3,2026-07-06 04:00:00,2026-07-06,4,Night,Rose Bar Soap,1.41,60.0,32.7,Preventive Maintenance,27.3,85,37,1,36,3.38,97.3,43.53,45.5,96.12,42.55,3.53,16.33,3
PureGlow Soaps International (Fictional Dummy Company),Global Manufacturing Head - PureGlow Soaps,Asia,Japan,Nagoya,FCT011,Nagoya Soap Plant,LN0031,Line-1,2026-07-06 05:00:00,2026-07-06,5,Night,Coconut Bar Soap,0.97,60.0,2.1,No Downtime,57.9,58,51,1,50,2.0,98.04,87.93,96.5,90.81,85.91,5.22,38.21,3
PureGlow Soaps International (Fictional Dummy Company),Global Manufacturing Head - PureGlow Soaps,Asia,Japan,Nagoya,FCT011,Nagoya Soap Plant,LN0032,Line-2,2026-07-06 05:00:00,2026-07-06,5,Night,Charcoal Bar Soap,1.27,60.0,0.5,No Downtime,59.5,76,61,3,58,4.24,95.08,80.26,99.17,80.73,76.12,5.94,16.24,3
PureGlow Soaps International (Fictional Dummy Company),Global Manufacturing Head - PureGlow Soaps,Asia,Japan,Nagoya,FCT011,Nagoya Soap Plant,LN0033,Line-3,2026-07-06 05:00:00,2026-07-06,5,Night,Rose Bar Soap,1.41,60.0,0.9,No Downtime,59.1,85,67,1,66,1.33,98.51,78.82,98.5,80.4,78.01,6.74,31.76,3
PureGlow Soaps International (Fictional Dummy Company),Global Manufacturing Head - PureGlow Soaps,Asia,Japan,Nagoya,FCT011,Nagoya Soap Plant,LN0031,Line-1,2026-07-06 06:00:00,2026-07-06,6,Morning,Coconut Bar Soap,0.97,60.0,33.2,Preventive Maintenance,26.8,58,23,1,22,2.59,95.65,39.66,44.67,88.48,37.8,2.07,16.27,1
PureGlow Soaps International (Fictional Dummy Company),Global Manufacturing Head - PureGlow Soaps,Asia,Japan,Nagoya,FCT011,Nagoya Soap Plant,LN0032,Line-2,2026-07-06 06:00:00,2026-07-06,6,Morning,Charcoal Bar Soap,1.27,60.0,3.4,No Downtime,56.6,76,63,2,61,3.54,96.83,82.89,94.33,87.64,80.05,5.88,16.52,1
PureGlow Soaps International (Fictional Dummy Company),Global Manufacturing Head - PureGlow Soaps,Asia,Japan,Nagoya,FCT011,Nagoya Soap Plant,LN0033,Line-3,2026-07-06 06:00:00,2026-07-06,6,Morning,Rose Bar Soap,1.41,60.0,3.1,No Downtime,56.9,85,70,2,68,3.18,97.14,82.35,94.83,87.25,80.37,6.58,32.51,3
PureGlow Soaps International (Fictional Dummy Company),Global Manufacturing Head - PureGlow Soaps,Asia,Japan,Nagoya,FCT011,Nagoya Soap Plant,LN0031,Line-1,2026-07-06 07:00:00,2026-07-06,7,Morning,Coconut Bar Soap,0.97,60.0,2.2,No Downtime,57.8,58,51,1,50,1.74,98.04,87.93,96.33,90.96,85.9,5.57,31.4,2
PureGlow Soaps International (Fictional Dummy Company),Global Manufacturing Head - PureGlow Soaps,Asia,Japan,Nagoya,FCT011,Nagoya Soap Plant,LN0032,Line-2,2026-07-06 07:00:00,2026-07-06,7,Morning,Charcoal Bar Soap,1.27,60.0,36.5,Machine Breakdown,23.5,76,28,0,28,1.76,100.0,36.84,39.17,93.82,36.75,2.59,6.2,2
PureGlow Soaps International (Fictional Dummy Company),Global Manufacturing Head - PureGlow Soaps,Asia,Japan,Nagoya,FCT011,Nagoya Soap Plant,LN0033,Line-3,2026-07-06 07:00:00,2026-07-06,7,Morning,Rose Bar Soap,1.41,60.0,0.3,No Downtime,59.7,85,70,2,68,2.48,97.14,82.35,99.5,83.16,80.38,6.11,32.41,2
PureGlow Soaps International (Fictional Dummy Company),Global Manufacturing Head - PureGlow Soaps,Asia,Japan,Nagoya,FCT011,Nagoya Soap Plant,LN0031,Line-1,2026-07-06 08:00:00,2026-07-06,8,Morning,Coconut Bar Soap,0.97,60.0,33.2,Preventive Maintenance,26.8,58,23,1,22,2.26,95.65,39.66,44.67,88.48,37.8,2.2,16.93,3
PureGlow Soaps International (Fictional Dummy Company),Global Manufacturing Head - PureGlow Soaps,Asia,Japan,Nagoya,FCT011,Nagoya Soap Plant,LN0032,Line-2,2026-07-06 08:00:00,2026-07-06,8,Morning,Charcoal Bar Soap,1.27,60.0,15.1,Preventive Maintenance,44.9,76,58,2,56,4.0,96.55,76.32,74.83,101.71,73.48,5.5,10.96,3
PureGlow Soaps International (Fictional Dummy Company),Global Manufacturing Head - PureGlow Soaps,Asia,Japan,Nagoya,FCT011,Nagoya Soap Plant,LN0033,Line-3,2026-07-06 08:00:00,2026-07-06,8,Morning,Rose Bar Soap,1.41,60.0,2.8,No Downtime,57.2,85,82,2,80,2.55,97.56,96.47,95.33,101.67,94.56,8.13,31.51,2
PureGlow Soaps International (Fictional Dummy Company),Global Manufacturing Head - PureGlow Soaps,Asia,Japan,Nagoya,FCT011,Nagoya Soap Plant,LN0031,Line-1,2026-07-06 09:00:00,2026-07-06,9,Morning,Coconut Bar Soap,0.97,60.0,3.2,No Downtime,56.8,58,45,0,45,1.03,100.0,77.59,94.67,81.68,77.33,4.59,32.8,2
PureGlow Soaps International (Fictional Dummy Company),Global Manufacturing Head - PureGlow Soaps,Asia,Japan,Nagoya,FCT011,Nagoya Soap Plant,LN0032,Line-2,2026-07-06 09:00:00,2026-07-06,9,Morning,Charcoal Bar Soap,1.27,60.0,40.2,Machine Breakdown,19.8,76,25,1,24,3.29,96.0,32.89,33.0,99.42,31.5,2.61,5.19,1
PureGlow Soaps International (Fictional Dummy Company),Global Manufacturing Head - PureGlow Soaps,Asia,Japan,Nagoya,FCT011,Nagoya Soap Plant,LN0033,Line-3,2026-07-06 09:00:00,2026-07-06,9,Morning,Rose Bar Soap,1.41,60.0,26.2,Machine Breakdown,33.8,85,40,1,39,2.12,97.5,47.06,56.33,83.93,46.1,4.38,20.65,2
PureGlow Soaps International (Fictional Dummy Company),Global Manufacturing Head - PureGlow Soaps,Asia,Japan,Nagoya,FCT011,Nagoya Soap Plant,LN0031,Line-1,2026-07-06 10:00:00,2026-07-06,10,Morning,Coconut Bar Soap,0.97,60.0,26.4,Power Outage,33.6,58,30,1,29,2.44,96.67,51.72,56.0,92.05,49.83,3.16,18.43,2
PureGlow Soaps International (Fictional Dummy Company),Global Manufacturing Head - PureGlow Soaps,Asia,Japan,Nagoya,FCT011,Nagoya Soap Plant,LN0032,Line-2,2026-07-06 10:00:00,2026-07-06,10,Morning,Charcoal Bar Soap,1.27,60.0,24.2,Material Shortage,35.8,76,44,2,42,4.28,95.45,57.89,59.67,96.78,55.12,3.98,10.16,1
PureGlow Soaps International (Fictional Dummy Company),Global Manufacturing Head - PureGlow Soaps,Asia,Japan,Nagoya,FCT011,Nagoya Soap Plant,LN0033,Line-3,2026-07-06 10:00:00,2026-07-06,10,Morning,Rose Bar Soap,1.41,60.0,18.4,Staff Shortage,41.6,85,52,1,51,1.72,98.08,61.18,69.33,88.65,60.28,5.42,21.27,1
PureGlow Soaps International (Fictional Dummy Company),Global Manufacturing Head - PureGlow Soaps,Asia,Japan,Nagoya,FCT011,Nagoya Soap Plant,LN0031,Line-1,2026-07-06 11:00:00,2026-07-06,11,Morning,Coconut Bar Soap,0.97,60.0,7.8,Changeover/Setup,52.2,58,47,1,46,2.77,97.87,81.03,87.0,92.82,79.03,5.07,33.81,3
PureGlow Soaps International (Fictional Dummy Company),Global Manufacturing Head - PureGlow Soaps,Asia,Japan,Nagoya,FCT011,Nagoya Soap Plant,LN0032,Line-2,2026-07-06 11:00:00,2026-07-06,11,Morning,Charcoal Bar Soap,1.27,60.0,17.0,Material Shortage,43.0,76,53,2,51,3.83,96.23,69.74,71.67,97.05,66.93,5.09,10.46,2
PureGlow Soaps International (Fictional Dummy Company),Global Manufacturing Head - PureGlow Soaps,Asia,Japan,Nagoya,FCT011,Nagoya Soap Plant,LN0033,Line-3,2026-07-06 11:00:00,2026-07-06,11,Morning,Rose Bar Soap,1.41,60.0,3.3,No Downtime,56.7,85,75,4,71,5.1,94.67,88.24,94.5,93.81,83.93,6.45,32.45,1
PureGlow Soaps International (Fictional Dummy Company),Global Manufacturing Head - PureGlow Soaps,Asia,Japan,Nagoya,FCT011,Nagoya Soap Plant,LN0031,Line-1,2026-07-06 12:00:00,2026-07-06,12,Morning,Coconut Bar Soap,0.97,60.0,27.4,Material Shortage,32.6,58,30,0,30,1.1,100.0,51.72,54.33,94.87,51.54,3.22,18.66,2
PureGlow Soaps International (Fictional Dummy Company),Global Manufacturing Head - PureGlow Soaps,Asia,Japan,Nagoya,FCT011,Nagoya Soap Plant,LN0032,Line-2,2026-07-06 12:00:00,2026-07-06,12,Morning,Charcoal Bar Soap,1.27,60.0,2.9,No Downtime,57.1,76,62,2,60,3.62,96.77,81.58,95.17,85.5,78.74,6.28,16.59,2
PureGlow Soaps International (Fictional Dummy Company),Global Manufacturing Head - PureGlow Soaps,Asia,Japan,Nagoya,FCT011,Nagoya Soap Plant,LN0033,Line-3,2026-07-06 12:00:00,2026-07-06,12,Morning,Rose Bar Soap,1.41,60.0,40.0,Machine Breakdown,20.0,85,26,1,25,4.86,96.15,30.59,33.33,92.2,29.55,2.38,11.54,3
PureGlow Soaps International (Fictional Dummy Company),Global Manufacturing Head - PureGlow Soaps,Asia,Japan,Nagoya,FCT011,Nagoya Soap Plant,LN0031,Line-1,2026-07-06 13:00:00,2026-07-06,13,Morning,Coconut Bar Soap,0.97,60.0,15.3,Changeover/Setup,44.7,58,43,1,42,2.16,97.67,74.14,74.5,99.17,72.16,4.23,27.07,1
PureGlow Soaps International (Fictional Dummy Company),Global Manufacturing Head - PureGlow Soaps,Asia,Japan,Nagoya,FCT011,Nagoya Soap Plant,LN0032,Line-2,2026-07-06 13:00:00,2026-07-06,13,Morning,Charcoal Bar Soap,1.27,60.0,22.9,Material Shortage,37.1,76,46,1,45,2.44,97.83,60.53,61.83,97.63,59.05,4.51,9.48,2
PureGlow Soaps International (Fictional Dummy Company),Global Manufacturing Head - PureGlow Soaps,Asia,Japan,Nagoya,FCT011,Nagoya Soap Plant,LN0033,Line-3,2026-07-06 13:00:00,2026-07-06,13,Morning,Rose Bar Soap,1.41,60.0,16.1,Changeover/Setup,43.9,85,62,1,61,1.64,98.39,72.94,73.17,100.16,72.11,5.98,26.74,1
PureGlow Soaps International (Fictional Dummy Company),Global Manufacturing Head - PureGlow Soaps,Asia,Japan,Nagoya,FCT011,Nagoya Soap Plant,LN0031,Line-1,2026-07-06 14:00:00,2026-07-06,14,Afternoon,Coconut Bar Soap,0.97,60.0,16.6,Machine Breakdown,43.4,58,39,1,38,3.6,97.44,67.24,72.33,92.64,65.29,3.68,28.75,1
PureGlow Soaps International (Fictional Dummy Company),Global Manufacturing Head - PureGlow Soaps,Asia,Japan,Nagoya,FCT011,Nagoya Soap Plant,LN0032,Line-2,2026-07-06 14:00:00,2026-07-06,14,Afternoon,Charcoal Bar Soap,1.27,60.0,4.0,No Downtime,56.0,76,65,1,64,1.67,98.46,85.53,93.33,91.39,83.98,6.29,15.75,2
PureGlow Soaps International (Fictional Dummy Company),Global Manufacturing Head - PureGlow Soaps,Asia,Japan,Nagoya,FCT011,Nagoya Soap Plant,LN0033,Line-3,2026-07-06 14:00:00,2026-07-06,14,Afternoon,Rose Bar Soap,1.41,60.0,0.7,No Downtime,59.3,85,79,2,77,2.75,97.47,92.94,98.83,94.48,91.01,6.88,33.77,3
PureGlow Soaps International (Fictional Dummy Company),Global Manufacturing Head - PureGlow Soaps,Asia,Japan,Nagoya,FCT011,Nagoya Soap Plant,LN0031,Line-1,2026-07-06 15:00:00,2026-07-06,15,Afternoon,Coconut Bar Soap,0.97,60.0,10.0,Changeover/Setup,50.0,58,39,1,38,2.41,97.44,67.24,83.33,80.41,65.29,3.86,31.5,2
PureGlow Soaps International (Fictional Dummy Company),Global Manufacturing Head - PureGlow Soaps,Asia,Japan,Nagoya,FCT011,Nagoya Soap Plant,LN0032,Line-2,2026-07-06 15:00:00,2026-07-06,15,Afternoon,Charcoal Bar Soap,1.27,60.0,11.6,Changeover/Setup,48.4,76,56,1,55,1.84,98.21,73.68,80.67,91.1,72.17,5.39,13.5,2
PureGlow Soaps International (Fictional Dummy Company),Global Manufacturing Head - PureGlow Soaps,Asia,Japan,Nagoya,FCT011,Nagoya Soap Plant,LN0033,Line-3,2026-07-06 15:00:00,2026-07-06,15,Afternoon,Rose Bar Soap,1.41,60.0,19.6,Changeover/Setup,40.4,85,47,2,45,3.6,95.74,55.29,67.33,82.51,53.19,4.85,24.62,2
PureGlow Soaps International (Fictional Dummy Company),Global Manufacturing Head - PureGlow Soaps,Asia,Japan,Nagoya,FCT011,Nagoya Soap Plant,LN0031,Line-1,2026-07-06 16:00:00,2026-07-06,16,Afternoon,Coconut Bar Soap,0.97,60.0,12.2,Changeover/Setup,47.8,58,44,1,43,2.91,97.73,75.86,79.67,94.9,73.89,3.96,27.4,3
PureGlow Soaps International (Fictional Dummy Company),Global Manufacturing Head - PureGlow Soaps,Asia,Japan,Nagoya,FCT011,Nagoya Soap Plant,LN0032,Line-2,2026-07-06 16:00:00,2026-07-06,16,Afternoon,Charcoal Bar Soap,1.27,60.0,27.6,Power Outage,32.4,76,35,1,34,1.89,97.14,46.05,54.0,85.06,44.62,3.44,9.06,3
PureGlow Soaps International (Fictional Dummy Company),Global Manufacturing Head - PureGlow Soaps,Asia,Japan,Nagoya,FCT011,Nagoya Soap Plant,LN0033,Line-3,2026-07-06 16:00:00,2026-07-06,16,Afternoon,Rose Bar Soap,1.41,60.0,32.1,Preventive Maintenance,27.9,85,32,0,32,0.46,100.0,37.65,46.5,81.34,37.82,3.48,14.74,3
PureGlow Soaps International (Fictional Dummy Company),Global Manufacturing Head - PureGlow Soaps,Asia,Japan,Nagoya,FCT011,Nagoya Soap Plant,LN0031,Line-1,2026-07-06 17:00:00,2026-07-06,17,Afternoon,Coconut Bar Soap,0.97,60.0,24.5,Power Outage,35.5,58,32,1,31,3.3,96.88,55.17,59.17,92.93,53.27,3.04,20.16,3
PureGlow Soaps International (Fictional Dummy Company),Global Manufacturing Head - PureGlow Soaps,Asia,Japan,Nagoya,FCT011,Nagoya Soap Plant,LN0032,Line-2,2026-07-06 17:00:00,2026-07-06,17,Afternoon,Charcoal Bar Soap,1.27,60.0,40.8,Machine Breakdown,19.2,76,20,1,19,5.03,95.0,26.32,32.0,82.02,24.93,1.7,5.2,1
PureGlow Soaps International (Fictional Dummy Company),Global Manufacturing Head - PureGlow Soaps,Asia,Japan,Nagoya,FCT011,Nagoya Soap Plant,LN0033,Line-3,2026-07-06 17:00:00,2026-07-06,17,Afternoon,Rose Bar Soap,1.41,60.0,33.0,Machine Breakdown,27.0,85,36,1,35,1.56,97.22,42.35,45.0,94.56,41.37,3.31,14.72,2
PureGlow Soaps International (Fictional Dummy Company),Global Manufacturing Head - PureGlow Soaps,Asia,Japan,Nagoya,FCT011,Nagoya Soap Plant,LN0031,Line-1,2026-07-06 18:00:00,2026-07-06,18,Afternoon,Coconut Bar Soap,0.97,60.0,0.4,No Downtime,59.6,58,56,0,56,0.07,100.0,96.55,99.33,96.87,96.22,5.45,35.24,2
PureGlow Soaps International (Fictional Dummy Company),Global Manufacturing Head - PureGlow Soaps,Asia,Japan,Nagoya,FCT011,Nagoya Soap Plant,LN0032,Line-2,2026-07-06 18:00:00,2026-07-06,18,Afternoon,Charcoal Bar Soap,1.27,60.0,1.9,No Downtime,58.1,76,74,2,72,2.57,97.3,97.37,96.83,100.29,94.49,6.88,15.49,2
PureGlow Soaps International (Fictional Dummy Company),Global Manufacturing Head - PureGlow Soaps,Asia,Japan,Nagoya,FCT011,Nagoya Soap Plant,LN0033,Line-3,2026-07-06 18:00:00,2026-07-06,18,Afternoon,Rose Bar Soap,1.41,60.0,2.1,No Downtime,57.9,85,80,1,79,1.47,98.75,94.12,96.5,97.99,93.38,8.22,33.67,1
PureGlow Soaps International (Fictional Dummy Company),Global Manufacturing Head - PureGlow Soaps,Asia,Japan,Nagoya,FCT011,Nagoya Soap Plant,LN0031,Line-1,2026-07-06 19:00:00,2026-07-06,19,Afternoon,Coconut Bar Soap,0.97,60.0,19.2,Machine Breakdown,40.8,58,37,2,35,4.46,94.59,63.79,68.0,93.49,60.13,3.15,24.99,2
PureGlow Soaps International (Fictional Dummy Company),Global Manufacturing Head - PureGlow Soaps,Asia,Japan,Nagoya,FCT011,Nagoya Soap Plant,LN0032,Line-2,2026-07-06 19:00:00,2026-07-06,19,Afternoon,Charcoal Bar Soap,1.27,60.0,39.5,Machine Breakdown,20.5,76,26,1,25,4.03,96.15,34.21,34.17,99.87,32.81,2.76,5.52,2
PureGlow Soaps International (Fictional Dummy Company),Global Manufacturing Head - PureGlow Soaps,Asia,Japan,Nagoya,FCT011,Nagoya Soap Plant,LN0033,Line-3,2026-07-06 19:00:00,2026-07-06,19,Afternoon,Rose Bar Soap,1.41,60.0,23.9,Machine Breakdown,36.1,85,45,1,44,2.39,97.78,52.94,60.17,88.41,52.02,4.39,21.8,3
PureGlow Soaps International (Fictional Dummy Company),Global Manufacturing Head - PureGlow Soaps,Asia,Japan,Nagoya,FCT011,Nagoya Soap Plant,LN0031,Line-1,2026-07-06 20:00:00,2026-07-06,20,Afternoon,Coconut Bar Soap,0.97,60.0,2.0,No Downtime,58.0,58,56,1,55,2.42,98.21,96.55,96.67,99.54,94.5,4.82,34.52,3
PureGlow Soaps International (Fictional Dummy Company),Global Manufacturing Head - PureGlow Soaps,Asia,Japan,Nagoya,FCT011,Nagoya Soap Plant,LN0032,Line-2,2026-07-06 20:00:00,2026-07-06,20,Afternoon,Charcoal Bar Soap,1.27,60.0,3.6,No Downtime,56.4,76,72,3,69,4.11,95.83,94.74,94.0,100.52,90.55,6.35,14.53,3
PureGlow Soaps International (Fictional Dummy Company),Global Manufacturing Head - PureGlow Soaps,Asia,Japan,Nagoya,FCT011,Nagoya Soap Plant,LN0033,Line-3,2026-07-06 20:00:00,2026-07-06,20,Afternoon,Rose Bar Soap,1.41,60.0,27.5,Power Outage,32.5,85,44,3,41,5.86,93.18,51.76,54.17,96.02,48.47,3.81,18.24,1
PureGlow Soaps International (Fictional Dummy Company),Global Manufacturing Head - PureGlow Soaps,Asia,Japan,Nagoya,FCT011,Nagoya Soap Plant,LN0031,Line-1,2026-07-06 21:00:00,2026-07-06,21,Afternoon,Coconut Bar Soap,0.97,60.0,38.8,Preventive Maintenance,21.2,58,20,1,19,3.58,95.0,34.48,35.33,97.26,32.64,2.15,13.9,2
PureGlow Soaps International (Fictional Dummy Company),Global Manufacturing Head - PureGlow Soaps,Asia,Japan,Nagoya,FCT011,Nagoya Soap Plant,LN0032,Line-2,2026-07-06 21:00:00,2026-07-06,21,Afternoon,Charcoal Bar Soap,1.27,60.0,1.5,No Downtime,58.5,76,63,3,60,4.98,95.24,82.89,97.5,84.8,78.74,5.93,17.24,2
PureGlow Soaps International (Fictional Dummy Company),Global Manufacturing Head - PureGlow Soaps,Asia,Japan,Nagoya,FCT011,Nagoya Soap Plant,LN0033,Line-3,2026-07-06 21:00:00,2026-07-06,21,Afternoon,Rose Bar Soap,1.41,60.0,19.7,Preventive Maintenance,40.3,85,51,2,49,4.15,96.08,60.0,67.17,89.75,57.92,5.43,24.65,1
PureGlow Soaps International (Fictional Dummy Company),Global Manufacturing Head - PureGlow Soaps,Asia,Japan,Nagoya,FCT011,Nagoya Soap Plant,LN0031,Line-1,2026-07-06 22:00:00,2026-07-06,22,Night,Coconut Bar Soap,0.97,60.0,8.9,Changeover/Setup,51.1,58,44,1,43,2.0,97.73,75.86,85.17,88.77,73.89,3.9,29.98,1
PureGlow Soaps International (Fictional Dummy Company),Global Manufacturing Head - PureGlow Soaps,Asia,Japan,Nagoya,FCT011,Nagoya Soap Plant,LN0032,Line-2,2026-07-06 22:00:00,2026-07-06,22,Night,Charcoal Bar Soap,1.27,60.0,17.8,Changeover/Setup,42.2,76,44,1,43,1.92,97.73,57.89,70.33,82.1,56.43,4.53,12.24,3
PureGlow Soaps International (Fictional Dummy Company),Global Manufacturing Head - PureGlow Soaps,Asia,Japan,Nagoya,FCT011,Nagoya Soap Plant,LN0033,Line-3,2026-07-06 22:00:00,2026-07-06,22,Night,Rose Bar Soap,1.41,60.0,1.5,No Downtime,58.5,85,72,2,70,3.08,97.22,84.71,97.5,87.29,82.74,7.0,34.17,1
PureGlow Soaps International (Fictional Dummy Company),Global Manufacturing Head - PureGlow Soaps,Asia,Japan,Nagoya,FCT011,Nagoya Soap Plant,LN0031,Line-1,2026-07-06 23:00:00,2026-07-06,23,Night,Coconut Bar Soap,0.97,60.0,24.6,Machine Breakdown,35.4,58,30,1,29,2.43,96.67,51.72,59.0,87.37,49.83,3.2,21.4,2
PureGlow Soaps International (Fictional Dummy Company),Global Manufacturing Head - PureGlow Soaps,Asia,Japan,Nagoya,FCT011,Nagoya Soap Plant,LN0032,Line-2,2026-07-06 23:00:00,2026-07-06,23,Night,Charcoal Bar Soap,1.27,60.0,7.6,Power Outage,52.4,76,60,2,58,2.95,96.67,78.95,87.33,90.16,76.11,5.71,13.71,1
PureGlow Soaps International (Fictional Dummy Company),Global Manufacturing Head - PureGlow Soaps,Asia,Japan,Nagoya,FCT011,Nagoya Soap Plant,LN0033,Line-3,2026-07-06 23:00:00,2026-07-06,23,Night,Rose Bar Soap,1.41,60.0,0.5,No Downtime,59.5,85,76,1,75,1.8,98.68,89.41,99.17,90.59,88.65,8.08,33.88,1
PureGlow Soaps International (Fictional Dummy Company),Global Manufacturing Head - PureGlow Soaps,Asia,Japan,Nagoya,FCT011,Nagoya Soap Plant,LN0031,Line-1,2026-07-07 00:00:00,2026-07-07,0,Night,Coconut Bar Soap,0.97,60.0,2.2,No Downtime,57.8,58,53,2,51,4.03,96.23,91.38,96.33,94.53,87.63,5.2,34.87,2
PureGlow Soaps International (Fictional Dummy Company),Global Manufacturing Head - PureGlow Soaps,Asia,Japan,Nagoya,FCT011,Nagoya Soap Plant,LN0032,Line-2,2026-07-07 00:00:00,2026-07-07,0,Night,Charcoal Bar Soap,1.27,60.0,3.5,No Downtime,56.5,76,58,1,57,2.58,98.28,76.32,94.17,80.83,74.81,5.65,14.96,3
PureGlow Soaps International (Fictional Dummy Company),Global Manufacturing Head - PureGlow Soaps,Asia,Japan,Nagoya,FCT011,Nagoya Soap Plant,LN0033,Line-3,2026-07-07 00:00:00,2026-07-07,0,Night,Neem Bar Soap,1.41,60.0,16.6,Staff Shortage,43.4,85,52,1,51,1.82,98.08,61.18,72.33,84.98,60.29,5.5,24.85,3
PureGlow Soaps International (Fictional Dummy Company),Global Manufacturing Head - PureGlow Soaps,Asia,Japan,Nagoya,FCT011,Nagoya Soap Plant,LN0031,Line-1,2026-07-07 01:00:00,2026-07-07,1,Night,Coconut Bar Soap,0.97,60.0,23.4,Machine Breakdown,36.6,58,32,1,31,3.08,96.88,55.17,61.0,90.14,53.27,3.03,21.24,3
PureGlow Soaps International (Fictional Dummy Company),Global Manufacturing Head - PureGlow Soaps,Asia,Japan,Nagoya,FCT011,Nagoya Soap Plant,LN0032,Line-2,2026-07-07 01:00:00,2026-07-07,1,Night,Charcoal Bar Soap,1.27,60.0,18.1,Preventive Maintenance,41.9,76,52,1,51,1.07,98.08,68.42,69.83,97.72,66.93,5.06,11.52,2
PureGlow Soaps International (Fictional Dummy Company),Global Manufacturing Head - PureGlow Soaps,Asia,Japan,Nagoya,FCT011,Nagoya Soap Plant,LN0033,Line-3,2026-07-07 01:00:00,2026-07-07,1,Night,Neem Bar Soap,1.41,60.0,17.0,Changeover/Setup,43.0,85,62,3,59,4.7,95.16,72.94,71.67,102.26,69.74,6.12,23.08,3
PureGlow Soaps International (Fictional Dummy Company),Global Manufacturing Head - PureGlow Soaps,Asia,Japan,Nagoya,FCT011,Nagoya Soap Plant,LN0031,Line-1,2026-07-07 02:00:00,2026-07-07,2,Night,Coconut Bar Soap,0.97,60.0,16.7,Machine Breakdown,43.3,58,36,1,35,2.12,97.22,62.07,72.17,85.71,60.14,3.52,24.17,1
PureGlow Soaps International (Fictional Dummy Company),Global Manufacturing Head - PureGlow Soaps,Asia,Japan,Nagoya,FCT011,Nagoya Soap Plant,LN0032,Line-2,2026-07-07 02:00:00,2026-07-07,2,Night,Charcoal Bar Soap,1.27,60.0,5.7,Changeover/Setup,54.3,76,67,2,65,2.9,97.01,88.16,90.5,97.16,85.3,5.78,14.62,2
PureGlow Soaps International (Fictional Dummy Company),Global Manufacturing Head - PureGlow Soaps,Asia,Japan,Nagoya,FCT011,Nagoya Soap Plant,LN0033,Line-3,2026-07-07 02:00:00,2026-07-07,2,Night,Neem Bar Soap,1.41,60.0,23.0,Machine Breakdown,37.0,85,51,2,49,4.68,96.08,60.0,61.67,97.76,57.93,5.31,19.91,2
PureGlow Soaps International (Fictional Dummy Company),Global Manufacturing Head - PureGlow Soaps,Asia,Japan,Nagoya,FCT011,Nagoya Soap Plant,LN0031,Line-1,2026-07-07 03:00:00,2026-07-07,3,Night,Coconut Bar Soap,0.97,60.0,31.7,Machine Breakdown,28.3,58,26,1,25,3.22,96.15,44.83,47.17,94.71,42.95,2.46,15.97,3
PureGlow Soaps International (Fictional Dummy Company),Global Manufacturing Head - PureGlow Soaps,Asia,Japan,Nagoya,FCT011,Nagoya Soap Plant,LN0032,Line-2,2026-07-07 03:00:00,2026-07-07,3,Night,Charcoal Bar Soap,1.27,60.0,31.0,Machine Breakdown,29.0,76,35,1,34,2.78,97.14,46.05,48.33,95.03,44.61,3.61,8.02,1
PureGlow Soaps International (Fictional Dummy Company),Global Manufacturing Head - PureGlow Soaps,Asia,Japan,Nagoya,FCT011,Nagoya Soap Plant,LN0033,Line-3,2026-07-07 03:00:00,2026-07-07,3,Night,Neem Bar Soap,1.41,60.0,1.9,No Downtime,58.1,85,77,2,75,2.1,97.4,90.59,96.83,93.99,88.64,8.41,32.8,3
PureGlow Soaps International (Fictional Dummy Company),Global Manufacturing Head - PureGlow Soaps,Asia,Japan,Nagoya,FCT011,Nagoya Soap Plant,LN0031,Line-1,2026-07-07 04:00:00,2026-07-07,4,Night,Coconut Bar Soap,0.97,60.0,3.8,No Downtime,56.2,58,50,2,48,4.11,96.0,86.21,93.67,91.72,82.48,4.57,33.5,3
PureGlow Soaps International (Fictional Dummy Company),Global Manufacturing Head - PureGlow Soaps,Asia,Japan,Nagoya,FCT011,Nagoya Soap Plant,LN0032,Line-2,2026-07-07 04:00:00,2026-07-07,4,Night,Charcoal Bar Soap,1.27,60.0,29.1,Power Outage,30.9,76,37,1,36,3.12,97.3,48.68,51.5,94.28,47.24,3.33,7.61,3
PureGlow Soaps International (Fictional Dummy Company),Global Manufacturing Head - PureGlow Soaps,Asia,Japan,Nagoya,FCT011,Nagoya Soap Plant,LN0033,Line-3,2026-07-07 04:00:00,2026-07-07,4,Night,Neem Bar Soap,1.41,60.0,2.8,No Downtime,57.2,85,66,2,64,2.88,96.97,77.65,95.33,81.83,75.64,6.05,32.51,1
PureGlow Soaps International (Fictional Dummy Company),Global Manufacturing Head - PureGlow Soaps,Asia,Japan,Nagoya,FCT011,Nagoya Soap Plant,LN0031,Line-1,2026-07-07 05:00:00,2026-07-07,5,Night,Coconut Bar Soap,0.97,60.0,5.3,Staff Shortage,54.7,58,45,1,44,1.97,97.78,77.59,91.17,84.81,75.6,4.15,30.85,2
PureGlow Soaps International (Fictional Dummy Company),Global Manufacturing Head - PureGlow Soaps,Asia,Japan,Nagoya,FCT011,Nagoya Soap Plant,LN0032,Line-2,2026-07-07 05:00:00,2026-07-07,5,Night,Charcoal Bar Soap,1.27,60.0,18.8,Quality Hold,41.2,76,46,3,43,6.95,93.48,60.53,68.67,87.91,56.43,4.14,11.69,1
PureGlow Soaps International (Fictional Dummy Company),Global Manufacturing Head - PureGlow Soaps,Asia,Japan,Nagoya,FCT011,Nagoya Soap Plant,LN0033,Line-3,2026-07-07 05:00:00,2026-07-07,5,Night,Neem Bar Soap,1.41,60.0,40.8,Machine Breakdown,19.2,85,27,1,26,2.72,96.3,31.76,32.0,99.73,30.73,2.41,10.37,3
PureGlow Soaps International (Fictional Dummy Company),Global Manufacturing Head - PureGlow Soaps,Asia,Japan,Nagoya,FCT011,Nagoya Soap Plant,LN0031,Line-1,2026-07-07 06:00:00,2026-07-07,6,Morning,Coconut Bar Soap,0.97,60.0,16.1,Preventive Maintenance,43.9,58,42,2,40,4.35,95.24,72.41,73.17,98.63,68.73,3.89,29.03,1
PureGlow Soaps International (Fictional Dummy Company),Global Manufacturing Head - PureGlow Soaps,Asia,Japan,Nagoya,FCT011,Nagoya Soap Plant,LN0032,Line-2,2026-07-07 06:00:00,2026-07-07,6,Morning,Charcoal Bar Soap,1.27,60.0,3.6,No Downtime,56.4,76,66,2,64,2.79,96.97,86.84,94.0,92.14,83.99,5.74,15.01,3
PureGlow Soaps International (Fictional Dummy Company),Global Manufacturing Head - PureGlow Soaps,Asia,Japan,Nagoya,FCT011,Nagoya Soap Plant,LN0033,Line-3,2026-07-07 06:00:00,2026-07-07,6,Morning,Neem Bar Soap,1.41,60.0,10.3,Changeover/Setup,49.7,85,57,1,56,2.51,98.25,67.06,82.83,81.34,66.19,5.24,26.93,1
PureGlow Soaps International (Fictional Dummy Company),Global Manufacturing Head - PureGlow Soaps,Asia,Japan,Nagoya,FCT011,Nagoya Soap Plant,LN0031,Line-1,2026-07-07 07:00:00,2026-07-07,7,Morning,Coconut Bar Soap,0.97,60.0,14.1,Staff Shortage,45.9,58,43,1,42,3.26,97.67,74.14,76.5,96.58,72.16,3.67,30.39,3
PureGlow Soaps International (Fictional Dummy Company),Global Manufacturing Head - PureGlow Soaps,Asia,Japan,Nagoya,FCT011,Nagoya Soap Plant,LN0032,Line-2,2026-07-07 07:00:00,2026-07-07,7,Morning,Charcoal Bar Soap,1.27,60.0,16.1,Staff Shortage,43.9,76,48,2,46,3.24,95.83,63.16,73.17,86.09,60.37,4.57,12.86,1
PureGlow Soaps International (Fictional Dummy Company),Global Manufacturing Head - PureGlow Soaps,Asia,Japan,Nagoya,FCT011,Nagoya Soap Plant,LN0033,Line-3,2026-07-07 07:00:00,2026-07-07,7,Morning,Neem Bar Soap,1.41,60.0,1.3,No Downtime,58.7,85,74,2,72,2.05,97.3,87.06,97.83,89.41,85.11,7.11,32.37,1
PureGlow Soaps International (Fictional Dummy Company),Global Manufacturing Head - PureGlow Soaps,Asia,Japan,Nagoya,FCT011,Nagoya Soap Plant,LN0031,Line-1,2026-07-07 08:00:00,2026-07-07,8,Morning,Coconut Bar Soap,0.97,60.0,3.4,No Downtime,56.6,58,53,1,52,2.64,98.11,91.38,94.33,96.54,89.35,5.23,34.51,1
PureGlow Soaps International (Fictional Dummy Company),Global Manufacturing Head - PureGlow Soaps,Asia,Japan,Nagoya,FCT011,Nagoya Soap Plant,LN0032,Line-2,2026-07-07 08:00:00,2026-07-07,8,Morning,Charcoal Bar Soap,1.27,60.0,11.9,Changeover/Setup,48.1,76,55,1,54,1.85,98.18,72.37,80.17,90.04,70.87,5.05,13.24,2
PureGlow Soaps International (Fictional Dummy Company),Global Manufacturing Head - PureGlow Soaps,Asia,Japan,Nagoya,FCT011,Nagoya Soap Plant,LN0033,Line-3,2026-07-07 08:00:00,2026-07-07,8,Morning,Neem Bar Soap,1.41,60.0,2.5,No Downtime,57.5,85,65,2,63,3.11,96.92,76.47,95.83,80.17,74.46,6.7,30.31,3
PureGlow Soaps International (Fictional Dummy Company),Global Manufacturing Head - PureGlow Soaps,Asia,Japan,Nagoya,FCT011,Nagoya Soap Plant,LN0031,Line-1,2026-07-07 09:00:00,2026-07-07,9,Morning,Coconut Bar Soap,0.97,60.0,3.6,No Downtime,56.4,58,47,1,46,1.97,97.87,81.03,94.0,85.91,79.04,4.3,33.99,2
PureGlow Soaps International (Fictional Dummy Company),Global Manufacturing Head - PureGlow Soaps,Asia,Japan,Nagoya,FCT011,Nagoya Soap Plant,LN0032,Line-2,2026-07-07 09:00:00,2026-07-07,9,Morning,Charcoal Bar Soap,1.27,60.0,1.5,No Downtime,58.5,76,73,2,71,3.41,97.26,96.05,97.5,98.26,93.18,6.84,15.82,1
PureGlow Soaps International (Fictional Dummy Company),Global Manufacturing Head - PureGlow Soaps,Asia,Japan,Nagoya,FCT011,Nagoya Soap Plant,LN0033,Line-3,2026-07-07 09:00:00,2026-07-07,9,Morning,Neem Bar Soap,1.41,60.0,27.9,Power Outage,32.1,85,41,2,39,3.72,95.12,48.24,53.5,90.59,46.1,4.02,16.75,1
PureGlow Soaps International (Fictional Dummy Company),Global Manufacturing Head - PureGlow Soaps,Asia,Japan,Nagoya,FCT011,Nagoya Soap Plant,LN0031,Line-1,2026-07-07 10:00:00,2026-07-07,10,Morning,Coconut Bar Soap,0.97,60.0,26.9,Power Outage,33.1,58,33,2,31,4.92,93.94,56.9,55.17,102.78,53.27,2.99,19.59,3
PureGlow Soaps International (Fictional Dummy Company),Global Manufacturing Head - PureGlow Soaps,Asia,Japan,Nagoya,FCT011,Nagoya Soap Plant,LN0032,Line-2,2026-07-07 10:00:00,2026-07-07,10,Morning,Charcoal Bar Soap,1.27,60.0,8.4,Quality Hold,51.6,76,58,3,55,5.13,94.83,76.32,86.0,88.51,72.18,5.1,13.61,2
PureGlow Soaps International (Fictional Dummy Company),Global Manufacturing Head - PureGlow Soaps,Asia,Japan,Nagoya,FCT011,Nagoya Soap Plant,LN0033,Line-3,2026-07-07 10:00:00,2026-07-07,10,Morning,Neem Bar Soap,1.41,60.0,4.0,No Downtime,56.0,85,65,2,63,3.62,96.92,76.47,93.33,82.32,74.46,6.03,33.01,1
PureGlow Soaps International (Fictional Dummy Company),Global Manufacturing Head - PureGlow Soaps,Asia,Japan,Nagoya,FCT011,Nagoya Soap Plant,LN0031,Line-1,2026-07-07 11:00:00,2026-07-07,11,Morning,Coconut Bar Soap,0.97,60.0,39.4,Machine Breakdown,20.6,58,19,0,19,2.6,100.0,32.76,34.33,95.09,32.64,1.83,12.61,1
PureGlow Soaps International (Fictional Dummy Company),Global Manufacturing Head - PureGlow Soaps,Asia,Japan,Nagoya,FCT011,Nagoya Soap Plant,LN0032,Line-2,2026-07-07 11:00:00,2026-07-07,11,Morning,Charcoal Bar Soap,1.27,60.0,26.3,Material Shortage,33.7,76,38,1,37,1.46,97.37,50.0,56.17,88.79,48.56,3.99,9.75,3
PureGlow Soaps International (Fictional Dummy Company),Global Manufacturing Head - PureGlow Soaps,Asia,Japan,Nagoya,FCT011,Nagoya Soap Plant,LN0033,Line-3,2026-07-07 11:00:00,2026-07-07,11,Morning,Neem Bar Soap,1.41,60.0,1.9,No Downtime,58.1,85,81,3,78,3.6,96.3,95.29,96.83,98.88,92.2,8.33,30.52,3
PureGlow Soaps International (Fictional Dummy Company),Global Manufacturing Head - PureGlow Soaps,Asia,Japan,Nagoya,FCT011,Nagoya Soap Plant,LN0031,Line-1,2026-07-07 12:00:00,2026-07-07,12,Morning,Coconut Bar Soap,0.97,60.0,24.0,Machine Breakdown,36.0,58,35,1,34,2.23,97.14,60.34,60.0,100.23,58.42,3.81,20.15,1
PureGlow Soaps International (Fictional Dummy Company),Global Manufacturing Head - PureGlow Soaps,Asia,Japan,Nagoya,FCT011,Nagoya Soap Plant,LN0032,Line-2,2026-07-07 12:00:00,2026-07-07,12,Morning,Charcoal Bar Soap,1.27,60.0,0.6,No Downtime,59.4,76,61,2,59,3.19,96.72,80.26,99.0,80.86,77.43,5.43,15.33,2
PureGlow Soaps International (Fictional Dummy Company),Global Manufacturing Head - PureGlow Soaps,Asia,Japan,Nagoya,FCT011,Nagoya Soap Plant,LN0033,Line-3,2026-07-07 12:00:00,2026-07-07,12,Morning,Neem Bar Soap,1.41,60.0,18.5,Preventive Maintenance,41.5,85,48,1,47,2.57,97.92,56.47,69.17,82.03,55.56,4.42,22.7,2
PureGlow Soaps International (Fictional Dummy Company),Global Manufacturing Head - PureGlow Soaps,Asia,Japan,Nagoya,FCT011,Nagoya Soap Plant,LN0031,Line-1,2026-07-07 13:00:00,2026-07-07,13,Morning,Coconut Bar Soap,0.97,60.0,3.7,No Downtime,56.3,58,54,2,52,4.1,96.3,93.1,93.83,98.88,89.35,4.94,34.46,1
PureGlow Soaps International (Fictional Dummy Company),Global Manufacturing Head - PureGlow Soaps,Asia,Japan,Nagoya,FCT011,Nagoya Soap Plant,LN0032,Line-2,2026-07-07 13:00:00,2026-07-07,13,Morning,Charcoal Bar Soap,1.27,60.0,11.4,Changeover/Setup,48.6,76,60,2,58,4.01,96.67,78.95,81.0,97.21,76.12,6.31,11.78,3
PureGlow Soaps International (Fictional Dummy Company),Global Manufacturing Head - PureGlow Soaps,Asia,Japan,Nagoya,FCT011,Nagoya Soap Plant,LN0033,Line-3,2026-07-07 13:00:00,2026-07-07,13,Morning,Neem Bar Soap,1.41,60.0,0.1,No Downtime,59.9,85,77,3,74,3.78,96.1,90.59,99.83,91.17,87.47,6.85,33.92,1
PureGlow Soaps International (Fictional Dummy Company),Global Manufacturing Head - PureGlow Soaps,Asia,Japan,Nagoya,FCT011,Nagoya Soap Plant,LN0031,Line-1,2026-07-07 14:00:00,2026-07-07,14,Afternoon,Coconut Bar Soap,0.97,60.0,2.9,No Downtime,57.1,58,55,0,55,0.79,100.0,94.83,95.17,99.3,94.5,4.82,37.35,2
PureGlow Soaps International (Fictional Dummy Company),Global Manufacturing Head - PureGlow Soaps,Asia,Japan,Nagoya,FCT011,Nagoya Soap Plant,LN0032,Line-2,2026-07-07 14:00:00,2026-07-07,14,Afternoon,Charcoal Bar Soap,1.27,60.0,39.8,Preventive Maintenance,20.2,76,26,1,25,2.44,96.15,34.21,33.67,101.35,32.81,2.74,5.41,3
PureGlow Soaps International (Fictional Dummy Company),Global Manufacturing Head - PureGlow Soaps,Asia,Japan,Nagoya,FCT011,Nagoya Soap Plant,LN0033,Line-3,2026-07-07 14:00:00,2026-07-07,14,Afternoon,Neem Bar Soap,1.41,60.0,0.7,No Downtime,59.3,85,76,3,73,3.93,96.05,89.41,98.83,90.89,86.28,8.17,34.2,2
PureGlow Soaps International (Fictional Dummy Company),Global Manufacturing Head - PureGlow Soaps,Asia,Japan,Nagoya,FCT011,Nagoya Soap Plant,LN0031,Line-1,2026-07-07 15:00:00,2026-07-07,15,Afternoon,Coconut Bar Soap,0.97,60.0,0.3,No Downtime,59.7,58,51,2,49,4.24,96.08,87.93,99.5,88.07,84.19,4.95,36.08,3
PureGlow Soaps International (Fictional Dummy Company),Global Manufacturing Head - PureGlow Soaps,Asia,Japan,Nagoya,FCT011,Nagoya Soap Plant,LN0032,Line-2,2026-07-07 15:00:00,2026-07-07,15,Afternoon,Charcoal Bar Soap,1.27,60.0,6.3,Changeover/Setup,53.7,76,66,2,64,2.49,96.97,86.84,89.5,96.78,83.99,7.07,15.76,3
PureGlow Soaps International (Fictional Dummy Company),Global Manufacturing Head - PureGlow Soaps,Asia,Japan,Nagoya,FCT011,Nagoya Soap Plant,LN0033,Line-3,2026-07-07 15:00:00,2026-07-07,15,Afternoon,Neem Bar Soap,1.41,60.0,23.6,Machine Breakdown,36.4,85,44,1,43,2.65,97.73,51.76,60.67,85.73,50.83,4.35,19.37,3
PureGlow Soaps International (Fictional Dummy Company),Global Manufacturing Head - PureGlow Soaps,Asia,Japan,Nagoya,FCT011,Nagoya Soap Plant,LN0031,Line-1,2026-07-07 16:00:00,2026-07-07,16,Afternoon,Coconut Bar Soap,0.97,60.0,2.7,No Downtime,57.3,58,50,2,48,4.01,96.0,86.21,95.5,89.96,82.48,4.49,36.88,1
PureGlow Soaps International (Fictional Dummy Company),Global Manufacturing Head - PureGlow Soaps,Asia,Japan,Nagoya,FCT011,Nagoya Soap Plant,LN0032,Line-2,2026-07-07 16:00:00,2026-07-07,16,Afternoon,Charcoal Bar Soap,1.27,60.0,17.8,Machine Breakdown,42.2,76,50,2,48,3.22,96.0,65.79,70.33,93.29,62.99,5.26,10.92,2
PureGlow Soaps International (Fictional Dummy Company),Global Manufacturing Head - PureGlow Soaps,Asia,Japan,Nagoya,FCT011,Nagoya Soap Plant,LN0033,Line-3,2026-07-07 16:00:00,2026-07-07,16,Afternoon,Neem Bar Soap,1.41,60.0,13.0,Changeover/Setup,47.0,85,62,3,59,4.11,95.16,72.94,78.33,93.56,69.74,6.0,27.73,2
PureGlow Soaps International (Fictional Dummy Company),Global Manufacturing Head - PureGlow Soaps,Asia,Japan,Nagoya,FCT011,Nagoya Soap Plant,LN0031,Line-1,2026-07-07 17:00:00,2026-07-07,17,Afternoon,Coconut Bar Soap,0.97,60.0,0.9,No Downtime,59.1,58,49,2,47,3.79,95.92,84.48,98.5,85.47,80.75,5.12,39.06,2
PureGlow Soaps International (Fictional Dummy Company),Global Manufacturing Head - PureGlow Soaps,Asia,Japan,Nagoya,FCT011,Nagoya Soap Plant,LN0032,Line-2,2026-07-07 17:00:00,2026-07-07,17,Afternoon,Charcoal Bar Soap,1.27,60.0,30.8,Material Shortage,29.2,76,37,1,36,2.35,97.3,48.68,48.67,99.77,47.25,3.16,8.47,3
PureGlow Soaps International (Fictional Dummy Company),Global Manufacturing Head - PureGlow Soaps,Asia,Japan,Nagoya,FCT011,Nagoya Soap Plant,LN0033,Line-3,2026-07-07 17:00:00,2026-07-07,17,Afternoon,Neem Bar Soap,1.41,60.0,24.5,Machine Breakdown,35.5,85,44,1,43,3.12,97.73,51.76,59.17,87.9,50.83,4.7,20.35,3
PureGlow Soaps International (Fictional Dummy Company),Global Manufacturing Head - PureGlow Soaps,Asia,Japan,Nagoya,FCT011,Nagoya Soap Plant,LN0031,Line-1,2026-07-07 18:00:00,2026-07-07,18,Afternoon,Coconut Bar Soap,0.97,60.0,17.1,Power Outage,42.9,58,39,1,38,3.22,97.44,67.24,71.5,93.72,65.29,4.21,27.25,2
PureGlow Soaps International (Fictional Dummy Company),Global Manufacturing Head - PureGlow Soaps,Asia,Japan,Nagoya,FCT011,Nagoya Soap Plant,LN0032,Line-2,2026-07-07 18:00:00,2026-07-07,18,Afternoon,Charcoal Bar Soap,1.27,60.0,5.8,Power Outage,54.2,76,66,1,65,1.77,98.48,86.84,90.33,95.88,85.29,6.57,15.73,1
PureGlow Soaps International (Fictional Dummy Company),Global Manufacturing Head - PureGlow Soaps,Asia,Japan,Nagoya,FCT011,Nagoya Soap Plant,LN0033,Line-3,2026-07-07 18:00:00,2026-07-07,18,Afternoon,Neem Bar Soap,1.41,60.0,22.4,Staff Shortage,37.6,85,45,2,43,4.72,95.56,52.94,62.67,84.88,50.83,4.72,21.91,3
PureGlow Soaps International (Fictional Dummy Company),Global Manufacturing Head - PureGlow Soaps,Asia,Japan,Nagoya,FCT011,Nagoya Soap Plant,LN0031,Line-1,2026-07-07 19:00:00,2026-07-07,19,Afternoon,Coconut Bar Soap,0.97,60.0,3.2,No Downtime,56.8,58,45,1,44,1.34,97.78,77.59,94.67,81.68,75.61,4.16,32.85,3
PureGlow Soaps International (Fictional Dummy Company),Global Manufacturing Head - PureGlow Soaps,Asia,Japan,Nagoya,FCT011,Nagoya Soap Plant,LN0032,Line-2,2026-07-07 19:00:00,2026-07-07,19,Afternoon,Charcoal Bar Soap,1.27,60.0,44.2,Machine Breakdown,15.8,76,17,1,16,3.07,94.12,22.37,26.33,84.72,21.0,1.63,4.03,1
PureGlow Soaps International (Fictional Dummy Company),Global Manufacturing Head - PureGlow Soaps,Asia,Japan,Nagoya,FCT011,Nagoya Soap Plant,LN0033,Line-3,2026-07-07 19:00:00,2026-07-07,19,Afternoon,Neem Bar Soap,1.41,60.0,18.6,Changeover/Setup,41.4,85,47,2,45,4.86,95.74,55.29,69.0,80.52,53.19,4.7,25.28,2
PureGlow Soaps International (Fictional Dummy Company),Global Manufacturing Head - PureGlow Soaps,Asia,Japan,Nagoya,FCT011,Nagoya Soap Plant,LN0031,Line-1,2026-07-07 20:00:00,2026-07-07,20,Afternoon,Coconut Bar Soap,0.97,60.0,25.4,Preventive Maintenance,34.6,58,34,0,34,1.33,100.0,58.62,57.67,101.31,58.43,3.7,21.24,3
PureGlow Soaps International (Fictional Dummy Company),Global Manufacturing Head - PureGlow Soaps,Asia,Japan,Nagoya,FCT011,Nagoya Soap Plant,LN0032,Line-2,2026-07-07 20:00:00,2026-07-07,20,Afternoon,Charcoal Bar Soap,1.27,60.0,1.7,No Downtime,58.3,76,71,2,69,2.89,97.18,93.42,97.17,95.89,90.55,6.67,16.91,1
PureGlow Soaps International (Fictional Dummy Company),Global Manufacturing Head - PureGlow Soaps,Asia,Japan,Nagoya,FCT011,Nagoya Soap Plant,LN0033,Line-3,2026-07-07 20:00:00,2026-07-07,20,Afternoon,Neem Bar Soap,1.41,60.0,7.0,Changeover/Setup,53.0,85,62,2,60,2.95,96.77,72.94,88.33,82.97,70.92,6.65,28.79,2
PureGlow Soaps International (Fictional Dummy Company),Global Manufacturing Head - PureGlow Soaps,Asia,Japan,Nagoya,FCT011,Nagoya Soap Plant,LN0031,Line-1,2026-07-07 21:00:00,2026-07-07,21,Afternoon,Coconut Bar Soap,0.97,60.0,6.9,Quality Hold,53.1,58,41,3,38,7.27,92.68,70.69,88.5,79.6,65.29,3.79,30.51,2
PureGlow Soaps International (Fictional Dummy Company),Global Manufacturing Head - PureGlow Soaps,Asia,Japan,Nagoya,FCT011,Nagoya Soap Plant,LN0032,Line-2,2026-07-07 21:00:00,2026-07-07,21,Afternoon,Charcoal Bar Soap,1.27,60.0,39.6,Machine Breakdown,20.4,76,22,1,21,3.15,95.45,28.95,34.0,84.92,27.56,2.12,5.08,1
PureGlow Soaps International (Fictional Dummy Company),Global Manufacturing Head - PureGlow Soaps,Asia,Japan,Nagoya,FCT011,Nagoya Soap Plant,LN0033,Line-3,2026-07-07 21:00:00,2026-07-07,21,Afternoon,Neem Bar Soap,1.41,60.0,1.8,No Downtime,58.2,85,75,2,73,2.49,97.33,88.24,97.0,91.39,86.28,7.45,30.77,2
PureGlow Soaps International (Fictional Dummy Company),Global Manufacturing Head - PureGlow Soaps,Asia,Japan,Nagoya,FCT011,Nagoya Soap Plant,LN0031,Line-1,2026-07-07 22:00:00,2026-07-07,22,Night,Coconut Bar Soap,0.97,60.0,1.5,No Downtime,58.5,58,52,2,50,3.19,96.15,89.66,97.5,91.64,85.91,5.12,34.13,2
PureGlow Soaps International (Fictional Dummy Company),Global Manufacturing Head - PureGlow Soaps,Asia,Japan,Nagoya,FCT011,Nagoya Soap Plant,LN0032,Line-2,2026-07-07 22:00:00,2026-07-07,22,Night,Charcoal Bar Soap,1.27,60.0,19.2,Changeover/Setup,40.8,76,42,1,41,2.86,97.62,55.26,68.0,81.06,53.81,3.95,10.25,2
PureGlow Soaps International (Fictional Dummy Company),Global Manufacturing Head - PureGlow Soaps,Asia,Japan,Nagoya,FCT011,Nagoya Soap Plant,LN0033,Line-3,2026-07-07 22:00:00,2026-07-07,22,Night,Neem Bar Soap,1.41,60.0,27.4,Preventive Maintenance,32.6,85,43,2,41,4.63,95.35,50.59,54.33,93.55,48.46,3.66,19.34,3
PureGlow Soaps International (Fictional Dummy Company),Global Manufacturing Head - PureGlow Soaps,Asia,Japan,Nagoya,FCT011,Nagoya Soap Plant,LN0031,Line-1,2026-07-07 23:00:00,2026-07-07,23,Night,Coconut Bar Soap,0.97,60.0,7.6,Changeover/Setup,52.4,58,42,1,41,2.07,97.62,72.41,87.33,82.63,70.44,4.42,34.17,1
PureGlow Soaps International (Fictional Dummy Company),Global Manufacturing Head - PureGlow Soaps,Asia,Japan,Nagoya,FCT011,Nagoya Soap Plant,LN0032,Line-2,2026-07-07 23:00:00,2026-07-07,23,Night,Charcoal Bar Soap,1.27,60.0,17.2,Machine Breakdown,42.8,76,52,2,50,2.95,96.15,68.42,71.33,95.67,65.61,5.62,12.24,1
PureGlow Soaps International (Fictional Dummy Company),Global Manufacturing Head - PureGlow Soaps,Asia,Japan,Nagoya,FCT011,Nagoya Soap Plant,LN0033,Line-3,2026-07-07 23:00:00,2026-07-07,23,Night,Neem Bar Soap,1.41,60.0,0.5,No Downtime,59.5,85,76,1,75,0.94,98.68,89.41,99.17,90.59,88.65,6.8,31.27,3
PureGlow Soaps International (Fictional Dummy Company),Global Manufacturing Head - PureGlow Soaps,Asia,Japan,Nagoya,FCT011,Nagoya Soap Plant,LN0031,Line-1,2026-07-08 00:00:00,2026-07-08,0,Night,Aloe Vera Liquid Soap,0.97,60.0,14.8,Material Shortage,45.2,58,44,2,42,3.78,95.45,75.86,75.33,100.36,72.16,4.74,25.69,1
PureGlow Soaps International (Fictional Dummy Company),Global Manufacturing Head - PureGlow Soaps,Asia,Japan,Nagoya,FCT011,Nagoya Soap Plant,LN0032,Line-2,2026-07-08 00:00:00,2026-07-08,0,Night,Coconut Bar Soap,1.27,60.0,20.4,Machine Breakdown,39.6,76,45,2,43,4.51,95.56,59.21,66.0,89.48,56.43,4.04,10.43,1
PureGlow Soaps International (Fictional Dummy Company),Global Manufacturing Head - PureGlow Soaps,Asia,Japan,Nagoya,FCT011,Nagoya Soap Plant,LN0033,Line-3,2026-07-08 00:00:00,2026-07-08,0,Night,Coconut Bar Soap,1.41,60.0,0.2,No Downtime,59.8,85,69,2,67,2.95,97.1,81.18,99.67,81.83,79.19,7.22,32.66,2
PureGlow Soaps International (Fictional Dummy Company),Global Manufacturing Head - PureGlow Soaps,Asia,Japan,Nagoya,FCT011,Nagoya Soap Plant,LN0031,Line-1,2026-07-08 01:00:00,2026-07-08,1,Night,Aloe Vera Liquid Soap,0.97,60.0,15.0,Power Outage,45.0,58,44,2,42,3.47,95.45,75.86,75.0,100.8,72.16,4.53,28.4,2
PureGlow Soaps International (Fictional Dummy Company),Global Manufacturing Head - PureGlow Soaps,Asia,Japan,Nagoya,FCT011,Nagoya Soap Plant,LN0032,Line-2,2026-07-08 01:00:00,2026-07-08,1,Night,Coconut Bar Soap,1.27,60.0,3.2,No Downtime,56.8,76,73,1,72,1.14,98.63,96.05,94.67,101.2,94.49,7.04,14.82,3
PureGlow Soaps International (Fictional Dummy Company),Global Manufacturing Head - PureGlow Soaps,Asia,Japan,Nagoya,FCT011,Nagoya Soap Plant,LN0033,Line-3,2026-07-08 01:00:00,2026-07-08,1,Night,Coconut Bar Soap,1.41,60.0,17.8,Machine Breakdown,42.2,85,49,2,47,4.39,95.92,57.65,70.33,82.35,55.55,5.0,23.04,1
PureGlow Soaps International (Fictional Dummy Company),Global Manufacturing Head - PureGlow Soaps,Asia,Japan,Nagoya,FCT011,Nagoya Soap Plant,LN0031,Line-1,2026-07-08 02:00:00,2026-07-08,2,Night,Aloe Vera Liquid Soap,0.97,60.0,0.3,No Downtime,59.7,58,55,2,53,3.42,96.36,94.83,99.5,94.98,91.07,5.04,33.99,3
PureGlow Soaps International (Fictional Dummy Company),Global Manufacturing Head - PureGlow Soaps,Asia,Japan,Nagoya,FCT011,Nagoya Soap Plant,LN0032,Line-2,2026-07-08 02:00:00,2026-07-08,2,Night,Coconut Bar Soap,1.27,60.0,17.5,Staff Shortage,42.5,76,47,0,47,0.7,100.0,61.84,70.83,87.08,61.68,4.53,11.34,1
PureGlow Soaps International (Fictional Dummy Company),Global Manufacturing Head - PureGlow Soaps,Asia,Japan,Nagoya,FCT011,Nagoya Soap Plant,LN0033,Line-3,2026-07-08 02:00:00,2026-07-08,2,Night,Coconut Bar Soap,1.41,60.0,1.8,No Downtime,58.2,85,77,4,73,5.11,94.81,90.59,97.0,93.83,86.29,6.7,29.2,1
PureGlow Soaps International (Fictional Dummy Company),Global Manufacturing Head - PureGlow Soaps,Asia,Japan,Nagoya,FCT011,Nagoya Soap Plant,LN0031,Line-1,2026-07-08 03:00:00,2026-07-08,3,Night,Aloe Vera Liquid Soap,0.97,60.0,0.5,No Downtime,59.5,58,54,2,52,2.92,96.3,93.1,99.17,93.56,89.35,5.37,34.6,2
PureGlow Soaps International (Fictional Dummy Company),Global Manufacturing Head - PureGlow Soaps,Asia,Japan,Nagoya,FCT011,Nagoya Soap Plant,LN0032,Line-2,2026-07-08 03:00:00,2026-07-08,3,Night,Coconut Bar Soap,1.27,60.0,2.9,No Downtime,57.1,76,70,1,69,1.85,98.57,92.11,95.17,96.53,90.55,7.28,15.01,1
PureGlow Soaps International (Fictional Dummy Company),Global Manufacturing Head - PureGlow Soaps,Asia,Japan,Nagoya,FCT011,Nagoya Soap Plant,LN0033,Line-3,2026-07-08 03:00:00,2026-07-08,3,Night,Coconut Bar Soap,1.41,60.0,25.1,Preventive Maintenance,34.9,85,41,1,40,2.25,97.56,48.24,58.17,83.32,47.28,3.55,17.89,3
PureGlow Soaps International (Fictional Dummy Company),Global Manufacturing Head - PureGlow Soaps,Asia,Japan,Nagoya,FCT011,Nagoya Soap Plant,LN0031,Line-1,2026-07-08 04:00:00,2026-07-08,4,Night,Aloe Vera Liquid Soap,0.97,60.0,32.3,Material Shortage,27.7,58,22,1,21,3.6,95.45,37.93,46.17,81.88,36.08,2.04,15.37,2
PureGlow Soaps International (Fictional Dummy Company),Global Manufacturing Head - PureGlow Soaps,Asia,Japan,Nagoya,FCT011,Nagoya Soap Plant,LN0032,Line-2,2026-07-08 04:00:00,2026-07-08,4,Night,Coconut Bar Soap,1.27,60.0,11.2,Changeover/Setup,48.8,76,56,2,54,3.18,96.43,73.68,81.33,90.36,70.87,4.94,13.65,2
PureGlow Soaps International (Fictional Dummy Company),Global Manufacturing Head - PureGlow Soaps,Asia,Japan,Nagoya,FCT011,Nagoya Soap Plant,LN0033,Line-3,2026-07-08 04:00:00,2026-07-08,4,Night,Coconut Bar Soap,1.41,60.0,1.4,No Downtime,58.6,85,69,3,66,4.25,95.65,81.18,97.67,83.51,78.02,7.57,30.53,2
PureGlow Soaps International (Fictional Dummy Company),Global Manufacturing Head - PureGlow Soaps,Asia,Japan,Nagoya,FCT011,Nagoya Soap Plant,LN0031,Line-1,2026-07-08 05:00:00,2026-07-08,5,Night,Aloe Vera Liquid Soap,0.97,60.0,7.7,Quality Hold,52.3,58,44,3,41,7.78,93.18,75.86,87.17,86.73,70.45,3.94,32.79,2
PureGlow Soaps International (Fictional Dummy Company),Global Manufacturing Head - PureGlow Soaps,Asia,Japan,Nagoya,FCT011,Nagoya Soap Plant,LN0032,Line-2,2026-07-08 05:00:00,2026-07-08,5,Night,Coconut Bar Soap,1.27,60.0,3.7,No Downtime,56.3,76,73,3,70,3.95,95.89,96.05,93.83,102.1,91.86,6.37,16.27,1
PureGlow Soaps International (Fictional Dummy Company),Global Manufacturing Head - PureGlow Soaps,Asia,Japan,Nagoya,FCT011,Nagoya Soap Plant,LN0033,Line-3,2026-07-08 05:00:00,2026-07-08,5,Night,Coconut Bar Soap,1.41,60.0,8.9,Changeover/Setup,51.1,85,67,3,64,3.94,95.52,78.82,85.17,92.99,75.65,6.77,28.41,3
PureGlow Soaps International (Fictional Dummy Company),Global Manufacturing Head - PureGlow Soaps,Asia,Japan,Nagoya,FCT011,Nagoya Soap Plant,LN0031,Line-1,2026-07-08 06:00:00,2026-07-08,6,Morning,Aloe Vera Liquid Soap,0.97,60.0,23.7,Material Shortage,36.3,58,32,1,31,1.87,96.88,55.17,60.5,90.88,53.27,3.38,23.18,1
PureGlow Soaps International (Fictional Dummy Company),Global Manufacturing Head - PureGlow Soaps,Asia,Japan,Nagoya,FCT011,Nagoya Soap Plant,LN0032,Line-2,2026-07-08 06:00:00,2026-07-08,6,Morning,Coconut Bar Soap,1.27,60.0,3.0,No Downtime,57.0,76,72,2,70,3.12,97.22,94.74,95.0,99.46,91.86,6.63,14.37,1
PureGlow Soaps International (Fictional Dummy Company),Global Manufacturing Head - PureGlow Soaps,Asia,Japan,Nagoya,FCT011,Nagoya Soap Plant,LN0033,Line-3,2026-07-08 06:00:00,2026-07-08,6,Morning,Coconut Bar Soap,1.41,60.0,1.9,No Downtime,58.1,85,82,3,79,3.39,96.34,96.47,96.83,100.1,93.38,8.84,30.03,1
PureGlow Soaps International (Fictional Dummy Company),Global Manufacturing Head - PureGlow Soaps,Asia,Japan,Nagoya,FCT011,Nagoya Soap Plant,LN0031,Line-1,2026-07-08 07:00:00,2026-07-08,7,Morning,Aloe Vera Liquid Soap,0.97,60.0,3.3,No Downtime,56.7,58,52,1,51,1.97,98.08,89.66,94.5,94.55,87.63,4.97,33.68,3
PureGlow Soaps International (Fictional Dummy Company),Global Manufacturing Head - PureGlow Soaps,Asia,Japan,Nagoya,FCT011,Nagoya Soap Plant,LN0032,Line-2,2026-07-08 07:00:00,2026-07-08,7,Morning,Coconut Bar Soap,1.27,60.0,19.6,Changeover/Setup,40.4,76,48,2,46,5.09,95.83,63.16,67.33,93.55,60.36,4.72,10.68,3
PureGlow Soaps International (Fictional Dummy Company),Global Manufacturing Head - PureGlow Soaps,Asia,Japan,Nagoya,FCT011,Nagoya Soap Plant,LN0033,Line-3,2026-07-08 07:00:00,2026-07-08,7,Morning,Coconut Bar Soap,1.41,60.0,40.6,Machine Breakdown,19.4,85,26,1,25,4.26,96.15,30.59,32.33,95.05,29.55,2.7,11.04,3
PureGlow Soaps International (Fictional Dummy Company),Global Manufacturing Head - PureGlow Soaps,Asia,Japan,Nagoya,FCT011,Nagoya Soap Plant,LN0031,Line-1,2026-07-08 08:00:00,2026-07-08,8,Morning,Aloe Vera Liquid Soap,0.97,60.0,11.6,Changeover/Setup,48.4,58,43,1,42,1.59,97.67,74.14,80.67,91.59,72.16,4.6,29.26,2
PureGlow Soaps International (Fictional Dummy Company),Global Manufacturing Head - PureGlow Soaps,Asia,Japan,Nagoya,FCT011,Nagoya Soap Plant,LN0032,Line-2,2026-07-08 08:00:00,2026-07-08,8,Morning,Coconut Bar Soap,1.27,60.0,12.8,Changeover/Setup,47.2,76,49,2,47,4.56,95.92,64.47,78.67,81.74,61.68,4.42,13.38,3
PureGlow Soaps International (Fictional Dummy Company),Global Manufacturing Head - PureGlow Soaps,Asia,Japan,Nagoya,FCT011,Nagoya Soap Plant,LN0033,Line-3,2026-07-08 08:00:00,2026-07-08,8,Morning,Coconut Bar Soap,1.41,60.0,40.3,Machine Breakdown,19.7,85,23,1,22,3.88,95.65,27.06,32.83,82.8,26.0,2.15,11.57,3
PureGlow Soaps International (Fictional Dummy Company),Global Manufacturing Head - PureGlow Soaps,Asia,Japan,Nagoya,FCT011,Nagoya Soap Plant,LN0031,Line-1,2026-07-08 09:00:00,2026-07-08,9,Morning,Aloe Vera Liquid Soap,0.97,60.0,3.3,No Downtime,56.7,58,52,2,50,2.98,96.15,89.66,94.5,94.55,85.91,4.47,32.76,2
PureGlow Soaps International (Fictional Dummy Company),Global Manufacturing Head - PureGlow Soaps,Asia,Japan,Nagoya,FCT011,Nagoya Soap Plant,LN0032,Line-2,2026-07-08 09:00:00,2026-07-08,9,Morning,Coconut Bar Soap,1.27,60.0,1.9,No Downtime,58.1,76,62,2,60,2.47,96.77,81.58,96.83,84.03,78.74,6.33,16.74,3
PureGlow Soaps International (Fictional Dummy Company),Global Manufacturing Head - PureGlow Soaps,Asia,Japan,Nagoya,FCT011,Nagoya Soap Plant,LN0033,Line-3,2026-07-08 09:00:00,2026-07-08,9,Morning,Coconut Bar Soap,1.41,60.0,0.4,No Downtime,59.6,85,75,3,72,4.21,96.0,88.24,99.33,89.25,85.11,7.66,34.62,3
PureGlow Soaps International (Fictional Dummy Company),Global Manufacturing Head - PureGlow Soaps,Asia,Japan,Nagoya,FCT011,Nagoya Soap Plant,LN0031,Line-1,2026-07-08 10:00:00,2026-07-08,10,Morning,Aloe Vera Liquid Soap,0.97,60.0,2.0,No Downtime,58.0,58,49,1,48,1.87,97.96,84.48,96.67,87.1,82.48,4.58,31.66,2
PureGlow Soaps International (Fictional Dummy Company),Global Manufacturing Head - PureGlow Soaps,Asia,Japan,Nagoya,FCT011,Nagoya Soap Plant,LN0032,Line-2,2026-07-08 10:00:00,2026-07-08,10,Morning,Coconut Bar Soap,1.27,60.0,5.4,Changeover/Setup,54.6,76,61,1,60,2.44,98.36,80.26,91.0,87.97,78.74,6.69,16.09,2
PureGlow Soaps International (Fictional Dummy Company),Global Manufacturing Head - PureGlow Soaps,Asia,Japan,Nagoya,FCT011,Nagoya Soap Plant,LN0033,Line-3,2026-07-08 10:00:00,2026-07-08,10,Morning,Coconut Bar Soap,1.41,60.0,17.4,Material Shortage,42.6,85,49,1,48,2.81,97.96,57.65,71.0,81.58,56.74,4.32,23.54,2
PureGlow Soaps International (Fictional Dummy Company),Global Manufacturing Head - PureGlow Soaps,Asia,Japan,Nagoya,FCT011,Nagoya Soap Plant,LN0031,Line-1,2026-07-08 11:00:00,2026-07-08,11,Morning,Aloe Vera Liquid Soap,0.97,60.0,18.3,Changeover/Setup,41.7,58,40,2,38,3.88,95.0,68.97,69.5,98.89,65.29,4.16,26.03,1
PureGlow Soaps International (Fictional Dummy Company),Global Manufacturing Head - PureGlow Soaps,Asia,Japan,Nagoya,FCT011,Nagoya Soap Plant,LN0032,Line-2,2026-07-08 11:00:00,2026-07-08,11,Morning,Coconut Bar Soap,1.27,60.0,3.3,No Downtime,56.7,76,71,2,69,3.42,97.18,93.42,94.5,98.6,90.55,7.69,14.16,1
PureGlow Soaps International (Fictional Dummy Company),Global Manufacturing Head - PureGlow Soaps,Asia,Japan,Nagoya,FCT011,Nagoya Soap Plant,LN0033,Line-3,2026-07-08 11:00:00,2026-07-08,11,Morning,Coconut Bar Soap,1.41,60.0,2.0,No Downtime,58.0,85,72,3,69,3.98,95.83,84.71,96.67,88.04,81.56,7.23,31.13,1
PureGlow Soaps International (Fictional Dummy Company),Global Manufacturing Head - PureGlow Soaps,Asia,Japan,Nagoya,FCT011,Nagoya Soap Plant,LN0031,Line-1,2026-07-08 12:00:00,2026-07-08,12,Morning,Aloe Vera Liquid Soap,0.97,60.0,15.7,Changeover/Setup,44.3,58,40,1,39,2.35,97.5,68.97,73.83,93.09,67.01,3.93,28.97,3
PureGlow Soaps International (Fictional Dummy Company),Global Manufacturing Head - PureGlow Soaps,Asia,Japan,Nagoya,FCT011,Nagoya Soap Plant,LN0032,Line-2,2026-07-08 12:00:00,2026-07-08,12,Morning,Coconut Bar Soap,1.27,60.0,16.4,Changeover/Setup,43.6,76,49,3,46,5.38,93.88,64.47,72.67,88.49,60.37,5.01,11.35,1
PureGlow Soaps International (Fictional Dummy Company),Global Manufacturing Head - PureGlow Soaps,Asia,Japan,Nagoya,FCT011,Nagoya Soap Plant,LN0033,Line-3,2026-07-08 12:00:00,2026-07-08,12,Morning,Coconut Bar Soap,1.41,60.0,17.1,Preventive Maintenance,42.9,85,52,2,50,4.35,96.15,61.18,71.5,85.97,59.1,4.57,22.04,1
PureGlow Soaps International (Fictional Dummy Company),Global Manufacturing Head - PureGlow Soaps,Asia,Japan,Nagoya,FCT011,Nagoya Soap Plant,LN0031,Line-1,2026-07-08 13:00:00,2026-07-08,13,Morning,Aloe Vera Liquid Soap,0.97,60.0,2.1,No Downtime,57.9,58,45,1,44,3.28,97.78,77.59,96.5,80.12,75.6,4.77,32.86,2
PureGlow Soaps International (Fictional Dummy Company),Global Manufacturing Head - PureGlow Soaps,Asia,Japan,Nagoya,FCT011,Nagoya Soap Plant,LN0032,Line-2,2026-07-08 13:00:00,2026-07-08,13,Morning,Coconut Bar Soap,1.27,60.0,20.1,Material Shortage,39.9,76,41,2,39,3.97,95.12,53.95,66.5,80.91,51.18,3.69,10.84,3
PureGlow Soaps International (Fictional Dummy Company),Global Manufacturing Head - PureGlow Soaps,Asia,Japan,Nagoya,FCT011,Nagoya Soap Plant,LN0033,Line-3,2026-07-08 13:00:00,2026-07-08,13,Morning,Coconut Bar Soap,1.41,60.0,17.6,Preventive Maintenance,42.4,85,61,2,59,3.79,96.72,71.76,70.67,102.03,69.74,5.3,23.05,1
PureGlow Soaps International (Fictional Dummy Company),Global Manufacturing Head - PureGlow Soaps,Asia,Japan,Nagoya,FCT011,Nagoya Soap Plant,LN0031,Line-1,2026-07-08 14:00:00,2026-07-08,14,Afternoon,Aloe Vera Liquid Soap,0.97,60.0,1.1,No Downtime,58.9,58,56,2,54,3.08,96.43,96.55,98.17,98.02,92.79,5.78,35.89,2
PureGlow Soaps International (Fictional Dummy Company),Global Manufacturing Head - PureGlow Soaps,Asia,Japan,Nagoya,FCT011,Nagoya Soap Plant,LN0032,Line-2,2026-07-08 14:00:00,2026-07-08,14,Afternoon,Coconut Bar Soap,1.27,60.0,2.8,No Downtime,57.2,76,66,3,63,5.23,95.45,86.84,95.33,90.85,82.67,6.97,14.39,1
PureGlow Soaps International (Fictional Dummy Company),Global Manufacturing Head - PureGlow Soaps,Asia,Japan,Nagoya,FCT011,Nagoya Soap Plant,LN0033,Line-3,2026-07-08 14:00:00,2026-07-08,14,Afternoon,Coconut Bar Soap,1.41,60.0,39.7,Preventive Maintenance,20.3,85,23,1,22,2.27,95.65,27.06,33.83,80.35,26.0,2.44,11.61,2
PureGlow Soaps International (Fictional Dummy Company),Global Manufacturing Head - PureGlow Soaps,Asia,Japan,Nagoya,FCT011,Nagoya Soap Plant,LN0031,Line-1,2026-07-08 15:00:00,2026-07-08,15,Afternoon,Aloe Vera Liquid Soap,0.97,60.0,17.9,Staff Shortage,42.1,58,40,1,39,3.25,97.5,68.97,70.17,97.95,67.01,3.65,27.86,1
PureGlow Soaps International (Fictional Dummy Company),Global Manufacturing Head - PureGlow Soaps,Asia,Japan,Nagoya,FCT011,Nagoya Soap Plant,LN0032,Line-2,2026-07-08 15:00:00,2026-07-08,15,Afternoon,Coconut Bar Soap,1.27,60.0,38.4,Machine Breakdown,21.6,76,22,1,21,5.33,95.45,28.95,36.0,80.2,27.56,2.23,5.36,3
PureGlow Soaps International (Fictional Dummy Company),Global Manufacturing Head - PureGlow Soaps,Asia,Japan,Nagoya,FCT011,Nagoya Soap Plant,LN0033,Line-3,2026-07-08 15:00:00,2026-07-08,15,Afternoon,Coconut Bar Soap,1.41,60.0,25.1,Preventive Maintenance,34.9,85,51,2,49,3.56,96.08,60.0,58.17,103.64,57.92,4.41,20.21,1
PureGlow Soaps International (Fictional Dummy Company),Global Manufacturing Head - PureGlow Soaps,Asia,Japan,Nagoya,FCT011,Nagoya Soap Plant,LN0031,Line-1,2026-07-08 16:00:00,2026-07-08,16,Afternoon,Aloe Vera Liquid Soap,0.97,60.0,32.3,Material Shortage,27.7,58,26,1,25,3.81,96.15,44.83,46.17,96.77,42.96,2.41,15.93,1
PureGlow Soaps International (Fictional Dummy Company),Global Manufacturing Head - PureGlow Soaps,Asia,Japan,Nagoya,FCT011,Nagoya Soap Plant,LN0032,Line-2,2026-07-08 16:00:00,2026-07-08,16,Afternoon,Coconut Bar Soap,1.27,60.0,0.4,No Downtime,59.6,76,76,2,74,3.13,97.37,100.0,99.33,100.41,97.11,7.28,14.54,3
PureGlow Soaps International (Fictional Dummy Company),Global Manufacturing Head - PureGlow Soaps,Asia,Japan,Nagoya,FCT011,Nagoya Soap Plant,LN0033,Line-3,2026-07-08 16:00:00,2026-07-08,16,Afternoon,Coconut Bar Soap,1.41,60.0,26.3,Machine Breakdown,33.7,85,44,1,43,1.58,97.73,51.76,56.17,92.6,50.83,4.27,19.72,1
PureGlow Soaps International (Fictional Dummy Company),Global Manufacturing Head - PureGlow Soaps,Asia,Japan,Nagoya,FCT011,Nagoya Soap Plant,LN0031,Line-1,2026-07-08 17:00:00,2026-07-08,17,Afternoon,Aloe Vera Liquid Soap,0.97,60.0,30.9,Preventive Maintenance,29.1,58,23,1,22,2.22,95.65,39.66,48.5,81.48,37.8,1.97,17.91,2
PureGlow Soaps International (Fictional Dummy Company),Global Manufacturing Head - PureGlow Soaps,Asia,Japan,Nagoya,FCT011,Nagoya Soap Plant,LN0032,Line-2,2026-07-08 17:00:00,2026-07-08,17,Afternoon,Coconut Bar Soap,1.27,60.0,2.3,No Downtime,57.7,76,70,2,68,3.23,97.14,92.11,96.17,95.53,89.24,7.11,14.36,2
PureGlow Soaps International (Fictional Dummy Company),Global Manufacturing Head - PureGlow Soaps,Asia,Japan,Nagoya,FCT011,Nagoya Soap Plant,LN0033,Line-3,2026-07-08 17:00:00,2026-07-08,17,Afternoon,Coconut Bar Soap,1.41,60.0,11.7,Power Outage,48.3,85,58,2,56,3.24,96.55,68.24,80.5,85.17,66.2,6.17,24.22,1
PureGlow Soaps International (Fictional Dummy Company),Global Manufacturing Head - PureGlow Soaps,Asia,Japan,Nagoya,FCT011,Nagoya Soap Plant,LN0031,Line-1,2026-07-08 18:00:00,2026-07-08,18,Afternoon,Aloe Vera Liquid Soap,0.97,60.0,28.0,Preventive Maintenance,32.0,58,27,1,26,4.57,96.3,46.55,53.33,86.98,44.67,2.77,19.78,3
PureGlow Soaps International (Fictional Dummy Company),Global Manufacturing Head - PureGlow Soaps,Asia,Japan,Nagoya,FCT011,Nagoya Soap Plant,LN0032,Line-2,2026-07-08 18:00:00,2026-07-08,18,Afternoon,Coconut Bar Soap,1.27,60.0,8.9,Staff Shortage,51.1,76,53,2,51,3.87,96.23,69.74,85.17,81.67,66.94,4.81,13.63,1
PureGlow Soaps International (Fictional Dummy Company),Global Manufacturing Head - PureGlow Soaps,Asia,Japan,Nagoya,FCT011,Nagoya Soap Plant,LN0033,Line-3,2026-07-08 18:00:00,2026-07-08,18,Afternoon,Coconut Bar Soap,1.41,60.0,13.1,Changeover/Setup,46.9,85,66,1,65,1.75,98.48,77.65,78.17,99.8,76.83,7.0,24.03,2
PureGlow Soaps International (Fictional Dummy Company),Global Manufacturing Head - PureGlow Soaps,Asia,Japan,Nagoya,FCT011,Nagoya Soap Plant,LN0031,Line-1,2026-07-08 19:00:00,2026-07-08,19,Afternoon,Aloe Vera Liquid Soap,0.97,60.0,3.7,No Downtime,56.3,58,48,1,47,2.18,97.92,82.76,93.83,87.89,80.75,4.48,33.45,2
PureGlow Soaps International (Fictional Dummy Company),Global Manufacturing Head - PureGlow Soaps,Asia,Japan,Nagoya,FCT011,Nagoya Soap Plant,LN0032,Line-2,2026-07-08 19:00:00,2026-07-08,19,Afternoon,Coconut Bar Soap,1.27,60.0,2.7,No Downtime,57.3,76,69,1,68,1.14,98.55,90.79,95.5,94.82,89.24,7.49,15.11,3
PureGlow Soaps International (Fictional Dummy Company),Global Manufacturing Head - PureGlow Soaps,Asia,Japan,Nagoya,FCT011,Nagoya Soap Plant,LN0033,Line-3,2026-07-08 19:00:00,2026-07-08,19,Afternoon,Coconut Bar Soap,1.41,60.0,22.2,Machine Breakdown,37.8,85,49,0,49,0.0,100.0,57.65,63.0,91.94,57.92,4.39,23.01,2
PureGlow Soaps International (Fictional Dummy Company),Global Manufacturing Head - PureGlow Soaps,Asia,Japan,Nagoya,FCT011,Nagoya Soap Plant,LN0031,Line-1,2026-07-08 20:00:00,2026-07-08,20,Afternoon,Aloe Vera Liquid Soap,0.97,60.0,25.8,Power Outage,34.2,58,30,1,29,2.35,96.67,51.72,57.0,90.43,49.83,3.19,21.36,2
PureGlow Soaps International (Fictional Dummy Company),Global Manufacturing Head - PureGlow Soaps,Asia,Japan,Nagoya,FCT011,Nagoya Soap Plant,LN0032,Line-2,2026-07-08 20:00:00,2026-07-08,20,Afternoon,Coconut Bar Soap,1.27,60.0,19.4,Preventive Maintenance,40.6,76,48,3,45,7.15,93.75,63.16,67.67,93.09,59.06,4.59,10.47,2
PureGlow Soaps International (Fictional Dummy Company),Global Manufacturing Head - PureGlow Soaps,Asia,Japan,Nagoya,FCT011,Nagoya Soap Plant,LN0033,Line-3,2026-07-08 20:00:00,2026-07-08,20,Afternoon,Coconut Bar Soap,1.41,60.0,5.6,Changeover/Setup,54.4,85,68,2,66,2.4,97.06,80.0,90.67,88.65,78.02,6.92,28.74,1
PureGlow Soaps International (Fictional Dummy Company),Global Manufacturing Head - PureGlow Soaps,Asia,Japan,Nagoya,FCT011,Nagoya Soap Plant,LN0031,Line-1,2026-07-08 21:00:00,2026-07-08,21,Afternoon,Aloe Vera Liquid Soap,0.97,60.0,19.0,Machine Breakdown,41.0,58,39,1,38,1.62,97.44,67.24,68.33,98.06,65.29,3.69,24.9,3
PureGlow Soaps International (Fictional Dummy Company),Global Manufacturing Head - PureGlow Soaps,Asia,Japan,Nagoya,FCT011,Nagoya Soap Plant,LN0032,Line-2,2026-07-08 21:00:00,2026-07-08,21,Afternoon,Coconut Bar Soap,1.27,60.0,10.8,Changeover/Setup,49.2,76,58,2,56,3.47,96.55,76.32,82.0,92.82,73.49,6.1,11.98,1
PureGlow Soaps International (Fictional Dummy Company),Global Manufacturing Head - PureGlow Soaps,Asia,Japan,Nagoya,FCT011,Nagoya Soap Plant,LN0033,Line-3,2026-07-08 21:00:00,2026-07-08,21,Afternoon,Coconut Bar Soap,1.41,60.0,26.1,Preventive Maintenance,33.9,85,47,1,46,2.01,97.87,55.29,56.5,98.33,54.37,4.24,17.61,2
PureGlow Soaps International (Fictional Dummy Company),Global Manufacturing Head - PureGlow Soaps,Asia,Japan,Nagoya,FCT011,Nagoya Soap Plant,LN0031,Line-1,2026-07-08 22:00:00,2026-07-08,22,Night,Aloe Vera Liquid Soap,0.97,60.0,3.9,No Downtime,56.1,58,45,2,43,5.04,95.56,77.59,93.5,82.69,73.88,4.26,31.78,2
PureGlow Soaps International (Fictional Dummy Company),Global Manufacturing Head - PureGlow Soaps,Asia,Japan,Nagoya,FCT011,Nagoya Soap Plant,LN0032,Line-2,2026-07-08 22:00:00,2026-07-08,22,Night,Coconut Bar Soap,1.27,60.0,15.5,Power Outage,44.5,76,51,2,49,3.59,96.08,67.11,74.17,90.24,64.31,4.78,13.07,1
PureGlow Soaps International (Fictional Dummy Company),Global Manufacturing Head - PureGlow Soaps,Asia,Japan,Nagoya,FCT011,Nagoya Soap Plant,LN0033,Line-3,2026-07-08 22:00:00,2026-07-08,22,Night,Coconut Bar Soap,1.41,60.0,34.4,Material Shortage,25.6,85,35,1,34,2.27,97.14,41.18,42.67,96.96,40.19,3.74,14.14,3
PureGlow Soaps International (Fictional Dummy Company),Global Manufacturing Head - PureGlow Soaps,Asia,Japan,Nagoya,FCT011,Nagoya Soap Plant,LN0031,Line-1,2026-07-08 23:00:00,2026-07-08,23,Night,Aloe Vera Liquid Soap,0.97,60.0,19.0,Quality Hold,41.0,58,38,3,35,7.48,92.11,65.52,68.33,95.55,60.14,3.84,22.4,2
PureGlow Soaps International (Fictional Dummy Company),Global Manufacturing Head - PureGlow Soaps,Asia,Japan,Nagoya,FCT011,Nagoya Soap Plant,LN0032,Line-2,2026-07-08 23:00:00,2026-07-08,23,Night,Coconut Bar Soap,1.27,60.0,7.6,Changeover/Setup,52.4,76,66,3,63,3.91,95.45,86.84,87.33,99.18,82.67,6.15,14.15,1
PureGlow Soaps International (Fictional Dummy Company),Global Manufacturing Head - PureGlow Soaps,Asia,Japan,Nagoya,FCT011,Nagoya Soap Plant,LN0033,Line-3,2026-07-08 23:00:00,2026-07-08,23,Night,Coconut Bar Soap,1.41,60.0,17.6,Changeover/Setup,42.4,85,60,3,57,4.84,95.0,70.59,70.67,100.36,67.38,5.53,22.15,3
PureGlow Soaps International (Fictional Dummy Company),Global Manufacturing Head - PureGlow Soaps,Asia,Japan,Nagoya,FCT011,Nagoya Soap Plant,LN0031,Line-1,2026-07-09 00:00:00,2026-07-09,0,Night,Neem Bar Soap,0.97,60.0,28.5,Material Shortage,31.5,58,28,1,27,2.55,96.43,48.28,52.5,91.64,46.39,2.86,17.72,1
PureGlow Soaps International (Fictional Dummy Company),Global Manufacturing Head - PureGlow Soaps,Asia,Japan,Nagoya,FCT011,Nagoya Soap Plant,LN0032,Line-2,2026-07-09 00:00:00,2026-07-09,0,Night,Coconut Bar Soap,1.27,60.0,23.7,Material Shortage,36.3,76,47,1,46,2.93,97.87,61.84,60.5,101.95,60.37,4.65,9.13,1
PureGlow Soaps International (Fictional Dummy Company),Global Manufacturing Head - PureGlow Soaps,Asia,Japan,Nagoya,FCT011,Nagoya Soap Plant,LN0033,Line-3,2026-07-09 00:00:00,2026-07-09,0,Night,Charcoal Bar Soap,1.41,60.0,1.9,No Downtime,58.1,85,68,2,66,3.6,97.06,80.0,96.83,83.01,78.02,6.64,32.47,1
PureGlow Soaps International (Fictional Dummy Company),Global Manufacturing Head - PureGlow Soaps,Asia,Japan,Nagoya,FCT011,Nagoya Soap Plant,LN0031,Line-1,2026-07-09 01:00:00,2026-07-09,1,Night,Neem Bar Soap,0.97,60.0,15.0,Quality Hold,45.0,58,41,5,36,11.22,87.8,70.69,75.0,93.93,61.85,4.19,24.97,3
PureGlow Soaps International (Fictional Dummy Company),Global Manufacturing Head - PureGlow Soaps,Asia,Japan,Nagoya,FCT011,Nagoya Soap Plant,LN0032,Line-2,2026-07-09 01:00:00,2026-07-09,1,Night,Coconut Bar Soap,1.27,60.0,1.9,No Downtime,58.1,76,66,2,64,3.57,96.97,86.84,96.83,89.45,83.99,5.89,16.86,1
PureGlow Soaps International (Fictional Dummy Company),Global Manufacturing Head - PureGlow Soaps,Asia,Japan,Nagoya,FCT011,Nagoya Soap Plant,LN0033,Line-3,2026-07-09 01:00:00,2026-07-09,1,Night,Charcoal Bar Soap,1.41,60.0,2.3,No Downtime,57.7,85,76,2,74,2.38,97.37,89.41,96.17,93.42,87.48,7.23,35.22,3
PureGlow Soaps International (Fictional Dummy Company),Global Manufacturing Head - PureGlow Soaps,Asia,Japan,Nagoya,FCT011,Nagoya Soap Plant,LN0031,Line-1,2026-07-09 02:00:00,2026-07-09,2,Night,Neem Bar Soap,0.97,60.0,1.5,No Downtime,58.5,58,54,1,53,1.25,98.15,93.1,97.5,95.16,91.06,4.65,37.05,2
PureGlow Soaps International (Fictional Dummy Company),Global Manufacturing Head - PureGlow Soaps,Asia,Japan,Nagoya,FCT011,Nagoya Soap Plant,LN0032,Line-2,2026-07-09 02:00:00,2026-07-09,2,Night,Coconut Bar Soap,1.27,60.0,3.0,No Downtime,57.0,76,73,2,71,2.37,97.26,96.05,95.0,100.84,93.17,7.65,16.49,1
PureGlow Soaps International (Fictional Dummy Company),Global Manufacturing Head - PureGlow Soaps,Asia,Japan,Nagoya,FCT011,Nagoya Soap Plant,LN0033,Line-3,2026-07-09 02:00:00,2026-07-09,2,Night,Charcoal Bar Soap,1.41,60.0,10.7,Power Outage,49.3,85,67,2,65,2.9,97.01,78.82,82.17,96.38,76.83,6.48,25.21,3
PureGlow Soaps International (Fictional Dummy Company),Global Manufacturing Head - PureGlow Soaps,Asia,Japan,Nagoya,FCT011,Nagoya Soap Plant,LN0031,Line-1,2026-07-09 03:00:00,2026-07-09,3,Night,Neem Bar Soap,0.97,60.0,0.7,No Downtime,59.3,58,57,1,56,2.27,98.25,98.28,98.83,99.09,96.22,5.99,32.87,3
PureGlow Soaps International (Fictional Dummy Company),Global Manufacturing Head - PureGlow Soaps,Asia,Japan,Nagoya,FCT011,Nagoya Soap Plant,LN0032,Line-2,2026-07-09 03:00:00,2026-07-09,3,Night,Coconut Bar Soap,1.27,60.0,0.3,No Downtime,59.7,76,66,1,65,2.12,98.48,86.84,99.5,87.05,85.3,6.61,17.19,2
PureGlow Soaps International (Fictional Dummy Company),Global Manufacturing Head - PureGlow Soaps,Asia,Japan,Nagoya,FCT011,Nagoya Soap Plant,LN0033,Line-3,2026-07-09 03:00:00,2026-07-09,3,Night,Charcoal Bar Soap,1.41,60.0,12.0,Material Shortage,48.0,85,69,2,67,2.4,97.1,81.18,80.0,101.95,79.19,7.49,24.36,1
PureGlow Soaps International (Fictional Dummy Company),Global Manufacturing Head - PureGlow Soaps,Asia,Japan,Nagoya,FCT011,Nagoya Soap Plant,LN0031,Line-1,2026-07-09 04:00:00,2026-07-09,4,Night,Neem Bar Soap,0.97,60.0,17.7,Changeover/Setup,42.3,58,33,1,32,3.94,96.97,56.9,70.5,80.43,54.99,2.91,27.55,3
PureGlow Soaps International (Fictional Dummy Company),Global Manufacturing Head - PureGlow Soaps,Asia,Japan,Nagoya,FCT011,Nagoya Soap Plant,LN0032,Line-2,2026-07-09 04:00:00,2026-07-09,4,Night,Coconut Bar Soap,1.27,60.0,3.8,No Downtime,56.2,76,67,2,65,3.53,97.01,88.16,93.67,93.87,85.3,6.91,16.12,3
PureGlow Soaps International (Fictional Dummy Company),Global Manufacturing Head - PureGlow Soaps,Asia,Japan,Nagoya,FCT011,Nagoya Soap Plant,LN0033,Line-3,2026-07-09 04:00:00,2026-07-09,4,Night,Charcoal Bar Soap,1.41,60.0,27.6,Material Shortage,32.4,85,38,1,37,3.57,97.37,44.71,54.0,83.18,43.74,3.28,16.93,3
PureGlow Soaps International (Fictional Dummy Company),Global Manufacturing Head - PureGlow Soaps,Asia,Japan,Nagoya,FCT011,Nagoya Soap Plant,LN0031,Line-1,2026-07-09 05:00:00,2026-07-09,5,Night,Neem Bar Soap,0.97,60.0,2.1,No Downtime,57.9,58,51,3,48,5.07,94.12,87.93,96.5,90.81,82.48,5.42,32.54,1
PureGlow Soaps International (Fictional Dummy Company),Global Manufacturing Head - PureGlow Soaps,Asia,Japan,Nagoya,FCT011,Nagoya Soap Plant,LN0032,Line-2,2026-07-09 05:00:00,2026-07-09,5,Night,Coconut Bar Soap,1.27,60.0,1.7,No Downtime,58.3,76,76,2,74,2.24,97.37,100.0,97.17,102.65,97.12,7.37,16.08,1
PureGlow Soaps International (Fictional Dummy Company),Global Manufacturing Head - PureGlow Soaps,Asia,Japan,Nagoya,FCT011,Nagoya Soap Plant,LN0033,Line-3,2026-07-09 05:00:00,2026-07-09,5,Night,Charcoal Bar Soap,1.41,60.0,13.0,Machine Breakdown,47.0,85,65,1,64,2.29,98.46,76.47,78.33,98.08,75.64,6.17,26.62,1
PureGlow Soaps International (Fictional Dummy Company),Global Manufacturing Head - PureGlow Soaps,Asia,Japan,Nagoya,FCT011,Nagoya Soap Plant,LN0031,Line-1,2026-07-09 06:00:00,2026-07-09,6,Morning,Neem Bar Soap,0.97,60.0,23.3,Machine Breakdown,36.7,58,33,1,32,3.55,96.97,56.9,61.17,92.7,54.99,3.33,23.31,1
PureGlow Soaps International (Fictional Dummy Company),Global Manufacturing Head - PureGlow Soaps,Asia,Japan,Nagoya,FCT011,Nagoya Soap Plant,LN0032,Line-2,2026-07-09 06:00:00,2026-07-09,6,Morning,Coconut Bar Soap,1.27,60.0,22.4,Material Shortage,37.6,76,42,2,40,4.76,95.24,55.26,62.67,87.95,52.49,3.74,10.86,1
PureGlow Soaps International (Fictional Dummy Company),Global Manufacturing Head - PureGlow Soaps,Asia,Japan,Nagoya,FCT011,Nagoya Soap Plant,LN0033,Line-3,2026-07-09 06:00:00,2026-07-09,6,Morning,Charcoal Bar Soap,1.41,60.0,3.3,No Downtime,56.7,85,76,1,75,0.95,98.68,89.41,94.5,95.06,88.65,8.23,32.57,1
PureGlow Soaps International (Fictional Dummy Company),Global Manufacturing Head - PureGlow Soaps,Asia,Japan,Nagoya,FCT011,Nagoya Soap Plant,LN0031,Line-1,2026-07-09 07:00:00,2026-07-09,7,Morning,Neem Bar Soap,0.97,60.0,2.2,No Downtime,57.8,58,57,2,55,3.69,96.49,98.28,96.33,101.67,94.5,5.9,32.81,3
PureGlow Soaps International (Fictional Dummy Company),Global Manufacturing Head - PureGlow Soaps,Asia,Japan,Nagoya,FCT011,Nagoya Soap Plant,LN0032,Line-2,2026-07-09 07:00:00,2026-07-09,7,Morning,Coconut Bar Soap,1.27,60.0,3.5,No Downtime,56.5,76,59,3,56,4.82,94.92,77.63,94.17,82.22,73.49,5.9,15.32,1
PureGlow Soaps International (Fictional Dummy Company),Global Manufacturing Head - PureGlow Soaps,Asia,Japan,Nagoya,FCT011,Nagoya Soap Plant,LN0033,Line-3,2026-07-09 07:00:00,2026-07-09,7,Morning,Charcoal Bar Soap,1.41,60.0,0.8,No Downtime,59.2,85,74,0,74,0.17,100.0,87.06,98.67,88.65,87.47,7.5,29.94,3
PureGlow Soaps International (Fictional Dummy Company),Global Manufacturing Head - PureGlow Soaps,Asia,Japan,Nagoya,FCT011,Nagoya Soap Plant,LN0031,Line-1,2026-07-09 08:00:00,2026-07-09,8,Morning,Neem Bar Soap,0.97,60.0,30.3,Material Shortage,29.7,58,24,1,23,2.87,95.83,41.38,49.5,83.31,39.52,2.08,19.7,1
PureGlow Soaps International (Fictional Dummy Company),Global Manufacturing Head - PureGlow Soaps,Asia,Japan,Nagoya,FCT011,Nagoya Soap Plant,LN0032,Line-2,2026-07-09 08:00:00,2026-07-09,8,Morning,Coconut Bar Soap,1.27,60.0,0.7,No Downtime,59.3,76,71,1,70,1.58,98.59,93.42,98.83,94.28,91.86,7.57,15.32,3
PureGlow Soaps International (Fictional Dummy Company),Global Manufacturing Head - PureGlow Soaps,Asia,Japan,Nagoya,FCT011,Nagoya Soap Plant,LN0033,Line-3,2026-07-09 08:00:00,2026-07-09,8,Morning,Charcoal Bar Soap,1.41,60.0,3.1,No Downtime,56.9,85,75,3,72,3.58,96.0,88.24,94.83,93.48,85.1,6.76,29.48,3
PureGlow Soaps International (Fictional Dummy Company),Global Manufacturing Head - PureGlow Soaps,Asia,Japan,Nagoya,FCT011,Nagoya Soap Plant,LN0031,Line-1,2026-07-09 09:00:00,2026-07-09,9,Morning,Neem Bar Soap,0.97,60.0,15.8,Changeover/Setup,44.2,58,37,1,36,1.97,97.3,63.79,73.67,86.3,61.86,3.71,27.94,1
PureGlow Soaps International (Fictional Dummy Company),Global Manufacturing Head - PureGlow Soaps,Asia,Japan,Nagoya,FCT011,Nagoya Soap Plant,LN0032,Line-2,2026-07-09 09:00:00,2026-07-09,9,Morning,Coconut Bar Soap,1.27,60.0,35.2,Preventive Maintenance,24.8,76,29,1,28,3.98,96.55,38.16,41.33,92.08,36.74,2.66,6.52,1
PureGlow Soaps International (Fictional Dummy Company),Global Manufacturing Head - PureGlow Soaps,Asia,Japan,Nagoya,FCT011,Nagoya Soap Plant,LN0033,Line-3,2026-07-09 09:00:00,2026-07-09,9,Morning,Charcoal Bar Soap,1.41,60.0,38.4,Machine Breakdown,21.6,85,29,1,28,4.02,96.55,34.12,36.0,95.22,33.1,2.6,12.33,3
PureGlow Soaps International (Fictional Dummy Company),Global Manufacturing Head - PureGlow Soaps,Asia,Japan,Nagoya,FCT011,Nagoya Soap Plant,LN0031,Line-1,2026-07-09 10:00:00,2026-07-09,10,Morning,Neem Bar Soap,0.97,60.0,11.4,Changeover/Setup,48.6,58,46,1,45,1.14,97.83,79.31,81.0,97.58,77.32,4.84,32.18,3
PureGlow Soaps International (Fictional Dummy Company),Global Manufacturing Head - PureGlow Soaps,Asia,Japan,Nagoya,FCT011,Nagoya Soap Plant,LN0032,Line-2,2026-07-09 10:00:00,2026-07-09,10,Morning,Coconut Bar Soap,1.27,60.0,13.2,Machine Breakdown,46.8,76,49,2,47,4.95,95.92,64.47,78.0,82.44,61.68,5.16,13.32,3
PureGlow Soaps International (Fictional Dummy Company),Global Manufacturing Head - PureGlow Soaps,Asia,Japan,Nagoya,FCT011,Nagoya Soap Plant,LN0033,Line-3,2026-07-09 10:00:00,2026-07-09,10,Morning,Charcoal Bar Soap,1.41,60.0,8.4,Power Outage,51.6,85,72,1,71,0.93,98.61,84.71,86.0,98.96,83.92,7.15,29.56,3
PureGlow Soaps International (Fictional Dummy Company),Global Manufacturing Head - PureGlow Soaps,Asia,Japan,Nagoya,FCT011,Nagoya Soap Plant,LN0031,Line-1,2026-07-09 11:00:00,2026-07-09,11,Morning,Neem Bar Soap,0.97,60.0,3.7,No Downtime,56.3,58,49,2,47,4.28,95.92,84.48,93.83,89.73,80.76,4.88,30.86,2
PureGlow Soaps International (Fictional Dummy Company),Global Manufacturing Head - PureGlow Soaps,Asia,Japan,Nagoya,FCT011,Nagoya Soap Plant,LN0032,Line-2,2026-07-09 11:00:00,2026-07-09,11,Morning,Coconut Bar Soap,1.27,60.0,34.8,Material Shortage,25.2,76,27,1,26,2.39,96.3,35.53,42.0,84.36,34.12,2.48,6.98,2
PureGlow Soaps International (Fictional Dummy Company),Global Manufacturing Head - PureGlow Soaps,Asia,Japan,Nagoya,FCT011,Nagoya Soap Plant,LN0033,Line-3,2026-07-09 11:00:00,2026-07-09,11,Morning,Charcoal Bar Soap,1.41,60.0,2.4,No Downtime,57.6,85,82,3,79,3.08,96.34,96.47,96.0,100.97,93.38,8.76,33.64,1
PureGlow Soaps International (Fictional Dummy Company),Global Manufacturing Head - PureGlow Soaps,Asia,Japan,Nagoya,FCT011,Nagoya Soap Plant,LN0031,Line-1,2026-07-09 12:00:00,2026-07-09,12,Morning,Neem Bar Soap,0.97,60.0,45.0,Machine Breakdown,15.0,58,12,0,12,2.6,100.0,20.69,25.0,82.47,20.62,1.04,9.07,1
PureGlow Soaps International (Fictional Dummy Company),Global Manufacturing Head - PureGlow Soaps,Asia,Japan,Nagoya,FCT011,Nagoya Soap Plant,LN0032,Line-2,2026-07-09 12:00:00,2026-07-09,12,Morning,Coconut Bar Soap,1.27,60.0,24.0,Material Shortage,36.0,76,47,0,47,0.6,100.0,61.84,60.0,102.8,61.68,4.14,8.79,3
PureGlow Soaps International (Fictional Dummy Company),Global Manufacturing Head - PureGlow Soaps,Asia,Japan,Nagoya,FCT011,Nagoya Soap Plant,LN0033,Line-3,2026-07-09 12:00:00,2026-07-09,12,Morning,Charcoal Bar Soap,1.41,60.0,11.1,Material Shortage,48.9,85,65,3,62,4.85,95.38,76.47,81.5,94.27,73.28,6.21,27.35,3
PureGlow Soaps International (Fictional Dummy Company),Global Manufacturing Head - PureGlow Soaps,Asia,Japan,Nagoya,FCT011,Nagoya Soap Plant,LN0031,Line-1,2026-07-09 13:00:00,2026-07-09,13,Morning,Neem Bar Soap,0.97,60.0,8.1,Changeover/Setup,51.9,58,45,1,44,2.33,97.78,77.59,86.5,89.39,75.61,4.51,32.07,2
PureGlow Soaps International (Fictional Dummy Company),Global Manufacturing Head - PureGlow Soaps,Asia,Japan,Nagoya,FCT011,Nagoya Soap Plant,LN0032,Line-2,2026-07-09 13:00:00,2026-07-09,13,Morning,Coconut Bar Soap,1.27,60.0,0.2,No Downtime,59.8,76,73,2,71,2.93,97.26,96.05,99.67,96.12,93.18,7.19,15.9,1
PureGlow Soaps International (Fictional Dummy Company),Global Manufacturing Head - PureGlow Soaps,Asia,Japan,Nagoya,FCT011,Nagoya Soap Plant,LN0033,Line-3,2026-07-09 13:00:00,2026-07-09,13,Morning,Charcoal Bar Soap,1.41,60.0,32.8,Material Shortage,27.2,85,37,1,36,3.81,97.3,43.53,45.33,96.47,42.55,4.02,16.06,3
PureGlow Soaps International (Fictional Dummy Company),Global Manufacturing Head - PureGlow Soaps,Asia,Japan,Nagoya,FCT011,Nagoya Soap Plant,LN0031,Line-1,2026-07-09 14:00:00,2026-07-09,14,Afternoon,Neem Bar Soap,0.97,60.0,0.3,No Downtime,59.7,58,59,2,57,3.48,96.61,101.72,99.5,101.88,97.93,5.37,34.38,1
PureGlow Soaps International (Fictional Dummy Company),Global Manufacturing Head - PureGlow Soaps,Asia,Japan,Nagoya,FCT011,Nagoya Soap Plant,LN0032,Line-2,2026-07-09 14:00:00,2026-07-09,14,Afternoon,Coconut Bar Soap,1.27,60.0,2.6,No Downtime,57.4,76,71,2,69,2.39,97.18,93.42,95.67,97.4,90.55,6.37,14.26,2
PureGlow Soaps International (Fictional Dummy Company),Global Manufacturing Head - PureGlow Soaps,Asia,Japan,Nagoya,FCT011,Nagoya Soap Plant,LN0033,Line-3,2026-07-09 14:00:00,2026-07-09,14,Afternoon,Charcoal Bar Soap,1.41,60.0,1.0,No Downtime,59.0,85,80,4,76,5.52,95.0,94.12,98.33,96.17,89.84,8.43,30.78,3
PureGlow Soaps International (Fictional Dummy Company),Global Manufacturing Head - PureGlow Soaps,Asia,Japan,Nagoya,FCT011,Nagoya Soap Plant,LN0031,Line-1,2026-07-09 15:00:00,2026-07-09,15,Afternoon,Neem Bar Soap,0.97,60.0,0.1,No Downtime,59.9,58,55,2,53,3.0,96.36,94.83,99.83,94.66,91.06,5.48,34.83,2
PureGlow Soaps International (Fictional Dummy Company),Global Manufacturing Head - PureGlow Soaps,Asia,Japan,Nagoya,FCT011,Nagoya Soap Plant,LN0032,Line-2,2026-07-09 15:00:00,2026-07-09,15,Afternoon,Coconut Bar Soap,1.27,60.0,7.1,Changeover/Setup,52.9,76,62,2,60,2.7,96.77,81.58,88.17,92.29,78.74,5.38,13.02,1
PureGlow Soaps International (Fictional Dummy Company),Global Manufacturing Head - PureGlow Soaps,Asia,Japan,Nagoya,FCT011,Nagoya Soap Plant,LN0033,Line-3,2026-07-09 15:00:00,2026-07-09,15,Afternoon,Charcoal Bar Soap,1.41,60.0,3.1,No Downtime,56.9,85,81,3,78,4.27,96.3,95.29,94.83,100.96,92.2,8.56,34.72,2
PureGlow Soaps International (Fictional Dummy Company),Global Manufacturing Head - PureGlow Soaps,Asia,Japan,Nagoya,FCT011,Nagoya Soap Plant,LN0031,Line-1,2026-07-09 16:00:00,2026-07-09,16,Afternoon,Neem Bar Soap,0.97,60.0,32.2,Preventive Maintenance,27.8,58,22,0,22,1.33,100.0,37.93,46.33,81.58,37.8,2.25,15.15,3
PureGlow Soaps International (Fictional Dummy Company),Global Manufacturing Head - PureGlow Soaps,Asia,Japan,Nagoya,FCT011,Nagoya Soap Plant,LN0032,Line-2,2026-07-09 16:00:00,2026-07-09,16,Afternoon,Coconut Bar Soap,1.27,60.0,3.5,No Downtime,56.5,76,71,3,68,4.66,95.77,93.42,94.17,98.95,89.24,7.01,14.37,2
PureGlow Soaps International (Fictional Dummy Company),Global Manufacturing Head - PureGlow Soaps,Asia,Japan,Nagoya,FCT011,Nagoya Soap Plant,LN0033,Line-3,2026-07-09 16:00:00,2026-07-09,16,Afternoon,Charcoal Bar Soap,1.41,60.0,37.4,Preventive Maintenance,22.6,85,28,1,27,2.04,96.43,32.94,37.67,87.87,31.92,3.02,11.86,3
PureGlow Soaps International (Fictional Dummy Company),Global Manufacturing Head - PureGlow Soaps,Asia,Japan,Nagoya,FCT011,Nagoya Soap Plant,LN0031,Line-1,2026-07-09 17:00:00,2026-07-09,17,Afternoon,Neem Bar Soap,0.97,60.0,1.9,No Downtime,58.1,58,45,2,43,3.68,95.56,77.59,96.83,79.85,73.89,4.17,35.72,3
PureGlow Soaps International (Fictional Dummy Company),Global Manufacturing Head - PureGlow Soaps,Asia,Japan,Nagoya,FCT011,Nagoya Soap Plant,LN0032,Line-2,2026-07-09 17:00:00,2026-07-09,17,Afternoon,Coconut Bar Soap,1.27,60.0,3.1,No Downtime,56.9,76,72,2,70,2.46,97.22,94.74,94.83,99.64,91.86,6.12,14.79,1
PureGlow Soaps International (Fictional Dummy Company),Global Manufacturing Head - PureGlow Soaps,Asia,Japan,Nagoya,FCT011,Nagoya Soap Plant,LN0033,Line-3,2026-07-09 17:00:00,2026-07-09,17,Afternoon,Charcoal Bar Soap,1.41,60.0,27.3,Machine Breakdown,32.7,85,45,2,43,3.93,95.56,52.94,54.5,97.6,50.83,4.83,17.7,1
PureGlow Soaps International (Fictional Dummy Company),Global Manufacturing Head - PureGlow Soaps,Asia,Japan,Nagoya,FCT011,Nagoya Soap Plant,LN0031,Line-1,2026-07-09 18:00:00,2026-07-09,18,Afternoon,Neem Bar Soap,0.97,60.0,21.2,Preventive Maintenance,38.8,58,31,1,30,3.88,96.77,53.45,64.67,82.37,51.55,2.93,24.68,2
PureGlow Soaps International (Fictional Dummy Company),Global Manufacturing Head - PureGlow Soaps,Asia,Japan,Nagoya,FCT011,Nagoya Soap Plant,LN0032,Line-2,2026-07-09 18:00:00,2026-07-09,18,Afternoon,Coconut Bar Soap,1.27,60.0,2.0,No Downtime,58.0,76,68,2,66,2.87,97.06,89.47,96.67,92.32,86.62,7.42,14.67,2
PureGlow Soaps International (Fictional Dummy Company),Global Manufacturing Head - PureGlow Soaps,Asia,Japan,Nagoya,FCT011,Nagoya Soap Plant,LN0033,Line-3,2026-07-09 18:00:00,2026-07-09,18,Afternoon,Charcoal Bar Soap,1.41,60.0,0.5,No Downtime,59.5,85,77,2,75,2.93,97.4,90.59,99.17,91.78,88.65,8.23,36.09,1
PureGlow Soaps International (Fictional Dummy Company),Global Manufacturing Head - PureGlow Soaps,Asia,Japan,Nagoya,FCT011,Nagoya Soap Plant,LN0031,Line-1,2026-07-09 19:00:00,2026-07-09,19,Afternoon,Neem Bar Soap,0.97,60.0,2.6,No Downtime,57.4,58,50,2,48,4.43,96.0,86.21,95.67,89.8,82.48,5.44,33.23,1
PureGlow Soaps International (Fictional Dummy Company),Global Manufacturing Head - PureGlow Soaps,Asia,Japan,Nagoya,FCT011,Nagoya Soap Plant,LN0032,Line-2,2026-07-09 19:00:00,2026-07-09,19,Afternoon,Coconut Bar Soap,1.27,60.0,10.4,Changeover/Setup,49.6,76,54,2,52,3.48,96.3,71.05,82.67,85.73,68.25,4.84,13.87,1
PureGlow Soaps International (Fictional Dummy Company),Global Manufacturing Head - PureGlow Soaps,Asia,Japan,Nagoya,FCT011,Nagoya Soap Plant,LN0033,Line-3,2026-07-09 19:00:00,2026-07-09,19,Afternoon,Charcoal Bar Soap,1.41,60.0,14.7,Power Outage,45.3,85,64,2,62,3.75,96.88,75.29,75.5,100.2,73.29,6.58,24.02,2
PureGlow Soaps International (Fictional Dummy Company),Global Manufacturing Head - PureGlow Soaps,Asia,Japan,Nagoya,FCT011,Nagoya Soap Plant,LN0031,Line-1,2026-07-09 20:00:00,2026-07-09,20,Afternoon,Neem Bar Soap,0.97,60.0,0.9,No Downtime,59.1,58,52,1,51,2.46,98.08,89.66,98.5,90.71,87.63,5.56,33.38,1
PureGlow Soaps International (Fictional Dummy Company),Global Manufacturing Head - PureGlow Soaps,Asia,Japan,Nagoya,FCT011,Nagoya Soap Plant,LN0032,Line-2,2026-07-09 20:00:00,2026-07-09,20,Afternoon,Coconut Bar Soap,1.27,60.0,2.1,No Downtime,57.9,76,62,1,61,1.37,98.39,81.58,96.5,84.32,80.06,5.97,15.57,2
PureGlow Soaps International (Fictional Dummy Company),Global Manufacturing Head - PureGlow Soaps,Asia,Japan,Nagoya,FCT011,Nagoya Soap Plant,LN0033,Line-3,2026-07-09 20:00:00,2026-07-09,20,Afternoon,Charcoal Bar Soap,1.41,60.0,21.0,Staff Shortage,39.0,85,51,2,49,2.96,96.08,60.0,65.0,92.74,57.92,4.78,23.37,1
PureGlow Soaps International (Fictional Dummy Company),Global Manufacturing Head - PureGlow Soaps,Asia,Japan,Nagoya,FCT011,Nagoya Soap Plant,LN0031,Line-1,2026-07-09 21:00:00,2026-07-09,21,Afternoon,Neem Bar Soap,0.97,60.0,11.2,Staff Shortage,48.8,58,41,2,39,4.82,95.12,70.69,81.33,86.61,67.0,4.28,30.41,1
PureGlow Soaps International (Fictional Dummy Company),Global Manufacturing Head - PureGlow Soaps,Asia,Japan,Nagoya,FCT011,Nagoya Soap Plant,LN0032,Line-2,2026-07-09 21:00:00,2026-07-09,21,Afternoon,Coconut Bar Soap,1.27,60.0,0.0,No Downtime,60.0,76,64,1,63,2.09,98.44,84.21,100.0,83.99,82.68,6.59,14.75,2
PureGlow Soaps International (Fictional Dummy Company),Global Manufacturing Head - PureGlow Soaps,Asia,Japan,Nagoya,FCT011,Nagoya Soap Plant,LN0033,Line-3,2026-07-09 21:00:00,2026-07-09,21,Afternoon,Charcoal Bar Soap,1.41,60.0,3.6,No Downtime,56.4,85,69,4,65,5.29,94.2,81.18,94.0,86.77,76.83,6.85,30.76,2
PureGlow Soaps International (Fictional Dummy Company),Global Manufacturing Head - PureGlow Soaps,Asia,Japan,Nagoya,FCT011,Nagoya Soap Plant,LN0031,Line-1,2026-07-09 22:00:00,2026-07-09,22,Night,Neem Bar Soap,0.97,60.0,6.7,Power Outage,53.3,58,50,1,49,1.33,98.0,86.21,88.83,96.71,84.19,4.28,34.79,3
PureGlow Soaps International (Fictional Dummy Company),Global Manufacturing Head - PureGlow Soaps,Asia,Japan,Nagoya,FCT011,Nagoya Soap Plant,LN0032,Line-2,2026-07-09 22:00:00,2026-07-09,22,Night,Coconut Bar Soap,1.27,60.0,26.2,Material Shortage,33.8,76,37,1,36,2.23,97.3,48.68,56.33,86.19,47.24,3.94,9.02,2
PureGlow Soaps International (Fictional Dummy Company),Global Manufacturing Head - PureGlow Soaps,Asia,Japan,Nagoya,FCT011,Nagoya Soap Plant,LN0033,Line-3,2026-07-09 22:00:00,2026-07-09,22,Night,Charcoal Bar Soap,1.41,60.0,11.2,Quality Hold,48.8,85,68,3,65,4.12,95.59,80.0,81.33,98.83,76.83,6.27,29.67,3
PureGlow Soaps International (Fictional Dummy Company),Global Manufacturing Head - PureGlow Soaps,Asia,Japan,Nagoya,FCT011,Nagoya Soap Plant,LN0031,Line-1,2026-07-09 23:00:00,2026-07-09,23,Night,Neem Bar Soap,0.97,60.0,3.8,No Downtime,56.2,58,47,2,45,4.04,95.74,81.03,93.67,86.22,77.32,4.7,35.53,3
PureGlow Soaps International (Fictional Dummy Company),Global Manufacturing Head - PureGlow Soaps,Asia,Japan,Nagoya,FCT011,Nagoya Soap Plant,LN0032,Line-2,2026-07-09 23:00:00,2026-07-09,23,Night,Coconut Bar Soap,1.27,60.0,0.9,No Downtime,59.1,76,64,3,61,4.89,95.31,84.21,98.5,85.27,80.05,6.3,15.8,3
PureGlow Soaps International (Fictional Dummy Company),Global Manufacturing Head - PureGlow Soaps,Asia,Japan,Nagoya,FCT011,Nagoya Soap Plant,LN0033,Line-3,2026-07-09 23:00:00,2026-07-09,23,Night,Charcoal Bar Soap,1.41,60.0,30.5,Material Shortage,29.5,85,33,1,32,3.82,96.97,38.82,49.17,79.34,37.83,3.55,17.4,2
PureGlow Soaps International (Fictional Dummy Company),Global Manufacturing Head - PureGlow Soaps,Asia,Japan,Nagoya,FCT011,Nagoya Soap Plant,LN0031,Line-1,2026-07-10 00:00:00,2026-07-10,0,Night,Coconut Bar Soap,0.97,60.0,0.5,No Downtime,59.5,58,59,2,57,4.21,96.61,101.72,99.17,102.23,97.94,6.11,32.37,3
PureGlow Soaps International (Fictional Dummy Company),Global Manufacturing Head - PureGlow Soaps,Asia,Japan,Nagoya,FCT011,Nagoya Soap Plant,LN0032,Line-2,2026-07-10 00:00:00,2026-07-10,0,Night,Rose Bar Soap,1.27,60.0,0.7,No Downtime,59.3,76,61,1,60,2.33,98.36,80.26,98.83,81.0,78.74,6.67,17.29,3
PureGlow Soaps International (Fictional Dummy Company),Global Manufacturing Head - PureGlow Soaps,Asia,Japan,Nagoya,FCT011,Nagoya Soap Plant,LN0033,Line-3,2026-07-10 00:00:00,2026-07-10,0,Night,Sandalwood Bar Soap,1.41,60.0,2.8,No Downtime,57.2,85,73,0,73,0.6,100.0,85.88,95.33,90.51,86.28,7.17,31.45,3
PureGlow Soaps International (Fictional Dummy Company),Global Manufacturing Head - PureGlow Soaps,Asia,Japan,Nagoya,FCT011,Nagoya Soap Plant,LN0031,Line-1,2026-07-10 01:00:00,2026-07-10,1,Night,Coconut Bar Soap,0.97,60.0,0.5,No Downtime,59.5,58,51,1,50,1.04,98.04,87.93,99.17,88.37,85.92,5.06,33.48,3
PureGlow Soaps International (Fictional Dummy Company),Global Manufacturing Head - PureGlow Soaps,Asia,Japan,Nagoya,FCT011,Nagoya Soap Plant,LN0032,Line-2,2026-07-10 01:00:00,2026-07-10,1,Night,Rose Bar Soap,1.27,60.0,0.1,No Downtime,59.9,76,78,3,75,3.58,96.15,102.63,99.83,102.53,98.42,7.02,16.55,2
PureGlow Soaps International (Fictional Dummy Company),Global Manufacturing Head - PureGlow Soaps,Asia,Japan,Nagoya,FCT011,Nagoya Soap Plant,LN0033,Line-3,2026-07-10 01:00:00,2026-07-10,1,Night,Sandalwood Bar Soap,1.41,60.0,11.9,Staff Shortage,48.1,85,60,1,59,1.86,98.33,70.59,80.17,88.47,69.74,5.71,27.67,2
PureGlow Soaps International (Fictional Dummy Company),Global Manufacturing Head - PureGlow Soaps,Asia,Japan,Nagoya,FCT011,Nagoya Soap Plant,LN0031,Line-1,2026-07-10 02:00:00,2026-07-10,2,Night,Coconut Bar Soap,0.97,60.0,3.2,No Downtime,56.8,58,48,2,46,4.88,95.83,82.76,94.67,87.12,79.04,4.19,36.42,2
PureGlow Soaps International (Fictional Dummy Company),Global Manufacturing Head - PureGlow Soaps,Asia,Japan,Nagoya,FCT011,Nagoya Soap Plant,LN0032,Line-2,2026-07-10 02:00:00,2026-07-10,2,Night,Rose Bar Soap,1.27,60.0,19.1,Machine Breakdown,40.9,76,52,1,51,2.49,98.08,68.42,68.17,100.11,66.93,5.6,9.98,2
PureGlow Soaps International (Fictional Dummy Company),Global Manufacturing Head - PureGlow Soaps,Asia,Japan,Nagoya,FCT011,Nagoya Soap Plant,LN0033,Line-3,2026-07-10 02:00:00,2026-07-10,2,Night,Sandalwood Bar Soap,1.41,60.0,1.3,No Downtime,58.7,85,67,1,66,2.21,98.51,78.82,97.83,80.95,78.01,5.91,33.9,3
PureGlow Soaps International (Fictional Dummy Company),Global Manufacturing Head - PureGlow Soaps,Asia,Japan,Nagoya,FCT011,Nagoya Soap Plant,LN0031,Line-1,2026-07-10 03:00:00,2026-07-10,3,Night,Coconut Bar Soap,0.97,60.0,5.6,Quality Hold,54.4,58,42,3,39,6.64,92.86,72.41,90.67,79.59,67.01,4.56,31.88,1
PureGlow Soaps International (Fictional Dummy Company),Global Manufacturing Head - PureGlow Soaps,Asia,Japan,Nagoya,FCT011,Nagoya Soap Plant,LN0032,Line-2,2026-07-10 03:00:00,2026-07-10,3,Night,Rose Bar Soap,1.27,60.0,18.6,Changeover/Setup,41.4,76,43,1,42,2.24,97.67,56.58,69.0,81.78,55.11,4.51,11.19,1
PureGlow Soaps International (Fictional Dummy Company),Global Manufacturing Head - PureGlow Soaps,Asia,Japan,Nagoya,FCT011,Nagoya Soap Plant,LN0033,Line-3,2026-07-10 03:00:00,2026-07-10,3,Night,Sandalwood Bar Soap,1.41,60.0,21.2,Power Outage,38.8,85,53,1,52,1.95,98.11,62.35,64.67,96.88,61.47,4.53,22.88,3
PureGlow Soaps International (Fictional Dummy Company),Global Manufacturing Head - PureGlow Soaps,Asia,Japan,Nagoya,FCT011,Nagoya Soap Plant,LN0031,Line-1,2026-07-10 04:00:00,2026-07-10,4,Night,Coconut Bar Soap,0.97,60.0,16.4,Quality Hold,43.6,58,38,5,33,12.25,86.84,65.52,72.67,89.85,56.7,3.9,23.93,2
PureGlow Soaps International (Fictional Dummy Company),Global Manufacturing Head - PureGlow Soaps,Asia,Japan,Nagoya,FCT011,Nagoya Soap Plant,LN0032,Line-2,2026-07-10 04:00:00,2026-07-10,4,Night,Rose Bar Soap,1.27,60.0,34.0,Material Shortage,26.0,76,28,1,27,3.15,96.43,36.84,43.33,84.8,35.43,2.96,6.81,1
PureGlow Soaps International (Fictional Dummy Company),Global Manufacturing Head - PureGlow Soaps,Asia,Japan,Nagoya,FCT011,Nagoya Soap Plant,LN0033,Line-3,2026-07-10 04:00:00,2026-07-10,4,Night,Sandalwood Bar Soap,1.41,60.0,1.8,No Downtime,58.2,85,74,2,72,2.06,97.3,87.06,97.0,90.18,85.11,8.04,34.81,3
PureGlow Soaps International (Fictional Dummy Company),Global Manufacturing Head - PureGlow Soaps,Asia,Japan,Nagoya,FCT011,Nagoya Soap Plant,LN0031,Line-1,2026-07-10 05:00:00,2026-07-10,5,Night,Coconut Bar Soap,0.97,60.0,19.4,Power Outage,40.6,58,33,1,32,3.56,96.97,56.9,67.67,83.79,54.98,2.99,26.19,1
PureGlow Soaps International (Fictional Dummy Company),Global Manufacturing Head - PureGlow Soaps,Asia,Japan,Nagoya,FCT011,Nagoya Soap Plant,LN0032,Line-2,2026-07-10 05:00:00,2026-07-10,5,Night,Rose Bar Soap,1.27,60.0,2.6,No Downtime,57.4,76,64,2,62,2.58,96.88,84.21,95.67,87.79,81.37,5.6,15.5,1
PureGlow Soaps International (Fictional Dummy Company),Global Manufacturing Head - PureGlow Soaps,Asia,Japan,Nagoya,FCT011,Nagoya Soap Plant,LN0033,Line-3,2026-07-10 05:00:00,2026-07-10,5,Night,Sandalwood Bar Soap,1.41,60.0,0.4,No Downtime,59.6,85,84,2,82,2.62,97.62,98.82,99.33,99.96,96.93,7.67,33.43,3
PureGlow Soaps International (Fictional Dummy Company),Global Manufacturing Head - PureGlow Soaps,Asia,Japan,Nagoya,FCT011,Nagoya Soap Plant,LN0031,Line-1,2026-07-10 06:00:00,2026-07-10,6,Morning,Coconut Bar Soap,0.97,60.0,20.9,Preventive Maintenance,39.1,58,31,0,31,1.3,100.0,53.45,65.17,81.74,53.27,2.95,21.45,2
PureGlow Soaps International (Fictional Dummy Company),Global Manufacturing Head - PureGlow Soaps,Asia,Japan,Nagoya,FCT011,Nagoya Soap Plant,LN0032,Line-2,2026-07-10 06:00:00,2026-07-10,6,Morning,Rose Bar Soap,1.27,60.0,32.7,Preventive Maintenance,27.3,76,28,1,27,2.56,96.43,36.84,45.5,80.76,35.43,2.39,7.74,1
PureGlow Soaps International (Fictional Dummy Company),Global Manufacturing Head - PureGlow Soaps,Asia,Japan,Nagoya,FCT011,Nagoya Soap Plant,LN0033,Line-3,2026-07-10 06:00:00,2026-07-10,6,Morning,Sandalwood Bar Soap,1.41,60.0,1.2,No Downtime,58.8,85,72,1,71,1.91,98.61,84.71,98.0,86.84,83.92,6.86,30.4,2
PureGlow Soaps International (Fictional Dummy Company),Global Manufacturing Head - PureGlow Soaps,Asia,Japan,Nagoya,FCT011,Nagoya Soap Plant,LN0031,Line-1,2026-07-10 07:00:00,2026-07-10,7,Morning,Coconut Bar Soap,0.97,60.0,1.9,No Downtime,58.1,58,56,2,54,3.18,96.43,96.55,96.83,99.37,92.78,5.89,36.9,1
PureGlow Soaps International (Fictional Dummy Company),Global Manufacturing Head - PureGlow Soaps,Asia,Japan,Nagoya,FCT011,Nagoya Soap Plant,LN0032,Line-2,2026-07-10 07:00:00,2026-07-10,7,Morning,Rose Bar Soap,1.27,60.0,29.1,Power Outage,30.9,76,35,1,34,2.27,97.14,46.05,51.5,89.19,44.62,3.61,8.84,2
PureGlow Soaps International (Fictional Dummy Company),Global Manufacturing Head - PureGlow Soaps,Asia,Japan,Nagoya,FCT011,Nagoya Soap Plant,LN0033,Line-3,2026-07-10 07:00:00,2026-07-10,7,Morning,Sandalwood Bar Soap,1.41,60.0,19.1,Changeover/Setup,40.9,85,51,0,51,0.37,100.0,60.0,68.17,88.44,60.29,4.4,24.23,2
PureGlow Soaps International (Fictional Dummy Company),Global Manufacturing Head - PureGlow Soaps,Asia,Japan,Nagoya,FCT011,Nagoya Soap Plant,LN0031,Line-1,2026-07-10 08:00:00,2026-07-10,8,Morning,Coconut Bar Soap,0.97,60.0,31.2,Preventive Maintenance,28.8,58,26,1,25,3.72,96.15,44.83,48.0,93.07,42.95,2.31,17.23,1
PureGlow Soaps International (Fictional Dummy Company),Global Manufacturing Head - PureGlow Soaps,Asia,Japan,Nagoya,FCT011,Nagoya Soap Plant,LN0032,Line-2,2026-07-10 08:00:00,2026-07-10,8,Morning,Rose Bar Soap,1.27,60.0,14.9,Machine Breakdown,45.1,76,48,1,47,2.51,97.92,63.16,75.17,83.8,61.68,5.2,11.07,1
PureGlow Soaps International (Fictional Dummy Company),Global Manufacturing Head - PureGlow Soaps,Asia,Japan,Nagoya,FCT011,Nagoya Soap Plant,LN0033,Line-3,2026-07-10 08:00:00,2026-07-10,8,Morning,Sandalwood Bar Soap,1.41,60.0,2.2,No Downtime,57.8,85,70,1,69,0.74,98.57,82.35,96.33,85.89,81.55,6.41,35.1,3
PureGlow Soaps International (Fictional Dummy Company),Global Manufacturing Head - PureGlow Soaps,Asia,Japan,Nagoya,FCT011,Nagoya Soap Plant,LN0031,Line-1,2026-07-10 09:00:00,2026-07-10,9,Morning,Coconut Bar Soap,0.97,60.0,44.8,Machine Breakdown,15.2,58,13,0,13,2.54,100.0,22.41,25.33,88.17,22.33,1.41,9.35,1
PureGlow Soaps International (Fictional Dummy Company),Global Manufacturing Head - PureGlow Soaps,Asia,Japan,Nagoya,FCT011,Nagoya Soap Plant,LN0032,Line-2,2026-07-10 09:00:00,2026-07-10,9,Morning,Rose Bar Soap,1.27,60.0,23.6,Power Outage,36.4,76,44,1,43,1.97,97.73,57.89,60.67,95.18,56.43,4.47,10.71,2
PureGlow Soaps International (Fictional Dummy Company),Global Manufacturing Head - PureGlow Soaps,Asia,Japan,Nagoya,FCT011,Nagoya Soap Plant,LN0033,Line-3,2026-07-10 09:00:00,2026-07-10,9,Morning,Sandalwood Bar Soap,1.41,60.0,18.2,Quality Hold,41.8,85,50,2,48,4.84,96.0,58.82,69.67,84.83,56.74,4.28,24.83,3
PureGlow Soaps International (Fictional Dummy Company),Global Manufacturing Head - PureGlow Soaps,Asia,Japan,Nagoya,FCT011,Nagoya Soap Plant,LN0031,Line-1,2026-07-10 10:00:00,2026-07-10,10,Morning,Coconut Bar Soap,0.97,60.0,16.7,Changeover/Setup,43.3,58,39,2,37,4.3,94.87,67.24,72.17,92.85,63.57,4.24,25.42,1
PureGlow Soaps International (Fictional Dummy Company),Global Manufacturing Head - PureGlow Soaps,Asia,Japan,Nagoya,FCT011,Nagoya Soap Plant,LN0032,Line-2,2026-07-10 10:00:00,2026-07-10,10,Morning,Rose Bar Soap,1.27,60.0,17.6,Staff Shortage,42.4,76,51,0,51,0.0,100.0,67.11,70.67,94.71,66.93,5.49,12.18,3
PureGlow Soaps International (Fictional Dummy Company),Global Manufacturing Head - PureGlow Soaps,Asia,Japan,Nagoya,FCT011,Nagoya Soap Plant,LN0033,Line-3,2026-07-10 10:00:00,2026-07-10,10,Morning,Sandalwood Bar Soap,1.41,60.0,24.3,Preventive Maintenance,35.7,85,48,1,47,2.2,97.92,56.47,59.5,95.36,55.56,4.22,21.38,3
PureGlow Soaps International (Fictional Dummy Company),Global Manufacturing Head - PureGlow Soaps,Asia,Japan,Nagoya,FCT011,Nagoya Soap Plant,LN0031,Line-1,2026-07-10 11:00:00,2026-07-10,11,Morning,Coconut Bar Soap,0.97,60.0,15.4,Material Shortage,44.6,58,37,1,36,2.45,97.3,63.79,74.33,85.53,61.86,3.73,26.01,3
PureGlow Soaps International (Fictional Dummy Company),Global Manufacturing Head - PureGlow Soaps,Asia,Japan,Nagoya,FCT011,Nagoya Soap Plant,LN0032,Line-2,2026-07-10 11:00:00,2026-07-10,11,Morning,Rose Bar Soap,1.27,60.0,6.9,Quality Hold,53.1,76,66,4,62,5.51,93.94,86.84,88.5,97.87,81.37,7.15,12.91,1
PureGlow Soaps International (Fictional Dummy Company),Global Manufacturing Head - PureGlow Soaps,Asia,Japan,Nagoya,FCT011,Nagoya Soap Plant,LN0033,Line-3,2026-07-10 11:00:00,2026-07-10,11,Morning,Sandalwood Bar Soap,1.41,60.0,16.4,Staff Shortage,43.6,85,51,2,49,3.37,96.08,60.0,72.67,82.96,57.92,5.51,23.2,1
PureGlow Soaps International (Fictional Dummy Company),Global Manufacturing Head - PureGlow Soaps,Asia,Japan,Nagoya,FCT011,Nagoya Soap Plant,LN0031,Line-1,2026-07-10 12:00:00,2026-07-10,12,Morning,Coconut Bar Soap,0.97,60.0,14.5,Power Outage,45.5,58,40,0,40,0.0,100.0,68.97,75.83,90.63,68.72,4.39,27.89,2
PureGlow Soaps International (Fictional Dummy Company),Global Manufacturing Head - PureGlow Soaps,Asia,Japan,Nagoya,FCT011,Nagoya Soap Plant,LN0032,Line-2,2026-07-10 12:00:00,2026-07-10,12,Morning,Rose Bar Soap,1.27,60.0,8.9,Changeover/Setup,51.1,76,65,2,63,2.5,96.92,85.53,85.17,100.16,82.68,5.69,13.78,1
PureGlow Soaps International (Fictional Dummy Company),Global Manufacturing Head - PureGlow Soaps,Asia,Japan,Nagoya,FCT011,Nagoya Soap Plant,LN0033,Line-3,2026-07-10 12:00:00,2026-07-10,12,Morning,Sandalwood Bar Soap,1.41,60.0,43.8,Machine Breakdown,16.2,85,21,1,20,2.93,95.24,24.71,27.0,91.94,23.64,1.9,8.82,3
PureGlow Soaps International (Fictional Dummy Company),Global Manufacturing Head - PureGlow Soaps,Asia,Japan,Nagoya,FCT011,Nagoya Soap Plant,LN0031,Line-1,2026-07-10 13:00:00,2026-07-10,13,Morning,Coconut Bar Soap,0.97,60.0,18.8,Changeover/Setup,41.2,58,36,1,35,3.31,97.22,62.07,68.67,90.08,60.14,3.75,22.73,2
PureGlow Soaps International (Fictional Dummy Company),Global Manufacturing Head - PureGlow Soaps,Asia,Japan,Nagoya,FCT011,Nagoya Soap Plant,LN0032,Line-2,2026-07-10 13:00:00,2026-07-10,13,Morning,Rose Bar Soap,1.27,60.0,23.1,Machine Breakdown,36.9,76,41,1,40,3.21,97.56,53.95,61.5,87.49,52.49,4.31,9.75,1
PureGlow Soaps International (Fictional Dummy Company),Global Manufacturing Head - PureGlow Soaps,Asia,Japan,Nagoya,FCT011,Nagoya Soap Plant,LN0033,Line-3,2026-07-10 13:00:00,2026-07-10,13,Morning,Sandalwood Bar Soap,1.41,60.0,30.7,Preventive Maintenance,29.3,85,36,1,35,1.55,97.22,42.35,48.83,87.14,41.37,3.07,17.67,3
PureGlow Soaps International (Fictional Dummy Company),Global Manufacturing Head - PureGlow Soaps,Asia,Japan,Nagoya,FCT011,Nagoya Soap Plant,LN0031,Line-1,2026-07-10 14:00:00,2026-07-10,14,Afternoon,Coconut Bar Soap,0.97,60.0,22.8,Power Outage,37.2,58,34,1,33,1.6,97.06,58.62,62.0,94.22,56.7,3.63,21.15,3
PureGlow Soaps International (Fictional Dummy Company),Global Manufacturing Head - PureGlow Soaps,Asia,Japan,Nagoya,FCT011,Nagoya Soap Plant,LN0032,Line-2,2026-07-10 14:00:00,2026-07-10,14,Afternoon,Rose Bar Soap,1.27,60.0,38.3,Machine Breakdown,21.7,76,24,1,23,3.33,95.83,31.58,36.17,87.09,30.19,2.31,6.26,2
PureGlow Soaps International (Fictional Dummy Company),Global Manufacturing Head - PureGlow Soaps,Asia,Japan,Nagoya,FCT011,Nagoya Soap Plant,LN0033,Line-3,2026-07-10 14:00:00,2026-07-10,14,Afternoon,Sandalwood Bar Soap,1.41,60.0,15.6,Material Shortage,44.4,85,56,2,54,4.45,96.43,65.88,74.0,89.45,63.83,6.1,24.52,2
PureGlow Soaps International (Fictional Dummy Company),Global Manufacturing Head - PureGlow Soaps,Asia,Japan,Nagoya,FCT011,Nagoya Soap Plant,LN0031,Line-1,2026-07-10 15:00:00,2026-07-10,15,Afternoon,Coconut Bar Soap,0.97,60.0,36.2,Machine Breakdown,23.8,58,19,1,18,4.47,94.74,32.76,39.67,82.3,30.93,1.98,13.13,3
PureGlow Soaps International (Fictional Dummy Company),Global Manufacturing Head - PureGlow Soaps,Asia,Japan,Nagoya,FCT011,Nagoya Soap Plant,LN0032,Line-2,2026-07-10 15:00:00,2026-07-10,15,Afternoon,Rose Bar Soap,1.27,60.0,15.4,Material Shortage,44.6,76,46,0,46,0.66,100.0,60.53,74.33,81.21,60.36,4.0,11.26,3
PureGlow Soaps International (Fictional Dummy Company),Global Manufacturing Head - PureGlow Soaps,Asia,Japan,Nagoya,FCT011,Nagoya Soap Plant,LN0033,Line-3,2026-07-10 15:00:00,2026-07-10,15,Afternoon,Sandalwood Bar Soap,1.41,60.0,10.9,Machine Breakdown,49.1,85,61,2,59,2.88,96.72,71.76,81.83,88.11,69.74,5.35,28.0,3
PureGlow Soaps International (Fictional Dummy Company),Global Manufacturing Head - PureGlow Soaps,Asia,Japan,Nagoya,FCT011,Nagoya Soap Plant,LN0031,Line-1,2026-07-10 16:00:00,2026-07-10,16,Afternoon,Coconut Bar Soap,0.97,60.0,12.8,Material Shortage,47.2,58,46,2,44,3.36,95.65,79.31,78.67,100.47,75.6,4.77,31.28,2
PureGlow Soaps International (Fictional Dummy Company),Global Manufacturing Head - PureGlow Soaps,Asia,Japan,Nagoya,FCT011,Nagoya Soap Plant,LN0032,Line-2,2026-07-10 16:00:00,2026-07-10,16,Afternoon,Rose Bar Soap,1.27,60.0,2.3,No Downtime,57.7,76,71,1,70,1.6,98.59,93.42,96.17,96.89,91.87,7.07,16.65,1
PureGlow Soaps International (Fictional Dummy Company),Global Manufacturing Head - PureGlow Soaps,Asia,Japan,Nagoya,FCT011,Nagoya Soap Plant,LN0033,Line-3,2026-07-10 16:00:00,2026-07-10,16,Afternoon,Sandalwood Bar Soap,1.41,60.0,35.5,Preventive Maintenance,24.5,85,32,2,30,5.73,93.75,37.65,40.83,92.63,35.46,2.88,14.1,3
PureGlow Soaps International (Fictional Dummy Company),Global Manufacturing Head - PureGlow Soaps,Asia,Japan,Nagoya,FCT011,Nagoya Soap Plant,LN0031,Line-1,2026-07-10 17:00:00,2026-07-10,17,Afternoon,Coconut Bar Soap,0.97,60.0,11.9,Changeover/Setup,48.1,58,42,1,41,2.43,97.62,72.41,80.17,90.02,70.45,3.96,28.78,3
PureGlow Soaps International (Fictional Dummy Company),Global Manufacturing Head - PureGlow Soaps,Asia,Japan,Nagoya,FCT011,Nagoya Soap Plant,LN0032,Line-2,2026-07-10 17:00:00,2026-07-10,17,Afternoon,Rose Bar Soap,1.27,60.0,34.9,Machine Breakdown,25.1,76,26,1,25,2.34,96.15,34.21,41.83,81.56,32.8,2.55,7.1,2
PureGlow Soaps International (Fictional Dummy Company),Global Manufacturing Head - PureGlow Soaps,Asia,Japan,Nagoya,FCT011,Nagoya Soap Plant,LN0033,Line-3,2026-07-10 17:00:00,2026-07-10,17,Afternoon,Sandalwood Bar Soap,1.41,60.0,1.3,No Downtime,58.7,85,81,3,78,3.39,96.3,95.29,97.83,97.87,92.2,8.74,29.44,3
PureGlow Soaps International (Fictional Dummy Company),Global Manufacturing Head - PureGlow Soaps,Asia,Japan,Nagoya,FCT011,Nagoya Soap Plant,LN0031,Line-1,2026-07-10 18:00:00,2026-07-10,18,Afternoon,Coconut Bar Soap,0.97,60.0,25.2,Material Shortage,34.8,58,31,0,31,0.43,100.0,53.45,58.0,91.84,53.27,2.67,22.91,2
PureGlow Soaps International (Fictional Dummy Company),Global Manufacturing Head - PureGlow Soaps,Asia,Japan,Nagoya,FCT011,Nagoya Soap Plant,LN0032,Line-2,2026-07-10 18:00:00,2026-07-10,18,Afternoon,Rose Bar Soap,1.27,60.0,31.9,Machine Breakdown,28.1,76,37,1,36,3.26,97.3,48.68,46.83,103.68,47.24,3.99,8.15,1
PureGlow Soaps International (Fictional Dummy Company),Global Manufacturing Head - PureGlow Soaps,Asia,Japan,Nagoya,FCT011,Nagoya Soap Plant,LN0033,Line-3,2026-07-10 18:00:00,2026-07-10,18,Afternoon,Sandalwood Bar Soap,1.41,60.0,0.7,No Downtime,59.3,85,73,1,72,1.22,98.63,85.88,98.83,87.31,85.11,6.53,32.86,1
PureGlow Soaps International (Fictional Dummy Company),Global Manufacturing Head - PureGlow Soaps,Asia,Japan,Nagoya,FCT011,Nagoya Soap Plant,LN0031,Line-1,2026-07-10 19:00:00,2026-07-10,19,Afternoon,Coconut Bar Soap,0.97,60.0,3.5,No Downtime,56.5,58,49,1,48,3.03,97.96,84.48,94.17,89.41,82.48,5.09,30.72,1
PureGlow Soaps International (Fictional Dummy Company),Global Manufacturing Head - PureGlow Soaps,Asia,Japan,Nagoya,FCT011,Nagoya Soap Plant,LN0032,Line-2,2026-07-10 19:00:00,2026-07-10,19,Afternoon,Rose Bar Soap,1.27,60.0,7.7,Changeover/Setup,52.3,76,62,2,60,3.12,96.77,81.58,87.17,93.34,78.74,6.68,14.06,1
PureGlow Soaps International (Fictional Dummy Company),Global Manufacturing Head - PureGlow Soaps,Asia,Japan,Nagoya,FCT011,Nagoya Soap Plant,LN0033,Line-3,2026-07-10 19:00:00,2026-07-10,19,Afternoon,Sandalwood Bar Soap,1.41,60.0,0.4,No Downtime,59.6,85,69,2,67,2.84,97.1,81.18,99.33,82.11,79.19,6.54,32.82,3
PureGlow Soaps International (Fictional Dummy Company),Global Manufacturing Head - PureGlow Soaps,Asia,Japan,Nagoya,FCT011,Nagoya Soap Plant,LN0031,Line-1,2026-07-10 20:00:00,2026-07-10,20,Afternoon,Coconut Bar Soap,0.97,60.0,11.0,Material Shortage,49.0,58,41,0,41,0.9,100.0,70.69,81.67,86.26,70.45,4.02,29.78,3
PureGlow Soaps International (Fictional Dummy Company),Global Manufacturing Head - PureGlow Soaps,Asia,Japan,Nagoya,FCT011,Nagoya Soap Plant,LN0032,Line-2,2026-07-10 20:00:00,2026-07-10,20,Afternoon,Rose Bar Soap,1.27,60.0,18.8,Material Shortage,41.2,76,52,1,51,2.32,98.08,68.42,68.67,99.38,66.93,4.71,10.98,1
PureGlow Soaps International (Fictional Dummy Company),Global Manufacturing Head - PureGlow Soaps,Asia,Japan,Nagoya,FCT011,Nagoya Soap Plant,LN0033,Line-3,2026-07-10 20:00:00,2026-07-10,20,Afternoon,Sandalwood Bar Soap,1.41,60.0,12.6,Material Shortage,47.4,85,64,1,63,2.31,98.44,75.29,79.0,95.76,74.47,5.89,27.42,1
PureGlow Soaps International (Fictional Dummy Company),Global Manufacturing Head - PureGlow Soaps,Asia,Japan,Nagoya,FCT011,Nagoya Soap Plant,LN0031,Line-1,2026-07-10 21:00:00,2026-07-10,21,Afternoon,Coconut Bar Soap,0.97,60.0,26.7,Machine Breakdown,33.3,58,29,1,28,2.37,96.55,50.0,55.5,89.78,48.11,2.55,19.94,3
PureGlow Soaps International (Fictional Dummy Company),Global Manufacturing Head - PureGlow Soaps,Asia,Japan,Nagoya,FCT011,Nagoya Soap Plant,LN0032,Line-2,2026-07-10 21:00:00,2026-07-10,21,Afternoon,Rose Bar Soap,1.27,60.0,39.5,Preventive Maintenance,20.5,76,22,1,21,5.29,95.45,28.95,34.17,84.5,27.56,1.95,6.0,1
PureGlow Soaps International (Fictional Dummy Company),Global Manufacturing Head - PureGlow Soaps,Asia,Japan,Nagoya,FCT011,Nagoya Soap Plant,LN0033,Line-3,2026-07-10 21:00:00,2026-07-10,21,Afternoon,Sandalwood Bar Soap,1.41,60.0,10.1,Changeover/Setup,49.9,85,57,2,55,3.02,96.49,67.06,83.17,81.01,65.01,6.1,29.28,2
PureGlow Soaps International (Fictional Dummy Company),Global Manufacturing Head - PureGlow Soaps,Asia,Japan,Nagoya,FCT011,Nagoya Soap Plant,LN0031,Line-1,2026-07-10 22:00:00,2026-07-10,22,Night,Coconut Bar Soap,0.97,60.0,2.7,No Downtime,57.3,58,51,1,50,2.13,98.04,87.93,95.5,91.76,85.91,4.6,35.89,1
PureGlow Soaps International (Fictional Dummy Company),Global Manufacturing Head - PureGlow Soaps,Asia,Japan,Nagoya,FCT011,Nagoya Soap Plant,LN0032,Line-2,2026-07-10 22:00:00,2026-07-10,22,Night,Rose Bar Soap,1.27,60.0,29.4,Material Shortage,30.6,76,38,1,37,3.85,97.37,50.0,51.0,97.78,48.56,3.68,8.73,1
PureGlow Soaps International (Fictional Dummy Company),Global Manufacturing Head - PureGlow Soaps,Asia,Japan,Nagoya,FCT011,Nagoya Soap Plant,LN0033,Line-3,2026-07-10 22:00:00,2026-07-10,22,Night,Sandalwood Bar Soap,1.41,60.0,16.1,Changeover/Setup,43.9,85,62,3,59,4.08,95.16,72.94,73.17,100.16,69.74,5.31,23.82,2
PureGlow Soaps International (Fictional Dummy Company),Global Manufacturing Head - PureGlow Soaps,Asia,Japan,Nagoya,FCT011,Nagoya Soap Plant,LN0031,Line-1,2026-07-10 23:00:00,2026-07-10,23,Night,Coconut Bar Soap,0.97,60.0,18.4,Preventive Maintenance,41.6,58,33,1,32,1.83,96.97,56.9,69.33,81.78,54.98,3.5,24.36,3
PureGlow Soaps International (Fictional Dummy Company),Global Manufacturing Head - PureGlow Soaps,Asia,Japan,Nagoya,FCT011,Nagoya Soap Plant,LN0032,Line-2,2026-07-10 23:00:00,2026-07-10,23,Night,Rose Bar Soap,1.27,60.0,24.4,Preventive Maintenance,35.6,76,45,1,44,2.12,97.78,59.21,59.33,99.53,57.74,4.69,9.52,3
PureGlow Soaps International (Fictional Dummy Company),Global Manufacturing Head - PureGlow Soaps,Asia,Japan,Nagoya,FCT011,Nagoya Soap Plant,LN0033,Line-3,2026-07-10 23:00:00,2026-07-10,23,Night,Sandalwood Bar Soap,1.41,60.0,0.3,No Downtime,59.7,85,71,1,70,1.6,98.59,83.53,99.5,84.35,82.74,7.8,35.16,2
