Company,Global_Head,Continent,Country,City,Factory_ID,Factory_Name,Production_Line_ID,Production_Line_Name,Timestamp,Date,Hour_of_Day,Shift,Product_SKU,Rated_Speed_Units_per_Min,Planned_Runtime_Minutes,Downtime_Minutes,Downtime_Reason,Actual_Runtime_Minutes,Planned_Target_Units,Actual_Units_Produced,Rejected_Units,Good_Units,Defect_Rate_Percent,Quality_Score_Percent,Production_Attainment_Percent,Availability_Percent,Performance_Percent,OEE_Percent,Raw_Material_Consumed_Kg,Energy_Consumed_kWh,Operator_Count
PureGlow Soaps International (Fictional Dummy Company),Global Manufacturing Head - PureGlow Soaps,Australia,New Zealand,Hamilton,FCT032,Hamilton Soap Plant,LN0094,Line-1,2026-07-01 00:00:00,2026-07-01,0,Night,Neem Bar Soap,1.26,60.0,10.2,Machine Breakdown,49.8,76,61,3,58,4.82,95.08,80.26,83.0,97.21,76.71,5.54,14.24,3
PureGlow Soaps International (Fictional Dummy Company),Global Manufacturing Head - PureGlow Soaps,Australia,New Zealand,Hamilton,FCT032,Hamilton Soap Plant,LN0095,Line-2,2026-07-01 00:00:00,2026-07-01,0,Night,Aloe Vera Liquid Soap,1.19,60.0,3.8,No Downtime,56.2,71,62,2,60,3.14,96.77,87.32,93.67,92.71,84.04,5.8,16.78,3
PureGlow Soaps International (Fictional Dummy Company),Global Manufacturing Head - PureGlow Soaps,Australia,New Zealand,Hamilton,FCT032,Hamilton Soap Plant,LN0096,Line-3,2026-07-01 00:00:00,2026-07-01,0,Night,Charcoal Bar Soap,1.36,60.0,11.9,Machine Breakdown,48.1,82,65,2,63,3.46,96.92,79.27,80.17,99.36,77.2,7.04,23.07,1
PureGlow Soaps International (Fictional Dummy Company),Global Manufacturing Head - PureGlow Soaps,Australia,New Zealand,Hamilton,FCT032,Hamilton Soap Plant,LN0094,Line-1,2026-07-01 01:00:00,2026-07-01,1,Night,Neem Bar Soap,1.26,60.0,2.8,No Downtime,57.2,76,74,2,72,2.84,97.3,97.37,95.33,102.68,95.24,7.04,16.01,2
PureGlow Soaps International (Fictional Dummy Company),Global Manufacturing Head - PureGlow Soaps,Australia,New Zealand,Hamilton,FCT032,Hamilton Soap Plant,LN0095,Line-2,2026-07-01 01:00:00,2026-07-01,1,Night,Aloe Vera Liquid Soap,1.19,60.0,0.8,No Downtime,59.2,71,67,4,63,5.25,94.03,94.37,98.67,95.11,88.24,6.43,16.36,1
PureGlow Soaps International (Fictional Dummy Company),Global Manufacturing Head - PureGlow Soaps,Australia,New Zealand,Hamilton,FCT032,Hamilton Soap Plant,LN0096,Line-3,2026-07-01 01:00:00,2026-07-01,1,Night,Charcoal Bar Soap,1.36,60.0,39.2,Machine Breakdown,20.8,82,25,1,24,2.98,96.0,30.49,34.67,88.38,29.42,2.64,8.79,3
PureGlow Soaps International (Fictional Dummy Company),Global Manufacturing Head - PureGlow Soaps,Australia,New Zealand,Hamilton,FCT032,Hamilton Soap Plant,LN0094,Line-1,2026-07-01 02:00:00,2026-07-01,2,Night,Neem Bar Soap,1.26,60.0,6.4,Staff Shortage,53.6,76,69,2,67,2.41,97.1,90.79,89.33,102.17,88.62,7.16,15.39,1
PureGlow Soaps International (Fictional Dummy Company),Global Manufacturing Head - PureGlow Soaps,Australia,New Zealand,Hamilton,FCT032,Hamilton Soap Plant,LN0095,Line-2,2026-07-01 02:00:00,2026-07-01,2,Night,Aloe Vera Liquid Soap,1.19,60.0,3.1,No Downtime,56.9,71,59,2,57,3.17,96.61,83.1,94.83,87.14,79.83,5.1,16.02,2
PureGlow Soaps International (Fictional Dummy Company),Global Manufacturing Head - PureGlow Soaps,Australia,New Zealand,Hamilton,FCT032,Hamilton Soap Plant,LN0096,Line-3,2026-07-01 02:00:00,2026-07-01,2,Night,Charcoal Bar Soap,1.36,60.0,11.8,Quality Hold,48.2,82,55,5,50,9.67,90.91,67.07,80.33,83.9,61.27,5.36,23.12,2
PureGlow Soaps International (Fictional Dummy Company),Global Manufacturing Head - PureGlow Soaps,Australia,New Zealand,Hamilton,FCT032,Hamilton Soap Plant,LN0094,Line-1,2026-07-01 03:00:00,2026-07-01,3,Night,Neem Bar Soap,1.26,60.0,15.9,Power Outage,44.1,76,48,2,46,3.4,95.83,63.16,73.5,86.38,60.84,4.81,13.45,1
PureGlow Soaps International (Fictional Dummy Company),Global Manufacturing Head - PureGlow Soaps,Australia,New Zealand,Hamilton,FCT032,Hamilton Soap Plant,LN0095,Line-2,2026-07-01 03:00:00,2026-07-01,3,Night,Aloe Vera Liquid Soap,1.19,60.0,2.9,No Downtime,57.1,71,69,3,66,4.02,95.65,97.18,95.17,101.55,92.44,6.91,16.13,2
PureGlow Soaps International (Fictional Dummy Company),Global Manufacturing Head - PureGlow Soaps,Australia,New Zealand,Hamilton,FCT032,Hamilton Soap Plant,LN0096,Line-3,2026-07-01 03:00:00,2026-07-01,3,Night,Charcoal Bar Soap,1.36,60.0,2.5,No Downtime,57.5,82,66,3,63,4.12,95.45,80.49,95.83,84.4,77.2,6.81,26.73,3
PureGlow Soaps International (Fictional Dummy Company),Global Manufacturing Head - PureGlow Soaps,Australia,New Zealand,Hamilton,FCT032,Hamilton Soap Plant,LN0094,Line-1,2026-07-01 04:00:00,2026-07-01,4,Night,Neem Bar Soap,1.26,60.0,1.1,No Downtime,58.9,76,62,3,59,4.21,95.16,81.58,98.17,83.54,78.04,5.85,16.95,2
PureGlow Soaps International (Fictional Dummy Company),Global Manufacturing Head - PureGlow Soaps,Australia,New Zealand,Hamilton,FCT032,Hamilton Soap Plant,LN0095,Line-2,2026-07-01 04:00:00,2026-07-01,4,Night,Aloe Vera Liquid Soap,1.19,60.0,21.0,Material Shortage,39.0,71,46,1,45,3.18,97.83,64.79,65.0,99.12,63.03,4.24,11.76,3
PureGlow Soaps International (Fictional Dummy Company),Global Manufacturing Head - PureGlow Soaps,Australia,New Zealand,Hamilton,FCT032,Hamilton Soap Plant,LN0096,Line-3,2026-07-01 04:00:00,2026-07-01,4,Night,Charcoal Bar Soap,1.36,60.0,14.8,Changeover/Setup,45.2,82,63,1,62,1.02,98.41,76.83,75.33,102.49,75.98,5.78,22.67,1
PureGlow Soaps International (Fictional Dummy Company),Global Manufacturing Head - PureGlow Soaps,Australia,New Zealand,Hamilton,FCT032,Hamilton Soap Plant,LN0094,Line-1,2026-07-01 05:00:00,2026-07-01,5,Night,Neem Bar Soap,1.26,60.0,27.4,Preventive Maintenance,32.6,76,42,1,41,2.86,97.62,55.26,54.33,102.25,54.23,4.01,8.66,3
PureGlow Soaps International (Fictional Dummy Company),Global Manufacturing Head - PureGlow Soaps,Australia,New Zealand,Hamilton,FCT032,Hamilton Soap Plant,LN0095,Line-2,2026-07-01 05:00:00,2026-07-01,5,Night,Aloe Vera Liquid Soap,1.19,60.0,1.0,No Downtime,59.0,71,62,3,59,5.14,95.16,87.32,98.33,88.31,82.63,6.78,16.28,2
PureGlow Soaps International (Fictional Dummy Company),Global Manufacturing Head - PureGlow Soaps,Australia,New Zealand,Hamilton,FCT032,Hamilton Soap Plant,LN0096,Line-3,2026-07-01 05:00:00,2026-07-01,5,Night,Charcoal Bar Soap,1.36,60.0,13.1,Changeover/Setup,46.9,82,57,2,55,2.76,96.49,69.51,78.17,89.36,67.4,4.97,20.96,2
PureGlow Soaps International (Fictional Dummy Company),Global Manufacturing Head - PureGlow Soaps,Australia,New Zealand,Hamilton,FCT032,Hamilton Soap Plant,LN0094,Line-1,2026-07-01 06:00:00,2026-07-01,6,Morning,Neem Bar Soap,1.26,60.0,20.2,Material Shortage,39.8,76,50,2,48,3.63,96.0,65.79,66.33,99.7,63.49,4.96,11.75,1
PureGlow Soaps International (Fictional Dummy Company),Global Manufacturing Head - PureGlow Soaps,Australia,New Zealand,Hamilton,FCT032,Hamilton Soap Plant,LN0095,Line-2,2026-07-01 06:00:00,2026-07-01,6,Morning,Aloe Vera Liquid Soap,1.19,60.0,3.4,No Downtime,56.6,71,60,2,58,3.21,96.67,84.51,94.33,89.08,81.23,5.52,17.48,3
PureGlow Soaps International (Fictional Dummy Company),Global Manufacturing Head - PureGlow Soaps,Australia,New Zealand,Hamilton,FCT032,Hamilton Soap Plant,LN0096,Line-3,2026-07-01 06:00:00,2026-07-01,6,Morning,Charcoal Bar Soap,1.36,60.0,30.4,Preventive Maintenance,29.6,82,34,1,33,3.58,97.06,41.46,49.33,84.46,40.44,2.96,12.95,1
PureGlow Soaps International (Fictional Dummy Company),Global Manufacturing Head - PureGlow Soaps,Australia,New Zealand,Hamilton,FCT032,Hamilton Soap Plant,LN0094,Line-1,2026-07-01 07:00:00,2026-07-01,7,Morning,Neem Bar Soap,1.26,60.0,18.5,Changeover/Setup,41.5,76,50,2,48,4.73,96.0,65.79,69.17,95.62,63.49,4.79,12.46,2
PureGlow Soaps International (Fictional Dummy Company),Global Manufacturing Head - PureGlow Soaps,Australia,New Zealand,Hamilton,FCT032,Hamilton Soap Plant,LN0095,Line-2,2026-07-01 07:00:00,2026-07-01,7,Morning,Aloe Vera Liquid Soap,1.19,60.0,14.2,Machine Breakdown,45.8,71,45,1,44,2.43,97.78,63.38,76.33,82.57,61.63,4.24,13.38,2
PureGlow Soaps International (Fictional Dummy Company),Global Manufacturing Head - PureGlow Soaps,Australia,New Zealand,Hamilton,FCT032,Hamilton Soap Plant,LN0096,Line-3,2026-07-01 07:00:00,2026-07-01,7,Morning,Charcoal Bar Soap,1.36,60.0,13.5,Changeover/Setup,46.5,82,57,1,56,1.97,98.25,69.51,77.5,90.13,68.63,6.02,20.36,1
PureGlow Soaps International (Fictional Dummy Company),Global Manufacturing Head - PureGlow Soaps,Australia,New Zealand,Hamilton,FCT032,Hamilton Soap Plant,LN0094,Line-1,2026-07-01 08:00:00,2026-07-01,8,Morning,Neem Bar Soap,1.26,60.0,21.0,Machine Breakdown,39.0,76,43,1,42,1.74,97.67,56.58,65.0,87.51,55.56,3.85,10.61,3
PureGlow Soaps International (Fictional Dummy Company),Global Manufacturing Head - PureGlow Soaps,Australia,New Zealand,Hamilton,FCT032,Hamilton Soap Plant,LN0095,Line-2,2026-07-01 08:00:00,2026-07-01,8,Morning,Aloe Vera Liquid Soap,1.19,60.0,19.1,Changeover/Setup,40.9,71,46,2,44,3.8,95.65,64.79,68.17,94.51,61.62,4.2,12.1,3
PureGlow Soaps International (Fictional Dummy Company),Global Manufacturing Head - PureGlow Soaps,Australia,New Zealand,Hamilton,FCT032,Hamilton Soap Plant,LN0096,Line-3,2026-07-01 08:00:00,2026-07-01,8,Morning,Charcoal Bar Soap,1.36,60.0,14.3,Changeover/Setup,45.7,82,52,1,51,2.07,98.08,63.41,76.17,83.67,62.51,4.6,19.58,1
PureGlow Soaps International (Fictional Dummy Company),Global Manufacturing Head - PureGlow Soaps,Australia,New Zealand,Hamilton,FCT032,Hamilton Soap Plant,LN0094,Line-1,2026-07-01 09:00:00,2026-07-01,9,Morning,Neem Bar Soap,1.26,60.0,36.3,Machine Breakdown,23.7,76,26,1,25,3.95,96.15,34.21,39.5,87.07,33.07,2.61,6.63,2
PureGlow Soaps International (Fictional Dummy Company),Global Manufacturing Head - PureGlow Soaps,Australia,New Zealand,Hamilton,FCT032,Hamilton Soap Plant,LN0095,Line-2,2026-07-01 09:00:00,2026-07-01,9,Morning,Aloe Vera Liquid Soap,1.19,60.0,3.2,No Downtime,56.8,71,57,1,56,1.02,98.25,80.28,94.67,84.33,78.44,5.39,17.53,1
PureGlow Soaps International (Fictional Dummy Company),Global Manufacturing Head - PureGlow Soaps,Australia,New Zealand,Hamilton,FCT032,Hamilton Soap Plant,LN0096,Line-3,2026-07-01 09:00:00,2026-07-01,9,Morning,Charcoal Bar Soap,1.36,60.0,1.7,No Downtime,58.3,82,77,3,74,3.94,96.1,93.9,97.17,97.11,90.68,7.81,24.39,1
PureGlow Soaps International (Fictional Dummy Company),Global Manufacturing Head - PureGlow Soaps,Australia,New Zealand,Hamilton,FCT032,Hamilton Soap Plant,LN0094,Line-1,2026-07-01 10:00:00,2026-07-01,10,Morning,Neem Bar Soap,1.26,60.0,3.9,No Downtime,56.1,76,63,4,59,6.64,93.65,82.89,93.5,89.13,78.04,6.49,17.39,3
PureGlow Soaps International (Fictional Dummy Company),Global Manufacturing Head - PureGlow Soaps,Australia,New Zealand,Hamilton,FCT032,Hamilton Soap Plant,LN0095,Line-2,2026-07-01 10:00:00,2026-07-01,10,Morning,Aloe Vera Liquid Soap,1.19,60.0,14.8,Staff Shortage,45.2,71,53,2,51,3.89,96.23,74.65,75.33,98.53,71.42,4.62,12.0,2
PureGlow Soaps International (Fictional Dummy Company),Global Manufacturing Head - PureGlow Soaps,Australia,New Zealand,Hamilton,FCT032,Hamilton Soap Plant,LN0096,Line-3,2026-07-01 10:00:00,2026-07-01,10,Morning,Charcoal Bar Soap,1.36,60.0,19.8,Machine Breakdown,40.2,82,49,1,48,1.46,97.96,59.76,67.0,89.63,58.83,4.52,16.8,2
PureGlow Soaps International (Fictional Dummy Company),Global Manufacturing Head - PureGlow Soaps,Australia,New Zealand,Hamilton,FCT032,Hamilton Soap Plant,LN0094,Line-1,2026-07-01 11:00:00,2026-07-01,11,Morning,Neem Bar Soap,1.26,60.0,3.3,No Downtime,56.7,76,72,2,70,2.46,97.22,94.74,94.5,100.78,92.59,7.57,17.35,2
PureGlow Soaps International (Fictional Dummy Company),Global Manufacturing Head - PureGlow Soaps,Australia,New Zealand,Hamilton,FCT032,Hamilton Soap Plant,LN0095,Line-2,2026-07-01 11:00:00,2026-07-01,11,Morning,Aloe Vera Liquid Soap,1.19,60.0,16.1,Preventive Maintenance,43.9,71,50,1,49,1.68,98.0,70.42,73.17,95.71,68.63,4.45,11.54,1
PureGlow Soaps International (Fictional Dummy Company),Global Manufacturing Head - PureGlow Soaps,Australia,New Zealand,Hamilton,FCT032,Hamilton Soap Plant,LN0096,Line-3,2026-07-01 11:00:00,2026-07-01,11,Morning,Charcoal Bar Soap,1.36,60.0,11.7,Material Shortage,48.3,82,60,4,56,5.9,93.33,73.17,80.5,91.34,68.62,5.66,23.26,2
PureGlow Soaps International (Fictional Dummy Company),Global Manufacturing Head - PureGlow Soaps,Australia,New Zealand,Hamilton,FCT032,Hamilton Soap Plant,LN0094,Line-1,2026-07-01 12:00:00,2026-07-01,12,Morning,Neem Bar Soap,1.26,60.0,12.0,Changeover/Setup,48.0,76,61,3,58,5.42,95.08,80.26,80.0,100.86,76.72,6.08,13.01,2
PureGlow Soaps International (Fictional Dummy Company),Global Manufacturing Head - PureGlow Soaps,Australia,New Zealand,Hamilton,FCT032,Hamilton Soap Plant,LN0095,Line-2,2026-07-01 12:00:00,2026-07-01,12,Morning,Aloe Vera Liquid Soap,1.19,60.0,15.0,Changeover/Setup,45.0,71,46,1,45,3.14,97.83,64.79,75.0,85.9,63.03,4.38,11.82,1
PureGlow Soaps International (Fictional Dummy Company),Global Manufacturing Head - PureGlow Soaps,Australia,New Zealand,Hamilton,FCT032,Hamilton Soap Plant,LN0096,Line-3,2026-07-01 12:00:00,2026-07-01,12,Morning,Charcoal Bar Soap,1.36,60.0,6.9,Changeover/Setup,53.1,82,73,1,72,1.93,98.63,89.02,88.5,101.09,88.24,7.34,22.41,1
PureGlow Soaps International (Fictional Dummy Company),Global Manufacturing Head - PureGlow Soaps,Australia,New Zealand,Hamilton,FCT032,Hamilton Soap Plant,LN0094,Line-1,2026-07-01 13:00:00,2026-07-01,13,Morning,Neem Bar Soap,1.26,60.0,38.0,Preventive Maintenance,22.0,76,27,1,26,4.18,96.3,35.53,36.67,97.4,34.4,2.4,6.96,1
PureGlow Soaps International (Fictional Dummy Company),Global Manufacturing Head - PureGlow Soaps,Australia,New Zealand,Hamilton,FCT032,Hamilton Soap Plant,LN0095,Line-2,2026-07-01 13:00:00,2026-07-01,13,Morning,Aloe Vera Liquid Soap,1.19,60.0,3.9,No Downtime,56.1,71,66,2,64,2.89,96.97,92.96,93.5,98.86,89.63,7.09,14.8,1
PureGlow Soaps International (Fictional Dummy Company),Global Manufacturing Head - PureGlow Soaps,Australia,New Zealand,Hamilton,FCT032,Hamilton Soap Plant,LN0096,Line-3,2026-07-01 13:00:00,2026-07-01,13,Morning,Charcoal Bar Soap,1.36,60.0,13.3,Changeover/Setup,46.7,82,55,1,54,1.97,98.18,67.07,77.83,86.6,66.17,5.03,22.52,2
PureGlow Soaps International (Fictional Dummy Company),Global Manufacturing Head - PureGlow Soaps,Australia,New Zealand,Hamilton,FCT032,Hamilton Soap Plant,LN0094,Line-1,2026-07-01 14:00:00,2026-07-01,14,Afternoon,Neem Bar Soap,1.26,60.0,37.9,Machine Breakdown,22.1,76,25,1,24,3.97,96.0,32.89,36.83,89.78,31.74,2.23,6.63,3
PureGlow Soaps International (Fictional Dummy Company),Global Manufacturing Head - PureGlow Soaps,Australia,New Zealand,Hamilton,FCT032,Hamilton Soap Plant,LN0095,Line-2,2026-07-01 14:00:00,2026-07-01,14,Afternoon,Aloe Vera Liquid Soap,1.19,60.0,2.4,No Downtime,57.6,71,67,1,66,1.69,98.51,94.37,96.0,97.75,92.44,6.77,16.13,1
PureGlow Soaps International (Fictional Dummy Company),Global Manufacturing Head - PureGlow Soaps,Australia,New Zealand,Hamilton,FCT032,Hamilton Soap Plant,LN0096,Line-3,2026-07-01 14:00:00,2026-07-01,14,Afternoon,Charcoal Bar Soap,1.36,60.0,27.0,Material Shortage,33.0,82,42,0,42,0.0,100.0,51.22,55.0,93.58,51.47,4.11,14.84,1
PureGlow Soaps International (Fictional Dummy Company),Global Manufacturing Head - PureGlow Soaps,Australia,New Zealand,Hamilton,FCT032,Hamilton Soap Plant,LN0094,Line-1,2026-07-01 15:00:00,2026-07-01,15,Afternoon,Neem Bar Soap,1.26,60.0,41.9,Machine Breakdown,18.1,76,23,0,23,2.14,100.0,30.26,30.17,100.85,30.43,2.37,5.19,2
PureGlow Soaps International (Fictional Dummy Company),Global Manufacturing Head - PureGlow Soaps,Australia,New Zealand,Hamilton,FCT032,Hamilton Soap Plant,LN0095,Line-2,2026-07-01 15:00:00,2026-07-01,15,Afternoon,Aloe Vera Liquid Soap,1.19,60.0,2.3,No Downtime,57.7,71,58,2,56,4.1,96.55,81.69,96.17,84.47,78.43,5.97,17.35,1
PureGlow Soaps International (Fictional Dummy Company),Global Manufacturing Head - PureGlow Soaps,Australia,New Zealand,Hamilton,FCT032,Hamilton Soap Plant,LN0096,Line-3,2026-07-01 15:00:00,2026-07-01,15,Afternoon,Charcoal Bar Soap,1.36,60.0,2.6,No Downtime,57.4,82,71,0,71,0.34,100.0,86.59,95.67,90.95,87.01,7.31,26.17,1
PureGlow Soaps International (Fictional Dummy Company),Global Manufacturing Head - PureGlow Soaps,Australia,New Zealand,Hamilton,FCT032,Hamilton Soap Plant,LN0094,Line-1,2026-07-01 16:00:00,2026-07-01,16,Afternoon,Neem Bar Soap,1.26,60.0,15.6,Changeover/Setup,44.4,76,45,2,43,3.84,95.56,59.21,74.0,80.44,56.88,4.65,12.87,1
PureGlow Soaps International (Fictional Dummy Company),Global Manufacturing Head - PureGlow Soaps,Australia,New Zealand,Hamilton,FCT032,Hamilton Soap Plant,LN0095,Line-2,2026-07-01 16:00:00,2026-07-01,16,Afternoon,Aloe Vera Liquid Soap,1.19,60.0,2.4,No Downtime,57.6,71,57,1,56,2.09,98.25,80.28,96.0,83.16,78.44,5.96,18.05,2
PureGlow Soaps International (Fictional Dummy Company),Global Manufacturing Head - PureGlow Soaps,Australia,New Zealand,Hamilton,FCT032,Hamilton Soap Plant,LN0096,Line-3,2026-07-01 16:00:00,2026-07-01,16,Afternoon,Charcoal Bar Soap,1.36,60.0,16.9,Material Shortage,43.1,82,53,2,51,4.03,96.23,64.63,71.83,90.42,62.5,5.42,18.89,3
PureGlow Soaps International (Fictional Dummy Company),Global Manufacturing Head - PureGlow Soaps,Australia,New Zealand,Hamilton,FCT032,Hamilton Soap Plant,LN0094,Line-1,2026-07-01 17:00:00,2026-07-01,17,Afternoon,Neem Bar Soap,1.26,60.0,2.5,No Downtime,57.5,76,69,4,65,5.49,94.2,90.79,95.83,95.24,85.97,6.66,15.82,2
PureGlow Soaps International (Fictional Dummy Company),Global Manufacturing Head - PureGlow Soaps,Australia,New Zealand,Hamilton,FCT032,Hamilton Soap Plant,LN0095,Line-2,2026-07-01 17:00:00,2026-07-01,17,Afternoon,Aloe Vera Liquid Soap,1.19,60.0,20.8,Power Outage,39.2,71,39,1,38,2.4,97.44,54.93,65.33,83.6,53.22,4.03,11.03,3
PureGlow Soaps International (Fictional Dummy Company),Global Manufacturing Head - PureGlow Soaps,Australia,New Zealand,Hamilton,FCT032,Hamilton Soap Plant,LN0096,Line-3,2026-07-01 17:00:00,2026-07-01,17,Afternoon,Charcoal Bar Soap,1.36,60.0,16.3,Material Shortage,43.7,82,54,2,52,3.72,96.3,65.85,72.83,90.86,63.72,5.05,18.75,3
PureGlow Soaps International (Fictional Dummy Company),Global Manufacturing Head - PureGlow Soaps,Australia,New Zealand,Hamilton,FCT032,Hamilton Soap Plant,LN0094,Line-1,2026-07-01 18:00:00,2026-07-01,18,Afternoon,Neem Bar Soap,1.26,60.0,15.6,Preventive Maintenance,44.4,76,51,2,49,3.9,96.08,67.11,74.0,91.16,64.81,5.12,12.35,3
PureGlow Soaps International (Fictional Dummy Company),Global Manufacturing Head - PureGlow Soaps,Australia,New Zealand,Hamilton,FCT032,Hamilton Soap Plant,LN0095,Line-2,2026-07-01 18:00:00,2026-07-01,18,Afternoon,Aloe Vera Liquid Soap,1.19,60.0,1.9,No Downtime,58.1,71,63,2,61,2.45,96.83,88.73,96.83,91.12,85.43,5.46,15.41,3
PureGlow Soaps International (Fictional Dummy Company),Global Manufacturing Head - PureGlow Soaps,Australia,New Zealand,Hamilton,FCT032,Hamilton Soap Plant,LN0096,Line-3,2026-07-01 18:00:00,2026-07-01,18,Afternoon,Charcoal Bar Soap,1.36,60.0,5.2,Changeover/Setup,54.8,82,67,2,65,3.56,97.01,81.71,91.33,89.9,79.65,6.95,25.6,2
PureGlow Soaps International (Fictional Dummy Company),Global Manufacturing Head - PureGlow Soaps,Australia,New Zealand,Hamilton,FCT032,Hamilton Soap Plant,LN0094,Line-1,2026-07-01 19:00:00,2026-07-01,19,Afternoon,Neem Bar Soap,1.26,60.0,12.7,Changeover/Setup,47.3,76,56,1,55,2.38,98.21,73.68,78.83,93.96,72.74,4.96,14.44,3
PureGlow Soaps International (Fictional Dummy Company),Global Manufacturing Head - PureGlow Soaps,Australia,New Zealand,Hamilton,FCT032,Hamilton Soap Plant,LN0095,Line-2,2026-07-01 19:00:00,2026-07-01,19,Afternoon,Aloe Vera Liquid Soap,1.19,60.0,3.1,No Downtime,56.9,71,61,2,59,2.87,96.72,85.92,94.83,90.09,82.63,6.67,15.47,2
PureGlow Soaps International (Fictional Dummy Company),Global Manufacturing Head - PureGlow Soaps,Australia,New Zealand,Hamilton,FCT032,Hamilton Soap Plant,LN0096,Line-3,2026-07-01 19:00:00,2026-07-01,19,Afternoon,Charcoal Bar Soap,1.36,60.0,20.0,Material Shortage,40.0,82,50,0,50,0.84,100.0,60.98,66.67,91.91,61.28,4.31,18.84,3
PureGlow Soaps International (Fictional Dummy Company),Global Manufacturing Head - PureGlow Soaps,Australia,New Zealand,Hamilton,FCT032,Hamilton Soap Plant,LN0094,Line-1,2026-07-01 20:00:00,2026-07-01,20,Afternoon,Neem Bar Soap,1.26,60.0,13.0,Staff Shortage,47.0,76,58,3,55,4.9,94.83,76.32,78.33,97.94,72.75,4.95,13.8,2
PureGlow Soaps International (Fictional Dummy Company),Global Manufacturing Head - PureGlow Soaps,Australia,New Zealand,Hamilton,FCT032,Hamilton Soap Plant,LN0095,Line-2,2026-07-01 20:00:00,2026-07-01,20,Afternoon,Aloe Vera Liquid Soap,1.19,60.0,2.0,No Downtime,58.0,71,57,2,55,3.54,96.49,80.28,96.67,82.58,77.03,5.75,15.35,1
PureGlow Soaps International (Fictional Dummy Company),Global Manufacturing Head - PureGlow Soaps,Australia,New Zealand,Hamilton,FCT032,Hamilton Soap Plant,LN0096,Line-3,2026-07-01 20:00:00,2026-07-01,20,Afternoon,Charcoal Bar Soap,1.36,60.0,1.4,No Downtime,58.6,82,68,1,67,1.46,98.53,82.93,97.67,85.32,82.11,6.6,24.65,3
PureGlow Soaps International (Fictional Dummy Company),Global Manufacturing Head - PureGlow Soaps,Australia,New Zealand,Hamilton,FCT032,Hamilton Soap Plant,LN0094,Line-1,2026-07-01 21:00:00,2026-07-01,21,Afternoon,Neem Bar Soap,1.26,60.0,17.4,Preventive Maintenance,42.6,76,50,2,48,4.57,96.0,65.79,71.0,93.15,63.49,4.46,12.63,2
PureGlow Soaps International (Fictional Dummy Company),Global Manufacturing Head - PureGlow Soaps,Australia,New Zealand,Hamilton,FCT032,Hamilton Soap Plant,LN0095,Line-2,2026-07-01 21:00:00,2026-07-01,21,Afternoon,Aloe Vera Liquid Soap,1.19,60.0,25.8,Preventive Maintenance,34.2,71,35,2,33,4.3,94.29,49.3,57.0,86.0,46.22,3.72,9.4,1
PureGlow Soaps International (Fictional Dummy Company),Global Manufacturing Head - PureGlow Soaps,Australia,New Zealand,Hamilton,FCT032,Hamilton Soap Plant,LN0096,Line-3,2026-07-01 21:00:00,2026-07-01,21,Afternoon,Charcoal Bar Soap,1.36,60.0,33.2,Machine Breakdown,26.8,82,33,1,32,3.59,96.97,40.24,44.67,90.54,39.22,3.02,12.13,2
PureGlow Soaps International (Fictional Dummy Company),Global Manufacturing Head - PureGlow Soaps,Australia,New Zealand,Hamilton,FCT032,Hamilton Soap Plant,LN0094,Line-1,2026-07-01 22:00:00,2026-07-01,22,Night,Neem Bar Soap,1.26,60.0,16.5,Changeover/Setup,43.5,76,55,2,53,2.87,96.36,72.37,72.5,100.35,70.11,5.29,13.44,2
PureGlow Soaps International (Fictional Dummy Company),Global Manufacturing Head - PureGlow Soaps,Australia,New Zealand,Hamilton,FCT032,Hamilton Soap Plant,LN0095,Line-2,2026-07-01 22:00:00,2026-07-01,22,Night,Aloe Vera Liquid Soap,1.19,60.0,13.9,Changeover/Setup,46.1,71,49,2,47,3.1,95.92,69.01,76.83,89.32,65.82,4.28,12.85,2
PureGlow Soaps International (Fictional Dummy Company),Global Manufacturing Head - PureGlow Soaps,Australia,New Zealand,Hamilton,FCT032,Hamilton Soap Plant,LN0096,Line-3,2026-07-01 22:00:00,2026-07-01,22,Night,Charcoal Bar Soap,1.36,60.0,19.2,Material Shortage,40.8,82,55,0,55,0.71,100.0,67.07,68.0,99.12,67.4,5.34,18.7,2
PureGlow Soaps International (Fictional Dummy Company),Global Manufacturing Head - PureGlow Soaps,Australia,New Zealand,Hamilton,FCT032,Hamilton Soap Plant,LN0094,Line-1,2026-07-01 23:00:00,2026-07-01,23,Night,Neem Bar Soap,1.26,60.0,1.1,No Downtime,58.9,76,60,1,59,2.23,98.33,78.95,98.17,80.85,78.04,5.3,16.69,2
PureGlow Soaps International (Fictional Dummy Company),Global Manufacturing Head - PureGlow Soaps,Australia,New Zealand,Hamilton,FCT032,Hamilton Soap Plant,LN0095,Line-2,2026-07-01 23:00:00,2026-07-01,23,Night,Aloe Vera Liquid Soap,1.19,60.0,19.7,Changeover/Setup,40.3,71,38,1,37,2.53,97.37,53.52,67.17,79.24,51.83,4.04,10.46,2
PureGlow Soaps International (Fictional Dummy Company),Global Manufacturing Head - PureGlow Soaps,Australia,New Zealand,Hamilton,FCT032,Hamilton Soap Plant,LN0096,Line-3,2026-07-01 23:00:00,2026-07-01,23,Night,Charcoal Bar Soap,1.36,60.0,37.9,Machine Breakdown,22.1,82,31,1,30,2.92,96.77,37.8,36.83,103.14,36.76,2.87,9.84,2
PureGlow Soaps International (Fictional Dummy Company),Global Manufacturing Head - PureGlow Soaps,Australia,New Zealand,Hamilton,FCT032,Hamilton Soap Plant,LN0094,Line-1,2026-07-02 00:00:00,2026-07-02,0,Night,Lavender Bar Soap,1.26,60.0,3.5,No Downtime,56.5,76,72,2,70,2.11,97.22,94.74,94.17,101.14,92.6,6.52,17.42,1
PureGlow Soaps International (Fictional Dummy Company),Global Manufacturing Head - PureGlow Soaps,Australia,New Zealand,Hamilton,FCT032,Hamilton Soap Plant,LN0095,Line-2,2026-07-02 00:00:00,2026-07-02,0,Night,Neem Bar Soap,1.19,60.0,1.3,No Downtime,58.7,71,56,1,55,1.61,98.21,78.87,97.83,80.17,77.03,5.2,15.76,2
PureGlow Soaps International (Fictional Dummy Company),Global Manufacturing Head - PureGlow Soaps,Australia,New Zealand,Hamilton,FCT032,Hamilton Soap Plant,LN0096,Line-3,2026-07-02 00:00:00,2026-07-02,0,Night,Charcoal Bar Soap,1.36,60.0,0.1,No Downtime,59.9,82,71,0,71,0.0,100.0,86.59,99.83,87.16,87.01,7.29,30.24,2
PureGlow Soaps International (Fictional Dummy Company),Global Manufacturing Head - PureGlow Soaps,Australia,New Zealand,Hamilton,FCT032,Hamilton Soap Plant,LN0094,Line-1,2026-07-02 01:00:00,2026-07-02,1,Night,Lavender Bar Soap,1.26,60.0,3.8,No Downtime,56.2,76,62,3,59,5.09,95.16,81.58,93.67,87.56,78.05,6.44,15.52,2
PureGlow Soaps International (Fictional Dummy Company),Global Manufacturing Head - PureGlow Soaps,Australia,New Zealand,Hamilton,FCT032,Hamilton Soap Plant,LN0095,Line-2,2026-07-02 01:00:00,2026-07-02,1,Night,Neem Bar Soap,1.19,60.0,30.1,Preventive Maintenance,29.9,71,36,1,35,1.93,97.22,50.7,49.83,101.18,49.02,3.73,8.99,2
PureGlow Soaps International (Fictional Dummy Company),Global Manufacturing Head - PureGlow Soaps,Australia,New Zealand,Hamilton,FCT032,Hamilton Soap Plant,LN0096,Line-3,2026-07-02 01:00:00,2026-07-02,1,Night,Charcoal Bar Soap,1.36,60.0,16.9,Changeover/Setup,43.1,82,49,1,48,2.07,97.96,59.76,71.83,83.59,58.82,5.24,21.63,1
PureGlow Soaps International (Fictional Dummy Company),Global Manufacturing Head - PureGlow Soaps,Australia,New Zealand,Hamilton,FCT032,Hamilton Soap Plant,LN0094,Line-1,2026-07-02 02:00:00,2026-07-02,2,Night,Lavender Bar Soap,1.26,60.0,11.8,Power Outage,48.2,76,54,1,53,2.72,98.15,71.05,80.33,88.92,70.11,4.91,14.09,2
PureGlow Soaps International (Fictional Dummy Company),Global Manufacturing Head - PureGlow Soaps,Australia,New Zealand,Hamilton,FCT032,Hamilton Soap Plant,LN0095,Line-2,2026-07-02 02:00:00,2026-07-02,2,Night,Neem Bar Soap,1.19,60.0,6.5,Changeover/Setup,53.5,71,53,1,52,2.52,98.11,74.65,89.17,83.25,72.83,4.82,15.32,3
PureGlow Soaps International (Fictional Dummy Company),Global Manufacturing Head - PureGlow Soaps,Australia,New Zealand,Hamilton,FCT032,Hamilton Soap Plant,LN0096,Line-3,2026-07-02 02:00:00,2026-07-02,2,Night,Charcoal Bar Soap,1.36,60.0,1.9,No Downtime,58.1,82,79,2,77,2.24,97.47,96.34,96.83,99.98,94.36,8.16,26.15,1
PureGlow Soaps International (Fictional Dummy Company),Global Manufacturing Head - PureGlow Soaps,Australia,New Zealand,Hamilton,FCT032,Hamilton Soap Plant,LN0094,Line-1,2026-07-02 03:00:00,2026-07-02,3,Night,Lavender Bar Soap,1.26,60.0,0.7,No Downtime,59.3,76,72,3,69,4.06,95.83,94.74,98.83,96.36,91.26,6.35,17.79,2
PureGlow Soaps International (Fictional Dummy Company),Global Manufacturing Head - PureGlow Soaps,Australia,New Zealand,Hamilton,FCT032,Hamilton Soap Plant,LN0095,Line-2,2026-07-02 03:00:00,2026-07-02,3,Night,Neem Bar Soap,1.19,60.0,32.8,Machine Breakdown,27.2,71,29,1,28,4.82,96.55,40.85,45.33,89.59,39.21,2.62,8.38,3
PureGlow Soaps International (Fictional Dummy Company),Global Manufacturing Head - PureGlow Soaps,Australia,New Zealand,Hamilton,FCT032,Hamilton Soap Plant,LN0096,Line-3,2026-07-02 03:00:00,2026-07-02,3,Night,Charcoal Bar Soap,1.36,60.0,34.1,Machine Breakdown,25.9,82,32,2,30,4.78,93.75,39.02,43.17,90.85,36.77,3.24,11.53,3
PureGlow Soaps International (Fictional Dummy Company),Global Manufacturing Head - PureGlow Soaps,Australia,New Zealand,Hamilton,FCT032,Hamilton Soap Plant,LN0094,Line-1,2026-07-02 04:00:00,2026-07-02,4,Night,Lavender Bar Soap,1.26,60.0,23.2,Power Outage,36.8,76,42,1,41,1.69,97.62,55.26,61.33,90.58,54.23,3.86,11.46,2
PureGlow Soaps International (Fictional Dummy Company),Global Manufacturing Head - PureGlow Soaps,Australia,New Zealand,Hamilton,FCT032,Hamilton Soap Plant,LN0095,Line-2,2026-07-02 04:00:00,2026-07-02,4,Night,Neem Bar Soap,1.19,60.0,3.6,No Downtime,56.4,71,54,2,52,3.02,96.3,76.06,94.0,80.46,72.83,5.03,15.28,1
PureGlow Soaps International (Fictional Dummy Company),Global Manufacturing Head - PureGlow Soaps,Australia,New Zealand,Hamilton,FCT032,Hamilton Soap Plant,LN0096,Line-3,2026-07-02 04:00:00,2026-07-02,4,Night,Charcoal Bar Soap,1.36,60.0,12.7,Material Shortage,47.3,82,64,1,63,1.87,98.44,78.05,78.83,99.49,77.2,6.8,21.36,2
PureGlow Soaps International (Fictional Dummy Company),Global Manufacturing Head - PureGlow Soaps,Australia,New Zealand,Hamilton,FCT032,Hamilton Soap Plant,LN0094,Line-1,2026-07-02 05:00:00,2026-07-02,5,Night,Lavender Bar Soap,1.26,60.0,34.4,Material Shortage,25.6,76,29,2,27,5.6,93.1,38.16,42.67,89.91,35.72,2.79,6.83,1
PureGlow Soaps International (Fictional Dummy Company),Global Manufacturing Head - PureGlow Soaps,Australia,New Zealand,Hamilton,FCT032,Hamilton Soap Plant,LN0095,Line-2,2026-07-02 05:00:00,2026-07-02,5,Night,Neem Bar Soap,1.19,60.0,12.7,Staff Shortage,47.3,71,54,1,53,1.43,98.15,76.06,78.83,95.94,74.23,5.81,13.16,1
PureGlow Soaps International (Fictional Dummy Company),Global Manufacturing Head - PureGlow Soaps,Australia,New Zealand,Hamilton,FCT032,Hamilton Soap Plant,LN0096,Line-3,2026-07-02 05:00:00,2026-07-02,5,Night,Charcoal Bar Soap,1.36,60.0,7.2,Changeover/Setup,52.8,82,66,2,64,3.04,96.97,80.49,88.0,91.91,78.43,6.27,22.5,1
PureGlow Soaps International (Fictional Dummy Company),Global Manufacturing Head - PureGlow Soaps,Australia,New Zealand,Hamilton,FCT032,Hamilton Soap Plant,LN0094,Line-1,2026-07-02 06:00:00,2026-07-02,6,Morning,Lavender Bar Soap,1.26,60.0,2.2,No Downtime,57.8,76,63,3,60,4.85,95.24,82.89,96.33,86.51,79.37,5.68,15.66,1
PureGlow Soaps International (Fictional Dummy Company),Global Manufacturing Head - PureGlow Soaps,Australia,New Zealand,Hamilton,FCT032,Hamilton Soap Plant,LN0095,Line-2,2026-07-02 06:00:00,2026-07-02,6,Morning,Neem Bar Soap,1.19,60.0,20.7,Preventive Maintenance,39.3,71,47,2,45,3.25,95.74,66.2,65.5,100.5,63.02,4.19,11.77,2
PureGlow Soaps International (Fictional Dummy Company),Global Manufacturing Head - PureGlow Soaps,Australia,New Zealand,Hamilton,FCT032,Hamilton Soap Plant,LN0096,Line-3,2026-07-02 06:00:00,2026-07-02,6,Morning,Charcoal Bar Soap,1.36,60.0,10.0,Changeover/Setup,50.0,82,70,1,69,1.95,98.57,85.37,83.33,102.94,84.55,5.97,25.06,3
PureGlow Soaps International (Fictional Dummy Company),Global Manufacturing Head - PureGlow Soaps,Australia,New Zealand,Hamilton,FCT032,Hamilton Soap Plant,LN0094,Line-1,2026-07-02 07:00:00,2026-07-02,7,Morning,Lavender Bar Soap,1.26,60.0,11.6,Material Shortage,48.4,76,53,1,52,2.56,98.11,69.74,80.67,86.91,68.79,4.53,13.93,2
PureGlow Soaps International (Fictional Dummy Company),Global Manufacturing Head - PureGlow Soaps,Australia,New Zealand,Hamilton,FCT032,Hamilton Soap Plant,LN0095,Line-2,2026-07-02 07:00:00,2026-07-02,7,Morning,Neem Bar Soap,1.19,60.0,6.8,Changeover/Setup,53.2,71,56,2,54,3.44,96.43,78.87,88.67,88.46,75.64,5.88,16.1,3
PureGlow Soaps International (Fictional Dummy Company),Global Manufacturing Head - PureGlow Soaps,Australia,New Zealand,Hamilton,FCT032,Hamilton Soap Plant,LN0096,Line-3,2026-07-02 07:00:00,2026-07-02,7,Morning,Charcoal Bar Soap,1.36,60.0,13.3,Machine Breakdown,46.7,82,51,2,49,3.65,96.08,62.2,77.83,80.3,60.05,4.4,19.73,3
PureGlow Soaps International (Fictional Dummy Company),Global Manufacturing Head - PureGlow Soaps,Australia,New Zealand,Hamilton,FCT032,Hamilton Soap Plant,LN0094,Line-1,2026-07-02 08:00:00,2026-07-02,8,Morning,Lavender Bar Soap,1.26,60.0,0.6,No Downtime,59.4,76,62,1,61,1.47,98.39,81.58,99.0,82.84,80.69,5.44,17.46,1
PureGlow Soaps International (Fictional Dummy Company),Global Manufacturing Head - PureGlow Soaps,Australia,New Zealand,Hamilton,FCT032,Hamilton Soap Plant,LN0095,Line-2,2026-07-02 08:00:00,2026-07-02,8,Morning,Neem Bar Soap,1.19,60.0,0.5,No Downtime,59.5,71,68,3,65,3.83,95.59,95.77,99.17,96.04,91.04,6.43,16.72,2
PureGlow Soaps International (Fictional Dummy Company),Global Manufacturing Head - PureGlow Soaps,Australia,New Zealand,Hamilton,FCT032,Hamilton Soap Plant,LN0096,Line-3,2026-07-02 08:00:00,2026-07-02,8,Morning,Charcoal Bar Soap,1.36,60.0,22.6,Material Shortage,37.4,82,46,2,44,3.32,95.65,56.1,62.33,90.44,53.92,4.44,16.29,2
PureGlow Soaps International (Fictional Dummy Company),Global Manufacturing Head - PureGlow Soaps,Australia,New Zealand,Hamilton,FCT032,Hamilton Soap Plant,LN0094,Line-1,2026-07-02 09:00:00,2026-07-02,9,Morning,Lavender Bar Soap,1.26,60.0,35.3,Preventive Maintenance,24.7,76,26,0,26,1.83,100.0,34.21,41.17,83.54,34.39,2.67,6.62,1
PureGlow Soaps International (Fictional Dummy Company),Global Manufacturing Head - PureGlow Soaps,Australia,New Zealand,Hamilton,FCT032,Hamilton Soap Plant,LN0095,Line-2,2026-07-02 09:00:00,2026-07-02,9,Morning,Neem Bar Soap,1.19,60.0,11.5,Machine Breakdown,48.5,71,46,1,45,2.68,97.83,64.79,80.83,79.7,63.02,5.03,12.93,2
PureGlow Soaps International (Fictional Dummy Company),Global Manufacturing Head - PureGlow Soaps,Australia,New Zealand,Hamilton,FCT032,Hamilton Soap Plant,LN0096,Line-3,2026-07-02 09:00:00,2026-07-02,9,Morning,Charcoal Bar Soap,1.36,60.0,22.0,Power Outage,38.0,82,44,2,42,3.97,95.45,53.66,63.33,85.14,51.47,4.59,16.83,1
PureGlow Soaps International (Fictional Dummy Company),Global Manufacturing Head - PureGlow Soaps,Australia,New Zealand,Hamilton,FCT032,Hamilton Soap Plant,LN0094,Line-1,2026-07-02 10:00:00,2026-07-02,10,Morning,Lavender Bar Soap,1.26,60.0,5.3,Changeover/Setup,54.7,76,65,1,64,1.64,98.46,85.53,91.17,94.31,84.66,5.65,16.59,2
PureGlow Soaps International (Fictional Dummy Company),Global Manufacturing Head - PureGlow Soaps,Australia,New Zealand,Hamilton,FCT032,Hamilton Soap Plant,LN0095,Line-2,2026-07-02 10:00:00,2026-07-02,10,Morning,Neem Bar Soap,1.19,60.0,15.1,Material Shortage,44.9,71,45,2,43,4.8,95.56,63.38,74.83,84.22,60.22,4.74,12.83,1
PureGlow Soaps International (Fictional Dummy Company),Global Manufacturing Head - PureGlow Soaps,Australia,New Zealand,Hamilton,FCT032,Hamilton Soap Plant,LN0096,Line-3,2026-07-02 10:00:00,2026-07-02,10,Morning,Charcoal Bar Soap,1.36,60.0,35.0,Preventive Maintenance,25.0,82,34,1,33,1.8,97.06,41.46,41.67,100.0,40.44,2.98,10.91,1
PureGlow Soaps International (Fictional Dummy Company),Global Manufacturing Head - PureGlow Soaps,Australia,New Zealand,Hamilton,FCT032,Hamilton Soap Plant,LN0094,Line-1,2026-07-02 11:00:00,2026-07-02,11,Morning,Lavender Bar Soap,1.26,60.0,7.4,Power Outage,52.6,76,65,1,64,1.28,98.46,85.53,87.67,98.07,84.65,6.38,15.14,2
PureGlow Soaps International (Fictional Dummy Company),Global Manufacturing Head - PureGlow Soaps,Australia,New Zealand,Hamilton,FCT032,Hamilton Soap Plant,LN0095,Line-2,2026-07-02 11:00:00,2026-07-02,11,Morning,Neem Bar Soap,1.19,60.0,16.1,Changeover/Setup,43.9,71,47,1,46,1.83,97.87,66.2,73.17,89.97,64.43,4.37,13.34,2
PureGlow Soaps International (Fictional Dummy Company),Global Manufacturing Head - PureGlow Soaps,Australia,New Zealand,Hamilton,FCT032,Hamilton Soap Plant,LN0096,Line-3,2026-07-02 11:00:00,2026-07-02,11,Morning,Charcoal Bar Soap,1.36,60.0,14.2,Staff Shortage,45.8,82,62,2,60,3.19,96.77,75.61,76.33,99.54,73.52,5.72,20.58,2
PureGlow Soaps International (Fictional Dummy Company),Global Manufacturing Head - PureGlow Soaps,Australia,New Zealand,Hamilton,FCT032,Hamilton Soap Plant,LN0094,Line-1,2026-07-02 12:00:00,2026-07-02,12,Morning,Lavender Bar Soap,1.26,60.0,18.1,Preventive Maintenance,41.9,76,47,2,45,4.21,95.74,61.84,69.83,89.03,59.52,4.71,12.7,2
PureGlow Soaps International (Fictional Dummy Company),Global Manufacturing Head - PureGlow Soaps,Australia,New Zealand,Hamilton,FCT032,Hamilton Soap Plant,LN0095,Line-2,2026-07-02 12:00:00,2026-07-02,12,Morning,Neem Bar Soap,1.19,60.0,19.6,Quality Hold,40.4,71,46,2,44,5.32,95.65,64.79,67.33,95.68,61.62,4.4,12.15,3
PureGlow Soaps International (Fictional Dummy Company),Global Manufacturing Head - PureGlow Soaps,Australia,New Zealand,Hamilton,FCT032,Hamilton Soap Plant,LN0096,Line-3,2026-07-02 12:00:00,2026-07-02,12,Morning,Charcoal Bar Soap,1.36,60.0,0.6,No Downtime,59.4,82,80,4,76,5.59,95.0,97.56,99.0,99.03,93.14,6.96,25.38,2
PureGlow Soaps International (Fictional Dummy Company),Global Manufacturing Head - PureGlow Soaps,Australia,New Zealand,Hamilton,FCT032,Hamilton Soap Plant,LN0094,Line-1,2026-07-02 13:00:00,2026-07-02,13,Morning,Lavender Bar Soap,1.26,60.0,30.1,Machine Breakdown,29.9,76,33,2,31,4.74,93.94,43.42,49.83,87.59,41.0,2.89,8.94,1
PureGlow Soaps International (Fictional Dummy Company),Global Manufacturing Head - PureGlow Soaps,Australia,New Zealand,Hamilton,FCT032,Hamilton Soap Plant,LN0095,Line-2,2026-07-02 13:00:00,2026-07-02,13,Morning,Neem Bar Soap,1.19,60.0,30.6,Machine Breakdown,29.4,71,34,2,32,4.89,94.12,47.89,49.0,97.18,44.82,3.0,8.85,3
PureGlow Soaps International (Fictional Dummy Company),Global Manufacturing Head - PureGlow Soaps,Australia,New Zealand,Hamilton,FCT032,Hamilton Soap Plant,LN0096,Line-3,2026-07-02 13:00:00,2026-07-02,13,Morning,Charcoal Bar Soap,1.36,60.0,12.5,Changeover/Setup,47.5,82,61,1,60,1.79,98.36,74.39,79.17,94.43,73.53,6.67,23.96,1
PureGlow Soaps International (Fictional Dummy Company),Global Manufacturing Head - PureGlow Soaps,Australia,New Zealand,Hamilton,FCT032,Hamilton Soap Plant,LN0094,Line-1,2026-07-02 14:00:00,2026-07-02,14,Afternoon,Lavender Bar Soap,1.26,60.0,3.0,No Downtime,57.0,76,62,3,59,4.62,95.16,81.58,95.0,86.33,78.04,6.59,18.01,1
PureGlow Soaps International (Fictional Dummy Company),Global Manufacturing Head - PureGlow Soaps,Australia,New Zealand,Hamilton,FCT032,Hamilton Soap Plant,LN0095,Line-2,2026-07-02 14:00:00,2026-07-02,14,Afternoon,Neem Bar Soap,1.19,60.0,0.1,No Downtime,59.9,71,61,2,59,3.06,96.72,85.92,99.83,85.58,82.63,5.76,16.27,1
PureGlow Soaps International (Fictional Dummy Company),Global Manufacturing Head - PureGlow Soaps,Australia,New Zealand,Hamilton,FCT032,Hamilton Soap Plant,LN0096,Line-3,2026-07-02 14:00:00,2026-07-02,14,Afternoon,Charcoal Bar Soap,1.36,60.0,2.0,No Downtime,58.0,82,71,1,70,1.55,98.59,86.59,96.67,90.01,85.79,6.04,25.0,3
PureGlow Soaps International (Fictional Dummy Company),Global Manufacturing Head - PureGlow Soaps,Australia,New Zealand,Hamilton,FCT032,Hamilton Soap Plant,LN0094,Line-1,2026-07-02 15:00:00,2026-07-02,15,Afternoon,Lavender Bar Soap,1.26,60.0,11.3,Power Outage,48.7,76,51,3,48,5.11,94.12,67.11,81.17,83.11,63.49,4.58,13.46,2
PureGlow Soaps International (Fictional Dummy Company),Global Manufacturing Head - PureGlow Soaps,Australia,New Zealand,Hamilton,FCT032,Hamilton Soap Plant,LN0095,Line-2,2026-07-02 15:00:00,2026-07-02,15,Afternoon,Neem Bar Soap,1.19,60.0,10.8,Machine Breakdown,49.2,71,56,0,56,0.6,100.0,78.87,82.0,95.65,78.43,6.06,15.18,2
PureGlow Soaps International (Fictional Dummy Company),Global Manufacturing Head - PureGlow Soaps,Australia,New Zealand,Hamilton,FCT032,Hamilton Soap Plant,LN0096,Line-3,2026-07-02 15:00:00,2026-07-02,15,Afternoon,Charcoal Bar Soap,1.36,60.0,41.2,Machine Breakdown,18.8,82,23,1,22,2.4,95.65,28.05,31.33,89.96,26.96,2.25,9.23,2
PureGlow Soaps International (Fictional Dummy Company),Global Manufacturing Head - PureGlow Soaps,Australia,New Zealand,Hamilton,FCT032,Hamilton Soap Plant,LN0094,Line-1,2026-07-02 16:00:00,2026-07-02,16,Afternoon,Lavender Bar Soap,1.26,60.0,35.2,Preventive Maintenance,24.8,76,28,1,27,5.21,96.43,36.84,41.33,89.61,35.71,2.75,6.65,1
PureGlow Soaps International (Fictional Dummy Company),Global Manufacturing Head - PureGlow Soaps,Australia,New Zealand,Hamilton,FCT032,Hamilton Soap Plant,LN0095,Line-2,2026-07-02 16:00:00,2026-07-02,16,Afternoon,Neem Bar Soap,1.19,60.0,9.3,Quality Hold,50.7,71,55,3,52,6.21,94.55,77.46,84.5,91.16,72.83,4.89,14.79,1
PureGlow Soaps International (Fictional Dummy Company),Global Manufacturing Head - PureGlow Soaps,Australia,New Zealand,Hamilton,FCT032,Hamilton Soap Plant,LN0096,Line-3,2026-07-02 16:00:00,2026-07-02,16,Afternoon,Charcoal Bar Soap,1.36,60.0,1.9,No Downtime,58.1,82,76,2,74,2.72,97.37,92.68,96.83,96.18,90.68,7.01,29.1,2
PureGlow Soaps International (Fictional Dummy Company),Global Manufacturing Head - PureGlow Soaps,Australia,New Zealand,Hamilton,FCT032,Hamilton Soap Plant,LN0094,Line-1,2026-07-02 17:00:00,2026-07-02,17,Afternoon,Lavender Bar Soap,1.26,60.0,8.5,Staff Shortage,51.5,76,65,2,63,3.2,96.92,85.53,85.83,100.17,83.33,7.05,13.77,1
PureGlow Soaps International (Fictional Dummy Company),Global Manufacturing Head - PureGlow Soaps,Australia,New Zealand,Hamilton,FCT032,Hamilton Soap Plant,LN0095,Line-2,2026-07-02 17:00:00,2026-07-02,17,Afternoon,Neem Bar Soap,1.19,60.0,2.7,No Downtime,57.3,71,60,1,59,1.59,98.33,84.51,95.5,87.99,82.63,6.09,17.92,2
PureGlow Soaps International (Fictional Dummy Company),Global Manufacturing Head - PureGlow Soaps,Australia,New Zealand,Hamilton,FCT032,Hamilton Soap Plant,LN0096,Line-3,2026-07-02 17:00:00,2026-07-02,17,Afternoon,Charcoal Bar Soap,1.36,60.0,26.4,Power Outage,33.6,82,45,1,44,2.14,97.78,54.88,56.0,98.48,53.92,4.13,17.04,2
PureGlow Soaps International (Fictional Dummy Company),Global Manufacturing Head - PureGlow Soaps,Australia,New Zealand,Hamilton,FCT032,Hamilton Soap Plant,LN0094,Line-1,2026-07-02 18:00:00,2026-07-02,18,Afternoon,Lavender Bar Soap,1.26,60.0,9.5,Power Outage,50.5,76,64,2,62,3.78,96.88,84.21,84.17,100.58,82.02,6.6,15.58,3
PureGlow Soaps International (Fictional Dummy Company),Global Manufacturing Head - PureGlow Soaps,Australia,New Zealand,Hamilton,FCT032,Hamilton Soap Plant,LN0095,Line-2,2026-07-02 18:00:00,2026-07-02,18,Afternoon,Neem Bar Soap,1.19,60.0,40.0,Machine Breakdown,20.0,71,22,0,22,1.66,100.0,30.99,33.33,92.44,30.81,2.22,6.08,2
PureGlow Soaps International (Fictional Dummy Company),Global Manufacturing Head - PureGlow Soaps,Australia,New Zealand,Hamilton,FCT032,Hamilton Soap Plant,LN0096,Line-3,2026-07-02 18:00:00,2026-07-02,18,Afternoon,Charcoal Bar Soap,1.36,60.0,15.6,Power Outage,44.4,82,54,2,52,3.82,96.3,65.85,74.0,89.43,63.73,4.78,19.15,1
PureGlow Soaps International (Fictional Dummy Company),Global Manufacturing Head - PureGlow Soaps,Australia,New Zealand,Hamilton,FCT032,Hamilton Soap Plant,LN0094,Line-1,2026-07-02 19:00:00,2026-07-02,19,Afternoon,Lavender Bar Soap,1.26,60.0,11.0,Changeover/Setup,49.0,76,63,1,62,2.36,98.41,82.89,81.67,102.04,82.01,5.38,12.79,2
PureGlow Soaps International (Fictional Dummy Company),Global Manufacturing Head - PureGlow Soaps,Australia,New Zealand,Hamilton,FCT032,Hamilton Soap Plant,LN0095,Line-2,2026-07-02 19:00:00,2026-07-02,19,Afternoon,Neem Bar Soap,1.19,60.0,2.6,No Downtime,57.4,71,63,2,61,3.72,96.83,88.73,95.67,92.23,85.44,6.79,16.12,1
PureGlow Soaps International (Fictional Dummy Company),Global Manufacturing Head - PureGlow Soaps,Australia,New Zealand,Hamilton,FCT032,Hamilton Soap Plant,LN0096,Line-3,2026-07-02 19:00:00,2026-07-02,19,Afternoon,Charcoal Bar Soap,1.36,60.0,1.0,No Downtime,59.0,82,75,3,72,4.1,96.0,91.46,98.33,93.47,88.23,8.04,28.37,1
PureGlow Soaps International (Fictional Dummy Company),Global Manufacturing Head - PureGlow Soaps,Australia,New Zealand,Hamilton,FCT032,Hamilton Soap Plant,LN0094,Line-1,2026-07-02 20:00:00,2026-07-02,20,Afternoon,Lavender Bar Soap,1.26,60.0,23.7,Preventive Maintenance,36.3,76,43,1,42,1.37,97.67,56.58,60.5,94.01,55.55,3.74,11.39,3
PureGlow Soaps International (Fictional Dummy Company),Global Manufacturing Head - PureGlow Soaps,Australia,New Zealand,Hamilton,FCT032,Hamilton Soap Plant,LN0095,Line-2,2026-07-02 20:00:00,2026-07-02,20,Afternoon,Neem Bar Soap,1.19,60.0,21.5,Machine Breakdown,38.5,71,43,2,41,3.61,95.35,60.56,64.17,93.86,57.43,4.52,11.94,1
PureGlow Soaps International (Fictional Dummy Company),Global Manufacturing Head - PureGlow Soaps,Australia,New Zealand,Hamilton,FCT032,Hamilton Soap Plant,LN0096,Line-3,2026-07-02 20:00:00,2026-07-02,20,Afternoon,Charcoal Bar Soap,1.36,60.0,18.8,Preventive Maintenance,41.2,82,56,2,54,3.28,96.43,68.29,68.67,99.94,66.18,5.57,19.56,1
PureGlow Soaps International (Fictional Dummy Company),Global Manufacturing Head - PureGlow Soaps,Australia,New Zealand,Hamilton,FCT032,Hamilton Soap Plant,LN0094,Line-1,2026-07-02 21:00:00,2026-07-02,21,Afternoon,Lavender Bar Soap,1.26,60.0,0.4,No Downtime,59.6,76,74,1,73,1.26,98.65,97.37,99.33,98.54,96.56,8.06,16.32,3
PureGlow Soaps International (Fictional Dummy Company),Global Manufacturing Head - PureGlow Soaps,Australia,New Zealand,Hamilton,FCT032,Hamilton Soap Plant,LN0095,Line-2,2026-07-02 21:00:00,2026-07-02,21,Afternoon,Neem Bar Soap,1.19,60.0,0.4,No Downtime,59.6,71,60,2,58,3.69,96.67,84.51,99.33,84.6,81.23,6.12,16.43,2
PureGlow Soaps International (Fictional Dummy Company),Global Manufacturing Head - PureGlow Soaps,Australia,New Zealand,Hamilton,FCT032,Hamilton Soap Plant,LN0096,Line-3,2026-07-02 21:00:00,2026-07-02,21,Afternoon,Charcoal Bar Soap,1.36,60.0,3.0,No Downtime,57.0,82,66,1,65,1.56,98.48,80.49,95.0,85.14,79.65,6.64,28.19,1
PureGlow Soaps International (Fictional Dummy Company),Global Manufacturing Head - PureGlow Soaps,Australia,New Zealand,Hamilton,FCT032,Hamilton Soap Plant,LN0094,Line-1,2026-07-02 22:00:00,2026-07-02,22,Night,Lavender Bar Soap,1.26,60.0,24.9,Machine Breakdown,35.1,76,44,1,43,1.92,97.73,57.89,58.5,99.49,56.88,4.17,11.1,2
PureGlow Soaps International (Fictional Dummy Company),Global Manufacturing Head - PureGlow Soaps,Australia,New Zealand,Hamilton,FCT032,Hamilton Soap Plant,LN0095,Line-2,2026-07-02 22:00:00,2026-07-02,22,Night,Neem Bar Soap,1.19,60.0,24.1,Material Shortage,35.9,71,41,2,39,3.71,95.12,57.75,59.83,95.97,54.62,4.14,10.47,3
PureGlow Soaps International (Fictional Dummy Company),Global Manufacturing Head - PureGlow Soaps,Australia,New Zealand,Hamilton,FCT032,Hamilton Soap Plant,LN0096,Line-3,2026-07-02 22:00:00,2026-07-02,22,Night,Charcoal Bar Soap,1.36,60.0,15.5,Material Shortage,44.5,82,55,1,54,1.63,98.18,67.07,74.17,90.88,66.18,5.4,18.61,2
PureGlow Soaps International (Fictional Dummy Company),Global Manufacturing Head - PureGlow Soaps,Australia,New Zealand,Hamilton,FCT032,Hamilton Soap Plant,LN0094,Line-1,2026-07-02 23:00:00,2026-07-02,23,Night,Lavender Bar Soap,1.26,60.0,39.0,Machine Breakdown,21.0,76,27,1,26,1.97,96.3,35.53,35.0,102.04,34.39,2.69,6.21,2
PureGlow Soaps International (Fictional Dummy Company),Global Manufacturing Head - PureGlow Soaps,Australia,New Zealand,Hamilton,FCT032,Hamilton Soap Plant,LN0095,Line-2,2026-07-02 23:00:00,2026-07-02,23,Night,Neem Bar Soap,1.19,60.0,7.4,Changeover/Setup,52.6,71,55,1,54,2.6,98.18,77.46,87.67,87.87,75.63,5.51,15.58,1
PureGlow Soaps International (Fictional Dummy Company),Global Manufacturing Head - PureGlow Soaps,Australia,New Zealand,Hamilton,FCT032,Hamilton Soap Plant,LN0096,Line-3,2026-07-02 23:00:00,2026-07-02,23,Night,Charcoal Bar Soap,1.36,60.0,11.7,Changeover/Setup,48.3,82,66,2,64,3.34,96.97,80.49,80.5,100.47,78.43,5.71,20.07,1
PureGlow Soaps International (Fictional Dummy Company),Global Manufacturing Head - PureGlow Soaps,Australia,New Zealand,Hamilton,FCT032,Hamilton Soap Plant,LN0094,Line-1,2026-07-03 00:00:00,2026-07-03,0,Night,Coconut Bar Soap,1.26,60.0,19.8,Material Shortage,40.2,76,48,1,47,2.66,97.92,63.16,67.0,94.76,62.17,4.75,12.49,3
PureGlow Soaps International (Fictional Dummy Company),Global Manufacturing Head - PureGlow Soaps,Australia,New Zealand,Hamilton,FCT032,Hamilton Soap Plant,LN0095,Line-2,2026-07-03 00:00:00,2026-07-03,0,Night,Lemon Bar Soap,1.19,60.0,2.0,No Downtime,58.0,71,62,1,61,1.46,98.39,87.32,96.67,89.83,85.44,5.76,18.39,3
PureGlow Soaps International (Fictional Dummy Company),Global Manufacturing Head - PureGlow Soaps,Australia,New Zealand,Hamilton,FCT032,Hamilton Soap Plant,LN0096,Line-3,2026-07-03 00:00:00,2026-07-03,0,Night,Aloe Vera Liquid Soap,1.36,60.0,5.7,Changeover/Setup,54.3,82,66,1,65,1.9,98.48,80.49,90.5,89.37,79.65,6.45,23.32,1
PureGlow Soaps International (Fictional Dummy Company),Global Manufacturing Head - PureGlow Soaps,Australia,New Zealand,Hamilton,FCT032,Hamilton Soap Plant,LN0094,Line-1,2026-07-03 01:00:00,2026-07-03,1,Night,Coconut Bar Soap,1.26,60.0,10.5,Changeover/Setup,49.5,76,64,2,62,2.62,96.88,84.21,82.5,102.61,82.01,6.78,14.93,3
PureGlow Soaps International (Fictional Dummy Company),Global Manufacturing Head - PureGlow Soaps,Australia,New Zealand,Hamilton,FCT032,Hamilton Soap Plant,LN0095,Line-2,2026-07-03 01:00:00,2026-07-03,1,Night,Lemon Bar Soap,1.19,60.0,2.5,No Downtime,57.5,71,57,3,54,4.57,94.74,80.28,95.83,83.3,75.63,5.65,17.07,2
PureGlow Soaps International (Fictional Dummy Company),Global Manufacturing Head - PureGlow Soaps,Australia,New Zealand,Hamilton,FCT032,Hamilton Soap Plant,LN0096,Line-3,2026-07-03 01:00:00,2026-07-03,1,Night,Aloe Vera Liquid Soap,1.36,60.0,39.4,Machine Breakdown,20.6,82,26,0,26,1.67,100.0,31.71,34.33,92.8,31.86,2.23,9.61,1
PureGlow Soaps International (Fictional Dummy Company),Global Manufacturing Head - PureGlow Soaps,Australia,New Zealand,Hamilton,FCT032,Hamilton Soap Plant,LN0094,Line-1,2026-07-03 02:00:00,2026-07-03,2,Night,Coconut Bar Soap,1.26,60.0,21.4,Material Shortage,38.6,76,40,2,38,4.02,95.0,52.63,64.33,82.24,50.26,4.03,10.99,2
PureGlow Soaps International (Fictional Dummy Company),Global Manufacturing Head - PureGlow Soaps,Australia,New Zealand,Hamilton,FCT032,Hamilton Soap Plant,LN0095,Line-2,2026-07-03 02:00:00,2026-07-03,2,Night,Lemon Bar Soap,1.19,60.0,2.3,No Downtime,57.7,71,69,2,67,2.5,97.1,97.18,96.17,100.49,93.84,6.9,16.03,3
PureGlow Soaps International (Fictional Dummy Company),Global Manufacturing Head - PureGlow Soaps,Australia,New Zealand,Hamilton,FCT032,Hamilton Soap Plant,LN0096,Line-3,2026-07-03 02:00:00,2026-07-03,2,Night,Aloe Vera Liquid Soap,1.36,60.0,5.1,Changeover/Setup,54.9,82,61,2,59,3.17,96.72,74.39,91.5,81.7,72.3,5.51,25.9,3
PureGlow Soaps International (Fictional Dummy Company),Global Manufacturing Head - PureGlow Soaps,Australia,New Zealand,Hamilton,FCT032,Hamilton Soap Plant,LN0094,Line-1,2026-07-03 03:00:00,2026-07-03,3,Night,Coconut Bar Soap,1.26,60.0,1.8,No Downtime,58.2,76,61,2,59,2.88,96.72,80.26,97.0,83.18,78.04,5.22,17.63,2
PureGlow Soaps International (Fictional Dummy Company),Global Manufacturing Head - PureGlow Soaps,Australia,New Zealand,Hamilton,FCT032,Hamilton Soap Plant,LN0095,Line-2,2026-07-03 03:00:00,2026-07-03,3,Night,Lemon Bar Soap,1.19,60.0,18.0,Preventive Maintenance,42.0,71,50,1,49,2.93,98.0,70.42,70.0,100.04,68.63,4.76,12.31,2
PureGlow Soaps International (Fictional Dummy Company),Global Manufacturing Head - PureGlow Soaps,Australia,New Zealand,Hamilton,FCT032,Hamilton Soap Plant,LN0096,Line-3,2026-07-03 03:00:00,2026-07-03,3,Night,Aloe Vera Liquid Soap,1.36,60.0,27.8,Preventive Maintenance,32.2,82,43,0,43,0.0,100.0,52.44,53.67,98.19,52.7,4.56,13.97,3
PureGlow Soaps International (Fictional Dummy Company),Global Manufacturing Head - PureGlow Soaps,Australia,New Zealand,Hamilton,FCT032,Hamilton Soap Plant,LN0094,Line-1,2026-07-03 04:00:00,2026-07-03,4,Night,Coconut Bar Soap,1.26,60.0,26.5,Power Outage,33.5,76,40,1,39,3.43,97.5,52.63,55.83,94.76,51.58,4.35,10.2,3
PureGlow Soaps International (Fictional Dummy Company),Global Manufacturing Head - PureGlow Soaps,Australia,New Zealand,Hamilton,FCT032,Hamilton Soap Plant,LN0095,Line-2,2026-07-03 04:00:00,2026-07-03,4,Night,Lemon Bar Soap,1.19,60.0,0.3,No Downtime,59.7,71,71,3,68,4.02,95.77,100.0,99.5,99.94,95.23,6.79,18.42,1
PureGlow Soaps International (Fictional Dummy Company),Global Manufacturing Head - PureGlow Soaps,Australia,New Zealand,Hamilton,FCT032,Hamilton Soap Plant,LN0096,Line-3,2026-07-03 04:00:00,2026-07-03,4,Night,Aloe Vera Liquid Soap,1.36,60.0,12.7,Machine Breakdown,47.3,82,55,2,53,4.32,96.36,67.07,78.83,85.5,64.95,5.44,22.19,2
PureGlow Soaps International (Fictional Dummy Company),Global Manufacturing Head - PureGlow Soaps,Australia,New Zealand,Hamilton,FCT032,Hamilton Soap Plant,LN0094,Line-1,2026-07-03 05:00:00,2026-07-03,5,Night,Coconut Bar Soap,1.26,60.0,28.1,Machine Breakdown,31.9,76,33,1,32,4.41,96.97,43.42,53.17,82.1,42.33,3.02,9.96,3
PureGlow Soaps International (Fictional Dummy Company),Global Manufacturing Head - PureGlow Soaps,Australia,New Zealand,Hamilton,FCT032,Hamilton Soap Plant,LN0095,Line-2,2026-07-03 05:00:00,2026-07-03,5,Night,Lemon Bar Soap,1.19,60.0,32.8,Material Shortage,27.2,71,32,1,31,3.42,96.88,45.07,45.33,98.86,43.42,3.46,7.51,1
PureGlow Soaps International (Fictional Dummy Company),Global Manufacturing Head - PureGlow Soaps,Australia,New Zealand,Hamilton,FCT032,Hamilton Soap Plant,LN0096,Line-3,2026-07-03 05:00:00,2026-07-03,5,Night,Aloe Vera Liquid Soap,1.36,60.0,29.9,Material Shortage,30.1,82,42,0,42,1.01,100.0,51.22,50.17,102.6,51.47,4.05,12.6,2
PureGlow Soaps International (Fictional Dummy Company),Global Manufacturing Head - PureGlow Soaps,Australia,New Zealand,Hamilton,FCT032,Hamilton Soap Plant,LN0094,Line-1,2026-07-03 06:00:00,2026-07-03,6,Morning,Coconut Bar Soap,1.26,60.0,19.3,Machine Breakdown,40.7,76,51,2,49,3.22,96.08,67.11,67.83,99.45,64.81,4.96,10.57,1
PureGlow Soaps International (Fictional Dummy Company),Global Manufacturing Head - PureGlow Soaps,Australia,New Zealand,Hamilton,FCT032,Hamilton Soap Plant,LN0095,Line-2,2026-07-03 06:00:00,2026-07-03,6,Morning,Lemon Bar Soap,1.19,60.0,0.4,No Downtime,59.6,71,68,3,65,4.7,95.59,95.77,99.33,95.88,91.04,6.16,15.93,3
PureGlow Soaps International (Fictional Dummy Company),Global Manufacturing Head - PureGlow Soaps,Australia,New Zealand,Hamilton,FCT032,Hamilton Soap Plant,LN0096,Line-3,2026-07-03 06:00:00,2026-07-03,6,Morning,Aloe Vera Liquid Soap,1.36,60.0,2.1,No Downtime,57.9,82,78,3,75,3.72,96.15,95.12,96.5,99.06,91.91,7.4,27.9,2
PureGlow Soaps International (Fictional Dummy Company),Global Manufacturing Head - PureGlow Soaps,Australia,New Zealand,Hamilton,FCT032,Hamilton Soap Plant,LN0094,Line-1,2026-07-03 07:00:00,2026-07-03,7,Morning,Coconut Bar Soap,1.26,60.0,0.1,No Downtime,59.9,76,72,3,69,3.86,95.83,94.74,99.83,95.4,91.27,7.47,16.12,2
PureGlow Soaps International (Fictional Dummy Company),Global Manufacturing Head - PureGlow Soaps,Australia,New Zealand,Hamilton,FCT032,Hamilton Soap Plant,LN0095,Line-2,2026-07-03 07:00:00,2026-07-03,7,Morning,Lemon Bar Soap,1.19,60.0,24.5,Machine Breakdown,35.5,71,40,0,40,1.13,100.0,56.34,59.17,94.69,56.03,4.39,10.9,2
PureGlow Soaps International (Fictional Dummy Company),Global Manufacturing Head - PureGlow Soaps,Australia,New Zealand,Hamilton,FCT032,Hamilton Soap Plant,LN0096,Line-3,2026-07-03 07:00:00,2026-07-03,7,Morning,Aloe Vera Liquid Soap,1.36,60.0,5.9,Changeover/Setup,54.1,82,72,1,71,0.92,98.61,87.8,90.17,97.86,87.01,6.48,27.32,2
PureGlow Soaps International (Fictional Dummy Company),Global Manufacturing Head - PureGlow Soaps,Australia,New Zealand,Hamilton,FCT032,Hamilton Soap Plant,LN0094,Line-1,2026-07-03 08:00:00,2026-07-03,8,Morning,Coconut Bar Soap,1.26,60.0,23.5,Material Shortage,36.5,76,41,0,41,0.21,100.0,53.95,60.83,89.15,54.23,3.98,11.0,2
PureGlow Soaps International (Fictional Dummy Company),Global Manufacturing Head - PureGlow Soaps,Australia,New Zealand,Hamilton,FCT032,Hamilton Soap Plant,LN0095,Line-2,2026-07-03 08:00:00,2026-07-03,8,Morning,Lemon Bar Soap,1.19,60.0,0.5,No Downtime,59.5,71,65,2,63,3.69,96.92,91.55,99.17,91.8,88.23,6.69,15.77,1
PureGlow Soaps International (Fictional Dummy Company),Global Manufacturing Head - PureGlow Soaps,Australia,New Zealand,Hamilton,FCT032,Hamilton Soap Plant,LN0096,Line-3,2026-07-03 08:00:00,2026-07-03,8,Morning,Aloe Vera Liquid Soap,1.36,60.0,3.7,No Downtime,56.3,82,63,2,61,3.22,96.83,76.83,93.83,82.28,74.76,5.6,25.06,1
PureGlow Soaps International (Fictional Dummy Company),Global Manufacturing Head - PureGlow Soaps,Australia,New Zealand,Hamilton,FCT032,Hamilton Soap Plant,LN0094,Line-1,2026-07-03 09:00:00,2026-07-03,9,Morning,Coconut Bar Soap,1.26,60.0,29.8,Machine Breakdown,30.2,76,33,0,33,0.87,100.0,43.42,50.33,86.72,43.65,3.53,8.86,1
PureGlow Soaps International (Fictional Dummy Company),Global Manufacturing Head - PureGlow Soaps,Australia,New Zealand,Hamilton,FCT032,Hamilton Soap Plant,LN0095,Line-2,2026-07-03 09:00:00,2026-07-03,9,Morning,Lemon Bar Soap,1.19,60.0,14.8,Power Outage,45.2,71,50,1,49,2.41,98.0,70.42,75.33,92.96,68.63,4.35,12.05,3
PureGlow Soaps International (Fictional Dummy Company),Global Manufacturing Head - PureGlow Soaps,Australia,New Zealand,Hamilton,FCT032,Hamilton Soap Plant,LN0096,Line-3,2026-07-03 09:00:00,2026-07-03,9,Morning,Aloe Vera Liquid Soap,1.36,60.0,1.9,No Downtime,58.1,82,76,2,74,3.18,97.37,92.68,96.83,96.18,90.68,7.99,28.08,3
PureGlow Soaps International (Fictional Dummy Company),Global Manufacturing Head - PureGlow Soaps,Australia,New Zealand,Hamilton,FCT032,Hamilton Soap Plant,LN0094,Line-1,2026-07-03 10:00:00,2026-07-03,10,Morning,Coconut Bar Soap,1.26,60.0,11.5,Changeover/Setup,48.5,76,52,2,50,3.12,96.15,68.42,80.83,85.09,66.13,4.96,13.35,3
PureGlow Soaps International (Fictional Dummy Company),Global Manufacturing Head - PureGlow Soaps,Australia,New Zealand,Hamilton,FCT032,Hamilton Soap Plant,LN0095,Line-2,2026-07-03 10:00:00,2026-07-03,10,Morning,Lemon Bar Soap,1.19,60.0,17.9,Changeover/Setup,42.1,71,42,0,42,0.0,100.0,59.15,70.17,83.83,58.82,3.98,11.37,2
PureGlow Soaps International (Fictional Dummy Company),Global Manufacturing Head - PureGlow Soaps,Australia,New Zealand,Hamilton,FCT032,Hamilton Soap Plant,LN0096,Line-3,2026-07-03 10:00:00,2026-07-03,10,Morning,Aloe Vera Liquid Soap,1.36,60.0,23.2,Preventive Maintenance,36.8,82,48,3,45,5.88,93.75,58.54,61.33,95.91,55.15,4.13,18.17,1
PureGlow Soaps International (Fictional Dummy Company),Global Manufacturing Head - PureGlow Soaps,Australia,New Zealand,Hamilton,FCT032,Hamilton Soap Plant,LN0094,Line-1,2026-07-03 11:00:00,2026-07-03,11,Morning,Coconut Bar Soap,1.26,60.0,3.4,No Downtime,56.6,76,59,2,57,4.12,96.61,77.63,94.33,82.73,75.39,5.32,14.71,2
PureGlow Soaps International (Fictional Dummy Company),Global Manufacturing Head - PureGlow Soaps,Australia,New Zealand,Hamilton,FCT032,Hamilton Soap Plant,LN0095,Line-2,2026-07-03 11:00:00,2026-07-03,11,Morning,Lemon Bar Soap,1.19,60.0,3.6,No Downtime,56.4,71,56,1,55,1.18,98.21,78.87,94.0,83.44,77.03,4.82,15.45,3
PureGlow Soaps International (Fictional Dummy Company),Global Manufacturing Head - PureGlow Soaps,Australia,New Zealand,Hamilton,FCT032,Hamilton Soap Plant,LN0096,Line-3,2026-07-03 11:00:00,2026-07-03,11,Morning,Aloe Vera Liquid Soap,1.36,60.0,18.0,Material Shortage,42.0,82,54,2,52,4.03,96.3,65.85,70.0,94.54,63.73,4.94,20.21,2
PureGlow Soaps International (Fictional Dummy Company),Global Manufacturing Head - PureGlow Soaps,Australia,New Zealand,Hamilton,FCT032,Hamilton Soap Plant,LN0094,Line-1,2026-07-03 12:00:00,2026-07-03,12,Morning,Coconut Bar Soap,1.26,60.0,6.6,Changeover/Setup,53.4,76,55,2,53,3.26,96.36,72.37,89.0,81.74,70.1,5.59,16.07,1
PureGlow Soaps International (Fictional Dummy Company),Global Manufacturing Head - PureGlow Soaps,Australia,New Zealand,Hamilton,FCT032,Hamilton Soap Plant,LN0095,Line-2,2026-07-03 12:00:00,2026-07-03,12,Morning,Lemon Bar Soap,1.19,60.0,11.8,Quality Hold,48.2,71,53,4,49,8.31,92.45,74.65,80.33,92.4,68.62,5.28,14.97,2
PureGlow Soaps International (Fictional Dummy Company),Global Manufacturing Head - PureGlow Soaps,Australia,New Zealand,Hamilton,FCT032,Hamilton Soap Plant,LN0096,Line-3,2026-07-03 12:00:00,2026-07-03,12,Morning,Aloe Vera Liquid Soap,1.36,60.0,29.5,Material Shortage,30.5,82,40,3,37,6.46,92.5,48.78,50.83,96.43,45.34,4.04,13.98,2
PureGlow Soaps International (Fictional Dummy Company),Global Manufacturing Head - PureGlow Soaps,Australia,New Zealand,Hamilton,FCT032,Hamilton Soap Plant,LN0094,Line-1,2026-07-03 13:00:00,2026-07-03,13,Morning,Coconut Bar Soap,1.26,60.0,17.3,Power Outage,42.7,76,48,3,45,5.67,93.75,63.16,71.17,89.22,59.53,4.14,13.12,3
PureGlow Soaps International (Fictional Dummy Company),Global Manufacturing Head - PureGlow Soaps,Australia,New Zealand,Hamilton,FCT032,Hamilton Soap Plant,LN0095,Line-2,2026-07-03 13:00:00,2026-07-03,13,Morning,Lemon Bar Soap,1.19,60.0,24.8,Material Shortage,35.2,71,38,1,37,2.28,97.37,53.52,58.67,90.72,51.83,3.65,9.51,2
PureGlow Soaps International (Fictional Dummy Company),Global Manufacturing Head - PureGlow Soaps,Australia,New Zealand,Hamilton,FCT032,Hamilton Soap Plant,LN0096,Line-3,2026-07-03 13:00:00,2026-07-03,13,Morning,Aloe Vera Liquid Soap,1.36,60.0,15.5,Changeover/Setup,44.5,82,61,2,59,2.64,96.72,74.39,74.17,100.79,72.3,6.01,21.07,3
PureGlow Soaps International (Fictional Dummy Company),Global Manufacturing Head - PureGlow Soaps,Australia,New Zealand,Hamilton,FCT032,Hamilton Soap Plant,LN0094,Line-1,2026-07-03 14:00:00,2026-07-03,14,Afternoon,Coconut Bar Soap,1.26,60.0,29.8,Material Shortage,30.2,76,31,1,30,3.65,96.77,40.79,50.33,81.47,39.68,3.37,8.99,3
PureGlow Soaps International (Fictional Dummy Company),Global Manufacturing Head - PureGlow Soaps,Australia,New Zealand,Hamilton,FCT032,Hamilton Soap Plant,LN0095,Line-2,2026-07-03 14:00:00,2026-07-03,14,Afternoon,Lemon Bar Soap,1.19,60.0,3.5,No Downtime,56.5,71,60,1,59,2.34,98.33,84.51,94.17,89.24,82.63,5.69,15.38,2
PureGlow Soaps International (Fictional Dummy Company),Global Manufacturing Head - PureGlow Soaps,Australia,New Zealand,Hamilton,FCT032,Hamilton Soap Plant,LN0096,Line-3,2026-07-03 14:00:00,2026-07-03,14,Afternoon,Aloe Vera Liquid Soap,1.36,60.0,3.1,No Downtime,56.9,82,68,1,67,1.31,98.53,82.93,94.83,87.87,82.1,7.33,27.95,2
PureGlow Soaps International (Fictional Dummy Company),Global Manufacturing Head - PureGlow Soaps,Australia,New Zealand,Hamilton,FCT032,Hamilton Soap Plant,LN0094,Line-1,2026-07-03 15:00:00,2026-07-03,15,Afternoon,Coconut Bar Soap,1.26,60.0,2.1,No Downtime,57.9,76,70,3,67,4.15,95.71,92.11,96.5,95.95,88.62,7.13,16.19,2
PureGlow Soaps International (Fictional Dummy Company),Global Manufacturing Head - PureGlow Soaps,Australia,New Zealand,Hamilton,FCT032,Hamilton Soap Plant,LN0095,Line-2,2026-07-03 15:00:00,2026-07-03,15,Afternoon,Lemon Bar Soap,1.19,60.0,6.5,Changeover/Setup,53.5,71,63,1,62,2.32,98.41,88.73,89.17,98.96,86.84,6.14,14.44,3
PureGlow Soaps International (Fictional Dummy Company),Global Manufacturing Head - PureGlow Soaps,Australia,New Zealand,Hamilton,FCT032,Hamilton Soap Plant,LN0096,Line-3,2026-07-03 15:00:00,2026-07-03,15,Afternoon,Aloe Vera Liquid Soap,1.36,60.0,20.7,Power Outage,39.3,82,45,2,43,3.75,95.56,54.88,65.5,84.19,52.7,4.23,19.71,3
PureGlow Soaps International (Fictional Dummy Company),Global Manufacturing Head - PureGlow Soaps,Australia,New Zealand,Hamilton,FCT032,Hamilton Soap Plant,LN0094,Line-1,2026-07-03 16:00:00,2026-07-03,16,Afternoon,Coconut Bar Soap,1.26,60.0,2.5,No Downtime,57.5,76,61,1,60,2.31,98.36,80.26,95.83,84.2,79.37,5.31,14.99,2
PureGlow Soaps International (Fictional Dummy Company),Global Manufacturing Head - PureGlow Soaps,Australia,New Zealand,Hamilton,FCT032,Hamilton Soap Plant,LN0095,Line-2,2026-07-03 16:00:00,2026-07-03,16,Afternoon,Lemon Bar Soap,1.19,60.0,4.0,No Downtime,56.0,71,59,1,58,2.34,98.31,83.1,93.33,88.54,81.24,6.4,16.53,2
PureGlow Soaps International (Fictional Dummy Company),Global Manufacturing Head - PureGlow Soaps,Australia,New Zealand,Hamilton,FCT032,Hamilton Soap Plant,LN0096,Line-3,2026-07-03 16:00:00,2026-07-03,16,Afternoon,Aloe Vera Liquid Soap,1.36,60.0,2.0,No Downtime,58.0,82,70,1,69,2.07,98.57,85.37,96.67,88.74,84.56,6.75,25.69,1
PureGlow Soaps International (Fictional Dummy Company),Global Manufacturing Head - PureGlow Soaps,Australia,New Zealand,Hamilton,FCT032,Hamilton Soap Plant,LN0094,Line-1,2026-07-03 17:00:00,2026-07-03,17,Afternoon,Coconut Bar Soap,1.26,60.0,3.1,No Downtime,56.9,76,68,1,67,2.11,98.53,89.47,94.83,94.85,88.62,7.13,17.37,3
PureGlow Soaps International (Fictional Dummy Company),Global Manufacturing Head - PureGlow Soaps,Australia,New Zealand,Hamilton,FCT032,Hamilton Soap Plant,LN0095,Line-2,2026-07-03 17:00:00,2026-07-03,17,Afternoon,Lemon Bar Soap,1.19,60.0,15.6,Preventive Maintenance,44.4,71,48,1,47,1.84,97.92,67.61,74.0,90.85,65.83,4.69,13.49,3
PureGlow Soaps International (Fictional Dummy Company),Global Manufacturing Head - PureGlow Soaps,Australia,New Zealand,Hamilton,FCT032,Hamilton Soap Plant,LN0096,Line-3,2026-07-03 17:00:00,2026-07-03,17,Afternoon,Aloe Vera Liquid Soap,1.36,60.0,1.7,No Downtime,58.3,82,65,3,62,3.94,95.38,79.27,97.17,81.98,75.98,6.38,26.68,1
PureGlow Soaps International (Fictional Dummy Company),Global Manufacturing Head - PureGlow Soaps,Australia,New Zealand,Hamilton,FCT032,Hamilton Soap Plant,LN0094,Line-1,2026-07-03 18:00:00,2026-07-03,18,Afternoon,Coconut Bar Soap,1.26,60.0,15.9,Quality Hold,44.1,76,46,5,41,10.17,89.13,60.53,73.5,82.78,54.23,4.96,12.07,1
PureGlow Soaps International (Fictional Dummy Company),Global Manufacturing Head - PureGlow Soaps,Australia,New Zealand,Hamilton,FCT032,Hamilton Soap Plant,LN0095,Line-2,2026-07-03 18:00:00,2026-07-03,18,Afternoon,Lemon Bar Soap,1.19,60.0,1.3,No Downtime,58.7,71,56,1,55,2.24,98.21,78.87,97.83,80.17,77.03,4.77,16.35,1
PureGlow Soaps International (Fictional Dummy Company),Global Manufacturing Head - PureGlow Soaps,Australia,New Zealand,Hamilton,FCT032,Hamilton Soap Plant,LN0096,Line-3,2026-07-03 18:00:00,2026-07-03,18,Afternoon,Aloe Vera Liquid Soap,1.36,60.0,6.8,Changeover/Setup,53.2,82,72,2,70,2.77,97.22,87.8,88.67,99.51,85.78,6.25,22.11,1
PureGlow Soaps International (Fictional Dummy Company),Global Manufacturing Head - PureGlow Soaps,Australia,New Zealand,Hamilton,FCT032,Hamilton Soap Plant,LN0094,Line-1,2026-07-03 19:00:00,2026-07-03,19,Afternoon,Coconut Bar Soap,1.26,60.0,2.5,No Downtime,57.5,76,61,2,59,3.48,96.72,80.26,95.83,84.2,78.04,6.12,15.27,1
PureGlow Soaps International (Fictional Dummy Company),Global Manufacturing Head - PureGlow Soaps,Australia,New Zealand,Hamilton,FCT032,Hamilton Soap Plant,LN0095,Line-2,2026-07-03 19:00:00,2026-07-03,19,Afternoon,Lemon Bar Soap,1.19,60.0,0.3,No Downtime,59.7,71,63,1,62,2.18,98.41,88.73,99.5,88.68,86.83,6.61,17.33,2
PureGlow Soaps International (Fictional Dummy Company),Global Manufacturing Head - PureGlow Soaps,Australia,New Zealand,Hamilton,FCT032,Hamilton Soap Plant,LN0096,Line-3,2026-07-03 19:00:00,2026-07-03,19,Afternoon,Aloe Vera Liquid Soap,1.36,60.0,14.9,Changeover/Setup,45.1,82,50,1,49,2.36,98.0,60.98,75.17,81.52,60.05,5.42,22.6,2
PureGlow Soaps International (Fictional Dummy Company),Global Manufacturing Head - PureGlow Soaps,Australia,New Zealand,Hamilton,FCT032,Hamilton Soap Plant,LN0094,Line-1,2026-07-03 20:00:00,2026-07-03,20,Afternoon,Coconut Bar Soap,1.26,60.0,8.0,Changeover/Setup,52.0,76,55,1,54,2.22,98.18,72.37,86.67,83.94,71.43,4.76,14.94,1
PureGlow Soaps International (Fictional Dummy Company),Global Manufacturing Head - PureGlow Soaps,Australia,New Zealand,Hamilton,FCT032,Hamilton Soap Plant,LN0095,Line-2,2026-07-03 20:00:00,2026-07-03,20,Afternoon,Lemon Bar Soap,1.19,60.0,1.4,No Downtime,58.6,71,58,2,56,3.6,96.55,81.69,97.67,83.17,78.43,5.71,17.56,3
PureGlow Soaps International (Fictional Dummy Company),Global Manufacturing Head - PureGlow Soaps,Australia,New Zealand,Hamilton,FCT032,Hamilton Soap Plant,LN0096,Line-3,2026-07-03 20:00:00,2026-07-03,20,Afternoon,Aloe Vera Liquid Soap,1.36,60.0,14.4,Power Outage,45.6,82,56,1,55,2.32,98.21,68.29,76.0,90.3,67.4,5.91,19.93,3
PureGlow Soaps International (Fictional Dummy Company),Global Manufacturing Head - PureGlow Soaps,Australia,New Zealand,Hamilton,FCT032,Hamilton Soap Plant,LN0094,Line-1,2026-07-03 21:00:00,2026-07-03,21,Afternoon,Coconut Bar Soap,1.26,60.0,39.8,Machine Breakdown,20.2,76,25,1,24,2.16,96.0,32.89,33.67,98.22,31.75,2.47,5.86,1
PureGlow Soaps International (Fictional Dummy Company),Global Manufacturing Head - PureGlow Soaps,Australia,New Zealand,Hamilton,FCT032,Hamilton Soap Plant,LN0095,Line-2,2026-07-03 21:00:00,2026-07-03,21,Afternoon,Lemon Bar Soap,1.19,60.0,21.7,Preventive Maintenance,38.3,71,43,0,43,1.03,100.0,60.56,63.83,94.35,60.22,4.19,10.32,2
PureGlow Soaps International (Fictional Dummy Company),Global Manufacturing Head - PureGlow Soaps,Australia,New Zealand,Hamilton,FCT032,Hamilton Soap Plant,LN0096,Line-3,2026-07-03 21:00:00,2026-07-03,21,Afternoon,Aloe Vera Liquid Soap,1.36,60.0,6.0,Changeover/Setup,54.0,82,72,2,70,2.58,97.22,87.8,90.0,98.04,85.78,7.48,24.51,2
PureGlow Soaps International (Fictional Dummy Company),Global Manufacturing Head - PureGlow Soaps,Australia,New Zealand,Hamilton,FCT032,Hamilton Soap Plant,LN0094,Line-1,2026-07-03 22:00:00,2026-07-03,22,Night,Coconut Bar Soap,1.26,60.0,19.6,Machine Breakdown,40.4,76,41,0,41,0.55,100.0,53.95,67.33,80.54,54.23,3.84,12.78,2
PureGlow Soaps International (Fictional Dummy Company),Global Manufacturing Head - PureGlow Soaps,Australia,New Zealand,Hamilton,FCT032,Hamilton Soap Plant,LN0095,Line-2,2026-07-03 22:00:00,2026-07-03,22,Night,Lemon Bar Soap,1.19,60.0,9.7,Power Outage,50.3,71,54,2,52,2.82,96.3,76.06,83.83,90.22,72.83,4.78,14.23,3
PureGlow Soaps International (Fictional Dummy Company),Global Manufacturing Head - PureGlow Soaps,Australia,New Zealand,Hamilton,FCT032,Hamilton Soap Plant,LN0096,Line-3,2026-07-03 22:00:00,2026-07-03,22,Night,Aloe Vera Liquid Soap,1.36,60.0,7.5,Power Outage,52.5,82,63,1,62,2.12,98.41,76.83,87.5,88.24,75.98,6.16,22.75,3
PureGlow Soaps International (Fictional Dummy Company),Global Manufacturing Head - PureGlow Soaps,Australia,New Zealand,Hamilton,FCT032,Hamilton Soap Plant,LN0094,Line-1,2026-07-03 23:00:00,2026-07-03,23,Night,Coconut Bar Soap,1.26,60.0,0.9,No Downtime,59.1,76,64,2,62,3.43,96.88,84.21,98.5,85.95,82.02,5.9,15.84,2
PureGlow Soaps International (Fictional Dummy Company),Global Manufacturing Head - PureGlow Soaps,Australia,New Zealand,Hamilton,FCT032,Hamilton Soap Plant,LN0095,Line-2,2026-07-03 23:00:00,2026-07-03,23,Night,Lemon Bar Soap,1.19,60.0,1.9,No Downtime,58.1,71,59,2,57,2.62,96.61,83.1,96.83,85.34,79.83,5.03,15.5,2
PureGlow Soaps International (Fictional Dummy Company),Global Manufacturing Head - PureGlow Soaps,Australia,New Zealand,Hamilton,FCT032,Hamilton Soap Plant,LN0096,Line-3,2026-07-03 23:00:00,2026-07-03,23,Night,Aloe Vera Liquid Soap,1.36,60.0,0.8,No Downtime,59.2,82,65,2,63,3.2,96.92,79.27,98.67,80.73,77.2,6.99,24.61,2
PureGlow Soaps International (Fictional Dummy Company),Global Manufacturing Head - PureGlow Soaps,Australia,New Zealand,Hamilton,FCT032,Hamilton Soap Plant,LN0094,Line-1,2026-07-04 00:00:00,2026-07-04,0,Night,Lemon Bar Soap,1.26,60.0,3.9,No Downtime,56.1,76,64,1,63,2.25,98.44,84.21,93.5,90.54,83.33,6.16,16.69,2
PureGlow Soaps International (Fictional Dummy Company),Global Manufacturing Head - PureGlow Soaps,Australia,New Zealand,Hamilton,FCT032,Hamilton Soap Plant,LN0095,Line-2,2026-07-04 00:00:00,2026-07-04,0,Night,Neem Bar Soap,1.19,60.0,11.3,Machine Breakdown,48.7,71,48,1,47,1.43,97.92,67.61,81.17,82.83,65.83,5.08,14.74,1
PureGlow Soaps International (Fictional Dummy Company),Global Manufacturing Head - PureGlow Soaps,Australia,New Zealand,Hamilton,FCT032,Hamilton Soap Plant,LN0096,Line-3,2026-07-04 00:00:00,2026-07-04,0,Night,Aloe Vera Liquid Soap,1.36,60.0,18.8,Changeover/Setup,41.2,82,51,0,51,0.33,100.0,62.2,68.67,91.02,62.5,5.47,19.24,1
PureGlow Soaps International (Fictional Dummy Company),Global Manufacturing Head - PureGlow Soaps,Australia,New Zealand,Hamilton,FCT032,Hamilton Soap Plant,LN0094,Line-1,2026-07-04 01:00:00,2026-07-04,1,Night,Lemon Bar Soap,1.26,60.0,16.6,Changeover/Setup,43.4,76,52,2,50,3.87,96.15,68.42,72.33,95.09,66.13,4.53,13.35,2
PureGlow Soaps International (Fictional Dummy Company),Global Manufacturing Head - PureGlow Soaps,Australia,New Zealand,Hamilton,FCT032,Hamilton Soap Plant,LN0095,Line-2,2026-07-04 01:00:00,2026-07-04,1,Night,Neem Bar Soap,1.19,60.0,3.6,No Downtime,56.4,71,55,1,54,1.45,98.18,77.46,94.0,81.95,75.63,5.74,17.14,2
PureGlow Soaps International (Fictional Dummy Company),Global Manufacturing Head - PureGlow Soaps,Australia,New Zealand,Hamilton,FCT032,Hamilton Soap Plant,LN0096,Line-3,2026-07-04 01:00:00,2026-07-04,1,Night,Aloe Vera Liquid Soap,1.36,60.0,1.3,No Downtime,58.7,82,74,1,73,1.39,98.65,90.24,97.83,92.69,89.45,6.62,27.78,2
PureGlow Soaps International (Fictional Dummy Company),Global Manufacturing Head - PureGlow Soaps,Australia,New Zealand,Hamilton,FCT032,Hamilton Soap Plant,LN0094,Line-1,2026-07-04 02:00:00,2026-07-04,2,Night,Lemon Bar Soap,1.26,60.0,0.0,No Downtime,60.0,76,77,1,76,1.13,98.7,101.32,100.0,101.85,100.53,6.93,16.66,2
PureGlow Soaps International (Fictional Dummy Company),Global Manufacturing Head - PureGlow Soaps,Australia,New Zealand,Hamilton,FCT032,Hamilton Soap Plant,LN0095,Line-2,2026-07-04 02:00:00,2026-07-04,2,Night,Neem Bar Soap,1.19,60.0,27.4,Preventive Maintenance,32.6,71,32,2,30,5.46,93.75,45.07,54.33,82.49,42.02,3.38,10.03,1
PureGlow Soaps International (Fictional Dummy Company),Global Manufacturing Head - PureGlow Soaps,Australia,New Zealand,Hamilton,FCT032,Hamilton Soap Plant,LN0096,Line-3,2026-07-04 02:00:00,2026-07-04,2,Night,Aloe Vera Liquid Soap,1.36,60.0,23.7,Machine Breakdown,36.3,82,46,1,45,2.19,97.83,56.1,60.5,93.18,55.15,4.19,15.33,1
PureGlow Soaps International (Fictional Dummy Company),Global Manufacturing Head - PureGlow Soaps,Australia,New Zealand,Hamilton,FCT032,Hamilton Soap Plant,LN0094,Line-1,2026-07-04 03:00:00,2026-07-04,3,Night,Lemon Bar Soap,1.26,60.0,11.8,Staff Shortage,48.2,76,60,1,59,1.69,98.33,78.95,80.33,98.79,78.03,5.22,14.19,1
PureGlow Soaps International (Fictional Dummy Company),Global Manufacturing Head - PureGlow Soaps,Australia,New Zealand,Hamilton,FCT032,Hamilton Soap Plant,LN0095,Line-2,2026-07-04 03:00:00,2026-07-04,3,Night,Neem Bar Soap,1.19,60.0,33.3,Machine Breakdown,26.7,71,28,1,27,2.58,96.43,39.44,44.5,88.13,37.82,3.05,7.73,1
PureGlow Soaps International (Fictional Dummy Company),Global Manufacturing Head - PureGlow Soaps,Australia,New Zealand,Hamilton,FCT032,Hamilton Soap Plant,LN0096,Line-3,2026-07-04 03:00:00,2026-07-04,3,Night,Aloe Vera Liquid Soap,1.36,60.0,19.8,Power Outage,40.2,82,56,3,53,6.03,94.64,68.29,67.0,102.43,64.95,6.16,20.34,2
PureGlow Soaps International (Fictional Dummy Company),Global Manufacturing Head - PureGlow Soaps,Australia,New Zealand,Hamilton,FCT032,Hamilton Soap Plant,LN0094,Line-1,2026-07-04 04:00:00,2026-07-04,4,Night,Lemon Bar Soap,1.26,60.0,0.6,No Downtime,59.4,76,77,4,73,5.31,94.81,101.32,99.0,102.88,96.57,8.24,16.93,2
PureGlow Soaps International (Fictional Dummy Company),Global Manufacturing Head - PureGlow Soaps,Australia,New Zealand,Hamilton,FCT032,Hamilton Soap Plant,LN0095,Line-2,2026-07-04 04:00:00,2026-07-04,4,Night,Neem Bar Soap,1.19,60.0,9.5,Changeover/Setup,50.5,71,53,3,50,5.13,94.34,74.65,84.17,88.19,70.03,5.47,13.72,3
PureGlow Soaps International (Fictional Dummy Company),Global Manufacturing Head - PureGlow Soaps,Australia,New Zealand,Hamilton,FCT032,Hamilton Soap Plant,LN0096,Line-3,2026-07-04 04:00:00,2026-07-04,4,Night,Aloe Vera Liquid Soap,1.36,60.0,35.7,Machine Breakdown,24.3,82,32,0,32,0.79,100.0,39.02,40.5,96.83,39.22,3.29,12.32,2
PureGlow Soaps International (Fictional Dummy Company),Global Manufacturing Head - PureGlow Soaps,Australia,New Zealand,Hamilton,FCT032,Hamilton Soap Plant,LN0094,Line-1,2026-07-04 05:00:00,2026-07-04,5,Night,Lemon Bar Soap,1.26,60.0,1.6,No Downtime,58.4,76,66,1,65,1.49,98.48,86.84,97.33,89.69,85.97,6.06,15.62,1
PureGlow Soaps International (Fictional Dummy Company),Global Manufacturing Head - PureGlow Soaps,Australia,New Zealand,Hamilton,FCT032,Hamilton Soap Plant,LN0095,Line-2,2026-07-04 05:00:00,2026-07-04,5,Night,Neem Bar Soap,1.19,60.0,0.0,No Downtime,60.0,71,59,0,59,0.14,100.0,83.1,100.0,82.63,82.63,6.11,15.88,3
PureGlow Soaps International (Fictional Dummy Company),Global Manufacturing Head - PureGlow Soaps,Australia,New Zealand,Hamilton,FCT032,Hamilton Soap Plant,LN0096,Line-3,2026-07-04 05:00:00,2026-07-04,5,Night,Aloe Vera Liquid Soap,1.36,60.0,11.0,Quality Hold,49.0,82,68,5,63,6.78,92.65,82.93,81.67,102.04,77.21,6.38,20.69,3
PureGlow Soaps International (Fictional Dummy Company),Global Manufacturing Head - PureGlow Soaps,Australia,New Zealand,Hamilton,FCT032,Hamilton Soap Plant,LN0094,Line-1,2026-07-04 06:00:00,2026-07-04,6,Morning,Lemon Bar Soap,1.26,60.0,23.1,Machine Breakdown,36.9,76,38,2,36,4.65,94.74,50.0,61.5,81.73,47.62,3.93,11.42,3
PureGlow Soaps International (Fictional Dummy Company),Global Manufacturing Head - PureGlow Soaps,Australia,New Zealand,Hamilton,FCT032,Hamilton Soap Plant,LN0095,Line-2,2026-07-04 06:00:00,2026-07-04,6,Morning,Neem Bar Soap,1.19,60.0,1.8,No Downtime,58.2,71,57,2,55,3.84,96.49,80.28,97.0,82.3,77.03,5.49,17.47,1
PureGlow Soaps International (Fictional Dummy Company),Global Manufacturing Head - PureGlow Soaps,Australia,New Zealand,Hamilton,FCT032,Hamilton Soap Plant,LN0096,Line-3,2026-07-04 06:00:00,2026-07-04,6,Morning,Aloe Vera Liquid Soap,1.36,60.0,14.6,Changeover/Setup,45.4,82,53,2,51,3.39,96.23,64.63,75.67,85.84,62.51,4.52,20.98,3
PureGlow Soaps International (Fictional Dummy Company),Global Manufacturing Head - PureGlow Soaps,Australia,New Zealand,Hamilton,FCT032,Hamilton Soap Plant,LN0094,Line-1,2026-07-04 07:00:00,2026-07-04,7,Morning,Lemon Bar Soap,1.26,60.0,19.4,Changeover/Setup,40.6,76,51,1,50,1.35,98.04,67.11,67.67,99.7,66.14,5.17,12.55,2
PureGlow Soaps International (Fictional Dummy Company),Global Manufacturing Head - PureGlow Soaps,Australia,New Zealand,Hamilton,FCT032,Hamilton Soap Plant,LN0095,Line-2,2026-07-04 07:00:00,2026-07-04,7,Morning,Neem Bar Soap,1.19,60.0,5.6,Quality Hold,54.4,71,58,4,54,7.05,93.1,81.69,90.67,89.59,75.63,5.57,15.58,2
PureGlow Soaps International (Fictional Dummy Company),Global Manufacturing Head - PureGlow Soaps,Australia,New Zealand,Hamilton,FCT032,Hamilton Soap Plant,LN0096,Line-3,2026-07-04 07:00:00,2026-07-04,7,Morning,Aloe Vera Liquid Soap,1.36,60.0,1.9,No Downtime,58.1,82,79,1,78,0.79,98.73,96.34,96.83,99.98,95.58,8.27,28.22,3
PureGlow Soaps International (Fictional Dummy Company),Global Manufacturing Head - PureGlow Soaps,Australia,New Zealand,Hamilton,FCT032,Hamilton Soap Plant,LN0094,Line-1,2026-07-04 08:00:00,2026-07-04,8,Morning,Lemon Bar Soap,1.26,60.0,2.3,No Downtime,57.7,76,64,3,61,3.98,95.31,84.21,96.17,88.03,80.69,6.48,16.86,3
PureGlow Soaps International (Fictional Dummy Company),Global Manufacturing Head - PureGlow Soaps,Australia,New Zealand,Hamilton,FCT032,Hamilton Soap Plant,LN0095,Line-2,2026-07-04 08:00:00,2026-07-04,8,Morning,Neem Bar Soap,1.19,60.0,18.9,Preventive Maintenance,41.1,71,45,2,43,3.8,95.56,63.38,68.5,92.01,60.23,4.74,12.66,1
PureGlow Soaps International (Fictional Dummy Company),Global Manufacturing Head - PureGlow Soaps,Australia,New Zealand,Hamilton,FCT032,Hamilton Soap Plant,LN0096,Line-3,2026-07-04 08:00:00,2026-07-04,8,Morning,Aloe Vera Liquid Soap,1.36,60.0,27.7,Power Outage,32.3,82,39,1,38,2.86,97.44,47.56,53.83,88.78,46.57,4.14,15.23,1
PureGlow Soaps International (Fictional Dummy Company),Global Manufacturing Head - PureGlow Soaps,Australia,New Zealand,Hamilton,FCT032,Hamilton Soap Plant,LN0094,Line-1,2026-07-04 09:00:00,2026-07-04,9,Morning,Lemon Bar Soap,1.26,60.0,34.6,Material Shortage,25.4,76,27,1,26,2.54,96.3,35.53,42.33,84.36,34.39,2.41,7.42,2
PureGlow Soaps International (Fictional Dummy Company),Global Manufacturing Head - PureGlow Soaps,Australia,New Zealand,Hamilton,FCT032,Hamilton Soap Plant,LN0095,Line-2,2026-07-04 09:00:00,2026-07-04,9,Morning,Neem Bar Soap,1.19,60.0,0.7,No Downtime,59.3,71,72,3,69,3.82,95.83,101.41,98.83,102.03,96.63,7.02,17.71,1
PureGlow Soaps International (Fictional Dummy Company),Global Manufacturing Head - PureGlow Soaps,Australia,New Zealand,Hamilton,FCT032,Hamilton Soap Plant,LN0096,Line-3,2026-07-04 09:00:00,2026-07-04,9,Morning,Aloe Vera Liquid Soap,1.36,60.0,5.6,Changeover/Setup,54.4,82,74,2,72,2.62,97.3,90.24,90.67,100.02,88.24,7.17,24.16,3
PureGlow Soaps International (Fictional Dummy Company),Global Manufacturing Head - PureGlow Soaps,Australia,New Zealand,Hamilton,FCT032,Hamilton Soap Plant,LN0094,Line-1,2026-07-04 10:00:00,2026-07-04,10,Morning,Lemon Bar Soap,1.26,60.0,2.5,No Downtime,57.5,76,68,2,66,2.93,97.06,89.47,95.83,93.86,87.3,5.79,17.01,2
PureGlow Soaps International (Fictional Dummy Company),Global Manufacturing Head - PureGlow Soaps,Australia,New Zealand,Hamilton,FCT032,Hamilton Soap Plant,LN0095,Line-2,2026-07-04 10:00:00,2026-07-04,10,Morning,Neem Bar Soap,1.19,60.0,12.1,Changeover/Setup,47.9,71,49,2,47,3.2,95.92,69.01,79.83,85.96,65.82,4.48,13.05,3
PureGlow Soaps International (Fictional Dummy Company),Global Manufacturing Head - PureGlow Soaps,Australia,New Zealand,Hamilton,FCT032,Hamilton Soap Plant,LN0096,Line-3,2026-07-04 10:00:00,2026-07-04,10,Morning,Aloe Vera Liquid Soap,1.36,60.0,2.0,No Downtime,58.0,82,66,1,65,1.11,98.48,80.49,96.67,83.67,79.65,6.24,27.91,1
PureGlow Soaps International (Fictional Dummy Company),Global Manufacturing Head - PureGlow Soaps,Australia,New Zealand,Hamilton,FCT032,Hamilton Soap Plant,LN0094,Line-1,2026-07-04 11:00:00,2026-07-04,11,Morning,Lemon Bar Soap,1.26,60.0,2.8,No Downtime,57.2,76,62,3,59,4.68,95.16,81.58,95.33,86.03,78.04,6.38,15.04,3
PureGlow Soaps International (Fictional Dummy Company),Global Manufacturing Head - PureGlow Soaps,Australia,New Zealand,Hamilton,FCT032,Hamilton Soap Plant,LN0095,Line-2,2026-07-04 11:00:00,2026-07-04,11,Morning,Neem Bar Soap,1.19,60.0,19.2,Power Outage,40.8,71,49,1,48,2.06,97.96,69.01,68.0,100.92,67.23,4.42,12.16,1
PureGlow Soaps International (Fictional Dummy Company),Global Manufacturing Head - PureGlow Soaps,Australia,New Zealand,Hamilton,FCT032,Hamilton Soap Plant,LN0096,Line-3,2026-07-04 11:00:00,2026-07-04,11,Morning,Aloe Vera Liquid Soap,1.36,60.0,6.6,Quality Hold,53.4,82,70,7,63,10.64,90.0,85.37,89.0,96.39,77.21,7.46,24.94,1
PureGlow Soaps International (Fictional Dummy Company),Global Manufacturing Head - PureGlow Soaps,Australia,New Zealand,Hamilton,FCT032,Hamilton Soap Plant,LN0094,Line-1,2026-07-04 12:00:00,2026-07-04,12,Morning,Lemon Bar Soap,1.26,60.0,10.5,Changeover/Setup,49.5,76,58,3,55,4.92,94.83,76.32,82.5,92.99,72.75,6.04,15.2,3
PureGlow Soaps International (Fictional Dummy Company),Global Manufacturing Head - PureGlow Soaps,Australia,New Zealand,Hamilton,FCT032,Hamilton Soap Plant,LN0095,Line-2,2026-07-04 12:00:00,2026-07-04,12,Morning,Neem Bar Soap,1.19,60.0,10.3,Machine Breakdown,49.7,71,59,2,57,2.95,96.61,83.1,82.83,99.76,79.83,6.3,14.75,2
PureGlow Soaps International (Fictional Dummy Company),Global Manufacturing Head - PureGlow Soaps,Australia,New Zealand,Hamilton,FCT032,Hamilton Soap Plant,LN0096,Line-3,2026-07-04 12:00:00,2026-07-04,12,Morning,Aloe Vera Liquid Soap,1.36,60.0,0.8,No Downtime,59.2,82,79,4,75,5.14,94.94,96.34,98.67,98.12,91.92,8.03,25.66,1
PureGlow Soaps International (Fictional Dummy Company),Global Manufacturing Head - PureGlow Soaps,Australia,New Zealand,Hamilton,FCT032,Hamilton Soap Plant,LN0094,Line-1,2026-07-04 13:00:00,2026-07-04,13,Morning,Lemon Bar Soap,1.26,60.0,33.1,Machine Breakdown,26.9,76,28,1,27,5.3,96.43,36.84,44.83,82.61,35.71,2.77,7.86,1
PureGlow Soaps International (Fictional Dummy Company),Global Manufacturing Head - PureGlow Soaps,Australia,New Zealand,Hamilton,FCT032,Hamilton Soap Plant,LN0095,Line-2,2026-07-04 13:00:00,2026-07-04,13,Morning,Neem Bar Soap,1.19,60.0,0.5,No Downtime,59.5,71,59,2,57,4.1,96.61,83.1,99.17,83.33,79.84,6.33,18.38,1
PureGlow Soaps International (Fictional Dummy Company),Global Manufacturing Head - PureGlow Soaps,Australia,New Zealand,Hamilton,FCT032,Hamilton Soap Plant,LN0096,Line-3,2026-07-04 13:00:00,2026-07-04,13,Morning,Aloe Vera Liquid Soap,1.36,60.0,16.4,Changeover/Setup,43.6,82,49,1,48,2.94,97.96,59.76,72.67,82.64,58.83,5.37,19.78,2
PureGlow Soaps International (Fictional Dummy Company),Global Manufacturing Head - PureGlow Soaps,Australia,New Zealand,Hamilton,FCT032,Hamilton Soap Plant,LN0094,Line-1,2026-07-04 14:00:00,2026-07-04,14,Afternoon,Lemon Bar Soap,1.26,60.0,23.6,Power Outage,36.4,76,41,2,39,3.82,95.12,53.95,60.67,89.39,51.59,4.1,11.22,2
PureGlow Soaps International (Fictional Dummy Company),Global Manufacturing Head - PureGlow Soaps,Australia,New Zealand,Hamilton,FCT032,Hamilton Soap Plant,LN0095,Line-2,2026-07-04 14:00:00,2026-07-04,14,Afternoon,Neem Bar Soap,1.19,60.0,0.1,No Downtime,59.9,71,70,4,66,5.62,94.29,98.59,99.83,98.2,92.44,7.4,16.98,1
PureGlow Soaps International (Fictional Dummy Company),Global Manufacturing Head - PureGlow Soaps,Australia,New Zealand,Hamilton,FCT032,Hamilton Soap Plant,LN0096,Line-3,2026-07-04 14:00:00,2026-07-04,14,Afternoon,Aloe Vera Liquid Soap,1.36,60.0,20.6,Machine Breakdown,39.4,82,45,0,45,0.88,100.0,54.88,65.67,83.98,55.15,4.51,17.51,3
PureGlow Soaps International (Fictional Dummy Company),Global Manufacturing Head - PureGlow Soaps,Australia,New Zealand,Hamilton,FCT032,Hamilton Soap Plant,LN0094,Line-1,2026-07-04 15:00:00,2026-07-04,15,Afternoon,Lemon Bar Soap,1.26,60.0,24.3,Power Outage,35.7,76,45,2,43,4.89,95.56,59.21,59.5,100.04,56.88,4.58,9.94,1
PureGlow Soaps International (Fictional Dummy Company),Global Manufacturing Head - PureGlow Soaps,Australia,New Zealand,Hamilton,FCT032,Hamilton Soap Plant,LN0095,Line-2,2026-07-04 15:00:00,2026-07-04,15,Afternoon,Neem Bar Soap,1.19,60.0,0.7,No Downtime,59.3,71,63,3,60,4.07,95.24,88.73,98.83,89.28,84.04,6.17,18.44,3
PureGlow Soaps International (Fictional Dummy Company),Global Manufacturing Head - PureGlow Soaps,Australia,New Zealand,Hamilton,FCT032,Hamilton Soap Plant,LN0096,Line-3,2026-07-04 15:00:00,2026-07-04,15,Afternoon,Aloe Vera Liquid Soap,1.36,60.0,17.6,Material Shortage,42.4,82,48,2,46,4.19,95.83,58.54,70.67,83.24,56.37,5.16,18.07,2
PureGlow Soaps International (Fictional Dummy Company),Global Manufacturing Head - PureGlow Soaps,Australia,New Zealand,Hamilton,FCT032,Hamilton Soap Plant,LN0094,Line-1,2026-07-04 16:00:00,2026-07-04,16,Afternoon,Lemon Bar Soap,1.26,60.0,7.3,Changeover/Setup,52.7,76,56,0,56,0.0,100.0,73.68,87.83,84.33,74.07,5.05,15.99,3
PureGlow Soaps International (Fictional Dummy Company),Global Manufacturing Head - PureGlow Soaps,Australia,New Zealand,Hamilton,FCT032,Hamilton Soap Plant,LN0095,Line-2,2026-07-04 16:00:00,2026-07-04,16,Afternoon,Neem Bar Soap,1.19,60.0,0.4,No Downtime,59.6,71,61,1,60,1.6,98.36,85.92,99.33,86.01,84.03,5.98,16.96,3
PureGlow Soaps International (Fictional Dummy Company),Global Manufacturing Head - PureGlow Soaps,Australia,New Zealand,Hamilton,FCT032,Hamilton Soap Plant,LN0096,Line-3,2026-07-04 16:00:00,2026-07-04,16,Afternoon,Aloe Vera Liquid Soap,1.36,60.0,33.4,Preventive Maintenance,26.6,82,35,1,34,2.99,97.14,42.68,44.33,96.75,41.66,3.78,12.66,1
PureGlow Soaps International (Fictional Dummy Company),Global Manufacturing Head - PureGlow Soaps,Australia,New Zealand,Hamilton,FCT032,Hamilton Soap Plant,LN0094,Line-1,2026-07-04 17:00:00,2026-07-04,17,Afternoon,Lemon Bar Soap,1.26,60.0,2.2,No Downtime,57.8,76,67,1,66,0.91,98.51,88.16,96.33,92.0,87.3,6.94,16.25,3
PureGlow Soaps International (Fictional Dummy Company),Global Manufacturing Head - PureGlow Soaps,Australia,New Zealand,Hamilton,FCT032,Hamilton Soap Plant,LN0095,Line-2,2026-07-04 17:00:00,2026-07-04,17,Afternoon,Neem Bar Soap,1.19,60.0,6.1,Quality Hold,53.9,71,52,3,49,5.69,94.23,73.24,89.83,81.07,68.62,4.85,14.24,3
PureGlow Soaps International (Fictional Dummy Company),Global Manufacturing Head - PureGlow Soaps,Australia,New Zealand,Hamilton,FCT032,Hamilton Soap Plant,LN0096,Line-3,2026-07-04 17:00:00,2026-07-04,17,Afternoon,Aloe Vera Liquid Soap,1.36,60.0,1.3,No Downtime,58.7,82,69,2,67,3.25,97.1,84.15,97.83,86.43,82.1,6.02,28.88,1
PureGlow Soaps International (Fictional Dummy Company),Global Manufacturing Head - PureGlow Soaps,Australia,New Zealand,Hamilton,FCT032,Hamilton Soap Plant,LN0094,Line-1,2026-07-04 18:00:00,2026-07-04,18,Afternoon,Lemon Bar Soap,1.26,60.0,9.9,Changeover/Setup,50.1,76,52,1,51,1.75,98.08,68.42,83.5,82.37,67.46,5.38,15.75,3
PureGlow Soaps International (Fictional Dummy Company),Global Manufacturing Head - PureGlow Soaps,Australia,New Zealand,Hamilton,FCT032,Hamilton Soap Plant,LN0095,Line-2,2026-07-04 18:00:00,2026-07-04,18,Afternoon,Neem Bar Soap,1.19,60.0,20.0,Material Shortage,40.0,71,39,1,38,1.3,97.44,54.93,66.67,81.93,53.22,3.82,11.98,3
PureGlow Soaps International (Fictional Dummy Company),Global Manufacturing Head - PureGlow Soaps,Australia,New Zealand,Hamilton,FCT032,Hamilton Soap Plant,LN0096,Line-3,2026-07-04 18:00:00,2026-07-04,18,Afternoon,Aloe Vera Liquid Soap,1.36,60.0,17.4,Quality Hold,42.6,82,54,3,51,6.35,94.44,65.85,71.0,93.21,62.5,5.58,19.21,2
PureGlow Soaps International (Fictional Dummy Company),Global Manufacturing Head - PureGlow Soaps,Australia,New Zealand,Hamilton,FCT032,Hamilton Soap Plant,LN0094,Line-1,2026-07-04 19:00:00,2026-07-04,19,Afternoon,Lemon Bar Soap,1.26,60.0,0.0,No Downtime,60.0,76,76,1,75,1.3,98.68,100.0,100.0,100.53,99.2,7.09,17.31,2
PureGlow Soaps International (Fictional Dummy Company),Global Manufacturing Head - PureGlow Soaps,Australia,New Zealand,Hamilton,FCT032,Hamilton Soap Plant,LN0095,Line-2,2026-07-04 19:00:00,2026-07-04,19,Afternoon,Neem Bar Soap,1.19,60.0,16.6,Machine Breakdown,43.4,71,48,0,48,0.91,100.0,67.61,72.33,92.94,67.22,5.21,11.38,2
PureGlow Soaps International (Fictional Dummy Company),Global Manufacturing Head - PureGlow Soaps,Australia,New Zealand,Hamilton,FCT032,Hamilton Soap Plant,LN0096,Line-3,2026-07-04 19:00:00,2026-07-04,19,Afternoon,Aloe Vera Liquid Soap,1.36,60.0,27.8,Preventive Maintenance,32.2,82,42,1,41,1.67,97.62,51.22,53.67,95.91,50.25,3.85,14.68,1
PureGlow Soaps International (Fictional Dummy Company),Global Manufacturing Head - PureGlow Soaps,Australia,New Zealand,Hamilton,FCT032,Hamilton Soap Plant,LN0094,Line-1,2026-07-04 20:00:00,2026-07-04,20,Afternoon,Lemon Bar Soap,1.26,60.0,2.3,No Downtime,57.7,76,59,2,57,2.99,96.61,77.63,96.17,81.15,75.4,5.88,16.57,1
PureGlow Soaps International (Fictional Dummy Company),Global Manufacturing Head - PureGlow Soaps,Australia,New Zealand,Hamilton,FCT032,Hamilton Soap Plant,LN0095,Line-2,2026-07-04 20:00:00,2026-07-04,20,Afternoon,Neem Bar Soap,1.19,60.0,1.7,No Downtime,58.3,71,67,2,65,2.57,97.01,94.37,97.17,96.57,91.03,5.96,17.38,2
PureGlow Soaps International (Fictional Dummy Company),Global Manufacturing Head - PureGlow Soaps,Australia,New Zealand,Hamilton,FCT032,Hamilton Soap Plant,LN0096,Line-3,2026-07-04 20:00:00,2026-07-04,20,Afternoon,Aloe Vera Liquid Soap,1.36,60.0,0.8,No Downtime,59.2,82,76,3,73,4.47,96.05,92.68,98.67,94.4,89.47,6.49,28.53,1
PureGlow Soaps International (Fictional Dummy Company),Global Manufacturing Head - PureGlow Soaps,Australia,New Zealand,Hamilton,FCT032,Hamilton Soap Plant,LN0094,Line-1,2026-07-04 21:00:00,2026-07-04,21,Afternoon,Lemon Bar Soap,1.26,60.0,2.1,No Downtime,57.9,76,62,2,60,3.41,96.77,81.58,96.5,84.99,79.37,6.3,15.64,2
PureGlow Soaps International (Fictional Dummy Company),Global Manufacturing Head - PureGlow Soaps,Australia,New Zealand,Hamilton,FCT032,Hamilton Soap Plant,LN0095,Line-2,2026-07-04 21:00:00,2026-07-04,21,Afternoon,Neem Bar Soap,1.19,60.0,14.5,Changeover/Setup,45.5,71,49,1,48,2.79,97.96,69.01,75.83,90.5,67.23,4.59,11.9,1
PureGlow Soaps International (Fictional Dummy Company),Global Manufacturing Head - PureGlow Soaps,Australia,New Zealand,Hamilton,FCT032,Hamilton Soap Plant,LN0096,Line-3,2026-07-04 21:00:00,2026-07-04,21,Afternoon,Aloe Vera Liquid Soap,1.36,60.0,30.7,Machine Breakdown,29.3,82,38,1,37,3.14,97.37,46.34,48.83,95.36,45.34,3.98,13.09,1
PureGlow Soaps International (Fictional Dummy Company),Global Manufacturing Head - PureGlow Soaps,Australia,New Zealand,Hamilton,FCT032,Hamilton Soap Plant,LN0094,Line-1,2026-07-04 22:00:00,2026-07-04,22,Night,Lemon Bar Soap,1.26,60.0,16.4,Changeover/Setup,43.6,76,56,0,56,0.0,100.0,73.68,72.67,101.94,74.08,5.07,12.21,3
PureGlow Soaps International (Fictional Dummy Company),Global Manufacturing Head - PureGlow Soaps,Australia,New Zealand,Hamilton,FCT032,Hamilton Soap Plant,LN0095,Line-2,2026-07-04 22:00:00,2026-07-04,22,Night,Neem Bar Soap,1.19,60.0,5.7,Changeover/Setup,54.3,71,53,1,52,2.58,98.11,74.65,90.5,82.02,72.83,5.13,15.76,2
PureGlow Soaps International (Fictional Dummy Company),Global Manufacturing Head - PureGlow Soaps,Australia,New Zealand,Hamilton,FCT032,Hamilton Soap Plant,LN0096,Line-3,2026-07-04 22:00:00,2026-07-04,22,Night,Aloe Vera Liquid Soap,1.36,60.0,1.4,No Downtime,58.6,82,69,3,66,4.38,95.65,84.15,97.67,86.58,80.88,7.23,25.46,1
PureGlow Soaps International (Fictional Dummy Company),Global Manufacturing Head - PureGlow Soaps,Australia,New Zealand,Hamilton,FCT032,Hamilton Soap Plant,LN0094,Line-1,2026-07-04 23:00:00,2026-07-04,23,Night,Lemon Bar Soap,1.26,60.0,2.4,No Downtime,57.6,76,60,0,60,0.19,100.0,78.95,96.0,82.67,79.36,5.95,16.65,1
PureGlow Soaps International (Fictional Dummy Company),Global Manufacturing Head - PureGlow Soaps,Australia,New Zealand,Hamilton,FCT032,Hamilton Soap Plant,LN0095,Line-2,2026-07-04 23:00:00,2026-07-04,23,Night,Neem Bar Soap,1.19,60.0,16.7,Changeover/Setup,43.3,71,45,1,44,2.38,97.78,63.38,72.17,87.33,61.63,4.08,13.58,3
PureGlow Soaps International (Fictional Dummy Company),Global Manufacturing Head - PureGlow Soaps,Australia,New Zealand,Hamilton,FCT032,Hamilton Soap Plant,LN0096,Line-3,2026-07-04 23:00:00,2026-07-04,23,Night,Aloe Vera Liquid Soap,1.36,60.0,0.9,No Downtime,59.1,82,75,3,72,3.43,96.0,91.46,98.5,93.31,88.23,7.62,29.06,2
PureGlow Soaps International (Fictional Dummy Company),Global Manufacturing Head - PureGlow Soaps,Australia,New Zealand,Hamilton,FCT032,Hamilton Soap Plant,LN0094,Line-1,2026-07-05 00:00:00,2026-07-05,0,Night,Aloe Vera Liquid Soap,1.26,60.0,16.6,Power Outage,43.4,76,50,1,49,2.45,98.0,65.79,72.33,91.43,64.81,5.07,13.68,1
PureGlow Soaps International (Fictional Dummy Company),Global Manufacturing Head - PureGlow Soaps,Australia,New Zealand,Hamilton,FCT032,Hamilton Soap Plant,LN0095,Line-2,2026-07-05 00:00:00,2026-07-05,0,Night,Coconut Bar Soap,1.19,60.0,8.6,Changeover/Setup,51.4,71,52,1,51,1.33,98.08,73.24,85.67,85.01,71.43,5.44,14.31,1
PureGlow Soaps International (Fictional Dummy Company),Global Manufacturing Head - PureGlow Soaps,Australia,New Zealand,Hamilton,FCT032,Hamilton Soap Plant,LN0096,Line-3,2026-07-05 00:00:00,2026-07-05,0,Night,Charcoal Bar Soap,1.36,60.0,22.4,Staff Shortage,37.6,82,50,1,49,2.28,98.0,60.98,62.67,97.78,60.05,4.46,18.93,2
PureGlow Soaps International (Fictional Dummy Company),Global Manufacturing Head - PureGlow Soaps,Australia,New Zealand,Hamilton,FCT032,Hamilton Soap Plant,LN0094,Line-1,2026-07-05 01:00:00,2026-07-05,1,Night,Aloe Vera Liquid Soap,1.26,60.0,2.4,No Downtime,57.6,76,66,4,62,5.45,93.94,86.84,96.0,90.94,82.01,6.87,16.36,1
PureGlow Soaps International (Fictional Dummy Company),Global Manufacturing Head - PureGlow Soaps,Australia,New Zealand,Hamilton,FCT032,Hamilton Soap Plant,LN0095,Line-2,2026-07-05 01:00:00,2026-07-05,1,Night,Coconut Bar Soap,1.19,60.0,14.2,Quality Hold,45.8,71,51,4,47,7.11,92.16,71.83,76.33,93.57,65.82,4.7,13.06,2
PureGlow Soaps International (Fictional Dummy Company),Global Manufacturing Head - PureGlow Soaps,Australia,New Zealand,Hamilton,FCT032,Hamilton Soap Plant,LN0096,Line-3,2026-07-05 01:00:00,2026-07-05,1,Night,Charcoal Bar Soap,1.36,60.0,3.5,No Downtime,56.5,82,78,1,77,1.32,98.72,95.12,94.17,101.51,94.37,7.13,27.39,2
PureGlow Soaps International (Fictional Dummy Company),Global Manufacturing Head - PureGlow Soaps,Australia,New Zealand,Hamilton,FCT032,Hamilton Soap Plant,LN0094,Line-1,2026-07-05 02:00:00,2026-07-05,2,Night,Aloe Vera Liquid Soap,1.26,60.0,2.7,No Downtime,57.3,76,73,4,69,5.98,94.52,96.05,95.5,101.11,91.27,7.67,15.63,3
PureGlow Soaps International (Fictional Dummy Company),Global Manufacturing Head - PureGlow Soaps,Australia,New Zealand,Hamilton,FCT032,Hamilton Soap Plant,LN0095,Line-2,2026-07-05 02:00:00,2026-07-05,2,Night,Coconut Bar Soap,1.19,60.0,12.5,Changeover/Setup,47.5,71,57,2,55,3.77,96.49,80.28,79.17,100.84,77.03,5.31,14.47,3
PureGlow Soaps International (Fictional Dummy Company),Global Manufacturing Head - PureGlow Soaps,Australia,New Zealand,Hamilton,FCT032,Hamilton Soap Plant,LN0096,Line-3,2026-07-05 02:00:00,2026-07-05,2,Night,Charcoal Bar Soap,1.36,60.0,34.3,Machine Breakdown,25.7,82,30,1,29,2.9,96.67,36.59,42.83,85.83,35.54,2.72,12.54,1
PureGlow Soaps International (Fictional Dummy Company),Global Manufacturing Head - PureGlow Soaps,Australia,New Zealand,Hamilton,FCT032,Hamilton Soap Plant,LN0094,Line-1,2026-07-05 03:00:00,2026-07-05,3,Night,Aloe Vera Liquid Soap,1.26,60.0,1.2,No Downtime,58.8,76,66,3,63,4.05,95.45,86.84,98.0,89.08,83.33,5.98,16.73,2
PureGlow Soaps International (Fictional Dummy Company),Global Manufacturing Head - PureGlow Soaps,Australia,New Zealand,Hamilton,FCT032,Hamilton Soap Plant,LN0095,Line-2,2026-07-05 03:00:00,2026-07-05,3,Night,Coconut Bar Soap,1.19,60.0,21.3,Power Outage,38.7,71,42,1,41,1.32,97.62,59.15,64.5,91.2,57.42,4.21,11.28,3
PureGlow Soaps International (Fictional Dummy Company),Global Manufacturing Head - PureGlow Soaps,Australia,New Zealand,Hamilton,FCT032,Hamilton Soap Plant,LN0096,Line-3,2026-07-05 03:00:00,2026-07-05,3,Night,Charcoal Bar Soap,1.36,60.0,3.6,No Downtime,56.4,82,74,1,73,0.9,98.65,90.24,94.0,96.47,89.46,7.65,27.08,3
PureGlow Soaps International (Fictional Dummy Company),Global Manufacturing Head - PureGlow Soaps,Australia,New Zealand,Hamilton,FCT032,Hamilton Soap Plant,LN0094,Line-1,2026-07-05 04:00:00,2026-07-05,4,Night,Aloe Vera Liquid Soap,1.26,60.0,18.6,Power Outage,41.4,76,50,1,49,1.29,98.0,65.79,69.0,95.85,64.81,5.01,12.77,1
PureGlow Soaps International (Fictional Dummy Company),Global Manufacturing Head - PureGlow Soaps,Australia,New Zealand,Hamilton,FCT032,Hamilton Soap Plant,LN0095,Line-2,2026-07-05 04:00:00,2026-07-05,4,Night,Coconut Bar Soap,1.19,60.0,3.7,No Downtime,56.3,71,60,2,58,2.82,96.67,84.51,93.83,89.56,81.24,5.69,16.03,3
PureGlow Soaps International (Fictional Dummy Company),Global Manufacturing Head - PureGlow Soaps,Australia,New Zealand,Hamilton,FCT032,Hamilton Soap Plant,LN0096,Line-3,2026-07-05 04:00:00,2026-07-05,4,Night,Charcoal Bar Soap,1.36,60.0,1.7,No Downtime,58.3,82,79,3,76,3.42,96.2,96.34,97.17,99.64,93.14,8.29,27.58,1
PureGlow Soaps International (Fictional Dummy Company),Global Manufacturing Head - PureGlow Soaps,Australia,New Zealand,Hamilton,FCT032,Hamilton Soap Plant,LN0094,Line-1,2026-07-05 05:00:00,2026-07-05,5,Night,Aloe Vera Liquid Soap,1.26,60.0,3.1,No Downtime,56.9,76,59,1,58,2.36,98.31,77.63,94.83,82.29,76.72,6.22,16.27,2
PureGlow Soaps International (Fictional Dummy Company),Global Manufacturing Head - PureGlow Soaps,Australia,New Zealand,Hamilton,FCT032,Hamilton Soap Plant,LN0095,Line-2,2026-07-05 05:00:00,2026-07-05,5,Night,Coconut Bar Soap,1.19,60.0,3.4,No Downtime,56.6,71,56,1,55,2.58,98.21,78.87,94.33,83.14,77.02,5.33,17.26,2
PureGlow Soaps International (Fictional Dummy Company),Global Manufacturing Head - PureGlow Soaps,Australia,New Zealand,Hamilton,FCT032,Hamilton Soap Plant,LN0096,Line-3,2026-07-05 05:00:00,2026-07-05,5,Night,Charcoal Bar Soap,1.36,60.0,24.4,Preventive Maintenance,35.6,82,39,1,38,2.19,97.44,47.56,59.33,80.55,46.57,3.88,15.78,2
PureGlow Soaps International (Fictional Dummy Company),Global Manufacturing Head - PureGlow Soaps,Australia,New Zealand,Hamilton,FCT032,Hamilton Soap Plant,LN0094,Line-1,2026-07-05 06:00:00,2026-07-05,6,Morning,Aloe Vera Liquid Soap,1.26,60.0,3.4,No Downtime,56.6,76,58,1,57,1.57,98.28,76.32,94.33,81.33,75.4,6.31,15.29,1
PureGlow Soaps International (Fictional Dummy Company),Global Manufacturing Head - PureGlow Soaps,Australia,New Zealand,Hamilton,FCT032,Hamilton Soap Plant,LN0095,Line-2,2026-07-05 06:00:00,2026-07-05,6,Morning,Coconut Bar Soap,1.19,60.0,19.2,Machine Breakdown,40.8,71,49,2,47,4.32,95.92,69.01,68.0,100.92,65.83,4.68,11.23,3
PureGlow Soaps International (Fictional Dummy Company),Global Manufacturing Head - PureGlow Soaps,Australia,New Zealand,Hamilton,FCT032,Hamilton Soap Plant,LN0096,Line-3,2026-07-05 06:00:00,2026-07-05,6,Morning,Charcoal Bar Soap,1.36,60.0,18.3,Material Shortage,41.7,82,49,1,48,2.23,97.96,59.76,69.5,86.4,58.82,4.92,18.78,2
PureGlow Soaps International (Fictional Dummy Company),Global Manufacturing Head - PureGlow Soaps,Australia,New Zealand,Hamilton,FCT032,Hamilton Soap Plant,LN0094,Line-1,2026-07-05 07:00:00,2026-07-05,7,Morning,Aloe Vera Liquid Soap,1.26,60.0,30.5,Machine Breakdown,29.5,76,36,1,35,3.07,97.22,47.37,49.17,96.85,46.3,3.72,8.09,2
PureGlow Soaps International (Fictional Dummy Company),Global Manufacturing Head - PureGlow Soaps,Australia,New Zealand,Hamilton,FCT032,Hamilton Soap Plant,LN0095,Line-2,2026-07-05 07:00:00,2026-07-05,7,Morning,Coconut Bar Soap,1.19,60.0,1.7,No Downtime,58.3,71,70,3,67,3.99,95.71,98.59,97.17,100.9,93.84,7.46,17.13,1
PureGlow Soaps International (Fictional Dummy Company),Global Manufacturing Head - PureGlow Soaps,Australia,New Zealand,Hamilton,FCT032,Hamilton Soap Plant,LN0096,Line-3,2026-07-05 07:00:00,2026-07-05,7,Morning,Charcoal Bar Soap,1.36,60.0,0.5,No Downtime,59.5,82,79,3,76,3.91,96.2,96.34,99.17,97.63,93.14,8.16,29.58,1
PureGlow Soaps International (Fictional Dummy Company),Global Manufacturing Head - PureGlow Soaps,Australia,New Zealand,Hamilton,FCT032,Hamilton Soap Plant,LN0094,Line-1,2026-07-05 08:00:00,2026-07-05,8,Morning,Aloe Vera Liquid Soap,1.26,60.0,3.6,No Downtime,56.4,76,63,2,61,2.89,96.83,82.89,94.0,88.65,80.69,6.53,14.73,1
PureGlow Soaps International (Fictional Dummy Company),Global Manufacturing Head - PureGlow Soaps,Australia,New Zealand,Hamilton,FCT032,Hamilton Soap Plant,LN0095,Line-2,2026-07-05 08:00:00,2026-07-05,8,Morning,Coconut Bar Soap,1.19,60.0,12.1,Material Shortage,47.9,71,58,4,54,6.06,93.1,81.69,79.83,101.75,75.62,5.61,12.47,3
PureGlow Soaps International (Fictional Dummy Company),Global Manufacturing Head - PureGlow Soaps,Australia,New Zealand,Hamilton,FCT032,Hamilton Soap Plant,LN0096,Line-3,2026-07-05 08:00:00,2026-07-05,8,Morning,Charcoal Bar Soap,1.36,60.0,10.1,Material Shortage,49.9,82,60,1,59,2.27,98.33,73.17,83.17,88.41,72.3,5.29,22.73,3
PureGlow Soaps International (Fictional Dummy Company),Global Manufacturing Head - PureGlow Soaps,Australia,New Zealand,Hamilton,FCT032,Hamilton Soap Plant,LN0094,Line-1,2026-07-05 09:00:00,2026-07-05,9,Morning,Aloe Vera Liquid Soap,1.26,60.0,29.5,Power Outage,30.5,76,37,0,37,0.0,100.0,48.68,50.83,96.28,48.94,3.48,8.29,3
PureGlow Soaps International (Fictional Dummy Company),Global Manufacturing Head - PureGlow Soaps,Australia,New Zealand,Hamilton,FCT032,Hamilton Soap Plant,LN0095,Line-2,2026-07-05 09:00:00,2026-07-05,9,Morning,Coconut Bar Soap,1.19,60.0,11.9,Changeover/Setup,48.1,71,55,1,54,1.91,98.18,77.46,80.17,96.09,75.63,5.78,12.75,1
PureGlow Soaps International (Fictional Dummy Company),Global Manufacturing Head - PureGlow Soaps,Australia,New Zealand,Hamilton,FCT032,Hamilton Soap Plant,LN0096,Line-3,2026-07-05 09:00:00,2026-07-05,9,Morning,Charcoal Bar Soap,1.36,60.0,10.6,Power Outage,49.4,82,59,3,56,4.47,94.92,71.95,82.33,87.82,68.63,5.5,22.8,3
PureGlow Soaps International (Fictional Dummy Company),Global Manufacturing Head - PureGlow Soaps,Australia,New Zealand,Hamilton,FCT032,Hamilton Soap Plant,LN0094,Line-1,2026-07-05 10:00:00,2026-07-05,10,Morning,Aloe Vera Liquid Soap,1.26,60.0,5.6,Quality Hold,54.4,76,70,5,65,7.23,92.86,92.11,90.67,102.12,85.98,7.03,14.17,1
PureGlow Soaps International (Fictional Dummy Company),Global Manufacturing Head - PureGlow Soaps,Australia,New Zealand,Hamilton,FCT032,Hamilton Soap Plant,LN0095,Line-2,2026-07-05 10:00:00,2026-07-05,10,Morning,Coconut Bar Soap,1.19,60.0,9.6,Power Outage,50.4,71,61,2,59,2.78,96.72,85.92,84.0,101.71,82.63,6.18,15.66,2
PureGlow Soaps International (Fictional Dummy Company),Global Manufacturing Head - PureGlow Soaps,Australia,New Zealand,Hamilton,FCT032,Hamilton Soap Plant,LN0096,Line-3,2026-07-05 10:00:00,2026-07-05,10,Morning,Charcoal Bar Soap,1.36,60.0,12.4,Power Outage,47.6,82,54,2,52,2.92,96.3,65.85,79.33,83.42,63.73,4.93,21.65,3
PureGlow Soaps International (Fictional Dummy Company),Global Manufacturing Head - PureGlow Soaps,Australia,New Zealand,Hamilton,FCT032,Hamilton Soap Plant,LN0094,Line-1,2026-07-05 11:00:00,2026-07-05,11,Morning,Aloe Vera Liquid Soap,1.26,60.0,7.1,Staff Shortage,52.9,76,65,2,63,2.97,96.92,85.53,88.17,97.52,83.34,6.98,13.78,1
PureGlow Soaps International (Fictional Dummy Company),Global Manufacturing Head - PureGlow Soaps,Australia,New Zealand,Hamilton,FCT032,Hamilton Soap Plant,LN0095,Line-2,2026-07-05 11:00:00,2026-07-05,11,Morning,Coconut Bar Soap,1.19,60.0,16.1,Staff Shortage,43.9,71,51,1,50,2.22,98.04,71.83,73.17,97.62,70.03,5.11,11.96,3
PureGlow Soaps International (Fictional Dummy Company),Global Manufacturing Head - PureGlow Soaps,Australia,New Zealand,Hamilton,FCT032,Hamilton Soap Plant,LN0096,Line-3,2026-07-05 11:00:00,2026-07-05,11,Morning,Charcoal Bar Soap,1.36,60.0,0.3,No Downtime,59.7,82,81,3,78,3.27,96.3,98.78,99.5,99.76,95.59,7.82,30.02,2
PureGlow Soaps International (Fictional Dummy Company),Global Manufacturing Head - PureGlow Soaps,Australia,New Zealand,Hamilton,FCT032,Hamilton Soap Plant,LN0094,Line-1,2026-07-05 12:00:00,2026-07-05,12,Morning,Aloe Vera Liquid Soap,1.26,60.0,34.7,Material Shortage,25.3,76,28,1,27,3.84,96.43,36.84,42.17,87.83,35.72,2.76,7.67,1
PureGlow Soaps International (Fictional Dummy Company),Global Manufacturing Head - PureGlow Soaps,Australia,New Zealand,Hamilton,FCT032,Hamilton Soap Plant,LN0095,Line-2,2026-07-05 12:00:00,2026-07-05,12,Morning,Coconut Bar Soap,1.19,60.0,6.4,Power Outage,53.6,71,63,2,61,2.8,96.83,88.73,89.33,98.77,85.43,5.97,16.08,3
PureGlow Soaps International (Fictional Dummy Company),Global Manufacturing Head - PureGlow Soaps,Australia,New Zealand,Hamilton,FCT032,Hamilton Soap Plant,LN0096,Line-3,2026-07-05 12:00:00,2026-07-05,12,Morning,Charcoal Bar Soap,1.36,60.0,14.5,Changeover/Setup,45.5,82,51,1,50,1.87,98.04,62.2,75.83,82.42,61.27,5.44,21.71,3
PureGlow Soaps International (Fictional Dummy Company),Global Manufacturing Head - PureGlow Soaps,Australia,New Zealand,Hamilton,FCT032,Hamilton Soap Plant,LN0094,Line-1,2026-07-05 13:00:00,2026-07-05,13,Morning,Aloe Vera Liquid Soap,1.26,60.0,16.5,Preventive Maintenance,43.5,76,51,3,48,5.32,94.12,67.11,72.5,93.05,63.49,4.7,11.98,3
PureGlow Soaps International (Fictional Dummy Company),Global Manufacturing Head - PureGlow Soaps,Australia,New Zealand,Hamilton,FCT032,Hamilton Soap Plant,LN0095,Line-2,2026-07-05 13:00:00,2026-07-05,13,Morning,Coconut Bar Soap,1.19,60.0,8.4,Changeover/Setup,51.6,71,50,1,49,2.56,98.0,70.42,86.0,81.43,68.63,4.51,15.65,3
PureGlow Soaps International (Fictional Dummy Company),Global Manufacturing Head - PureGlow Soaps,Australia,New Zealand,Hamilton,FCT032,Hamilton Soap Plant,LN0096,Line-3,2026-07-05 13:00:00,2026-07-05,13,Morning,Charcoal Bar Soap,1.36,60.0,16.1,Machine Breakdown,43.9,82,50,0,50,0.93,100.0,60.98,73.17,83.75,61.28,4.82,20.24,3
PureGlow Soaps International (Fictional Dummy Company),Global Manufacturing Head - PureGlow Soaps,Australia,New Zealand,Hamilton,FCT032,Hamilton Soap Plant,LN0094,Line-1,2026-07-05 14:00:00,2026-07-05,14,Afternoon,Aloe Vera Liquid Soap,1.26,60.0,2.4,No Downtime,57.6,76,69,3,66,4.32,95.65,90.79,96.0,95.07,87.3,6.12,16.9,1
PureGlow Soaps International (Fictional Dummy Company),Global Manufacturing Head - PureGlow Soaps,Australia,New Zealand,Hamilton,FCT032,Hamilton Soap Plant,LN0095,Line-2,2026-07-05 14:00:00,2026-07-05,14,Afternoon,Coconut Bar Soap,1.19,60.0,3.8,No Downtime,56.2,71,66,2,64,2.94,96.97,92.96,93.67,98.69,89.64,5.97,15.53,3
PureGlow Soaps International (Fictional Dummy Company),Global Manufacturing Head - PureGlow Soaps,Australia,New Zealand,Hamilton,FCT032,Hamilton Soap Plant,LN0096,Line-3,2026-07-05 14:00:00,2026-07-05,14,Afternoon,Charcoal Bar Soap,1.36,60.0,3.0,No Downtime,57.0,82,79,4,75,4.64,94.94,96.34,95.0,101.91,91.92,7.06,24.47,1
PureGlow Soaps International (Fictional Dummy Company),Global Manufacturing Head - PureGlow Soaps,Australia,New Zealand,Hamilton,FCT032,Hamilton Soap Plant,LN0094,Line-1,2026-07-05 15:00:00,2026-07-05,15,Afternoon,Aloe Vera Liquid Soap,1.26,60.0,15.7,Changeover/Setup,44.3,76,47,1,46,2.82,97.87,61.84,73.83,84.2,60.84,4.04,13.92,3
PureGlow Soaps International (Fictional Dummy Company),Global Manufacturing Head - PureGlow Soaps,Australia,New Zealand,Hamilton,FCT032,Hamilton Soap Plant,LN0095,Line-2,2026-07-05 15:00:00,2026-07-05,15,Afternoon,Coconut Bar Soap,1.19,60.0,32.1,Preventive Maintenance,27.9,71,27,1,26,2.33,96.3,38.03,46.5,81.32,36.41,2.33,7.99,3
PureGlow Soaps International (Fictional Dummy Company),Global Manufacturing Head - PureGlow Soaps,Australia,New Zealand,Hamilton,FCT032,Hamilton Soap Plant,LN0096,Line-3,2026-07-05 15:00:00,2026-07-05,15,Afternoon,Charcoal Bar Soap,1.36,60.0,25.3,Power Outage,34.7,82,48,2,46,3.31,95.83,58.54,57.83,101.71,56.37,4.76,15.81,2
PureGlow Soaps International (Fictional Dummy Company),Global Manufacturing Head - PureGlow Soaps,Australia,New Zealand,Hamilton,FCT032,Hamilton Soap Plant,LN0094,Line-1,2026-07-05 16:00:00,2026-07-05,16,Afternoon,Aloe Vera Liquid Soap,1.26,60.0,28.5,Material Shortage,31.5,76,35,1,34,3.34,97.14,46.05,52.5,88.18,44.97,3.52,8.45,1
PureGlow Soaps International (Fictional Dummy Company),Global Manufacturing Head - PureGlow Soaps,Australia,New Zealand,Hamilton,FCT032,Hamilton Soap Plant,LN0095,Line-2,2026-07-05 16:00:00,2026-07-05,16,Afternoon,Coconut Bar Soap,1.19,60.0,16.7,Preventive Maintenance,43.3,71,47,2,45,3.8,95.74,66.2,72.17,91.21,63.02,4.2,12.16,2
PureGlow Soaps International (Fictional Dummy Company),Global Manufacturing Head - PureGlow Soaps,Australia,New Zealand,Hamilton,FCT032,Hamilton Soap Plant,LN0096,Line-3,2026-07-05 16:00:00,2026-07-05,16,Afternoon,Charcoal Bar Soap,1.36,60.0,23.8,Material Shortage,36.2,82,47,2,45,5.27,95.74,57.32,60.33,95.47,55.14,4.29,17.38,3
PureGlow Soaps International (Fictional Dummy Company),Global Manufacturing Head - PureGlow Soaps,Australia,New Zealand,Hamilton,FCT032,Hamilton Soap Plant,LN0094,Line-1,2026-07-05 17:00:00,2026-07-05,17,Afternoon,Aloe Vera Liquid Soap,1.26,60.0,26.7,Material Shortage,33.3,76,42,1,41,3.47,97.62,55.26,55.5,100.1,54.23,4.13,9.32,2
PureGlow Soaps International (Fictional Dummy Company),Global Manufacturing Head - PureGlow Soaps,Australia,New Zealand,Hamilton,FCT032,Hamilton Soap Plant,LN0095,Line-2,2026-07-05 17:00:00,2026-07-05,17,Afternoon,Coconut Bar Soap,1.19,60.0,1.2,No Downtime,58.8,71,59,1,58,1.98,98.31,83.1,98.0,84.32,81.24,6.17,17.25,2
PureGlow Soaps International (Fictional Dummy Company),Global Manufacturing Head - PureGlow Soaps,Australia,New Zealand,Hamilton,FCT032,Hamilton Soap Plant,LN0096,Line-3,2026-07-05 17:00:00,2026-07-05,17,Afternoon,Charcoal Bar Soap,1.36,60.0,1.4,No Downtime,58.6,82,75,3,72,4.07,96.0,91.46,97.67,94.11,88.24,6.59,26.9,2
PureGlow Soaps International (Fictional Dummy Company),Global Manufacturing Head - PureGlow Soaps,Australia,New Zealand,Hamilton,FCT032,Hamilton Soap Plant,LN0094,Line-1,2026-07-05 18:00:00,2026-07-05,18,Afternoon,Aloe Vera Liquid Soap,1.26,60.0,0.9,No Downtime,59.1,76,63,1,62,2.03,98.41,82.89,98.5,84.6,82.01,6.0,16.03,1
PureGlow Soaps International (Fictional Dummy Company),Global Manufacturing Head - PureGlow Soaps,Australia,New Zealand,Hamilton,FCT032,Hamilton Soap Plant,LN0095,Line-2,2026-07-05 18:00:00,2026-07-05,18,Afternoon,Coconut Bar Soap,1.19,60.0,2.2,No Downtime,57.8,71,67,2,65,3.09,97.01,94.37,96.33,97.41,91.03,6.47,15.81,3
PureGlow Soaps International (Fictional Dummy Company),Global Manufacturing Head - PureGlow Soaps,Australia,New Zealand,Hamilton,FCT032,Hamilton Soap Plant,LN0096,Line-3,2026-07-05 18:00:00,2026-07-05,18,Afternoon,Charcoal Bar Soap,1.36,60.0,18.7,Quality Hold,41.3,82,46,3,43,5.88,93.48,56.1,68.83,81.9,52.7,4.29,18.78,1
PureGlow Soaps International (Fictional Dummy Company),Global Manufacturing Head - PureGlow Soaps,Australia,New Zealand,Hamilton,FCT032,Hamilton Soap Plant,LN0094,Line-1,2026-07-05 19:00:00,2026-07-05,19,Afternoon,Aloe Vera Liquid Soap,1.26,60.0,34.0,Preventive Maintenance,26.0,76,33,2,31,4.87,93.94,43.42,43.33,100.73,41.0,2.92,7.26,2
PureGlow Soaps International (Fictional Dummy Company),Global Manufacturing Head - PureGlow Soaps,Australia,New Zealand,Hamilton,FCT032,Hamilton Soap Plant,LN0095,Line-2,2026-07-05 19:00:00,2026-07-05,19,Afternoon,Coconut Bar Soap,1.19,60.0,17.0,Quality Hold,43.0,71,51,3,48,6.76,94.12,71.83,71.67,99.67,67.23,4.52,13.16,3
PureGlow Soaps International (Fictional Dummy Company),Global Manufacturing Head - PureGlow Soaps,Australia,New Zealand,Hamilton,FCT032,Hamilton Soap Plant,LN0096,Line-3,2026-07-05 19:00:00,2026-07-05,19,Afternoon,Charcoal Bar Soap,1.36,60.0,10.1,Quality Hold,49.9,82,54,7,47,12.61,87.04,65.85,83.17,79.57,57.6,5.86,23.12,2
PureGlow Soaps International (Fictional Dummy Company),Global Manufacturing Head - PureGlow Soaps,Australia,New Zealand,Hamilton,FCT032,Hamilton Soap Plant,LN0094,Line-1,2026-07-05 20:00:00,2026-07-05,20,Afternoon,Aloe Vera Liquid Soap,1.26,60.0,16.9,Machine Breakdown,43.1,76,54,3,51,5.22,94.44,71.05,71.83,99.44,67.46,5.28,12.15,2
PureGlow Soaps International (Fictional Dummy Company),Global Manufacturing Head - PureGlow Soaps,Australia,New Zealand,Hamilton,FCT032,Hamilton Soap Plant,LN0095,Line-2,2026-07-05 20:00:00,2026-07-05,20,Afternoon,Coconut Bar Soap,1.19,60.0,0.8,No Downtime,59.2,71,61,3,58,4.36,95.08,85.92,98.67,86.59,81.23,5.45,16.29,2
PureGlow Soaps International (Fictional Dummy Company),Global Manufacturing Head - PureGlow Soaps,Australia,New Zealand,Hamilton,FCT032,Hamilton Soap Plant,LN0096,Line-3,2026-07-05 20:00:00,2026-07-05,20,Afternoon,Charcoal Bar Soap,1.36,60.0,0.2,No Downtime,59.8,82,72,1,71,0.9,98.61,87.8,99.67,88.53,87.01,6.7,26.72,2
PureGlow Soaps International (Fictional Dummy Company),Global Manufacturing Head - PureGlow Soaps,Australia,New Zealand,Hamilton,FCT032,Hamilton Soap Plant,LN0094,Line-1,2026-07-05 21:00:00,2026-07-05,21,Afternoon,Aloe Vera Liquid Soap,1.26,60.0,23.4,Preventive Maintenance,36.6,76,43,1,42,2.94,97.67,56.58,61.0,93.24,55.55,3.96,10.06,2
PureGlow Soaps International (Fictional Dummy Company),Global Manufacturing Head - PureGlow Soaps,Australia,New Zealand,Hamilton,FCT032,Hamilton Soap Plant,LN0095,Line-2,2026-07-05 21:00:00,2026-07-05,21,Afternoon,Coconut Bar Soap,1.19,60.0,21.9,Machine Breakdown,38.1,71,39,1,38,3.3,97.44,54.93,63.5,86.02,53.22,3.34,11.9,3
PureGlow Soaps International (Fictional Dummy Company),Global Manufacturing Head - PureGlow Soaps,Australia,New Zealand,Hamilton,FCT032,Hamilton Soap Plant,LN0096,Line-3,2026-07-05 21:00:00,2026-07-05,21,Afternoon,Charcoal Bar Soap,1.36,60.0,41.4,Machine Breakdown,18.6,82,26,1,25,2.62,96.15,31.71,31.0,102.78,30.64,2.47,8.42,3
PureGlow Soaps International (Fictional Dummy Company),Global Manufacturing Head - PureGlow Soaps,Australia,New Zealand,Hamilton,FCT032,Hamilton Soap Plant,LN0094,Line-1,2026-07-05 22:00:00,2026-07-05,22,Night,Aloe Vera Liquid Soap,1.26,60.0,10.7,Machine Breakdown,49.3,76,57,2,55,3.96,96.49,75.0,82.17,91.76,72.75,5.61,14.03,3
PureGlow Soaps International (Fictional Dummy Company),Global Manufacturing Head - PureGlow Soaps,Australia,New Zealand,Hamilton,FCT032,Hamilton Soap Plant,LN0095,Line-2,2026-07-05 22:00:00,2026-07-05,22,Night,Coconut Bar Soap,1.19,60.0,36.7,Preventive Maintenance,23.3,71,27,1,26,3.29,96.3,38.03,38.83,97.38,36.41,2.83,6.12,1
PureGlow Soaps International (Fictional Dummy Company),Global Manufacturing Head - PureGlow Soaps,Australia,New Zealand,Hamilton,FCT032,Hamilton Soap Plant,LN0096,Line-3,2026-07-05 22:00:00,2026-07-05,22,Night,Charcoal Bar Soap,1.36,60.0,43.1,Machine Breakdown,16.9,82,21,1,20,2.97,95.24,25.61,28.17,91.37,24.51,2.12,7.39,2
PureGlow Soaps International (Fictional Dummy Company),Global Manufacturing Head - PureGlow Soaps,Australia,New Zealand,Hamilton,FCT032,Hamilton Soap Plant,LN0094,Line-1,2026-07-05 23:00:00,2026-07-05,23,Night,Aloe Vera Liquid Soap,1.26,60.0,20.0,Staff Shortage,40.0,76,51,2,49,3.96,96.08,67.11,66.67,101.19,64.82,5.27,11.05,1
PureGlow Soaps International (Fictional Dummy Company),Global Manufacturing Head - PureGlow Soaps,Australia,New Zealand,Hamilton,FCT032,Hamilton Soap Plant,LN0095,Line-2,2026-07-05 23:00:00,2026-07-05,23,Night,Coconut Bar Soap,1.19,60.0,0.2,No Downtime,59.8,71,69,2,67,2.89,97.1,97.18,99.67,96.96,93.84,7.06,16.45,3
PureGlow Soaps International (Fictional Dummy Company),Global Manufacturing Head - PureGlow Soaps,Australia,New Zealand,Hamilton,FCT032,Hamilton Soap Plant,LN0096,Line-3,2026-07-05 23:00:00,2026-07-05,23,Night,Charcoal Bar Soap,1.36,60.0,7.2,Quality Hold,52.8,82,63,6,57,9.14,90.48,76.83,88.0,87.73,69.85,5.73,23.94,2
PureGlow Soaps International (Fictional Dummy Company),Global Manufacturing Head - PureGlow Soaps,Australia,New Zealand,Hamilton,FCT032,Hamilton Soap Plant,LN0094,Line-1,2026-07-06 00:00:00,2026-07-06,0,Night,Coconut Bar Soap,1.26,60.0,2.6,No Downtime,57.4,76,73,3,70,4.34,95.89,96.05,95.67,100.93,92.59,6.51,16.91,3
PureGlow Soaps International (Fictional Dummy Company),Global Manufacturing Head - PureGlow Soaps,Australia,New Zealand,Hamilton,FCT032,Hamilton Soap Plant,LN0095,Line-2,2026-07-06 00:00:00,2026-07-06,0,Night,Coconut Bar Soap,1.19,60.0,0.7,No Downtime,59.3,71,69,2,67,2.34,97.1,97.18,98.83,97.78,93.83,7.02,18.37,1
PureGlow Soaps International (Fictional Dummy Company),Global Manufacturing Head - PureGlow Soaps,Australia,New Zealand,Hamilton,FCT032,Hamilton Soap Plant,LN0096,Line-3,2026-07-06 00:00:00,2026-07-06,0,Night,Sandalwood Bar Soap,1.36,60.0,1.9,No Downtime,58.1,82,67,3,64,3.98,95.52,81.71,96.83,84.79,78.42,7.01,25.39,1
PureGlow Soaps International (Fictional Dummy Company),Global Manufacturing Head - PureGlow Soaps,Australia,New Zealand,Hamilton,FCT032,Hamilton Soap Plant,LN0094,Line-1,2026-07-06 01:00:00,2026-07-06,1,Night,Coconut Bar Soap,1.26,60.0,33.2,Machine Breakdown,26.8,76,28,0,28,1.4,100.0,36.84,44.67,82.92,37.04,2.93,7.22,3
PureGlow Soaps International (Fictional Dummy Company),Global Manufacturing Head - PureGlow Soaps,Australia,New Zealand,Hamilton,FCT032,Hamilton Soap Plant,LN0095,Line-2,2026-07-06 01:00:00,2026-07-06,1,Night,Coconut Bar Soap,1.19,60.0,34.8,Material Shortage,25.2,71,30,1,29,4.61,96.67,42.25,42.0,100.04,40.62,2.69,7.12,2
PureGlow Soaps International (Fictional Dummy Company),Global Manufacturing Head - PureGlow Soaps,Australia,New Zealand,Hamilton,FCT032,Hamilton Soap Plant,LN0096,Line-3,2026-07-06 01:00:00,2026-07-06,1,Night,Sandalwood Bar Soap,1.36,60.0,6.8,Quality Hold,53.2,82,59,4,55,7.62,93.22,71.95,88.67,81.55,67.41,6.1,26.33,3
PureGlow Soaps International (Fictional Dummy Company),Global Manufacturing Head - PureGlow Soaps,Australia,New Zealand,Hamilton,FCT032,Hamilton Soap Plant,LN0094,Line-1,2026-07-06 02:00:00,2026-07-06,2,Night,Coconut Bar Soap,1.26,60.0,17.5,Changeover/Setup,42.5,76,53,2,51,3.88,96.23,69.74,70.83,98.97,67.46,4.73,11.59,2
PureGlow Soaps International (Fictional Dummy Company),Global Manufacturing Head - PureGlow Soaps,Australia,New Zealand,Hamilton,FCT032,Hamilton Soap Plant,LN0095,Line-2,2026-07-06 02:00:00,2026-07-06,2,Night,Coconut Bar Soap,1.19,60.0,10.6,Changeover/Setup,49.4,71,54,2,52,3.41,96.3,76.06,82.33,91.86,72.83,5.09,13.67,1
PureGlow Soaps International (Fictional Dummy Company),Global Manufacturing Head - PureGlow Soaps,Australia,New Zealand,Hamilton,FCT032,Hamilton Soap Plant,LN0096,Line-3,2026-07-06 02:00:00,2026-07-06,2,Night,Sandalwood Bar Soap,1.36,60.0,0.6,No Downtime,59.4,82,83,2,81,1.92,97.59,101.22,99.0,102.74,99.26,8.92,29.95,1
PureGlow Soaps International (Fictional Dummy Company),Global Manufacturing Head - PureGlow Soaps,Australia,New Zealand,Hamilton,FCT032,Hamilton Soap Plant,LN0094,Line-1,2026-07-06 03:00:00,2026-07-06,3,Night,Coconut Bar Soap,1.26,60.0,26.2,Machine Breakdown,33.8,76,41,2,39,4.18,95.12,53.95,56.33,96.27,51.58,4.44,9.3,2
PureGlow Soaps International (Fictional Dummy Company),Global Manufacturing Head - PureGlow Soaps,Australia,New Zealand,Hamilton,FCT032,Hamilton Soap Plant,LN0095,Line-2,2026-07-06 03:00:00,2026-07-06,3,Night,Coconut Bar Soap,1.19,60.0,3.5,No Downtime,56.5,71,67,2,65,2.81,97.01,94.37,94.17,99.65,91.03,5.77,15.55,2
PureGlow Soaps International (Fictional Dummy Company),Global Manufacturing Head - PureGlow Soaps,Australia,New Zealand,Hamilton,FCT032,Hamilton Soap Plant,LN0096,Line-3,2026-07-06 03:00:00,2026-07-06,3,Night,Sandalwood Bar Soap,1.36,60.0,10.9,Power Outage,49.1,82,64,1,63,1.3,98.44,78.05,81.83,95.84,77.2,6.3,24.63,1
PureGlow Soaps International (Fictional Dummy Company),Global Manufacturing Head - PureGlow Soaps,Australia,New Zealand,Hamilton,FCT032,Hamilton Soap Plant,LN0094,Line-1,2026-07-06 04:00:00,2026-07-06,4,Night,Coconut Bar Soap,1.26,60.0,2.7,No Downtime,57.3,76,59,2,57,3.11,96.61,77.63,95.5,81.72,75.4,5.91,17.02,3
PureGlow Soaps International (Fictional Dummy Company),Global Manufacturing Head - PureGlow Soaps,Australia,New Zealand,Hamilton,FCT032,Hamilton Soap Plant,LN0095,Line-2,2026-07-06 04:00:00,2026-07-06,4,Night,Coconut Bar Soap,1.19,60.0,16.3,Machine Breakdown,43.7,71,42,2,40,4.43,95.24,59.15,72.83,80.76,56.02,4.19,11.57,2
PureGlow Soaps International (Fictional Dummy Company),Global Manufacturing Head - PureGlow Soaps,Australia,New Zealand,Hamilton,FCT032,Hamilton Soap Plant,LN0096,Line-3,2026-07-06 04:00:00,2026-07-06,4,Night,Sandalwood Bar Soap,1.36,60.0,16.9,Staff Shortage,43.1,82,52,2,50,3.16,96.15,63.41,71.83,88.71,61.27,5.23,21.17,3
PureGlow Soaps International (Fictional Dummy Company),Global Manufacturing Head - PureGlow Soaps,Australia,New Zealand,Hamilton,FCT032,Hamilton Soap Plant,LN0094,Line-1,2026-07-06 05:00:00,2026-07-06,5,Night,Coconut Bar Soap,1.26,60.0,28.6,Machine Breakdown,31.4,76,39,1,38,3.43,97.44,51.32,52.33,98.57,50.26,3.99,8.69,2
PureGlow Soaps International (Fictional Dummy Company),Global Manufacturing Head - PureGlow Soaps,Australia,New Zealand,Hamilton,FCT032,Hamilton Soap Plant,LN0095,Line-2,2026-07-06 05:00:00,2026-07-06,5,Night,Coconut Bar Soap,1.19,60.0,1.7,No Downtime,58.3,71,56,1,55,1.14,98.21,78.87,97.17,80.72,77.03,5.19,17.96,2
PureGlow Soaps International (Fictional Dummy Company),Global Manufacturing Head - PureGlow Soaps,Australia,New Zealand,Hamilton,FCT032,Hamilton Soap Plant,LN0096,Line-3,2026-07-06 05:00:00,2026-07-06,5,Night,Sandalwood Bar Soap,1.36,60.0,1.7,No Downtime,58.3,82,77,3,74,4.03,96.1,93.9,97.17,97.11,90.68,7.01,26.96,3
PureGlow Soaps International (Fictional Dummy Company),Global Manufacturing Head - PureGlow Soaps,Australia,New Zealand,Hamilton,FCT032,Hamilton Soap Plant,LN0094,Line-1,2026-07-06 06:00:00,2026-07-06,6,Morning,Coconut Bar Soap,1.26,60.0,23.9,Staff Shortage,36.1,76,44,1,43,2.9,97.73,57.89,60.17,96.73,56.88,3.99,10.68,3
PureGlow Soaps International (Fictional Dummy Company),Global Manufacturing Head - PureGlow Soaps,Australia,New Zealand,Hamilton,FCT032,Hamilton Soap Plant,LN0095,Line-2,2026-07-06 06:00:00,2026-07-06,6,Morning,Coconut Bar Soap,1.19,60.0,15.1,Material Shortage,44.9,71,49,1,48,1.44,97.96,69.01,74.83,91.71,67.23,4.39,13.09,3
PureGlow Soaps International (Fictional Dummy Company),Global Manufacturing Head - PureGlow Soaps,Australia,New Zealand,Hamilton,FCT032,Hamilton Soap Plant,LN0096,Line-3,2026-07-06 06:00:00,2026-07-06,6,Morning,Sandalwood Bar Soap,1.36,60.0,1.8,No Downtime,58.2,82,77,2,75,2.78,97.4,93.9,97.0,97.28,91.91,6.7,26.78,3
PureGlow Soaps International (Fictional Dummy Company),Global Manufacturing Head - PureGlow Soaps,Australia,New Zealand,Hamilton,FCT032,Hamilton Soap Plant,LN0094,Line-1,2026-07-06 07:00:00,2026-07-06,7,Morning,Coconut Bar Soap,1.26,60.0,25.1,Machine Breakdown,34.9,76,43,1,42,1.68,97.67,56.58,58.17,97.79,55.56,4.72,10.09,1
PureGlow Soaps International (Fictional Dummy Company),Global Manufacturing Head - PureGlow Soaps,Australia,New Zealand,Hamilton,FCT032,Hamilton Soap Plant,LN0095,Line-2,2026-07-06 07:00:00,2026-07-06,7,Morning,Coconut Bar Soap,1.19,60.0,35.9,Preventive Maintenance,24.1,71,27,2,25,6.22,92.59,38.03,40.17,94.15,35.02,2.78,6.8,2
PureGlow Soaps International (Fictional Dummy Company),Global Manufacturing Head - PureGlow Soaps,Australia,New Zealand,Hamilton,FCT032,Hamilton Soap Plant,LN0096,Line-3,2026-07-06 07:00:00,2026-07-06,7,Morning,Sandalwood Bar Soap,1.36,60.0,42.3,Machine Breakdown,17.7,82,24,1,23,3.4,95.83,29.27,29.5,99.7,28.19,2.38,8.38,3
PureGlow Soaps International (Fictional Dummy Company),Global Manufacturing Head - PureGlow Soaps,Australia,New Zealand,Hamilton,FCT032,Hamilton Soap Plant,LN0094,Line-1,2026-07-06 08:00:00,2026-07-06,8,Morning,Coconut Bar Soap,1.26,60.0,15.8,Changeover/Setup,44.2,76,49,2,47,4.18,95.92,64.47,73.67,87.98,62.17,5.02,12.56,1
PureGlow Soaps International (Fictional Dummy Company),Global Manufacturing Head - PureGlow Soaps,Australia,New Zealand,Hamilton,FCT032,Hamilton Soap Plant,LN0095,Line-2,2026-07-06 08:00:00,2026-07-06,8,Morning,Coconut Bar Soap,1.19,60.0,17.4,Changeover/Setup,42.6,71,48,0,48,0.09,100.0,67.61,71.0,94.69,67.23,4.93,12.46,1
PureGlow Soaps International (Fictional Dummy Company),Global Manufacturing Head - PureGlow Soaps,Australia,New Zealand,Hamilton,FCT032,Hamilton Soap Plant,LN0096,Line-3,2026-07-06 08:00:00,2026-07-06,8,Morning,Sandalwood Bar Soap,1.36,60.0,26.1,Material Shortage,33.9,82,47,3,44,5.38,93.62,57.32,56.5,101.94,53.92,5.12,16.95,3
PureGlow Soaps International (Fictional Dummy Company),Global Manufacturing Head - PureGlow Soaps,Australia,New Zealand,Hamilton,FCT032,Hamilton Soap Plant,LN0094,Line-1,2026-07-06 09:00:00,2026-07-06,9,Morning,Coconut Bar Soap,1.26,60.0,10.7,Changeover/Setup,49.3,76,51,2,49,3.64,96.08,67.11,82.17,82.1,64.82,4.87,13.82,2
PureGlow Soaps International (Fictional Dummy Company),Global Manufacturing Head - PureGlow Soaps,Australia,New Zealand,Hamilton,FCT032,Hamilton Soap Plant,LN0095,Line-2,2026-07-06 09:00:00,2026-07-06,9,Morning,Coconut Bar Soap,1.19,60.0,11.3,Machine Breakdown,48.7,71,58,1,57,2.2,98.28,81.69,81.17,100.08,79.84,6.31,13.44,2
PureGlow Soaps International (Fictional Dummy Company),Global Manufacturing Head - PureGlow Soaps,Australia,New Zealand,Hamilton,FCT032,Hamilton Soap Plant,LN0096,Line-3,2026-07-06 09:00:00,2026-07-06,9,Morning,Sandalwood Bar Soap,1.36,60.0,0.8,No Downtime,59.2,82,79,3,76,3.71,96.2,96.34,98.67,98.12,93.14,7.66,26.34,2
PureGlow Soaps International (Fictional Dummy Company),Global Manufacturing Head - PureGlow Soaps,Australia,New Zealand,Hamilton,FCT032,Hamilton Soap Plant,LN0094,Line-1,2026-07-06 10:00:00,2026-07-06,10,Morning,Coconut Bar Soap,1.26,60.0,0.7,No Downtime,59.3,76,69,3,66,4.95,95.65,90.79,98.83,92.35,87.3,6.62,17.22,1
PureGlow Soaps International (Fictional Dummy Company),Global Manufacturing Head - PureGlow Soaps,Australia,New Zealand,Hamilton,FCT032,Hamilton Soap Plant,LN0095,Line-2,2026-07-06 10:00:00,2026-07-06,10,Morning,Coconut Bar Soap,1.19,60.0,24.6,Staff Shortage,35.4,71,38,1,37,2.45,97.37,53.52,59.0,90.21,51.82,3.64,9.79,2
PureGlow Soaps International (Fictional Dummy Company),Global Manufacturing Head - PureGlow Soaps,Australia,New Zealand,Hamilton,FCT032,Hamilton Soap Plant,LN0096,Line-3,2026-07-06 10:00:00,2026-07-06,10,Morning,Sandalwood Bar Soap,1.36,60.0,12.2,Material Shortage,47.8,82,60,2,58,2.93,96.67,73.17,79.67,92.3,71.09,6.45,22.91,1
PureGlow Soaps International (Fictional Dummy Company),Global Manufacturing Head - PureGlow Soaps,Australia,New Zealand,Hamilton,FCT032,Hamilton Soap Plant,LN0094,Line-1,2026-07-06 11:00:00,2026-07-06,11,Morning,Coconut Bar Soap,1.26,60.0,17.4,Preventive Maintenance,42.6,76,43,1,42,2.46,97.67,56.58,71.0,80.11,55.55,3.86,12.52,1
PureGlow Soaps International (Fictional Dummy Company),Global Manufacturing Head - PureGlow Soaps,Australia,New Zealand,Hamilton,FCT032,Hamilton Soap Plant,LN0095,Line-2,2026-07-06 11:00:00,2026-07-06,11,Morning,Coconut Bar Soap,1.19,60.0,27.5,Material Shortage,32.5,71,33,1,32,4.26,96.97,46.48,54.17,85.33,44.82,3.4,9.71,1
PureGlow Soaps International (Fictional Dummy Company),Global Manufacturing Head - PureGlow Soaps,Australia,New Zealand,Hamilton,FCT032,Hamilton Soap Plant,LN0096,Line-3,2026-07-06 11:00:00,2026-07-06,11,Morning,Sandalwood Bar Soap,1.36,60.0,5.9,Power Outage,54.1,82,68,2,66,2.35,97.06,82.93,90.17,92.42,80.89,7.34,23.41,1
PureGlow Soaps International (Fictional Dummy Company),Global Manufacturing Head - PureGlow Soaps,Australia,New Zealand,Hamilton,FCT032,Hamilton Soap Plant,LN0094,Line-1,2026-07-06 12:00:00,2026-07-06,12,Morning,Coconut Bar Soap,1.26,60.0,21.9,Preventive Maintenance,38.1,76,41,1,40,3.27,97.56,53.95,63.5,85.41,52.91,3.86,10.88,3
PureGlow Soaps International (Fictional Dummy Company),Global Manufacturing Head - PureGlow Soaps,Australia,New Zealand,Hamilton,FCT032,Hamilton Soap Plant,LN0095,Line-2,2026-07-06 12:00:00,2026-07-06,12,Morning,Coconut Bar Soap,1.19,60.0,6.1,Staff Shortage,53.9,71,52,1,51,1.88,98.08,73.24,89.83,81.07,71.43,5.06,14.84,1
PureGlow Soaps International (Fictional Dummy Company),Global Manufacturing Head - PureGlow Soaps,Australia,New Zealand,Hamilton,FCT032,Hamilton Soap Plant,LN0096,Line-3,2026-07-06 12:00:00,2026-07-06,12,Morning,Sandalwood Bar Soap,1.36,60.0,12.4,Changeover/Setup,47.6,82,60,2,58,3.81,96.67,73.17,79.33,92.68,71.07,6.08,23.36,3
PureGlow Soaps International (Fictional Dummy Company),Global Manufacturing Head - PureGlow Soaps,Australia,New Zealand,Hamilton,FCT032,Hamilton Soap Plant,LN0094,Line-1,2026-07-06 13:00:00,2026-07-06,13,Morning,Coconut Bar Soap,1.26,60.0,28.8,Preventive Maintenance,31.2,76,34,2,32,4.94,94.12,44.74,52.0,86.49,42.33,3.15,8.66,1
PureGlow Soaps International (Fictional Dummy Company),Global Manufacturing Head - PureGlow Soaps,Australia,New Zealand,Hamilton,FCT032,Hamilton Soap Plant,LN0095,Line-2,2026-07-06 13:00:00,2026-07-06,13,Morning,Coconut Bar Soap,1.19,60.0,37.6,Machine Breakdown,22.4,71,26,0,26,1.83,100.0,36.62,37.33,97.54,36.41,2.75,6.93,2
PureGlow Soaps International (Fictional Dummy Company),Global Manufacturing Head - PureGlow Soaps,Australia,New Zealand,Hamilton,FCT032,Hamilton Soap Plant,LN0096,Line-3,2026-07-06 13:00:00,2026-07-06,13,Morning,Sandalwood Bar Soap,1.36,60.0,17.9,Changeover/Setup,42.1,82,55,2,53,3.4,96.36,67.07,70.17,96.06,64.95,5.19,18.15,1
PureGlow Soaps International (Fictional Dummy Company),Global Manufacturing Head - PureGlow Soaps,Australia,New Zealand,Hamilton,FCT032,Hamilton Soap Plant,LN0094,Line-1,2026-07-06 14:00:00,2026-07-06,14,Afternoon,Coconut Bar Soap,1.26,60.0,10.1,Changeover/Setup,49.9,76,64,1,63,2.25,98.44,84.21,83.17,101.79,83.34,5.95,13.14,2
PureGlow Soaps International (Fictional Dummy Company),Global Manufacturing Head - PureGlow Soaps,Australia,New Zealand,Hamilton,FCT032,Hamilton Soap Plant,LN0095,Line-2,2026-07-06 14:00:00,2026-07-06,14,Afternoon,Coconut Bar Soap,1.19,60.0,7.4,Changeover/Setup,52.6,71,50,1,49,2.14,98.0,70.42,87.67,79.88,68.63,5.5,14.58,2
PureGlow Soaps International (Fictional Dummy Company),Global Manufacturing Head - PureGlow Soaps,Australia,New Zealand,Hamilton,FCT032,Hamilton Soap Plant,LN0096,Line-3,2026-07-06 14:00:00,2026-07-06,14,Afternoon,Sandalwood Bar Soap,1.36,60.0,20.3,Material Shortage,39.7,82,54,1,53,2.04,98.15,65.85,66.17,100.01,64.95,5.43,17.05,1
PureGlow Soaps International (Fictional Dummy Company),Global Manufacturing Head - PureGlow Soaps,Australia,New Zealand,Hamilton,FCT032,Hamilton Soap Plant,LN0094,Line-1,2026-07-06 15:00:00,2026-07-06,15,Afternoon,Coconut Bar Soap,1.26,60.0,33.3,Preventive Maintenance,26.7,76,33,1,32,2.45,96.97,43.42,44.5,98.09,42.33,3.46,7.69,3
PureGlow Soaps International (Fictional Dummy Company),Global Manufacturing Head - PureGlow Soaps,Australia,New Zealand,Hamilton,FCT032,Hamilton Soap Plant,LN0095,Line-2,2026-07-06 15:00:00,2026-07-06,15,Afternoon,Coconut Bar Soap,1.19,60.0,19.1,Preventive Maintenance,40.9,71,46,2,44,3.31,95.65,64.79,68.17,94.51,61.62,4.22,11.81,1
PureGlow Soaps International (Fictional Dummy Company),Global Manufacturing Head - PureGlow Soaps,Australia,New Zealand,Hamilton,FCT032,Hamilton Soap Plant,LN0096,Line-3,2026-07-06 15:00:00,2026-07-06,15,Afternoon,Sandalwood Bar Soap,1.36,60.0,22.1,Preventive Maintenance,37.9,82,48,1,47,2.85,97.92,58.54,63.17,93.12,57.6,4.81,16.52,3
PureGlow Soaps International (Fictional Dummy Company),Global Manufacturing Head - PureGlow Soaps,Australia,New Zealand,Hamilton,FCT032,Hamilton Soap Plant,LN0094,Line-1,2026-07-06 16:00:00,2026-07-06,16,Afternoon,Coconut Bar Soap,1.26,60.0,23.5,Preventive Maintenance,36.5,76,46,1,45,2.47,97.83,60.53,60.83,100.02,59.52,4.8,10.97,1
PureGlow Soaps International (Fictional Dummy Company),Global Manufacturing Head - PureGlow Soaps,Australia,New Zealand,Hamilton,FCT032,Hamilton Soap Plant,LN0095,Line-2,2026-07-06 16:00:00,2026-07-06,16,Afternoon,Coconut Bar Soap,1.19,60.0,28.6,Material Shortage,31.4,71,35,1,34,3.95,97.14,49.3,52.33,93.67,47.62,3.75,8.19,2
PureGlow Soaps International (Fictional Dummy Company),Global Manufacturing Head - PureGlow Soaps,Australia,New Zealand,Hamilton,FCT032,Hamilton Soap Plant,LN0096,Line-3,2026-07-06 16:00:00,2026-07-06,16,Afternoon,Sandalwood Bar Soap,1.36,60.0,34.5,Machine Breakdown,25.5,82,30,1,29,2.07,96.67,36.59,42.5,86.51,35.54,2.73,11.31,2
PureGlow Soaps International (Fictional Dummy Company),Global Manufacturing Head - PureGlow Soaps,Australia,New Zealand,Hamilton,FCT032,Hamilton Soap Plant,LN0094,Line-1,2026-07-06 17:00:00,2026-07-06,17,Afternoon,Coconut Bar Soap,1.26,60.0,0.2,No Downtime,59.8,76,73,3,70,3.83,95.89,96.05,99.67,96.88,92.59,7.14,18.47,3
PureGlow Soaps International (Fictional Dummy Company),Global Manufacturing Head - PureGlow Soaps,Australia,New Zealand,Hamilton,FCT032,Hamilton Soap Plant,LN0095,Line-2,2026-07-06 17:00:00,2026-07-06,17,Afternoon,Coconut Bar Soap,1.19,60.0,2.5,No Downtime,57.5,71,68,2,66,3.44,97.06,95.77,95.83,99.38,92.44,6.07,16.98,1
PureGlow Soaps International (Fictional Dummy Company),Global Manufacturing Head - PureGlow Soaps,Australia,New Zealand,Hamilton,FCT032,Hamilton Soap Plant,LN0096,Line-3,2026-07-06 17:00:00,2026-07-06,17,Afternoon,Sandalwood Bar Soap,1.36,60.0,8.5,Changeover/Setup,51.5,82,63,2,61,3.67,96.83,76.83,85.83,89.95,74.76,5.89,23.3,3
PureGlow Soaps International (Fictional Dummy Company),Global Manufacturing Head - PureGlow Soaps,Australia,New Zealand,Hamilton,FCT032,Hamilton Soap Plant,LN0094,Line-1,2026-07-06 18:00:00,2026-07-06,18,Afternoon,Coconut Bar Soap,1.26,60.0,16.1,Changeover/Setup,43.9,76,51,1,50,1.3,98.04,67.11,73.17,92.2,66.14,5.27,13.11,3
PureGlow Soaps International (Fictional Dummy Company),Global Manufacturing Head - PureGlow Soaps,Australia,New Zealand,Hamilton,FCT032,Hamilton Soap Plant,LN0095,Line-2,2026-07-06 18:00:00,2026-07-06,18,Afternoon,Coconut Bar Soap,1.19,60.0,3.8,No Downtime,56.2,71,56,1,55,1.84,98.21,78.87,93.67,83.73,77.03,5.07,17.51,1
PureGlow Soaps International (Fictional Dummy Company),Global Manufacturing Head - PureGlow Soaps,Australia,New Zealand,Hamilton,FCT032,Hamilton Soap Plant,LN0096,Line-3,2026-07-06 18:00:00,2026-07-06,18,Afternoon,Sandalwood Bar Soap,1.36,60.0,27.3,Preventive Maintenance,32.7,82,42,2,40,3.58,95.24,51.22,54.5,94.44,49.02,4.04,14.5,3
PureGlow Soaps International (Fictional Dummy Company),Global Manufacturing Head - PureGlow Soaps,Australia,New Zealand,Hamilton,FCT032,Hamilton Soap Plant,LN0094,Line-1,2026-07-06 19:00:00,2026-07-06,19,Afternoon,Coconut Bar Soap,1.26,60.0,15.0,Material Shortage,45.0,76,57,2,55,2.84,96.49,75.0,75.0,100.53,72.75,6.13,12.92,3
PureGlow Soaps International (Fictional Dummy Company),Global Manufacturing Head - PureGlow Soaps,Australia,New Zealand,Hamilton,FCT032,Hamilton Soap Plant,LN0095,Line-2,2026-07-06 19:00:00,2026-07-06,19,Afternoon,Coconut Bar Soap,1.19,60.0,15.1,Material Shortage,44.9,71,44,1,43,3.16,97.73,61.97,74.83,82.35,60.22,3.93,13.34,2
PureGlow Soaps International (Fictional Dummy Company),Global Manufacturing Head - PureGlow Soaps,Australia,New Zealand,Hamilton,FCT032,Hamilton Soap Plant,LN0096,Line-3,2026-07-06 19:00:00,2026-07-06,19,Afternoon,Sandalwood Bar Soap,1.36,60.0,25.7,Preventive Maintenance,34.3,82,48,0,48,0.31,100.0,58.54,57.17,102.9,58.83,5.27,16.1,2
PureGlow Soaps International (Fictional Dummy Company),Global Manufacturing Head - PureGlow Soaps,Australia,New Zealand,Hamilton,FCT032,Hamilton Soap Plant,LN0094,Line-1,2026-07-06 20:00:00,2026-07-06,20,Afternoon,Coconut Bar Soap,1.26,60.0,2.9,No Downtime,57.1,76,68,2,66,2.54,97.06,89.47,95.17,94.52,87.31,6.68,16.88,3
PureGlow Soaps International (Fictional Dummy Company),Global Manufacturing Head - PureGlow Soaps,Australia,New Zealand,Hamilton,FCT032,Hamilton Soap Plant,LN0095,Line-2,2026-07-06 20:00:00,2026-07-06,20,Afternoon,Coconut Bar Soap,1.19,60.0,8.2,Quality Hold,51.8,71,53,5,48,9.35,90.57,74.65,86.33,85.98,67.23,5.15,13.66,3
PureGlow Soaps International (Fictional Dummy Company),Global Manufacturing Head - PureGlow Soaps,Australia,New Zealand,Hamilton,FCT032,Hamilton Soap Plant,LN0096,Line-3,2026-07-06 20:00:00,2026-07-06,20,Afternoon,Sandalwood Bar Soap,1.36,60.0,11.0,Changeover/Setup,49.0,82,63,2,61,2.65,96.83,76.83,81.67,94.54,74.76,5.87,23.13,3
PureGlow Soaps International (Fictional Dummy Company),Global Manufacturing Head - PureGlow Soaps,Australia,New Zealand,Hamilton,FCT032,Hamilton Soap Plant,LN0094,Line-1,2026-07-06 21:00:00,2026-07-06,21,Afternoon,Coconut Bar Soap,1.26,60.0,1.0,No Downtime,59.0,76,75,3,72,3.53,96.0,98.68,98.33,100.89,95.24,7.37,17.01,2
PureGlow Soaps International (Fictional Dummy Company),Global Manufacturing Head - PureGlow Soaps,Australia,New Zealand,Hamilton,FCT032,Hamilton Soap Plant,LN0095,Line-2,2026-07-06 21:00:00,2026-07-06,21,Afternoon,Coconut Bar Soap,1.19,60.0,2.7,No Downtime,57.3,71,68,1,67,2.11,98.53,95.77,95.5,99.73,93.84,6.1,15.89,1
PureGlow Soaps International (Fictional Dummy Company),Global Manufacturing Head - PureGlow Soaps,Australia,New Zealand,Hamilton,FCT032,Hamilton Soap Plant,LN0096,Line-3,2026-07-06 21:00:00,2026-07-06,21,Afternoon,Sandalwood Bar Soap,1.36,60.0,23.0,Material Shortage,37.0,82,42,1,41,2.49,97.62,51.22,61.67,83.47,50.25,4.12,17.06,1
PureGlow Soaps International (Fictional Dummy Company),Global Manufacturing Head - PureGlow Soaps,Australia,New Zealand,Hamilton,FCT032,Hamilton Soap Plant,LN0094,Line-1,2026-07-06 22:00:00,2026-07-06,22,Night,Coconut Bar Soap,1.26,60.0,24.2,Preventive Maintenance,35.8,76,45,1,44,2.82,97.78,59.21,59.67,99.76,58.21,4.37,9.78,3
PureGlow Soaps International (Fictional Dummy Company),Global Manufacturing Head - PureGlow Soaps,Australia,New Zealand,Hamilton,FCT032,Hamilton Soap Plant,LN0095,Line-2,2026-07-06 22:00:00,2026-07-06,22,Night,Coconut Bar Soap,1.19,60.0,1.4,No Downtime,58.6,71,57,2,55,3.45,96.49,80.28,97.67,81.74,77.03,5.64,17.09,2
PureGlow Soaps International (Fictional Dummy Company),Global Manufacturing Head - PureGlow Soaps,Australia,New Zealand,Hamilton,FCT032,Hamilton Soap Plant,LN0096,Line-3,2026-07-06 22:00:00,2026-07-06,22,Night,Sandalwood Bar Soap,1.36,60.0,1.5,No Downtime,58.5,82,77,4,73,4.69,94.81,93.9,97.5,96.78,89.46,8.29,25.87,2
PureGlow Soaps International (Fictional Dummy Company),Global Manufacturing Head - PureGlow Soaps,Australia,New Zealand,Hamilton,FCT032,Hamilton Soap Plant,LN0094,Line-1,2026-07-06 23:00:00,2026-07-06,23,Night,Coconut Bar Soap,1.26,60.0,26.5,Preventive Maintenance,33.5,76,43,1,42,1.46,97.67,56.58,55.83,101.87,55.55,3.98,10.61,1
PureGlow Soaps International (Fictional Dummy Company),Global Manufacturing Head - PureGlow Soaps,Australia,New Zealand,Hamilton,FCT032,Hamilton Soap Plant,LN0095,Line-2,2026-07-06 23:00:00,2026-07-06,23,Night,Coconut Bar Soap,1.19,60.0,8.6,Quality Hold,51.4,71,53,3,50,6.21,94.34,74.65,85.67,86.65,70.03,5.38,15.39,1
PureGlow Soaps International (Fictional Dummy Company),Global Manufacturing Head - PureGlow Soaps,Australia,New Zealand,Hamilton,FCT032,Hamilton Soap Plant,LN0096,Line-3,2026-07-06 23:00:00,2026-07-06,23,Night,Sandalwood Bar Soap,1.36,60.0,19.0,Staff Shortage,41.0,82,53,2,51,4.53,96.23,64.63,68.33,95.05,62.5,5.04,20.17,3
PureGlow Soaps International (Fictional Dummy Company),Global Manufacturing Head - PureGlow Soaps,Australia,New Zealand,Hamilton,FCT032,Hamilton Soap Plant,LN0094,Line-1,2026-07-07 00:00:00,2026-07-07,0,Night,Lavender Bar Soap,1.26,60.0,16.1,Changeover/Setup,43.9,76,53,1,52,2.41,98.11,69.74,73.17,95.82,68.79,4.6,13.18,1
PureGlow Soaps International (Fictional Dummy Company),Global Manufacturing Head - PureGlow Soaps,Australia,New Zealand,Hamilton,FCT032,Hamilton Soap Plant,LN0095,Line-2,2026-07-07 00:00:00,2026-07-07,0,Night,Coconut Bar Soap,1.19,60.0,16.9,Material Shortage,43.1,71,51,1,50,1.43,98.04,71.83,71.83,99.44,70.03,4.7,13.25,1
PureGlow Soaps International (Fictional Dummy Company),Global Manufacturing Head - PureGlow Soaps,Australia,New Zealand,Hamilton,FCT032,Hamilton Soap Plant,LN0096,Line-3,2026-07-07 00:00:00,2026-07-07,0,Night,Charcoal Bar Soap,1.36,60.0,17.5,Changeover/Setup,42.5,82,51,1,50,2.44,98.04,62.2,70.83,88.24,61.28,4.37,17.73,1
PureGlow Soaps International (Fictional Dummy Company),Global Manufacturing Head - PureGlow Soaps,Australia,New Zealand,Hamilton,FCT032,Hamilton Soap Plant,LN0094,Line-1,2026-07-07 01:00:00,2026-07-07,1,Night,Lavender Bar Soap,1.26,60.0,9.9,Quality Hold,50.1,76,58,6,52,10.77,89.66,76.32,83.5,91.88,68.79,5.5,14.8,1
PureGlow Soaps International (Fictional Dummy Company),Global Manufacturing Head - PureGlow Soaps,Australia,New Zealand,Hamilton,FCT032,Hamilton Soap Plant,LN0095,Line-2,2026-07-07 01:00:00,2026-07-07,1,Night,Coconut Bar Soap,1.19,60.0,13.8,Power Outage,46.2,71,54,2,52,3.15,96.3,76.06,77.0,98.22,72.83,4.94,12.68,2
PureGlow Soaps International (Fictional Dummy Company),Global Manufacturing Head - PureGlow Soaps,Australia,New Zealand,Hamilton,FCT032,Hamilton Soap Plant,LN0096,Line-3,2026-07-07 01:00:00,2026-07-07,1,Night,Charcoal Bar Soap,1.36,60.0,2.7,No Downtime,57.3,82,73,3,70,4.1,95.89,89.02,95.5,93.68,85.79,7.7,28.89,1
PureGlow Soaps International (Fictional Dummy Company),Global Manufacturing Head - PureGlow Soaps,Australia,New Zealand,Hamilton,FCT032,Hamilton Soap Plant,LN0094,Line-1,2026-07-07 02:00:00,2026-07-07,2,Night,Lavender Bar Soap,1.26,60.0,1.6,No Downtime,58.4,76,59,1,58,2.15,98.31,77.63,97.33,80.18,76.72,6.34,18.19,2
PureGlow Soaps International (Fictional Dummy Company),Global Manufacturing Head - PureGlow Soaps,Australia,New Zealand,Hamilton,FCT032,Hamilton Soap Plant,LN0095,Line-2,2026-07-07 02:00:00,2026-07-07,2,Night,Coconut Bar Soap,1.19,60.0,19.4,Quality Hold,40.6,71,48,4,44,8.29,91.67,67.61,67.67,99.35,61.63,4.18,12.53,2
PureGlow Soaps International (Fictional Dummy Company),Global Manufacturing Head - PureGlow Soaps,Australia,New Zealand,Hamilton,FCT032,Hamilton Soap Plant,LN0096,Line-3,2026-07-07 02:00:00,2026-07-07,2,Night,Charcoal Bar Soap,1.36,60.0,13.6,Staff Shortage,46.4,82,55,2,53,3.13,96.36,67.07,77.33,87.16,64.95,5.1,19.99,2
PureGlow Soaps International (Fictional Dummy Company),Global Manufacturing Head - PureGlow Soaps,Australia,New Zealand,Hamilton,FCT032,Hamilton Soap Plant,LN0094,Line-1,2026-07-07 03:00:00,2026-07-07,3,Night,Lavender Bar Soap,1.26,60.0,3.0,No Downtime,57.0,76,63,2,61,2.69,96.83,82.89,95.0,87.72,80.69,6.34,16.52,1
PureGlow Soaps International (Fictional Dummy Company),Global Manufacturing Head - PureGlow Soaps,Australia,New Zealand,Hamilton,FCT032,Hamilton Soap Plant,LN0095,Line-2,2026-07-07 03:00:00,2026-07-07,3,Night,Coconut Bar Soap,1.19,60.0,0.2,No Downtime,59.8,71,70,2,68,2.74,97.14,98.59,99.67,98.37,95.24,6.36,17.19,3
PureGlow Soaps International (Fictional Dummy Company),Global Manufacturing Head - PureGlow Soaps,Australia,New Zealand,Hamilton,FCT032,Hamilton Soap Plant,LN0096,Line-3,2026-07-07 03:00:00,2026-07-07,3,Night,Charcoal Bar Soap,1.36,60.0,0.3,No Downtime,59.7,82,75,4,71,5.04,94.67,91.46,99.5,92.37,87.01,7.09,26.31,2
PureGlow Soaps International (Fictional Dummy Company),Global Manufacturing Head - PureGlow Soaps,Australia,New Zealand,Hamilton,FCT032,Hamilton Soap Plant,LN0094,Line-1,2026-07-07 04:00:00,2026-07-07,4,Night,Lavender Bar Soap,1.26,60.0,3.8,No Downtime,56.2,76,60,1,59,2.14,98.33,78.95,93.67,84.73,78.04,6.47,16.76,3
PureGlow Soaps International (Fictional Dummy Company),Global Manufacturing Head - PureGlow Soaps,Australia,New Zealand,Hamilton,FCT032,Hamilton Soap Plant,LN0095,Line-2,2026-07-07 04:00:00,2026-07-07,4,Night,Coconut Bar Soap,1.19,60.0,30.8,Material Shortage,29.2,71,34,1,33,4.41,97.06,47.89,48.67,97.85,46.22,3.26,9.01,3
PureGlow Soaps International (Fictional Dummy Company),Global Manufacturing Head - PureGlow Soaps,Australia,New Zealand,Hamilton,FCT032,Hamilton Soap Plant,LN0096,Line-3,2026-07-07 04:00:00,2026-07-07,4,Night,Charcoal Bar Soap,1.36,60.0,16.1,Changeover/Setup,43.9,82,51,2,49,4.64,96.08,62.2,73.17,85.42,60.05,4.68,21.15,3
PureGlow Soaps International (Fictional Dummy Company),Global Manufacturing Head - PureGlow Soaps,Australia,New Zealand,Hamilton,FCT032,Hamilton Soap Plant,LN0094,Line-1,2026-07-07 05:00:00,2026-07-07,5,Night,Lavender Bar Soap,1.26,60.0,1.9,No Downtime,58.1,76,59,2,57,3.59,96.61,77.63,96.83,80.59,75.39,5.93,17.53,1
PureGlow Soaps International (Fictional Dummy Company),Global Manufacturing Head - PureGlow Soaps,Australia,New Zealand,Hamilton,FCT032,Hamilton Soap Plant,LN0095,Line-2,2026-07-07 05:00:00,2026-07-07,5,Night,Coconut Bar Soap,1.19,60.0,16.8,Machine Breakdown,43.2,71,46,2,44,4.12,95.65,64.79,72.0,89.48,61.62,4.43,13.59,2
PureGlow Soaps International (Fictional Dummy Company),Global Manufacturing Head - PureGlow Soaps,Australia,New Zealand,Hamilton,FCT032,Hamilton Soap Plant,LN0096,Line-3,2026-07-07 05:00:00,2026-07-07,5,Night,Charcoal Bar Soap,1.36,60.0,3.0,No Downtime,57.0,82,67,1,66,1.25,98.51,81.71,95.0,86.43,80.89,6.41,26.88,3
PureGlow Soaps International (Fictional Dummy Company),Global Manufacturing Head - PureGlow Soaps,Australia,New Zealand,Hamilton,FCT032,Hamilton Soap Plant,LN0094,Line-1,2026-07-07 06:00:00,2026-07-07,6,Morning,Lavender Bar Soap,1.26,60.0,11.2,Material Shortage,48.8,76,62,3,59,5.17,95.16,81.58,81.33,100.83,78.04,6.57,14.75,2
PureGlow Soaps International (Fictional Dummy Company),Global Manufacturing Head - PureGlow Soaps,Australia,New Zealand,Hamilton,FCT032,Hamilton Soap Plant,LN0095,Line-2,2026-07-07 06:00:00,2026-07-07,6,Morning,Coconut Bar Soap,1.19,60.0,16.0,Staff Shortage,44.0,71,46,1,45,3.04,97.83,64.79,73.33,87.85,63.02,4.82,13.31,3
PureGlow Soaps International (Fictional Dummy Company),Global Manufacturing Head - PureGlow Soaps,Australia,New Zealand,Hamilton,FCT032,Hamilton Soap Plant,LN0096,Line-3,2026-07-07 06:00:00,2026-07-07,6,Morning,Charcoal Bar Soap,1.36,60.0,3.5,No Downtime,56.5,82,76,3,73,3.41,96.05,92.68,94.17,98.91,89.46,6.49,26.92,2
PureGlow Soaps International (Fictional Dummy Company),Global Manufacturing Head - PureGlow Soaps,Australia,New Zealand,Hamilton,FCT032,Hamilton Soap Plant,LN0094,Line-1,2026-07-07 07:00:00,2026-07-07,7,Morning,Lavender Bar Soap,1.26,60.0,40.0,Machine Breakdown,20.0,76,26,1,25,3.23,96.15,34.21,33.33,103.17,33.06,2.81,5.6,3
PureGlow Soaps International (Fictional Dummy Company),Global Manufacturing Head - PureGlow Soaps,Australia,New Zealand,Hamilton,FCT032,Hamilton Soap Plant,LN0095,Line-2,2026-07-07 07:00:00,2026-07-07,7,Morning,Coconut Bar Soap,1.19,60.0,26.8,Machine Breakdown,33.2,71,37,1,36,3.75,97.3,52.11,55.33,93.65,50.42,3.96,9.13,1
PureGlow Soaps International (Fictional Dummy Company),Global Manufacturing Head - PureGlow Soaps,Australia,New Zealand,Hamilton,FCT032,Hamilton Soap Plant,LN0096,Line-3,2026-07-07 07:00:00,2026-07-07,7,Morning,Charcoal Bar Soap,1.36,60.0,1.4,No Downtime,58.6,82,78,3,75,4.3,96.15,95.12,97.67,97.87,91.91,7.89,26.8,2
PureGlow Soaps International (Fictional Dummy Company),Global Manufacturing Head - PureGlow Soaps,Australia,New Zealand,Hamilton,FCT032,Hamilton Soap Plant,LN0094,Line-1,2026-07-07 08:00:00,2026-07-07,8,Morning,Lavender Bar Soap,1.26,60.0,0.0,No Downtime,60.0,76,61,2,59,3.61,96.72,80.26,100.0,80.69,78.04,5.3,18.95,1
PureGlow Soaps International (Fictional Dummy Company),Global Manufacturing Head - PureGlow Soaps,Australia,New Zealand,Hamilton,FCT032,Hamilton Soap Plant,LN0095,Line-2,2026-07-07 08:00:00,2026-07-07,8,Morning,Coconut Bar Soap,1.19,60.0,18.5,Machine Breakdown,41.5,71,46,1,45,2.25,97.83,64.79,69.17,93.15,63.03,4.14,11.57,3
PureGlow Soaps International (Fictional Dummy Company),Global Manufacturing Head - PureGlow Soaps,Australia,New Zealand,Hamilton,FCT032,Hamilton Soap Plant,LN0096,Line-3,2026-07-07 08:00:00,2026-07-07,8,Morning,Charcoal Bar Soap,1.36,60.0,28.2,Material Shortage,31.8,82,38,1,37,2.12,97.37,46.34,53.0,87.87,45.35,3.61,15.7,2
PureGlow Soaps International (Fictional Dummy Company),Global Manufacturing Head - PureGlow Soaps,Australia,New Zealand,Hamilton,FCT032,Hamilton Soap Plant,LN0094,Line-1,2026-07-07 09:00:00,2026-07-07,9,Morning,Lavender Bar Soap,1.26,60.0,24.4,Preventive Maintenance,35.6,76,42,2,40,5.14,95.24,55.26,59.33,93.63,52.91,4.03,10.08,1
PureGlow Soaps International (Fictional Dummy Company),Global Manufacturing Head - PureGlow Soaps,Australia,New Zealand,Hamilton,FCT032,Hamilton Soap Plant,LN0095,Line-2,2026-07-07 09:00:00,2026-07-07,9,Morning,Coconut Bar Soap,1.19,60.0,19.0,Material Shortage,41.0,71,46,1,45,2.83,97.83,64.79,68.33,94.28,63.02,4.95,11.48,1
PureGlow Soaps International (Fictional Dummy Company),Global Manufacturing Head - PureGlow Soaps,Australia,New Zealand,Hamilton,FCT032,Hamilton Soap Plant,LN0096,Line-3,2026-07-07 09:00:00,2026-07-07,9,Morning,Charcoal Bar Soap,1.36,60.0,20.6,Machine Breakdown,39.4,82,51,2,49,3.53,96.08,62.2,65.67,95.18,60.05,5.43,18.66,2
PureGlow Soaps International (Fictional Dummy Company),Global Manufacturing Head - PureGlow Soaps,Australia,New Zealand,Hamilton,FCT032,Hamilton Soap Plant,LN0094,Line-1,2026-07-07 10:00:00,2026-07-07,10,Morning,Lavender Bar Soap,1.26,60.0,13.2,Changeover/Setup,46.8,76,51,1,50,1.92,98.04,67.11,78.0,86.49,66.14,5.46,14.17,1
PureGlow Soaps International (Fictional Dummy Company),Global Manufacturing Head - PureGlow Soaps,Australia,New Zealand,Hamilton,FCT032,Hamilton Soap Plant,LN0095,Line-2,2026-07-07 10:00:00,2026-07-07,10,Morning,Coconut Bar Soap,1.19,60.0,3.5,No Downtime,56.5,71,61,2,59,3.8,96.72,85.92,94.17,90.73,82.64,6.09,14.68,3
PureGlow Soaps International (Fictional Dummy Company),Global Manufacturing Head - PureGlow Soaps,Australia,New Zealand,Hamilton,FCT032,Hamilton Soap Plant,LN0096,Line-3,2026-07-07 10:00:00,2026-07-07,10,Morning,Charcoal Bar Soap,1.36,60.0,7.8,Power Outage,52.2,82,66,3,63,4.09,95.45,80.49,87.0,92.97,77.2,6.1,23.97,2
PureGlow Soaps International (Fictional Dummy Company),Global Manufacturing Head - PureGlow Soaps,Australia,New Zealand,Hamilton,FCT032,Hamilton Soap Plant,LN0094,Line-1,2026-07-07 11:00:00,2026-07-07,11,Morning,Lavender Bar Soap,1.26,60.0,14.6,Changeover/Setup,45.4,76,54,2,52,3.87,96.3,71.05,75.67,94.4,68.79,5.08,13.3,3
PureGlow Soaps International (Fictional Dummy Company),Global Manufacturing Head - PureGlow Soaps,Australia,New Zealand,Hamilton,FCT032,Hamilton Soap Plant,LN0095,Line-2,2026-07-07 11:00:00,2026-07-07,11,Morning,Coconut Bar Soap,1.19,60.0,2.8,No Downtime,57.2,71,62,3,59,4.72,95.16,87.32,95.33,91.09,82.63,5.85,16.78,2
PureGlow Soaps International (Fictional Dummy Company),Global Manufacturing Head - PureGlow Soaps,Australia,New Zealand,Hamilton,FCT032,Hamilton Soap Plant,LN0096,Line-3,2026-07-07 11:00:00,2026-07-07,11,Morning,Charcoal Bar Soap,1.36,60.0,23.4,Preventive Maintenance,36.6,82,41,1,40,2.16,97.56,50.0,61.0,82.37,49.02,3.97,16.96,3
PureGlow Soaps International (Fictional Dummy Company),Global Manufacturing Head - PureGlow Soaps,Australia,New Zealand,Hamilton,FCT032,Hamilton Soap Plant,LN0094,Line-1,2026-07-07 12:00:00,2026-07-07,12,Morning,Lavender Bar Soap,1.26,60.0,28.6,Power Outage,31.4,76,38,1,37,2.79,97.37,50.0,52.33,96.05,48.94,3.39,9.32,1
PureGlow Soaps International (Fictional Dummy Company),Global Manufacturing Head - PureGlow Soaps,Australia,New Zealand,Hamilton,FCT032,Hamilton Soap Plant,LN0095,Line-2,2026-07-07 12:00:00,2026-07-07,12,Morning,Coconut Bar Soap,1.19,60.0,23.6,Machine Breakdown,36.4,71,36,0,36,1.01,100.0,50.7,60.67,83.11,50.42,3.45,10.01,1
PureGlow Soaps International (Fictional Dummy Company),Global Manufacturing Head - PureGlow Soaps,Australia,New Zealand,Hamilton,FCT032,Hamilton Soap Plant,LN0096,Line-3,2026-07-07 12:00:00,2026-07-07,12,Morning,Charcoal Bar Soap,1.36,60.0,1.5,No Downtime,58.5,82,66,2,64,3.58,96.97,80.49,97.5,82.96,78.44,6.68,26.93,2
PureGlow Soaps International (Fictional Dummy Company),Global Manufacturing Head - PureGlow Soaps,Australia,New Zealand,Hamilton,FCT032,Hamilton Soap Plant,LN0094,Line-1,2026-07-07 13:00:00,2026-07-07,13,Morning,Lavender Bar Soap,1.26,60.0,3.7,No Downtime,56.3,76,73,2,71,2.93,97.26,96.05,93.83,102.91,93.91,6.72,17.62,1
PureGlow Soaps International (Fictional Dummy Company),Global Manufacturing Head - PureGlow Soaps,Australia,New Zealand,Hamilton,FCT032,Hamilton Soap Plant,LN0095,Line-2,2026-07-07 13:00:00,2026-07-07,13,Morning,Coconut Bar Soap,1.19,60.0,13.7,Machine Breakdown,46.3,71,57,2,55,3.06,96.49,80.28,77.17,103.45,77.03,5.89,12.69,2
PureGlow Soaps International (Fictional Dummy Company),Global Manufacturing Head - PureGlow Soaps,Australia,New Zealand,Hamilton,FCT032,Hamilton Soap Plant,LN0096,Line-3,2026-07-07 13:00:00,2026-07-07,13,Morning,Charcoal Bar Soap,1.36,60.0,3.0,No Downtime,57.0,82,77,3,74,3.62,96.1,93.9,95.0,99.33,90.68,7.05,28.94,3
PureGlow Soaps International (Fictional Dummy Company),Global Manufacturing Head - PureGlow Soaps,Australia,New Zealand,Hamilton,FCT032,Hamilton Soap Plant,LN0094,Line-1,2026-07-07 14:00:00,2026-07-07,14,Afternoon,Lavender Bar Soap,1.26,60.0,18.7,Changeover/Setup,41.3,76,51,1,50,1.88,98.04,67.11,68.83,98.01,66.14,4.51,10.83,2
PureGlow Soaps International (Fictional Dummy Company),Global Manufacturing Head - PureGlow Soaps,Australia,New Zealand,Hamilton,FCT032,Hamilton Soap Plant,LN0095,Line-2,2026-07-07 14:00:00,2026-07-07,14,Afternoon,Coconut Bar Soap,1.19,60.0,24.2,Staff Shortage,35.8,71,42,2,40,3.63,95.24,59.15,59.67,98.59,56.03,3.66,9.87,1
PureGlow Soaps International (Fictional Dummy Company),Global Manufacturing Head - PureGlow Soaps,Australia,New Zealand,Hamilton,FCT032,Hamilton Soap Plant,LN0096,Line-3,2026-07-07 14:00:00,2026-07-07,14,Afternoon,Charcoal Bar Soap,1.36,60.0,7.4,Changeover/Setup,52.6,82,73,3,70,4.08,95.89,89.02,87.67,102.05,85.79,6.31,23.4,3
PureGlow Soaps International (Fictional Dummy Company),Global Manufacturing Head - PureGlow Soaps,Australia,New Zealand,Hamilton,FCT032,Hamilton Soap Plant,LN0094,Line-1,2026-07-07 15:00:00,2026-07-07,15,Afternoon,Lavender Bar Soap,1.26,60.0,1.1,No Downtime,58.9,76,71,3,68,4.01,95.77,93.42,98.17,95.67,89.95,6.76,17.22,3
PureGlow Soaps International (Fictional Dummy Company),Global Manufacturing Head - PureGlow Soaps,Australia,New Zealand,Hamilton,FCT032,Hamilton Soap Plant,LN0095,Line-2,2026-07-07 15:00:00,2026-07-07,15,Afternoon,Coconut Bar Soap,1.19,60.0,2.6,No Downtime,57.4,71,68,2,66,2.93,97.06,95.77,95.67,99.55,92.44,7.08,17.1,3
PureGlow Soaps International (Fictional Dummy Company),Global Manufacturing Head - PureGlow Soaps,Australia,New Zealand,Hamilton,FCT032,Hamilton Soap Plant,LN0096,Line-3,2026-07-07 15:00:00,2026-07-07,15,Afternoon,Charcoal Bar Soap,1.36,60.0,10.1,Changeover/Setup,49.9,82,56,1,55,1.3,98.21,68.29,83.17,82.52,67.4,5.19,23.9,3
PureGlow Soaps International (Fictional Dummy Company),Global Manufacturing Head - PureGlow Soaps,Australia,New Zealand,Hamilton,FCT032,Hamilton Soap Plant,LN0094,Line-1,2026-07-07 16:00:00,2026-07-07,16,Afternoon,Lavender Bar Soap,1.26,60.0,9.9,Changeover/Setup,50.1,76,65,2,63,3.29,96.92,85.53,83.5,102.97,83.33,5.85,14.77,1
PureGlow Soaps International (Fictional Dummy Company),Global Manufacturing Head - PureGlow Soaps,Australia,New Zealand,Hamilton,FCT032,Hamilton Soap Plant,LN0095,Line-2,2026-07-07 16:00:00,2026-07-07,16,Afternoon,Coconut Bar Soap,1.19,60.0,19.5,Material Shortage,40.5,71,45,1,44,2.39,97.78,63.38,67.5,93.37,61.63,4.55,10.83,2
PureGlow Soaps International (Fictional Dummy Company),Global Manufacturing Head - PureGlow Soaps,Australia,New Zealand,Hamilton,FCT032,Hamilton Soap Plant,LN0096,Line-3,2026-07-07 16:00:00,2026-07-07,16,Afternoon,Charcoal Bar Soap,1.36,60.0,27.7,Power Outage,32.3,82,44,1,43,2.53,97.73,53.66,53.83,100.16,52.69,4.41,14.62,2
PureGlow Soaps International (Fictional Dummy Company),Global Manufacturing Head - PureGlow Soaps,Australia,New Zealand,Hamilton,FCT032,Hamilton Soap Plant,LN0094,Line-1,2026-07-07 17:00:00,2026-07-07,17,Afternoon,Lavender Bar Soap,1.26,60.0,1.8,No Downtime,58.2,76,66,2,64,3.07,96.97,86.84,97.0,90.0,84.65,6.75,16.79,2
PureGlow Soaps International (Fictional Dummy Company),Global Manufacturing Head - PureGlow Soaps,Australia,New Zealand,Hamilton,FCT032,Hamilton Soap Plant,LN0095,Line-2,2026-07-07 17:00:00,2026-07-07,17,Afternoon,Coconut Bar Soap,1.19,60.0,12.4,Quality Hold,47.6,71,47,3,44,6.17,93.62,66.2,79.33,82.97,61.62,4.2,13.09,2
PureGlow Soaps International (Fictional Dummy Company),Global Manufacturing Head - PureGlow Soaps,Australia,New Zealand,Hamilton,FCT032,Hamilton Soap Plant,LN0096,Line-3,2026-07-07 17:00:00,2026-07-07,17,Afternoon,Charcoal Bar Soap,1.36,60.0,0.3,No Downtime,59.7,82,80,0,80,0.0,100.0,97.56,99.5,98.53,98.04,7.31,25.69,2
PureGlow Soaps International (Fictional Dummy Company),Global Manufacturing Head - PureGlow Soaps,Australia,New Zealand,Hamilton,FCT032,Hamilton Soap Plant,LN0094,Line-1,2026-07-07 18:00:00,2026-07-07,18,Afternoon,Lavender Bar Soap,1.26,60.0,3.1,No Downtime,56.9,76,70,1,69,1.49,98.57,92.11,94.83,97.64,91.27,6.86,16.73,3
PureGlow Soaps International (Fictional Dummy Company),Global Manufacturing Head - PureGlow Soaps,Australia,New Zealand,Hamilton,FCT032,Hamilton Soap Plant,LN0095,Line-2,2026-07-07 18:00:00,2026-07-07,18,Afternoon,Coconut Bar Soap,1.19,60.0,35.0,Preventive Maintenance,25.0,71,28,1,27,2.63,96.43,39.44,41.67,94.12,37.82,2.57,6.73,2
PureGlow Soaps International (Fictional Dummy Company),Global Manufacturing Head - PureGlow Soaps,Australia,New Zealand,Hamilton,FCT032,Hamilton Soap Plant,LN0096,Line-3,2026-07-07 18:00:00,2026-07-07,18,Afternoon,Charcoal Bar Soap,1.36,60.0,14.8,Quality Hold,45.2,82,59,6,53,9.72,89.83,71.95,75.33,95.98,64.95,5.16,22.11,3
PureGlow Soaps International (Fictional Dummy Company),Global Manufacturing Head - PureGlow Soaps,Australia,New Zealand,Hamilton,FCT032,Hamilton Soap Plant,LN0094,Line-1,2026-07-07 19:00:00,2026-07-07,19,Afternoon,Lavender Bar Soap,1.26,60.0,5.3,Changeover/Setup,54.7,76,65,2,63,2.66,96.92,85.53,91.17,94.31,83.33,6.46,16.14,3
PureGlow Soaps International (Fictional Dummy Company),Global Manufacturing Head - PureGlow Soaps,Australia,New Zealand,Hamilton,FCT032,Hamilton Soap Plant,LN0095,Line-2,2026-07-07 19:00:00,2026-07-07,19,Afternoon,Coconut Bar Soap,1.19,60.0,19.0,Changeover/Setup,41.0,71,43,1,42,2.81,97.67,60.56,68.33,88.13,58.82,3.71,11.84,1
PureGlow Soaps International (Fictional Dummy Company),Global Manufacturing Head - PureGlow Soaps,Australia,New Zealand,Hamilton,FCT032,Hamilton Soap Plant,LN0096,Line-3,2026-07-07 19:00:00,2026-07-07,19,Afternoon,Charcoal Bar Soap,1.36,60.0,5.7,Changeover/Setup,54.3,82,71,2,69,2.7,97.18,86.59,90.5,96.14,84.55,6.69,25.57,1
PureGlow Soaps International (Fictional Dummy Company),Global Manufacturing Head - PureGlow Soaps,Australia,New Zealand,Hamilton,FCT032,Hamilton Soap Plant,LN0094,Line-1,2026-07-07 20:00:00,2026-07-07,20,Afternoon,Lavender Bar Soap,1.26,60.0,22.4,Material Shortage,37.6,76,47,2,45,3.86,95.74,61.84,62.67,99.21,59.53,4.6,10.37,1
PureGlow Soaps International (Fictional Dummy Company),Global Manufacturing Head - PureGlow Soaps,Australia,New Zealand,Hamilton,FCT032,Hamilton Soap Plant,LN0095,Line-2,2026-07-07 20:00:00,2026-07-07,20,Afternoon,Coconut Bar Soap,1.19,60.0,0.5,No Downtime,59.5,71,68,2,66,3.38,97.06,95.77,99.17,96.04,92.44,6.21,15.96,2
PureGlow Soaps International (Fictional Dummy Company),Global Manufacturing Head - PureGlow Soaps,Australia,New Zealand,Hamilton,FCT032,Hamilton Soap Plant,LN0096,Line-3,2026-07-07 20:00:00,2026-07-07,20,Afternoon,Charcoal Bar Soap,1.36,60.0,26.6,Machine Breakdown,33.4,82,41,1,40,3.59,97.56,50.0,55.67,90.26,49.02,4.26,16.56,2
PureGlow Soaps International (Fictional Dummy Company),Global Manufacturing Head - PureGlow Soaps,Australia,New Zealand,Hamilton,FCT032,Hamilton Soap Plant,LN0094,Line-1,2026-07-07 21:00:00,2026-07-07,21,Afternoon,Lavender Bar Soap,1.26,60.0,11.6,Machine Breakdown,48.4,76,56,1,55,2.46,98.21,73.68,80.67,91.83,72.75,5.61,14.75,2
PureGlow Soaps International (Fictional Dummy Company),Global Manufacturing Head - PureGlow Soaps,Australia,New Zealand,Hamilton,FCT032,Hamilton Soap Plant,LN0095,Line-2,2026-07-07 21:00:00,2026-07-07,21,Afternoon,Coconut Bar Soap,1.19,60.0,1.5,No Downtime,58.5,71,64,4,60,5.76,93.75,90.14,97.5,91.93,84.03,5.46,16.86,3
PureGlow Soaps International (Fictional Dummy Company),Global Manufacturing Head - PureGlow Soaps,Australia,New Zealand,Hamilton,FCT032,Hamilton Soap Plant,LN0096,Line-3,2026-07-07 21:00:00,2026-07-07,21,Afternoon,Charcoal Bar Soap,1.36,60.0,22.1,Preventive Maintenance,37.9,82,51,1,50,1.53,98.04,62.2,63.17,98.94,61.28,4.59,17.47,3
PureGlow Soaps International (Fictional Dummy Company),Global Manufacturing Head - PureGlow Soaps,Australia,New Zealand,Hamilton,FCT032,Hamilton Soap Plant,LN0094,Line-1,2026-07-07 22:00:00,2026-07-07,22,Night,Lavender Bar Soap,1.26,60.0,35.0,Preventive Maintenance,25.0,76,26,1,25,2.23,96.15,34.21,41.67,82.54,33.07,2.83,6.73,2
PureGlow Soaps International (Fictional Dummy Company),Global Manufacturing Head - PureGlow Soaps,Australia,New Zealand,Hamilton,FCT032,Hamilton Soap Plant,LN0095,Line-2,2026-07-07 22:00:00,2026-07-07,22,Night,Coconut Bar Soap,1.19,60.0,17.9,Power Outage,42.1,71,48,1,47,1.85,97.92,67.61,70.17,95.81,65.83,4.08,11.46,2
PureGlow Soaps International (Fictional Dummy Company),Global Manufacturing Head - PureGlow Soaps,Australia,New Zealand,Hamilton,FCT032,Hamilton Soap Plant,LN0096,Line-3,2026-07-07 22:00:00,2026-07-07,22,Night,Charcoal Bar Soap,1.36,60.0,14.7,Quality Hold,45.3,82,55,5,50,8.6,90.91,67.07,75.5,89.27,61.27,5.84,20.62,1
PureGlow Soaps International (Fictional Dummy Company),Global Manufacturing Head - PureGlow Soaps,Australia,New Zealand,Hamilton,FCT032,Hamilton Soap Plant,LN0094,Line-1,2026-07-07 23:00:00,2026-07-07,23,Night,Lavender Bar Soap,1.26,60.0,1.4,No Downtime,58.6,76,62,2,60,3.56,96.77,81.58,97.67,83.97,79.36,6.2,18.34,2
PureGlow Soaps International (Fictional Dummy Company),Global Manufacturing Head - PureGlow Soaps,Australia,New Zealand,Hamilton,FCT032,Hamilton Soap Plant,LN0095,Line-2,2026-07-07 23:00:00,2026-07-07,23,Night,Coconut Bar Soap,1.19,60.0,18.7,Preventive Maintenance,41.3,71,42,2,40,4.37,95.24,59.15,68.83,85.46,56.02,4.33,11.72,2
PureGlow Soaps International (Fictional Dummy Company),Global Manufacturing Head - PureGlow Soaps,Australia,New Zealand,Hamilton,FCT032,Hamilton Soap Plant,LN0096,Line-3,2026-07-07 23:00:00,2026-07-07,23,Night,Charcoal Bar Soap,1.36,60.0,3.6,No Downtime,56.4,82,77,1,76,1.1,98.7,93.9,94.0,100.39,93.14,8.04,27.34,3
PureGlow Soaps International (Fictional Dummy Company),Global Manufacturing Head - PureGlow Soaps,Australia,New Zealand,Hamilton,FCT032,Hamilton Soap Plant,LN0094,Line-1,2026-07-08 00:00:00,2026-07-08,0,Night,Aloe Vera Liquid Soap,1.26,60.0,44.1,Machine Breakdown,15.9,76,19,1,18,3.46,94.74,25.0,26.5,94.84,23.81,2.04,4.85,3
PureGlow Soaps International (Fictional Dummy Company),Global Manufacturing Head - PureGlow Soaps,Australia,New Zealand,Hamilton,FCT032,Hamilton Soap Plant,LN0095,Line-2,2026-07-08 00:00:00,2026-07-08,0,Night,Rose Bar Soap,1.19,60.0,36.9,Machine Breakdown,23.1,71,24,1,23,4.53,95.83,33.8,38.5,87.31,32.21,2.45,6.45,1
PureGlow Soaps International (Fictional Dummy Company),Global Manufacturing Head - PureGlow Soaps,Australia,New Zealand,Hamilton,FCT032,Hamilton Soap Plant,LN0096,Line-3,2026-07-08 00:00:00,2026-07-08,0,Night,Neem Bar Soap,1.36,60.0,19.1,Preventive Maintenance,40.9,82,54,2,52,3.42,96.3,65.85,68.17,97.08,63.73,5.43,19.53,1
PureGlow Soaps International (Fictional Dummy Company),Global Manufacturing Head - PureGlow Soaps,Australia,New Zealand,Hamilton,FCT032,Hamilton Soap Plant,LN0094,Line-1,2026-07-08 01:00:00,2026-07-08,1,Night,Aloe Vera Liquid Soap,1.26,60.0,25.5,Preventive Maintenance,34.5,76,41,1,40,3.34,97.56,53.95,57.5,94.32,52.91,3.6,10.9,3
PureGlow Soaps International (Fictional Dummy Company),Global Manufacturing Head - PureGlow Soaps,Australia,New Zealand,Hamilton,FCT032,Hamilton Soap Plant,LN0095,Line-2,2026-07-08 01:00:00,2026-07-08,1,Night,Rose Bar Soap,1.19,60.0,36.2,Preventive Maintenance,23.8,71,24,1,23,3.19,95.83,33.8,39.67,84.74,32.21,2.09,7.13,2
PureGlow Soaps International (Fictional Dummy Company),Global Manufacturing Head - PureGlow Soaps,Australia,New Zealand,Hamilton,FCT032,Hamilton Soap Plant,LN0096,Line-3,2026-07-08 01:00:00,2026-07-08,1,Night,Neem Bar Soap,1.36,60.0,8.4,Power Outage,51.6,82,62,3,59,4.62,95.16,75.61,86.0,88.35,72.3,5.43,24.98,2
PureGlow Soaps International (Fictional Dummy Company),Global Manufacturing Head - PureGlow Soaps,Australia,New Zealand,Hamilton,FCT032,Hamilton Soap Plant,LN0094,Line-1,2026-07-08 02:00:00,2026-07-08,2,Night,Aloe Vera Liquid Soap,1.26,60.0,24.2,Machine Breakdown,35.8,76,39,1,38,2.34,97.44,51.32,59.67,86.46,50.27,4.0,11.05,1
PureGlow Soaps International (Fictional Dummy Company),Global Manufacturing Head - PureGlow Soaps,Australia,New Zealand,Hamilton,FCT032,Hamilton Soap Plant,LN0095,Line-2,2026-07-08 02:00:00,2026-07-08,2,Night,Rose Bar Soap,1.19,60.0,29.0,Power Outage,31.0,71,34,1,33,2.2,97.06,47.89,51.67,92.17,46.22,3.16,9.45,1
PureGlow Soaps International (Fictional Dummy Company),Global Manufacturing Head - PureGlow Soaps,Australia,New Zealand,Hamilton,FCT032,Hamilton Soap Plant,LN0096,Line-3,2026-07-08 02:00:00,2026-07-08,2,Night,Neem Bar Soap,1.36,60.0,10.1,Quality Hold,49.9,82,55,3,52,6.26,94.55,67.07,83.17,81.04,63.73,5.07,22.75,3
PureGlow Soaps International (Fictional Dummy Company),Global Manufacturing Head - PureGlow Soaps,Australia,New Zealand,Hamilton,FCT032,Hamilton Soap Plant,LN0094,Line-1,2026-07-08 03:00:00,2026-07-08,3,Night,Aloe Vera Liquid Soap,1.26,60.0,5.7,Changeover/Setup,54.3,76,67,2,65,2.54,97.01,88.16,90.5,97.93,85.98,7.27,14.54,3
PureGlow Soaps International (Fictional Dummy Company),Global Manufacturing Head - PureGlow Soaps,Australia,New Zealand,Hamilton,FCT032,Hamilton Soap Plant,LN0095,Line-2,2026-07-08 03:00:00,2026-07-08,3,Night,Rose Bar Soap,1.19,60.0,7.9,Changeover/Setup,52.1,71,51,2,49,4.56,96.08,71.83,86.83,82.26,68.63,5.42,14.16,1
PureGlow Soaps International (Fictional Dummy Company),Global Manufacturing Head - PureGlow Soaps,Australia,New Zealand,Hamilton,FCT032,Hamilton Soap Plant,LN0096,Line-3,2026-07-08 03:00:00,2026-07-08,3,Night,Neem Bar Soap,1.36,60.0,29.6,Material Shortage,30.4,82,38,1,37,3.29,97.37,46.34,50.67,91.91,45.35,3.85,15.11,3
PureGlow Soaps International (Fictional Dummy Company),Global Manufacturing Head - PureGlow Soaps,Australia,New Zealand,Hamilton,FCT032,Hamilton Soap Plant,LN0094,Line-1,2026-07-08 04:00:00,2026-07-08,4,Night,Aloe Vera Liquid Soap,1.26,60.0,1.9,No Downtime,58.1,76,75,3,72,3.83,96.0,98.68,96.83,102.45,95.23,7.12,17.9,2
PureGlow Soaps International (Fictional Dummy Company),Global Manufacturing Head - PureGlow Soaps,Australia,New Zealand,Hamilton,FCT032,Hamilton Soap Plant,LN0095,Line-2,2026-07-08 04:00:00,2026-07-08,4,Night,Rose Bar Soap,1.19,60.0,13.2,Changeover/Setup,46.8,71,47,1,46,2.19,97.87,66.2,78.0,84.39,64.42,4.8,13.3,1
PureGlow Soaps International (Fictional Dummy Company),Global Manufacturing Head - PureGlow Soaps,Australia,New Zealand,Hamilton,FCT032,Hamilton Soap Plant,LN0096,Line-3,2026-07-08 04:00:00,2026-07-08,4,Night,Neem Bar Soap,1.36,60.0,16.9,Changeover/Setup,43.1,82,58,1,57,2.46,98.28,70.73,71.83,98.95,69.85,5.27,18.36,2
PureGlow Soaps International (Fictional Dummy Company),Global Manufacturing Head - PureGlow Soaps,Australia,New Zealand,Hamilton,FCT032,Hamilton Soap Plant,LN0094,Line-1,2026-07-08 05:00:00,2026-07-08,5,Night,Aloe Vera Liquid Soap,1.26,60.0,15.4,Quality Hold,44.6,76,50,5,45,10.86,90.0,65.79,74.33,88.97,59.52,5.05,13.32,1
PureGlow Soaps International (Fictional Dummy Company),Global Manufacturing Head - PureGlow Soaps,Australia,New Zealand,Hamilton,FCT032,Hamilton Soap Plant,LN0095,Line-2,2026-07-08 05:00:00,2026-07-08,5,Night,Rose Bar Soap,1.19,60.0,16.2,Changeover/Setup,43.8,71,48,1,47,1.46,97.92,67.61,73.0,92.09,65.83,4.16,13.43,2
PureGlow Soaps International (Fictional Dummy Company),Global Manufacturing Head - PureGlow Soaps,Australia,New Zealand,Hamilton,FCT032,Hamilton Soap Plant,LN0096,Line-3,2026-07-08 05:00:00,2026-07-08,5,Night,Neem Bar Soap,1.36,60.0,33.1,Machine Breakdown,26.9,82,36,0,36,0.84,100.0,43.9,44.83,98.4,44.11,3.85,12.06,2
PureGlow Soaps International (Fictional Dummy Company),Global Manufacturing Head - PureGlow Soaps,Australia,New Zealand,Hamilton,FCT032,Hamilton Soap Plant,LN0094,Line-1,2026-07-08 06:00:00,2026-07-08,6,Morning,Aloe Vera Liquid Soap,1.26,60.0,17.8,Material Shortage,42.2,76,53,2,51,4.43,96.23,69.74,70.33,99.68,67.46,5.25,11.63,3
PureGlow Soaps International (Fictional Dummy Company),Global Manufacturing Head - PureGlow Soaps,Australia,New Zealand,Hamilton,FCT032,Hamilton Soap Plant,LN0095,Line-2,2026-07-08 06:00:00,2026-07-08,6,Morning,Rose Bar Soap,1.19,60.0,0.5,No Downtime,59.5,71,69,0,69,0.6,100.0,97.18,99.17,97.45,96.64,7.43,15.91,3
PureGlow Soaps International (Fictional Dummy Company),Global Manufacturing Head - PureGlow Soaps,Australia,New Zealand,Hamilton,FCT032,Hamilton Soap Plant,LN0096,Line-3,2026-07-08 06:00:00,2026-07-08,6,Morning,Neem Bar Soap,1.36,60.0,5.8,Power Outage,54.2,82,67,1,66,1.56,98.51,81.71,90.33,90.89,80.88,6.92,23.88,1
PureGlow Soaps International (Fictional Dummy Company),Global Manufacturing Head - PureGlow Soaps,Australia,New Zealand,Hamilton,FCT032,Hamilton Soap Plant,LN0094,Line-1,2026-07-08 07:00:00,2026-07-08,7,Morning,Aloe Vera Liquid Soap,1.26,60.0,45.0,Machine Breakdown,15.0,76,17,1,16,4.06,94.12,22.37,25.0,89.95,21.17,1.83,4.62,1
PureGlow Soaps International (Fictional Dummy Company),Global Manufacturing Head - PureGlow Soaps,Australia,New Zealand,Hamilton,FCT032,Hamilton Soap Plant,LN0095,Line-2,2026-07-08 07:00:00,2026-07-08,7,Morning,Rose Bar Soap,1.19,60.0,2.2,No Downtime,57.8,71,70,2,68,2.31,97.14,98.59,96.33,101.77,95.23,6.11,17.62,1
PureGlow Soaps International (Fictional Dummy Company),Global Manufacturing Head - PureGlow Soaps,Australia,New Zealand,Hamilton,FCT032,Hamilton Soap Plant,LN0096,Line-3,2026-07-08 07:00:00,2026-07-08,7,Morning,Neem Bar Soap,1.36,60.0,28.1,Machine Breakdown,31.9,82,35,1,34,3.23,97.14,42.68,53.17,80.67,41.67,3.4,15.16,3
PureGlow Soaps International (Fictional Dummy Company),Global Manufacturing Head - PureGlow Soaps,Australia,New Zealand,Hamilton,FCT032,Hamilton Soap Plant,LN0094,Line-1,2026-07-08 08:00:00,2026-07-08,8,Morning,Aloe Vera Liquid Soap,1.26,60.0,1.9,No Downtime,58.1,76,74,3,71,4.23,95.95,97.37,96.83,101.08,93.91,6.83,15.43,2
PureGlow Soaps International (Fictional Dummy Company),Global Manufacturing Head - PureGlow Soaps,Australia,New Zealand,Hamilton,FCT032,Hamilton Soap Plant,LN0095,Line-2,2026-07-08 08:00:00,2026-07-08,8,Morning,Rose Bar Soap,1.19,60.0,19.6,Staff Shortage,40.4,71,39,2,37,3.96,94.87,54.93,67.33,81.12,51.82,3.49,11.21,3
PureGlow Soaps International (Fictional Dummy Company),Global Manufacturing Head - PureGlow Soaps,Australia,New Zealand,Hamilton,FCT032,Hamilton Soap Plant,LN0096,Line-3,2026-07-08 08:00:00,2026-07-08,8,Morning,Neem Bar Soap,1.36,60.0,8.7,Staff Shortage,51.3,82,68,2,66,3.49,97.06,82.93,85.5,97.47,80.89,6.42,25.71,3
PureGlow Soaps International (Fictional Dummy Company),Global Manufacturing Head - PureGlow Soaps,Australia,New Zealand,Hamilton,FCT032,Hamilton Soap Plant,LN0094,Line-1,2026-07-08 09:00:00,2026-07-08,9,Morning,Aloe Vera Liquid Soap,1.26,60.0,6.3,Power Outage,53.7,76,64,2,62,2.79,96.88,84.21,89.5,94.59,82.02,6.43,16.91,2
PureGlow Soaps International (Fictional Dummy Company),Global Manufacturing Head - PureGlow Soaps,Australia,New Zealand,Hamilton,FCT032,Hamilton Soap Plant,LN0095,Line-2,2026-07-08 09:00:00,2026-07-08,9,Morning,Rose Bar Soap,1.19,60.0,0.7,No Downtime,59.3,71,71,2,69,2.76,97.18,100.0,98.83,100.61,96.63,6.89,16.12,1
PureGlow Soaps International (Fictional Dummy Company),Global Manufacturing Head - PureGlow Soaps,Australia,New Zealand,Hamilton,FCT032,Hamilton Soap Plant,LN0096,Line-3,2026-07-08 09:00:00,2026-07-08,9,Morning,Neem Bar Soap,1.36,60.0,16.8,Power Outage,43.2,82,54,2,52,2.8,96.3,65.85,72.0,91.91,63.73,5.83,21.69,1
PureGlow Soaps International (Fictional Dummy Company),Global Manufacturing Head - PureGlow Soaps,Australia,New Zealand,Hamilton,FCT032,Hamilton Soap Plant,LN0094,Line-1,2026-07-08 10:00:00,2026-07-08,10,Morning,Aloe Vera Liquid Soap,1.26,60.0,2.5,No Downtime,57.5,76,60,2,58,3.99,96.67,78.95,95.83,82.82,76.72,5.57,15.18,2
PureGlow Soaps International (Fictional Dummy Company),Global Manufacturing Head - PureGlow Soaps,Australia,New Zealand,Hamilton,FCT032,Hamilton Soap Plant,LN0095,Line-2,2026-07-08 10:00:00,2026-07-08,10,Morning,Rose Bar Soap,1.19,60.0,33.5,Machine Breakdown,26.5,71,30,1,29,3.0,96.67,42.25,44.17,95.13,40.62,2.73,7.83,2
PureGlow Soaps International (Fictional Dummy Company),Global Manufacturing Head - PureGlow Soaps,Australia,New Zealand,Hamilton,FCT032,Hamilton Soap Plant,LN0096,Line-3,2026-07-08 10:00:00,2026-07-08,10,Morning,Neem Bar Soap,1.36,60.0,17.1,Staff Shortage,42.9,82,54,1,53,1.26,98.15,65.85,71.5,92.55,64.95,5.5,17.87,1
PureGlow Soaps International (Fictional Dummy Company),Global Manufacturing Head - PureGlow Soaps,Australia,New Zealand,Hamilton,FCT032,Hamilton Soap Plant,LN0094,Line-1,2026-07-08 11:00:00,2026-07-08,11,Morning,Aloe Vera Liquid Soap,1.26,60.0,9.4,Staff Shortage,50.6,76,58,2,56,3.71,96.55,76.32,84.33,90.97,74.07,5.51,15.09,2
PureGlow Soaps International (Fictional Dummy Company),Global Manufacturing Head - PureGlow Soaps,Australia,New Zealand,Hamilton,FCT032,Hamilton Soap Plant,LN0095,Line-2,2026-07-08 11:00:00,2026-07-08,11,Morning,Rose Bar Soap,1.19,60.0,0.9,No Downtime,59.1,71,58,2,56,2.85,96.55,81.69,98.5,82.47,78.43,5.86,16.21,3
PureGlow Soaps International (Fictional Dummy Company),Global Manufacturing Head - PureGlow Soaps,Australia,New Zealand,Hamilton,FCT032,Hamilton Soap Plant,LN0096,Line-3,2026-07-08 11:00:00,2026-07-08,11,Morning,Neem Bar Soap,1.36,60.0,3.8,No Downtime,56.2,82,74,1,73,2.01,98.65,90.24,93.67,96.82,89.47,7.8,24.22,1
PureGlow Soaps International (Fictional Dummy Company),Global Manufacturing Head - PureGlow Soaps,Australia,New Zealand,Hamilton,FCT032,Hamilton Soap Plant,LN0094,Line-1,2026-07-08 12:00:00,2026-07-08,12,Morning,Aloe Vera Liquid Soap,1.26,60.0,7.3,Changeover/Setup,52.7,76,56,0,56,0.82,100.0,73.68,87.83,84.33,74.07,5.18,14.68,1
PureGlow Soaps International (Fictional Dummy Company),Global Manufacturing Head - PureGlow Soaps,Australia,New Zealand,Hamilton,FCT032,Hamilton Soap Plant,LN0095,Line-2,2026-07-08 12:00:00,2026-07-08,12,Morning,Rose Bar Soap,1.19,60.0,14.1,Changeover/Setup,45.9,71,50,1,49,1.63,98.0,70.42,76.5,91.54,68.63,4.46,12.73,2
PureGlow Soaps International (Fictional Dummy Company),Global Manufacturing Head - PureGlow Soaps,Australia,New Zealand,Hamilton,FCT032,Hamilton Soap Plant,LN0096,Line-3,2026-07-08 12:00:00,2026-07-08,12,Morning,Neem Bar Soap,1.36,60.0,18.1,Quality Hold,41.9,82,50,4,46,8.51,92.0,60.98,69.83,87.74,56.37,5.22,19.94,3
PureGlow Soaps International (Fictional Dummy Company),Global Manufacturing Head - PureGlow Soaps,Australia,New Zealand,Hamilton,FCT032,Hamilton Soap Plant,LN0094,Line-1,2026-07-08 13:00:00,2026-07-08,13,Morning,Aloe Vera Liquid Soap,1.26,60.0,0.9,No Downtime,59.1,76,61,3,58,4.54,95.08,80.26,98.5,81.92,76.72,5.51,17.6,3
PureGlow Soaps International (Fictional Dummy Company),Global Manufacturing Head - PureGlow Soaps,Australia,New Zealand,Hamilton,FCT032,Hamilton Soap Plant,LN0095,Line-2,2026-07-08 13:00:00,2026-07-08,13,Morning,Rose Bar Soap,1.19,60.0,2.1,No Downtime,57.9,71,71,2,69,2.94,97.18,100.0,96.5,103.05,96.64,7.27,15.59,2
PureGlow Soaps International (Fictional Dummy Company),Global Manufacturing Head - PureGlow Soaps,Australia,New Zealand,Hamilton,FCT032,Hamilton Soap Plant,LN0096,Line-3,2026-07-08 13:00:00,2026-07-08,13,Morning,Neem Bar Soap,1.36,60.0,2.2,No Downtime,57.8,82,72,2,70,2.73,97.22,87.8,96.33,91.59,85.78,7.45,28.87,2
PureGlow Soaps International (Fictional Dummy Company),Global Manufacturing Head - PureGlow Soaps,Australia,New Zealand,Hamilton,FCT032,Hamilton Soap Plant,LN0094,Line-1,2026-07-08 14:00:00,2026-07-08,14,Afternoon,Aloe Vera Liquid Soap,1.26,60.0,22.8,Preventive Maintenance,37.2,76,48,1,47,1.39,97.92,63.16,62.0,102.41,62.17,4.36,11.37,1
PureGlow Soaps International (Fictional Dummy Company),Global Manufacturing Head - PureGlow Soaps,Australia,New Zealand,Hamilton,FCT032,Hamilton Soap Plant,LN0095,Line-2,2026-07-08 14:00:00,2026-07-08,14,Afternoon,Rose Bar Soap,1.19,60.0,8.3,Changeover/Setup,51.7,71,56,1,55,2.28,98.21,78.87,86.17,91.02,77.03,5.12,14.45,1
PureGlow Soaps International (Fictional Dummy Company),Global Manufacturing Head - PureGlow Soaps,Australia,New Zealand,Hamilton,FCT032,Hamilton Soap Plant,LN0096,Line-3,2026-07-08 14:00:00,2026-07-08,14,Afternoon,Neem Bar Soap,1.36,60.0,36.5,Machine Breakdown,23.5,82,29,1,28,2.84,96.55,35.37,39.17,90.74,34.32,3.0,10.98,1
PureGlow Soaps International (Fictional Dummy Company),Global Manufacturing Head - PureGlow Soaps,Australia,New Zealand,Hamilton,FCT032,Hamilton Soap Plant,LN0094,Line-1,2026-07-08 15:00:00,2026-07-08,15,Afternoon,Aloe Vera Liquid Soap,1.26,60.0,31.7,Material Shortage,28.3,76,36,1,35,3.25,97.22,47.37,47.17,100.96,46.3,3.94,8.72,2
PureGlow Soaps International (Fictional Dummy Company),Global Manufacturing Head - PureGlow Soaps,Australia,New Zealand,Hamilton,FCT032,Hamilton Soap Plant,LN0095,Line-2,2026-07-08 15:00:00,2026-07-08,15,Afternoon,Rose Bar Soap,1.19,60.0,2.6,No Downtime,57.4,71,63,1,62,1.8,98.41,88.73,95.67,92.23,86.83,6.09,17.71,2
PureGlow Soaps International (Fictional Dummy Company),Global Manufacturing Head - PureGlow Soaps,Australia,New Zealand,Hamilton,FCT032,Hamilton Soap Plant,LN0096,Line-3,2026-07-08 15:00:00,2026-07-08,15,Afternoon,Neem Bar Soap,1.36,60.0,1.0,No Downtime,59.0,82,78,2,76,2.81,97.44,95.12,98.33,97.21,93.14,7.19,25.35,3
PureGlow Soaps International (Fictional Dummy Company),Global Manufacturing Head - PureGlow Soaps,Australia,New Zealand,Hamilton,FCT032,Hamilton Soap Plant,LN0094,Line-1,2026-07-08 16:00:00,2026-07-08,16,Afternoon,Aloe Vera Liquid Soap,1.26,60.0,3.2,No Downtime,56.8,76,72,1,71,2.03,98.61,94.74,94.67,100.6,93.91,7.01,17.52,2
PureGlow Soaps International (Fictional Dummy Company),Global Manufacturing Head - PureGlow Soaps,Australia,New Zealand,Hamilton,FCT032,Hamilton Soap Plant,LN0095,Line-2,2026-07-08 16:00:00,2026-07-08,16,Afternoon,Rose Bar Soap,1.19,60.0,2.7,No Downtime,57.3,71,63,2,61,2.86,96.83,88.73,95.5,92.39,85.44,5.99,17.78,2
PureGlow Soaps International (Fictional Dummy Company),Global Manufacturing Head - PureGlow Soaps,Australia,New Zealand,Hamilton,FCT032,Hamilton Soap Plant,LN0096,Line-3,2026-07-08 16:00:00,2026-07-08,16,Afternoon,Neem Bar Soap,1.36,60.0,1.2,No Downtime,58.8,82,78,4,74,4.55,94.87,95.12,98.0,97.54,90.69,7.27,28.14,2
PureGlow Soaps International (Fictional Dummy Company),Global Manufacturing Head - PureGlow Soaps,Australia,New Zealand,Hamilton,FCT032,Hamilton Soap Plant,LN0094,Line-1,2026-07-08 17:00:00,2026-07-08,17,Afternoon,Aloe Vera Liquid Soap,1.26,60.0,33.0,Material Shortage,27.0,76,31,1,30,1.99,96.77,40.79,45.0,91.12,39.68,2.99,8.26,2
PureGlow Soaps International (Fictional Dummy Company),Global Manufacturing Head - PureGlow Soaps,Australia,New Zealand,Hamilton,FCT032,Hamilton Soap Plant,LN0095,Line-2,2026-07-08 17:00:00,2026-07-08,17,Afternoon,Rose Bar Soap,1.19,60.0,22.9,Machine Breakdown,37.1,71,37,2,35,4.39,94.59,52.11,61.83,83.81,49.02,3.87,11.59,1
PureGlow Soaps International (Fictional Dummy Company),Global Manufacturing Head - PureGlow Soaps,Australia,New Zealand,Hamilton,FCT032,Hamilton Soap Plant,LN0096,Line-3,2026-07-08 17:00:00,2026-07-08,17,Afternoon,Neem Bar Soap,1.36,60.0,36.8,Preventive Maintenance,23.2,82,32,1,31,4.17,96.88,39.02,38.67,101.42,38.0,3.36,11.18,1
PureGlow Soaps International (Fictional Dummy Company),Global Manufacturing Head - PureGlow Soaps,Australia,New Zealand,Hamilton,FCT032,Hamilton Soap Plant,LN0094,Line-1,2026-07-08 18:00:00,2026-07-08,18,Afternoon,Aloe Vera Liquid Soap,1.26,60.0,33.3,Material Shortage,26.7,76,31,0,31,0.8,100.0,40.79,44.5,92.15,41.01,2.92,8.34,2
PureGlow Soaps International (Fictional Dummy Company),Global Manufacturing Head - PureGlow Soaps,Australia,New Zealand,Hamilton,FCT032,Hamilton Soap Plant,LN0095,Line-2,2026-07-08 18:00:00,2026-07-08,18,Afternoon,Rose Bar Soap,1.19,60.0,28.5,Material Shortage,31.5,71,36,1,35,3.85,97.22,50.7,52.5,96.04,49.02,3.18,9.98,2
PureGlow Soaps International (Fictional Dummy Company),Global Manufacturing Head - PureGlow Soaps,Australia,New Zealand,Hamilton,FCT032,Hamilton Soap Plant,LN0096,Line-3,2026-07-08 18:00:00,2026-07-08,18,Afternoon,Neem Bar Soap,1.36,60.0,2.0,No Downtime,58.0,82,76,1,75,1.0,98.68,92.68,96.67,96.35,91.91,8.12,28.2,2
PureGlow Soaps International (Fictional Dummy Company),Global Manufacturing Head - PureGlow Soaps,Australia,New Zealand,Hamilton,FCT032,Hamilton Soap Plant,LN0094,Line-1,2026-07-08 19:00:00,2026-07-08,19,Afternoon,Aloe Vera Liquid Soap,1.26,60.0,3.7,No Downtime,56.3,76,69,2,67,3.44,97.1,90.79,93.83,97.27,88.62,6.19,14.9,3
PureGlow Soaps International (Fictional Dummy Company),Global Manufacturing Head - PureGlow Soaps,Australia,New Zealand,Hamilton,FCT032,Hamilton Soap Plant,LN0095,Line-2,2026-07-08 19:00:00,2026-07-08,19,Afternoon,Rose Bar Soap,1.19,60.0,10.8,Changeover/Setup,49.2,71,53,1,52,2.51,98.11,74.65,82.0,90.52,72.82,5.55,12.97,1
PureGlow Soaps International (Fictional Dummy Company),Global Manufacturing Head - PureGlow Soaps,Australia,New Zealand,Hamilton,FCT032,Hamilton Soap Plant,LN0096,Line-3,2026-07-08 19:00:00,2026-07-08,19,Afternoon,Neem Bar Soap,1.36,60.0,22.0,Machine Breakdown,38.0,82,53,0,53,0.83,100.0,64.63,63.33,102.55,64.94,5.46,18.89,1
PureGlow Soaps International (Fictional Dummy Company),Global Manufacturing Head - PureGlow Soaps,Australia,New Zealand,Hamilton,FCT032,Hamilton Soap Plant,LN0094,Line-1,2026-07-08 20:00:00,2026-07-08,20,Afternoon,Aloe Vera Liquid Soap,1.26,60.0,29.3,Preventive Maintenance,30.7,76,35,2,33,5.45,94.29,46.05,51.17,90.48,43.65,3.66,9.65,3
PureGlow Soaps International (Fictional Dummy Company),Global Manufacturing Head - PureGlow Soaps,Australia,New Zealand,Hamilton,FCT032,Hamilton Soap Plant,LN0095,Line-2,2026-07-08 20:00:00,2026-07-08,20,Afternoon,Rose Bar Soap,1.19,60.0,6.9,Changeover/Setup,53.1,71,65,2,63,3.44,96.92,91.55,88.5,102.87,88.24,6.37,15.0,2
PureGlow Soaps International (Fictional Dummy Company),Global Manufacturing Head - PureGlow Soaps,Australia,New Zealand,Hamilton,FCT032,Hamilton Soap Plant,LN0096,Line-3,2026-07-08 20:00:00,2026-07-08,20,Afternoon,Neem Bar Soap,1.36,60.0,17.1,Preventive Maintenance,42.9,82,50,2,48,3.95,96.0,60.98,71.5,85.7,58.82,4.94,21.12,3
PureGlow Soaps International (Fictional Dummy Company),Global Manufacturing Head - PureGlow Soaps,Australia,New Zealand,Hamilton,FCT032,Hamilton Soap Plant,LN0094,Line-1,2026-07-08 21:00:00,2026-07-08,21,Afternoon,Aloe Vera Liquid Soap,1.26,60.0,36.3,Machine Breakdown,23.7,76,25,0,25,0.46,100.0,32.89,39.5,83.72,33.07,2.39,6.18,2
PureGlow Soaps International (Fictional Dummy Company),Global Manufacturing Head - PureGlow Soaps,Australia,New Zealand,Hamilton,FCT032,Hamilton Soap Plant,LN0095,Line-2,2026-07-08 21:00:00,2026-07-08,21,Afternoon,Rose Bar Soap,1.19,60.0,3.0,No Downtime,57.0,71,67,0,67,0.0,100.0,94.37,95.0,98.78,93.84,6.97,15.53,1
PureGlow Soaps International (Fictional Dummy Company),Global Manufacturing Head - PureGlow Soaps,Australia,New Zealand,Hamilton,FCT032,Hamilton Soap Plant,LN0096,Line-3,2026-07-08 21:00:00,2026-07-08,21,Afternoon,Neem Bar Soap,1.36,60.0,24.3,Preventive Maintenance,35.7,82,43,2,41,3.75,95.35,52.44,59.5,88.56,50.24,4.65,15.39,3
PureGlow Soaps International (Fictional Dummy Company),Global Manufacturing Head - PureGlow Soaps,Australia,New Zealand,Hamilton,FCT032,Hamilton Soap Plant,LN0094,Line-1,2026-07-08 22:00:00,2026-07-08,22,Night,Aloe Vera Liquid Soap,1.26,60.0,13.2,Changeover/Setup,46.8,76,60,3,57,5.05,95.0,78.95,78.0,101.75,75.4,6.15,13.3,3
PureGlow Soaps International (Fictional Dummy Company),Global Manufacturing Head - PureGlow Soaps,Australia,New Zealand,Hamilton,FCT032,Hamilton Soap Plant,LN0095,Line-2,2026-07-08 22:00:00,2026-07-08,22,Night,Rose Bar Soap,1.19,60.0,1.9,No Downtime,58.1,71,67,4,63,5.26,94.03,94.37,96.83,96.91,88.24,6.43,18.11,2
PureGlow Soaps International (Fictional Dummy Company),Global Manufacturing Head - PureGlow Soaps,Australia,New Zealand,Hamilton,FCT032,Hamilton Soap Plant,LN0096,Line-3,2026-07-08 22:00:00,2026-07-08,22,Night,Neem Bar Soap,1.36,60.0,22.3,Preventive Maintenance,37.7,82,48,2,46,4.05,95.83,58.54,62.83,93.62,56.37,5.24,18.0,3
PureGlow Soaps International (Fictional Dummy Company),Global Manufacturing Head - PureGlow Soaps,Australia,New Zealand,Hamilton,FCT032,Hamilton Soap Plant,LN0094,Line-1,2026-07-08 23:00:00,2026-07-08,23,Night,Aloe Vera Liquid Soap,1.26,60.0,16.0,Changeover/Setup,44.0,76,54,1,53,2.17,98.15,71.05,73.33,97.4,70.1,5.53,13.13,1
PureGlow Soaps International (Fictional Dummy Company),Global Manufacturing Head - PureGlow Soaps,Australia,New Zealand,Hamilton,FCT032,Hamilton Soap Plant,LN0095,Line-2,2026-07-08 23:00:00,2026-07-08,23,Night,Rose Bar Soap,1.19,60.0,36.4,Machine Breakdown,23.6,71,23,1,22,3.48,95.65,32.39,39.33,81.9,30.81,2.32,7.17,1
PureGlow Soaps International (Fictional Dummy Company),Global Manufacturing Head - PureGlow Soaps,Australia,New Zealand,Hamilton,FCT032,Hamilton Soap Plant,LN0096,Line-3,2026-07-08 23:00:00,2026-07-08,23,Night,Neem Bar Soap,1.36,60.0,18.2,Material Shortage,41.8,82,50,1,49,2.39,98.0,60.98,69.67,87.95,60.05,5.17,19.75,1
PureGlow Soaps International (Fictional Dummy Company),Global Manufacturing Head - PureGlow Soaps,Australia,New Zealand,Hamilton,FCT032,Hamilton Soap Plant,LN0094,Line-1,2026-07-09 00:00:00,2026-07-09,0,Night,Neem Bar Soap,1.26,60.0,6.3,Power Outage,53.7,76,65,1,64,2.1,98.46,85.53,89.5,96.07,84.66,6.83,16.89,2
PureGlow Soaps International (Fictional Dummy Company),Global Manufacturing Head - PureGlow Soaps,Australia,New Zealand,Hamilton,FCT032,Hamilton Soap Plant,LN0095,Line-2,2026-07-09 00:00:00,2026-07-09,0,Night,Charcoal Bar Soap,1.19,60.0,11.3,Quality Hold,48.7,71,59,7,52,11.28,88.14,83.1,81.17,101.81,72.84,6.04,14.95,2
PureGlow Soaps International (Fictional Dummy Company),Global Manufacturing Head - PureGlow Soaps,Australia,New Zealand,Hamilton,FCT032,Hamilton Soap Plant,LN0096,Line-3,2026-07-09 00:00:00,2026-07-09,0,Night,Charcoal Bar Soap,1.36,60.0,0.4,No Downtime,59.6,82,75,1,74,1.67,98.67,91.46,99.33,92.53,90.69,8.24,26.4,1
PureGlow Soaps International (Fictional Dummy Company),Global Manufacturing Head - PureGlow Soaps,Australia,New Zealand,Hamilton,FCT032,Hamilton Soap Plant,LN0094,Line-1,2026-07-09 01:00:00,2026-07-09,1,Night,Neem Bar Soap,1.26,60.0,3.4,No Downtime,56.6,76,67,3,64,4.41,95.52,88.16,94.33,93.95,84.65,7.05,17.05,1
PureGlow Soaps International (Fictional Dummy Company),Global Manufacturing Head - PureGlow Soaps,Australia,New Zealand,Hamilton,FCT032,Hamilton Soap Plant,LN0095,Line-2,2026-07-09 01:00:00,2026-07-09,1,Night,Charcoal Bar Soap,1.19,60.0,30.0,Material Shortage,30.0,71,35,1,34,2.69,97.14,49.3,50.0,98.04,47.62,3.24,8.29,3
PureGlow Soaps International (Fictional Dummy Company),Global Manufacturing Head - PureGlow Soaps,Australia,New Zealand,Hamilton,FCT032,Hamilton Soap Plant,LN0096,Line-3,2026-07-09 01:00:00,2026-07-09,1,Night,Charcoal Bar Soap,1.36,60.0,27.9,Material Shortage,32.1,82,42,1,41,3.07,97.62,51.22,53.5,96.21,50.25,3.71,16.22,3
PureGlow Soaps International (Fictional Dummy Company),Global Manufacturing Head - PureGlow Soaps,Australia,New Zealand,Hamilton,FCT032,Hamilton Soap Plant,LN0094,Line-1,2026-07-09 02:00:00,2026-07-09,2,Night,Neem Bar Soap,1.26,60.0,29.2,Material Shortage,30.8,76,32,1,31,1.76,96.88,42.11,51.33,82.46,41.01,2.94,9.5,3
PureGlow Soaps International (Fictional Dummy Company),Global Manufacturing Head - PureGlow Soaps,Australia,New Zealand,Hamilton,FCT032,Hamilton Soap Plant,LN0095,Line-2,2026-07-09 02:00:00,2026-07-09,2,Night,Charcoal Bar Soap,1.19,60.0,16.1,Preventive Maintenance,43.9,71,48,2,46,4.44,95.83,67.61,73.17,91.88,64.43,4.28,11.93,1
PureGlow Soaps International (Fictional Dummy Company),Global Manufacturing Head - PureGlow Soaps,Australia,New Zealand,Hamilton,FCT032,Hamilton Soap Plant,LN0096,Line-3,2026-07-09 02:00:00,2026-07-09,2,Night,Charcoal Bar Soap,1.36,60.0,2.5,No Downtime,57.5,82,63,3,60,4.03,95.24,76.83,95.83,80.56,73.53,6.53,28.74,2
PureGlow Soaps International (Fictional Dummy Company),Global Manufacturing Head - PureGlow Soaps,Australia,New Zealand,Hamilton,FCT032,Hamilton Soap Plant,LN0094,Line-1,2026-07-09 03:00:00,2026-07-09,3,Night,Neem Bar Soap,1.26,60.0,25.4,Preventive Maintenance,34.6,76,40,1,39,3.11,97.5,52.63,57.67,91.75,51.59,3.7,10.28,2
PureGlow Soaps International (Fictional Dummy Company),Global Manufacturing Head - PureGlow Soaps,Australia,New Zealand,Hamilton,FCT032,Hamilton Soap Plant,LN0095,Line-2,2026-07-09 03:00:00,2026-07-09,3,Night,Charcoal Bar Soap,1.19,60.0,2.7,No Downtime,57.3,71,70,4,66,5.2,94.29,98.59,95.5,102.66,92.44,6.91,16.26,2
PureGlow Soaps International (Fictional Dummy Company),Global Manufacturing Head - PureGlow Soaps,Australia,New Zealand,Hamilton,FCT032,Hamilton Soap Plant,LN0096,Line-3,2026-07-09 03:00:00,2026-07-09,3,Night,Charcoal Bar Soap,1.36,60.0,18.7,Staff Shortage,41.3,82,58,2,56,4.25,96.55,70.73,68.83,103.26,68.62,5.04,17.65,1
PureGlow Soaps International (Fictional Dummy Company),Global Manufacturing Head - PureGlow Soaps,Australia,New Zealand,Hamilton,FCT032,Hamilton Soap Plant,LN0094,Line-1,2026-07-09 04:00:00,2026-07-09,4,Night,Neem Bar Soap,1.26,60.0,3.2,No Downtime,56.8,76,66,2,64,2.58,96.97,86.84,94.67,92.22,84.66,6.27,17.26,1
PureGlow Soaps International (Fictional Dummy Company),Global Manufacturing Head - PureGlow Soaps,Australia,New Zealand,Hamilton,FCT032,Hamilton Soap Plant,LN0095,Line-2,2026-07-09 04:00:00,2026-07-09,4,Night,Charcoal Bar Soap,1.19,60.0,3.7,No Downtime,56.3,71,66,3,63,4.88,95.45,92.96,93.83,98.51,88.23,6.84,17.45,1
PureGlow Soaps International (Fictional Dummy Company),Global Manufacturing Head - PureGlow Soaps,Australia,New Zealand,Hamilton,FCT032,Hamilton Soap Plant,LN0096,Line-3,2026-07-09 04:00:00,2026-07-09,4,Night,Charcoal Bar Soap,1.36,60.0,28.9,Machine Breakdown,31.1,82,37,1,36,3.0,97.3,45.12,51.83,87.48,44.12,3.44,12.98,2
PureGlow Soaps International (Fictional Dummy Company),Global Manufacturing Head - PureGlow Soaps,Australia,New Zealand,Hamilton,FCT032,Hamilton Soap Plant,LN0094,Line-1,2026-07-09 05:00:00,2026-07-09,5,Night,Neem Bar Soap,1.26,60.0,0.4,No Downtime,59.6,76,76,4,72,4.82,94.74,100.0,99.33,101.2,95.23,8.26,17.17,3
PureGlow Soaps International (Fictional Dummy Company),Global Manufacturing Head - PureGlow Soaps,Australia,New Zealand,Hamilton,FCT032,Hamilton Soap Plant,LN0095,Line-2,2026-07-09 05:00:00,2026-07-09,5,Night,Charcoal Bar Soap,1.19,60.0,32.9,Material Shortage,27.1,71,27,1,26,4.37,96.3,38.03,45.17,83.72,36.42,2.97,7.76,3
PureGlow Soaps International (Fictional Dummy Company),Global Manufacturing Head - PureGlow Soaps,Australia,New Zealand,Hamilton,FCT032,Hamilton Soap Plant,LN0096,Line-3,2026-07-09 05:00:00,2026-07-09,5,Night,Charcoal Bar Soap,1.36,60.0,16.3,Changeover/Setup,43.7,82,48,1,47,1.44,97.92,58.54,72.83,80.76,57.59,4.49,18.49,2
PureGlow Soaps International (Fictional Dummy Company),Global Manufacturing Head - PureGlow Soaps,Australia,New Zealand,Hamilton,FCT032,Hamilton Soap Plant,LN0094,Line-1,2026-07-09 06:00:00,2026-07-09,6,Morning,Neem Bar Soap,1.26,60.0,2.2,No Downtime,57.8,76,65,4,61,5.53,93.85,85.53,96.33,89.25,80.69,6.26,18.13,2
PureGlow Soaps International (Fictional Dummy Company),Global Manufacturing Head - PureGlow Soaps,Australia,New Zealand,Hamilton,FCT032,Hamilton Soap Plant,LN0095,Line-2,2026-07-09 06:00:00,2026-07-09,6,Morning,Charcoal Bar Soap,1.19,60.0,36.4,Preventive Maintenance,23.6,71,25,1,24,3.95,96.0,35.21,39.33,89.02,33.61,2.21,7.0,2
PureGlow Soaps International (Fictional Dummy Company),Global Manufacturing Head - PureGlow Soaps,Australia,New Zealand,Hamilton,FCT032,Hamilton Soap Plant,LN0096,Line-3,2026-07-09 06:00:00,2026-07-09,6,Morning,Charcoal Bar Soap,1.36,60.0,1.4,No Downtime,58.6,82,77,4,73,5.27,94.81,93.9,97.67,96.62,89.47,7.29,24.98,3
PureGlow Soaps International (Fictional Dummy Company),Global Manufacturing Head - PureGlow Soaps,Australia,New Zealand,Hamilton,FCT032,Hamilton Soap Plant,LN0094,Line-1,2026-07-09 07:00:00,2026-07-09,7,Morning,Neem Bar Soap,1.26,60.0,43.2,Machine Breakdown,16.8,76,20,1,19,4.03,95.0,26.32,28.0,94.48,25.13,1.78,5.11,3
PureGlow Soaps International (Fictional Dummy Company),Global Manufacturing Head - PureGlow Soaps,Australia,New Zealand,Hamilton,FCT032,Hamilton Soap Plant,LN0095,Line-2,2026-07-09 07:00:00,2026-07-09,7,Morning,Charcoal Bar Soap,1.19,60.0,3.6,No Downtime,56.4,71,56,3,53,4.52,94.64,78.87,94.0,83.44,74.23,5.18,15.86,2
PureGlow Soaps International (Fictional Dummy Company),Global Manufacturing Head - PureGlow Soaps,Australia,New Zealand,Hamilton,FCT032,Hamilton Soap Plant,LN0096,Line-3,2026-07-09 07:00:00,2026-07-09,7,Morning,Charcoal Bar Soap,1.36,60.0,1.5,No Downtime,58.5,82,67,2,65,3.4,97.01,81.71,97.5,84.21,79.65,6.14,24.76,3
PureGlow Soaps International (Fictional Dummy Company),Global Manufacturing Head - PureGlow Soaps,Australia,New Zealand,Hamilton,FCT032,Hamilton Soap Plant,LN0094,Line-1,2026-07-09 08:00:00,2026-07-09,8,Morning,Neem Bar Soap,1.26,60.0,0.2,No Downtime,59.8,76,75,4,71,5.03,94.67,98.68,99.67,99.54,93.92,7.43,18.18,3
PureGlow Soaps International (Fictional Dummy Company),Global Manufacturing Head - PureGlow Soaps,Australia,New Zealand,Hamilton,FCT032,Hamilton Soap Plant,LN0095,Line-2,2026-07-09 08:00:00,2026-07-09,8,Morning,Charcoal Bar Soap,1.19,60.0,19.8,Changeover/Setup,40.2,71,42,2,40,5.8,95.24,59.15,67.0,87.8,56.03,3.9,11.07,1
PureGlow Soaps International (Fictional Dummy Company),Global Manufacturing Head - PureGlow Soaps,Australia,New Zealand,Hamilton,FCT032,Hamilton Soap Plant,LN0096,Line-3,2026-07-09 08:00:00,2026-07-09,8,Morning,Charcoal Bar Soap,1.36,60.0,27.5,Material Shortage,32.5,82,44,1,43,2.85,97.73,53.66,54.17,99.55,52.7,4.5,15.25,3
PureGlow Soaps International (Fictional Dummy Company),Global Manufacturing Head - PureGlow Soaps,Australia,New Zealand,Hamilton,FCT032,Hamilton Soap Plant,LN0094,Line-1,2026-07-09 09:00:00,2026-07-09,9,Morning,Neem Bar Soap,1.26,60.0,0.2,No Downtime,59.8,76,74,1,73,1.95,98.65,97.37,99.67,98.21,96.56,7.97,18.61,1
PureGlow Soaps International (Fictional Dummy Company),Global Manufacturing Head - PureGlow Soaps,Australia,New Zealand,Hamilton,FCT032,Hamilton Soap Plant,LN0095,Line-2,2026-07-09 09:00:00,2026-07-09,9,Morning,Charcoal Bar Soap,1.19,60.0,43.4,Machine Breakdown,16.6,71,17,0,17,0.73,100.0,23.94,27.67,86.06,23.81,1.82,4.36,2
PureGlow Soaps International (Fictional Dummy Company),Global Manufacturing Head - PureGlow Soaps,Australia,New Zealand,Hamilton,FCT032,Hamilton Soap Plant,LN0096,Line-3,2026-07-09 09:00:00,2026-07-09,9,Morning,Charcoal Bar Soap,1.36,60.0,0.6,No Downtime,59.4,82,70,2,68,3.49,97.14,85.37,99.0,86.65,83.33,6.5,30.14,2
PureGlow Soaps International (Fictional Dummy Company),Global Manufacturing Head - PureGlow Soaps,Australia,New Zealand,Hamilton,FCT032,Hamilton Soap Plant,LN0094,Line-1,2026-07-09 10:00:00,2026-07-09,10,Morning,Neem Bar Soap,1.26,60.0,3.9,No Downtime,56.1,76,60,2,58,2.61,96.67,78.95,93.5,84.88,76.72,5.32,16.18,2
PureGlow Soaps International (Fictional Dummy Company),Global Manufacturing Head - PureGlow Soaps,Australia,New Zealand,Hamilton,FCT032,Hamilton Soap Plant,LN0095,Line-2,2026-07-09 10:00:00,2026-07-09,10,Morning,Charcoal Bar Soap,1.19,60.0,11.4,Quality Hold,48.6,71,54,5,49,8.81,90.74,76.06,81.0,93.37,68.63,4.93,13.29,3
PureGlow Soaps International (Fictional Dummy Company),Global Manufacturing Head - PureGlow Soaps,Australia,New Zealand,Hamilton,FCT032,Hamilton Soap Plant,LN0096,Line-3,2026-07-09 10:00:00,2026-07-09,10,Morning,Charcoal Bar Soap,1.36,60.0,4.0,No Downtime,56.0,82,78,4,74,5.3,94.87,95.12,93.33,102.42,90.68,7.76,26.42,1
PureGlow Soaps International (Fictional Dummy Company),Global Manufacturing Head - PureGlow Soaps,Australia,New Zealand,Hamilton,FCT032,Hamilton Soap Plant,LN0094,Line-1,2026-07-09 11:00:00,2026-07-09,11,Morning,Neem Bar Soap,1.26,60.0,34.3,Machine Breakdown,25.7,76,31,1,30,1.85,96.77,40.79,42.83,95.73,39.68,2.84,7.63,1
PureGlow Soaps International (Fictional Dummy Company),Global Manufacturing Head - PureGlow Soaps,Australia,New Zealand,Hamilton,FCT032,Hamilton Soap Plant,LN0095,Line-2,2026-07-09 11:00:00,2026-07-09,11,Morning,Charcoal Bar Soap,1.19,60.0,19.4,Power Outage,40.6,71,48,1,47,1.91,97.92,67.61,67.67,99.35,65.83,5.21,11.52,2
PureGlow Soaps International (Fictional Dummy Company),Global Manufacturing Head - PureGlow Soaps,Australia,New Zealand,Hamilton,FCT032,Hamilton Soap Plant,LN0096,Line-3,2026-07-09 11:00:00,2026-07-09,11,Morning,Charcoal Bar Soap,1.36,60.0,18.2,Changeover/Setup,41.8,82,52,1,51,1.68,98.08,63.41,69.67,91.47,62.5,5.12,18.63,1
PureGlow Soaps International (Fictional Dummy Company),Global Manufacturing Head - PureGlow Soaps,Australia,New Zealand,Hamilton,FCT032,Hamilton Soap Plant,LN0094,Line-1,2026-07-09 12:00:00,2026-07-09,12,Morning,Neem Bar Soap,1.26,60.0,18.0,Preventive Maintenance,42.0,76,48,2,46,4.57,95.83,63.16,70.0,90.7,60.84,4.93,11.08,2
PureGlow Soaps International (Fictional Dummy Company),Global Manufacturing Head - PureGlow Soaps,Australia,New Zealand,Hamilton,FCT032,Hamilton Soap Plant,LN0095,Line-2,2026-07-09 12:00:00,2026-07-09,12,Morning,Charcoal Bar Soap,1.19,60.0,28.1,Power Outage,31.9,71,34,0,34,0.43,100.0,47.89,53.17,89.57,47.62,3.68,9.27,3
PureGlow Soaps International (Fictional Dummy Company),Global Manufacturing Head - PureGlow Soaps,Australia,New Zealand,Hamilton,FCT032,Hamilton Soap Plant,LN0096,Line-3,2026-07-09 12:00:00,2026-07-09,12,Morning,Charcoal Bar Soap,1.36,60.0,3.9,No Downtime,56.1,82,65,2,63,3.35,96.92,79.27,93.5,85.19,77.2,6.59,24.92,3
PureGlow Soaps International (Fictional Dummy Company),Global Manufacturing Head - PureGlow Soaps,Australia,New Zealand,Hamilton,FCT032,Hamilton Soap Plant,LN0094,Line-1,2026-07-09 13:00:00,2026-07-09,13,Morning,Neem Bar Soap,1.26,60.0,16.7,Power Outage,43.3,76,52,1,51,2.86,98.08,68.42,72.17,95.31,67.46,5.22,13.43,1
PureGlow Soaps International (Fictional Dummy Company),Global Manufacturing Head - PureGlow Soaps,Australia,New Zealand,Hamilton,FCT032,Hamilton Soap Plant,LN0095,Line-2,2026-07-09 13:00:00,2026-07-09,13,Morning,Charcoal Bar Soap,1.19,60.0,16.9,Changeover/Setup,43.1,71,48,2,46,3.13,95.83,67.61,71.83,93.59,64.42,5.23,11.73,1
PureGlow Soaps International (Fictional Dummy Company),Global Manufacturing Head - PureGlow Soaps,Australia,New Zealand,Hamilton,FCT032,Hamilton Soap Plant,LN0096,Line-3,2026-07-09 13:00:00,2026-07-09,13,Morning,Charcoal Bar Soap,1.36,60.0,17.0,Changeover/Setup,43.0,82,60,2,58,3.04,96.67,73.17,71.67,102.6,71.08,6.15,21.65,2
PureGlow Soaps International (Fictional Dummy Company),Global Manufacturing Head - PureGlow Soaps,Australia,New Zealand,Hamilton,FCT032,Hamilton Soap Plant,LN0094,Line-1,2026-07-09 14:00:00,2026-07-09,14,Afternoon,Neem Bar Soap,1.26,60.0,2.5,No Downtime,57.5,76,58,1,57,2.4,98.28,76.32,95.83,80.06,75.4,5.29,16.92,1
PureGlow Soaps International (Fictional Dummy Company),Global Manufacturing Head - PureGlow Soaps,Australia,New Zealand,Hamilton,FCT032,Hamilton Soap Plant,LN0095,Line-2,2026-07-09 14:00:00,2026-07-09,14,Afternoon,Charcoal Bar Soap,1.19,60.0,3.7,No Downtime,56.3,71,62,2,60,2.84,96.77,87.32,93.83,92.54,84.03,6.3,15.82,3
PureGlow Soaps International (Fictional Dummy Company),Global Manufacturing Head - PureGlow Soaps,Australia,New Zealand,Hamilton,FCT032,Hamilton Soap Plant,LN0096,Line-3,2026-07-09 14:00:00,2026-07-09,14,Afternoon,Charcoal Bar Soap,1.36,60.0,0.6,No Downtime,59.4,82,72,2,70,2.22,97.22,87.8,99.0,89.13,85.79,7.5,28.4,2
PureGlow Soaps International (Fictional Dummy Company),Global Manufacturing Head - PureGlow Soaps,Australia,New Zealand,Hamilton,FCT032,Hamilton Soap Plant,LN0094,Line-1,2026-07-09 15:00:00,2026-07-09,15,Afternoon,Neem Bar Soap,1.26,60.0,0.1,No Downtime,59.9,76,75,1,74,1.71,98.67,98.68,99.83,99.37,97.88,7.84,18.34,2
PureGlow Soaps International (Fictional Dummy Company),Global Manufacturing Head - PureGlow Soaps,Australia,New Zealand,Hamilton,FCT032,Hamilton Soap Plant,LN0095,Line-2,2026-07-09 15:00:00,2026-07-09,15,Afternoon,Charcoal Bar Soap,1.19,60.0,14.6,Changeover/Setup,45.4,71,47,2,45,5.12,95.74,66.2,75.67,87.0,63.03,4.07,13.03,3
PureGlow Soaps International (Fictional Dummy Company),Global Manufacturing Head - PureGlow Soaps,Australia,New Zealand,Hamilton,FCT032,Hamilton Soap Plant,LN0096,Line-3,2026-07-09 15:00:00,2026-07-09,15,Afternoon,Charcoal Bar Soap,1.36,60.0,15.9,Changeover/Setup,44.1,82,61,3,58,5.22,95.08,74.39,73.5,101.71,71.08,6.17,21.86,2
PureGlow Soaps International (Fictional Dummy Company),Global Manufacturing Head - PureGlow Soaps,Australia,New Zealand,Hamilton,FCT032,Hamilton Soap Plant,LN0094,Line-1,2026-07-09 16:00:00,2026-07-09,16,Afternoon,Neem Bar Soap,1.26,60.0,11.0,Power Outage,49.0,76,50,1,49,1.22,98.0,65.79,81.67,80.98,64.81,5.07,13.82,1
PureGlow Soaps International (Fictional Dummy Company),Global Manufacturing Head - PureGlow Soaps,Australia,New Zealand,Hamilton,FCT032,Hamilton Soap Plant,LN0095,Line-2,2026-07-09 16:00:00,2026-07-09,16,Afternoon,Charcoal Bar Soap,1.19,60.0,18.4,Changeover/Setup,41.6,71,49,1,48,2.76,97.96,69.01,69.33,98.98,67.22,4.53,12.88,1
PureGlow Soaps International (Fictional Dummy Company),Global Manufacturing Head - PureGlow Soaps,Australia,New Zealand,Hamilton,FCT032,Hamilton Soap Plant,LN0096,Line-3,2026-07-09 16:00:00,2026-07-09,16,Afternoon,Charcoal Bar Soap,1.36,60.0,20.6,Material Shortage,39.4,82,43,1,42,1.54,97.67,52.44,65.67,80.25,51.47,4.29,18.18,1
PureGlow Soaps International (Fictional Dummy Company),Global Manufacturing Head - PureGlow Soaps,Australia,New Zealand,Hamilton,FCT032,Hamilton Soap Plant,LN0094,Line-1,2026-07-09 17:00:00,2026-07-09,17,Afternoon,Neem Bar Soap,1.26,60.0,2.2,No Downtime,57.8,76,65,2,63,3.19,96.92,85.53,96.33,89.25,83.33,7.04,17.33,3
PureGlow Soaps International (Fictional Dummy Company),Global Manufacturing Head - PureGlow Soaps,Australia,New Zealand,Hamilton,FCT032,Hamilton Soap Plant,LN0095,Line-2,2026-07-09 17:00:00,2026-07-09,17,Afternoon,Charcoal Bar Soap,1.19,60.0,1.8,No Downtime,58.2,71,58,1,57,2.34,98.28,81.69,97.0,83.74,79.83,6.34,15.23,1
PureGlow Soaps International (Fictional Dummy Company),Global Manufacturing Head - PureGlow Soaps,Australia,New Zealand,Hamilton,FCT032,Hamilton Soap Plant,LN0096,Line-3,2026-07-09 17:00:00,2026-07-09,17,Afternoon,Charcoal Bar Soap,1.36,60.0,0.4,No Downtime,59.6,82,81,2,79,2.6,97.53,98.78,99.33,99.93,96.81,8.42,28.7,2
PureGlow Soaps International (Fictional Dummy Company),Global Manufacturing Head - PureGlow Soaps,Australia,New Zealand,Hamilton,FCT032,Hamilton Soap Plant,LN0094,Line-1,2026-07-09 18:00:00,2026-07-09,18,Afternoon,Neem Bar Soap,1.26,60.0,8.5,Staff Shortage,51.5,76,62,0,62,0.6,100.0,81.58,85.83,95.55,82.01,6.78,13.69,1
PureGlow Soaps International (Fictional Dummy Company),Global Manufacturing Head - PureGlow Soaps,Australia,New Zealand,Hamilton,FCT032,Hamilton Soap Plant,LN0095,Line-2,2026-07-09 18:00:00,2026-07-09,18,Afternoon,Charcoal Bar Soap,1.19,60.0,19.6,Changeover/Setup,40.4,71,49,1,48,2.47,97.96,69.01,67.33,101.92,67.22,4.57,11.58,2
PureGlow Soaps International (Fictional Dummy Company),Global Manufacturing Head - PureGlow Soaps,Australia,New Zealand,Hamilton,FCT032,Hamilton Soap Plant,LN0096,Line-3,2026-07-09 18:00:00,2026-07-09,18,Afternoon,Charcoal Bar Soap,1.36,60.0,0.2,No Downtime,59.8,82,68,2,66,3.22,97.06,82.93,99.67,83.61,80.88,5.89,25.08,3
PureGlow Soaps International (Fictional Dummy Company),Global Manufacturing Head - PureGlow Soaps,Australia,New Zealand,Hamilton,FCT032,Hamilton Soap Plant,LN0094,Line-1,2026-07-09 19:00:00,2026-07-09,19,Afternoon,Neem Bar Soap,1.26,60.0,1.8,No Downtime,58.2,76,64,2,62,2.46,96.88,84.21,97.0,87.27,82.01,5.76,18.09,3
PureGlow Soaps International (Fictional Dummy Company),Global Manufacturing Head - PureGlow Soaps,Australia,New Zealand,Hamilton,FCT032,Hamilton Soap Plant,LN0095,Line-2,2026-07-09 19:00:00,2026-07-09,19,Afternoon,Charcoal Bar Soap,1.19,60.0,18.3,Preventive Maintenance,41.7,71,49,2,47,3.95,95.92,69.01,69.5,98.74,65.82,4.76,12.29,1
PureGlow Soaps International (Fictional Dummy Company),Global Manufacturing Head - PureGlow Soaps,Australia,New Zealand,Hamilton,FCT032,Hamilton Soap Plant,LN0096,Line-3,2026-07-09 19:00:00,2026-07-09,19,Afternoon,Charcoal Bar Soap,1.36,60.0,17.0,Changeover/Setup,43.0,82,56,1,55,2.12,98.21,68.29,71.67,95.76,67.4,6.11,20.91,1
PureGlow Soaps International (Fictional Dummy Company),Global Manufacturing Head - PureGlow Soaps,Australia,New Zealand,Hamilton,FCT032,Hamilton Soap Plant,LN0094,Line-1,2026-07-09 20:00:00,2026-07-09,20,Afternoon,Neem Bar Soap,1.26,60.0,0.6,No Downtime,59.4,76,75,3,72,3.53,96.0,98.68,99.0,100.21,95.24,6.48,18.61,2
PureGlow Soaps International (Fictional Dummy Company),Global Manufacturing Head - PureGlow Soaps,Australia,New Zealand,Hamilton,FCT032,Hamilton Soap Plant,LN0095,Line-2,2026-07-09 20:00:00,2026-07-09,20,Afternoon,Charcoal Bar Soap,1.19,60.0,1.6,No Downtime,58.4,71,71,2,69,3.46,97.18,100.0,97.33,102.16,96.63,7.38,16.57,3
PureGlow Soaps International (Fictional Dummy Company),Global Manufacturing Head - PureGlow Soaps,Australia,New Zealand,Hamilton,FCT032,Hamilton Soap Plant,LN0096,Line-3,2026-07-09 20:00:00,2026-07-09,20,Afternoon,Charcoal Bar Soap,1.36,60.0,1.0,No Downtime,59.0,82,72,2,70,3.42,97.22,87.8,98.33,89.73,85.78,7.9,29.58,2
PureGlow Soaps International (Fictional Dummy Company),Global Manufacturing Head - PureGlow Soaps,Australia,New Zealand,Hamilton,FCT032,Hamilton Soap Plant,LN0094,Line-1,2026-07-09 21:00:00,2026-07-09,21,Afternoon,Neem Bar Soap,1.26,60.0,2.8,No Downtime,57.2,76,63,1,62,0.97,98.41,82.89,95.33,87.41,82.0,6.57,15.31,2
PureGlow Soaps International (Fictional Dummy Company),Global Manufacturing Head - PureGlow Soaps,Australia,New Zealand,Hamilton,FCT032,Hamilton Soap Plant,LN0095,Line-2,2026-07-09 21:00:00,2026-07-09,21,Afternoon,Charcoal Bar Soap,1.19,60.0,2.3,No Downtime,57.7,71,56,2,54,2.74,96.43,78.87,96.17,81.56,75.64,4.96,17.71,1
PureGlow Soaps International (Fictional Dummy Company),Global Manufacturing Head - PureGlow Soaps,Australia,New Zealand,Hamilton,FCT032,Hamilton Soap Plant,LN0096,Line-3,2026-07-09 21:00:00,2026-07-09,21,Afternoon,Charcoal Bar Soap,1.36,60.0,31.5,Preventive Maintenance,28.5,82,40,1,39,3.02,97.5,48.78,47.5,103.2,47.79,3.46,12.59,1
PureGlow Soaps International (Fictional Dummy Company),Global Manufacturing Head - PureGlow Soaps,Australia,New Zealand,Hamilton,FCT032,Hamilton Soap Plant,LN0094,Line-1,2026-07-09 22:00:00,2026-07-09,22,Night,Neem Bar Soap,1.26,60.0,2.8,No Downtime,57.2,76,63,1,62,1.37,98.41,82.89,95.33,87.41,82.0,5.85,17.83,3
PureGlow Soaps International (Fictional Dummy Company),Global Manufacturing Head - PureGlow Soaps,Australia,New Zealand,Hamilton,FCT032,Hamilton Soap Plant,LN0095,Line-2,2026-07-09 22:00:00,2026-07-09,22,Night,Charcoal Bar Soap,1.19,60.0,4.0,No Downtime,56.0,71,66,1,65,0.8,98.48,92.96,93.33,99.04,91.03,7.05,17.73,2
PureGlow Soaps International (Fictional Dummy Company),Global Manufacturing Head - PureGlow Soaps,Australia,New Zealand,Hamilton,FCT032,Hamilton Soap Plant,LN0096,Line-3,2026-07-09 22:00:00,2026-07-09,22,Night,Charcoal Bar Soap,1.36,60.0,7.7,Changeover/Setup,52.3,82,60,3,57,4.75,95.0,73.17,87.17,84.35,69.85,5.44,25.34,3
PureGlow Soaps International (Fictional Dummy Company),Global Manufacturing Head - PureGlow Soaps,Australia,New Zealand,Hamilton,FCT032,Hamilton Soap Plant,LN0094,Line-1,2026-07-09 23:00:00,2026-07-09,23,Night,Neem Bar Soap,1.26,60.0,34.0,Machine Breakdown,26.0,76,29,0,29,1.14,100.0,38.16,43.33,88.52,38.36,2.98,7.33,3
PureGlow Soaps International (Fictional Dummy Company),Global Manufacturing Head - PureGlow Soaps,Australia,New Zealand,Hamilton,FCT032,Hamilton Soap Plant,LN0095,Line-2,2026-07-09 23:00:00,2026-07-09,23,Night,Charcoal Bar Soap,1.19,60.0,6.3,Changeover/Setup,53.7,71,59,0,59,0.48,100.0,83.1,89.5,92.33,82.64,5.06,15.44,3
PureGlow Soaps International (Fictional Dummy Company),Global Manufacturing Head - PureGlow Soaps,Australia,New Zealand,Hamilton,FCT032,Hamilton Soap Plant,LN0096,Line-3,2026-07-09 23:00:00,2026-07-09,23,Night,Charcoal Bar Soap,1.36,60.0,1.3,No Downtime,58.7,82,65,2,63,3.12,96.92,79.27,97.83,81.42,77.2,6.7,26.54,3
PureGlow Soaps International (Fictional Dummy Company),Global Manufacturing Head - PureGlow Soaps,Australia,New Zealand,Hamilton,FCT032,Hamilton Soap Plant,LN0094,Line-1,2026-07-10 00:00:00,2026-07-10,0,Night,Rose Bar Soap,1.26,60.0,3.6,No Downtime,56.4,76,71,2,69,3.24,97.18,93.42,94.0,99.91,91.27,7.38,16.13,2
PureGlow Soaps International (Fictional Dummy Company),Global Manufacturing Head - PureGlow Soaps,Australia,New Zealand,Hamilton,FCT032,Hamilton Soap Plant,LN0095,Line-2,2026-07-10 00:00:00,2026-07-10,0,Night,Lemon Bar Soap,1.19,60.0,0.3,No Downtime,59.7,71,69,3,66,4.81,95.65,97.18,99.5,97.12,92.43,6.26,15.84,1
PureGlow Soaps International (Fictional Dummy Company),Global Manufacturing Head - PureGlow Soaps,Australia,New Zealand,Hamilton,FCT032,Hamilton Soap Plant,LN0096,Line-3,2026-07-10 00:00:00,2026-07-10,0,Night,Rose Bar Soap,1.36,60.0,0.7,No Downtime,59.3,82,66,0,66,0.58,100.0,80.49,98.83,81.84,80.88,6.79,29.21,3
PureGlow Soaps International (Fictional Dummy Company),Global Manufacturing Head - PureGlow Soaps,Australia,New Zealand,Hamilton,FCT032,Hamilton Soap Plant,LN0094,Line-1,2026-07-10 01:00:00,2026-07-10,1,Night,Rose Bar Soap,1.26,60.0,30.4,Material Shortage,29.6,76,36,1,35,3.08,97.22,47.37,49.33,96.53,46.29,3.25,8.99,3
PureGlow Soaps International (Fictional Dummy Company),Global Manufacturing Head - PureGlow Soaps,Australia,New Zealand,Hamilton,FCT032,Hamilton Soap Plant,LN0095,Line-2,2026-07-10 01:00:00,2026-07-10,1,Night,Lemon Bar Soap,1.19,60.0,8.8,Staff Shortage,51.2,71,58,2,56,4.04,96.55,81.69,85.33,95.19,78.42,6.2,15.99,1
PureGlow Soaps International (Fictional Dummy Company),Global Manufacturing Head - PureGlow Soaps,Australia,New Zealand,Hamilton,FCT032,Hamilton Soap Plant,LN0096,Line-3,2026-07-10 01:00:00,2026-07-10,1,Night,Rose Bar Soap,1.36,60.0,7.7,Quality Hold,52.3,82,72,5,67,6.94,93.06,87.8,87.17,101.23,82.12,6.98,26.06,2
PureGlow Soaps International (Fictional Dummy Company),Global Manufacturing Head - PureGlow Soaps,Australia,New Zealand,Hamilton,FCT032,Hamilton Soap Plant,LN0094,Line-1,2026-07-10 02:00:00,2026-07-10,2,Night,Rose Bar Soap,1.26,60.0,3.3,No Downtime,56.7,76,68,3,65,3.88,95.59,89.47,94.5,95.18,85.98,6.16,17.19,2
PureGlow Soaps International (Fictional Dummy Company),Global Manufacturing Head - PureGlow Soaps,Australia,New Zealand,Hamilton,FCT032,Hamilton Soap Plant,LN0095,Line-2,2026-07-10 02:00:00,2026-07-10,2,Night,Lemon Bar Soap,1.19,60.0,17.6,Preventive Maintenance,42.4,71,49,0,49,0.49,100.0,69.01,70.67,97.11,68.63,4.62,12.17,1
PureGlow Soaps International (Fictional Dummy Company),Global Manufacturing Head - PureGlow Soaps,Australia,New Zealand,Hamilton,FCT032,Hamilton Soap Plant,LN0096,Line-3,2026-07-10 02:00:00,2026-07-10,2,Night,Rose Bar Soap,1.36,60.0,43.2,Machine Breakdown,16.8,82,19,0,19,1.74,100.0,23.17,28.0,83.16,23.28,1.67,7.22,2
PureGlow Soaps International (Fictional Dummy Company),Global Manufacturing Head - PureGlow Soaps,Australia,New Zealand,Hamilton,FCT032,Hamilton Soap Plant,LN0094,Line-1,2026-07-10 03:00:00,2026-07-10,3,Night,Rose Bar Soap,1.26,60.0,9.9,Changeover/Setup,50.1,76,55,0,55,0.41,100.0,72.37,83.5,87.13,72.75,5.27,14.65,1
PureGlow Soaps International (Fictional Dummy Company),Global Manufacturing Head - PureGlow Soaps,Australia,New Zealand,Hamilton,FCT032,Hamilton Soap Plant,LN0095,Line-2,2026-07-10 03:00:00,2026-07-10,3,Night,Lemon Bar Soap,1.19,60.0,13.3,Changeover/Setup,46.7,71,46,2,44,3.37,95.65,64.79,77.83,82.77,61.62,4.74,14.0,2
PureGlow Soaps International (Fictional Dummy Company),Global Manufacturing Head - PureGlow Soaps,Australia,New Zealand,Hamilton,FCT032,Hamilton Soap Plant,LN0096,Line-3,2026-07-10 03:00:00,2026-07-10,3,Night,Rose Bar Soap,1.36,60.0,13.8,Material Shortage,46.2,82,56,2,54,2.69,96.43,68.29,77.0,89.13,66.18,5.47,22.0,2
PureGlow Soaps International (Fictional Dummy Company),Global Manufacturing Head - PureGlow Soaps,Australia,New Zealand,Hamilton,FCT032,Hamilton Soap Plant,LN0094,Line-1,2026-07-10 04:00:00,2026-07-10,4,Night,Rose Bar Soap,1.26,60.0,19.9,Machine Breakdown,40.1,76,48,1,47,2.74,97.92,63.16,66.83,95.0,62.17,4.53,12.65,1
PureGlow Soaps International (Fictional Dummy Company),Global Manufacturing Head - PureGlow Soaps,Australia,New Zealand,Hamilton,FCT032,Hamilton Soap Plant,LN0095,Line-2,2026-07-10 04:00:00,2026-07-10,4,Night,Lemon Bar Soap,1.19,60.0,2.4,No Downtime,57.6,71,68,3,65,4.06,95.59,95.77,96.0,99.21,91.04,6.35,16.43,1
PureGlow Soaps International (Fictional Dummy Company),Global Manufacturing Head - PureGlow Soaps,Australia,New Zealand,Hamilton,FCT032,Hamilton Soap Plant,LN0096,Line-3,2026-07-10 04:00:00,2026-07-10,4,Night,Rose Bar Soap,1.36,60.0,18.0,Changeover/Setup,42.0,82,53,4,49,6.88,92.45,64.63,70.0,92.79,60.05,5.22,20.25,2
PureGlow Soaps International (Fictional Dummy Company),Global Manufacturing Head - PureGlow Soaps,Australia,New Zealand,Hamilton,FCT032,Hamilton Soap Plant,LN0094,Line-1,2026-07-10 05:00:00,2026-07-10,5,Night,Rose Bar Soap,1.26,60.0,24.3,Material Shortage,35.7,76,37,2,35,5.62,94.59,48.68,59.5,82.26,46.3,3.2,10.68,1
PureGlow Soaps International (Fictional Dummy Company),Global Manufacturing Head - PureGlow Soaps,Australia,New Zealand,Hamilton,FCT032,Hamilton Soap Plant,LN0095,Line-2,2026-07-10 05:00:00,2026-07-10,5,Night,Lemon Bar Soap,1.19,60.0,3.1,No Downtime,56.9,71,57,2,55,3.52,96.49,80.28,94.83,84.18,77.03,5.3,15.31,2
PureGlow Soaps International (Fictional Dummy Company),Global Manufacturing Head - PureGlow Soaps,Australia,New Zealand,Hamilton,FCT032,Hamilton Soap Plant,LN0096,Line-3,2026-07-10 05:00:00,2026-07-10,5,Night,Rose Bar Soap,1.36,60.0,3.6,No Downtime,56.4,82,71,2,69,2.26,97.18,86.59,94.0,92.56,84.55,6.88,27.33,3
PureGlow Soaps International (Fictional Dummy Company),Global Manufacturing Head - PureGlow Soaps,Australia,New Zealand,Hamilton,FCT032,Hamilton Soap Plant,LN0094,Line-1,2026-07-10 06:00:00,2026-07-10,6,Morning,Rose Bar Soap,1.26,60.0,1.5,No Downtime,58.5,76,64,2,62,2.82,96.88,84.21,97.5,86.83,82.02,5.51,16.51,1
PureGlow Soaps International (Fictional Dummy Company),Global Manufacturing Head - PureGlow Soaps,Australia,New Zealand,Hamilton,FCT032,Hamilton Soap Plant,LN0095,Line-2,2026-07-10 06:00:00,2026-07-10,6,Morning,Lemon Bar Soap,1.19,60.0,0.5,No Downtime,59.5,71,73,4,69,5.29,94.52,102.82,99.17,103.1,96.64,7.15,16.31,2
PureGlow Soaps International (Fictional Dummy Company),Global Manufacturing Head - PureGlow Soaps,Australia,New Zealand,Hamilton,FCT032,Hamilton Soap Plant,LN0096,Line-3,2026-07-10 06:00:00,2026-07-10,6,Morning,Rose Bar Soap,1.36,60.0,1.5,No Downtime,58.5,82,73,4,69,5.05,94.52,89.02,97.5,91.75,84.55,7.36,24.84,3
PureGlow Soaps International (Fictional Dummy Company),Global Manufacturing Head - PureGlow Soaps,Australia,New Zealand,Hamilton,FCT032,Hamilton Soap Plant,LN0094,Line-1,2026-07-10 07:00:00,2026-07-10,7,Morning,Rose Bar Soap,1.26,60.0,33.4,Machine Breakdown,26.6,76,34,0,34,1.04,100.0,44.74,44.33,101.44,44.97,3.31,7.15,1
PureGlow Soaps International (Fictional Dummy Company),Global Manufacturing Head - PureGlow Soaps,Australia,New Zealand,Hamilton,FCT032,Hamilton Soap Plant,LN0095,Line-2,2026-07-10 07:00:00,2026-07-10,7,Morning,Lemon Bar Soap,1.19,60.0,29.5,Material Shortage,30.5,71,35,1,34,2.31,97.14,49.3,50.83,96.43,47.61,3.39,8.36,3
PureGlow Soaps International (Fictional Dummy Company),Global Manufacturing Head - PureGlow Soaps,Australia,New Zealand,Hamilton,FCT032,Hamilton Soap Plant,LN0096,Line-3,2026-07-10 07:00:00,2026-07-10,7,Morning,Rose Bar Soap,1.36,60.0,27.4,Material Shortage,32.6,82,45,2,43,4.91,95.56,54.88,54.33,101.5,52.7,4.24,14.08,3
PureGlow Soaps International (Fictional Dummy Company),Global Manufacturing Head - PureGlow Soaps,Australia,New Zealand,Hamilton,FCT032,Hamilton Soap Plant,LN0094,Line-1,2026-07-10 08:00:00,2026-07-10,8,Morning,Rose Bar Soap,1.26,60.0,12.5,Changeover/Setup,47.5,76,58,1,57,1.72,98.28,76.32,79.17,96.91,75.4,5.9,13.11,1
PureGlow Soaps International (Fictional Dummy Company),Global Manufacturing Head - PureGlow Soaps,Australia,New Zealand,Hamilton,FCT032,Hamilton Soap Plant,LN0095,Line-2,2026-07-10 08:00:00,2026-07-10,8,Morning,Lemon Bar Soap,1.19,60.0,38.8,Preventive Maintenance,21.2,71,26,1,25,2.94,96.15,36.62,35.33,103.06,35.01,2.76,5.78,2
PureGlow Soaps International (Fictional Dummy Company),Global Manufacturing Head - PureGlow Soaps,Australia,New Zealand,Hamilton,FCT032,Hamilton Soap Plant,LN0096,Line-3,2026-07-10 08:00:00,2026-07-10,8,Morning,Rose Bar Soap,1.36,60.0,6.0,Changeover/Setup,54.0,82,74,2,72,2.64,97.3,90.24,90.0,100.76,88.24,6.47,22.71,1
PureGlow Soaps International (Fictional Dummy Company),Global Manufacturing Head - PureGlow Soaps,Australia,New Zealand,Hamilton,FCT032,Hamilton Soap Plant,LN0094,Line-1,2026-07-10 09:00:00,2026-07-10,9,Morning,Rose Bar Soap,1.26,60.0,31.2,Machine Breakdown,28.8,76,35,1,34,2.17,97.14,46.05,48.0,96.45,44.97,3.72,8.13,2
PureGlow Soaps International (Fictional Dummy Company),Global Manufacturing Head - PureGlow Soaps,Australia,New Zealand,Hamilton,FCT032,Hamilton Soap Plant,LN0095,Line-2,2026-07-10 09:00:00,2026-07-10,9,Morning,Lemon Bar Soap,1.19,60.0,15.7,Machine Breakdown,44.3,71,50,1,49,1.36,98.0,70.42,73.83,94.85,68.63,5.3,13.84,3
PureGlow Soaps International (Fictional Dummy Company),Global Manufacturing Head - PureGlow Soaps,Australia,New Zealand,Hamilton,FCT032,Hamilton Soap Plant,LN0096,Line-3,2026-07-10 09:00:00,2026-07-10,9,Morning,Rose Bar Soap,1.36,60.0,2.9,No Downtime,57.1,82,79,2,77,3.1,97.47,96.34,95.17,101.73,94.37,7.52,27.6,3
PureGlow Soaps International (Fictional Dummy Company),Global Manufacturing Head - PureGlow Soaps,Australia,New Zealand,Hamilton,FCT032,Hamilton Soap Plant,LN0094,Line-1,2026-07-10 10:00:00,2026-07-10,10,Morning,Rose Bar Soap,1.26,60.0,0.8,No Downtime,59.2,76,75,2,73,2.14,97.33,98.68,98.67,100.55,96.56,7.07,15.95,1
PureGlow Soaps International (Fictional Dummy Company),Global Manufacturing Head - PureGlow Soaps,Australia,New Zealand,Hamilton,FCT032,Hamilton Soap Plant,LN0095,Line-2,2026-07-10 10:00:00,2026-07-10,10,Morning,Lemon Bar Soap,1.19,60.0,1.0,No Downtime,59.0,71,64,1,63,1.38,98.44,90.14,98.33,91.16,88.24,5.79,18.14,2
PureGlow Soaps International (Fictional Dummy Company),Global Manufacturing Head - PureGlow Soaps,Australia,New Zealand,Hamilton,FCT032,Hamilton Soap Plant,LN0096,Line-3,2026-07-10 10:00:00,2026-07-10,10,Morning,Rose Bar Soap,1.36,60.0,16.0,Staff Shortage,44.0,82,58,1,57,1.91,98.28,70.73,73.33,96.93,69.86,5.23,22.31,3
PureGlow Soaps International (Fictional Dummy Company),Global Manufacturing Head - PureGlow Soaps,Australia,New Zealand,Hamilton,FCT032,Hamilton Soap Plant,LN0094,Line-1,2026-07-10 11:00:00,2026-07-10,11,Morning,Rose Bar Soap,1.26,60.0,8.1,Quality Hold,51.9,76,60,4,56,6.15,93.33,78.95,86.5,91.75,74.07,6.14,13.75,1
PureGlow Soaps International (Fictional Dummy Company),Global Manufacturing Head - PureGlow Soaps,Australia,New Zealand,Hamilton,FCT032,Hamilton Soap Plant,LN0095,Line-2,2026-07-10 11:00:00,2026-07-10,11,Morning,Lemon Bar Soap,1.19,60.0,11.0,Machine Breakdown,49.0,71,48,2,46,3.2,95.83,67.61,81.67,82.32,64.43,5.27,14.18,3
PureGlow Soaps International (Fictional Dummy Company),Global Manufacturing Head - PureGlow Soaps,Australia,New Zealand,Hamilton,FCT032,Hamilton Soap Plant,LN0096,Line-3,2026-07-10 11:00:00,2026-07-10,11,Morning,Rose Bar Soap,1.36,60.0,1.2,No Downtime,58.8,82,82,2,80,2.22,97.56,100.0,98.0,102.54,98.04,8.04,29.16,3
PureGlow Soaps International (Fictional Dummy Company),Global Manufacturing Head - PureGlow Soaps,Australia,New Zealand,Hamilton,FCT032,Hamilton Soap Plant,LN0094,Line-1,2026-07-10 12:00:00,2026-07-10,12,Morning,Rose Bar Soap,1.26,60.0,10.1,Changeover/Setup,49.9,76,62,3,59,5.46,95.16,81.58,83.17,98.61,78.04,6.55,13.06,1
PureGlow Soaps International (Fictional Dummy Company),Global Manufacturing Head - PureGlow Soaps,Australia,New Zealand,Hamilton,FCT032,Hamilton Soap Plant,LN0095,Line-2,2026-07-10 12:00:00,2026-07-10,12,Morning,Lemon Bar Soap,1.19,60.0,28.0,Power Outage,32.0,71,34,1,33,2.63,97.06,47.89,53.33,89.29,46.22,3.27,8.56,3
PureGlow Soaps International (Fictional Dummy Company),Global Manufacturing Head - PureGlow Soaps,Australia,New Zealand,Hamilton,FCT032,Hamilton Soap Plant,LN0096,Line-3,2026-07-10 12:00:00,2026-07-10,12,Morning,Rose Bar Soap,1.36,60.0,14.7,Material Shortage,45.3,82,62,2,60,3.72,96.77,75.61,75.5,100.64,73.53,6.68,22.76,2
PureGlow Soaps International (Fictional Dummy Company),Global Manufacturing Head - PureGlow Soaps,Australia,New Zealand,Hamilton,FCT032,Hamilton Soap Plant,LN0094,Line-1,2026-07-10 13:00:00,2026-07-10,13,Morning,Rose Bar Soap,1.26,60.0,2.4,No Downtime,57.6,76,69,1,68,1.51,98.55,90.79,96.0,95.07,89.94,6.15,15.75,2
PureGlow Soaps International (Fictional Dummy Company),Global Manufacturing Head - PureGlow Soaps,Australia,New Zealand,Hamilton,FCT032,Hamilton Soap Plant,LN0095,Line-2,2026-07-10 13:00:00,2026-07-10,13,Morning,Lemon Bar Soap,1.19,60.0,12.7,Power Outage,47.3,71,54,2,52,2.9,96.3,76.06,78.83,95.94,72.83,5.41,13.67,2
PureGlow Soaps International (Fictional Dummy Company),Global Manufacturing Head - PureGlow Soaps,Australia,New Zealand,Hamilton,FCT032,Hamilton Soap Plant,LN0096,Line-3,2026-07-10 13:00:00,2026-07-10,13,Morning,Rose Bar Soap,1.36,60.0,3.3,No Downtime,56.7,82,65,1,64,1.84,98.46,79.27,94.5,84.29,78.43,5.67,27.51,1
PureGlow Soaps International (Fictional Dummy Company),Global Manufacturing Head - PureGlow Soaps,Australia,New Zealand,Hamilton,FCT032,Hamilton Soap Plant,LN0094,Line-1,2026-07-10 14:00:00,2026-07-10,14,Afternoon,Rose Bar Soap,1.26,60.0,3.1,No Downtime,56.9,76,66,2,64,3.15,96.97,86.84,94.83,92.06,84.66,7.08,15.01,1
PureGlow Soaps International (Fictional Dummy Company),Global Manufacturing Head - PureGlow Soaps,Australia,New Zealand,Hamilton,FCT032,Hamilton Soap Plant,LN0095,Line-2,2026-07-10 14:00:00,2026-07-10,14,Afternoon,Lemon Bar Soap,1.19,60.0,16.9,Changeover/Setup,43.1,71,45,1,44,2.8,97.78,63.38,71.83,87.74,61.62,4.2,11.28,1
PureGlow Soaps International (Fictional Dummy Company),Global Manufacturing Head - PureGlow Soaps,Australia,New Zealand,Hamilton,FCT032,Hamilton Soap Plant,LN0096,Line-3,2026-07-10 14:00:00,2026-07-10,14,Afternoon,Rose Bar Soap,1.36,60.0,36.7,Preventive Maintenance,23.3,82,27,1,26,3.1,96.3,32.93,38.83,85.21,31.86,2.75,11.32,3
PureGlow Soaps International (Fictional Dummy Company),Global Manufacturing Head - PureGlow Soaps,Australia,New Zealand,Hamilton,FCT032,Hamilton Soap Plant,LN0094,Line-1,2026-07-10 15:00:00,2026-07-10,15,Afternoon,Rose Bar Soap,1.26,60.0,3.7,No Downtime,56.3,76,64,2,62,2.51,96.88,84.21,93.83,90.22,82.01,6.72,16.46,3
PureGlow Soaps International (Fictional Dummy Company),Global Manufacturing Head - PureGlow Soaps,Australia,New Zealand,Hamilton,FCT032,Hamilton Soap Plant,LN0095,Line-2,2026-07-10 15:00:00,2026-07-10,15,Afternoon,Lemon Bar Soap,1.19,60.0,31.9,Preventive Maintenance,28.1,71,29,1,28,3.85,96.55,40.85,46.83,86.73,39.21,2.53,7.8,2
PureGlow Soaps International (Fictional Dummy Company),Global Manufacturing Head - PureGlow Soaps,Australia,New Zealand,Hamilton,FCT032,Hamilton Soap Plant,LN0096,Line-3,2026-07-10 15:00:00,2026-07-10,15,Afternoon,Rose Bar Soap,1.36,60.0,36.6,Machine Breakdown,23.4,82,26,1,25,2.97,96.15,31.71,39.0,81.7,30.64,2.54,11.28,1
PureGlow Soaps International (Fictional Dummy Company),Global Manufacturing Head - PureGlow Soaps,Australia,New Zealand,Hamilton,FCT032,Hamilton Soap Plant,LN0094,Line-1,2026-07-10 16:00:00,2026-07-10,16,Afternoon,Rose Bar Soap,1.26,60.0,18.1,Machine Breakdown,41.9,76,47,0,47,0.38,100.0,61.84,69.83,89.03,62.17,4.84,12.54,1
PureGlow Soaps International (Fictional Dummy Company),Global Manufacturing Head - PureGlow Soaps,Australia,New Zealand,Hamilton,FCT032,Hamilton Soap Plant,LN0095,Line-2,2026-07-10 16:00:00,2026-07-10,16,Afternoon,Lemon Bar Soap,1.19,60.0,2.7,No Downtime,57.3,71,70,3,67,3.61,95.71,98.59,95.5,102.66,93.83,6.61,17.54,1
PureGlow Soaps International (Fictional Dummy Company),Global Manufacturing Head - PureGlow Soaps,Australia,New Zealand,Hamilton,FCT032,Hamilton Soap Plant,LN0096,Line-3,2026-07-10 16:00:00,2026-07-10,16,Afternoon,Rose Bar Soap,1.36,60.0,3.0,No Downtime,57.0,82,74,3,71,3.69,95.95,90.24,95.0,95.46,87.01,7.78,24.27,3
PureGlow Soaps International (Fictional Dummy Company),Global Manufacturing Head - PureGlow Soaps,Australia,New Zealand,Hamilton,FCT032,Hamilton Soap Plant,LN0094,Line-1,2026-07-10 17:00:00,2026-07-10,17,Afternoon,Rose Bar Soap,1.26,60.0,34.9,Material Shortage,25.1,76,26,1,25,3.55,96.15,34.21,41.83,82.21,33.06,2.39,6.64,2
PureGlow Soaps International (Fictional Dummy Company),Global Manufacturing Head - PureGlow Soaps,Australia,New Zealand,Hamilton,FCT032,Hamilton Soap Plant,LN0095,Line-2,2026-07-10 17:00:00,2026-07-10,17,Afternoon,Lemon Bar Soap,1.19,60.0,0.1,No Downtime,59.9,71,66,2,64,2.69,96.97,92.96,99.83,92.59,89.63,6.16,17.65,2
PureGlow Soaps International (Fictional Dummy Company),Global Manufacturing Head - PureGlow Soaps,Australia,New Zealand,Hamilton,FCT032,Hamilton Soap Plant,LN0096,Line-3,2026-07-10 17:00:00,2026-07-10,17,Afternoon,Rose Bar Soap,1.36,60.0,9.6,Staff Shortage,50.4,82,66,3,63,4.86,95.45,80.49,84.0,96.29,77.2,6.56,21.83,1
PureGlow Soaps International (Fictional Dummy Company),Global Manufacturing Head - PureGlow Soaps,Australia,New Zealand,Hamilton,FCT032,Hamilton Soap Plant,LN0094,Line-1,2026-07-10 18:00:00,2026-07-10,18,Afternoon,Rose Bar Soap,1.26,60.0,18.5,Quality Hold,41.5,76,42,2,40,5.71,95.24,55.26,69.17,80.32,52.91,4.34,11.14,2
PureGlow Soaps International (Fictional Dummy Company),Global Manufacturing Head - PureGlow Soaps,Australia,New Zealand,Hamilton,FCT032,Hamilton Soap Plant,LN0095,Line-2,2026-07-10 18:00:00,2026-07-10,18,Afternoon,Lemon Bar Soap,1.19,60.0,6.7,Changeover/Setup,53.3,71,60,2,58,3.2,96.67,84.51,88.83,94.6,81.23,6.3,16.61,1
PureGlow Soaps International (Fictional Dummy Company),Global Manufacturing Head - PureGlow Soaps,Australia,New Zealand,Hamilton,FCT032,Hamilton Soap Plant,LN0096,Line-3,2026-07-10 18:00:00,2026-07-10,18,Afternoon,Rose Bar Soap,1.36,60.0,14.2,Material Shortage,45.8,82,52,0,52,0.0,100.0,63.41,76.33,83.48,63.72,4.92,19.99,2
PureGlow Soaps International (Fictional Dummy Company),Global Manufacturing Head - PureGlow Soaps,Australia,New Zealand,Hamilton,FCT032,Hamilton Soap Plant,LN0094,Line-1,2026-07-10 19:00:00,2026-07-10,19,Afternoon,Rose Bar Soap,1.26,60.0,0.7,No Downtime,59.3,76,72,1,71,1.81,98.61,94.74,98.83,96.36,93.91,6.23,15.87,3
PureGlow Soaps International (Fictional Dummy Company),Global Manufacturing Head - PureGlow Soaps,Australia,New Zealand,Hamilton,FCT032,Hamilton Soap Plant,LN0095,Line-2,2026-07-10 19:00:00,2026-07-10,19,Afternoon,Lemon Bar Soap,1.19,60.0,2.1,No Downtime,57.9,71,58,2,56,3.49,96.55,81.69,96.5,84.18,78.43,5.9,18.03,2
PureGlow Soaps International (Fictional Dummy Company),Global Manufacturing Head - PureGlow Soaps,Australia,New Zealand,Hamilton,FCT032,Hamilton Soap Plant,LN0096,Line-3,2026-07-10 19:00:00,2026-07-10,19,Afternoon,Rose Bar Soap,1.36,60.0,34.3,Preventive Maintenance,25.7,82,31,1,30,3.79,96.77,37.8,42.83,88.69,36.76,3.04,12.3,3
PureGlow Soaps International (Fictional Dummy Company),Global Manufacturing Head - PureGlow Soaps,Australia,New Zealand,Hamilton,FCT032,Hamilton Soap Plant,LN0094,Line-1,2026-07-10 20:00:00,2026-07-10,20,Afternoon,Rose Bar Soap,1.26,60.0,0.4,No Downtime,59.6,76,62,2,60,3.0,96.77,81.58,99.33,82.56,79.36,6.38,15.57,3
PureGlow Soaps International (Fictional Dummy Company),Global Manufacturing Head - PureGlow Soaps,Australia,New Zealand,Hamilton,FCT032,Hamilton Soap Plant,LN0095,Line-2,2026-07-10 20:00:00,2026-07-10,20,Afternoon,Lemon Bar Soap,1.19,60.0,33.9,Machine Breakdown,26.1,71,26,1,25,2.19,96.15,36.62,43.5,83.71,35.01,2.23,7.18,1
PureGlow Soaps International (Fictional Dummy Company),Global Manufacturing Head - PureGlow Soaps,Australia,New Zealand,Hamilton,FCT032,Hamilton Soap Plant,LN0096,Line-3,2026-07-10 20:00:00,2026-07-10,20,Afternoon,Rose Bar Soap,1.36,60.0,3.7,No Downtime,56.3,82,73,2,71,3.02,97.26,89.02,93.83,95.34,87.01,7.39,23.88,3
PureGlow Soaps International (Fictional Dummy Company),Global Manufacturing Head - PureGlow Soaps,Australia,New Zealand,Hamilton,FCT032,Hamilton Soap Plant,LN0094,Line-1,2026-07-10 21:00:00,2026-07-10,21,Afternoon,Rose Bar Soap,1.26,60.0,12.7,Quality Hold,47.3,76,58,5,53,8.58,91.38,76.32,78.83,97.32,70.1,5.33,14.83,2
PureGlow Soaps International (Fictional Dummy Company),Global Manufacturing Head - PureGlow Soaps,Australia,New Zealand,Hamilton,FCT032,Hamilton Soap Plant,LN0095,Line-2,2026-07-10 21:00:00,2026-07-10,21,Afternoon,Lemon Bar Soap,1.19,60.0,23.0,Preventive Maintenance,37.0,71,39,1,38,2.13,97.44,54.93,61.67,88.58,53.23,3.57,11.12,1
PureGlow Soaps International (Fictional Dummy Company),Global Manufacturing Head - PureGlow Soaps,Australia,New Zealand,Hamilton,FCT032,Hamilton Soap Plant,LN0096,Line-3,2026-07-10 21:00:00,2026-07-10,21,Afternoon,Rose Bar Soap,1.36,60.0,3.8,No Downtime,56.2,82,72,3,69,3.82,95.83,87.8,93.67,94.2,84.56,7.68,25.37,3
PureGlow Soaps International (Fictional Dummy Company),Global Manufacturing Head - PureGlow Soaps,Australia,New Zealand,Hamilton,FCT032,Hamilton Soap Plant,LN0094,Line-1,2026-07-10 22:00:00,2026-07-10,22,Night,Rose Bar Soap,1.26,60.0,30.7,Machine Breakdown,29.3,76,36,2,34,4.75,94.44,47.37,48.83,97.51,44.97,3.29,7.7,1
PureGlow Soaps International (Fictional Dummy Company),Global Manufacturing Head - PureGlow Soaps,Australia,New Zealand,Hamilton,FCT032,Hamilton Soap Plant,LN0095,Line-2,2026-07-10 22:00:00,2026-07-10,22,Night,Lemon Bar Soap,1.19,60.0,16.0,Quality Hold,44.0,71,53,2,51,3.74,96.23,74.65,73.33,101.22,71.43,5.38,12.39,2
PureGlow Soaps International (Fictional Dummy Company),Global Manufacturing Head - PureGlow Soaps,Australia,New Zealand,Hamilton,FCT032,Hamilton Soap Plant,LN0096,Line-3,2026-07-10 22:00:00,2026-07-10,22,Night,Rose Bar Soap,1.36,60.0,1.4,No Downtime,58.6,82,68,2,66,2.25,97.06,82.93,97.67,85.32,80.88,7.15,29.04,3
PureGlow Soaps International (Fictional Dummy Company),Global Manufacturing Head - PureGlow Soaps,Australia,New Zealand,Hamilton,FCT032,Hamilton Soap Plant,LN0094,Line-1,2026-07-10 23:00:00,2026-07-10,23,Night,Rose Bar Soap,1.26,60.0,24.9,Material Shortage,35.1,76,37,1,36,3.27,97.3,48.68,58.5,83.66,47.62,3.48,10.0,2
PureGlow Soaps International (Fictional Dummy Company),Global Manufacturing Head - PureGlow Soaps,Australia,New Zealand,Hamilton,FCT032,Hamilton Soap Plant,LN0095,Line-2,2026-07-10 23:00:00,2026-07-10,23,Night,Lemon Bar Soap,1.19,60.0,17.2,Changeover/Setup,42.8,71,47,2,45,4.03,95.74,66.2,71.33,92.28,63.02,4.89,12.57,3
PureGlow Soaps International (Fictional Dummy Company),Global Manufacturing Head - PureGlow Soaps,Australia,New Zealand,Hamilton,FCT032,Hamilton Soap Plant,LN0096,Line-3,2026-07-10 23:00:00,2026-07-10,23,Night,Rose Bar Soap,1.36,60.0,15.1,Changeover/Setup,44.9,82,49,1,48,2.08,97.96,59.76,74.83,80.24,58.82,4.53,22.68,2
