Company,Global_Head,Continent,Country,City,Factory_ID,Factory_Name,Production_Line_ID,Production_Line_Name,Timestamp,Date,Hour_of_Day,Shift,Product_SKU,Rated_Speed_Units_per_Min,Planned_Runtime_Minutes,Downtime_Minutes,Downtime_Reason,Actual_Runtime_Minutes,Planned_Target_Units,Actual_Units_Produced,Rejected_Units,Good_Units,Defect_Rate_Percent,Quality_Score_Percent,Production_Attainment_Percent,Availability_Percent,Performance_Percent,OEE_Percent,Raw_Material_Consumed_Kg,Energy_Consumed_kWh,Operator_Count
PureGlow Soaps International (Fictional Dummy Company),Global Manufacturing Head - PureGlow Soaps,Asia,Japan,Fukuoka,FCT012,Fukuoka Soap Plant,LN0034,Line-1,2026-07-01 00:00:00,2026-07-01,0,Night,Neem Bar Soap,0.87,60.0,12.1,Material Shortage,47.9,52,43,1,42,3.37,97.67,82.69,79.83,103.18,80.45,3.98,15.41,2
PureGlow Soaps International (Fictional Dummy Company),Global Manufacturing Head - PureGlow Soaps,Asia,Japan,Fukuoka,FCT012,Fukuoka Soap Plant,LN0035,Line-2,2026-07-01 00:00:00,2026-07-01,0,Night,Sandalwood Bar Soap,1.09,60.0,9.1,Changeover/Setup,50.9,65,54,2,52,3.72,96.3,83.08,84.83,97.33,79.51,5.23,22.21,2
PureGlow Soaps International (Fictional Dummy Company),Global Manufacturing Head - PureGlow Soaps,Asia,Japan,Fukuoka,FCT012,Fukuoka Soap Plant,LN0036,Line-3,2026-07-01 00:00:00,2026-07-01,0,Night,Rose Bar Soap,0.98,60.0,26.4,Material Shortage,33.6,59,32,1,31,3.43,96.88,54.24,56.0,97.18,52.72,3.03,17.0,3
PureGlow Soaps International (Fictional Dummy Company),Global Manufacturing Head - PureGlow Soaps,Asia,Japan,Fukuoka,FCT012,Fukuoka Soap Plant,LN0034,Line-1,2026-07-01 01:00:00,2026-07-01,1,Night,Neem Bar Soap,0.87,60.0,3.4,No Downtime,56.6,52,47,1,46,1.65,97.87,90.38,94.33,95.45,88.12,4.29,18.47,2
PureGlow Soaps International (Fictional Dummy Company),Global Manufacturing Head - PureGlow Soaps,Asia,Japan,Fukuoka,FCT012,Fukuoka Soap Plant,LN0035,Line-2,2026-07-01 01:00:00,2026-07-01,1,Night,Sandalwood Bar Soap,1.09,60.0,3.1,No Downtime,56.9,65,61,2,59,2.48,96.72,93.85,94.83,98.35,90.21,5.66,26.26,3
PureGlow Soaps International (Fictional Dummy Company),Global Manufacturing Head - PureGlow Soaps,Asia,Japan,Fukuoka,FCT012,Fukuoka Soap Plant,LN0036,Line-3,2026-07-01 01:00:00,2026-07-01,1,Night,Rose Bar Soap,0.98,60.0,36.5,Machine Breakdown,23.5,59,20,1,19,2.72,95.0,33.9,39.17,86.84,32.31,2.02,10.96,2
PureGlow Soaps International (Fictional Dummy Company),Global Manufacturing Head - PureGlow Soaps,Asia,Japan,Fukuoka,FCT012,Fukuoka Soap Plant,LN0034,Line-1,2026-07-01 02:00:00,2026-07-01,2,Night,Neem Bar Soap,0.87,60.0,15.1,Changeover/Setup,44.9,52,37,2,35,6.73,94.59,71.15,74.83,94.72,67.04,3.29,13.41,1
PureGlow Soaps International (Fictional Dummy Company),Global Manufacturing Head - PureGlow Soaps,Asia,Japan,Fukuoka,FCT012,Fukuoka Soap Plant,LN0035,Line-2,2026-07-01 02:00:00,2026-07-01,2,Night,Sandalwood Bar Soap,1.09,60.0,2.2,No Downtime,57.8,65,51,3,48,5.15,94.12,78.46,96.33,80.95,73.39,5.41,27.21,2
PureGlow Soaps International (Fictional Dummy Company),Global Manufacturing Head - PureGlow Soaps,Asia,Japan,Fukuoka,FCT012,Fukuoka Soap Plant,LN0036,Line-3,2026-07-01 02:00:00,2026-07-01,2,Night,Rose Bar Soap,0.98,60.0,0.7,No Downtime,59.3,59,50,2,48,3.11,96.0,84.75,98.83,86.04,81.63,4.75,31.61,3
PureGlow Soaps International (Fictional Dummy Company),Global Manufacturing Head - PureGlow Soaps,Asia,Japan,Fukuoka,FCT012,Fukuoka Soap Plant,LN0034,Line-1,2026-07-01 03:00:00,2026-07-01,3,Night,Neem Bar Soap,0.87,60.0,3.1,No Downtime,56.9,52,46,1,45,1.76,97.83,88.46,94.83,92.92,86.2,5.02,17.22,3
PureGlow Soaps International (Fictional Dummy Company),Global Manufacturing Head - PureGlow Soaps,Asia,Japan,Fukuoka,FCT012,Fukuoka Soap Plant,LN0035,Line-2,2026-07-01 03:00:00,2026-07-01,3,Night,Sandalwood Bar Soap,1.09,60.0,2.6,No Downtime,57.4,65,60,2,58,4.16,96.67,92.31,95.67,95.9,88.69,6.53,24.71,1
PureGlow Soaps International (Fictional Dummy Company),Global Manufacturing Head - PureGlow Soaps,Asia,Japan,Fukuoka,FCT012,Fukuoka Soap Plant,LN0036,Line-3,2026-07-01 03:00:00,2026-07-01,3,Night,Rose Bar Soap,0.98,60.0,13.6,Staff Shortage,46.4,59,40,2,38,4.55,95.0,67.8,77.33,87.97,64.63,3.9,25.31,2
PureGlow Soaps International (Fictional Dummy Company),Global Manufacturing Head - PureGlow Soaps,Asia,Japan,Fukuoka,FCT012,Fukuoka Soap Plant,LN0034,Line-1,2026-07-01 04:00:00,2026-07-01,4,Night,Neem Bar Soap,0.87,60.0,2.1,No Downtime,57.9,52,47,2,45,3.74,95.74,90.38,96.5,93.3,86.2,5.02,18.99,2
PureGlow Soaps International (Fictional Dummy Company),Global Manufacturing Head - PureGlow Soaps,Asia,Japan,Fukuoka,FCT012,Fukuoka Soap Plant,LN0035,Line-2,2026-07-01 04:00:00,2026-07-01,4,Night,Sandalwood Bar Soap,1.09,60.0,18.5,Preventive Maintenance,41.5,65,43,0,43,1.16,100.0,66.15,69.17,95.06,65.75,4.23,17.55,3
PureGlow Soaps International (Fictional Dummy Company),Global Manufacturing Head - PureGlow Soaps,Asia,Japan,Fukuoka,FCT012,Fukuoka Soap Plant,LN0036,Line-3,2026-07-01 04:00:00,2026-07-01,4,Night,Rose Bar Soap,0.98,60.0,34.7,Machine Breakdown,25.3,59,21,1,20,6.0,95.24,35.59,42.17,84.7,34.02,2.19,12.48,3
PureGlow Soaps International (Fictional Dummy Company),Global Manufacturing Head - PureGlow Soaps,Asia,Japan,Fukuoka,FCT012,Fukuoka Soap Plant,LN0034,Line-1,2026-07-01 05:00:00,2026-07-01,5,Night,Neem Bar Soap,0.87,60.0,18.5,Machine Breakdown,41.5,52,34,2,32,5.27,94.12,65.38,69.17,94.17,61.31,3.26,12.83,2
PureGlow Soaps International (Fictional Dummy Company),Global Manufacturing Head - PureGlow Soaps,Asia,Japan,Fukuoka,FCT012,Fukuoka Soap Plant,LN0035,Line-2,2026-07-01 05:00:00,2026-07-01,5,Night,Sandalwood Bar Soap,1.09,60.0,10.2,Power Outage,49.8,65,51,1,50,2.33,98.04,78.46,83.0,93.95,76.45,4.86,20.06,2
PureGlow Soaps International (Fictional Dummy Company),Global Manufacturing Head - PureGlow Soaps,Asia,Japan,Fukuoka,FCT012,Fukuoka Soap Plant,LN0036,Line-3,2026-07-01 05:00:00,2026-07-01,5,Night,Rose Bar Soap,0.98,60.0,7.3,Changeover/Setup,52.7,59,52,1,51,2.76,98.08,88.14,87.83,100.69,86.74,5.69,27.8,3
PureGlow Soaps International (Fictional Dummy Company),Global Manufacturing Head - PureGlow Soaps,Asia,Japan,Fukuoka,FCT012,Fukuoka Soap Plant,LN0034,Line-1,2026-07-01 06:00:00,2026-07-01,6,Morning,Neem Bar Soap,0.87,60.0,0.2,No Downtime,59.8,52,46,2,44,4.27,95.65,88.46,99.67,88.42,84.29,4.13,20.42,1
PureGlow Soaps International (Fictional Dummy Company),Global Manufacturing Head - PureGlow Soaps,Asia,Japan,Fukuoka,FCT012,Fukuoka Soap Plant,LN0035,Line-2,2026-07-01 06:00:00,2026-07-01,6,Morning,Sandalwood Bar Soap,1.09,60.0,20.1,Material Shortage,39.9,65,41,1,40,3.15,97.56,63.08,66.5,94.27,61.16,4.48,16.85,2
PureGlow Soaps International (Fictional Dummy Company),Global Manufacturing Head - PureGlow Soaps,Asia,Japan,Fukuoka,FCT012,Fukuoka Soap Plant,LN0036,Line-3,2026-07-01 06:00:00,2026-07-01,6,Morning,Rose Bar Soap,0.98,60.0,8.7,Changeover/Setup,51.3,59,52,1,51,1.07,98.08,88.14,85.5,103.43,86.73,4.69,25.21,1
PureGlow Soaps International (Fictional Dummy Company),Global Manufacturing Head - PureGlow Soaps,Asia,Japan,Fukuoka,FCT012,Fukuoka Soap Plant,LN0034,Line-1,2026-07-01 07:00:00,2026-07-01,7,Morning,Neem Bar Soap,0.87,60.0,2.9,No Downtime,57.1,52,44,2,42,3.48,95.45,84.62,95.17,88.57,80.46,4.8,18.63,2
PureGlow Soaps International (Fictional Dummy Company),Global Manufacturing Head - PureGlow Soaps,Asia,Japan,Fukuoka,FCT012,Fukuoka Soap Plant,LN0035,Line-2,2026-07-01 07:00:00,2026-07-01,7,Morning,Sandalwood Bar Soap,1.09,60.0,2.3,No Downtime,57.7,65,60,1,59,1.17,98.33,92.31,96.17,95.4,90.21,5.49,23.81,2
PureGlow Soaps International (Fictional Dummy Company),Global Manufacturing Head - PureGlow Soaps,Asia,Japan,Fukuoka,FCT012,Fukuoka Soap Plant,LN0036,Line-3,2026-07-01 07:00:00,2026-07-01,7,Morning,Rose Bar Soap,0.98,60.0,12.3,Machine Breakdown,47.7,59,42,1,41,1.61,97.62,71.19,79.5,89.85,69.73,3.75,21.91,2
PureGlow Soaps International (Fictional Dummy Company),Global Manufacturing Head - PureGlow Soaps,Asia,Japan,Fukuoka,FCT012,Fukuoka Soap Plant,LN0034,Line-1,2026-07-01 08:00:00,2026-07-01,8,Morning,Neem Bar Soap,0.87,60.0,1.3,No Downtime,58.7,52,47,0,47,0.94,100.0,90.38,97.83,92.03,90.03,4.89,18.11,3
PureGlow Soaps International (Fictional Dummy Company),Global Manufacturing Head - PureGlow Soaps,Asia,Japan,Fukuoka,FCT012,Fukuoka Soap Plant,LN0035,Line-2,2026-07-01 08:00:00,2026-07-01,8,Morning,Sandalwood Bar Soap,1.09,60.0,0.1,No Downtime,59.9,65,52,2,50,4.67,96.15,80.0,99.83,79.64,76.44,5.64,24.16,1
PureGlow Soaps International (Fictional Dummy Company),Global Manufacturing Head - PureGlow Soaps,Asia,Japan,Fukuoka,FCT012,Fukuoka Soap Plant,LN0036,Line-3,2026-07-01 08:00:00,2026-07-01,8,Morning,Rose Bar Soap,0.98,60.0,6.2,Changeover/Setup,53.8,59,43,2,41,3.7,95.35,72.88,89.67,81.56,69.73,4.02,24.97,3
PureGlow Soaps International (Fictional Dummy Company),Global Manufacturing Head - PureGlow Soaps,Asia,Japan,Fukuoka,FCT012,Fukuoka Soap Plant,LN0034,Line-1,2026-07-01 09:00:00,2026-07-01,9,Morning,Neem Bar Soap,0.87,60.0,8.7,Quality Hold,51.3,52,36,3,33,9.65,91.67,69.23,85.5,80.66,63.22,3.47,18.1,3
PureGlow Soaps International (Fictional Dummy Company),Global Manufacturing Head - PureGlow Soaps,Asia,Japan,Fukuoka,FCT012,Fukuoka Soap Plant,LN0035,Line-2,2026-07-01 09:00:00,2026-07-01,9,Morning,Sandalwood Bar Soap,1.09,60.0,13.9,Machine Breakdown,46.1,65,45,2,43,3.47,95.56,69.23,76.83,89.55,65.75,4.71,21.86,1
PureGlow Soaps International (Fictional Dummy Company),Global Manufacturing Head - PureGlow Soaps,Asia,Japan,Fukuoka,FCT012,Fukuoka Soap Plant,LN0036,Line-3,2026-07-01 09:00:00,2026-07-01,9,Morning,Rose Bar Soap,0.98,60.0,1.6,No Downtime,58.4,59,55,1,54,2.45,98.18,93.22,97.33,96.1,91.83,4.73,26.86,1
PureGlow Soaps International (Fictional Dummy Company),Global Manufacturing Head - PureGlow Soaps,Asia,Japan,Fukuoka,FCT012,Fukuoka Soap Plant,LN0034,Line-1,2026-07-01 10:00:00,2026-07-01,10,Morning,Neem Bar Soap,0.87,60.0,24.3,Material Shortage,35.7,52,26,1,25,2.9,96.15,50.0,59.5,83.71,47.89,2.24,11.9,2
PureGlow Soaps International (Fictional Dummy Company),Global Manufacturing Head - PureGlow Soaps,Asia,Japan,Fukuoka,FCT012,Fukuoka Soap Plant,LN0035,Line-2,2026-07-01 10:00:00,2026-07-01,10,Morning,Sandalwood Bar Soap,1.09,60.0,3.8,No Downtime,56.2,65,57,1,56,2.62,98.25,87.69,93.67,93.05,85.63,4.9,24.67,2
PureGlow Soaps International (Fictional Dummy Company),Global Manufacturing Head - PureGlow Soaps,Asia,Japan,Fukuoka,FCT012,Fukuoka Soap Plant,LN0036,Line-3,2026-07-01 10:00:00,2026-07-01,10,Morning,Rose Bar Soap,0.98,60.0,7.2,Changeover/Setup,52.8,59,53,0,53,0.91,100.0,89.83,88.0,102.43,90.14,5.79,29.31,3
PureGlow Soaps International (Fictional Dummy Company),Global Manufacturing Head - PureGlow Soaps,Asia,Japan,Fukuoka,FCT012,Fukuoka Soap Plant,LN0034,Line-1,2026-07-01 11:00:00,2026-07-01,11,Morning,Neem Bar Soap,0.87,60.0,0.7,No Downtime,59.3,52,45,1,44,2.63,97.78,86.54,98.83,87.22,84.29,4.28,20.82,2
PureGlow Soaps International (Fictional Dummy Company),Global Manufacturing Head - PureGlow Soaps,Asia,Japan,Fukuoka,FCT012,Fukuoka Soap Plant,LN0035,Line-2,2026-07-01 11:00:00,2026-07-01,11,Morning,Sandalwood Bar Soap,1.09,60.0,2.6,No Downtime,57.4,65,55,1,54,2.43,98.18,84.62,95.67,87.91,82.57,5.82,26.58,3
PureGlow Soaps International (Fictional Dummy Company),Global Manufacturing Head - PureGlow Soaps,Asia,Japan,Fukuoka,FCT012,Fukuoka Soap Plant,LN0036,Line-3,2026-07-01 11:00:00,2026-07-01,11,Morning,Rose Bar Soap,0.98,60.0,2.3,No Downtime,57.7,59,49,2,47,3.25,95.92,83.05,96.17,86.66,79.94,5.09,31.83,3
PureGlow Soaps International (Fictional Dummy Company),Global Manufacturing Head - PureGlow Soaps,Asia,Japan,Fukuoka,FCT012,Fukuoka Soap Plant,LN0034,Line-1,2026-07-01 12:00:00,2026-07-01,12,Morning,Neem Bar Soap,0.87,60.0,1.5,No Downtime,58.5,52,50,3,47,5.64,94.0,96.15,97.5,98.24,90.04,5.09,17.71,3
PureGlow Soaps International (Fictional Dummy Company),Global Manufacturing Head - PureGlow Soaps,Asia,Japan,Fukuoka,FCT012,Fukuoka Soap Plant,LN0035,Line-2,2026-07-01 12:00:00,2026-07-01,12,Morning,Sandalwood Bar Soap,1.09,60.0,27.6,Machine Breakdown,32.4,65,33,1,32,2.36,96.97,50.77,54.0,93.44,48.93,3.15,14.81,2
PureGlow Soaps International (Fictional Dummy Company),Global Manufacturing Head - PureGlow Soaps,Asia,Japan,Fukuoka,FCT012,Fukuoka Soap Plant,LN0036,Line-3,2026-07-01 12:00:00,2026-07-01,12,Morning,Rose Bar Soap,0.98,60.0,3.0,No Downtime,57.0,59,46,1,45,1.61,97.83,77.97,95.0,82.35,76.53,4.32,27.81,2
PureGlow Soaps International (Fictional Dummy Company),Global Manufacturing Head - PureGlow Soaps,Asia,Japan,Fukuoka,FCT012,Fukuoka Soap Plant,LN0034,Line-1,2026-07-01 13:00:00,2026-07-01,13,Morning,Neem Bar Soap,0.87,60.0,9.2,Quality Hold,50.8,52,41,2,39,4.45,95.12,78.85,84.67,92.77,74.72,3.51,16.92,2
PureGlow Soaps International (Fictional Dummy Company),Global Manufacturing Head - PureGlow Soaps,Asia,Japan,Fukuoka,FCT012,Fukuoka Soap Plant,LN0035,Line-2,2026-07-01 13:00:00,2026-07-01,13,Morning,Sandalwood Bar Soap,1.09,60.0,0.9,No Downtime,59.1,65,59,2,57,2.89,96.61,90.77,98.5,91.59,87.16,5.71,27.5,3
PureGlow Soaps International (Fictional Dummy Company),Global Manufacturing Head - PureGlow Soaps,Asia,Japan,Fukuoka,FCT012,Fukuoka Soap Plant,LN0036,Line-3,2026-07-01 13:00:00,2026-07-01,13,Morning,Rose Bar Soap,0.98,60.0,1.8,No Downtime,58.2,59,49,2,47,4.03,95.92,83.05,97.0,85.91,79.93,4.51,28.4,1
PureGlow Soaps International (Fictional Dummy Company),Global Manufacturing Head - PureGlow Soaps,Asia,Japan,Fukuoka,FCT012,Fukuoka Soap Plant,LN0034,Line-1,2026-07-01 14:00:00,2026-07-01,14,Afternoon,Neem Bar Soap,0.87,60.0,12.9,Staff Shortage,47.1,52,33,1,32,4.39,96.97,63.46,78.5,80.53,61.3,3.25,14.89,2
PureGlow Soaps International (Fictional Dummy Company),Global Manufacturing Head - PureGlow Soaps,Asia,Japan,Fukuoka,FCT012,Fukuoka Soap Plant,LN0035,Line-2,2026-07-01 14:00:00,2026-07-01,14,Afternoon,Sandalwood Bar Soap,1.09,60.0,10.9,Changeover/Setup,49.1,65,43,2,41,4.13,95.35,66.15,81.83,80.35,62.69,4.01,21.24,1
PureGlow Soaps International (Fictional Dummy Company),Global Manufacturing Head - PureGlow Soaps,Asia,Japan,Fukuoka,FCT012,Fukuoka Soap Plant,LN0036,Line-3,2026-07-01 14:00:00,2026-07-01,14,Afternoon,Rose Bar Soap,0.98,60.0,4.0,No Downtime,56.0,59,54,2,52,3.04,96.3,91.53,93.33,98.4,88.44,5.67,29.68,3
PureGlow Soaps International (Fictional Dummy Company),Global Manufacturing Head - PureGlow Soaps,Asia,Japan,Fukuoka,FCT012,Fukuoka Soap Plant,LN0034,Line-1,2026-07-01 15:00:00,2026-07-01,15,Afternoon,Neem Bar Soap,0.87,60.0,26.7,Preventive Maintenance,33.3,52,24,0,24,1.49,100.0,46.15,55.5,82.84,45.98,2.15,10.28,2
PureGlow Soaps International (Fictional Dummy Company),Global Manufacturing Head - PureGlow Soaps,Asia,Japan,Fukuoka,FCT012,Fukuoka Soap Plant,LN0035,Line-2,2026-07-01 15:00:00,2026-07-01,15,Afternoon,Sandalwood Bar Soap,1.09,60.0,27.2,Machine Breakdown,32.8,65,31,1,30,3.8,96.77,47.69,54.67,86.71,45.87,2.96,15.57,2
PureGlow Soaps International (Fictional Dummy Company),Global Manufacturing Head - PureGlow Soaps,Asia,Japan,Fukuoka,FCT012,Fukuoka Soap Plant,LN0036,Line-3,2026-07-01 15:00:00,2026-07-01,15,Afternoon,Rose Bar Soap,0.98,60.0,3.2,No Downtime,56.8,59,47,1,46,1.63,97.87,79.66,94.67,84.44,78.24,5.08,26.84,3
PureGlow Soaps International (Fictional Dummy Company),Global Manufacturing Head - PureGlow Soaps,Asia,Japan,Fukuoka,FCT012,Fukuoka Soap Plant,LN0034,Line-1,2026-07-01 16:00:00,2026-07-01,16,Afternoon,Neem Bar Soap,0.87,60.0,19.4,Machine Breakdown,40.6,52,32,1,31,3.49,96.88,61.54,67.67,90.6,59.4,3.22,13.96,2
PureGlow Soaps International (Fictional Dummy Company),Global Manufacturing Head - PureGlow Soaps,Asia,Japan,Fukuoka,FCT012,Fukuoka Soap Plant,LN0035,Line-2,2026-07-01 16:00:00,2026-07-01,16,Afternoon,Sandalwood Bar Soap,1.09,60.0,12.5,Changeover/Setup,47.5,65,42,1,41,1.78,97.62,64.62,79.17,81.12,62.69,4.02,20.57,3
PureGlow Soaps International (Fictional Dummy Company),Global Manufacturing Head - PureGlow Soaps,Asia,Japan,Fukuoka,FCT012,Fukuoka Soap Plant,LN0036,Line-3,2026-07-01 16:00:00,2026-07-01,16,Afternoon,Rose Bar Soap,0.98,60.0,6.4,Quality Hold,53.6,59,47,4,43,8.41,91.49,79.66,89.33,89.48,73.13,4.43,26.46,3
PureGlow Soaps International (Fictional Dummy Company),Global Manufacturing Head - PureGlow Soaps,Asia,Japan,Fukuoka,FCT012,Fukuoka Soap Plant,LN0034,Line-1,2026-07-01 17:00:00,2026-07-01,17,Afternoon,Neem Bar Soap,0.87,60.0,2.6,No Downtime,57.4,52,43,1,42,1.35,97.67,82.69,95.67,86.11,80.46,3.86,20.39,2
PureGlow Soaps International (Fictional Dummy Company),Global Manufacturing Head - PureGlow Soaps,Asia,Japan,Fukuoka,FCT012,Fukuoka Soap Plant,LN0035,Line-2,2026-07-01 17:00:00,2026-07-01,17,Afternoon,Sandalwood Bar Soap,1.09,60.0,9.0,Changeover/Setup,51.0,65,51,2,49,4.35,96.08,78.46,85.0,91.74,74.92,4.36,22.03,1
PureGlow Soaps International (Fictional Dummy Company),Global Manufacturing Head - PureGlow Soaps,Asia,Japan,Fukuoka,FCT012,Fukuoka Soap Plant,LN0036,Line-3,2026-07-01 17:00:00,2026-07-01,17,Afternoon,Rose Bar Soap,0.98,60.0,5.9,Changeover/Setup,54.1,59,43,1,42,1.72,97.67,72.88,90.17,81.1,71.42,3.85,26.45,1
PureGlow Soaps International (Fictional Dummy Company),Global Manufacturing Head - PureGlow Soaps,Asia,Japan,Fukuoka,FCT012,Fukuoka Soap Plant,LN0034,Line-1,2026-07-01 18:00:00,2026-07-01,18,Afternoon,Neem Bar Soap,0.87,60.0,27.5,Machine Breakdown,32.5,52,26,1,25,4.78,96.15,50.0,54.17,91.95,47.89,2.31,9.76,1
PureGlow Soaps International (Fictional Dummy Company),Global Manufacturing Head - PureGlow Soaps,Asia,Japan,Fukuoka,FCT012,Fukuoka Soap Plant,LN0035,Line-2,2026-07-01 18:00:00,2026-07-01,18,Afternoon,Sandalwood Bar Soap,1.09,60.0,13.9,Quality Hold,46.1,65,42,3,39,7.41,92.86,64.62,76.83,83.58,59.63,4.14,21.65,1
PureGlow Soaps International (Fictional Dummy Company),Global Manufacturing Head - PureGlow Soaps,Asia,Japan,Fukuoka,FCT012,Fukuoka Soap Plant,LN0036,Line-3,2026-07-01 18:00:00,2026-07-01,18,Afternoon,Rose Bar Soap,0.98,60.0,3.3,No Downtime,56.7,59,45,0,45,0.95,100.0,76.27,94.5,80.98,76.53,4.3,27.71,2
PureGlow Soaps International (Fictional Dummy Company),Global Manufacturing Head - PureGlow Soaps,Asia,Japan,Fukuoka,FCT012,Fukuoka Soap Plant,LN0034,Line-1,2026-07-01 19:00:00,2026-07-01,19,Afternoon,Neem Bar Soap,0.87,60.0,18.1,Material Shortage,41.9,52,37,1,36,2.61,97.3,71.15,69.83,101.5,68.96,4.05,13.08,3
PureGlow Soaps International (Fictional Dummy Company),Global Manufacturing Head - PureGlow Soaps,Asia,Japan,Fukuoka,FCT012,Fukuoka Soap Plant,LN0035,Line-2,2026-07-01 19:00:00,2026-07-01,19,Afternoon,Sandalwood Bar Soap,1.09,60.0,1.2,No Downtime,58.8,65,54,0,54,0.56,100.0,83.08,98.0,84.25,82.56,4.82,24.84,1
PureGlow Soaps International (Fictional Dummy Company),Global Manufacturing Head - PureGlow Soaps,Asia,Japan,Fukuoka,FCT012,Fukuoka Soap Plant,LN0036,Line-3,2026-07-01 19:00:00,2026-07-01,19,Afternoon,Rose Bar Soap,0.98,60.0,20.6,Material Shortage,39.4,59,39,1,38,2.35,97.44,66.1,65.67,101.0,64.63,3.45,18.18,3
PureGlow Soaps International (Fictional Dummy Company),Global Manufacturing Head - PureGlow Soaps,Asia,Japan,Fukuoka,FCT012,Fukuoka Soap Plant,LN0034,Line-1,2026-07-01 20:00:00,2026-07-01,20,Afternoon,Neem Bar Soap,0.87,60.0,1.1,No Downtime,58.9,52,45,2,43,3.87,95.56,86.54,98.17,87.82,82.39,4.08,17.6,3
PureGlow Soaps International (Fictional Dummy Company),Global Manufacturing Head - PureGlow Soaps,Asia,Japan,Fukuoka,FCT012,Fukuoka Soap Plant,LN0035,Line-2,2026-07-01 20:00:00,2026-07-01,20,Afternoon,Sandalwood Bar Soap,1.09,60.0,16.8,Changeover/Setup,43.2,65,48,1,47,1.36,97.92,73.85,72.0,101.94,71.87,4.88,20.18,1
PureGlow Soaps International (Fictional Dummy Company),Global Manufacturing Head - PureGlow Soaps,Asia,Japan,Fukuoka,FCT012,Fukuoka Soap Plant,LN0036,Line-3,2026-07-01 20:00:00,2026-07-01,20,Afternoon,Rose Bar Soap,0.98,60.0,2.2,No Downtime,57.8,59,55,2,53,4.28,96.36,93.22,96.33,97.1,90.13,5.27,26.89,1
PureGlow Soaps International (Fictional Dummy Company),Global Manufacturing Head - PureGlow Soaps,Asia,Japan,Fukuoka,FCT012,Fukuoka Soap Plant,LN0034,Line-1,2026-07-01 21:00:00,2026-07-01,21,Afternoon,Neem Bar Soap,0.87,60.0,34.5,Machine Breakdown,25.5,52,23,1,22,2.36,95.65,44.23,42.5,103.67,42.14,2.02,9.12,1
PureGlow Soaps International (Fictional Dummy Company),Global Manufacturing Head - PureGlow Soaps,Asia,Japan,Fukuoka,FCT012,Fukuoka Soap Plant,LN0035,Line-2,2026-07-01 21:00:00,2026-07-01,21,Afternoon,Sandalwood Bar Soap,1.09,60.0,1.7,No Downtime,58.3,65,64,2,62,3.16,96.88,98.46,97.17,100.71,94.81,5.77,27.91,3
PureGlow Soaps International (Fictional Dummy Company),Global Manufacturing Head - PureGlow Soaps,Asia,Japan,Fukuoka,FCT012,Fukuoka Soap Plant,LN0036,Line-3,2026-07-01 21:00:00,2026-07-01,21,Afternoon,Rose Bar Soap,0.98,60.0,21.4,Power Outage,38.6,59,37,1,36,3.34,97.3,62.71,64.33,97.81,61.22,3.94,20.82,1
PureGlow Soaps International (Fictional Dummy Company),Global Manufacturing Head - PureGlow Soaps,Asia,Japan,Fukuoka,FCT012,Fukuoka Soap Plant,LN0034,Line-1,2026-07-01 22:00:00,2026-07-01,22,Night,Neem Bar Soap,0.87,60.0,34.8,Machine Breakdown,25.2,52,21,0,21,0.74,100.0,40.38,42.0,95.79,40.23,2.17,8.77,3
PureGlow Soaps International (Fictional Dummy Company),Global Manufacturing Head - PureGlow Soaps,Asia,Japan,Fukuoka,FCT012,Fukuoka Soap Plant,LN0035,Line-2,2026-07-01 22:00:00,2026-07-01,22,Night,Sandalwood Bar Soap,1.09,60.0,7.5,Changeover/Setup,52.5,65,59,2,57,3.33,96.61,90.77,87.5,103.1,87.15,5.43,22.49,2
PureGlow Soaps International (Fictional Dummy Company),Global Manufacturing Head - PureGlow Soaps,Asia,Japan,Fukuoka,FCT012,Fukuoka Soap Plant,LN0036,Line-3,2026-07-01 22:00:00,2026-07-01,22,Night,Rose Bar Soap,0.98,60.0,14.2,Changeover/Setup,45.8,59,42,1,41,3.22,97.62,71.19,76.33,93.57,69.72,4.43,25.25,2
PureGlow Soaps International (Fictional Dummy Company),Global Manufacturing Head - PureGlow Soaps,Asia,Japan,Fukuoka,FCT012,Fukuoka Soap Plant,LN0034,Line-1,2026-07-01 23:00:00,2026-07-01,23,Night,Neem Bar Soap,0.87,60.0,13.0,Material Shortage,47.0,52,37,2,35,4.59,94.59,71.15,78.33,90.49,67.05,3.23,14.17,2
PureGlow Soaps International (Fictional Dummy Company),Global Manufacturing Head - PureGlow Soaps,Asia,Japan,Fukuoka,FCT012,Fukuoka Soap Plant,LN0035,Line-2,2026-07-01 23:00:00,2026-07-01,23,Night,Sandalwood Bar Soap,1.09,60.0,22.4,Machine Breakdown,37.6,65,37,1,36,3.12,97.3,56.92,62.67,90.28,55.05,3.79,16.57,2
PureGlow Soaps International (Fictional Dummy Company),Global Manufacturing Head - PureGlow Soaps,Asia,Japan,Fukuoka,FCT012,Fukuoka Soap Plant,LN0036,Line-3,2026-07-01 23:00:00,2026-07-01,23,Night,Rose Bar Soap,0.98,60.0,15.4,Staff Shortage,44.6,59,43,2,41,4.51,95.35,72.88,74.33,98.38,69.73,3.89,22.19,3
PureGlow Soaps International (Fictional Dummy Company),Global Manufacturing Head - PureGlow Soaps,Asia,Japan,Fukuoka,FCT012,Fukuoka Soap Plant,LN0034,Line-1,2026-07-02 00:00:00,2026-07-02,0,Night,Coconut Bar Soap,0.87,60.0,2.8,No Downtime,57.2,52,40,1,39,2.02,97.5,76.92,95.33,80.38,74.71,3.56,16.92,1
PureGlow Soaps International (Fictional Dummy Company),Global Manufacturing Head - PureGlow Soaps,Asia,Japan,Fukuoka,FCT012,Fukuoka Soap Plant,LN0035,Line-2,2026-07-02 00:00:00,2026-07-02,0,Night,Charcoal Bar Soap,1.09,60.0,1.5,No Downtime,58.5,65,51,1,50,2.52,98.04,78.46,97.5,79.98,76.45,4.58,27.41,1
PureGlow Soaps International (Fictional Dummy Company),Global Manufacturing Head - PureGlow Soaps,Asia,Japan,Fukuoka,FCT012,Fukuoka Soap Plant,LN0036,Line-3,2026-07-02 00:00:00,2026-07-02,0,Night,Coconut Bar Soap,0.98,60.0,30.4,Material Shortage,29.6,59,24,2,22,6.81,91.67,40.68,49.33,82.74,37.42,2.58,15.03,1
PureGlow Soaps International (Fictional Dummy Company),Global Manufacturing Head - PureGlow Soaps,Asia,Japan,Fukuoka,FCT012,Fukuoka Soap Plant,LN0034,Line-1,2026-07-02 01:00:00,2026-07-02,1,Night,Coconut Bar Soap,0.87,60.0,2.6,No Downtime,57.4,52,45,2,43,3.55,95.56,86.54,95.67,90.11,82.38,4.45,19.81,2
PureGlow Soaps International (Fictional Dummy Company),Global Manufacturing Head - PureGlow Soaps,Asia,Japan,Fukuoka,FCT012,Fukuoka Soap Plant,LN0035,Line-2,2026-07-02 01:00:00,2026-07-02,1,Night,Charcoal Bar Soap,1.09,60.0,3.1,No Downtime,56.9,65,59,2,57,2.92,96.61,90.77,94.83,95.13,87.15,6.38,23.1,1
PureGlow Soaps International (Fictional Dummy Company),Global Manufacturing Head - PureGlow Soaps,Asia,Japan,Fukuoka,FCT012,Fukuoka Soap Plant,LN0036,Line-3,2026-07-02 01:00:00,2026-07-02,1,Night,Coconut Bar Soap,0.98,60.0,10.4,Quality Hold,49.6,59,40,2,38,6.22,95.0,67.8,82.67,82.29,64.63,3.41,23.78,2
PureGlow Soaps International (Fictional Dummy Company),Global Manufacturing Head - PureGlow Soaps,Asia,Japan,Fukuoka,FCT012,Fukuoka Soap Plant,LN0034,Line-1,2026-07-02 02:00:00,2026-07-02,2,Night,Coconut Bar Soap,0.87,60.0,1.1,No Downtime,58.9,52,53,2,51,4.07,96.23,101.92,98.17,103.43,97.71,4.53,17.77,2
PureGlow Soaps International (Fictional Dummy Company),Global Manufacturing Head - PureGlow Soaps,Asia,Japan,Fukuoka,FCT012,Fukuoka Soap Plant,LN0035,Line-2,2026-07-02 02:00:00,2026-07-02,2,Night,Charcoal Bar Soap,1.09,60.0,15.8,Changeover/Setup,44.2,65,44,1,43,3.24,97.73,67.69,73.67,91.33,65.76,4.73,18.57,3
PureGlow Soaps International (Fictional Dummy Company),Global Manufacturing Head - PureGlow Soaps,Asia,Japan,Fukuoka,FCT012,Fukuoka Soap Plant,LN0036,Line-3,2026-07-02 02:00:00,2026-07-02,2,Night,Coconut Bar Soap,0.98,60.0,9.9,Changeover/Setup,50.1,59,42,2,40,3.7,95.24,71.19,83.5,85.54,68.03,4.33,26.38,1
PureGlow Soaps International (Fictional Dummy Company),Global Manufacturing Head - PureGlow Soaps,Asia,Japan,Fukuoka,FCT012,Fukuoka Soap Plant,LN0034,Line-1,2026-07-02 03:00:00,2026-07-02,3,Night,Coconut Bar Soap,0.87,60.0,15.9,Staff Shortage,44.1,52,32,1,31,3.06,96.88,61.54,73.5,83.41,59.39,3.12,13.73,1
PureGlow Soaps International (Fictional Dummy Company),Global Manufacturing Head - PureGlow Soaps,Asia,Japan,Fukuoka,FCT012,Fukuoka Soap Plant,LN0035,Line-2,2026-07-02 03:00:00,2026-07-02,3,Night,Charcoal Bar Soap,1.09,60.0,9.0,Power Outage,51.0,65,56,1,55,1.95,98.21,86.15,85.0,100.74,84.1,5.19,20.74,3
PureGlow Soaps International (Fictional Dummy Company),Global Manufacturing Head - PureGlow Soaps,Asia,Japan,Fukuoka,FCT012,Fukuoka Soap Plant,LN0036,Line-3,2026-07-02 03:00:00,2026-07-02,3,Night,Coconut Bar Soap,0.98,60.0,14.3,Quality Hold,45.7,59,43,4,39,8.3,90.7,72.88,76.17,96.01,66.33,4.44,23.27,1
PureGlow Soaps International (Fictional Dummy Company),Global Manufacturing Head - PureGlow Soaps,Asia,Japan,Fukuoka,FCT012,Fukuoka Soap Plant,LN0034,Line-1,2026-07-02 04:00:00,2026-07-02,4,Night,Coconut Bar Soap,0.87,60.0,17.2,Changeover/Setup,42.8,52,36,1,35,2.32,97.22,69.23,71.33,96.68,67.04,3.32,14.01,1
PureGlow Soaps International (Fictional Dummy Company),Global Manufacturing Head - PureGlow Soaps,Asia,Japan,Fukuoka,FCT012,Fukuoka Soap Plant,LN0035,Line-2,2026-07-02 04:00:00,2026-07-02,4,Night,Charcoal Bar Soap,1.09,60.0,3.1,No Downtime,56.9,65,56,1,55,2.39,98.21,86.15,94.83,90.29,84.09,5.83,24.64,2
PureGlow Soaps International (Fictional Dummy Company),Global Manufacturing Head - PureGlow Soaps,Asia,Japan,Fukuoka,FCT012,Fukuoka Soap Plant,LN0036,Line-3,2026-07-02 04:00:00,2026-07-02,4,Night,Coconut Bar Soap,0.98,60.0,2.1,No Downtime,57.9,59,46,1,45,2.39,97.83,77.97,96.5,81.07,76.53,4.94,27.51,3
PureGlow Soaps International (Fictional Dummy Company),Global Manufacturing Head - PureGlow Soaps,Asia,Japan,Fukuoka,FCT012,Fukuoka Soap Plant,LN0034,Line-1,2026-07-02 05:00:00,2026-07-02,5,Night,Coconut Bar Soap,0.87,60.0,14.8,Quality Hold,45.2,52,38,3,35,8.46,92.11,73.08,75.33,96.63,67.05,4.18,15.41,1
PureGlow Soaps International (Fictional Dummy Company),Global Manufacturing Head - PureGlow Soaps,Asia,Japan,Fukuoka,FCT012,Fukuoka Soap Plant,LN0035,Line-2,2026-07-02 05:00:00,2026-07-02,5,Night,Charcoal Bar Soap,1.09,60.0,16.9,Preventive Maintenance,43.1,65,43,1,42,2.15,97.67,66.15,71.83,91.53,64.21,4.6,18.62,3
PureGlow Soaps International (Fictional Dummy Company),Global Manufacturing Head - PureGlow Soaps,Asia,Japan,Fukuoka,FCT012,Fukuoka Soap Plant,LN0036,Line-3,2026-07-02 05:00:00,2026-07-02,5,Night,Coconut Bar Soap,0.98,60.0,19.9,Changeover/Setup,40.1,59,39,1,38,3.19,97.44,66.1,66.83,99.24,64.62,3.55,20.47,2
PureGlow Soaps International (Fictional Dummy Company),Global Manufacturing Head - PureGlow Soaps,Asia,Japan,Fukuoka,FCT012,Fukuoka Soap Plant,LN0034,Line-1,2026-07-02 06:00:00,2026-07-02,6,Morning,Coconut Bar Soap,0.87,60.0,15.6,Staff Shortage,44.4,52,39,1,38,3.0,97.44,75.0,74.0,100.96,72.8,3.49,13.85,2
PureGlow Soaps International (Fictional Dummy Company),Global Manufacturing Head - PureGlow Soaps,Asia,Japan,Fukuoka,FCT012,Fukuoka Soap Plant,LN0035,Line-2,2026-07-02 06:00:00,2026-07-02,6,Morning,Charcoal Bar Soap,1.09,60.0,0.2,No Downtime,59.8,65,62,1,61,1.5,98.39,95.38,99.67,95.12,93.28,5.53,27.74,3
PureGlow Soaps International (Fictional Dummy Company),Global Manufacturing Head - PureGlow Soaps,Asia,Japan,Fukuoka,FCT012,Fukuoka Soap Plant,LN0036,Line-3,2026-07-02 06:00:00,2026-07-02,6,Morning,Coconut Bar Soap,0.98,60.0,24.9,Machine Breakdown,35.1,59,32,1,31,2.46,96.88,54.24,58.5,93.03,52.72,3.4,18.14,1
PureGlow Soaps International (Fictional Dummy Company),Global Manufacturing Head - PureGlow Soaps,Asia,Japan,Fukuoka,FCT012,Fukuoka Soap Plant,LN0034,Line-1,2026-07-02 07:00:00,2026-07-02,7,Morning,Coconut Bar Soap,0.87,60.0,1.3,No Downtime,58.7,52,42,0,42,0.49,100.0,80.77,97.83,82.24,80.46,4.12,17.98,3
PureGlow Soaps International (Fictional Dummy Company),Global Manufacturing Head - PureGlow Soaps,Asia,Japan,Fukuoka,FCT012,Fukuoka Soap Plant,LN0035,Line-2,2026-07-02 07:00:00,2026-07-02,7,Morning,Charcoal Bar Soap,1.09,60.0,19.3,Changeover/Setup,40.7,65,45,1,44,2.07,97.78,69.23,67.83,101.44,67.28,4.16,17.63,1
PureGlow Soaps International (Fictional Dummy Company),Global Manufacturing Head - PureGlow Soaps,Asia,Japan,Fukuoka,FCT012,Fukuoka Soap Plant,LN0036,Line-3,2026-07-02 07:00:00,2026-07-02,7,Morning,Coconut Bar Soap,0.98,60.0,12.4,Power Outage,47.6,59,45,2,43,3.88,95.56,76.27,79.33,96.47,73.13,4.55,21.91,2
PureGlow Soaps International (Fictional Dummy Company),Global Manufacturing Head - PureGlow Soaps,Asia,Japan,Fukuoka,FCT012,Fukuoka Soap Plant,LN0034,Line-1,2026-07-02 08:00:00,2026-07-02,8,Morning,Coconut Bar Soap,0.87,60.0,5.3,Changeover/Setup,54.7,52,47,2,45,4.34,95.74,90.38,91.17,98.76,86.2,4.31,18.35,1
PureGlow Soaps International (Fictional Dummy Company),Global Manufacturing Head - PureGlow Soaps,Asia,Japan,Fukuoka,FCT012,Fukuoka Soap Plant,LN0035,Line-2,2026-07-02 08:00:00,2026-07-02,8,Morning,Charcoal Bar Soap,1.09,60.0,2.1,No Downtime,57.9,65,64,2,62,2.83,96.88,98.46,96.5,101.41,94.81,5.52,27.75,2
PureGlow Soaps International (Fictional Dummy Company),Global Manufacturing Head - PureGlow Soaps,Asia,Japan,Fukuoka,FCT012,Fukuoka Soap Plant,LN0036,Line-3,2026-07-02 08:00:00,2026-07-02,8,Morning,Coconut Bar Soap,0.98,60.0,2.5,No Downtime,57.5,59,53,2,51,3.9,96.23,89.83,95.83,94.06,86.74,5.65,29.19,3
PureGlow Soaps International (Fictional Dummy Company),Global Manufacturing Head - PureGlow Soaps,Asia,Japan,Fukuoka,FCT012,Fukuoka Soap Plant,LN0034,Line-1,2026-07-02 09:00:00,2026-07-02,9,Morning,Coconut Bar Soap,0.87,60.0,15.1,Quality Hold,44.9,52,36,3,33,8.53,91.67,69.23,74.83,92.16,63.22,3.77,14.65,3
PureGlow Soaps International (Fictional Dummy Company),Global Manufacturing Head - PureGlow Soaps,Asia,Japan,Fukuoka,FCT012,Fukuoka Soap Plant,LN0035,Line-2,2026-07-02 09:00:00,2026-07-02,9,Morning,Charcoal Bar Soap,1.09,60.0,0.6,No Downtime,59.4,65,59,2,57,2.75,96.61,90.77,99.0,91.13,87.16,5.46,25.98,3
PureGlow Soaps International (Fictional Dummy Company),Global Manufacturing Head - PureGlow Soaps,Asia,Japan,Fukuoka,FCT012,Fukuoka Soap Plant,LN0036,Line-3,2026-07-02 09:00:00,2026-07-02,9,Morning,Coconut Bar Soap,0.98,60.0,8.7,Changeover/Setup,51.3,59,47,1,46,1.35,97.87,79.66,85.5,93.49,78.23,4.89,24.44,3
PureGlow Soaps International (Fictional Dummy Company),Global Manufacturing Head - PureGlow Soaps,Asia,Japan,Fukuoka,FCT012,Fukuoka Soap Plant,LN0034,Line-1,2026-07-02 10:00:00,2026-07-02,10,Morning,Coconut Bar Soap,0.87,60.0,17.9,Changeover/Setup,42.1,52,32,1,31,3.16,96.88,61.54,70.17,87.37,59.39,2.9,14.45,1
PureGlow Soaps International (Fictional Dummy Company),Global Manufacturing Head - PureGlow Soaps,Asia,Japan,Fukuoka,FCT012,Fukuoka Soap Plant,LN0035,Line-2,2026-07-02 10:00:00,2026-07-02,10,Morning,Charcoal Bar Soap,1.09,60.0,8.4,Changeover/Setup,51.6,65,50,2,48,4.33,96.0,76.92,86.0,88.9,73.4,5.39,20.81,1
PureGlow Soaps International (Fictional Dummy Company),Global Manufacturing Head - PureGlow Soaps,Asia,Japan,Fukuoka,FCT012,Fukuoka Soap Plant,LN0036,Line-3,2026-07-02 10:00:00,2026-07-02,10,Morning,Coconut Bar Soap,0.98,60.0,38.8,Machine Breakdown,21.2,59,19,1,18,5.1,94.74,32.2,35.33,91.45,30.61,2.09,10.43,3
PureGlow Soaps International (Fictional Dummy Company),Global Manufacturing Head - PureGlow Soaps,Asia,Japan,Fukuoka,FCT012,Fukuoka Soap Plant,LN0034,Line-1,2026-07-02 11:00:00,2026-07-02,11,Morning,Coconut Bar Soap,0.87,60.0,28.9,Machine Breakdown,31.1,52,24,1,23,2.81,95.83,46.15,51.83,88.7,44.06,2.27,10.66,2
PureGlow Soaps International (Fictional Dummy Company),Global Manufacturing Head - PureGlow Soaps,Asia,Japan,Fukuoka,FCT012,Fukuoka Soap Plant,LN0035,Line-2,2026-07-02 11:00:00,2026-07-02,11,Morning,Charcoal Bar Soap,1.09,60.0,42.3,Machine Breakdown,17.7,65,17,1,16,4.18,94.12,26.15,29.5,88.11,24.46,1.5,8.17,2
PureGlow Soaps International (Fictional Dummy Company),Global Manufacturing Head - PureGlow Soaps,Asia,Japan,Fukuoka,FCT012,Fukuoka Soap Plant,LN0036,Line-3,2026-07-02 11:00:00,2026-07-02,11,Morning,Coconut Bar Soap,0.98,60.0,9.7,Power Outage,50.3,59,41,1,40,2.89,97.56,69.49,83.83,83.17,68.02,3.76,27.12,3
PureGlow Soaps International (Fictional Dummy Company),Global Manufacturing Head - PureGlow Soaps,Asia,Japan,Fukuoka,FCT012,Fukuoka Soap Plant,LN0034,Line-1,2026-07-02 12:00:00,2026-07-02,12,Morning,Coconut Bar Soap,0.87,60.0,19.5,Changeover/Setup,40.5,52,33,1,32,4.24,96.97,63.46,67.5,93.66,61.3,3.61,13.23,3
PureGlow Soaps International (Fictional Dummy Company),Global Manufacturing Head - PureGlow Soaps,Asia,Japan,Fukuoka,FCT012,Fukuoka Soap Plant,LN0035,Line-2,2026-07-02 12:00:00,2026-07-02,12,Morning,Charcoal Bar Soap,1.09,60.0,12.9,Quality Hold,47.1,65,48,4,44,7.37,91.67,73.85,78.5,93.5,67.28,5.2,20.36,2
PureGlow Soaps International (Fictional Dummy Company),Global Manufacturing Head - PureGlow Soaps,Asia,Japan,Fukuoka,FCT012,Fukuoka Soap Plant,LN0036,Line-3,2026-07-02 12:00:00,2026-07-02,12,Morning,Coconut Bar Soap,0.98,60.0,1.2,No Downtime,58.8,59,54,2,52,4.16,96.3,91.53,98.0,93.71,88.44,4.9,31.77,2
PureGlow Soaps International (Fictional Dummy Company),Global Manufacturing Head - PureGlow Soaps,Asia,Japan,Fukuoka,FCT012,Fukuoka Soap Plant,LN0034,Line-1,2026-07-02 13:00:00,2026-07-02,13,Morning,Coconut Bar Soap,0.87,60.0,0.0,No Downtime,60.0,52,52,1,51,2.24,98.08,100.0,100.0,99.62,97.71,5.18,21.19,2
PureGlow Soaps International (Fictional Dummy Company),Global Manufacturing Head - PureGlow Soaps,Asia,Japan,Fukuoka,FCT012,Fukuoka Soap Plant,LN0035,Line-2,2026-07-02 13:00:00,2026-07-02,13,Morning,Charcoal Bar Soap,1.09,60.0,13.5,Material Shortage,46.5,65,45,1,44,1.93,97.78,69.23,77.5,88.78,67.28,4.93,21.16,2
PureGlow Soaps International (Fictional Dummy Company),Global Manufacturing Head - PureGlow Soaps,Asia,Japan,Fukuoka,FCT012,Fukuoka Soap Plant,LN0036,Line-3,2026-07-02 13:00:00,2026-07-02,13,Morning,Coconut Bar Soap,0.98,60.0,6.1,Changeover/Setup,53.9,59,53,3,50,5.05,94.34,89.83,89.83,100.34,85.03,5.3,28.47,3
PureGlow Soaps International (Fictional Dummy Company),Global Manufacturing Head - PureGlow Soaps,Asia,Japan,Fukuoka,FCT012,Fukuoka Soap Plant,LN0034,Line-1,2026-07-02 14:00:00,2026-07-02,14,Afternoon,Coconut Bar Soap,0.87,60.0,21.4,Material Shortage,38.6,52,32,1,31,3.36,96.88,61.54,64.33,95.29,59.39,2.84,12.47,3
PureGlow Soaps International (Fictional Dummy Company),Global Manufacturing Head - PureGlow Soaps,Asia,Japan,Fukuoka,FCT012,Fukuoka Soap Plant,LN0035,Line-2,2026-07-02 14:00:00,2026-07-02,14,Afternoon,Charcoal Bar Soap,1.09,60.0,0.4,No Downtime,59.6,65,64,1,63,0.87,98.44,98.46,99.33,98.52,96.33,6.34,26.16,2
PureGlow Soaps International (Fictional Dummy Company),Global Manufacturing Head - PureGlow Soaps,Asia,Japan,Fukuoka,FCT012,Fukuoka Soap Plant,LN0036,Line-3,2026-07-02 14:00:00,2026-07-02,14,Afternoon,Coconut Bar Soap,0.98,60.0,0.0,No Downtime,60.0,59,58,2,56,3.63,96.55,98.31,100.0,98.64,95.24,6.03,27.96,3
PureGlow Soaps International (Fictional Dummy Company),Global Manufacturing Head - PureGlow Soaps,Asia,Japan,Fukuoka,FCT012,Fukuoka Soap Plant,LN0034,Line-1,2026-07-02 15:00:00,2026-07-02,15,Afternoon,Coconut Bar Soap,0.87,60.0,1.3,No Downtime,58.7,52,43,1,42,1.49,97.67,82.69,97.83,84.2,80.45,4.68,20.3,3
PureGlow Soaps International (Fictional Dummy Company),Global Manufacturing Head - PureGlow Soaps,Asia,Japan,Fukuoka,FCT012,Fukuoka Soap Plant,LN0035,Line-2,2026-07-02 15:00:00,2026-07-02,15,Afternoon,Charcoal Bar Soap,1.09,60.0,18.1,Changeover/Setup,41.9,65,42,1,41,2.29,97.62,64.62,69.83,91.96,62.69,4.62,17.89,2
PureGlow Soaps International (Fictional Dummy Company),Global Manufacturing Head - PureGlow Soaps,Asia,Japan,Fukuoka,FCT012,Fukuoka Soap Plant,LN0036,Line-3,2026-07-02 15:00:00,2026-07-02,15,Afternoon,Coconut Bar Soap,0.98,60.0,2.1,No Downtime,57.9,59,50,2,48,3.5,96.0,84.75,96.5,88.12,81.63,4.52,30.41,3
PureGlow Soaps International (Fictional Dummy Company),Global Manufacturing Head - PureGlow Soaps,Asia,Japan,Fukuoka,FCT012,Fukuoka Soap Plant,LN0034,Line-1,2026-07-02 16:00:00,2026-07-02,16,Afternoon,Coconut Bar Soap,0.87,60.0,2.1,No Downtime,57.9,52,43,1,42,2.57,97.67,82.69,96.5,85.36,80.45,3.73,20.22,2
PureGlow Soaps International (Fictional Dummy Company),Global Manufacturing Head - PureGlow Soaps,Asia,Japan,Fukuoka,FCT012,Fukuoka Soap Plant,LN0035,Line-2,2026-07-02 16:00:00,2026-07-02,16,Afternoon,Charcoal Bar Soap,1.09,60.0,13.8,Staff Shortage,46.2,65,40,1,39,3.09,97.5,61.54,77.0,79.43,59.63,3.77,20.88,3
PureGlow Soaps International (Fictional Dummy Company),Global Manufacturing Head - PureGlow Soaps,Asia,Japan,Fukuoka,FCT012,Fukuoka Soap Plant,LN0036,Line-3,2026-07-02 16:00:00,2026-07-02,16,Afternoon,Coconut Bar Soap,0.98,60.0,29.9,Machine Breakdown,30.1,59,28,1,27,4.61,96.43,47.46,50.17,94.92,45.92,2.91,13.71,1
PureGlow Soaps International (Fictional Dummy Company),Global Manufacturing Head - PureGlow Soaps,Asia,Japan,Fukuoka,FCT012,Fukuoka Soap Plant,LN0034,Line-1,2026-07-02 17:00:00,2026-07-02,17,Afternoon,Coconut Bar Soap,0.87,60.0,37.1,Preventive Maintenance,22.9,52,18,1,17,3.32,94.44,34.62,38.17,90.35,32.57,1.74,7.78,3
PureGlow Soaps International (Fictional Dummy Company),Global Manufacturing Head - PureGlow Soaps,Asia,Japan,Fukuoka,FCT012,Fukuoka Soap Plant,LN0035,Line-2,2026-07-02 17:00:00,2026-07-02,17,Afternoon,Charcoal Bar Soap,1.09,60.0,3.9,No Downtime,56.1,65,61,1,60,1.58,98.36,93.85,93.5,99.76,91.75,6.21,25.09,2
PureGlow Soaps International (Fictional Dummy Company),Global Manufacturing Head - PureGlow Soaps,Asia,Japan,Fukuoka,FCT012,Fukuoka Soap Plant,LN0036,Line-3,2026-07-02 17:00:00,2026-07-02,17,Afternoon,Coconut Bar Soap,0.98,60.0,33.2,Material Shortage,26.8,59,21,1,20,2.79,95.24,35.59,44.67,79.96,34.02,2.18,13.53,3
PureGlow Soaps International (Fictional Dummy Company),Global Manufacturing Head - PureGlow Soaps,Asia,Japan,Fukuoka,FCT012,Fukuoka Soap Plant,LN0034,Line-1,2026-07-02 18:00:00,2026-07-02,18,Afternoon,Coconut Bar Soap,0.87,60.0,0.3,No Downtime,59.7,52,52,2,50,2.98,96.15,100.0,99.5,100.12,95.78,5.29,19.96,3
PureGlow Soaps International (Fictional Dummy Company),Global Manufacturing Head - PureGlow Soaps,Asia,Japan,Fukuoka,FCT012,Fukuoka Soap Plant,LN0035,Line-2,2026-07-02 18:00:00,2026-07-02,18,Afternoon,Charcoal Bar Soap,1.09,60.0,15.5,Preventive Maintenance,44.5,65,45,2,43,3.46,95.56,69.23,74.17,92.77,65.75,4.57,19.9,3
PureGlow Soaps International (Fictional Dummy Company),Global Manufacturing Head - PureGlow Soaps,Asia,Japan,Fukuoka,FCT012,Fukuoka Soap Plant,LN0036,Line-3,2026-07-02 18:00:00,2026-07-02,18,Afternoon,Coconut Bar Soap,0.98,60.0,1.9,No Downtime,58.1,59,57,1,56,2.53,98.25,96.61,96.83,100.11,95.24,6.04,29.81,3
PureGlow Soaps International (Fictional Dummy Company),Global Manufacturing Head - PureGlow Soaps,Asia,Japan,Fukuoka,FCT012,Fukuoka Soap Plant,LN0034,Line-1,2026-07-02 19:00:00,2026-07-02,19,Afternoon,Coconut Bar Soap,0.87,60.0,19.3,Changeover/Setup,40.7,52,36,1,35,3.98,97.22,69.23,67.83,101.67,67.05,3.47,12.9,3
PureGlow Soaps International (Fictional Dummy Company),Global Manufacturing Head - PureGlow Soaps,Asia,Japan,Fukuoka,FCT012,Fukuoka Soap Plant,LN0035,Line-2,2026-07-02 19:00:00,2026-07-02,19,Afternoon,Charcoal Bar Soap,1.09,60.0,2.7,No Downtime,57.3,65,60,1,59,2.3,98.33,92.31,95.5,96.07,90.21,5.65,25.19,2
PureGlow Soaps International (Fictional Dummy Company),Global Manufacturing Head - PureGlow Soaps,Asia,Japan,Fukuoka,FCT012,Fukuoka Soap Plant,LN0036,Line-3,2026-07-02 19:00:00,2026-07-02,19,Afternoon,Coconut Bar Soap,0.98,60.0,13.5,Material Shortage,46.5,59,43,2,41,3.85,95.35,72.88,77.5,94.36,69.73,3.94,23.7,3
PureGlow Soaps International (Fictional Dummy Company),Global Manufacturing Head - PureGlow Soaps,Asia,Japan,Fukuoka,FCT012,Fukuoka Soap Plant,LN0034,Line-1,2026-07-02 20:00:00,2026-07-02,20,Afternoon,Coconut Bar Soap,0.87,60.0,3.0,No Downtime,57.0,52,42,0,42,0.99,100.0,80.77,95.0,84.69,80.46,4.59,18.67,3
PureGlow Soaps International (Fictional Dummy Company),Global Manufacturing Head - PureGlow Soaps,Asia,Japan,Fukuoka,FCT012,Fukuoka Soap Plant,LN0035,Line-2,2026-07-02 20:00:00,2026-07-02,20,Afternoon,Charcoal Bar Soap,1.09,60.0,31.1,Material Shortage,28.9,65,32,1,31,3.2,96.88,49.23,48.17,101.58,47.4,3.27,13.48,2
PureGlow Soaps International (Fictional Dummy Company),Global Manufacturing Head - PureGlow Soaps,Asia,Japan,Fukuoka,FCT012,Fukuoka Soap Plant,LN0036,Line-3,2026-07-02 20:00:00,2026-07-02,20,Afternoon,Coconut Bar Soap,0.98,60.0,10.8,Quality Hold,49.2,59,43,3,40,6.98,93.02,72.88,82.0,89.18,68.02,3.97,26.18,3
PureGlow Soaps International (Fictional Dummy Company),Global Manufacturing Head - PureGlow Soaps,Asia,Japan,Fukuoka,FCT012,Fukuoka Soap Plant,LN0034,Line-1,2026-07-02 21:00:00,2026-07-02,21,Afternoon,Coconut Bar Soap,0.87,60.0,19.6,Power Outage,40.4,52,29,1,28,2.64,96.55,55.77,67.33,82.51,53.64,3.16,12.54,1
PureGlow Soaps International (Fictional Dummy Company),Global Manufacturing Head - PureGlow Soaps,Asia,Japan,Fukuoka,FCT012,Fukuoka Soap Plant,LN0035,Line-2,2026-07-02 21:00:00,2026-07-02,21,Afternoon,Charcoal Bar Soap,1.09,60.0,2.4,No Downtime,57.6,65,60,3,57,5.24,95.0,92.31,96.0,95.57,87.16,6.2,25.66,1
PureGlow Soaps International (Fictional Dummy Company),Global Manufacturing Head - PureGlow Soaps,Asia,Japan,Fukuoka,FCT012,Fukuoka Soap Plant,LN0036,Line-3,2026-07-02 21:00:00,2026-07-02,21,Afternoon,Coconut Bar Soap,0.98,60.0,21.0,Power Outage,39.0,59,39,1,38,3.75,97.44,66.1,65.0,102.04,64.63,3.32,18.28,3
PureGlow Soaps International (Fictional Dummy Company),Global Manufacturing Head - PureGlow Soaps,Asia,Japan,Fukuoka,FCT012,Fukuoka Soap Plant,LN0034,Line-1,2026-07-02 22:00:00,2026-07-02,22,Night,Coconut Bar Soap,0.87,60.0,0.7,No Downtime,59.3,52,49,2,47,3.81,95.92,94.23,98.83,94.98,90.04,5.26,21.1,3
PureGlow Soaps International (Fictional Dummy Company),Global Manufacturing Head - PureGlow Soaps,Asia,Japan,Fukuoka,FCT012,Fukuoka Soap Plant,LN0035,Line-2,2026-07-02 22:00:00,2026-07-02,22,Night,Charcoal Bar Soap,1.09,60.0,0.7,No Downtime,59.3,65,64,1,63,2.11,98.44,98.46,98.83,99.01,96.33,5.58,23.95,2
PureGlow Soaps International (Fictional Dummy Company),Global Manufacturing Head - PureGlow Soaps,Asia,Japan,Fukuoka,FCT012,Fukuoka Soap Plant,LN0036,Line-3,2026-07-02 22:00:00,2026-07-02,22,Night,Coconut Bar Soap,0.98,60.0,13.5,Material Shortage,46.5,59,41,2,39,5.16,95.12,69.49,77.5,89.97,66.32,3.82,24.84,3
PureGlow Soaps International (Fictional Dummy Company),Global Manufacturing Head - PureGlow Soaps,Asia,Japan,Fukuoka,FCT012,Fukuoka Soap Plant,LN0034,Line-1,2026-07-02 23:00:00,2026-07-02,23,Night,Coconut Bar Soap,0.87,60.0,3.6,No Downtime,56.4,52,43,1,42,3.0,97.67,82.69,94.0,87.63,80.45,4.48,18.94,2
PureGlow Soaps International (Fictional Dummy Company),Global Manufacturing Head - PureGlow Soaps,Asia,Japan,Fukuoka,FCT012,Fukuoka Soap Plant,LN0035,Line-2,2026-07-02 23:00:00,2026-07-02,23,Night,Charcoal Bar Soap,1.09,60.0,18.5,Preventive Maintenance,41.5,65,41,1,40,2.35,97.56,63.08,69.17,90.64,61.17,4.23,17.87,2
PureGlow Soaps International (Fictional Dummy Company),Global Manufacturing Head - PureGlow Soaps,Asia,Japan,Fukuoka,FCT012,Fukuoka Soap Plant,LN0036,Line-3,2026-07-02 23:00:00,2026-07-02,23,Night,Coconut Bar Soap,0.98,60.0,6.3,Staff Shortage,53.7,59,53,1,52,1.04,98.11,89.83,89.5,100.71,88.43,4.99,29.8,3
PureGlow Soaps International (Fictional Dummy Company),Global Manufacturing Head - PureGlow Soaps,Asia,Japan,Fukuoka,FCT012,Fukuoka Soap Plant,LN0034,Line-1,2026-07-03 00:00:00,2026-07-03,0,Night,Sandalwood Bar Soap,0.87,60.0,0.0,No Downtime,60.0,52,43,1,42,3.44,97.67,82.69,100.0,82.38,80.46,3.94,19.5,3
PureGlow Soaps International (Fictional Dummy Company),Global Manufacturing Head - PureGlow Soaps,Asia,Japan,Fukuoka,FCT012,Fukuoka Soap Plant,LN0035,Line-2,2026-07-03 00:00:00,2026-07-03,0,Night,Rose Bar Soap,1.09,60.0,31.1,Material Shortage,28.9,65,28,0,28,0.59,100.0,43.08,48.17,88.89,42.82,2.86,12.6,2
PureGlow Soaps International (Fictional Dummy Company),Global Manufacturing Head - PureGlow Soaps,Asia,Japan,Fukuoka,FCT012,Fukuoka Soap Plant,LN0036,Line-3,2026-07-03 00:00:00,2026-07-03,0,Night,Lemon Bar Soap,0.98,60.0,32.2,Preventive Maintenance,27.8,59,28,1,27,2.72,96.43,47.46,46.33,102.77,45.91,2.93,13.79,2
PureGlow Soaps International (Fictional Dummy Company),Global Manufacturing Head - PureGlow Soaps,Asia,Japan,Fukuoka,FCT012,Fukuoka Soap Plant,LN0034,Line-1,2026-07-03 01:00:00,2026-07-03,1,Night,Sandalwood Bar Soap,0.87,60.0,29.7,Preventive Maintenance,30.3,52,24,1,23,4.13,95.83,46.15,50.5,91.04,44.06,2.29,9.63,1
PureGlow Soaps International (Fictional Dummy Company),Global Manufacturing Head - PureGlow Soaps,Asia,Japan,Fukuoka,FCT012,Fukuoka Soap Plant,LN0035,Line-2,2026-07-03 01:00:00,2026-07-03,1,Night,Rose Bar Soap,1.09,60.0,0.2,No Downtime,59.8,65,66,2,64,3.25,96.97,101.54,99.67,101.25,97.86,7.13,28.31,2
PureGlow Soaps International (Fictional Dummy Company),Global Manufacturing Head - PureGlow Soaps,Asia,Japan,Fukuoka,FCT012,Fukuoka Soap Plant,LN0036,Line-3,2026-07-03 01:00:00,2026-07-03,1,Night,Lemon Bar Soap,0.98,60.0,6.9,Quality Hold,53.1,59,44,4,40,8.05,90.91,74.58,88.5,84.55,68.02,4.08,26.29,1
PureGlow Soaps International (Fictional Dummy Company),Global Manufacturing Head - PureGlow Soaps,Asia,Japan,Fukuoka,FCT012,Fukuoka Soap Plant,LN0034,Line-1,2026-07-03 02:00:00,2026-07-03,2,Night,Sandalwood Bar Soap,0.87,60.0,22.2,Material Shortage,37.8,52,28,1,27,4.07,96.43,53.85,63.0,85.14,51.72,2.93,13.45,1
PureGlow Soaps International (Fictional Dummy Company),Global Manufacturing Head - PureGlow Soaps,Asia,Japan,Fukuoka,FCT012,Fukuoka Soap Plant,LN0035,Line-2,2026-07-03 02:00:00,2026-07-03,2,Night,Rose Bar Soap,1.09,60.0,21.9,Machine Breakdown,38.1,65,37,0,37,0.86,100.0,56.92,63.5,89.09,56.57,3.79,16.71,1
PureGlow Soaps International (Fictional Dummy Company),Global Manufacturing Head - PureGlow Soaps,Asia,Japan,Fukuoka,FCT012,Fukuoka Soap Plant,LN0036,Line-3,2026-07-03 02:00:00,2026-07-03,2,Night,Lemon Bar Soap,0.98,60.0,3.6,No Downtime,56.4,59,53,1,52,1.81,98.11,89.83,94.0,95.89,88.43,4.87,28.21,2
PureGlow Soaps International (Fictional Dummy Company),Global Manufacturing Head - PureGlow Soaps,Asia,Japan,Fukuoka,FCT012,Fukuoka Soap Plant,LN0034,Line-1,2026-07-03 03:00:00,2026-07-03,3,Night,Sandalwood Bar Soap,0.87,60.0,40.4,Machine Breakdown,19.6,52,15,0,15,3.1,100.0,28.85,32.67,87.97,28.74,1.53,6.74,1
PureGlow Soaps International (Fictional Dummy Company),Global Manufacturing Head - PureGlow Soaps,Asia,Japan,Fukuoka,FCT012,Fukuoka Soap Plant,LN0035,Line-2,2026-07-03 03:00:00,2026-07-03,3,Night,Rose Bar Soap,1.09,60.0,39.3,Preventive Maintenance,20.7,65,22,1,21,3.09,95.45,33.85,34.5,97.5,32.11,1.97,8.44,3
PureGlow Soaps International (Fictional Dummy Company),Global Manufacturing Head - PureGlow Soaps,Asia,Japan,Fukuoka,FCT012,Fukuoka Soap Plant,LN0036,Line-3,2026-07-03 03:00:00,2026-07-03,3,Night,Lemon Bar Soap,0.98,60.0,5.8,Changeover/Setup,54.2,59,46,2,44,3.47,95.65,77.97,90.33,86.6,74.82,4.57,26.34,3
PureGlow Soaps International (Fictional Dummy Company),Global Manufacturing Head - PureGlow Soaps,Asia,Japan,Fukuoka,FCT012,Fukuoka Soap Plant,LN0034,Line-1,2026-07-03 04:00:00,2026-07-03,4,Night,Sandalwood Bar Soap,0.87,60.0,40.4,Machine Breakdown,19.6,52,15,0,15,2.41,100.0,28.85,32.67,87.97,28.74,1.33,5.99,2
PureGlow Soaps International (Fictional Dummy Company),Global Manufacturing Head - PureGlow Soaps,Asia,Japan,Fukuoka,FCT012,Fukuoka Soap Plant,LN0035,Line-2,2026-07-03 04:00:00,2026-07-03,4,Night,Rose Bar Soap,1.09,60.0,6.8,Power Outage,53.2,65,52,0,52,0.44,100.0,80.0,88.67,89.67,79.51,4.93,22.34,1
PureGlow Soaps International (Fictional Dummy Company),Global Manufacturing Head - PureGlow Soaps,Asia,Japan,Fukuoka,FCT012,Fukuoka Soap Plant,LN0036,Line-3,2026-07-03 04:00:00,2026-07-03,4,Night,Lemon Bar Soap,0.98,60.0,9.0,Quality Hold,51.0,59,44,3,41,6.43,93.18,74.58,85.0,88.04,69.73,4.18,24.4,3
PureGlow Soaps International (Fictional Dummy Company),Global Manufacturing Head - PureGlow Soaps,Asia,Japan,Fukuoka,FCT012,Fukuoka Soap Plant,LN0034,Line-1,2026-07-03 05:00:00,2026-07-03,5,Night,Sandalwood Bar Soap,0.87,60.0,18.2,Changeover/Setup,41.8,52,35,2,33,4.43,94.29,67.31,69.67,96.24,63.22,3.03,12.4,2
PureGlow Soaps International (Fictional Dummy Company),Global Manufacturing Head - PureGlow Soaps,Asia,Japan,Fukuoka,FCT012,Fukuoka Soap Plant,LN0035,Line-2,2026-07-03 05:00:00,2026-07-03,5,Night,Rose Bar Soap,1.09,60.0,10.8,Changeover/Setup,49.2,65,52,2,50,3.25,96.15,80.0,82.0,96.96,76.45,4.54,20.63,2
PureGlow Soaps International (Fictional Dummy Company),Global Manufacturing Head - PureGlow Soaps,Asia,Japan,Fukuoka,FCT012,Fukuoka Soap Plant,LN0036,Line-3,2026-07-03 05:00:00,2026-07-03,5,Night,Lemon Bar Soap,0.98,60.0,1.1,No Downtime,58.9,59,48,2,46,4.39,95.83,81.36,98.17,83.16,78.23,4.57,30.84,1
PureGlow Soaps International (Fictional Dummy Company),Global Manufacturing Head - PureGlow Soaps,Asia,Japan,Fukuoka,FCT012,Fukuoka Soap Plant,LN0034,Line-1,2026-07-03 06:00:00,2026-07-03,6,Morning,Sandalwood Bar Soap,0.87,60.0,4.0,No Downtime,56.0,52,43,1,42,1.3,97.67,82.69,93.33,88.26,80.45,4.28,16.96,1
PureGlow Soaps International (Fictional Dummy Company),Global Manufacturing Head - PureGlow Soaps,Asia,Japan,Fukuoka,FCT012,Fukuoka Soap Plant,LN0035,Line-2,2026-07-03 06:00:00,2026-07-03,6,Morning,Rose Bar Soap,1.09,60.0,17.4,Machine Breakdown,42.6,65,44,1,43,1.19,97.73,67.69,71.0,94.76,65.75,4.82,19.54,3
PureGlow Soaps International (Fictional Dummy Company),Global Manufacturing Head - PureGlow Soaps,Asia,Japan,Fukuoka,FCT012,Fukuoka Soap Plant,LN0036,Line-3,2026-07-03 06:00:00,2026-07-03,6,Morning,Lemon Bar Soap,0.98,60.0,10.4,Quality Hold,49.6,59,45,3,42,7.02,93.33,76.27,82.67,92.58,71.43,4.16,27.23,1
PureGlow Soaps International (Fictional Dummy Company),Global Manufacturing Head - PureGlow Soaps,Asia,Japan,Fukuoka,FCT012,Fukuoka Soap Plant,LN0034,Line-1,2026-07-03 07:00:00,2026-07-03,7,Morning,Sandalwood Bar Soap,0.87,60.0,39.3,Machine Breakdown,20.7,52,17,1,16,4.36,94.12,32.69,34.5,94.4,30.65,1.56,6.66,1
PureGlow Soaps International (Fictional Dummy Company),Global Manufacturing Head - PureGlow Soaps,Asia,Japan,Fukuoka,FCT012,Fukuoka Soap Plant,LN0035,Line-2,2026-07-03 07:00:00,2026-07-03,7,Morning,Rose Bar Soap,1.09,60.0,0.4,No Downtime,59.6,65,63,3,60,4.97,95.24,96.92,99.33,96.98,91.74,5.92,28.07,2
PureGlow Soaps International (Fictional Dummy Company),Global Manufacturing Head - PureGlow Soaps,Asia,Japan,Fukuoka,FCT012,Fukuoka Soap Plant,LN0036,Line-3,2026-07-03 07:00:00,2026-07-03,7,Morning,Lemon Bar Soap,0.98,60.0,38.1,Preventive Maintenance,21.9,59,19,1,18,4.46,94.74,32.2,36.5,88.53,30.61,1.67,12.1,2
PureGlow Soaps International (Fictional Dummy Company),Global Manufacturing Head - PureGlow Soaps,Asia,Japan,Fukuoka,FCT012,Fukuoka Soap Plant,LN0034,Line-1,2026-07-03 08:00:00,2026-07-03,8,Morning,Sandalwood Bar Soap,0.87,60.0,1.4,No Downtime,58.6,52,47,2,45,4.25,95.74,90.38,97.67,92.19,86.21,4.2,20.09,1
PureGlow Soaps International (Fictional Dummy Company),Global Manufacturing Head - PureGlow Soaps,Asia,Japan,Fukuoka,FCT012,Fukuoka Soap Plant,LN0035,Line-2,2026-07-03 08:00:00,2026-07-03,8,Morning,Rose Bar Soap,1.09,60.0,16.2,Material Shortage,43.8,65,45,2,43,4.53,95.56,69.23,73.0,94.26,65.75,4.77,20.88,1
PureGlow Soaps International (Fictional Dummy Company),Global Manufacturing Head - PureGlow Soaps,Asia,Japan,Fukuoka,FCT012,Fukuoka Soap Plant,LN0036,Line-3,2026-07-03 08:00:00,2026-07-03,8,Morning,Lemon Bar Soap,0.98,60.0,3.1,No Downtime,56.9,59,53,1,52,2.27,98.11,89.83,94.83,95.05,88.43,4.52,30.21,1
PureGlow Soaps International (Fictional Dummy Company),Global Manufacturing Head - PureGlow Soaps,Asia,Japan,Fukuoka,FCT012,Fukuoka Soap Plant,LN0034,Line-1,2026-07-03 09:00:00,2026-07-03,9,Morning,Sandalwood Bar Soap,0.87,60.0,10.2,Changeover/Setup,49.8,52,40,1,39,3.08,97.5,76.92,83.0,92.32,74.71,3.53,17.13,3
PureGlow Soaps International (Fictional Dummy Company),Global Manufacturing Head - PureGlow Soaps,Asia,Japan,Fukuoka,FCT012,Fukuoka Soap Plant,LN0035,Line-2,2026-07-03 09:00:00,2026-07-03,9,Morning,Rose Bar Soap,1.09,60.0,2.5,No Downtime,57.5,65,51,2,49,2.96,96.08,78.46,95.83,81.37,74.92,4.81,23.66,3
PureGlow Soaps International (Fictional Dummy Company),Global Manufacturing Head - PureGlow Soaps,Asia,Japan,Fukuoka,FCT012,Fukuoka Soap Plant,LN0036,Line-3,2026-07-03 09:00:00,2026-07-03,9,Morning,Lemon Bar Soap,0.98,60.0,30.8,Machine Breakdown,29.2,59,25,1,24,2.43,96.0,42.37,48.67,87.36,40.82,2.64,14.16,3
PureGlow Soaps International (Fictional Dummy Company),Global Manufacturing Head - PureGlow Soaps,Asia,Japan,Fukuoka,FCT012,Fukuoka Soap Plant,LN0034,Line-1,2026-07-03 10:00:00,2026-07-03,10,Morning,Sandalwood Bar Soap,0.87,60.0,29.8,Material Shortage,30.2,52,24,1,23,3.2,95.83,46.15,50.33,91.35,44.06,2.39,10.6,1
PureGlow Soaps International (Fictional Dummy Company),Global Manufacturing Head - PureGlow Soaps,Asia,Japan,Fukuoka,FCT012,Fukuoka Soap Plant,LN0035,Line-2,2026-07-03 10:00:00,2026-07-03,10,Morning,Rose Bar Soap,1.09,60.0,7.2,Power Outage,52.8,65,54,2,52,4.24,96.3,83.08,88.0,93.83,79.52,4.88,22.66,1
PureGlow Soaps International (Fictional Dummy Company),Global Manufacturing Head - PureGlow Soaps,Asia,Japan,Fukuoka,FCT012,Fukuoka Soap Plant,LN0036,Line-3,2026-07-03 10:00:00,2026-07-03,10,Morning,Lemon Bar Soap,0.98,60.0,3.2,No Downtime,56.8,59,56,1,55,1.29,98.21,94.92,94.67,100.6,93.53,5.68,28.86,2
PureGlow Soaps International (Fictional Dummy Company),Global Manufacturing Head - PureGlow Soaps,Asia,Japan,Fukuoka,FCT012,Fukuoka Soap Plant,LN0034,Line-1,2026-07-03 11:00:00,2026-07-03,11,Morning,Sandalwood Bar Soap,0.87,60.0,0.8,No Downtime,59.2,52,47,2,45,3.56,95.74,90.38,98.67,91.26,86.21,5.07,19.7,2
PureGlow Soaps International (Fictional Dummy Company),Global Manufacturing Head - PureGlow Soaps,Asia,Japan,Fukuoka,FCT012,Fukuoka Soap Plant,LN0035,Line-2,2026-07-03 11:00:00,2026-07-03,11,Morning,Rose Bar Soap,1.09,60.0,12.9,Quality Hold,47.1,65,46,3,43,6.36,93.48,70.77,78.5,89.6,65.75,4.62,21.16,1
PureGlow Soaps International (Fictional Dummy Company),Global Manufacturing Head - PureGlow Soaps,Asia,Japan,Fukuoka,FCT012,Fukuoka Soap Plant,LN0036,Line-3,2026-07-03 11:00:00,2026-07-03,11,Morning,Lemon Bar Soap,0.98,60.0,10.7,Changeover/Setup,49.3,59,40,1,39,3.02,97.5,67.8,82.17,82.79,66.33,3.66,27.24,2
PureGlow Soaps International (Fictional Dummy Company),Global Manufacturing Head - PureGlow Soaps,Asia,Japan,Fukuoka,FCT012,Fukuoka Soap Plant,LN0034,Line-1,2026-07-03 12:00:00,2026-07-03,12,Morning,Sandalwood Bar Soap,0.87,60.0,29.6,Machine Breakdown,30.4,52,24,1,23,2.97,95.83,46.15,50.67,90.74,44.06,2.36,9.25,3
PureGlow Soaps International (Fictional Dummy Company),Global Manufacturing Head - PureGlow Soaps,Asia,Japan,Fukuoka,FCT012,Fukuoka Soap Plant,LN0035,Line-2,2026-07-03 12:00:00,2026-07-03,12,Morning,Rose Bar Soap,1.09,60.0,11.9,Power Outage,48.1,65,42,1,41,3.14,97.62,64.62,80.17,80.11,62.7,4.07,22.74,3
PureGlow Soaps International (Fictional Dummy Company),Global Manufacturing Head - PureGlow Soaps,Asia,Japan,Fukuoka,FCT012,Fukuoka Soap Plant,LN0036,Line-3,2026-07-03 12:00:00,2026-07-03,12,Morning,Lemon Bar Soap,0.98,60.0,28.7,Preventive Maintenance,31.3,59,28,1,27,2.27,96.43,47.46,52.17,91.28,45.92,2.62,15.5,2
PureGlow Soaps International (Fictional Dummy Company),Global Manufacturing Head - PureGlow Soaps,Asia,Japan,Fukuoka,FCT012,Fukuoka Soap Plant,LN0034,Line-1,2026-07-03 13:00:00,2026-07-03,13,Morning,Sandalwood Bar Soap,0.87,60.0,3.8,No Downtime,56.2,52,47,1,46,2.19,97.87,90.38,93.67,96.13,88.13,4.05,18.69,3
PureGlow Soaps International (Fictional Dummy Company),Global Manufacturing Head - PureGlow Soaps,Asia,Japan,Fukuoka,FCT012,Fukuoka Soap Plant,LN0035,Line-2,2026-07-03 13:00:00,2026-07-03,13,Morning,Rose Bar Soap,1.09,60.0,34.5,Machine Breakdown,25.5,65,27,1,26,2.92,96.3,41.54,42.5,97.14,39.76,2.36,12.05,2
PureGlow Soaps International (Fictional Dummy Company),Global Manufacturing Head - PureGlow Soaps,Asia,Japan,Fukuoka,FCT012,Fukuoka Soap Plant,LN0036,Line-3,2026-07-03 13:00:00,2026-07-03,13,Morning,Lemon Bar Soap,0.98,60.0,12.7,Machine Breakdown,47.3,59,42,1,41,3.04,97.62,71.19,78.83,90.61,69.73,4.34,22.79,2
PureGlow Soaps International (Fictional Dummy Company),Global Manufacturing Head - PureGlow Soaps,Asia,Japan,Fukuoka,FCT012,Fukuoka Soap Plant,LN0034,Line-1,2026-07-03 14:00:00,2026-07-03,14,Afternoon,Sandalwood Bar Soap,0.87,60.0,3.8,No Downtime,56.2,52,49,2,47,4.52,95.92,94.23,93.67,100.22,90.05,4.23,17.56,1
PureGlow Soaps International (Fictional Dummy Company),Global Manufacturing Head - PureGlow Soaps,Asia,Japan,Fukuoka,FCT012,Fukuoka Soap Plant,LN0035,Line-2,2026-07-03 14:00:00,2026-07-03,14,Afternoon,Rose Bar Soap,1.09,60.0,26.3,Machine Breakdown,33.7,65,31,1,30,2.04,96.77,47.69,56.17,84.39,45.87,3.14,14.14,1
PureGlow Soaps International (Fictional Dummy Company),Global Manufacturing Head - PureGlow Soaps,Asia,Japan,Fukuoka,FCT012,Fukuoka Soap Plant,LN0036,Line-3,2026-07-03 14:00:00,2026-07-03,14,Afternoon,Lemon Bar Soap,0.98,60.0,2.8,No Downtime,57.2,59,54,1,53,2.04,98.15,91.53,95.33,96.33,90.13,5.25,26.59,2
PureGlow Soaps International (Fictional Dummy Company),Global Manufacturing Head - PureGlow Soaps,Asia,Japan,Fukuoka,FCT012,Fukuoka Soap Plant,LN0034,Line-1,2026-07-03 15:00:00,2026-07-03,15,Afternoon,Sandalwood Bar Soap,0.87,60.0,25.4,Power Outage,34.6,52,25,1,24,3.38,96.0,48.08,57.67,83.05,45.98,2.69,10.31,1
PureGlow Soaps International (Fictional Dummy Company),Global Manufacturing Head - PureGlow Soaps,Asia,Japan,Fukuoka,FCT012,Fukuoka Soap Plant,LN0035,Line-2,2026-07-03 15:00:00,2026-07-03,15,Afternoon,Rose Bar Soap,1.09,60.0,30.4,Preventive Maintenance,29.6,65,26,1,25,4.19,96.15,40.0,49.33,80.59,38.22,2.33,13.65,3
PureGlow Soaps International (Fictional Dummy Company),Global Manufacturing Head - PureGlow Soaps,Asia,Japan,Fukuoka,FCT012,Fukuoka Soap Plant,LN0036,Line-3,2026-07-03 15:00:00,2026-07-03,15,Afternoon,Lemon Bar Soap,0.98,60.0,22.3,Preventive Maintenance,37.7,59,30,1,29,1.85,96.67,50.85,62.83,81.2,49.32,3.22,18.47,2
PureGlow Soaps International (Fictional Dummy Company),Global Manufacturing Head - PureGlow Soaps,Asia,Japan,Fukuoka,FCT012,Fukuoka Soap Plant,LN0034,Line-1,2026-07-03 16:00:00,2026-07-03,16,Afternoon,Sandalwood Bar Soap,0.87,60.0,1.6,No Downtime,58.4,52,48,1,47,2.06,97.92,92.31,97.33,94.47,90.04,5.18,17.84,2
PureGlow Soaps International (Fictional Dummy Company),Global Manufacturing Head - PureGlow Soaps,Asia,Japan,Fukuoka,FCT012,Fukuoka Soap Plant,LN0035,Line-2,2026-07-03 16:00:00,2026-07-03,16,Afternoon,Rose Bar Soap,1.09,60.0,19.4,Preventive Maintenance,40.6,65,37,1,36,3.68,97.3,56.92,67.67,83.61,55.05,3.81,18.95,3
PureGlow Soaps International (Fictional Dummy Company),Global Manufacturing Head - PureGlow Soaps,Asia,Japan,Fukuoka,FCT012,Fukuoka Soap Plant,LN0036,Line-3,2026-07-03 16:00:00,2026-07-03,16,Afternoon,Lemon Bar Soap,0.98,60.0,1.1,No Downtime,58.9,59,54,1,53,1.34,98.15,91.53,98.17,93.55,90.14,4.94,30.97,2
PureGlow Soaps International (Fictional Dummy Company),Global Manufacturing Head - PureGlow Soaps,Asia,Japan,Fukuoka,FCT012,Fukuoka Soap Plant,LN0034,Line-1,2026-07-03 17:00:00,2026-07-03,17,Afternoon,Sandalwood Bar Soap,0.87,60.0,1.5,No Downtime,58.5,52,51,1,50,1.5,98.04,98.08,97.5,100.21,95.79,5.38,17.94,1
PureGlow Soaps International (Fictional Dummy Company),Global Manufacturing Head - PureGlow Soaps,Asia,Japan,Fukuoka,FCT012,Fukuoka Soap Plant,LN0035,Line-2,2026-07-03 17:00:00,2026-07-03,17,Afternoon,Rose Bar Soap,1.09,60.0,3.8,No Downtime,56.2,65,49,1,48,2.63,97.96,75.38,93.67,79.99,73.4,4.21,23.78,3
PureGlow Soaps International (Fictional Dummy Company),Global Manufacturing Head - PureGlow Soaps,Asia,Japan,Fukuoka,FCT012,Fukuoka Soap Plant,LN0036,Line-3,2026-07-03 17:00:00,2026-07-03,17,Afternoon,Lemon Bar Soap,0.98,60.0,0.7,No Downtime,59.3,59,56,1,55,2.27,98.21,94.92,98.83,96.36,93.53,5.28,32.16,2
PureGlow Soaps International (Fictional Dummy Company),Global Manufacturing Head - PureGlow Soaps,Asia,Japan,Fukuoka,FCT012,Fukuoka Soap Plant,LN0034,Line-1,2026-07-03 18:00:00,2026-07-03,18,Afternoon,Sandalwood Bar Soap,0.87,60.0,1.8,No Downtime,58.2,52,50,2,48,3.29,96.0,96.15,97.0,98.75,91.96,4.28,20.33,1
PureGlow Soaps International (Fictional Dummy Company),Global Manufacturing Head - PureGlow Soaps,Asia,Japan,Fukuoka,FCT012,Fukuoka Soap Plant,LN0035,Line-2,2026-07-03 18:00:00,2026-07-03,18,Afternoon,Rose Bar Soap,1.09,60.0,23.2,Machine Breakdown,36.8,65,34,2,32,4.82,94.12,52.31,61.33,84.76,48.93,3.02,15.48,2
PureGlow Soaps International (Fictional Dummy Company),Global Manufacturing Head - PureGlow Soaps,Asia,Japan,Fukuoka,FCT012,Fukuoka Soap Plant,LN0036,Line-3,2026-07-03 18:00:00,2026-07-03,18,Afternoon,Lemon Bar Soap,0.98,60.0,26.0,Power Outage,34.0,59,32,1,31,3.05,96.88,54.24,56.67,96.04,52.73,3.24,18.04,1
PureGlow Soaps International (Fictional Dummy Company),Global Manufacturing Head - PureGlow Soaps,Asia,Japan,Fukuoka,FCT012,Fukuoka Soap Plant,LN0034,Line-1,2026-07-03 19:00:00,2026-07-03,19,Afternoon,Sandalwood Bar Soap,0.87,60.0,39.6,Preventive Maintenance,20.4,52,14,0,14,3.0,100.0,26.92,34.0,78.88,26.82,1.49,6.53,2
PureGlow Soaps International (Fictional Dummy Company),Global Manufacturing Head - PureGlow Soaps,Asia,Japan,Fukuoka,FCT012,Fukuoka Soap Plant,LN0035,Line-2,2026-07-03 19:00:00,2026-07-03,19,Afternoon,Rose Bar Soap,1.09,60.0,44.4,Machine Breakdown,15.6,65,16,1,15,4.94,93.75,24.62,26.0,94.1,22.94,1.5,6.46,2
PureGlow Soaps International (Fictional Dummy Company),Global Manufacturing Head - PureGlow Soaps,Asia,Japan,Fukuoka,FCT012,Fukuoka Soap Plant,LN0036,Line-3,2026-07-03 19:00:00,2026-07-03,19,Afternoon,Lemon Bar Soap,0.98,60.0,3.9,No Downtime,56.1,59,55,1,54,2.57,98.18,93.22,93.5,100.04,91.84,4.89,26.91,2
PureGlow Soaps International (Fictional Dummy Company),Global Manufacturing Head - PureGlow Soaps,Asia,Japan,Fukuoka,FCT012,Fukuoka Soap Plant,LN0034,Line-1,2026-07-03 20:00:00,2026-07-03,20,Afternoon,Sandalwood Bar Soap,0.87,60.0,0.1,No Downtime,59.9,52,47,2,45,4.09,95.74,90.38,99.83,90.19,86.2,4.57,21.52,2
PureGlow Soaps International (Fictional Dummy Company),Global Manufacturing Head - PureGlow Soaps,Asia,Japan,Fukuoka,FCT012,Fukuoka Soap Plant,LN0035,Line-2,2026-07-03 20:00:00,2026-07-03,20,Afternoon,Rose Bar Soap,1.09,60.0,15.4,Power Outage,44.6,65,48,2,46,3.59,95.83,73.85,74.33,98.74,70.33,4.8,17.67,3
PureGlow Soaps International (Fictional Dummy Company),Global Manufacturing Head - PureGlow Soaps,Asia,Japan,Fukuoka,FCT012,Fukuoka Soap Plant,LN0036,Line-3,2026-07-03 20:00:00,2026-07-03,20,Afternoon,Lemon Bar Soap,0.98,60.0,0.3,No Downtime,59.7,59,48,1,47,2.3,97.92,81.36,99.5,82.04,79.93,4.79,31.37,2
PureGlow Soaps International (Fictional Dummy Company),Global Manufacturing Head - PureGlow Soaps,Asia,Japan,Fukuoka,FCT012,Fukuoka Soap Plant,LN0034,Line-1,2026-07-03 21:00:00,2026-07-03,21,Afternoon,Sandalwood Bar Soap,0.87,60.0,23.9,Power Outage,36.1,52,28,1,27,5.13,96.43,53.85,60.17,89.15,51.73,3.03,10.76,3
PureGlow Soaps International (Fictional Dummy Company),Global Manufacturing Head - PureGlow Soaps,Asia,Japan,Fukuoka,FCT012,Fukuoka Soap Plant,LN0035,Line-2,2026-07-03 21:00:00,2026-07-03,21,Afternoon,Rose Bar Soap,1.09,60.0,15.4,Changeover/Setup,44.6,65,43,2,41,3.63,95.35,66.15,74.33,88.45,62.69,3.66,18.27,3
PureGlow Soaps International (Fictional Dummy Company),Global Manufacturing Head - PureGlow Soaps,Asia,Japan,Fukuoka,FCT012,Fukuoka Soap Plant,LN0036,Line-3,2026-07-03 21:00:00,2026-07-03,21,Afternoon,Lemon Bar Soap,0.98,60.0,36.8,Preventive Maintenance,23.2,59,20,1,19,4.51,95.0,33.9,38.67,87.97,32.32,2.11,12.12,1
PureGlow Soaps International (Fictional Dummy Company),Global Manufacturing Head - PureGlow Soaps,Asia,Japan,Fukuoka,FCT012,Fukuoka Soap Plant,LN0034,Line-1,2026-07-03 22:00:00,2026-07-03,22,Night,Sandalwood Bar Soap,0.87,60.0,16.1,Preventive Maintenance,43.9,52,38,2,36,4.11,94.74,73.08,73.17,99.49,68.97,3.29,14.3,1
PureGlow Soaps International (Fictional Dummy Company),Global Manufacturing Head - PureGlow Soaps,Asia,Japan,Fukuoka,FCT012,Fukuoka Soap Plant,LN0035,Line-2,2026-07-03 22:00:00,2026-07-03,22,Night,Rose Bar Soap,1.09,60.0,1.4,No Downtime,58.6,65,54,2,52,3.41,96.3,83.08,97.67,84.54,79.52,5.92,24.65,3
PureGlow Soaps International (Fictional Dummy Company),Global Manufacturing Head - PureGlow Soaps,Asia,Japan,Fukuoka,FCT012,Fukuoka Soap Plant,LN0036,Line-3,2026-07-03 22:00:00,2026-07-03,22,Night,Lemon Bar Soap,0.98,60.0,0.1,No Downtime,59.9,59,58,3,55,4.97,94.83,98.31,99.83,98.8,93.53,5.35,29.26,3
PureGlow Soaps International (Fictional Dummy Company),Global Manufacturing Head - PureGlow Soaps,Asia,Japan,Fukuoka,FCT012,Fukuoka Soap Plant,LN0034,Line-1,2026-07-03 23:00:00,2026-07-03,23,Night,Sandalwood Bar Soap,0.87,60.0,19.2,Power Outage,40.8,52,32,1,31,3.26,96.88,61.54,68.0,90.15,59.39,2.99,13.74,2
PureGlow Soaps International (Fictional Dummy Company),Global Manufacturing Head - PureGlow Soaps,Asia,Japan,Fukuoka,FCT012,Fukuoka Soap Plant,LN0035,Line-2,2026-07-03 23:00:00,2026-07-03,23,Night,Rose Bar Soap,1.09,60.0,2.2,No Downtime,57.8,65,56,2,54,3.34,96.43,86.15,96.33,88.89,82.57,4.77,24.04,3
PureGlow Soaps International (Fictional Dummy Company),Global Manufacturing Head - PureGlow Soaps,Asia,Japan,Fukuoka,FCT012,Fukuoka Soap Plant,LN0036,Line-3,2026-07-03 23:00:00,2026-07-03,23,Night,Lemon Bar Soap,0.98,60.0,4.0,No Downtime,56.0,59,51,2,49,3.48,96.08,86.44,93.33,92.93,83.33,4.82,26.63,1
PureGlow Soaps International (Fictional Dummy Company),Global Manufacturing Head - PureGlow Soaps,Asia,Japan,Fukuoka,FCT012,Fukuoka Soap Plant,LN0034,Line-1,2026-07-04 00:00:00,2026-07-04,0,Night,Lemon Bar Soap,0.87,60.0,2.7,No Downtime,57.3,52,45,1,44,2.38,97.78,86.54,95.5,90.27,84.29,4.33,17.44,2
PureGlow Soaps International (Fictional Dummy Company),Global Manufacturing Head - PureGlow Soaps,Asia,Japan,Fukuoka,FCT012,Fukuoka Soap Plant,LN0035,Line-2,2026-07-04 00:00:00,2026-07-04,0,Night,Aloe Vera Liquid Soap,1.09,60.0,27.9,Power Outage,32.1,65,31,0,31,1.27,100.0,47.69,53.5,88.6,47.4,2.76,13.98,3
PureGlow Soaps International (Fictional Dummy Company),Global Manufacturing Head - PureGlow Soaps,Asia,Japan,Fukuoka,FCT012,Fukuoka Soap Plant,LN0036,Line-3,2026-07-04 00:00:00,2026-07-04,0,Night,Aloe Vera Liquid Soap,0.98,60.0,36.6,Preventive Maintenance,23.4,59,22,1,21,4.37,95.45,37.29,39.0,95.94,35.71,2.07,12.47,1
PureGlow Soaps International (Fictional Dummy Company),Global Manufacturing Head - PureGlow Soaps,Asia,Japan,Fukuoka,FCT012,Fukuoka Soap Plant,LN0034,Line-1,2026-07-04 01:00:00,2026-07-04,1,Night,Lemon Bar Soap,0.87,60.0,14.9,Machine Breakdown,45.1,52,34,2,32,5.3,94.12,65.38,75.17,86.65,61.3,3.31,15.24,1
PureGlow Soaps International (Fictional Dummy Company),Global Manufacturing Head - PureGlow Soaps,Asia,Japan,Fukuoka,FCT012,Fukuoka Soap Plant,LN0035,Line-2,2026-07-04 01:00:00,2026-07-04,1,Night,Aloe Vera Liquid Soap,1.09,60.0,24.0,Staff Shortage,36.0,65,39,1,38,2.43,97.44,60.0,60.0,99.39,58.11,3.55,15.78,2
PureGlow Soaps International (Fictional Dummy Company),Global Manufacturing Head - PureGlow Soaps,Asia,Japan,Fukuoka,FCT012,Fukuoka Soap Plant,LN0036,Line-3,2026-07-04 01:00:00,2026-07-04,1,Night,Aloe Vera Liquid Soap,0.98,60.0,14.2,Machine Breakdown,45.8,59,44,2,42,4.19,95.45,74.58,76.33,98.03,71.42,4.27,22.49,1
PureGlow Soaps International (Fictional Dummy Company),Global Manufacturing Head - PureGlow Soaps,Asia,Japan,Fukuoka,FCT012,Fukuoka Soap Plant,LN0034,Line-1,2026-07-04 02:00:00,2026-07-04,2,Night,Lemon Bar Soap,0.87,60.0,10.2,Changeover/Setup,49.8,52,41,1,40,2.99,97.56,78.85,83.0,94.63,76.63,4.23,17.64,3
PureGlow Soaps International (Fictional Dummy Company),Global Manufacturing Head - PureGlow Soaps,Asia,Japan,Fukuoka,FCT012,Fukuoka Soap Plant,LN0035,Line-2,2026-07-04 02:00:00,2026-07-04,2,Night,Aloe Vera Liquid Soap,1.09,60.0,1.6,No Downtime,58.4,65,58,1,57,2.18,98.28,89.23,97.33,91.11,87.15,5.84,23.61,2
PureGlow Soaps International (Fictional Dummy Company),Global Manufacturing Head - PureGlow Soaps,Asia,Japan,Fukuoka,FCT012,Fukuoka Soap Plant,LN0036,Line-3,2026-07-04 02:00:00,2026-07-04,2,Night,Aloe Vera Liquid Soap,0.98,60.0,11.3,Changeover/Setup,48.7,59,44,1,43,3.25,97.73,74.58,81.17,92.19,73.13,4.37,25.81,3
PureGlow Soaps International (Fictional Dummy Company),Global Manufacturing Head - PureGlow Soaps,Asia,Japan,Fukuoka,FCT012,Fukuoka Soap Plant,LN0034,Line-1,2026-07-04 03:00:00,2026-07-04,3,Night,Lemon Bar Soap,0.87,60.0,38.0,Preventive Maintenance,22.0,52,16,0,16,1.73,100.0,30.77,36.67,83.59,30.65,1.42,6.6,1
PureGlow Soaps International (Fictional Dummy Company),Global Manufacturing Head - PureGlow Soaps,Asia,Japan,Fukuoka,FCT012,Fukuoka Soap Plant,LN0035,Line-2,2026-07-04 03:00:00,2026-07-04,3,Night,Aloe Vera Liquid Soap,1.09,60.0,22.8,Machine Breakdown,37.2,65,35,1,34,2.02,97.14,53.85,62.0,86.32,51.99,3.59,17.2,3
PureGlow Soaps International (Fictional Dummy Company),Global Manufacturing Head - PureGlow Soaps,Asia,Japan,Fukuoka,FCT012,Fukuoka Soap Plant,LN0036,Line-3,2026-07-04 03:00:00,2026-07-04,3,Night,Aloe Vera Liquid Soap,0.98,60.0,8.0,Changeover/Setup,52.0,59,42,1,41,2.63,97.62,71.19,86.67,82.42,69.73,3.71,27.31,3
PureGlow Soaps International (Fictional Dummy Company),Global Manufacturing Head - PureGlow Soaps,Asia,Japan,Fukuoka,FCT012,Fukuoka Soap Plant,LN0034,Line-1,2026-07-04 04:00:00,2026-07-04,4,Night,Lemon Bar Soap,0.87,60.0,14.8,Material Shortage,45.2,52,40,1,39,2.44,97.5,76.92,75.33,101.72,74.71,4.19,15.71,3
PureGlow Soaps International (Fictional Dummy Company),Global Manufacturing Head - PureGlow Soaps,Asia,Japan,Fukuoka,FCT012,Fukuoka Soap Plant,LN0035,Line-2,2026-07-04 04:00:00,2026-07-04,4,Night,Aloe Vera Liquid Soap,1.09,60.0,2.1,No Downtime,57.9,65,62,2,60,4.03,96.77,95.38,96.5,98.24,91.74,6.58,24.22,3
PureGlow Soaps International (Fictional Dummy Company),Global Manufacturing Head - PureGlow Soaps,Asia,Japan,Fukuoka,FCT012,Fukuoka Soap Plant,LN0036,Line-3,2026-07-04 04:00:00,2026-07-04,4,Night,Aloe Vera Liquid Soap,0.98,60.0,15.4,Changeover/Setup,44.6,59,38,1,37,3.71,97.37,64.41,74.33,86.94,62.92,3.31,20.52,3
PureGlow Soaps International (Fictional Dummy Company),Global Manufacturing Head - PureGlow Soaps,Asia,Japan,Fukuoka,FCT012,Fukuoka Soap Plant,LN0034,Line-1,2026-07-04 05:00:00,2026-07-04,5,Night,Lemon Bar Soap,0.87,60.0,2.5,No Downtime,57.5,52,45,1,44,2.24,97.78,86.54,95.83,89.96,84.29,3.89,19.08,1
PureGlow Soaps International (Fictional Dummy Company),Global Manufacturing Head - PureGlow Soaps,Asia,Japan,Fukuoka,FCT012,Fukuoka Soap Plant,LN0035,Line-2,2026-07-04 05:00:00,2026-07-04,5,Night,Aloe Vera Liquid Soap,1.09,60.0,38.3,Machine Breakdown,21.7,65,21,1,20,2.7,95.24,32.31,36.17,88.78,30.58,2.23,8.95,2
PureGlow Soaps International (Fictional Dummy Company),Global Manufacturing Head - PureGlow Soaps,Asia,Japan,Fukuoka,FCT012,Fukuoka Soap Plant,LN0036,Line-3,2026-07-04 05:00:00,2026-07-04,5,Night,Aloe Vera Liquid Soap,0.98,60.0,1.7,No Downtime,58.3,59,55,1,54,1.58,98.18,93.22,97.17,96.26,91.83,5.34,30.1,1
PureGlow Soaps International (Fictional Dummy Company),Global Manufacturing Head - PureGlow Soaps,Asia,Japan,Fukuoka,FCT012,Fukuoka Soap Plant,LN0034,Line-1,2026-07-04 06:00:00,2026-07-04,6,Morning,Lemon Bar Soap,0.87,60.0,15.2,Changeover/Setup,44.8,52,39,0,39,0.0,100.0,75.0,74.67,100.06,74.71,4.08,13.51,3
PureGlow Soaps International (Fictional Dummy Company),Global Manufacturing Head - PureGlow Soaps,Asia,Japan,Fukuoka,FCT012,Fukuoka Soap Plant,LN0035,Line-2,2026-07-04 06:00:00,2026-07-04,6,Morning,Aloe Vera Liquid Soap,1.09,60.0,1.2,No Downtime,58.8,65,61,0,61,0.72,100.0,93.85,98.0,95.18,93.28,5.57,25.68,3
PureGlow Soaps International (Fictional Dummy Company),Global Manufacturing Head - PureGlow Soaps,Asia,Japan,Fukuoka,FCT012,Fukuoka Soap Plant,LN0036,Line-3,2026-07-04 06:00:00,2026-07-04,6,Morning,Aloe Vera Liquid Soap,0.98,60.0,24.7,Staff Shortage,35.3,59,29,1,28,1.85,96.55,49.15,58.83,83.83,47.62,2.53,19.58,2
PureGlow Soaps International (Fictional Dummy Company),Global Manufacturing Head - PureGlow Soaps,Asia,Japan,Fukuoka,FCT012,Fukuoka Soap Plant,LN0034,Line-1,2026-07-04 07:00:00,2026-07-04,7,Morning,Lemon Bar Soap,0.87,60.0,21.2,Power Outage,38.8,52,27,1,26,3.83,96.3,51.92,64.67,79.99,49.82,2.69,13.75,2
PureGlow Soaps International (Fictional Dummy Company),Global Manufacturing Head - PureGlow Soaps,Asia,Japan,Fukuoka,FCT012,Fukuoka Soap Plant,LN0035,Line-2,2026-07-04 07:00:00,2026-07-04,7,Morning,Aloe Vera Liquid Soap,1.09,60.0,0.4,No Downtime,59.6,65,63,2,61,2.52,96.83,96.92,99.33,96.98,93.28,6.93,26.78,1
PureGlow Soaps International (Fictional Dummy Company),Global Manufacturing Head - PureGlow Soaps,Asia,Japan,Fukuoka,FCT012,Fukuoka Soap Plant,LN0036,Line-3,2026-07-04 07:00:00,2026-07-04,7,Morning,Aloe Vera Liquid Soap,0.98,60.0,2.7,No Downtime,57.3,59,55,2,53,3.88,96.36,93.22,95.5,97.94,90.13,5.61,26.84,3
PureGlow Soaps International (Fictional Dummy Company),Global Manufacturing Head - PureGlow Soaps,Asia,Japan,Fukuoka,FCT012,Fukuoka Soap Plant,LN0034,Line-1,2026-07-04 08:00:00,2026-07-04,8,Morning,Lemon Bar Soap,0.87,60.0,17.6,Changeover/Setup,42.4,52,35,0,35,0.76,100.0,67.31,70.67,94.88,67.05,3.35,13.84,2
PureGlow Soaps International (Fictional Dummy Company),Global Manufacturing Head - PureGlow Soaps,Asia,Japan,Fukuoka,FCT012,Fukuoka Soap Plant,LN0035,Line-2,2026-07-04 08:00:00,2026-07-04,8,Morning,Aloe Vera Liquid Soap,1.09,60.0,14.4,Machine Breakdown,45.6,65,51,2,49,3.76,96.08,78.46,76.0,102.61,74.93,5.25,20.37,2
PureGlow Soaps International (Fictional Dummy Company),Global Manufacturing Head - PureGlow Soaps,Asia,Japan,Fukuoka,FCT012,Fukuoka Soap Plant,LN0036,Line-3,2026-07-04 08:00:00,2026-07-04,8,Morning,Aloe Vera Liquid Soap,0.98,60.0,2.2,No Downtime,57.8,59,58,3,55,5.13,94.83,98.31,96.33,102.39,93.53,5.19,30.49,2
PureGlow Soaps International (Fictional Dummy Company),Global Manufacturing Head - PureGlow Soaps,Asia,Japan,Fukuoka,FCT012,Fukuoka Soap Plant,LN0034,Line-1,2026-07-04 09:00:00,2026-07-04,9,Morning,Lemon Bar Soap,0.87,60.0,15.4,Preventive Maintenance,44.6,52,33,1,32,3.75,96.97,63.46,74.33,85.05,61.3,3.23,15.38,3
PureGlow Soaps International (Fictional Dummy Company),Global Manufacturing Head - PureGlow Soaps,Asia,Japan,Fukuoka,FCT012,Fukuoka Soap Plant,LN0035,Line-2,2026-07-04 09:00:00,2026-07-04,9,Morning,Aloe Vera Liquid Soap,1.09,60.0,7.7,Quality Hold,52.3,65,54,5,49,8.57,90.74,83.08,87.17,94.73,74.93,4.83,21.99,2
PureGlow Soaps International (Fictional Dummy Company),Global Manufacturing Head - PureGlow Soaps,Asia,Japan,Fukuoka,FCT012,Fukuoka Soap Plant,LN0036,Line-3,2026-07-04 09:00:00,2026-07-04,9,Morning,Aloe Vera Liquid Soap,0.98,60.0,33.2,Material Shortage,26.8,59,24,1,23,3.91,95.83,40.68,44.67,91.38,39.12,2.36,14.33,3
PureGlow Soaps International (Fictional Dummy Company),Global Manufacturing Head - PureGlow Soaps,Asia,Japan,Fukuoka,FCT012,Fukuoka Soap Plant,LN0034,Line-1,2026-07-04 10:00:00,2026-07-04,10,Morning,Lemon Bar Soap,0.87,60.0,1.9,No Downtime,58.1,52,43,1,42,3.4,97.67,82.69,96.83,85.07,80.45,4.55,18.88,2
PureGlow Soaps International (Fictional Dummy Company),Global Manufacturing Head - PureGlow Soaps,Asia,Japan,Fukuoka,FCT012,Fukuoka Soap Plant,LN0035,Line-2,2026-07-04 10:00:00,2026-07-04,10,Morning,Aloe Vera Liquid Soap,1.09,60.0,3.4,No Downtime,56.6,65,50,1,49,2.59,98.0,76.92,94.33,81.05,74.93,5.36,27.12,1
PureGlow Soaps International (Fictional Dummy Company),Global Manufacturing Head - PureGlow Soaps,Asia,Japan,Fukuoka,FCT012,Fukuoka Soap Plant,LN0036,Line-3,2026-07-04 10:00:00,2026-07-04,10,Morning,Aloe Vera Liquid Soap,0.98,60.0,40.4,Machine Breakdown,19.6,59,16,0,16,2.6,100.0,27.12,32.67,83.3,27.21,1.46,9.5,2
PureGlow Soaps International (Fictional Dummy Company),Global Manufacturing Head - PureGlow Soaps,Asia,Japan,Fukuoka,FCT012,Fukuoka Soap Plant,LN0034,Line-1,2026-07-04 11:00:00,2026-07-04,11,Morning,Lemon Bar Soap,0.87,60.0,0.9,No Downtime,59.1,52,51,2,49,3.84,96.08,98.08,98.5,99.19,93.87,4.39,20.43,3
PureGlow Soaps International (Fictional Dummy Company),Global Manufacturing Head - PureGlow Soaps,Asia,Japan,Fukuoka,FCT012,Fukuoka Soap Plant,LN0035,Line-2,2026-07-04 11:00:00,2026-07-04,11,Morning,Aloe Vera Liquid Soap,1.09,60.0,0.1,No Downtime,59.9,65,53,2,51,4.67,96.23,81.54,99.83,81.18,77.99,5.44,25.59,3
PureGlow Soaps International (Fictional Dummy Company),Global Manufacturing Head - PureGlow Soaps,Asia,Japan,Fukuoka,FCT012,Fukuoka Soap Plant,LN0036,Line-3,2026-07-04 11:00:00,2026-07-04,11,Morning,Aloe Vera Liquid Soap,0.98,60.0,19.0,Changeover/Setup,41.0,59,34,1,33,1.75,97.06,57.63,68.33,84.62,56.12,3.02,20.57,2
PureGlow Soaps International (Fictional Dummy Company),Global Manufacturing Head - PureGlow Soaps,Asia,Japan,Fukuoka,FCT012,Fukuoka Soap Plant,LN0034,Line-1,2026-07-04 12:00:00,2026-07-04,12,Morning,Lemon Bar Soap,0.87,60.0,0.1,No Downtime,59.9,52,51,1,50,1.82,98.04,98.08,99.83,97.86,95.78,4.75,20.49,1
PureGlow Soaps International (Fictional Dummy Company),Global Manufacturing Head - PureGlow Soaps,Asia,Japan,Fukuoka,FCT012,Fukuoka Soap Plant,LN0035,Line-2,2026-07-04 12:00:00,2026-07-04,12,Morning,Aloe Vera Liquid Soap,1.09,60.0,26.1,Material Shortage,33.9,65,32,0,32,0.87,100.0,49.23,56.5,86.6,48.93,3.27,16.21,2
PureGlow Soaps International (Fictional Dummy Company),Global Manufacturing Head - PureGlow Soaps,Asia,Japan,Fukuoka,FCT012,Fukuoka Soap Plant,LN0036,Line-3,2026-07-04 12:00:00,2026-07-04,12,Morning,Aloe Vera Liquid Soap,0.98,60.0,19.7,Staff Shortage,40.3,59,33,2,31,6.26,93.94,55.93,67.17,83.56,52.73,2.87,19.1,3
PureGlow Soaps International (Fictional Dummy Company),Global Manufacturing Head - PureGlow Soaps,Asia,Japan,Fukuoka,FCT012,Fukuoka Soap Plant,LN0034,Line-1,2026-07-04 13:00:00,2026-07-04,13,Morning,Lemon Bar Soap,0.87,60.0,3.3,No Downtime,56.7,52,42,1,41,1.89,97.62,80.77,94.5,85.14,78.54,4.44,18.01,3
PureGlow Soaps International (Fictional Dummy Company),Global Manufacturing Head - PureGlow Soaps,Asia,Japan,Fukuoka,FCT012,Fukuoka Soap Plant,LN0035,Line-2,2026-07-04 13:00:00,2026-07-04,13,Morning,Aloe Vera Liquid Soap,1.09,60.0,2.6,No Downtime,57.4,65,60,1,59,2.22,98.33,92.31,95.67,95.9,90.22,6.56,23.07,1
PureGlow Soaps International (Fictional Dummy Company),Global Manufacturing Head - PureGlow Soaps,Asia,Japan,Fukuoka,FCT012,Fukuoka Soap Plant,LN0036,Line-3,2026-07-04 13:00:00,2026-07-04,13,Morning,Aloe Vera Liquid Soap,0.98,60.0,16.4,Changeover/Setup,43.6,59,35,1,34,3.26,97.14,59.32,72.67,81.91,57.82,3.62,22.14,3
PureGlow Soaps International (Fictional Dummy Company),Global Manufacturing Head - PureGlow Soaps,Asia,Japan,Fukuoka,FCT012,Fukuoka Soap Plant,LN0034,Line-1,2026-07-04 14:00:00,2026-07-04,14,Afternoon,Lemon Bar Soap,0.87,60.0,3.6,No Downtime,56.4,52,48,2,46,4.67,95.83,92.31,94.0,97.82,88.12,4.95,19.45,2
PureGlow Soaps International (Fictional Dummy Company),Global Manufacturing Head - PureGlow Soaps,Asia,Japan,Fukuoka,FCT012,Fukuoka Soap Plant,LN0035,Line-2,2026-07-04 14:00:00,2026-07-04,14,Afternoon,Aloe Vera Liquid Soap,1.09,60.0,22.3,Staff Shortage,37.7,65,38,2,36,4.33,94.74,58.46,62.83,92.47,55.04,3.91,16.49,3
PureGlow Soaps International (Fictional Dummy Company),Global Manufacturing Head - PureGlow Soaps,Asia,Japan,Fukuoka,FCT012,Fukuoka Soap Plant,LN0036,Line-3,2026-07-04 14:00:00,2026-07-04,14,Afternoon,Aloe Vera Liquid Soap,0.98,60.0,13.0,Quality Hold,47.0,59,38,4,34,10.57,89.47,64.41,78.33,82.5,57.82,4.12,24.79,1
PureGlow Soaps International (Fictional Dummy Company),Global Manufacturing Head - PureGlow Soaps,Asia,Japan,Fukuoka,FCT012,Fukuoka Soap Plant,LN0034,Line-1,2026-07-04 15:00:00,2026-07-04,15,Afternoon,Lemon Bar Soap,0.87,60.0,16.0,Changeover/Setup,44.0,52,35,1,34,2.95,97.14,67.31,73.33,91.43,65.13,3.43,13.0,3
PureGlow Soaps International (Fictional Dummy Company),Global Manufacturing Head - PureGlow Soaps,Asia,Japan,Fukuoka,FCT012,Fukuoka Soap Plant,LN0035,Line-2,2026-07-04 15:00:00,2026-07-04,15,Afternoon,Aloe Vera Liquid Soap,1.09,60.0,3.6,No Downtime,56.4,65,57,2,55,3.06,96.49,87.69,94.0,92.72,84.1,5.63,22.27,3
PureGlow Soaps International (Fictional Dummy Company),Global Manufacturing Head - PureGlow Soaps,Asia,Japan,Fukuoka,FCT012,Fukuoka Soap Plant,LN0036,Line-3,2026-07-04 15:00:00,2026-07-04,15,Afternoon,Aloe Vera Liquid Soap,0.98,60.0,16.6,Machine Breakdown,43.4,59,37,2,35,4.67,94.59,62.71,72.33,86.99,59.52,3.22,21.14,3
PureGlow Soaps International (Fictional Dummy Company),Global Manufacturing Head - PureGlow Soaps,Asia,Japan,Fukuoka,FCT012,Fukuoka Soap Plant,LN0034,Line-1,2026-07-04 16:00:00,2026-07-04,16,Afternoon,Lemon Bar Soap,0.87,60.0,2.1,No Downtime,57.9,52,44,2,42,3.69,95.45,84.62,96.5,87.35,80.46,4.7,17.46,2
PureGlow Soaps International (Fictional Dummy Company),Global Manufacturing Head - PureGlow Soaps,Asia,Japan,Fukuoka,FCT012,Fukuoka Soap Plant,LN0035,Line-2,2026-07-04 16:00:00,2026-07-04,16,Afternoon,Aloe Vera Liquid Soap,1.09,60.0,1.7,No Downtime,58.3,65,53,2,51,2.91,96.23,81.54,97.17,83.4,77.98,5.6,27.46,3
PureGlow Soaps International (Fictional Dummy Company),Global Manufacturing Head - PureGlow Soaps,Asia,Japan,Fukuoka,FCT012,Fukuoka Soap Plant,LN0036,Line-3,2026-07-04 16:00:00,2026-07-04,16,Afternoon,Aloe Vera Liquid Soap,0.98,60.0,3.2,No Downtime,56.8,59,45,1,44,2.24,97.78,76.27,94.67,80.84,74.83,4.74,30.65,2
PureGlow Soaps International (Fictional Dummy Company),Global Manufacturing Head - PureGlow Soaps,Asia,Japan,Fukuoka,FCT012,Fukuoka Soap Plant,LN0034,Line-1,2026-07-04 17:00:00,2026-07-04,17,Afternoon,Lemon Bar Soap,0.87,60.0,3.7,No Downtime,56.3,52,44,1,43,1.75,97.73,84.62,93.83,89.83,82.37,4.11,17.1,2
PureGlow Soaps International (Fictional Dummy Company),Global Manufacturing Head - PureGlow Soaps,Asia,Japan,Fukuoka,FCT012,Fukuoka Soap Plant,LN0035,Line-2,2026-07-04 17:00:00,2026-07-04,17,Afternoon,Aloe Vera Liquid Soap,1.09,60.0,30.3,Preventive Maintenance,29.7,65,26,1,25,3.26,96.15,40.0,49.5,80.31,38.22,2.81,12.56,1
PureGlow Soaps International (Fictional Dummy Company),Global Manufacturing Head - PureGlow Soaps,Asia,Japan,Fukuoka,FCT012,Fukuoka Soap Plant,LN0036,Line-3,2026-07-04 17:00:00,2026-07-04,17,Afternoon,Aloe Vera Liquid Soap,0.98,60.0,23.7,Staff Shortage,36.3,59,33,1,32,2.84,96.97,55.93,60.5,92.76,54.42,3.05,16.96,3
PureGlow Soaps International (Fictional Dummy Company),Global Manufacturing Head - PureGlow Soaps,Asia,Japan,Fukuoka,FCT012,Fukuoka Soap Plant,LN0034,Line-1,2026-07-04 18:00:00,2026-07-04,18,Afternoon,Lemon Bar Soap,0.87,60.0,29.9,Machine Breakdown,30.1,52,23,1,22,5.89,95.65,44.23,50.17,87.83,42.15,2.08,10.67,3
PureGlow Soaps International (Fictional Dummy Company),Global Manufacturing Head - PureGlow Soaps,Asia,Japan,Fukuoka,FCT012,Fukuoka Soap Plant,LN0035,Line-2,2026-07-04 18:00:00,2026-07-04,18,Afternoon,Aloe Vera Liquid Soap,1.09,60.0,34.7,Material Shortage,25.3,65,22,0,22,0.02,100.0,33.85,42.17,79.78,33.64,2.09,10.63,2
PureGlow Soaps International (Fictional Dummy Company),Global Manufacturing Head - PureGlow Soaps,Asia,Japan,Fukuoka,FCT012,Fukuoka Soap Plant,LN0036,Line-3,2026-07-04 18:00:00,2026-07-04,18,Afternoon,Aloe Vera Liquid Soap,0.98,60.0,2.4,No Downtime,57.6,59,50,2,48,3.6,96.0,84.75,96.0,88.58,81.64,4.92,30.09,2
PureGlow Soaps International (Fictional Dummy Company),Global Manufacturing Head - PureGlow Soaps,Asia,Japan,Fukuoka,FCT012,Fukuoka Soap Plant,LN0034,Line-1,2026-07-04 19:00:00,2026-07-04,19,Afternoon,Lemon Bar Soap,0.87,60.0,1.3,No Downtime,58.7,52,42,1,41,1.83,97.62,80.77,97.83,82.24,78.54,4.38,19.25,3
PureGlow Soaps International (Fictional Dummy Company),Global Manufacturing Head - PureGlow Soaps,Asia,Japan,Fukuoka,FCT012,Fukuoka Soap Plant,LN0035,Line-2,2026-07-04 19:00:00,2026-07-04,19,Afternoon,Aloe Vera Liquid Soap,1.09,60.0,1.0,No Downtime,59.0,65,66,1,65,1.77,98.48,101.54,98.33,102.63,99.38,6.23,23.97,3
PureGlow Soaps International (Fictional Dummy Company),Global Manufacturing Head - PureGlow Soaps,Asia,Japan,Fukuoka,FCT012,Fukuoka Soap Plant,LN0036,Line-3,2026-07-04 19:00:00,2026-07-04,19,Afternoon,Aloe Vera Liquid Soap,0.98,60.0,0.5,No Downtime,59.5,59,51,2,49,3.34,96.08,86.44,99.17,87.46,83.33,5.45,31.54,1
PureGlow Soaps International (Fictional Dummy Company),Global Manufacturing Head - PureGlow Soaps,Asia,Japan,Fukuoka,FCT012,Fukuoka Soap Plant,LN0034,Line-1,2026-07-04 20:00:00,2026-07-04,20,Afternoon,Lemon Bar Soap,0.87,60.0,38.0,Machine Breakdown,22.0,52,18,0,18,1.89,100.0,34.62,36.67,94.04,34.48,1.63,7.72,1
PureGlow Soaps International (Fictional Dummy Company),Global Manufacturing Head - PureGlow Soaps,Asia,Japan,Fukuoka,FCT012,Fukuoka Soap Plant,LN0035,Line-2,2026-07-04 20:00:00,2026-07-04,20,Afternoon,Aloe Vera Liquid Soap,1.09,60.0,1.8,No Downtime,58.2,65,53,1,52,2.68,98.11,81.54,97.0,83.55,79.51,5.43,23.36,1
PureGlow Soaps International (Fictional Dummy Company),Global Manufacturing Head - PureGlow Soaps,Asia,Japan,Fukuoka,FCT012,Fukuoka Soap Plant,LN0036,Line-3,2026-07-04 20:00:00,2026-07-04,20,Afternoon,Aloe Vera Liquid Soap,0.98,60.0,40.8,Machine Breakdown,19.2,59,19,1,18,3.04,94.74,32.2,32.0,100.98,30.61,1.77,10.39,2
PureGlow Soaps International (Fictional Dummy Company),Global Manufacturing Head - PureGlow Soaps,Asia,Japan,Fukuoka,FCT012,Fukuoka Soap Plant,LN0034,Line-1,2026-07-04 21:00:00,2026-07-04,21,Afternoon,Lemon Bar Soap,0.87,60.0,19.1,Preventive Maintenance,40.9,52,35,1,34,1.5,97.14,67.31,68.17,98.36,65.13,2.99,12.45,1
PureGlow Soaps International (Fictional Dummy Company),Global Manufacturing Head - PureGlow Soaps,Asia,Japan,Fukuoka,FCT012,Fukuoka Soap Plant,LN0035,Line-2,2026-07-04 21:00:00,2026-07-04,21,Afternoon,Aloe Vera Liquid Soap,1.09,60.0,3.6,No Downtime,56.4,65,62,3,59,4.17,95.16,95.38,94.0,100.85,90.21,5.97,23.67,2
PureGlow Soaps International (Fictional Dummy Company),Global Manufacturing Head - PureGlow Soaps,Asia,Japan,Fukuoka,FCT012,Fukuoka Soap Plant,LN0036,Line-3,2026-07-04 21:00:00,2026-07-04,21,Afternoon,Aloe Vera Liquid Soap,0.98,60.0,2.6,No Downtime,57.4,59,54,2,52,3.04,96.3,91.53,95.67,96.0,88.45,5.44,29.9,2
PureGlow Soaps International (Fictional Dummy Company),Global Manufacturing Head - PureGlow Soaps,Asia,Japan,Fukuoka,FCT012,Fukuoka Soap Plant,LN0034,Line-1,2026-07-04 22:00:00,2026-07-04,22,Night,Lemon Bar Soap,0.87,60.0,0.9,No Downtime,59.1,52,49,1,48,2.72,97.96,94.23,98.5,95.3,91.96,4.98,21.01,2
PureGlow Soaps International (Fictional Dummy Company),Global Manufacturing Head - PureGlow Soaps,Asia,Japan,Fukuoka,FCT012,Fukuoka Soap Plant,LN0035,Line-2,2026-07-04 22:00:00,2026-07-04,22,Night,Aloe Vera Liquid Soap,1.09,60.0,20.9,Preventive Maintenance,39.1,65,43,1,42,1.81,97.67,66.15,65.17,100.89,64.22,3.94,18.21,1
PureGlow Soaps International (Fictional Dummy Company),Global Manufacturing Head - PureGlow Soaps,Asia,Japan,Fukuoka,FCT012,Fukuoka Soap Plant,LN0036,Line-3,2026-07-04 22:00:00,2026-07-04,22,Night,Aloe Vera Liquid Soap,0.98,60.0,0.2,No Downtime,59.8,59,48,3,45,5.73,93.75,81.36,99.67,81.91,76.54,4.46,30.39,1
PureGlow Soaps International (Fictional Dummy Company),Global Manufacturing Head - PureGlow Soaps,Asia,Japan,Fukuoka,FCT012,Fukuoka Soap Plant,LN0034,Line-1,2026-07-04 23:00:00,2026-07-04,23,Night,Lemon Bar Soap,0.87,60.0,29.9,Material Shortage,30.1,52,22,1,21,3.42,95.45,42.31,50.17,84.01,40.23,1.97,10.57,1
PureGlow Soaps International (Fictional Dummy Company),Global Manufacturing Head - PureGlow Soaps,Asia,Japan,Fukuoka,FCT012,Fukuoka Soap Plant,LN0035,Line-2,2026-07-04 23:00:00,2026-07-04,23,Night,Aloe Vera Liquid Soap,1.09,60.0,40.2,Machine Breakdown,19.8,65,20,1,19,3.51,95.0,30.77,33.0,92.67,29.05,1.81,8.28,1
PureGlow Soaps International (Fictional Dummy Company),Global Manufacturing Head - PureGlow Soaps,Asia,Japan,Fukuoka,FCT012,Fukuoka Soap Plant,LN0036,Line-3,2026-07-04 23:00:00,2026-07-04,23,Night,Aloe Vera Liquid Soap,0.98,60.0,3.3,No Downtime,56.7,59,54,1,53,2.59,98.15,91.53,94.5,97.18,90.14,5.21,30.65,1
PureGlow Soaps International (Fictional Dummy Company),Global Manufacturing Head - PureGlow Soaps,Asia,Japan,Fukuoka,FCT012,Fukuoka Soap Plant,LN0034,Line-1,2026-07-05 00:00:00,2026-07-05,0,Night,Aloe Vera Liquid Soap,0.87,60.0,12.9,Power Outage,47.1,52,34,1,33,1.85,97.06,65.38,78.5,82.97,63.22,3.15,14.92,3
PureGlow Soaps International (Fictional Dummy Company),Global Manufacturing Head - PureGlow Soaps,Asia,Japan,Fukuoka,FCT012,Fukuoka Soap Plant,LN0035,Line-2,2026-07-05 00:00:00,2026-07-05,0,Night,Neem Bar Soap,1.09,60.0,40.2,Machine Breakdown,19.8,65,21,1,20,3.74,95.24,32.31,33.0,97.3,30.58,2.01,8.46,1
PureGlow Soaps International (Fictional Dummy Company),Global Manufacturing Head - PureGlow Soaps,Asia,Japan,Fukuoka,FCT012,Fukuoka Soap Plant,LN0036,Line-3,2026-07-05 00:00:00,2026-07-05,0,Night,Charcoal Bar Soap,0.98,60.0,0.2,No Downtime,59.8,59,47,1,46,1.89,97.87,79.66,99.67,80.2,78.23,4.04,27.4,2
PureGlow Soaps International (Fictional Dummy Company),Global Manufacturing Head - PureGlow Soaps,Asia,Japan,Fukuoka,FCT012,Fukuoka Soap Plant,LN0034,Line-1,2026-07-05 01:00:00,2026-07-05,1,Night,Aloe Vera Liquid Soap,0.87,60.0,11.9,Machine Breakdown,48.1,52,36,0,36,1.0,100.0,69.23,80.17,86.03,68.97,3.45,17.2,2
PureGlow Soaps International (Fictional Dummy Company),Global Manufacturing Head - PureGlow Soaps,Asia,Japan,Fukuoka,FCT012,Fukuoka Soap Plant,LN0035,Line-2,2026-07-05 01:00:00,2026-07-05,1,Night,Neem Bar Soap,1.09,60.0,2.0,No Downtime,58.0,65,63,2,61,3.66,96.83,96.92,96.67,99.65,93.28,5.54,24.99,2
PureGlow Soaps International (Fictional Dummy Company),Global Manufacturing Head - PureGlow Soaps,Asia,Japan,Fukuoka,FCT012,Fukuoka Soap Plant,LN0036,Line-3,2026-07-05 01:00:00,2026-07-05,1,Night,Charcoal Bar Soap,0.98,60.0,28.6,Preventive Maintenance,31.4,59,25,1,24,3.9,96.0,42.37,52.33,81.24,40.81,2.23,16.74,1
PureGlow Soaps International (Fictional Dummy Company),Global Manufacturing Head - PureGlow Soaps,Asia,Japan,Fukuoka,FCT012,Fukuoka Soap Plant,LN0034,Line-1,2026-07-05 02:00:00,2026-07-05,2,Night,Aloe Vera Liquid Soap,0.87,60.0,0.7,No Downtime,59.3,52,50,1,49,1.64,98.0,96.15,98.83,96.92,93.87,4.6,18.28,2
PureGlow Soaps International (Fictional Dummy Company),Global Manufacturing Head - PureGlow Soaps,Asia,Japan,Fukuoka,FCT012,Fukuoka Soap Plant,LN0035,Line-2,2026-07-05 02:00:00,2026-07-05,2,Night,Neem Bar Soap,1.09,60.0,1.3,No Downtime,58.7,65,64,3,61,4.52,95.31,98.46,97.83,100.03,93.27,6.41,24.01,1
PureGlow Soaps International (Fictional Dummy Company),Global Manufacturing Head - PureGlow Soaps,Asia,Japan,Fukuoka,FCT012,Fukuoka Soap Plant,LN0036,Line-3,2026-07-05 02:00:00,2026-07-05,2,Night,Charcoal Bar Soap,0.98,60.0,31.4,Machine Breakdown,28.6,59,26,1,25,3.18,96.15,44.07,47.67,92.76,42.52,2.38,14.52,2
PureGlow Soaps International (Fictional Dummy Company),Global Manufacturing Head - PureGlow Soaps,Asia,Japan,Fukuoka,FCT012,Fukuoka Soap Plant,LN0034,Line-1,2026-07-05 03:00:00,2026-07-05,3,Night,Aloe Vera Liquid Soap,0.87,60.0,37.6,Machine Breakdown,22.4,52,16,0,16,2.21,100.0,30.77,37.33,82.1,30.65,1.59,7.9,2
PureGlow Soaps International (Fictional Dummy Company),Global Manufacturing Head - PureGlow Soaps,Asia,Japan,Fukuoka,FCT012,Fukuoka Soap Plant,LN0035,Line-2,2026-07-05 03:00:00,2026-07-05,3,Night,Neem Bar Soap,1.09,60.0,17.0,Power Outage,43.0,65,44,1,43,1.7,97.73,67.69,71.67,93.88,65.76,3.92,19.92,3
PureGlow Soaps International (Fictional Dummy Company),Global Manufacturing Head - PureGlow Soaps,Asia,Japan,Fukuoka,FCT012,Fukuoka Soap Plant,LN0036,Line-3,2026-07-05 03:00:00,2026-07-05,3,Night,Charcoal Bar Soap,0.98,60.0,3.3,No Downtime,56.7,59,46,1,45,2.48,97.83,77.97,94.5,82.78,76.53,4.31,29.63,2
PureGlow Soaps International (Fictional Dummy Company),Global Manufacturing Head - PureGlow Soaps,Asia,Japan,Fukuoka,FCT012,Fukuoka Soap Plant,LN0034,Line-1,2026-07-05 04:00:00,2026-07-05,4,Night,Aloe Vera Liquid Soap,0.87,60.0,23.8,Power Outage,36.2,52,31,0,31,0.31,100.0,59.62,60.33,98.43,59.38,3.39,12.46,1
PureGlow Soaps International (Fictional Dummy Company),Global Manufacturing Head - PureGlow Soaps,Asia,Japan,Fukuoka,FCT012,Fukuoka Soap Plant,LN0035,Line-2,2026-07-05 04:00:00,2026-07-05,4,Night,Neem Bar Soap,1.09,60.0,8.1,Staff Shortage,51.9,65,50,2,48,3.21,96.0,76.92,86.5,88.38,73.39,4.86,23.53,3
PureGlow Soaps International (Fictional Dummy Company),Global Manufacturing Head - PureGlow Soaps,Asia,Japan,Fukuoka,FCT012,Fukuoka Soap Plant,LN0036,Line-3,2026-07-05 04:00:00,2026-07-05,4,Night,Charcoal Bar Soap,0.98,60.0,1.1,No Downtime,58.9,59,55,1,54,2.42,98.18,93.22,98.17,95.28,91.83,4.91,28.37,1
PureGlow Soaps International (Fictional Dummy Company),Global Manufacturing Head - PureGlow Soaps,Asia,Japan,Fukuoka,FCT012,Fukuoka Soap Plant,LN0034,Line-1,2026-07-05 05:00:00,2026-07-05,5,Night,Aloe Vera Liquid Soap,0.87,60.0,12.8,Changeover/Setup,47.2,52,38,1,37,2.91,97.37,73.08,78.67,92.54,70.89,3.78,15.59,1
PureGlow Soaps International (Fictional Dummy Company),Global Manufacturing Head - PureGlow Soaps,Asia,Japan,Fukuoka,FCT012,Fukuoka Soap Plant,LN0035,Line-2,2026-07-05 05:00:00,2026-07-05,5,Night,Neem Bar Soap,1.09,60.0,6.4,Quality Hold,53.6,65,56,4,52,7.49,92.86,86.15,89.33,95.85,79.51,4.82,24.97,3
PureGlow Soaps International (Fictional Dummy Company),Global Manufacturing Head - PureGlow Soaps,Asia,Japan,Fukuoka,FCT012,Fukuoka Soap Plant,LN0036,Line-3,2026-07-05 05:00:00,2026-07-05,5,Night,Charcoal Bar Soap,0.98,60.0,1.2,No Downtime,58.8,59,57,3,54,4.83,94.74,96.61,98.0,98.92,91.84,5.83,30.89,2
PureGlow Soaps International (Fictional Dummy Company),Global Manufacturing Head - PureGlow Soaps,Asia,Japan,Fukuoka,FCT012,Fukuoka Soap Plant,LN0034,Line-1,2026-07-05 06:00:00,2026-07-05,6,Morning,Aloe Vera Liquid Soap,0.87,60.0,30.8,Preventive Maintenance,29.2,52,22,0,22,0.0,100.0,42.31,48.67,86.6,42.15,2.1,10.05,1
PureGlow Soaps International (Fictional Dummy Company),Global Manufacturing Head - PureGlow Soaps,Asia,Japan,Fukuoka,FCT012,Fukuoka Soap Plant,LN0035,Line-2,2026-07-05 06:00:00,2026-07-05,6,Morning,Neem Bar Soap,1.09,60.0,16.3,Machine Breakdown,43.7,65,43,0,43,1.09,100.0,66.15,72.83,90.27,65.74,3.99,19.29,2
PureGlow Soaps International (Fictional Dummy Company),Global Manufacturing Head - PureGlow Soaps,Asia,Japan,Fukuoka,FCT012,Fukuoka Soap Plant,LN0036,Line-3,2026-07-05 06:00:00,2026-07-05,6,Morning,Charcoal Bar Soap,0.98,60.0,28.2,Material Shortage,31.8,59,30,1,29,1.83,96.67,50.85,53.0,96.26,49.32,2.57,17.57,3
PureGlow Soaps International (Fictional Dummy Company),Global Manufacturing Head - PureGlow Soaps,Asia,Japan,Fukuoka,FCT012,Fukuoka Soap Plant,LN0034,Line-1,2026-07-05 07:00:00,2026-07-05,7,Morning,Aloe Vera Liquid Soap,0.87,60.0,44.0,Machine Breakdown,16.0,52,14,0,14,3.52,100.0,26.92,26.67,100.57,26.82,1.49,5.35,1
PureGlow Soaps International (Fictional Dummy Company),Global Manufacturing Head - PureGlow Soaps,Asia,Japan,Fukuoka,FCT012,Fukuoka Soap Plant,LN0035,Line-2,2026-07-05 07:00:00,2026-07-05,7,Morning,Neem Bar Soap,1.09,60.0,31.4,Material Shortage,28.6,65,28,0,28,1.04,100.0,43.08,47.67,89.82,42.82,2.99,11.43,3
PureGlow Soaps International (Fictional Dummy Company),Global Manufacturing Head - PureGlow Soaps,Asia,Japan,Fukuoka,FCT012,Fukuoka Soap Plant,LN0036,Line-3,2026-07-05 07:00:00,2026-07-05,7,Morning,Charcoal Bar Soap,0.98,60.0,3.0,No Downtime,57.0,59,52,3,49,5.24,94.23,88.14,95.0,93.09,83.33,5.35,30.95,1
PureGlow Soaps International (Fictional Dummy Company),Global Manufacturing Head - PureGlow Soaps,Asia,Japan,Fukuoka,FCT012,Fukuoka Soap Plant,LN0034,Line-1,2026-07-05 08:00:00,2026-07-05,8,Morning,Aloe Vera Liquid Soap,0.87,60.0,17.9,Material Shortage,42.1,52,35,1,34,1.78,97.14,67.31,70.17,95.56,65.14,3.33,13.67,3
PureGlow Soaps International (Fictional Dummy Company),Global Manufacturing Head - PureGlow Soaps,Asia,Japan,Fukuoka,FCT012,Fukuoka Soap Plant,LN0035,Line-2,2026-07-05 08:00:00,2026-07-05,8,Morning,Neem Bar Soap,1.09,60.0,18.8,Changeover/Setup,41.2,65,44,1,43,3.33,97.73,67.69,68.67,97.98,65.76,4.37,16.58,3
PureGlow Soaps International (Fictional Dummy Company),Global Manufacturing Head - PureGlow Soaps,Asia,Japan,Fukuoka,FCT012,Fukuoka Soap Plant,LN0036,Line-3,2026-07-05 08:00:00,2026-07-05,8,Morning,Charcoal Bar Soap,0.98,60.0,1.5,No Downtime,58.5,59,51,2,49,3.35,96.08,86.44,97.5,88.96,83.34,5.47,31.83,3
PureGlow Soaps International (Fictional Dummy Company),Global Manufacturing Head - PureGlow Soaps,Asia,Japan,Fukuoka,FCT012,Fukuoka Soap Plant,LN0034,Line-1,2026-07-05 09:00:00,2026-07-05,9,Morning,Aloe Vera Liquid Soap,0.87,60.0,20.1,Material Shortage,39.9,52,31,2,29,5.19,93.55,59.62,66.5,89.3,55.55,2.79,13.56,1
PureGlow Soaps International (Fictional Dummy Company),Global Manufacturing Head - PureGlow Soaps,Asia,Japan,Fukuoka,FCT012,Fukuoka Soap Plant,LN0035,Line-2,2026-07-05 09:00:00,2026-07-05,9,Morning,Neem Bar Soap,1.09,60.0,2.9,No Downtime,57.1,65,61,1,60,1.86,98.36,93.85,95.17,98.01,91.75,5.87,25.74,2
PureGlow Soaps International (Fictional Dummy Company),Global Manufacturing Head - PureGlow Soaps,Asia,Japan,Fukuoka,FCT012,Fukuoka Soap Plant,LN0036,Line-3,2026-07-05 09:00:00,2026-07-05,9,Morning,Charcoal Bar Soap,0.98,60.0,2.3,No Downtime,57.7,59,49,1,48,2.61,97.96,83.05,96.17,86.66,81.64,4.93,30.61,1
PureGlow Soaps International (Fictional Dummy Company),Global Manufacturing Head - PureGlow Soaps,Asia,Japan,Fukuoka,FCT012,Fukuoka Soap Plant,LN0034,Line-1,2026-07-05 10:00:00,2026-07-05,10,Morning,Aloe Vera Liquid Soap,0.87,60.0,42.4,Machine Breakdown,17.6,52,14,0,14,1.11,100.0,26.92,29.33,91.43,26.82,1.48,5.67,2
PureGlow Soaps International (Fictional Dummy Company),Global Manufacturing Head - PureGlow Soaps,Asia,Japan,Fukuoka,FCT012,Fukuoka Soap Plant,LN0035,Line-2,2026-07-05 10:00:00,2026-07-05,10,Morning,Neem Bar Soap,1.09,60.0,12.0,Machine Breakdown,48.0,65,43,1,42,2.47,97.67,66.15,80.0,82.19,64.22,3.86,22.19,2
PureGlow Soaps International (Fictional Dummy Company),Global Manufacturing Head - PureGlow Soaps,Asia,Japan,Fukuoka,FCT012,Fukuoka Soap Plant,LN0036,Line-3,2026-07-05 10:00:00,2026-07-05,10,Morning,Charcoal Bar Soap,0.98,60.0,3.9,No Downtime,56.1,59,53,1,52,1.62,98.11,89.83,93.5,96.4,88.43,5.48,29.77,3
PureGlow Soaps International (Fictional Dummy Company),Global Manufacturing Head - PureGlow Soaps,Asia,Japan,Fukuoka,FCT012,Fukuoka Soap Plant,LN0034,Line-1,2026-07-05 11:00:00,2026-07-05,11,Morning,Aloe Vera Liquid Soap,0.87,60.0,16.1,Changeover/Setup,43.9,52,32,1,31,3.36,96.88,61.54,73.17,83.78,59.39,2.86,14.32,3
PureGlow Soaps International (Fictional Dummy Company),Global Manufacturing Head - PureGlow Soaps,Asia,Japan,Fukuoka,FCT012,Fukuoka Soap Plant,LN0035,Line-2,2026-07-05 11:00:00,2026-07-05,11,Morning,Neem Bar Soap,1.09,60.0,19.4,Machine Breakdown,40.6,65,36,1,35,3.01,97.22,55.38,67.67,81.35,53.52,3.94,19.57,1
PureGlow Soaps International (Fictional Dummy Company),Global Manufacturing Head - PureGlow Soaps,Asia,Japan,Fukuoka,FCT012,Fukuoka Soap Plant,LN0036,Line-3,2026-07-05 11:00:00,2026-07-05,11,Morning,Charcoal Bar Soap,0.98,60.0,0.6,No Downtime,59.4,59,54,1,53,2.0,98.15,91.53,99.0,92.76,90.13,5.17,29.07,1
PureGlow Soaps International (Fictional Dummy Company),Global Manufacturing Head - PureGlow Soaps,Asia,Japan,Fukuoka,FCT012,Fukuoka Soap Plant,LN0034,Line-1,2026-07-05 12:00:00,2026-07-05,12,Morning,Aloe Vera Liquid Soap,0.87,60.0,0.8,No Downtime,59.2,52,46,0,46,0.39,100.0,88.46,98.67,89.31,88.12,4.51,19.42,2
PureGlow Soaps International (Fictional Dummy Company),Global Manufacturing Head - PureGlow Soaps,Asia,Japan,Fukuoka,FCT012,Fukuoka Soap Plant,LN0035,Line-2,2026-07-05 12:00:00,2026-07-05,12,Morning,Neem Bar Soap,1.09,60.0,20.6,Preventive Maintenance,39.4,65,37,1,36,2.94,97.3,56.92,65.67,86.15,55.05,3.41,18.93,3
PureGlow Soaps International (Fictional Dummy Company),Global Manufacturing Head - PureGlow Soaps,Asia,Japan,Fukuoka,FCT012,Fukuoka Soap Plant,LN0036,Line-3,2026-07-05 12:00:00,2026-07-05,12,Morning,Charcoal Bar Soap,0.98,60.0,24.2,Material Shortage,35.8,59,34,1,33,1.57,97.06,57.63,59.67,96.91,56.13,3.38,16.56,1
PureGlow Soaps International (Fictional Dummy Company),Global Manufacturing Head - PureGlow Soaps,Asia,Japan,Fukuoka,FCT012,Fukuoka Soap Plant,LN0034,Line-1,2026-07-05 13:00:00,2026-07-05,13,Morning,Aloe Vera Liquid Soap,0.87,60.0,0.0,No Downtime,60.0,52,49,1,48,2.17,97.96,94.23,100.0,93.87,91.96,4.92,18.45,1
PureGlow Soaps International (Fictional Dummy Company),Global Manufacturing Head - PureGlow Soaps,Asia,Japan,Fukuoka,FCT012,Fukuoka Soap Plant,LN0035,Line-2,2026-07-05 13:00:00,2026-07-05,13,Morning,Neem Bar Soap,1.09,60.0,2.3,No Downtime,57.7,65,56,3,53,4.53,94.64,86.15,96.17,89.04,81.04,5.12,27.48,3
PureGlow Soaps International (Fictional Dummy Company),Global Manufacturing Head - PureGlow Soaps,Asia,Japan,Fukuoka,FCT012,Fukuoka Soap Plant,LN0036,Line-3,2026-07-05 13:00:00,2026-07-05,13,Morning,Charcoal Bar Soap,0.98,60.0,13.5,Power Outage,46.5,59,38,0,38,0.61,100.0,64.41,77.5,83.39,64.63,4.05,23.83,3
PureGlow Soaps International (Fictional Dummy Company),Global Manufacturing Head - PureGlow Soaps,Asia,Japan,Fukuoka,FCT012,Fukuoka Soap Plant,LN0034,Line-1,2026-07-05 14:00:00,2026-07-05,14,Afternoon,Aloe Vera Liquid Soap,0.87,60.0,12.1,Material Shortage,47.9,52,43,1,42,1.53,97.67,82.69,79.83,103.18,80.45,4.64,16.89,3
PureGlow Soaps International (Fictional Dummy Company),Global Manufacturing Head - PureGlow Soaps,Asia,Japan,Fukuoka,FCT012,Fukuoka Soap Plant,LN0035,Line-2,2026-07-05 14:00:00,2026-07-05,14,Afternoon,Neem Bar Soap,1.09,60.0,1.5,No Downtime,58.5,65,64,2,62,2.73,96.88,98.46,97.5,100.37,94.81,6.82,25.81,2
PureGlow Soaps International (Fictional Dummy Company),Global Manufacturing Head - PureGlow Soaps,Asia,Japan,Fukuoka,FCT012,Fukuoka Soap Plant,LN0036,Line-3,2026-07-05 14:00:00,2026-07-05,14,Afternoon,Charcoal Bar Soap,0.98,60.0,20.2,Preventive Maintenance,39.8,59,34,1,33,2.42,97.06,57.63,66.33,87.17,56.12,3.27,18.78,1
PureGlow Soaps International (Fictional Dummy Company),Global Manufacturing Head - PureGlow Soaps,Asia,Japan,Fukuoka,FCT012,Fukuoka Soap Plant,LN0034,Line-1,2026-07-05 15:00:00,2026-07-05,15,Afternoon,Aloe Vera Liquid Soap,0.87,60.0,1.2,No Downtime,58.8,52,44,2,42,3.52,95.45,84.62,98.0,86.01,80.45,3.79,18.17,1
PureGlow Soaps International (Fictional Dummy Company),Global Manufacturing Head - PureGlow Soaps,Asia,Japan,Fukuoka,FCT012,Fukuoka Soap Plant,LN0035,Line-2,2026-07-05 15:00:00,2026-07-05,15,Afternoon,Neem Bar Soap,1.09,60.0,0.7,No Downtime,59.3,65,56,0,56,0.82,100.0,86.15,98.83,86.64,85.63,4.78,26.36,1
PureGlow Soaps International (Fictional Dummy Company),Global Manufacturing Head - PureGlow Soaps,Asia,Japan,Fukuoka,FCT012,Fukuoka Soap Plant,LN0036,Line-3,2026-07-05 15:00:00,2026-07-05,15,Afternoon,Charcoal Bar Soap,0.98,60.0,17.5,Changeover/Setup,42.5,59,40,1,39,1.75,97.5,67.8,70.83,96.04,66.32,3.52,21.9,1
PureGlow Soaps International (Fictional Dummy Company),Global Manufacturing Head - PureGlow Soaps,Asia,Japan,Fukuoka,FCT012,Fukuoka Soap Plant,LN0034,Line-1,2026-07-05 16:00:00,2026-07-05,16,Afternoon,Aloe Vera Liquid Soap,0.87,60.0,21.0,Staff Shortage,39.0,52,28,0,28,1.09,100.0,53.85,65.0,82.52,53.64,2.85,12.45,3
PureGlow Soaps International (Fictional Dummy Company),Global Manufacturing Head - PureGlow Soaps,Asia,Japan,Fukuoka,FCT012,Fukuoka Soap Plant,LN0035,Line-2,2026-07-05 16:00:00,2026-07-05,16,Afternoon,Neem Bar Soap,1.09,60.0,1.9,No Downtime,58.1,65,56,1,55,1.59,98.21,86.15,96.83,88.43,84.09,6.11,23.3,1
PureGlow Soaps International (Fictional Dummy Company),Global Manufacturing Head - PureGlow Soaps,Asia,Japan,Fukuoka,FCT012,Fukuoka Soap Plant,LN0036,Line-3,2026-07-05 16:00:00,2026-07-05,16,Afternoon,Charcoal Bar Soap,0.98,60.0,2.4,No Downtime,57.6,59,52,2,50,3.17,96.15,88.14,96.0,92.12,85.03,5.7,29.72,3
PureGlow Soaps International (Fictional Dummy Company),Global Manufacturing Head - PureGlow Soaps,Asia,Japan,Fukuoka,FCT012,Fukuoka Soap Plant,LN0034,Line-1,2026-07-05 17:00:00,2026-07-05,17,Afternoon,Aloe Vera Liquid Soap,0.87,60.0,3.6,No Downtime,56.4,52,40,0,40,0.35,100.0,76.92,94.0,81.52,76.63,3.41,17.5,1
PureGlow Soaps International (Fictional Dummy Company),Global Manufacturing Head - PureGlow Soaps,Asia,Japan,Fukuoka,FCT012,Fukuoka Soap Plant,LN0035,Line-2,2026-07-05 17:00:00,2026-07-05,17,Afternoon,Neem Bar Soap,1.09,60.0,23.4,Material Shortage,36.6,65,36,2,34,4.71,94.44,55.38,61.0,90.24,51.99,3.39,15.59,1
PureGlow Soaps International (Fictional Dummy Company),Global Manufacturing Head - PureGlow Soaps,Asia,Japan,Fukuoka,FCT012,Fukuoka Soap Plant,LN0036,Line-3,2026-07-05 17:00:00,2026-07-05,17,Afternoon,Charcoal Bar Soap,0.98,60.0,0.3,No Downtime,59.7,59,58,2,56,3.68,96.55,98.31,99.5,99.14,95.24,5.13,28.05,2
PureGlow Soaps International (Fictional Dummy Company),Global Manufacturing Head - PureGlow Soaps,Asia,Japan,Fukuoka,FCT012,Fukuoka Soap Plant,LN0034,Line-1,2026-07-05 18:00:00,2026-07-05,18,Afternoon,Aloe Vera Liquid Soap,0.87,60.0,26.7,Power Outage,33.3,52,25,1,24,4.11,96.0,48.08,55.5,86.29,45.98,2.68,11.91,1
PureGlow Soaps International (Fictional Dummy Company),Global Manufacturing Head - PureGlow Soaps,Asia,Japan,Fukuoka,FCT012,Fukuoka Soap Plant,LN0035,Line-2,2026-07-05 18:00:00,2026-07-05,18,Afternoon,Neem Bar Soap,1.09,60.0,24.9,Preventive Maintenance,35.1,65,35,1,34,1.45,97.14,53.85,58.5,91.48,51.99,3.64,16.72,2
PureGlow Soaps International (Fictional Dummy Company),Global Manufacturing Head - PureGlow Soaps,Asia,Japan,Fukuoka,FCT012,Fukuoka Soap Plant,LN0036,Line-3,2026-07-05 18:00:00,2026-07-05,18,Afternoon,Charcoal Bar Soap,0.98,60.0,3.6,No Downtime,56.4,59,48,2,46,3.75,95.83,81.36,94.0,86.84,78.23,4.57,31.16,3
PureGlow Soaps International (Fictional Dummy Company),Global Manufacturing Head - PureGlow Soaps,Asia,Japan,Fukuoka,FCT012,Fukuoka Soap Plant,LN0034,Line-1,2026-07-05 19:00:00,2026-07-05,19,Afternoon,Aloe Vera Liquid Soap,0.87,60.0,2.9,No Downtime,57.1,52,45,1,44,3.02,97.78,86.54,95.17,90.59,84.3,4.77,20.37,2
PureGlow Soaps International (Fictional Dummy Company),Global Manufacturing Head - PureGlow Soaps,Asia,Japan,Fukuoka,FCT012,Fukuoka Soap Plant,LN0035,Line-2,2026-07-05 19:00:00,2026-07-05,19,Afternoon,Neem Bar Soap,1.09,60.0,8.4,Changeover/Setup,51.6,65,51,2,49,3.53,96.08,78.46,86.0,90.68,74.93,5.12,23.08,1
PureGlow Soaps International (Fictional Dummy Company),Global Manufacturing Head - PureGlow Soaps,Asia,Japan,Fukuoka,FCT012,Fukuoka Soap Plant,LN0036,Line-3,2026-07-05 19:00:00,2026-07-05,19,Afternoon,Charcoal Bar Soap,0.98,60.0,11.9,Changeover/Setup,48.1,59,42,1,41,2.83,97.62,71.19,80.17,89.1,69.73,4.51,22.0,2
PureGlow Soaps International (Fictional Dummy Company),Global Manufacturing Head - PureGlow Soaps,Asia,Japan,Fukuoka,FCT012,Fukuoka Soap Plant,LN0034,Line-1,2026-07-05 20:00:00,2026-07-05,20,Afternoon,Aloe Vera Liquid Soap,0.87,60.0,14.4,Staff Shortage,45.6,52,39,0,39,0.0,100.0,75.0,76.0,98.31,74.72,3.79,15.98,2
PureGlow Soaps International (Fictional Dummy Company),Global Manufacturing Head - PureGlow Soaps,Asia,Japan,Fukuoka,FCT012,Fukuoka Soap Plant,LN0035,Line-2,2026-07-05 20:00:00,2026-07-05,20,Afternoon,Neem Bar Soap,1.09,60.0,16.9,Quality Hold,43.1,65,38,2,36,6.39,94.74,58.46,71.83,80.89,55.05,4.14,20.41,1
PureGlow Soaps International (Fictional Dummy Company),Global Manufacturing Head - PureGlow Soaps,Asia,Japan,Fukuoka,FCT012,Fukuoka Soap Plant,LN0036,Line-3,2026-07-05 20:00:00,2026-07-05,20,Afternoon,Charcoal Bar Soap,0.98,60.0,36.8,Machine Breakdown,23.2,59,19,0,19,0.55,100.0,32.2,38.67,83.57,32.32,2.08,12.41,3
PureGlow Soaps International (Fictional Dummy Company),Global Manufacturing Head - PureGlow Soaps,Asia,Japan,Fukuoka,FCT012,Fukuoka Soap Plant,LN0034,Line-1,2026-07-05 21:00:00,2026-07-05,21,Afternoon,Aloe Vera Liquid Soap,0.87,60.0,42.3,Machine Breakdown,17.7,52,14,0,14,2.4,100.0,26.92,29.5,90.91,26.82,1.5,6.2,2
PureGlow Soaps International (Fictional Dummy Company),Global Manufacturing Head - PureGlow Soaps,Asia,Japan,Fukuoka,FCT012,Fukuoka Soap Plant,LN0035,Line-2,2026-07-05 21:00:00,2026-07-05,21,Afternoon,Neem Bar Soap,1.09,60.0,6.2,Changeover/Setup,53.8,65,53,1,52,1.07,98.11,81.54,89.67,90.38,79.51,5.27,25.39,3
PureGlow Soaps International (Fictional Dummy Company),Global Manufacturing Head - PureGlow Soaps,Asia,Japan,Fukuoka,FCT012,Fukuoka Soap Plant,LN0036,Line-3,2026-07-05 21:00:00,2026-07-05,21,Afternoon,Charcoal Bar Soap,0.98,60.0,19.9,Changeover/Setup,40.1,59,36,1,35,2.57,97.22,61.02,66.83,91.61,59.52,3.33,21.87,1
PureGlow Soaps International (Fictional Dummy Company),Global Manufacturing Head - PureGlow Soaps,Asia,Japan,Fukuoka,FCT012,Fukuoka Soap Plant,LN0034,Line-1,2026-07-05 22:00:00,2026-07-05,22,Night,Aloe Vera Liquid Soap,0.87,60.0,0.7,No Downtime,59.3,52,48,2,46,3.49,95.83,92.31,98.83,93.04,88.12,5.13,19.45,2
PureGlow Soaps International (Fictional Dummy Company),Global Manufacturing Head - PureGlow Soaps,Asia,Japan,Fukuoka,FCT012,Fukuoka Soap Plant,LN0035,Line-2,2026-07-05 22:00:00,2026-07-05,22,Night,Neem Bar Soap,1.09,60.0,31.7,Material Shortage,28.3,65,30,0,30,1.61,100.0,46.15,47.17,97.25,45.87,3.0,12.31,2
PureGlow Soaps International (Fictional Dummy Company),Global Manufacturing Head - PureGlow Soaps,Asia,Japan,Fukuoka,FCT012,Fukuoka Soap Plant,LN0036,Line-3,2026-07-05 22:00:00,2026-07-05,22,Night,Charcoal Bar Soap,0.98,60.0,32.4,Material Shortage,27.6,59,24,1,23,3.56,95.83,40.68,46.0,88.73,39.11,2.57,14.93,1
PureGlow Soaps International (Fictional Dummy Company),Global Manufacturing Head - PureGlow Soaps,Asia,Japan,Fukuoka,FCT012,Fukuoka Soap Plant,LN0034,Line-1,2026-07-05 23:00:00,2026-07-05,23,Night,Aloe Vera Liquid Soap,0.87,60.0,1.3,No Downtime,58.7,52,50,1,49,1.63,98.0,96.15,97.83,97.91,93.87,5.34,18.6,3
PureGlow Soaps International (Fictional Dummy Company),Global Manufacturing Head - PureGlow Soaps,Asia,Japan,Fukuoka,FCT012,Fukuoka Soap Plant,LN0035,Line-2,2026-07-05 23:00:00,2026-07-05,23,Night,Neem Bar Soap,1.09,60.0,8.0,Changeover/Setup,52.0,65,53,2,51,4.38,96.23,81.54,86.67,93.51,77.99,4.82,23.13,2
PureGlow Soaps International (Fictional Dummy Company),Global Manufacturing Head - PureGlow Soaps,Asia,Japan,Fukuoka,FCT012,Fukuoka Soap Plant,LN0036,Line-3,2026-07-05 23:00:00,2026-07-05,23,Night,Charcoal Bar Soap,0.98,60.0,2.4,No Downtime,57.6,59,51,2,49,3.99,96.08,86.44,96.0,90.35,83.34,4.42,28.74,2
PureGlow Soaps International (Fictional Dummy Company),Global Manufacturing Head - PureGlow Soaps,Asia,Japan,Fukuoka,FCT012,Fukuoka Soap Plant,LN0034,Line-1,2026-07-06 00:00:00,2026-07-06,0,Night,Lavender Bar Soap,0.87,60.0,16.4,Power Outage,43.6,52,35,1,34,3.27,97.14,67.31,72.67,92.27,65.13,3.61,14.87,2
PureGlow Soaps International (Fictional Dummy Company),Global Manufacturing Head - PureGlow Soaps,Asia,Japan,Fukuoka,FCT012,Fukuoka Soap Plant,LN0035,Line-2,2026-07-06 00:00:00,2026-07-06,0,Night,Coconut Bar Soap,1.09,60.0,1.4,No Downtime,58.6,65,56,1,55,2.14,98.21,86.15,97.67,87.67,84.09,5.67,27.21,3
PureGlow Soaps International (Fictional Dummy Company),Global Manufacturing Head - PureGlow Soaps,Asia,Japan,Fukuoka,FCT012,Fukuoka Soap Plant,LN0036,Line-3,2026-07-06 00:00:00,2026-07-06,0,Night,Charcoal Bar Soap,0.98,60.0,18.0,Material Shortage,42.0,59,34,2,32,4.42,94.12,57.63,70.0,82.6,54.42,3.14,23.24,2
PureGlow Soaps International (Fictional Dummy Company),Global Manufacturing Head - PureGlow Soaps,Asia,Japan,Fukuoka,FCT012,Fukuoka Soap Plant,LN0034,Line-1,2026-07-06 01:00:00,2026-07-06,1,Night,Lavender Bar Soap,0.87,60.0,20.0,Preventive Maintenance,40.0,52,30,1,29,2.04,96.67,57.69,66.67,86.21,55.56,3.03,11.92,3
PureGlow Soaps International (Fictional Dummy Company),Global Manufacturing Head - PureGlow Soaps,Asia,Japan,Fukuoka,FCT012,Fukuoka Soap Plant,LN0035,Line-2,2026-07-06 01:00:00,2026-07-06,1,Night,Coconut Bar Soap,1.09,60.0,33.4,Material Shortage,26.6,65,28,1,27,2.44,96.43,43.08,44.33,96.57,41.28,2.5,10.94,2
PureGlow Soaps International (Fictional Dummy Company),Global Manufacturing Head - PureGlow Soaps,Asia,Japan,Fukuoka,FCT012,Fukuoka Soap Plant,LN0036,Line-3,2026-07-06 01:00:00,2026-07-06,1,Night,Charcoal Bar Soap,0.98,60.0,14.6,Power Outage,45.4,59,41,2,39,3.72,95.12,69.49,75.67,92.15,66.33,3.65,24.8,1
PureGlow Soaps International (Fictional Dummy Company),Global Manufacturing Head - PureGlow Soaps,Asia,Japan,Fukuoka,FCT012,Fukuoka Soap Plant,LN0034,Line-1,2026-07-06 02:00:00,2026-07-06,2,Night,Lavender Bar Soap,0.87,60.0,0.2,No Downtime,59.8,52,45,0,45,0.23,100.0,86.54,99.67,86.5,86.21,4.32,20.86,1
PureGlow Soaps International (Fictional Dummy Company),Global Manufacturing Head - PureGlow Soaps,Asia,Japan,Fukuoka,FCT012,Fukuoka Soap Plant,LN0035,Line-2,2026-07-06 02:00:00,2026-07-06,2,Night,Coconut Bar Soap,1.09,60.0,33.8,Material Shortage,26.2,65,23,0,23,1.7,100.0,35.38,43.67,80.54,35.17,2.18,10.89,1
PureGlow Soaps International (Fictional Dummy Company),Global Manufacturing Head - PureGlow Soaps,Asia,Japan,Fukuoka,FCT012,Fukuoka Soap Plant,LN0036,Line-3,2026-07-06 02:00:00,2026-07-06,2,Night,Charcoal Bar Soap,0.98,60.0,15.7,Changeover/Setup,44.3,59,43,1,42,2.93,97.67,72.88,73.83,99.05,71.42,4.29,20.91,2
PureGlow Soaps International (Fictional Dummy Company),Global Manufacturing Head - PureGlow Soaps,Asia,Japan,Fukuoka,FCT012,Fukuoka Soap Plant,LN0034,Line-1,2026-07-06 03:00:00,2026-07-06,3,Night,Lavender Bar Soap,0.87,60.0,21.3,Staff Shortage,38.7,52,29,2,27,6.57,93.1,55.77,64.5,86.13,51.72,3.06,11.91,3
PureGlow Soaps International (Fictional Dummy Company),Global Manufacturing Head - PureGlow Soaps,Asia,Japan,Fukuoka,FCT012,Fukuoka Soap Plant,LN0035,Line-2,2026-07-06 03:00:00,2026-07-06,3,Night,Coconut Bar Soap,1.09,60.0,0.7,No Downtime,59.3,65,54,2,52,2.98,96.3,83.08,98.83,83.54,79.51,5.16,23.62,3
PureGlow Soaps International (Fictional Dummy Company),Global Manufacturing Head - PureGlow Soaps,Asia,Japan,Fukuoka,FCT012,Fukuoka Soap Plant,LN0036,Line-3,2026-07-06 03:00:00,2026-07-06,3,Night,Charcoal Bar Soap,0.98,60.0,14.6,Machine Breakdown,45.4,59,37,1,36,2.61,97.3,62.71,75.67,83.16,61.23,3.55,25.02,3
PureGlow Soaps International (Fictional Dummy Company),Global Manufacturing Head - PureGlow Soaps,Asia,Japan,Fukuoka,FCT012,Fukuoka Soap Plant,LN0034,Line-1,2026-07-06 04:00:00,2026-07-06,4,Night,Lavender Bar Soap,0.87,60.0,12.4,Power Outage,47.6,52,33,1,32,2.21,96.97,63.46,79.33,79.69,61.3,2.89,15.87,3
PureGlow Soaps International (Fictional Dummy Company),Global Manufacturing Head - PureGlow Soaps,Asia,Japan,Fukuoka,FCT012,Fukuoka Soap Plant,LN0035,Line-2,2026-07-06 04:00:00,2026-07-06,4,Night,Coconut Bar Soap,1.09,60.0,1.3,No Downtime,58.7,65,56,2,54,4.34,96.43,86.15,97.83,87.52,82.56,5.45,27.58,1
PureGlow Soaps International (Fictional Dummy Company),Global Manufacturing Head - PureGlow Soaps,Asia,Japan,Fukuoka,FCT012,Fukuoka Soap Plant,LN0036,Line-3,2026-07-06 04:00:00,2026-07-06,4,Night,Charcoal Bar Soap,0.98,60.0,7.6,Staff Shortage,52.4,59,42,2,40,4.95,95.24,71.19,87.33,81.79,68.03,3.73,24.84,2
PureGlow Soaps International (Fictional Dummy Company),Global Manufacturing Head - PureGlow Soaps,Asia,Japan,Fukuoka,FCT012,Fukuoka Soap Plant,LN0034,Line-1,2026-07-06 05:00:00,2026-07-06,5,Night,Lavender Bar Soap,0.87,60.0,17.1,Changeover/Setup,42.9,52,31,1,30,3.45,96.77,59.62,71.5,83.06,57.47,3.01,15.28,2
PureGlow Soaps International (Fictional Dummy Company),Global Manufacturing Head - PureGlow Soaps,Asia,Japan,Fukuoka,FCT012,Fukuoka Soap Plant,LN0035,Line-2,2026-07-06 05:00:00,2026-07-06,5,Night,Coconut Bar Soap,1.09,60.0,29.3,Power Outage,30.7,65,30,1,29,1.92,96.67,46.15,51.17,89.65,44.35,3.06,12.21,3
PureGlow Soaps International (Fictional Dummy Company),Global Manufacturing Head - PureGlow Soaps,Asia,Japan,Fukuoka,FCT012,Fukuoka Soap Plant,LN0036,Line-3,2026-07-06 05:00:00,2026-07-06,5,Night,Charcoal Bar Soap,0.98,60.0,3.6,No Downtime,56.4,59,45,2,43,4.33,95.56,76.27,94.0,81.42,73.14,4.24,30.11,3
PureGlow Soaps International (Fictional Dummy Company),Global Manufacturing Head - PureGlow Soaps,Asia,Japan,Fukuoka,FCT012,Fukuoka Soap Plant,LN0034,Line-1,2026-07-06 06:00:00,2026-07-06,6,Morning,Lavender Bar Soap,0.87,60.0,17.2,Power Outage,42.8,52,33,1,32,2.54,96.97,63.46,71.33,88.62,61.3,3.2,13.3,2
PureGlow Soaps International (Fictional Dummy Company),Global Manufacturing Head - PureGlow Soaps,Asia,Japan,Fukuoka,FCT012,Fukuoka Soap Plant,LN0035,Line-2,2026-07-06 06:00:00,2026-07-06,6,Morning,Coconut Bar Soap,1.09,60.0,1.4,No Downtime,58.6,65,60,1,59,1.83,98.33,92.31,97.67,93.93,90.21,5.67,26.03,3
PureGlow Soaps International (Fictional Dummy Company),Global Manufacturing Head - PureGlow Soaps,Asia,Japan,Fukuoka,FCT012,Fukuoka Soap Plant,LN0036,Line-3,2026-07-06 06:00:00,2026-07-06,6,Morning,Charcoal Bar Soap,0.98,60.0,1.9,No Downtime,58.1,59,48,3,45,5.64,93.75,81.36,96.83,84.3,76.53,4.72,28.31,2
PureGlow Soaps International (Fictional Dummy Company),Global Manufacturing Head - PureGlow Soaps,Asia,Japan,Fukuoka,FCT012,Fukuoka Soap Plant,LN0034,Line-1,2026-07-06 07:00:00,2026-07-06,7,Morning,Lavender Bar Soap,0.87,60.0,0.6,No Downtime,59.4,52,51,3,48,5.53,94.12,98.08,99.0,98.69,91.96,4.52,19.67,1
PureGlow Soaps International (Fictional Dummy Company),Global Manufacturing Head - PureGlow Soaps,Asia,Japan,Fukuoka,FCT012,Fukuoka Soap Plant,LN0035,Line-2,2026-07-06 07:00:00,2026-07-06,7,Morning,Coconut Bar Soap,1.09,60.0,12.3,Quality Hold,47.7,65,53,5,48,9.71,90.57,81.54,79.5,101.94,73.4,5.06,20.44,3
PureGlow Soaps International (Fictional Dummy Company),Global Manufacturing Head - PureGlow Soaps,Asia,Japan,Fukuoka,FCT012,Fukuoka Soap Plant,LN0036,Line-3,2026-07-06 07:00:00,2026-07-06,7,Morning,Charcoal Bar Soap,0.98,60.0,0.7,No Downtime,59.3,59,53,1,52,2.29,98.11,89.83,98.83,91.2,88.43,4.55,27.91,3
PureGlow Soaps International (Fictional Dummy Company),Global Manufacturing Head - PureGlow Soaps,Asia,Japan,Fukuoka,FCT012,Fukuoka Soap Plant,LN0034,Line-1,2026-07-06 08:00:00,2026-07-06,8,Morning,Lavender Bar Soap,0.87,60.0,2.0,No Downtime,58.0,52,44,1,43,2.55,97.73,84.62,96.67,87.2,82.38,4.76,18.1,1
PureGlow Soaps International (Fictional Dummy Company),Global Manufacturing Head - PureGlow Soaps,Asia,Japan,Fukuoka,FCT012,Fukuoka Soap Plant,LN0035,Line-2,2026-07-06 08:00:00,2026-07-06,8,Morning,Coconut Bar Soap,1.09,60.0,19.6,Preventive Maintenance,40.4,65,43,1,42,3.43,97.67,66.15,67.33,97.65,64.22,4.23,17.24,2
PureGlow Soaps International (Fictional Dummy Company),Global Manufacturing Head - PureGlow Soaps,Asia,Japan,Fukuoka,FCT012,Fukuoka Soap Plant,LN0036,Line-3,2026-07-06 08:00:00,2026-07-06,8,Morning,Charcoal Bar Soap,0.98,60.0,3.1,No Downtime,56.9,59,56,2,54,3.7,96.43,94.92,94.83,100.43,91.84,6.13,28.51,3
PureGlow Soaps International (Fictional Dummy Company),Global Manufacturing Head - PureGlow Soaps,Asia,Japan,Fukuoka,FCT012,Fukuoka Soap Plant,LN0034,Line-1,2026-07-06 09:00:00,2026-07-06,9,Morning,Lavender Bar Soap,0.87,60.0,20.0,Machine Breakdown,40.0,52,32,1,31,4.16,96.88,61.54,66.67,91.95,59.39,3.29,13.82,2
PureGlow Soaps International (Fictional Dummy Company),Global Manufacturing Head - PureGlow Soaps,Asia,Japan,Fukuoka,FCT012,Fukuoka Soap Plant,LN0035,Line-2,2026-07-06 09:00:00,2026-07-06,9,Morning,Coconut Bar Soap,1.09,60.0,10.8,Machine Breakdown,49.2,65,44,1,43,3.28,97.73,67.69,82.0,82.05,65.75,4.05,22.72,2
PureGlow Soaps International (Fictional Dummy Company),Global Manufacturing Head - PureGlow Soaps,Asia,Japan,Fukuoka,FCT012,Fukuoka Soap Plant,LN0036,Line-3,2026-07-06 09:00:00,2026-07-06,9,Morning,Charcoal Bar Soap,0.98,60.0,12.7,Changeover/Setup,47.3,59,43,1,42,2.53,97.67,72.88,78.83,92.76,71.42,4.65,24.52,2
PureGlow Soaps International (Fictional Dummy Company),Global Manufacturing Head - PureGlow Soaps,Asia,Japan,Fukuoka,FCT012,Fukuoka Soap Plant,LN0034,Line-1,2026-07-06 10:00:00,2026-07-06,10,Morning,Lavender Bar Soap,0.87,60.0,10.7,Power Outage,49.3,52,39,2,37,4.54,94.87,75.0,82.17,90.93,70.88,3.74,15.98,1
PureGlow Soaps International (Fictional Dummy Company),Global Manufacturing Head - PureGlow Soaps,Asia,Japan,Fukuoka,FCT012,Fukuoka Soap Plant,LN0035,Line-2,2026-07-06 10:00:00,2026-07-06,10,Morning,Coconut Bar Soap,1.09,60.0,1.3,No Downtime,58.7,65,58,1,57,2.55,98.28,89.23,97.83,90.65,87.16,5.69,27.76,2
PureGlow Soaps International (Fictional Dummy Company),Global Manufacturing Head - PureGlow Soaps,Asia,Japan,Fukuoka,FCT012,Fukuoka Soap Plant,LN0036,Line-3,2026-07-06 10:00:00,2026-07-06,10,Morning,Charcoal Bar Soap,0.98,60.0,24.9,Material Shortage,35.1,59,32,1,31,2.08,96.88,54.24,58.5,93.03,52.72,3.32,17.71,1
PureGlow Soaps International (Fictional Dummy Company),Global Manufacturing Head - PureGlow Soaps,Asia,Japan,Fukuoka,FCT012,Fukuoka Soap Plant,LN0034,Line-1,2026-07-06 11:00:00,2026-07-06,11,Morning,Lavender Bar Soap,0.87,60.0,3.4,No Downtime,56.6,52,40,1,39,3.0,97.5,76.92,94.33,81.23,74.71,3.72,17.21,3
PureGlow Soaps International (Fictional Dummy Company),Global Manufacturing Head - PureGlow Soaps,Asia,Japan,Fukuoka,FCT012,Fukuoka Soap Plant,LN0035,Line-2,2026-07-06 11:00:00,2026-07-06,11,Morning,Coconut Bar Soap,1.09,60.0,1.3,No Downtime,58.7,65,62,2,60,3.2,96.77,95.38,97.83,96.9,91.74,6.66,25.57,1
PureGlow Soaps International (Fictional Dummy Company),Global Manufacturing Head - PureGlow Soaps,Asia,Japan,Fukuoka,FCT012,Fukuoka Soap Plant,LN0036,Line-3,2026-07-06 11:00:00,2026-07-06,11,Morning,Charcoal Bar Soap,0.98,60.0,17.1,Quality Hold,42.9,59,37,2,35,5.77,94.59,62.71,71.5,88.01,59.52,3.9,20.66,2
PureGlow Soaps International (Fictional Dummy Company),Global Manufacturing Head - PureGlow Soaps,Asia,Japan,Fukuoka,FCT012,Fukuoka Soap Plant,LN0034,Line-1,2026-07-06 12:00:00,2026-07-06,12,Morning,Lavender Bar Soap,0.87,60.0,13.0,Power Outage,47.0,52,34,0,34,0.94,100.0,65.38,78.33,83.15,65.13,2.98,16.1,2
PureGlow Soaps International (Fictional Dummy Company),Global Manufacturing Head - PureGlow Soaps,Asia,Japan,Fukuoka,FCT012,Fukuoka Soap Plant,LN0035,Line-2,2026-07-06 12:00:00,2026-07-06,12,Morning,Coconut Bar Soap,1.09,60.0,1.4,No Downtime,58.6,65,59,1,58,2.32,98.31,90.77,97.67,92.37,88.69,6.44,25.22,2
PureGlow Soaps International (Fictional Dummy Company),Global Manufacturing Head - PureGlow Soaps,Asia,Japan,Fukuoka,FCT012,Fukuoka Soap Plant,LN0036,Line-3,2026-07-06 12:00:00,2026-07-06,12,Morning,Charcoal Bar Soap,0.98,60.0,3.1,No Downtime,56.9,59,48,2,46,3.5,95.83,81.36,94.83,86.08,78.23,4.7,28.3,3
PureGlow Soaps International (Fictional Dummy Company),Global Manufacturing Head - PureGlow Soaps,Asia,Japan,Fukuoka,FCT012,Fukuoka Soap Plant,LN0034,Line-1,2026-07-06 13:00:00,2026-07-06,13,Morning,Lavender Bar Soap,0.87,60.0,24.8,Power Outage,35.2,52,30,1,29,3.7,96.67,57.69,58.67,97.96,55.56,2.79,11.73,3
PureGlow Soaps International (Fictional Dummy Company),Global Manufacturing Head - PureGlow Soaps,Asia,Japan,Fukuoka,FCT012,Fukuoka Soap Plant,LN0035,Line-2,2026-07-06 13:00:00,2026-07-06,13,Morning,Coconut Bar Soap,1.09,60.0,15.1,Machine Breakdown,44.9,65,42,1,41,2.44,97.62,64.62,74.83,85.82,62.69,3.95,18.34,2
PureGlow Soaps International (Fictional Dummy Company),Global Manufacturing Head - PureGlow Soaps,Asia,Japan,Fukuoka,FCT012,Fukuoka Soap Plant,LN0036,Line-3,2026-07-06 13:00:00,2026-07-06,13,Morning,Charcoal Bar Soap,0.98,60.0,16.2,Machine Breakdown,43.8,59,39,1,38,2.37,97.44,66.1,73.0,90.86,64.63,4.23,23.53,3
PureGlow Soaps International (Fictional Dummy Company),Global Manufacturing Head - PureGlow Soaps,Asia,Japan,Fukuoka,FCT012,Fukuoka Soap Plant,LN0034,Line-1,2026-07-06 14:00:00,2026-07-06,14,Afternoon,Lavender Bar Soap,0.87,60.0,1.6,No Downtime,58.4,52,45,1,44,1.34,97.78,86.54,97.33,88.57,84.29,4.24,17.51,3
PureGlow Soaps International (Fictional Dummy Company),Global Manufacturing Head - PureGlow Soaps,Asia,Japan,Fukuoka,FCT012,Fukuoka Soap Plant,LN0035,Line-2,2026-07-06 14:00:00,2026-07-06,14,Afternoon,Coconut Bar Soap,1.09,60.0,25.8,Power Outage,34.2,65,38,1,37,3.32,97.37,58.46,57.0,101.94,56.58,3.5,14.85,3
PureGlow Soaps International (Fictional Dummy Company),Global Manufacturing Head - PureGlow Soaps,Asia,Japan,Fukuoka,FCT012,Fukuoka Soap Plant,LN0036,Line-3,2026-07-06 14:00:00,2026-07-06,14,Afternoon,Charcoal Bar Soap,0.98,60.0,5.0,Quality Hold,55.0,59,50,5,45,9.56,90.0,84.75,91.67,92.76,76.53,5.2,25.22,1
PureGlow Soaps International (Fictional Dummy Company),Global Manufacturing Head - PureGlow Soaps,Asia,Japan,Fukuoka,FCT012,Fukuoka Soap Plant,LN0034,Line-1,2026-07-06 15:00:00,2026-07-06,15,Afternoon,Lavender Bar Soap,0.87,60.0,4.0,No Downtime,56.0,52,50,2,48,3.53,96.0,96.15,93.33,102.63,91.95,4.37,16.54,1
PureGlow Soaps International (Fictional Dummy Company),Global Manufacturing Head - PureGlow Soaps,Asia,Japan,Fukuoka,FCT012,Fukuoka Soap Plant,LN0035,Line-2,2026-07-06 15:00:00,2026-07-06,15,Afternoon,Coconut Bar Soap,1.09,60.0,13.3,Material Shortage,46.7,65,51,0,51,0.61,100.0,78.46,77.83,100.19,77.98,5.28,20.48,3
PureGlow Soaps International (Fictional Dummy Company),Global Manufacturing Head - PureGlow Soaps,Asia,Japan,Fukuoka,FCT012,Fukuoka Soap Plant,LN0036,Line-3,2026-07-06 15:00:00,2026-07-06,15,Afternoon,Charcoal Bar Soap,0.98,60.0,2.7,No Downtime,57.3,59,54,1,53,1.46,98.15,91.53,95.5,96.16,90.13,5.88,27.11,2
PureGlow Soaps International (Fictional Dummy Company),Global Manufacturing Head - PureGlow Soaps,Asia,Japan,Fukuoka,FCT012,Fukuoka Soap Plant,LN0034,Line-1,2026-07-06 16:00:00,2026-07-06,16,Afternoon,Lavender Bar Soap,0.87,60.0,0.5,No Downtime,59.5,52,42,1,41,1.51,97.62,80.77,99.17,81.14,78.55,4.14,17.51,3
PureGlow Soaps International (Fictional Dummy Company),Global Manufacturing Head - PureGlow Soaps,Asia,Japan,Fukuoka,FCT012,Fukuoka Soap Plant,LN0035,Line-2,2026-07-06 16:00:00,2026-07-06,16,Afternoon,Coconut Bar Soap,1.09,60.0,6.8,Quality Hold,53.2,65,58,5,53,8.72,91.38,89.23,88.67,100.02,81.04,5.82,23.33,1
PureGlow Soaps International (Fictional Dummy Company),Global Manufacturing Head - PureGlow Soaps,Asia,Japan,Fukuoka,FCT012,Fukuoka Soap Plant,LN0036,Line-3,2026-07-06 16:00:00,2026-07-06,16,Afternoon,Charcoal Bar Soap,0.98,60.0,3.3,No Downtime,56.7,59,47,2,45,5.06,95.74,79.66,94.5,84.58,76.52,4.58,31.11,1
PureGlow Soaps International (Fictional Dummy Company),Global Manufacturing Head - PureGlow Soaps,Asia,Japan,Fukuoka,FCT012,Fukuoka Soap Plant,LN0034,Line-1,2026-07-06 17:00:00,2026-07-06,17,Afternoon,Lavender Bar Soap,0.87,60.0,11.9,Machine Breakdown,48.1,52,39,1,38,2.67,97.44,75.0,80.17,93.2,72.81,3.46,15.2,3
PureGlow Soaps International (Fictional Dummy Company),Global Manufacturing Head - PureGlow Soaps,Asia,Japan,Fukuoka,FCT012,Fukuoka Soap Plant,LN0035,Line-2,2026-07-06 17:00:00,2026-07-06,17,Afternoon,Coconut Bar Soap,1.09,60.0,21.5,Material Shortage,38.5,65,37,1,36,3.07,97.3,56.92,64.17,88.17,55.05,4.06,15.59,1
PureGlow Soaps International (Fictional Dummy Company),Global Manufacturing Head - PureGlow Soaps,Asia,Japan,Fukuoka,FCT012,Fukuoka Soap Plant,LN0036,Line-3,2026-07-06 17:00:00,2026-07-06,17,Afternoon,Charcoal Bar Soap,0.98,60.0,10.0,Material Shortage,50.0,59,39,1,38,2.25,97.44,66.1,83.33,79.59,64.62,3.46,23.92,1
PureGlow Soaps International (Fictional Dummy Company),Global Manufacturing Head - PureGlow Soaps,Asia,Japan,Fukuoka,FCT012,Fukuoka Soap Plant,LN0034,Line-1,2026-07-06 18:00:00,2026-07-06,18,Afternoon,Lavender Bar Soap,0.87,60.0,27.5,Machine Breakdown,32.5,52,26,1,25,2.41,96.15,50.0,54.17,91.95,47.89,2.83,9.84,2
PureGlow Soaps International (Fictional Dummy Company),Global Manufacturing Head - PureGlow Soaps,Asia,Japan,Fukuoka,FCT012,Fukuoka Soap Plant,LN0035,Line-2,2026-07-06 18:00:00,2026-07-06,18,Afternoon,Coconut Bar Soap,1.09,60.0,29.3,Material Shortage,30.7,65,34,1,33,4.31,97.06,52.31,51.17,101.6,50.46,3.7,13.68,2
PureGlow Soaps International (Fictional Dummy Company),Global Manufacturing Head - PureGlow Soaps,Asia,Japan,Fukuoka,FCT012,Fukuoka Soap Plant,LN0036,Line-3,2026-07-06 18:00:00,2026-07-06,18,Afternoon,Charcoal Bar Soap,0.98,60.0,2.1,No Downtime,57.9,59,48,0,48,0.0,100.0,81.36,96.5,84.59,81.63,4.93,29.64,2
PureGlow Soaps International (Fictional Dummy Company),Global Manufacturing Head - PureGlow Soaps,Asia,Japan,Fukuoka,FCT012,Fukuoka Soap Plant,LN0034,Line-1,2026-07-06 19:00:00,2026-07-06,19,Afternoon,Lavender Bar Soap,0.87,60.0,1.5,No Downtime,58.5,52,46,2,44,4.14,95.65,88.46,97.5,90.38,84.29,4.56,18.29,3
PureGlow Soaps International (Fictional Dummy Company),Global Manufacturing Head - PureGlow Soaps,Asia,Japan,Fukuoka,FCT012,Fukuoka Soap Plant,LN0035,Line-2,2026-07-06 19:00:00,2026-07-06,19,Afternoon,Coconut Bar Soap,1.09,60.0,11.8,Changeover/Setup,48.2,65,43,1,42,2.68,97.67,66.15,80.33,81.85,64.22,4.63,19.53,2
PureGlow Soaps International (Fictional Dummy Company),Global Manufacturing Head - PureGlow Soaps,Asia,Japan,Fukuoka,FCT012,Fukuoka Soap Plant,LN0036,Line-3,2026-07-06 19:00:00,2026-07-06,19,Afternoon,Charcoal Bar Soap,0.98,60.0,1.6,No Downtime,58.4,59,48,2,46,4.77,95.83,81.36,97.33,83.87,78.23,5.11,29.13,3
PureGlow Soaps International (Fictional Dummy Company),Global Manufacturing Head - PureGlow Soaps,Asia,Japan,Fukuoka,FCT012,Fukuoka Soap Plant,LN0034,Line-1,2026-07-06 20:00:00,2026-07-06,20,Afternoon,Lavender Bar Soap,0.87,60.0,5.2,Staff Shortage,54.8,52,47,1,46,3.17,97.87,90.38,91.33,98.58,88.12,4.87,17.93,2
PureGlow Soaps International (Fictional Dummy Company),Global Manufacturing Head - PureGlow Soaps,Asia,Japan,Fukuoka,FCT012,Fukuoka Soap Plant,LN0035,Line-2,2026-07-06 20:00:00,2026-07-06,20,Afternoon,Coconut Bar Soap,1.09,60.0,2.3,No Downtime,57.7,65,52,1,51,2.13,98.08,80.0,96.17,82.68,77.99,5.63,25.7,3
PureGlow Soaps International (Fictional Dummy Company),Global Manufacturing Head - PureGlow Soaps,Asia,Japan,Fukuoka,FCT012,Fukuoka Soap Plant,LN0036,Line-3,2026-07-06 20:00:00,2026-07-06,20,Afternoon,Charcoal Bar Soap,0.98,60.0,23.6,Material Shortage,36.4,59,32,1,31,2.21,96.88,54.24,60.67,89.71,52.73,2.83,19.0,2
PureGlow Soaps International (Fictional Dummy Company),Global Manufacturing Head - PureGlow Soaps,Asia,Japan,Fukuoka,FCT012,Fukuoka Soap Plant,LN0034,Line-1,2026-07-06 21:00:00,2026-07-06,21,Afternoon,Lavender Bar Soap,0.87,60.0,0.6,No Downtime,59.4,52,43,1,42,2.68,97.67,82.69,99.0,83.21,80.46,4.26,18.4,3
PureGlow Soaps International (Fictional Dummy Company),Global Manufacturing Head - PureGlow Soaps,Asia,Japan,Fukuoka,FCT012,Fukuoka Soap Plant,LN0035,Line-2,2026-07-06 21:00:00,2026-07-06,21,Afternoon,Coconut Bar Soap,1.09,60.0,5.3,Staff Shortage,54.7,65,57,1,56,2.12,98.25,87.69,91.17,95.6,85.63,4.88,26.26,3
PureGlow Soaps International (Fictional Dummy Company),Global Manufacturing Head - PureGlow Soaps,Asia,Japan,Fukuoka,FCT012,Fukuoka Soap Plant,LN0036,Line-3,2026-07-06 21:00:00,2026-07-06,21,Afternoon,Charcoal Bar Soap,0.98,60.0,18.3,Changeover/Setup,41.7,59,37,1,36,2.08,97.3,62.71,69.5,90.54,61.23,3.54,22.92,2
PureGlow Soaps International (Fictional Dummy Company),Global Manufacturing Head - PureGlow Soaps,Asia,Japan,Fukuoka,FCT012,Fukuoka Soap Plant,LN0034,Line-1,2026-07-06 22:00:00,2026-07-06,22,Night,Lavender Bar Soap,0.87,60.0,16.3,Changeover/Setup,43.7,52,34,0,34,1.47,100.0,65.38,72.83,89.43,65.13,3.02,13.22,2
PureGlow Soaps International (Fictional Dummy Company),Global Manufacturing Head - PureGlow Soaps,Asia,Japan,Fukuoka,FCT012,Fukuoka Soap Plant,LN0035,Line-2,2026-07-06 22:00:00,2026-07-06,22,Night,Coconut Bar Soap,1.09,60.0,3.6,No Downtime,56.4,65,51,3,48,6.38,94.12,78.46,94.0,82.96,73.4,5.05,22.99,3
PureGlow Soaps International (Fictional Dummy Company),Global Manufacturing Head - PureGlow Soaps,Asia,Japan,Fukuoka,FCT012,Fukuoka Soap Plant,LN0036,Line-3,2026-07-06 22:00:00,2026-07-06,22,Night,Charcoal Bar Soap,0.98,60.0,13.7,Changeover/Setup,46.3,59,38,1,37,3.48,97.37,64.41,77.17,83.75,62.93,3.88,25.33,1
PureGlow Soaps International (Fictional Dummy Company),Global Manufacturing Head - PureGlow Soaps,Asia,Japan,Fukuoka,FCT012,Fukuoka Soap Plant,LN0034,Line-1,2026-07-06 23:00:00,2026-07-06,23,Night,Lavender Bar Soap,0.87,60.0,0.2,No Downtime,59.8,52,49,1,48,2.67,97.96,94.23,99.67,94.18,91.95,4.27,20.23,1
PureGlow Soaps International (Fictional Dummy Company),Global Manufacturing Head - PureGlow Soaps,Asia,Japan,Fukuoka,FCT012,Fukuoka Soap Plant,LN0035,Line-2,2026-07-06 23:00:00,2026-07-06,23,Night,Coconut Bar Soap,1.09,60.0,17.3,Quality Hold,42.7,65,43,4,39,8.72,90.7,66.15,71.17,92.39,59.64,4.49,18.22,2
PureGlow Soaps International (Fictional Dummy Company),Global Manufacturing Head - PureGlow Soaps,Asia,Japan,Fukuoka,FCT012,Fukuoka Soap Plant,LN0036,Line-3,2026-07-06 23:00:00,2026-07-06,23,Night,Charcoal Bar Soap,0.98,60.0,11.3,Power Outage,48.7,59,47,2,45,4.39,95.74,79.66,81.17,98.48,76.53,4.3,22.5,3
PureGlow Soaps International (Fictional Dummy Company),Global Manufacturing Head - PureGlow Soaps,Asia,Japan,Fukuoka,FCT012,Fukuoka Soap Plant,LN0034,Line-1,2026-07-07 00:00:00,2026-07-07,0,Night,Sandalwood Bar Soap,0.87,60.0,3.1,No Downtime,56.9,52,48,1,47,2.15,97.92,92.31,94.83,96.96,90.03,4.88,18.56,2
PureGlow Soaps International (Fictional Dummy Company),Global Manufacturing Head - PureGlow Soaps,Asia,Japan,Fukuoka,FCT012,Fukuoka Soap Plant,LN0035,Line-2,2026-07-07 00:00:00,2026-07-07,0,Night,Aloe Vera Liquid Soap,1.09,60.0,2.2,No Downtime,57.8,65,56,3,53,4.53,94.64,86.15,96.33,88.89,81.04,5.39,23.09,1
PureGlow Soaps International (Fictional Dummy Company),Global Manufacturing Head - PureGlow Soaps,Asia,Japan,Fukuoka,FCT012,Fukuoka Soap Plant,LN0036,Line-3,2026-07-07 00:00:00,2026-07-07,0,Night,Coconut Bar Soap,0.98,60.0,2.3,No Downtime,57.7,59,46,2,44,4.08,95.65,77.97,96.17,81.35,74.83,4.46,29.04,3
PureGlow Soaps International (Fictional Dummy Company),Global Manufacturing Head - PureGlow Soaps,Asia,Japan,Fukuoka,FCT012,Fukuoka Soap Plant,LN0034,Line-1,2026-07-07 01:00:00,2026-07-07,1,Night,Sandalwood Bar Soap,0.87,60.0,19.9,Material Shortage,40.1,52,34,1,33,2.08,97.06,65.38,66.83,97.46,63.22,3.25,13.81,2
PureGlow Soaps International (Fictional Dummy Company),Global Manufacturing Head - PureGlow Soaps,Asia,Japan,Fukuoka,FCT012,Fukuoka Soap Plant,LN0035,Line-2,2026-07-07 01:00:00,2026-07-07,1,Night,Aloe Vera Liquid Soap,1.09,60.0,17.1,Staff Shortage,42.9,65,48,1,47,2.6,97.92,73.85,71.5,102.65,71.87,4.88,17.99,2
PureGlow Soaps International (Fictional Dummy Company),Global Manufacturing Head - PureGlow Soaps,Asia,Japan,Fukuoka,FCT012,Fukuoka Soap Plant,LN0036,Line-3,2026-07-07 01:00:00,2026-07-07,1,Night,Coconut Bar Soap,0.98,60.0,0.2,No Downtime,59.8,59,55,1,54,1.05,98.18,93.22,99.67,93.85,91.84,4.7,29.03,2
PureGlow Soaps International (Fictional Dummy Company),Global Manufacturing Head - PureGlow Soaps,Asia,Japan,Fukuoka,FCT012,Fukuoka Soap Plant,LN0034,Line-1,2026-07-07 02:00:00,2026-07-07,2,Night,Sandalwood Bar Soap,0.87,60.0,0.3,No Downtime,59.7,52,50,2,48,3.02,96.0,96.15,99.5,96.27,91.96,4.96,19.43,2
PureGlow Soaps International (Fictional Dummy Company),Global Manufacturing Head - PureGlow Soaps,Asia,Japan,Fukuoka,FCT012,Fukuoka Soap Plant,LN0035,Line-2,2026-07-07 02:00:00,2026-07-07,2,Night,Aloe Vera Liquid Soap,1.09,60.0,0.7,No Downtime,59.3,65,62,2,60,3.21,96.77,95.38,98.83,95.92,91.74,6.8,24.99,1
PureGlow Soaps International (Fictional Dummy Company),Global Manufacturing Head - PureGlow Soaps,Asia,Japan,Fukuoka,FCT012,Fukuoka Soap Plant,LN0036,Line-3,2026-07-07 02:00:00,2026-07-07,2,Night,Coconut Bar Soap,0.98,60.0,0.6,No Downtime,59.4,59,58,2,56,2.59,96.55,98.31,99.0,99.64,95.24,5.51,32.71,3
PureGlow Soaps International (Fictional Dummy Company),Global Manufacturing Head - PureGlow Soaps,Asia,Japan,Fukuoka,FCT012,Fukuoka Soap Plant,LN0034,Line-1,2026-07-07 03:00:00,2026-07-07,3,Night,Sandalwood Bar Soap,0.87,60.0,5.4,Changeover/Setup,54.6,52,43,1,42,3.17,97.67,82.69,91.0,90.52,80.45,4.71,17.41,1
PureGlow Soaps International (Fictional Dummy Company),Global Manufacturing Head - PureGlow Soaps,Asia,Japan,Fukuoka,FCT012,Fukuoka Soap Plant,LN0035,Line-2,2026-07-07 03:00:00,2026-07-07,3,Night,Aloe Vera Liquid Soap,1.09,60.0,11.1,Quality Hold,48.9,65,43,3,40,7.38,93.02,66.15,81.5,80.67,61.16,4.04,20.68,3
PureGlow Soaps International (Fictional Dummy Company),Global Manufacturing Head - PureGlow Soaps,Asia,Japan,Fukuoka,FCT012,Fukuoka Soap Plant,LN0036,Line-3,2026-07-07 03:00:00,2026-07-07,3,Night,Coconut Bar Soap,0.98,60.0,2.5,No Downtime,57.5,59,55,1,54,2.23,98.18,93.22,95.83,97.6,91.83,5.64,28.85,3
PureGlow Soaps International (Fictional Dummy Company),Global Manufacturing Head - PureGlow Soaps,Asia,Japan,Fukuoka,FCT012,Fukuoka Soap Plant,LN0034,Line-1,2026-07-07 04:00:00,2026-07-07,4,Night,Sandalwood Bar Soap,0.87,60.0,4.0,No Downtime,56.0,52,50,2,48,3.65,96.0,96.15,93.33,102.63,91.95,5.08,18.08,2
PureGlow Soaps International (Fictional Dummy Company),Global Manufacturing Head - PureGlow Soaps,Asia,Japan,Fukuoka,FCT012,Fukuoka Soap Plant,LN0035,Line-2,2026-07-07 04:00:00,2026-07-07,4,Night,Aloe Vera Liquid Soap,1.09,60.0,3.0,No Downtime,57.0,65,61,2,59,2.93,96.72,93.85,95.0,98.18,90.21,5.82,23.97,2
PureGlow Soaps International (Fictional Dummy Company),Global Manufacturing Head - PureGlow Soaps,Asia,Japan,Fukuoka,FCT012,Fukuoka Soap Plant,LN0036,Line-3,2026-07-07 04:00:00,2026-07-07,4,Night,Coconut Bar Soap,0.98,60.0,35.3,Machine Breakdown,24.7,59,24,1,23,3.41,95.83,40.68,41.17,99.15,39.12,2.47,12.56,3
PureGlow Soaps International (Fictional Dummy Company),Global Manufacturing Head - PureGlow Soaps,Asia,Japan,Fukuoka,FCT012,Fukuoka Soap Plant,LN0034,Line-1,2026-07-07 05:00:00,2026-07-07,5,Night,Sandalwood Bar Soap,0.87,60.0,3.2,No Downtime,56.8,52,42,1,41,1.28,97.62,80.77,94.67,84.99,78.55,3.79,20.08,2
PureGlow Soaps International (Fictional Dummy Company),Global Manufacturing Head - PureGlow Soaps,Asia,Japan,Fukuoka,FCT012,Fukuoka Soap Plant,LN0035,Line-2,2026-07-07 05:00:00,2026-07-07,5,Night,Aloe Vera Liquid Soap,1.09,60.0,2.3,No Downtime,57.7,65,60,2,58,2.55,96.67,92.31,96.17,95.4,88.69,5.58,26.36,2
PureGlow Soaps International (Fictional Dummy Company),Global Manufacturing Head - PureGlow Soaps,Asia,Japan,Fukuoka,FCT012,Fukuoka Soap Plant,LN0036,Line-3,2026-07-07 05:00:00,2026-07-07,5,Night,Coconut Bar Soap,0.98,60.0,0.9,No Downtime,59.1,59,59,2,57,3.04,96.61,100.0,98.5,101.87,96.94,5.69,32.09,2
PureGlow Soaps International (Fictional Dummy Company),Global Manufacturing Head - PureGlow Soaps,Asia,Japan,Fukuoka,FCT012,Fukuoka Soap Plant,LN0034,Line-1,2026-07-07 06:00:00,2026-07-07,6,Morning,Sandalwood Bar Soap,0.87,60.0,10.3,Machine Breakdown,49.7,52,38,1,37,2.22,97.37,73.08,82.83,87.88,70.88,3.41,17.01,3
PureGlow Soaps International (Fictional Dummy Company),Global Manufacturing Head - PureGlow Soaps,Asia,Japan,Fukuoka,FCT012,Fukuoka Soap Plant,LN0035,Line-2,2026-07-07 06:00:00,2026-07-07,6,Morning,Aloe Vera Liquid Soap,1.09,60.0,15.9,Changeover/Setup,44.1,65,45,1,44,1.93,97.78,69.23,73.5,93.62,67.28,4.71,19.21,3
PureGlow Soaps International (Fictional Dummy Company),Global Manufacturing Head - PureGlow Soaps,Asia,Japan,Fukuoka,FCT012,Fukuoka Soap Plant,LN0036,Line-3,2026-07-07 06:00:00,2026-07-07,6,Morning,Coconut Bar Soap,0.98,60.0,22.0,Staff Shortage,38.0,59,33,1,32,2.13,96.97,55.93,63.33,88.61,54.42,2.98,18.88,1
PureGlow Soaps International (Fictional Dummy Company),Global Manufacturing Head - PureGlow Soaps,Asia,Japan,Fukuoka,FCT012,Fukuoka Soap Plant,LN0034,Line-1,2026-07-07 07:00:00,2026-07-07,7,Morning,Sandalwood Bar Soap,0.87,60.0,2.2,No Downtime,57.8,52,50,2,48,3.65,96.0,96.15,96.33,99.43,91.95,5.06,20.41,1
PureGlow Soaps International (Fictional Dummy Company),Global Manufacturing Head - PureGlow Soaps,Asia,Japan,Fukuoka,FCT012,Fukuoka Soap Plant,LN0035,Line-2,2026-07-07 07:00:00,2026-07-07,7,Morning,Aloe Vera Liquid Soap,1.09,60.0,15.5,Material Shortage,44.5,65,49,1,48,1.45,97.96,75.38,74.17,101.02,73.4,4.7,17.76,2
PureGlow Soaps International (Fictional Dummy Company),Global Manufacturing Head - PureGlow Soaps,Asia,Japan,Fukuoka,FCT012,Fukuoka Soap Plant,LN0036,Line-3,2026-07-07 07:00:00,2026-07-07,7,Morning,Coconut Bar Soap,0.98,60.0,3.8,No Downtime,56.2,59,48,2,46,3.54,95.83,81.36,93.67,87.15,78.23,4.44,29.14,2
PureGlow Soaps International (Fictional Dummy Company),Global Manufacturing Head - PureGlow Soaps,Asia,Japan,Fukuoka,FCT012,Fukuoka Soap Plant,LN0034,Line-1,2026-07-07 08:00:00,2026-07-07,8,Morning,Sandalwood Bar Soap,0.87,60.0,18.2,Quality Hold,41.8,52,32,2,30,5.6,93.75,61.54,69.67,87.99,57.47,2.74,13.21,2
PureGlow Soaps International (Fictional Dummy Company),Global Manufacturing Head - PureGlow Soaps,Asia,Japan,Fukuoka,FCT012,Fukuoka Soap Plant,LN0035,Line-2,2026-07-07 08:00:00,2026-07-07,8,Morning,Aloe Vera Liquid Soap,1.09,60.0,27.1,Material Shortage,32.9,65,31,1,30,3.14,96.77,47.69,54.83,86.44,45.86,2.8,14.96,1
PureGlow Soaps International (Fictional Dummy Company),Global Manufacturing Head - PureGlow Soaps,Asia,Japan,Fukuoka,FCT012,Fukuoka Soap Plant,LN0036,Line-3,2026-07-07 08:00:00,2026-07-07,8,Morning,Coconut Bar Soap,0.98,60.0,20.5,Material Shortage,39.5,59,33,1,32,1.72,96.97,55.93,65.83,85.25,54.42,2.81,18.2,2
PureGlow Soaps International (Fictional Dummy Company),Global Manufacturing Head - PureGlow Soaps,Asia,Japan,Fukuoka,FCT012,Fukuoka Soap Plant,LN0034,Line-1,2026-07-07 09:00:00,2026-07-07,9,Morning,Sandalwood Bar Soap,0.87,60.0,9.2,Quality Hold,50.8,52,39,3,36,7.81,92.31,75.0,84.67,88.24,68.97,3.7,15.07,1
PureGlow Soaps International (Fictional Dummy Company),Global Manufacturing Head - PureGlow Soaps,Asia,Japan,Fukuoka,FCT012,Fukuoka Soap Plant,LN0035,Line-2,2026-07-07 09:00:00,2026-07-07,9,Morning,Aloe Vera Liquid Soap,1.09,60.0,23.5,Machine Breakdown,36.5,65,33,1,32,3.56,96.97,50.77,60.83,82.95,48.93,3.32,14.6,3
PureGlow Soaps International (Fictional Dummy Company),Global Manufacturing Head - PureGlow Soaps,Asia,Japan,Fukuoka,FCT012,Fukuoka Soap Plant,LN0036,Line-3,2026-07-07 09:00:00,2026-07-07,9,Morning,Coconut Bar Soap,0.98,60.0,10.5,Changeover/Setup,49.5,59,44,1,43,2.96,97.73,74.58,82.5,90.7,73.13,4.22,22.85,2
PureGlow Soaps International (Fictional Dummy Company),Global Manufacturing Head - PureGlow Soaps,Asia,Japan,Fukuoka,FCT012,Fukuoka Soap Plant,LN0034,Line-1,2026-07-07 10:00:00,2026-07-07,10,Morning,Sandalwood Bar Soap,0.87,60.0,1.1,No Downtime,58.9,52,52,1,51,1.54,98.08,100.0,98.17,101.48,97.71,5.17,18.78,2
PureGlow Soaps International (Fictional Dummy Company),Global Manufacturing Head - PureGlow Soaps,Asia,Japan,Fukuoka,FCT012,Fukuoka Soap Plant,LN0035,Line-2,2026-07-07 10:00:00,2026-07-07,10,Morning,Aloe Vera Liquid Soap,1.09,60.0,6.6,Staff Shortage,53.4,65,57,1,56,1.66,98.25,87.69,89.0,97.93,85.63,5.4,21.08,1
PureGlow Soaps International (Fictional Dummy Company),Global Manufacturing Head - PureGlow Soaps,Asia,Japan,Fukuoka,FCT012,Fukuoka Soap Plant,LN0036,Line-3,2026-07-07 10:00:00,2026-07-07,10,Morning,Coconut Bar Soap,0.98,60.0,3.2,No Downtime,56.8,59,56,1,55,1.57,98.21,94.92,94.67,100.6,93.53,5.32,28.18,1
PureGlow Soaps International (Fictional Dummy Company),Global Manufacturing Head - PureGlow Soaps,Asia,Japan,Fukuoka,FCT012,Fukuoka Soap Plant,LN0034,Line-1,2026-07-07 11:00:00,2026-07-07,11,Morning,Sandalwood Bar Soap,0.87,60.0,1.0,No Downtime,59.0,52,53,2,51,3.18,96.23,101.92,98.33,103.25,97.7,5.7,19.87,1
PureGlow Soaps International (Fictional Dummy Company),Global Manufacturing Head - PureGlow Soaps,Asia,Japan,Fukuoka,FCT012,Fukuoka Soap Plant,LN0035,Line-2,2026-07-07 11:00:00,2026-07-07,11,Morning,Aloe Vera Liquid Soap,1.09,60.0,13.3,Quality Hold,46.7,65,47,5,42,10.03,89.36,72.31,77.83,92.33,64.21,4.55,19.5,1
PureGlow Soaps International (Fictional Dummy Company),Global Manufacturing Head - PureGlow Soaps,Asia,Japan,Fukuoka,FCT012,Fukuoka Soap Plant,LN0036,Line-3,2026-07-07 11:00:00,2026-07-07,11,Morning,Coconut Bar Soap,0.98,60.0,1.9,No Downtime,58.1,59,48,2,46,3.54,95.83,81.36,96.83,84.3,78.22,5.1,31.4,1
PureGlow Soaps International (Fictional Dummy Company),Global Manufacturing Head - PureGlow Soaps,Asia,Japan,Fukuoka,FCT012,Fukuoka Soap Plant,LN0034,Line-1,2026-07-07 12:00:00,2026-07-07,12,Morning,Sandalwood Bar Soap,0.87,60.0,28.8,Machine Breakdown,31.2,52,28,1,27,4.5,96.43,53.85,52.0,103.15,51.72,2.8,9.68,1
PureGlow Soaps International (Fictional Dummy Company),Global Manufacturing Head - PureGlow Soaps,Asia,Japan,Fukuoka,FCT012,Fukuoka Soap Plant,LN0035,Line-2,2026-07-07 12:00:00,2026-07-07,12,Morning,Aloe Vera Liquid Soap,1.09,60.0,0.3,No Downtime,59.7,65,64,3,61,4.32,95.31,98.46,99.5,98.35,93.27,6.02,27.66,2
PureGlow Soaps International (Fictional Dummy Company),Global Manufacturing Head - PureGlow Soaps,Asia,Japan,Fukuoka,FCT012,Fukuoka Soap Plant,LN0036,Line-3,2026-07-07 12:00:00,2026-07-07,12,Morning,Coconut Bar Soap,0.98,60.0,21.3,Preventive Maintenance,38.7,59,39,0,39,1.08,100.0,66.1,64.5,102.83,66.33,4.1,19.28,3
PureGlow Soaps International (Fictional Dummy Company),Global Manufacturing Head - PureGlow Soaps,Asia,Japan,Fukuoka,FCT012,Fukuoka Soap Plant,LN0034,Line-1,2026-07-07 13:00:00,2026-07-07,13,Morning,Sandalwood Bar Soap,0.87,60.0,18.5,Changeover/Setup,41.5,52,32,1,31,2.6,96.88,61.54,69.17,88.63,59.39,2.81,13.1,2
PureGlow Soaps International (Fictional Dummy Company),Global Manufacturing Head - PureGlow Soaps,Asia,Japan,Fukuoka,FCT012,Fukuoka Soap Plant,LN0035,Line-2,2026-07-07 13:00:00,2026-07-07,13,Morning,Aloe Vera Liquid Soap,1.09,60.0,13.3,Changeover/Setup,46.7,65,45,1,44,2.22,97.78,69.23,77.83,88.4,67.27,4.13,22.26,2
PureGlow Soaps International (Fictional Dummy Company),Global Manufacturing Head - PureGlow Soaps,Asia,Japan,Fukuoka,FCT012,Fukuoka Soap Plant,LN0036,Line-3,2026-07-07 13:00:00,2026-07-07,13,Morning,Coconut Bar Soap,0.98,60.0,34.0,Material Shortage,26.0,59,25,0,25,1.48,100.0,42.37,43.33,98.12,42.52,2.64,12.43,3
PureGlow Soaps International (Fictional Dummy Company),Global Manufacturing Head - PureGlow Soaps,Asia,Japan,Fukuoka,FCT012,Fukuoka Soap Plant,LN0034,Line-1,2026-07-07 14:00:00,2026-07-07,14,Afternoon,Sandalwood Bar Soap,0.87,60.0,24.5,Machine Breakdown,35.5,52,31,1,30,3.17,96.77,59.62,59.17,100.37,57.47,2.95,11.87,3
PureGlow Soaps International (Fictional Dummy Company),Global Manufacturing Head - PureGlow Soaps,Asia,Japan,Fukuoka,FCT012,Fukuoka Soap Plant,LN0035,Line-2,2026-07-07 14:00:00,2026-07-07,14,Afternoon,Aloe Vera Liquid Soap,1.09,60.0,11.5,Changeover/Setup,48.5,65,50,2,48,4.41,96.0,76.92,80.83,94.58,73.39,4.33,21.69,3
PureGlow Soaps International (Fictional Dummy Company),Global Manufacturing Head - PureGlow Soaps,Asia,Japan,Fukuoka,FCT012,Fukuoka Soap Plant,LN0036,Line-3,2026-07-07 14:00:00,2026-07-07,14,Afternoon,Coconut Bar Soap,0.98,60.0,17.7,Material Shortage,42.3,59,39,1,38,3.56,97.44,66.1,70.5,94.08,64.63,3.84,20.44,3
PureGlow Soaps International (Fictional Dummy Company),Global Manufacturing Head - PureGlow Soaps,Asia,Japan,Fukuoka,FCT012,Fukuoka Soap Plant,LN0034,Line-1,2026-07-07 15:00:00,2026-07-07,15,Afternoon,Sandalwood Bar Soap,0.87,60.0,12.3,Quality Hold,47.7,52,40,4,36,10.02,90.0,76.92,79.5,96.39,68.97,3.48,14.85,3
PureGlow Soaps International (Fictional Dummy Company),Global Manufacturing Head - PureGlow Soaps,Asia,Japan,Fukuoka,FCT012,Fukuoka Soap Plant,LN0035,Line-2,2026-07-07 15:00:00,2026-07-07,15,Afternoon,Aloe Vera Liquid Soap,1.09,60.0,0.7,No Downtime,59.3,65,52,1,51,2.63,98.08,80.0,98.83,80.45,77.98,5.24,26.19,2
PureGlow Soaps International (Fictional Dummy Company),Global Manufacturing Head - PureGlow Soaps,Asia,Japan,Fukuoka,FCT012,Fukuoka Soap Plant,LN0036,Line-3,2026-07-07 15:00:00,2026-07-07,15,Afternoon,Coconut Bar Soap,0.98,60.0,3.2,No Downtime,56.8,59,57,2,55,2.9,96.49,96.61,94.67,102.4,93.54,5.82,30.11,2
PureGlow Soaps International (Fictional Dummy Company),Global Manufacturing Head - PureGlow Soaps,Asia,Japan,Fukuoka,FCT012,Fukuoka Soap Plant,LN0034,Line-1,2026-07-07 16:00:00,2026-07-07,16,Afternoon,Sandalwood Bar Soap,0.87,60.0,30.0,Preventive Maintenance,30.0,52,24,2,22,6.76,91.67,46.15,50.0,91.95,42.15,2.34,10.51,3
PureGlow Soaps International (Fictional Dummy Company),Global Manufacturing Head - PureGlow Soaps,Asia,Japan,Fukuoka,FCT012,Fukuoka Soap Plant,LN0035,Line-2,2026-07-07 16:00:00,2026-07-07,16,Afternoon,Aloe Vera Liquid Soap,1.09,60.0,1.9,No Downtime,58.1,65,57,3,54,5.34,94.74,87.69,96.83,90.01,82.57,5.81,25.39,3
PureGlow Soaps International (Fictional Dummy Company),Global Manufacturing Head - PureGlow Soaps,Asia,Japan,Fukuoka,FCT012,Fukuoka Soap Plant,LN0036,Line-3,2026-07-07 16:00:00,2026-07-07,16,Afternoon,Coconut Bar Soap,0.98,60.0,2.2,No Downtime,57.8,59,54,1,53,1.3,98.15,91.53,96.33,95.33,90.13,5.11,26.9,2
PureGlow Soaps International (Fictional Dummy Company),Global Manufacturing Head - PureGlow Soaps,Asia,Japan,Fukuoka,FCT012,Fukuoka Soap Plant,LN0034,Line-1,2026-07-07 17:00:00,2026-07-07,17,Afternoon,Sandalwood Bar Soap,0.87,60.0,24.7,Power Outage,35.3,52,25,1,24,2.37,96.0,48.08,58.83,81.4,45.97,2.56,12.31,2
PureGlow Soaps International (Fictional Dummy Company),Global Manufacturing Head - PureGlow Soaps,Asia,Japan,Fukuoka,FCT012,Fukuoka Soap Plant,LN0035,Line-2,2026-07-07 17:00:00,2026-07-07,17,Afternoon,Aloe Vera Liquid Soap,1.09,60.0,34.0,Machine Breakdown,26.0,65,26,1,25,3.87,96.15,40.0,43.33,91.74,38.22,2.47,10.39,3
PureGlow Soaps International (Fictional Dummy Company),Global Manufacturing Head - PureGlow Soaps,Asia,Japan,Fukuoka,FCT012,Fukuoka Soap Plant,LN0036,Line-3,2026-07-07 17:00:00,2026-07-07,17,Afternoon,Coconut Bar Soap,0.98,60.0,11.5,Changeover/Setup,48.5,59,44,1,43,3.34,97.73,74.58,80.83,92.57,73.13,4.52,25.97,3
PureGlow Soaps International (Fictional Dummy Company),Global Manufacturing Head - PureGlow Soaps,Asia,Japan,Fukuoka,FCT012,Fukuoka Soap Plant,LN0034,Line-1,2026-07-07 18:00:00,2026-07-07,18,Afternoon,Sandalwood Bar Soap,0.87,60.0,33.4,Material Shortage,26.6,52,23,1,22,2.37,95.65,44.23,44.33,99.39,42.14,2.15,8.53,1
PureGlow Soaps International (Fictional Dummy Company),Global Manufacturing Head - PureGlow Soaps,Asia,Japan,Fukuoka,FCT012,Fukuoka Soap Plant,LN0035,Line-2,2026-07-07 18:00:00,2026-07-07,18,Afternoon,Aloe Vera Liquid Soap,1.09,60.0,14.7,Changeover/Setup,45.3,65,46,1,45,2.48,97.83,70.77,75.5,93.16,68.81,4.39,20.79,2
PureGlow Soaps International (Fictional Dummy Company),Global Manufacturing Head - PureGlow Soaps,Asia,Japan,Fukuoka,FCT012,Fukuoka Soap Plant,LN0036,Line-3,2026-07-07 18:00:00,2026-07-07,18,Afternoon,Coconut Bar Soap,0.98,60.0,27.0,Machine Breakdown,33.0,59,28,1,27,3.06,96.43,47.46,55.0,86.58,45.92,3.01,16.91,3
PureGlow Soaps International (Fictional Dummy Company),Global Manufacturing Head - PureGlow Soaps,Asia,Japan,Fukuoka,FCT012,Fukuoka Soap Plant,LN0034,Line-1,2026-07-07 19:00:00,2026-07-07,19,Afternoon,Sandalwood Bar Soap,0.87,60.0,3.5,No Downtime,56.5,52,50,1,49,1.22,98.0,96.15,94.17,101.72,93.87,5.18,16.76,2
PureGlow Soaps International (Fictional Dummy Company),Global Manufacturing Head - PureGlow Soaps,Asia,Japan,Fukuoka,FCT012,Fukuoka Soap Plant,LN0035,Line-2,2026-07-07 19:00:00,2026-07-07,19,Afternoon,Aloe Vera Liquid Soap,1.09,60.0,32.6,Material Shortage,27.4,65,30,1,29,2.86,96.67,46.15,45.67,100.45,44.35,2.86,12.97,2
PureGlow Soaps International (Fictional Dummy Company),Global Manufacturing Head - PureGlow Soaps,Asia,Japan,Fukuoka,FCT012,Fukuoka Soap Plant,LN0036,Line-3,2026-07-07 19:00:00,2026-07-07,19,Afternoon,Coconut Bar Soap,0.98,60.0,17.1,Changeover/Setup,42.9,59,43,2,41,3.83,95.35,72.88,71.5,102.28,69.73,4.31,20.59,2
PureGlow Soaps International (Fictional Dummy Company),Global Manufacturing Head - PureGlow Soaps,Asia,Japan,Fukuoka,FCT012,Fukuoka Soap Plant,LN0034,Line-1,2026-07-07 20:00:00,2026-07-07,20,Afternoon,Sandalwood Bar Soap,0.87,60.0,5.7,Changeover/Setup,54.3,52,45,1,44,2.9,97.78,86.54,90.5,95.26,84.3,4.06,17.09,1
PureGlow Soaps International (Fictional Dummy Company),Global Manufacturing Head - PureGlow Soaps,Asia,Japan,Fukuoka,FCT012,Fukuoka Soap Plant,LN0035,Line-2,2026-07-07 20:00:00,2026-07-07,20,Afternoon,Aloe Vera Liquid Soap,1.09,60.0,2.9,No Downtime,57.1,65,61,2,59,3.0,96.72,93.85,95.17,98.01,90.22,5.26,26.96,3
PureGlow Soaps International (Fictional Dummy Company),Global Manufacturing Head - PureGlow Soaps,Asia,Japan,Fukuoka,FCT012,Fukuoka Soap Plant,LN0036,Line-3,2026-07-07 20:00:00,2026-07-07,20,Afternoon,Coconut Bar Soap,0.98,60.0,19.2,Quality Hold,40.8,59,33,2,31,6.72,93.94,55.93,68.0,82.53,52.72,3.21,19.93,2
PureGlow Soaps International (Fictional Dummy Company),Global Manufacturing Head - PureGlow Soaps,Asia,Japan,Fukuoka,FCT012,Fukuoka Soap Plant,LN0034,Line-1,2026-07-07 21:00:00,2026-07-07,21,Afternoon,Sandalwood Bar Soap,0.87,60.0,8.5,Quality Hold,51.5,52,38,4,34,9.34,89.47,73.08,85.83,84.81,65.13,3.24,16.88,1
PureGlow Soaps International (Fictional Dummy Company),Global Manufacturing Head - PureGlow Soaps,Asia,Japan,Fukuoka,FCT012,Fukuoka Soap Plant,LN0035,Line-2,2026-07-07 21:00:00,2026-07-07,21,Afternoon,Aloe Vera Liquid Soap,1.09,60.0,39.8,Machine Breakdown,20.2,65,22,0,22,0.48,100.0,33.85,33.67,99.92,33.64,2.12,9.49,1
PureGlow Soaps International (Fictional Dummy Company),Global Manufacturing Head - PureGlow Soaps,Asia,Japan,Fukuoka,FCT012,Fukuoka Soap Plant,LN0036,Line-3,2026-07-07 21:00:00,2026-07-07,21,Afternoon,Coconut Bar Soap,0.98,60.0,5.3,Staff Shortage,54.7,59,45,1,44,2.7,97.78,76.27,91.17,83.95,74.84,4.54,29.54,2
PureGlow Soaps International (Fictional Dummy Company),Global Manufacturing Head - PureGlow Soaps,Asia,Japan,Fukuoka,FCT012,Fukuoka Soap Plant,LN0034,Line-1,2026-07-07 22:00:00,2026-07-07,22,Night,Sandalwood Bar Soap,0.87,60.0,25.8,Preventive Maintenance,34.2,52,24,1,23,2.41,95.83,46.15,57.0,80.66,44.06,2.63,10.98,3
PureGlow Soaps International (Fictional Dummy Company),Global Manufacturing Head - PureGlow Soaps,Asia,Japan,Fukuoka,FCT012,Fukuoka Soap Plant,LN0035,Line-2,2026-07-07 22:00:00,2026-07-07,22,Night,Aloe Vera Liquid Soap,1.09,60.0,21.5,Staff Shortage,38.5,65,38,1,37,2.51,97.37,58.46,64.17,90.55,56.58,3.33,17.98,2
PureGlow Soaps International (Fictional Dummy Company),Global Manufacturing Head - PureGlow Soaps,Asia,Japan,Fukuoka,FCT012,Fukuoka Soap Plant,LN0036,Line-3,2026-07-07 22:00:00,2026-07-07,22,Night,Coconut Bar Soap,0.98,60.0,22.5,Preventive Maintenance,37.5,59,32,0,32,1.28,100.0,54.24,62.5,87.07,54.42,2.95,20.16,2
PureGlow Soaps International (Fictional Dummy Company),Global Manufacturing Head - PureGlow Soaps,Asia,Japan,Fukuoka,FCT012,Fukuoka Soap Plant,LN0034,Line-1,2026-07-07 23:00:00,2026-07-07,23,Night,Sandalwood Bar Soap,0.87,60.0,32.3,Machine Breakdown,27.7,52,24,0,24,1.73,100.0,46.15,46.17,99.59,45.98,2.57,9.41,1
PureGlow Soaps International (Fictional Dummy Company),Global Manufacturing Head - PureGlow Soaps,Asia,Japan,Fukuoka,FCT012,Fukuoka Soap Plant,LN0035,Line-2,2026-07-07 23:00:00,2026-07-07,23,Night,Aloe Vera Liquid Soap,1.09,60.0,31.8,Material Shortage,28.2,65,28,0,28,1.28,100.0,43.08,47.0,91.09,42.81,2.83,11.46,2
PureGlow Soaps International (Fictional Dummy Company),Global Manufacturing Head - PureGlow Soaps,Asia,Japan,Fukuoka,FCT012,Fukuoka Soap Plant,LN0036,Line-3,2026-07-07 23:00:00,2026-07-07,23,Night,Coconut Bar Soap,0.98,60.0,37.3,Preventive Maintenance,22.7,59,19,1,18,5.0,94.74,32.2,37.83,85.41,30.61,1.95,12.07,1
PureGlow Soaps International (Fictional Dummy Company),Global Manufacturing Head - PureGlow Soaps,Asia,Japan,Fukuoka,FCT012,Fukuoka Soap Plant,LN0034,Line-1,2026-07-08 00:00:00,2026-07-08,0,Night,Charcoal Bar Soap,0.87,60.0,13.6,Changeover/Setup,46.4,52,41,1,40,2.38,97.56,78.85,77.33,101.57,76.63,3.91,15.78,3
PureGlow Soaps International (Fictional Dummy Company),Global Manufacturing Head - PureGlow Soaps,Asia,Japan,Fukuoka,FCT012,Fukuoka Soap Plant,LN0035,Line-2,2026-07-08 00:00:00,2026-07-08,0,Night,Neem Bar Soap,1.09,60.0,3.9,No Downtime,56.1,65,50,1,49,1.21,98.0,76.92,93.5,81.77,74.93,5.32,25.04,2
PureGlow Soaps International (Fictional Dummy Company),Global Manufacturing Head - PureGlow Soaps,Asia,Japan,Fukuoka,FCT012,Fukuoka Soap Plant,LN0036,Line-3,2026-07-08 00:00:00,2026-07-08,0,Night,Neem Bar Soap,0.98,60.0,17.2,Power Outage,42.8,59,42,2,40,3.58,95.24,71.19,71.33,100.13,68.02,4.05,20.64,2
PureGlow Soaps International (Fictional Dummy Company),Global Manufacturing Head - PureGlow Soaps,Asia,Japan,Fukuoka,FCT012,Fukuoka Soap Plant,LN0034,Line-1,2026-07-08 01:00:00,2026-07-08,1,Night,Charcoal Bar Soap,0.87,60.0,8.0,Quality Hold,52.0,52,42,3,39,7.75,92.86,80.77,86.67,92.84,74.72,3.68,16.81,3
PureGlow Soaps International (Fictional Dummy Company),Global Manufacturing Head - PureGlow Soaps,Asia,Japan,Fukuoka,FCT012,Fukuoka Soap Plant,LN0035,Line-2,2026-07-08 01:00:00,2026-07-08,1,Night,Neem Bar Soap,1.09,60.0,13.9,Material Shortage,46.1,65,48,1,47,2.08,97.92,73.85,76.83,95.52,71.86,4.62,20.11,2
PureGlow Soaps International (Fictional Dummy Company),Global Manufacturing Head - PureGlow Soaps,Asia,Japan,Fukuoka,FCT012,Fukuoka Soap Plant,LN0036,Line-3,2026-07-08 01:00:00,2026-07-08,1,Night,Neem Bar Soap,0.98,60.0,5.9,Changeover/Setup,54.1,59,48,0,48,0.0,100.0,81.36,90.17,90.54,81.64,4.73,28.04,3
PureGlow Soaps International (Fictional Dummy Company),Global Manufacturing Head - PureGlow Soaps,Asia,Japan,Fukuoka,FCT012,Fukuoka Soap Plant,LN0034,Line-1,2026-07-08 02:00:00,2026-07-08,2,Night,Charcoal Bar Soap,0.87,60.0,3.8,No Downtime,56.2,52,49,2,47,3.84,95.92,94.23,93.67,100.22,90.05,4.27,18.17,1
PureGlow Soaps International (Fictional Dummy Company),Global Manufacturing Head - PureGlow Soaps,Asia,Japan,Fukuoka,FCT012,Fukuoka Soap Plant,LN0035,Line-2,2026-07-08 02:00:00,2026-07-08,2,Night,Neem Bar Soap,1.09,60.0,5.4,Changeover/Setup,54.6,65,56,3,53,4.54,94.64,86.15,91.0,94.1,81.04,5.18,22.09,3
PureGlow Soaps International (Fictional Dummy Company),Global Manufacturing Head - PureGlow Soaps,Asia,Japan,Fukuoka,FCT012,Fukuoka Soap Plant,LN0036,Line-3,2026-07-08 02:00:00,2026-07-08,2,Night,Neem Bar Soap,0.98,60.0,0.7,No Downtime,59.3,59,57,1,56,1.9,98.25,96.61,98.83,98.08,95.24,5.44,32.2,1
PureGlow Soaps International (Fictional Dummy Company),Global Manufacturing Head - PureGlow Soaps,Asia,Japan,Fukuoka,FCT012,Fukuoka Soap Plant,LN0034,Line-1,2026-07-08 03:00:00,2026-07-08,3,Night,Charcoal Bar Soap,0.87,60.0,10.3,Power Outage,49.7,52,36,1,35,2.54,97.22,69.23,82.83,83.26,67.05,3.2,16.74,1
PureGlow Soaps International (Fictional Dummy Company),Global Manufacturing Head - PureGlow Soaps,Asia,Japan,Fukuoka,FCT012,Fukuoka Soap Plant,LN0035,Line-2,2026-07-08 03:00:00,2026-07-08,3,Night,Neem Bar Soap,1.09,60.0,24.1,Machine Breakdown,35.9,65,32,1,31,3.99,96.88,49.23,59.83,81.78,47.4,3.15,16.76,2
PureGlow Soaps International (Fictional Dummy Company),Global Manufacturing Head - PureGlow Soaps,Asia,Japan,Fukuoka,FCT012,Fukuoka Soap Plant,LN0036,Line-3,2026-07-08 03:00:00,2026-07-08,3,Night,Neem Bar Soap,0.98,60.0,44.9,Machine Breakdown,15.1,59,15,1,14,3.88,93.33,25.42,25.17,101.37,23.81,1.28,7.76,1
PureGlow Soaps International (Fictional Dummy Company),Global Manufacturing Head - PureGlow Soaps,Asia,Japan,Fukuoka,FCT012,Fukuoka Soap Plant,LN0034,Line-1,2026-07-08 04:00:00,2026-07-08,4,Night,Charcoal Bar Soap,0.87,60.0,12.9,Machine Breakdown,47.1,52,39,2,37,5.8,94.87,75.0,78.5,95.18,70.88,3.5,14.24,3
PureGlow Soaps International (Fictional Dummy Company),Global Manufacturing Head - PureGlow Soaps,Asia,Japan,Fukuoka,FCT012,Fukuoka Soap Plant,LN0035,Line-2,2026-07-08 04:00:00,2026-07-08,4,Night,Neem Bar Soap,1.09,60.0,4.0,No Downtime,56.0,65,53,1,52,2.4,98.11,81.54,93.33,86.83,79.51,5.28,22.49,1
PureGlow Soaps International (Fictional Dummy Company),Global Manufacturing Head - PureGlow Soaps,Asia,Japan,Fukuoka,FCT012,Fukuoka Soap Plant,LN0036,Line-3,2026-07-08 04:00:00,2026-07-08,4,Night,Neem Bar Soap,0.98,60.0,12.8,Quality Hold,47.2,59,41,2,39,5.84,95.12,69.49,78.67,88.64,66.33,4.27,25.38,2
PureGlow Soaps International (Fictional Dummy Company),Global Manufacturing Head - PureGlow Soaps,Asia,Japan,Fukuoka,FCT012,Fukuoka Soap Plant,LN0034,Line-1,2026-07-08 05:00:00,2026-07-08,5,Night,Charcoal Bar Soap,0.87,60.0,2.0,No Downtime,58.0,52,45,2,43,3.59,95.56,86.54,96.67,89.18,82.38,4.13,19.9,3
PureGlow Soaps International (Fictional Dummy Company),Global Manufacturing Head - PureGlow Soaps,Asia,Japan,Fukuoka,FCT012,Fukuoka Soap Plant,LN0035,Line-2,2026-07-08 05:00:00,2026-07-08,5,Night,Neem Bar Soap,1.09,60.0,19.4,Quality Hold,40.6,65,40,5,35,11.98,87.5,61.54,67.67,90.39,53.52,4.26,18.39,1
PureGlow Soaps International (Fictional Dummy Company),Global Manufacturing Head - PureGlow Soaps,Asia,Japan,Fukuoka,FCT012,Fukuoka Soap Plant,LN0036,Line-3,2026-07-08 05:00:00,2026-07-08,5,Night,Neem Bar Soap,0.98,60.0,1.7,No Downtime,58.3,59,55,1,54,0.94,98.18,93.22,97.17,96.26,91.83,4.9,26.54,1
PureGlow Soaps International (Fictional Dummy Company),Global Manufacturing Head - PureGlow Soaps,Asia,Japan,Fukuoka,FCT012,Fukuoka Soap Plant,LN0034,Line-1,2026-07-08 06:00:00,2026-07-08,6,Morning,Charcoal Bar Soap,0.87,60.0,9.8,Changeover/Setup,50.2,52,43,2,41,4.5,95.35,82.69,83.67,98.46,78.55,4.5,15.88,2
PureGlow Soaps International (Fictional Dummy Company),Global Manufacturing Head - PureGlow Soaps,Asia,Japan,Fukuoka,FCT012,Fukuoka Soap Plant,LN0035,Line-2,2026-07-08 06:00:00,2026-07-08,6,Morning,Neem Bar Soap,1.09,60.0,12.6,Changeover/Setup,47.4,65,48,2,46,3.72,95.83,73.85,79.0,92.9,70.33,4.76,21.3,1
PureGlow Soaps International (Fictional Dummy Company),Global Manufacturing Head - PureGlow Soaps,Asia,Japan,Fukuoka,FCT012,Fukuoka Soap Plant,LN0036,Line-3,2026-07-08 06:00:00,2026-07-08,6,Morning,Neem Bar Soap,0.98,60.0,2.0,No Downtime,58.0,59,52,1,51,2.78,98.08,88.14,96.67,91.48,86.74,4.79,30.52,3
PureGlow Soaps International (Fictional Dummy Company),Global Manufacturing Head - PureGlow Soaps,Asia,Japan,Fukuoka,FCT012,Fukuoka Soap Plant,LN0034,Line-1,2026-07-08 07:00:00,2026-07-08,7,Morning,Charcoal Bar Soap,0.87,60.0,1.1,No Downtime,58.9,52,47,2,45,3.61,95.74,90.38,98.17,91.72,86.21,4.17,20.01,3
PureGlow Soaps International (Fictional Dummy Company),Global Manufacturing Head - PureGlow Soaps,Asia,Japan,Fukuoka,FCT012,Fukuoka Soap Plant,LN0035,Line-2,2026-07-08 07:00:00,2026-07-08,7,Morning,Neem Bar Soap,1.09,60.0,24.9,Power Outage,35.1,65,34,2,32,5.02,94.12,52.31,58.5,88.87,48.93,3.18,16.64,2
PureGlow Soaps International (Fictional Dummy Company),Global Manufacturing Head - PureGlow Soaps,Asia,Japan,Fukuoka,FCT012,Fukuoka Soap Plant,LN0036,Line-3,2026-07-08 07:00:00,2026-07-08,7,Morning,Neem Bar Soap,0.98,60.0,1.0,No Downtime,59.0,59,54,3,51,5.1,94.44,91.53,98.33,93.39,86.72,4.99,30.71,2
PureGlow Soaps International (Fictional Dummy Company),Global Manufacturing Head - PureGlow Soaps,Asia,Japan,Fukuoka,FCT012,Fukuoka Soap Plant,LN0034,Line-1,2026-07-08 08:00:00,2026-07-08,8,Morning,Charcoal Bar Soap,0.87,60.0,15.4,Power Outage,44.6,52,31,0,31,1.57,100.0,59.62,74.33,79.89,59.38,3.04,15.76,2
PureGlow Soaps International (Fictional Dummy Company),Global Manufacturing Head - PureGlow Soaps,Asia,Japan,Fukuoka,FCT012,Fukuoka Soap Plant,LN0035,Line-2,2026-07-08 08:00:00,2026-07-08,8,Morning,Neem Bar Soap,1.09,60.0,1.1,No Downtime,58.9,65,52,1,51,1.66,98.08,80.0,98.17,81.0,77.99,4.96,26.63,3
PureGlow Soaps International (Fictional Dummy Company),Global Manufacturing Head - PureGlow Soaps,Asia,Japan,Fukuoka,FCT012,Fukuoka Soap Plant,LN0036,Line-3,2026-07-08 08:00:00,2026-07-08,8,Morning,Neem Bar Soap,0.98,60.0,26.8,Preventive Maintenance,33.2,59,31,1,30,2.89,96.77,52.54,55.33,95.28,51.02,2.83,16.37,1
PureGlow Soaps International (Fictional Dummy Company),Global Manufacturing Head - PureGlow Soaps,Asia,Japan,Fukuoka,FCT012,Fukuoka Soap Plant,LN0034,Line-1,2026-07-08 09:00:00,2026-07-08,9,Morning,Charcoal Bar Soap,0.87,60.0,11.7,Machine Breakdown,48.3,52,39,1,38,2.91,97.44,75.0,80.5,92.81,72.8,4.01,16.1,1
PureGlow Soaps International (Fictional Dummy Company),Global Manufacturing Head - PureGlow Soaps,Asia,Japan,Fukuoka,FCT012,Fukuoka Soap Plant,LN0035,Line-2,2026-07-08 09:00:00,2026-07-08,9,Morning,Neem Bar Soap,1.09,60.0,37.8,Preventive Maintenance,22.2,65,24,1,23,3.52,95.83,36.92,37.0,99.18,35.17,2.4,9.58,1
PureGlow Soaps International (Fictional Dummy Company),Global Manufacturing Head - PureGlow Soaps,Asia,Japan,Fukuoka,FCT012,Fukuoka Soap Plant,LN0036,Line-3,2026-07-08 09:00:00,2026-07-08,9,Morning,Neem Bar Soap,0.98,60.0,10.6,Staff Shortage,49.4,59,49,0,49,0.76,100.0,83.05,82.33,101.21,83.33,5.02,22.75,1
PureGlow Soaps International (Fictional Dummy Company),Global Manufacturing Head - PureGlow Soaps,Asia,Japan,Fukuoka,FCT012,Fukuoka Soap Plant,LN0034,Line-1,2026-07-08 10:00:00,2026-07-08,10,Morning,Charcoal Bar Soap,0.87,60.0,6.8,Staff Shortage,53.2,52,43,1,42,1.78,97.67,82.69,88.67,92.9,80.46,4.28,18.35,3
PureGlow Soaps International (Fictional Dummy Company),Global Manufacturing Head - PureGlow Soaps,Asia,Japan,Fukuoka,FCT012,Fukuoka Soap Plant,LN0035,Line-2,2026-07-08 10:00:00,2026-07-08,10,Morning,Neem Bar Soap,1.09,60.0,34.7,Machine Breakdown,25.3,65,27,0,27,0.62,100.0,41.54,42.17,97.91,41.29,2.49,10.81,3
PureGlow Soaps International (Fictional Dummy Company),Global Manufacturing Head - PureGlow Soaps,Asia,Japan,Fukuoka,FCT012,Fukuoka Soap Plant,LN0036,Line-3,2026-07-08 10:00:00,2026-07-08,10,Morning,Neem Bar Soap,0.98,60.0,16.7,Preventive Maintenance,43.3,59,38,1,37,2.51,97.37,64.41,72.17,89.55,62.93,4.11,21.98,2
PureGlow Soaps International (Fictional Dummy Company),Global Manufacturing Head - PureGlow Soaps,Asia,Japan,Fukuoka,FCT012,Fukuoka Soap Plant,LN0034,Line-1,2026-07-08 11:00:00,2026-07-08,11,Morning,Charcoal Bar Soap,0.87,60.0,34.3,Preventive Maintenance,25.7,52,19,1,18,3.75,94.74,36.54,42.83,84.98,34.48,2.03,8.08,3
PureGlow Soaps International (Fictional Dummy Company),Global Manufacturing Head - PureGlow Soaps,Asia,Japan,Fukuoka,FCT012,Fukuoka Soap Plant,LN0035,Line-2,2026-07-08 11:00:00,2026-07-08,11,Morning,Neem Bar Soap,1.09,60.0,28.1,Machine Breakdown,31.9,65,35,1,34,3.83,97.14,53.85,53.17,100.66,51.99,3.08,14.07,3
PureGlow Soaps International (Fictional Dummy Company),Global Manufacturing Head - PureGlow Soaps,Asia,Japan,Fukuoka,FCT012,Fukuoka Soap Plant,LN0036,Line-3,2026-07-08 11:00:00,2026-07-08,11,Morning,Neem Bar Soap,0.98,60.0,0.2,No Downtime,59.8,59,58,3,55,4.86,94.83,98.31,99.67,98.97,93.54,5.47,29.26,2
PureGlow Soaps International (Fictional Dummy Company),Global Manufacturing Head - PureGlow Soaps,Asia,Japan,Fukuoka,FCT012,Fukuoka Soap Plant,LN0034,Line-1,2026-07-08 12:00:00,2026-07-08,12,Morning,Charcoal Bar Soap,0.87,60.0,19.4,Quality Hold,40.6,52,32,2,30,7.07,93.75,61.54,67.67,90.6,57.48,3.49,13.74,3
PureGlow Soaps International (Fictional Dummy Company),Global Manufacturing Head - PureGlow Soaps,Asia,Japan,Fukuoka,FCT012,Fukuoka Soap Plant,LN0035,Line-2,2026-07-08 12:00:00,2026-07-08,12,Morning,Neem Bar Soap,1.09,60.0,30.7,Machine Breakdown,29.3,65,28,1,27,4.16,96.43,43.08,48.83,87.67,41.28,2.72,12.4,2
PureGlow Soaps International (Fictional Dummy Company),Global Manufacturing Head - PureGlow Soaps,Asia,Japan,Fukuoka,FCT012,Fukuoka Soap Plant,LN0036,Line-3,2026-07-08 12:00:00,2026-07-08,12,Morning,Neem Bar Soap,0.98,60.0,3.6,No Downtime,56.4,59,47,2,45,3.21,95.74,79.66,94.0,85.03,76.52,4.96,28.56,2
PureGlow Soaps International (Fictional Dummy Company),Global Manufacturing Head - PureGlow Soaps,Asia,Japan,Fukuoka,FCT012,Fukuoka Soap Plant,LN0034,Line-1,2026-07-08 13:00:00,2026-07-08,13,Morning,Charcoal Bar Soap,0.87,60.0,34.8,Preventive Maintenance,25.2,52,21,1,20,4.24,95.24,40.38,42.0,95.79,38.32,2.06,7.79,1
PureGlow Soaps International (Fictional Dummy Company),Global Manufacturing Head - PureGlow Soaps,Asia,Japan,Fukuoka,FCT012,Fukuoka Soap Plant,LN0035,Line-2,2026-07-08 13:00:00,2026-07-08,13,Morning,Neem Bar Soap,1.09,60.0,2.6,No Downtime,57.4,65,52,1,51,2.25,98.08,80.0,95.67,83.11,77.98,4.51,27.0,1
PureGlow Soaps International (Fictional Dummy Company),Global Manufacturing Head - PureGlow Soaps,Asia,Japan,Fukuoka,FCT012,Fukuoka Soap Plant,LN0036,Line-3,2026-07-08 13:00:00,2026-07-08,13,Morning,Neem Bar Soap,0.98,60.0,23.3,Material Shortage,36.7,59,35,1,34,3.41,97.14,59.32,61.17,97.31,57.82,3.56,18.99,1
PureGlow Soaps International (Fictional Dummy Company),Global Manufacturing Head - PureGlow Soaps,Asia,Japan,Fukuoka,FCT012,Fukuoka Soap Plant,LN0034,Line-1,2026-07-08 14:00:00,2026-07-08,14,Afternoon,Charcoal Bar Soap,0.87,60.0,17.0,Preventive Maintenance,43.0,52,35,1,34,2.2,97.14,67.31,71.67,93.56,65.14,3.82,12.74,3
PureGlow Soaps International (Fictional Dummy Company),Global Manufacturing Head - PureGlow Soaps,Asia,Japan,Fukuoka,FCT012,Fukuoka Soap Plant,LN0035,Line-2,2026-07-08 14:00:00,2026-07-08,14,Afternoon,Neem Bar Soap,1.09,60.0,9.4,Changeover/Setup,50.6,65,49,1,48,1.47,97.96,75.38,84.33,88.84,73.39,4.98,21.89,2
PureGlow Soaps International (Fictional Dummy Company),Global Manufacturing Head - PureGlow Soaps,Asia,Japan,Fukuoka,FCT012,Fukuoka Soap Plant,LN0036,Line-3,2026-07-08 14:00:00,2026-07-08,14,Afternoon,Neem Bar Soap,0.98,60.0,0.6,No Downtime,59.4,59,48,2,46,4.14,95.83,81.36,99.0,82.46,78.23,4.8,27.6,2
PureGlow Soaps International (Fictional Dummy Company),Global Manufacturing Head - PureGlow Soaps,Asia,Japan,Fukuoka,FCT012,Fukuoka Soap Plant,LN0034,Line-1,2026-07-08 15:00:00,2026-07-08,15,Afternoon,Charcoal Bar Soap,0.87,60.0,15.2,Changeover/Setup,44.8,52,39,1,38,3.64,97.44,75.0,74.67,100.06,72.8,3.95,14.62,2
PureGlow Soaps International (Fictional Dummy Company),Global Manufacturing Head - PureGlow Soaps,Asia,Japan,Fukuoka,FCT012,Fukuoka Soap Plant,LN0035,Line-2,2026-07-08 15:00:00,2026-07-08,15,Afternoon,Neem Bar Soap,1.09,60.0,42.0,Machine Breakdown,18.0,65,18,1,17,4.72,94.44,27.69,30.0,91.74,25.99,1.76,8.63,1
PureGlow Soaps International (Fictional Dummy Company),Global Manufacturing Head - PureGlow Soaps,Asia,Japan,Fukuoka,FCT012,Fukuoka Soap Plant,LN0036,Line-3,2026-07-08 15:00:00,2026-07-08,15,Afternoon,Neem Bar Soap,0.98,60.0,21.9,Material Shortage,38.1,59,38,1,37,3.14,97.37,64.41,63.5,101.77,62.92,3.32,17.61,1
PureGlow Soaps International (Fictional Dummy Company),Global Manufacturing Head - PureGlow Soaps,Asia,Japan,Fukuoka,FCT012,Fukuoka Soap Plant,LN0034,Line-1,2026-07-08 16:00:00,2026-07-08,16,Afternoon,Charcoal Bar Soap,0.87,60.0,42.6,Machine Breakdown,17.4,52,13,1,12,3.86,92.31,25.0,29.0,85.88,22.99,1.18,5.37,1
PureGlow Soaps International (Fictional Dummy Company),Global Manufacturing Head - PureGlow Soaps,Asia,Japan,Fukuoka,FCT012,Fukuoka Soap Plant,LN0035,Line-2,2026-07-08 16:00:00,2026-07-08,16,Afternoon,Neem Bar Soap,1.09,60.0,20.5,Machine Breakdown,39.5,65,43,2,41,3.67,95.35,66.15,65.83,99.87,62.69,4.58,19.0,1
PureGlow Soaps International (Fictional Dummy Company),Global Manufacturing Head - PureGlow Soaps,Asia,Japan,Fukuoka,FCT012,Fukuoka Soap Plant,LN0036,Line-3,2026-07-08 16:00:00,2026-07-08,16,Afternoon,Neem Bar Soap,0.98,60.0,30.9,Material Shortage,29.1,59,25,1,24,2.95,96.0,42.37,48.5,87.66,40.81,2.64,13.49,3
PureGlow Soaps International (Fictional Dummy Company),Global Manufacturing Head - PureGlow Soaps,Asia,Japan,Fukuoka,FCT012,Fukuoka Soap Plant,LN0034,Line-1,2026-07-08 17:00:00,2026-07-08,17,Afternoon,Charcoal Bar Soap,0.87,60.0,1.6,No Downtime,58.4,52,45,2,43,3.58,95.56,86.54,97.33,88.57,82.38,4.16,17.74,1
PureGlow Soaps International (Fictional Dummy Company),Global Manufacturing Head - PureGlow Soaps,Asia,Japan,Fukuoka,FCT012,Fukuoka Soap Plant,LN0035,Line-2,2026-07-08 17:00:00,2026-07-08,17,Afternoon,Neem Bar Soap,1.09,60.0,4.0,No Downtime,56.0,65,49,2,47,3.6,95.92,75.38,93.33,80.28,71.87,4.18,24.01,3
PureGlow Soaps International (Fictional Dummy Company),Global Manufacturing Head - PureGlow Soaps,Asia,Japan,Fukuoka,FCT012,Fukuoka Soap Plant,LN0036,Line-3,2026-07-08 17:00:00,2026-07-08,17,Afternoon,Neem Bar Soap,0.98,60.0,41.8,Machine Breakdown,18.2,59,14,1,13,4.39,92.86,23.73,30.33,78.49,22.11,1.32,8.55,2
PureGlow Soaps International (Fictional Dummy Company),Global Manufacturing Head - PureGlow Soaps,Asia,Japan,Fukuoka,FCT012,Fukuoka Soap Plant,LN0034,Line-1,2026-07-08 18:00:00,2026-07-08,18,Afternoon,Charcoal Bar Soap,0.87,60.0,28.7,Preventive Maintenance,31.3,52,25,0,25,0.0,100.0,48.08,52.17,91.81,47.9,2.28,10.55,1
PureGlow Soaps International (Fictional Dummy Company),Global Manufacturing Head - PureGlow Soaps,Asia,Japan,Fukuoka,FCT012,Fukuoka Soap Plant,LN0035,Line-2,2026-07-08 18:00:00,2026-07-08,18,Afternoon,Neem Bar Soap,1.09,60.0,2.5,No Downtime,57.5,65,54,2,52,3.59,96.3,83.08,95.83,86.16,79.51,4.96,27.08,3
PureGlow Soaps International (Fictional Dummy Company),Global Manufacturing Head - PureGlow Soaps,Asia,Japan,Fukuoka,FCT012,Fukuoka Soap Plant,LN0036,Line-3,2026-07-08 18:00:00,2026-07-08,18,Afternoon,Neem Bar Soap,0.98,60.0,29.4,Preventive Maintenance,30.6,59,28,2,26,5.55,92.86,47.46,51.0,93.37,44.22,3.03,15.13,3
PureGlow Soaps International (Fictional Dummy Company),Global Manufacturing Head - PureGlow Soaps,Asia,Japan,Fukuoka,FCT012,Fukuoka Soap Plant,LN0034,Line-1,2026-07-08 19:00:00,2026-07-08,19,Afternoon,Charcoal Bar Soap,0.87,60.0,43.4,Machine Breakdown,16.6,52,14,1,13,4.66,92.86,26.92,27.67,96.94,24.91,1.34,5.63,2
PureGlow Soaps International (Fictional Dummy Company),Global Manufacturing Head - PureGlow Soaps,Asia,Japan,Fukuoka,FCT012,Fukuoka Soap Plant,LN0035,Line-2,2026-07-08 19:00:00,2026-07-08,19,Afternoon,Neem Bar Soap,1.09,60.0,0.1,No Downtime,59.9,65,59,2,57,2.57,96.61,90.77,99.83,90.36,87.15,5.75,24.59,2
PureGlow Soaps International (Fictional Dummy Company),Global Manufacturing Head - PureGlow Soaps,Asia,Japan,Fukuoka,FCT012,Fukuoka Soap Plant,LN0036,Line-3,2026-07-08 19:00:00,2026-07-08,19,Afternoon,Neem Bar Soap,0.98,60.0,1.7,No Downtime,58.3,59,50,2,48,3.29,96.0,84.75,97.17,87.51,81.63,5.13,29.54,3
PureGlow Soaps International (Fictional Dummy Company),Global Manufacturing Head - PureGlow Soaps,Asia,Japan,Fukuoka,FCT012,Fukuoka Soap Plant,LN0034,Line-1,2026-07-08 20:00:00,2026-07-08,20,Afternoon,Charcoal Bar Soap,0.87,60.0,18.8,Machine Breakdown,41.2,52,37,0,37,1.25,100.0,71.15,68.67,103.23,70.89,3.42,13.22,2
PureGlow Soaps International (Fictional Dummy Company),Global Manufacturing Head - PureGlow Soaps,Asia,Japan,Fukuoka,FCT012,Fukuoka Soap Plant,LN0035,Line-2,2026-07-08 20:00:00,2026-07-08,20,Afternoon,Neem Bar Soap,1.09,60.0,22.6,Preventive Maintenance,37.4,65,36,1,35,3.66,97.22,55.38,62.33,88.31,53.51,3.82,17.46,3
PureGlow Soaps International (Fictional Dummy Company),Global Manufacturing Head - PureGlow Soaps,Asia,Japan,Fukuoka,FCT012,Fukuoka Soap Plant,LN0036,Line-3,2026-07-08 20:00:00,2026-07-08,20,Afternoon,Neem Bar Soap,0.98,60.0,3.4,No Downtime,56.6,59,48,2,46,4.26,95.83,81.36,94.33,86.54,78.23,4.64,31.11,3
PureGlow Soaps International (Fictional Dummy Company),Global Manufacturing Head - PureGlow Soaps,Asia,Japan,Fukuoka,FCT012,Fukuoka Soap Plant,LN0034,Line-1,2026-07-08 21:00:00,2026-07-08,21,Afternoon,Charcoal Bar Soap,0.87,60.0,0.8,No Downtime,59.2,52,52,1,51,2.27,98.08,100.0,98.67,100.96,97.7,4.9,19.24,3
PureGlow Soaps International (Fictional Dummy Company),Global Manufacturing Head - PureGlow Soaps,Asia,Japan,Fukuoka,FCT012,Fukuoka Soap Plant,LN0035,Line-2,2026-07-08 21:00:00,2026-07-08,21,Afternoon,Neem Bar Soap,1.09,60.0,15.2,Changeover/Setup,44.8,65,44,2,42,3.54,95.45,67.69,74.67,90.1,64.22,4.32,17.68,2
PureGlow Soaps International (Fictional Dummy Company),Global Manufacturing Head - PureGlow Soaps,Asia,Japan,Fukuoka,FCT012,Fukuoka Soap Plant,LN0036,Line-3,2026-07-08 21:00:00,2026-07-08,21,Afternoon,Neem Bar Soap,0.98,60.0,29.1,Power Outage,30.9,59,26,1,25,4.43,96.15,44.07,51.5,85.86,42.52,2.56,16.75,2
PureGlow Soaps International (Fictional Dummy Company),Global Manufacturing Head - PureGlow Soaps,Asia,Japan,Fukuoka,FCT012,Fukuoka Soap Plant,LN0034,Line-1,2026-07-08 22:00:00,2026-07-08,22,Night,Charcoal Bar Soap,0.87,60.0,33.9,Material Shortage,26.1,52,22,0,22,2.21,100.0,42.31,43.5,96.89,42.15,1.9,9.05,1
PureGlow Soaps International (Fictional Dummy Company),Global Manufacturing Head - PureGlow Soaps,Asia,Japan,Fukuoka,FCT012,Fukuoka Soap Plant,LN0035,Line-2,2026-07-08 22:00:00,2026-07-08,22,Night,Neem Bar Soap,1.09,60.0,7.7,Changeover/Setup,52.3,65,50,2,48,4.02,96.0,76.92,87.17,87.71,73.4,5.33,23.42,1
PureGlow Soaps International (Fictional Dummy Company),Global Manufacturing Head - PureGlow Soaps,Asia,Japan,Fukuoka,FCT012,Fukuoka Soap Plant,LN0036,Line-3,2026-07-08 22:00:00,2026-07-08,22,Night,Neem Bar Soap,0.98,60.0,9.7,Staff Shortage,50.3,59,49,1,48,2.82,97.96,83.05,83.83,99.4,81.63,4.91,23.67,1
PureGlow Soaps International (Fictional Dummy Company),Global Manufacturing Head - PureGlow Soaps,Asia,Japan,Fukuoka,FCT012,Fukuoka Soap Plant,LN0034,Line-1,2026-07-08 23:00:00,2026-07-08,23,Night,Charcoal Bar Soap,0.87,60.0,1.6,No Downtime,58.4,52,46,1,45,1.76,97.83,88.46,97.33,90.54,86.21,4.13,18.44,3
PureGlow Soaps International (Fictional Dummy Company),Global Manufacturing Head - PureGlow Soaps,Asia,Japan,Fukuoka,FCT012,Fukuoka Soap Plant,LN0035,Line-2,2026-07-08 23:00:00,2026-07-08,23,Night,Neem Bar Soap,1.09,60.0,3.2,No Downtime,56.8,65,59,3,56,4.95,94.92,90.77,94.67,95.3,85.64,5.21,24.17,2
PureGlow Soaps International (Fictional Dummy Company),Global Manufacturing Head - PureGlow Soaps,Asia,Japan,Fukuoka,FCT012,Fukuoka Soap Plant,LN0036,Line-3,2026-07-08 23:00:00,2026-07-08,23,Night,Neem Bar Soap,0.98,60.0,18.8,Changeover/Setup,41.2,59,36,1,35,3.69,97.22,61.02,68.67,89.16,59.52,3.13,19.35,2
PureGlow Soaps International (Fictional Dummy Company),Global Manufacturing Head - PureGlow Soaps,Asia,Japan,Fukuoka,FCT012,Fukuoka Soap Plant,LN0034,Line-1,2026-07-09 00:00:00,2026-07-09,0,Night,Lemon Bar Soap,0.87,60.0,15.7,Quality Hold,44.3,52,39,4,35,10.32,89.74,75.0,73.83,101.19,67.04,3.73,15.36,2
PureGlow Soaps International (Fictional Dummy Company),Global Manufacturing Head - PureGlow Soaps,Asia,Japan,Fukuoka,FCT012,Fukuoka Soap Plant,LN0035,Line-2,2026-07-09 00:00:00,2026-07-09,0,Night,Charcoal Bar Soap,1.09,60.0,22.5,Machine Breakdown,37.5,65,38,1,37,2.13,97.37,58.46,62.5,92.97,56.58,3.33,15.05,1
PureGlow Soaps International (Fictional Dummy Company),Global Manufacturing Head - PureGlow Soaps,Asia,Japan,Fukuoka,FCT012,Fukuoka Soap Plant,LN0036,Line-3,2026-07-09 00:00:00,2026-07-09,0,Night,Lavender Bar Soap,0.98,60.0,2.3,No Downtime,57.7,59,53,2,51,2.88,96.23,89.83,96.17,93.73,86.74,4.8,31.54,3
PureGlow Soaps International (Fictional Dummy Company),Global Manufacturing Head - PureGlow Soaps,Asia,Japan,Fukuoka,FCT012,Fukuoka Soap Plant,LN0034,Line-1,2026-07-09 01:00:00,2026-07-09,1,Night,Lemon Bar Soap,0.87,60.0,0.2,No Downtime,59.8,52,44,1,43,2.86,97.73,84.62,99.67,84.57,82.38,4.23,19.4,2
PureGlow Soaps International (Fictional Dummy Company),Global Manufacturing Head - PureGlow Soaps,Asia,Japan,Fukuoka,FCT012,Fukuoka Soap Plant,LN0035,Line-2,2026-07-09 01:00:00,2026-07-09,1,Night,Charcoal Bar Soap,1.09,60.0,23.7,Preventive Maintenance,36.3,65,37,1,36,3.17,97.3,56.92,60.5,93.51,55.05,3.47,16.69,2
PureGlow Soaps International (Fictional Dummy Company),Global Manufacturing Head - PureGlow Soaps,Asia,Japan,Fukuoka,FCT012,Fukuoka Soap Plant,LN0036,Line-3,2026-07-09 01:00:00,2026-07-09,1,Night,Lavender Bar Soap,0.98,60.0,0.3,No Downtime,59.7,59,56,2,54,3.84,96.43,94.92,99.5,95.72,91.84,6.12,31.6,1
PureGlow Soaps International (Fictional Dummy Company),Global Manufacturing Head - PureGlow Soaps,Asia,Japan,Fukuoka,FCT012,Fukuoka Soap Plant,LN0034,Line-1,2026-07-09 02:00:00,2026-07-09,2,Night,Lemon Bar Soap,0.87,60.0,11.8,Staff Shortage,48.2,52,41,1,40,2.71,97.56,78.85,80.33,97.77,76.62,3.88,15.08,3
PureGlow Soaps International (Fictional Dummy Company),Global Manufacturing Head - PureGlow Soaps,Asia,Japan,Fukuoka,FCT012,Fukuoka Soap Plant,LN0035,Line-2,2026-07-09 02:00:00,2026-07-09,2,Night,Charcoal Bar Soap,1.09,60.0,2.0,No Downtime,58.0,65,64,2,62,3.24,96.88,98.46,96.67,101.23,94.81,5.69,25.26,2
PureGlow Soaps International (Fictional Dummy Company),Global Manufacturing Head - PureGlow Soaps,Asia,Japan,Fukuoka,FCT012,Fukuoka Soap Plant,LN0036,Line-3,2026-07-09 02:00:00,2026-07-09,2,Night,Lavender Bar Soap,0.98,60.0,2.7,No Downtime,57.3,59,48,1,47,2.57,97.92,81.36,95.5,85.48,79.94,4.42,29.32,2
PureGlow Soaps International (Fictional Dummy Company),Global Manufacturing Head - PureGlow Soaps,Asia,Japan,Fukuoka,FCT012,Fukuoka Soap Plant,LN0034,Line-1,2026-07-09 03:00:00,2026-07-09,3,Night,Lemon Bar Soap,0.87,60.0,11.0,Material Shortage,49.0,52,39,2,37,4.58,94.87,75.0,81.67,91.48,70.88,4.08,15.1,1
PureGlow Soaps International (Fictional Dummy Company),Global Manufacturing Head - PureGlow Soaps,Asia,Japan,Fukuoka,FCT012,Fukuoka Soap Plant,LN0035,Line-2,2026-07-09 03:00:00,2026-07-09,3,Night,Charcoal Bar Soap,1.09,60.0,23.6,Material Shortage,36.4,65,40,2,38,4.24,95.0,61.54,60.67,100.82,58.11,4.35,15.84,3
PureGlow Soaps International (Fictional Dummy Company),Global Manufacturing Head - PureGlow Soaps,Asia,Japan,Fukuoka,FCT012,Fukuoka Soap Plant,LN0036,Line-3,2026-07-09 03:00:00,2026-07-09,3,Night,Lavender Bar Soap,0.98,60.0,3.5,No Downtime,56.5,59,54,1,53,1.86,98.15,91.53,94.17,97.53,90.14,5.17,27.93,2
PureGlow Soaps International (Fictional Dummy Company),Global Manufacturing Head - PureGlow Soaps,Asia,Japan,Fukuoka,FCT012,Fukuoka Soap Plant,LN0034,Line-1,2026-07-09 04:00:00,2026-07-09,4,Night,Lemon Bar Soap,0.87,60.0,19.5,Changeover/Setup,40.5,52,34,2,32,4.85,94.12,65.38,67.5,96.49,61.3,3.68,12.39,1
PureGlow Soaps International (Fictional Dummy Company),Global Manufacturing Head - PureGlow Soaps,Asia,Japan,Fukuoka,FCT012,Fukuoka Soap Plant,LN0035,Line-2,2026-07-09 04:00:00,2026-07-09,4,Night,Charcoal Bar Soap,1.09,60.0,26.3,Material Shortage,33.7,65,35,0,35,1.13,100.0,53.85,56.17,95.28,53.52,3.19,13.93,3
PureGlow Soaps International (Fictional Dummy Company),Global Manufacturing Head - PureGlow Soaps,Asia,Japan,Fukuoka,FCT012,Fukuoka Soap Plant,LN0036,Line-3,2026-07-09 04:00:00,2026-07-09,4,Night,Lavender Bar Soap,0.98,60.0,40.0,Preventive Maintenance,20.0,59,20,1,19,3.34,95.0,33.9,33.33,102.04,32.31,1.84,10.02,2
PureGlow Soaps International (Fictional Dummy Company),Global Manufacturing Head - PureGlow Soaps,Asia,Japan,Fukuoka,FCT012,Fukuoka Soap Plant,LN0034,Line-1,2026-07-09 05:00:00,2026-07-09,5,Night,Lemon Bar Soap,0.87,60.0,12.9,Material Shortage,47.1,52,39,1,38,2.06,97.44,75.0,78.5,95.18,72.8,3.38,15.52,1
PureGlow Soaps International (Fictional Dummy Company),Global Manufacturing Head - PureGlow Soaps,Asia,Japan,Fukuoka,FCT012,Fukuoka Soap Plant,LN0035,Line-2,2026-07-09 05:00:00,2026-07-09,5,Night,Charcoal Bar Soap,1.09,60.0,2.3,No Downtime,57.7,65,55,1,54,1.45,98.18,84.62,96.17,87.45,82.57,5.41,24.17,3
PureGlow Soaps International (Fictional Dummy Company),Global Manufacturing Head - PureGlow Soaps,Asia,Japan,Fukuoka,FCT012,Fukuoka Soap Plant,LN0036,Line-3,2026-07-09 05:00:00,2026-07-09,5,Night,Lavender Bar Soap,0.98,60.0,2.6,No Downtime,57.4,59,48,1,47,2.2,97.92,81.36,95.67,85.33,79.94,5.17,30.99,3
PureGlow Soaps International (Fictional Dummy Company),Global Manufacturing Head - PureGlow Soaps,Asia,Japan,Fukuoka,FCT012,Fukuoka Soap Plant,LN0034,Line-1,2026-07-09 06:00:00,2026-07-09,6,Morning,Lemon Bar Soap,0.87,60.0,19.2,Preventive Maintenance,40.8,52,36,0,36,1.02,100.0,69.23,68.0,101.42,68.97,3.95,13.92,2
PureGlow Soaps International (Fictional Dummy Company),Global Manufacturing Head - PureGlow Soaps,Asia,Japan,Fukuoka,FCT012,Fukuoka Soap Plant,LN0035,Line-2,2026-07-09 06:00:00,2026-07-09,6,Morning,Charcoal Bar Soap,1.09,60.0,0.4,No Downtime,59.6,65,65,1,64,0.86,98.46,100.0,99.33,100.06,97.86,6.39,24.43,3
PureGlow Soaps International (Fictional Dummy Company),Global Manufacturing Head - PureGlow Soaps,Asia,Japan,Fukuoka,FCT012,Fukuoka Soap Plant,LN0036,Line-3,2026-07-09 06:00:00,2026-07-09,6,Morning,Lavender Bar Soap,0.98,60.0,3.8,No Downtime,56.2,59,49,3,46,6.08,93.88,83.05,93.67,88.97,78.24,4.38,27.24,3
PureGlow Soaps International (Fictional Dummy Company),Global Manufacturing Head - PureGlow Soaps,Asia,Japan,Fukuoka,FCT012,Fukuoka Soap Plant,LN0034,Line-1,2026-07-09 07:00:00,2026-07-09,7,Morning,Lemon Bar Soap,0.87,60.0,0.6,No Downtime,59.4,52,45,2,43,4.2,95.56,86.54,99.0,87.08,82.38,3.91,18.44,3
PureGlow Soaps International (Fictional Dummy Company),Global Manufacturing Head - PureGlow Soaps,Asia,Japan,Fukuoka,FCT012,Fukuoka Soap Plant,LN0035,Line-2,2026-07-09 07:00:00,2026-07-09,7,Morning,Charcoal Bar Soap,1.09,60.0,18.8,Staff Shortage,41.2,65,44,2,42,5.0,95.45,67.69,68.67,97.98,64.22,4.54,17.14,2
PureGlow Soaps International (Fictional Dummy Company),Global Manufacturing Head - PureGlow Soaps,Asia,Japan,Fukuoka,FCT012,Fukuoka Soap Plant,LN0036,Line-3,2026-07-09 07:00:00,2026-07-09,7,Morning,Lavender Bar Soap,0.98,60.0,11.5,Power Outage,48.5,59,41,1,40,2.31,97.56,69.49,80.83,86.26,68.02,4.14,25.57,1
PureGlow Soaps International (Fictional Dummy Company),Global Manufacturing Head - PureGlow Soaps,Asia,Japan,Fukuoka,FCT012,Fukuoka Soap Plant,LN0034,Line-1,2026-07-09 08:00:00,2026-07-09,8,Morning,Lemon Bar Soap,0.87,60.0,1.8,No Downtime,58.2,52,49,1,48,2.53,97.96,94.23,97.0,96.77,91.95,5.11,20.15,2
PureGlow Soaps International (Fictional Dummy Company),Global Manufacturing Head - PureGlow Soaps,Asia,Japan,Fukuoka,FCT012,Fukuoka Soap Plant,LN0035,Line-2,2026-07-09 08:00:00,2026-07-09,8,Morning,Charcoal Bar Soap,1.09,60.0,29.8,Preventive Maintenance,30.2,65,31,1,30,1.76,96.77,47.69,50.33,94.17,45.86,3.03,13.94,2
PureGlow Soaps International (Fictional Dummy Company),Global Manufacturing Head - PureGlow Soaps,Asia,Japan,Fukuoka,FCT012,Fukuoka Soap Plant,LN0036,Line-3,2026-07-09 08:00:00,2026-07-09,8,Morning,Lavender Bar Soap,0.98,60.0,25.6,Power Outage,34.4,59,30,1,29,2.26,96.67,50.85,57.33,88.99,49.32,2.82,16.07,3
PureGlow Soaps International (Fictional Dummy Company),Global Manufacturing Head - PureGlow Soaps,Asia,Japan,Fukuoka,FCT012,Fukuoka Soap Plant,LN0034,Line-1,2026-07-09 09:00:00,2026-07-09,9,Morning,Lemon Bar Soap,0.87,60.0,15.8,Preventive Maintenance,44.2,52,32,0,32,0.94,100.0,61.54,73.67,83.22,61.31,2.96,14.04,2
PureGlow Soaps International (Fictional Dummy Company),Global Manufacturing Head - PureGlow Soaps,Asia,Japan,Fukuoka,FCT012,Fukuoka Soap Plant,LN0035,Line-2,2026-07-09 09:00:00,2026-07-09,9,Morning,Charcoal Bar Soap,1.09,60.0,9.4,Power Outage,50.6,65,52,1,51,1.05,98.08,80.0,84.33,94.28,77.98,4.49,21.99,2
PureGlow Soaps International (Fictional Dummy Company),Global Manufacturing Head - PureGlow Soaps,Asia,Japan,Fukuoka,FCT012,Fukuoka Soap Plant,LN0036,Line-3,2026-07-09 09:00:00,2026-07-09,9,Morning,Lavender Bar Soap,0.98,60.0,34.8,Machine Breakdown,25.2,59,22,1,21,2.96,95.45,37.29,42.0,89.08,35.71,2.11,11.98,1
PureGlow Soaps International (Fictional Dummy Company),Global Manufacturing Head - PureGlow Soaps,Asia,Japan,Fukuoka,FCT012,Fukuoka Soap Plant,LN0034,Line-1,2026-07-09 10:00:00,2026-07-09,10,Morning,Lemon Bar Soap,0.87,60.0,28.4,Machine Breakdown,31.6,52,24,1,23,3.25,95.83,46.15,52.67,87.3,44.06,2.13,9.76,1
PureGlow Soaps International (Fictional Dummy Company),Global Manufacturing Head - PureGlow Soaps,Asia,Japan,Fukuoka,FCT012,Fukuoka Soap Plant,LN0035,Line-2,2026-07-09 10:00:00,2026-07-09,10,Morning,Charcoal Bar Soap,1.09,60.0,3.7,No Downtime,56.3,65,52,1,51,2.8,98.08,80.0,93.83,84.74,77.98,4.82,26.12,2
PureGlow Soaps International (Fictional Dummy Company),Global Manufacturing Head - PureGlow Soaps,Asia,Japan,Fukuoka,FCT012,Fukuoka Soap Plant,LN0036,Line-3,2026-07-09 10:00:00,2026-07-09,10,Morning,Lavender Bar Soap,0.98,60.0,28.5,Power Outage,31.5,59,29,1,28,4.32,96.55,49.15,52.5,93.94,47.62,2.53,15.26,3
PureGlow Soaps International (Fictional Dummy Company),Global Manufacturing Head - PureGlow Soaps,Asia,Japan,Fukuoka,FCT012,Fukuoka Soap Plant,LN0034,Line-1,2026-07-09 11:00:00,2026-07-09,11,Morning,Lemon Bar Soap,0.87,60.0,19.0,Changeover/Setup,41.0,52,34,1,33,1.58,97.06,65.38,68.33,95.32,63.22,3.73,14.23,1
PureGlow Soaps International (Fictional Dummy Company),Global Manufacturing Head - PureGlow Soaps,Asia,Japan,Fukuoka,FCT012,Fukuoka Soap Plant,LN0035,Line-2,2026-07-09 11:00:00,2026-07-09,11,Morning,Charcoal Bar Soap,1.09,60.0,12.8,Changeover/Setup,47.2,65,41,2,39,4.08,95.12,63.08,78.67,79.69,59.63,3.95,20.0,1
PureGlow Soaps International (Fictional Dummy Company),Global Manufacturing Head - PureGlow Soaps,Asia,Japan,Fukuoka,FCT012,Fukuoka Soap Plant,LN0036,Line-3,2026-07-09 11:00:00,2026-07-09,11,Morning,Lavender Bar Soap,0.98,60.0,17.4,Quality Hold,42.6,59,42,3,39,7.78,92.86,71.19,71.0,100.6,66.33,4.58,22.09,2
PureGlow Soaps International (Fictional Dummy Company),Global Manufacturing Head - PureGlow Soaps,Asia,Japan,Fukuoka,FCT012,Fukuoka Soap Plant,LN0034,Line-1,2026-07-09 12:00:00,2026-07-09,12,Morning,Lemon Bar Soap,0.87,60.0,13.9,Changeover/Setup,46.1,52,34,1,33,4.33,97.06,65.38,76.83,84.77,63.21,3.28,14.73,3
PureGlow Soaps International (Fictional Dummy Company),Global Manufacturing Head - PureGlow Soaps,Asia,Japan,Fukuoka,FCT012,Fukuoka Soap Plant,LN0035,Line-2,2026-07-09 12:00:00,2026-07-09,12,Morning,Charcoal Bar Soap,1.09,60.0,2.1,No Downtime,57.9,65,55,1,54,1.85,98.18,84.62,96.5,87.15,82.57,5.61,23.83,1
PureGlow Soaps International (Fictional Dummy Company),Global Manufacturing Head - PureGlow Soaps,Asia,Japan,Fukuoka,FCT012,Fukuoka Soap Plant,LN0036,Line-3,2026-07-09 12:00:00,2026-07-09,12,Morning,Lavender Bar Soap,0.98,60.0,16.4,Preventive Maintenance,43.6,59,38,1,37,2.89,97.37,64.41,72.67,88.93,62.93,3.81,21.45,1
PureGlow Soaps International (Fictional Dummy Company),Global Manufacturing Head - PureGlow Soaps,Asia,Japan,Fukuoka,FCT012,Fukuoka Soap Plant,LN0034,Line-1,2026-07-09 13:00:00,2026-07-09,13,Morning,Lemon Bar Soap,0.87,60.0,43.5,Machine Breakdown,16.5,52,12,0,12,3.58,100.0,23.08,27.5,83.59,22.99,1.16,5.82,3
PureGlow Soaps International (Fictional Dummy Company),Global Manufacturing Head - PureGlow Soaps,Asia,Japan,Fukuoka,FCT012,Fukuoka Soap Plant,LN0035,Line-2,2026-07-09 13:00:00,2026-07-09,13,Morning,Charcoal Bar Soap,1.09,60.0,1.9,No Downtime,58.1,65,56,2,54,2.69,96.43,86.15,96.83,88.43,82.57,6.0,27.04,2
PureGlow Soaps International (Fictional Dummy Company),Global Manufacturing Head - PureGlow Soaps,Asia,Japan,Fukuoka,FCT012,Fukuoka Soap Plant,LN0036,Line-3,2026-07-09 13:00:00,2026-07-09,13,Morning,Lavender Bar Soap,0.98,60.0,16.8,Changeover/Setup,43.2,59,44,1,43,1.92,97.73,74.58,72.0,103.93,73.13,4.71,23.18,1
PureGlow Soaps International (Fictional Dummy Company),Global Manufacturing Head - PureGlow Soaps,Asia,Japan,Fukuoka,FCT012,Fukuoka Soap Plant,LN0034,Line-1,2026-07-09 14:00:00,2026-07-09,14,Afternoon,Lemon Bar Soap,0.87,60.0,12.9,Material Shortage,47.1,52,39,1,38,3.33,97.44,75.0,78.5,95.18,72.8,4.28,16.31,3
PureGlow Soaps International (Fictional Dummy Company),Global Manufacturing Head - PureGlow Soaps,Asia,Japan,Fukuoka,FCT012,Fukuoka Soap Plant,LN0035,Line-2,2026-07-09 14:00:00,2026-07-09,14,Afternoon,Charcoal Bar Soap,1.09,60.0,29.8,Machine Breakdown,30.2,65,28,0,28,0.98,100.0,43.08,50.33,85.06,42.81,2.94,14.3,2
PureGlow Soaps International (Fictional Dummy Company),Global Manufacturing Head - PureGlow Soaps,Asia,Japan,Fukuoka,FCT012,Fukuoka Soap Plant,LN0036,Line-3,2026-07-09 14:00:00,2026-07-09,14,Afternoon,Lavender Bar Soap,0.98,60.0,25.0,Machine Breakdown,35.0,59,35,1,34,4.18,97.14,59.32,58.33,102.04,57.82,3.76,18.29,2
PureGlow Soaps International (Fictional Dummy Company),Global Manufacturing Head - PureGlow Soaps,Asia,Japan,Fukuoka,FCT012,Fukuoka Soap Plant,LN0034,Line-1,2026-07-09 15:00:00,2026-07-09,15,Afternoon,Lemon Bar Soap,0.87,60.0,1.3,No Downtime,58.7,52,51,2,49,3.41,96.08,98.08,97.83,99.86,93.86,4.9,20.5,2
PureGlow Soaps International (Fictional Dummy Company),Global Manufacturing Head - PureGlow Soaps,Asia,Japan,Fukuoka,FCT012,Fukuoka Soap Plant,LN0035,Line-2,2026-07-09 15:00:00,2026-07-09,15,Afternoon,Charcoal Bar Soap,1.09,60.0,3.2,No Downtime,56.8,65,56,2,54,4.21,96.43,86.15,94.67,90.45,82.57,6.04,25.49,1
PureGlow Soaps International (Fictional Dummy Company),Global Manufacturing Head - PureGlow Soaps,Asia,Japan,Fukuoka,FCT012,Fukuoka Soap Plant,LN0036,Line-3,2026-07-09 15:00:00,2026-07-09,15,Afternoon,Lavender Bar Soap,0.98,60.0,5.9,Changeover/Setup,54.1,59,51,1,50,2.38,98.04,86.44,90.17,96.19,85.03,4.94,29.39,2
PureGlow Soaps International (Fictional Dummy Company),Global Manufacturing Head - PureGlow Soaps,Asia,Japan,Fukuoka,FCT012,Fukuoka Soap Plant,LN0034,Line-1,2026-07-09 16:00:00,2026-07-09,16,Afternoon,Lemon Bar Soap,0.87,60.0,19.7,Machine Breakdown,40.3,52,30,1,29,3.99,96.67,57.69,67.17,85.57,55.56,3.03,11.98,1
PureGlow Soaps International (Fictional Dummy Company),Global Manufacturing Head - PureGlow Soaps,Asia,Japan,Fukuoka,FCT012,Fukuoka Soap Plant,LN0035,Line-2,2026-07-09 16:00:00,2026-07-09,16,Afternoon,Charcoal Bar Soap,1.09,60.0,36.9,Machine Breakdown,23.1,65,21,1,20,3.81,95.24,32.31,38.5,83.4,30.58,2.08,9.64,1
PureGlow Soaps International (Fictional Dummy Company),Global Manufacturing Head - PureGlow Soaps,Asia,Japan,Fukuoka,FCT012,Fukuoka Soap Plant,LN0036,Line-3,2026-07-09 16:00:00,2026-07-09,16,Afternoon,Lavender Bar Soap,0.98,60.0,3.4,No Downtime,56.6,59,51,1,50,1.19,98.04,86.44,94.33,91.94,85.03,4.59,28.48,2
PureGlow Soaps International (Fictional Dummy Company),Global Manufacturing Head - PureGlow Soaps,Asia,Japan,Fukuoka,FCT012,Fukuoka Soap Plant,LN0034,Line-1,2026-07-09 17:00:00,2026-07-09,17,Afternoon,Lemon Bar Soap,0.87,60.0,1.9,No Downtime,58.1,52,50,2,48,3.84,96.0,96.15,96.83,98.92,91.95,5.31,18.31,2
PureGlow Soaps International (Fictional Dummy Company),Global Manufacturing Head - PureGlow Soaps,Asia,Japan,Fukuoka,FCT012,Fukuoka Soap Plant,LN0035,Line-2,2026-07-09 17:00:00,2026-07-09,17,Afternoon,Charcoal Bar Soap,1.09,60.0,1.2,No Downtime,58.8,65,62,2,60,3.73,96.77,95.38,98.0,96.74,91.74,5.95,25.47,3
PureGlow Soaps International (Fictional Dummy Company),Global Manufacturing Head - PureGlow Soaps,Asia,Japan,Fukuoka,FCT012,Fukuoka Soap Plant,LN0036,Line-3,2026-07-09 17:00:00,2026-07-09,17,Afternoon,Lavender Bar Soap,0.98,60.0,14.6,Staff Shortage,45.4,59,36,1,35,1.53,97.22,61.02,75.67,80.91,59.52,3.59,22.1,3
PureGlow Soaps International (Fictional Dummy Company),Global Manufacturing Head - PureGlow Soaps,Asia,Japan,Fukuoka,FCT012,Fukuoka Soap Plant,LN0034,Line-1,2026-07-09 18:00:00,2026-07-09,18,Afternoon,Lemon Bar Soap,0.87,60.0,2.1,No Downtime,57.9,52,44,2,42,5.14,95.45,84.62,96.5,87.35,80.46,4.49,20.67,2
PureGlow Soaps International (Fictional Dummy Company),Global Manufacturing Head - PureGlow Soaps,Asia,Japan,Fukuoka,FCT012,Fukuoka Soap Plant,LN0035,Line-2,2026-07-09 18:00:00,2026-07-09,18,Afternoon,Charcoal Bar Soap,1.09,60.0,34.0,Material Shortage,26.0,65,24,0,24,0.91,100.0,36.92,43.33,84.69,36.7,2.16,10.43,2
PureGlow Soaps International (Fictional Dummy Company),Global Manufacturing Head - PureGlow Soaps,Asia,Japan,Fukuoka,FCT012,Fukuoka Soap Plant,LN0036,Line-3,2026-07-09 18:00:00,2026-07-09,18,Afternoon,Lavender Bar Soap,0.98,60.0,17.2,Material Shortage,42.8,59,39,1,38,2.39,97.44,66.1,71.33,92.98,64.62,4.05,19.93,1
PureGlow Soaps International (Fictional Dummy Company),Global Manufacturing Head - PureGlow Soaps,Asia,Japan,Fukuoka,FCT012,Fukuoka Soap Plant,LN0034,Line-1,2026-07-09 19:00:00,2026-07-09,19,Afternoon,Lemon Bar Soap,0.87,60.0,20.4,Machine Breakdown,39.6,52,32,1,31,3.7,96.88,61.54,66.0,92.88,59.39,2.93,13.55,1
PureGlow Soaps International (Fictional Dummy Company),Global Manufacturing Head - PureGlow Soaps,Asia,Japan,Fukuoka,FCT012,Fukuoka Soap Plant,LN0035,Line-2,2026-07-09 19:00:00,2026-07-09,19,Afternoon,Charcoal Bar Soap,1.09,60.0,2.4,No Downtime,57.6,65,61,2,59,4.03,96.72,93.85,96.0,97.16,90.21,5.99,23.14,1
PureGlow Soaps International (Fictional Dummy Company),Global Manufacturing Head - PureGlow Soaps,Asia,Japan,Fukuoka,FCT012,Fukuoka Soap Plant,LN0036,Line-3,2026-07-09 19:00:00,2026-07-09,19,Afternoon,Lavender Bar Soap,0.98,60.0,17.1,Machine Breakdown,42.9,59,34,1,33,1.75,97.06,57.63,71.5,80.87,56.12,3.09,20.67,3
PureGlow Soaps International (Fictional Dummy Company),Global Manufacturing Head - PureGlow Soaps,Asia,Japan,Fukuoka,FCT012,Fukuoka Soap Plant,LN0034,Line-1,2026-07-09 20:00:00,2026-07-09,20,Afternoon,Lemon Bar Soap,0.87,60.0,22.7,Power Outage,37.3,52,33,1,32,2.45,96.97,63.46,62.17,101.69,61.31,3.13,11.59,3
PureGlow Soaps International (Fictional Dummy Company),Global Manufacturing Head - PureGlow Soaps,Asia,Japan,Fukuoka,FCT012,Fukuoka Soap Plant,LN0035,Line-2,2026-07-09 20:00:00,2026-07-09,20,Afternoon,Charcoal Bar Soap,1.09,60.0,16.1,Preventive Maintenance,43.9,65,49,2,47,3.23,95.92,75.38,73.17,102.4,71.87,4.18,18.41,3
PureGlow Soaps International (Fictional Dummy Company),Global Manufacturing Head - PureGlow Soaps,Asia,Japan,Fukuoka,FCT012,Fukuoka Soap Plant,LN0036,Line-3,2026-07-09 20:00:00,2026-07-09,20,Afternoon,Lavender Bar Soap,0.98,60.0,0.5,No Downtime,59.5,59,57,1,56,2.09,98.25,96.61,99.17,97.75,95.24,4.88,29.08,1
PureGlow Soaps International (Fictional Dummy Company),Global Manufacturing Head - PureGlow Soaps,Asia,Japan,Fukuoka,FCT012,Fukuoka Soap Plant,LN0034,Line-1,2026-07-09 21:00:00,2026-07-09,21,Afternoon,Lemon Bar Soap,0.87,60.0,10.4,Changeover/Setup,49.6,52,37,1,36,3.3,97.3,71.15,82.67,85.74,68.97,3.62,16.95,2
PureGlow Soaps International (Fictional Dummy Company),Global Manufacturing Head - PureGlow Soaps,Asia,Japan,Fukuoka,FCT012,Fukuoka Soap Plant,LN0035,Line-2,2026-07-09 21:00:00,2026-07-09,21,Afternoon,Charcoal Bar Soap,1.09,60.0,0.6,No Downtime,59.4,65,58,1,57,2.24,98.28,89.23,99.0,89.58,87.16,5.13,28.48,3
PureGlow Soaps International (Fictional Dummy Company),Global Manufacturing Head - PureGlow Soaps,Asia,Japan,Fukuoka,FCT012,Fukuoka Soap Plant,LN0036,Line-3,2026-07-09 21:00:00,2026-07-09,21,Afternoon,Lavender Bar Soap,0.98,60.0,13.4,Changeover/Setup,46.6,59,39,1,38,2.84,97.44,66.1,77.67,85.4,64.63,4.08,23.56,2
PureGlow Soaps International (Fictional Dummy Company),Global Manufacturing Head - PureGlow Soaps,Asia,Japan,Fukuoka,FCT012,Fukuoka Soap Plant,LN0034,Line-1,2026-07-09 22:00:00,2026-07-09,22,Night,Lemon Bar Soap,0.87,60.0,0.1,No Downtime,59.9,52,49,1,48,2.59,97.96,94.23,99.83,94.03,91.96,4.17,20.91,3
PureGlow Soaps International (Fictional Dummy Company),Global Manufacturing Head - PureGlow Soaps,Asia,Japan,Fukuoka,FCT012,Fukuoka Soap Plant,LN0035,Line-2,2026-07-09 22:00:00,2026-07-09,22,Night,Charcoal Bar Soap,1.09,60.0,2.7,No Downtime,57.3,65,57,1,56,2.21,98.25,87.69,95.5,91.26,85.63,5.42,24.44,2
PureGlow Soaps International (Fictional Dummy Company),Global Manufacturing Head - PureGlow Soaps,Asia,Japan,Fukuoka,FCT012,Fukuoka Soap Plant,LN0036,Line-3,2026-07-09 22:00:00,2026-07-09,22,Night,Lavender Bar Soap,0.98,60.0,29.9,Machine Breakdown,30.1,59,27,1,26,2.0,96.3,45.76,50.17,91.53,44.22,2.87,16.4,1
PureGlow Soaps International (Fictional Dummy Company),Global Manufacturing Head - PureGlow Soaps,Asia,Japan,Fukuoka,FCT012,Fukuoka Soap Plant,LN0034,Line-1,2026-07-09 23:00:00,2026-07-09,23,Night,Lemon Bar Soap,0.87,60.0,31.9,Preventive Maintenance,28.1,52,23,1,22,3.98,95.65,44.23,46.83,94.08,42.14,2.46,8.94,2
PureGlow Soaps International (Fictional Dummy Company),Global Manufacturing Head - PureGlow Soaps,Asia,Japan,Fukuoka,FCT012,Fukuoka Soap Plant,LN0035,Line-2,2026-07-09 23:00:00,2026-07-09,23,Night,Charcoal Bar Soap,1.09,60.0,42.6,Machine Breakdown,17.4,65,16,0,16,2.85,100.0,24.62,29.0,84.36,24.46,1.39,7.79,3
PureGlow Soaps International (Fictional Dummy Company),Global Manufacturing Head - PureGlow Soaps,Asia,Japan,Fukuoka,FCT012,Fukuoka Soap Plant,LN0036,Line-3,2026-07-09 23:00:00,2026-07-09,23,Night,Lavender Bar Soap,0.98,60.0,39.3,Preventive Maintenance,20.7,59,20,1,19,3.38,95.0,33.9,34.5,98.59,32.31,1.91,9.66,2
PureGlow Soaps International (Fictional Dummy Company),Global Manufacturing Head - PureGlow Soaps,Asia,Japan,Fukuoka,FCT012,Fukuoka Soap Plant,LN0034,Line-1,2026-07-10 00:00:00,2026-07-10,0,Night,Neem Bar Soap,0.87,60.0,26.4,Machine Breakdown,33.6,52,24,1,23,4.76,95.83,46.15,56.0,82.1,44.06,2.19,10.83,3
PureGlow Soaps International (Fictional Dummy Company),Global Manufacturing Head - PureGlow Soaps,Asia,Japan,Fukuoka,FCT012,Fukuoka Soap Plant,LN0035,Line-2,2026-07-10 00:00:00,2026-07-10,0,Night,Neem Bar Soap,1.09,60.0,9.9,Changeover/Setup,50.1,65,54,1,53,1.49,98.15,83.08,83.5,98.88,81.04,5.19,21.02,1
PureGlow Soaps International (Fictional Dummy Company),Global Manufacturing Head - PureGlow Soaps,Asia,Japan,Fukuoka,FCT012,Fukuoka Soap Plant,LN0036,Line-3,2026-07-10 00:00:00,2026-07-10,0,Night,Aloe Vera Liquid Soap,0.98,60.0,32.5,Preventive Maintenance,27.5,59,23,1,22,4.91,95.65,38.98,45.83,85.34,37.41,2.29,13.15,3
PureGlow Soaps International (Fictional Dummy Company),Global Manufacturing Head - PureGlow Soaps,Asia,Japan,Fukuoka,FCT012,Fukuoka Soap Plant,LN0034,Line-1,2026-07-10 01:00:00,2026-07-10,1,Night,Neem Bar Soap,0.87,60.0,2.4,No Downtime,57.6,52,43,1,42,2.42,97.67,82.69,96.0,85.81,80.46,4.21,19.73,1
PureGlow Soaps International (Fictional Dummy Company),Global Manufacturing Head - PureGlow Soaps,Asia,Japan,Fukuoka,FCT012,Fukuoka Soap Plant,LN0035,Line-2,2026-07-10 01:00:00,2026-07-10,1,Night,Neem Bar Soap,1.09,60.0,32.8,Material Shortage,27.2,65,26,0,26,0.97,100.0,40.0,45.33,87.7,39.75,2.6,11.58,3
PureGlow Soaps International (Fictional Dummy Company),Global Manufacturing Head - PureGlow Soaps,Asia,Japan,Fukuoka,FCT012,Fukuoka Soap Plant,LN0036,Line-3,2026-07-10 01:00:00,2026-07-10,1,Night,Aloe Vera Liquid Soap,0.98,60.0,25.0,Material Shortage,35.0,59,30,1,29,2.32,96.67,50.85,58.33,87.46,49.32,3.12,17.58,3
PureGlow Soaps International (Fictional Dummy Company),Global Manufacturing Head - PureGlow Soaps,Asia,Japan,Fukuoka,FCT012,Fukuoka Soap Plant,LN0034,Line-1,2026-07-10 02:00:00,2026-07-10,2,Night,Neem Bar Soap,0.87,60.0,39.8,Machine Breakdown,20.2,52,15,0,15,3.03,100.0,28.85,33.67,85.35,28.74,1.43,7.07,1
PureGlow Soaps International (Fictional Dummy Company),Global Manufacturing Head - PureGlow Soaps,Asia,Japan,Fukuoka,FCT012,Fukuoka Soap Plant,LN0035,Line-2,2026-07-10 02:00:00,2026-07-10,2,Night,Neem Bar Soap,1.09,60.0,0.3,No Downtime,59.7,65,54,2,52,4.49,96.3,83.08,99.5,82.98,79.51,4.99,23.55,2
PureGlow Soaps International (Fictional Dummy Company),Global Manufacturing Head - PureGlow Soaps,Asia,Japan,Fukuoka,FCT012,Fukuoka Soap Plant,LN0036,Line-3,2026-07-10 02:00:00,2026-07-10,2,Night,Aloe Vera Liquid Soap,0.98,60.0,16.2,Quality Hold,43.8,59,43,2,41,4.13,95.35,72.88,73.0,100.18,69.73,3.71,22.86,1
PureGlow Soaps International (Fictional Dummy Company),Global Manufacturing Head - PureGlow Soaps,Asia,Japan,Fukuoka,FCT012,Fukuoka Soap Plant,LN0034,Line-1,2026-07-10 03:00:00,2026-07-10,3,Night,Neem Bar Soap,0.87,60.0,1.7,No Downtime,58.3,52,42,1,41,1.4,97.62,80.77,97.17,82.81,78.55,3.77,20.24,1
PureGlow Soaps International (Fictional Dummy Company),Global Manufacturing Head - PureGlow Soaps,Asia,Japan,Fukuoka,FCT012,Fukuoka Soap Plant,LN0035,Line-2,2026-07-10 03:00:00,2026-07-10,3,Night,Neem Bar Soap,1.09,60.0,20.8,Machine Breakdown,39.2,65,37,2,35,5.47,94.59,56.92,65.33,86.59,53.51,3.24,18.82,2
PureGlow Soaps International (Fictional Dummy Company),Global Manufacturing Head - PureGlow Soaps,Asia,Japan,Fukuoka,FCT012,Fukuoka Soap Plant,LN0036,Line-3,2026-07-10 03:00:00,2026-07-10,3,Night,Aloe Vera Liquid Soap,0.98,60.0,19.8,Power Outage,40.2,59,32,1,31,3.06,96.88,54.24,67.0,81.23,52.73,2.84,19.46,2
PureGlow Soaps International (Fictional Dummy Company),Global Manufacturing Head - PureGlow Soaps,Asia,Japan,Fukuoka,FCT012,Fukuoka Soap Plant,LN0034,Line-1,2026-07-10 04:00:00,2026-07-10,4,Night,Neem Bar Soap,0.87,60.0,1.7,No Downtime,58.3,52,48,2,46,3.23,95.83,92.31,97.17,94.64,88.13,5.23,20.19,1
PureGlow Soaps International (Fictional Dummy Company),Global Manufacturing Head - PureGlow Soaps,Asia,Japan,Fukuoka,FCT012,Fukuoka Soap Plant,LN0035,Line-2,2026-07-10 04:00:00,2026-07-10,4,Night,Neem Bar Soap,1.09,60.0,30.2,Material Shortage,29.8,65,26,1,25,3.59,96.15,40.0,49.67,80.04,38.23,2.63,12.24,2
PureGlow Soaps International (Fictional Dummy Company),Global Manufacturing Head - PureGlow Soaps,Asia,Japan,Fukuoka,FCT012,Fukuoka Soap Plant,LN0036,Line-3,2026-07-10 04:00:00,2026-07-10,4,Night,Aloe Vera Liquid Soap,0.98,60.0,12.0,Material Shortage,48.0,59,41,1,40,3.3,97.56,69.49,80.0,87.16,68.03,4.26,21.86,2
PureGlow Soaps International (Fictional Dummy Company),Global Manufacturing Head - PureGlow Soaps,Asia,Japan,Fukuoka,FCT012,Fukuoka Soap Plant,LN0034,Line-1,2026-07-10 05:00:00,2026-07-10,5,Night,Neem Bar Soap,0.87,60.0,1.7,No Downtime,58.3,52,41,1,40,3.05,97.56,78.85,97.17,80.83,76.63,4.14,20.3,3
PureGlow Soaps International (Fictional Dummy Company),Global Manufacturing Head - PureGlow Soaps,Asia,Japan,Fukuoka,FCT012,Fukuoka Soap Plant,LN0035,Line-2,2026-07-10 05:00:00,2026-07-10,5,Night,Neem Bar Soap,1.09,60.0,15.9,Preventive Maintenance,44.1,65,49,1,48,1.81,97.96,75.38,73.5,101.94,73.4,4.8,20.55,3
PureGlow Soaps International (Fictional Dummy Company),Global Manufacturing Head - PureGlow Soaps,Asia,Japan,Fukuoka,FCT012,Fukuoka Soap Plant,LN0036,Line-3,2026-07-10 05:00:00,2026-07-10,5,Night,Aloe Vera Liquid Soap,0.98,60.0,3.7,No Downtime,56.3,59,50,1,49,1.63,98.0,84.75,93.83,90.62,83.33,5.06,29.11,1
PureGlow Soaps International (Fictional Dummy Company),Global Manufacturing Head - PureGlow Soaps,Asia,Japan,Fukuoka,FCT012,Fukuoka Soap Plant,LN0034,Line-1,2026-07-10 06:00:00,2026-07-10,6,Morning,Neem Bar Soap,0.87,60.0,30.8,Material Shortage,29.2,52,26,0,26,1.38,100.0,50.0,48.67,102.35,49.81,2.36,10.28,2
PureGlow Soaps International (Fictional Dummy Company),Global Manufacturing Head - PureGlow Soaps,Asia,Japan,Fukuoka,FCT012,Fukuoka Soap Plant,LN0035,Line-2,2026-07-10 06:00:00,2026-07-10,6,Morning,Neem Bar Soap,1.09,60.0,3.8,No Downtime,56.2,65,52,0,52,0.0,100.0,80.0,93.67,84.89,79.52,4.92,25.43,1
PureGlow Soaps International (Fictional Dummy Company),Global Manufacturing Head - PureGlow Soaps,Asia,Japan,Fukuoka,FCT012,Fukuoka Soap Plant,LN0036,Line-3,2026-07-10 06:00:00,2026-07-10,6,Morning,Aloe Vera Liquid Soap,0.98,60.0,3.4,No Downtime,56.6,59,52,1,51,1.41,98.08,88.14,94.33,93.75,86.74,5.42,25.89,1
PureGlow Soaps International (Fictional Dummy Company),Global Manufacturing Head - PureGlow Soaps,Asia,Japan,Fukuoka,FCT012,Fukuoka Soap Plant,LN0034,Line-1,2026-07-10 07:00:00,2026-07-10,7,Morning,Neem Bar Soap,0.87,60.0,20.5,Material Shortage,39.5,52,28,1,27,2.25,96.43,53.85,65.83,81.48,51.72,2.38,12.19,3
PureGlow Soaps International (Fictional Dummy Company),Global Manufacturing Head - PureGlow Soaps,Asia,Japan,Fukuoka,FCT012,Fukuoka Soap Plant,LN0035,Line-2,2026-07-10 07:00:00,2026-07-10,7,Morning,Neem Bar Soap,1.09,60.0,43.9,Machine Breakdown,16.1,65,16,0,16,2.93,100.0,24.62,26.83,91.17,24.46,1.64,6.48,1
PureGlow Soaps International (Fictional Dummy Company),Global Manufacturing Head - PureGlow Soaps,Asia,Japan,Fukuoka,FCT012,Fukuoka Soap Plant,LN0036,Line-3,2026-07-10 07:00:00,2026-07-10,7,Morning,Aloe Vera Liquid Soap,0.98,60.0,10.6,Quality Hold,49.4,59,45,3,42,6.46,93.33,76.27,82.33,92.95,71.42,4.2,26.79,3
PureGlow Soaps International (Fictional Dummy Company),Global Manufacturing Head - PureGlow Soaps,Asia,Japan,Fukuoka,FCT012,Fukuoka Soap Plant,LN0034,Line-1,2026-07-10 08:00:00,2026-07-10,8,Morning,Neem Bar Soap,0.87,60.0,2.6,No Downtime,57.4,52,48,2,46,3.59,95.83,92.31,95.67,96.12,88.12,5.2,19.26,3
PureGlow Soaps International (Fictional Dummy Company),Global Manufacturing Head - PureGlow Soaps,Asia,Japan,Fukuoka,FCT012,Fukuoka Soap Plant,LN0035,Line-2,2026-07-10 08:00:00,2026-07-10,8,Morning,Neem Bar Soap,1.09,60.0,3.0,No Downtime,57.0,65,60,0,60,0.45,100.0,92.31,95.0,96.57,91.74,6.24,23.21,2
PureGlow Soaps International (Fictional Dummy Company),Global Manufacturing Head - PureGlow Soaps,Asia,Japan,Fukuoka,FCT012,Fukuoka Soap Plant,LN0036,Line-3,2026-07-10 08:00:00,2026-07-10,8,Morning,Aloe Vera Liquid Soap,0.98,60.0,1.8,No Downtime,58.2,59,57,2,55,3.61,96.49,96.61,97.0,99.94,93.54,6.22,31.81,3
PureGlow Soaps International (Fictional Dummy Company),Global Manufacturing Head - PureGlow Soaps,Asia,Japan,Fukuoka,FCT012,Fukuoka Soap Plant,LN0034,Line-1,2026-07-10 09:00:00,2026-07-10,9,Morning,Neem Bar Soap,0.87,60.0,18.2,Machine Breakdown,41.8,52,35,0,35,1.29,100.0,67.31,69.67,96.24,67.05,3.32,13.27,1
PureGlow Soaps International (Fictional Dummy Company),Global Manufacturing Head - PureGlow Soaps,Asia,Japan,Fukuoka,FCT012,Fukuoka Soap Plant,LN0035,Line-2,2026-07-10 09:00:00,2026-07-10,9,Morning,Neem Bar Soap,1.09,60.0,24.7,Preventive Maintenance,35.3,65,36,1,35,3.4,97.22,55.38,58.83,93.56,53.51,3.94,16.41,2
PureGlow Soaps International (Fictional Dummy Company),Global Manufacturing Head - PureGlow Soaps,Asia,Japan,Fukuoka,FCT012,Fukuoka Soap Plant,LN0036,Line-3,2026-07-10 09:00:00,2026-07-10,9,Morning,Aloe Vera Liquid Soap,0.98,60.0,10.1,Machine Breakdown,49.9,59,40,1,39,2.0,97.5,67.8,83.17,81.8,66.33,4.08,24.72,1
PureGlow Soaps International (Fictional Dummy Company),Global Manufacturing Head - PureGlow Soaps,Asia,Japan,Fukuoka,FCT012,Fukuoka Soap Plant,LN0034,Line-1,2026-07-10 10:00:00,2026-07-10,10,Morning,Neem Bar Soap,0.87,60.0,1.4,No Downtime,58.6,52,48,2,46,4.12,95.83,92.31,97.67,94.15,88.12,4.43,19.09,1
PureGlow Soaps International (Fictional Dummy Company),Global Manufacturing Head - PureGlow Soaps,Asia,Japan,Fukuoka,FCT012,Fukuoka Soap Plant,LN0035,Line-2,2026-07-10 10:00:00,2026-07-10,10,Morning,Neem Bar Soap,1.09,60.0,3.0,No Downtime,57.0,65,52,1,51,1.95,98.08,80.0,95.0,83.7,77.99,5.59,25.79,2
PureGlow Soaps International (Fictional Dummy Company),Global Manufacturing Head - PureGlow Soaps,Asia,Japan,Fukuoka,FCT012,Fukuoka Soap Plant,LN0036,Line-3,2026-07-10 10:00:00,2026-07-10,10,Morning,Aloe Vera Liquid Soap,0.98,60.0,35.6,Machine Breakdown,24.4,59,24,1,23,4.81,95.83,40.68,40.67,100.37,39.12,2.31,11.11,3
PureGlow Soaps International (Fictional Dummy Company),Global Manufacturing Head - PureGlow Soaps,Asia,Japan,Fukuoka,FCT012,Fukuoka Soap Plant,LN0034,Line-1,2026-07-10 11:00:00,2026-07-10,11,Morning,Neem Bar Soap,0.87,60.0,8.5,Changeover/Setup,51.5,52,46,1,45,2.69,97.83,88.46,85.83,102.67,86.21,4.76,15.47,1
PureGlow Soaps International (Fictional Dummy Company),Global Manufacturing Head - PureGlow Soaps,Asia,Japan,Fukuoka,FCT012,Fukuoka Soap Plant,LN0035,Line-2,2026-07-10 11:00:00,2026-07-10,11,Morning,Neem Bar Soap,1.09,60.0,2.5,No Downtime,57.5,65,58,3,55,5.29,94.83,89.23,95.83,92.54,84.1,5.44,24.91,3
PureGlow Soaps International (Fictional Dummy Company),Global Manufacturing Head - PureGlow Soaps,Asia,Japan,Fukuoka,FCT012,Fukuoka Soap Plant,LN0036,Line-3,2026-07-10 11:00:00,2026-07-10,11,Morning,Aloe Vera Liquid Soap,0.98,60.0,18.3,Machine Breakdown,41.7,59,36,1,35,3.58,97.22,61.02,69.5,88.09,59.52,3.74,21.47,3
PureGlow Soaps International (Fictional Dummy Company),Global Manufacturing Head - PureGlow Soaps,Asia,Japan,Fukuoka,FCT012,Fukuoka Soap Plant,LN0034,Line-1,2026-07-10 12:00:00,2026-07-10,12,Morning,Neem Bar Soap,0.87,60.0,14.5,Changeover/Setup,45.5,52,37,1,36,4.0,97.3,71.15,75.83,93.47,68.96,3.33,14.49,2
PureGlow Soaps International (Fictional Dummy Company),Global Manufacturing Head - PureGlow Soaps,Asia,Japan,Fukuoka,FCT012,Fukuoka Soap Plant,LN0035,Line-2,2026-07-10 12:00:00,2026-07-10,12,Morning,Neem Bar Soap,1.09,60.0,15.2,Preventive Maintenance,44.8,65,48,1,47,2.89,97.92,73.85,74.67,98.3,71.87,5.19,21.34,2
PureGlow Soaps International (Fictional Dummy Company),Global Manufacturing Head - PureGlow Soaps,Asia,Japan,Fukuoka,FCT012,Fukuoka Soap Plant,LN0036,Line-3,2026-07-10 12:00:00,2026-07-10,12,Morning,Aloe Vera Liquid Soap,0.98,60.0,1.5,No Downtime,58.5,59,48,0,48,0.83,100.0,81.36,97.5,83.73,81.64,4.13,30.15,2
PureGlow Soaps International (Fictional Dummy Company),Global Manufacturing Head - PureGlow Soaps,Asia,Japan,Fukuoka,FCT012,Fukuoka Soap Plant,LN0034,Line-1,2026-07-10 13:00:00,2026-07-10,13,Morning,Neem Bar Soap,0.87,60.0,22.9,Preventive Maintenance,37.1,52,28,1,27,2.19,96.43,53.85,61.83,86.75,51.72,2.68,13.28,3
PureGlow Soaps International (Fictional Dummy Company),Global Manufacturing Head - PureGlow Soaps,Asia,Japan,Fukuoka,FCT012,Fukuoka Soap Plant,LN0035,Line-2,2026-07-10 13:00:00,2026-07-10,13,Morning,Neem Bar Soap,1.09,60.0,12.0,Staff Shortage,48.0,65,50,1,49,2.75,98.0,76.92,80.0,95.57,74.93,4.8,19.42,2
PureGlow Soaps International (Fictional Dummy Company),Global Manufacturing Head - PureGlow Soaps,Asia,Japan,Fukuoka,FCT012,Fukuoka Soap Plant,LN0036,Line-3,2026-07-10 13:00:00,2026-07-10,13,Morning,Aloe Vera Liquid Soap,0.98,60.0,25.4,Material Shortage,34.6,59,34,1,33,3.39,97.06,57.63,57.67,100.27,56.13,3.43,16.68,1
PureGlow Soaps International (Fictional Dummy Company),Global Manufacturing Head - PureGlow Soaps,Asia,Japan,Fukuoka,FCT012,Fukuoka Soap Plant,LN0034,Line-1,2026-07-10 14:00:00,2026-07-10,14,Afternoon,Neem Bar Soap,0.87,60.0,0.9,No Downtime,59.1,52,47,1,46,2.14,97.87,90.38,98.5,91.41,88.12,4.87,17.84,3
PureGlow Soaps International (Fictional Dummy Company),Global Manufacturing Head - PureGlow Soaps,Asia,Japan,Fukuoka,FCT012,Fukuoka Soap Plant,LN0035,Line-2,2026-07-10 14:00:00,2026-07-10,14,Afternoon,Neem Bar Soap,1.09,60.0,2.0,No Downtime,58.0,65,53,2,51,4.17,96.23,81.54,96.67,83.83,77.98,5.34,27.75,1
PureGlow Soaps International (Fictional Dummy Company),Global Manufacturing Head - PureGlow Soaps,Asia,Japan,Fukuoka,FCT012,Fukuoka Soap Plant,LN0036,Line-3,2026-07-10 14:00:00,2026-07-10,14,Afternoon,Aloe Vera Liquid Soap,0.98,60.0,18.7,Changeover/Setup,41.3,59,37,0,37,0.0,100.0,62.71,68.83,91.42,62.92,4.0,21.19,1
PureGlow Soaps International (Fictional Dummy Company),Global Manufacturing Head - PureGlow Soaps,Asia,Japan,Fukuoka,FCT012,Fukuoka Soap Plant,LN0034,Line-1,2026-07-10 15:00:00,2026-07-10,15,Afternoon,Neem Bar Soap,0.87,60.0,19.9,Changeover/Setup,40.1,52,32,1,31,2.32,96.88,61.54,66.83,91.72,59.38,2.91,13.69,2
PureGlow Soaps International (Fictional Dummy Company),Global Manufacturing Head - PureGlow Soaps,Asia,Japan,Fukuoka,FCT012,Fukuoka Soap Plant,LN0035,Line-2,2026-07-10 15:00:00,2026-07-10,15,Afternoon,Neem Bar Soap,1.09,60.0,37.0,Preventive Maintenance,23.0,65,24,1,23,3.47,95.83,36.92,38.33,95.73,35.16,2.49,9.77,3
PureGlow Soaps International (Fictional Dummy Company),Global Manufacturing Head - PureGlow Soaps,Asia,Japan,Fukuoka,FCT012,Fukuoka Soap Plant,LN0036,Line-3,2026-07-10 15:00:00,2026-07-10,15,Afternoon,Aloe Vera Liquid Soap,0.98,60.0,23.6,Machine Breakdown,36.4,59,34,1,33,2.93,97.06,57.63,60.67,95.31,56.12,3.57,17.23,3
PureGlow Soaps International (Fictional Dummy Company),Global Manufacturing Head - PureGlow Soaps,Asia,Japan,Fukuoka,FCT012,Fukuoka Soap Plant,LN0034,Line-1,2026-07-10 16:00:00,2026-07-10,16,Afternoon,Neem Bar Soap,0.87,60.0,19.9,Changeover/Setup,40.1,52,28,0,28,1.41,100.0,53.85,66.83,80.26,53.64,2.93,11.92,2
PureGlow Soaps International (Fictional Dummy Company),Global Manufacturing Head - PureGlow Soaps,Asia,Japan,Fukuoka,FCT012,Fukuoka Soap Plant,LN0035,Line-2,2026-07-10 16:00:00,2026-07-10,16,Afternoon,Neem Bar Soap,1.09,60.0,44.4,Machine Breakdown,15.6,65,14,0,14,3.45,100.0,21.54,26.0,82.33,21.41,1.31,6.45,1
PureGlow Soaps International (Fictional Dummy Company),Global Manufacturing Head - PureGlow Soaps,Asia,Japan,Fukuoka,FCT012,Fukuoka Soap Plant,LN0036,Line-3,2026-07-10 16:00:00,2026-07-10,16,Afternoon,Aloe Vera Liquid Soap,0.98,60.0,15.2,Quality Hold,44.8,59,44,4,40,8.35,90.91,74.58,74.67,100.22,68.03,3.97,23.58,1
PureGlow Soaps International (Fictional Dummy Company),Global Manufacturing Head - PureGlow Soaps,Asia,Japan,Fukuoka,FCT012,Fukuoka Soap Plant,LN0034,Line-1,2026-07-10 17:00:00,2026-07-10,17,Afternoon,Neem Bar Soap,0.87,60.0,15.9,Changeover/Setup,44.1,52,36,0,36,0.4,100.0,69.23,73.5,93.83,68.97,3.08,14.73,1
PureGlow Soaps International (Fictional Dummy Company),Global Manufacturing Head - PureGlow Soaps,Asia,Japan,Fukuoka,FCT012,Fukuoka Soap Plant,LN0035,Line-2,2026-07-10 17:00:00,2026-07-10,17,Afternoon,Neem Bar Soap,1.09,60.0,1.6,No Downtime,58.4,65,59,1,58,2.06,98.31,90.77,97.33,92.69,88.69,5.21,27.04,1
PureGlow Soaps International (Fictional Dummy Company),Global Manufacturing Head - PureGlow Soaps,Asia,Japan,Fukuoka,FCT012,Fukuoka Soap Plant,LN0036,Line-3,2026-07-10 17:00:00,2026-07-10,17,Afternoon,Aloe Vera Liquid Soap,0.98,60.0,34.7,Machine Breakdown,25.3,59,24,0,24,1.24,100.0,40.68,42.17,96.8,40.82,2.63,11.97,2
PureGlow Soaps International (Fictional Dummy Company),Global Manufacturing Head - PureGlow Soaps,Asia,Japan,Fukuoka,FCT012,Fukuoka Soap Plant,LN0034,Line-1,2026-07-10 18:00:00,2026-07-10,18,Afternoon,Neem Bar Soap,0.87,60.0,3.7,No Downtime,56.3,52,50,2,48,4.12,96.0,96.15,93.83,102.08,91.95,5.42,18.55,3
PureGlow Soaps International (Fictional Dummy Company),Global Manufacturing Head - PureGlow Soaps,Asia,Japan,Fukuoka,FCT012,Fukuoka Soap Plant,LN0035,Line-2,2026-07-10 18:00:00,2026-07-10,18,Afternoon,Neem Bar Soap,1.09,60.0,11.7,Quality Hold,48.3,65,42,2,40,5.84,95.24,64.62,80.5,79.78,61.17,3.98,21.93,1
PureGlow Soaps International (Fictional Dummy Company),Global Manufacturing Head - PureGlow Soaps,Asia,Japan,Fukuoka,FCT012,Fukuoka Soap Plant,LN0036,Line-3,2026-07-10 18:00:00,2026-07-10,18,Afternoon,Aloe Vera Liquid Soap,0.98,60.0,3.6,No Downtime,56.4,59,50,1,49,2.01,98.0,84.75,94.0,90.46,83.33,4.8,26.02,2
PureGlow Soaps International (Fictional Dummy Company),Global Manufacturing Head - PureGlow Soaps,Asia,Japan,Fukuoka,FCT012,Fukuoka Soap Plant,LN0034,Line-1,2026-07-10 19:00:00,2026-07-10,19,Afternoon,Neem Bar Soap,0.87,60.0,4.0,No Downtime,56.0,52,43,1,42,2.75,97.67,82.69,93.33,88.26,80.45,3.83,19.68,2
PureGlow Soaps International (Fictional Dummy Company),Global Manufacturing Head - PureGlow Soaps,Asia,Japan,Fukuoka,FCT012,Fukuoka Soap Plant,LN0035,Line-2,2026-07-10 19:00:00,2026-07-10,19,Afternoon,Neem Bar Soap,1.09,60.0,14.0,Changeover/Setup,46.0,65,43,1,42,3.15,97.67,66.15,76.67,85.76,64.22,4.36,18.15,3
PureGlow Soaps International (Fictional Dummy Company),Global Manufacturing Head - PureGlow Soaps,Asia,Japan,Fukuoka,FCT012,Fukuoka Soap Plant,LN0036,Line-3,2026-07-10 19:00:00,2026-07-10,19,Afternoon,Aloe Vera Liquid Soap,0.98,60.0,3.0,No Downtime,57.0,59,53,2,51,3.61,96.23,89.83,95.0,94.88,86.74,4.65,31.48,3
PureGlow Soaps International (Fictional Dummy Company),Global Manufacturing Head - PureGlow Soaps,Asia,Japan,Fukuoka,FCT012,Fukuoka Soap Plant,LN0034,Line-1,2026-07-10 20:00:00,2026-07-10,20,Afternoon,Neem Bar Soap,0.87,60.0,23.9,Material Shortage,36.1,52,27,1,26,2.77,96.3,51.92,60.17,85.97,49.81,2.89,11.76,3
PureGlow Soaps International (Fictional Dummy Company),Global Manufacturing Head - PureGlow Soaps,Asia,Japan,Fukuoka,FCT012,Fukuoka Soap Plant,LN0035,Line-2,2026-07-10 20:00:00,2026-07-10,20,Afternoon,Neem Bar Soap,1.09,60.0,2.7,No Downtime,57.3,65,57,3,54,4.92,94.74,87.69,95.5,91.26,82.57,5.02,24.64,3
PureGlow Soaps International (Fictional Dummy Company),Global Manufacturing Head - PureGlow Soaps,Asia,Japan,Fukuoka,FCT012,Fukuoka Soap Plant,LN0036,Line-3,2026-07-10 20:00:00,2026-07-10,20,Afternoon,Aloe Vera Liquid Soap,0.98,60.0,24.8,Power Outage,35.2,59,31,1,30,2.68,96.77,52.54,58.67,89.87,51.02,2.93,18.24,3
PureGlow Soaps International (Fictional Dummy Company),Global Manufacturing Head - PureGlow Soaps,Asia,Japan,Fukuoka,FCT012,Fukuoka Soap Plant,LN0034,Line-1,2026-07-10 21:00:00,2026-07-10,21,Afternoon,Neem Bar Soap,0.87,60.0,3.3,No Downtime,56.7,52,43,1,42,2.3,97.67,82.69,94.5,87.17,80.46,3.89,19.17,3
PureGlow Soaps International (Fictional Dummy Company),Global Manufacturing Head - PureGlow Soaps,Asia,Japan,Fukuoka,FCT012,Fukuoka Soap Plant,LN0035,Line-2,2026-07-10 21:00:00,2026-07-10,21,Afternoon,Neem Bar Soap,1.09,60.0,8.5,Changeover/Setup,51.5,65,51,2,49,3.56,96.08,78.46,85.83,90.85,74.92,5.46,23.79,2
PureGlow Soaps International (Fictional Dummy Company),Global Manufacturing Head - PureGlow Soaps,Asia,Japan,Fukuoka,FCT012,Fukuoka Soap Plant,LN0036,Line-3,2026-07-10 21:00:00,2026-07-10,21,Afternoon,Aloe Vera Liquid Soap,0.98,60.0,44.8,Machine Breakdown,15.2,59,14,0,14,1.52,100.0,23.73,25.33,93.98,23.81,1.2,7.17,2
PureGlow Soaps International (Fictional Dummy Company),Global Manufacturing Head - PureGlow Soaps,Asia,Japan,Fukuoka,FCT012,Fukuoka Soap Plant,LN0034,Line-1,2026-07-10 22:00:00,2026-07-10,22,Night,Neem Bar Soap,0.87,60.0,2.7,No Downtime,57.3,52,50,1,49,1.83,98.0,96.15,95.5,100.3,93.87,4.71,18.62,3
PureGlow Soaps International (Fictional Dummy Company),Global Manufacturing Head - PureGlow Soaps,Asia,Japan,Fukuoka,FCT012,Fukuoka Soap Plant,LN0035,Line-2,2026-07-10 22:00:00,2026-07-10,22,Night,Neem Bar Soap,1.09,60.0,14.2,Quality Hold,45.8,65,47,3,44,7.11,93.62,72.31,76.33,94.15,67.28,4.91,19.92,1
PureGlow Soaps International (Fictional Dummy Company),Global Manufacturing Head - PureGlow Soaps,Asia,Japan,Fukuoka,FCT012,Fukuoka Soap Plant,LN0036,Line-3,2026-07-10 22:00:00,2026-07-10,22,Night,Aloe Vera Liquid Soap,0.98,60.0,16.5,Changeover/Setup,43.5,59,35,1,34,2.8,97.14,59.32,72.5,82.1,57.82,3.22,22.54,1
PureGlow Soaps International (Fictional Dummy Company),Global Manufacturing Head - PureGlow Soaps,Asia,Japan,Fukuoka,FCT012,Fukuoka Soap Plant,LN0034,Line-1,2026-07-10 23:00:00,2026-07-10,23,Night,Neem Bar Soap,0.87,60.0,19.5,Staff Shortage,40.5,52,33,1,32,2.75,96.97,63.46,67.5,93.66,61.3,3.31,12.58,1
PureGlow Soaps International (Fictional Dummy Company),Global Manufacturing Head - PureGlow Soaps,Asia,Japan,Fukuoka,FCT012,Fukuoka Soap Plant,LN0035,Line-2,2026-07-10 23:00:00,2026-07-10,23,Night,Neem Bar Soap,1.09,60.0,3.3,No Downtime,56.7,65,54,2,52,3.07,96.3,83.08,94.5,87.37,79.51,4.64,22.64,3
PureGlow Soaps International (Fictional Dummy Company),Global Manufacturing Head - PureGlow Soaps,Asia,Japan,Fukuoka,FCT012,Fukuoka Soap Plant,LN0036,Line-3,2026-07-10 23:00:00,2026-07-10,23,Night,Aloe Vera Liquid Soap,0.98,60.0,0.5,No Downtime,59.5,59,51,2,49,4.18,96.08,86.44,99.17,87.46,83.33,4.86,31.41,2
