Company,Global_Head,Continent,Country,City,Factory_ID,Factory_Name,Production_Line_ID,Production_Line_Name,Timestamp,Date,Hour_of_Day,Shift,Product_SKU,Rated_Speed_Units_per_Min,Planned_Runtime_Minutes,Downtime_Minutes,Downtime_Reason,Actual_Runtime_Minutes,Planned_Target_Units,Actual_Units_Produced,Rejected_Units,Good_Units,Defect_Rate_Percent,Quality_Score_Percent,Production_Attainment_Percent,Availability_Percent,Performance_Percent,OEE_Percent,Raw_Material_Consumed_Kg,Energy_Consumed_kWh,Operator_Count
PureGlow Soaps International (Fictional Dummy Company),Global Manufacturing Head - PureGlow Soaps,Asia,India,Mumbai,FCT001,Mumbai Soap Plant,LN0001,Line-1,2026-07-01 00:00:00,2026-07-01,0,Night,Lemon Bar Soap,1.07,60.0,10.9,Changeover/Setup,49.1,64,46,1,45,2.42,97.83,71.88,81.83,87.56,70.1,3.98,16.59,1
PureGlow Soaps International (Fictional Dummy Company),Global Manufacturing Head - PureGlow Soaps,Asia,India,Mumbai,FCT001,Mumbai Soap Plant,LN0002,Line-2,2026-07-01 00:00:00,2026-07-01,0,Night,Lavender Bar Soap,0.99,60.0,19.6,Quality Hold,40.4,59,32,3,29,8.15,90.62,54.24,67.33,80.01,48.82,3.45,27.23,3
PureGlow Soaps International (Fictional Dummy Company),Global Manufacturing Head - PureGlow Soaps,Asia,India,Mumbai,FCT001,Mumbai Soap Plant,LN0003,Line-3,2026-07-01 00:00:00,2026-07-01,0,Night,Lemon Bar Soap,1.37,60.0,34.7,Machine Breakdown,25.3,82,30,1,29,4.2,96.67,36.59,42.17,86.55,35.28,2.94,7.55,2
PureGlow Soaps International (Fictional Dummy Company),Global Manufacturing Head - PureGlow Soaps,Asia,India,Mumbai,FCT001,Mumbai Soap Plant,LN0001,Line-1,2026-07-01 01:00:00,2026-07-01,1,Night,Lemon Bar Soap,1.07,60.0,25.4,Machine Breakdown,34.6,64,30,2,28,5.17,93.33,46.88,57.67,81.03,43.61,3.08,11.76,2
PureGlow Soaps International (Fictional Dummy Company),Global Manufacturing Head - PureGlow Soaps,Asia,India,Mumbai,FCT001,Mumbai Soap Plant,LN0002,Line-2,2026-07-01 01:00:00,2026-07-01,1,Night,Lavender Bar Soap,0.99,60.0,0.8,No Downtime,59.2,59,47,2,45,3.47,95.74,79.66,98.67,80.19,75.75,4.88,40.21,3
PureGlow Soaps International (Fictional Dummy Company),Global Manufacturing Head - PureGlow Soaps,Asia,India,Mumbai,FCT001,Mumbai Soap Plant,LN0003,Line-3,2026-07-01 01:00:00,2026-07-01,1,Night,Lemon Bar Soap,1.37,60.0,0.9,No Downtime,59.1,82,75,3,72,3.48,96.0,91.46,98.5,92.63,87.59,6.43,17.84,2
PureGlow Soaps International (Fictional Dummy Company),Global Manufacturing Head - PureGlow Soaps,Asia,India,Mumbai,FCT001,Mumbai Soap Plant,LN0001,Line-1,2026-07-01 02:00:00,2026-07-01,2,Night,Lemon Bar Soap,1.07,60.0,23.1,Power Outage,36.9,64,37,1,36,1.78,97.3,57.81,61.5,93.71,56.08,3.48,12.04,2
PureGlow Soaps International (Fictional Dummy Company),Global Manufacturing Head - PureGlow Soaps,Asia,India,Mumbai,FCT001,Mumbai Soap Plant,LN0002,Line-2,2026-07-01 02:00:00,2026-07-01,2,Night,Lavender Bar Soap,0.99,60.0,0.8,No Downtime,59.2,59,53,2,51,4.46,96.23,89.83,98.67,90.43,85.86,5.75,33.35,1
PureGlow Soaps International (Fictional Dummy Company),Global Manufacturing Head - PureGlow Soaps,Asia,India,Mumbai,FCT001,Mumbai Soap Plant,LN0003,Line-3,2026-07-01 02:00:00,2026-07-01,2,Night,Lemon Bar Soap,1.37,60.0,11.7,Machine Breakdown,48.3,82,58,2,56,4.13,96.55,70.73,80.5,87.65,68.12,4.99,15.52,2
PureGlow Soaps International (Fictional Dummy Company),Global Manufacturing Head - PureGlow Soaps,Asia,India,Mumbai,FCT001,Mumbai Soap Plant,LN0001,Line-1,2026-07-01 03:00:00,2026-07-01,3,Night,Lemon Bar Soap,1.07,60.0,20.3,Staff Shortage,39.7,64,42,2,40,4.53,95.24,65.62,66.17,98.87,62.31,3.6,12.8,3
PureGlow Soaps International (Fictional Dummy Company),Global Manufacturing Head - PureGlow Soaps,Asia,India,Mumbai,FCT001,Mumbai Soap Plant,LN0002,Line-2,2026-07-01 03:00:00,2026-07-01,3,Night,Lavender Bar Soap,0.99,60.0,0.4,No Downtime,59.6,59,52,2,50,3.36,96.15,88.14,99.33,88.13,84.17,5.58,35.92,1
PureGlow Soaps International (Fictional Dummy Company),Global Manufacturing Head - PureGlow Soaps,Asia,India,Mumbai,FCT001,Mumbai Soap Plant,LN0003,Line-3,2026-07-01 03:00:00,2026-07-01,3,Night,Lemon Bar Soap,1.37,60.0,13.5,Changeover/Setup,46.5,82,65,2,63,3.67,96.92,79.27,77.5,102.03,76.64,7.14,14.49,2
PureGlow Soaps International (Fictional Dummy Company),Global Manufacturing Head - PureGlow Soaps,Asia,India,Mumbai,FCT001,Mumbai Soap Plant,LN0001,Line-1,2026-07-01 04:00:00,2026-07-01,4,Night,Lemon Bar Soap,1.07,60.0,9.7,Changeover/Setup,50.3,64,48,3,45,6.07,93.75,75.0,83.83,89.18,70.09,4.22,16.72,1
PureGlow Soaps International (Fictional Dummy Company),Global Manufacturing Head - PureGlow Soaps,Asia,India,Mumbai,FCT001,Mumbai Soap Plant,LN0002,Line-2,2026-07-01 04:00:00,2026-07-01,4,Night,Lavender Bar Soap,0.99,60.0,38.9,Machine Breakdown,21.1,59,18,1,17,4.58,94.44,30.51,35.17,86.17,28.62,1.91,12.58,3
PureGlow Soaps International (Fictional Dummy Company),Global Manufacturing Head - PureGlow Soaps,Asia,India,Mumbai,FCT001,Mumbai Soap Plant,LN0003,Line-3,2026-07-01 04:00:00,2026-07-01,4,Night,Lemon Bar Soap,1.37,60.0,15.1,Power Outage,44.9,82,58,2,56,3.46,96.55,70.73,74.83,94.29,68.12,5.02,15.37,3
PureGlow Soaps International (Fictional Dummy Company),Global Manufacturing Head - PureGlow Soaps,Asia,India,Mumbai,FCT001,Mumbai Soap Plant,LN0001,Line-1,2026-07-01 05:00:00,2026-07-01,5,Night,Lemon Bar Soap,1.07,60.0,32.9,Material Shortage,27.1,64,24,1,23,3.05,95.83,37.5,45.17,82.77,35.83,2.34,8.85,3
PureGlow Soaps International (Fictional Dummy Company),Global Manufacturing Head - PureGlow Soaps,Asia,India,Mumbai,FCT001,Mumbai Soap Plant,LN0002,Line-2,2026-07-01 05:00:00,2026-07-01,5,Night,Lavender Bar Soap,0.99,60.0,3.2,No Downtime,56.8,59,46,1,45,2.47,97.83,77.97,94.67,81.8,75.76,4.12,34.83,3
PureGlow Soaps International (Fictional Dummy Company),Global Manufacturing Head - PureGlow Soaps,Asia,India,Mumbai,FCT001,Mumbai Soap Plant,LN0003,Line-3,2026-07-01 05:00:00,2026-07-01,5,Night,Lemon Bar Soap,1.37,60.0,10.1,Staff Shortage,49.9,82,61,3,58,4.87,95.08,74.39,83.17,89.23,70.56,5.92,17.13,2
PureGlow Soaps International (Fictional Dummy Company),Global Manufacturing Head - PureGlow Soaps,Asia,India,Mumbai,FCT001,Mumbai Soap Plant,LN0001,Line-1,2026-07-01 06:00:00,2026-07-01,6,Morning,Lemon Bar Soap,1.07,60.0,14.2,Machine Breakdown,45.8,64,49,2,47,4.27,95.92,76.56,76.33,99.99,73.21,4.58,15.18,2
PureGlow Soaps International (Fictional Dummy Company),Global Manufacturing Head - PureGlow Soaps,Asia,India,Mumbai,FCT001,Mumbai Soap Plant,LN0002,Line-2,2026-07-01 06:00:00,2026-07-01,6,Morning,Lavender Bar Soap,0.99,60.0,7.1,Changeover/Setup,52.9,59,44,1,43,1.33,97.73,74.58,88.17,84.02,72.4,4.37,34.29,2
PureGlow Soaps International (Fictional Dummy Company),Global Manufacturing Head - PureGlow Soaps,Asia,India,Mumbai,FCT001,Mumbai Soap Plant,LN0003,Line-3,2026-07-01 06:00:00,2026-07-01,6,Morning,Lemon Bar Soap,1.37,60.0,30.9,Preventive Maintenance,29.1,82,33,0,33,0.0,100.0,40.24,48.5,82.78,40.15,3.34,9.38,2
PureGlow Soaps International (Fictional Dummy Company),Global Manufacturing Head - PureGlow Soaps,Asia,India,Mumbai,FCT001,Mumbai Soap Plant,LN0001,Line-1,2026-07-01 07:00:00,2026-07-01,7,Morning,Lemon Bar Soap,1.07,60.0,31.7,Material Shortage,28.3,64,26,2,24,5.91,92.31,40.62,47.17,85.86,37.39,2.51,9.31,1
PureGlow Soaps International (Fictional Dummy Company),Global Manufacturing Head - PureGlow Soaps,Asia,India,Mumbai,FCT001,Mumbai Soap Plant,LN0002,Line-2,2026-07-01 07:00:00,2026-07-01,7,Morning,Lavender Bar Soap,0.99,60.0,14.6,Quality Hold,45.4,59,40,3,37,7.31,92.5,67.8,75.67,89.0,62.3,3.79,26.93,1
PureGlow Soaps International (Fictional Dummy Company),Global Manufacturing Head - PureGlow Soaps,Asia,India,Mumbai,FCT001,Mumbai Soap Plant,LN0003,Line-3,2026-07-01 07:00:00,2026-07-01,7,Morning,Lemon Bar Soap,1.37,60.0,2.8,No Downtime,57.2,82,80,4,76,4.52,95.0,97.56,95.33,102.09,92.46,7.0,16.46,1
PureGlow Soaps International (Fictional Dummy Company),Global Manufacturing Head - PureGlow Soaps,Asia,India,Mumbai,FCT001,Mumbai Soap Plant,LN0001,Line-1,2026-07-01 08:00:00,2026-07-01,8,Morning,Lemon Bar Soap,1.07,60.0,16.1,Machine Breakdown,43.9,64,41,0,41,1.07,100.0,64.06,73.17,87.28,63.86,4.02,14.12,1
PureGlow Soaps International (Fictional Dummy Company),Global Manufacturing Head - PureGlow Soaps,Asia,India,Mumbai,FCT001,Mumbai Soap Plant,LN0002,Line-2,2026-07-01 08:00:00,2026-07-01,8,Morning,Lavender Bar Soap,0.99,60.0,3.0,No Downtime,57.0,59,50,0,50,0.32,100.0,84.75,95.0,88.61,84.18,4.52,38.63,1
PureGlow Soaps International (Fictional Dummy Company),Global Manufacturing Head - PureGlow Soaps,Asia,India,Mumbai,FCT001,Mumbai Soap Plant,LN0003,Line-3,2026-07-01 08:00:00,2026-07-01,8,Morning,Lemon Bar Soap,1.37,60.0,35.2,Machine Breakdown,24.8,82,31,0,31,0.87,100.0,37.8,41.33,91.24,37.71,2.73,8.3,2
PureGlow Soaps International (Fictional Dummy Company),Global Manufacturing Head - PureGlow Soaps,Asia,India,Mumbai,FCT001,Mumbai Soap Plant,LN0001,Line-1,2026-07-01 09:00:00,2026-07-01,9,Morning,Lemon Bar Soap,1.07,60.0,10.4,Material Shortage,49.6,64,50,1,49,2.96,98.0,78.12,82.67,94.21,76.33,4.95,15.94,1
PureGlow Soaps International (Fictional Dummy Company),Global Manufacturing Head - PureGlow Soaps,Asia,India,Mumbai,FCT001,Mumbai Soap Plant,LN0002,Line-2,2026-07-01 09:00:00,2026-07-01,9,Morning,Lavender Bar Soap,0.99,60.0,17.0,Machine Breakdown,43.0,59,40,1,39,3.51,97.5,67.8,71.67,93.96,65.66,3.62,28.75,1
PureGlow Soaps International (Fictional Dummy Company),Global Manufacturing Head - PureGlow Soaps,Asia,India,Mumbai,FCT001,Mumbai Soap Plant,LN0003,Line-3,2026-07-01 09:00:00,2026-07-01,9,Morning,Lemon Bar Soap,1.37,60.0,2.9,No Downtime,57.1,82,68,2,66,2.99,97.06,82.93,95.17,86.93,80.3,6.21,18.75,1
PureGlow Soaps International (Fictional Dummy Company),Global Manufacturing Head - PureGlow Soaps,Asia,India,Mumbai,FCT001,Mumbai Soap Plant,LN0001,Line-1,2026-07-01 10:00:00,2026-07-01,10,Morning,Lemon Bar Soap,1.07,60.0,2.0,No Downtime,58.0,64,63,1,62,2.22,98.41,98.44,96.67,101.51,96.57,6.7,20.86,2
PureGlow Soaps International (Fictional Dummy Company),Global Manufacturing Head - PureGlow Soaps,Asia,India,Mumbai,FCT001,Mumbai Soap Plant,LN0002,Line-2,2026-07-01 10:00:00,2026-07-01,10,Morning,Lavender Bar Soap,0.99,60.0,0.9,No Downtime,59.1,59,59,1,58,1.96,98.31,100.0,98.5,100.84,97.65,5.69,37.66,1
PureGlow Soaps International (Fictional Dummy Company),Global Manufacturing Head - PureGlow Soaps,Asia,India,Mumbai,FCT001,Mumbai Soap Plant,LN0003,Line-3,2026-07-01 10:00:00,2026-07-01,10,Morning,Lemon Bar Soap,1.37,60.0,0.4,No Downtime,59.6,82,80,2,78,2.5,97.5,97.56,99.33,97.98,94.89,8.67,18.43,2
PureGlow Soaps International (Fictional Dummy Company),Global Manufacturing Head - PureGlow Soaps,Asia,India,Mumbai,FCT001,Mumbai Soap Plant,LN0001,Line-1,2026-07-01 11:00:00,2026-07-01,11,Morning,Lemon Bar Soap,1.07,60.0,1.2,No Downtime,58.8,64,56,1,55,1.4,98.21,87.5,98.0,89.01,85.67,5.75,22.3,2
PureGlow Soaps International (Fictional Dummy Company),Global Manufacturing Head - PureGlow Soaps,Asia,India,Mumbai,FCT001,Mumbai Soap Plant,LN0002,Line-2,2026-07-01 11:00:00,2026-07-01,11,Morning,Lavender Bar Soap,0.99,60.0,36.2,Machine Breakdown,23.8,59,20,0,20,2.31,100.0,33.9,39.67,84.88,33.67,2.1,14.0,3
PureGlow Soaps International (Fictional Dummy Company),Global Manufacturing Head - PureGlow Soaps,Asia,India,Mumbai,FCT001,Mumbai Soap Plant,LN0003,Line-3,2026-07-01 11:00:00,2026-07-01,11,Morning,Lemon Bar Soap,1.37,60.0,9.0,Changeover/Setup,51.0,82,66,2,64,3.04,96.97,80.49,85.0,94.46,77.86,5.61,16.26,2
PureGlow Soaps International (Fictional Dummy Company),Global Manufacturing Head - PureGlow Soaps,Asia,India,Mumbai,FCT001,Mumbai Soap Plant,LN0001,Line-1,2026-07-01 12:00:00,2026-07-01,12,Morning,Lemon Bar Soap,1.07,60.0,12.0,Machine Breakdown,48.0,64,42,1,41,2.51,97.62,65.62,80.0,81.78,63.87,4.37,16.12,3
PureGlow Soaps International (Fictional Dummy Company),Global Manufacturing Head - PureGlow Soaps,Asia,India,Mumbai,FCT001,Mumbai Soap Plant,LN0002,Line-2,2026-07-01 12:00:00,2026-07-01,12,Morning,Lavender Bar Soap,0.99,60.0,31.8,Material Shortage,28.2,59,28,0,28,1.28,100.0,47.46,47.0,100.29,47.14,2.9,18.32,3
PureGlow Soaps International (Fictional Dummy Company),Global Manufacturing Head - PureGlow Soaps,Asia,India,Mumbai,FCT001,Mumbai Soap Plant,LN0003,Line-3,2026-07-01 12:00:00,2026-07-01,12,Morning,Lemon Bar Soap,1.37,60.0,16.8,Changeover/Setup,43.2,82,59,2,57,3.35,96.61,71.95,72.0,99.69,69.34,5.52,12.99,1
PureGlow Soaps International (Fictional Dummy Company),Global Manufacturing Head - PureGlow Soaps,Asia,India,Mumbai,FCT001,Mumbai Soap Plant,LN0001,Line-1,2026-07-01 13:00:00,2026-07-01,13,Morning,Lemon Bar Soap,1.07,60.0,33.3,Machine Breakdown,26.7,64,24,1,23,3.89,95.83,37.5,44.5,84.01,35.83,2.12,8.88,3
PureGlow Soaps International (Fictional Dummy Company),Global Manufacturing Head - PureGlow Soaps,Asia,India,Mumbai,FCT001,Mumbai Soap Plant,LN0002,Line-2,2026-07-01 13:00:00,2026-07-01,13,Morning,Lavender Bar Soap,0.99,60.0,27.5,Material Shortage,32.5,59,28,1,27,2.27,96.43,47.46,54.17,87.02,45.46,2.64,21.35,2
PureGlow Soaps International (Fictional Dummy Company),Global Manufacturing Head - PureGlow Soaps,Asia,India,Mumbai,FCT001,Mumbai Soap Plant,LN0003,Line-3,2026-07-01 13:00:00,2026-07-01,13,Morning,Lemon Bar Soap,1.37,60.0,15.6,Power Outage,44.4,82,60,1,59,2.15,98.33,73.17,74.0,98.64,71.77,6.54,13.26,1
PureGlow Soaps International (Fictional Dummy Company),Global Manufacturing Head - PureGlow Soaps,Asia,India,Mumbai,FCT001,Mumbai Soap Plant,LN0001,Line-1,2026-07-01 14:00:00,2026-07-01,14,Afternoon,Lemon Bar Soap,1.07,60.0,1.2,No Downtime,58.8,64,62,3,59,5.44,95.16,96.88,98.0,98.54,91.9,6.52,21.78,1
PureGlow Soaps International (Fictional Dummy Company),Global Manufacturing Head - PureGlow Soaps,Asia,India,Mumbai,FCT001,Mumbai Soap Plant,LN0002,Line-2,2026-07-01 14:00:00,2026-07-01,14,Afternoon,Lavender Bar Soap,0.99,60.0,3.0,No Downtime,57.0,59,55,2,53,3.52,96.36,93.22,95.0,97.47,89.23,4.77,33.6,3
PureGlow Soaps International (Fictional Dummy Company),Global Manufacturing Head - PureGlow Soaps,Asia,India,Mumbai,FCT001,Mumbai Soap Plant,LN0003,Line-3,2026-07-01 14:00:00,2026-07-01,14,Afternoon,Lemon Bar Soap,1.37,60.0,13.5,Material Shortage,46.5,82,61,3,58,4.17,95.08,74.39,77.5,95.75,70.56,6.13,13.14,1
PureGlow Soaps International (Fictional Dummy Company),Global Manufacturing Head - PureGlow Soaps,Asia,India,Mumbai,FCT001,Mumbai Soap Plant,LN0001,Line-1,2026-07-01 15:00:00,2026-07-01,15,Afternoon,Lemon Bar Soap,1.07,60.0,23.5,Preventive Maintenance,36.5,64,36,1,35,3.82,97.22,56.25,60.83,92.18,54.51,3.58,12.65,3
PureGlow Soaps International (Fictional Dummy Company),Global Manufacturing Head - PureGlow Soaps,Asia,India,Mumbai,FCT001,Mumbai Soap Plant,LN0002,Line-2,2026-07-01 15:00:00,2026-07-01,15,Afternoon,Lavender Bar Soap,0.99,60.0,3.7,No Downtime,56.3,59,57,2,55,2.73,96.49,96.61,93.83,102.27,92.59,5.9,32.02,3
PureGlow Soaps International (Fictional Dummy Company),Global Manufacturing Head - PureGlow Soaps,Asia,India,Mumbai,FCT001,Mumbai Soap Plant,LN0003,Line-3,2026-07-01 15:00:00,2026-07-01,15,Afternoon,Lemon Bar Soap,1.37,60.0,13.1,Material Shortage,46.9,82,66,2,64,2.4,96.97,80.49,78.17,102.72,77.86,6.32,14.18,1
PureGlow Soaps International (Fictional Dummy Company),Global Manufacturing Head - PureGlow Soaps,Asia,India,Mumbai,FCT001,Mumbai Soap Plant,LN0001,Line-1,2026-07-01 16:00:00,2026-07-01,16,Afternoon,Lemon Bar Soap,1.07,60.0,14.8,Quality Hold,45.2,64,43,2,41,4.24,95.35,67.19,75.33,88.91,63.86,3.97,15.79,3
PureGlow Soaps International (Fictional Dummy Company),Global Manufacturing Head - PureGlow Soaps,Asia,India,Mumbai,FCT001,Mumbai Soap Plant,LN0002,Line-2,2026-07-01 16:00:00,2026-07-01,16,Afternoon,Lavender Bar Soap,0.99,60.0,3.0,No Downtime,57.0,59,49,1,48,2.58,97.96,83.05,95.0,86.83,80.81,4.32,39.07,3
PureGlow Soaps International (Fictional Dummy Company),Global Manufacturing Head - PureGlow Soaps,Asia,India,Mumbai,FCT001,Mumbai Soap Plant,LN0003,Line-3,2026-07-01 16:00:00,2026-07-01,16,Afternoon,Lemon Bar Soap,1.37,60.0,12.9,Changeover/Setup,47.1,82,59,1,58,1.2,98.31,71.95,78.5,91.43,70.56,5.76,15.13,2
PureGlow Soaps International (Fictional Dummy Company),Global Manufacturing Head - PureGlow Soaps,Asia,India,Mumbai,FCT001,Mumbai Soap Plant,LN0001,Line-1,2026-07-01 17:00:00,2026-07-01,17,Afternoon,Lemon Bar Soap,1.07,60.0,22.3,Machine Breakdown,37.7,64,38,2,36,5.33,94.74,59.38,62.83,94.2,56.07,4.06,12.14,2
PureGlow Soaps International (Fictional Dummy Company),Global Manufacturing Head - PureGlow Soaps,Asia,India,Mumbai,FCT001,Mumbai Soap Plant,LN0002,Line-2,2026-07-01 17:00:00,2026-07-01,17,Afternoon,Lavender Bar Soap,0.99,60.0,29.4,Power Outage,30.6,59,29,1,28,2.58,96.55,49.15,51.0,95.73,47.14,3.16,17.73,3
PureGlow Soaps International (Fictional Dummy Company),Global Manufacturing Head - PureGlow Soaps,Asia,India,Mumbai,FCT001,Mumbai Soap Plant,LN0003,Line-3,2026-07-01 17:00:00,2026-07-01,17,Afternoon,Lemon Bar Soap,1.37,60.0,10.5,Changeover/Setup,49.5,82,60,1,59,0.88,98.33,73.17,82.5,88.48,71.78,5.86,14.97,2
PureGlow Soaps International (Fictional Dummy Company),Global Manufacturing Head - PureGlow Soaps,Asia,India,Mumbai,FCT001,Mumbai Soap Plant,LN0001,Line-1,2026-07-01 18:00:00,2026-07-01,18,Afternoon,Lemon Bar Soap,1.07,60.0,29.6,Power Outage,30.4,64,27,0,27,1.22,100.0,42.19,50.67,83.01,42.06,2.6,10.59,1
PureGlow Soaps International (Fictional Dummy Company),Global Manufacturing Head - PureGlow Soaps,Asia,India,Mumbai,FCT001,Mumbai Soap Plant,LN0002,Line-2,2026-07-01 18:00:00,2026-07-01,18,Afternoon,Lavender Bar Soap,0.99,60.0,12.5,Staff Shortage,47.5,59,44,1,43,3.18,97.73,74.58,79.17,93.57,72.4,4.7,30.84,2
PureGlow Soaps International (Fictional Dummy Company),Global Manufacturing Head - PureGlow Soaps,Asia,India,Mumbai,FCT001,Mumbai Soap Plant,LN0003,Line-3,2026-07-01 18:00:00,2026-07-01,18,Afternoon,Lemon Bar Soap,1.37,60.0,1.6,No Downtime,58.4,82,77,2,75,2.65,97.4,93.9,97.33,96.24,91.23,7.46,16.59,2
PureGlow Soaps International (Fictional Dummy Company),Global Manufacturing Head - PureGlow Soaps,Asia,India,Mumbai,FCT001,Mumbai Soap Plant,LN0001,Line-1,2026-07-01 19:00:00,2026-07-01,19,Afternoon,Lemon Bar Soap,1.07,60.0,3.3,No Downtime,56.7,64,52,1,51,2.57,98.08,81.25,94.5,85.71,79.44,4.49,17.87,1
PureGlow Soaps International (Fictional Dummy Company),Global Manufacturing Head - PureGlow Soaps,Asia,India,Mumbai,FCT001,Mumbai Soap Plant,LN0002,Line-2,2026-07-01 19:00:00,2026-07-01,19,Afternoon,Lavender Bar Soap,0.99,60.0,24.2,Material Shortage,35.8,59,29,1,28,3.76,96.55,49.15,59.67,81.82,47.14,2.78,21.96,1
PureGlow Soaps International (Fictional Dummy Company),Global Manufacturing Head - PureGlow Soaps,Asia,India,Mumbai,FCT001,Mumbai Soap Plant,LN0003,Line-3,2026-07-01 19:00:00,2026-07-01,19,Afternoon,Lemon Bar Soap,1.37,60.0,31.6,Machine Breakdown,28.4,82,33,0,33,0.42,100.0,40.24,47.33,84.82,40.15,2.97,9.12,3
PureGlow Soaps International (Fictional Dummy Company),Global Manufacturing Head - PureGlow Soaps,Asia,India,Mumbai,FCT001,Mumbai Soap Plant,LN0001,Line-1,2026-07-01 20:00:00,2026-07-01,20,Afternoon,Lemon Bar Soap,1.07,60.0,11.2,Material Shortage,48.8,64,50,1,49,2.6,98.0,78.12,81.33,95.76,76.32,5.23,16.12,2
PureGlow Soaps International (Fictional Dummy Company),Global Manufacturing Head - PureGlow Soaps,Asia,India,Mumbai,FCT001,Mumbai Soap Plant,LN0002,Line-2,2026-07-01 20:00:00,2026-07-01,20,Afternoon,Lavender Bar Soap,0.99,60.0,37.2,Machine Breakdown,22.8,59,22,1,21,3.96,95.45,37.29,38.0,97.47,35.35,1.96,14.84,2
PureGlow Soaps International (Fictional Dummy Company),Global Manufacturing Head - PureGlow Soaps,Asia,India,Mumbai,FCT001,Mumbai Soap Plant,LN0003,Line-3,2026-07-01 20:00:00,2026-07-01,20,Afternoon,Lemon Bar Soap,1.37,60.0,13.5,Changeover/Setup,46.5,82,56,3,53,4.79,94.64,68.29,77.5,87.91,64.48,5.36,15.53,1
PureGlow Soaps International (Fictional Dummy Company),Global Manufacturing Head - PureGlow Soaps,Asia,India,Mumbai,FCT001,Mumbai Soap Plant,LN0001,Line-1,2026-07-01 21:00:00,2026-07-01,21,Afternoon,Lemon Bar Soap,1.07,60.0,13.1,Staff Shortage,46.9,64,42,1,41,3.41,97.62,65.62,78.17,83.69,63.86,4.08,16.19,2
PureGlow Soaps International (Fictional Dummy Company),Global Manufacturing Head - PureGlow Soaps,Asia,India,Mumbai,FCT001,Mumbai Soap Plant,LN0002,Line-2,2026-07-01 21:00:00,2026-07-01,21,Afternoon,Lavender Bar Soap,0.99,60.0,3.1,No Downtime,56.9,59,53,2,51,2.86,96.23,89.83,94.83,94.09,85.86,5.68,34.11,3
PureGlow Soaps International (Fictional Dummy Company),Global Manufacturing Head - PureGlow Soaps,Asia,India,Mumbai,FCT001,Mumbai Soap Plant,LN0003,Line-3,2026-07-01 21:00:00,2026-07-01,21,Afternoon,Lemon Bar Soap,1.37,60.0,1.0,No Downtime,59.0,82,71,1,70,1.89,98.59,86.59,98.33,87.84,85.16,7.02,18.79,3
PureGlow Soaps International (Fictional Dummy Company),Global Manufacturing Head - PureGlow Soaps,Asia,India,Mumbai,FCT001,Mumbai Soap Plant,LN0001,Line-1,2026-07-01 22:00:00,2026-07-01,22,Night,Lemon Bar Soap,1.07,60.0,11.6,Changeover/Setup,48.4,64,51,1,50,1.93,98.04,79.69,80.67,98.48,77.89,5.08,17.75,2
PureGlow Soaps International (Fictional Dummy Company),Global Manufacturing Head - PureGlow Soaps,Asia,India,Mumbai,FCT001,Mumbai Soap Plant,LN0002,Line-2,2026-07-01 22:00:00,2026-07-01,22,Night,Lavender Bar Soap,0.99,60.0,3.2,No Downtime,56.8,59,49,3,46,5.52,93.88,83.05,94.67,87.14,77.45,5.28,35.9,3
PureGlow Soaps International (Fictional Dummy Company),Global Manufacturing Head - PureGlow Soaps,Asia,India,Mumbai,FCT001,Mumbai Soap Plant,LN0003,Line-3,2026-07-01 22:00:00,2026-07-01,22,Night,Lemon Bar Soap,1.37,60.0,2.3,No Downtime,57.7,82,74,2,72,2.91,97.3,90.24,96.17,93.61,87.59,6.37,19.69,2
PureGlow Soaps International (Fictional Dummy Company),Global Manufacturing Head - PureGlow Soaps,Asia,India,Mumbai,FCT001,Mumbai Soap Plant,LN0001,Line-1,2026-07-01 23:00:00,2026-07-01,23,Night,Lemon Bar Soap,1.07,60.0,0.2,No Downtime,59.8,64,53,2,51,3.17,96.23,82.81,99.67,82.83,79.44,4.95,20.39,1
PureGlow Soaps International (Fictional Dummy Company),Global Manufacturing Head - PureGlow Soaps,Asia,India,Mumbai,FCT001,Mumbai Soap Plant,LN0002,Line-2,2026-07-01 23:00:00,2026-07-01,23,Night,Lavender Bar Soap,0.99,60.0,14.8,Changeover/Setup,45.2,59,38,2,36,4.76,94.74,64.41,75.33,84.92,60.61,3.91,30.59,3
PureGlow Soaps International (Fictional Dummy Company),Global Manufacturing Head - PureGlow Soaps,Asia,India,Mumbai,FCT001,Mumbai Soap Plant,LN0003,Line-3,2026-07-01 23:00:00,2026-07-01,23,Night,Lemon Bar Soap,1.37,60.0,8.7,Changeover/Setup,51.3,82,69,2,67,3.14,97.1,84.15,85.5,98.18,81.51,7.11,16.64,2
PureGlow Soaps International (Fictional Dummy Company),Global Manufacturing Head - PureGlow Soaps,Asia,India,Mumbai,FCT001,Mumbai Soap Plant,LN0001,Line-1,2026-07-02 00:00:00,2026-07-02,0,Night,Neem Bar Soap,1.07,60.0,25.5,Power Outage,34.5,64,37,1,36,2.63,97.3,57.81,57.5,100.23,56.08,3.54,12.05,2
PureGlow Soaps International (Fictional Dummy Company),Global Manufacturing Head - PureGlow Soaps,Asia,India,Mumbai,FCT001,Mumbai Soap Plant,LN0002,Line-2,2026-07-02 00:00:00,2026-07-02,0,Night,Sandalwood Bar Soap,0.99,60.0,23.6,Preventive Maintenance,36.4,59,32,1,31,2.04,96.88,54.24,60.67,88.8,52.19,3.51,24.28,1
PureGlow Soaps International (Fictional Dummy Company),Global Manufacturing Head - PureGlow Soaps,Asia,India,Mumbai,FCT001,Mumbai Soap Plant,LN0003,Line-3,2026-07-02 00:00:00,2026-07-02,0,Night,Aloe Vera Liquid Soap,1.37,60.0,32.3,Material Shortage,27.7,82,38,1,37,2.38,97.37,46.34,46.17,100.13,45.01,4.11,8.05,2
PureGlow Soaps International (Fictional Dummy Company),Global Manufacturing Head - PureGlow Soaps,Asia,India,Mumbai,FCT001,Mumbai Soap Plant,LN0001,Line-1,2026-07-02 01:00:00,2026-07-02,1,Night,Neem Bar Soap,1.07,60.0,12.4,Changeover/Setup,47.6,64,45,1,44,1.66,97.78,70.31,79.33,88.35,68.53,4.86,17.54,3
PureGlow Soaps International (Fictional Dummy Company),Global Manufacturing Head - PureGlow Soaps,Asia,India,Mumbai,FCT001,Mumbai Soap Plant,LN0002,Line-2,2026-07-02 01:00:00,2026-07-02,1,Night,Sandalwood Bar Soap,0.99,60.0,2.9,No Downtime,57.1,59,52,2,50,2.98,96.15,88.14,95.17,91.99,84.18,5.32,34.1,3
PureGlow Soaps International (Fictional Dummy Company),Global Manufacturing Head - PureGlow Soaps,Asia,India,Mumbai,FCT001,Mumbai Soap Plant,LN0003,Line-3,2026-07-02 01:00:00,2026-07-02,1,Night,Aloe Vera Liquid Soap,1.37,60.0,1.0,No Downtime,59.0,82,79,1,78,1.21,98.73,96.34,98.33,97.74,94.89,7.05,19.39,2
PureGlow Soaps International (Fictional Dummy Company),Global Manufacturing Head - PureGlow Soaps,Asia,India,Mumbai,FCT001,Mumbai Soap Plant,LN0001,Line-1,2026-07-02 02:00:00,2026-07-02,2,Night,Neem Bar Soap,1.07,60.0,42.6,Machine Breakdown,17.4,64,17,1,16,3.87,94.12,26.56,29.0,91.31,24.92,1.61,6.21,3
PureGlow Soaps International (Fictional Dummy Company),Global Manufacturing Head - PureGlow Soaps,Asia,India,Mumbai,FCT001,Mumbai Soap Plant,LN0002,Line-2,2026-07-02 02:00:00,2026-07-02,2,Night,Sandalwood Bar Soap,0.99,60.0,10.2,Changeover/Setup,49.8,59,45,1,44,1.25,97.78,76.27,83.0,91.27,74.07,3.89,32.68,2
PureGlow Soaps International (Fictional Dummy Company),Global Manufacturing Head - PureGlow Soaps,Asia,India,Mumbai,FCT001,Mumbai Soap Plant,LN0003,Line-3,2026-07-02 02:00:00,2026-07-02,2,Night,Aloe Vera Liquid Soap,1.37,60.0,10.2,Changeover/Setup,49.8,82,56,0,56,0.6,100.0,68.29,83.0,82.08,68.13,4.95,16.86,2
PureGlow Soaps International (Fictional Dummy Company),Global Manufacturing Head - PureGlow Soaps,Asia,India,Mumbai,FCT001,Mumbai Soap Plant,LN0001,Line-1,2026-07-02 03:00:00,2026-07-02,3,Night,Neem Bar Soap,1.07,60.0,26.3,Machine Breakdown,33.7,64,34,1,33,1.83,97.06,53.12,56.17,94.29,51.41,3.22,12.1,3
PureGlow Soaps International (Fictional Dummy Company),Global Manufacturing Head - PureGlow Soaps,Asia,India,Mumbai,FCT001,Mumbai Soap Plant,LN0002,Line-2,2026-07-02 03:00:00,2026-07-02,3,Night,Sandalwood Bar Soap,0.99,60.0,16.1,Changeover/Setup,43.9,59,39,2,37,5.33,94.87,66.1,73.17,89.74,62.29,3.55,24.96,2
PureGlow Soaps International (Fictional Dummy Company),Global Manufacturing Head - PureGlow Soaps,Asia,India,Mumbai,FCT001,Mumbai Soap Plant,LN0003,Line-3,2026-07-02 03:00:00,2026-07-02,3,Night,Aloe Vera Liquid Soap,1.37,60.0,33.7,Preventive Maintenance,26.3,82,36,1,35,3.52,97.22,43.9,43.83,99.91,42.57,3.47,7.55,2
PureGlow Soaps International (Fictional Dummy Company),Global Manufacturing Head - PureGlow Soaps,Asia,India,Mumbai,FCT001,Mumbai Soap Plant,LN0001,Line-1,2026-07-02 04:00:00,2026-07-02,4,Night,Neem Bar Soap,1.07,60.0,12.3,Machine Breakdown,47.7,64,49,1,48,1.82,97.96,76.56,79.5,96.01,74.77,5.02,16.99,2
PureGlow Soaps International (Fictional Dummy Company),Global Manufacturing Head - PureGlow Soaps,Asia,India,Mumbai,FCT001,Mumbai Soap Plant,LN0002,Line-2,2026-07-02 04:00:00,2026-07-02,4,Night,Sandalwood Bar Soap,0.99,60.0,28.6,Preventive Maintenance,31.4,59,27,1,26,4.29,96.3,45.76,52.33,86.86,43.77,2.49,17.8,2
PureGlow Soaps International (Fictional Dummy Company),Global Manufacturing Head - PureGlow Soaps,Asia,India,Mumbai,FCT001,Mumbai Soap Plant,LN0003,Line-3,2026-07-02 04:00:00,2026-07-02,4,Night,Aloe Vera Liquid Soap,1.37,60.0,2.9,No Downtime,57.1,82,76,3,73,3.88,96.05,92.68,95.17,97.15,88.81,7.11,18.07,3
PureGlow Soaps International (Fictional Dummy Company),Global Manufacturing Head - PureGlow Soaps,Asia,India,Mumbai,FCT001,Mumbai Soap Plant,LN0001,Line-1,2026-07-02 05:00:00,2026-07-02,5,Night,Neem Bar Soap,1.07,60.0,0.8,No Downtime,59.2,64,55,2,53,3.22,96.36,85.94,98.67,86.83,82.56,5.15,21.16,3
PureGlow Soaps International (Fictional Dummy Company),Global Manufacturing Head - PureGlow Soaps,Asia,India,Mumbai,FCT001,Mumbai Soap Plant,LN0002,Line-2,2026-07-02 05:00:00,2026-07-02,5,Night,Sandalwood Bar Soap,0.99,60.0,0.7,No Downtime,59.3,59,50,2,48,3.3,96.0,84.75,98.83,85.17,80.81,5.48,35.44,2
PureGlow Soaps International (Fictional Dummy Company),Global Manufacturing Head - PureGlow Soaps,Asia,India,Mumbai,FCT001,Mumbai Soap Plant,LN0003,Line-3,2026-07-02 05:00:00,2026-07-02,5,Night,Aloe Vera Liquid Soap,1.37,60.0,37.5,Machine Breakdown,22.5,82,28,1,27,3.03,96.43,34.15,37.5,90.84,32.85,2.75,6.75,2
PureGlow Soaps International (Fictional Dummy Company),Global Manufacturing Head - PureGlow Soaps,Asia,India,Mumbai,FCT001,Mumbai Soap Plant,LN0001,Line-1,2026-07-02 06:00:00,2026-07-02,6,Morning,Neem Bar Soap,1.07,60.0,7.7,Changeover/Setup,52.3,64,49,1,48,2.54,97.96,76.56,87.17,87.56,74.77,4.68,19.81,3
PureGlow Soaps International (Fictional Dummy Company),Global Manufacturing Head - PureGlow Soaps,Asia,India,Mumbai,FCT001,Mumbai Soap Plant,LN0002,Line-2,2026-07-02 06:00:00,2026-07-02,6,Morning,Sandalwood Bar Soap,0.99,60.0,24.9,Material Shortage,35.1,59,35,1,34,3.44,97.14,59.32,58.5,100.72,57.24,3.83,19.71,2
PureGlow Soaps International (Fictional Dummy Company),Global Manufacturing Head - PureGlow Soaps,Asia,India,Mumbai,FCT001,Mumbai Soap Plant,LN0003,Line-3,2026-07-02 06:00:00,2026-07-02,6,Morning,Aloe Vera Liquid Soap,1.37,60.0,23.9,Machine Breakdown,36.1,82,42,1,41,3.07,97.62,51.22,60.17,84.92,49.88,4.04,11.53,1
PureGlow Soaps International (Fictional Dummy Company),Global Manufacturing Head - PureGlow Soaps,Asia,India,Mumbai,FCT001,Mumbai Soap Plant,LN0001,Line-1,2026-07-02 07:00:00,2026-07-02,7,Morning,Neem Bar Soap,1.07,60.0,2.7,No Downtime,57.3,64,57,2,55,3.51,96.49,89.06,95.5,92.97,85.67,5.74,19.04,2
PureGlow Soaps International (Fictional Dummy Company),Global Manufacturing Head - PureGlow Soaps,Asia,India,Mumbai,FCT001,Mumbai Soap Plant,LN0002,Line-2,2026-07-02 07:00:00,2026-07-02,7,Morning,Sandalwood Bar Soap,0.99,60.0,25.4,Material Shortage,34.6,59,35,1,34,2.72,97.14,59.32,57.67,102.18,57.24,3.55,22.07,2
PureGlow Soaps International (Fictional Dummy Company),Global Manufacturing Head - PureGlow Soaps,Asia,India,Mumbai,FCT001,Mumbai Soap Plant,LN0003,Line-3,2026-07-02 07:00:00,2026-07-02,7,Morning,Aloe Vera Liquid Soap,1.37,60.0,1.5,No Downtime,58.5,82,74,2,72,2.34,97.3,90.24,97.5,92.33,87.59,6.75,18.51,1
PureGlow Soaps International (Fictional Dummy Company),Global Manufacturing Head - PureGlow Soaps,Asia,India,Mumbai,FCT001,Mumbai Soap Plant,LN0001,Line-1,2026-07-02 08:00:00,2026-07-02,8,Morning,Neem Bar Soap,1.07,60.0,0.2,No Downtime,59.8,64,55,2,53,2.73,96.36,85.94,99.67,85.96,82.56,5.79,22.26,3
PureGlow Soaps International (Fictional Dummy Company),Global Manufacturing Head - PureGlow Soaps,Asia,India,Mumbai,FCT001,Mumbai Soap Plant,LN0002,Line-2,2026-07-02 08:00:00,2026-07-02,8,Morning,Sandalwood Bar Soap,0.99,60.0,25.9,Power Outage,34.1,59,30,1,29,3.19,96.67,50.85,56.83,88.87,48.82,2.73,21.2,3
PureGlow Soaps International (Fictional Dummy Company),Global Manufacturing Head - PureGlow Soaps,Asia,India,Mumbai,FCT001,Mumbai Soap Plant,LN0003,Line-3,2026-07-02 08:00:00,2026-07-02,8,Morning,Aloe Vera Liquid Soap,1.37,60.0,2.5,No Downtime,57.5,82,67,1,66,2.08,98.51,81.71,95.83,85.05,80.29,7.14,19.41,3
PureGlow Soaps International (Fictional Dummy Company),Global Manufacturing Head - PureGlow Soaps,Asia,India,Mumbai,FCT001,Mumbai Soap Plant,LN0001,Line-1,2026-07-02 09:00:00,2026-07-02,9,Morning,Neem Bar Soap,1.07,60.0,10.1,Changeover/Setup,49.9,64,53,1,52,2.58,98.11,82.81,83.17,99.26,80.99,5.2,17.4,1
PureGlow Soaps International (Fictional Dummy Company),Global Manufacturing Head - PureGlow Soaps,Asia,India,Mumbai,FCT001,Mumbai Soap Plant,LN0002,Line-2,2026-07-02 09:00:00,2026-07-02,9,Morning,Sandalwood Bar Soap,0.99,60.0,14.7,Changeover/Setup,45.3,59,37,1,36,3.08,97.3,62.71,75.5,82.5,60.61,3.71,28.18,1
PureGlow Soaps International (Fictional Dummy Company),Global Manufacturing Head - PureGlow Soaps,Asia,India,Mumbai,FCT001,Mumbai Soap Plant,LN0003,Line-3,2026-07-02 09:00:00,2026-07-02,9,Morning,Aloe Vera Liquid Soap,1.37,60.0,10.0,Changeover/Setup,50.0,82,65,3,62,5.24,95.38,79.27,83.33,94.89,75.42,6.06,15.13,2
PureGlow Soaps International (Fictional Dummy Company),Global Manufacturing Head - PureGlow Soaps,Asia,India,Mumbai,FCT001,Mumbai Soap Plant,LN0001,Line-1,2026-07-02 10:00:00,2026-07-02,10,Morning,Neem Bar Soap,1.07,60.0,19.8,Changeover/Setup,40.2,64,38,1,37,2.89,97.37,59.38,67.0,88.34,57.63,4.14,13.43,3
PureGlow Soaps International (Fictional Dummy Company),Global Manufacturing Head - PureGlow Soaps,Asia,India,Mumbai,FCT001,Mumbai Soap Plant,LN0002,Line-2,2026-07-02 10:00:00,2026-07-02,10,Morning,Sandalwood Bar Soap,0.99,60.0,21.8,Material Shortage,38.2,59,33,0,33,0.0,100.0,55.93,63.67,87.26,55.56,3.04,24.55,1
PureGlow Soaps International (Fictional Dummy Company),Global Manufacturing Head - PureGlow Soaps,Asia,India,Mumbai,FCT001,Mumbai Soap Plant,LN0003,Line-3,2026-07-02 10:00:00,2026-07-02,10,Morning,Aloe Vera Liquid Soap,1.37,60.0,2.4,No Downtime,57.6,82,73,2,71,2.14,97.26,89.02,96.0,92.51,86.38,6.85,17.39,2
PureGlow Soaps International (Fictional Dummy Company),Global Manufacturing Head - PureGlow Soaps,Asia,India,Mumbai,FCT001,Mumbai Soap Plant,LN0001,Line-1,2026-07-02 11:00:00,2026-07-02,11,Morning,Neem Bar Soap,1.07,60.0,20.2,Preventive Maintenance,39.8,64,38,1,37,1.81,97.37,59.38,66.33,89.23,57.63,3.91,13.49,2
PureGlow Soaps International (Fictional Dummy Company),Global Manufacturing Head - PureGlow Soaps,Asia,India,Mumbai,FCT001,Mumbai Soap Plant,LN0002,Line-2,2026-07-02 11:00:00,2026-07-02,11,Morning,Sandalwood Bar Soap,0.99,60.0,17.8,Machine Breakdown,42.2,59,36,1,35,3.35,97.22,61.02,70.33,86.17,58.92,3.35,24.59,1
PureGlow Soaps International (Fictional Dummy Company),Global Manufacturing Head - PureGlow Soaps,Asia,India,Mumbai,FCT001,Mumbai Soap Plant,LN0003,Line-3,2026-07-02 11:00:00,2026-07-02,11,Morning,Aloe Vera Liquid Soap,1.37,60.0,44.1,Machine Breakdown,15.9,82,19,0,19,2.41,100.0,23.17,26.5,87.22,23.11,1.73,4.53,2
PureGlow Soaps International (Fictional Dummy Company),Global Manufacturing Head - PureGlow Soaps,Asia,India,Mumbai,FCT001,Mumbai Soap Plant,LN0001,Line-1,2026-07-02 12:00:00,2026-07-02,12,Morning,Neem Bar Soap,1.07,60.0,34.9,Machine Breakdown,25.1,64,26,1,25,2.82,96.15,40.62,41.83,96.81,38.94,2.58,8.02,1
PureGlow Soaps International (Fictional Dummy Company),Global Manufacturing Head - PureGlow Soaps,Asia,India,Mumbai,FCT001,Mumbai Soap Plant,LN0002,Line-2,2026-07-02 12:00:00,2026-07-02,12,Morning,Sandalwood Bar Soap,0.99,60.0,34.2,Machine Breakdown,25.8,59,23,1,22,3.8,95.65,38.98,43.0,90.05,37.04,2.22,14.84,1
PureGlow Soaps International (Fictional Dummy Company),Global Manufacturing Head - PureGlow Soaps,Asia,India,Mumbai,FCT001,Mumbai Soap Plant,LN0003,Line-3,2026-07-02 12:00:00,2026-07-02,12,Morning,Aloe Vera Liquid Soap,1.37,60.0,1.9,No Downtime,58.1,82,65,3,62,4.91,95.38,79.27,96.83,81.66,75.42,6.23,19.53,1
PureGlow Soaps International (Fictional Dummy Company),Global Manufacturing Head - PureGlow Soaps,Asia,India,Mumbai,FCT001,Mumbai Soap Plant,LN0001,Line-1,2026-07-02 13:00:00,2026-07-02,13,Morning,Neem Bar Soap,1.07,60.0,8.2,Changeover/Setup,51.8,64,46,1,45,2.32,97.83,71.88,86.33,82.99,70.09,4.18,17.16,1
PureGlow Soaps International (Fictional Dummy Company),Global Manufacturing Head - PureGlow Soaps,Asia,India,Mumbai,FCT001,Mumbai Soap Plant,LN0002,Line-2,2026-07-02 13:00:00,2026-07-02,13,Morning,Sandalwood Bar Soap,0.99,60.0,0.8,No Downtime,59.2,59,52,2,50,4.04,96.15,88.14,98.67,88.73,84.18,5.4,34.25,2
PureGlow Soaps International (Fictional Dummy Company),Global Manufacturing Head - PureGlow Soaps,Asia,India,Mumbai,FCT001,Mumbai Soap Plant,LN0003,Line-3,2026-07-02 13:00:00,2026-07-02,13,Morning,Aloe Vera Liquid Soap,1.37,60.0,30.0,Material Shortage,30.0,82,40,1,39,3.63,97.5,48.78,50.0,97.32,47.44,4.28,10.08,3
PureGlow Soaps International (Fictional Dummy Company),Global Manufacturing Head - PureGlow Soaps,Asia,India,Mumbai,FCT001,Mumbai Soap Plant,LN0001,Line-1,2026-07-02 14:00:00,2026-07-02,14,Afternoon,Neem Bar Soap,1.07,60.0,1.4,No Downtime,58.6,64,50,2,48,3.72,96.0,78.12,97.67,79.74,74.77,4.45,20.61,2
PureGlow Soaps International (Fictional Dummy Company),Global Manufacturing Head - PureGlow Soaps,Asia,India,Mumbai,FCT001,Mumbai Soap Plant,LN0002,Line-2,2026-07-02 14:00:00,2026-07-02,14,Afternoon,Sandalwood Bar Soap,0.99,60.0,0.1,No Downtime,59.9,59,56,1,55,2.61,98.21,94.92,99.83,94.43,92.58,5.64,38.31,2
PureGlow Soaps International (Fictional Dummy Company),Global Manufacturing Head - PureGlow Soaps,Asia,India,Mumbai,FCT001,Mumbai Soap Plant,LN0003,Line-3,2026-07-02 14:00:00,2026-07-02,14,Afternoon,Aloe Vera Liquid Soap,1.37,60.0,34.4,Material Shortage,25.6,82,35,1,34,1.72,97.14,42.68,42.67,99.79,41.36,3.08,7.37,2
PureGlow Soaps International (Fictional Dummy Company),Global Manufacturing Head - PureGlow Soaps,Asia,India,Mumbai,FCT001,Mumbai Soap Plant,LN0001,Line-1,2026-07-02 15:00:00,2026-07-02,15,Afternoon,Neem Bar Soap,1.07,60.0,1.6,No Downtime,58.4,64,62,0,62,0.14,100.0,96.88,97.33,99.22,96.57,6.28,21.98,3
PureGlow Soaps International (Fictional Dummy Company),Global Manufacturing Head - PureGlow Soaps,Asia,India,Mumbai,FCT001,Mumbai Soap Plant,LN0002,Line-2,2026-07-02 15:00:00,2026-07-02,15,Afternoon,Sandalwood Bar Soap,0.99,60.0,34.3,Preventive Maintenance,25.7,59,24,1,23,4.77,95.83,40.68,42.83,94.33,38.72,2.16,16.76,1
PureGlow Soaps International (Fictional Dummy Company),Global Manufacturing Head - PureGlow Soaps,Asia,India,Mumbai,FCT001,Mumbai Soap Plant,LN0003,Line-3,2026-07-02 15:00:00,2026-07-02,15,Afternoon,Aloe Vera Liquid Soap,1.37,60.0,12.7,Material Shortage,47.3,82,54,2,52,4.19,96.3,65.85,78.83,83.33,63.26,5.13,14.04,2
PureGlow Soaps International (Fictional Dummy Company),Global Manufacturing Head - PureGlow Soaps,Asia,India,Mumbai,FCT001,Mumbai Soap Plant,LN0001,Line-1,2026-07-02 16:00:00,2026-07-02,16,Afternoon,Neem Bar Soap,1.07,60.0,24.8,Power Outage,35.2,64,32,1,31,3.87,96.88,50.0,58.67,84.96,48.29,3.0,13.3,2
PureGlow Soaps International (Fictional Dummy Company),Global Manufacturing Head - PureGlow Soaps,Asia,India,Mumbai,FCT001,Mumbai Soap Plant,LN0002,Line-2,2026-07-02 16:00:00,2026-07-02,16,Afternoon,Sandalwood Bar Soap,0.99,60.0,15.1,Staff Shortage,44.9,59,45,0,45,0.38,100.0,76.27,74.83,101.24,75.76,4.34,28.01,3
PureGlow Soaps International (Fictional Dummy Company),Global Manufacturing Head - PureGlow Soaps,Asia,India,Mumbai,FCT001,Mumbai Soap Plant,LN0003,Line-3,2026-07-02 16:00:00,2026-07-02,16,Afternoon,Aloe Vera Liquid Soap,1.37,60.0,25.6,Machine Breakdown,34.4,82,40,1,39,2.96,97.5,48.78,57.33,84.88,47.45,3.66,11.34,1
PureGlow Soaps International (Fictional Dummy Company),Global Manufacturing Head - PureGlow Soaps,Asia,India,Mumbai,FCT001,Mumbai Soap Plant,LN0001,Line-1,2026-07-02 17:00:00,2026-07-02,17,Afternoon,Neem Bar Soap,1.07,60.0,13.9,Power Outage,46.1,64,50,2,48,3.7,96.0,78.12,76.83,101.36,74.76,4.44,17.3,2
PureGlow Soaps International (Fictional Dummy Company),Global Manufacturing Head - PureGlow Soaps,Asia,India,Mumbai,FCT001,Mumbai Soap Plant,LN0002,Line-2,2026-07-02 17:00:00,2026-07-02,17,Afternoon,Sandalwood Bar Soap,0.99,60.0,14.5,Machine Breakdown,45.5,59,38,1,37,2.46,97.37,64.41,75.83,84.36,62.29,3.54,29.18,2
PureGlow Soaps International (Fictional Dummy Company),Global Manufacturing Head - PureGlow Soaps,Asia,India,Mumbai,FCT001,Mumbai Soap Plant,LN0003,Line-3,2026-07-02 17:00:00,2026-07-02,17,Afternoon,Aloe Vera Liquid Soap,1.37,60.0,15.9,Machine Breakdown,44.1,82,50,1,49,1.99,98.0,60.98,73.5,82.76,59.61,5.12,14.97,1
PureGlow Soaps International (Fictional Dummy Company),Global Manufacturing Head - PureGlow Soaps,Asia,India,Mumbai,FCT001,Mumbai Soap Plant,LN0001,Line-1,2026-07-02 18:00:00,2026-07-02,18,Afternoon,Neem Bar Soap,1.07,60.0,8.1,Power Outage,51.9,64,52,2,50,3.57,96.15,81.25,86.5,93.64,77.88,4.89,18.05,2
PureGlow Soaps International (Fictional Dummy Company),Global Manufacturing Head - PureGlow Soaps,Asia,India,Mumbai,FCT001,Mumbai Soap Plant,LN0002,Line-2,2026-07-02 18:00:00,2026-07-02,18,Afternoon,Sandalwood Bar Soap,0.99,60.0,0.3,No Downtime,59.7,59,56,2,54,3.47,96.43,94.92,99.5,94.75,90.91,4.99,34.32,1
PureGlow Soaps International (Fictional Dummy Company),Global Manufacturing Head - PureGlow Soaps,Asia,India,Mumbai,FCT001,Mumbai Soap Plant,LN0003,Line-3,2026-07-02 18:00:00,2026-07-02,18,Afternoon,Aloe Vera Liquid Soap,1.37,60.0,38.2,Preventive Maintenance,21.8,82,28,1,27,2.97,96.43,34.15,36.33,93.75,32.84,2.39,7.25,3
PureGlow Soaps International (Fictional Dummy Company),Global Manufacturing Head - PureGlow Soaps,Asia,India,Mumbai,FCT001,Mumbai Soap Plant,LN0001,Line-1,2026-07-02 19:00:00,2026-07-02,19,Afternoon,Neem Bar Soap,1.07,60.0,2.3,No Downtime,57.7,64,59,2,57,2.59,96.61,92.19,96.17,95.56,88.78,5.45,19.58,3
PureGlow Soaps International (Fictional Dummy Company),Global Manufacturing Head - PureGlow Soaps,Asia,India,Mumbai,FCT001,Mumbai Soap Plant,LN0002,Line-2,2026-07-02 19:00:00,2026-07-02,19,Afternoon,Sandalwood Bar Soap,0.99,60.0,0.6,No Downtime,59.4,59,54,0,54,0.56,100.0,91.53,99.0,91.83,90.91,5.72,38.79,2
PureGlow Soaps International (Fictional Dummy Company),Global Manufacturing Head - PureGlow Soaps,Asia,India,Mumbai,FCT001,Mumbai Soap Plant,LN0003,Line-3,2026-07-02 19:00:00,2026-07-02,19,Afternoon,Aloe Vera Liquid Soap,1.37,60.0,3.0,No Downtime,57.0,82,66,3,63,5.03,95.45,80.49,95.0,84.52,76.64,5.61,18.54,3
PureGlow Soaps International (Fictional Dummy Company),Global Manufacturing Head - PureGlow Soaps,Asia,India,Mumbai,FCT001,Mumbai Soap Plant,LN0001,Line-1,2026-07-02 20:00:00,2026-07-02,20,Afternoon,Neem Bar Soap,1.07,60.0,5.0,Changeover/Setup,55.0,64,59,3,56,4.54,94.92,92.19,91.67,100.25,87.23,5.5,20.45,3
PureGlow Soaps International (Fictional Dummy Company),Global Manufacturing Head - PureGlow Soaps,Asia,India,Mumbai,FCT001,Mumbai Soap Plant,LN0002,Line-2,2026-07-02 20:00:00,2026-07-02,20,Afternoon,Sandalwood Bar Soap,0.99,60.0,8.5,Changeover/Setup,51.5,59,47,1,46,1.95,97.87,79.66,85.83,92.18,77.43,4.74,29.51,2
PureGlow Soaps International (Fictional Dummy Company),Global Manufacturing Head - PureGlow Soaps,Asia,India,Mumbai,FCT001,Mumbai Soap Plant,LN0003,Line-3,2026-07-02 20:00:00,2026-07-02,20,Afternoon,Aloe Vera Liquid Soap,1.37,60.0,12.8,Staff Shortage,47.2,82,57,1,56,1.01,98.25,69.51,78.67,88.15,68.13,4.91,13.92,3
PureGlow Soaps International (Fictional Dummy Company),Global Manufacturing Head - PureGlow Soaps,Asia,India,Mumbai,FCT001,Mumbai Soap Plant,LN0001,Line-1,2026-07-02 21:00:00,2026-07-02,21,Afternoon,Neem Bar Soap,1.07,60.0,0.2,No Downtime,59.8,64,57,1,56,1.11,98.25,89.06,99.67,89.08,87.23,5.38,22.1,3
PureGlow Soaps International (Fictional Dummy Company),Global Manufacturing Head - PureGlow Soaps,Asia,India,Mumbai,FCT001,Mumbai Soap Plant,LN0002,Line-2,2026-07-02 21:00:00,2026-07-02,21,Afternoon,Sandalwood Bar Soap,0.99,60.0,2.8,No Downtime,57.2,59,58,2,56,3.17,96.55,98.31,95.33,102.42,94.27,5.06,36.92,1
PureGlow Soaps International (Fictional Dummy Company),Global Manufacturing Head - PureGlow Soaps,Asia,India,Mumbai,FCT001,Mumbai Soap Plant,LN0003,Line-3,2026-07-02 21:00:00,2026-07-02,21,Afternoon,Aloe Vera Liquid Soap,1.37,60.0,10.2,Material Shortage,49.8,82,67,3,64,4.14,95.52,81.71,83.0,98.2,77.85,6.42,14.3,3
PureGlow Soaps International (Fictional Dummy Company),Global Manufacturing Head - PureGlow Soaps,Asia,India,Mumbai,FCT001,Mumbai Soap Plant,LN0001,Line-1,2026-07-02 22:00:00,2026-07-02,22,Night,Neem Bar Soap,1.07,60.0,15.2,Quality Hold,44.8,64,48,4,44,8.92,91.67,75.0,74.67,100.13,68.54,4.5,15.12,1
PureGlow Soaps International (Fictional Dummy Company),Global Manufacturing Head - PureGlow Soaps,Asia,India,Mumbai,FCT001,Mumbai Soap Plant,LN0002,Line-2,2026-07-02 22:00:00,2026-07-02,22,Night,Sandalwood Bar Soap,0.99,60.0,17.8,Changeover/Setup,42.2,59,35,2,33,6.63,94.29,59.32,70.33,83.78,55.56,3.49,23.77,3
PureGlow Soaps International (Fictional Dummy Company),Global Manufacturing Head - PureGlow Soaps,Asia,India,Mumbai,FCT001,Mumbai Soap Plant,LN0003,Line-3,2026-07-02 22:00:00,2026-07-02,22,Night,Aloe Vera Liquid Soap,1.37,60.0,3.0,No Downtime,57.0,82,63,3,60,3.97,95.24,76.83,95.0,80.68,73.0,6.8,18.17,1
PureGlow Soaps International (Fictional Dummy Company),Global Manufacturing Head - PureGlow Soaps,Asia,India,Mumbai,FCT001,Mumbai Soap Plant,LN0001,Line-1,2026-07-02 23:00:00,2026-07-02,23,Night,Neem Bar Soap,1.07,60.0,6.6,Changeover/Setup,53.4,64,52,2,50,3.55,96.15,81.25,89.0,91.01,77.88,5.26,17.68,1
PureGlow Soaps International (Fictional Dummy Company),Global Manufacturing Head - PureGlow Soaps,Asia,India,Mumbai,FCT001,Mumbai Soap Plant,LN0002,Line-2,2026-07-02 23:00:00,2026-07-02,23,Night,Sandalwood Bar Soap,0.99,60.0,0.8,No Downtime,59.2,59,56,1,55,2.35,98.21,94.92,98.67,95.55,92.59,5.7,37.74,2
PureGlow Soaps International (Fictional Dummy Company),Global Manufacturing Head - PureGlow Soaps,Asia,India,Mumbai,FCT001,Mumbai Soap Plant,LN0003,Line-3,2026-07-02 23:00:00,2026-07-02,23,Night,Aloe Vera Liquid Soap,1.37,60.0,2.3,No Downtime,57.7,82,74,4,70,5.26,94.59,90.24,96.17,93.61,85.15,6.38,18.76,1
PureGlow Soaps International (Fictional Dummy Company),Global Manufacturing Head - PureGlow Soaps,Asia,India,Mumbai,FCT001,Mumbai Soap Plant,LN0001,Line-1,2026-07-03 00:00:00,2026-07-03,0,Night,Aloe Vera Liquid Soap,1.07,60.0,9.2,Changeover/Setup,50.8,64,49,2,47,4.87,95.92,76.56,84.67,90.15,73.22,5.07,17.43,3
PureGlow Soaps International (Fictional Dummy Company),Global Manufacturing Head - PureGlow Soaps,Asia,India,Mumbai,FCT001,Mumbai Soap Plant,LN0002,Line-2,2026-07-03 00:00:00,2026-07-03,0,Night,Sandalwood Bar Soap,0.99,60.0,0.6,No Downtime,59.4,59,50,1,49,1.39,98.0,84.75,99.0,85.03,82.5,5.08,38.38,2
PureGlow Soaps International (Fictional Dummy Company),Global Manufacturing Head - PureGlow Soaps,Asia,India,Mumbai,FCT001,Mumbai Soap Plant,LN0003,Line-3,2026-07-03 00:00:00,2026-07-03,0,Night,Rose Bar Soap,1.37,60.0,5.2,Staff Shortage,54.8,82,68,1,67,1.58,98.53,82.93,91.33,90.57,81.5,6.18,16.23,2
PureGlow Soaps International (Fictional Dummy Company),Global Manufacturing Head - PureGlow Soaps,Asia,India,Mumbai,FCT001,Mumbai Soap Plant,LN0001,Line-1,2026-07-03 01:00:00,2026-07-03,1,Night,Aloe Vera Liquid Soap,1.07,60.0,8.7,Changeover/Setup,51.3,64,45,1,44,2.42,97.78,70.31,85.5,81.98,68.54,4.16,16.44,3
PureGlow Soaps International (Fictional Dummy Company),Global Manufacturing Head - PureGlow Soaps,Asia,India,Mumbai,FCT001,Mumbai Soap Plant,LN0002,Line-2,2026-07-03 01:00:00,2026-07-03,1,Night,Sandalwood Bar Soap,0.99,60.0,3.9,No Downtime,56.1,59,46,2,44,4.01,95.65,77.97,93.5,82.82,74.07,4.09,32.93,1
PureGlow Soaps International (Fictional Dummy Company),Global Manufacturing Head - PureGlow Soaps,Asia,India,Mumbai,FCT001,Mumbai Soap Plant,LN0003,Line-3,2026-07-03 01:00:00,2026-07-03,1,Night,Rose Bar Soap,1.37,60.0,7.6,Changeover/Setup,52.4,82,70,2,68,2.39,97.14,85.37,87.33,97.51,82.72,7.24,16.96,1
PureGlow Soaps International (Fictional Dummy Company),Global Manufacturing Head - PureGlow Soaps,Asia,India,Mumbai,FCT001,Mumbai Soap Plant,LN0001,Line-1,2026-07-03 02:00:00,2026-07-03,2,Night,Aloe Vera Liquid Soap,1.07,60.0,30.3,Machine Breakdown,29.7,64,26,1,25,4.52,96.15,40.62,49.5,81.82,38.94,2.57,10.26,2
PureGlow Soaps International (Fictional Dummy Company),Global Manufacturing Head - PureGlow Soaps,Asia,India,Mumbai,FCT001,Mumbai Soap Plant,LN0002,Line-2,2026-07-03 02:00:00,2026-07-03,2,Night,Sandalwood Bar Soap,0.99,60.0,32.7,Machine Breakdown,27.3,59,23,1,22,4.47,95.65,38.98,45.5,85.1,37.04,2.15,18.08,1
PureGlow Soaps International (Fictional Dummy Company),Global Manufacturing Head - PureGlow Soaps,Asia,India,Mumbai,FCT001,Mumbai Soap Plant,LN0003,Line-3,2026-07-03 02:00:00,2026-07-03,2,Night,Rose Bar Soap,1.37,60.0,2.6,No Downtime,57.4,82,75,3,72,3.9,96.0,91.46,95.67,95.37,87.59,6.77,19.77,1
PureGlow Soaps International (Fictional Dummy Company),Global Manufacturing Head - PureGlow Soaps,Asia,India,Mumbai,FCT001,Mumbai Soap Plant,LN0001,Line-1,2026-07-03 03:00:00,2026-07-03,3,Night,Aloe Vera Liquid Soap,1.07,60.0,32.0,Machine Breakdown,28.0,64,28,1,27,4.23,96.43,43.75,46.67,93.46,42.06,2.89,8.86,1
PureGlow Soaps International (Fictional Dummy Company),Global Manufacturing Head - PureGlow Soaps,Asia,India,Mumbai,FCT001,Mumbai Soap Plant,LN0002,Line-2,2026-07-03 03:00:00,2026-07-03,3,Night,Sandalwood Bar Soap,0.99,60.0,35.5,Machine Breakdown,24.5,59,20,0,20,2.34,100.0,33.9,40.83,82.46,33.67,2.1,14.0,3
PureGlow Soaps International (Fictional Dummy Company),Global Manufacturing Head - PureGlow Soaps,Asia,India,Mumbai,FCT001,Mumbai Soap Plant,LN0003,Line-3,2026-07-03 03:00:00,2026-07-03,3,Night,Rose Bar Soap,1.37,60.0,24.5,Material Shortage,35.5,82,49,2,47,3.26,95.92,59.76,59.17,100.75,57.18,4.4,11.7,1
PureGlow Soaps International (Fictional Dummy Company),Global Manufacturing Head - PureGlow Soaps,Asia,India,Mumbai,FCT001,Mumbai Soap Plant,LN0001,Line-1,2026-07-03 04:00:00,2026-07-03,4,Night,Aloe Vera Liquid Soap,1.07,60.0,18.1,Machine Breakdown,41.9,64,44,1,43,2.14,97.73,68.75,69.83,98.14,66.98,4.64,14.35,2
PureGlow Soaps International (Fictional Dummy Company),Global Manufacturing Head - PureGlow Soaps,Asia,India,Mumbai,FCT001,Mumbai Soap Plant,LN0002,Line-2,2026-07-03 04:00:00,2026-07-03,4,Night,Sandalwood Bar Soap,0.99,60.0,0.5,No Downtime,59.5,59,47,2,45,4.86,95.74,79.66,99.17,79.79,75.76,4.44,33.77,3
PureGlow Soaps International (Fictional Dummy Company),Global Manufacturing Head - PureGlow Soaps,Asia,India,Mumbai,FCT001,Mumbai Soap Plant,LN0003,Line-3,2026-07-03 04:00:00,2026-07-03,4,Night,Rose Bar Soap,1.37,60.0,2.6,No Downtime,57.4,82,80,3,77,4.02,96.25,97.56,95.67,101.73,93.68,7.65,18.61,3
PureGlow Soaps International (Fictional Dummy Company),Global Manufacturing Head - PureGlow Soaps,Asia,India,Mumbai,FCT001,Mumbai Soap Plant,LN0001,Line-1,2026-07-03 05:00:00,2026-07-03,5,Night,Aloe Vera Liquid Soap,1.07,60.0,1.3,No Downtime,58.7,64,64,2,62,3.79,96.88,100.0,97.83,101.9,96.58,6.49,21.36,1
PureGlow Soaps International (Fictional Dummy Company),Global Manufacturing Head - PureGlow Soaps,Asia,India,Mumbai,FCT001,Mumbai Soap Plant,LN0002,Line-2,2026-07-03 05:00:00,2026-07-03,5,Night,Sandalwood Bar Soap,0.99,60.0,3.7,No Downtime,56.3,59,56,3,53,4.7,94.64,94.92,93.83,100.47,89.22,5.18,31.71,3
PureGlow Soaps International (Fictional Dummy Company),Global Manufacturing Head - PureGlow Soaps,Asia,India,Mumbai,FCT001,Mumbai Soap Plant,LN0003,Line-3,2026-07-03 05:00:00,2026-07-03,5,Night,Rose Bar Soap,1.37,60.0,18.9,Material Shortage,41.1,82,48,3,45,5.77,93.75,58.54,68.5,85.25,54.75,4.68,11.85,2
PureGlow Soaps International (Fictional Dummy Company),Global Manufacturing Head - PureGlow Soaps,Asia,India,Mumbai,FCT001,Mumbai Soap Plant,LN0001,Line-1,2026-07-03 06:00:00,2026-07-03,6,Morning,Aloe Vera Liquid Soap,1.07,60.0,12.8,Changeover/Setup,47.2,64,45,2,43,3.38,95.56,70.31,78.67,89.1,66.98,4.31,15.08,1
PureGlow Soaps International (Fictional Dummy Company),Global Manufacturing Head - PureGlow Soaps,Asia,India,Mumbai,FCT001,Mumbai Soap Plant,LN0002,Line-2,2026-07-03 06:00:00,2026-07-03,6,Morning,Sandalwood Bar Soap,0.99,60.0,11.0,Changeover/Setup,49.0,59,47,1,46,1.24,97.87,79.66,81.67,96.89,77.44,4.38,32.16,2
PureGlow Soaps International (Fictional Dummy Company),Global Manufacturing Head - PureGlow Soaps,Asia,India,Mumbai,FCT001,Mumbai Soap Plant,LN0003,Line-3,2026-07-03 06:00:00,2026-07-03,6,Morning,Rose Bar Soap,1.37,60.0,0.8,No Downtime,59.2,82,71,2,69,2.26,97.18,86.59,98.67,87.54,83.94,7.13,20.34,1
PureGlow Soaps International (Fictional Dummy Company),Global Manufacturing Head - PureGlow Soaps,Asia,India,Mumbai,FCT001,Mumbai Soap Plant,LN0001,Line-1,2026-07-03 07:00:00,2026-07-03,7,Morning,Aloe Vera Liquid Soap,1.07,60.0,1.4,No Downtime,58.6,64,53,1,52,1.86,98.11,82.81,97.67,84.53,81.0,5.06,19.08,3
PureGlow Soaps International (Fictional Dummy Company),Global Manufacturing Head - PureGlow Soaps,Asia,India,Mumbai,FCT001,Mumbai Soap Plant,LN0002,Line-2,2026-07-03 07:00:00,2026-07-03,7,Morning,Sandalwood Bar Soap,0.99,60.0,10.1,Quality Hold,49.9,59,44,4,40,8.01,90.91,74.58,83.17,89.07,67.35,4.2,29.23,1
PureGlow Soaps International (Fictional Dummy Company),Global Manufacturing Head - PureGlow Soaps,Asia,India,Mumbai,FCT001,Mumbai Soap Plant,LN0003,Line-3,2026-07-03 07:00:00,2026-07-03,7,Morning,Rose Bar Soap,1.37,60.0,24.0,Material Shortage,36.0,82,51,2,49,3.69,96.08,62.2,60.0,103.41,59.61,4.94,10.42,2
PureGlow Soaps International (Fictional Dummy Company),Global Manufacturing Head - PureGlow Soaps,Asia,India,Mumbai,FCT001,Mumbai Soap Plant,LN0001,Line-1,2026-07-03 08:00:00,2026-07-03,8,Morning,Aloe Vera Liquid Soap,1.07,60.0,9.2,Changeover/Setup,50.8,64,55,2,53,3.77,96.36,85.94,84.67,101.18,82.55,4.73,18.25,2
PureGlow Soaps International (Fictional Dummy Company),Global Manufacturing Head - PureGlow Soaps,Asia,India,Mumbai,FCT001,Mumbai Soap Plant,LN0002,Line-2,2026-07-03 08:00:00,2026-07-03,8,Morning,Sandalwood Bar Soap,0.99,60.0,1.6,No Downtime,58.4,59,53,1,52,2.73,98.11,89.83,97.33,91.67,87.54,4.93,38.72,3
PureGlow Soaps International (Fictional Dummy Company),Global Manufacturing Head - PureGlow Soaps,Asia,India,Mumbai,FCT001,Mumbai Soap Plant,LN0003,Line-3,2026-07-03 08:00:00,2026-07-03,8,Morning,Rose Bar Soap,1.37,60.0,12.8,Power Outage,47.2,82,62,2,60,3.99,96.77,75.61,78.67,95.88,72.99,6.79,14.68,2
PureGlow Soaps International (Fictional Dummy Company),Global Manufacturing Head - PureGlow Soaps,Asia,India,Mumbai,FCT001,Mumbai Soap Plant,LN0001,Line-1,2026-07-03 09:00:00,2026-07-03,9,Morning,Aloe Vera Liquid Soap,1.07,60.0,13.7,Changeover/Setup,46.3,64,48,1,47,2.65,97.92,75.0,77.17,96.89,73.21,4.55,15.86,3
PureGlow Soaps International (Fictional Dummy Company),Global Manufacturing Head - PureGlow Soaps,Asia,India,Mumbai,FCT001,Mumbai Soap Plant,LN0002,Line-2,2026-07-03 09:00:00,2026-07-03,9,Morning,Sandalwood Bar Soap,0.99,60.0,0.2,No Downtime,59.8,59,52,2,50,4.11,96.15,88.14,99.67,87.83,84.17,5.03,36.41,2
PureGlow Soaps International (Fictional Dummy Company),Global Manufacturing Head - PureGlow Soaps,Asia,India,Mumbai,FCT001,Mumbai Soap Plant,LN0003,Line-3,2026-07-03 09:00:00,2026-07-03,9,Morning,Rose Bar Soap,1.37,60.0,9.3,Staff Shortage,50.7,82,64,1,63,1.96,98.44,78.05,84.5,92.14,76.64,6.56,14.45,3
PureGlow Soaps International (Fictional Dummy Company),Global Manufacturing Head - PureGlow Soaps,Asia,India,Mumbai,FCT001,Mumbai Soap Plant,LN0001,Line-1,2026-07-03 10:00:00,2026-07-03,10,Morning,Aloe Vera Liquid Soap,1.07,60.0,22.9,Machine Breakdown,37.1,64,37,1,36,2.34,97.3,57.81,61.83,93.21,56.08,3.48,13.73,3
PureGlow Soaps International (Fictional Dummy Company),Global Manufacturing Head - PureGlow Soaps,Asia,India,Mumbai,FCT001,Mumbai Soap Plant,LN0002,Line-2,2026-07-03 10:00:00,2026-07-03,10,Morning,Sandalwood Bar Soap,0.99,60.0,15.0,Material Shortage,45.0,59,39,1,38,2.55,97.44,66.1,75.0,87.54,63.97,3.76,26.78,2
PureGlow Soaps International (Fictional Dummy Company),Global Manufacturing Head - PureGlow Soaps,Asia,India,Mumbai,FCT001,Mumbai Soap Plant,LN0003,Line-3,2026-07-03 10:00:00,2026-07-03,10,Morning,Rose Bar Soap,1.37,60.0,2.7,No Downtime,57.3,82,70,3,67,3.84,95.71,85.37,95.5,89.17,81.5,7.3,17.71,2
PureGlow Soaps International (Fictional Dummy Company),Global Manufacturing Head - PureGlow Soaps,Asia,India,Mumbai,FCT001,Mumbai Soap Plant,LN0001,Line-1,2026-07-03 11:00:00,2026-07-03,11,Morning,Aloe Vera Liquid Soap,1.07,60.0,18.9,Changeover/Setup,41.1,64,37,1,36,2.42,97.3,57.81,68.5,84.13,56.07,3.77,15.05,2
PureGlow Soaps International (Fictional Dummy Company),Global Manufacturing Head - PureGlow Soaps,Asia,India,Mumbai,FCT001,Mumbai Soap Plant,LN0002,Line-2,2026-07-03 11:00:00,2026-07-03,11,Morning,Sandalwood Bar Soap,0.99,60.0,0.9,No Downtime,59.1,59,57,1,56,2.53,98.25,96.61,98.5,97.42,94.28,5.33,37.54,1
PureGlow Soaps International (Fictional Dummy Company),Global Manufacturing Head - PureGlow Soaps,Asia,India,Mumbai,FCT001,Mumbai Soap Plant,LN0003,Line-3,2026-07-03 11:00:00,2026-07-03,11,Morning,Rose Bar Soap,1.37,60.0,29.6,Machine Breakdown,30.4,82,34,1,33,2.94,97.06,41.46,50.67,81.64,40.15,3.65,9.32,3
PureGlow Soaps International (Fictional Dummy Company),Global Manufacturing Head - PureGlow Soaps,Asia,India,Mumbai,FCT001,Mumbai Soap Plant,LN0001,Line-1,2026-07-03 12:00:00,2026-07-03,12,Morning,Aloe Vera Liquid Soap,1.07,60.0,2.7,No Downtime,57.3,64,58,1,57,2.37,98.28,90.62,95.5,94.6,88.79,5.49,20.69,3
PureGlow Soaps International (Fictional Dummy Company),Global Manufacturing Head - PureGlow Soaps,Asia,India,Mumbai,FCT001,Mumbai Soap Plant,LN0002,Line-2,2026-07-03 12:00:00,2026-07-03,12,Morning,Sandalwood Bar Soap,0.99,60.0,10.5,Changeover/Setup,49.5,59,50,1,49,2.39,98.0,84.75,82.5,102.03,82.49,4.96,31.53,2
PureGlow Soaps International (Fictional Dummy Company),Global Manufacturing Head - PureGlow Soaps,Asia,India,Mumbai,FCT001,Mumbai Soap Plant,LN0003,Line-3,2026-07-03 12:00:00,2026-07-03,12,Morning,Rose Bar Soap,1.37,60.0,8.4,Changeover/Setup,51.6,82,71,2,69,2.66,97.18,86.59,86.0,100.44,83.94,6.35,14.97,3
PureGlow Soaps International (Fictional Dummy Company),Global Manufacturing Head - PureGlow Soaps,Asia,India,Mumbai,FCT001,Mumbai Soap Plant,LN0001,Line-1,2026-07-03 13:00:00,2026-07-03,13,Morning,Aloe Vera Liquid Soap,1.07,60.0,7.8,Changeover/Setup,52.2,64,57,2,55,3.22,96.49,89.06,87.0,102.05,85.67,4.99,18.46,2
PureGlow Soaps International (Fictional Dummy Company),Global Manufacturing Head - PureGlow Soaps,Asia,India,Mumbai,FCT001,Mumbai Soap Plant,LN0002,Line-2,2026-07-03 13:00:00,2026-07-03,13,Morning,Sandalwood Bar Soap,0.99,60.0,5.7,Quality Hold,54.3,59,44,4,40,10.17,90.91,74.58,90.5,81.85,67.34,4.24,33.62,3
PureGlow Soaps International (Fictional Dummy Company),Global Manufacturing Head - PureGlow Soaps,Asia,India,Mumbai,FCT001,Mumbai Soap Plant,LN0003,Line-3,2026-07-03 13:00:00,2026-07-03,13,Morning,Rose Bar Soap,1.37,60.0,6.6,Changeover/Setup,53.4,82,60,2,58,2.99,96.67,73.17,89.0,82.01,70.56,5.7,18.21,3
PureGlow Soaps International (Fictional Dummy Company),Global Manufacturing Head - PureGlow Soaps,Asia,India,Mumbai,FCT001,Mumbai Soap Plant,LN0001,Line-1,2026-07-03 14:00:00,2026-07-03,14,Afternoon,Aloe Vera Liquid Soap,1.07,60.0,10.6,Changeover/Setup,49.4,64,53,2,51,3.24,96.23,82.81,82.33,100.27,79.44,4.65,15.66,2
PureGlow Soaps International (Fictional Dummy Company),Global Manufacturing Head - PureGlow Soaps,Asia,India,Mumbai,FCT001,Mumbai Soap Plant,LN0002,Line-2,2026-07-03 14:00:00,2026-07-03,14,Afternoon,Sandalwood Bar Soap,0.99,60.0,42.4,Machine Breakdown,17.6,59,15,0,15,2.69,100.0,25.42,29.33,86.09,25.25,1.6,11.3,1
PureGlow Soaps International (Fictional Dummy Company),Global Manufacturing Head - PureGlow Soaps,Asia,India,Mumbai,FCT001,Mumbai Soap Plant,LN0003,Line-3,2026-07-03 14:00:00,2026-07-03,14,Afternoon,Rose Bar Soap,1.37,60.0,30.3,Material Shortage,29.7,82,37,1,36,3.45,97.3,45.12,49.5,90.93,43.8,3.22,8.5,2
PureGlow Soaps International (Fictional Dummy Company),Global Manufacturing Head - PureGlow Soaps,Asia,India,Mumbai,FCT001,Mumbai Soap Plant,LN0001,Line-1,2026-07-03 15:00:00,2026-07-03,15,Afternoon,Aloe Vera Liquid Soap,1.07,60.0,12.3,Changeover/Setup,47.7,64,48,0,48,0.69,100.0,75.0,79.5,94.05,74.77,4.09,15.02,3
PureGlow Soaps International (Fictional Dummy Company),Global Manufacturing Head - PureGlow Soaps,Asia,India,Mumbai,FCT001,Mumbai Soap Plant,LN0002,Line-2,2026-07-03 15:00:00,2026-07-03,15,Afternoon,Sandalwood Bar Soap,0.99,60.0,3.4,No Downtime,56.6,59,53,2,51,3.71,96.23,89.83,94.33,94.59,85.86,4.96,35.97,1
PureGlow Soaps International (Fictional Dummy Company),Global Manufacturing Head - PureGlow Soaps,Asia,India,Mumbai,FCT001,Mumbai Soap Plant,LN0003,Line-3,2026-07-03 15:00:00,2026-07-03,15,Afternoon,Rose Bar Soap,1.37,60.0,2.0,No Downtime,58.0,82,64,2,62,3.34,96.88,78.05,96.67,80.54,75.43,5.98,18.06,2
PureGlow Soaps International (Fictional Dummy Company),Global Manufacturing Head - PureGlow Soaps,Asia,India,Mumbai,FCT001,Mumbai Soap Plant,LN0001,Line-1,2026-07-03 16:00:00,2026-07-03,16,Afternoon,Aloe Vera Liquid Soap,1.07,60.0,2.8,No Downtime,57.2,64,62,0,62,0.07,100.0,96.88,95.33,101.3,96.57,6.11,21.15,3
PureGlow Soaps International (Fictional Dummy Company),Global Manufacturing Head - PureGlow Soaps,Asia,India,Mumbai,FCT001,Mumbai Soap Plant,LN0002,Line-2,2026-07-03 16:00:00,2026-07-03,16,Afternoon,Sandalwood Bar Soap,0.99,60.0,1.0,No Downtime,59.0,59,57,2,55,3.92,96.49,96.61,98.33,97.59,92.59,5.67,39.02,3
PureGlow Soaps International (Fictional Dummy Company),Global Manufacturing Head - PureGlow Soaps,Asia,India,Mumbai,FCT001,Mumbai Soap Plant,LN0003,Line-3,2026-07-03 16:00:00,2026-07-03,16,Afternoon,Rose Bar Soap,1.37,60.0,1.0,No Downtime,59.0,82,74,2,72,3.23,97.3,90.24,98.33,91.55,87.59,6.89,19.28,3
PureGlow Soaps International (Fictional Dummy Company),Global Manufacturing Head - PureGlow Soaps,Asia,India,Mumbai,FCT001,Mumbai Soap Plant,LN0001,Line-1,2026-07-03 17:00:00,2026-07-03,17,Afternoon,Aloe Vera Liquid Soap,1.07,60.0,3.1,No Downtime,56.9,64,51,1,50,2.23,98.04,79.69,94.83,83.77,77.88,4.55,20.07,1
PureGlow Soaps International (Fictional Dummy Company),Global Manufacturing Head - PureGlow Soaps,Asia,India,Mumbai,FCT001,Mumbai Soap Plant,LN0002,Line-2,2026-07-03 17:00:00,2026-07-03,17,Afternoon,Sandalwood Bar Soap,0.99,60.0,27.8,Machine Breakdown,32.2,59,29,1,28,2.5,96.55,49.15,53.67,90.97,47.14,2.79,20.35,2
PureGlow Soaps International (Fictional Dummy Company),Global Manufacturing Head - PureGlow Soaps,Asia,India,Mumbai,FCT001,Mumbai Soap Plant,LN0003,Line-3,2026-07-03 17:00:00,2026-07-03,17,Afternoon,Rose Bar Soap,1.37,60.0,27.0,Power Outage,33.0,82,45,1,44,2.88,97.78,54.88,55.0,99.54,53.53,4.08,9.46,3
PureGlow Soaps International (Fictional Dummy Company),Global Manufacturing Head - PureGlow Soaps,Asia,India,Mumbai,FCT001,Mumbai Soap Plant,LN0001,Line-1,2026-07-03 18:00:00,2026-07-03,18,Afternoon,Aloe Vera Liquid Soap,1.07,60.0,1.6,No Downtime,58.4,64,59,2,57,4.05,96.61,92.19,97.33,94.42,88.78,6.43,20.36,3
PureGlow Soaps International (Fictional Dummy Company),Global Manufacturing Head - PureGlow Soaps,Asia,India,Mumbai,FCT001,Mumbai Soap Plant,LN0002,Line-2,2026-07-03 18:00:00,2026-07-03,18,Afternoon,Sandalwood Bar Soap,0.99,60.0,17.5,Machine Breakdown,42.5,59,38,2,36,4.67,94.74,64.41,70.83,90.31,60.6,3.71,25.67,3
PureGlow Soaps International (Fictional Dummy Company),Global Manufacturing Head - PureGlow Soaps,Asia,India,Mumbai,FCT001,Mumbai Soap Plant,LN0003,Line-3,2026-07-03 18:00:00,2026-07-03,18,Afternoon,Rose Bar Soap,1.37,60.0,2.4,No Downtime,57.6,82,67,2,65,2.86,97.01,81.71,96.0,84.9,79.07,6.27,19.76,2
PureGlow Soaps International (Fictional Dummy Company),Global Manufacturing Head - PureGlow Soaps,Asia,India,Mumbai,FCT001,Mumbai Soap Plant,LN0001,Line-1,2026-07-03 19:00:00,2026-07-03,19,Afternoon,Aloe Vera Liquid Soap,1.07,60.0,20.8,Preventive Maintenance,39.2,64,34,1,33,3.27,97.06,53.12,65.33,81.06,51.4,3.44,14.15,2
PureGlow Soaps International (Fictional Dummy Company),Global Manufacturing Head - PureGlow Soaps,Asia,India,Mumbai,FCT001,Mumbai Soap Plant,LN0002,Line-2,2026-07-03 19:00:00,2026-07-03,19,Afternoon,Sandalwood Bar Soap,0.99,60.0,25.2,Material Shortage,34.8,59,33,1,32,2.82,96.97,55.93,58.0,95.79,53.87,2.93,21.78,1
PureGlow Soaps International (Fictional Dummy Company),Global Manufacturing Head - PureGlow Soaps,Asia,India,Mumbai,FCT001,Mumbai Soap Plant,LN0003,Line-3,2026-07-03 19:00:00,2026-07-03,19,Afternoon,Rose Bar Soap,1.37,60.0,25.3,Material Shortage,34.7,82,44,1,43,1.91,97.73,53.66,57.83,92.56,52.31,4.61,11.47,3
PureGlow Soaps International (Fictional Dummy Company),Global Manufacturing Head - PureGlow Soaps,Asia,India,Mumbai,FCT001,Mumbai Soap Plant,LN0001,Line-1,2026-07-03 20:00:00,2026-07-03,20,Afternoon,Aloe Vera Liquid Soap,1.07,60.0,1.2,No Downtime,58.8,64,57,2,55,4.14,96.49,89.06,98.0,90.6,85.67,5.03,20.74,1
PureGlow Soaps International (Fictional Dummy Company),Global Manufacturing Head - PureGlow Soaps,Asia,India,Mumbai,FCT001,Mumbai Soap Plant,LN0002,Line-2,2026-07-03 20:00:00,2026-07-03,20,Afternoon,Sandalwood Bar Soap,0.99,60.0,20.1,Machine Breakdown,39.9,59,33,1,32,2.29,96.97,55.93,66.5,83.54,53.87,2.91,23.3,3
PureGlow Soaps International (Fictional Dummy Company),Global Manufacturing Head - PureGlow Soaps,Asia,India,Mumbai,FCT001,Mumbai Soap Plant,LN0003,Line-3,2026-07-03 20:00:00,2026-07-03,20,Afternoon,Rose Bar Soap,1.37,60.0,2.9,No Downtime,57.1,82,74,1,73,1.86,98.65,90.24,95.17,94.6,88.82,7.41,16.72,3
PureGlow Soaps International (Fictional Dummy Company),Global Manufacturing Head - PureGlow Soaps,Asia,India,Mumbai,FCT001,Mumbai Soap Plant,LN0001,Line-1,2026-07-03 21:00:00,2026-07-03,21,Afternoon,Aloe Vera Liquid Soap,1.07,60.0,10.1,Machine Breakdown,49.9,64,45,1,44,2.22,97.78,70.31,83.17,84.28,68.54,4.69,16.65,3
PureGlow Soaps International (Fictional Dummy Company),Global Manufacturing Head - PureGlow Soaps,Asia,India,Mumbai,FCT001,Mumbai Soap Plant,LN0002,Line-2,2026-07-03 21:00:00,2026-07-03,21,Afternoon,Sandalwood Bar Soap,0.99,60.0,6.1,Staff Shortage,53.9,59,49,2,47,4.26,95.92,83.05,89.83,91.83,79.13,4.78,35.5,1
PureGlow Soaps International (Fictional Dummy Company),Global Manufacturing Head - PureGlow Soaps,Asia,India,Mumbai,FCT001,Mumbai Soap Plant,LN0003,Line-3,2026-07-03 21:00:00,2026-07-03,21,Afternoon,Rose Bar Soap,1.37,60.0,33.9,Material Shortage,26.1,82,34,1,33,3.13,97.06,41.46,43.5,95.09,40.15,3.61,7.98,2
PureGlow Soaps International (Fictional Dummy Company),Global Manufacturing Head - PureGlow Soaps,Asia,India,Mumbai,FCT001,Mumbai Soap Plant,LN0001,Line-1,2026-07-03 22:00:00,2026-07-03,22,Night,Aloe Vera Liquid Soap,1.07,60.0,11.2,Quality Hold,48.8,64,51,4,47,8.77,92.16,79.69,81.33,97.67,73.21,4.5,18.16,2
PureGlow Soaps International (Fictional Dummy Company),Global Manufacturing Head - PureGlow Soaps,Asia,India,Mumbai,FCT001,Mumbai Soap Plant,LN0002,Line-2,2026-07-03 22:00:00,2026-07-03,22,Night,Sandalwood Bar Soap,0.99,60.0,3.6,No Downtime,56.4,59,56,2,54,2.98,96.43,94.92,94.0,100.29,90.91,4.86,33.82,2
PureGlow Soaps International (Fictional Dummy Company),Global Manufacturing Head - PureGlow Soaps,Asia,India,Mumbai,FCT001,Mumbai Soap Plant,LN0003,Line-3,2026-07-03 22:00:00,2026-07-03,22,Night,Rose Bar Soap,1.37,60.0,9.2,Changeover/Setup,50.8,82,61,2,59,3.4,96.72,74.39,84.67,87.65,71.78,5.97,16.08,2
PureGlow Soaps International (Fictional Dummy Company),Global Manufacturing Head - PureGlow Soaps,Asia,India,Mumbai,FCT001,Mumbai Soap Plant,LN0001,Line-1,2026-07-03 23:00:00,2026-07-03,23,Night,Aloe Vera Liquid Soap,1.07,60.0,20.5,Staff Shortage,39.5,64,41,1,40,1.3,97.56,64.06,65.83,97.01,62.3,4.39,14.62,1
PureGlow Soaps International (Fictional Dummy Company),Global Manufacturing Head - PureGlow Soaps,Asia,India,Mumbai,FCT001,Mumbai Soap Plant,LN0002,Line-2,2026-07-03 23:00:00,2026-07-03,23,Night,Sandalwood Bar Soap,0.99,60.0,9.9,Changeover/Setup,50.1,59,43,2,41,4.24,95.35,72.88,83.5,86.7,69.03,4.25,30.93,1
PureGlow Soaps International (Fictional Dummy Company),Global Manufacturing Head - PureGlow Soaps,Asia,India,Mumbai,FCT001,Mumbai Soap Plant,LN0003,Line-3,2026-07-03 23:00:00,2026-07-03,23,Night,Rose Bar Soap,1.37,60.0,22.1,Preventive Maintenance,37.9,82,44,1,43,1.3,97.73,53.66,63.17,84.74,52.32,4.33,11.41,3
PureGlow Soaps International (Fictional Dummy Company),Global Manufacturing Head - PureGlow Soaps,Asia,India,Mumbai,FCT001,Mumbai Soap Plant,LN0001,Line-1,2026-07-04 00:00:00,2026-07-04,0,Night,Sandalwood Bar Soap,1.07,60.0,28.1,Power Outage,31.9,64,30,1,29,4.32,96.67,46.88,53.17,87.89,45.17,2.88,11.96,1
PureGlow Soaps International (Fictional Dummy Company),Global Manufacturing Head - PureGlow Soaps,Asia,India,Mumbai,FCT001,Mumbai Soap Plant,LN0002,Line-2,2026-07-04 00:00:00,2026-07-04,0,Night,Lemon Bar Soap,0.99,60.0,9.0,Changeover/Setup,51.0,59,43,2,41,4.91,95.35,72.88,85.0,85.17,69.03,4.54,28.75,1
PureGlow Soaps International (Fictional Dummy Company),Global Manufacturing Head - PureGlow Soaps,Asia,India,Mumbai,FCT001,Mumbai Soap Plant,LN0003,Line-3,2026-07-04 00:00:00,2026-07-04,0,Night,Lemon Bar Soap,1.37,60.0,21.2,Power Outage,38.8,82,44,1,43,2.42,97.73,53.66,64.67,82.78,52.32,4.33,12.24,3
PureGlow Soaps International (Fictional Dummy Company),Global Manufacturing Head - PureGlow Soaps,Asia,India,Mumbai,FCT001,Mumbai Soap Plant,LN0001,Line-1,2026-07-04 01:00:00,2026-07-04,1,Night,Sandalwood Bar Soap,1.07,60.0,13.5,Material Shortage,46.5,64,46,0,46,0.78,100.0,71.88,77.5,92.45,71.65,4.19,16.87,2
PureGlow Soaps International (Fictional Dummy Company),Global Manufacturing Head - PureGlow Soaps,Asia,India,Mumbai,FCT001,Mumbai Soap Plant,LN0002,Line-2,2026-07-04 01:00:00,2026-07-04,1,Night,Lemon Bar Soap,0.99,60.0,18.6,Changeover/Setup,41.4,59,38,1,37,2.4,97.37,64.41,69.0,92.71,62.29,3.76,28.22,3
PureGlow Soaps International (Fictional Dummy Company),Global Manufacturing Head - PureGlow Soaps,Asia,India,Mumbai,FCT001,Mumbai Soap Plant,LN0003,Line-3,2026-07-04 01:00:00,2026-07-04,1,Night,Lemon Bar Soap,1.37,60.0,1.6,No Downtime,58.4,82,74,4,70,5.28,94.59,90.24,97.33,92.49,85.15,7.67,16.96,3
PureGlow Soaps International (Fictional Dummy Company),Global Manufacturing Head - PureGlow Soaps,Asia,India,Mumbai,FCT001,Mumbai Soap Plant,LN0001,Line-1,2026-07-04 02:00:00,2026-07-04,2,Night,Sandalwood Bar Soap,1.07,60.0,1.3,No Downtime,58.7,64,52,2,50,4.21,96.15,81.25,97.83,82.79,77.88,5.1,18.36,3
PureGlow Soaps International (Fictional Dummy Company),Global Manufacturing Head - PureGlow Soaps,Asia,India,Mumbai,FCT001,Mumbai Soap Plant,LN0002,Line-2,2026-07-04 02:00:00,2026-07-04,2,Night,Lemon Bar Soap,0.99,60.0,1.4,No Downtime,58.6,59,48,0,48,0.29,100.0,81.36,97.67,82.74,80.81,4.47,39.62,2
PureGlow Soaps International (Fictional Dummy Company),Global Manufacturing Head - PureGlow Soaps,Asia,India,Mumbai,FCT001,Mumbai Soap Plant,LN0003,Line-3,2026-07-04 02:00:00,2026-07-04,2,Night,Lemon Bar Soap,1.37,60.0,16.4,Quality Hold,43.6,82,52,4,48,8.02,92.31,63.41,72.67,87.06,58.4,5.05,14.61,2
PureGlow Soaps International (Fictional Dummy Company),Global Manufacturing Head - PureGlow Soaps,Asia,India,Mumbai,FCT001,Mumbai Soap Plant,LN0001,Line-1,2026-07-04 03:00:00,2026-07-04,3,Night,Sandalwood Bar Soap,1.07,60.0,26.3,Power Outage,33.7,64,36,1,35,2.06,97.22,56.25,56.17,99.84,54.52,3.4,11.11,2
PureGlow Soaps International (Fictional Dummy Company),Global Manufacturing Head - PureGlow Soaps,Asia,India,Mumbai,FCT001,Mumbai Soap Plant,LN0002,Line-2,2026-07-04 03:00:00,2026-07-04,3,Night,Lemon Bar Soap,0.99,60.0,29.2,Preventive Maintenance,30.8,59,27,1,26,3.75,96.3,45.76,51.33,88.55,43.77,2.71,20.45,2
PureGlow Soaps International (Fictional Dummy Company),Global Manufacturing Head - PureGlow Soaps,Asia,India,Mumbai,FCT001,Mumbai Soap Plant,LN0003,Line-3,2026-07-04 03:00:00,2026-07-04,3,Night,Lemon Bar Soap,1.37,60.0,0.1,No Downtime,59.9,82,69,1,68,1.54,98.55,84.15,99.83,84.08,82.72,6.65,18.88,3
PureGlow Soaps International (Fictional Dummy Company),Global Manufacturing Head - PureGlow Soaps,Asia,India,Mumbai,FCT001,Mumbai Soap Plant,LN0001,Line-1,2026-07-04 04:00:00,2026-07-04,4,Night,Sandalwood Bar Soap,1.07,60.0,35.4,Machine Breakdown,24.6,64,25,1,24,3.21,96.0,39.06,41.0,94.98,37.38,2.46,8.86,1
PureGlow Soaps International (Fictional Dummy Company),Global Manufacturing Head - PureGlow Soaps,Asia,India,Mumbai,FCT001,Mumbai Soap Plant,LN0002,Line-2,2026-07-04 04:00:00,2026-07-04,4,Night,Lemon Bar Soap,0.99,60.0,0.1,No Downtime,59.9,59,51,2,49,4.83,96.08,86.44,99.83,86.0,82.49,4.48,40.86,2
PureGlow Soaps International (Fictional Dummy Company),Global Manufacturing Head - PureGlow Soaps,Asia,India,Mumbai,FCT001,Mumbai Soap Plant,LN0003,Line-3,2026-07-04 04:00:00,2026-07-04,4,Night,Lemon Bar Soap,1.37,60.0,1.7,No Downtime,58.3,82,64,2,62,3.51,96.88,78.05,97.17,80.13,75.43,6.65,18.66,1
PureGlow Soaps International (Fictional Dummy Company),Global Manufacturing Head - PureGlow Soaps,Asia,India,Mumbai,FCT001,Mumbai Soap Plant,LN0001,Line-1,2026-07-04 05:00:00,2026-07-04,5,Night,Sandalwood Bar Soap,1.07,60.0,12.2,Quality Hold,47.8,64,52,2,50,4.69,96.15,81.25,79.67,101.67,77.88,5.31,15.45,1
PureGlow Soaps International (Fictional Dummy Company),Global Manufacturing Head - PureGlow Soaps,Asia,India,Mumbai,FCT001,Mumbai Soap Plant,LN0002,Line-2,2026-07-04 05:00:00,2026-07-04,5,Night,Lemon Bar Soap,0.99,60.0,3.8,No Downtime,56.2,59,48,2,46,3.8,95.83,81.36,93.67,86.27,77.44,4.45,34.75,3
PureGlow Soaps International (Fictional Dummy Company),Global Manufacturing Head - PureGlow Soaps,Asia,India,Mumbai,FCT001,Mumbai Soap Plant,LN0003,Line-3,2026-07-04 05:00:00,2026-07-04,5,Night,Lemon Bar Soap,1.37,60.0,16.2,Power Outage,43.8,82,61,2,59,3.85,96.72,74.39,73.0,101.66,71.78,5.99,14.53,3
PureGlow Soaps International (Fictional Dummy Company),Global Manufacturing Head - PureGlow Soaps,Asia,India,Mumbai,FCT001,Mumbai Soap Plant,LN0001,Line-1,2026-07-04 06:00:00,2026-07-04,6,Morning,Sandalwood Bar Soap,1.07,60.0,2.0,No Downtime,58.0,64,60,2,58,3.17,96.67,93.75,96.67,96.68,90.35,5.68,19.0,3
PureGlow Soaps International (Fictional Dummy Company),Global Manufacturing Head - PureGlow Soaps,Asia,India,Mumbai,FCT001,Mumbai Soap Plant,LN0002,Line-2,2026-07-04 06:00:00,2026-07-04,6,Morning,Lemon Bar Soap,0.99,60.0,26.5,Material Shortage,33.5,59,28,2,26,5.78,92.86,47.46,55.83,84.43,43.77,2.47,20.45,3
PureGlow Soaps International (Fictional Dummy Company),Global Manufacturing Head - PureGlow Soaps,Asia,India,Mumbai,FCT001,Mumbai Soap Plant,LN0003,Line-3,2026-07-04 06:00:00,2026-07-04,6,Morning,Lemon Bar Soap,1.37,60.0,0.0,No Downtime,60.0,82,72,0,72,0.64,100.0,87.8,100.0,87.59,87.59,6.98,17.03,2
PureGlow Soaps International (Fictional Dummy Company),Global Manufacturing Head - PureGlow Soaps,Asia,India,Mumbai,FCT001,Mumbai Soap Plant,LN0001,Line-1,2026-07-04 07:00:00,2026-07-04,7,Morning,Sandalwood Bar Soap,1.07,60.0,18.3,Quality Hold,41.7,64,39,2,37,5.65,94.87,60.94,69.5,87.41,57.63,3.44,15.33,2
PureGlow Soaps International (Fictional Dummy Company),Global Manufacturing Head - PureGlow Soaps,Asia,India,Mumbai,FCT001,Mumbai Soap Plant,LN0002,Line-2,2026-07-04 07:00:00,2026-07-04,7,Morning,Lemon Bar Soap,0.99,60.0,0.2,No Downtime,59.8,59,51,2,49,3.51,96.08,86.44,99.67,86.15,82.5,4.78,39.61,3
PureGlow Soaps International (Fictional Dummy Company),Global Manufacturing Head - PureGlow Soaps,Asia,India,Mumbai,FCT001,Mumbai Soap Plant,LN0003,Line-3,2026-07-04 07:00:00,2026-07-04,7,Morning,Lemon Bar Soap,1.37,60.0,36.6,Machine Breakdown,23.4,82,32,1,31,3.74,96.88,39.02,39.0,99.82,37.72,2.94,8.02,2
PureGlow Soaps International (Fictional Dummy Company),Global Manufacturing Head - PureGlow Soaps,Asia,India,Mumbai,FCT001,Mumbai Soap Plant,LN0001,Line-1,2026-07-04 08:00:00,2026-07-04,8,Morning,Sandalwood Bar Soap,1.07,60.0,3.2,No Downtime,56.8,64,55,0,55,0.57,100.0,85.94,94.67,90.5,85.68,5.07,21.42,3
PureGlow Soaps International (Fictional Dummy Company),Global Manufacturing Head - PureGlow Soaps,Asia,India,Mumbai,FCT001,Mumbai Soap Plant,LN0002,Line-2,2026-07-04 08:00:00,2026-07-04,8,Morning,Lemon Bar Soap,0.99,60.0,2.1,No Downtime,57.9,59,51,1,50,2.64,98.04,86.44,96.5,88.97,84.17,5.28,34.29,1
PureGlow Soaps International (Fictional Dummy Company),Global Manufacturing Head - PureGlow Soaps,Asia,India,Mumbai,FCT001,Mumbai Soap Plant,LN0003,Line-3,2026-07-04 08:00:00,2026-07-04,8,Morning,Lemon Bar Soap,1.37,60.0,17.2,Staff Shortage,42.8,82,49,1,48,2.51,97.96,59.76,71.33,83.57,58.39,4.5,13.58,1
PureGlow Soaps International (Fictional Dummy Company),Global Manufacturing Head - PureGlow Soaps,Asia,India,Mumbai,FCT001,Mumbai Soap Plant,LN0001,Line-1,2026-07-04 09:00:00,2026-07-04,9,Morning,Sandalwood Bar Soap,1.07,60.0,19.8,Power Outage,40.2,64,42,1,41,2.22,97.62,65.62,67.0,97.64,63.86,3.92,12.85,3
PureGlow Soaps International (Fictional Dummy Company),Global Manufacturing Head - PureGlow Soaps,Asia,India,Mumbai,FCT001,Mumbai Soap Plant,LN0002,Line-2,2026-07-04 09:00:00,2026-07-04,9,Morning,Lemon Bar Soap,0.99,60.0,6.0,Changeover/Setup,54.0,59,53,2,51,3.31,96.23,89.83,90.0,99.14,85.86,5.61,33.64,3
PureGlow Soaps International (Fictional Dummy Company),Global Manufacturing Head - PureGlow Soaps,Asia,India,Mumbai,FCT001,Mumbai Soap Plant,LN0003,Line-3,2026-07-04 09:00:00,2026-07-04,9,Morning,Lemon Bar Soap,1.37,60.0,2.7,No Downtime,57.3,82,64,2,62,3.42,96.88,78.05,95.5,81.53,75.43,6.0,17.04,2
PureGlow Soaps International (Fictional Dummy Company),Global Manufacturing Head - PureGlow Soaps,Asia,India,Mumbai,FCT001,Mumbai Soap Plant,LN0001,Line-1,2026-07-04 10:00:00,2026-07-04,10,Morning,Sandalwood Bar Soap,1.07,60.0,30.1,Material Shortage,29.9,64,31,2,29,5.0,93.55,48.44,49.83,96.9,45.17,3.19,9.37,1
PureGlow Soaps International (Fictional Dummy Company),Global Manufacturing Head - PureGlow Soaps,Asia,India,Mumbai,FCT001,Mumbai Soap Plant,LN0002,Line-2,2026-07-04 10:00:00,2026-07-04,10,Morning,Lemon Bar Soap,0.99,60.0,1.8,No Downtime,58.2,59,46,1,45,2.72,97.83,77.97,97.0,79.84,75.76,4.19,38.07,2
PureGlow Soaps International (Fictional Dummy Company),Global Manufacturing Head - PureGlow Soaps,Asia,India,Mumbai,FCT001,Mumbai Soap Plant,LN0003,Line-3,2026-07-04 10:00:00,2026-07-04,10,Morning,Lemon Bar Soap,1.37,60.0,16.0,Changeover/Setup,44.0,82,54,2,52,3.78,96.3,65.85,73.33,89.58,63.26,5.7,13.7,3
PureGlow Soaps International (Fictional Dummy Company),Global Manufacturing Head - PureGlow Soaps,Asia,India,Mumbai,FCT001,Mumbai Soap Plant,LN0001,Line-1,2026-07-04 11:00:00,2026-07-04,11,Morning,Sandalwood Bar Soap,1.07,60.0,26.6,Material Shortage,33.4,64,36,1,35,3.97,97.22,56.25,55.67,100.73,54.52,3.81,12.05,1
PureGlow Soaps International (Fictional Dummy Company),Global Manufacturing Head - PureGlow Soaps,Asia,India,Mumbai,FCT001,Mumbai Soap Plant,LN0002,Line-2,2026-07-04 11:00:00,2026-07-04,11,Morning,Lemon Bar Soap,0.99,60.0,26.8,Power Outage,33.2,59,31,1,30,1.98,96.77,52.54,55.33,94.32,50.5,2.99,20.31,1
PureGlow Soaps International (Fictional Dummy Company),Global Manufacturing Head - PureGlow Soaps,Asia,India,Mumbai,FCT001,Mumbai Soap Plant,LN0003,Line-3,2026-07-04 11:00:00,2026-07-04,11,Morning,Lemon Bar Soap,1.37,60.0,2.6,No Downtime,57.4,82,74,2,72,2.54,97.3,90.24,95.67,94.1,87.59,7.24,18.48,2
PureGlow Soaps International (Fictional Dummy Company),Global Manufacturing Head - PureGlow Soaps,Asia,India,Mumbai,FCT001,Mumbai Soap Plant,LN0001,Line-1,2026-07-04 12:00:00,2026-07-04,12,Morning,Sandalwood Bar Soap,1.07,60.0,27.8,Material Shortage,32.2,64,33,0,33,0.0,100.0,51.56,53.67,95.78,51.41,3.45,10.01,2
PureGlow Soaps International (Fictional Dummy Company),Global Manufacturing Head - PureGlow Soaps,Asia,India,Mumbai,FCT001,Mumbai Soap Plant,LN0002,Line-2,2026-07-04 12:00:00,2026-07-04,12,Morning,Lemon Bar Soap,0.99,60.0,15.5,Changeover/Setup,44.5,59,42,1,41,3.26,97.62,71.19,74.17,95.34,69.03,3.72,30.35,3
PureGlow Soaps International (Fictional Dummy Company),Global Manufacturing Head - PureGlow Soaps,Asia,India,Mumbai,FCT001,Mumbai Soap Plant,LN0003,Line-3,2026-07-04 12:00:00,2026-07-04,12,Morning,Lemon Bar Soap,1.37,60.0,22.6,Material Shortage,37.4,82,51,1,50,1.1,98.04,62.2,62.33,99.54,60.83,5.03,11.05,3
PureGlow Soaps International (Fictional Dummy Company),Global Manufacturing Head - PureGlow Soaps,Asia,India,Mumbai,FCT001,Mumbai Soap Plant,LN0001,Line-1,2026-07-04 13:00:00,2026-07-04,13,Morning,Sandalwood Bar Soap,1.07,60.0,18.2,Quality Hold,41.8,64,41,3,38,7.49,92.68,64.06,69.67,91.67,59.19,3.95,13.62,2
PureGlow Soaps International (Fictional Dummy Company),Global Manufacturing Head - PureGlow Soaps,Asia,India,Mumbai,FCT001,Mumbai Soap Plant,LN0002,Line-2,2026-07-04 13:00:00,2026-07-04,13,Morning,Lemon Bar Soap,0.99,60.0,13.6,Changeover/Setup,46.4,59,46,0,46,0.77,100.0,77.97,77.33,100.14,77.44,4.52,28.98,3
PureGlow Soaps International (Fictional Dummy Company),Global Manufacturing Head - PureGlow Soaps,Asia,India,Mumbai,FCT001,Mumbai Soap Plant,LN0003,Line-3,2026-07-04 13:00:00,2026-07-04,13,Morning,Lemon Bar Soap,1.37,60.0,2.9,No Downtime,57.1,82,63,2,61,2.75,96.83,76.83,95.17,80.53,74.21,6.8,19.58,2
PureGlow Soaps International (Fictional Dummy Company),Global Manufacturing Head - PureGlow Soaps,Asia,India,Mumbai,FCT001,Mumbai Soap Plant,LN0001,Line-1,2026-07-04 14:00:00,2026-07-04,14,Afternoon,Sandalwood Bar Soap,1.07,60.0,31.4,Preventive Maintenance,28.6,64,28,0,28,1.45,100.0,43.75,47.67,91.5,43.62,2.97,10.7,2
PureGlow Soaps International (Fictional Dummy Company),Global Manufacturing Head - PureGlow Soaps,Asia,India,Mumbai,FCT001,Mumbai Soap Plant,LN0002,Line-2,2026-07-04 14:00:00,2026-07-04,14,Afternoon,Lemon Bar Soap,0.99,60.0,3.9,No Downtime,56.1,59,52,2,50,3.21,96.15,88.14,93.5,93.63,84.17,5.37,37.43,2
PureGlow Soaps International (Fictional Dummy Company),Global Manufacturing Head - PureGlow Soaps,Asia,India,Mumbai,FCT001,Mumbai Soap Plant,LN0003,Line-3,2026-07-04 14:00:00,2026-07-04,14,Afternoon,Lemon Bar Soap,1.37,60.0,3.9,No Downtime,56.1,82,65,4,61,5.75,93.85,79.27,93.5,84.57,74.21,6.49,18.79,1
PureGlow Soaps International (Fictional Dummy Company),Global Manufacturing Head - PureGlow Soaps,Asia,India,Mumbai,FCT001,Mumbai Soap Plant,LN0001,Line-1,2026-07-04 15:00:00,2026-07-04,15,Afternoon,Sandalwood Bar Soap,1.07,60.0,3.8,No Downtime,56.2,64,61,2,59,3.46,96.72,95.31,93.67,101.44,91.9,5.43,21.25,1
PureGlow Soaps International (Fictional Dummy Company),Global Manufacturing Head - PureGlow Soaps,Asia,India,Mumbai,FCT001,Mumbai Soap Plant,LN0002,Line-2,2026-07-04 15:00:00,2026-07-04,15,Afternoon,Lemon Bar Soap,0.99,60.0,16.2,Machine Breakdown,43.8,59,42,1,41,3.25,97.62,71.19,73.0,96.86,69.02,4.39,28.04,1
PureGlow Soaps International (Fictional Dummy Company),Global Manufacturing Head - PureGlow Soaps,Asia,India,Mumbai,FCT001,Mumbai Soap Plant,LN0003,Line-3,2026-07-04 15:00:00,2026-07-04,15,Afternoon,Lemon Bar Soap,1.37,60.0,45.0,Machine Breakdown,15.0,82,19,1,18,3.66,94.74,23.17,25.0,92.46,21.9,1.71,4.39,1
PureGlow Soaps International (Fictional Dummy Company),Global Manufacturing Head - PureGlow Soaps,Asia,India,Mumbai,FCT001,Mumbai Soap Plant,LN0001,Line-1,2026-07-04 16:00:00,2026-07-04,16,Afternoon,Sandalwood Bar Soap,1.07,60.0,42.6,Machine Breakdown,17.4,64,19,1,18,5.1,94.74,29.69,29.0,102.05,28.04,1.92,5.8,3
PureGlow Soaps International (Fictional Dummy Company),Global Manufacturing Head - PureGlow Soaps,Asia,India,Mumbai,FCT001,Mumbai Soap Plant,LN0002,Line-2,2026-07-04 16:00:00,2026-07-04,16,Afternoon,Lemon Bar Soap,0.99,60.0,0.0,No Downtime,60.0,59,51,2,49,4.29,96.08,86.44,100.0,85.86,82.49,4.65,39.07,3
PureGlow Soaps International (Fictional Dummy Company),Global Manufacturing Head - PureGlow Soaps,Asia,India,Mumbai,FCT001,Mumbai Soap Plant,LN0003,Line-3,2026-07-04 16:00:00,2026-07-04,16,Afternoon,Lemon Bar Soap,1.37,60.0,3.6,No Downtime,56.4,82,68,1,67,1.73,98.53,82.93,94.0,88.01,81.51,6.7,19.07,1
PureGlow Soaps International (Fictional Dummy Company),Global Manufacturing Head - PureGlow Soaps,Asia,India,Mumbai,FCT001,Mumbai Soap Plant,LN0001,Line-1,2026-07-04 17:00:00,2026-07-04,17,Afternoon,Sandalwood Bar Soap,1.07,60.0,14.0,Material Shortage,46.0,64,45,1,44,1.54,97.78,70.31,76.67,91.43,68.54,4.45,16.47,2
PureGlow Soaps International (Fictional Dummy Company),Global Manufacturing Head - PureGlow Soaps,Asia,India,Mumbai,FCT001,Mumbai Soap Plant,LN0002,Line-2,2026-07-04 17:00:00,2026-07-04,17,Afternoon,Lemon Bar Soap,0.99,60.0,3.8,No Downtime,56.2,59,56,2,54,3.21,96.43,94.92,93.67,100.65,90.91,5.34,36.46,3
PureGlow Soaps International (Fictional Dummy Company),Global Manufacturing Head - PureGlow Soaps,Asia,India,Mumbai,FCT001,Mumbai Soap Plant,LN0003,Line-3,2026-07-04 17:00:00,2026-07-04,17,Afternoon,Lemon Bar Soap,1.37,60.0,40.4,Machine Breakdown,19.6,82,23,1,22,6.46,95.65,28.05,32.67,85.65,26.76,2.45,5.77,2
PureGlow Soaps International (Fictional Dummy Company),Global Manufacturing Head - PureGlow Soaps,Asia,India,Mumbai,FCT001,Mumbai Soap Plant,LN0001,Line-1,2026-07-04 18:00:00,2026-07-04,18,Afternoon,Sandalwood Bar Soap,1.07,60.0,13.4,Changeover/Setup,46.6,64,44,1,43,1.66,97.73,68.75,77.67,88.24,66.98,3.98,15.62,1
PureGlow Soaps International (Fictional Dummy Company),Global Manufacturing Head - PureGlow Soaps,Asia,India,Mumbai,FCT001,Mumbai Soap Plant,LN0002,Line-2,2026-07-04 18:00:00,2026-07-04,18,Afternoon,Lemon Bar Soap,0.99,60.0,3.6,No Downtime,56.4,59,45,3,42,7.52,93.33,76.27,94.0,80.59,70.7,4.15,37.14,2
PureGlow Soaps International (Fictional Dummy Company),Global Manufacturing Head - PureGlow Soaps,Asia,India,Mumbai,FCT001,Mumbai Soap Plant,LN0003,Line-3,2026-07-04 18:00:00,2026-07-04,18,Afternoon,Lemon Bar Soap,1.37,60.0,7.6,Changeover/Setup,52.4,82,58,1,57,1.31,98.28,70.73,87.33,80.79,69.34,6.33,17.71,3
PureGlow Soaps International (Fictional Dummy Company),Global Manufacturing Head - PureGlow Soaps,Asia,India,Mumbai,FCT001,Mumbai Soap Plant,LN0001,Line-1,2026-07-04 19:00:00,2026-07-04,19,Afternoon,Sandalwood Bar Soap,1.07,60.0,10.6,Machine Breakdown,49.4,64,45,1,44,2.46,97.78,70.31,82.33,85.13,68.53,4.73,18.32,3
PureGlow Soaps International (Fictional Dummy Company),Global Manufacturing Head - PureGlow Soaps,Asia,India,Mumbai,FCT001,Mumbai Soap Plant,LN0002,Line-2,2026-07-04 19:00:00,2026-07-04,19,Afternoon,Lemon Bar Soap,0.99,60.0,10.6,Changeover/Setup,49.4,59,43,1,42,2.37,97.67,72.88,82.33,87.92,70.7,4.36,30.55,1
PureGlow Soaps International (Fictional Dummy Company),Global Manufacturing Head - PureGlow Soaps,Asia,India,Mumbai,FCT001,Mumbai Soap Plant,LN0003,Line-3,2026-07-04 19:00:00,2026-07-04,19,Afternoon,Lemon Bar Soap,1.37,60.0,0.4,No Downtime,59.6,82,82,1,81,1.65,98.78,100.0,99.33,100.43,98.54,8.39,17.49,1
PureGlow Soaps International (Fictional Dummy Company),Global Manufacturing Head - PureGlow Soaps,Asia,India,Mumbai,FCT001,Mumbai Soap Plant,LN0001,Line-1,2026-07-04 20:00:00,2026-07-04,20,Afternoon,Sandalwood Bar Soap,1.07,60.0,9.1,Changeover/Setup,50.9,64,45,1,44,2.42,97.78,70.31,84.83,82.62,68.53,4.06,18.11,1
PureGlow Soaps International (Fictional Dummy Company),Global Manufacturing Head - PureGlow Soaps,Asia,India,Mumbai,FCT001,Mumbai Soap Plant,LN0002,Line-2,2026-07-04 20:00:00,2026-07-04,20,Afternoon,Lemon Bar Soap,0.99,60.0,12.2,Staff Shortage,47.8,59,45,0,45,0.0,100.0,76.27,79.67,95.09,75.76,4.58,30.55,1
PureGlow Soaps International (Fictional Dummy Company),Global Manufacturing Head - PureGlow Soaps,Asia,India,Mumbai,FCT001,Mumbai Soap Plant,LN0003,Line-3,2026-07-04 20:00:00,2026-07-04,20,Afternoon,Lemon Bar Soap,1.37,60.0,18.9,Power Outage,41.1,82,46,1,45,2.44,97.83,56.1,68.5,81.69,54.74,5.01,14.07,1
PureGlow Soaps International (Fictional Dummy Company),Global Manufacturing Head - PureGlow Soaps,Asia,India,Mumbai,FCT001,Mumbai Soap Plant,LN0001,Line-1,2026-07-04 21:00:00,2026-07-04,21,Afternoon,Sandalwood Bar Soap,1.07,60.0,22.4,Material Shortage,37.6,64,40,1,39,3.54,97.5,62.5,62.67,99.42,60.75,4.28,13.51,3
PureGlow Soaps International (Fictional Dummy Company),Global Manufacturing Head - PureGlow Soaps,Asia,India,Mumbai,FCT001,Mumbai Soap Plant,LN0002,Line-2,2026-07-04 21:00:00,2026-07-04,21,Afternoon,Lemon Bar Soap,0.99,60.0,19.4,Changeover/Setup,40.6,59,33,1,32,1.73,96.97,55.93,67.67,82.1,53.87,2.88,23.36,3
PureGlow Soaps International (Fictional Dummy Company),Global Manufacturing Head - PureGlow Soaps,Asia,India,Mumbai,FCT001,Mumbai Soap Plant,LN0003,Line-3,2026-07-04 21:00:00,2026-07-04,21,Afternoon,Lemon Bar Soap,1.37,60.0,6.4,Changeover/Setup,53.6,82,61,3,58,4.53,95.08,74.39,89.33,83.07,70.56,6.25,15.2,1
PureGlow Soaps International (Fictional Dummy Company),Global Manufacturing Head - PureGlow Soaps,Asia,India,Mumbai,FCT001,Mumbai Soap Plant,LN0001,Line-1,2026-07-04 22:00:00,2026-07-04,22,Night,Sandalwood Bar Soap,1.07,60.0,43.9,Machine Breakdown,16.1,64,16,1,15,3.74,93.75,25.0,26.83,92.88,23.36,1.67,5.12,1
PureGlow Soaps International (Fictional Dummy Company),Global Manufacturing Head - PureGlow Soaps,Asia,India,Mumbai,FCT001,Mumbai Soap Plant,LN0002,Line-2,2026-07-04 22:00:00,2026-07-04,22,Night,Lemon Bar Soap,0.99,60.0,5.5,Changeover/Setup,54.5,59,52,2,50,2.95,96.15,88.14,90.83,96.38,84.17,5.35,32.43,3
PureGlow Soaps International (Fictional Dummy Company),Global Manufacturing Head - PureGlow Soaps,Asia,India,Mumbai,FCT001,Mumbai Soap Plant,LN0003,Line-3,2026-07-04 22:00:00,2026-07-04,22,Night,Lemon Bar Soap,1.37,60.0,25.7,Preventive Maintenance,34.3,82,43,1,42,1.29,97.67,52.44,57.17,91.51,51.1,4.16,10.68,1
PureGlow Soaps International (Fictional Dummy Company),Global Manufacturing Head - PureGlow Soaps,Asia,India,Mumbai,FCT001,Mumbai Soap Plant,LN0001,Line-1,2026-07-04 23:00:00,2026-07-04,23,Night,Sandalwood Bar Soap,1.07,60.0,3.1,No Downtime,56.9,64,60,4,56,6.36,93.33,93.75,94.83,98.55,87.22,5.95,19.05,3
PureGlow Soaps International (Fictional Dummy Company),Global Manufacturing Head - PureGlow Soaps,Asia,India,Mumbai,FCT001,Mumbai Soap Plant,LN0002,Line-2,2026-07-04 23:00:00,2026-07-04,23,Night,Lemon Bar Soap,0.99,60.0,1.1,No Downtime,58.9,59,54,1,53,2.22,98.15,91.53,98.17,92.61,89.23,5.1,37.63,1
PureGlow Soaps International (Fictional Dummy Company),Global Manufacturing Head - PureGlow Soaps,Asia,India,Mumbai,FCT001,Mumbai Soap Plant,LN0003,Line-3,2026-07-04 23:00:00,2026-07-04,23,Night,Lemon Bar Soap,1.37,60.0,42.3,Machine Breakdown,17.7,82,21,1,20,3.01,95.24,25.61,29.5,86.6,24.33,2.24,5.73,2
PureGlow Soaps International (Fictional Dummy Company),Global Manufacturing Head - PureGlow Soaps,Asia,India,Mumbai,FCT001,Mumbai Soap Plant,LN0001,Line-1,2026-07-05 00:00:00,2026-07-05,0,Night,Aloe Vera Liquid Soap,1.07,60.0,16.6,Changeover/Setup,43.4,64,42,0,42,0.0,100.0,65.62,72.33,90.44,65.42,3.85,16.3,3
PureGlow Soaps International (Fictional Dummy Company),Global Manufacturing Head - PureGlow Soaps,Asia,India,Mumbai,FCT001,Mumbai Soap Plant,LN0002,Line-2,2026-07-05 00:00:00,2026-07-05,0,Night,Sandalwood Bar Soap,0.99,60.0,0.5,No Downtime,59.5,59,49,1,48,2.62,97.96,83.05,99.17,83.18,80.81,4.31,34.31,1
PureGlow Soaps International (Fictional Dummy Company),Global Manufacturing Head - PureGlow Soaps,Asia,India,Mumbai,FCT001,Mumbai Soap Plant,LN0003,Line-3,2026-07-05 00:00:00,2026-07-05,0,Night,Coconut Bar Soap,1.37,60.0,14.9,Power Outage,45.1,82,61,2,59,3.11,96.72,74.39,75.17,98.73,71.78,5.5,14.1,3
PureGlow Soaps International (Fictional Dummy Company),Global Manufacturing Head - PureGlow Soaps,Asia,India,Mumbai,FCT001,Mumbai Soap Plant,LN0001,Line-1,2026-07-05 01:00:00,2026-07-05,1,Night,Aloe Vera Liquid Soap,1.07,60.0,16.9,Changeover/Setup,43.1,64,43,0,43,0.94,100.0,67.19,71.83,93.24,66.97,4.12,14.75,1
PureGlow Soaps International (Fictional Dummy Company),Global Manufacturing Head - PureGlow Soaps,Asia,India,Mumbai,FCT001,Mumbai Soap Plant,LN0002,Line-2,2026-07-05 01:00:00,2026-07-05,1,Night,Sandalwood Bar Soap,0.99,60.0,26.9,Machine Breakdown,33.1,59,33,1,32,2.82,96.97,55.93,55.17,100.7,53.87,2.85,19.34,3
PureGlow Soaps International (Fictional Dummy Company),Global Manufacturing Head - PureGlow Soaps,Asia,India,Mumbai,FCT001,Mumbai Soap Plant,LN0003,Line-3,2026-07-05 01:00:00,2026-07-05,1,Night,Coconut Bar Soap,1.37,60.0,0.3,No Downtime,59.7,82,74,1,73,1.15,98.65,90.24,99.5,90.48,88.81,6.35,18.31,1
PureGlow Soaps International (Fictional Dummy Company),Global Manufacturing Head - PureGlow Soaps,Asia,India,Mumbai,FCT001,Mumbai Soap Plant,LN0001,Line-1,2026-07-05 02:00:00,2026-07-05,2,Night,Aloe Vera Liquid Soap,1.07,60.0,3.1,No Downtime,56.9,64,55,2,53,3.68,96.36,85.94,94.83,90.34,82.55,5.84,21.38,1
PureGlow Soaps International (Fictional Dummy Company),Global Manufacturing Head - PureGlow Soaps,Asia,India,Mumbai,FCT001,Mumbai Soap Plant,LN0002,Line-2,2026-07-05 02:00:00,2026-07-05,2,Night,Sandalwood Bar Soap,0.99,60.0,16.8,Material Shortage,43.2,59,39,1,38,3.52,97.44,66.1,72.0,91.19,63.98,3.91,25.44,2
PureGlow Soaps International (Fictional Dummy Company),Global Manufacturing Head - PureGlow Soaps,Asia,India,Mumbai,FCT001,Mumbai Soap Plant,LN0003,Line-3,2026-07-05 02:00:00,2026-07-05,2,Night,Coconut Bar Soap,1.37,60.0,32.3,Preventive Maintenance,27.7,82,37,1,36,1.41,97.3,45.12,46.17,97.5,43.8,3.28,8.86,3
PureGlow Soaps International (Fictional Dummy Company),Global Manufacturing Head - PureGlow Soaps,Asia,India,Mumbai,FCT001,Mumbai Soap Plant,LN0001,Line-1,2026-07-05 03:00:00,2026-07-05,3,Night,Aloe Vera Liquid Soap,1.07,60.0,11.3,Power Outage,48.7,64,46,1,45,1.28,97.83,71.88,81.17,88.28,70.1,4.68,17.79,3
PureGlow Soaps International (Fictional Dummy Company),Global Manufacturing Head - PureGlow Soaps,Asia,India,Mumbai,FCT001,Mumbai Soap Plant,LN0002,Line-2,2026-07-05 03:00:00,2026-07-05,3,Night,Sandalwood Bar Soap,0.99,60.0,37.3,Machine Breakdown,22.7,59,21,1,20,5.5,95.24,35.59,37.83,93.45,33.67,1.96,14.26,3
PureGlow Soaps International (Fictional Dummy Company),Global Manufacturing Head - PureGlow Soaps,Asia,India,Mumbai,FCT001,Mumbai Soap Plant,LN0003,Line-3,2026-07-05 03:00:00,2026-07-05,3,Night,Coconut Bar Soap,1.37,60.0,7.8,Staff Shortage,52.2,82,63,1,62,1.71,98.41,76.83,87.0,88.09,75.42,6.69,15.06,3
PureGlow Soaps International (Fictional Dummy Company),Global Manufacturing Head - PureGlow Soaps,Asia,India,Mumbai,FCT001,Mumbai Soap Plant,LN0001,Line-1,2026-07-05 04:00:00,2026-07-05,4,Night,Aloe Vera Liquid Soap,1.07,60.0,25.7,Material Shortage,34.3,64,35,1,34,3.55,97.14,54.69,57.17,95.37,52.96,3.37,11.92,3
PureGlow Soaps International (Fictional Dummy Company),Global Manufacturing Head - PureGlow Soaps,Asia,India,Mumbai,FCT001,Mumbai Soap Plant,LN0002,Line-2,2026-07-05 04:00:00,2026-07-05,4,Night,Sandalwood Bar Soap,0.99,60.0,10.3,Machine Breakdown,49.7,59,41,1,40,1.91,97.56,69.49,82.83,83.33,67.34,4.25,32.05,1
PureGlow Soaps International (Fictional Dummy Company),Global Manufacturing Head - PureGlow Soaps,Asia,India,Mumbai,FCT001,Mumbai Soap Plant,LN0003,Line-3,2026-07-05 04:00:00,2026-07-05,4,Night,Coconut Bar Soap,1.37,60.0,17.7,Preventive Maintenance,42.3,82,58,2,56,3.08,96.55,70.73,70.5,100.08,68.12,6.32,13.27,2
PureGlow Soaps International (Fictional Dummy Company),Global Manufacturing Head - PureGlow Soaps,Asia,India,Mumbai,FCT001,Mumbai Soap Plant,LN0001,Line-1,2026-07-05 05:00:00,2026-07-05,5,Night,Aloe Vera Liquid Soap,1.07,60.0,2.2,No Downtime,57.8,64,61,2,59,3.99,96.72,95.31,96.33,98.63,91.89,6.29,18.49,1
PureGlow Soaps International (Fictional Dummy Company),Global Manufacturing Head - PureGlow Soaps,Asia,India,Mumbai,FCT001,Mumbai Soap Plant,LN0002,Line-2,2026-07-05 05:00:00,2026-07-05,5,Night,Sandalwood Bar Soap,0.99,60.0,32.1,Machine Breakdown,27.9,59,28,1,27,3.25,96.43,47.46,46.5,101.37,45.45,2.61,17.69,1
PureGlow Soaps International (Fictional Dummy Company),Global Manufacturing Head - PureGlow Soaps,Asia,India,Mumbai,FCT001,Mumbai Soap Plant,LN0003,Line-3,2026-07-05 05:00:00,2026-07-05,5,Night,Coconut Bar Soap,1.37,60.0,3.4,No Downtime,56.6,82,79,4,75,5.23,94.94,96.34,94.33,101.88,91.24,7.25,16.64,3
PureGlow Soaps International (Fictional Dummy Company),Global Manufacturing Head - PureGlow Soaps,Asia,India,Mumbai,FCT001,Mumbai Soap Plant,LN0001,Line-1,2026-07-05 06:00:00,2026-07-05,6,Morning,Aloe Vera Liquid Soap,1.07,60.0,27.8,Material Shortage,32.2,64,30,1,29,3.05,96.67,46.88,53.67,87.07,45.17,3.07,10.54,3
PureGlow Soaps International (Fictional Dummy Company),Global Manufacturing Head - PureGlow Soaps,Asia,India,Mumbai,FCT001,Mumbai Soap Plant,LN0002,Line-2,2026-07-05 06:00:00,2026-07-05,6,Morning,Sandalwood Bar Soap,0.99,60.0,14.9,Power Outage,45.1,59,41,2,39,4.03,95.12,69.49,75.17,91.83,65.66,3.95,28.98,3
PureGlow Soaps International (Fictional Dummy Company),Global Manufacturing Head - PureGlow Soaps,Asia,India,Mumbai,FCT001,Mumbai Soap Plant,LN0003,Line-3,2026-07-05 06:00:00,2026-07-05,6,Morning,Coconut Bar Soap,1.37,60.0,13.7,Staff Shortage,46.3,82,52,1,51,1.53,98.08,63.41,77.17,81.98,62.05,5.07,13.68,3
PureGlow Soaps International (Fictional Dummy Company),Global Manufacturing Head - PureGlow Soaps,Asia,India,Mumbai,FCT001,Mumbai Soap Plant,LN0001,Line-1,2026-07-05 07:00:00,2026-07-05,7,Morning,Aloe Vera Liquid Soap,1.07,60.0,9.8,Quality Hold,50.2,64,54,3,51,5.67,94.44,84.38,83.67,100.53,79.44,5.35,16.95,1
PureGlow Soaps International (Fictional Dummy Company),Global Manufacturing Head - PureGlow Soaps,Asia,India,Mumbai,FCT001,Mumbai Soap Plant,LN0002,Line-2,2026-07-05 07:00:00,2026-07-05,7,Morning,Sandalwood Bar Soap,0.99,60.0,2.3,No Downtime,57.7,59,50,2,48,3.43,96.0,84.75,96.17,87.53,80.81,4.4,36.63,2
PureGlow Soaps International (Fictional Dummy Company),Global Manufacturing Head - PureGlow Soaps,Asia,India,Mumbai,FCT001,Mumbai Soap Plant,LN0003,Line-3,2026-07-05 07:00:00,2026-07-05,7,Morning,Coconut Bar Soap,1.37,60.0,3.5,No Downtime,56.5,82,63,1,62,1.3,98.41,76.83,94.17,81.39,75.43,6.21,17.19,3
PureGlow Soaps International (Fictional Dummy Company),Global Manufacturing Head - PureGlow Soaps,Asia,India,Mumbai,FCT001,Mumbai Soap Plant,LN0001,Line-1,2026-07-05 08:00:00,2026-07-05,8,Morning,Aloe Vera Liquid Soap,1.07,60.0,30.9,Machine Breakdown,29.1,64,30,1,29,4.23,96.67,46.88,48.5,96.35,45.17,3.26,10.87,1
PureGlow Soaps International (Fictional Dummy Company),Global Manufacturing Head - PureGlow Soaps,Asia,India,Mumbai,FCT001,Mumbai Soap Plant,LN0002,Line-2,2026-07-05 08:00:00,2026-07-05,8,Morning,Sandalwood Bar Soap,0.99,60.0,35.2,Machine Breakdown,24.8,59,24,1,23,3.18,95.83,40.68,41.33,97.75,38.72,2.26,13.95,1
PureGlow Soaps International (Fictional Dummy Company),Global Manufacturing Head - PureGlow Soaps,Asia,India,Mumbai,FCT001,Mumbai Soap Plant,LN0003,Line-3,2026-07-05 08:00:00,2026-07-05,8,Morning,Coconut Bar Soap,1.37,60.0,34.1,Preventive Maintenance,25.9,82,33,1,32,2.29,96.97,40.24,43.17,93.0,38.93,3.31,7.61,2
PureGlow Soaps International (Fictional Dummy Company),Global Manufacturing Head - PureGlow Soaps,Asia,India,Mumbai,FCT001,Mumbai Soap Plant,LN0001,Line-1,2026-07-05 09:00:00,2026-07-05,9,Morning,Aloe Vera Liquid Soap,1.07,60.0,2.1,No Downtime,57.9,64,52,2,50,3.11,96.15,81.25,96.5,83.93,77.87,4.77,19.38,1
PureGlow Soaps International (Fictional Dummy Company),Global Manufacturing Head - PureGlow Soaps,Asia,India,Mumbai,FCT001,Mumbai Soap Plant,LN0002,Line-2,2026-07-05 09:00:00,2026-07-05,9,Morning,Sandalwood Bar Soap,0.99,60.0,0.5,No Downtime,59.5,59,52,2,50,3.03,96.15,88.14,99.17,88.28,84.18,5.21,34.37,2
PureGlow Soaps International (Fictional Dummy Company),Global Manufacturing Head - PureGlow Soaps,Asia,India,Mumbai,FCT001,Mumbai Soap Plant,LN0003,Line-3,2026-07-05 09:00:00,2026-07-05,9,Morning,Coconut Bar Soap,1.37,60.0,1.7,No Downtime,58.3,82,64,2,62,3.3,96.88,78.05,97.17,80.13,75.43,6.41,18.15,2
PureGlow Soaps International (Fictional Dummy Company),Global Manufacturing Head - PureGlow Soaps,Asia,India,Mumbai,FCT001,Mumbai Soap Plant,LN0001,Line-1,2026-07-05 10:00:00,2026-07-05,10,Morning,Aloe Vera Liquid Soap,1.07,60.0,17.8,Preventive Maintenance,42.2,64,44,2,42,4.53,95.45,68.75,70.33,97.44,65.41,4.21,14.92,1
PureGlow Soaps International (Fictional Dummy Company),Global Manufacturing Head - PureGlow Soaps,Asia,India,Mumbai,FCT001,Mumbai Soap Plant,LN0002,Line-2,2026-07-05 10:00:00,2026-07-05,10,Morning,Sandalwood Bar Soap,0.99,60.0,28.1,Power Outage,31.9,59,29,1,28,3.24,96.55,49.15,53.17,91.83,47.14,2.52,18.74,1
PureGlow Soaps International (Fictional Dummy Company),Global Manufacturing Head - PureGlow Soaps,Asia,India,Mumbai,FCT001,Mumbai Soap Plant,LN0003,Line-3,2026-07-05 10:00:00,2026-07-05,10,Morning,Coconut Bar Soap,1.37,60.0,18.7,Staff Shortage,41.3,82,49,1,48,2.4,97.96,59.76,68.83,86.6,58.39,5.32,13.43,1
PureGlow Soaps International (Fictional Dummy Company),Global Manufacturing Head - PureGlow Soaps,Asia,India,Mumbai,FCT001,Mumbai Soap Plant,LN0001,Line-1,2026-07-05 11:00:00,2026-07-05,11,Morning,Aloe Vera Liquid Soap,1.07,60.0,26.1,Material Shortage,33.9,64,32,1,31,3.39,96.88,50.0,56.5,88.22,48.29,3.14,12.38,1
PureGlow Soaps International (Fictional Dummy Company),Global Manufacturing Head - PureGlow Soaps,Asia,India,Mumbai,FCT001,Mumbai Soap Plant,LN0002,Line-2,2026-07-05 11:00:00,2026-07-05,11,Morning,Sandalwood Bar Soap,0.99,60.0,12.9,Changeover/Setup,47.1,59,42,1,41,2.97,97.62,71.19,78.5,90.07,69.02,3.77,32.12,3
PureGlow Soaps International (Fictional Dummy Company),Global Manufacturing Head - PureGlow Soaps,Asia,India,Mumbai,FCT001,Mumbai Soap Plant,LN0003,Line-3,2026-07-05 11:00:00,2026-07-05,11,Morning,Coconut Bar Soap,1.37,60.0,24.8,Machine Breakdown,35.2,82,41,0,41,1.08,100.0,50.0,58.67,85.02,49.88,4.04,11.35,2
PureGlow Soaps International (Fictional Dummy Company),Global Manufacturing Head - PureGlow Soaps,Asia,India,Mumbai,FCT001,Mumbai Soap Plant,LN0001,Line-1,2026-07-05 12:00:00,2026-07-05,12,Morning,Aloe Vera Liquid Soap,1.07,60.0,33.4,Material Shortage,26.6,64,24,1,23,3.69,95.83,37.5,44.33,84.32,35.82,2.54,8.9,1
PureGlow Soaps International (Fictional Dummy Company),Global Manufacturing Head - PureGlow Soaps,Asia,India,Mumbai,FCT001,Mumbai Soap Plant,LN0002,Line-2,2026-07-05 12:00:00,2026-07-05,12,Morning,Sandalwood Bar Soap,0.99,60.0,12.0,Machine Breakdown,48.0,59,48,1,47,2.77,97.92,81.36,80.0,101.01,79.13,4.75,31.94,3
PureGlow Soaps International (Fictional Dummy Company),Global Manufacturing Head - PureGlow Soaps,Asia,India,Mumbai,FCT001,Mumbai Soap Plant,LN0003,Line-3,2026-07-05 12:00:00,2026-07-05,12,Morning,Coconut Bar Soap,1.37,60.0,3.2,No Downtime,56.8,82,75,2,73,3.0,97.33,91.46,94.67,96.38,88.81,7.61,17.73,3
PureGlow Soaps International (Fictional Dummy Company),Global Manufacturing Head - PureGlow Soaps,Asia,India,Mumbai,FCT001,Mumbai Soap Plant,LN0001,Line-1,2026-07-05 13:00:00,2026-07-05,13,Morning,Aloe Vera Liquid Soap,1.07,60.0,21.2,Machine Breakdown,38.8,64,35,1,34,2.46,97.14,54.69,64.67,84.3,52.96,3.06,14.18,3
PureGlow Soaps International (Fictional Dummy Company),Global Manufacturing Head - PureGlow Soaps,Asia,India,Mumbai,FCT001,Mumbai Soap Plant,LN0002,Line-2,2026-07-05 13:00:00,2026-07-05,13,Morning,Sandalwood Bar Soap,0.99,60.0,0.5,No Downtime,59.5,59,59,3,56,4.55,94.92,100.0,99.17,100.16,94.28,6.02,35.4,3
PureGlow Soaps International (Fictional Dummy Company),Global Manufacturing Head - PureGlow Soaps,Asia,India,Mumbai,FCT001,Mumbai Soap Plant,LN0003,Line-3,2026-07-05 13:00:00,2026-07-05,13,Morning,Coconut Bar Soap,1.37,60.0,37.0,Machine Breakdown,23.0,82,27,0,27,1.68,100.0,32.93,38.33,85.69,32.84,2.72,6.77,2
PureGlow Soaps International (Fictional Dummy Company),Global Manufacturing Head - PureGlow Soaps,Asia,India,Mumbai,FCT001,Mumbai Soap Plant,LN0001,Line-1,2026-07-05 14:00:00,2026-07-05,14,Afternoon,Aloe Vera Liquid Soap,1.07,60.0,2.3,No Downtime,57.7,64,60,2,58,3.84,96.67,93.75,96.17,97.18,90.35,5.99,19.32,1
PureGlow Soaps International (Fictional Dummy Company),Global Manufacturing Head - PureGlow Soaps,Asia,India,Mumbai,FCT001,Mumbai Soap Plant,LN0002,Line-2,2026-07-05 14:00:00,2026-07-05,14,Afternoon,Sandalwood Bar Soap,0.99,60.0,15.3,Changeover/Setup,44.7,59,39,1,38,3.11,97.44,66.1,74.5,88.13,63.98,4.17,26.79,2
PureGlow Soaps International (Fictional Dummy Company),Global Manufacturing Head - PureGlow Soaps,Asia,India,Mumbai,FCT001,Mumbai Soap Plant,LN0003,Line-3,2026-07-05 14:00:00,2026-07-05,14,Afternoon,Coconut Bar Soap,1.37,60.0,38.0,Preventive Maintenance,22.0,82,31,1,30,3.91,96.77,37.8,36.67,102.85,36.5,3.02,7.57,2
PureGlow Soaps International (Fictional Dummy Company),Global Manufacturing Head - PureGlow Soaps,Asia,India,Mumbai,FCT001,Mumbai Soap Plant,LN0001,Line-1,2026-07-05 15:00:00,2026-07-05,15,Afternoon,Aloe Vera Liquid Soap,1.07,60.0,22.1,Machine Breakdown,37.9,64,36,1,35,1.63,97.22,56.25,63.17,88.77,54.52,3.34,12.78,1
PureGlow Soaps International (Fictional Dummy Company),Global Manufacturing Head - PureGlow Soaps,Asia,India,Mumbai,FCT001,Mumbai Soap Plant,LN0002,Line-2,2026-07-05 15:00:00,2026-07-05,15,Afternoon,Sandalwood Bar Soap,0.99,60.0,33.3,Machine Breakdown,26.7,59,22,1,21,5.88,95.45,37.29,44.5,83.23,35.35,1.97,15.91,3
PureGlow Soaps International (Fictional Dummy Company),Global Manufacturing Head - PureGlow Soaps,Asia,India,Mumbai,FCT001,Mumbai Soap Plant,LN0003,Line-3,2026-07-05 15:00:00,2026-07-05,15,Afternoon,Coconut Bar Soap,1.37,60.0,20.9,Preventive Maintenance,39.1,82,51,2,49,4.12,96.08,62.2,65.17,95.21,59.62,4.99,13.03,1
PureGlow Soaps International (Fictional Dummy Company),Global Manufacturing Head - PureGlow Soaps,Asia,India,Mumbai,FCT001,Mumbai Soap Plant,LN0001,Line-1,2026-07-05 16:00:00,2026-07-05,16,Afternoon,Aloe Vera Liquid Soap,1.07,60.0,3.4,No Downtime,56.6,64,61,0,61,0.81,100.0,95.31,94.33,100.72,95.01,6.7,19.07,1
PureGlow Soaps International (Fictional Dummy Company),Global Manufacturing Head - PureGlow Soaps,Asia,India,Mumbai,FCT001,Mumbai Soap Plant,LN0002,Line-2,2026-07-05 16:00:00,2026-07-05,16,Afternoon,Sandalwood Bar Soap,0.99,60.0,18.8,Changeover/Setup,41.2,59,39,2,37,3.94,94.87,66.1,68.67,95.62,62.29,3.55,24.61,1
PureGlow Soaps International (Fictional Dummy Company),Global Manufacturing Head - PureGlow Soaps,Asia,India,Mumbai,FCT001,Mumbai Soap Plant,LN0003,Line-3,2026-07-05 16:00:00,2026-07-05,16,Afternoon,Coconut Bar Soap,1.37,60.0,21.3,Material Shortage,38.7,82,53,3,50,6.18,94.34,64.63,64.5,99.96,60.82,5.43,12.55,2
PureGlow Soaps International (Fictional Dummy Company),Global Manufacturing Head - PureGlow Soaps,Asia,India,Mumbai,FCT001,Mumbai Soap Plant,LN0001,Line-1,2026-07-05 17:00:00,2026-07-05,17,Afternoon,Aloe Vera Liquid Soap,1.07,60.0,1.3,No Downtime,58.7,64,63,2,61,3.48,96.83,98.44,97.83,100.3,95.01,5.97,21.32,1
PureGlow Soaps International (Fictional Dummy Company),Global Manufacturing Head - PureGlow Soaps,Asia,India,Mumbai,FCT001,Mumbai Soap Plant,LN0002,Line-2,2026-07-05 17:00:00,2026-07-05,17,Afternoon,Sandalwood Bar Soap,0.99,60.0,11.5,Changeover/Setup,48.5,59,48,1,47,1.64,97.92,81.36,80.83,99.97,79.12,4.79,29.38,3
PureGlow Soaps International (Fictional Dummy Company),Global Manufacturing Head - PureGlow Soaps,Asia,India,Mumbai,FCT001,Mumbai Soap Plant,LN0003,Line-3,2026-07-05 17:00:00,2026-07-05,17,Afternoon,Coconut Bar Soap,1.37,60.0,35.8,Machine Breakdown,24.2,82,32,1,31,4.12,96.88,39.02,40.33,96.52,37.71,2.94,7.74,3
PureGlow Soaps International (Fictional Dummy Company),Global Manufacturing Head - PureGlow Soaps,Asia,India,Mumbai,FCT001,Mumbai Soap Plant,LN0001,Line-1,2026-07-05 18:00:00,2026-07-05,18,Afternoon,Aloe Vera Liquid Soap,1.07,60.0,8.3,Changeover/Setup,51.7,64,48,1,47,2.43,97.92,75.0,86.17,86.77,73.21,4.18,16.75,3
PureGlow Soaps International (Fictional Dummy Company),Global Manufacturing Head - PureGlow Soaps,Asia,India,Mumbai,FCT001,Mumbai Soap Plant,LN0002,Line-2,2026-07-05 18:00:00,2026-07-05,18,Afternoon,Sandalwood Bar Soap,0.99,60.0,6.1,Staff Shortage,53.9,59,46,1,45,1.39,97.83,77.97,89.83,86.21,75.76,4.21,31.05,2
PureGlow Soaps International (Fictional Dummy Company),Global Manufacturing Head - PureGlow Soaps,Asia,India,Mumbai,FCT001,Mumbai Soap Plant,LN0003,Line-3,2026-07-05 18:00:00,2026-07-05,18,Afternoon,Coconut Bar Soap,1.37,60.0,0.6,No Downtime,59.4,82,75,3,72,3.94,96.0,91.46,99.0,92.16,87.59,7.95,17.14,3
PureGlow Soaps International (Fictional Dummy Company),Global Manufacturing Head - PureGlow Soaps,Asia,India,Mumbai,FCT001,Mumbai Soap Plant,LN0001,Line-1,2026-07-05 19:00:00,2026-07-05,19,Afternoon,Aloe Vera Liquid Soap,1.07,60.0,11.7,Changeover/Setup,48.3,64,50,2,48,4.41,96.0,78.12,80.5,96.75,74.77,5.25,18.2,1
PureGlow Soaps International (Fictional Dummy Company),Global Manufacturing Head - PureGlow Soaps,Asia,India,Mumbai,FCT001,Mumbai Soap Plant,LN0002,Line-2,2026-07-05 19:00:00,2026-07-05,19,Afternoon,Sandalwood Bar Soap,0.99,60.0,8.0,Staff Shortage,52.0,59,45,1,44,2.35,97.78,76.27,86.67,87.41,74.08,4.83,33.29,2
PureGlow Soaps International (Fictional Dummy Company),Global Manufacturing Head - PureGlow Soaps,Asia,India,Mumbai,FCT001,Mumbai Soap Plant,LN0003,Line-3,2026-07-05 19:00:00,2026-07-05,19,Afternoon,Coconut Bar Soap,1.37,60.0,3.5,No Downtime,56.5,82,63,3,60,4.37,95.24,76.83,94.17,81.39,73.0,5.87,16.46,3
PureGlow Soaps International (Fictional Dummy Company),Global Manufacturing Head - PureGlow Soaps,Asia,India,Mumbai,FCT001,Mumbai Soap Plant,LN0001,Line-1,2026-07-05 20:00:00,2026-07-05,20,Afternoon,Aloe Vera Liquid Soap,1.07,60.0,8.5,Staff Shortage,51.5,64,56,1,55,1.1,98.21,87.5,85.83,101.62,85.66,5.57,16.1,2
PureGlow Soaps International (Fictional Dummy Company),Global Manufacturing Head - PureGlow Soaps,Asia,India,Mumbai,FCT001,Mumbai Soap Plant,LN0002,Line-2,2026-07-05 20:00:00,2026-07-05,20,Afternoon,Sandalwood Bar Soap,0.99,60.0,26.6,Material Shortage,33.4,59,32,1,31,3.91,96.88,54.24,55.67,96.78,52.2,3.32,19.05,2
PureGlow Soaps International (Fictional Dummy Company),Global Manufacturing Head - PureGlow Soaps,Asia,India,Mumbai,FCT001,Mumbai Soap Plant,LN0003,Line-3,2026-07-05 20:00:00,2026-07-05,20,Afternoon,Coconut Bar Soap,1.37,60.0,0.6,No Downtime,59.4,82,65,2,63,3.15,96.92,79.27,99.0,79.87,76.64,6.65,18.0,1
PureGlow Soaps International (Fictional Dummy Company),Global Manufacturing Head - PureGlow Soaps,Asia,India,Mumbai,FCT001,Mumbai Soap Plant,LN0001,Line-1,2026-07-05 21:00:00,2026-07-05,21,Afternoon,Aloe Vera Liquid Soap,1.07,60.0,0.8,No Downtime,59.2,64,65,1,64,1.93,98.46,101.56,98.67,102.61,99.69,6.33,21.45,2
PureGlow Soaps International (Fictional Dummy Company),Global Manufacturing Head - PureGlow Soaps,Asia,India,Mumbai,FCT001,Mumbai Soap Plant,LN0002,Line-2,2026-07-05 21:00:00,2026-07-05,21,Afternoon,Sandalwood Bar Soap,0.99,60.0,2.0,No Downtime,58.0,59,54,3,51,4.82,94.44,91.53,96.67,94.04,85.85,5.2,33.19,3
PureGlow Soaps International (Fictional Dummy Company),Global Manufacturing Head - PureGlow Soaps,Asia,India,Mumbai,FCT001,Mumbai Soap Plant,LN0003,Line-3,2026-07-05 21:00:00,2026-07-05,21,Afternoon,Coconut Bar Soap,1.37,60.0,0.6,No Downtime,59.4,82,76,1,75,0.68,98.68,92.68,99.0,93.39,91.24,6.57,16.76,2
PureGlow Soaps International (Fictional Dummy Company),Global Manufacturing Head - PureGlow Soaps,Asia,India,Mumbai,FCT001,Mumbai Soap Plant,LN0001,Line-1,2026-07-05 22:00:00,2026-07-05,22,Night,Aloe Vera Liquid Soap,1.07,60.0,10.9,Changeover/Setup,49.1,64,53,1,52,1.72,98.11,82.81,81.83,100.88,80.99,5.75,16.77,1
PureGlow Soaps International (Fictional Dummy Company),Global Manufacturing Head - PureGlow Soaps,Asia,India,Mumbai,FCT001,Mumbai Soap Plant,LN0002,Line-2,2026-07-05 22:00:00,2026-07-05,22,Night,Sandalwood Bar Soap,0.99,60.0,2.4,No Downtime,57.6,59,57,1,56,2.47,98.25,96.61,96.0,99.96,94.28,5.98,35.39,2
PureGlow Soaps International (Fictional Dummy Company),Global Manufacturing Head - PureGlow Soaps,Asia,India,Mumbai,FCT001,Mumbai Soap Plant,LN0003,Line-3,2026-07-05 22:00:00,2026-07-05,22,Night,Coconut Bar Soap,1.37,60.0,22.3,Power Outage,37.7,82,45,0,45,0.0,100.0,54.88,62.83,87.13,54.74,4.34,11.98,2
PureGlow Soaps International (Fictional Dummy Company),Global Manufacturing Head - PureGlow Soaps,Asia,India,Mumbai,FCT001,Mumbai Soap Plant,LN0001,Line-1,2026-07-05 23:00:00,2026-07-05,23,Night,Aloe Vera Liquid Soap,1.07,60.0,34.6,Preventive Maintenance,25.4,64,22,1,21,4.29,95.45,34.38,42.33,80.95,32.71,2.39,8.81,3
PureGlow Soaps International (Fictional Dummy Company),Global Manufacturing Head - PureGlow Soaps,Asia,India,Mumbai,FCT001,Mumbai Soap Plant,LN0002,Line-2,2026-07-05 23:00:00,2026-07-05,23,Night,Sandalwood Bar Soap,0.99,60.0,29.7,Preventive Maintenance,30.3,59,28,2,26,5.75,92.86,47.46,50.5,93.34,43.77,2.38,20.21,2
PureGlow Soaps International (Fictional Dummy Company),Global Manufacturing Head - PureGlow Soaps,Asia,India,Mumbai,FCT001,Mumbai Soap Plant,LN0003,Line-3,2026-07-05 23:00:00,2026-07-05,23,Night,Coconut Bar Soap,1.37,60.0,21.6,Machine Breakdown,38.4,82,49,2,47,3.77,95.92,59.76,64.0,93.14,57.18,5.22,11.7,1
PureGlow Soaps International (Fictional Dummy Company),Global Manufacturing Head - PureGlow Soaps,Asia,India,Mumbai,FCT001,Mumbai Soap Plant,LN0001,Line-1,2026-07-06 00:00:00,2026-07-06,0,Night,Neem Bar Soap,1.07,60.0,31.3,Machine Breakdown,28.7,64,30,1,29,2.86,96.67,46.88,47.83,97.69,45.17,2.85,9.5,2
PureGlow Soaps International (Fictional Dummy Company),Global Manufacturing Head - PureGlow Soaps,Asia,India,Mumbai,FCT001,Mumbai Soap Plant,LN0002,Line-2,2026-07-06 00:00:00,2026-07-06,0,Night,Charcoal Bar Soap,0.99,60.0,3.9,No Downtime,56.1,59,56,1,55,1.49,98.21,94.92,93.5,100.83,92.59,4.94,31.81,3
PureGlow Soaps International (Fictional Dummy Company),Global Manufacturing Head - PureGlow Soaps,Asia,India,Mumbai,FCT001,Mumbai Soap Plant,LN0003,Line-3,2026-07-06 00:00:00,2026-07-06,0,Night,Aloe Vera Liquid Soap,1.37,60.0,3.1,No Downtime,56.9,82,66,2,64,2.67,96.97,80.49,94.83,84.67,77.86,5.73,18.91,1
PureGlow Soaps International (Fictional Dummy Company),Global Manufacturing Head - PureGlow Soaps,Asia,India,Mumbai,FCT001,Mumbai Soap Plant,LN0001,Line-1,2026-07-06 01:00:00,2026-07-06,1,Night,Neem Bar Soap,1.07,60.0,3.2,No Downtime,56.8,64,60,0,60,0.62,100.0,93.75,94.67,98.72,93.46,6.08,21.12,1
PureGlow Soaps International (Fictional Dummy Company),Global Manufacturing Head - PureGlow Soaps,Asia,India,Mumbai,FCT001,Mumbai Soap Plant,LN0002,Line-2,2026-07-06 01:00:00,2026-07-06,1,Night,Charcoal Bar Soap,0.99,60.0,3.2,No Downtime,56.8,59,48,1,47,2.91,97.92,81.36,94.67,85.36,79.13,4.22,32.08,2
PureGlow Soaps International (Fictional Dummy Company),Global Manufacturing Head - PureGlow Soaps,Asia,India,Mumbai,FCT001,Mumbai Soap Plant,LN0003,Line-3,2026-07-06 01:00:00,2026-07-06,1,Night,Aloe Vera Liquid Soap,1.37,60.0,11.3,Changeover/Setup,48.7,82,54,1,53,2.33,98.15,65.85,81.17,80.94,64.48,5.66,15.45,2
PureGlow Soaps International (Fictional Dummy Company),Global Manufacturing Head - PureGlow Soaps,Asia,India,Mumbai,FCT001,Mumbai Soap Plant,LN0001,Line-1,2026-07-06 02:00:00,2026-07-06,2,Night,Neem Bar Soap,1.07,60.0,8.5,Changeover/Setup,51.5,64,44,2,42,4.75,95.45,68.75,85.83,79.85,65.42,4.1,17.08,3
PureGlow Soaps International (Fictional Dummy Company),Global Manufacturing Head - PureGlow Soaps,Asia,India,Mumbai,FCT001,Mumbai Soap Plant,LN0002,Line-2,2026-07-06 02:00:00,2026-07-06,2,Night,Charcoal Bar Soap,0.99,60.0,16.2,Changeover/Setup,43.8,59,37,2,35,4.53,94.59,62.71,73.0,85.33,58.92,3.48,26.63,2
PureGlow Soaps International (Fictional Dummy Company),Global Manufacturing Head - PureGlow Soaps,Asia,India,Mumbai,FCT001,Mumbai Soap Plant,LN0003,Line-3,2026-07-06 02:00:00,2026-07-06,2,Night,Aloe Vera Liquid Soap,1.37,60.0,0.4,No Downtime,59.6,82,81,1,80,1.21,98.77,98.78,99.33,99.2,97.32,8.24,18.05,2
PureGlow Soaps International (Fictional Dummy Company),Global Manufacturing Head - PureGlow Soaps,Asia,India,Mumbai,FCT001,Mumbai Soap Plant,LN0001,Line-1,2026-07-06 03:00:00,2026-07-06,3,Night,Neem Bar Soap,1.07,60.0,31.0,Machine Breakdown,29.0,64,28,0,28,1.04,100.0,43.75,48.33,90.24,43.61,3.08,9.04,2
PureGlow Soaps International (Fictional Dummy Company),Global Manufacturing Head - PureGlow Soaps,Asia,India,Mumbai,FCT001,Mumbai Soap Plant,LN0002,Line-2,2026-07-06 03:00:00,2026-07-06,3,Night,Charcoal Bar Soap,0.99,60.0,10.8,Changeover/Setup,49.2,59,48,2,46,4.31,95.83,81.36,82.0,98.55,77.44,5.15,28.72,1
PureGlow Soaps International (Fictional Dummy Company),Global Manufacturing Head - PureGlow Soaps,Asia,India,Mumbai,FCT001,Mumbai Soap Plant,LN0003,Line-3,2026-07-06 03:00:00,2026-07-06,3,Night,Aloe Vera Liquid Soap,1.37,60.0,5.7,Changeover/Setup,54.3,82,60,1,59,1.27,98.33,73.17,90.5,80.65,71.77,5.87,17.4,1
PureGlow Soaps International (Fictional Dummy Company),Global Manufacturing Head - PureGlow Soaps,Asia,India,Mumbai,FCT001,Mumbai Soap Plant,LN0001,Line-1,2026-07-06 04:00:00,2026-07-06,4,Night,Neem Bar Soap,1.07,60.0,32.6,Material Shortage,27.4,64,26,1,25,5.11,96.15,40.62,45.67,88.68,38.94,2.64,9.56,1
PureGlow Soaps International (Fictional Dummy Company),Global Manufacturing Head - PureGlow Soaps,Asia,India,Mumbai,FCT001,Mumbai Soap Plant,LN0002,Line-2,2026-07-06 04:00:00,2026-07-06,4,Night,Charcoal Bar Soap,0.99,60.0,24.5,Power Outage,35.5,59,29,2,27,5.35,93.1,49.15,59.17,82.52,45.46,2.83,22.53,3
PureGlow Soaps International (Fictional Dummy Company),Global Manufacturing Head - PureGlow Soaps,Asia,India,Mumbai,FCT001,Mumbai Soap Plant,LN0003,Line-3,2026-07-06 04:00:00,2026-07-06,4,Night,Aloe Vera Liquid Soap,1.37,60.0,2.3,No Downtime,57.7,82,81,3,78,3.66,96.3,98.78,96.17,102.47,94.9,7.41,18.31,3
PureGlow Soaps International (Fictional Dummy Company),Global Manufacturing Head - PureGlow Soaps,Asia,India,Mumbai,FCT001,Mumbai Soap Plant,LN0001,Line-1,2026-07-06 05:00:00,2026-07-06,5,Night,Neem Bar Soap,1.07,60.0,0.7,No Downtime,59.3,64,52,1,51,2.35,98.08,81.25,98.83,81.95,79.44,4.53,21.87,1
PureGlow Soaps International (Fictional Dummy Company),Global Manufacturing Head - PureGlow Soaps,Asia,India,Mumbai,FCT001,Mumbai Soap Plant,LN0002,Line-2,2026-07-06 05:00:00,2026-07-06,5,Night,Charcoal Bar Soap,0.99,60.0,20.2,Preventive Maintenance,39.8,59,37,1,36,3.12,97.3,62.71,66.33,93.9,60.6,3.68,24.41,3
PureGlow Soaps International (Fictional Dummy Company),Global Manufacturing Head - PureGlow Soaps,Asia,India,Mumbai,FCT001,Mumbai Soap Plant,LN0003,Line-3,2026-07-06 05:00:00,2026-07-06,5,Night,Aloe Vera Liquid Soap,1.37,60.0,3.8,No Downtime,56.2,82,71,3,68,4.23,95.77,86.59,93.67,92.21,82.72,7.34,16.42,2
PureGlow Soaps International (Fictional Dummy Company),Global Manufacturing Head - PureGlow Soaps,Asia,India,Mumbai,FCT001,Mumbai Soap Plant,LN0001,Line-1,2026-07-06 06:00:00,2026-07-06,6,Morning,Neem Bar Soap,1.07,60.0,14.8,Material Shortage,45.2,64,49,2,47,3.54,95.92,76.56,75.33,101.32,73.21,4.32,14.33,3
PureGlow Soaps International (Fictional Dummy Company),Global Manufacturing Head - PureGlow Soaps,Asia,India,Mumbai,FCT001,Mumbai Soap Plant,LN0002,Line-2,2026-07-06 06:00:00,2026-07-06,6,Morning,Charcoal Bar Soap,0.99,60.0,17.9,Material Shortage,42.1,59,34,1,33,2.48,97.06,57.63,70.17,81.58,55.56,3.26,25.0,2
PureGlow Soaps International (Fictional Dummy Company),Global Manufacturing Head - PureGlow Soaps,Asia,India,Mumbai,FCT001,Mumbai Soap Plant,LN0003,Line-3,2026-07-06 06:00:00,2026-07-06,6,Morning,Aloe Vera Liquid Soap,1.37,60.0,32.5,Material Shortage,27.5,82,33,2,31,4.7,93.94,40.24,45.83,87.59,37.71,3.53,8.22,2
PureGlow Soaps International (Fictional Dummy Company),Global Manufacturing Head - PureGlow Soaps,Asia,India,Mumbai,FCT001,Mumbai Soap Plant,LN0001,Line-1,2026-07-06 07:00:00,2026-07-06,7,Morning,Neem Bar Soap,1.07,60.0,33.3,Material Shortage,26.7,64,27,1,26,3.45,96.3,42.19,44.5,94.51,40.5,2.87,8.74,3
PureGlow Soaps International (Fictional Dummy Company),Global Manufacturing Head - PureGlow Soaps,Asia,India,Mumbai,FCT001,Mumbai Soap Plant,LN0002,Line-2,2026-07-06 07:00:00,2026-07-06,7,Morning,Charcoal Bar Soap,0.99,60.0,0.7,No Downtime,59.3,59,59,1,58,2.45,98.31,100.0,98.83,100.5,97.65,5.52,36.0,3
PureGlow Soaps International (Fictional Dummy Company),Global Manufacturing Head - PureGlow Soaps,Asia,India,Mumbai,FCT001,Mumbai Soap Plant,LN0003,Line-3,2026-07-06 07:00:00,2026-07-06,7,Morning,Aloe Vera Liquid Soap,1.37,60.0,20.7,Material Shortage,39.3,82,52,1,51,0.98,98.08,63.41,65.5,96.58,62.05,5.04,11.36,2
PureGlow Soaps International (Fictional Dummy Company),Global Manufacturing Head - PureGlow Soaps,Asia,India,Mumbai,FCT001,Mumbai Soap Plant,LN0001,Line-1,2026-07-06 08:00:00,2026-07-06,8,Morning,Neem Bar Soap,1.07,60.0,3.5,No Downtime,56.5,64,56,3,53,4.51,94.64,87.5,94.17,92.63,82.55,6.11,17.61,3
PureGlow Soaps International (Fictional Dummy Company),Global Manufacturing Head - PureGlow Soaps,Asia,India,Mumbai,FCT001,Mumbai Soap Plant,LN0002,Line-2,2026-07-06 08:00:00,2026-07-06,8,Morning,Charcoal Bar Soap,0.99,60.0,3.2,No Downtime,56.8,59,46,1,45,1.73,97.83,77.97,94.67,81.8,75.76,4.78,32.02,2
PureGlow Soaps International (Fictional Dummy Company),Global Manufacturing Head - PureGlow Soaps,Asia,India,Mumbai,FCT001,Mumbai Soap Plant,LN0003,Line-3,2026-07-06 08:00:00,2026-07-06,8,Morning,Aloe Vera Liquid Soap,1.37,60.0,2.1,No Downtime,57.9,82,77,2,75,3.2,97.4,93.9,96.5,97.07,91.24,6.7,17.51,3
PureGlow Soaps International (Fictional Dummy Company),Global Manufacturing Head - PureGlow Soaps,Asia,India,Mumbai,FCT001,Mumbai Soap Plant,LN0001,Line-1,2026-07-06 09:00:00,2026-07-06,9,Morning,Neem Bar Soap,1.07,60.0,11.8,Changeover/Setup,48.2,64,42,1,41,1.76,97.62,65.62,80.33,81.44,63.86,4.13,16.37,3
PureGlow Soaps International (Fictional Dummy Company),Global Manufacturing Head - PureGlow Soaps,Asia,India,Mumbai,FCT001,Mumbai Soap Plant,LN0002,Line-2,2026-07-06 09:00:00,2026-07-06,9,Morning,Charcoal Bar Soap,0.99,60.0,29.0,Preventive Maintenance,31.0,59,30,1,29,4.03,96.67,50.85,51.67,97.75,48.83,3.29,18.26,1
PureGlow Soaps International (Fictional Dummy Company),Global Manufacturing Head - PureGlow Soaps,Asia,India,Mumbai,FCT001,Mumbai Soap Plant,LN0003,Line-3,2026-07-06 09:00:00,2026-07-06,9,Morning,Aloe Vera Liquid Soap,1.37,60.0,20.1,Power Outage,39.9,82,46,1,45,2.74,97.83,56.1,66.5,84.15,54.75,4.04,12.44,3
PureGlow Soaps International (Fictional Dummy Company),Global Manufacturing Head - PureGlow Soaps,Asia,India,Mumbai,FCT001,Mumbai Soap Plant,LN0001,Line-1,2026-07-06 10:00:00,2026-07-06,10,Morning,Neem Bar Soap,1.07,60.0,10.9,Changeover/Setup,49.1,64,44,1,43,1.44,97.73,68.75,81.83,83.75,66.98,4.08,17.7,2
PureGlow Soaps International (Fictional Dummy Company),Global Manufacturing Head - PureGlow Soaps,Asia,India,Mumbai,FCT001,Mumbai Soap Plant,LN0002,Line-2,2026-07-06 10:00:00,2026-07-06,10,Morning,Charcoal Bar Soap,0.99,60.0,30.0,Machine Breakdown,30.0,59,28,1,27,3.09,96.43,47.46,50.0,94.28,45.46,2.74,17.75,3
PureGlow Soaps International (Fictional Dummy Company),Global Manufacturing Head - PureGlow Soaps,Asia,India,Mumbai,FCT001,Mumbai Soap Plant,LN0003,Line-3,2026-07-06 10:00:00,2026-07-06,10,Morning,Aloe Vera Liquid Soap,1.37,60.0,13.4,Material Shortage,46.6,82,65,2,63,2.65,96.92,79.27,77.67,101.81,76.64,5.76,15.86,1
PureGlow Soaps International (Fictional Dummy Company),Global Manufacturing Head - PureGlow Soaps,Asia,India,Mumbai,FCT001,Mumbai Soap Plant,LN0001,Line-1,2026-07-06 11:00:00,2026-07-06,11,Morning,Neem Bar Soap,1.07,60.0,5.2,Changeover/Setup,54.8,64,47,1,46,2.28,97.87,73.44,91.33,80.16,71.65,4.39,20.12,1
PureGlow Soaps International (Fictional Dummy Company),Global Manufacturing Head - PureGlow Soaps,Asia,India,Mumbai,FCT001,Mumbai Soap Plant,LN0002,Line-2,2026-07-06 11:00:00,2026-07-06,11,Morning,Charcoal Bar Soap,0.99,60.0,2.0,No Downtime,58.0,59,53,2,51,3.06,96.23,89.83,96.67,92.3,85.86,5.31,37.84,2
PureGlow Soaps International (Fictional Dummy Company),Global Manufacturing Head - PureGlow Soaps,Asia,India,Mumbai,FCT001,Mumbai Soap Plant,LN0003,Line-3,2026-07-06 11:00:00,2026-07-06,11,Morning,Aloe Vera Liquid Soap,1.37,60.0,2.6,No Downtime,57.4,82,67,3,64,4.71,95.52,81.71,95.67,85.2,77.86,5.84,17.09,1
PureGlow Soaps International (Fictional Dummy Company),Global Manufacturing Head - PureGlow Soaps,Asia,India,Mumbai,FCT001,Mumbai Soap Plant,LN0001,Line-1,2026-07-06 12:00:00,2026-07-06,12,Morning,Neem Bar Soap,1.07,60.0,25.6,Power Outage,34.4,64,36,1,35,3.9,97.22,56.25,57.33,97.8,54.51,3.47,12.38,3
PureGlow Soaps International (Fictional Dummy Company),Global Manufacturing Head - PureGlow Soaps,Asia,India,Mumbai,FCT001,Mumbai Soap Plant,LN0002,Line-2,2026-07-06 12:00:00,2026-07-06,12,Morning,Charcoal Bar Soap,0.99,60.0,3.5,No Downtime,56.5,59,57,3,54,5.19,94.74,96.61,94.17,101.9,90.91,5.89,35.47,3
PureGlow Soaps International (Fictional Dummy Company),Global Manufacturing Head - PureGlow Soaps,Asia,India,Mumbai,FCT001,Mumbai Soap Plant,LN0003,Line-3,2026-07-06 12:00:00,2026-07-06,12,Morning,Aloe Vera Liquid Soap,1.37,60.0,28.8,Power Outage,31.2,82,39,1,38,2.91,97.44,47.56,52.0,91.24,46.23,3.37,9.85,1
PureGlow Soaps International (Fictional Dummy Company),Global Manufacturing Head - PureGlow Soaps,Asia,India,Mumbai,FCT001,Mumbai Soap Plant,LN0001,Line-1,2026-07-06 13:00:00,2026-07-06,13,Morning,Neem Bar Soap,1.07,60.0,24.5,Material Shortage,35.5,64,34,1,33,1.59,97.06,53.12,59.17,89.51,51.41,2.96,11.31,1
PureGlow Soaps International (Fictional Dummy Company),Global Manufacturing Head - PureGlow Soaps,Asia,India,Mumbai,FCT001,Mumbai Soap Plant,LN0002,Line-2,2026-07-06 13:00:00,2026-07-06,13,Morning,Charcoal Bar Soap,0.99,60.0,19.2,Preventive Maintenance,40.8,59,37,0,37,0.95,100.0,62.71,68.0,91.6,62.29,3.7,26.62,3
PureGlow Soaps International (Fictional Dummy Company),Global Manufacturing Head - PureGlow Soaps,Asia,India,Mumbai,FCT001,Mumbai Soap Plant,LN0003,Line-3,2026-07-06 13:00:00,2026-07-06,13,Morning,Aloe Vera Liquid Soap,1.37,60.0,22.9,Machine Breakdown,37.1,82,44,1,43,3.21,97.73,53.66,61.83,86.57,52.31,4.49,10.83,3
PureGlow Soaps International (Fictional Dummy Company),Global Manufacturing Head - PureGlow Soaps,Asia,India,Mumbai,FCT001,Mumbai Soap Plant,LN0001,Line-1,2026-07-06 14:00:00,2026-07-06,14,Afternoon,Neem Bar Soap,1.07,60.0,28.4,Preventive Maintenance,31.6,64,34,1,33,4.1,97.06,53.12,52.67,100.56,51.41,2.96,10.78,3
PureGlow Soaps International (Fictional Dummy Company),Global Manufacturing Head - PureGlow Soaps,Asia,India,Mumbai,FCT001,Mumbai Soap Plant,LN0002,Line-2,2026-07-06 14:00:00,2026-07-06,14,Afternoon,Charcoal Bar Soap,0.99,60.0,12.5,Changeover/Setup,47.5,59,45,2,43,4.02,95.56,76.27,79.17,95.69,72.39,4.46,29.78,1
PureGlow Soaps International (Fictional Dummy Company),Global Manufacturing Head - PureGlow Soaps,Asia,India,Mumbai,FCT001,Mumbai Soap Plant,LN0003,Line-3,2026-07-06 14:00:00,2026-07-06,14,Afternoon,Aloe Vera Liquid Soap,1.37,60.0,1.5,No Downtime,58.5,82,71,4,67,5.56,94.37,86.59,97.5,88.59,81.51,6.94,18.26,1
PureGlow Soaps International (Fictional Dummy Company),Global Manufacturing Head - PureGlow Soaps,Asia,India,Mumbai,FCT001,Mumbai Soap Plant,LN0001,Line-1,2026-07-06 15:00:00,2026-07-06,15,Afternoon,Neem Bar Soap,1.07,60.0,3.1,No Downtime,56.9,64,55,2,53,3.45,96.36,85.94,94.83,90.34,82.55,5.27,19.56,1
PureGlow Soaps International (Fictional Dummy Company),Global Manufacturing Head - PureGlow Soaps,Asia,India,Mumbai,FCT001,Mumbai Soap Plant,LN0002,Line-2,2026-07-06 15:00:00,2026-07-06,15,Afternoon,Charcoal Bar Soap,0.99,60.0,1.9,No Downtime,58.1,59,50,2,48,4.25,96.0,84.75,96.83,86.93,80.81,5.08,37.5,1
PureGlow Soaps International (Fictional Dummy Company),Global Manufacturing Head - PureGlow Soaps,Asia,India,Mumbai,FCT001,Mumbai Soap Plant,LN0003,Line-3,2026-07-06 15:00:00,2026-07-06,15,Afternoon,Aloe Vera Liquid Soap,1.37,60.0,15.9,Changeover/Setup,44.1,82,54,1,53,1.62,98.15,65.85,73.5,89.38,64.48,5.57,14.01,3
PureGlow Soaps International (Fictional Dummy Company),Global Manufacturing Head - PureGlow Soaps,Asia,India,Mumbai,FCT001,Mumbai Soap Plant,LN0001,Line-1,2026-07-06 16:00:00,2026-07-06,16,Afternoon,Neem Bar Soap,1.07,60.0,3.3,No Downtime,56.7,64,57,2,55,4.18,96.49,89.06,94.5,93.95,85.67,5.07,19.57,2
PureGlow Soaps International (Fictional Dummy Company),Global Manufacturing Head - PureGlow Soaps,Asia,India,Mumbai,FCT001,Mumbai Soap Plant,LN0002,Line-2,2026-07-06 16:00:00,2026-07-06,16,Afternoon,Charcoal Bar Soap,0.99,60.0,0.3,No Downtime,59.7,59,49,1,48,2.06,97.96,83.05,99.5,82.91,80.81,4.46,34.46,3
PureGlow Soaps International (Fictional Dummy Company),Global Manufacturing Head - PureGlow Soaps,Asia,India,Mumbai,FCT001,Mumbai Soap Plant,LN0003,Line-3,2026-07-06 16:00:00,2026-07-06,16,Afternoon,Aloe Vera Liquid Soap,1.37,60.0,22.0,Preventive Maintenance,38.0,82,45,1,44,2.15,97.78,54.88,63.33,86.44,53.53,4.52,11.8,3
PureGlow Soaps International (Fictional Dummy Company),Global Manufacturing Head - PureGlow Soaps,Asia,India,Mumbai,FCT001,Mumbai Soap Plant,LN0001,Line-1,2026-07-06 17:00:00,2026-07-06,17,Afternoon,Neem Bar Soap,1.07,60.0,30.8,Machine Breakdown,29.2,64,25,1,24,2.97,96.0,39.06,48.67,80.02,37.39,2.45,9.55,2
PureGlow Soaps International (Fictional Dummy Company),Global Manufacturing Head - PureGlow Soaps,Asia,India,Mumbai,FCT001,Mumbai Soap Plant,LN0002,Line-2,2026-07-06 17:00:00,2026-07-06,17,Afternoon,Charcoal Bar Soap,0.99,60.0,10.7,Changeover/Setup,49.3,59,41,2,39,3.91,95.12,69.49,82.17,84.0,65.65,3.99,33.02,3
PureGlow Soaps International (Fictional Dummy Company),Global Manufacturing Head - PureGlow Soaps,Asia,India,Mumbai,FCT001,Mumbai Soap Plant,LN0003,Line-3,2026-07-06 17:00:00,2026-07-06,17,Afternoon,Aloe Vera Liquid Soap,1.37,60.0,9.7,Changeover/Setup,50.3,82,63,1,62,1.66,98.41,76.83,83.83,91.42,75.42,6.89,16.6,2
PureGlow Soaps International (Fictional Dummy Company),Global Manufacturing Head - PureGlow Soaps,Asia,India,Mumbai,FCT001,Mumbai Soap Plant,LN0001,Line-1,2026-07-06 18:00:00,2026-07-06,18,Afternoon,Neem Bar Soap,1.07,60.0,27.9,Preventive Maintenance,32.1,64,32,1,31,1.74,96.88,50.0,53.5,93.17,48.29,3.03,11.45,2
PureGlow Soaps International (Fictional Dummy Company),Global Manufacturing Head - PureGlow Soaps,Asia,India,Mumbai,FCT001,Mumbai Soap Plant,LN0002,Line-2,2026-07-06 18:00:00,2026-07-06,18,Afternoon,Charcoal Bar Soap,0.99,60.0,11.2,Changeover/Setup,48.8,59,42,2,40,5.18,95.24,71.19,81.33,86.93,67.33,4.29,29.95,1
PureGlow Soaps International (Fictional Dummy Company),Global Manufacturing Head - PureGlow Soaps,Asia,India,Mumbai,FCT001,Mumbai Soap Plant,LN0003,Line-3,2026-07-06 18:00:00,2026-07-06,18,Afternoon,Aloe Vera Liquid Soap,1.37,60.0,0.7,No Downtime,59.3,82,80,1,79,1.85,98.75,97.56,98.83,98.47,96.1,7.46,19.09,2
PureGlow Soaps International (Fictional Dummy Company),Global Manufacturing Head - PureGlow Soaps,Asia,India,Mumbai,FCT001,Mumbai Soap Plant,LN0001,Line-1,2026-07-06 19:00:00,2026-07-06,19,Afternoon,Neem Bar Soap,1.07,60.0,1.2,No Downtime,58.8,64,64,4,60,5.54,93.75,100.0,98.0,101.72,93.46,5.58,20.14,1
PureGlow Soaps International (Fictional Dummy Company),Global Manufacturing Head - PureGlow Soaps,Asia,India,Mumbai,FCT001,Mumbai Soap Plant,LN0002,Line-2,2026-07-06 19:00:00,2026-07-06,19,Afternoon,Charcoal Bar Soap,0.99,60.0,3.4,No Downtime,56.6,59,52,2,50,4.54,96.15,88.14,94.33,92.8,84.17,4.48,37.02,3
PureGlow Soaps International (Fictional Dummy Company),Global Manufacturing Head - PureGlow Soaps,Asia,India,Mumbai,FCT001,Mumbai Soap Plant,LN0003,Line-3,2026-07-06 19:00:00,2026-07-06,19,Afternoon,Aloe Vera Liquid Soap,1.37,60.0,8.7,Changeover/Setup,51.3,82,65,2,63,2.75,96.92,79.27,85.5,92.49,76.64,6.62,15.48,1
PureGlow Soaps International (Fictional Dummy Company),Global Manufacturing Head - PureGlow Soaps,Asia,India,Mumbai,FCT001,Mumbai Soap Plant,LN0001,Line-1,2026-07-06 20:00:00,2026-07-06,20,Afternoon,Neem Bar Soap,1.07,60.0,21.0,Machine Breakdown,39.0,64,41,1,40,3.3,97.56,64.06,65.0,98.25,62.3,4.24,13.22,3
PureGlow Soaps International (Fictional Dummy Company),Global Manufacturing Head - PureGlow Soaps,Asia,India,Mumbai,FCT001,Mumbai Soap Plant,LN0002,Line-2,2026-07-06 20:00:00,2026-07-06,20,Afternoon,Charcoal Bar Soap,0.99,60.0,11.1,Power Outage,48.9,59,45,1,44,2.0,97.78,76.27,81.5,92.95,74.07,4.36,27.44,3
PureGlow Soaps International (Fictional Dummy Company),Global Manufacturing Head - PureGlow Soaps,Asia,India,Mumbai,FCT001,Mumbai Soap Plant,LN0003,Line-3,2026-07-06 20:00:00,2026-07-06,20,Afternoon,Aloe Vera Liquid Soap,1.37,60.0,18.1,Machine Breakdown,41.9,82,55,1,54,1.45,98.18,67.07,69.83,95.81,65.69,4.77,13.4,1
PureGlow Soaps International (Fictional Dummy Company),Global Manufacturing Head - PureGlow Soaps,Asia,India,Mumbai,FCT001,Mumbai Soap Plant,LN0001,Line-1,2026-07-06 21:00:00,2026-07-06,21,Afternoon,Neem Bar Soap,1.07,60.0,0.3,No Downtime,59.7,64,58,2,56,3.61,96.55,90.62,99.5,90.8,87.23,5.35,21.17,1
PureGlow Soaps International (Fictional Dummy Company),Global Manufacturing Head - PureGlow Soaps,Asia,India,Mumbai,FCT001,Mumbai Soap Plant,LN0002,Line-2,2026-07-06 21:00:00,2026-07-06,21,Afternoon,Charcoal Bar Soap,0.99,60.0,2.6,No Downtime,57.4,59,57,2,55,3.76,96.49,96.61,95.67,100.31,92.6,5.45,32.38,3
PureGlow Soaps International (Fictional Dummy Company),Global Manufacturing Head - PureGlow Soaps,Asia,India,Mumbai,FCT001,Mumbai Soap Plant,LN0003,Line-3,2026-07-06 21:00:00,2026-07-06,21,Afternoon,Aloe Vera Liquid Soap,1.37,60.0,1.9,No Downtime,58.1,82,67,2,65,2.87,97.01,81.71,96.83,84.17,79.06,6.74,19.08,3
PureGlow Soaps International (Fictional Dummy Company),Global Manufacturing Head - PureGlow Soaps,Asia,India,Mumbai,FCT001,Mumbai Soap Plant,LN0001,Line-1,2026-07-06 22:00:00,2026-07-06,22,Night,Neem Bar Soap,1.07,60.0,1.3,No Downtime,58.7,64,57,1,56,1.8,98.25,89.06,97.83,90.75,87.23,5.77,19.62,3
PureGlow Soaps International (Fictional Dummy Company),Global Manufacturing Head - PureGlow Soaps,Asia,India,Mumbai,FCT001,Mumbai Soap Plant,LN0002,Line-2,2026-07-06 22:00:00,2026-07-06,22,Night,Charcoal Bar Soap,0.99,60.0,3.8,No Downtime,56.2,59,52,2,50,3.88,96.15,88.14,93.67,93.46,84.17,4.84,31.83,2
PureGlow Soaps International (Fictional Dummy Company),Global Manufacturing Head - PureGlow Soaps,Asia,India,Mumbai,FCT001,Mumbai Soap Plant,LN0003,Line-3,2026-07-06 22:00:00,2026-07-06,22,Night,Aloe Vera Liquid Soap,1.37,60.0,13.4,Machine Breakdown,46.6,82,55,1,54,1.23,98.18,67.07,77.67,86.15,65.69,5.45,14.88,1
PureGlow Soaps International (Fictional Dummy Company),Global Manufacturing Head - PureGlow Soaps,Asia,India,Mumbai,FCT001,Mumbai Soap Plant,LN0001,Line-1,2026-07-06 23:00:00,2026-07-06,23,Night,Neem Bar Soap,1.07,60.0,11.0,Changeover/Setup,49.0,64,43,1,42,3.22,97.67,67.19,81.67,82.01,65.42,3.95,16.49,3
PureGlow Soaps International (Fictional Dummy Company),Global Manufacturing Head - PureGlow Soaps,Asia,India,Mumbai,FCT001,Mumbai Soap Plant,LN0002,Line-2,2026-07-06 23:00:00,2026-07-06,23,Night,Charcoal Bar Soap,0.99,60.0,7.7,Quality Hold,52.3,59,51,6,45,11.28,88.24,86.44,87.17,98.5,75.77,4.39,33.15,1
PureGlow Soaps International (Fictional Dummy Company),Global Manufacturing Head - PureGlow Soaps,Asia,India,Mumbai,FCT001,Mumbai Soap Plant,LN0003,Line-3,2026-07-06 23:00:00,2026-07-06,23,Night,Aloe Vera Liquid Soap,1.37,60.0,0.5,No Downtime,59.5,82,71,0,71,0.61,100.0,86.59,99.17,87.1,86.38,7.04,17.25,2
PureGlow Soaps International (Fictional Dummy Company),Global Manufacturing Head - PureGlow Soaps,Asia,India,Mumbai,FCT001,Mumbai Soap Plant,LN0001,Line-1,2026-07-07 00:00:00,2026-07-07,0,Night,Lemon Bar Soap,1.07,60.0,40.9,Machine Breakdown,19.1,64,20,1,19,5.14,95.0,31.25,31.83,97.86,29.59,1.94,6.57,2
PureGlow Soaps International (Fictional Dummy Company),Global Manufacturing Head - PureGlow Soaps,Asia,India,Mumbai,FCT001,Mumbai Soap Plant,LN0002,Line-2,2026-07-07 00:00:00,2026-07-07,0,Night,Coconut Bar Soap,0.99,60.0,23.1,Material Shortage,36.9,59,32,1,31,3.71,96.88,54.24,61.5,87.6,52.19,3.07,21.65,3
PureGlow Soaps International (Fictional Dummy Company),Global Manufacturing Head - PureGlow Soaps,Asia,India,Mumbai,FCT001,Mumbai Soap Plant,LN0003,Line-3,2026-07-07 00:00:00,2026-07-07,0,Night,Lemon Bar Soap,1.37,60.0,3.2,No Downtime,56.8,82,76,4,72,4.77,94.74,92.68,94.67,97.67,87.6,6.49,17.53,3
PureGlow Soaps International (Fictional Dummy Company),Global Manufacturing Head - PureGlow Soaps,Asia,India,Mumbai,FCT001,Mumbai Soap Plant,LN0001,Line-1,2026-07-07 01:00:00,2026-07-07,1,Night,Lemon Bar Soap,1.07,60.0,1.8,No Downtime,58.2,64,64,2,62,3.64,96.88,100.0,97.0,102.77,96.58,6.05,18.85,1
PureGlow Soaps International (Fictional Dummy Company),Global Manufacturing Head - PureGlow Soaps,Asia,India,Mumbai,FCT001,Mumbai Soap Plant,LN0002,Line-2,2026-07-07 01:00:00,2026-07-07,1,Night,Coconut Bar Soap,0.99,60.0,18.5,Preventive Maintenance,41.5,59,33,1,32,2.81,96.97,55.93,69.17,80.32,53.87,3.31,27.48,3
PureGlow Soaps International (Fictional Dummy Company),Global Manufacturing Head - PureGlow Soaps,Asia,India,Mumbai,FCT001,Mumbai Soap Plant,LN0003,Line-3,2026-07-07 01:00:00,2026-07-07,1,Night,Lemon Bar Soap,1.37,60.0,3.1,No Downtime,56.9,82,73,2,71,2.39,97.26,89.02,94.83,93.65,86.37,7.1,17.79,2
PureGlow Soaps International (Fictional Dummy Company),Global Manufacturing Head - PureGlow Soaps,Asia,India,Mumbai,FCT001,Mumbai Soap Plant,LN0001,Line-1,2026-07-07 02:00:00,2026-07-07,2,Night,Lemon Bar Soap,1.07,60.0,19.7,Changeover/Setup,40.3,64,35,1,34,3.81,97.14,54.69,67.17,81.17,52.96,3.61,13.76,3
PureGlow Soaps International (Fictional Dummy Company),Global Manufacturing Head - PureGlow Soaps,Asia,India,Mumbai,FCT001,Mumbai Soap Plant,LN0002,Line-2,2026-07-07 02:00:00,2026-07-07,2,Night,Coconut Bar Soap,0.99,60.0,34.3,Material Shortage,25.7,59,26,1,25,4.42,96.15,44.07,42.83,102.19,42.08,2.57,16.23,2
PureGlow Soaps International (Fictional Dummy Company),Global Manufacturing Head - PureGlow Soaps,Asia,India,Mumbai,FCT001,Mumbai Soap Plant,LN0003,Line-3,2026-07-07 02:00:00,2026-07-07,2,Night,Lemon Bar Soap,1.37,60.0,8.0,Quality Hold,52.0,82,66,4,62,5.89,93.94,80.49,86.67,92.64,75.43,5.64,17.07,1
PureGlow Soaps International (Fictional Dummy Company),Global Manufacturing Head - PureGlow Soaps,Asia,India,Mumbai,FCT001,Mumbai Soap Plant,LN0001,Line-1,2026-07-07 03:00:00,2026-07-07,3,Night,Lemon Bar Soap,1.07,60.0,2.4,No Downtime,57.6,64,51,1,50,2.86,98.04,79.69,96.0,82.75,77.88,4.73,19.51,3
PureGlow Soaps International (Fictional Dummy Company),Global Manufacturing Head - PureGlow Soaps,Asia,India,Mumbai,FCT001,Mumbai Soap Plant,LN0002,Line-2,2026-07-07 03:00:00,2026-07-07,3,Night,Coconut Bar Soap,0.99,60.0,31.7,Machine Breakdown,28.3,59,25,1,24,2.78,96.0,42.37,47.17,89.23,40.41,2.75,19.22,2
PureGlow Soaps International (Fictional Dummy Company),Global Manufacturing Head - PureGlow Soaps,Asia,India,Mumbai,FCT001,Mumbai Soap Plant,LN0003,Line-3,2026-07-07 03:00:00,2026-07-07,3,Night,Lemon Bar Soap,1.37,60.0,5.1,Changeover/Setup,54.9,82,68,3,65,4.4,95.59,82.93,91.5,90.41,79.08,6.88,16.18,1
PureGlow Soaps International (Fictional Dummy Company),Global Manufacturing Head - PureGlow Soaps,Asia,India,Mumbai,FCT001,Mumbai Soap Plant,LN0001,Line-1,2026-07-07 04:00:00,2026-07-07,4,Night,Lemon Bar Soap,1.07,60.0,27.0,Power Outage,33.0,64,29,1,28,3.6,96.55,45.31,55.0,82.13,43.61,2.47,12.12,2
PureGlow Soaps International (Fictional Dummy Company),Global Manufacturing Head - PureGlow Soaps,Asia,India,Mumbai,FCT001,Mumbai Soap Plant,LN0002,Line-2,2026-07-07 04:00:00,2026-07-07,4,Night,Coconut Bar Soap,0.99,60.0,19.7,Machine Breakdown,40.3,59,41,1,40,2.56,97.56,69.49,67.17,102.76,67.34,4.28,23.89,2
PureGlow Soaps International (Fictional Dummy Company),Global Manufacturing Head - PureGlow Soaps,Asia,India,Mumbai,FCT001,Mumbai Soap Plant,LN0003,Line-3,2026-07-07 04:00:00,2026-07-07,4,Night,Lemon Bar Soap,1.37,60.0,11.8,Quality Hold,48.2,82,57,5,52,9.57,91.23,69.51,80.33,86.32,63.26,4.89,13.78,2
PureGlow Soaps International (Fictional Dummy Company),Global Manufacturing Head - PureGlow Soaps,Asia,India,Mumbai,FCT001,Mumbai Soap Plant,LN0001,Line-1,2026-07-07 05:00:00,2026-07-07,5,Night,Lemon Bar Soap,1.07,60.0,2.0,No Downtime,58.0,64,55,1,54,1.94,98.18,85.94,96.67,88.62,84.11,5.04,19.35,1
PureGlow Soaps International (Fictional Dummy Company),Global Manufacturing Head - PureGlow Soaps,Asia,India,Mumbai,FCT001,Mumbai Soap Plant,LN0002,Line-2,2026-07-07 05:00:00,2026-07-07,5,Night,Coconut Bar Soap,0.99,60.0,0.3,No Downtime,59.7,59,58,3,55,5.8,94.83,98.31,99.5,98.13,92.59,5.21,38.29,2
PureGlow Soaps International (Fictional Dummy Company),Global Manufacturing Head - PureGlow Soaps,Asia,India,Mumbai,FCT001,Mumbai Soap Plant,LN0003,Line-3,2026-07-07 05:00:00,2026-07-07,5,Night,Lemon Bar Soap,1.37,60.0,1.0,No Downtime,59.0,82,68,1,67,1.55,98.53,82.93,98.33,84.13,81.51,6.98,19.33,2
PureGlow Soaps International (Fictional Dummy Company),Global Manufacturing Head - PureGlow Soaps,Asia,India,Mumbai,FCT001,Mumbai Soap Plant,LN0001,Line-1,2026-07-07 06:00:00,2026-07-07,6,Morning,Lemon Bar Soap,1.07,60.0,18.7,Changeover/Setup,41.3,64,42,1,41,2.38,97.62,65.62,68.83,95.04,63.86,3.87,15.65,1
PureGlow Soaps International (Fictional Dummy Company),Global Manufacturing Head - PureGlow Soaps,Asia,India,Mumbai,FCT001,Mumbai Soap Plant,LN0002,Line-2,2026-07-07 06:00:00,2026-07-07,6,Morning,Coconut Bar Soap,0.99,60.0,12.6,Material Shortage,47.4,59,46,1,45,2.82,97.83,77.97,79.0,98.03,75.76,4.0,32.39,3
PureGlow Soaps International (Fictional Dummy Company),Global Manufacturing Head - PureGlow Soaps,Asia,India,Mumbai,FCT001,Mumbai Soap Plant,LN0003,Line-3,2026-07-07 06:00:00,2026-07-07,6,Morning,Lemon Bar Soap,1.37,60.0,1.3,No Downtime,58.7,82,69,2,67,3.42,97.1,84.15,97.83,85.8,81.5,6.38,16.94,2
PureGlow Soaps International (Fictional Dummy Company),Global Manufacturing Head - PureGlow Soaps,Asia,India,Mumbai,FCT001,Mumbai Soap Plant,LN0001,Line-1,2026-07-07 07:00:00,2026-07-07,7,Morning,Lemon Bar Soap,1.07,60.0,4.0,No Downtime,56.0,64,59,2,57,3.31,96.61,92.19,93.33,98.46,88.78,5.66,19.98,3
PureGlow Soaps International (Fictional Dummy Company),Global Manufacturing Head - PureGlow Soaps,Asia,India,Mumbai,FCT001,Mumbai Soap Plant,LN0002,Line-2,2026-07-07 07:00:00,2026-07-07,7,Morning,Coconut Bar Soap,0.99,60.0,2.6,No Downtime,57.4,59,47,1,46,2.37,97.87,79.66,95.67,82.71,77.44,4.9,37.31,2
PureGlow Soaps International (Fictional Dummy Company),Global Manufacturing Head - PureGlow Soaps,Asia,India,Mumbai,FCT001,Mumbai Soap Plant,LN0003,Line-3,2026-07-07 07:00:00,2026-07-07,7,Morning,Lemon Bar Soap,1.37,60.0,2.9,No Downtime,57.1,82,75,3,72,3.88,96.0,91.46,95.17,95.87,87.59,6.65,19.34,1
PureGlow Soaps International (Fictional Dummy Company),Global Manufacturing Head - PureGlow Soaps,Asia,India,Mumbai,FCT001,Mumbai Soap Plant,LN0001,Line-1,2026-07-07 08:00:00,2026-07-07,8,Morning,Lemon Bar Soap,1.07,60.0,8.8,Quality Hold,51.2,64,56,5,51,8.82,91.07,87.5,85.33,102.22,79.44,5.98,16.48,1
PureGlow Soaps International (Fictional Dummy Company),Global Manufacturing Head - PureGlow Soaps,Asia,India,Mumbai,FCT001,Mumbai Soap Plant,LN0002,Line-2,2026-07-07 08:00:00,2026-07-07,8,Morning,Coconut Bar Soap,0.99,60.0,15.9,Changeover/Setup,44.1,59,39,2,37,3.93,94.87,66.1,73.5,89.33,62.29,3.78,24.9,2
PureGlow Soaps International (Fictional Dummy Company),Global Manufacturing Head - PureGlow Soaps,Asia,India,Mumbai,FCT001,Mumbai Soap Plant,LN0003,Line-3,2026-07-07 08:00:00,2026-07-07,8,Morning,Lemon Bar Soap,1.37,60.0,15.4,Material Shortage,44.6,82,58,2,56,4.08,96.55,70.73,74.33,94.92,68.12,5.68,14.92,1
PureGlow Soaps International (Fictional Dummy Company),Global Manufacturing Head - PureGlow Soaps,Asia,India,Mumbai,FCT001,Mumbai Soap Plant,LN0001,Line-1,2026-07-07 09:00:00,2026-07-07,9,Morning,Lemon Bar Soap,1.07,60.0,18.1,Power Outage,41.9,64,43,2,41,4.09,95.35,67.19,69.83,95.91,63.86,4.72,13.66,2
PureGlow Soaps International (Fictional Dummy Company),Global Manufacturing Head - PureGlow Soaps,Asia,India,Mumbai,FCT001,Mumbai Soap Plant,LN0002,Line-2,2026-07-07 09:00:00,2026-07-07,9,Morning,Coconut Bar Soap,0.99,60.0,1.8,No Downtime,58.2,59,53,1,52,2.62,98.11,89.83,97.0,91.99,87.54,5.75,35.77,2
PureGlow Soaps International (Fictional Dummy Company),Global Manufacturing Head - PureGlow Soaps,Asia,India,Mumbai,FCT001,Mumbai Soap Plant,LN0003,Line-3,2026-07-07 09:00:00,2026-07-07,9,Morning,Lemon Bar Soap,1.37,60.0,12.0,Machine Breakdown,48.0,82,60,2,58,3.51,96.67,73.17,80.0,91.24,70.56,6.03,15.13,1
PureGlow Soaps International (Fictional Dummy Company),Global Manufacturing Head - PureGlow Soaps,Asia,India,Mumbai,FCT001,Mumbai Soap Plant,LN0001,Line-1,2026-07-07 10:00:00,2026-07-07,10,Morning,Lemon Bar Soap,1.07,60.0,12.5,Quality Hold,47.5,64,47,3,44,5.97,93.62,73.44,79.17,92.47,68.54,4.6,14.93,3
PureGlow Soaps International (Fictional Dummy Company),Global Manufacturing Head - PureGlow Soaps,Asia,India,Mumbai,FCT001,Mumbai Soap Plant,LN0002,Line-2,2026-07-07 10:00:00,2026-07-07,10,Morning,Coconut Bar Soap,0.99,60.0,7.0,Changeover/Setup,53.0,59,46,1,45,3.15,97.83,77.97,88.33,87.67,75.76,4.31,31.55,1
PureGlow Soaps International (Fictional Dummy Company),Global Manufacturing Head - PureGlow Soaps,Asia,India,Mumbai,FCT001,Mumbai Soap Plant,LN0003,Line-3,2026-07-07 10:00:00,2026-07-07,10,Morning,Lemon Bar Soap,1.37,60.0,24.2,Machine Breakdown,35.8,82,46,1,45,2.35,97.83,56.1,59.67,93.79,54.75,4.83,10.43,1
PureGlow Soaps International (Fictional Dummy Company),Global Manufacturing Head - PureGlow Soaps,Asia,India,Mumbai,FCT001,Mumbai Soap Plant,LN0001,Line-1,2026-07-07 11:00:00,2026-07-07,11,Morning,Lemon Bar Soap,1.07,60.0,25.8,Machine Breakdown,34.2,64,36,0,36,0.83,100.0,56.25,57.0,98.38,56.08,3.42,12.11,1
PureGlow Soaps International (Fictional Dummy Company),Global Manufacturing Head - PureGlow Soaps,Asia,India,Mumbai,FCT001,Mumbai Soap Plant,LN0002,Line-2,2026-07-07 11:00:00,2026-07-07,11,Morning,Coconut Bar Soap,0.99,60.0,1.1,No Downtime,58.9,59,53,1,52,2.59,98.11,89.83,98.17,90.89,87.54,4.6,34.26,2
PureGlow Soaps International (Fictional Dummy Company),Global Manufacturing Head - PureGlow Soaps,Asia,India,Mumbai,FCT001,Mumbai Soap Plant,LN0003,Line-3,2026-07-07 11:00:00,2026-07-07,11,Morning,Lemon Bar Soap,1.37,60.0,11.5,Changeover/Setup,48.5,82,57,2,55,2.83,96.49,69.51,80.83,85.79,66.91,5.12,14.39,1
PureGlow Soaps International (Fictional Dummy Company),Global Manufacturing Head - PureGlow Soaps,Asia,India,Mumbai,FCT001,Mumbai Soap Plant,LN0001,Line-1,2026-07-07 12:00:00,2026-07-07,12,Morning,Lemon Bar Soap,1.07,60.0,20.4,Machine Breakdown,39.6,64,38,2,36,5.05,94.74,59.38,66.0,89.68,56.08,3.98,14.91,1
PureGlow Soaps International (Fictional Dummy Company),Global Manufacturing Head - PureGlow Soaps,Asia,India,Mumbai,FCT001,Mumbai Soap Plant,LN0002,Line-2,2026-07-07 12:00:00,2026-07-07,12,Morning,Coconut Bar Soap,0.99,60.0,21.1,Material Shortage,38.9,59,36,1,35,4.04,97.22,61.02,64.83,93.48,58.92,3.15,25.71,1
PureGlow Soaps International (Fictional Dummy Company),Global Manufacturing Head - PureGlow Soaps,Asia,India,Mumbai,FCT001,Mumbai Soap Plant,LN0003,Line-3,2026-07-07 12:00:00,2026-07-07,12,Morning,Lemon Bar Soap,1.37,60.0,2.2,No Downtime,57.8,82,78,1,77,1.19,98.72,95.12,96.33,98.5,93.67,6.67,18.75,1
PureGlow Soaps International (Fictional Dummy Company),Global Manufacturing Head - PureGlow Soaps,Asia,India,Mumbai,FCT001,Mumbai Soap Plant,LN0001,Line-1,2026-07-07 13:00:00,2026-07-07,13,Morning,Lemon Bar Soap,1.07,60.0,22.3,Staff Shortage,37.7,64,39,1,38,3.43,97.44,60.94,62.83,96.68,59.19,4.18,12.14,2
PureGlow Soaps International (Fictional Dummy Company),Global Manufacturing Head - PureGlow Soaps,Asia,India,Mumbai,FCT001,Mumbai Soap Plant,LN0002,Line-2,2026-07-07 13:00:00,2026-07-07,13,Morning,Coconut Bar Soap,0.99,60.0,29.7,Material Shortage,30.3,59,24,1,23,4.27,95.83,40.68,50.5,80.01,38.72,2.32,18.65,3
PureGlow Soaps International (Fictional Dummy Company),Global Manufacturing Head - PureGlow Soaps,Asia,India,Mumbai,FCT001,Mumbai Soap Plant,LN0003,Line-3,2026-07-07 13:00:00,2026-07-07,13,Morning,Lemon Bar Soap,1.37,60.0,3.3,No Downtime,56.7,82,68,2,66,2.48,97.06,82.93,94.5,87.54,80.29,7.16,19.35,1
PureGlow Soaps International (Fictional Dummy Company),Global Manufacturing Head - PureGlow Soaps,Asia,India,Mumbai,FCT001,Mumbai Soap Plant,LN0001,Line-1,2026-07-07 14:00:00,2026-07-07,14,Afternoon,Lemon Bar Soap,1.07,60.0,1.6,No Downtime,58.4,64,60,1,59,2.47,98.33,93.75,97.33,96.02,91.9,5.98,21.04,1
PureGlow Soaps International (Fictional Dummy Company),Global Manufacturing Head - PureGlow Soaps,Asia,India,Mumbai,FCT001,Mumbai Soap Plant,LN0002,Line-2,2026-07-07 14:00:00,2026-07-07,14,Afternoon,Coconut Bar Soap,0.99,60.0,24.6,Machine Breakdown,35.4,59,36,1,35,4.05,97.22,61.02,59.0,102.72,58.92,3.75,21.24,3
PureGlow Soaps International (Fictional Dummy Company),Global Manufacturing Head - PureGlow Soaps,Asia,India,Mumbai,FCT001,Mumbai Soap Plant,LN0003,Line-3,2026-07-07 14:00:00,2026-07-07,14,Afternoon,Lemon Bar Soap,1.37,60.0,19.0,Power Outage,41.0,82,52,1,51,2.87,98.08,63.41,68.33,92.58,62.05,4.55,12.12,3
PureGlow Soaps International (Fictional Dummy Company),Global Manufacturing Head - PureGlow Soaps,Asia,India,Mumbai,FCT001,Mumbai Soap Plant,LN0001,Line-1,2026-07-07 15:00:00,2026-07-07,15,Afternoon,Lemon Bar Soap,1.07,60.0,16.8,Material Shortage,43.2,64,45,1,44,2.85,97.78,70.31,72.0,97.35,68.54,4.31,16.04,3
PureGlow Soaps International (Fictional Dummy Company),Global Manufacturing Head - PureGlow Soaps,Asia,India,Mumbai,FCT001,Mumbai Soap Plant,LN0002,Line-2,2026-07-07 15:00:00,2026-07-07,15,Afternoon,Coconut Bar Soap,0.99,60.0,7.1,Quality Hold,52.9,59,45,3,42,6.12,93.33,76.27,88.17,85.93,70.71,4.35,31.73,1
PureGlow Soaps International (Fictional Dummy Company),Global Manufacturing Head - PureGlow Soaps,Asia,India,Mumbai,FCT001,Mumbai Soap Plant,LN0003,Line-3,2026-07-07 15:00:00,2026-07-07,15,Afternoon,Lemon Bar Soap,1.37,60.0,14.3,Changeover/Setup,45.7,82,63,2,61,3.79,96.83,76.83,76.17,100.62,74.21,5.56,13.05,1
PureGlow Soaps International (Fictional Dummy Company),Global Manufacturing Head - PureGlow Soaps,Asia,India,Mumbai,FCT001,Mumbai Soap Plant,LN0001,Line-1,2026-07-07 16:00:00,2026-07-07,16,Afternoon,Lemon Bar Soap,1.07,60.0,12.6,Changeover/Setup,47.4,64,49,0,49,0.48,100.0,76.56,79.0,96.61,76.32,5.3,16.67,1
PureGlow Soaps International (Fictional Dummy Company),Global Manufacturing Head - PureGlow Soaps,Asia,India,Mumbai,FCT001,Mumbai Soap Plant,LN0002,Line-2,2026-07-07 16:00:00,2026-07-07,16,Afternoon,Coconut Bar Soap,0.99,60.0,18.9,Preventive Maintenance,41.1,59,42,2,40,5.19,95.24,71.19,68.5,103.22,67.34,4.38,28.15,2
PureGlow Soaps International (Fictional Dummy Company),Global Manufacturing Head - PureGlow Soaps,Asia,India,Mumbai,FCT001,Mumbai Soap Plant,LN0003,Line-3,2026-07-07 16:00:00,2026-07-07,16,Afternoon,Lemon Bar Soap,1.37,60.0,36.5,Machine Breakdown,23.5,82,27,1,26,3.69,96.3,32.93,39.17,83.86,31.63,2.43,7.18,2
PureGlow Soaps International (Fictional Dummy Company),Global Manufacturing Head - PureGlow Soaps,Asia,India,Mumbai,FCT001,Mumbai Soap Plant,LN0001,Line-1,2026-07-07 17:00:00,2026-07-07,17,Afternoon,Lemon Bar Soap,1.07,60.0,31.8,Material Shortage,28.2,64,30,1,29,4.84,96.67,46.88,47.0,99.42,45.17,2.64,9.73,1
PureGlow Soaps International (Fictional Dummy Company),Global Manufacturing Head - PureGlow Soaps,Asia,India,Mumbai,FCT001,Mumbai Soap Plant,LN0002,Line-2,2026-07-07 17:00:00,2026-07-07,17,Afternoon,Coconut Bar Soap,0.99,60.0,30.9,Material Shortage,29.1,59,27,1,26,3.41,96.3,45.76,48.5,93.72,43.77,2.4,18.07,3
PureGlow Soaps International (Fictional Dummy Company),Global Manufacturing Head - PureGlow Soaps,Asia,India,Mumbai,FCT001,Mumbai Soap Plant,LN0003,Line-3,2026-07-07 17:00:00,2026-07-07,17,Afternoon,Lemon Bar Soap,1.37,60.0,1.7,No Downtime,58.3,82,65,2,63,3.63,96.92,79.27,97.17,81.38,76.64,6.8,18.54,2
PureGlow Soaps International (Fictional Dummy Company),Global Manufacturing Head - PureGlow Soaps,Asia,India,Mumbai,FCT001,Mumbai Soap Plant,LN0001,Line-1,2026-07-07 18:00:00,2026-07-07,18,Afternoon,Lemon Bar Soap,1.07,60.0,0.8,No Downtime,59.2,64,64,3,61,4.31,95.31,100.0,98.67,101.04,95.02,6.07,20.36,1
PureGlow Soaps International (Fictional Dummy Company),Global Manufacturing Head - PureGlow Soaps,Asia,India,Mumbai,FCT001,Mumbai Soap Plant,LN0002,Line-2,2026-07-07 18:00:00,2026-07-07,18,Afternoon,Coconut Bar Soap,0.99,60.0,11.0,Power Outage,49.0,59,49,2,47,3.35,95.92,83.05,81.67,101.01,79.13,5.21,27.56,1
PureGlow Soaps International (Fictional Dummy Company),Global Manufacturing Head - PureGlow Soaps,Asia,India,Mumbai,FCT001,Mumbai Soap Plant,LN0003,Line-3,2026-07-07 18:00:00,2026-07-07,18,Afternoon,Lemon Bar Soap,1.37,60.0,31.5,Material Shortage,28.5,82,39,1,38,3.07,97.44,47.56,47.5,99.88,46.23,4.25,9.53,1
PureGlow Soaps International (Fictional Dummy Company),Global Manufacturing Head - PureGlow Soaps,Asia,India,Mumbai,FCT001,Mumbai Soap Plant,LN0001,Line-1,2026-07-07 19:00:00,2026-07-07,19,Afternoon,Lemon Bar Soap,1.07,60.0,18.5,Preventive Maintenance,41.5,64,45,2,43,3.74,95.56,70.31,69.17,101.34,66.98,3.93,15.29,3
PureGlow Soaps International (Fictional Dummy Company),Global Manufacturing Head - PureGlow Soaps,Asia,India,Mumbai,FCT001,Mumbai Soap Plant,LN0002,Line-2,2026-07-07 19:00:00,2026-07-07,19,Afternoon,Coconut Bar Soap,0.99,60.0,27.7,Power Outage,32.3,59,27,1,26,3.06,96.3,45.76,53.83,84.44,43.77,2.84,20.96,2
PureGlow Soaps International (Fictional Dummy Company),Global Manufacturing Head - PureGlow Soaps,Asia,India,Mumbai,FCT001,Mumbai Soap Plant,LN0003,Line-3,2026-07-07 19:00:00,2026-07-07,19,Afternoon,Lemon Bar Soap,1.37,60.0,15.2,Quality Hold,44.8,82,57,3,54,5.63,94.74,69.51,74.67,92.87,65.7,5.66,14.93,2
PureGlow Soaps International (Fictional Dummy Company),Global Manufacturing Head - PureGlow Soaps,Asia,India,Mumbai,FCT001,Mumbai Soap Plant,LN0001,Line-1,2026-07-07 20:00:00,2026-07-07,20,Afternoon,Lemon Bar Soap,1.07,60.0,21.8,Material Shortage,38.2,64,38,1,37,2.22,97.37,59.38,63.67,92.97,57.64,3.98,12.59,3
PureGlow Soaps International (Fictional Dummy Company),Global Manufacturing Head - PureGlow Soaps,Asia,India,Mumbai,FCT001,Mumbai Soap Plant,LN0002,Line-2,2026-07-07 20:00:00,2026-07-07,20,Afternoon,Coconut Bar Soap,0.99,60.0,15.8,Preventive Maintenance,44.2,59,43,2,41,4.62,95.35,72.88,73.67,98.27,69.03,3.7,25.95,2
PureGlow Soaps International (Fictional Dummy Company),Global Manufacturing Head - PureGlow Soaps,Asia,India,Mumbai,FCT001,Mumbai Soap Plant,LN0003,Line-3,2026-07-07 20:00:00,2026-07-07,20,Afternoon,Lemon Bar Soap,1.37,60.0,24.1,Material Shortage,35.9,82,44,2,42,4.21,95.45,53.66,59.83,89.46,51.09,4.14,11.95,2
PureGlow Soaps International (Fictional Dummy Company),Global Manufacturing Head - PureGlow Soaps,Asia,India,Mumbai,FCT001,Mumbai Soap Plant,LN0001,Line-1,2026-07-07 21:00:00,2026-07-07,21,Afternoon,Lemon Bar Soap,1.07,60.0,7.7,Power Outage,52.3,64,49,1,48,2.02,97.96,76.56,87.17,87.56,74.77,4.8,16.99,1
PureGlow Soaps International (Fictional Dummy Company),Global Manufacturing Head - PureGlow Soaps,Asia,India,Mumbai,FCT001,Mumbai Soap Plant,LN0002,Line-2,2026-07-07 21:00:00,2026-07-07,21,Afternoon,Coconut Bar Soap,0.99,60.0,1.6,No Downtime,58.4,59,58,3,55,4.54,94.83,98.31,97.33,100.32,92.59,5.62,35.45,2
PureGlow Soaps International (Fictional Dummy Company),Global Manufacturing Head - PureGlow Soaps,Asia,India,Mumbai,FCT001,Mumbai Soap Plant,LN0003,Line-3,2026-07-07 21:00:00,2026-07-07,21,Afternoon,Lemon Bar Soap,1.37,60.0,7.1,Changeover/Setup,52.9,82,69,1,68,1.27,98.55,84.15,88.17,95.21,82.73,6.63,16.12,3
PureGlow Soaps International (Fictional Dummy Company),Global Manufacturing Head - PureGlow Soaps,Asia,India,Mumbai,FCT001,Mumbai Soap Plant,LN0001,Line-1,2026-07-07 22:00:00,2026-07-07,22,Night,Lemon Bar Soap,1.07,60.0,12.5,Material Shortage,47.5,64,42,2,40,5.37,95.24,65.62,79.17,82.64,62.31,4.6,15.72,3
PureGlow Soaps International (Fictional Dummy Company),Global Manufacturing Head - PureGlow Soaps,Asia,India,Mumbai,FCT001,Mumbai Soap Plant,LN0002,Line-2,2026-07-07 22:00:00,2026-07-07,22,Night,Coconut Bar Soap,0.99,60.0,37.3,Machine Breakdown,22.7,59,19,0,19,0.86,100.0,32.2,37.83,84.55,31.99,1.76,13.16,1
PureGlow Soaps International (Fictional Dummy Company),Global Manufacturing Head - PureGlow Soaps,Asia,India,Mumbai,FCT001,Mumbai Soap Plant,LN0003,Line-3,2026-07-07 22:00:00,2026-07-07,22,Night,Lemon Bar Soap,1.37,60.0,5.9,Quality Hold,54.1,82,62,6,56,10.28,90.32,75.61,90.17,83.65,68.13,6.51,15.53,3
PureGlow Soaps International (Fictional Dummy Company),Global Manufacturing Head - PureGlow Soaps,Asia,India,Mumbai,FCT001,Mumbai Soap Plant,LN0001,Line-1,2026-07-07 23:00:00,2026-07-07,23,Night,Lemon Bar Soap,1.07,60.0,0.8,No Downtime,59.2,64,52,2,50,2.95,96.15,81.25,98.67,82.09,77.88,4.42,19.55,3
PureGlow Soaps International (Fictional Dummy Company),Global Manufacturing Head - PureGlow Soaps,Asia,India,Mumbai,FCT001,Mumbai Soap Plant,LN0002,Line-2,2026-07-07 23:00:00,2026-07-07,23,Night,Coconut Bar Soap,0.99,60.0,3.7,No Downtime,56.3,59,53,1,52,2.05,98.11,89.83,93.83,95.09,87.54,5.5,35.57,3
PureGlow Soaps International (Fictional Dummy Company),Global Manufacturing Head - PureGlow Soaps,Asia,India,Mumbai,FCT001,Mumbai Soap Plant,LN0003,Line-3,2026-07-07 23:00:00,2026-07-07,23,Night,Lemon Bar Soap,1.37,60.0,3.3,No Downtime,56.7,82,76,4,72,5.81,94.74,92.68,94.5,97.84,87.6,7.09,19.27,3
PureGlow Soaps International (Fictional Dummy Company),Global Manufacturing Head - PureGlow Soaps,Asia,India,Mumbai,FCT001,Mumbai Soap Plant,LN0001,Line-1,2026-07-08 00:00:00,2026-07-08,0,Night,Neem Bar Soap,1.07,60.0,14.9,Power Outage,45.1,64,40,2,38,5.58,95.0,62.5,75.17,82.89,59.19,3.69,17.08,1
PureGlow Soaps International (Fictional Dummy Company),Global Manufacturing Head - PureGlow Soaps,Asia,India,Mumbai,FCT001,Mumbai Soap Plant,LN0002,Line-2,2026-07-08 00:00:00,2026-07-08,0,Night,Neem Bar Soap,0.99,60.0,29.2,Material Shortage,30.8,59,29,1,28,2.2,96.55,49.15,51.33,95.11,47.14,2.71,19.57,2
PureGlow Soaps International (Fictional Dummy Company),Global Manufacturing Head - PureGlow Soaps,Asia,India,Mumbai,FCT001,Mumbai Soap Plant,LN0003,Line-3,2026-07-08 00:00:00,2026-07-08,0,Night,Coconut Bar Soap,1.37,60.0,8.4,Quality Hold,51.6,82,65,3,62,4.79,95.38,79.27,86.0,91.95,75.42,5.88,17.77,2
PureGlow Soaps International (Fictional Dummy Company),Global Manufacturing Head - PureGlow Soaps,Asia,India,Mumbai,FCT001,Mumbai Soap Plant,LN0001,Line-1,2026-07-08 01:00:00,2026-07-08,1,Night,Neem Bar Soap,1.07,60.0,7.8,Staff Shortage,52.2,64,54,1,53,2.19,98.15,84.38,87.0,96.68,82.56,5.1,19.34,3
PureGlow Soaps International (Fictional Dummy Company),Global Manufacturing Head - PureGlow Soaps,Asia,India,Mumbai,FCT001,Mumbai Soap Plant,LN0002,Line-2,2026-07-08 01:00:00,2026-07-08,1,Night,Neem Bar Soap,0.99,60.0,11.4,Changeover/Setup,48.6,59,49,0,49,0.84,100.0,83.05,81.0,101.84,82.49,4.33,31.42,3
PureGlow Soaps International (Fictional Dummy Company),Global Manufacturing Head - PureGlow Soaps,Asia,India,Mumbai,FCT001,Mumbai Soap Plant,LN0003,Line-3,2026-07-08 01:00:00,2026-07-08,1,Night,Coconut Bar Soap,1.37,60.0,11.3,Changeover/Setup,48.7,82,59,2,57,3.13,96.61,71.95,81.17,88.43,69.35,5.9,14.9,1
PureGlow Soaps International (Fictional Dummy Company),Global Manufacturing Head - PureGlow Soaps,Asia,India,Mumbai,FCT001,Mumbai Soap Plant,LN0001,Line-1,2026-07-08 02:00:00,2026-07-08,2,Night,Neem Bar Soap,1.07,60.0,21.2,Material Shortage,38.8,64,36,1,35,2.79,97.22,56.25,64.67,86.71,54.52,3.65,14.04,3
PureGlow Soaps International (Fictional Dummy Company),Global Manufacturing Head - PureGlow Soaps,Asia,India,Mumbai,FCT001,Mumbai Soap Plant,LN0002,Line-2,2026-07-08 02:00:00,2026-07-08,2,Night,Neem Bar Soap,0.99,60.0,2.2,No Downtime,57.8,59,50,2,48,3.25,96.0,84.75,96.33,87.38,80.81,4.43,36.31,2
PureGlow Soaps International (Fictional Dummy Company),Global Manufacturing Head - PureGlow Soaps,Asia,India,Mumbai,FCT001,Mumbai Soap Plant,LN0003,Line-3,2026-07-08 02:00:00,2026-07-08,2,Night,Coconut Bar Soap,1.37,60.0,3.0,No Downtime,57.0,82,78,2,76,2.16,97.44,95.12,95.0,99.88,92.46,8.03,17.75,1
PureGlow Soaps International (Fictional Dummy Company),Global Manufacturing Head - PureGlow Soaps,Asia,India,Mumbai,FCT001,Mumbai Soap Plant,LN0001,Line-1,2026-07-08 03:00:00,2026-07-08,3,Night,Neem Bar Soap,1.07,60.0,29.4,Power Outage,30.6,64,26,1,25,2.48,96.15,40.62,51.0,79.41,38.94,2.83,10.26,1
PureGlow Soaps International (Fictional Dummy Company),Global Manufacturing Head - PureGlow Soaps,Asia,India,Mumbai,FCT001,Mumbai Soap Plant,LN0002,Line-2,2026-07-08 03:00:00,2026-07-08,3,Night,Neem Bar Soap,0.99,60.0,34.2,Preventive Maintenance,25.8,59,21,1,20,3.83,95.24,35.59,43.0,82.22,33.67,2.24,14.84,1
PureGlow Soaps International (Fictional Dummy Company),Global Manufacturing Head - PureGlow Soaps,Asia,India,Mumbai,FCT001,Mumbai Soap Plant,LN0003,Line-3,2026-07-08 03:00:00,2026-07-08,3,Night,Coconut Bar Soap,1.37,60.0,29.3,Machine Breakdown,30.7,82,41,1,40,2.44,97.56,50.0,51.17,97.48,48.66,4.16,8.93,2
PureGlow Soaps International (Fictional Dummy Company),Global Manufacturing Head - PureGlow Soaps,Asia,India,Mumbai,FCT001,Mumbai Soap Plant,LN0001,Line-1,2026-07-08 04:00:00,2026-07-08,4,Night,Neem Bar Soap,1.07,60.0,0.5,No Downtime,59.5,64,51,2,49,4.08,96.08,79.69,99.17,80.11,76.33,4.36,21.18,3
PureGlow Soaps International (Fictional Dummy Company),Global Manufacturing Head - PureGlow Soaps,Asia,India,Mumbai,FCT001,Mumbai Soap Plant,LN0002,Line-2,2026-07-08 04:00:00,2026-07-08,4,Night,Neem Bar Soap,0.99,60.0,3.0,No Downtime,57.0,59,50,3,47,5.5,94.0,84.75,95.0,88.61,79.13,5.03,36.79,2
PureGlow Soaps International (Fictional Dummy Company),Global Manufacturing Head - PureGlow Soaps,Asia,India,Mumbai,FCT001,Mumbai Soap Plant,LN0003,Line-3,2026-07-08 04:00:00,2026-07-08,4,Night,Coconut Bar Soap,1.37,60.0,5.4,Power Outage,54.6,82,62,1,61,1.88,98.39,75.61,91.0,82.89,74.22,5.98,16.09,1
PureGlow Soaps International (Fictional Dummy Company),Global Manufacturing Head - PureGlow Soaps,Asia,India,Mumbai,FCT001,Mumbai Soap Plant,LN0001,Line-1,2026-07-08 05:00:00,2026-07-08,5,Night,Neem Bar Soap,1.07,60.0,12.4,Changeover/Setup,47.6,64,46,2,44,4.13,95.65,71.88,79.33,90.32,68.53,4.27,15.88,3
PureGlow Soaps International (Fictional Dummy Company),Global Manufacturing Head - PureGlow Soaps,Asia,India,Mumbai,FCT001,Mumbai Soap Plant,LN0002,Line-2,2026-07-08 05:00:00,2026-07-08,5,Night,Neem Bar Soap,0.99,60.0,12.6,Changeover/Setup,47.4,59,39,1,38,3.58,97.44,66.1,79.0,83.11,63.98,3.62,27.54,2
PureGlow Soaps International (Fictional Dummy Company),Global Manufacturing Head - PureGlow Soaps,Asia,India,Mumbai,FCT001,Mumbai Soap Plant,LN0003,Line-3,2026-07-08 05:00:00,2026-07-08,5,Night,Coconut Bar Soap,1.37,60.0,3.4,No Downtime,56.6,82,77,3,74,3.54,96.1,93.9,94.33,99.3,90.02,7.49,18.14,3
PureGlow Soaps International (Fictional Dummy Company),Global Manufacturing Head - PureGlow Soaps,Asia,India,Mumbai,FCT001,Mumbai Soap Plant,LN0001,Line-1,2026-07-08 06:00:00,2026-07-08,6,Morning,Neem Bar Soap,1.07,60.0,31.3,Preventive Maintenance,28.7,64,27,1,26,3.13,96.3,42.19,47.83,87.92,40.5,2.73,9.38,3
PureGlow Soaps International (Fictional Dummy Company),Global Manufacturing Head - PureGlow Soaps,Asia,India,Mumbai,FCT001,Mumbai Soap Plant,LN0002,Line-2,2026-07-08 06:00:00,2026-07-08,6,Morning,Neem Bar Soap,0.99,60.0,2.0,No Downtime,58.0,59,49,1,48,2.17,97.96,83.05,96.67,85.34,80.82,5.33,39.22,1
PureGlow Soaps International (Fictional Dummy Company),Global Manufacturing Head - PureGlow Soaps,Asia,India,Mumbai,FCT001,Mumbai Soap Plant,LN0003,Line-3,2026-07-08 06:00:00,2026-07-08,6,Morning,Coconut Bar Soap,1.37,60.0,2.5,No Downtime,57.5,82,65,2,63,3.76,96.92,79.27,95.83,82.51,76.63,6.59,19.48,2
PureGlow Soaps International (Fictional Dummy Company),Global Manufacturing Head - PureGlow Soaps,Asia,India,Mumbai,FCT001,Mumbai Soap Plant,LN0001,Line-1,2026-07-08 07:00:00,2026-07-08,7,Morning,Neem Bar Soap,1.07,60.0,20.4,Material Shortage,39.6,64,35,1,34,3.94,97.14,54.69,66.0,82.6,52.96,3.5,14.78,3
PureGlow Soaps International (Fictional Dummy Company),Global Manufacturing Head - PureGlow Soaps,Asia,India,Mumbai,FCT001,Mumbai Soap Plant,LN0002,Line-2,2026-07-08 07:00:00,2026-07-08,7,Morning,Neem Bar Soap,0.99,60.0,0.8,No Downtime,59.2,59,57,2,55,4.09,96.49,96.61,98.67,97.26,92.6,5.81,35.77,2
PureGlow Soaps International (Fictional Dummy Company),Global Manufacturing Head - PureGlow Soaps,Asia,India,Mumbai,FCT001,Mumbai Soap Plant,LN0003,Line-3,2026-07-08 07:00:00,2026-07-08,7,Morning,Coconut Bar Soap,1.37,60.0,15.8,Machine Breakdown,44.2,82,58,1,57,1.65,98.28,70.73,73.67,95.78,69.35,5.36,13.09,1
PureGlow Soaps International (Fictional Dummy Company),Global Manufacturing Head - PureGlow Soaps,Asia,India,Mumbai,FCT001,Mumbai Soap Plant,LN0001,Line-1,2026-07-08 08:00:00,2026-07-08,8,Morning,Neem Bar Soap,1.07,60.0,23.8,Power Outage,36.2,64,34,0,34,1.22,100.0,53.12,60.33,87.78,52.96,2.89,13.49,2
PureGlow Soaps International (Fictional Dummy Company),Global Manufacturing Head - PureGlow Soaps,Asia,India,Mumbai,FCT001,Mumbai Soap Plant,LN0002,Line-2,2026-07-08 08:00:00,2026-07-08,8,Morning,Neem Bar Soap,0.99,60.0,0.6,No Downtime,59.4,59,56,2,54,3.11,96.43,94.92,99.0,95.23,90.91,6.05,38.57,1
PureGlow Soaps International (Fictional Dummy Company),Global Manufacturing Head - PureGlow Soaps,Asia,India,Mumbai,FCT001,Mumbai Soap Plant,LN0003,Line-3,2026-07-08 08:00:00,2026-07-08,8,Morning,Coconut Bar Soap,1.37,60.0,2.3,No Downtime,57.7,82,64,2,62,2.77,96.88,78.05,96.17,80.96,75.43,6.5,17.93,2
PureGlow Soaps International (Fictional Dummy Company),Global Manufacturing Head - PureGlow Soaps,Asia,India,Mumbai,FCT001,Mumbai Soap Plant,LN0001,Line-1,2026-07-08 09:00:00,2026-07-08,9,Morning,Neem Bar Soap,1.07,60.0,11.9,Machine Breakdown,48.1,64,46,1,45,3.11,97.83,71.88,80.17,89.38,70.1,4.35,15.5,2
PureGlow Soaps International (Fictional Dummy Company),Global Manufacturing Head - PureGlow Soaps,Asia,India,Mumbai,FCT001,Mumbai Soap Plant,LN0002,Line-2,2026-07-08 09:00:00,2026-07-08,9,Morning,Neem Bar Soap,0.99,60.0,16.7,Power Outage,43.3,59,43,1,42,2.75,97.67,72.88,72.17,100.31,70.71,3.79,28.25,3
PureGlow Soaps International (Fictional Dummy Company),Global Manufacturing Head - PureGlow Soaps,Asia,India,Mumbai,FCT001,Mumbai Soap Plant,LN0003,Line-3,2026-07-08 09:00:00,2026-07-08,9,Morning,Coconut Bar Soap,1.37,60.0,31.0,Machine Breakdown,29.0,82,34,1,33,4.12,97.06,41.46,48.33,85.58,40.14,3.53,8.73,2
PureGlow Soaps International (Fictional Dummy Company),Global Manufacturing Head - PureGlow Soaps,Asia,India,Mumbai,FCT001,Mumbai Soap Plant,LN0001,Line-1,2026-07-08 10:00:00,2026-07-08,10,Morning,Neem Bar Soap,1.07,60.0,12.3,Quality Hold,47.7,64,49,3,46,6.57,93.88,76.56,79.5,96.01,71.66,4.28,17.77,3
PureGlow Soaps International (Fictional Dummy Company),Global Manufacturing Head - PureGlow Soaps,Asia,India,Mumbai,FCT001,Mumbai Soap Plant,LN0002,Line-2,2026-07-08 10:00:00,2026-07-08,10,Morning,Neem Bar Soap,0.99,60.0,16.6,Machine Breakdown,43.4,59,42,1,41,3.19,97.62,71.19,72.33,97.75,69.02,4.02,24.54,2
PureGlow Soaps International (Fictional Dummy Company),Global Manufacturing Head - PureGlow Soaps,Asia,India,Mumbai,FCT001,Mumbai Soap Plant,LN0003,Line-3,2026-07-08 10:00:00,2026-07-08,10,Morning,Coconut Bar Soap,1.37,60.0,39.3,Machine Breakdown,20.7,82,25,1,24,3.9,96.0,30.49,34.5,88.16,29.2,2.32,6.6,1
PureGlow Soaps International (Fictional Dummy Company),Global Manufacturing Head - PureGlow Soaps,Asia,India,Mumbai,FCT001,Mumbai Soap Plant,LN0001,Line-1,2026-07-08 11:00:00,2026-07-08,11,Morning,Neem Bar Soap,1.07,60.0,13.9,Changeover/Setup,46.1,64,41,1,40,2.6,97.56,64.06,76.83,83.12,62.3,3.98,17.41,3
PureGlow Soaps International (Fictional Dummy Company),Global Manufacturing Head - PureGlow Soaps,Asia,India,Mumbai,FCT001,Mumbai Soap Plant,LN0002,Line-2,2026-07-08 11:00:00,2026-07-08,11,Morning,Neem Bar Soap,0.99,60.0,19.4,Staff Shortage,40.6,59,34,1,33,3.19,97.06,57.63,67.67,84.59,55.56,3.64,25.19,3
PureGlow Soaps International (Fictional Dummy Company),Global Manufacturing Head - PureGlow Soaps,Asia,India,Mumbai,FCT001,Mumbai Soap Plant,LN0003,Line-3,2026-07-08 11:00:00,2026-07-08,11,Morning,Coconut Bar Soap,1.37,60.0,6.5,Quality Hold,53.5,82,61,6,55,9.57,90.16,74.39,89.17,83.23,66.91,5.39,16.7,1
PureGlow Soaps International (Fictional Dummy Company),Global Manufacturing Head - PureGlow Soaps,Asia,India,Mumbai,FCT001,Mumbai Soap Plant,LN0001,Line-1,2026-07-08 12:00:00,2026-07-08,12,Morning,Neem Bar Soap,1.07,60.0,3.2,No Downtime,56.8,64,52,3,49,5.63,94.23,81.25,94.67,85.56,76.33,4.54,18.95,2
PureGlow Soaps International (Fictional Dummy Company),Global Manufacturing Head - PureGlow Soaps,Asia,India,Mumbai,FCT001,Mumbai Soap Plant,LN0002,Line-2,2026-07-08 12:00:00,2026-07-08,12,Morning,Neem Bar Soap,0.99,60.0,15.4,Preventive Maintenance,44.6,59,38,1,37,3.18,97.37,64.41,74.33,86.06,62.29,3.36,26.2,1
PureGlow Soaps International (Fictional Dummy Company),Global Manufacturing Head - PureGlow Soaps,Asia,India,Mumbai,FCT001,Mumbai Soap Plant,LN0003,Line-3,2026-07-08 12:00:00,2026-07-08,12,Morning,Coconut Bar Soap,1.37,60.0,8.7,Changeover/Setup,51.3,82,58,2,56,4.18,96.55,70.73,85.5,82.53,68.13,5.85,17.07,3
PureGlow Soaps International (Fictional Dummy Company),Global Manufacturing Head - PureGlow Soaps,Asia,India,Mumbai,FCT001,Mumbai Soap Plant,LN0001,Line-1,2026-07-08 13:00:00,2026-07-08,13,Morning,Neem Bar Soap,1.07,60.0,19.3,Staff Shortage,40.7,64,43,2,41,3.78,95.35,67.19,67.83,98.74,63.86,4.57,15.44,1
PureGlow Soaps International (Fictional Dummy Company),Global Manufacturing Head - PureGlow Soaps,Asia,India,Mumbai,FCT001,Mumbai Soap Plant,LN0002,Line-2,2026-07-08 13:00:00,2026-07-08,13,Morning,Neem Bar Soap,0.99,60.0,3.9,No Downtime,56.1,59,50,2,48,3.28,96.0,84.75,93.5,90.03,80.81,4.9,36.03,2
PureGlow Soaps International (Fictional Dummy Company),Global Manufacturing Head - PureGlow Soaps,Asia,India,Mumbai,FCT001,Mumbai Soap Plant,LN0003,Line-3,2026-07-08 13:00:00,2026-07-08,13,Morning,Coconut Bar Soap,1.37,60.0,2.9,No Downtime,57.1,82,75,3,72,4.32,96.0,91.46,95.17,95.87,87.59,7.21,16.2,1
PureGlow Soaps International (Fictional Dummy Company),Global Manufacturing Head - PureGlow Soaps,Asia,India,Mumbai,FCT001,Mumbai Soap Plant,LN0001,Line-1,2026-07-08 14:00:00,2026-07-08,14,Afternoon,Neem Bar Soap,1.07,60.0,2.0,No Downtime,58.0,64,63,3,60,4.97,95.24,98.44,96.67,101.51,93.46,6.55,18.06,3
PureGlow Soaps International (Fictional Dummy Company),Global Manufacturing Head - PureGlow Soaps,Asia,India,Mumbai,FCT001,Mumbai Soap Plant,LN0002,Line-2,2026-07-08 14:00:00,2026-07-08,14,Afternoon,Neem Bar Soap,0.99,60.0,2.6,No Downtime,57.4,59,50,1,49,1.89,98.0,84.75,95.67,87.99,82.5,4.33,35.6,3
PureGlow Soaps International (Fictional Dummy Company),Global Manufacturing Head - PureGlow Soaps,Asia,India,Mumbai,FCT001,Mumbai Soap Plant,LN0003,Line-3,2026-07-08 14:00:00,2026-07-08,14,Afternoon,Coconut Bar Soap,1.37,60.0,23.9,Preventive Maintenance,36.1,82,48,2,46,4.08,95.83,58.54,60.17,97.05,55.96,4.74,10.38,2
PureGlow Soaps International (Fictional Dummy Company),Global Manufacturing Head - PureGlow Soaps,Asia,India,Mumbai,FCT001,Mumbai Soap Plant,LN0001,Line-1,2026-07-08 15:00:00,2026-07-08,15,Afternoon,Neem Bar Soap,1.07,60.0,28.4,Power Outage,31.6,64,28,2,26,5.68,92.86,43.75,52.67,82.81,40.5,2.66,10.75,3
PureGlow Soaps International (Fictional Dummy Company),Global Manufacturing Head - PureGlow Soaps,Asia,India,Mumbai,FCT001,Mumbai Soap Plant,LN0002,Line-2,2026-07-08 15:00:00,2026-07-08,15,Afternoon,Neem Bar Soap,0.99,60.0,35.8,Preventive Maintenance,24.2,59,20,1,19,2.66,95.0,33.9,40.33,83.48,31.98,1.7,15.1,1
PureGlow Soaps International (Fictional Dummy Company),Global Manufacturing Head - PureGlow Soaps,Asia,India,Mumbai,FCT001,Mumbai Soap Plant,LN0003,Line-3,2026-07-08 15:00:00,2026-07-08,15,Afternoon,Coconut Bar Soap,1.37,60.0,28.3,Preventive Maintenance,31.7,82,43,2,41,4.49,95.35,52.44,52.83,99.01,49.87,4.16,9.15,2
PureGlow Soaps International (Fictional Dummy Company),Global Manufacturing Head - PureGlow Soaps,Asia,India,Mumbai,FCT001,Mumbai Soap Plant,LN0001,Line-1,2026-07-08 16:00:00,2026-07-08,16,Afternoon,Neem Bar Soap,1.07,60.0,14.7,Machine Breakdown,45.3,64,46,1,45,1.65,97.83,71.88,75.5,94.9,70.09,4.99,14.76,1
PureGlow Soaps International (Fictional Dummy Company),Global Manufacturing Head - PureGlow Soaps,Asia,India,Mumbai,FCT001,Mumbai Soap Plant,LN0002,Line-2,2026-07-08 16:00:00,2026-07-08,16,Afternoon,Neem Bar Soap,0.99,60.0,17.3,Staff Shortage,42.7,59,36,1,35,3.0,97.22,61.02,71.17,85.16,58.92,3.33,25.75,1
PureGlow Soaps International (Fictional Dummy Company),Global Manufacturing Head - PureGlow Soaps,Asia,India,Mumbai,FCT001,Mumbai Soap Plant,LN0003,Line-3,2026-07-08 16:00:00,2026-07-08,16,Afternoon,Coconut Bar Soap,1.37,60.0,2.1,No Downtime,57.9,82,71,2,69,3.34,97.18,86.59,96.5,89.51,83.94,6.53,17.49,3
PureGlow Soaps International (Fictional Dummy Company),Global Manufacturing Head - PureGlow Soaps,Asia,India,Mumbai,FCT001,Mumbai Soap Plant,LN0001,Line-1,2026-07-08 17:00:00,2026-07-08,17,Afternoon,Neem Bar Soap,1.07,60.0,29.9,Material Shortage,30.1,64,33,1,32,2.12,96.97,51.56,50.17,102.46,49.85,3.06,10.49,1
PureGlow Soaps International (Fictional Dummy Company),Global Manufacturing Head - PureGlow Soaps,Asia,India,Mumbai,FCT001,Mumbai Soap Plant,LN0002,Line-2,2026-07-08 17:00:00,2026-07-08,17,Afternoon,Neem Bar Soap,0.99,60.0,0.3,No Downtime,59.7,59,47,1,46,2.65,97.87,79.66,99.5,79.52,77.44,4.58,39.25,3
PureGlow Soaps International (Fictional Dummy Company),Global Manufacturing Head - PureGlow Soaps,Asia,India,Mumbai,FCT001,Mumbai Soap Plant,LN0003,Line-3,2026-07-08 17:00:00,2026-07-08,17,Afternoon,Coconut Bar Soap,1.37,60.0,5.0,Changeover/Setup,55.0,82,65,0,65,0.17,100.0,79.27,91.67,86.26,79.07,6.28,16.72,1
PureGlow Soaps International (Fictional Dummy Company),Global Manufacturing Head - PureGlow Soaps,Asia,India,Mumbai,FCT001,Mumbai Soap Plant,LN0001,Line-1,2026-07-08 18:00:00,2026-07-08,18,Afternoon,Neem Bar Soap,1.07,60.0,14.9,Changeover/Setup,45.1,64,39,1,38,2.3,97.44,60.94,75.17,80.82,59.2,3.94,15.98,3
PureGlow Soaps International (Fictional Dummy Company),Global Manufacturing Head - PureGlow Soaps,Asia,India,Mumbai,FCT001,Mumbai Soap Plant,LN0002,Line-2,2026-07-08 18:00:00,2026-07-08,18,Afternoon,Neem Bar Soap,0.99,60.0,19.9,Changeover/Setup,40.1,59,32,1,31,4.52,96.88,54.24,66.83,80.61,52.19,3.49,27.03,3
PureGlow Soaps International (Fictional Dummy Company),Global Manufacturing Head - PureGlow Soaps,Asia,India,Mumbai,FCT001,Mumbai Soap Plant,LN0003,Line-3,2026-07-08 18:00:00,2026-07-08,18,Afternoon,Coconut Bar Soap,1.37,60.0,7.2,Power Outage,52.8,82,66,3,63,4.3,95.45,80.49,88.0,91.24,76.64,5.64,17.52,1
PureGlow Soaps International (Fictional Dummy Company),Global Manufacturing Head - PureGlow Soaps,Asia,India,Mumbai,FCT001,Mumbai Soap Plant,LN0001,Line-1,2026-07-08 19:00:00,2026-07-08,19,Afternoon,Neem Bar Soap,1.07,60.0,3.8,No Downtime,56.2,64,54,3,51,5.04,94.44,84.38,93.67,89.8,79.44,5.43,17.52,1
PureGlow Soaps International (Fictional Dummy Company),Global Manufacturing Head - PureGlow Soaps,Asia,India,Mumbai,FCT001,Mumbai Soap Plant,LN0002,Line-2,2026-07-08 19:00:00,2026-07-08,19,Afternoon,Neem Bar Soap,0.99,60.0,2.6,No Downtime,57.4,59,51,1,50,1.38,98.04,86.44,95.67,89.75,84.18,4.36,38.05,1
PureGlow Soaps International (Fictional Dummy Company),Global Manufacturing Head - PureGlow Soaps,Asia,India,Mumbai,FCT001,Mumbai Soap Plant,LN0003,Line-3,2026-07-08 19:00:00,2026-07-08,19,Afternoon,Coconut Bar Soap,1.37,60.0,28.0,Power Outage,32.0,82,42,1,41,3.38,97.62,51.22,53.33,95.8,49.87,3.79,10.25,3
PureGlow Soaps International (Fictional Dummy Company),Global Manufacturing Head - PureGlow Soaps,Asia,India,Mumbai,FCT001,Mumbai Soap Plant,LN0001,Line-1,2026-07-08 20:00:00,2026-07-08,20,Afternoon,Neem Bar Soap,1.07,60.0,9.5,Quality Hold,50.5,64,45,5,40,10.25,88.89,70.31,84.17,83.28,62.31,4.83,18.1,1
PureGlow Soaps International (Fictional Dummy Company),Global Manufacturing Head - PureGlow Soaps,Asia,India,Mumbai,FCT001,Mumbai Soap Plant,LN0002,Line-2,2026-07-08 20:00:00,2026-07-08,20,Afternoon,Neem Bar Soap,0.99,60.0,15.9,Changeover/Setup,44.1,59,44,1,43,2.74,97.73,74.58,73.5,100.78,72.39,3.94,26.56,2
PureGlow Soaps International (Fictional Dummy Company),Global Manufacturing Head - PureGlow Soaps,Asia,India,Mumbai,FCT001,Mumbai Soap Plant,LN0003,Line-3,2026-07-08 20:00:00,2026-07-08,20,Afternoon,Coconut Bar Soap,1.37,60.0,2.4,No Downtime,57.6,82,71,3,68,4.69,95.77,86.59,96.0,89.97,82.72,7.04,16.57,1
PureGlow Soaps International (Fictional Dummy Company),Global Manufacturing Head - PureGlow Soaps,Asia,India,Mumbai,FCT001,Mumbai Soap Plant,LN0001,Line-1,2026-07-08 21:00:00,2026-07-08,21,Afternoon,Neem Bar Soap,1.07,60.0,9.5,Power Outage,50.5,64,47,1,46,2.41,97.87,73.44,84.17,86.98,71.65,4.02,17.71,3
PureGlow Soaps International (Fictional Dummy Company),Global Manufacturing Head - PureGlow Soaps,Asia,India,Mumbai,FCT001,Mumbai Soap Plant,LN0002,Line-2,2026-07-08 21:00:00,2026-07-08,21,Afternoon,Neem Bar Soap,0.99,60.0,3.8,No Downtime,56.2,59,52,2,50,3.66,96.15,88.14,93.67,93.46,84.17,4.43,37.55,2
PureGlow Soaps International (Fictional Dummy Company),Global Manufacturing Head - PureGlow Soaps,Asia,India,Mumbai,FCT001,Mumbai Soap Plant,LN0003,Line-3,2026-07-08 21:00:00,2026-07-08,21,Afternoon,Coconut Bar Soap,1.37,60.0,1.5,No Downtime,58.5,82,81,1,80,1.79,98.77,98.78,97.5,101.07,97.33,8.16,19.11,1
PureGlow Soaps International (Fictional Dummy Company),Global Manufacturing Head - PureGlow Soaps,Asia,India,Mumbai,FCT001,Mumbai Soap Plant,LN0001,Line-1,2026-07-08 22:00:00,2026-07-08,22,Night,Neem Bar Soap,1.07,60.0,15.7,Material Shortage,44.3,64,42,1,41,2.8,97.62,65.62,73.83,88.61,63.86,3.62,13.97,2
PureGlow Soaps International (Fictional Dummy Company),Global Manufacturing Head - PureGlow Soaps,Asia,India,Mumbai,FCT001,Mumbai Soap Plant,LN0002,Line-2,2026-07-08 22:00:00,2026-07-08,22,Night,Neem Bar Soap,0.99,60.0,11.0,Material Shortage,49.0,59,46,1,45,3.02,97.83,77.97,81.67,94.83,75.77,4.47,31.55,2
PureGlow Soaps International (Fictional Dummy Company),Global Manufacturing Head - PureGlow Soaps,Asia,India,Mumbai,FCT001,Mumbai Soap Plant,LN0003,Line-3,2026-07-08 22:00:00,2026-07-08,22,Night,Coconut Bar Soap,1.37,60.0,24.0,Material Shortage,36.0,82,50,3,47,5.5,94.0,60.98,60.0,101.38,57.18,4.63,12.27,2
PureGlow Soaps International (Fictional Dummy Company),Global Manufacturing Head - PureGlow Soaps,Asia,India,Mumbai,FCT001,Mumbai Soap Plant,LN0001,Line-1,2026-07-08 23:00:00,2026-07-08,23,Night,Neem Bar Soap,1.07,60.0,9.6,Changeover/Setup,50.4,64,50,1,49,2.5,98.0,78.12,84.0,92.72,76.33,5.47,18.17,1
PureGlow Soaps International (Fictional Dummy Company),Global Manufacturing Head - PureGlow Soaps,Asia,India,Mumbai,FCT001,Mumbai Soap Plant,LN0002,Line-2,2026-07-08 23:00:00,2026-07-08,23,Night,Neem Bar Soap,0.99,60.0,42.7,Machine Breakdown,17.3,59,15,1,14,5.0,93.33,25.42,28.83,87.58,23.57,1.48,11.38,2
PureGlow Soaps International (Fictional Dummy Company),Global Manufacturing Head - PureGlow Soaps,Asia,India,Mumbai,FCT001,Mumbai Soap Plant,LN0003,Line-3,2026-07-08 23:00:00,2026-07-08,23,Night,Coconut Bar Soap,1.37,60.0,31.3,Preventive Maintenance,28.7,82,34,1,33,1.83,97.06,41.46,47.83,86.47,40.14,3.2,8.21,1
PureGlow Soaps International (Fictional Dummy Company),Global Manufacturing Head - PureGlow Soaps,Asia,India,Mumbai,FCT001,Mumbai Soap Plant,LN0001,Line-1,2026-07-09 00:00:00,2026-07-09,0,Night,Lavender Bar Soap,1.07,60.0,24.6,Preventive Maintenance,35.4,64,36,1,35,1.97,97.22,56.25,59.0,95.04,54.51,3.68,11.76,2
PureGlow Soaps International (Fictional Dummy Company),Global Manufacturing Head - PureGlow Soaps,Asia,India,Mumbai,FCT001,Mumbai Soap Plant,LN0002,Line-2,2026-07-09 00:00:00,2026-07-09,0,Night,Aloe Vera Liquid Soap,0.99,60.0,18.8,Changeover/Setup,41.2,59,39,2,37,4.32,94.87,66.1,68.67,95.62,62.29,4.28,26.59,1
PureGlow Soaps International (Fictional Dummy Company),Global Manufacturing Head - PureGlow Soaps,Asia,India,Mumbai,FCT001,Mumbai Soap Plant,LN0003,Line-3,2026-07-09 00:00:00,2026-07-09,0,Night,Sandalwood Bar Soap,1.37,60.0,16.6,Changeover/Setup,43.4,82,58,1,57,2.21,98.28,70.73,72.33,97.55,69.34,5.02,14.2,2
PureGlow Soaps International (Fictional Dummy Company),Global Manufacturing Head - PureGlow Soaps,Asia,India,Mumbai,FCT001,Mumbai Soap Plant,LN0001,Line-1,2026-07-09 01:00:00,2026-07-09,1,Night,Lavender Bar Soap,1.07,60.0,3.7,No Downtime,56.3,64,61,3,58,5.58,95.08,95.31,93.83,101.26,90.34,5.32,17.73,2
PureGlow Soaps International (Fictional Dummy Company),Global Manufacturing Head - PureGlow Soaps,Asia,India,Mumbai,FCT001,Mumbai Soap Plant,LN0002,Line-2,2026-07-09 01:00:00,2026-07-09,1,Night,Aloe Vera Liquid Soap,0.99,60.0,24.7,Preventive Maintenance,35.3,59,36,1,35,3.32,97.22,61.02,58.83,103.01,58.92,3.77,23.21,2
PureGlow Soaps International (Fictional Dummy Company),Global Manufacturing Head - PureGlow Soaps,Asia,India,Mumbai,FCT001,Mumbai Soap Plant,LN0003,Line-3,2026-07-09 01:00:00,2026-07-09,1,Night,Sandalwood Bar Soap,1.37,60.0,0.2,No Downtime,59.8,82,81,2,79,1.87,97.53,98.78,99.67,98.87,96.11,8.88,19.95,2
PureGlow Soaps International (Fictional Dummy Company),Global Manufacturing Head - PureGlow Soaps,Asia,India,Mumbai,FCT001,Mumbai Soap Plant,LN0001,Line-1,2026-07-09 02:00:00,2026-07-09,2,Night,Lavender Bar Soap,1.07,60.0,5.1,Changeover/Setup,54.9,64,55,3,52,4.59,94.55,85.94,91.5,93.63,81.0,5.58,17.93,1
PureGlow Soaps International (Fictional Dummy Company),Global Manufacturing Head - PureGlow Soaps,Asia,India,Mumbai,FCT001,Mumbai Soap Plant,LN0002,Line-2,2026-07-09 02:00:00,2026-07-09,2,Night,Aloe Vera Liquid Soap,0.99,60.0,2.7,No Downtime,57.3,59,46,2,44,4.34,95.65,77.97,95.5,81.09,74.07,4.86,37.28,3
PureGlow Soaps International (Fictional Dummy Company),Global Manufacturing Head - PureGlow Soaps,Asia,India,Mumbai,FCT001,Mumbai Soap Plant,LN0003,Line-3,2026-07-09 02:00:00,2026-07-09,2,Night,Sandalwood Bar Soap,1.37,60.0,24.0,Staff Shortage,36.0,82,40,1,39,2.58,97.5,48.78,60.0,81.1,47.44,3.9,11.06,1
PureGlow Soaps International (Fictional Dummy Company),Global Manufacturing Head - PureGlow Soaps,Asia,India,Mumbai,FCT001,Mumbai Soap Plant,LN0001,Line-1,2026-07-09 03:00:00,2026-07-09,3,Night,Lavender Bar Soap,1.07,60.0,15.7,Quality Hold,44.3,64,39,3,36,7.02,92.31,60.94,73.83,82.28,56.08,3.44,16.41,2
PureGlow Soaps International (Fictional Dummy Company),Global Manufacturing Head - PureGlow Soaps,Asia,India,Mumbai,FCT001,Mumbai Soap Plant,LN0002,Line-2,2026-07-09 03:00:00,2026-07-09,3,Night,Aloe Vera Liquid Soap,0.99,60.0,10.5,Material Shortage,49.5,59,45,1,44,2.96,97.78,76.27,82.5,91.83,74.08,3.84,31.19,3
PureGlow Soaps International (Fictional Dummy Company),Global Manufacturing Head - PureGlow Soaps,Asia,India,Mumbai,FCT001,Mumbai Soap Plant,LN0003,Line-3,2026-07-09 03:00:00,2026-07-09,3,Night,Sandalwood Bar Soap,1.37,60.0,0.4,No Downtime,59.6,82,77,2,75,2.62,97.4,93.9,99.33,94.3,91.23,6.89,19.83,1
PureGlow Soaps International (Fictional Dummy Company),Global Manufacturing Head - PureGlow Soaps,Asia,India,Mumbai,FCT001,Mumbai Soap Plant,LN0001,Line-1,2026-07-09 04:00:00,2026-07-09,4,Night,Lavender Bar Soap,1.07,60.0,29.3,Power Outage,30.7,64,28,1,27,3.21,96.43,43.75,51.17,85.24,42.06,2.56,9.62,2
PureGlow Soaps International (Fictional Dummy Company),Global Manufacturing Head - PureGlow Soaps,Asia,India,Mumbai,FCT001,Mumbai Soap Plant,LN0002,Line-2,2026-07-09 04:00:00,2026-07-09,4,Night,Aloe Vera Liquid Soap,0.99,60.0,26.3,Machine Breakdown,33.7,59,27,0,27,1.72,100.0,45.76,56.17,80.93,45.46,2.79,21.75,2
PureGlow Soaps International (Fictional Dummy Company),Global Manufacturing Head - PureGlow Soaps,Asia,India,Mumbai,FCT001,Mumbai Soap Plant,LN0003,Line-3,2026-07-09 04:00:00,2026-07-09,4,Night,Sandalwood Bar Soap,1.37,60.0,1.1,No Downtime,58.9,82,79,3,76,4.19,96.2,96.34,98.17,97.9,92.46,8.51,17.37,3
PureGlow Soaps International (Fictional Dummy Company),Global Manufacturing Head - PureGlow Soaps,Asia,India,Mumbai,FCT001,Mumbai Soap Plant,LN0001,Line-1,2026-07-09 05:00:00,2026-07-09,5,Night,Lavender Bar Soap,1.07,60.0,19.2,Changeover/Setup,40.8,64,38,2,36,5.13,94.74,59.38,68.0,87.04,56.07,4.17,15.24,1
PureGlow Soaps International (Fictional Dummy Company),Global Manufacturing Head - PureGlow Soaps,Asia,India,Mumbai,FCT001,Mumbai Soap Plant,LN0002,Line-2,2026-07-09 05:00:00,2026-07-09,5,Night,Aloe Vera Liquid Soap,0.99,60.0,41.9,Machine Breakdown,18.1,59,17,1,16,4.01,94.12,28.81,30.17,94.87,26.94,1.66,10.26,3
PureGlow Soaps International (Fictional Dummy Company),Global Manufacturing Head - PureGlow Soaps,Asia,India,Mumbai,FCT001,Mumbai Soap Plant,LN0003,Line-3,2026-07-09 05:00:00,2026-07-09,5,Night,Sandalwood Bar Soap,1.37,60.0,2.3,No Downtime,57.7,82,70,1,69,1.07,98.57,85.37,96.17,88.55,83.94,6.05,18.85,1
PureGlow Soaps International (Fictional Dummy Company),Global Manufacturing Head - PureGlow Soaps,Asia,India,Mumbai,FCT001,Mumbai Soap Plant,LN0001,Line-1,2026-07-09 06:00:00,2026-07-09,6,Morning,Lavender Bar Soap,1.07,60.0,3.4,No Downtime,56.6,64,58,2,56,3.45,96.55,90.62,94.33,95.77,87.22,6.26,21.17,1
PureGlow Soaps International (Fictional Dummy Company),Global Manufacturing Head - PureGlow Soaps,Asia,India,Mumbai,FCT001,Mumbai Soap Plant,LN0002,Line-2,2026-07-09 06:00:00,2026-07-09,6,Morning,Aloe Vera Liquid Soap,0.99,60.0,9.9,Changeover/Setup,50.1,59,50,1,49,1.29,98.0,84.75,83.5,100.81,82.49,5.23,33.18,2
PureGlow Soaps International (Fictional Dummy Company),Global Manufacturing Head - PureGlow Soaps,Asia,India,Mumbai,FCT001,Mumbai Soap Plant,LN0003,Line-3,2026-07-09 06:00:00,2026-07-09,6,Morning,Sandalwood Bar Soap,1.37,60.0,2.5,No Downtime,57.5,82,71,1,70,1.01,98.59,86.59,95.83,90.13,85.15,6.54,19.22,1
PureGlow Soaps International (Fictional Dummy Company),Global Manufacturing Head - PureGlow Soaps,Asia,India,Mumbai,FCT001,Mumbai Soap Plant,LN0001,Line-1,2026-07-09 07:00:00,2026-07-09,7,Morning,Lavender Bar Soap,1.07,60.0,20.3,Staff Shortage,39.7,64,35,1,34,3.45,97.14,54.69,66.17,82.39,52.96,3.34,12.62,3
PureGlow Soaps International (Fictional Dummy Company),Global Manufacturing Head - PureGlow Soaps,Asia,India,Mumbai,FCT001,Mumbai Soap Plant,LN0002,Line-2,2026-07-09 07:00:00,2026-07-09,7,Morning,Aloe Vera Liquid Soap,0.99,60.0,13.2,Machine Breakdown,46.8,59,47,1,46,2.38,97.87,79.66,78.0,101.44,77.44,4.58,31.83,1
PureGlow Soaps International (Fictional Dummy Company),Global Manufacturing Head - PureGlow Soaps,Asia,India,Mumbai,FCT001,Mumbai Soap Plant,LN0003,Line-3,2026-07-09 07:00:00,2026-07-09,7,Morning,Sandalwood Bar Soap,1.37,60.0,1.5,No Downtime,58.5,82,65,1,64,2.06,98.46,79.27,97.5,81.1,77.85,6.13,18.57,1
PureGlow Soaps International (Fictional Dummy Company),Global Manufacturing Head - PureGlow Soaps,Asia,India,Mumbai,FCT001,Mumbai Soap Plant,LN0001,Line-1,2026-07-09 08:00:00,2026-07-09,8,Morning,Lavender Bar Soap,1.07,60.0,3.0,No Downtime,57.0,64,60,2,58,3.48,96.67,93.75,95.0,98.38,90.35,6.16,19.06,2
PureGlow Soaps International (Fictional Dummy Company),Global Manufacturing Head - PureGlow Soaps,Asia,India,Mumbai,FCT001,Mumbai Soap Plant,LN0002,Line-2,2026-07-09 08:00:00,2026-07-09,8,Morning,Aloe Vera Liquid Soap,0.99,60.0,18.0,Changeover/Setup,42.0,59,38,0,38,0.38,100.0,64.41,70.0,91.39,63.97,3.81,26.31,2
PureGlow Soaps International (Fictional Dummy Company),Global Manufacturing Head - PureGlow Soaps,Asia,India,Mumbai,FCT001,Mumbai Soap Plant,LN0003,Line-3,2026-07-09 08:00:00,2026-07-09,8,Morning,Sandalwood Bar Soap,1.37,60.0,1.7,No Downtime,58.3,82,70,2,68,3.05,97.14,85.37,97.17,87.64,82.72,6.75,19.95,2
PureGlow Soaps International (Fictional Dummy Company),Global Manufacturing Head - PureGlow Soaps,Asia,India,Mumbai,FCT001,Mumbai Soap Plant,LN0001,Line-1,2026-07-09 09:00:00,2026-07-09,9,Morning,Lavender Bar Soap,1.07,60.0,34.2,Preventive Maintenance,25.8,64,23,1,22,4.6,95.65,35.94,43.0,83.32,34.27,2.25,9.09,2
PureGlow Soaps International (Fictional Dummy Company),Global Manufacturing Head - PureGlow Soaps,Asia,India,Mumbai,FCT001,Mumbai Soap Plant,LN0002,Line-2,2026-07-09 09:00:00,2026-07-09,9,Morning,Aloe Vera Liquid Soap,0.99,60.0,10.8,Staff Shortage,49.2,59,41,2,39,4.53,95.12,69.49,82.0,84.18,65.66,3.82,31.97,2
PureGlow Soaps International (Fictional Dummy Company),Global Manufacturing Head - PureGlow Soaps,Asia,India,Mumbai,FCT001,Mumbai Soap Plant,LN0003,Line-3,2026-07-09 09:00:00,2026-07-09,9,Morning,Sandalwood Bar Soap,1.37,60.0,14.6,Staff Shortage,45.4,82,56,2,54,3.41,96.43,68.29,75.67,90.04,65.7,4.89,12.88,3
PureGlow Soaps International (Fictional Dummy Company),Global Manufacturing Head - PureGlow Soaps,Asia,India,Mumbai,FCT001,Mumbai Soap Plant,LN0001,Line-1,2026-07-09 10:00:00,2026-07-09,10,Morning,Lavender Bar Soap,1.07,60.0,18.1,Machine Breakdown,41.9,64,45,2,43,3.45,95.56,70.31,69.83,100.37,66.98,4.81,13.95,2
PureGlow Soaps International (Fictional Dummy Company),Global Manufacturing Head - PureGlow Soaps,Asia,India,Mumbai,FCT001,Mumbai Soap Plant,LN0002,Line-2,2026-07-09 10:00:00,2026-07-09,10,Morning,Aloe Vera Liquid Soap,0.99,60.0,19.2,Changeover/Setup,40.8,59,33,1,32,4.13,96.97,55.93,68.0,81.7,53.87,3.54,26.16,1
PureGlow Soaps International (Fictional Dummy Company),Global Manufacturing Head - PureGlow Soaps,Asia,India,Mumbai,FCT001,Mumbai Soap Plant,LN0003,Line-3,2026-07-09 10:00:00,2026-07-09,10,Morning,Sandalwood Bar Soap,1.37,60.0,6.4,Changeover/Setup,53.6,82,62,1,61,1.58,98.39,75.61,89.33,84.43,74.21,6.43,17.02,2
PureGlow Soaps International (Fictional Dummy Company),Global Manufacturing Head - PureGlow Soaps,Asia,India,Mumbai,FCT001,Mumbai Soap Plant,LN0001,Line-1,2026-07-09 11:00:00,2026-07-09,11,Morning,Lavender Bar Soap,1.07,60.0,13.4,Staff Shortage,46.6,64,51,2,49,3.04,96.08,79.69,77.67,102.28,76.33,5.37,16.5,2
PureGlow Soaps International (Fictional Dummy Company),Global Manufacturing Head - PureGlow Soaps,Asia,India,Mumbai,FCT001,Mumbai Soap Plant,LN0002,Line-2,2026-07-09 11:00:00,2026-07-09,11,Morning,Aloe Vera Liquid Soap,0.99,60.0,15.3,Changeover/Setup,44.7,59,37,0,37,1.29,100.0,62.71,74.5,83.61,62.29,3.37,27.44,1
PureGlow Soaps International (Fictional Dummy Company),Global Manufacturing Head - PureGlow Soaps,Asia,India,Mumbai,FCT001,Mumbai Soap Plant,LN0003,Line-3,2026-07-09 11:00:00,2026-07-09,11,Morning,Sandalwood Bar Soap,1.37,60.0,30.4,Material Shortage,29.6,82,38,0,38,0.24,100.0,46.34,49.33,93.71,46.23,3.73,10.14,1
PureGlow Soaps International (Fictional Dummy Company),Global Manufacturing Head - PureGlow Soaps,Asia,India,Mumbai,FCT001,Mumbai Soap Plant,LN0001,Line-1,2026-07-09 12:00:00,2026-07-09,12,Morning,Lavender Bar Soap,1.07,60.0,7.2,Power Outage,52.8,64,56,2,54,4.0,96.43,87.5,88.0,99.12,84.11,5.19,18.18,1
PureGlow Soaps International (Fictional Dummy Company),Global Manufacturing Head - PureGlow Soaps,Asia,India,Mumbai,FCT001,Mumbai Soap Plant,LN0002,Line-2,2026-07-09 12:00:00,2026-07-09,12,Morning,Aloe Vera Liquid Soap,0.99,60.0,34.0,Preventive Maintenance,26.0,59,23,0,23,2.16,100.0,38.98,43.33,89.36,38.72,2.46,17.73,1
PureGlow Soaps International (Fictional Dummy Company),Global Manufacturing Head - PureGlow Soaps,Asia,India,Mumbai,FCT001,Mumbai Soap Plant,LN0003,Line-3,2026-07-09 12:00:00,2026-07-09,12,Morning,Sandalwood Bar Soap,1.37,60.0,7.5,Power Outage,52.5,82,67,2,65,3.42,97.01,81.71,87.5,93.15,79.07,6.75,15.63,2
PureGlow Soaps International (Fictional Dummy Company),Global Manufacturing Head - PureGlow Soaps,Asia,India,Mumbai,FCT001,Mumbai Soap Plant,LN0001,Line-1,2026-07-09 13:00:00,2026-07-09,13,Morning,Lavender Bar Soap,1.07,60.0,2.2,No Downtime,57.8,64,52,3,49,5.96,94.23,81.25,96.33,84.08,76.32,4.7,18.88,1
PureGlow Soaps International (Fictional Dummy Company),Global Manufacturing Head - PureGlow Soaps,Asia,India,Mumbai,FCT001,Mumbai Soap Plant,LN0002,Line-2,2026-07-09 13:00:00,2026-07-09,13,Morning,Aloe Vera Liquid Soap,0.99,60.0,19.3,Material Shortage,40.7,59,35,1,34,3.29,97.14,59.32,67.83,86.86,57.23,2.98,27.16,1
PureGlow Soaps International (Fictional Dummy Company),Global Manufacturing Head - PureGlow Soaps,Asia,India,Mumbai,FCT001,Mumbai Soap Plant,LN0003,Line-3,2026-07-09 13:00:00,2026-07-09,13,Morning,Sandalwood Bar Soap,1.37,60.0,17.3,Staff Shortage,42.7,82,53,1,52,1.54,98.11,64.63,71.17,90.6,63.26,5.11,13.55,2
PureGlow Soaps International (Fictional Dummy Company),Global Manufacturing Head - PureGlow Soaps,Asia,India,Mumbai,FCT001,Mumbai Soap Plant,LN0001,Line-1,2026-07-09 14:00:00,2026-07-09,14,Afternoon,Lavender Bar Soap,1.07,60.0,0.8,No Downtime,59.2,64,61,3,58,5.27,95.08,95.31,98.67,96.3,90.34,6.55,21.39,3
PureGlow Soaps International (Fictional Dummy Company),Global Manufacturing Head - PureGlow Soaps,Asia,India,Mumbai,FCT001,Mumbai Soap Plant,LN0002,Line-2,2026-07-09 14:00:00,2026-07-09,14,Afternoon,Aloe Vera Liquid Soap,0.99,60.0,14.1,Changeover/Setup,45.9,59,46,2,44,3.57,95.65,77.97,76.5,101.23,74.07,4.91,27.47,2
PureGlow Soaps International (Fictional Dummy Company),Global Manufacturing Head - PureGlow Soaps,Asia,India,Mumbai,FCT001,Mumbai Soap Plant,LN0003,Line-3,2026-07-09 14:00:00,2026-07-09,14,Afternoon,Sandalwood Bar Soap,1.37,60.0,2.1,No Downtime,57.9,82,70,3,67,4.3,95.71,85.37,96.5,88.25,81.51,6.89,16.95,1
PureGlow Soaps International (Fictional Dummy Company),Global Manufacturing Head - PureGlow Soaps,Asia,India,Mumbai,FCT001,Mumbai Soap Plant,LN0001,Line-1,2026-07-09 15:00:00,2026-07-09,15,Afternoon,Lavender Bar Soap,1.07,60.0,3.0,No Downtime,57.0,64,59,1,58,1.62,98.31,92.19,95.0,96.74,90.35,5.03,17.87,1
PureGlow Soaps International (Fictional Dummy Company),Global Manufacturing Head - PureGlow Soaps,Asia,India,Mumbai,FCT001,Mumbai Soap Plant,LN0002,Line-2,2026-07-09 15:00:00,2026-07-09,15,Afternoon,Aloe Vera Liquid Soap,0.99,60.0,36.8,Preventive Maintenance,23.2,59,20,1,19,3.86,95.0,33.9,38.67,87.08,31.99,1.81,13.98,3
PureGlow Soaps International (Fictional Dummy Company),Global Manufacturing Head - PureGlow Soaps,Asia,India,Mumbai,FCT001,Mumbai Soap Plant,LN0003,Line-3,2026-07-09 15:00:00,2026-07-09,15,Afternoon,Sandalwood Bar Soap,1.37,60.0,4.0,No Downtime,56.0,82,76,1,75,1.69,98.68,92.68,93.33,99.06,91.23,6.97,16.08,3
PureGlow Soaps International (Fictional Dummy Company),Global Manufacturing Head - PureGlow Soaps,Asia,India,Mumbai,FCT001,Mumbai Soap Plant,LN0001,Line-1,2026-07-09 16:00:00,2026-07-09,16,Afternoon,Lavender Bar Soap,1.07,60.0,1.6,No Downtime,58.4,64,50,1,49,2.82,98.0,78.12,97.33,80.02,76.33,5.3,21.53,2
PureGlow Soaps International (Fictional Dummy Company),Global Manufacturing Head - PureGlow Soaps,Asia,India,Mumbai,FCT001,Mumbai Soap Plant,LN0002,Line-2,2026-07-09 16:00:00,2026-07-09,16,Afternoon,Aloe Vera Liquid Soap,0.99,60.0,28.2,Machine Breakdown,31.8,59,25,0,25,1.5,100.0,42.37,53.0,79.41,42.09,2.59,20.75,1
PureGlow Soaps International (Fictional Dummy Company),Global Manufacturing Head - PureGlow Soaps,Asia,India,Mumbai,FCT001,Mumbai Soap Plant,LN0003,Line-3,2026-07-09 16:00:00,2026-07-09,16,Afternoon,Sandalwood Bar Soap,1.37,60.0,0.3,No Downtime,59.7,82,69,2,67,3.02,97.1,84.15,99.5,84.36,81.5,6.33,19.79,1
PureGlow Soaps International (Fictional Dummy Company),Global Manufacturing Head - PureGlow Soaps,Asia,India,Mumbai,FCT001,Mumbai Soap Plant,LN0001,Line-1,2026-07-09 17:00:00,2026-07-09,17,Afternoon,Lavender Bar Soap,1.07,60.0,14.3,Power Outage,45.7,64,45,1,44,2.6,97.78,70.31,76.17,92.03,68.54,4.38,14.61,3
PureGlow Soaps International (Fictional Dummy Company),Global Manufacturing Head - PureGlow Soaps,Asia,India,Mumbai,FCT001,Mumbai Soap Plant,LN0002,Line-2,2026-07-09 17:00:00,2026-07-09,17,Afternoon,Aloe Vera Liquid Soap,0.99,60.0,11.5,Machine Breakdown,48.5,59,43,0,43,0.55,100.0,72.88,80.83,89.56,72.39,4.65,28.35,3
PureGlow Soaps International (Fictional Dummy Company),Global Manufacturing Head - PureGlow Soaps,Asia,India,Mumbai,FCT001,Mumbai Soap Plant,LN0003,Line-3,2026-07-09 17:00:00,2026-07-09,17,Afternoon,Sandalwood Bar Soap,1.37,60.0,26.2,Material Shortage,33.8,82,41,2,39,5.49,95.12,50.0,56.33,88.54,47.44,4.06,10.86,1
PureGlow Soaps International (Fictional Dummy Company),Global Manufacturing Head - PureGlow Soaps,Asia,India,Mumbai,FCT001,Mumbai Soap Plant,LN0001,Line-1,2026-07-09 18:00:00,2026-07-09,18,Afternoon,Lavender Bar Soap,1.07,60.0,0.6,No Downtime,59.4,64,53,2,51,4.63,96.23,82.81,99.0,83.39,79.44,4.89,20.81,1
PureGlow Soaps International (Fictional Dummy Company),Global Manufacturing Head - PureGlow Soaps,Asia,India,Mumbai,FCT001,Mumbai Soap Plant,LN0002,Line-2,2026-07-09 18:00:00,2026-07-09,18,Afternoon,Aloe Vera Liquid Soap,0.99,60.0,2.8,No Downtime,57.2,59,54,2,52,3.59,96.3,91.53,95.33,95.36,87.54,5.18,36.74,1
PureGlow Soaps International (Fictional Dummy Company),Global Manufacturing Head - PureGlow Soaps,Asia,India,Mumbai,FCT001,Mumbai Soap Plant,LN0003,Line-3,2026-07-09 18:00:00,2026-07-09,18,Afternoon,Sandalwood Bar Soap,1.37,60.0,2.2,No Downtime,57.8,82,79,2,77,2.32,97.47,96.34,96.33,99.77,93.68,8.38,16.43,1
PureGlow Soaps International (Fictional Dummy Company),Global Manufacturing Head - PureGlow Soaps,Asia,India,Mumbai,FCT001,Mumbai Soap Plant,LN0001,Line-1,2026-07-09 19:00:00,2026-07-09,19,Afternoon,Lavender Bar Soap,1.07,60.0,1.1,No Downtime,58.9,64,53,1,52,1.69,98.11,82.81,98.17,84.1,81.0,5.49,22.09,3
PureGlow Soaps International (Fictional Dummy Company),Global Manufacturing Head - PureGlow Soaps,Asia,India,Mumbai,FCT001,Mumbai Soap Plant,LN0002,Line-2,2026-07-09 19:00:00,2026-07-09,19,Afternoon,Aloe Vera Liquid Soap,0.99,60.0,2.0,No Downtime,58.0,59,49,1,48,2.52,97.96,83.05,96.67,85.34,80.82,4.64,33.51,1
PureGlow Soaps International (Fictional Dummy Company),Global Manufacturing Head - PureGlow Soaps,Asia,India,Mumbai,FCT001,Mumbai Soap Plant,LN0003,Line-3,2026-07-09 19:00:00,2026-07-09,19,Afternoon,Sandalwood Bar Soap,1.37,60.0,32.9,Machine Breakdown,27.1,82,38,1,37,3.12,97.37,46.34,45.17,102.35,45.02,4.0,7.87,3
PureGlow Soaps International (Fictional Dummy Company),Global Manufacturing Head - PureGlow Soaps,Asia,India,Mumbai,FCT001,Mumbai Soap Plant,LN0001,Line-1,2026-07-09 20:00:00,2026-07-09,20,Afternoon,Lavender Bar Soap,1.07,60.0,25.1,Material Shortage,34.9,64,32,1,31,1.9,96.88,50.0,58.17,85.69,48.29,3.04,11.19,3
PureGlow Soaps International (Fictional Dummy Company),Global Manufacturing Head - PureGlow Soaps,Asia,India,Mumbai,FCT001,Mumbai Soap Plant,LN0002,Line-2,2026-07-09 20:00:00,2026-07-09,20,Afternoon,Aloe Vera Liquid Soap,0.99,60.0,6.3,Power Outage,53.7,59,48,1,47,2.62,97.92,81.36,89.5,90.29,79.13,4.24,34.66,3
PureGlow Soaps International (Fictional Dummy Company),Global Manufacturing Head - PureGlow Soaps,Asia,India,Mumbai,FCT001,Mumbai Soap Plant,LN0003,Line-3,2026-07-09 20:00:00,2026-07-09,20,Afternoon,Sandalwood Bar Soap,1.37,60.0,28.1,Preventive Maintenance,31.9,82,43,1,42,2.89,97.67,52.44,53.17,98.39,51.1,4.21,10.12,1
PureGlow Soaps International (Fictional Dummy Company),Global Manufacturing Head - PureGlow Soaps,Asia,India,Mumbai,FCT001,Mumbai Soap Plant,LN0001,Line-1,2026-07-09 21:00:00,2026-07-09,21,Afternoon,Lavender Bar Soap,1.07,60.0,0.5,No Downtime,59.5,64,54,1,53,2.23,98.15,84.38,99.17,84.82,82.56,5.08,21.81,2
PureGlow Soaps International (Fictional Dummy Company),Global Manufacturing Head - PureGlow Soaps,Asia,India,Mumbai,FCT001,Mumbai Soap Plant,LN0002,Line-2,2026-07-09 21:00:00,2026-07-09,21,Afternoon,Aloe Vera Liquid Soap,0.99,60.0,0.3,No Downtime,59.7,59,59,1,58,2.09,98.31,100.0,99.5,99.83,97.65,6.41,34.23,1
PureGlow Soaps International (Fictional Dummy Company),Global Manufacturing Head - PureGlow Soaps,Asia,India,Mumbai,FCT001,Mumbai Soap Plant,LN0003,Line-3,2026-07-09 21:00:00,2026-07-09,21,Afternoon,Sandalwood Bar Soap,1.37,60.0,32.2,Preventive Maintenance,27.8,82,35,1,34,3.06,97.14,42.68,46.33,91.9,41.36,3.81,8.41,3
PureGlow Soaps International (Fictional Dummy Company),Global Manufacturing Head - PureGlow Soaps,Asia,India,Mumbai,FCT001,Mumbai Soap Plant,LN0001,Line-1,2026-07-09 22:00:00,2026-07-09,22,Night,Lavender Bar Soap,1.07,60.0,22.7,Material Shortage,37.3,64,36,1,35,3.45,97.22,56.25,62.17,90.2,54.52,3.23,12.07,1
PureGlow Soaps International (Fictional Dummy Company),Global Manufacturing Head - PureGlow Soaps,Asia,India,Mumbai,FCT001,Mumbai Soap Plant,LN0002,Line-2,2026-07-09 22:00:00,2026-07-09,22,Night,Aloe Vera Liquid Soap,0.99,60.0,15.7,Material Shortage,44.3,59,43,1,42,2.84,97.67,72.88,73.83,98.05,70.7,4.6,27.03,3
PureGlow Soaps International (Fictional Dummy Company),Global Manufacturing Head - PureGlow Soaps,Asia,India,Mumbai,FCT001,Mumbai Soap Plant,LN0003,Line-3,2026-07-09 22:00:00,2026-07-09,22,Night,Sandalwood Bar Soap,1.37,60.0,1.4,No Downtime,58.6,82,67,2,65,3.38,97.01,81.71,97.67,83.46,79.08,6.93,18.14,2
PureGlow Soaps International (Fictional Dummy Company),Global Manufacturing Head - PureGlow Soaps,Asia,India,Mumbai,FCT001,Mumbai Soap Plant,LN0001,Line-1,2026-07-09 23:00:00,2026-07-09,23,Night,Lavender Bar Soap,1.07,60.0,25.5,Preventive Maintenance,34.5,64,36,2,34,4.31,94.44,56.25,57.5,97.52,52.96,3.53,12.47,1
PureGlow Soaps International (Fictional Dummy Company),Global Manufacturing Head - PureGlow Soaps,Asia,India,Mumbai,FCT001,Mumbai Soap Plant,LN0002,Line-2,2026-07-09 23:00:00,2026-07-09,23,Night,Aloe Vera Liquid Soap,0.99,60.0,24.9,Material Shortage,35.1,59,33,1,32,3.7,96.97,55.93,58.5,94.97,53.87,2.88,19.96,1
PureGlow Soaps International (Fictional Dummy Company),Global Manufacturing Head - PureGlow Soaps,Asia,India,Mumbai,FCT001,Mumbai Soap Plant,LN0003,Line-3,2026-07-09 23:00:00,2026-07-09,23,Night,Sandalwood Bar Soap,1.37,60.0,8.8,Changeover/Setup,51.2,82,71,2,69,2.64,97.18,86.59,85.33,101.22,83.94,6.79,17.42,2
PureGlow Soaps International (Fictional Dummy Company),Global Manufacturing Head - PureGlow Soaps,Asia,India,Mumbai,FCT001,Mumbai Soap Plant,LN0001,Line-1,2026-07-10 00:00:00,2026-07-10,0,Night,Neem Bar Soap,1.07,60.0,22.6,Power Outage,37.4,64,36,1,35,3.16,97.22,56.25,62.33,89.96,54.51,3.82,12.31,2
PureGlow Soaps International (Fictional Dummy Company),Global Manufacturing Head - PureGlow Soaps,Asia,India,Mumbai,FCT001,Mumbai Soap Plant,LN0002,Line-2,2026-07-10 00:00:00,2026-07-10,0,Night,Coconut Bar Soap,0.99,60.0,27.7,Machine Breakdown,32.3,59,31,1,30,2.82,96.77,52.54,53.83,96.94,50.5,3.04,19.85,3
PureGlow Soaps International (Fictional Dummy Company),Global Manufacturing Head - PureGlow Soaps,Asia,India,Mumbai,FCT001,Mumbai Soap Plant,LN0003,Line-3,2026-07-10 00:00:00,2026-07-10,0,Night,Coconut Bar Soap,1.37,60.0,11.0,Staff Shortage,49.0,82,63,2,61,2.44,96.83,76.83,81.67,93.85,74.22,6.23,14.44,1
PureGlow Soaps International (Fictional Dummy Company),Global Manufacturing Head - PureGlow Soaps,Asia,India,Mumbai,FCT001,Mumbai Soap Plant,LN0001,Line-1,2026-07-10 01:00:00,2026-07-10,1,Night,Neem Bar Soap,1.07,60.0,2.8,No Downtime,57.2,64,51,1,50,2.37,98.04,79.69,95.33,83.33,77.88,4.81,21.4,2
PureGlow Soaps International (Fictional Dummy Company),Global Manufacturing Head - PureGlow Soaps,Asia,India,Mumbai,FCT001,Mumbai Soap Plant,LN0002,Line-2,2026-07-10 01:00:00,2026-07-10,1,Night,Coconut Bar Soap,0.99,60.0,22.8,Machine Breakdown,37.2,59,32,1,31,2.9,96.88,54.24,62.0,86.89,52.19,3.26,22.73,1
PureGlow Soaps International (Fictional Dummy Company),Global Manufacturing Head - PureGlow Soaps,Asia,India,Mumbai,FCT001,Mumbai Soap Plant,LN0003,Line-3,2026-07-10 01:00:00,2026-07-10,1,Night,Coconut Bar Soap,1.37,60.0,2.3,No Downtime,57.7,82,78,3,75,3.62,96.15,95.12,96.17,98.67,91.24,6.7,19.23,3
PureGlow Soaps International (Fictional Dummy Company),Global Manufacturing Head - PureGlow Soaps,Asia,India,Mumbai,FCT001,Mumbai Soap Plant,LN0001,Line-1,2026-07-10 02:00:00,2026-07-10,2,Night,Neem Bar Soap,1.07,60.0,2.4,No Downtime,57.6,64,51,3,48,5.34,94.12,79.69,96.0,82.75,74.77,5.1,18.88,1
PureGlow Soaps International (Fictional Dummy Company),Global Manufacturing Head - PureGlow Soaps,Asia,India,Mumbai,FCT001,Mumbai Soap Plant,LN0002,Line-2,2026-07-10 02:00:00,2026-07-10,2,Night,Coconut Bar Soap,0.99,60.0,37.5,Preventive Maintenance,22.5,59,18,1,17,3.46,94.44,30.51,37.5,80.81,28.62,1.85,13.21,1
PureGlow Soaps International (Fictional Dummy Company),Global Manufacturing Head - PureGlow Soaps,Asia,India,Mumbai,FCT001,Mumbai Soap Plant,LN0003,Line-3,2026-07-10 02:00:00,2026-07-10,2,Night,Coconut Bar Soap,1.37,60.0,34.4,Machine Breakdown,25.6,82,32,0,32,1.46,100.0,39.02,42.67,91.24,38.93,3.32,7.3,3
PureGlow Soaps International (Fictional Dummy Company),Global Manufacturing Head - PureGlow Soaps,Asia,India,Mumbai,FCT001,Mumbai Soap Plant,LN0001,Line-1,2026-07-10 03:00:00,2026-07-10,3,Night,Neem Bar Soap,1.07,60.0,6.8,Changeover/Setup,53.2,64,53,3,50,5.25,94.34,82.81,88.67,93.11,77.89,5.69,20.07,1
PureGlow Soaps International (Fictional Dummy Company),Global Manufacturing Head - PureGlow Soaps,Asia,India,Mumbai,FCT001,Mumbai Soap Plant,LN0002,Line-2,2026-07-10 03:00:00,2026-07-10,3,Night,Coconut Bar Soap,0.99,60.0,5.7,Quality Hold,54.3,59,49,4,45,7.5,91.84,83.05,90.5,91.15,75.76,5.37,32.21,1
PureGlow Soaps International (Fictional Dummy Company),Global Manufacturing Head - PureGlow Soaps,Asia,India,Mumbai,FCT001,Mumbai Soap Plant,LN0003,Line-3,2026-07-10 03:00:00,2026-07-10,3,Night,Coconut Bar Soap,1.37,60.0,0.2,No Downtime,59.8,82,67,2,65,3.36,97.01,81.71,99.67,81.78,79.07,6.99,20.24,3
PureGlow Soaps International (Fictional Dummy Company),Global Manufacturing Head - PureGlow Soaps,Asia,India,Mumbai,FCT001,Mumbai Soap Plant,LN0001,Line-1,2026-07-10 04:00:00,2026-07-10,4,Night,Neem Bar Soap,1.07,60.0,18.4,Preventive Maintenance,41.6,64,36,1,35,1.74,97.22,56.25,69.33,80.88,54.52,3.13,14.61,3
PureGlow Soaps International (Fictional Dummy Company),Global Manufacturing Head - PureGlow Soaps,Asia,India,Mumbai,FCT001,Mumbai Soap Plant,LN0002,Line-2,2026-07-10 04:00:00,2026-07-10,4,Night,Coconut Bar Soap,0.99,60.0,10.4,Machine Breakdown,49.6,59,45,2,43,4.78,95.56,76.27,82.67,91.64,72.4,4.12,30.34,3
PureGlow Soaps International (Fictional Dummy Company),Global Manufacturing Head - PureGlow Soaps,Asia,India,Mumbai,FCT001,Mumbai Soap Plant,LN0003,Line-3,2026-07-10 04:00:00,2026-07-10,4,Night,Coconut Bar Soap,1.37,60.0,3.6,No Downtime,56.4,82,72,1,71,1.65,98.61,87.8,94.0,93.18,86.37,7.66,18.1,2
PureGlow Soaps International (Fictional Dummy Company),Global Manufacturing Head - PureGlow Soaps,Asia,India,Mumbai,FCT001,Mumbai Soap Plant,LN0001,Line-1,2026-07-10 05:00:00,2026-07-10,5,Night,Neem Bar Soap,1.07,60.0,1.7,No Downtime,58.3,64,63,2,61,2.62,96.83,98.44,97.17,100.99,95.02,6.16,18.65,2
PureGlow Soaps International (Fictional Dummy Company),Global Manufacturing Head - PureGlow Soaps,Asia,India,Mumbai,FCT001,Mumbai Soap Plant,LN0002,Line-2,2026-07-10 05:00:00,2026-07-10,5,Night,Coconut Bar Soap,0.99,60.0,0.4,No Downtime,59.6,59,59,2,57,2.75,96.61,100.0,99.33,99.99,95.95,5.24,40.38,3
PureGlow Soaps International (Fictional Dummy Company),Global Manufacturing Head - PureGlow Soaps,Asia,India,Mumbai,FCT001,Mumbai Soap Plant,LN0003,Line-3,2026-07-10 05:00:00,2026-07-10,5,Night,Coconut Bar Soap,1.37,60.0,17.6,Power Outage,42.4,82,57,3,54,4.82,94.74,69.51,70.67,98.13,65.7,5.08,12.17,3
PureGlow Soaps International (Fictional Dummy Company),Global Manufacturing Head - PureGlow Soaps,Asia,India,Mumbai,FCT001,Mumbai Soap Plant,LN0001,Line-1,2026-07-10 06:00:00,2026-07-10,6,Morning,Neem Bar Soap,1.07,60.0,37.7,Machine Breakdown,22.3,64,20,0,20,1.55,100.0,31.25,37.17,83.82,31.16,1.89,8.05,3
PureGlow Soaps International (Fictional Dummy Company),Global Manufacturing Head - PureGlow Soaps,Asia,India,Mumbai,FCT001,Mumbai Soap Plant,LN0002,Line-2,2026-07-10 06:00:00,2026-07-10,6,Morning,Coconut Bar Soap,0.99,60.0,39.9,Machine Breakdown,20.1,59,20,1,19,3.54,95.0,33.9,33.5,100.51,31.99,2.1,11.69,3
PureGlow Soaps International (Fictional Dummy Company),Global Manufacturing Head - PureGlow Soaps,Asia,India,Mumbai,FCT001,Mumbai Soap Plant,LN0003,Line-3,2026-07-10 06:00:00,2026-07-10,6,Morning,Coconut Bar Soap,1.37,60.0,27.4,Preventive Maintenance,32.6,82,46,1,45,2.63,97.83,56.1,54.33,103.0,54.75,4.88,10.22,2
PureGlow Soaps International (Fictional Dummy Company),Global Manufacturing Head - PureGlow Soaps,Asia,India,Mumbai,FCT001,Mumbai Soap Plant,LN0001,Line-1,2026-07-10 07:00:00,2026-07-10,7,Morning,Neem Bar Soap,1.07,60.0,31.6,Machine Breakdown,28.4,64,29,1,28,2.21,96.55,45.31,47.33,95.43,43.61,2.91,10.32,1
PureGlow Soaps International (Fictional Dummy Company),Global Manufacturing Head - PureGlow Soaps,Asia,India,Mumbai,FCT001,Mumbai Soap Plant,LN0002,Line-2,2026-07-10 07:00:00,2026-07-10,7,Morning,Coconut Bar Soap,0.99,60.0,12.3,Changeover/Setup,47.7,59,43,1,42,3.0,97.67,72.88,79.5,91.06,70.71,4.56,28.74,3
PureGlow Soaps International (Fictional Dummy Company),Global Manufacturing Head - PureGlow Soaps,Asia,India,Mumbai,FCT001,Mumbai Soap Plant,LN0003,Line-3,2026-07-10 07:00:00,2026-07-10,7,Morning,Coconut Bar Soap,1.37,60.0,8.7,Changeover/Setup,51.3,82,63,2,61,2.78,96.83,76.83,85.5,89.64,74.21,6.76,15.66,1
PureGlow Soaps International (Fictional Dummy Company),Global Manufacturing Head - PureGlow Soaps,Asia,India,Mumbai,FCT001,Mumbai Soap Plant,LN0001,Line-1,2026-07-10 08:00:00,2026-07-10,8,Morning,Neem Bar Soap,1.07,60.0,3.5,No Downtime,56.5,64,52,2,50,4.19,96.15,81.25,94.17,86.01,77.88,5.54,20.08,3
PureGlow Soaps International (Fictional Dummy Company),Global Manufacturing Head - PureGlow Soaps,Asia,India,Mumbai,FCT001,Mumbai Soap Plant,LN0002,Line-2,2026-07-10 08:00:00,2026-07-10,8,Morning,Coconut Bar Soap,0.99,60.0,12.4,Machine Breakdown,47.6,59,42,2,40,3.72,95.24,71.19,79.33,89.13,67.34,3.92,31.96,1
PureGlow Soaps International (Fictional Dummy Company),Global Manufacturing Head - PureGlow Soaps,Asia,India,Mumbai,FCT001,Mumbai Soap Plant,LN0003,Line-3,2026-07-10 08:00:00,2026-07-10,8,Morning,Coconut Bar Soap,1.37,60.0,29.5,Preventive Maintenance,30.5,82,38,0,38,0.88,100.0,46.34,50.83,90.94,46.22,3.99,9.73,2
PureGlow Soaps International (Fictional Dummy Company),Global Manufacturing Head - PureGlow Soaps,Asia,India,Mumbai,FCT001,Mumbai Soap Plant,LN0001,Line-1,2026-07-10 09:00:00,2026-07-10,9,Morning,Neem Bar Soap,1.07,60.0,1.4,No Downtime,58.6,64,52,0,52,0.34,100.0,81.25,97.67,82.93,81.0,5.38,22.03,1
PureGlow Soaps International (Fictional Dummy Company),Global Manufacturing Head - PureGlow Soaps,Asia,India,Mumbai,FCT001,Mumbai Soap Plant,LN0002,Line-2,2026-07-10 09:00:00,2026-07-10,9,Morning,Coconut Bar Soap,0.99,60.0,16.8,Machine Breakdown,43.2,59,37,1,36,2.68,97.3,62.71,72.0,86.51,60.61,3.51,25.49,1
PureGlow Soaps International (Fictional Dummy Company),Global Manufacturing Head - PureGlow Soaps,Asia,India,Mumbai,FCT001,Mumbai Soap Plant,LN0003,Line-3,2026-07-10 09:00:00,2026-07-10,9,Morning,Coconut Bar Soap,1.37,60.0,17.8,Changeover/Setup,42.2,82,58,3,55,4.35,94.83,70.73,70.33,100.32,66.91,5.26,12.31,2
PureGlow Soaps International (Fictional Dummy Company),Global Manufacturing Head - PureGlow Soaps,Asia,India,Mumbai,FCT001,Mumbai Soap Plant,LN0001,Line-1,2026-07-10 10:00:00,2026-07-10,10,Morning,Neem Bar Soap,1.07,60.0,2.8,No Downtime,57.2,64,55,2,53,4.02,96.36,85.94,95.33,89.86,82.55,5.88,19.04,1
PureGlow Soaps International (Fictional Dummy Company),Global Manufacturing Head - PureGlow Soaps,Asia,India,Mumbai,FCT001,Mumbai Soap Plant,LN0002,Line-2,2026-07-10 10:00:00,2026-07-10,10,Morning,Coconut Bar Soap,0.99,60.0,33.0,Preventive Maintenance,27.0,59,27,0,27,1.48,100.0,45.76,45.0,101.01,45.45,2.34,17.98,3
PureGlow Soaps International (Fictional Dummy Company),Global Manufacturing Head - PureGlow Soaps,Asia,India,Mumbai,FCT001,Mumbai Soap Plant,LN0003,Line-3,2026-07-10 10:00:00,2026-07-10,10,Morning,Coconut Bar Soap,1.37,60.0,15.0,Changeover/Setup,45.0,82,60,1,59,2.1,98.33,73.17,75.0,97.32,71.77,6.54,15.33,3
PureGlow Soaps International (Fictional Dummy Company),Global Manufacturing Head - PureGlow Soaps,Asia,India,Mumbai,FCT001,Mumbai Soap Plant,LN0001,Line-1,2026-07-10 11:00:00,2026-07-10,11,Morning,Neem Bar Soap,1.07,60.0,15.7,Quality Hold,44.3,64,40,4,36,10.53,90.0,62.5,73.83,84.39,56.07,4.14,16.43,1
PureGlow Soaps International (Fictional Dummy Company),Global Manufacturing Head - PureGlow Soaps,Asia,India,Mumbai,FCT001,Mumbai Soap Plant,LN0002,Line-2,2026-07-10 11:00:00,2026-07-10,11,Morning,Coconut Bar Soap,0.99,60.0,26.2,Power Outage,33.8,59,29,1,28,2.15,96.55,49.15,56.33,86.67,47.14,3.02,21.77,2
PureGlow Soaps International (Fictional Dummy Company),Global Manufacturing Head - PureGlow Soaps,Asia,India,Mumbai,FCT001,Mumbai Soap Plant,LN0003,Line-3,2026-07-10 11:00:00,2026-07-10,11,Morning,Coconut Bar Soap,1.37,60.0,13.1,Changeover/Setup,46.9,82,60,2,58,2.5,96.67,73.17,78.17,93.38,70.56,6.4,14.87,2
PureGlow Soaps International (Fictional Dummy Company),Global Manufacturing Head - PureGlow Soaps,Asia,India,Mumbai,FCT001,Mumbai Soap Plant,LN0001,Line-1,2026-07-10 12:00:00,2026-07-10,12,Morning,Neem Bar Soap,1.07,60.0,2.7,No Downtime,57.3,64,61,2,59,2.76,96.72,95.31,95.5,99.49,91.9,6.62,21.03,1
PureGlow Soaps International (Fictional Dummy Company),Global Manufacturing Head - PureGlow Soaps,Asia,India,Mumbai,FCT001,Mumbai Soap Plant,LN0002,Line-2,2026-07-10 12:00:00,2026-07-10,12,Morning,Coconut Bar Soap,0.99,60.0,14.0,Changeover/Setup,46.0,59,40,2,38,3.83,95.0,67.8,76.67,87.83,63.97,4.24,30.76,2
PureGlow Soaps International (Fictional Dummy Company),Global Manufacturing Head - PureGlow Soaps,Asia,India,Mumbai,FCT001,Mumbai Soap Plant,LN0003,Line-3,2026-07-10 12:00:00,2026-07-10,12,Morning,Coconut Bar Soap,1.37,60.0,28.6,Preventive Maintenance,31.4,82,38,2,36,4.0,94.74,46.34,52.33,88.34,43.8,4.06,9.69,2
PureGlow Soaps International (Fictional Dummy Company),Global Manufacturing Head - PureGlow Soaps,Asia,India,Mumbai,FCT001,Mumbai Soap Plant,LN0001,Line-1,2026-07-10 13:00:00,2026-07-10,13,Morning,Neem Bar Soap,1.07,60.0,2.6,No Downtime,57.4,64,52,2,50,3.91,96.15,81.25,95.67,84.67,77.89,5.5,21.24,2
PureGlow Soaps International (Fictional Dummy Company),Global Manufacturing Head - PureGlow Soaps,Asia,India,Mumbai,FCT001,Mumbai Soap Plant,LN0002,Line-2,2026-07-10 13:00:00,2026-07-10,13,Morning,Coconut Bar Soap,0.99,60.0,0.5,No Downtime,59.5,59,60,3,57,5.16,95.0,101.69,99.17,101.86,95.96,6.46,34.33,3
PureGlow Soaps International (Fictional Dummy Company),Global Manufacturing Head - PureGlow Soaps,Asia,India,Mumbai,FCT001,Mumbai Soap Plant,LN0003,Line-3,2026-07-10 13:00:00,2026-07-10,13,Morning,Coconut Bar Soap,1.37,60.0,3.6,No Downtime,56.4,82,64,0,64,0.3,100.0,78.05,94.0,82.83,77.86,6.65,16.61,2
PureGlow Soaps International (Fictional Dummy Company),Global Manufacturing Head - PureGlow Soaps,Asia,India,Mumbai,FCT001,Mumbai Soap Plant,LN0001,Line-1,2026-07-10 14:00:00,2026-07-10,14,Afternoon,Neem Bar Soap,1.07,60.0,2.9,No Downtime,57.1,64,51,2,49,4.43,96.08,79.69,95.17,83.47,76.32,4.92,18.19,3
PureGlow Soaps International (Fictional Dummy Company),Global Manufacturing Head - PureGlow Soaps,Asia,India,Mumbai,FCT001,Mumbai Soap Plant,LN0002,Line-2,2026-07-10 14:00:00,2026-07-10,14,Afternoon,Coconut Bar Soap,0.99,60.0,12.4,Machine Breakdown,47.6,59,39,1,38,2.01,97.44,66.1,79.33,82.76,63.97,3.34,32.2,2
PureGlow Soaps International (Fictional Dummy Company),Global Manufacturing Head - PureGlow Soaps,Asia,India,Mumbai,FCT001,Mumbai Soap Plant,LN0003,Line-3,2026-07-10 14:00:00,2026-07-10,14,Afternoon,Coconut Bar Soap,1.37,60.0,13.0,Changeover/Setup,47.0,82,63,2,61,2.87,96.83,76.83,78.33,97.84,74.21,5.99,13.37,3
PureGlow Soaps International (Fictional Dummy Company),Global Manufacturing Head - PureGlow Soaps,Asia,India,Mumbai,FCT001,Mumbai Soap Plant,LN0001,Line-1,2026-07-10 15:00:00,2026-07-10,15,Afternoon,Neem Bar Soap,1.07,60.0,8.9,Changeover/Setup,51.1,64,49,2,47,4.19,95.92,76.56,85.17,89.62,73.22,4.23,18.29,3
PureGlow Soaps International (Fictional Dummy Company),Global Manufacturing Head - PureGlow Soaps,Asia,India,Mumbai,FCT001,Mumbai Soap Plant,LN0002,Line-2,2026-07-10 15:00:00,2026-07-10,15,Afternoon,Coconut Bar Soap,0.99,60.0,1.0,No Downtime,59.0,59,48,2,46,3.2,95.83,81.36,98.33,82.18,77.44,5.11,37.3,1
PureGlow Soaps International (Fictional Dummy Company),Global Manufacturing Head - PureGlow Soaps,Asia,India,Mumbai,FCT001,Mumbai Soap Plant,LN0003,Line-3,2026-07-10 15:00:00,2026-07-10,15,Afternoon,Coconut Bar Soap,1.37,60.0,29.9,Preventive Maintenance,30.1,82,37,1,36,2.34,97.3,45.12,50.17,89.73,43.8,3.33,8.85,2
PureGlow Soaps International (Fictional Dummy Company),Global Manufacturing Head - PureGlow Soaps,Asia,India,Mumbai,FCT001,Mumbai Soap Plant,LN0001,Line-1,2026-07-10 16:00:00,2026-07-10,16,Afternoon,Neem Bar Soap,1.07,60.0,2.7,No Downtime,57.3,64,61,1,60,0.88,98.36,95.31,95.5,99.49,93.45,5.52,20.71,2
PureGlow Soaps International (Fictional Dummy Company),Global Manufacturing Head - PureGlow Soaps,Asia,India,Mumbai,FCT001,Mumbai Soap Plant,LN0002,Line-2,2026-07-10 16:00:00,2026-07-10,16,Afternoon,Coconut Bar Soap,0.99,60.0,0.6,No Downtime,59.4,59,55,3,52,4.63,94.55,93.22,99.0,93.53,87.55,5.34,35.57,1
PureGlow Soaps International (Fictional Dummy Company),Global Manufacturing Head - PureGlow Soaps,Asia,India,Mumbai,FCT001,Mumbai Soap Plant,LN0003,Line-3,2026-07-10 16:00:00,2026-07-10,16,Afternoon,Coconut Bar Soap,1.37,60.0,14.8,Changeover/Setup,45.2,82,63,1,62,2.25,98.41,76.83,75.33,101.74,75.42,6.41,12.8,1
PureGlow Soaps International (Fictional Dummy Company),Global Manufacturing Head - PureGlow Soaps,Asia,India,Mumbai,FCT001,Mumbai Soap Plant,LN0001,Line-1,2026-07-10 17:00:00,2026-07-10,17,Afternoon,Neem Bar Soap,1.07,60.0,16.6,Changeover/Setup,43.4,64,39,1,38,3.81,97.44,60.94,72.33,83.98,59.19,3.85,15.67,1
PureGlow Soaps International (Fictional Dummy Company),Global Manufacturing Head - PureGlow Soaps,Asia,India,Mumbai,FCT001,Mumbai Soap Plant,LN0002,Line-2,2026-07-10 17:00:00,2026-07-10,17,Afternoon,Coconut Bar Soap,0.99,60.0,14.9,Changeover/Setup,45.1,59,44,2,42,3.51,95.45,74.58,75.17,98.55,70.71,4.58,29.89,3
PureGlow Soaps International (Fictional Dummy Company),Global Manufacturing Head - PureGlow Soaps,Asia,India,Mumbai,FCT001,Mumbai Soap Plant,LN0003,Line-3,2026-07-10 17:00:00,2026-07-10,17,Afternoon,Coconut Bar Soap,1.37,60.0,19.1,Changeover/Setup,40.9,82,55,2,53,3.24,96.36,67.07,68.17,98.16,64.48,4.75,11.58,3
PureGlow Soaps International (Fictional Dummy Company),Global Manufacturing Head - PureGlow Soaps,Asia,India,Mumbai,FCT001,Mumbai Soap Plant,LN0001,Line-1,2026-07-10 18:00:00,2026-07-10,18,Afternoon,Neem Bar Soap,1.07,60.0,39.3,Machine Breakdown,20.7,64,22,0,22,1.71,100.0,34.38,34.5,99.33,34.27,2.18,7.53,2
PureGlow Soaps International (Fictional Dummy Company),Global Manufacturing Head - PureGlow Soaps,Asia,India,Mumbai,FCT001,Mumbai Soap Plant,LN0002,Line-2,2026-07-10 18:00:00,2026-07-10,18,Afternoon,Coconut Bar Soap,0.99,60.0,0.9,No Downtime,59.1,59,60,2,58,3.58,96.67,101.69,98.5,102.55,97.65,5.84,35.92,1
PureGlow Soaps International (Fictional Dummy Company),Global Manufacturing Head - PureGlow Soaps,Asia,India,Mumbai,FCT001,Mumbai Soap Plant,LN0003,Line-3,2026-07-10 18:00:00,2026-07-10,18,Afternoon,Coconut Bar Soap,1.37,60.0,25.3,Material Shortage,34.7,82,40,2,38,3.94,95.0,48.78,57.83,84.14,46.23,3.98,10.78,2
PureGlow Soaps International (Fictional Dummy Company),Global Manufacturing Head - PureGlow Soaps,Asia,India,Mumbai,FCT001,Mumbai Soap Plant,LN0001,Line-1,2026-07-10 19:00:00,2026-07-10,19,Afternoon,Neem Bar Soap,1.07,60.0,17.5,Preventive Maintenance,42.5,64,41,2,39,3.83,95.12,64.06,70.83,90.16,60.74,4.39,13.57,3
PureGlow Soaps International (Fictional Dummy Company),Global Manufacturing Head - PureGlow Soaps,Asia,India,Mumbai,FCT001,Mumbai Soap Plant,LN0002,Line-2,2026-07-10 19:00:00,2026-07-10,19,Afternoon,Coconut Bar Soap,0.99,60.0,22.3,Staff Shortage,37.7,59,33,1,32,3.09,96.97,55.93,62.83,88.42,53.87,2.84,23.07,1
PureGlow Soaps International (Fictional Dummy Company),Global Manufacturing Head - PureGlow Soaps,Asia,India,Mumbai,FCT001,Mumbai Soap Plant,LN0003,Line-3,2026-07-10 19:00:00,2026-07-10,19,Afternoon,Coconut Bar Soap,1.37,60.0,6.2,Power Outage,53.8,82,74,3,71,4.64,95.95,90.24,89.67,100.4,86.38,7.62,16.23,3
PureGlow Soaps International (Fictional Dummy Company),Global Manufacturing Head - PureGlow Soaps,Asia,India,Mumbai,FCT001,Mumbai Soap Plant,LN0001,Line-1,2026-07-10 20:00:00,2026-07-10,20,Afternoon,Neem Bar Soap,1.07,60.0,18.0,Changeover/Setup,42.0,64,38,1,37,3.14,97.37,59.38,70.0,84.56,57.64,3.76,15.88,2
PureGlow Soaps International (Fictional Dummy Company),Global Manufacturing Head - PureGlow Soaps,Asia,India,Mumbai,FCT001,Mumbai Soap Plant,LN0002,Line-2,2026-07-10 20:00:00,2026-07-10,20,Afternoon,Coconut Bar Soap,0.99,60.0,38.8,Preventive Maintenance,21.2,59,17,1,16,3.46,94.12,28.81,35.33,81.0,26.93,1.77,14.02,3
PureGlow Soaps International (Fictional Dummy Company),Global Manufacturing Head - PureGlow Soaps,Asia,India,Mumbai,FCT001,Mumbai Soap Plant,LN0003,Line-3,2026-07-10 20:00:00,2026-07-10,20,Afternoon,Coconut Bar Soap,1.37,60.0,14.4,Changeover/Setup,45.6,82,51,1,50,1.54,98.04,62.2,76.0,81.64,60.83,4.48,12.94,2
PureGlow Soaps International (Fictional Dummy Company),Global Manufacturing Head - PureGlow Soaps,Asia,India,Mumbai,FCT001,Mumbai Soap Plant,LN0001,Line-1,2026-07-10 21:00:00,2026-07-10,21,Afternoon,Neem Bar Soap,1.07,60.0,19.8,Quality Hold,40.2,64,44,4,40,8.87,90.91,68.75,67.0,102.29,62.3,4.39,12.78,3
PureGlow Soaps International (Fictional Dummy Company),Global Manufacturing Head - PureGlow Soaps,Asia,India,Mumbai,FCT001,Mumbai Soap Plant,LN0002,Line-2,2026-07-10 21:00:00,2026-07-10,21,Afternoon,Coconut Bar Soap,0.99,60.0,10.4,Changeover/Setup,49.6,59,40,2,38,3.79,95.0,67.8,82.67,81.46,63.98,3.82,30.87,3
PureGlow Soaps International (Fictional Dummy Company),Global Manufacturing Head - PureGlow Soaps,Asia,India,Mumbai,FCT001,Mumbai Soap Plant,LN0003,Line-3,2026-07-10 21:00:00,2026-07-10,21,Afternoon,Coconut Bar Soap,1.37,60.0,1.2,No Downtime,58.8,82,67,2,65,2.32,97.01,81.71,98.0,83.17,79.07,6.5,20.13,1
PureGlow Soaps International (Fictional Dummy Company),Global Manufacturing Head - PureGlow Soaps,Asia,India,Mumbai,FCT001,Mumbai Soap Plant,LN0001,Line-1,2026-07-10 22:00:00,2026-07-10,22,Night,Neem Bar Soap,1.07,60.0,0.0,No Downtime,60.0,64,52,1,51,2.52,98.08,81.25,100.0,81.0,79.44,5.06,19.68,3
PureGlow Soaps International (Fictional Dummy Company),Global Manufacturing Head - PureGlow Soaps,Asia,India,Mumbai,FCT001,Mumbai Soap Plant,LN0002,Line-2,2026-07-10 22:00:00,2026-07-10,22,Night,Coconut Bar Soap,0.99,60.0,27.4,Preventive Maintenance,32.6,59,28,1,27,3.23,96.43,47.46,54.33,86.76,45.45,2.71,21.2,3
PureGlow Soaps International (Fictional Dummy Company),Global Manufacturing Head - PureGlow Soaps,Asia,India,Mumbai,FCT001,Mumbai Soap Plant,LN0003,Line-3,2026-07-10 22:00:00,2026-07-10,22,Night,Coconut Bar Soap,1.37,60.0,1.9,No Downtime,58.1,82,81,1,80,1.41,98.77,98.78,96.83,101.76,97.32,8.33,18.15,1
PureGlow Soaps International (Fictional Dummy Company),Global Manufacturing Head - PureGlow Soaps,Asia,India,Mumbai,FCT001,Mumbai Soap Plant,LN0001,Line-1,2026-07-10 23:00:00,2026-07-10,23,Night,Neem Bar Soap,1.07,60.0,1.6,No Downtime,58.4,64,58,3,55,5.16,94.83,90.62,97.33,92.82,85.67,5.57,19.95,2
PureGlow Soaps International (Fictional Dummy Company),Global Manufacturing Head - PureGlow Soaps,Asia,India,Mumbai,FCT001,Mumbai Soap Plant,LN0002,Line-2,2026-07-10 23:00:00,2026-07-10,23,Night,Coconut Bar Soap,0.99,60.0,38.8,Machine Breakdown,21.2,59,19,0,19,1.84,100.0,32.2,35.33,90.53,31.98,1.82,13.45,2
PureGlow Soaps International (Fictional Dummy Company),Global Manufacturing Head - PureGlow Soaps,Asia,India,Mumbai,FCT001,Mumbai Soap Plant,LN0003,Line-3,2026-07-10 23:00:00,2026-07-10,23,Night,Coconut Bar Soap,1.37,60.0,0.2,No Downtime,59.8,82,70,1,69,1.22,98.57,85.37,99.67,85.44,83.94,7.56,20.59,1
