Company,Global_Head,Continent,Country,City,Factory_ID,Factory_Name,Production_Line_ID,Production_Line_Name,Timestamp,Date,Hour_of_Day,Shift,Product_SKU,Rated_Speed_Units_per_Min,Planned_Runtime_Minutes,Downtime_Minutes,Downtime_Reason,Actual_Runtime_Minutes,Planned_Target_Units,Actual_Units_Produced,Rejected_Units,Good_Units,Defect_Rate_Percent,Quality_Score_Percent,Production_Attainment_Percent,Availability_Percent,Performance_Percent,OEE_Percent,Raw_Material_Consumed_Kg,Energy_Consumed_kWh,Operator_Count
PureGlow Soaps International (Fictional Dummy Company),Global Manufacturing Head - PureGlow Soaps,Australia,Australia,Sydney,FCT025,Sydney Soap Plant,LN0073,Line-1,2026-07-01 00:00:00,2026-07-01,0,Night,Lemon Bar Soap,1.18,60.0,26.7,Material Shortage,33.3,71,40,1,39,2.23,97.5,56.34,55.5,101.8,55.09,3.84,12.19,2
PureGlow Soaps International (Fictional Dummy Company),Global Manufacturing Head - PureGlow Soaps,Australia,Australia,Sydney,FCT025,Sydney Soap Plant,LN0074,Line-2,2026-07-01 00:00:00,2026-07-01,0,Night,Neem Bar Soap,1.51,60.0,11.3,Changeover/Setup,48.7,91,65,2,63,3.36,96.92,71.43,81.17,88.39,69.54,6.1,26.69,3
PureGlow Soaps International (Fictional Dummy Company),Global Manufacturing Head - PureGlow Soaps,Australia,Australia,Sydney,FCT025,Sydney Soap Plant,LN0075,Line-3,2026-07-01 00:00:00,2026-07-01,0,Night,Charcoal Bar Soap,1.35,60.0,3.9,No Downtime,56.1,81,78,3,75,3.73,96.15,96.3,93.5,102.99,92.59,8.55,35.89,1
PureGlow Soaps International (Fictional Dummy Company),Global Manufacturing Head - PureGlow Soaps,Australia,Australia,Sydney,FCT025,Sydney Soap Plant,LN0073,Line-1,2026-07-01 01:00:00,2026-07-01,1,Night,Lemon Bar Soap,1.18,60.0,14.5,Quality Hold,45.5,71,50,6,44,12.17,88.0,70.42,75.83,93.13,62.15,5.44,19.44,2
PureGlow Soaps International (Fictional Dummy Company),Global Manufacturing Head - PureGlow Soaps,Australia,Australia,Sydney,FCT025,Sydney Soap Plant,LN0074,Line-2,2026-07-01 01:00:00,2026-07-01,1,Night,Neem Bar Soap,1.51,60.0,5.5,Changeover/Setup,54.5,91,77,3,74,3.57,96.1,84.62,90.83,93.57,81.68,7.6,29.49,1
PureGlow Soaps International (Fictional Dummy Company),Global Manufacturing Head - PureGlow Soaps,Australia,Australia,Sydney,FCT025,Sydney Soap Plant,LN0075,Line-3,2026-07-01 01:00:00,2026-07-01,1,Night,Charcoal Bar Soap,1.35,60.0,16.6,Machine Breakdown,43.4,81,52,2,50,3.02,96.15,64.2,72.33,88.75,61.72,5.27,25.41,2
PureGlow Soaps International (Fictional Dummy Company),Global Manufacturing Head - PureGlow Soaps,Australia,Australia,Sydney,FCT025,Sydney Soap Plant,LN0073,Line-1,2026-07-01 02:00:00,2026-07-01,2,Night,Lemon Bar Soap,1.18,60.0,32.4,Material Shortage,27.6,71,29,1,28,3.08,96.55,40.85,46.0,89.04,39.55,2.95,11.73,3
PureGlow Soaps International (Fictional Dummy Company),Global Manufacturing Head - PureGlow Soaps,Australia,Australia,Sydney,FCT025,Sydney Soap Plant,LN0074,Line-2,2026-07-01 02:00:00,2026-07-01,2,Night,Neem Bar Soap,1.51,60.0,1.8,No Downtime,58.2,91,89,2,87,1.86,97.75,97.8,97.0,101.27,96.02,8.44,29.72,1
PureGlow Soaps International (Fictional Dummy Company),Global Manufacturing Head - PureGlow Soaps,Australia,Australia,Sydney,FCT025,Sydney Soap Plant,LN0075,Line-3,2026-07-01 02:00:00,2026-07-01,2,Night,Charcoal Bar Soap,1.35,60.0,2.0,No Downtime,58.0,81,79,2,77,2.36,97.47,97.53,96.67,100.89,95.06,8.32,36.37,3
PureGlow Soaps International (Fictional Dummy Company),Global Manufacturing Head - PureGlow Soaps,Australia,Australia,Sydney,FCT025,Sydney Soap Plant,LN0073,Line-1,2026-07-01 03:00:00,2026-07-01,3,Night,Lemon Bar Soap,1.18,60.0,40.9,Machine Breakdown,19.1,71,19,0,19,1.27,100.0,26.76,31.83,84.3,26.83,1.77,7.15,2
PureGlow Soaps International (Fictional Dummy Company),Global Manufacturing Head - PureGlow Soaps,Australia,Australia,Sydney,FCT025,Sydney Soap Plant,LN0074,Line-2,2026-07-01 03:00:00,2026-07-01,3,Night,Neem Bar Soap,1.51,60.0,2.4,No Downtime,57.6,91,75,2,73,3.07,97.33,82.42,96.0,86.23,80.57,6.57,29.77,2
PureGlow Soaps International (Fictional Dummy Company),Global Manufacturing Head - PureGlow Soaps,Australia,Australia,Sydney,FCT025,Sydney Soap Plant,LN0075,Line-3,2026-07-01 03:00:00,2026-07-01,3,Night,Charcoal Bar Soap,1.35,60.0,17.1,Quality Hold,42.9,81,53,6,47,10.77,88.68,65.43,71.5,91.51,58.02,5.64,25.27,1
PureGlow Soaps International (Fictional Dummy Company),Global Manufacturing Head - PureGlow Soaps,Australia,Australia,Sydney,FCT025,Sydney Soap Plant,LN0073,Line-1,2026-07-01 04:00:00,2026-07-01,4,Night,Lemon Bar Soap,1.18,60.0,40.2,Machine Breakdown,19.8,71,19,1,18,2.74,94.74,26.76,33.0,81.32,25.42,1.64,7.69,1
PureGlow Soaps International (Fictional Dummy Company),Global Manufacturing Head - PureGlow Soaps,Australia,Australia,Sydney,FCT025,Sydney Soap Plant,LN0074,Line-2,2026-07-01 04:00:00,2026-07-01,4,Night,Neem Bar Soap,1.51,60.0,0.9,No Downtime,59.1,91,92,3,89,3.0,96.74,101.1,98.5,103.09,98.23,8.6,27.02,3
PureGlow Soaps International (Fictional Dummy Company),Global Manufacturing Head - PureGlow Soaps,Australia,Australia,Sydney,FCT025,Sydney Soap Plant,LN0075,Line-3,2026-07-01 04:00:00,2026-07-01,4,Night,Charcoal Bar Soap,1.35,60.0,22.3,Staff Shortage,37.7,81,42,2,40,4.72,95.24,51.85,62.83,82.52,49.38,4.11,23.93,3
PureGlow Soaps International (Fictional Dummy Company),Global Manufacturing Head - PureGlow Soaps,Australia,Australia,Sydney,FCT025,Sydney Soap Plant,LN0073,Line-1,2026-07-01 05:00:00,2026-07-01,5,Night,Lemon Bar Soap,1.18,60.0,23.5,Material Shortage,36.5,71,35,1,34,2.98,97.14,49.3,60.83,81.26,48.02,3.19,13.78,3
PureGlow Soaps International (Fictional Dummy Company),Global Manufacturing Head - PureGlow Soaps,Australia,Australia,Sydney,FCT025,Sydney Soap Plant,LN0074,Line-2,2026-07-01 05:00:00,2026-07-01,5,Night,Neem Bar Soap,1.51,60.0,18.3,Machine Breakdown,41.7,91,51,3,48,5.27,94.12,56.04,69.5,80.99,52.98,5.4,22.48,2
PureGlow Soaps International (Fictional Dummy Company),Global Manufacturing Head - PureGlow Soaps,Australia,Australia,Sydney,FCT025,Sydney Soap Plant,LN0075,Line-3,2026-07-01 05:00:00,2026-07-01,5,Night,Charcoal Bar Soap,1.35,60.0,39.1,Machine Breakdown,20.9,81,27,1,26,3.34,96.3,33.33,34.83,95.69,32.1,2.66,12.45,2
PureGlow Soaps International (Fictional Dummy Company),Global Manufacturing Head - PureGlow Soaps,Australia,Australia,Sydney,FCT025,Sydney Soap Plant,LN0073,Line-1,2026-07-01 06:00:00,2026-07-01,6,Morning,Lemon Bar Soap,1.18,60.0,3.0,No Downtime,57.0,71,67,4,63,6.03,94.03,94.37,95.0,99.61,88.98,6.52,23.79,2
PureGlow Soaps International (Fictional Dummy Company),Global Manufacturing Head - PureGlow Soaps,Australia,Australia,Sydney,FCT025,Sydney Soap Plant,LN0074,Line-2,2026-07-01 06:00:00,2026-07-01,6,Morning,Neem Bar Soap,1.51,60.0,15.2,Quality Hold,44.8,91,56,3,53,5.39,94.64,61.54,74.67,82.78,58.5,5.6,24.54,2
PureGlow Soaps International (Fictional Dummy Company),Global Manufacturing Head - PureGlow Soaps,Australia,Australia,Sydney,FCT025,Sydney Soap Plant,LN0075,Line-3,2026-07-01 06:00:00,2026-07-01,6,Morning,Charcoal Bar Soap,1.35,60.0,0.3,No Downtime,59.7,81,67,3,64,3.84,95.52,82.72,99.5,83.13,79.01,6.25,38.67,3
PureGlow Soaps International (Fictional Dummy Company),Global Manufacturing Head - PureGlow Soaps,Australia,Australia,Sydney,FCT025,Sydney Soap Plant,LN0073,Line-1,2026-07-01 07:00:00,2026-07-01,7,Morning,Lemon Bar Soap,1.18,60.0,6.8,Changeover/Setup,53.2,71,54,2,52,2.94,96.3,76.06,88.67,86.02,73.45,4.62,21.47,2
PureGlow Soaps International (Fictional Dummy Company),Global Manufacturing Head - PureGlow Soaps,Australia,Australia,Sydney,FCT025,Sydney Soap Plant,LN0074,Line-2,2026-07-01 07:00:00,2026-07-01,7,Morning,Neem Bar Soap,1.51,60.0,15.7,Changeover/Setup,44.3,91,62,2,60,3.48,96.77,68.13,73.83,92.69,66.22,5.67,21.9,3
PureGlow Soaps International (Fictional Dummy Company),Global Manufacturing Head - PureGlow Soaps,Australia,Australia,Sydney,FCT025,Sydney Soap Plant,LN0075,Line-3,2026-07-01 07:00:00,2026-07-01,7,Morning,Charcoal Bar Soap,1.35,60.0,5.6,Changeover/Setup,54.4,81,64,1,63,2.07,98.44,79.01,90.67,87.15,77.79,6.29,35.57,1
PureGlow Soaps International (Fictional Dummy Company),Global Manufacturing Head - PureGlow Soaps,Australia,Australia,Sydney,FCT025,Sydney Soap Plant,LN0073,Line-1,2026-07-01 08:00:00,2026-07-01,8,Morning,Lemon Bar Soap,1.18,60.0,2.4,No Downtime,57.6,71,66,0,66,0.68,100.0,92.96,96.0,97.1,93.22,7.16,24.15,2
PureGlow Soaps International (Fictional Dummy Company),Global Manufacturing Head - PureGlow Soaps,Australia,Australia,Sydney,FCT025,Sydney Soap Plant,LN0074,Line-2,2026-07-01 08:00:00,2026-07-01,8,Morning,Neem Bar Soap,1.51,60.0,13.7,Changeover/Setup,46.3,91,70,1,69,1.68,98.57,76.92,77.17,100.12,76.16,7.55,21.93,2
PureGlow Soaps International (Fictional Dummy Company),Global Manufacturing Head - PureGlow Soaps,Australia,Australia,Sydney,FCT025,Sydney Soap Plant,LN0075,Line-3,2026-07-01 08:00:00,2026-07-01,8,Morning,Charcoal Bar Soap,1.35,60.0,2.3,No Downtime,57.7,81,76,1,75,1.46,98.68,93.83,96.17,97.57,92.59,6.91,33.95,1
PureGlow Soaps International (Fictional Dummy Company),Global Manufacturing Head - PureGlow Soaps,Australia,Australia,Sydney,FCT025,Sydney Soap Plant,LN0073,Line-1,2026-07-01 09:00:00,2026-07-01,9,Morning,Lemon Bar Soap,1.18,60.0,21.8,Power Outage,38.2,71,38,2,36,5.29,94.74,53.52,63.67,84.3,50.85,3.74,15.28,3
PureGlow Soaps International (Fictional Dummy Company),Global Manufacturing Head - PureGlow Soaps,Australia,Australia,Sydney,FCT025,Sydney Soap Plant,LN0074,Line-2,2026-07-01 09:00:00,2026-07-01,9,Morning,Neem Bar Soap,1.51,60.0,3.8,No Downtime,56.2,91,78,1,77,1.34,98.72,85.71,93.67,91.91,84.99,7.53,30.82,2
PureGlow Soaps International (Fictional Dummy Company),Global Manufacturing Head - PureGlow Soaps,Australia,Australia,Sydney,FCT025,Sydney Soap Plant,LN0075,Line-3,2026-07-01 09:00:00,2026-07-01,9,Morning,Charcoal Bar Soap,1.35,60.0,43.1,Machine Breakdown,16.9,81,19,1,18,4.97,94.74,23.46,28.17,83.28,22.23,1.81,10.29,2
PureGlow Soaps International (Fictional Dummy Company),Global Manufacturing Head - PureGlow Soaps,Australia,Australia,Sydney,FCT025,Sydney Soap Plant,LN0073,Line-1,2026-07-01 10:00:00,2026-07-01,10,Morning,Lemon Bar Soap,1.18,60.0,7.0,Quality Hold,53.0,71,62,4,58,6.77,93.55,87.32,88.33,99.14,81.92,5.78,19.22,2
PureGlow Soaps International (Fictional Dummy Company),Global Manufacturing Head - PureGlow Soaps,Australia,Australia,Sydney,FCT025,Sydney Soap Plant,LN0074,Line-2,2026-07-01 10:00:00,2026-07-01,10,Morning,Neem Bar Soap,1.51,60.0,15.8,Changeover/Setup,44.2,91,64,2,62,3.54,96.88,70.33,73.67,95.89,68.44,6.49,21.19,2
PureGlow Soaps International (Fictional Dummy Company),Global Manufacturing Head - PureGlow Soaps,Australia,Australia,Sydney,FCT025,Sydney Soap Plant,LN0075,Line-3,2026-07-01 10:00:00,2026-07-01,10,Morning,Charcoal Bar Soap,1.35,60.0,11.9,Quality Hold,48.1,81,55,5,50,9.04,90.91,67.9,80.17,84.7,61.73,5.12,30.39,2
PureGlow Soaps International (Fictional Dummy Company),Global Manufacturing Head - PureGlow Soaps,Australia,Australia,Sydney,FCT025,Sydney Soap Plant,LN0073,Line-1,2026-07-01 11:00:00,2026-07-01,11,Morning,Lemon Bar Soap,1.18,60.0,20.3,Staff Shortage,39.7,71,37,1,36,1.99,97.3,52.11,66.17,78.98,50.85,4.07,14.12,2
PureGlow Soaps International (Fictional Dummy Company),Global Manufacturing Head - PureGlow Soaps,Australia,Australia,Sydney,FCT025,Sydney Soap Plant,LN0074,Line-2,2026-07-01 11:00:00,2026-07-01,11,Morning,Neem Bar Soap,1.51,60.0,32.1,Machine Breakdown,27.9,91,38,1,37,3.49,97.37,41.76,46.5,90.2,40.84,3.51,14.63,1
PureGlow Soaps International (Fictional Dummy Company),Global Manufacturing Head - PureGlow Soaps,Australia,Australia,Sydney,FCT025,Sydney Soap Plant,LN0075,Line-3,2026-07-01 11:00:00,2026-07-01,11,Morning,Charcoal Bar Soap,1.35,60.0,2.2,No Downtime,57.8,81,76,1,75,1.82,98.68,93.83,96.33,97.4,92.59,7.27,36.56,2
PureGlow Soaps International (Fictional Dummy Company),Global Manufacturing Head - PureGlow Soaps,Australia,Australia,Sydney,FCT025,Sydney Soap Plant,LN0073,Line-1,2026-07-01 12:00:00,2026-07-01,12,Morning,Lemon Bar Soap,1.18,60.0,17.0,Power Outage,43.0,71,47,1,46,1.86,97.87,66.2,71.67,92.63,64.97,4.55,17.3,1
PureGlow Soaps International (Fictional Dummy Company),Global Manufacturing Head - PureGlow Soaps,Australia,Australia,Sydney,FCT025,Sydney Soap Plant,LN0074,Line-2,2026-07-01 12:00:00,2026-07-01,12,Morning,Neem Bar Soap,1.51,60.0,9.0,Changeover/Setup,51.0,91,73,3,70,3.66,95.89,80.22,85.0,94.79,77.26,6.96,27.44,3
PureGlow Soaps International (Fictional Dummy Company),Global Manufacturing Head - PureGlow Soaps,Australia,Australia,Sydney,FCT025,Sydney Soap Plant,LN0075,Line-3,2026-07-01 12:00:00,2026-07-01,12,Morning,Charcoal Bar Soap,1.35,60.0,2.1,No Downtime,57.9,81,79,3,76,3.58,96.2,97.53,96.5,101.07,93.83,7.64,34.79,2
PureGlow Soaps International (Fictional Dummy Company),Global Manufacturing Head - PureGlow Soaps,Australia,Australia,Sydney,FCT025,Sydney Soap Plant,LN0073,Line-1,2026-07-01 13:00:00,2026-07-01,13,Morning,Lemon Bar Soap,1.18,60.0,15.2,Power Outage,44.8,71,43,1,42,1.64,97.67,60.56,74.67,81.34,59.32,4.08,15.93,2
PureGlow Soaps International (Fictional Dummy Company),Global Manufacturing Head - PureGlow Soaps,Australia,Australia,Sydney,FCT025,Sydney Soap Plant,LN0074,Line-2,2026-07-01 13:00:00,2026-07-01,13,Morning,Neem Bar Soap,1.51,60.0,43.0,Machine Breakdown,17.0,91,23,0,23,1.96,100.0,25.27,28.33,89.6,25.38,2.21,9.15,3
PureGlow Soaps International (Fictional Dummy Company),Global Manufacturing Head - PureGlow Soaps,Australia,Australia,Sydney,FCT025,Sydney Soap Plant,LN0075,Line-3,2026-07-01 13:00:00,2026-07-01,13,Morning,Charcoal Bar Soap,1.35,60.0,1.2,No Downtime,58.8,81,75,1,74,1.86,98.67,92.59,98.0,94.48,91.36,6.86,35.07,1
PureGlow Soaps International (Fictional Dummy Company),Global Manufacturing Head - PureGlow Soaps,Australia,Australia,Sydney,FCT025,Sydney Soap Plant,LN0073,Line-1,2026-07-01 14:00:00,2026-07-01,14,Afternoon,Lemon Bar Soap,1.18,60.0,24.0,Power Outage,36.0,71,42,2,40,3.83,95.24,59.15,60.0,98.87,56.5,4.09,12.94,3
PureGlow Soaps International (Fictional Dummy Company),Global Manufacturing Head - PureGlow Soaps,Australia,Australia,Sydney,FCT025,Sydney Soap Plant,LN0074,Line-2,2026-07-01 14:00:00,2026-07-01,14,Afternoon,Neem Bar Soap,1.51,60.0,18.5,Material Shortage,41.5,91,59,1,58,2.39,98.31,64.84,69.17,94.15,64.02,5.72,20.71,3
PureGlow Soaps International (Fictional Dummy Company),Global Manufacturing Head - PureGlow Soaps,Australia,Australia,Sydney,FCT025,Sydney Soap Plant,LN0075,Line-3,2026-07-01 14:00:00,2026-07-01,14,Afternoon,Charcoal Bar Soap,1.35,60.0,2.1,No Downtime,57.9,81,65,1,64,2.09,98.46,80.25,96.5,83.16,79.01,6.43,34.66,3
PureGlow Soaps International (Fictional Dummy Company),Global Manufacturing Head - PureGlow Soaps,Australia,Australia,Sydney,FCT025,Sydney Soap Plant,LN0073,Line-1,2026-07-01 15:00:00,2026-07-01,15,Afternoon,Lemon Bar Soap,1.18,60.0,20.8,Material Shortage,39.2,71,47,2,45,3.58,95.74,66.2,65.33,101.61,63.55,4.49,16.48,1
PureGlow Soaps International (Fictional Dummy Company),Global Manufacturing Head - PureGlow Soaps,Australia,Australia,Sydney,FCT025,Sydney Soap Plant,LN0074,Line-2,2026-07-01 15:00:00,2026-07-01,15,Afternoon,Neem Bar Soap,1.51,60.0,12.5,Material Shortage,47.5,91,65,3,62,4.44,95.38,71.43,79.17,90.62,68.43,6.29,24.81,3
PureGlow Soaps International (Fictional Dummy Company),Global Manufacturing Head - PureGlow Soaps,Australia,Australia,Sydney,FCT025,Sydney Soap Plant,LN0075,Line-3,2026-07-01 15:00:00,2026-07-01,15,Afternoon,Charcoal Bar Soap,1.35,60.0,1.1,No Downtime,58.9,81,68,2,66,3.32,97.06,83.95,98.17,85.52,81.49,7.29,36.7,3
PureGlow Soaps International (Fictional Dummy Company),Global Manufacturing Head - PureGlow Soaps,Australia,Australia,Sydney,FCT025,Sydney Soap Plant,LN0073,Line-1,2026-07-01 16:00:00,2026-07-01,16,Afternoon,Lemon Bar Soap,1.18,60.0,15.6,Changeover/Setup,44.4,71,49,2,47,3.98,95.92,69.01,74.0,93.53,66.39,4.28,18.64,2
PureGlow Soaps International (Fictional Dummy Company),Global Manufacturing Head - PureGlow Soaps,Australia,Australia,Sydney,FCT025,Sydney Soap Plant,LN0074,Line-2,2026-07-01 16:00:00,2026-07-01,16,Afternoon,Neem Bar Soap,1.51,60.0,22.3,Staff Shortage,37.7,91,51,1,50,2.6,98.04,56.04,62.83,89.59,55.19,4.7,18.92,3
PureGlow Soaps International (Fictional Dummy Company),Global Manufacturing Head - PureGlow Soaps,Australia,Australia,Sydney,FCT025,Sydney Soap Plant,LN0075,Line-3,2026-07-01 16:00:00,2026-07-01,16,Afternoon,Charcoal Bar Soap,1.35,60.0,24.6,Material Shortage,35.4,81,44,1,43,1.17,97.73,54.32,59.0,92.07,53.09,4.08,21.55,1
PureGlow Soaps International (Fictional Dummy Company),Global Manufacturing Head - PureGlow Soaps,Australia,Australia,Sydney,FCT025,Sydney Soap Plant,LN0073,Line-1,2026-07-01 17:00:00,2026-07-01,17,Afternoon,Lemon Bar Soap,1.18,60.0,13.0,Changeover/Setup,47.0,71,49,3,46,5.29,93.88,69.01,78.33,88.35,64.97,4.64,18.75,1
PureGlow Soaps International (Fictional Dummy Company),Global Manufacturing Head - PureGlow Soaps,Australia,Australia,Sydney,FCT025,Sydney Soap Plant,LN0074,Line-2,2026-07-01 17:00:00,2026-07-01,17,Afternoon,Neem Bar Soap,1.51,60.0,17.5,Machine Breakdown,42.5,91,59,0,59,0.0,100.0,64.84,70.83,91.94,65.12,5.15,20.48,3
PureGlow Soaps International (Fictional Dummy Company),Global Manufacturing Head - PureGlow Soaps,Australia,Australia,Sydney,FCT025,Sydney Soap Plant,LN0075,Line-3,2026-07-01 17:00:00,2026-07-01,17,Afternoon,Charcoal Bar Soap,1.35,60.0,5.9,Changeover/Setup,54.1,81,63,2,61,2.63,96.83,77.78,90.17,86.26,75.31,6.3,34.88,3
PureGlow Soaps International (Fictional Dummy Company),Global Manufacturing Head - PureGlow Soaps,Australia,Australia,Sydney,FCT025,Sydney Soap Plant,LN0073,Line-1,2026-07-01 18:00:00,2026-07-01,18,Afternoon,Lemon Bar Soap,1.18,60.0,14.3,Changeover/Setup,45.7,71,47,1,46,2.78,97.87,66.2,76.17,87.16,64.98,4.14,19.26,3
PureGlow Soaps International (Fictional Dummy Company),Global Manufacturing Head - PureGlow Soaps,Australia,Australia,Sydney,FCT025,Sydney Soap Plant,LN0074,Line-2,2026-07-01 18:00:00,2026-07-01,18,Afternoon,Neem Bar Soap,1.51,60.0,10.9,Material Shortage,49.1,91,71,3,68,4.37,95.77,78.02,81.83,95.76,75.05,6.89,25.29,2
PureGlow Soaps International (Fictional Dummy Company),Global Manufacturing Head - PureGlow Soaps,Australia,Australia,Sydney,FCT025,Sydney Soap Plant,LN0075,Line-3,2026-07-01 18:00:00,2026-07-01,18,Afternoon,Charcoal Bar Soap,1.35,60.0,14.9,Power Outage,45.1,81,55,0,55,0.0,100.0,67.9,75.17,90.33,67.9,5.73,26.54,2
PureGlow Soaps International (Fictional Dummy Company),Global Manufacturing Head - PureGlow Soaps,Australia,Australia,Sydney,FCT025,Sydney Soap Plant,LN0073,Line-1,2026-07-01 19:00:00,2026-07-01,19,Afternoon,Lemon Bar Soap,1.18,60.0,3.5,No Downtime,56.5,71,60,3,57,4.84,95.0,84.51,94.17,90.0,80.52,5.97,22.57,2
PureGlow Soaps International (Fictional Dummy Company),Global Manufacturing Head - PureGlow Soaps,Australia,Australia,Sydney,FCT025,Sydney Soap Plant,LN0074,Line-2,2026-07-01 19:00:00,2026-07-01,19,Afternoon,Neem Bar Soap,1.51,60.0,14.5,Staff Shortage,45.5,91,59,3,56,5.4,94.92,64.84,75.83,85.87,61.81,6.29,24.85,3
PureGlow Soaps International (Fictional Dummy Company),Global Manufacturing Head - PureGlow Soaps,Australia,Australia,Sydney,FCT025,Sydney Soap Plant,LN0075,Line-3,2026-07-01 19:00:00,2026-07-01,19,Afternoon,Charcoal Bar Soap,1.35,60.0,8.9,Power Outage,51.1,81,58,2,56,3.46,96.55,71.6,85.17,84.08,69.14,5.92,28.8,1
PureGlow Soaps International (Fictional Dummy Company),Global Manufacturing Head - PureGlow Soaps,Australia,Australia,Sydney,FCT025,Sydney Soap Plant,LN0073,Line-1,2026-07-01 20:00:00,2026-07-01,20,Afternoon,Lemon Bar Soap,1.18,60.0,1.9,No Downtime,58.1,71,57,0,57,0.74,100.0,80.28,96.83,83.14,80.5,5.16,24.4,2
PureGlow Soaps International (Fictional Dummy Company),Global Manufacturing Head - PureGlow Soaps,Australia,Australia,Sydney,FCT025,Sydney Soap Plant,LN0074,Line-2,2026-07-01 20:00:00,2026-07-01,20,Afternoon,Neem Bar Soap,1.51,60.0,2.5,No Downtime,57.5,91,82,4,78,4.62,95.12,90.11,95.83,94.44,86.09,7.47,26.05,2
PureGlow Soaps International (Fictional Dummy Company),Global Manufacturing Head - PureGlow Soaps,Australia,Australia,Sydney,FCT025,Sydney Soap Plant,LN0075,Line-3,2026-07-01 20:00:00,2026-07-01,20,Afternoon,Charcoal Bar Soap,1.35,60.0,10.6,Power Outage,49.4,81,58,2,56,3.3,96.55,71.6,82.33,86.97,69.13,5.31,27.95,3
PureGlow Soaps International (Fictional Dummy Company),Global Manufacturing Head - PureGlow Soaps,Australia,Australia,Sydney,FCT025,Sydney Soap Plant,LN0073,Line-1,2026-07-01 21:00:00,2026-07-01,21,Afternoon,Lemon Bar Soap,1.18,60.0,16.4,Changeover/Setup,43.6,71,41,1,40,1.42,97.56,57.75,72.67,79.69,56.5,3.97,17.46,3
PureGlow Soaps International (Fictional Dummy Company),Global Manufacturing Head - PureGlow Soaps,Australia,Australia,Sydney,FCT025,Sydney Soap Plant,LN0074,Line-2,2026-07-01 21:00:00,2026-07-01,21,Afternoon,Neem Bar Soap,1.51,60.0,18.1,Preventive Maintenance,41.9,91,53,2,51,3.79,96.23,58.24,69.83,83.77,56.29,5.43,19.17,1
PureGlow Soaps International (Fictional Dummy Company),Global Manufacturing Head - PureGlow Soaps,Australia,Australia,Sydney,FCT025,Sydney Soap Plant,LN0075,Line-3,2026-07-01 21:00:00,2026-07-01,21,Afternoon,Charcoal Bar Soap,1.35,60.0,32.4,Machine Breakdown,27.6,81,34,0,34,0.94,100.0,41.98,46.0,91.25,41.98,3.68,17.44,3
PureGlow Soaps International (Fictional Dummy Company),Global Manufacturing Head - PureGlow Soaps,Australia,Australia,Sydney,FCT025,Sydney Soap Plant,LN0073,Line-1,2026-07-01 22:00:00,2026-07-01,22,Night,Lemon Bar Soap,1.18,60.0,21.2,Machine Breakdown,38.8,71,43,1,42,2.27,97.67,60.56,64.67,93.92,59.32,4.05,15.93,2
PureGlow Soaps International (Fictional Dummy Company),Global Manufacturing Head - PureGlow Soaps,Australia,Australia,Sydney,FCT025,Sydney Soap Plant,LN0074,Line-2,2026-07-01 22:00:00,2026-07-01,22,Night,Neem Bar Soap,1.51,60.0,14.6,Staff Shortage,45.4,91,64,3,61,4.93,95.31,70.33,75.67,93.36,67.33,6.86,24.85,2
PureGlow Soaps International (Fictional Dummy Company),Global Manufacturing Head - PureGlow Soaps,Australia,Australia,Sydney,FCT025,Sydney Soap Plant,LN0075,Line-3,2026-07-01 22:00:00,2026-07-01,22,Night,Charcoal Bar Soap,1.35,60.0,19.9,Changeover/Setup,40.1,81,48,1,47,2.79,97.92,59.26,66.83,88.67,58.03,4.46,24.18,3
PureGlow Soaps International (Fictional Dummy Company),Global Manufacturing Head - PureGlow Soaps,Australia,Australia,Sydney,FCT025,Sydney Soap Plant,LN0073,Line-1,2026-07-01 23:00:00,2026-07-01,23,Night,Lemon Bar Soap,1.18,60.0,0.5,No Downtime,59.5,71,59,3,56,5.55,94.92,83.1,99.17,84.03,79.1,6.22,25.49,1
PureGlow Soaps International (Fictional Dummy Company),Global Manufacturing Head - PureGlow Soaps,Australia,Australia,Sydney,FCT025,Sydney Soap Plant,LN0074,Line-2,2026-07-01 23:00:00,2026-07-01,23,Night,Neem Bar Soap,1.51,60.0,11.9,Changeover/Setup,48.1,91,60,2,58,3.96,96.67,65.93,80.17,82.61,64.02,6.37,21.79,1
PureGlow Soaps International (Fictional Dummy Company),Global Manufacturing Head - PureGlow Soaps,Australia,Australia,Sydney,FCT025,Sydney Soap Plant,LN0075,Line-3,2026-07-01 23:00:00,2026-07-01,23,Night,Charcoal Bar Soap,1.35,60.0,0.1,No Downtime,59.9,81,82,3,79,3.1,96.34,101.23,99.83,101.4,97.52,8.46,40.09,3
PureGlow Soaps International (Fictional Dummy Company),Global Manufacturing Head - PureGlow Soaps,Australia,Australia,Sydney,FCT025,Sydney Soap Plant,LN0073,Line-1,2026-07-02 00:00:00,2026-07-02,0,Night,Lemon Bar Soap,1.18,60.0,29.1,Power Outage,30.9,71,30,1,29,4.86,96.67,42.25,51.5,82.28,40.96,3.18,11.04,3
PureGlow Soaps International (Fictional Dummy Company),Global Manufacturing Head - PureGlow Soaps,Australia,Australia,Sydney,FCT025,Sydney Soap Plant,LN0074,Line-2,2026-07-02 00:00:00,2026-07-02,0,Night,Aloe Vera Liquid Soap,1.51,60.0,3.1,No Downtime,56.9,91,83,4,79,4.32,95.18,91.21,94.83,96.6,87.19,8.21,28.32,3
PureGlow Soaps International (Fictional Dummy Company),Global Manufacturing Head - PureGlow Soaps,Australia,Australia,Sydney,FCT025,Sydney Soap Plant,LN0075,Line-3,2026-07-02 00:00:00,2026-07-02,0,Night,Coconut Bar Soap,1.35,60.0,16.9,Staff Shortage,43.1,81,59,2,57,3.2,96.61,72.84,71.83,101.4,70.37,5.23,27.84,3
PureGlow Soaps International (Fictional Dummy Company),Global Manufacturing Head - PureGlow Soaps,Australia,Australia,Sydney,FCT025,Sydney Soap Plant,LN0073,Line-1,2026-07-02 01:00:00,2026-07-02,1,Night,Lemon Bar Soap,1.18,60.0,9.5,Changeover/Setup,50.5,71,57,2,55,2.7,96.49,80.28,84.17,95.65,77.68,6.25,21.72,3
PureGlow Soaps International (Fictional Dummy Company),Global Manufacturing Head - PureGlow Soaps,Australia,Australia,Sydney,FCT025,Sydney Soap Plant,LN0074,Line-2,2026-07-02 01:00:00,2026-07-02,1,Night,Aloe Vera Liquid Soap,1.51,60.0,3.5,No Downtime,56.5,91,79,4,75,4.67,94.94,86.81,94.17,92.6,82.79,8.54,27.12,3
PureGlow Soaps International (Fictional Dummy Company),Global Manufacturing Head - PureGlow Soaps,Australia,Australia,Sydney,FCT025,Sydney Soap Plant,LN0075,Line-3,2026-07-02 01:00:00,2026-07-02,1,Night,Coconut Bar Soap,1.35,60.0,14.1,Changeover/Setup,45.9,81,58,0,58,0.68,100.0,71.6,76.5,93.6,71.6,5.1,30.32,3
PureGlow Soaps International (Fictional Dummy Company),Global Manufacturing Head - PureGlow Soaps,Australia,Australia,Sydney,FCT025,Sydney Soap Plant,LN0073,Line-1,2026-07-02 02:00:00,2026-07-02,2,Night,Lemon Bar Soap,1.18,60.0,12.3,Machine Breakdown,47.7,71,51,1,50,2.17,98.04,71.83,79.5,90.61,70.62,4.59,19.29,1
PureGlow Soaps International (Fictional Dummy Company),Global Manufacturing Head - PureGlow Soaps,Australia,Australia,Sydney,FCT025,Sydney Soap Plant,LN0074,Line-2,2026-07-02 02:00:00,2026-07-02,2,Night,Aloe Vera Liquid Soap,1.51,60.0,2.7,No Downtime,57.3,91,73,1,72,1.1,98.63,80.22,95.5,84.37,79.47,6.37,27.98,3
PureGlow Soaps International (Fictional Dummy Company),Global Manufacturing Head - PureGlow Soaps,Australia,Australia,Sydney,FCT025,Sydney Soap Plant,LN0075,Line-3,2026-07-02 02:00:00,2026-07-02,2,Night,Coconut Bar Soap,1.35,60.0,8.8,Staff Shortage,51.2,81,61,1,60,2.12,98.36,75.31,85.33,88.25,74.07,6.04,33.26,2
PureGlow Soaps International (Fictional Dummy Company),Global Manufacturing Head - PureGlow Soaps,Australia,Australia,Sydney,FCT025,Sydney Soap Plant,LN0073,Line-1,2026-07-02 03:00:00,2026-07-02,3,Night,Lemon Bar Soap,1.18,60.0,3.8,No Downtime,56.2,71,57,1,56,1.51,98.25,80.28,93.67,85.95,79.1,5.97,21.16,1
PureGlow Soaps International (Fictional Dummy Company),Global Manufacturing Head - PureGlow Soaps,Australia,Australia,Sydney,FCT025,Sydney Soap Plant,LN0074,Line-2,2026-07-02 03:00:00,2026-07-02,3,Night,Aloe Vera Liquid Soap,1.51,60.0,8.5,Changeover/Setup,51.5,91,68,2,66,3.53,97.06,74.73,85.83,87.44,72.84,6.18,24.37,1
PureGlow Soaps International (Fictional Dummy Company),Global Manufacturing Head - PureGlow Soaps,Australia,Australia,Sydney,FCT025,Sydney Soap Plant,LN0075,Line-3,2026-07-02 03:00:00,2026-07-02,3,Night,Coconut Bar Soap,1.35,60.0,14.4,Changeover/Setup,45.6,81,61,0,61,0.0,100.0,75.31,76.0,99.09,75.31,5.43,29.75,1
PureGlow Soaps International (Fictional Dummy Company),Global Manufacturing Head - PureGlow Soaps,Australia,Australia,Sydney,FCT025,Sydney Soap Plant,LN0073,Line-1,2026-07-02 04:00:00,2026-07-02,4,Night,Lemon Bar Soap,1.18,60.0,27.6,Material Shortage,32.4,71,31,1,30,3.43,96.77,43.66,54.0,81.08,42.37,3.0,13.47,1
PureGlow Soaps International (Fictional Dummy Company),Global Manufacturing Head - PureGlow Soaps,Australia,Australia,Sydney,FCT025,Sydney Soap Plant,LN0074,Line-2,2026-07-02 04:00:00,2026-07-02,4,Night,Aloe Vera Liquid Soap,1.51,60.0,11.4,Quality Hold,48.6,91,67,6,61,9.5,91.04,73.63,81.0,91.3,67.33,7.09,26.62,1
PureGlow Soaps International (Fictional Dummy Company),Global Manufacturing Head - PureGlow Soaps,Australia,Australia,Sydney,FCT025,Sydney Soap Plant,LN0075,Line-3,2026-07-02 04:00:00,2026-07-02,4,Night,Coconut Bar Soap,1.35,60.0,18.9,Changeover/Setup,41.1,81,47,1,46,2.06,97.87,58.02,68.5,84.71,56.79,4.97,25.96,1
PureGlow Soaps International (Fictional Dummy Company),Global Manufacturing Head - PureGlow Soaps,Australia,Australia,Sydney,FCT025,Sydney Soap Plant,LN0073,Line-1,2026-07-02 05:00:00,2026-07-02,5,Night,Lemon Bar Soap,1.18,60.0,0.4,No Downtime,59.6,71,71,2,69,2.47,97.18,100.0,99.33,100.96,97.46,6.95,24.12,2
PureGlow Soaps International (Fictional Dummy Company),Global Manufacturing Head - PureGlow Soaps,Australia,Australia,Sydney,FCT025,Sydney Soap Plant,LN0074,Line-2,2026-07-02 05:00:00,2026-07-02,5,Night,Aloe Vera Liquid Soap,1.51,60.0,2.6,No Downtime,57.4,91,89,3,86,3.37,96.63,97.8,95.67,102.68,94.92,8.53,26.01,3
PureGlow Soaps International (Fictional Dummy Company),Global Manufacturing Head - PureGlow Soaps,Australia,Australia,Sydney,FCT025,Sydney Soap Plant,LN0075,Line-3,2026-07-02 05:00:00,2026-07-02,5,Night,Coconut Bar Soap,1.35,60.0,13.3,Power Outage,46.7,81,65,1,64,2.25,98.46,80.25,77.83,103.1,79.01,6.0,30.41,3
PureGlow Soaps International (Fictional Dummy Company),Global Manufacturing Head - PureGlow Soaps,Australia,Australia,Sydney,FCT025,Sydney Soap Plant,LN0073,Line-1,2026-07-02 06:00:00,2026-07-02,6,Morning,Lemon Bar Soap,1.18,60.0,0.3,No Downtime,59.7,71,63,1,62,0.92,98.41,88.73,99.5,89.43,87.57,5.97,25.11,1
PureGlow Soaps International (Fictional Dummy Company),Global Manufacturing Head - PureGlow Soaps,Australia,Australia,Sydney,FCT025,Sydney Soap Plant,LN0074,Line-2,2026-07-02 06:00:00,2026-07-02,6,Morning,Aloe Vera Liquid Soap,1.51,60.0,1.4,No Downtime,58.6,91,89,1,88,1.51,98.88,97.8,97.67,100.58,97.14,8.05,27.3,2
PureGlow Soaps International (Fictional Dummy Company),Global Manufacturing Head - PureGlow Soaps,Australia,Australia,Sydney,FCT025,Sydney Soap Plant,LN0075,Line-3,2026-07-02 06:00:00,2026-07-02,6,Morning,Coconut Bar Soap,1.35,60.0,3.2,No Downtime,56.8,81,63,2,61,2.46,96.83,77.78,94.67,82.16,75.32,5.71,35.83,1
PureGlow Soaps International (Fictional Dummy Company),Global Manufacturing Head - PureGlow Soaps,Australia,Australia,Sydney,FCT025,Sydney Soap Plant,LN0073,Line-1,2026-07-02 07:00:00,2026-07-02,7,Morning,Lemon Bar Soap,1.18,60.0,1.5,No Downtime,58.5,71,61,2,59,3.51,96.72,85.92,97.5,88.37,83.33,6.61,23.82,1
PureGlow Soaps International (Fictional Dummy Company),Global Manufacturing Head - PureGlow Soaps,Australia,Australia,Sydney,FCT025,Sydney Soap Plant,LN0074,Line-2,2026-07-02 07:00:00,2026-07-02,7,Morning,Aloe Vera Liquid Soap,1.51,60.0,30.0,Preventive Maintenance,30.0,91,45,2,43,4.19,95.56,49.45,50.0,99.34,47.46,4.84,15.4,3
PureGlow Soaps International (Fictional Dummy Company),Global Manufacturing Head - PureGlow Soaps,Australia,Australia,Sydney,FCT025,Sydney Soap Plant,LN0075,Line-3,2026-07-02 07:00:00,2026-07-02,7,Morning,Coconut Bar Soap,1.35,60.0,26.4,Power Outage,33.6,81,44,1,43,2.35,97.73,54.32,56.0,97.0,53.09,4.53,19.03,2
PureGlow Soaps International (Fictional Dummy Company),Global Manufacturing Head - PureGlow Soaps,Australia,Australia,Sydney,FCT025,Sydney Soap Plant,LN0073,Line-1,2026-07-02 08:00:00,2026-07-02,8,Morning,Lemon Bar Soap,1.18,60.0,28.6,Material Shortage,31.4,71,32,1,31,3.77,96.88,45.07,52.33,86.37,43.79,3.25,12.57,2
PureGlow Soaps International (Fictional Dummy Company),Global Manufacturing Head - PureGlow Soaps,Australia,Australia,Sydney,FCT025,Sydney Soap Plant,LN0074,Line-2,2026-07-02 08:00:00,2026-07-02,8,Morning,Aloe Vera Liquid Soap,1.51,60.0,13.8,Quality Hold,46.2,91,69,8,61,10.96,88.41,75.82,77.0,98.91,67.33,6.68,24.91,3
PureGlow Soaps International (Fictional Dummy Company),Global Manufacturing Head - PureGlow Soaps,Australia,Australia,Sydney,FCT025,Sydney Soap Plant,LN0075,Line-3,2026-07-02 08:00:00,2026-07-02,8,Morning,Coconut Bar Soap,1.35,60.0,8.1,Power Outage,51.9,81,58,2,56,2.75,96.55,71.6,86.5,82.78,69.13,6.12,33.4,1
PureGlow Soaps International (Fictional Dummy Company),Global Manufacturing Head - PureGlow Soaps,Australia,Australia,Sydney,FCT025,Sydney Soap Plant,LN0073,Line-1,2026-07-02 09:00:00,2026-07-02,9,Morning,Lemon Bar Soap,1.18,60.0,17.5,Quality Hold,42.5,71,42,3,39,8.17,92.86,59.15,70.83,83.75,55.08,3.63,16.11,2
PureGlow Soaps International (Fictional Dummy Company),Global Manufacturing Head - PureGlow Soaps,Australia,Australia,Sydney,FCT025,Sydney Soap Plant,LN0074,Line-2,2026-07-02 09:00:00,2026-07-02,9,Morning,Aloe Vera Liquid Soap,1.51,60.0,24.6,Preventive Maintenance,35.4,91,44,1,43,2.79,97.73,48.35,59.0,82.31,47.46,4.56,16.84,2
PureGlow Soaps International (Fictional Dummy Company),Global Manufacturing Head - PureGlow Soaps,Australia,Australia,Sydney,FCT025,Sydney Soap Plant,LN0075,Line-3,2026-07-02 09:00:00,2026-07-02,9,Morning,Coconut Bar Soap,1.35,60.0,25.3,Machine Breakdown,34.7,81,38,1,37,3.43,97.37,46.91,57.83,81.12,45.68,3.97,22.95,1
PureGlow Soaps International (Fictional Dummy Company),Global Manufacturing Head - PureGlow Soaps,Australia,Australia,Sydney,FCT025,Sydney Soap Plant,LN0073,Line-1,2026-07-02 10:00:00,2026-07-02,10,Morning,Lemon Bar Soap,1.18,60.0,0.3,No Downtime,59.7,71,59,1,58,1.31,98.31,83.1,99.5,83.75,81.92,5.42,25.79,2
PureGlow Soaps International (Fictional Dummy Company),Global Manufacturing Head - PureGlow Soaps,Australia,Australia,Sydney,FCT025,Sydney Soap Plant,LN0074,Line-2,2026-07-02 10:00:00,2026-07-02,10,Morning,Aloe Vera Liquid Soap,1.51,60.0,17.2,Staff Shortage,42.8,91,64,3,61,5.3,95.31,70.33,71.33,99.03,67.33,6.37,20.98,3
PureGlow Soaps International (Fictional Dummy Company),Global Manufacturing Head - PureGlow Soaps,Australia,Australia,Sydney,FCT025,Sydney Soap Plant,LN0075,Line-3,2026-07-02 10:00:00,2026-07-02,10,Morning,Coconut Bar Soap,1.35,60.0,38.4,Machine Breakdown,21.6,81,24,1,23,3.41,95.83,29.63,36.0,82.3,28.39,2.56,12.27,3
PureGlow Soaps International (Fictional Dummy Company),Global Manufacturing Head - PureGlow Soaps,Australia,Australia,Sydney,FCT025,Sydney Soap Plant,LN0073,Line-1,2026-07-02 11:00:00,2026-07-02,11,Morning,Lemon Bar Soap,1.18,60.0,18.7,Changeover/Setup,41.3,71,43,1,42,3.15,97.67,60.56,68.83,88.23,59.31,3.82,15.4,3
PureGlow Soaps International (Fictional Dummy Company),Global Manufacturing Head - PureGlow Soaps,Australia,Australia,Sydney,FCT025,Sydney Soap Plant,LN0074,Line-2,2026-07-02 11:00:00,2026-07-02,11,Morning,Aloe Vera Liquid Soap,1.51,60.0,32.0,Machine Breakdown,28.0,91,43,1,42,1.93,97.67,47.25,46.67,101.7,46.36,4.13,13.22,1
PureGlow Soaps International (Fictional Dummy Company),Global Manufacturing Head - PureGlow Soaps,Australia,Australia,Sydney,FCT025,Sydney Soap Plant,LN0075,Line-3,2026-07-02 11:00:00,2026-07-02,11,Morning,Coconut Bar Soap,1.35,60.0,1.7,No Downtime,58.3,81,76,1,75,1.75,98.68,93.83,97.17,96.56,92.59,7.31,35.51,1
PureGlow Soaps International (Fictional Dummy Company),Global Manufacturing Head - PureGlow Soaps,Australia,Australia,Sydney,FCT025,Sydney Soap Plant,LN0073,Line-1,2026-07-02 12:00:00,2026-07-02,12,Morning,Lemon Bar Soap,1.18,60.0,27.4,Material Shortage,32.6,71,34,1,33,3.21,97.06,47.89,54.33,88.39,46.61,2.97,12.25,3
PureGlow Soaps International (Fictional Dummy Company),Global Manufacturing Head - PureGlow Soaps,Australia,Australia,Sydney,FCT025,Sydney Soap Plant,LN0074,Line-2,2026-07-02 12:00:00,2026-07-02,12,Morning,Aloe Vera Liquid Soap,1.51,60.0,3.3,No Downtime,56.7,91,80,2,78,3.03,97.5,87.91,94.5,93.44,86.09,6.93,28.11,2
PureGlow Soaps International (Fictional Dummy Company),Global Manufacturing Head - PureGlow Soaps,Australia,Australia,Sydney,FCT025,Sydney Soap Plant,LN0075,Line-3,2026-07-02 12:00:00,2026-07-02,12,Morning,Coconut Bar Soap,1.35,60.0,3.6,No Downtime,56.4,81,74,4,70,5.41,94.59,91.36,94.0,97.19,86.42,7.57,33.24,3
PureGlow Soaps International (Fictional Dummy Company),Global Manufacturing Head - PureGlow Soaps,Australia,Australia,Sydney,FCT025,Sydney Soap Plant,LN0073,Line-1,2026-07-02 13:00:00,2026-07-02,13,Morning,Lemon Bar Soap,1.18,60.0,8.1,Power Outage,51.9,71,53,2,51,3.85,96.23,74.65,86.5,86.54,72.03,4.6,19.9,1
PureGlow Soaps International (Fictional Dummy Company),Global Manufacturing Head - PureGlow Soaps,Australia,Australia,Sydney,FCT025,Sydney Soap Plant,LN0074,Line-2,2026-07-02 13:00:00,2026-07-02,13,Morning,Aloe Vera Liquid Soap,1.51,60.0,38.6,Machine Breakdown,21.4,91,32,1,31,3.65,96.88,35.16,35.67,99.03,34.22,2.74,9.66,1
PureGlow Soaps International (Fictional Dummy Company),Global Manufacturing Head - PureGlow Soaps,Australia,Australia,Sydney,FCT025,Sydney Soap Plant,LN0075,Line-3,2026-07-02 13:00:00,2026-07-02,13,Morning,Coconut Bar Soap,1.35,60.0,18.7,Material Shortage,41.3,81,47,2,45,3.87,95.74,58.02,68.83,84.3,55.55,4.1,26.39,3
PureGlow Soaps International (Fictional Dummy Company),Global Manufacturing Head - PureGlow Soaps,Australia,Australia,Sydney,FCT025,Sydney Soap Plant,LN0073,Line-1,2026-07-02 14:00:00,2026-07-02,14,Afternoon,Lemon Bar Soap,1.18,60.0,22.3,Preventive Maintenance,37.7,71,45,2,43,5.14,95.56,63.38,62.83,101.16,60.74,4.01,16.05,2
PureGlow Soaps International (Fictional Dummy Company),Global Manufacturing Head - PureGlow Soaps,Australia,Australia,Sydney,FCT025,Sydney Soap Plant,LN0074,Line-2,2026-07-02 14:00:00,2026-07-02,14,Afternoon,Aloe Vera Liquid Soap,1.51,60.0,1.6,No Downtime,58.4,91,78,2,76,2.68,97.44,85.71,97.33,88.45,83.88,7.62,27.52,2
PureGlow Soaps International (Fictional Dummy Company),Global Manufacturing Head - PureGlow Soaps,Australia,Australia,Sydney,FCT025,Sydney Soap Plant,LN0075,Line-3,2026-07-02 14:00:00,2026-07-02,14,Afternoon,Coconut Bar Soap,1.35,60.0,1.5,No Downtime,58.5,81,76,1,75,0.76,98.68,93.83,97.5,96.23,92.59,8.1,36.78,1
PureGlow Soaps International (Fictional Dummy Company),Global Manufacturing Head - PureGlow Soaps,Australia,Australia,Sydney,FCT025,Sydney Soap Plant,LN0073,Line-1,2026-07-02 15:00:00,2026-07-02,15,Afternoon,Lemon Bar Soap,1.18,60.0,0.1,No Downtime,59.9,71,71,2,69,2.88,97.18,100.0,99.83,100.45,97.45,6.35,24.76,2
PureGlow Soaps International (Fictional Dummy Company),Global Manufacturing Head - PureGlow Soaps,Australia,Australia,Sydney,FCT025,Sydney Soap Plant,LN0074,Line-2,2026-07-02 15:00:00,2026-07-02,15,Afternoon,Aloe Vera Liquid Soap,1.51,60.0,13.8,Changeover/Setup,46.2,91,61,1,60,1.48,98.36,67.03,77.0,87.44,66.22,5.93,22.35,3
PureGlow Soaps International (Fictional Dummy Company),Global Manufacturing Head - PureGlow Soaps,Australia,Australia,Sydney,FCT025,Sydney Soap Plant,LN0075,Line-3,2026-07-02 15:00:00,2026-07-02,15,Afternoon,Coconut Bar Soap,1.35,60.0,11.3,Changeover/Setup,48.7,81,54,1,53,1.69,98.15,66.67,81.17,82.14,65.44,5.68,28.09,1
PureGlow Soaps International (Fictional Dummy Company),Global Manufacturing Head - PureGlow Soaps,Australia,Australia,Sydney,FCT025,Sydney Soap Plant,LN0073,Line-1,2026-07-02 16:00:00,2026-07-02,16,Afternoon,Lemon Bar Soap,1.18,60.0,0.2,No Downtime,59.8,71,64,2,62,2.39,96.88,90.14,99.67,90.7,87.58,5.96,24.69,3
PureGlow Soaps International (Fictional Dummy Company),Global Manufacturing Head - PureGlow Soaps,Australia,Australia,Sydney,FCT025,Sydney Soap Plant,LN0074,Line-2,2026-07-02 16:00:00,2026-07-02,16,Afternoon,Aloe Vera Liquid Soap,1.51,60.0,11.3,Changeover/Setup,48.7,91,66,3,63,3.8,95.45,72.53,81.17,89.75,69.54,6.24,26.01,2
PureGlow Soaps International (Fictional Dummy Company),Global Manufacturing Head - PureGlow Soaps,Australia,Australia,Sydney,FCT025,Sydney Soap Plant,LN0075,Line-3,2026-07-02 16:00:00,2026-07-02,16,Afternoon,Coconut Bar Soap,1.35,60.0,2.0,No Downtime,58.0,81,63,2,61,3.84,96.83,77.78,96.67,80.46,75.32,5.37,39.04,3
PureGlow Soaps International (Fictional Dummy Company),Global Manufacturing Head - PureGlow Soaps,Australia,Australia,Sydney,FCT025,Sydney Soap Plant,LN0073,Line-1,2026-07-02 17:00:00,2026-07-02,17,Afternoon,Lemon Bar Soap,1.18,60.0,28.5,Preventive Maintenance,31.5,71,37,2,35,4.5,94.59,52.11,52.5,99.54,49.43,3.89,13.06,3
PureGlow Soaps International (Fictional Dummy Company),Global Manufacturing Head - PureGlow Soaps,Australia,Australia,Sydney,FCT025,Sydney Soap Plant,LN0074,Line-2,2026-07-02 17:00:00,2026-07-02,17,Afternoon,Aloe Vera Liquid Soap,1.51,60.0,11.7,Changeover/Setup,48.3,91,74,2,72,2.32,97.3,81.32,80.5,101.46,79.47,7.48,22.44,1
PureGlow Soaps International (Fictional Dummy Company),Global Manufacturing Head - PureGlow Soaps,Australia,Australia,Sydney,FCT025,Sydney Soap Plant,LN0075,Line-3,2026-07-02 17:00:00,2026-07-02,17,Afternoon,Coconut Bar Soap,1.35,60.0,3.6,No Downtime,56.4,81,70,4,66,5.18,94.29,86.42,94.0,91.94,81.49,6.72,37.02,2
PureGlow Soaps International (Fictional Dummy Company),Global Manufacturing Head - PureGlow Soaps,Australia,Australia,Sydney,FCT025,Sydney Soap Plant,LN0073,Line-1,2026-07-02 18:00:00,2026-07-02,18,Afternoon,Lemon Bar Soap,1.18,60.0,24.3,Material Shortage,35.7,71,35,1,34,1.86,97.14,49.3,59.5,83.08,48.02,3.35,12.98,2
PureGlow Soaps International (Fictional Dummy Company),Global Manufacturing Head - PureGlow Soaps,Australia,Australia,Sydney,FCT025,Sydney Soap Plant,LN0074,Line-2,2026-07-02 18:00:00,2026-07-02,18,Afternoon,Aloe Vera Liquid Soap,1.51,60.0,18.4,Machine Breakdown,41.6,91,64,2,62,2.5,96.88,70.33,69.33,101.88,68.43,5.6,19.67,2
PureGlow Soaps International (Fictional Dummy Company),Global Manufacturing Head - PureGlow Soaps,Australia,Australia,Sydney,FCT025,Sydney Soap Plant,LN0075,Line-3,2026-07-02 18:00:00,2026-07-02,18,Afternoon,Coconut Bar Soap,1.35,60.0,3.4,No Downtime,56.6,81,67,2,65,2.33,97.01,82.72,94.33,87.68,80.24,5.8,34.98,2
PureGlow Soaps International (Fictional Dummy Company),Global Manufacturing Head - PureGlow Soaps,Australia,Australia,Sydney,FCT025,Sydney Soap Plant,LN0073,Line-1,2026-07-02 19:00:00,2026-07-02,19,Afternoon,Lemon Bar Soap,1.18,60.0,26.9,Preventive Maintenance,33.1,71,36,1,35,3.85,97.22,50.7,55.17,92.17,49.44,3.12,14.09,1
PureGlow Soaps International (Fictional Dummy Company),Global Manufacturing Head - PureGlow Soaps,Australia,Australia,Sydney,FCT025,Sydney Soap Plant,LN0074,Line-2,2026-07-02 19:00:00,2026-07-02,19,Afternoon,Aloe Vera Liquid Soap,1.51,60.0,3.1,No Downtime,56.9,91,77,3,74,4.03,96.1,84.62,94.83,89.62,81.67,7.51,30.96,2
PureGlow Soaps International (Fictional Dummy Company),Global Manufacturing Head - PureGlow Soaps,Australia,Australia,Sydney,FCT025,Sydney Soap Plant,LN0075,Line-3,2026-07-02 19:00:00,2026-07-02,19,Afternoon,Coconut Bar Soap,1.35,60.0,8.6,Changeover/Setup,51.4,81,61,1,60,1.15,98.36,75.31,85.67,87.91,74.08,5.45,31.59,2
PureGlow Soaps International (Fictional Dummy Company),Global Manufacturing Head - PureGlow Soaps,Australia,Australia,Sydney,FCT025,Sydney Soap Plant,LN0073,Line-1,2026-07-02 20:00:00,2026-07-02,20,Afternoon,Lemon Bar Soap,1.18,60.0,28.4,Machine Breakdown,31.6,71,35,1,34,1.47,97.14,49.3,52.67,93.86,48.02,3.54,11.22,2
PureGlow Soaps International (Fictional Dummy Company),Global Manufacturing Head - PureGlow Soaps,Australia,Australia,Sydney,FCT025,Sydney Soap Plant,LN0074,Line-2,2026-07-02 20:00:00,2026-07-02,20,Afternoon,Aloe Vera Liquid Soap,1.51,60.0,13.3,Power Outage,46.7,91,64,2,62,3.48,96.88,70.33,77.83,90.76,68.43,6.94,23.71,2
PureGlow Soaps International (Fictional Dummy Company),Global Manufacturing Head - PureGlow Soaps,Australia,Australia,Sydney,FCT025,Sydney Soap Plant,LN0075,Line-3,2026-07-02 20:00:00,2026-07-02,20,Afternoon,Coconut Bar Soap,1.35,60.0,1.9,No Downtime,58.1,81,72,3,69,3.97,95.83,88.89,96.83,91.8,85.18,7.92,34.91,3
PureGlow Soaps International (Fictional Dummy Company),Global Manufacturing Head - PureGlow Soaps,Australia,Australia,Sydney,FCT025,Sydney Soap Plant,LN0073,Line-1,2026-07-02 21:00:00,2026-07-02,21,Afternoon,Lemon Bar Soap,1.18,60.0,20.5,Machine Breakdown,39.5,71,48,1,47,2.62,97.92,67.61,65.83,102.98,66.38,4.79,14.53,2
PureGlow Soaps International (Fictional Dummy Company),Global Manufacturing Head - PureGlow Soaps,Australia,Australia,Sydney,FCT025,Sydney Soap Plant,LN0074,Line-2,2026-07-02 21:00:00,2026-07-02,21,Afternoon,Aloe Vera Liquid Soap,1.51,60.0,17.2,Preventive Maintenance,42.8,91,59,1,58,2.25,98.31,64.84,71.33,91.29,64.02,5.57,22.66,3
PureGlow Soaps International (Fictional Dummy Company),Global Manufacturing Head - PureGlow Soaps,Australia,Australia,Sydney,FCT025,Sydney Soap Plant,LN0075,Line-3,2026-07-02 21:00:00,2026-07-02,21,Afternoon,Coconut Bar Soap,1.35,60.0,17.1,Machine Breakdown,42.9,81,55,2,53,3.73,96.36,67.9,71.5,94.97,65.43,5.26,26.05,2
PureGlow Soaps International (Fictional Dummy Company),Global Manufacturing Head - PureGlow Soaps,Australia,Australia,Sydney,FCT025,Sydney Soap Plant,LN0073,Line-1,2026-07-02 22:00:00,2026-07-02,22,Night,Lemon Bar Soap,1.18,60.0,10.0,Changeover/Setup,50.0,71,60,1,59,1.54,98.33,84.51,83.33,101.69,83.32,5.68,20.52,2
PureGlow Soaps International (Fictional Dummy Company),Global Manufacturing Head - PureGlow Soaps,Australia,Australia,Sydney,FCT025,Sydney Soap Plant,LN0074,Line-2,2026-07-02 22:00:00,2026-07-02,22,Night,Aloe Vera Liquid Soap,1.51,60.0,14.6,Changeover/Setup,45.4,91,57,2,55,4.21,96.49,62.64,75.67,83.15,60.71,5.1,24.18,2
PureGlow Soaps International (Fictional Dummy Company),Global Manufacturing Head - PureGlow Soaps,Australia,Australia,Sydney,FCT025,Sydney Soap Plant,LN0075,Line-3,2026-07-02 22:00:00,2026-07-02,22,Night,Coconut Bar Soap,1.35,60.0,16.7,Changeover/Setup,43.3,81,58,0,58,0.0,100.0,71.6,72.17,99.22,71.61,5.74,25.24,2
PureGlow Soaps International (Fictional Dummy Company),Global Manufacturing Head - PureGlow Soaps,Australia,Australia,Sydney,FCT025,Sydney Soap Plant,LN0073,Line-1,2026-07-02 23:00:00,2026-07-02,23,Night,Lemon Bar Soap,1.18,60.0,3.2,No Downtime,56.8,71,63,0,63,0.7,100.0,88.73,94.67,94.0,88.99,6.87,21.29,1
PureGlow Soaps International (Fictional Dummy Company),Global Manufacturing Head - PureGlow Soaps,Australia,Australia,Sydney,FCT025,Sydney Soap Plant,LN0074,Line-2,2026-07-02 23:00:00,2026-07-02,23,Night,Aloe Vera Liquid Soap,1.51,60.0,3.0,No Downtime,57.0,91,76,1,75,1.19,98.68,83.52,95.0,88.3,82.78,7.48,26.3,2
PureGlow Soaps International (Fictional Dummy Company),Global Manufacturing Head - PureGlow Soaps,Australia,Australia,Sydney,FCT025,Sydney Soap Plant,LN0075,Line-3,2026-07-02 23:00:00,2026-07-02,23,Night,Coconut Bar Soap,1.35,60.0,36.4,Machine Breakdown,23.6,81,31,1,30,2.68,96.77,38.27,39.33,97.3,37.03,2.7,13.31,2
PureGlow Soaps International (Fictional Dummy Company),Global Manufacturing Head - PureGlow Soaps,Australia,Australia,Sydney,FCT025,Sydney Soap Plant,LN0073,Line-1,2026-07-03 00:00:00,2026-07-03,0,Night,Aloe Vera Liquid Soap,1.18,60.0,37.5,Machine Breakdown,22.5,71,22,0,22,2.2,100.0,30.99,37.5,82.86,31.07,2.2,8.76,3
PureGlow Soaps International (Fictional Dummy Company),Global Manufacturing Head - PureGlow Soaps,Australia,Australia,Sydney,FCT025,Sydney Soap Plant,LN0074,Line-2,2026-07-03 00:00:00,2026-07-03,0,Night,Aloe Vera Liquid Soap,1.51,60.0,11.1,Changeover/Setup,48.9,91,73,2,71,2.28,97.26,80.22,81.5,98.86,78.36,7.18,22.21,3
PureGlow Soaps International (Fictional Dummy Company),Global Manufacturing Head - PureGlow Soaps,Australia,Australia,Sydney,FCT025,Sydney Soap Plant,LN0075,Line-3,2026-07-03 00:00:00,2026-07-03,0,Night,Charcoal Bar Soap,1.35,60.0,0.6,No Downtime,59.4,81,67,2,65,2.3,97.01,82.72,99.0,83.55,80.24,6.6,35.01,2
PureGlow Soaps International (Fictional Dummy Company),Global Manufacturing Head - PureGlow Soaps,Australia,Australia,Sydney,FCT025,Sydney Soap Plant,LN0073,Line-1,2026-07-03 01:00:00,2026-07-03,1,Night,Aloe Vera Liquid Soap,1.18,60.0,0.3,No Downtime,59.7,71,68,2,66,2.27,97.06,95.77,99.5,96.53,93.22,5.82,22.93,3
PureGlow Soaps International (Fictional Dummy Company),Global Manufacturing Head - PureGlow Soaps,Australia,Australia,Sydney,FCT025,Sydney Soap Plant,LN0074,Line-2,2026-07-03 01:00:00,2026-07-03,1,Night,Aloe Vera Liquid Soap,1.51,60.0,18.7,Machine Breakdown,41.3,91,64,1,63,1.59,98.44,70.33,68.83,102.62,69.53,6.27,21.34,3
PureGlow Soaps International (Fictional Dummy Company),Global Manufacturing Head - PureGlow Soaps,Australia,Australia,Sydney,FCT025,Sydney Soap Plant,LN0075,Line-3,2026-07-03 01:00:00,2026-07-03,1,Night,Charcoal Bar Soap,1.35,60.0,36.4,Machine Breakdown,23.6,81,26,1,25,2.64,96.15,32.1,39.33,81.61,30.86,2.29,15.39,3
PureGlow Soaps International (Fictional Dummy Company),Global Manufacturing Head - PureGlow Soaps,Australia,Australia,Sydney,FCT025,Sydney Soap Plant,LN0073,Line-1,2026-07-03 02:00:00,2026-07-03,2,Night,Aloe Vera Liquid Soap,1.18,60.0,19.0,Preventive Maintenance,41.0,71,48,2,46,4.22,95.83,67.61,68.33,99.21,64.96,4.49,15.94,2
PureGlow Soaps International (Fictional Dummy Company),Global Manufacturing Head - PureGlow Soaps,Australia,Australia,Sydney,FCT025,Sydney Soap Plant,LN0074,Line-2,2026-07-03 02:00:00,2026-07-03,2,Night,Aloe Vera Liquid Soap,1.51,60.0,14.7,Machine Breakdown,45.3,91,69,2,67,3.17,97.1,75.82,75.5,100.87,73.95,6.24,21.79,3
PureGlow Soaps International (Fictional Dummy Company),Global Manufacturing Head - PureGlow Soaps,Australia,Australia,Sydney,FCT025,Sydney Soap Plant,LN0075,Line-3,2026-07-03 02:00:00,2026-07-03,2,Night,Charcoal Bar Soap,1.35,60.0,19.1,Preventive Maintenance,40.9,81,54,1,53,1.31,98.15,66.67,68.17,97.8,65.44,5.77,26.32,1
PureGlow Soaps International (Fictional Dummy Company),Global Manufacturing Head - PureGlow Soaps,Australia,Australia,Sydney,FCT025,Sydney Soap Plant,LN0073,Line-1,2026-07-03 03:00:00,2026-07-03,3,Night,Aloe Vera Liquid Soap,1.18,60.0,37.6,Preventive Maintenance,22.4,71,25,1,24,2.35,96.0,35.21,37.33,94.58,33.89,2.16,8.81,3
PureGlow Soaps International (Fictional Dummy Company),Global Manufacturing Head - PureGlow Soaps,Australia,Australia,Sydney,FCT025,Sydney Soap Plant,LN0074,Line-2,2026-07-03 03:00:00,2026-07-03,3,Night,Aloe Vera Liquid Soap,1.51,60.0,1.0,No Downtime,59.0,91,91,4,87,4.16,95.6,100.0,98.33,102.14,96.02,9.36,30.42,2
PureGlow Soaps International (Fictional Dummy Company),Global Manufacturing Head - PureGlow Soaps,Australia,Australia,Sydney,FCT025,Sydney Soap Plant,LN0075,Line-3,2026-07-03 03:00:00,2026-07-03,3,Night,Charcoal Bar Soap,1.35,60.0,17.3,Material Shortage,42.7,81,56,0,56,0.3,100.0,69.14,71.17,97.15,69.14,4.79,25.87,1
PureGlow Soaps International (Fictional Dummy Company),Global Manufacturing Head - PureGlow Soaps,Australia,Australia,Sydney,FCT025,Sydney Soap Plant,LN0073,Line-1,2026-07-03 04:00:00,2026-07-03,4,Night,Aloe Vera Liquid Soap,1.18,60.0,3.4,No Downtime,56.6,71,54,2,52,4.21,96.3,76.06,94.33,80.85,73.44,5.05,21.77,2
PureGlow Soaps International (Fictional Dummy Company),Global Manufacturing Head - PureGlow Soaps,Australia,Australia,Sydney,FCT025,Sydney Soap Plant,LN0074,Line-2,2026-07-03 04:00:00,2026-07-03,4,Night,Aloe Vera Liquid Soap,1.51,60.0,44.3,Machine Breakdown,15.7,91,21,1,20,4.42,95.24,23.08,26.17,88.58,22.08,1.79,7.29,1
PureGlow Soaps International (Fictional Dummy Company),Global Manufacturing Head - PureGlow Soaps,Australia,Australia,Sydney,FCT025,Sydney Soap Plant,LN0075,Line-3,2026-07-03 04:00:00,2026-07-03,4,Night,Charcoal Bar Soap,1.35,60.0,25.4,Machine Breakdown,34.6,81,44,1,43,2.17,97.73,54.32,57.67,94.2,53.09,4.59,22.29,3
PureGlow Soaps International (Fictional Dummy Company),Global Manufacturing Head - PureGlow Soaps,Australia,Australia,Sydney,FCT025,Sydney Soap Plant,LN0073,Line-1,2026-07-03 05:00:00,2026-07-03,5,Night,Aloe Vera Liquid Soap,1.18,60.0,36.4,Machine Breakdown,23.6,71,25,1,24,3.8,96.0,35.21,39.33,89.77,33.89,2.31,9.45,2
PureGlow Soaps International (Fictional Dummy Company),Global Manufacturing Head - PureGlow Soaps,Australia,Australia,Sydney,FCT025,Sydney Soap Plant,LN0074,Line-2,2026-07-03 05:00:00,2026-07-03,5,Night,Aloe Vera Liquid Soap,1.51,60.0,2.6,No Downtime,57.4,91,76,3,73,3.33,96.05,83.52,95.67,87.68,80.57,7.89,27.04,3
PureGlow Soaps International (Fictional Dummy Company),Global Manufacturing Head - PureGlow Soaps,Australia,Australia,Sydney,FCT025,Sydney Soap Plant,LN0075,Line-3,2026-07-03 05:00:00,2026-07-03,5,Night,Charcoal Bar Soap,1.35,60.0,0.6,No Downtime,59.4,81,75,2,73,3.28,97.33,92.59,99.0,93.53,90.12,8.01,35.77,1
PureGlow Soaps International (Fictional Dummy Company),Global Manufacturing Head - PureGlow Soaps,Australia,Australia,Sydney,FCT025,Sydney Soap Plant,LN0073,Line-1,2026-07-03 06:00:00,2026-07-03,6,Morning,Aloe Vera Liquid Soap,1.18,60.0,34.9,Material Shortage,25.1,71,27,1,26,3.31,96.3,38.03,41.83,91.16,36.72,2.43,10.29,1
PureGlow Soaps International (Fictional Dummy Company),Global Manufacturing Head - PureGlow Soaps,Australia,Australia,Sydney,FCT025,Sydney Soap Plant,LN0074,Line-2,2026-07-03 06:00:00,2026-07-03,6,Morning,Aloe Vera Liquid Soap,1.51,60.0,2.5,No Downtime,57.5,91,77,3,74,3.48,96.1,84.62,95.83,88.68,81.67,6.68,26.54,2
PureGlow Soaps International (Fictional Dummy Company),Global Manufacturing Head - PureGlow Soaps,Australia,Australia,Sydney,FCT025,Sydney Soap Plant,LN0075,Line-3,2026-07-03 06:00:00,2026-07-03,6,Morning,Charcoal Bar Soap,1.35,60.0,3.2,No Downtime,56.8,81,73,2,71,3.15,97.26,90.12,94.67,95.2,87.66,6.59,33.38,3
PureGlow Soaps International (Fictional Dummy Company),Global Manufacturing Head - PureGlow Soaps,Australia,Australia,Sydney,FCT025,Sydney Soap Plant,LN0073,Line-1,2026-07-03 07:00:00,2026-07-03,7,Morning,Aloe Vera Liquid Soap,1.18,60.0,14.1,Material Shortage,45.9,71,48,2,46,4.44,95.83,67.61,76.5,88.62,64.97,4.14,17.32,3
PureGlow Soaps International (Fictional Dummy Company),Global Manufacturing Head - PureGlow Soaps,Australia,Australia,Sydney,FCT025,Sydney Soap Plant,LN0074,Line-2,2026-07-03 07:00:00,2026-07-03,7,Morning,Aloe Vera Liquid Soap,1.51,60.0,19.4,Changeover/Setup,40.6,91,57,3,54,5.4,94.74,62.64,67.67,92.98,59.61,6.08,19.03,1
PureGlow Soaps International (Fictional Dummy Company),Global Manufacturing Head - PureGlow Soaps,Australia,Australia,Sydney,FCT025,Sydney Soap Plant,LN0075,Line-3,2026-07-03 07:00:00,2026-07-03,7,Morning,Charcoal Bar Soap,1.35,60.0,0.7,No Downtime,59.3,81,76,2,74,2.2,97.37,93.83,98.83,94.93,91.35,6.71,34.83,3
PureGlow Soaps International (Fictional Dummy Company),Global Manufacturing Head - PureGlow Soaps,Australia,Australia,Sydney,FCT025,Sydney Soap Plant,LN0073,Line-1,2026-07-03 08:00:00,2026-07-03,8,Morning,Aloe Vera Liquid Soap,1.18,60.0,24.2,Material Shortage,35.8,71,36,1,35,2.58,97.22,50.7,59.67,85.22,49.44,3.17,15.47,3
PureGlow Soaps International (Fictional Dummy Company),Global Manufacturing Head - PureGlow Soaps,Australia,Australia,Sydney,FCT025,Sydney Soap Plant,LN0074,Line-2,2026-07-03 08:00:00,2026-07-03,8,Morning,Aloe Vera Liquid Soap,1.51,60.0,0.5,No Downtime,59.5,91,74,4,70,5.1,94.59,81.32,99.17,82.36,77.26,8.09,31.1,3
PureGlow Soaps International (Fictional Dummy Company),Global Manufacturing Head - PureGlow Soaps,Australia,Australia,Sydney,FCT025,Sydney Soap Plant,LN0075,Line-3,2026-07-03 08:00:00,2026-07-03,8,Morning,Charcoal Bar Soap,1.35,60.0,11.6,Changeover/Setup,48.4,81,55,1,54,0.97,98.18,67.9,80.67,84.18,66.67,5.52,31.77,1
PureGlow Soaps International (Fictional Dummy Company),Global Manufacturing Head - PureGlow Soaps,Australia,Australia,Sydney,FCT025,Sydney Soap Plant,LN0073,Line-1,2026-07-03 09:00:00,2026-07-03,9,Morning,Aloe Vera Liquid Soap,1.18,60.0,2.2,No Downtime,57.8,71,60,1,59,1.16,98.33,84.51,96.33,87.97,83.33,6.55,21.96,3
PureGlow Soaps International (Fictional Dummy Company),Global Manufacturing Head - PureGlow Soaps,Australia,Australia,Sydney,FCT025,Sydney Soap Plant,LN0074,Line-2,2026-07-03 09:00:00,2026-07-03,9,Morning,Aloe Vera Liquid Soap,1.51,60.0,15.3,Preventive Maintenance,44.7,91,57,1,56,2.52,98.25,62.64,74.5,84.45,61.81,5.73,24.57,2
PureGlow Soaps International (Fictional Dummy Company),Global Manufacturing Head - PureGlow Soaps,Australia,Australia,Sydney,FCT025,Sydney Soap Plant,LN0075,Line-3,2026-07-03 09:00:00,2026-07-03,9,Morning,Charcoal Bar Soap,1.35,60.0,11.7,Material Shortage,48.3,81,65,2,63,2.69,96.92,80.25,80.5,99.69,77.78,6.52,30.24,1
PureGlow Soaps International (Fictional Dummy Company),Global Manufacturing Head - PureGlow Soaps,Australia,Australia,Sydney,FCT025,Sydney Soap Plant,LN0073,Line-1,2026-07-03 10:00:00,2026-07-03,10,Morning,Aloe Vera Liquid Soap,1.18,60.0,11.0,Changeover/Setup,49.0,71,59,2,57,2.92,96.61,83.1,81.67,102.04,80.51,5.88,19.17,3
PureGlow Soaps International (Fictional Dummy Company),Global Manufacturing Head - PureGlow Soaps,Australia,Australia,Sydney,FCT025,Sydney Soap Plant,LN0074,Line-2,2026-07-03 10:00:00,2026-07-03,10,Morning,Aloe Vera Liquid Soap,1.51,60.0,3.0,No Downtime,57.0,91,79,1,78,1.69,98.73,86.81,95.0,91.79,86.09,8.03,25.96,3
PureGlow Soaps International (Fictional Dummy Company),Global Manufacturing Head - PureGlow Soaps,Australia,Australia,Sydney,FCT025,Sydney Soap Plant,LN0075,Line-3,2026-07-03 10:00:00,2026-07-03,10,Morning,Charcoal Bar Soap,1.35,60.0,34.2,Preventive Maintenance,25.8,81,29,1,28,2.35,96.55,35.8,43.0,83.26,34.57,2.89,14.32,1
PureGlow Soaps International (Fictional Dummy Company),Global Manufacturing Head - PureGlow Soaps,Australia,Australia,Sydney,FCT025,Sydney Soap Plant,LN0073,Line-1,2026-07-03 11:00:00,2026-07-03,11,Morning,Aloe Vera Liquid Soap,1.18,60.0,11.8,Machine Breakdown,48.2,71,51,3,48,5.03,94.12,71.83,80.33,89.67,67.8,5.37,19.02,1
PureGlow Soaps International (Fictional Dummy Company),Global Manufacturing Head - PureGlow Soaps,Australia,Australia,Sydney,FCT025,Sydney Soap Plant,LN0074,Line-2,2026-07-03 11:00:00,2026-07-03,11,Morning,Aloe Vera Liquid Soap,1.51,60.0,1.6,No Downtime,58.4,91,87,2,85,2.61,97.7,95.6,97.33,98.66,93.82,9.56,31.15,1
PureGlow Soaps International (Fictional Dummy Company),Global Manufacturing Head - PureGlow Soaps,Australia,Australia,Sydney,FCT025,Sydney Soap Plant,LN0075,Line-3,2026-07-03 11:00:00,2026-07-03,11,Morning,Charcoal Bar Soap,1.35,60.0,15.4,Changeover/Setup,44.6,81,54,1,53,1.7,98.15,66.67,74.33,89.69,65.43,4.91,24.98,1
PureGlow Soaps International (Fictional Dummy Company),Global Manufacturing Head - PureGlow Soaps,Australia,Australia,Sydney,FCT025,Sydney Soap Plant,LN0073,Line-1,2026-07-03 12:00:00,2026-07-03,12,Morning,Aloe Vera Liquid Soap,1.18,60.0,31.7,Machine Breakdown,28.3,71,27,1,26,3.27,96.3,38.03,47.17,80.85,36.73,2.55,10.22,3
PureGlow Soaps International (Fictional Dummy Company),Global Manufacturing Head - PureGlow Soaps,Australia,Australia,Sydney,FCT025,Sydney Soap Plant,LN0074,Line-2,2026-07-03 12:00:00,2026-07-03,12,Morning,Aloe Vera Liquid Soap,1.51,60.0,26.1,Material Shortage,33.9,91,44,1,43,2.56,97.73,48.35,56.5,85.96,47.46,3.94,18.62,2
PureGlow Soaps International (Fictional Dummy Company),Global Manufacturing Head - PureGlow Soaps,Australia,Australia,Sydney,FCT025,Sydney Soap Plant,LN0075,Line-3,2026-07-03 12:00:00,2026-07-03,12,Morning,Charcoal Bar Soap,1.35,60.0,0.1,No Downtime,59.9,81,79,2,77,2.7,97.47,97.53,99.83,97.69,95.06,8.46,38.64,2
PureGlow Soaps International (Fictional Dummy Company),Global Manufacturing Head - PureGlow Soaps,Australia,Australia,Sydney,FCT025,Sydney Soap Plant,LN0073,Line-1,2026-07-03 13:00:00,2026-07-03,13,Morning,Aloe Vera Liquid Soap,1.18,60.0,11.6,Changeover/Setup,48.4,71,49,3,46,5.14,93.88,69.01,80.67,85.8,64.98,4.92,20.73,3
PureGlow Soaps International (Fictional Dummy Company),Global Manufacturing Head - PureGlow Soaps,Australia,Australia,Sydney,FCT025,Sydney Soap Plant,LN0074,Line-2,2026-07-03 13:00:00,2026-07-03,13,Morning,Aloe Vera Liquid Soap,1.51,60.0,11.4,Changeover/Setup,48.6,91,75,2,73,3.01,97.33,82.42,81.0,102.2,80.57,6.41,24.73,1
PureGlow Soaps International (Fictional Dummy Company),Global Manufacturing Head - PureGlow Soaps,Australia,Australia,Sydney,FCT025,Sydney Soap Plant,LN0075,Line-3,2026-07-03 13:00:00,2026-07-03,13,Morning,Charcoal Bar Soap,1.35,60.0,16.0,Changeover/Setup,44.0,81,59,3,56,4.48,94.92,72.84,73.33,99.33,69.14,5.33,26.5,1
PureGlow Soaps International (Fictional Dummy Company),Global Manufacturing Head - PureGlow Soaps,Australia,Australia,Sydney,FCT025,Sydney Soap Plant,LN0073,Line-1,2026-07-03 14:00:00,2026-07-03,14,Afternoon,Aloe Vera Liquid Soap,1.18,60.0,39.4,Machine Breakdown,20.6,71,23,1,22,2.6,95.65,32.39,34.33,94.62,31.07,2.45,8.68,2
PureGlow Soaps International (Fictional Dummy Company),Global Manufacturing Head - PureGlow Soaps,Australia,Australia,Sydney,FCT025,Sydney Soap Plant,LN0074,Line-2,2026-07-03 14:00:00,2026-07-03,14,Afternoon,Aloe Vera Liquid Soap,1.51,60.0,25.0,Material Shortage,35.0,91,44,1,43,2.68,97.73,48.35,58.33,83.25,47.46,4.8,18.0,1
PureGlow Soaps International (Fictional Dummy Company),Global Manufacturing Head - PureGlow Soaps,Australia,Australia,Sydney,FCT025,Sydney Soap Plant,LN0075,Line-3,2026-07-03 14:00:00,2026-07-03,14,Afternoon,Charcoal Bar Soap,1.35,60.0,24.4,Preventive Maintenance,35.6,81,45,2,43,4.44,95.56,55.56,59.33,93.63,53.08,4.65,20.67,2
PureGlow Soaps International (Fictional Dummy Company),Global Manufacturing Head - PureGlow Soaps,Australia,Australia,Sydney,FCT025,Sydney Soap Plant,LN0073,Line-1,2026-07-03 15:00:00,2026-07-03,15,Afternoon,Aloe Vera Liquid Soap,1.18,60.0,39.2,Preventive Maintenance,20.8,71,24,0,24,1.85,100.0,33.8,34.67,97.78,33.9,2.2,8.64,3
PureGlow Soaps International (Fictional Dummy Company),Global Manufacturing Head - PureGlow Soaps,Australia,Australia,Sydney,FCT025,Sydney Soap Plant,LN0074,Line-2,2026-07-03 15:00:00,2026-07-03,15,Afternoon,Aloe Vera Liquid Soap,1.51,60.0,2.1,No Downtime,57.9,91,82,3,79,3.55,96.34,90.11,96.5,93.79,87.19,8.84,26.42,2
PureGlow Soaps International (Fictional Dummy Company),Global Manufacturing Head - PureGlow Soaps,Australia,Australia,Sydney,FCT025,Sydney Soap Plant,LN0075,Line-3,2026-07-03 15:00:00,2026-07-03,15,Afternoon,Charcoal Bar Soap,1.35,60.0,3.9,No Downtime,56.1,81,75,2,73,3.07,97.33,92.59,93.5,99.03,90.12,7.94,35.43,2
PureGlow Soaps International (Fictional Dummy Company),Global Manufacturing Head - PureGlow Soaps,Australia,Australia,Sydney,FCT025,Sydney Soap Plant,LN0073,Line-1,2026-07-03 16:00:00,2026-07-03,16,Afternoon,Aloe Vera Liquid Soap,1.18,60.0,1.8,No Downtime,58.2,71,60,2,58,3.24,96.67,84.51,97.0,87.37,81.93,6.54,20.63,3
PureGlow Soaps International (Fictional Dummy Company),Global Manufacturing Head - PureGlow Soaps,Australia,Australia,Sydney,FCT025,Sydney Soap Plant,LN0074,Line-2,2026-07-03 16:00:00,2026-07-03,16,Afternoon,Aloe Vera Liquid Soap,1.51,60.0,11.7,Material Shortage,48.3,91,59,1,58,1.08,98.31,64.84,80.5,80.9,64.02,6.33,26.27,1
PureGlow Soaps International (Fictional Dummy Company),Global Manufacturing Head - PureGlow Soaps,Australia,Australia,Sydney,FCT025,Sydney Soap Plant,LN0075,Line-3,2026-07-03 16:00:00,2026-07-03,16,Afternoon,Charcoal Bar Soap,1.35,60.0,14.5,Changeover/Setup,45.5,81,61,2,59,2.93,96.72,75.31,75.83,99.31,72.84,5.3,29.39,2
PureGlow Soaps International (Fictional Dummy Company),Global Manufacturing Head - PureGlow Soaps,Australia,Australia,Sydney,FCT025,Sydney Soap Plant,LN0073,Line-1,2026-07-03 17:00:00,2026-07-03,17,Afternoon,Aloe Vera Liquid Soap,1.18,60.0,16.6,Changeover/Setup,43.4,71,44,1,43,3.27,97.73,61.97,72.33,85.92,60.74,4.41,18.21,1
PureGlow Soaps International (Fictional Dummy Company),Global Manufacturing Head - PureGlow Soaps,Australia,Australia,Sydney,FCT025,Sydney Soap Plant,LN0074,Line-2,2026-07-03 17:00:00,2026-07-03,17,Afternoon,Aloe Vera Liquid Soap,1.51,60.0,16.9,Changeover/Setup,43.1,91,60,1,59,2.1,98.33,65.93,71.83,92.19,65.11,5.26,21.76,3
PureGlow Soaps International (Fictional Dummy Company),Global Manufacturing Head - PureGlow Soaps,Australia,Australia,Sydney,FCT025,Sydney Soap Plant,LN0075,Line-3,2026-07-03 17:00:00,2026-07-03,17,Afternoon,Charcoal Bar Soap,1.35,60.0,34.2,Material Shortage,25.8,81,31,1,30,2.84,96.77,38.27,43.0,89.0,37.03,3.01,15.49,3
PureGlow Soaps International (Fictional Dummy Company),Global Manufacturing Head - PureGlow Soaps,Australia,Australia,Sydney,FCT025,Sydney Soap Plant,LN0073,Line-1,2026-07-03 18:00:00,2026-07-03,18,Afternoon,Aloe Vera Liquid Soap,1.18,60.0,2.6,No Downtime,57.4,71,61,3,58,4.93,95.08,85.92,95.67,90.06,81.92,6.69,24.36,3
PureGlow Soaps International (Fictional Dummy Company),Global Manufacturing Head - PureGlow Soaps,Australia,Australia,Sydney,FCT025,Sydney Soap Plant,LN0074,Line-2,2026-07-03 18:00:00,2026-07-03,18,Afternoon,Aloe Vera Liquid Soap,1.51,60.0,2.6,No Downtime,57.4,91,71,3,68,4.6,95.77,78.02,95.67,81.92,75.06,6.99,30.14,3
PureGlow Soaps International (Fictional Dummy Company),Global Manufacturing Head - PureGlow Soaps,Australia,Australia,Sydney,FCT025,Sydney Soap Plant,LN0075,Line-3,2026-07-03 18:00:00,2026-07-03,18,Afternoon,Charcoal Bar Soap,1.35,60.0,3.9,No Downtime,56.1,81,64,2,62,2.9,96.88,79.01,93.5,84.51,76.55,6.66,36.21,2
PureGlow Soaps International (Fictional Dummy Company),Global Manufacturing Head - PureGlow Soaps,Australia,Australia,Sydney,FCT025,Sydney Soap Plant,LN0073,Line-1,2026-07-03 19:00:00,2026-07-03,19,Afternoon,Aloe Vera Liquid Soap,1.18,60.0,5.6,Changeover/Setup,54.4,71,57,2,55,2.68,96.49,80.28,90.67,88.8,77.69,5.96,23.42,1
PureGlow Soaps International (Fictional Dummy Company),Global Manufacturing Head - PureGlow Soaps,Australia,Australia,Sydney,FCT025,Sydney Soap Plant,LN0074,Line-2,2026-07-03 19:00:00,2026-07-03,19,Afternoon,Aloe Vera Liquid Soap,1.51,60.0,2.9,No Downtime,57.1,91,72,2,70,3.24,97.22,79.12,95.17,83.51,77.27,6.29,27.19,1
PureGlow Soaps International (Fictional Dummy Company),Global Manufacturing Head - PureGlow Soaps,Australia,Australia,Sydney,FCT025,Sydney Soap Plant,LN0075,Line-3,2026-07-03 19:00:00,2026-07-03,19,Afternoon,Charcoal Bar Soap,1.35,60.0,1.4,No Downtime,58.6,81,77,4,73,4.85,94.81,95.06,97.67,97.33,90.13,6.77,39.32,2
PureGlow Soaps International (Fictional Dummy Company),Global Manufacturing Head - PureGlow Soaps,Australia,Australia,Sydney,FCT025,Sydney Soap Plant,LN0073,Line-1,2026-07-03 20:00:00,2026-07-03,20,Afternoon,Aloe Vera Liquid Soap,1.18,60.0,38.8,Machine Breakdown,21.2,71,22,1,21,3.39,95.45,30.99,35.33,87.94,29.66,2.02,8.38,3
PureGlow Soaps International (Fictional Dummy Company),Global Manufacturing Head - PureGlow Soaps,Australia,Australia,Sydney,FCT025,Sydney Soap Plant,LN0074,Line-2,2026-07-03 20:00:00,2026-07-03,20,Afternoon,Aloe Vera Liquid Soap,1.51,60.0,43.6,Machine Breakdown,16.4,91,21,1,20,4.07,95.24,23.08,27.33,84.8,22.07,1.9,8.28,3
PureGlow Soaps International (Fictional Dummy Company),Global Manufacturing Head - PureGlow Soaps,Australia,Australia,Sydney,FCT025,Sydney Soap Plant,LN0075,Line-3,2026-07-03 20:00:00,2026-07-03,20,Afternoon,Charcoal Bar Soap,1.35,60.0,14.2,Machine Breakdown,45.8,81,59,1,58,0.92,98.31,72.84,76.33,95.42,71.6,5.08,28.48,1
PureGlow Soaps International (Fictional Dummy Company),Global Manufacturing Head - PureGlow Soaps,Australia,Australia,Sydney,FCT025,Sydney Soap Plant,LN0073,Line-1,2026-07-03 21:00:00,2026-07-03,21,Afternoon,Aloe Vera Liquid Soap,1.18,60.0,19.1,Changeover/Setup,40.9,71,46,2,44,4.08,95.65,64.79,68.17,95.31,62.15,3.92,15.38,1
PureGlow Soaps International (Fictional Dummy Company),Global Manufacturing Head - PureGlow Soaps,Australia,Australia,Sydney,FCT025,Sydney Soap Plant,LN0074,Line-2,2026-07-03 21:00:00,2026-07-03,21,Afternoon,Aloe Vera Liquid Soap,1.51,60.0,6.1,Changeover/Setup,53.9,91,81,2,79,2.83,97.53,89.01,89.83,99.52,87.19,7.35,27.61,1
PureGlow Soaps International (Fictional Dummy Company),Global Manufacturing Head - PureGlow Soaps,Australia,Australia,Sydney,FCT025,Sydney Soap Plant,LN0075,Line-3,2026-07-03 21:00:00,2026-07-03,21,Afternoon,Charcoal Bar Soap,1.35,60.0,3.0,No Downtime,57.0,81,65,2,63,2.57,96.92,80.25,95.0,84.47,77.77,6.61,37.35,3
PureGlow Soaps International (Fictional Dummy Company),Global Manufacturing Head - PureGlow Soaps,Australia,Australia,Sydney,FCT025,Sydney Soap Plant,LN0073,Line-1,2026-07-03 22:00:00,2026-07-03,22,Night,Aloe Vera Liquid Soap,1.18,60.0,2.3,No Downtime,57.7,71,65,4,61,5.46,93.85,91.55,96.17,95.47,86.17,6.83,24.87,3
PureGlow Soaps International (Fictional Dummy Company),Global Manufacturing Head - PureGlow Soaps,Australia,Australia,Sydney,FCT025,Sydney Soap Plant,LN0074,Line-2,2026-07-03 22:00:00,2026-07-03,22,Night,Aloe Vera Liquid Soap,1.51,60.0,11.9,Changeover/Setup,48.1,91,69,2,67,3.59,97.1,75.82,80.17,95.0,73.95,6.82,26.42,3
PureGlow Soaps International (Fictional Dummy Company),Global Manufacturing Head - PureGlow Soaps,Australia,Australia,Sydney,FCT025,Sydney Soap Plant,LN0075,Line-3,2026-07-03 22:00:00,2026-07-03,22,Night,Charcoal Bar Soap,1.35,60.0,4.0,No Downtime,56.0,81,67,1,66,2.2,98.51,82.72,93.33,88.62,81.48,6.96,31.79,2
PureGlow Soaps International (Fictional Dummy Company),Global Manufacturing Head - PureGlow Soaps,Australia,Australia,Sydney,FCT025,Sydney Soap Plant,LN0073,Line-1,2026-07-03 23:00:00,2026-07-03,23,Night,Aloe Vera Liquid Soap,1.18,60.0,13.6,Material Shortage,46.4,71,51,2,49,3.57,96.08,71.83,77.33,93.15,69.21,5.15,19.58,1
PureGlow Soaps International (Fictional Dummy Company),Global Manufacturing Head - PureGlow Soaps,Australia,Australia,Sydney,FCT025,Sydney Soap Plant,LN0074,Line-2,2026-07-03 23:00:00,2026-07-03,23,Night,Aloe Vera Liquid Soap,1.51,60.0,11.7,Power Outage,48.3,91,72,2,70,2.36,97.22,79.12,80.5,98.72,77.26,7.35,24.6,2
PureGlow Soaps International (Fictional Dummy Company),Global Manufacturing Head - PureGlow Soaps,Australia,Australia,Sydney,FCT025,Sydney Soap Plant,LN0075,Line-3,2026-07-03 23:00:00,2026-07-03,23,Night,Charcoal Bar Soap,1.35,60.0,7.2,Changeover/Setup,52.8,81,60,1,59,1.55,98.33,74.07,88.0,84.18,72.84,6.35,33.99,3
PureGlow Soaps International (Fictional Dummy Company),Global Manufacturing Head - PureGlow Soaps,Australia,Australia,Sydney,FCT025,Sydney Soap Plant,LN0073,Line-1,2026-07-04 00:00:00,2026-07-04,0,Night,Charcoal Bar Soap,1.18,60.0,3.7,No Downtime,56.3,71,63,2,61,3.67,96.83,88.73,93.83,94.83,86.16,6.76,22.09,2
PureGlow Soaps International (Fictional Dummy Company),Global Manufacturing Head - PureGlow Soaps,Australia,Australia,Sydney,FCT025,Sydney Soap Plant,LN0074,Line-2,2026-07-04 00:00:00,2026-07-04,0,Night,Sandalwood Bar Soap,1.51,60.0,25.7,Machine Breakdown,34.3,91,43,1,42,2.34,97.67,47.25,57.17,83.02,46.36,4.4,16.89,1
PureGlow Soaps International (Fictional Dummy Company),Global Manufacturing Head - PureGlow Soaps,Australia,Australia,Sydney,FCT025,Sydney Soap Plant,LN0075,Line-3,2026-07-04 00:00:00,2026-07-04,0,Night,Charcoal Bar Soap,1.35,60.0,36.3,Preventive Maintenance,23.7,81,31,0,31,1.1,100.0,38.27,39.5,96.89,38.27,2.83,14.33,1
PureGlow Soaps International (Fictional Dummy Company),Global Manufacturing Head - PureGlow Soaps,Australia,Australia,Sydney,FCT025,Sydney Soap Plant,LN0073,Line-1,2026-07-04 01:00:00,2026-07-04,1,Night,Charcoal Bar Soap,1.18,60.0,11.0,Changeover/Setup,49.0,71,59,2,57,2.58,96.61,83.1,81.67,102.04,80.51,5.52,17.99,3
PureGlow Soaps International (Fictional Dummy Company),Global Manufacturing Head - PureGlow Soaps,Australia,Australia,Sydney,FCT025,Sydney Soap Plant,LN0074,Line-2,2026-07-04 01:00:00,2026-07-04,1,Night,Sandalwood Bar Soap,1.51,60.0,9.9,Changeover/Setup,50.1,91,66,3,63,3.82,95.45,72.53,83.5,87.24,69.53,6.98,25.23,2
PureGlow Soaps International (Fictional Dummy Company),Global Manufacturing Head - PureGlow Soaps,Australia,Australia,Sydney,FCT025,Sydney Soap Plant,LN0075,Line-3,2026-07-04 01:00:00,2026-07-04,1,Night,Charcoal Bar Soap,1.35,60.0,25.6,Power Outage,34.4,81,44,1,43,2.82,97.73,54.32,57.33,94.75,53.09,4.82,19.48,3
PureGlow Soaps International (Fictional Dummy Company),Global Manufacturing Head - PureGlow Soaps,Australia,Australia,Sydney,FCT025,Sydney Soap Plant,LN0073,Line-1,2026-07-04 02:00:00,2026-07-04,2,Night,Charcoal Bar Soap,1.18,60.0,27.3,Preventive Maintenance,32.7,71,35,1,34,1.72,97.14,49.3,54.5,90.71,48.02,3.85,12.36,3
PureGlow Soaps International (Fictional Dummy Company),Global Manufacturing Head - PureGlow Soaps,Australia,Australia,Sydney,FCT025,Sydney Soap Plant,LN0074,Line-2,2026-07-04 02:00:00,2026-07-04,2,Night,Sandalwood Bar Soap,1.51,60.0,14.3,Material Shortage,45.7,91,58,2,56,2.6,96.55,63.74,76.17,84.05,61.81,6.02,22.58,3
PureGlow Soaps International (Fictional Dummy Company),Global Manufacturing Head - PureGlow Soaps,Australia,Australia,Sydney,FCT025,Sydney Soap Plant,LN0075,Line-3,2026-07-04 02:00:00,2026-07-04,2,Night,Charcoal Bar Soap,1.35,60.0,1.2,No Downtime,58.8,81,70,3,67,3.73,95.71,86.42,98.0,88.18,82.71,6.29,33.49,1
PureGlow Soaps International (Fictional Dummy Company),Global Manufacturing Head - PureGlow Soaps,Australia,Australia,Sydney,FCT025,Sydney Soap Plant,LN0073,Line-1,2026-07-04 03:00:00,2026-07-04,3,Night,Charcoal Bar Soap,1.18,60.0,13.8,Changeover/Setup,46.2,71,48,1,47,1.89,97.92,67.61,77.0,88.05,66.39,4.13,18.66,1
PureGlow Soaps International (Fictional Dummy Company),Global Manufacturing Head - PureGlow Soaps,Australia,Australia,Sydney,FCT025,Sydney Soap Plant,LN0074,Line-2,2026-07-04 03:00:00,2026-07-04,3,Night,Sandalwood Bar Soap,1.51,60.0,11.5,Power Outage,48.5,91,63,2,61,3.7,96.83,69.23,80.83,86.02,67.33,6.88,26.19,2
PureGlow Soaps International (Fictional Dummy Company),Global Manufacturing Head - PureGlow Soaps,Australia,Australia,Sydney,FCT025,Sydney Soap Plant,LN0075,Line-3,2026-07-04 03:00:00,2026-07-04,3,Night,Charcoal Bar Soap,1.35,60.0,2.3,No Downtime,57.7,81,80,2,78,3.1,97.5,98.77,96.17,102.7,96.3,8.72,35.65,1
PureGlow Soaps International (Fictional Dummy Company),Global Manufacturing Head - PureGlow Soaps,Australia,Australia,Sydney,FCT025,Sydney Soap Plant,LN0073,Line-1,2026-07-04 04:00:00,2026-07-04,4,Night,Charcoal Bar Soap,1.18,60.0,20.3,Preventive Maintenance,39.7,71,46,0,46,0.9,100.0,64.79,66.17,98.19,64.97,4.59,16.29,1
PureGlow Soaps International (Fictional Dummy Company),Global Manufacturing Head - PureGlow Soaps,Australia,Australia,Sydney,FCT025,Sydney Soap Plant,LN0074,Line-2,2026-07-04 04:00:00,2026-07-04,4,Night,Sandalwood Bar Soap,1.51,60.0,44.8,Machine Breakdown,15.2,91,22,1,21,4.47,95.45,24.18,25.33,95.85,23.17,2.28,7.48,3
PureGlow Soaps International (Fictional Dummy Company),Global Manufacturing Head - PureGlow Soaps,Australia,Australia,Sydney,FCT025,Sydney Soap Plant,LN0075,Line-3,2026-07-04 04:00:00,2026-07-04,4,Night,Charcoal Bar Soap,1.35,60.0,29.2,Material Shortage,30.8,81,34,0,34,0.32,100.0,41.98,51.33,81.77,41.97,3.33,18.27,1
PureGlow Soaps International (Fictional Dummy Company),Global Manufacturing Head - PureGlow Soaps,Australia,Australia,Sydney,FCT025,Sydney Soap Plant,LN0073,Line-1,2026-07-04 05:00:00,2026-07-04,5,Night,Charcoal Bar Soap,1.18,60.0,2.2,No Downtime,57.8,71,70,2,68,3.25,97.14,98.59,96.33,102.63,96.04,7.1,23.8,3
PureGlow Soaps International (Fictional Dummy Company),Global Manufacturing Head - PureGlow Soaps,Australia,Australia,Sydney,FCT025,Sydney Soap Plant,LN0074,Line-2,2026-07-04 05:00:00,2026-07-04,5,Night,Sandalwood Bar Soap,1.51,60.0,2.0,No Downtime,58.0,91,89,3,86,3.83,96.63,97.8,96.67,101.62,94.93,9.11,29.38,1
PureGlow Soaps International (Fictional Dummy Company),Global Manufacturing Head - PureGlow Soaps,Australia,Australia,Sydney,FCT025,Sydney Soap Plant,LN0075,Line-3,2026-07-04 05:00:00,2026-07-04,5,Night,Charcoal Bar Soap,1.35,60.0,30.0,Preventive Maintenance,30.0,81,34,1,33,3.76,97.06,41.98,50.0,83.95,40.74,3.47,17.23,3
PureGlow Soaps International (Fictional Dummy Company),Global Manufacturing Head - PureGlow Soaps,Australia,Australia,Sydney,FCT025,Sydney Soap Plant,LN0073,Line-1,2026-07-04 06:00:00,2026-07-04,6,Morning,Charcoal Bar Soap,1.18,60.0,13.1,Quality Hold,46.9,71,53,5,48,9.09,90.57,74.65,78.17,95.77,67.8,5.17,18.51,3
PureGlow Soaps International (Fictional Dummy Company),Global Manufacturing Head - PureGlow Soaps,Australia,Australia,Sydney,FCT025,Sydney Soap Plant,LN0074,Line-2,2026-07-04 06:00:00,2026-07-04,6,Morning,Sandalwood Bar Soap,1.51,60.0,16.9,Changeover/Setup,43.1,91,54,1,53,1.48,98.15,59.34,71.83,82.97,58.49,5.54,22.28,3
PureGlow Soaps International (Fictional Dummy Company),Global Manufacturing Head - PureGlow Soaps,Australia,Australia,Sydney,FCT025,Sydney Soap Plant,LN0075,Line-3,2026-07-04 06:00:00,2026-07-04,6,Morning,Charcoal Bar Soap,1.35,60.0,8.2,Changeover/Setup,51.8,81,66,2,64,3.46,96.97,81.48,86.33,94.38,79.01,6.88,34.64,1
PureGlow Soaps International (Fictional Dummy Company),Global Manufacturing Head - PureGlow Soaps,Australia,Australia,Sydney,FCT025,Sydney Soap Plant,LN0073,Line-1,2026-07-04 07:00:00,2026-07-04,7,Morning,Charcoal Bar Soap,1.18,60.0,25.5,Preventive Maintenance,34.5,71,41,2,39,4.82,95.12,57.75,57.5,100.71,55.08,3.59,13.39,2
PureGlow Soaps International (Fictional Dummy Company),Global Manufacturing Head - PureGlow Soaps,Australia,Australia,Sydney,FCT025,Sydney Soap Plant,LN0074,Line-2,2026-07-04 07:00:00,2026-07-04,7,Morning,Sandalwood Bar Soap,1.51,60.0,5.8,Changeover/Setup,54.2,91,76,2,74,2.7,97.37,83.52,90.33,92.86,81.67,7.83,26.11,1
PureGlow Soaps International (Fictional Dummy Company),Global Manufacturing Head - PureGlow Soaps,Australia,Australia,Sydney,FCT025,Sydney Soap Plant,LN0075,Line-3,2026-07-04 07:00:00,2026-07-04,7,Morning,Charcoal Bar Soap,1.35,60.0,3.9,No Downtime,56.1,81,74,2,72,2.7,97.3,91.36,93.5,97.71,88.89,7.71,33.17,3
PureGlow Soaps International (Fictional Dummy Company),Global Manufacturing Head - PureGlow Soaps,Australia,Australia,Sydney,FCT025,Sydney Soap Plant,LN0073,Line-1,2026-07-04 08:00:00,2026-07-04,8,Morning,Charcoal Bar Soap,1.18,60.0,31.4,Material Shortage,28.6,71,33,1,32,2.1,96.97,46.48,47.67,97.78,45.2,3.07,12.24,1
PureGlow Soaps International (Fictional Dummy Company),Global Manufacturing Head - PureGlow Soaps,Australia,Australia,Sydney,FCT025,Sydney Soap Plant,LN0074,Line-2,2026-07-04 08:00:00,2026-07-04,8,Morning,Sandalwood Bar Soap,1.51,60.0,6.2,Changeover/Setup,53.8,91,69,1,68,1.23,98.55,75.82,89.67,84.94,75.06,6.84,29.24,2
PureGlow Soaps International (Fictional Dummy Company),Global Manufacturing Head - PureGlow Soaps,Australia,Australia,Sydney,FCT025,Sydney Soap Plant,LN0075,Line-3,2026-07-04 08:00:00,2026-07-04,8,Morning,Charcoal Bar Soap,1.35,60.0,13.6,Material Shortage,46.4,81,60,0,60,0.0,100.0,74.07,77.33,95.79,74.07,6.06,27.73,2
PureGlow Soaps International (Fictional Dummy Company),Global Manufacturing Head - PureGlow Soaps,Australia,Australia,Sydney,FCT025,Sydney Soap Plant,LN0073,Line-1,2026-07-04 09:00:00,2026-07-04,9,Morning,Charcoal Bar Soap,1.18,60.0,9.2,Staff Shortage,50.8,71,61,2,59,3.87,96.72,85.92,84.67,101.76,83.33,5.61,19.88,2
PureGlow Soaps International (Fictional Dummy Company),Global Manufacturing Head - PureGlow Soaps,Australia,Australia,Sydney,FCT025,Sydney Soap Plant,LN0074,Line-2,2026-07-04 09:00:00,2026-07-04,9,Morning,Sandalwood Bar Soap,1.51,60.0,16.2,Quality Hold,43.8,91,55,4,51,7.97,92.73,60.44,73.0,83.16,56.29,5.22,23.93,1
PureGlow Soaps International (Fictional Dummy Company),Global Manufacturing Head - PureGlow Soaps,Australia,Australia,Sydney,FCT025,Sydney Soap Plant,LN0075,Line-3,2026-07-04 09:00:00,2026-07-04,9,Morning,Charcoal Bar Soap,1.35,60.0,8.4,Quality Hold,51.6,81,68,5,63,7.19,92.65,83.95,86.0,97.62,77.78,7.01,34.16,3
PureGlow Soaps International (Fictional Dummy Company),Global Manufacturing Head - PureGlow Soaps,Australia,Australia,Sydney,FCT025,Sydney Soap Plant,LN0073,Line-1,2026-07-04 10:00:00,2026-07-04,10,Morning,Charcoal Bar Soap,1.18,60.0,6.6,Changeover/Setup,53.4,71,53,1,52,1.71,98.11,74.65,89.0,84.11,73.44,5.52,21.73,3
PureGlow Soaps International (Fictional Dummy Company),Global Manufacturing Head - PureGlow Soaps,Australia,Australia,Sydney,FCT025,Sydney Soap Plant,LN0074,Line-2,2026-07-04 10:00:00,2026-07-04,10,Morning,Sandalwood Bar Soap,1.51,60.0,1.6,No Downtime,58.4,91,80,2,78,2.06,97.5,87.91,97.33,90.72,86.09,7.61,28.31,3
PureGlow Soaps International (Fictional Dummy Company),Global Manufacturing Head - PureGlow Soaps,Australia,Australia,Sydney,FCT025,Sydney Soap Plant,LN0075,Line-3,2026-07-04 10:00:00,2026-07-04,10,Morning,Charcoal Bar Soap,1.35,60.0,15.2,Preventive Maintenance,44.8,81,56,1,55,2.17,98.21,69.14,74.67,92.59,67.9,5.93,27.38,3
PureGlow Soaps International (Fictional Dummy Company),Global Manufacturing Head - PureGlow Soaps,Australia,Australia,Sydney,FCT025,Sydney Soap Plant,LN0073,Line-1,2026-07-04 11:00:00,2026-07-04,11,Morning,Charcoal Bar Soap,1.18,60.0,0.8,No Downtime,59.2,71,60,0,60,0.66,100.0,84.51,98.67,85.89,84.75,5.36,23.1,2
PureGlow Soaps International (Fictional Dummy Company),Global Manufacturing Head - PureGlow Soaps,Australia,Australia,Sydney,FCT025,Sydney Soap Plant,LN0074,Line-2,2026-07-04 11:00:00,2026-07-04,11,Morning,Sandalwood Bar Soap,1.51,60.0,1.7,No Downtime,58.3,91,87,4,83,4.86,95.4,95.6,97.17,98.83,91.62,8.08,27.97,1
PureGlow Soaps International (Fictional Dummy Company),Global Manufacturing Head - PureGlow Soaps,Australia,Australia,Sydney,FCT025,Sydney Soap Plant,LN0075,Line-3,2026-07-04 11:00:00,2026-07-04,11,Morning,Charcoal Bar Soap,1.35,60.0,31.0,Preventive Maintenance,29.0,81,38,1,37,3.84,97.37,46.91,48.33,97.06,45.68,3.97,19.14,2
PureGlow Soaps International (Fictional Dummy Company),Global Manufacturing Head - PureGlow Soaps,Australia,Australia,Sydney,FCT025,Sydney Soap Plant,LN0073,Line-1,2026-07-04 12:00:00,2026-07-04,12,Morning,Charcoal Bar Soap,1.18,60.0,24.8,Machine Breakdown,35.2,71,37,0,37,0.48,100.0,52.11,58.67,89.08,52.26,3.54,14.88,1
PureGlow Soaps International (Fictional Dummy Company),Global Manufacturing Head - PureGlow Soaps,Australia,Australia,Sydney,FCT025,Sydney Soap Plant,LN0074,Line-2,2026-07-04 12:00:00,2026-07-04,12,Morning,Sandalwood Bar Soap,1.51,60.0,3.8,No Downtime,56.2,91,77,4,73,4.99,94.81,84.62,93.67,90.74,80.58,6.78,29.24,2
PureGlow Soaps International (Fictional Dummy Company),Global Manufacturing Head - PureGlow Soaps,Australia,Australia,Sydney,FCT025,Sydney Soap Plant,LN0075,Line-3,2026-07-04 12:00:00,2026-07-04,12,Morning,Charcoal Bar Soap,1.35,60.0,3.9,No Downtime,56.1,81,65,2,63,2.78,96.92,80.25,93.5,85.83,77.78,6.75,37.15,2
PureGlow Soaps International (Fictional Dummy Company),Global Manufacturing Head - PureGlow Soaps,Australia,Australia,Sydney,FCT025,Sydney Soap Plant,LN0073,Line-1,2026-07-04 13:00:00,2026-07-04,13,Morning,Charcoal Bar Soap,1.18,60.0,1.2,No Downtime,58.8,71,60,2,58,3.7,96.67,84.51,98.0,86.48,81.93,6.48,21.48,3
PureGlow Soaps International (Fictional Dummy Company),Global Manufacturing Head - PureGlow Soaps,Australia,Australia,Sydney,FCT025,Sydney Soap Plant,LN0074,Line-2,2026-07-04 13:00:00,2026-07-04,13,Morning,Sandalwood Bar Soap,1.51,60.0,2.2,No Downtime,57.8,91,86,1,85,1.45,98.84,94.51,96.33,98.54,93.82,7.6,28.81,1
PureGlow Soaps International (Fictional Dummy Company),Global Manufacturing Head - PureGlow Soaps,Australia,Australia,Sydney,FCT025,Sydney Soap Plant,LN0075,Line-3,2026-07-04 13:00:00,2026-07-04,13,Morning,Charcoal Bar Soap,1.35,60.0,11.5,Changeover/Setup,48.5,81,58,1,57,1.91,98.28,71.6,80.83,88.58,70.37,6.02,27.61,2
PureGlow Soaps International (Fictional Dummy Company),Global Manufacturing Head - PureGlow Soaps,Australia,Australia,Sydney,FCT025,Sydney Soap Plant,LN0073,Line-1,2026-07-04 14:00:00,2026-07-04,14,Afternoon,Charcoal Bar Soap,1.18,60.0,12.6,Power Outage,47.4,71,50,1,49,2.72,98.0,70.42,79.0,89.39,69.21,4.81,16.97,3
PureGlow Soaps International (Fictional Dummy Company),Global Manufacturing Head - PureGlow Soaps,Australia,Australia,Sydney,FCT025,Sydney Soap Plant,LN0074,Line-2,2026-07-04 14:00:00,2026-07-04,14,Afternoon,Sandalwood Bar Soap,1.51,60.0,19.6,Machine Breakdown,40.4,91,60,2,58,3.66,96.67,65.93,67.33,98.35,64.01,6.28,22.02,2
PureGlow Soaps International (Fictional Dummy Company),Global Manufacturing Head - PureGlow Soaps,Australia,Australia,Sydney,FCT025,Sydney Soap Plant,LN0075,Line-3,2026-07-04 14:00:00,2026-07-04,14,Afternoon,Charcoal Bar Soap,1.35,60.0,13.9,Machine Breakdown,46.1,81,50,2,48,4.27,96.0,61.73,76.83,80.34,59.26,4.26,28.19,1
PureGlow Soaps International (Fictional Dummy Company),Global Manufacturing Head - PureGlow Soaps,Australia,Australia,Sydney,FCT025,Sydney Soap Plant,LN0073,Line-1,2026-07-04 15:00:00,2026-07-04,15,Afternoon,Charcoal Bar Soap,1.18,60.0,0.0,No Downtime,60.0,71,64,2,62,2.57,96.88,90.14,100.0,90.4,87.58,6.14,25.42,2
PureGlow Soaps International (Fictional Dummy Company),Global Manufacturing Head - PureGlow Soaps,Australia,Australia,Sydney,FCT025,Sydney Soap Plant,LN0074,Line-2,2026-07-04 15:00:00,2026-07-04,15,Afternoon,Sandalwood Bar Soap,1.51,60.0,10.3,Changeover/Setup,49.7,91,66,3,63,3.9,95.45,72.53,82.83,87.94,69.53,5.67,24.96,2
PureGlow Soaps International (Fictional Dummy Company),Global Manufacturing Head - PureGlow Soaps,Australia,Australia,Sydney,FCT025,Sydney Soap Plant,LN0075,Line-3,2026-07-04 15:00:00,2026-07-04,15,Afternoon,Charcoal Bar Soap,1.35,60.0,3.6,No Downtime,56.4,81,61,1,60,2.39,98.36,75.31,94.0,80.12,74.08,5.91,31.19,3
PureGlow Soaps International (Fictional Dummy Company),Global Manufacturing Head - PureGlow Soaps,Australia,Australia,Sydney,FCT025,Sydney Soap Plant,LN0073,Line-1,2026-07-04 16:00:00,2026-07-04,16,Afternoon,Charcoal Bar Soap,1.18,60.0,14.6,Power Outage,45.4,71,53,2,51,3.5,96.23,74.65,75.67,98.93,72.04,5.24,17.09,1
PureGlow Soaps International (Fictional Dummy Company),Global Manufacturing Head - PureGlow Soaps,Australia,Australia,Sydney,FCT025,Sydney Soap Plant,LN0074,Line-2,2026-07-04 16:00:00,2026-07-04,16,Afternoon,Sandalwood Bar Soap,1.51,60.0,14.2,Machine Breakdown,45.8,91,64,3,61,4.3,95.31,70.33,76.33,92.54,67.32,6.57,21.55,2
PureGlow Soaps International (Fictional Dummy Company),Global Manufacturing Head - PureGlow Soaps,Australia,Australia,Sydney,FCT025,Sydney Soap Plant,LN0075,Line-3,2026-07-04 16:00:00,2026-07-04,16,Afternoon,Charcoal Bar Soap,1.35,60.0,16.1,Changeover/Setup,43.9,81,53,2,51,3.19,96.23,65.43,73.17,89.43,62.97,5.69,27.45,2
PureGlow Soaps International (Fictional Dummy Company),Global Manufacturing Head - PureGlow Soaps,Australia,Australia,Sydney,FCT025,Sydney Soap Plant,LN0073,Line-1,2026-07-04 17:00:00,2026-07-04,17,Afternoon,Charcoal Bar Soap,1.18,60.0,0.5,No Downtime,59.5,71,56,1,55,1.93,98.21,78.87,99.17,79.76,77.68,5.07,23.13,3
PureGlow Soaps International (Fictional Dummy Company),Global Manufacturing Head - PureGlow Soaps,Australia,Australia,Sydney,FCT025,Sydney Soap Plant,LN0074,Line-2,2026-07-04 17:00:00,2026-07-04,17,Afternoon,Sandalwood Bar Soap,1.51,60.0,1.4,No Downtime,58.6,91,73,2,71,3.24,97.26,80.22,97.67,82.5,78.37,6.95,31.16,3
PureGlow Soaps International (Fictional Dummy Company),Global Manufacturing Head - PureGlow Soaps,Australia,Australia,Sydney,FCT025,Sydney Soap Plant,LN0075,Line-3,2026-07-04 17:00:00,2026-07-04,17,Afternoon,Charcoal Bar Soap,1.35,60.0,2.9,No Downtime,57.1,81,77,3,74,3.73,96.1,95.06,95.17,99.89,91.36,8.09,35.15,1
PureGlow Soaps International (Fictional Dummy Company),Global Manufacturing Head - PureGlow Soaps,Australia,Australia,Sydney,FCT025,Sydney Soap Plant,LN0073,Line-1,2026-07-04 18:00:00,2026-07-04,18,Afternoon,Charcoal Bar Soap,1.18,60.0,19.8,Quality Hold,40.2,71,46,3,43,6.74,93.48,64.79,67.0,96.97,60.73,5.04,16.77,1
PureGlow Soaps International (Fictional Dummy Company),Global Manufacturing Head - PureGlow Soaps,Australia,Australia,Sydney,FCT025,Sydney Soap Plant,LN0074,Line-2,2026-07-04 18:00:00,2026-07-04,18,Afternoon,Sandalwood Bar Soap,1.51,60.0,0.9,No Downtime,59.1,91,83,1,82,1.13,98.8,91.21,98.5,93.01,90.52,9.1,27.42,2
PureGlow Soaps International (Fictional Dummy Company),Global Manufacturing Head - PureGlow Soaps,Australia,Australia,Sydney,FCT025,Sydney Soap Plant,LN0075,Line-3,2026-07-04 18:00:00,2026-07-04,18,Afternoon,Charcoal Bar Soap,1.35,60.0,2.0,No Downtime,58.0,81,80,1,79,0.94,98.75,98.77,96.67,102.17,97.53,7.35,34.47,2
PureGlow Soaps International (Fictional Dummy Company),Global Manufacturing Head - PureGlow Soaps,Australia,Australia,Sydney,FCT025,Sydney Soap Plant,LN0073,Line-1,2026-07-04 19:00:00,2026-07-04,19,Afternoon,Charcoal Bar Soap,1.18,60.0,43.2,Machine Breakdown,16.8,71,17,1,16,4.47,94.12,23.94,28.0,85.75,22.6,1.61,7.13,2
PureGlow Soaps International (Fictional Dummy Company),Global Manufacturing Head - PureGlow Soaps,Australia,Australia,Sydney,FCT025,Sydney Soap Plant,LN0074,Line-2,2026-07-04 19:00:00,2026-07-04,19,Afternoon,Sandalwood Bar Soap,1.51,60.0,11.7,Changeover/Setup,48.3,91,68,3,65,3.8,95.59,74.73,80.5,93.24,71.75,7.34,24.22,2
PureGlow Soaps International (Fictional Dummy Company),Global Manufacturing Head - PureGlow Soaps,Australia,Australia,Sydney,FCT025,Sydney Soap Plant,LN0075,Line-3,2026-07-04 19:00:00,2026-07-04,19,Afternoon,Charcoal Bar Soap,1.35,60.0,2.0,No Downtime,58.0,81,78,2,76,2.22,97.44,96.3,96.67,99.62,93.84,7.55,34.31,1
PureGlow Soaps International (Fictional Dummy Company),Global Manufacturing Head - PureGlow Soaps,Australia,Australia,Sydney,FCT025,Sydney Soap Plant,LN0073,Line-1,2026-07-04 20:00:00,2026-07-04,20,Afternoon,Charcoal Bar Soap,1.18,60.0,28.3,Machine Breakdown,31.7,71,33,1,32,4.17,96.97,46.48,52.83,88.22,45.19,3.36,12.17,3
PureGlow Soaps International (Fictional Dummy Company),Global Manufacturing Head - PureGlow Soaps,Australia,Australia,Sydney,FCT025,Sydney Soap Plant,LN0074,Line-2,2026-07-04 20:00:00,2026-07-04,20,Afternoon,Sandalwood Bar Soap,1.51,60.0,14.1,Changeover/Setup,45.9,91,65,3,62,5.0,95.38,71.43,76.5,93.78,68.43,6.38,22.43,3
PureGlow Soaps International (Fictional Dummy Company),Global Manufacturing Head - PureGlow Soaps,Australia,Australia,Sydney,FCT025,Sydney Soap Plant,LN0075,Line-3,2026-07-04 20:00:00,2026-07-04,20,Afternoon,Charcoal Bar Soap,1.35,60.0,2.1,No Downtime,57.9,81,72,2,70,2.27,97.22,88.89,96.5,92.11,86.42,7.39,34.12,3
PureGlow Soaps International (Fictional Dummy Company),Global Manufacturing Head - PureGlow Soaps,Australia,Australia,Sydney,FCT025,Sydney Soap Plant,LN0073,Line-1,2026-07-04 21:00:00,2026-07-04,21,Afternoon,Charcoal Bar Soap,1.18,60.0,32.4,Machine Breakdown,27.6,71,33,1,32,3.18,96.97,46.48,46.0,101.33,45.2,3.11,11.83,2
PureGlow Soaps International (Fictional Dummy Company),Global Manufacturing Head - PureGlow Soaps,Australia,Australia,Sydney,FCT025,Sydney Soap Plant,LN0074,Line-2,2026-07-04 21:00:00,2026-07-04,21,Afternoon,Sandalwood Bar Soap,1.51,60.0,15.3,Quality Hold,44.7,91,58,5,53,8.75,91.38,63.74,74.5,85.93,58.5,5.81,22.26,3
PureGlow Soaps International (Fictional Dummy Company),Global Manufacturing Head - PureGlow Soaps,Australia,Australia,Sydney,FCT025,Sydney Soap Plant,LN0075,Line-3,2026-07-04 21:00:00,2026-07-04,21,Afternoon,Charcoal Bar Soap,1.35,60.0,20.3,Material Shortage,39.7,81,50,2,48,4.97,96.0,61.73,66.17,93.29,59.26,5.47,24.74,1
PureGlow Soaps International (Fictional Dummy Company),Global Manufacturing Head - PureGlow Soaps,Australia,Australia,Sydney,FCT025,Sydney Soap Plant,LN0073,Line-1,2026-07-04 22:00:00,2026-07-04,22,Night,Charcoal Bar Soap,1.18,60.0,7.8,Quality Hold,52.2,71,62,5,57,8.31,91.94,87.32,87.0,100.66,80.52,5.91,21.61,1
PureGlow Soaps International (Fictional Dummy Company),Global Manufacturing Head - PureGlow Soaps,Australia,Australia,Sydney,FCT025,Sydney Soap Plant,LN0074,Line-2,2026-07-04 22:00:00,2026-07-04,22,Night,Sandalwood Bar Soap,1.51,60.0,12.4,Quality Hold,47.6,91,64,5,59,8.59,92.19,70.33,79.33,89.04,65.12,5.72,24.07,3
PureGlow Soaps International (Fictional Dummy Company),Global Manufacturing Head - PureGlow Soaps,Australia,Australia,Sydney,FCT025,Sydney Soap Plant,LN0075,Line-3,2026-07-04 22:00:00,2026-07-04,22,Night,Charcoal Bar Soap,1.35,60.0,14.6,Staff Shortage,45.4,81,57,1,56,1.62,98.25,70.37,75.67,93.0,69.14,5.95,27.16,3
PureGlow Soaps International (Fictional Dummy Company),Global Manufacturing Head - PureGlow Soaps,Australia,Australia,Sydney,FCT025,Sydney Soap Plant,LN0073,Line-1,2026-07-04 23:00:00,2026-07-04,23,Night,Charcoal Bar Soap,1.18,60.0,11.4,Changeover/Setup,48.6,71,48,1,47,1.3,97.92,67.61,81.0,83.7,66.39,4.42,18.34,1
PureGlow Soaps International (Fictional Dummy Company),Global Manufacturing Head - PureGlow Soaps,Australia,Australia,Sydney,FCT025,Sydney Soap Plant,LN0074,Line-2,2026-07-04 23:00:00,2026-07-04,23,Night,Sandalwood Bar Soap,1.51,60.0,15.3,Power Outage,44.7,91,65,2,63,3.4,96.92,71.43,74.5,96.3,69.53,6.45,23.29,1
PureGlow Soaps International (Fictional Dummy Company),Global Manufacturing Head - PureGlow Soaps,Australia,Australia,Sydney,FCT025,Sydney Soap Plant,LN0075,Line-3,2026-07-04 23:00:00,2026-07-04,23,Night,Charcoal Bar Soap,1.35,60.0,2.2,No Downtime,57.8,81,78,4,74,4.84,94.87,96.3,96.33,99.96,91.35,6.86,32.19,2
PureGlow Soaps International (Fictional Dummy Company),Global Manufacturing Head - PureGlow Soaps,Australia,Australia,Sydney,FCT025,Sydney Soap Plant,LN0073,Line-1,2026-07-05 00:00:00,2026-07-05,0,Night,Aloe Vera Liquid Soap,1.18,60.0,1.4,No Downtime,58.6,71,65,3,62,4.01,95.38,91.55,97.67,94.0,87.57,7.1,24.34,3
PureGlow Soaps International (Fictional Dummy Company),Global Manufacturing Head - PureGlow Soaps,Australia,Australia,Sydney,FCT025,Sydney Soap Plant,LN0074,Line-2,2026-07-05 00:00:00,2026-07-05,0,Night,Lavender Bar Soap,1.51,60.0,2.7,No Downtime,57.3,91,82,3,79,3.43,96.34,90.11,95.5,94.77,87.19,8.31,26.91,3
PureGlow Soaps International (Fictional Dummy Company),Global Manufacturing Head - PureGlow Soaps,Australia,Australia,Sydney,FCT025,Sydney Soap Plant,LN0075,Line-3,2026-07-05 00:00:00,2026-07-05,0,Night,Charcoal Bar Soap,1.35,60.0,34.3,Material Shortage,25.7,81,31,1,30,2.05,96.77,38.27,42.83,89.35,37.03,3.24,15.84,1
PureGlow Soaps International (Fictional Dummy Company),Global Manufacturing Head - PureGlow Soaps,Australia,Australia,Sydney,FCT025,Sydney Soap Plant,LN0073,Line-1,2026-07-05 01:00:00,2026-07-05,1,Night,Aloe Vera Liquid Soap,1.18,60.0,8.6,Changeover/Setup,51.4,71,57,1,56,2.31,98.25,80.28,85.67,93.98,79.1,5.79,18.73,1
PureGlow Soaps International (Fictional Dummy Company),Global Manufacturing Head - PureGlow Soaps,Australia,Australia,Sydney,FCT025,Sydney Soap Plant,LN0074,Line-2,2026-07-05 01:00:00,2026-07-05,1,Night,Lavender Bar Soap,1.51,60.0,10.4,Changeover/Setup,49.6,91,65,3,62,4.43,95.38,71.43,82.67,86.79,68.43,5.96,23.71,2
PureGlow Soaps International (Fictional Dummy Company),Global Manufacturing Head - PureGlow Soaps,Australia,Australia,Sydney,FCT025,Sydney Soap Plant,LN0075,Line-3,2026-07-05 01:00:00,2026-07-05,1,Night,Charcoal Bar Soap,1.35,60.0,16.5,Changeover/Setup,43.5,81,57,3,54,4.83,94.74,70.37,72.5,97.06,66.67,5.35,25.65,2
PureGlow Soaps International (Fictional Dummy Company),Global Manufacturing Head - PureGlow Soaps,Australia,Australia,Sydney,FCT025,Sydney Soap Plant,LN0073,Line-1,2026-07-05 02:00:00,2026-07-05,2,Night,Aloe Vera Liquid Soap,1.18,60.0,5.5,Quality Hold,54.5,71,56,4,52,7.37,92.86,78.87,90.83,87.08,73.45,6.1,20.59,2
PureGlow Soaps International (Fictional Dummy Company),Global Manufacturing Head - PureGlow Soaps,Australia,Australia,Sydney,FCT025,Sydney Soap Plant,LN0074,Line-2,2026-07-05 02:00:00,2026-07-05,2,Night,Lavender Bar Soap,1.51,60.0,6.0,Changeover/Setup,54.0,91,73,3,70,4.02,95.89,80.22,90.0,89.53,77.27,8.02,27.72,2
PureGlow Soaps International (Fictional Dummy Company),Global Manufacturing Head - PureGlow Soaps,Australia,Australia,Sydney,FCT025,Sydney Soap Plant,LN0075,Line-3,2026-07-05 02:00:00,2026-07-05,2,Night,Charcoal Bar Soap,1.35,60.0,6.6,Changeover/Setup,53.4,81,74,1,73,1.66,98.65,91.36,89.0,102.65,90.13,6.47,32.7,3
PureGlow Soaps International (Fictional Dummy Company),Global Manufacturing Head - PureGlow Soaps,Australia,Australia,Sydney,FCT025,Sydney Soap Plant,LN0073,Line-1,2026-07-05 03:00:00,2026-07-05,3,Night,Aloe Vera Liquid Soap,1.18,60.0,8.3,Power Outage,51.7,71,52,1,51,1.94,98.08,73.24,86.17,85.24,72.04,4.64,20.31,3
PureGlow Soaps International (Fictional Dummy Company),Global Manufacturing Head - PureGlow Soaps,Australia,Australia,Sydney,FCT025,Sydney Soap Plant,LN0074,Line-2,2026-07-05 03:00:00,2026-07-05,3,Night,Lavender Bar Soap,1.51,60.0,5.2,Changeover/Setup,54.8,91,67,2,65,3.43,97.01,73.63,91.33,80.97,71.74,6.92,29.26,3
PureGlow Soaps International (Fictional Dummy Company),Global Manufacturing Head - PureGlow Soaps,Australia,Australia,Sydney,FCT025,Sydney Soap Plant,LN0075,Line-3,2026-07-05 03:00:00,2026-07-05,3,Night,Charcoal Bar Soap,1.35,60.0,15.8,Machine Breakdown,44.2,81,56,2,54,3.35,96.43,69.14,73.67,93.85,66.67,6.0,26.92,3
PureGlow Soaps International (Fictional Dummy Company),Global Manufacturing Head - PureGlow Soaps,Australia,Australia,Sydney,FCT025,Sydney Soap Plant,LN0073,Line-1,2026-07-05 04:00:00,2026-07-05,4,Night,Aloe Vera Liquid Soap,1.18,60.0,26.6,Machine Breakdown,33.4,71,36,1,35,3.8,97.22,50.7,55.67,91.34,49.44,3.73,12.68,3
PureGlow Soaps International (Fictional Dummy Company),Global Manufacturing Head - PureGlow Soaps,Australia,Australia,Sydney,FCT025,Sydney Soap Plant,LN0074,Line-2,2026-07-05 04:00:00,2026-07-05,4,Night,Lavender Bar Soap,1.51,60.0,2.6,No Downtime,57.4,91,82,3,79,3.63,96.34,90.11,95.67,94.61,87.2,8.79,30.19,1
PureGlow Soaps International (Fictional Dummy Company),Global Manufacturing Head - PureGlow Soaps,Australia,Australia,Sydney,FCT025,Sydney Soap Plant,LN0075,Line-3,2026-07-05 04:00:00,2026-07-05,4,Night,Charcoal Bar Soap,1.35,60.0,19.2,Material Shortage,40.8,81,52,2,50,3.96,96.15,64.2,68.0,94.41,61.73,5.64,24.32,2
PureGlow Soaps International (Fictional Dummy Company),Global Manufacturing Head - PureGlow Soaps,Australia,Australia,Sydney,FCT025,Sydney Soap Plant,LN0073,Line-1,2026-07-05 05:00:00,2026-07-05,5,Night,Aloe Vera Liquid Soap,1.18,60.0,19.9,Changeover/Setup,40.1,71,46,1,45,1.85,97.83,64.79,66.83,97.21,63.56,4.83,14.33,1
PureGlow Soaps International (Fictional Dummy Company),Global Manufacturing Head - PureGlow Soaps,Australia,Australia,Sydney,FCT025,Sydney Soap Plant,LN0074,Line-2,2026-07-05 05:00:00,2026-07-05,5,Night,Lavender Bar Soap,1.51,60.0,3.8,No Downtime,56.2,91,70,3,67,4.39,95.71,76.92,93.67,82.49,73.95,7.5,27.42,2
PureGlow Soaps International (Fictional Dummy Company),Global Manufacturing Head - PureGlow Soaps,Australia,Australia,Sydney,FCT025,Sydney Soap Plant,LN0075,Line-3,2026-07-05 05:00:00,2026-07-05,5,Night,Charcoal Bar Soap,1.35,60.0,5.3,Quality Hold,54.7,81,63,5,58,8.39,92.06,77.78,91.17,85.31,71.6,6.31,36.56,3
PureGlow Soaps International (Fictional Dummy Company),Global Manufacturing Head - PureGlow Soaps,Australia,Australia,Sydney,FCT025,Sydney Soap Plant,LN0073,Line-1,2026-07-05 06:00:00,2026-07-05,6,Morning,Aloe Vera Liquid Soap,1.18,60.0,38.2,Machine Breakdown,21.8,71,26,0,26,0.77,100.0,36.62,36.33,101.07,36.72,2.79,8.08,1
PureGlow Soaps International (Fictional Dummy Company),Global Manufacturing Head - PureGlow Soaps,Australia,Australia,Sydney,FCT025,Sydney Soap Plant,LN0074,Line-2,2026-07-05 06:00:00,2026-07-05,6,Morning,Lavender Bar Soap,1.51,60.0,32.9,Preventive Maintenance,27.1,91,39,1,38,1.92,97.44,42.86,45.17,95.31,41.95,4.19,12.22,3
PureGlow Soaps International (Fictional Dummy Company),Global Manufacturing Head - PureGlow Soaps,Australia,Australia,Sydney,FCT025,Sydney Soap Plant,LN0075,Line-3,2026-07-05 06:00:00,2026-07-05,6,Morning,Charcoal Bar Soap,1.35,60.0,22.8,Machine Breakdown,37.2,81,41,1,40,2.78,97.56,50.62,62.0,81.64,49.38,4.35,22.02,2
PureGlow Soaps International (Fictional Dummy Company),Global Manufacturing Head - PureGlow Soaps,Australia,Australia,Sydney,FCT025,Sydney Soap Plant,LN0073,Line-1,2026-07-05 07:00:00,2026-07-05,7,Morning,Aloe Vera Liquid Soap,1.18,60.0,3.8,No Downtime,56.2,71,54,3,51,4.97,94.44,76.06,93.67,81.43,72.03,5.04,24.2,3
PureGlow Soaps International (Fictional Dummy Company),Global Manufacturing Head - PureGlow Soaps,Australia,Australia,Sydney,FCT025,Sydney Soap Plant,LN0074,Line-2,2026-07-05 07:00:00,2026-07-05,7,Morning,Lavender Bar Soap,1.51,60.0,17.4,Changeover/Setup,42.6,91,53,2,51,3.64,96.23,58.24,71.0,82.39,56.29,4.98,21.29,3
PureGlow Soaps International (Fictional Dummy Company),Global Manufacturing Head - PureGlow Soaps,Australia,Australia,Sydney,FCT025,Sydney Soap Plant,LN0075,Line-3,2026-07-05 07:00:00,2026-07-05,7,Morning,Charcoal Bar Soap,1.35,60.0,0.8,No Downtime,59.2,81,66,2,64,3.67,96.97,81.48,98.67,82.58,79.01,6.09,34.46,2
PureGlow Soaps International (Fictional Dummy Company),Global Manufacturing Head - PureGlow Soaps,Australia,Australia,Sydney,FCT025,Sydney Soap Plant,LN0073,Line-1,2026-07-05 08:00:00,2026-07-05,8,Morning,Aloe Vera Liquid Soap,1.18,60.0,18.6,Changeover/Setup,41.4,71,50,1,49,2.82,98.0,70.42,69.0,102.35,69.21,4.95,14.79,3
PureGlow Soaps International (Fictional Dummy Company),Global Manufacturing Head - PureGlow Soaps,Australia,Australia,Sydney,FCT025,Sydney Soap Plant,LN0074,Line-2,2026-07-05 08:00:00,2026-07-05,8,Morning,Lavender Bar Soap,1.51,60.0,2.3,No Downtime,57.7,91,73,3,70,3.5,95.89,80.22,96.17,83.79,77.27,6.33,31.09,1
PureGlow Soaps International (Fictional Dummy Company),Global Manufacturing Head - PureGlow Soaps,Australia,Australia,Sydney,FCT025,Sydney Soap Plant,LN0075,Line-3,2026-07-05 08:00:00,2026-07-05,8,Morning,Charcoal Bar Soap,1.35,60.0,23.4,Machine Breakdown,36.6,81,50,0,50,0.0,100.0,61.73,61.0,101.19,61.73,4.74,21.74,3
PureGlow Soaps International (Fictional Dummy Company),Global Manufacturing Head - PureGlow Soaps,Australia,Australia,Sydney,FCT025,Sydney Soap Plant,LN0073,Line-1,2026-07-05 09:00:00,2026-07-05,9,Morning,Aloe Vera Liquid Soap,1.18,60.0,12.8,Staff Shortage,47.2,71,51,1,50,2.51,98.04,71.83,78.67,91.57,70.63,5.28,19.69,1
PureGlow Soaps International (Fictional Dummy Company),Global Manufacturing Head - PureGlow Soaps,Australia,Australia,Sydney,FCT025,Sydney Soap Plant,LN0074,Line-2,2026-07-05 09:00:00,2026-07-05,9,Morning,Lavender Bar Soap,1.51,60.0,2.4,No Downtime,57.6,91,85,2,83,2.48,97.65,93.41,96.0,97.73,91.62,7.5,27.62,2
PureGlow Soaps International (Fictional Dummy Company),Global Manufacturing Head - PureGlow Soaps,Australia,Australia,Sydney,FCT025,Sydney Soap Plant,LN0075,Line-3,2026-07-05 09:00:00,2026-07-05,9,Morning,Charcoal Bar Soap,1.35,60.0,3.6,No Downtime,56.4,81,73,0,73,0.0,100.0,90.12,94.0,95.88,90.13,7.08,32.38,2
PureGlow Soaps International (Fictional Dummy Company),Global Manufacturing Head - PureGlow Soaps,Australia,Australia,Sydney,FCT025,Sydney Soap Plant,LN0073,Line-1,2026-07-05 10:00:00,2026-07-05,10,Morning,Aloe Vera Liquid Soap,1.18,60.0,2.2,No Downtime,57.8,71,61,2,59,3.62,96.72,85.92,96.33,89.44,83.33,5.92,21.01,2
PureGlow Soaps International (Fictional Dummy Company),Global Manufacturing Head - PureGlow Soaps,Australia,Australia,Sydney,FCT025,Sydney Soap Plant,LN0074,Line-2,2026-07-05 10:00:00,2026-07-05,10,Morning,Lavender Bar Soap,1.51,60.0,0.3,No Downtime,59.7,91,79,2,77,2.8,97.47,86.81,99.5,87.63,84.99,7.66,30.92,1
PureGlow Soaps International (Fictional Dummy Company),Global Manufacturing Head - PureGlow Soaps,Australia,Australia,Sydney,FCT025,Sydney Soap Plant,LN0075,Line-3,2026-07-05 10:00:00,2026-07-05,10,Morning,Charcoal Bar Soap,1.35,60.0,18.9,Changeover/Setup,41.1,81,52,2,50,3.26,96.15,64.2,68.5,93.72,61.73,4.82,23.97,3
PureGlow Soaps International (Fictional Dummy Company),Global Manufacturing Head - PureGlow Soaps,Australia,Australia,Sydney,FCT025,Sydney Soap Plant,LN0073,Line-1,2026-07-05 11:00:00,2026-07-05,11,Morning,Aloe Vera Liquid Soap,1.18,60.0,41.7,Machine Breakdown,18.3,71,21,0,21,0.72,100.0,29.58,30.5,97.25,29.66,2.07,7.31,3
PureGlow Soaps International (Fictional Dummy Company),Global Manufacturing Head - PureGlow Soaps,Australia,Australia,Sydney,FCT025,Sydney Soap Plant,LN0074,Line-2,2026-07-05 11:00:00,2026-07-05,11,Morning,Lavender Bar Soap,1.51,60.0,25.4,Machine Breakdown,34.6,91,48,2,46,3.38,95.83,52.75,57.67,91.87,50.77,4.64,17.23,2
PureGlow Soaps International (Fictional Dummy Company),Global Manufacturing Head - PureGlow Soaps,Australia,Australia,Sydney,FCT025,Sydney Soap Plant,LN0075,Line-3,2026-07-05 11:00:00,2026-07-05,11,Morning,Charcoal Bar Soap,1.35,60.0,3.2,No Downtime,56.8,81,74,2,72,2.54,97.3,91.36,94.67,96.5,88.89,7.55,32.53,2
PureGlow Soaps International (Fictional Dummy Company),Global Manufacturing Head - PureGlow Soaps,Australia,Australia,Sydney,FCT025,Sydney Soap Plant,LN0073,Line-1,2026-07-05 12:00:00,2026-07-05,12,Morning,Aloe Vera Liquid Soap,1.18,60.0,24.9,Material Shortage,35.1,71,33,1,32,2.1,96.97,46.48,58.5,79.68,45.2,3.35,12.89,1
PureGlow Soaps International (Fictional Dummy Company),Global Manufacturing Head - PureGlow Soaps,Australia,Australia,Sydney,FCT025,Sydney Soap Plant,LN0074,Line-2,2026-07-05 12:00:00,2026-07-05,12,Morning,Lavender Bar Soap,1.51,60.0,24.5,Staff Shortage,35.5,91,54,2,52,2.88,96.3,59.34,59.17,100.74,57.4,4.72,17.86,3
PureGlow Soaps International (Fictional Dummy Company),Global Manufacturing Head - PureGlow Soaps,Australia,Australia,Sydney,FCT025,Sydney Soap Plant,LN0075,Line-3,2026-07-05 12:00:00,2026-07-05,12,Morning,Charcoal Bar Soap,1.35,60.0,2.0,No Downtime,58.0,81,69,2,67,2.49,97.1,85.19,96.67,88.12,82.72,6.49,35.91,3
PureGlow Soaps International (Fictional Dummy Company),Global Manufacturing Head - PureGlow Soaps,Australia,Australia,Sydney,FCT025,Sydney Soap Plant,LN0073,Line-1,2026-07-05 13:00:00,2026-07-05,13,Morning,Aloe Vera Liquid Soap,1.18,60.0,42.1,Machine Breakdown,17.9,71,18,0,18,2.37,100.0,25.35,29.83,85.22,25.42,1.82,6.62,1
PureGlow Soaps International (Fictional Dummy Company),Global Manufacturing Head - PureGlow Soaps,Australia,Australia,Sydney,FCT025,Sydney Soap Plant,LN0074,Line-2,2026-07-05 13:00:00,2026-07-05,13,Morning,Lavender Bar Soap,1.51,60.0,0.3,No Downtime,59.7,91,88,3,85,3.91,96.59,96.7,99.5,97.62,93.82,9.38,29.0,1
PureGlow Soaps International (Fictional Dummy Company),Global Manufacturing Head - PureGlow Soaps,Australia,Australia,Sydney,FCT025,Sydney Soap Plant,LN0075,Line-3,2026-07-05 13:00:00,2026-07-05,13,Morning,Charcoal Bar Soap,1.35,60.0,10.5,Material Shortage,49.5,81,54,2,52,2.94,96.3,66.67,82.5,80.81,64.2,4.81,27.84,1
PureGlow Soaps International (Fictional Dummy Company),Global Manufacturing Head - PureGlow Soaps,Australia,Australia,Sydney,FCT025,Sydney Soap Plant,LN0073,Line-1,2026-07-05 14:00:00,2026-07-05,14,Afternoon,Aloe Vera Liquid Soap,1.18,60.0,0.6,No Downtime,59.4,71,60,2,58,2.69,96.67,84.51,99.0,85.6,81.92,6.39,21.47,3
PureGlow Soaps International (Fictional Dummy Company),Global Manufacturing Head - PureGlow Soaps,Australia,Australia,Sydney,FCT025,Sydney Soap Plant,LN0074,Line-2,2026-07-05 14:00:00,2026-07-05,14,Afternoon,Lavender Bar Soap,1.51,60.0,26.3,Preventive Maintenance,33.7,91,52,1,51,2.07,98.08,57.14,56.17,102.19,56.3,5.4,15.82,2
PureGlow Soaps International (Fictional Dummy Company),Global Manufacturing Head - PureGlow Soaps,Australia,Australia,Sydney,FCT025,Sydney Soap Plant,LN0075,Line-3,2026-07-05 14:00:00,2026-07-05,14,Afternoon,Charcoal Bar Soap,1.35,60.0,18.0,Staff Shortage,42.0,81,51,1,50,2.47,98.04,62.96,70.0,89.95,61.73,5.31,26.93,1
PureGlow Soaps International (Fictional Dummy Company),Global Manufacturing Head - PureGlow Soaps,Australia,Australia,Sydney,FCT025,Sydney Soap Plant,LN0073,Line-1,2026-07-05 15:00:00,2026-07-05,15,Afternoon,Aloe Vera Liquid Soap,1.18,60.0,10.2,Changeover/Setup,49.8,71,60,2,58,2.6,96.67,84.51,83.0,102.1,81.92,6.02,20.26,2
PureGlow Soaps International (Fictional Dummy Company),Global Manufacturing Head - PureGlow Soaps,Australia,Australia,Sydney,FCT025,Sydney Soap Plant,LN0074,Line-2,2026-07-05 15:00:00,2026-07-05,15,Afternoon,Lavender Bar Soap,1.51,60.0,9.0,Changeover/Setup,51.0,91,70,2,68,2.6,97.14,76.92,85.0,90.9,75.06,6.67,27.92,2
PureGlow Soaps International (Fictional Dummy Company),Global Manufacturing Head - PureGlow Soaps,Australia,Australia,Sydney,FCT025,Sydney Soap Plant,LN0075,Line-3,2026-07-05 15:00:00,2026-07-05,15,Afternoon,Charcoal Bar Soap,1.35,60.0,28.8,Machine Breakdown,31.2,81,34,1,33,3.74,97.06,41.98,52.0,80.72,40.74,3.19,17.9,3
PureGlow Soaps International (Fictional Dummy Company),Global Manufacturing Head - PureGlow Soaps,Australia,Australia,Sydney,FCT025,Sydney Soap Plant,LN0073,Line-1,2026-07-05 16:00:00,2026-07-05,16,Afternoon,Aloe Vera Liquid Soap,1.18,60.0,13.0,Machine Breakdown,47.0,71,51,0,51,0.56,100.0,71.83,78.33,91.96,72.03,5.15,19.22,1
PureGlow Soaps International (Fictional Dummy Company),Global Manufacturing Head - PureGlow Soaps,Australia,Australia,Sydney,FCT025,Sydney Soap Plant,LN0074,Line-2,2026-07-05 16:00:00,2026-07-05,16,Afternoon,Lavender Bar Soap,1.51,60.0,18.1,Staff Shortage,41.9,91,63,2,61,3.37,96.83,69.23,69.83,99.57,67.33,5.63,22.02,1
PureGlow Soaps International (Fictional Dummy Company),Global Manufacturing Head - PureGlow Soaps,Australia,Australia,Sydney,FCT025,Sydney Soap Plant,LN0075,Line-3,2026-07-05 16:00:00,2026-07-05,16,Afternoon,Charcoal Bar Soap,1.35,60.0,0.8,No Downtime,59.2,81,67,1,66,1.79,98.51,82.72,98.67,83.83,81.48,6.84,35.97,1
PureGlow Soaps International (Fictional Dummy Company),Global Manufacturing Head - PureGlow Soaps,Australia,Australia,Sydney,FCT025,Sydney Soap Plant,LN0073,Line-1,2026-07-05 17:00:00,2026-07-05,17,Afternoon,Aloe Vera Liquid Soap,1.18,60.0,1.4,No Downtime,58.6,71,67,2,65,3.13,97.01,94.37,97.67,96.89,91.8,6.42,21.05,1
PureGlow Soaps International (Fictional Dummy Company),Global Manufacturing Head - PureGlow Soaps,Australia,Australia,Sydney,FCT025,Sydney Soap Plant,LN0074,Line-2,2026-07-05 17:00:00,2026-07-05,17,Afternoon,Lavender Bar Soap,1.51,60.0,0.1,No Downtime,59.9,91,76,3,73,3.32,96.05,83.52,99.83,84.03,80.57,6.83,28.15,3
PureGlow Soaps International (Fictional Dummy Company),Global Manufacturing Head - PureGlow Soaps,Australia,Australia,Sydney,FCT025,Sydney Soap Plant,LN0075,Line-3,2026-07-05 17:00:00,2026-07-05,17,Afternoon,Charcoal Bar Soap,1.35,60.0,18.0,Machine Breakdown,42.0,81,46,1,45,2.25,97.83,56.79,70.0,81.13,55.56,4.02,25.91,2
PureGlow Soaps International (Fictional Dummy Company),Global Manufacturing Head - PureGlow Soaps,Australia,Australia,Sydney,FCT025,Sydney Soap Plant,LN0073,Line-1,2026-07-05 18:00:00,2026-07-05,18,Afternoon,Aloe Vera Liquid Soap,1.18,60.0,26.8,Power Outage,33.2,71,35,1,34,3.23,97.14,49.3,55.33,89.34,48.02,3.17,12.7,3
PureGlow Soaps International (Fictional Dummy Company),Global Manufacturing Head - PureGlow Soaps,Australia,Australia,Sydney,FCT025,Sydney Soap Plant,LN0074,Line-2,2026-07-05 18:00:00,2026-07-05,18,Afternoon,Lavender Bar Soap,1.51,60.0,3.0,No Downtime,57.0,91,74,1,73,1.51,98.65,81.32,95.0,85.98,80.58,6.3,28.74,2
PureGlow Soaps International (Fictional Dummy Company),Global Manufacturing Head - PureGlow Soaps,Australia,Australia,Sydney,FCT025,Sydney Soap Plant,LN0075,Line-3,2026-07-05 18:00:00,2026-07-05,18,Afternoon,Charcoal Bar Soap,1.35,60.0,1.6,No Downtime,58.4,81,74,2,72,2.84,97.3,91.36,97.33,93.86,88.89,6.3,36.94,1
PureGlow Soaps International (Fictional Dummy Company),Global Manufacturing Head - PureGlow Soaps,Australia,Australia,Sydney,FCT025,Sydney Soap Plant,LN0073,Line-1,2026-07-05 19:00:00,2026-07-05,19,Afternoon,Aloe Vera Liquid Soap,1.18,60.0,13.8,Changeover/Setup,46.2,71,53,3,50,4.8,94.34,74.65,77.0,97.22,70.62,5.68,18.58,2
PureGlow Soaps International (Fictional Dummy Company),Global Manufacturing Head - PureGlow Soaps,Australia,Australia,Sydney,FCT025,Sydney Soap Plant,LN0074,Line-2,2026-07-05 19:00:00,2026-07-05,19,Afternoon,Lavender Bar Soap,1.51,60.0,24.1,Material Shortage,35.9,91,45,0,45,0.42,100.0,49.45,59.83,83.01,49.66,4.06,17.54,3
PureGlow Soaps International (Fictional Dummy Company),Global Manufacturing Head - PureGlow Soaps,Australia,Australia,Sydney,FCT025,Sydney Soap Plant,LN0075,Line-3,2026-07-05 19:00:00,2026-07-05,19,Afternoon,Charcoal Bar Soap,1.35,60.0,0.2,No Downtime,59.8,81,73,0,73,0.0,100.0,90.12,99.67,90.42,90.12,7.69,36.86,2
PureGlow Soaps International (Fictional Dummy Company),Global Manufacturing Head - PureGlow Soaps,Australia,Australia,Sydney,FCT025,Sydney Soap Plant,LN0073,Line-1,2026-07-05 20:00:00,2026-07-05,20,Afternoon,Aloe Vera Liquid Soap,1.18,60.0,12.3,Changeover/Setup,47.7,71,52,2,50,4.72,96.15,73.24,79.5,92.39,70.62,4.94,18.88,1
PureGlow Soaps International (Fictional Dummy Company),Global Manufacturing Head - PureGlow Soaps,Australia,Australia,Sydney,FCT025,Sydney Soap Plant,LN0074,Line-2,2026-07-05 20:00:00,2026-07-05,20,Afternoon,Lavender Bar Soap,1.51,60.0,3.9,No Downtime,56.1,91,78,2,76,3.17,97.44,85.71,93.5,92.08,83.89,6.66,26.37,3
PureGlow Soaps International (Fictional Dummy Company),Global Manufacturing Head - PureGlow Soaps,Australia,Australia,Sydney,FCT025,Sydney Soap Plant,LN0075,Line-3,2026-07-05 20:00:00,2026-07-05,20,Afternoon,Charcoal Bar Soap,1.35,60.0,9.8,Staff Shortage,50.2,81,66,1,65,1.69,98.48,81.48,83.67,97.39,80.25,6.1,29.4,1
PureGlow Soaps International (Fictional Dummy Company),Global Manufacturing Head - PureGlow Soaps,Australia,Australia,Sydney,FCT025,Sydney Soap Plant,LN0073,Line-1,2026-07-05 21:00:00,2026-07-05,21,Afternoon,Aloe Vera Liquid Soap,1.18,60.0,26.9,Preventive Maintenance,33.1,71,35,1,34,3.12,97.14,49.3,55.17,89.61,48.02,3.21,13.61,2
PureGlow Soaps International (Fictional Dummy Company),Global Manufacturing Head - PureGlow Soaps,Australia,Australia,Sydney,FCT025,Sydney Soap Plant,LN0074,Line-2,2026-07-05 21:00:00,2026-07-05,21,Afternoon,Lavender Bar Soap,1.51,60.0,3.7,No Downtime,56.3,91,77,2,75,3.17,97.4,84.62,93.83,90.57,82.77,7.12,26.89,1
PureGlow Soaps International (Fictional Dummy Company),Global Manufacturing Head - PureGlow Soaps,Australia,Australia,Sydney,FCT025,Sydney Soap Plant,LN0075,Line-3,2026-07-05 21:00:00,2026-07-05,21,Afternoon,Charcoal Bar Soap,1.35,60.0,32.5,Material Shortage,27.5,81,36,1,35,1.89,97.22,44.44,45.83,96.97,43.21,3.52,17.72,1
PureGlow Soaps International (Fictional Dummy Company),Global Manufacturing Head - PureGlow Soaps,Australia,Australia,Sydney,FCT025,Sydney Soap Plant,LN0073,Line-1,2026-07-05 22:00:00,2026-07-05,22,Night,Aloe Vera Liquid Soap,1.18,60.0,37.8,Machine Breakdown,22.2,71,22,1,21,2.75,95.45,30.99,37.0,83.98,29.66,2.08,8.33,2
PureGlow Soaps International (Fictional Dummy Company),Global Manufacturing Head - PureGlow Soaps,Australia,Australia,Sydney,FCT025,Sydney Soap Plant,LN0074,Line-2,2026-07-05 22:00:00,2026-07-05,22,Night,Lavender Bar Soap,1.51,60.0,3.8,No Downtime,56.2,91,82,4,78,4.75,95.12,90.11,93.67,96.63,86.1,7.56,27.29,1
PureGlow Soaps International (Fictional Dummy Company),Global Manufacturing Head - PureGlow Soaps,Australia,Australia,Sydney,FCT025,Sydney Soap Plant,LN0075,Line-3,2026-07-05 22:00:00,2026-07-05,22,Night,Charcoal Bar Soap,1.35,60.0,18.6,Machine Breakdown,41.4,81,48,3,45,5.26,93.75,59.26,69.0,85.88,55.55,4.62,22.95,1
PureGlow Soaps International (Fictional Dummy Company),Global Manufacturing Head - PureGlow Soaps,Australia,Australia,Sydney,FCT025,Sydney Soap Plant,LN0073,Line-1,2026-07-05 23:00:00,2026-07-05,23,Night,Aloe Vera Liquid Soap,1.18,60.0,26.6,Material Shortage,33.4,71,40,1,39,3.6,97.5,56.34,55.67,101.49,55.09,3.85,12.51,1
PureGlow Soaps International (Fictional Dummy Company),Global Manufacturing Head - PureGlow Soaps,Australia,Australia,Sydney,FCT025,Sydney Soap Plant,LN0074,Line-2,2026-07-05 23:00:00,2026-07-05,23,Night,Lavender Bar Soap,1.51,60.0,2.1,No Downtime,57.9,91,86,6,80,6.42,93.02,94.51,96.5,98.37,88.3,7.56,28.19,1
PureGlow Soaps International (Fictional Dummy Company),Global Manufacturing Head - PureGlow Soaps,Australia,Australia,Sydney,FCT025,Sydney Soap Plant,LN0075,Line-3,2026-07-05 23:00:00,2026-07-05,23,Night,Charcoal Bar Soap,1.35,60.0,7.3,Power Outage,52.7,81,60,2,58,3.39,96.67,74.07,87.83,84.33,71.6,6.46,33.22,3
PureGlow Soaps International (Fictional Dummy Company),Global Manufacturing Head - PureGlow Soaps,Australia,Australia,Sydney,FCT025,Sydney Soap Plant,LN0073,Line-1,2026-07-06 00:00:00,2026-07-06,0,Night,Coconut Bar Soap,1.18,60.0,22.7,Power Outage,37.3,71,35,1,34,3.8,97.14,49.3,62.17,79.52,48.02,3.71,14.12,1
PureGlow Soaps International (Fictional Dummy Company),Global Manufacturing Head - PureGlow Soaps,Australia,Australia,Sydney,FCT025,Sydney Soap Plant,LN0074,Line-2,2026-07-06 00:00:00,2026-07-06,0,Night,Charcoal Bar Soap,1.51,60.0,3.3,No Downtime,56.7,91,69,2,67,3.05,97.1,75.82,94.5,80.59,73.95,6.17,27.48,2
PureGlow Soaps International (Fictional Dummy Company),Global Manufacturing Head - PureGlow Soaps,Australia,Australia,Sydney,FCT025,Sydney Soap Plant,LN0075,Line-3,2026-07-06 00:00:00,2026-07-06,0,Night,Lemon Bar Soap,1.35,60.0,5.8,Power Outage,54.2,81,66,1,65,1.4,98.48,81.48,90.33,90.2,80.24,6.47,34.94,2
PureGlow Soaps International (Fictional Dummy Company),Global Manufacturing Head - PureGlow Soaps,Australia,Australia,Sydney,FCT025,Sydney Soap Plant,LN0073,Line-1,2026-07-06 01:00:00,2026-07-06,1,Night,Coconut Bar Soap,1.18,60.0,19.7,Machine Breakdown,40.3,71,45,1,44,3.26,97.78,63.38,67.17,94.63,62.15,3.83,14.36,3
PureGlow Soaps International (Fictional Dummy Company),Global Manufacturing Head - PureGlow Soaps,Australia,Australia,Sydney,FCT025,Sydney Soap Plant,LN0074,Line-2,2026-07-06 01:00:00,2026-07-06,1,Night,Charcoal Bar Soap,1.51,60.0,1.7,No Downtime,58.3,91,77,2,75,3.02,97.4,84.62,97.17,87.47,82.78,7.66,31.86,1
PureGlow Soaps International (Fictional Dummy Company),Global Manufacturing Head - PureGlow Soaps,Australia,Australia,Sydney,FCT025,Sydney Soap Plant,LN0075,Line-3,2026-07-06 01:00:00,2026-07-06,1,Night,Lemon Bar Soap,1.35,60.0,7.7,Changeover/Setup,52.3,81,72,2,70,3.03,97.22,88.89,87.17,101.98,86.42,7.29,34.86,2
PureGlow Soaps International (Fictional Dummy Company),Global Manufacturing Head - PureGlow Soaps,Australia,Australia,Sydney,FCT025,Sydney Soap Plant,LN0073,Line-1,2026-07-06 02:00:00,2026-07-06,2,Night,Coconut Bar Soap,1.18,60.0,31.3,Machine Breakdown,28.7,71,30,1,29,3.85,96.67,42.25,47.83,88.58,40.96,2.56,11.08,1
PureGlow Soaps International (Fictional Dummy Company),Global Manufacturing Head - PureGlow Soaps,Australia,Australia,Sydney,FCT025,Sydney Soap Plant,LN0074,Line-2,2026-07-06 02:00:00,2026-07-06,2,Night,Charcoal Bar Soap,1.51,60.0,24.2,Staff Shortage,35.8,91,53,1,52,1.08,98.11,58.24,59.67,98.04,57.39,4.86,19.09,2
PureGlow Soaps International (Fictional Dummy Company),Global Manufacturing Head - PureGlow Soaps,Australia,Australia,Sydney,FCT025,Sydney Soap Plant,LN0075,Line-3,2026-07-06 02:00:00,2026-07-06,2,Night,Lemon Bar Soap,1.35,60.0,16.6,Changeover/Setup,43.4,81,56,1,55,2.45,98.21,69.14,72.33,95.58,67.9,5.02,24.16,3
PureGlow Soaps International (Fictional Dummy Company),Global Manufacturing Head - PureGlow Soaps,Australia,Australia,Sydney,FCT025,Sydney Soap Plant,LN0073,Line-1,2026-07-06 03:00:00,2026-07-06,3,Night,Coconut Bar Soap,1.18,60.0,17.6,Power Outage,42.4,71,51,1,50,1.32,98.04,71.83,70.67,101.93,70.62,5.18,16.27,2
PureGlow Soaps International (Fictional Dummy Company),Global Manufacturing Head - PureGlow Soaps,Australia,Australia,Sydney,FCT025,Sydney Soap Plant,LN0074,Line-2,2026-07-06 03:00:00,2026-07-06,3,Night,Charcoal Bar Soap,1.51,60.0,16.3,Machine Breakdown,43.7,91,64,2,62,3.5,96.88,70.33,72.83,96.99,68.43,5.95,21.49,1
PureGlow Soaps International (Fictional Dummy Company),Global Manufacturing Head - PureGlow Soaps,Australia,Australia,Sydney,FCT025,Sydney Soap Plant,LN0075,Line-3,2026-07-06 03:00:00,2026-07-06,3,Night,Lemon Bar Soap,1.35,60.0,0.5,No Downtime,59.5,81,65,2,63,3.6,96.92,80.25,99.17,80.92,77.78,5.99,37.89,3
PureGlow Soaps International (Fictional Dummy Company),Global Manufacturing Head - PureGlow Soaps,Australia,Australia,Sydney,FCT025,Sydney Soap Plant,LN0073,Line-1,2026-07-06 04:00:00,2026-07-06,4,Night,Coconut Bar Soap,1.18,60.0,16.4,Changeover/Setup,43.6,71,48,0,48,0.0,100.0,67.61,72.67,93.3,67.8,5.12,16.39,2
PureGlow Soaps International (Fictional Dummy Company),Global Manufacturing Head - PureGlow Soaps,Australia,Australia,Sydney,FCT025,Sydney Soap Plant,LN0074,Line-2,2026-07-06 04:00:00,2026-07-06,4,Night,Charcoal Bar Soap,1.51,60.0,15.0,Machine Breakdown,45.0,91,66,2,64,3.78,96.97,72.53,75.0,97.13,70.64,6.21,24.07,2
PureGlow Soaps International (Fictional Dummy Company),Global Manufacturing Head - PureGlow Soaps,Australia,Australia,Sydney,FCT025,Sydney Soap Plant,LN0075,Line-3,2026-07-06 04:00:00,2026-07-06,4,Night,Lemon Bar Soap,1.35,60.0,12.2,Material Shortage,47.8,81,66,2,64,2.66,96.97,81.48,79.67,102.28,79.02,5.77,31.88,2
PureGlow Soaps International (Fictional Dummy Company),Global Manufacturing Head - PureGlow Soaps,Australia,Australia,Sydney,FCT025,Sydney Soap Plant,LN0073,Line-1,2026-07-06 05:00:00,2026-07-06,5,Night,Coconut Bar Soap,1.18,60.0,0.2,No Downtime,59.8,71,67,3,64,4.76,95.52,94.37,99.67,94.95,90.4,7.01,22.01,2
PureGlow Soaps International (Fictional Dummy Company),Global Manufacturing Head - PureGlow Soaps,Australia,Australia,Sydney,FCT025,Sydney Soap Plant,LN0074,Line-2,2026-07-06 05:00:00,2026-07-06,5,Night,Charcoal Bar Soap,1.51,60.0,29.8,Machine Breakdown,30.2,91,43,1,42,2.13,97.67,47.25,50.33,94.29,46.35,4.66,16.29,2
PureGlow Soaps International (Fictional Dummy Company),Global Manufacturing Head - PureGlow Soaps,Australia,Australia,Sydney,FCT025,Sydney Soap Plant,LN0075,Line-3,2026-07-06 05:00:00,2026-07-06,5,Night,Lemon Bar Soap,1.35,60.0,5.9,Changeover/Setup,54.1,81,71,3,68,4.21,95.77,87.65,90.17,97.21,83.95,7.08,34.76,3
PureGlow Soaps International (Fictional Dummy Company),Global Manufacturing Head - PureGlow Soaps,Australia,Australia,Sydney,FCT025,Sydney Soap Plant,LN0073,Line-1,2026-07-06 06:00:00,2026-07-06,6,Morning,Coconut Bar Soap,1.18,60.0,14.8,Changeover/Setup,45.2,71,48,1,47,3.04,97.92,67.61,75.33,90.0,66.39,5.13,17.53,3
PureGlow Soaps International (Fictional Dummy Company),Global Manufacturing Head - PureGlow Soaps,Australia,Australia,Sydney,FCT025,Sydney Soap Plant,LN0074,Line-2,2026-07-06 06:00:00,2026-07-06,6,Morning,Charcoal Bar Soap,1.51,60.0,1.6,No Downtime,58.4,91,79,2,77,2.0,97.47,86.81,97.33,89.59,84.99,8.42,27.74,1
PureGlow Soaps International (Fictional Dummy Company),Global Manufacturing Head - PureGlow Soaps,Australia,Australia,Sydney,FCT025,Sydney Soap Plant,LN0075,Line-3,2026-07-06 06:00:00,2026-07-06,6,Morning,Lemon Bar Soap,1.35,60.0,16.7,Changeover/Setup,43.3,81,50,2,48,3.18,96.0,61.73,72.17,85.54,59.26,5.4,26.32,3
PureGlow Soaps International (Fictional Dummy Company),Global Manufacturing Head - PureGlow Soaps,Australia,Australia,Sydney,FCT025,Sydney Soap Plant,LN0073,Line-1,2026-07-06 07:00:00,2026-07-06,7,Morning,Coconut Bar Soap,1.18,60.0,18.0,Preventive Maintenance,42.0,71,49,1,48,1.5,97.96,69.01,70.0,98.87,67.8,5.09,17.04,3
PureGlow Soaps International (Fictional Dummy Company),Global Manufacturing Head - PureGlow Soaps,Australia,Australia,Sydney,FCT025,Sydney Soap Plant,LN0074,Line-2,2026-07-06 07:00:00,2026-07-06,7,Morning,Charcoal Bar Soap,1.51,60.0,2.0,No Downtime,58.0,91,85,3,82,3.0,96.47,93.41,96.67,97.05,90.51,7.33,28.59,1
PureGlow Soaps International (Fictional Dummy Company),Global Manufacturing Head - PureGlow Soaps,Australia,Australia,Sydney,FCT025,Sydney Soap Plant,LN0075,Line-3,2026-07-06 07:00:00,2026-07-06,7,Morning,Lemon Bar Soap,1.35,60.0,3.8,No Downtime,56.2,81,71,2,69,2.48,97.18,87.65,93.67,93.58,85.18,7.64,36.47,1
PureGlow Soaps International (Fictional Dummy Company),Global Manufacturing Head - PureGlow Soaps,Australia,Australia,Sydney,FCT025,Sydney Soap Plant,LN0073,Line-1,2026-07-06 08:00:00,2026-07-06,8,Morning,Coconut Bar Soap,1.18,60.0,1.2,No Downtime,58.8,71,66,1,65,2.04,98.48,92.96,98.0,95.12,91.8,6.84,24.05,3
PureGlow Soaps International (Fictional Dummy Company),Global Manufacturing Head - PureGlow Soaps,Australia,Australia,Sydney,FCT025,Sydney Soap Plant,LN0074,Line-2,2026-07-06 08:00:00,2026-07-06,8,Morning,Charcoal Bar Soap,1.51,60.0,11.0,Changeover/Setup,49.0,91,75,3,72,4.03,96.0,82.42,81.67,101.37,79.48,6.46,24.97,1
PureGlow Soaps International (Fictional Dummy Company),Global Manufacturing Head - PureGlow Soaps,Australia,Australia,Sydney,FCT025,Sydney Soap Plant,LN0075,Line-3,2026-07-06 08:00:00,2026-07-06,8,Morning,Lemon Bar Soap,1.35,60.0,18.5,Material Shortage,41.5,81,53,2,51,3.59,96.23,65.43,69.17,94.6,62.97,5.13,25.26,2
PureGlow Soaps International (Fictional Dummy Company),Global Manufacturing Head - PureGlow Soaps,Australia,Australia,Sydney,FCT025,Sydney Soap Plant,LN0073,Line-1,2026-07-06 09:00:00,2026-07-06,9,Morning,Coconut Bar Soap,1.18,60.0,12.1,Quality Hold,47.9,71,56,4,52,7.64,92.86,78.87,79.83,99.08,73.45,5.24,17.44,2
PureGlow Soaps International (Fictional Dummy Company),Global Manufacturing Head - PureGlow Soaps,Australia,Australia,Sydney,FCT025,Sydney Soap Plant,LN0074,Line-2,2026-07-06 09:00:00,2026-07-06,9,Morning,Charcoal Bar Soap,1.51,60.0,24.7,Staff Shortage,35.3,91,51,3,48,5.79,94.12,56.04,58.83,95.68,52.98,4.45,19.1,2
PureGlow Soaps International (Fictional Dummy Company),Global Manufacturing Head - PureGlow Soaps,Australia,Australia,Sydney,FCT025,Sydney Soap Plant,LN0075,Line-3,2026-07-06 09:00:00,2026-07-06,9,Morning,Lemon Bar Soap,1.35,60.0,38.7,Preventive Maintenance,21.3,81,25,0,25,1.24,100.0,30.86,35.5,86.94,30.86,2.37,12.97,2
PureGlow Soaps International (Fictional Dummy Company),Global Manufacturing Head - PureGlow Soaps,Australia,Australia,Sydney,FCT025,Sydney Soap Plant,LN0073,Line-1,2026-07-06 10:00:00,2026-07-06,10,Morning,Coconut Bar Soap,1.18,60.0,12.4,Changeover/Setup,47.6,71,56,1,55,2.45,98.21,78.87,79.33,99.7,77.68,5.84,19.72,2
PureGlow Soaps International (Fictional Dummy Company),Global Manufacturing Head - PureGlow Soaps,Australia,Australia,Sydney,FCT025,Sydney Soap Plant,LN0074,Line-2,2026-07-06 10:00:00,2026-07-06,10,Morning,Charcoal Bar Soap,1.51,60.0,13.1,Material Shortage,46.9,91,58,2,56,2.86,96.55,63.74,78.17,81.9,61.81,6.28,23.12,2
PureGlow Soaps International (Fictional Dummy Company),Global Manufacturing Head - PureGlow Soaps,Australia,Australia,Sydney,FCT025,Sydney Soap Plant,LN0075,Line-3,2026-07-06 10:00:00,2026-07-06,10,Morning,Lemon Bar Soap,1.35,60.0,31.3,Machine Breakdown,28.7,81,36,1,35,4.16,97.22,44.44,47.83,92.92,43.21,3.57,19.09,1
PureGlow Soaps International (Fictional Dummy Company),Global Manufacturing Head - PureGlow Soaps,Australia,Australia,Sydney,FCT025,Sydney Soap Plant,LN0073,Line-1,2026-07-06 11:00:00,2026-07-06,11,Morning,Coconut Bar Soap,1.18,60.0,30.6,Machine Breakdown,29.4,71,33,0,33,1.5,100.0,46.48,49.0,95.12,46.61,3.22,12.24,1
PureGlow Soaps International (Fictional Dummy Company),Global Manufacturing Head - PureGlow Soaps,Australia,Australia,Sydney,FCT025,Sydney Soap Plant,LN0074,Line-2,2026-07-06 11:00:00,2026-07-06,11,Morning,Charcoal Bar Soap,1.51,60.0,3.5,No Downtime,56.5,91,69,1,68,1.7,98.55,75.82,94.17,80.88,75.06,6.6,28.22,1
PureGlow Soaps International (Fictional Dummy Company),Global Manufacturing Head - PureGlow Soaps,Australia,Australia,Sydney,FCT025,Sydney Soap Plant,LN0075,Line-3,2026-07-06 11:00:00,2026-07-06,11,Morning,Lemon Bar Soap,1.35,60.0,3.3,No Downtime,56.7,81,77,3,74,3.84,96.1,95.06,94.5,100.59,91.35,6.56,35.44,1
PureGlow Soaps International (Fictional Dummy Company),Global Manufacturing Head - PureGlow Soaps,Australia,Australia,Sydney,FCT025,Sydney Soap Plant,LN0073,Line-1,2026-07-06 12:00:00,2026-07-06,12,Morning,Coconut Bar Soap,1.18,60.0,24.8,Machine Breakdown,35.2,71,42,1,41,1.92,97.62,59.15,58.67,101.12,57.92,3.91,13.1,1
PureGlow Soaps International (Fictional Dummy Company),Global Manufacturing Head - PureGlow Soaps,Australia,Australia,Sydney,FCT025,Sydney Soap Plant,LN0074,Line-2,2026-07-06 12:00:00,2026-07-06,12,Morning,Charcoal Bar Soap,1.51,60.0,3.3,No Downtime,56.7,91,72,2,70,2.33,97.22,79.12,94.5,84.1,77.27,7.84,28.62,2
PureGlow Soaps International (Fictional Dummy Company),Global Manufacturing Head - PureGlow Soaps,Australia,Australia,Sydney,FCT025,Sydney Soap Plant,LN0075,Line-3,2026-07-06 12:00:00,2026-07-06,12,Morning,Lemon Bar Soap,1.35,60.0,3.1,No Downtime,56.9,81,64,3,61,4.15,95.31,79.01,94.83,83.32,75.31,6.31,35.83,1
PureGlow Soaps International (Fictional Dummy Company),Global Manufacturing Head - PureGlow Soaps,Australia,Australia,Sydney,FCT025,Sydney Soap Plant,LN0073,Line-1,2026-07-06 13:00:00,2026-07-06,13,Morning,Coconut Bar Soap,1.18,60.0,3.8,No Downtime,56.2,71,56,2,54,2.85,96.43,78.87,93.67,84.44,76.27,5.42,22.05,1
PureGlow Soaps International (Fictional Dummy Company),Global Manufacturing Head - PureGlow Soaps,Australia,Australia,Sydney,FCT025,Sydney Soap Plant,LN0074,Line-2,2026-07-06 13:00:00,2026-07-06,13,Morning,Charcoal Bar Soap,1.51,60.0,5.6,Quality Hold,54.4,91,78,9,69,10.93,88.46,85.71,90.67,94.96,76.16,7.55,28.76,3
PureGlow Soaps International (Fictional Dummy Company),Global Manufacturing Head - PureGlow Soaps,Australia,Australia,Sydney,FCT025,Sydney Soap Plant,LN0075,Line-3,2026-07-06 13:00:00,2026-07-06,13,Morning,Lemon Bar Soap,1.35,60.0,38.7,Preventive Maintenance,21.3,81,26,0,26,1.76,100.0,32.1,35.5,90.42,32.1,2.74,13.49,3
PureGlow Soaps International (Fictional Dummy Company),Global Manufacturing Head - PureGlow Soaps,Australia,Australia,Sydney,FCT025,Sydney Soap Plant,LN0073,Line-1,2026-07-06 14:00:00,2026-07-06,14,Afternoon,Coconut Bar Soap,1.18,60.0,17.1,Changeover/Setup,42.9,71,42,2,40,3.61,95.24,59.15,71.5,82.97,56.5,3.98,18.36,3
PureGlow Soaps International (Fictional Dummy Company),Global Manufacturing Head - PureGlow Soaps,Australia,Australia,Sydney,FCT025,Sydney Soap Plant,LN0074,Line-2,2026-07-06 14:00:00,2026-07-06,14,Afternoon,Charcoal Bar Soap,1.51,60.0,1.2,No Downtime,58.8,91,88,3,85,3.1,96.59,96.7,98.0,99.11,93.82,7.83,29.5,1
PureGlow Soaps International (Fictional Dummy Company),Global Manufacturing Head - PureGlow Soaps,Australia,Australia,Sydney,FCT025,Sydney Soap Plant,LN0075,Line-3,2026-07-06 14:00:00,2026-07-06,14,Afternoon,Lemon Bar Soap,1.35,60.0,33.8,Machine Breakdown,26.2,81,30,1,29,3.06,96.67,37.04,43.67,84.82,35.81,3.08,15.48,2
PureGlow Soaps International (Fictional Dummy Company),Global Manufacturing Head - PureGlow Soaps,Australia,Australia,Sydney,FCT025,Sydney Soap Plant,LN0073,Line-1,2026-07-06 15:00:00,2026-07-06,15,Afternoon,Coconut Bar Soap,1.18,60.0,0.7,No Downtime,59.3,71,58,2,56,2.64,96.55,81.69,98.83,82.89,79.09,6.21,21.09,2
PureGlow Soaps International (Fictional Dummy Company),Global Manufacturing Head - PureGlow Soaps,Australia,Australia,Sydney,FCT025,Sydney Soap Plant,LN0074,Line-2,2026-07-06 15:00:00,2026-07-06,15,Afternoon,Charcoal Bar Soap,1.51,60.0,1.7,No Downtime,58.3,91,83,2,81,2.54,97.59,91.21,97.17,94.28,89.4,8.33,31.37,1
PureGlow Soaps International (Fictional Dummy Company),Global Manufacturing Head - PureGlow Soaps,Australia,Australia,Sydney,FCT025,Sydney Soap Plant,LN0075,Line-3,2026-07-06 15:00:00,2026-07-06,15,Afternoon,Lemon Bar Soap,1.35,60.0,19.4,Material Shortage,40.6,81,51,0,51,0.8,100.0,62.96,67.67,93.05,62.97,4.89,23.43,2
PureGlow Soaps International (Fictional Dummy Company),Global Manufacturing Head - PureGlow Soaps,Australia,Australia,Sydney,FCT025,Sydney Soap Plant,LN0073,Line-1,2026-07-06 16:00:00,2026-07-06,16,Afternoon,Coconut Bar Soap,1.18,60.0,19.4,Changeover/Setup,40.6,71,49,1,48,2.88,97.96,69.01,67.67,102.28,67.8,4.38,14.8,3
PureGlow Soaps International (Fictional Dummy Company),Global Manufacturing Head - PureGlow Soaps,Australia,Australia,Sydney,FCT025,Sydney Soap Plant,LN0074,Line-2,2026-07-06 16:00:00,2026-07-06,16,Afternoon,Charcoal Bar Soap,1.51,60.0,19.7,Changeover/Setup,40.3,91,56,2,54,3.58,96.43,61.54,67.17,92.03,59.61,4.91,18.89,3
PureGlow Soaps International (Fictional Dummy Company),Global Manufacturing Head - PureGlow Soaps,Australia,Australia,Sydney,FCT025,Sydney Soap Plant,LN0075,Line-3,2026-07-06 16:00:00,2026-07-06,16,Afternoon,Lemon Bar Soap,1.35,60.0,2.5,No Downtime,57.5,81,66,2,64,2.4,96.97,81.48,95.83,85.02,79.01,6.01,38.52,3
PureGlow Soaps International (Fictional Dummy Company),Global Manufacturing Head - PureGlow Soaps,Australia,Australia,Sydney,FCT025,Sydney Soap Plant,LN0073,Line-1,2026-07-06 17:00:00,2026-07-06,17,Afternoon,Coconut Bar Soap,1.18,60.0,12.7,Staff Shortage,47.3,71,48,2,46,5.06,95.83,67.61,78.83,86.0,64.97,5.27,19.83,2
PureGlow Soaps International (Fictional Dummy Company),Global Manufacturing Head - PureGlow Soaps,Australia,Australia,Sydney,FCT025,Sydney Soap Plant,LN0074,Line-2,2026-07-06 17:00:00,2026-07-06,17,Afternoon,Charcoal Bar Soap,1.51,60.0,1.4,No Downtime,58.6,91,73,2,71,3.37,97.26,80.22,97.67,82.5,78.37,6.44,30.94,3
PureGlow Soaps International (Fictional Dummy Company),Global Manufacturing Head - PureGlow Soaps,Australia,Australia,Sydney,FCT025,Sydney Soap Plant,LN0075,Line-3,2026-07-06 17:00:00,2026-07-06,17,Afternoon,Lemon Bar Soap,1.35,60.0,5.8,Power Outage,54.2,81,69,2,67,2.31,97.1,85.19,90.33,94.3,82.71,7.24,34.94,1
PureGlow Soaps International (Fictional Dummy Company),Global Manufacturing Head - PureGlow Soaps,Australia,Australia,Sydney,FCT025,Sydney Soap Plant,LN0073,Line-1,2026-07-06 18:00:00,2026-07-06,18,Afternoon,Coconut Bar Soap,1.18,60.0,23.0,Preventive Maintenance,37.0,71,43,2,41,5.01,95.35,60.56,61.67,98.49,57.91,3.68,15.43,1
PureGlow Soaps International (Fictional Dummy Company),Global Manufacturing Head - PureGlow Soaps,Australia,Australia,Sydney,FCT025,Sydney Soap Plant,LN0074,Line-2,2026-07-06 18:00:00,2026-07-06,18,Afternoon,Charcoal Bar Soap,1.51,60.0,27.7,Machine Breakdown,32.3,91,44,1,43,2.44,97.73,48.35,53.83,90.21,47.46,3.92,16.25,3
PureGlow Soaps International (Fictional Dummy Company),Global Manufacturing Head - PureGlow Soaps,Australia,Australia,Sydney,FCT025,Sydney Soap Plant,LN0075,Line-3,2026-07-06 18:00:00,2026-07-06,18,Afternoon,Lemon Bar Soap,1.35,60.0,10.3,Material Shortage,49.7,81,67,3,64,4.33,95.52,82.72,82.83,99.86,79.01,6.56,33.05,3
PureGlow Soaps International (Fictional Dummy Company),Global Manufacturing Head - PureGlow Soaps,Australia,Australia,Sydney,FCT025,Sydney Soap Plant,LN0073,Line-1,2026-07-06 19:00:00,2026-07-06,19,Afternoon,Coconut Bar Soap,1.18,60.0,21.2,Staff Shortage,38.8,71,47,1,46,2.51,97.87,66.2,64.67,102.66,64.98,5.15,16.69,1
PureGlow Soaps International (Fictional Dummy Company),Global Manufacturing Head - PureGlow Soaps,Australia,Australia,Sydney,FCT025,Sydney Soap Plant,LN0074,Line-2,2026-07-06 19:00:00,2026-07-06,19,Afternoon,Charcoal Bar Soap,1.51,60.0,0.3,No Downtime,59.7,91,82,3,79,4.19,96.34,90.11,99.5,90.96,87.19,8.25,28.23,1
PureGlow Soaps International (Fictional Dummy Company),Global Manufacturing Head - PureGlow Soaps,Australia,Australia,Sydney,FCT025,Sydney Soap Plant,LN0075,Line-3,2026-07-06 19:00:00,2026-07-06,19,Afternoon,Lemon Bar Soap,1.35,60.0,0.0,No Downtime,60.0,81,75,3,72,3.48,96.0,92.59,100.0,92.59,88.89,6.39,34.05,2
PureGlow Soaps International (Fictional Dummy Company),Global Manufacturing Head - PureGlow Soaps,Australia,Australia,Sydney,FCT025,Sydney Soap Plant,LN0073,Line-1,2026-07-06 20:00:00,2026-07-06,20,Afternoon,Coconut Bar Soap,1.18,60.0,13.0,Machine Breakdown,47.0,71,48,2,46,3.39,95.83,67.61,78.33,86.55,64.97,4.81,19.59,3
PureGlow Soaps International (Fictional Dummy Company),Global Manufacturing Head - PureGlow Soaps,Australia,Australia,Sydney,FCT025,Sydney Soap Plant,LN0074,Line-2,2026-07-06 20:00:00,2026-07-06,20,Afternoon,Charcoal Bar Soap,1.51,60.0,9.8,Power Outage,50.2,91,78,1,77,1.58,98.72,85.71,83.67,102.9,84.99,6.67,24.68,2
PureGlow Soaps International (Fictional Dummy Company),Global Manufacturing Head - PureGlow Soaps,Australia,Australia,Sydney,FCT025,Sydney Soap Plant,LN0075,Line-3,2026-07-06 20:00:00,2026-07-06,20,Afternoon,Lemon Bar Soap,1.35,60.0,10.3,Quality Hold,49.7,81,60,3,57,4.95,95.0,74.07,82.83,89.43,70.37,6.59,27.71,3
PureGlow Soaps International (Fictional Dummy Company),Global Manufacturing Head - PureGlow Soaps,Australia,Australia,Sydney,FCT025,Sydney Soap Plant,LN0073,Line-1,2026-07-06 21:00:00,2026-07-06,21,Afternoon,Coconut Bar Soap,1.18,60.0,0.8,No Downtime,59.2,71,67,2,65,3.57,97.01,94.37,98.67,95.91,91.8,6.05,24.59,1
PureGlow Soaps International (Fictional Dummy Company),Global Manufacturing Head - PureGlow Soaps,Australia,Australia,Sydney,FCT025,Sydney Soap Plant,LN0074,Line-2,2026-07-06 21:00:00,2026-07-06,21,Afternoon,Charcoal Bar Soap,1.51,60.0,22.7,Power Outage,37.3,91,49,1,48,2.88,97.96,53.85,62.17,87.0,52.98,4.36,17.13,1
PureGlow Soaps International (Fictional Dummy Company),Global Manufacturing Head - PureGlow Soaps,Australia,Australia,Sydney,FCT025,Sydney Soap Plant,LN0075,Line-3,2026-07-06 21:00:00,2026-07-06,21,Afternoon,Lemon Bar Soap,1.35,60.0,2.1,No Downtime,57.9,81,78,4,74,4.53,94.87,96.3,96.5,99.79,91.36,8.02,35.65,1
PureGlow Soaps International (Fictional Dummy Company),Global Manufacturing Head - PureGlow Soaps,Australia,Australia,Sydney,FCT025,Sydney Soap Plant,LN0073,Line-1,2026-07-06 22:00:00,2026-07-06,22,Night,Coconut Bar Soap,1.18,60.0,1.4,No Downtime,58.6,71,63,1,62,1.09,98.41,88.73,97.67,91.11,87.57,5.36,24.77,1
PureGlow Soaps International (Fictional Dummy Company),Global Manufacturing Head - PureGlow Soaps,Australia,Australia,Sydney,FCT025,Sydney Soap Plant,LN0074,Line-2,2026-07-06 22:00:00,2026-07-06,22,Night,Charcoal Bar Soap,1.51,60.0,1.2,No Downtime,58.8,91,82,3,79,4.11,96.34,90.11,98.0,92.35,87.19,8.95,29.35,2
PureGlow Soaps International (Fictional Dummy Company),Global Manufacturing Head - PureGlow Soaps,Australia,Australia,Sydney,FCT025,Sydney Soap Plant,LN0075,Line-3,2026-07-06 22:00:00,2026-07-06,22,Night,Lemon Bar Soap,1.35,60.0,17.3,Material Shortage,42.7,81,56,0,56,0.33,100.0,69.14,71.17,97.15,69.14,4.81,26.01,1
PureGlow Soaps International (Fictional Dummy Company),Global Manufacturing Head - PureGlow Soaps,Australia,Australia,Sydney,FCT025,Sydney Soap Plant,LN0073,Line-1,2026-07-06 23:00:00,2026-07-06,23,Night,Coconut Bar Soap,1.18,60.0,32.0,Machine Breakdown,28.0,71,33,1,32,2.88,96.97,46.48,46.67,99.88,45.2,3.0,10.29,2
PureGlow Soaps International (Fictional Dummy Company),Global Manufacturing Head - PureGlow Soaps,Australia,Australia,Sydney,FCT025,Sydney Soap Plant,LN0074,Line-2,2026-07-06 23:00:00,2026-07-06,23,Night,Charcoal Bar Soap,1.51,60.0,2.5,No Downtime,57.5,91,81,2,79,2.0,97.53,89.01,95.83,93.29,87.19,7.41,27.2,1
PureGlow Soaps International (Fictional Dummy Company),Global Manufacturing Head - PureGlow Soaps,Australia,Australia,Sydney,FCT025,Sydney Soap Plant,LN0075,Line-3,2026-07-06 23:00:00,2026-07-06,23,Night,Lemon Bar Soap,1.35,60.0,24.1,Material Shortage,35.9,81,46,1,45,1.51,97.83,56.79,59.83,94.91,55.55,4.09,23.01,3
PureGlow Soaps International (Fictional Dummy Company),Global Manufacturing Head - PureGlow Soaps,Australia,Australia,Sydney,FCT025,Sydney Soap Plant,LN0073,Line-1,2026-07-07 00:00:00,2026-07-07,0,Night,Sandalwood Bar Soap,1.18,60.0,32.7,Material Shortage,27.3,71,28,1,27,2.48,96.43,39.44,45.5,86.92,38.14,2.88,11.58,3
PureGlow Soaps International (Fictional Dummy Company),Global Manufacturing Head - PureGlow Soaps,Australia,Australia,Sydney,FCT025,Sydney Soap Plant,LN0074,Line-2,2026-07-07 00:00:00,2026-07-07,0,Night,Sandalwood Bar Soap,1.51,60.0,3.5,No Downtime,56.5,91,83,1,82,1.34,98.8,91.21,94.17,97.29,90.52,9.11,30.62,2
PureGlow Soaps International (Fictional Dummy Company),Global Manufacturing Head - PureGlow Soaps,Australia,Australia,Sydney,FCT025,Sydney Soap Plant,LN0075,Line-3,2026-07-07 00:00:00,2026-07-07,0,Night,Charcoal Bar Soap,1.35,60.0,2.3,No Downtime,57.7,81,75,3,72,3.79,96.0,92.59,96.17,96.28,88.89,7.93,31.97,2
PureGlow Soaps International (Fictional Dummy Company),Global Manufacturing Head - PureGlow Soaps,Australia,Australia,Sydney,FCT025,Sydney Soap Plant,LN0073,Line-1,2026-07-07 01:00:00,2026-07-07,1,Night,Sandalwood Bar Soap,1.18,60.0,3.7,No Downtime,56.3,71,68,2,66,2.25,97.06,95.77,93.83,102.36,93.22,6.54,21.63,3
PureGlow Soaps International (Fictional Dummy Company),Global Manufacturing Head - PureGlow Soaps,Australia,Australia,Sydney,FCT025,Sydney Soap Plant,LN0074,Line-2,2026-07-07 01:00:00,2026-07-07,1,Night,Sandalwood Bar Soap,1.51,60.0,3.4,No Downtime,56.6,91,69,2,67,3.01,97.1,75.82,94.33,80.73,73.94,7.55,30.99,2
PureGlow Soaps International (Fictional Dummy Company),Global Manufacturing Head - PureGlow Soaps,Australia,Australia,Sydney,FCT025,Sydney Soap Plant,LN0075,Line-3,2026-07-07 01:00:00,2026-07-07,1,Night,Charcoal Bar Soap,1.35,60.0,3.2,No Downtime,56.8,81,68,2,66,2.78,97.06,83.95,94.67,88.68,81.49,7.26,31.65,3
PureGlow Soaps International (Fictional Dummy Company),Global Manufacturing Head - PureGlow Soaps,Australia,Australia,Sydney,FCT025,Sydney Soap Plant,LN0073,Line-1,2026-07-07 02:00:00,2026-07-07,2,Night,Sandalwood Bar Soap,1.18,60.0,30.2,Machine Breakdown,29.8,71,29,2,27,5.32,93.1,40.85,49.67,82.47,38.14,2.8,11.22,1
PureGlow Soaps International (Fictional Dummy Company),Global Manufacturing Head - PureGlow Soaps,Australia,Australia,Sydney,FCT025,Sydney Soap Plant,LN0074,Line-2,2026-07-07 02:00:00,2026-07-07,2,Night,Sandalwood Bar Soap,1.51,60.0,22.5,Material Shortage,37.5,91,49,2,47,4.71,95.92,53.85,62.5,86.53,51.87,5.08,17.34,1
PureGlow Soaps International (Fictional Dummy Company),Global Manufacturing Head - PureGlow Soaps,Australia,Australia,Sydney,FCT025,Sydney Soap Plant,LN0075,Line-3,2026-07-07 02:00:00,2026-07-07,2,Night,Charcoal Bar Soap,1.35,60.0,0.8,No Downtime,59.2,81,74,3,71,4.55,95.95,91.36,98.67,92.59,87.66,7.15,36.33,2
PureGlow Soaps International (Fictional Dummy Company),Global Manufacturing Head - PureGlow Soaps,Australia,Australia,Sydney,FCT025,Sydney Soap Plant,LN0073,Line-1,2026-07-07 03:00:00,2026-07-07,3,Night,Sandalwood Bar Soap,1.18,60.0,15.0,Changeover/Setup,45.0,71,47,2,45,4.28,95.74,66.2,75.0,88.51,63.55,4.69,17.65,2
PureGlow Soaps International (Fictional Dummy Company),Global Manufacturing Head - PureGlow Soaps,Australia,Australia,Sydney,FCT025,Sydney Soap Plant,LN0074,Line-2,2026-07-07 03:00:00,2026-07-07,3,Night,Sandalwood Bar Soap,1.51,60.0,14.6,Machine Breakdown,45.4,91,57,3,54,5.11,94.74,62.64,75.67,83.15,59.61,5.49,24.21,1
PureGlow Soaps International (Fictional Dummy Company),Global Manufacturing Head - PureGlow Soaps,Australia,Australia,Sydney,FCT025,Sydney Soap Plant,LN0075,Line-3,2026-07-07 03:00:00,2026-07-07,3,Night,Charcoal Bar Soap,1.35,60.0,3.8,No Downtime,56.2,81,66,3,63,4.53,95.45,81.48,93.67,86.99,77.78,6.62,37.33,1
PureGlow Soaps International (Fictional Dummy Company),Global Manufacturing Head - PureGlow Soaps,Australia,Australia,Sydney,FCT025,Sydney Soap Plant,LN0073,Line-1,2026-07-07 04:00:00,2026-07-07,4,Night,Sandalwood Bar Soap,1.18,60.0,3.6,No Downtime,56.4,71,56,1,55,2.3,98.21,78.87,94.0,84.14,77.68,5.56,23.52,1
PureGlow Soaps International (Fictional Dummy Company),Global Manufacturing Head - PureGlow Soaps,Australia,Australia,Sydney,FCT025,Sydney Soap Plant,LN0074,Line-2,2026-07-07 04:00:00,2026-07-07,4,Night,Sandalwood Bar Soap,1.51,60.0,0.0,No Downtime,60.0,91,89,3,86,3.44,96.63,97.8,100.0,98.23,94.92,9.48,27.27,2
PureGlow Soaps International (Fictional Dummy Company),Global Manufacturing Head - PureGlow Soaps,Australia,Australia,Sydney,FCT025,Sydney Soap Plant,LN0075,Line-3,2026-07-07 04:00:00,2026-07-07,4,Night,Charcoal Bar Soap,1.35,60.0,0.3,No Downtime,59.7,81,78,3,75,3.9,96.15,96.3,99.5,96.78,92.59,7.81,37.36,2
PureGlow Soaps International (Fictional Dummy Company),Global Manufacturing Head - PureGlow Soaps,Australia,Australia,Sydney,FCT025,Sydney Soap Plant,LN0073,Line-1,2026-07-07 05:00:00,2026-07-07,5,Night,Sandalwood Bar Soap,1.18,60.0,6.5,Quality Hold,53.5,71,65,6,59,9.15,90.77,91.55,89.17,102.96,83.34,7.09,22.98,2
PureGlow Soaps International (Fictional Dummy Company),Global Manufacturing Head - PureGlow Soaps,Australia,Australia,Sydney,FCT025,Sydney Soap Plant,LN0074,Line-2,2026-07-07 05:00:00,2026-07-07,5,Night,Sandalwood Bar Soap,1.51,60.0,32.2,Machine Breakdown,27.8,91,41,2,39,3.99,95.12,45.05,46.33,97.67,43.04,4.45,13.86,3
PureGlow Soaps International (Fictional Dummy Company),Global Manufacturing Head - PureGlow Soaps,Australia,Australia,Sydney,FCT025,Sydney Soap Plant,LN0075,Line-3,2026-07-07 05:00:00,2026-07-07,5,Night,Charcoal Bar Soap,1.35,60.0,20.7,Material Shortage,39.3,81,46,2,44,3.31,95.65,56.79,65.5,86.7,54.32,3.96,22.76,3
PureGlow Soaps International (Fictional Dummy Company),Global Manufacturing Head - PureGlow Soaps,Australia,Australia,Sydney,FCT025,Sydney Soap Plant,LN0073,Line-1,2026-07-07 06:00:00,2026-07-07,6,Morning,Sandalwood Bar Soap,1.18,60.0,2.5,No Downtime,57.5,71,67,2,65,3.4,97.01,94.37,95.83,98.75,91.8,6.14,20.47,2
PureGlow Soaps International (Fictional Dummy Company),Global Manufacturing Head - PureGlow Soaps,Australia,Australia,Sydney,FCT025,Sydney Soap Plant,LN0074,Line-2,2026-07-07 06:00:00,2026-07-07,6,Morning,Sandalwood Bar Soap,1.51,60.0,27.7,Material Shortage,32.3,91,42,2,40,4.57,95.24,46.15,53.83,86.11,44.15,4.47,16.95,2
PureGlow Soaps International (Fictional Dummy Company),Global Manufacturing Head - PureGlow Soaps,Australia,Australia,Sydney,FCT025,Sydney Soap Plant,LN0075,Line-3,2026-07-07 06:00:00,2026-07-07,6,Morning,Charcoal Bar Soap,1.35,60.0,16.3,Material Shortage,43.7,81,52,1,51,1.87,98.08,64.2,72.83,88.14,62.96,4.63,26.17,3
PureGlow Soaps International (Fictional Dummy Company),Global Manufacturing Head - PureGlow Soaps,Australia,Australia,Sydney,FCT025,Sydney Soap Plant,LN0073,Line-1,2026-07-07 07:00:00,2026-07-07,7,Morning,Sandalwood Bar Soap,1.18,60.0,18.6,Changeover/Setup,41.4,71,43,1,42,3.24,97.67,60.56,69.0,88.02,59.32,4.55,16.28,3
PureGlow Soaps International (Fictional Dummy Company),Global Manufacturing Head - PureGlow Soaps,Australia,Australia,Sydney,FCT025,Sydney Soap Plant,LN0074,Line-2,2026-07-07 07:00:00,2026-07-07,7,Morning,Sandalwood Bar Soap,1.51,60.0,27.5,Preventive Maintenance,32.5,91,46,1,45,2.8,97.83,50.55,54.17,93.73,49.67,4.05,15.48,2
PureGlow Soaps International (Fictional Dummy Company),Global Manufacturing Head - PureGlow Soaps,Australia,Australia,Sydney,FCT025,Sydney Soap Plant,LN0075,Line-3,2026-07-07 07:00:00,2026-07-07,7,Morning,Charcoal Bar Soap,1.35,60.0,17.5,Changeover/Setup,42.5,81,46,2,44,4.26,95.65,56.79,70.83,80.17,54.31,4.81,26.39,1
PureGlow Soaps International (Fictional Dummy Company),Global Manufacturing Head - PureGlow Soaps,Australia,Australia,Sydney,FCT025,Sydney Soap Plant,LN0073,Line-1,2026-07-07 08:00:00,2026-07-07,8,Morning,Sandalwood Bar Soap,1.18,60.0,2.9,No Downtime,57.1,71,61,2,59,3.65,96.72,85.92,95.17,90.53,83.33,6.62,22.06,1
PureGlow Soaps International (Fictional Dummy Company),Global Manufacturing Head - PureGlow Soaps,Australia,Australia,Sydney,FCT025,Sydney Soap Plant,LN0074,Line-2,2026-07-07 08:00:00,2026-07-07,8,Morning,Sandalwood Bar Soap,1.51,60.0,10.1,Quality Hold,49.9,91,77,4,73,5.69,94.81,84.62,83.17,102.19,80.58,7.73,27.2,2
PureGlow Soaps International (Fictional Dummy Company),Global Manufacturing Head - PureGlow Soaps,Australia,Australia,Sydney,FCT025,Sydney Soap Plant,LN0075,Line-3,2026-07-07 08:00:00,2026-07-07,8,Morning,Charcoal Bar Soap,1.35,60.0,1.1,No Downtime,58.9,81,68,4,64,5.19,94.12,83.95,98.17,85.52,79.02,7.14,35.65,1
PureGlow Soaps International (Fictional Dummy Company),Global Manufacturing Head - PureGlow Soaps,Australia,Australia,Sydney,FCT025,Sydney Soap Plant,LN0073,Line-1,2026-07-07 09:00:00,2026-07-07,9,Morning,Sandalwood Bar Soap,1.18,60.0,3.0,No Downtime,57.0,71,63,3,60,4.28,95.24,88.73,95.0,93.67,84.75,6.24,24.4,2
PureGlow Soaps International (Fictional Dummy Company),Global Manufacturing Head - PureGlow Soaps,Australia,Australia,Sydney,FCT025,Sydney Soap Plant,LN0074,Line-2,2026-07-07 09:00:00,2026-07-07,9,Morning,Sandalwood Bar Soap,1.51,60.0,18.5,Quality Hold,41.5,91,51,3,48,6.49,94.12,56.04,69.17,81.39,52.99,5.54,19.44,3
PureGlow Soaps International (Fictional Dummy Company),Global Manufacturing Head - PureGlow Soaps,Australia,Australia,Sydney,FCT025,Sydney Soap Plant,LN0075,Line-3,2026-07-07 09:00:00,2026-07-07,9,Morning,Charcoal Bar Soap,1.35,60.0,0.8,No Downtime,59.2,81,65,1,64,2.13,98.46,80.25,98.67,81.33,79.01,6.26,39.42,3
PureGlow Soaps International (Fictional Dummy Company),Global Manufacturing Head - PureGlow Soaps,Australia,Australia,Sydney,FCT025,Sydney Soap Plant,LN0073,Line-1,2026-07-07 10:00:00,2026-07-07,10,Morning,Sandalwood Bar Soap,1.18,60.0,24.6,Preventive Maintenance,35.4,71,39,1,38,3.14,97.44,54.93,59.0,93.36,53.67,4.07,15.08,3
PureGlow Soaps International (Fictional Dummy Company),Global Manufacturing Head - PureGlow Soaps,Australia,Australia,Sydney,FCT025,Sydney Soap Plant,LN0074,Line-2,2026-07-07 10:00:00,2026-07-07,10,Morning,Sandalwood Bar Soap,1.51,60.0,24.7,Machine Breakdown,35.3,91,44,2,42,4.79,95.45,48.35,58.83,82.55,46.35,3.74,17.88,1
PureGlow Soaps International (Fictional Dummy Company),Global Manufacturing Head - PureGlow Soaps,Australia,Australia,Sydney,FCT025,Sydney Soap Plant,LN0075,Line-3,2026-07-07 10:00:00,2026-07-07,10,Morning,Charcoal Bar Soap,1.35,60.0,11.0,Quality Hold,49.0,81,59,4,55,6.51,93.22,72.84,81.67,89.19,67.9,6.28,28.49,1
PureGlow Soaps International (Fictional Dummy Company),Global Manufacturing Head - PureGlow Soaps,Australia,Australia,Sydney,FCT025,Sydney Soap Plant,LN0073,Line-1,2026-07-07 11:00:00,2026-07-07,11,Morning,Sandalwood Bar Soap,1.18,60.0,12.0,Changeover/Setup,48.0,71,52,1,51,2.45,98.08,73.24,80.0,91.81,72.04,4.97,20.75,3
PureGlow Soaps International (Fictional Dummy Company),Global Manufacturing Head - PureGlow Soaps,Australia,Australia,Sydney,FCT025,Sydney Soap Plant,LN0074,Line-2,2026-07-07 11:00:00,2026-07-07,11,Morning,Sandalwood Bar Soap,1.51,60.0,40.1,Machine Breakdown,19.9,91,29,2,27,5.76,93.1,31.87,33.17,96.51,29.8,2.47,10.77,1
PureGlow Soaps International (Fictional Dummy Company),Global Manufacturing Head - PureGlow Soaps,Australia,Australia,Sydney,FCT025,Sydney Soap Plant,LN0075,Line-3,2026-07-07 11:00:00,2026-07-07,11,Morning,Charcoal Bar Soap,1.35,60.0,8.2,Changeover/Setup,51.8,81,59,3,56,5.04,94.92,72.84,86.33,84.37,69.14,5.9,30.29,3
PureGlow Soaps International (Fictional Dummy Company),Global Manufacturing Head - PureGlow Soaps,Australia,Australia,Sydney,FCT025,Sydney Soap Plant,LN0073,Line-1,2026-07-07 12:00:00,2026-07-07,12,Morning,Sandalwood Bar Soap,1.18,60.0,3.4,No Downtime,56.6,71,67,3,64,4.47,95.52,94.37,94.33,100.32,90.39,5.99,21.85,3
PureGlow Soaps International (Fictional Dummy Company),Global Manufacturing Head - PureGlow Soaps,Australia,Australia,Sydney,FCT025,Sydney Soap Plant,LN0074,Line-2,2026-07-07 12:00:00,2026-07-07,12,Morning,Sandalwood Bar Soap,1.51,60.0,34.9,Material Shortage,25.1,91,32,1,31,3.77,96.88,35.16,41.83,84.43,34.22,3.07,13.55,1
PureGlow Soaps International (Fictional Dummy Company),Global Manufacturing Head - PureGlow Soaps,Australia,Australia,Sydney,FCT025,Sydney Soap Plant,LN0075,Line-3,2026-07-07 12:00:00,2026-07-07,12,Morning,Charcoal Bar Soap,1.35,60.0,31.0,Material Shortage,29.0,81,40,1,39,2.18,97.5,49.38,48.33,102.17,48.14,4.32,17.86,3
PureGlow Soaps International (Fictional Dummy Company),Global Manufacturing Head - PureGlow Soaps,Australia,Australia,Sydney,FCT025,Sydney Soap Plant,LN0073,Line-1,2026-07-07 13:00:00,2026-07-07,13,Morning,Sandalwood Bar Soap,1.18,60.0,3.1,No Downtime,56.9,71,54,2,52,4.07,96.3,76.06,94.83,80.43,73.45,5.57,24.19,2
PureGlow Soaps International (Fictional Dummy Company),Global Manufacturing Head - PureGlow Soaps,Australia,Australia,Sydney,FCT025,Sydney Soap Plant,LN0074,Line-2,2026-07-07 13:00:00,2026-07-07,13,Morning,Sandalwood Bar Soap,1.51,60.0,2.9,No Downtime,57.1,91,83,3,80,3.39,96.39,91.21,95.17,96.26,88.3,9.06,27.63,2
PureGlow Soaps International (Fictional Dummy Company),Global Manufacturing Head - PureGlow Soaps,Australia,Australia,Sydney,FCT025,Sydney Soap Plant,LN0075,Line-3,2026-07-07 13:00:00,2026-07-07,13,Morning,Charcoal Bar Soap,1.35,60.0,8.5,Changeover/Setup,51.5,81,63,2,61,3.32,96.83,77.78,85.83,90.61,75.31,5.9,30.56,2
PureGlow Soaps International (Fictional Dummy Company),Global Manufacturing Head - PureGlow Soaps,Australia,Australia,Sydney,FCT025,Sydney Soap Plant,LN0073,Line-1,2026-07-07 14:00:00,2026-07-07,14,Afternoon,Sandalwood Bar Soap,1.18,60.0,27.0,Machine Breakdown,33.0,71,39,1,38,2.59,97.44,54.93,55.0,100.15,53.67,3.66,12.62,3
PureGlow Soaps International (Fictional Dummy Company),Global Manufacturing Head - PureGlow Soaps,Australia,Australia,Sydney,FCT025,Sydney Soap Plant,LN0074,Line-2,2026-07-07 14:00:00,2026-07-07,14,Afternoon,Sandalwood Bar Soap,1.51,60.0,18.9,Preventive Maintenance,41.1,91,64,3,61,4.22,95.31,70.33,68.5,103.12,67.32,6.21,21.48,2
PureGlow Soaps International (Fictional Dummy Company),Global Manufacturing Head - PureGlow Soaps,Australia,Australia,Sydney,FCT025,Sydney Soap Plant,LN0075,Line-3,2026-07-07 14:00:00,2026-07-07,14,Afternoon,Charcoal Bar Soap,1.35,60.0,9.2,Staff Shortage,50.8,81,62,2,60,3.04,96.77,76.54,84.67,90.41,74.08,5.82,28.14,2
PureGlow Soaps International (Fictional Dummy Company),Global Manufacturing Head - PureGlow Soaps,Australia,Australia,Sydney,FCT025,Sydney Soap Plant,LN0073,Line-1,2026-07-07 15:00:00,2026-07-07,15,Afternoon,Sandalwood Bar Soap,1.18,60.0,3.3,No Downtime,56.7,71,65,2,63,2.76,96.92,91.55,94.5,97.15,88.98,6.04,24.03,3
PureGlow Soaps International (Fictional Dummy Company),Global Manufacturing Head - PureGlow Soaps,Australia,Australia,Sydney,FCT025,Sydney Soap Plant,LN0074,Line-2,2026-07-07 15:00:00,2026-07-07,15,Afternoon,Sandalwood Bar Soap,1.51,60.0,7.9,Power Outage,52.1,91,77,2,75,3.0,97.4,84.62,86.83,97.88,82.78,8.03,27.93,3
PureGlow Soaps International (Fictional Dummy Company),Global Manufacturing Head - PureGlow Soaps,Australia,Australia,Sydney,FCT025,Sydney Soap Plant,LN0075,Line-3,2026-07-07 15:00:00,2026-07-07,15,Afternoon,Charcoal Bar Soap,1.35,60.0,32.0,Machine Breakdown,28.0,81,36,1,35,3.51,97.22,44.44,46.67,95.24,43.21,3.79,17.6,2
PureGlow Soaps International (Fictional Dummy Company),Global Manufacturing Head - PureGlow Soaps,Australia,Australia,Sydney,FCT025,Sydney Soap Plant,LN0073,Line-1,2026-07-07 16:00:00,2026-07-07,16,Afternoon,Sandalwood Bar Soap,1.18,60.0,5.8,Quality Hold,54.2,71,52,4,48,7.89,92.31,73.24,90.33,81.31,67.8,4.97,23.05,3
PureGlow Soaps International (Fictional Dummy Company),Global Manufacturing Head - PureGlow Soaps,Australia,Australia,Sydney,FCT025,Sydney Soap Plant,LN0074,Line-2,2026-07-07 16:00:00,2026-07-07,16,Afternoon,Sandalwood Bar Soap,1.51,60.0,7.9,Changeover/Setup,52.1,91,70,2,68,3.38,97.14,76.92,86.83,88.98,75.05,6.95,25.5,3
PureGlow Soaps International (Fictional Dummy Company),Global Manufacturing Head - PureGlow Soaps,Australia,Australia,Sydney,FCT025,Sydney Soap Plant,LN0075,Line-3,2026-07-07 16:00:00,2026-07-07,16,Afternoon,Charcoal Bar Soap,1.35,60.0,15.4,Power Outage,44.6,81,53,1,52,2.2,98.11,65.43,74.33,88.03,64.2,4.69,29.69,1
PureGlow Soaps International (Fictional Dummy Company),Global Manufacturing Head - PureGlow Soaps,Australia,Australia,Sydney,FCT025,Sydney Soap Plant,LN0073,Line-1,2026-07-07 17:00:00,2026-07-07,17,Afternoon,Sandalwood Bar Soap,1.18,60.0,18.1,Quality Hold,41.9,71,50,4,46,8.94,92.0,70.42,69.83,101.13,64.97,4.29,17.44,2
PureGlow Soaps International (Fictional Dummy Company),Global Manufacturing Head - PureGlow Soaps,Australia,Australia,Sydney,FCT025,Sydney Soap Plant,LN0074,Line-2,2026-07-07 17:00:00,2026-07-07,17,Afternoon,Sandalwood Bar Soap,1.51,60.0,14.1,Machine Breakdown,45.9,91,65,3,62,4.24,95.38,71.43,76.5,93.78,68.43,5.88,20.83,1
PureGlow Soaps International (Fictional Dummy Company),Global Manufacturing Head - PureGlow Soaps,Australia,Australia,Sydney,FCT025,Sydney Soap Plant,LN0075,Line-3,2026-07-07 17:00:00,2026-07-07,17,Afternoon,Charcoal Bar Soap,1.35,60.0,0.5,No Downtime,59.5,81,71,2,69,3.08,97.18,87.65,99.17,88.39,85.18,7.57,37.54,2
PureGlow Soaps International (Fictional Dummy Company),Global Manufacturing Head - PureGlow Soaps,Australia,Australia,Sydney,FCT025,Sydney Soap Plant,LN0073,Line-1,2026-07-07 18:00:00,2026-07-07,18,Afternoon,Sandalwood Bar Soap,1.18,60.0,3.1,No Downtime,56.9,71,60,2,58,3.36,96.67,84.51,94.83,89.36,81.92,5.73,22.74,2
PureGlow Soaps International (Fictional Dummy Company),Global Manufacturing Head - PureGlow Soaps,Australia,Australia,Sydney,FCT025,Sydney Soap Plant,LN0074,Line-2,2026-07-07 18:00:00,2026-07-07,18,Afternoon,Sandalwood Bar Soap,1.51,60.0,17.8,Changeover/Setup,42.2,91,54,2,52,4.48,96.3,59.34,70.33,84.74,57.39,5.1,19.05,1
PureGlow Soaps International (Fictional Dummy Company),Global Manufacturing Head - PureGlow Soaps,Australia,Australia,Sydney,FCT025,Sydney Soap Plant,LN0075,Line-3,2026-07-07 18:00:00,2026-07-07,18,Afternoon,Charcoal Bar Soap,1.35,60.0,0.5,No Downtime,59.5,81,69,1,68,2.13,98.55,85.19,99.17,85.9,83.95,6.63,39.95,1
PureGlow Soaps International (Fictional Dummy Company),Global Manufacturing Head - PureGlow Soaps,Australia,Australia,Sydney,FCT025,Sydney Soap Plant,LN0073,Line-1,2026-07-07 19:00:00,2026-07-07,19,Afternoon,Sandalwood Bar Soap,1.18,60.0,18.2,Changeover/Setup,41.8,71,47,1,46,2.82,97.87,66.2,69.67,95.29,64.97,4.92,16.35,2
PureGlow Soaps International (Fictional Dummy Company),Global Manufacturing Head - PureGlow Soaps,Australia,Australia,Sydney,FCT025,Sydney Soap Plant,LN0074,Line-2,2026-07-07 19:00:00,2026-07-07,19,Afternoon,Sandalwood Bar Soap,1.51,60.0,1.1,No Downtime,58.9,91,77,2,75,2.53,97.4,84.62,98.17,86.58,82.79,7.88,29.53,2
PureGlow Soaps International (Fictional Dummy Company),Global Manufacturing Head - PureGlow Soaps,Australia,Australia,Sydney,FCT025,Sydney Soap Plant,LN0075,Line-3,2026-07-07 19:00:00,2026-07-07,19,Afternoon,Charcoal Bar Soap,1.35,60.0,10.8,Machine Breakdown,49.2,81,61,3,58,5.12,95.08,75.31,82.0,91.84,71.6,6.13,28.68,3
PureGlow Soaps International (Fictional Dummy Company),Global Manufacturing Head - PureGlow Soaps,Australia,Australia,Sydney,FCT025,Sydney Soap Plant,LN0073,Line-1,2026-07-07 20:00:00,2026-07-07,20,Afternoon,Sandalwood Bar Soap,1.18,60.0,0.1,No Downtime,59.9,71,59,2,57,4.13,96.61,83.1,99.83,83.47,80.5,5.79,24.73,1
PureGlow Soaps International (Fictional Dummy Company),Global Manufacturing Head - PureGlow Soaps,Australia,Australia,Sydney,FCT025,Sydney Soap Plant,LN0074,Line-2,2026-07-07 20:00:00,2026-07-07,20,Afternoon,Sandalwood Bar Soap,1.51,60.0,7.2,Staff Shortage,52.8,91,79,3,76,4.15,96.2,86.81,88.0,99.09,83.89,8.6,28.28,1
PureGlow Soaps International (Fictional Dummy Company),Global Manufacturing Head - PureGlow Soaps,Australia,Australia,Sydney,FCT025,Sydney Soap Plant,LN0075,Line-3,2026-07-07 20:00:00,2026-07-07,20,Afternoon,Charcoal Bar Soap,1.35,60.0,2.6,No Downtime,57.4,81,69,3,66,4.04,95.65,85.19,95.67,89.04,81.48,7.48,33.46,2
PureGlow Soaps International (Fictional Dummy Company),Global Manufacturing Head - PureGlow Soaps,Australia,Australia,Sydney,FCT025,Sydney Soap Plant,LN0073,Line-1,2026-07-07 21:00:00,2026-07-07,21,Afternoon,Sandalwood Bar Soap,1.18,60.0,13.4,Changeover/Setup,46.6,71,56,2,54,3.42,96.43,78.87,77.67,101.84,76.28,5.0,18.81,2
PureGlow Soaps International (Fictional Dummy Company),Global Manufacturing Head - PureGlow Soaps,Australia,Australia,Sydney,FCT025,Sydney Soap Plant,LN0074,Line-2,2026-07-07 21:00:00,2026-07-07,21,Afternoon,Sandalwood Bar Soap,1.51,60.0,37.3,Machine Breakdown,22.7,91,29,0,29,1.05,100.0,31.87,37.83,84.6,32.0,2.92,11.23,2
PureGlow Soaps International (Fictional Dummy Company),Global Manufacturing Head - PureGlow Soaps,Australia,Australia,Sydney,FCT025,Sydney Soap Plant,LN0075,Line-3,2026-07-07 21:00:00,2026-07-07,21,Afternoon,Charcoal Bar Soap,1.35,60.0,0.8,No Downtime,59.2,81,66,3,63,4.75,95.45,81.48,98.67,82.58,77.77,6.49,34.62,1
PureGlow Soaps International (Fictional Dummy Company),Global Manufacturing Head - PureGlow Soaps,Australia,Australia,Sydney,FCT025,Sydney Soap Plant,LN0073,Line-1,2026-07-07 22:00:00,2026-07-07,22,Night,Sandalwood Bar Soap,1.18,60.0,16.7,Material Shortage,43.3,71,51,2,49,3.21,96.08,71.83,72.17,99.82,69.22,5.2,18.07,3
PureGlow Soaps International (Fictional Dummy Company),Global Manufacturing Head - PureGlow Soaps,Australia,Australia,Sydney,FCT025,Sydney Soap Plant,LN0074,Line-2,2026-07-07 22:00:00,2026-07-07,22,Night,Sandalwood Bar Soap,1.51,60.0,16.2,Changeover/Setup,43.8,91,56,1,55,2.66,98.21,61.54,73.0,84.67,60.7,5.56,21.87,3
PureGlow Soaps International (Fictional Dummy Company),Global Manufacturing Head - PureGlow Soaps,Australia,Australia,Sydney,FCT025,Sydney Soap Plant,LN0075,Line-3,2026-07-07 22:00:00,2026-07-07,22,Night,Charcoal Bar Soap,1.35,60.0,9.8,Quality Hold,50.2,81,68,4,64,6.57,94.12,83.95,83.67,100.34,79.02,7.4,32.59,2
PureGlow Soaps International (Fictional Dummy Company),Global Manufacturing Head - PureGlow Soaps,Australia,Australia,Sydney,FCT025,Sydney Soap Plant,LN0073,Line-1,2026-07-07 23:00:00,2026-07-07,23,Night,Sandalwood Bar Soap,1.18,60.0,0.7,No Downtime,59.3,71,58,2,56,2.7,96.55,81.69,98.83,82.89,79.09,5.58,23.85,1
PureGlow Soaps International (Fictional Dummy Company),Global Manufacturing Head - PureGlow Soaps,Australia,Australia,Sydney,FCT025,Sydney Soap Plant,LN0074,Line-2,2026-07-07 23:00:00,2026-07-07,23,Night,Sandalwood Bar Soap,1.51,60.0,3.2,No Downtime,56.8,91,72,3,69,3.56,95.83,79.12,94.67,83.95,76.16,7.44,30.64,1
PureGlow Soaps International (Fictional Dummy Company),Global Manufacturing Head - PureGlow Soaps,Australia,Australia,Sydney,FCT025,Sydney Soap Plant,LN0075,Line-3,2026-07-07 23:00:00,2026-07-07,23,Night,Charcoal Bar Soap,1.35,60.0,17.5,Power Outage,42.5,81,47,1,46,3.07,97.87,58.02,70.83,81.92,56.79,4.01,23.61,3
PureGlow Soaps International (Fictional Dummy Company),Global Manufacturing Head - PureGlow Soaps,Australia,Australia,Sydney,FCT025,Sydney Soap Plant,LN0073,Line-1,2026-07-08 00:00:00,2026-07-08,0,Night,Coconut Bar Soap,1.18,60.0,24.1,Power Outage,35.9,71,37,1,36,2.63,97.3,52.11,59.83,87.34,50.84,3.18,15.15,1
PureGlow Soaps International (Fictional Dummy Company),Global Manufacturing Head - PureGlow Soaps,Australia,Australia,Sydney,FCT025,Sydney Soap Plant,LN0074,Line-2,2026-07-08 00:00:00,2026-07-08,0,Night,Neem Bar Soap,1.51,60.0,29.2,Preventive Maintenance,30.8,91,45,2,43,3.97,95.56,49.45,51.33,96.76,47.46,4.53,14.57,2
PureGlow Soaps International (Fictional Dummy Company),Global Manufacturing Head - PureGlow Soaps,Australia,Australia,Sydney,FCT025,Sydney Soap Plant,LN0075,Line-3,2026-07-08 00:00:00,2026-07-08,0,Night,Charcoal Bar Soap,1.35,60.0,3.6,No Downtime,56.4,81,67,3,64,4.27,95.52,82.72,94.0,88.0,79.01,6.7,33.39,1
PureGlow Soaps International (Fictional Dummy Company),Global Manufacturing Head - PureGlow Soaps,Australia,Australia,Sydney,FCT025,Sydney Soap Plant,LN0073,Line-1,2026-07-08 01:00:00,2026-07-08,1,Night,Coconut Bar Soap,1.18,60.0,3.6,No Downtime,56.4,71,56,3,53,4.53,94.64,78.87,94.0,84.14,74.85,5.24,20.67,1
PureGlow Soaps International (Fictional Dummy Company),Global Manufacturing Head - PureGlow Soaps,Australia,Australia,Sydney,FCT025,Sydney Soap Plant,LN0074,Line-2,2026-07-08 01:00:00,2026-07-08,1,Night,Neem Bar Soap,1.51,60.0,2.9,No Downtime,57.1,91,80,3,77,3.15,96.25,87.91,95.17,92.78,84.99,7.53,29.05,1
PureGlow Soaps International (Fictional Dummy Company),Global Manufacturing Head - PureGlow Soaps,Australia,Australia,Sydney,FCT025,Sydney Soap Plant,LN0075,Line-3,2026-07-08 01:00:00,2026-07-08,1,Night,Charcoal Bar Soap,1.35,60.0,19.7,Changeover/Setup,40.3,81,51,2,49,4.02,96.08,62.96,67.17,93.74,60.5,4.5,24.65,1
PureGlow Soaps International (Fictional Dummy Company),Global Manufacturing Head - PureGlow Soaps,Australia,Australia,Sydney,FCT025,Sydney Soap Plant,LN0073,Line-1,2026-07-08 02:00:00,2026-07-08,2,Night,Coconut Bar Soap,1.18,60.0,2.3,No Downtime,57.7,71,69,0,69,0.0,100.0,97.18,96.17,101.34,97.46,6.89,20.82,1
PureGlow Soaps International (Fictional Dummy Company),Global Manufacturing Head - PureGlow Soaps,Australia,Australia,Sydney,FCT025,Sydney Soap Plant,LN0074,Line-2,2026-07-08 02:00:00,2026-07-08,2,Night,Neem Bar Soap,1.51,60.0,15.7,Material Shortage,44.3,91,55,2,53,3.74,96.36,60.44,73.83,82.22,58.49,4.87,22.08,2
PureGlow Soaps International (Fictional Dummy Company),Global Manufacturing Head - PureGlow Soaps,Australia,Australia,Sydney,FCT025,Sydney Soap Plant,LN0075,Line-3,2026-07-08 02:00:00,2026-07-08,2,Night,Charcoal Bar Soap,1.35,60.0,26.3,Power Outage,33.7,81,39,1,38,2.07,97.44,48.15,56.17,85.72,46.92,3.52,18.98,1
PureGlow Soaps International (Fictional Dummy Company),Global Manufacturing Head - PureGlow Soaps,Australia,Australia,Sydney,FCT025,Sydney Soap Plant,LN0073,Line-1,2026-07-08 03:00:00,2026-07-08,3,Night,Coconut Bar Soap,1.18,60.0,39.8,Preventive Maintenance,20.2,71,21,0,21,2.01,100.0,29.58,33.67,88.1,29.66,1.84,7.7,3
PureGlow Soaps International (Fictional Dummy Company),Global Manufacturing Head - PureGlow Soaps,Australia,Australia,Sydney,FCT025,Sydney Soap Plant,LN0074,Line-2,2026-07-08 03:00:00,2026-07-08,3,Night,Neem Bar Soap,1.51,60.0,2.9,No Downtime,57.1,91,84,4,80,4.22,95.24,92.31,95.17,97.42,88.3,8.36,31.13,2
PureGlow Soaps International (Fictional Dummy Company),Global Manufacturing Head - PureGlow Soaps,Australia,Australia,Sydney,FCT025,Sydney Soap Plant,LN0075,Line-3,2026-07-08 03:00:00,2026-07-08,3,Night,Charcoal Bar Soap,1.35,60.0,15.6,Changeover/Setup,44.4,81,60,2,58,3.39,96.67,74.07,74.0,100.1,71.61,6.23,28.08,2
PureGlow Soaps International (Fictional Dummy Company),Global Manufacturing Head - PureGlow Soaps,Australia,Australia,Sydney,FCT025,Sydney Soap Plant,LN0073,Line-1,2026-07-08 04:00:00,2026-07-08,4,Night,Coconut Bar Soap,1.18,60.0,28.3,Material Shortage,31.7,71,32,1,31,3.99,96.88,45.07,52.83,85.55,43.79,2.87,13.59,1
PureGlow Soaps International (Fictional Dummy Company),Global Manufacturing Head - PureGlow Soaps,Australia,Australia,Sydney,FCT025,Sydney Soap Plant,LN0074,Line-2,2026-07-08 04:00:00,2026-07-08,4,Night,Neem Bar Soap,1.51,60.0,3.5,No Downtime,56.5,91,74,3,71,4.67,95.95,81.32,94.17,86.74,78.37,7.69,26.0,1
PureGlow Soaps International (Fictional Dummy Company),Global Manufacturing Head - PureGlow Soaps,Australia,Australia,Sydney,FCT025,Sydney Soap Plant,LN0075,Line-3,2026-07-08 04:00:00,2026-07-08,4,Night,Charcoal Bar Soap,1.35,60.0,14.6,Staff Shortage,45.4,81,56,1,55,2.57,98.21,69.14,75.67,91.37,67.9,5.83,29.09,2
PureGlow Soaps International (Fictional Dummy Company),Global Manufacturing Head - PureGlow Soaps,Australia,Australia,Sydney,FCT025,Sydney Soap Plant,LN0073,Line-1,2026-07-08 05:00:00,2026-07-08,5,Night,Coconut Bar Soap,1.18,60.0,7.8,Changeover/Setup,52.2,71,60,1,59,2.42,98.33,84.51,87.0,97.41,83.33,5.36,19.72,1
PureGlow Soaps International (Fictional Dummy Company),Global Manufacturing Head - PureGlow Soaps,Australia,Australia,Sydney,FCT025,Sydney Soap Plant,LN0074,Line-2,2026-07-08 05:00:00,2026-07-08,5,Night,Neem Bar Soap,1.51,60.0,7.1,Power Outage,52.9,91,79,3,76,3.64,96.2,86.81,88.17,98.9,83.89,6.81,24.29,3
PureGlow Soaps International (Fictional Dummy Company),Global Manufacturing Head - PureGlow Soaps,Australia,Australia,Sydney,FCT025,Sydney Soap Plant,LN0075,Line-3,2026-07-08 05:00:00,2026-07-08,5,Night,Charcoal Bar Soap,1.35,60.0,11.1,Material Shortage,48.9,81,68,2,66,2.48,97.06,83.95,81.5,103.01,81.48,6.2,32.02,3
PureGlow Soaps International (Fictional Dummy Company),Global Manufacturing Head - PureGlow Soaps,Australia,Australia,Sydney,FCT025,Sydney Soap Plant,LN0073,Line-1,2026-07-08 06:00:00,2026-07-08,6,Morning,Coconut Bar Soap,1.18,60.0,0.7,No Downtime,59.3,71,67,1,66,1.43,98.51,94.37,98.83,95.75,93.22,6.63,21.18,2
PureGlow Soaps International (Fictional Dummy Company),Global Manufacturing Head - PureGlow Soaps,Australia,Australia,Sydney,FCT025,Sydney Soap Plant,LN0074,Line-2,2026-07-08 06:00:00,2026-07-08,6,Morning,Neem Bar Soap,1.51,60.0,29.6,Material Shortage,30.4,91,40,0,40,1.21,100.0,43.96,50.67,87.14,44.15,4.28,14.73,1
PureGlow Soaps International (Fictional Dummy Company),Global Manufacturing Head - PureGlow Soaps,Australia,Australia,Sydney,FCT025,Sydney Soap Plant,LN0075,Line-3,2026-07-08 06:00:00,2026-07-08,6,Morning,Charcoal Bar Soap,1.35,60.0,39.8,Machine Breakdown,20.2,81,23,0,23,1.55,100.0,28.4,33.67,84.34,28.4,2.33,13.59,3
PureGlow Soaps International (Fictional Dummy Company),Global Manufacturing Head - PureGlow Soaps,Australia,Australia,Sydney,FCT025,Sydney Soap Plant,LN0073,Line-1,2026-07-08 07:00:00,2026-07-08,7,Morning,Coconut Bar Soap,1.18,60.0,0.7,No Downtime,59.3,71,69,1,68,2.12,98.55,97.18,98.83,98.61,96.04,7.07,21.92,1
PureGlow Soaps International (Fictional Dummy Company),Global Manufacturing Head - PureGlow Soaps,Australia,Australia,Sydney,FCT025,Sydney Soap Plant,LN0074,Line-2,2026-07-08 07:00:00,2026-07-08,7,Morning,Neem Bar Soap,1.51,60.0,3.9,No Downtime,56.1,91,81,3,78,3.32,96.3,89.01,93.5,95.62,86.1,8.16,30.09,3
PureGlow Soaps International (Fictional Dummy Company),Global Manufacturing Head - PureGlow Soaps,Australia,Australia,Sydney,FCT025,Sydney Soap Plant,LN0075,Line-3,2026-07-08 07:00:00,2026-07-08,7,Morning,Charcoal Bar Soap,1.35,60.0,21.6,Staff Shortage,38.4,81,43,1,42,1.8,97.67,53.09,64.0,82.95,51.85,3.9,24.61,3
PureGlow Soaps International (Fictional Dummy Company),Global Manufacturing Head - PureGlow Soaps,Australia,Australia,Sydney,FCT025,Sydney Soap Plant,LN0073,Line-1,2026-07-08 08:00:00,2026-07-08,8,Morning,Coconut Bar Soap,1.18,60.0,29.7,Power Outage,30.3,71,35,1,34,4.0,97.14,49.3,50.5,97.89,48.02,3.11,10.84,1
PureGlow Soaps International (Fictional Dummy Company),Global Manufacturing Head - PureGlow Soaps,Australia,Australia,Sydney,FCT025,Sydney Soap Plant,LN0074,Line-2,2026-07-08 08:00:00,2026-07-08,8,Morning,Neem Bar Soap,1.51,60.0,28.9,Power Outage,31.1,91,44,2,42,4.57,95.45,48.35,51.83,93.69,46.35,4.51,15.31,1
PureGlow Soaps International (Fictional Dummy Company),Global Manufacturing Head - PureGlow Soaps,Australia,Australia,Sydney,FCT025,Sydney Soap Plant,LN0075,Line-3,2026-07-08 08:00:00,2026-07-08,8,Morning,Charcoal Bar Soap,1.35,60.0,20.8,Machine Breakdown,39.2,81,52,1,51,2.51,98.08,64.2,65.33,98.26,62.96,4.5,23.36,3
PureGlow Soaps International (Fictional Dummy Company),Global Manufacturing Head - PureGlow Soaps,Australia,Australia,Sydney,FCT025,Sydney Soap Plant,LN0073,Line-1,2026-07-08 09:00:00,2026-07-08,9,Morning,Coconut Bar Soap,1.18,60.0,22.3,Preventive Maintenance,37.7,71,39,0,39,0.7,100.0,54.93,62.83,87.67,55.08,3.37,13.78,3
PureGlow Soaps International (Fictional Dummy Company),Global Manufacturing Head - PureGlow Soaps,Australia,Australia,Sydney,FCT025,Sydney Soap Plant,LN0074,Line-2,2026-07-08 09:00:00,2026-07-08,9,Morning,Neem Bar Soap,1.51,60.0,5.7,Changeover/Setup,54.3,91,82,2,80,2.03,97.56,90.11,90.5,100.01,88.3,7.66,25.29,3
PureGlow Soaps International (Fictional Dummy Company),Global Manufacturing Head - PureGlow Soaps,Australia,Australia,Sydney,FCT025,Sydney Soap Plant,LN0075,Line-3,2026-07-08 09:00:00,2026-07-08,9,Morning,Charcoal Bar Soap,1.35,60.0,0.7,No Downtime,59.3,81,77,2,75,1.95,97.4,95.06,98.83,96.18,92.58,7.81,38.38,2
PureGlow Soaps International (Fictional Dummy Company),Global Manufacturing Head - PureGlow Soaps,Australia,Australia,Sydney,FCT025,Sydney Soap Plant,LN0073,Line-1,2026-07-08 10:00:00,2026-07-08,10,Morning,Coconut Bar Soap,1.18,60.0,42.4,Machine Breakdown,17.6,71,18,0,18,0.82,100.0,25.35,29.33,86.67,25.42,1.72,7.08,2
PureGlow Soaps International (Fictional Dummy Company),Global Manufacturing Head - PureGlow Soaps,Australia,Australia,Sydney,FCT025,Sydney Soap Plant,LN0074,Line-2,2026-07-08 10:00:00,2026-07-08,10,Morning,Neem Bar Soap,1.51,60.0,2.6,No Downtime,57.4,91,86,0,86,0.47,100.0,94.51,95.67,99.22,94.92,8.78,28.1,1
PureGlow Soaps International (Fictional Dummy Company),Global Manufacturing Head - PureGlow Soaps,Australia,Australia,Sydney,FCT025,Sydney Soap Plant,LN0075,Line-3,2026-07-08 10:00:00,2026-07-08,10,Morning,Charcoal Bar Soap,1.35,60.0,1.5,No Downtime,58.5,81,78,4,74,5.3,94.87,96.3,97.5,98.77,91.36,7.7,35.15,2
PureGlow Soaps International (Fictional Dummy Company),Global Manufacturing Head - PureGlow Soaps,Australia,Australia,Sydney,FCT025,Sydney Soap Plant,LN0073,Line-1,2026-07-08 11:00:00,2026-07-08,11,Morning,Coconut Bar Soap,1.18,60.0,15.1,Changeover/Setup,44.9,71,47,2,45,5.2,95.74,66.2,74.83,88.71,63.55,5.03,17.05,3
PureGlow Soaps International (Fictional Dummy Company),Global Manufacturing Head - PureGlow Soaps,Australia,Australia,Sydney,FCT025,Sydney Soap Plant,LN0074,Line-2,2026-07-08 11:00:00,2026-07-08,11,Morning,Neem Bar Soap,1.51,60.0,20.5,Staff Shortage,39.5,91,54,2,52,3.52,96.3,59.34,65.83,90.54,57.4,5.54,19.03,3
PureGlow Soaps International (Fictional Dummy Company),Global Manufacturing Head - PureGlow Soaps,Australia,Australia,Sydney,FCT025,Sydney Soap Plant,LN0075,Line-3,2026-07-08 11:00:00,2026-07-08,11,Morning,Charcoal Bar Soap,1.35,60.0,15.4,Material Shortage,44.6,81,52,2,50,3.05,96.15,64.2,74.33,86.36,61.72,4.66,25.87,1
PureGlow Soaps International (Fictional Dummy Company),Global Manufacturing Head - PureGlow Soaps,Australia,Australia,Sydney,FCT025,Sydney Soap Plant,LN0073,Line-1,2026-07-08 12:00:00,2026-07-08,12,Morning,Coconut Bar Soap,1.18,60.0,14.1,Changeover/Setup,45.9,71,47,1,46,2.16,97.87,66.2,76.5,86.78,64.97,4.55,19.6,1
PureGlow Soaps International (Fictional Dummy Company),Global Manufacturing Head - PureGlow Soaps,Australia,Australia,Sydney,FCT025,Sydney Soap Plant,LN0074,Line-2,2026-07-08 12:00:00,2026-07-08,12,Morning,Neem Bar Soap,1.51,60.0,24.6,Power Outage,35.4,91,54,2,52,4.23,96.3,59.34,59.0,101.02,57.4,5.87,16.51,1
PureGlow Soaps International (Fictional Dummy Company),Global Manufacturing Head - PureGlow Soaps,Australia,Australia,Sydney,FCT025,Sydney Soap Plant,LN0075,Line-3,2026-07-08 12:00:00,2026-07-08,12,Morning,Charcoal Bar Soap,1.35,60.0,26.7,Preventive Maintenance,33.3,81,38,1,37,2.09,97.37,46.91,55.5,84.53,45.68,3.82,19.29,1
PureGlow Soaps International (Fictional Dummy Company),Global Manufacturing Head - PureGlow Soaps,Australia,Australia,Sydney,FCT025,Sydney Soap Plant,LN0073,Line-1,2026-07-08 13:00:00,2026-07-08,13,Morning,Coconut Bar Soap,1.18,60.0,1.7,No Downtime,58.3,71,67,0,67,0.32,100.0,94.37,97.17,97.39,94.63,6.85,23.51,2
PureGlow Soaps International (Fictional Dummy Company),Global Manufacturing Head - PureGlow Soaps,Australia,Australia,Sydney,FCT025,Sydney Soap Plant,LN0074,Line-2,2026-07-08 13:00:00,2026-07-08,13,Morning,Neem Bar Soap,1.51,60.0,37.8,Machine Breakdown,22.2,91,32,1,31,1.95,96.88,35.16,37.0,95.46,34.22,2.72,12.11,2
PureGlow Soaps International (Fictional Dummy Company),Global Manufacturing Head - PureGlow Soaps,Australia,Australia,Sydney,FCT025,Sydney Soap Plant,LN0075,Line-3,2026-07-08 13:00:00,2026-07-08,13,Morning,Charcoal Bar Soap,1.35,60.0,37.3,Machine Breakdown,22.7,81,30,1,29,1.83,96.67,37.04,37.83,97.9,35.8,2.92,13.6,1
PureGlow Soaps International (Fictional Dummy Company),Global Manufacturing Head - PureGlow Soaps,Australia,Australia,Sydney,FCT025,Sydney Soap Plant,LN0073,Line-1,2026-07-08 14:00:00,2026-07-08,14,Afternoon,Coconut Bar Soap,1.18,60.0,3.1,No Downtime,56.9,71,56,2,54,2.81,96.43,78.87,94.83,83.41,76.27,6.07,21.91,2
PureGlow Soaps International (Fictional Dummy Company),Global Manufacturing Head - PureGlow Soaps,Australia,Australia,Sydney,FCT025,Sydney Soap Plant,LN0074,Line-2,2026-07-08 14:00:00,2026-07-08,14,Afternoon,Neem Bar Soap,1.51,60.0,1.0,No Downtime,59.0,91,85,0,85,0.0,100.0,93.41,98.33,95.41,93.82,8.33,27.1,2
PureGlow Soaps International (Fictional Dummy Company),Global Manufacturing Head - PureGlow Soaps,Australia,Australia,Sydney,FCT025,Sydney Soap Plant,LN0075,Line-3,2026-07-08 14:00:00,2026-07-08,14,Afternoon,Charcoal Bar Soap,1.35,60.0,15.2,Quality Hold,44.8,81,53,5,48,9.42,90.57,65.43,74.67,87.63,59.26,5.77,26.53,2
PureGlow Soaps International (Fictional Dummy Company),Global Manufacturing Head - PureGlow Soaps,Australia,Australia,Sydney,FCT025,Sydney Soap Plant,LN0073,Line-1,2026-07-08 15:00:00,2026-07-08,15,Afternoon,Coconut Bar Soap,1.18,60.0,1.7,No Downtime,58.3,71,57,2,55,3.96,96.49,80.28,97.17,82.86,77.69,6.0,23.16,1
PureGlow Soaps International (Fictional Dummy Company),Global Manufacturing Head - PureGlow Soaps,Australia,Australia,Sydney,FCT025,Sydney Soap Plant,LN0074,Line-2,2026-07-08 15:00:00,2026-07-08,15,Afternoon,Neem Bar Soap,1.51,60.0,0.5,No Downtime,59.5,91,87,4,83,4.45,95.4,95.6,99.17,96.83,91.61,8.47,27.14,1
PureGlow Soaps International (Fictional Dummy Company),Global Manufacturing Head - PureGlow Soaps,Australia,Australia,Sydney,FCT025,Sydney Soap Plant,LN0075,Line-3,2026-07-08 15:00:00,2026-07-08,15,Afternoon,Charcoal Bar Soap,1.35,60.0,30.7,Material Shortage,29.3,81,36,1,35,3.3,97.22,44.44,48.83,91.01,43.2,3.6,16.4,3
PureGlow Soaps International (Fictional Dummy Company),Global Manufacturing Head - PureGlow Soaps,Australia,Australia,Sydney,FCT025,Sydney Soap Plant,LN0073,Line-1,2026-07-08 16:00:00,2026-07-08,16,Afternoon,Coconut Bar Soap,1.18,60.0,19.2,Changeover/Setup,40.8,71,47,2,45,4.54,95.74,66.2,68.0,97.62,63.55,4.19,16.47,2
PureGlow Soaps International (Fictional Dummy Company),Global Manufacturing Head - PureGlow Soaps,Australia,Australia,Sydney,FCT025,Sydney Soap Plant,LN0074,Line-2,2026-07-08 16:00:00,2026-07-08,16,Afternoon,Neem Bar Soap,1.51,60.0,32.9,Preventive Maintenance,27.1,91,33,1,32,3.92,96.97,36.26,45.17,80.64,35.32,3.47,12.3,2
PureGlow Soaps International (Fictional Dummy Company),Global Manufacturing Head - PureGlow Soaps,Australia,Australia,Sydney,FCT025,Sydney Soap Plant,LN0075,Line-3,2026-07-08 16:00:00,2026-07-08,16,Afternoon,Charcoal Bar Soap,1.35,60.0,36.7,Machine Breakdown,23.3,81,30,1,29,2.63,96.67,37.04,38.83,95.37,35.8,2.94,14.2,3
PureGlow Soaps International (Fictional Dummy Company),Global Manufacturing Head - PureGlow Soaps,Australia,Australia,Sydney,FCT025,Sydney Soap Plant,LN0073,Line-1,2026-07-08 17:00:00,2026-07-08,17,Afternoon,Coconut Bar Soap,1.18,60.0,7.1,Power Outage,52.9,71,54,0,54,0.84,100.0,76.06,88.17,86.51,76.28,4.82,22.58,2
PureGlow Soaps International (Fictional Dummy Company),Global Manufacturing Head - PureGlow Soaps,Australia,Australia,Sydney,FCT025,Sydney Soap Plant,LN0074,Line-2,2026-07-08 17:00:00,2026-07-08,17,Afternoon,Neem Bar Soap,1.51,60.0,0.3,No Downtime,59.7,91,87,3,84,4.0,96.55,95.6,99.5,96.51,92.71,7.41,30.94,3
PureGlow Soaps International (Fictional Dummy Company),Global Manufacturing Head - PureGlow Soaps,Australia,Australia,Sydney,FCT025,Sydney Soap Plant,LN0075,Line-3,2026-07-08 17:00:00,2026-07-08,17,Afternoon,Charcoal Bar Soap,1.35,60.0,13.6,Quality Hold,46.4,81,54,5,49,9.85,90.74,66.67,77.33,86.21,60.49,5.75,29.02,2
PureGlow Soaps International (Fictional Dummy Company),Global Manufacturing Head - PureGlow Soaps,Australia,Australia,Sydney,FCT025,Sydney Soap Plant,LN0073,Line-1,2026-07-08 18:00:00,2026-07-08,18,Afternoon,Coconut Bar Soap,1.18,60.0,2.7,No Downtime,57.3,71,62,2,60,2.63,96.77,87.32,95.5,91.7,84.74,6.71,23.07,2
PureGlow Soaps International (Fictional Dummy Company),Global Manufacturing Head - PureGlow Soaps,Australia,Australia,Sydney,FCT025,Sydney Soap Plant,LN0074,Line-2,2026-07-08 18:00:00,2026-07-08,18,Afternoon,Neem Bar Soap,1.51,60.0,38.6,Preventive Maintenance,21.4,91,30,1,29,3.51,96.67,32.97,35.67,92.84,32.01,2.84,10.56,3
PureGlow Soaps International (Fictional Dummy Company),Global Manufacturing Head - PureGlow Soaps,Australia,Australia,Sydney,FCT025,Sydney Soap Plant,LN0075,Line-3,2026-07-08 18:00:00,2026-07-08,18,Afternoon,Charcoal Bar Soap,1.35,60.0,3.8,No Downtime,56.2,81,62,1,61,1.45,98.39,76.54,93.67,81.72,75.31,6.55,34.04,3
PureGlow Soaps International (Fictional Dummy Company),Global Manufacturing Head - PureGlow Soaps,Australia,Australia,Sydney,FCT025,Sydney Soap Plant,LN0073,Line-1,2026-07-08 19:00:00,2026-07-08,19,Afternoon,Coconut Bar Soap,1.18,60.0,16.2,Staff Shortage,43.8,71,48,2,46,4.74,95.83,67.61,73.0,92.87,64.97,5.27,17.45,1
PureGlow Soaps International (Fictional Dummy Company),Global Manufacturing Head - PureGlow Soaps,Australia,Australia,Sydney,FCT025,Sydney Soap Plant,LN0074,Line-2,2026-07-08 19:00:00,2026-07-08,19,Afternoon,Neem Bar Soap,1.51,60.0,21.6,Machine Breakdown,38.4,91,47,2,45,4.16,95.74,51.65,64.0,81.06,49.67,4.8,18.64,2
PureGlow Soaps International (Fictional Dummy Company),Global Manufacturing Head - PureGlow Soaps,Australia,Australia,Sydney,FCT025,Sydney Soap Plant,LN0075,Line-3,2026-07-08 19:00:00,2026-07-08,19,Afternoon,Charcoal Bar Soap,1.35,60.0,26.6,Machine Breakdown,33.4,81,43,1,42,1.37,97.67,53.09,55.67,95.36,51.85,4.65,21.27,2
PureGlow Soaps International (Fictional Dummy Company),Global Manufacturing Head - PureGlow Soaps,Australia,Australia,Sydney,FCT025,Sydney Soap Plant,LN0073,Line-1,2026-07-08 20:00:00,2026-07-08,20,Afternoon,Coconut Bar Soap,1.18,60.0,3.2,No Downtime,56.8,71,63,2,61,3.47,96.83,88.73,94.67,94.0,86.17,6.16,24.29,2
PureGlow Soaps International (Fictional Dummy Company),Global Manufacturing Head - PureGlow Soaps,Australia,Australia,Sydney,FCT025,Sydney Soap Plant,LN0074,Line-2,2026-07-08 20:00:00,2026-07-08,20,Afternoon,Neem Bar Soap,1.51,60.0,17.5,Preventive Maintenance,42.5,91,64,1,63,1.43,98.44,70.33,70.83,99.73,69.54,5.45,21.63,3
PureGlow Soaps International (Fictional Dummy Company),Global Manufacturing Head - PureGlow Soaps,Australia,Australia,Sydney,FCT025,Sydney Soap Plant,LN0075,Line-3,2026-07-08 20:00:00,2026-07-08,20,Afternoon,Charcoal Bar Soap,1.35,60.0,21.9,Machine Breakdown,38.1,81,51,2,49,4.1,96.08,62.96,63.5,99.15,60.49,4.38,21.38,2
PureGlow Soaps International (Fictional Dummy Company),Global Manufacturing Head - PureGlow Soaps,Australia,Australia,Sydney,FCT025,Sydney Soap Plant,LN0073,Line-1,2026-07-08 21:00:00,2026-07-08,21,Afternoon,Coconut Bar Soap,1.18,60.0,15.9,Changeover/Setup,44.1,71,48,1,47,2.49,97.92,67.61,73.5,92.24,66.39,4.8,16.15,2
PureGlow Soaps International (Fictional Dummy Company),Global Manufacturing Head - PureGlow Soaps,Australia,Australia,Sydney,FCT025,Sydney Soap Plant,LN0074,Line-2,2026-07-08 21:00:00,2026-07-08,21,Afternoon,Neem Bar Soap,1.51,60.0,1.4,No Downtime,58.6,91,83,1,82,1.7,98.8,91.21,97.67,93.8,90.52,7.83,28.93,3
PureGlow Soaps International (Fictional Dummy Company),Global Manufacturing Head - PureGlow Soaps,Australia,Australia,Sydney,FCT025,Sydney Soap Plant,LN0075,Line-3,2026-07-08 21:00:00,2026-07-08,21,Afternoon,Charcoal Bar Soap,1.35,60.0,18.4,Quality Hold,41.6,81,57,3,54,4.47,94.74,70.37,69.33,101.5,66.67,5.21,26.73,1
PureGlow Soaps International (Fictional Dummy Company),Global Manufacturing Head - PureGlow Soaps,Australia,Australia,Sydney,FCT025,Sydney Soap Plant,LN0073,Line-1,2026-07-08 22:00:00,2026-07-08,22,Night,Coconut Bar Soap,1.18,60.0,0.5,No Downtime,59.5,71,58,3,55,5.1,94.83,81.69,99.17,82.61,77.69,6.13,22.21,1
PureGlow Soaps International (Fictional Dummy Company),Global Manufacturing Head - PureGlow Soaps,Australia,Australia,Sydney,FCT025,Sydney Soap Plant,LN0074,Line-2,2026-07-08 22:00:00,2026-07-08,22,Night,Neem Bar Soap,1.51,60.0,23.5,Machine Breakdown,36.5,91,45,2,43,3.48,95.56,49.45,60.83,81.65,47.46,4.19,19.83,1
PureGlow Soaps International (Fictional Dummy Company),Global Manufacturing Head - PureGlow Soaps,Australia,Australia,Sydney,FCT025,Sydney Soap Plant,LN0075,Line-3,2026-07-08 22:00:00,2026-07-08,22,Night,Charcoal Bar Soap,1.35,60.0,34.4,Preventive Maintenance,25.6,81,35,2,33,4.51,94.29,43.21,42.67,101.27,40.74,3.07,17.03,1
PureGlow Soaps International (Fictional Dummy Company),Global Manufacturing Head - PureGlow Soaps,Australia,Australia,Sydney,FCT025,Sydney Soap Plant,LN0073,Line-1,2026-07-08 23:00:00,2026-07-08,23,Night,Coconut Bar Soap,1.18,60.0,0.4,No Downtime,59.6,71,71,2,69,2.46,97.18,100.0,99.33,100.96,97.46,7.36,23.61,1
PureGlow Soaps International (Fictional Dummy Company),Global Manufacturing Head - PureGlow Soaps,Australia,Australia,Sydney,FCT025,Sydney Soap Plant,LN0074,Line-2,2026-07-08 23:00:00,2026-07-08,23,Night,Neem Bar Soap,1.51,60.0,0.1,No Downtime,59.9,91,91,3,88,3.58,96.7,100.0,99.83,100.61,97.12,7.98,31.89,3
PureGlow Soaps International (Fictional Dummy Company),Global Manufacturing Head - PureGlow Soaps,Australia,Australia,Sydney,FCT025,Sydney Soap Plant,LN0075,Line-3,2026-07-08 23:00:00,2026-07-08,23,Night,Charcoal Bar Soap,1.35,60.0,33.3,Machine Breakdown,26.7,81,29,1,28,3.01,96.55,35.8,44.5,80.45,34.57,2.99,16.98,3
PureGlow Soaps International (Fictional Dummy Company),Global Manufacturing Head - PureGlow Soaps,Australia,Australia,Sydney,FCT025,Sydney Soap Plant,LN0073,Line-1,2026-07-09 00:00:00,2026-07-09,0,Night,Charcoal Bar Soap,1.18,60.0,2.3,No Downtime,57.7,71,60,3,57,5.07,95.0,84.51,96.17,88.12,80.51,5.41,21.43,3
PureGlow Soaps International (Fictional Dummy Company),Global Manufacturing Head - PureGlow Soaps,Australia,Australia,Sydney,FCT025,Sydney Soap Plant,LN0074,Line-2,2026-07-09 00:00:00,2026-07-09,0,Night,Aloe Vera Liquid Soap,1.51,60.0,18.9,Staff Shortage,41.1,91,50,3,47,5.75,94.0,54.95,68.5,80.57,51.88,5.28,19.44,3
PureGlow Soaps International (Fictional Dummy Company),Global Manufacturing Head - PureGlow Soaps,Australia,Australia,Sydney,FCT025,Sydney Soap Plant,LN0075,Line-3,2026-07-09 00:00:00,2026-07-09,0,Night,Sandalwood Bar Soap,1.35,60.0,6.9,Quality Hold,53.1,81,70,8,62,11.04,88.57,86.42,88.5,97.65,76.54,6.4,30.94,3
PureGlow Soaps International (Fictional Dummy Company),Global Manufacturing Head - PureGlow Soaps,Australia,Australia,Sydney,FCT025,Sydney Soap Plant,LN0073,Line-1,2026-07-09 01:00:00,2026-07-09,1,Night,Charcoal Bar Soap,1.18,60.0,5.5,Changeover/Setup,54.5,71,65,4,61,5.74,93.85,91.55,90.83,101.07,86.16,6.1,22.17,1
PureGlow Soaps International (Fictional Dummy Company),Global Manufacturing Head - PureGlow Soaps,Australia,Australia,Sydney,FCT025,Sydney Soap Plant,LN0074,Line-2,2026-07-09 01:00:00,2026-07-09,1,Night,Aloe Vera Liquid Soap,1.51,60.0,1.1,No Downtime,58.9,91,84,2,82,2.69,97.62,92.31,98.17,94.45,90.51,7.52,28.59,3
PureGlow Soaps International (Fictional Dummy Company),Global Manufacturing Head - PureGlow Soaps,Australia,Australia,Sydney,FCT025,Sydney Soap Plant,LN0075,Line-3,2026-07-09 01:00:00,2026-07-09,1,Night,Sandalwood Bar Soap,1.35,60.0,16.7,Changeover/Setup,43.3,81,51,2,49,3.69,96.08,62.96,72.17,87.25,60.5,4.56,25.79,2
PureGlow Soaps International (Fictional Dummy Company),Global Manufacturing Head - PureGlow Soaps,Australia,Australia,Sydney,FCT025,Sydney Soap Plant,LN0073,Line-1,2026-07-09 02:00:00,2026-07-09,2,Night,Charcoal Bar Soap,1.18,60.0,16.8,Preventive Maintenance,43.2,71,48,1,47,2.31,97.92,67.61,72.0,94.16,66.39,4.8,16.96,3
PureGlow Soaps International (Fictional Dummy Company),Global Manufacturing Head - PureGlow Soaps,Australia,Australia,Sydney,FCT025,Sydney Soap Plant,LN0074,Line-2,2026-07-09 02:00:00,2026-07-09,2,Night,Aloe Vera Liquid Soap,1.51,60.0,11.9,Changeover/Setup,48.1,91,61,2,59,3.01,96.72,67.03,80.17,83.99,65.13,5.62,25.17,1
PureGlow Soaps International (Fictional Dummy Company),Global Manufacturing Head - PureGlow Soaps,Australia,Australia,Sydney,FCT025,Sydney Soap Plant,LN0075,Line-3,2026-07-09 02:00:00,2026-07-09,2,Night,Sandalwood Bar Soap,1.35,60.0,3.7,No Downtime,56.3,81,71,4,67,6.01,94.37,87.65,93.83,93.41,82.71,6.66,33.08,3
PureGlow Soaps International (Fictional Dummy Company),Global Manufacturing Head - PureGlow Soaps,Australia,Australia,Sydney,FCT025,Sydney Soap Plant,LN0073,Line-1,2026-07-09 03:00:00,2026-07-09,3,Night,Charcoal Bar Soap,1.18,60.0,21.6,Power Outage,38.4,71,41,2,39,5.65,95.12,57.75,64.0,90.48,55.08,4.44,15.29,1
PureGlow Soaps International (Fictional Dummy Company),Global Manufacturing Head - PureGlow Soaps,Australia,Australia,Sydney,FCT025,Sydney Soap Plant,LN0074,Line-2,2026-07-09 03:00:00,2026-07-09,3,Night,Aloe Vera Liquid Soap,1.51,60.0,34.1,Machine Breakdown,25.9,91,38,1,37,1.88,97.37,41.76,43.17,97.16,40.84,3.42,13.5,2
PureGlow Soaps International (Fictional Dummy Company),Global Manufacturing Head - PureGlow Soaps,Australia,Australia,Sydney,FCT025,Sydney Soap Plant,LN0075,Line-3,2026-07-09 03:00:00,2026-07-09,3,Night,Sandalwood Bar Soap,1.35,60.0,30.0,Machine Breakdown,30.0,81,40,0,40,0.81,100.0,49.38,50.0,98.77,49.38,4.08,18.25,2
PureGlow Soaps International (Fictional Dummy Company),Global Manufacturing Head - PureGlow Soaps,Australia,Australia,Sydney,FCT025,Sydney Soap Plant,LN0073,Line-1,2026-07-09 04:00:00,2026-07-09,4,Night,Charcoal Bar Soap,1.18,60.0,25.2,Machine Breakdown,34.8,71,33,2,31,4.71,93.94,46.48,58.0,80.36,43.78,2.95,12.62,1
PureGlow Soaps International (Fictional Dummy Company),Global Manufacturing Head - PureGlow Soaps,Australia,Australia,Sydney,FCT025,Sydney Soap Plant,LN0074,Line-2,2026-07-09 04:00:00,2026-07-09,4,Night,Aloe Vera Liquid Soap,1.51,60.0,19.1,Quality Hold,40.9,91,63,5,58,7.69,92.06,69.23,68.17,102.01,64.02,5.43,20.92,3
PureGlow Soaps International (Fictional Dummy Company),Global Manufacturing Head - PureGlow Soaps,Australia,Australia,Sydney,FCT025,Sydney Soap Plant,LN0075,Line-3,2026-07-09 04:00:00,2026-07-09,4,Night,Sandalwood Bar Soap,1.35,60.0,1.6,No Downtime,58.4,81,68,2,66,2.89,97.06,83.95,97.33,86.25,81.48,6.34,36.72,1
PureGlow Soaps International (Fictional Dummy Company),Global Manufacturing Head - PureGlow Soaps,Australia,Australia,Sydney,FCT025,Sydney Soap Plant,LN0073,Line-1,2026-07-09 05:00:00,2026-07-09,5,Night,Charcoal Bar Soap,1.18,60.0,21.2,Preventive Maintenance,38.8,71,44,1,43,1.37,97.73,61.97,64.67,96.1,60.74,4.42,15.33,2
PureGlow Soaps International (Fictional Dummy Company),Global Manufacturing Head - PureGlow Soaps,Australia,Australia,Sydney,FCT025,Sydney Soap Plant,LN0074,Line-2,2026-07-09 05:00:00,2026-07-09,5,Night,Aloe Vera Liquid Soap,1.51,60.0,38.5,Preventive Maintenance,21.5,91,27,1,26,3.43,96.3,29.67,35.83,83.17,28.7,2.47,9.7,2
PureGlow Soaps International (Fictional Dummy Company),Global Manufacturing Head - PureGlow Soaps,Australia,Australia,Sydney,FCT025,Sydney Soap Plant,LN0075,Line-3,2026-07-09 05:00:00,2026-07-09,5,Night,Sandalwood Bar Soap,1.35,60.0,15.4,Material Shortage,44.6,81,58,3,55,5.95,94.83,71.6,74.33,96.33,67.9,5.88,28.43,2
PureGlow Soaps International (Fictional Dummy Company),Global Manufacturing Head - PureGlow Soaps,Australia,Australia,Sydney,FCT025,Sydney Soap Plant,LN0073,Line-1,2026-07-09 06:00:00,2026-07-09,6,Morning,Charcoal Bar Soap,1.18,60.0,24.8,Staff Shortage,35.2,71,34,2,32,5.45,94.12,47.89,58.67,81.86,45.2,3.49,12.92,2
PureGlow Soaps International (Fictional Dummy Company),Global Manufacturing Head - PureGlow Soaps,Australia,Australia,Sydney,FCT025,Sydney Soap Plant,LN0074,Line-2,2026-07-09 06:00:00,2026-07-09,6,Morning,Aloe Vera Liquid Soap,1.51,60.0,16.8,Material Shortage,43.2,91,60,2,58,3.13,96.67,65.93,72.0,91.98,64.02,6.48,22.85,3
PureGlow Soaps International (Fictional Dummy Company),Global Manufacturing Head - PureGlow Soaps,Australia,Australia,Sydney,FCT025,Sydney Soap Plant,LN0075,Line-3,2026-07-09 06:00:00,2026-07-09,6,Morning,Sandalwood Bar Soap,1.35,60.0,30.3,Machine Breakdown,29.7,81,37,1,36,2.2,97.3,45.68,49.5,92.28,44.45,3.74,16.94,1
PureGlow Soaps International (Fictional Dummy Company),Global Manufacturing Head - PureGlow Soaps,Australia,Australia,Sydney,FCT025,Sydney Soap Plant,LN0073,Line-1,2026-07-09 07:00:00,2026-07-09,7,Morning,Charcoal Bar Soap,1.18,60.0,7.0,Quality Hold,53.0,71,56,5,51,9.16,91.07,78.87,88.33,89.54,72.03,5.01,19.16,1
PureGlow Soaps International (Fictional Dummy Company),Global Manufacturing Head - PureGlow Soaps,Australia,Australia,Sydney,FCT025,Sydney Soap Plant,LN0074,Line-2,2026-07-09 07:00:00,2026-07-09,7,Morning,Aloe Vera Liquid Soap,1.51,60.0,18.6,Power Outage,41.4,91,54,1,53,1.16,98.15,59.34,69.0,86.38,58.5,5.81,19.11,2
PureGlow Soaps International (Fictional Dummy Company),Global Manufacturing Head - PureGlow Soaps,Australia,Australia,Sydney,FCT025,Sydney Soap Plant,LN0075,Line-3,2026-07-09 07:00:00,2026-07-09,7,Morning,Sandalwood Bar Soap,1.35,60.0,14.1,Power Outage,45.9,81,51,1,50,2.83,98.04,62.96,76.5,82.3,61.73,4.66,27.71,3
PureGlow Soaps International (Fictional Dummy Company),Global Manufacturing Head - PureGlow Soaps,Australia,Australia,Sydney,FCT025,Sydney Soap Plant,LN0073,Line-1,2026-07-09 08:00:00,2026-07-09,8,Morning,Charcoal Bar Soap,1.18,60.0,26.5,Machine Breakdown,33.5,71,35,1,34,3.42,97.14,49.3,55.83,88.54,48.02,3.14,12.14,1
PureGlow Soaps International (Fictional Dummy Company),Global Manufacturing Head - PureGlow Soaps,Australia,Australia,Sydney,FCT025,Sydney Soap Plant,LN0074,Line-2,2026-07-09 08:00:00,2026-07-09,8,Morning,Aloe Vera Liquid Soap,1.51,60.0,13.9,Material Shortage,46.1,91,62,3,59,4.22,95.16,68.13,76.83,89.07,65.12,6.63,22.55,1
PureGlow Soaps International (Fictional Dummy Company),Global Manufacturing Head - PureGlow Soaps,Australia,Australia,Sydney,FCT025,Sydney Soap Plant,LN0075,Line-3,2026-07-09 08:00:00,2026-07-09,8,Morning,Sandalwood Bar Soap,1.35,60.0,2.8,No Downtime,57.2,81,76,2,74,3.06,97.37,93.83,95.33,98.42,91.36,8.28,35.96,1
PureGlow Soaps International (Fictional Dummy Company),Global Manufacturing Head - PureGlow Soaps,Australia,Australia,Sydney,FCT025,Sydney Soap Plant,LN0073,Line-1,2026-07-09 09:00:00,2026-07-09,9,Morning,Charcoal Bar Soap,1.18,60.0,18.9,Machine Breakdown,41.1,71,43,2,41,4.2,95.35,60.56,68.5,88.66,57.91,4.44,16.0,2
PureGlow Soaps International (Fictional Dummy Company),Global Manufacturing Head - PureGlow Soaps,Australia,Australia,Sydney,FCT025,Sydney Soap Plant,LN0074,Line-2,2026-07-09 09:00:00,2026-07-09,9,Morning,Aloe Vera Liquid Soap,1.51,60.0,27.1,Preventive Maintenance,32.9,91,46,2,44,3.39,95.65,50.55,54.83,92.59,48.56,4.17,14.84,1
PureGlow Soaps International (Fictional Dummy Company),Global Manufacturing Head - PureGlow Soaps,Australia,Australia,Sydney,FCT025,Sydney Soap Plant,LN0075,Line-3,2026-07-09 09:00:00,2026-07-09,9,Morning,Sandalwood Bar Soap,1.35,60.0,3.1,No Downtime,56.9,81,74,2,72,2.48,97.3,91.36,94.83,96.34,88.89,8.02,34.76,2
PureGlow Soaps International (Fictional Dummy Company),Global Manufacturing Head - PureGlow Soaps,Australia,Australia,Sydney,FCT025,Sydney Soap Plant,LN0073,Line-1,2026-07-09 10:00:00,2026-07-09,10,Morning,Charcoal Bar Soap,1.18,60.0,13.7,Machine Breakdown,46.3,71,46,0,46,1.02,100.0,64.79,77.17,84.2,64.98,4.88,19.56,3
PureGlow Soaps International (Fictional Dummy Company),Global Manufacturing Head - PureGlow Soaps,Australia,Australia,Sydney,FCT025,Sydney Soap Plant,LN0074,Line-2,2026-07-09 10:00:00,2026-07-09,10,Morning,Aloe Vera Liquid Soap,1.51,60.0,2.7,No Downtime,57.3,91,86,0,86,0.5,100.0,94.51,95.5,99.4,94.93,7.73,31.47,3
PureGlow Soaps International (Fictional Dummy Company),Global Manufacturing Head - PureGlow Soaps,Australia,Australia,Sydney,FCT025,Sydney Soap Plant,LN0075,Line-3,2026-07-09 10:00:00,2026-07-09,10,Morning,Sandalwood Bar Soap,1.35,60.0,19.9,Changeover/Setup,40.1,81,45,2,43,3.79,95.56,55.56,66.83,83.13,53.09,4.9,24.25,2
PureGlow Soaps International (Fictional Dummy Company),Global Manufacturing Head - PureGlow Soaps,Australia,Australia,Sydney,FCT025,Sydney Soap Plant,LN0073,Line-1,2026-07-09 11:00:00,2026-07-09,11,Morning,Charcoal Bar Soap,1.18,60.0,18.6,Changeover/Setup,41.4,71,46,2,44,3.7,95.65,64.79,69.0,94.16,62.14,4.33,16.64,2
PureGlow Soaps International (Fictional Dummy Company),Global Manufacturing Head - PureGlow Soaps,Australia,Australia,Sydney,FCT025,Sydney Soap Plant,LN0074,Line-2,2026-07-09 11:00:00,2026-07-09,11,Morning,Aloe Vera Liquid Soap,1.51,60.0,1.4,No Downtime,58.6,91,71,3,68,4.73,95.77,78.02,97.67,80.24,75.06,6.86,30.13,1
PureGlow Soaps International (Fictional Dummy Company),Global Manufacturing Head - PureGlow Soaps,Australia,Australia,Sydney,FCT025,Sydney Soap Plant,LN0075,Line-3,2026-07-09 11:00:00,2026-07-09,11,Morning,Sandalwood Bar Soap,1.35,60.0,16.0,Power Outage,44.0,81,51,2,49,4.55,96.08,62.96,73.33,85.86,60.49,5.58,29.01,1
PureGlow Soaps International (Fictional Dummy Company),Global Manufacturing Head - PureGlow Soaps,Australia,Australia,Sydney,FCT025,Sydney Soap Plant,LN0073,Line-1,2026-07-09 12:00:00,2026-07-09,12,Morning,Charcoal Bar Soap,1.18,60.0,1.0,No Downtime,59.0,71,65,2,63,3.73,96.92,91.55,98.33,93.36,88.97,6.94,24.55,1
PureGlow Soaps International (Fictional Dummy Company),Global Manufacturing Head - PureGlow Soaps,Australia,Australia,Sydney,FCT025,Sydney Soap Plant,LN0074,Line-2,2026-07-09 12:00:00,2026-07-09,12,Morning,Aloe Vera Liquid Soap,1.51,60.0,35.8,Machine Breakdown,24.2,91,33,1,32,2.52,96.97,36.26,40.33,90.31,35.32,2.96,12.11,1
PureGlow Soaps International (Fictional Dummy Company),Global Manufacturing Head - PureGlow Soaps,Australia,Australia,Sydney,FCT025,Sydney Soap Plant,LN0075,Line-3,2026-07-09 12:00:00,2026-07-09,12,Morning,Sandalwood Bar Soap,1.35,60.0,10.3,Changeover/Setup,49.7,81,56,1,55,1.84,98.21,69.14,82.83,83.46,67.89,5.26,30.82,3
PureGlow Soaps International (Fictional Dummy Company),Global Manufacturing Head - PureGlow Soaps,Australia,Australia,Sydney,FCT025,Sydney Soap Plant,LN0073,Line-1,2026-07-09 13:00:00,2026-07-09,13,Morning,Charcoal Bar Soap,1.18,60.0,19.6,Material Shortage,40.4,71,49,2,47,3.11,95.92,69.01,67.33,102.79,66.38,4.65,14.38,1
PureGlow Soaps International (Fictional Dummy Company),Global Manufacturing Head - PureGlow Soaps,Australia,Australia,Sydney,FCT025,Sydney Soap Plant,LN0074,Line-2,2026-07-09 13:00:00,2026-07-09,13,Morning,Aloe Vera Liquid Soap,1.51,60.0,23.9,Machine Breakdown,36.1,91,50,2,48,3.87,96.0,54.95,60.17,91.72,52.98,5.38,18.18,1
PureGlow Soaps International (Fictional Dummy Company),Global Manufacturing Head - PureGlow Soaps,Australia,Australia,Sydney,FCT025,Sydney Soap Plant,LN0075,Line-3,2026-07-09 13:00:00,2026-07-09,13,Morning,Sandalwood Bar Soap,1.35,60.0,33.0,Material Shortage,27.0,81,37,1,36,1.82,97.3,45.68,45.0,101.51,44.45,3.53,15.39,2
PureGlow Soaps International (Fictional Dummy Company),Global Manufacturing Head - PureGlow Soaps,Australia,Australia,Sydney,FCT025,Sydney Soap Plant,LN0073,Line-1,2026-07-09 14:00:00,2026-07-09,14,Afternoon,Charcoal Bar Soap,1.18,60.0,38.9,Preventive Maintenance,21.1,71,20,1,19,3.61,95.0,28.17,35.17,80.33,26.84,1.96,8.82,2
PureGlow Soaps International (Fictional Dummy Company),Global Manufacturing Head - PureGlow Soaps,Australia,Australia,Sydney,FCT025,Sydney Soap Plant,LN0074,Line-2,2026-07-09 14:00:00,2026-07-09,14,Afternoon,Aloe Vera Liquid Soap,1.51,60.0,29.5,Preventive Maintenance,30.5,91,45,2,43,5.03,95.56,49.45,50.83,97.71,47.46,4.21,14.13,3
PureGlow Soaps International (Fictional Dummy Company),Global Manufacturing Head - PureGlow Soaps,Australia,Australia,Sydney,FCT025,Sydney Soap Plant,LN0075,Line-3,2026-07-09 14:00:00,2026-07-09,14,Afternoon,Sandalwood Bar Soap,1.35,60.0,1.4,No Downtime,58.6,81,66,2,64,2.95,96.97,81.48,97.67,83.43,79.02,6.69,35.54,1
PureGlow Soaps International (Fictional Dummy Company),Global Manufacturing Head - PureGlow Soaps,Australia,Australia,Sydney,FCT025,Sydney Soap Plant,LN0073,Line-1,2026-07-09 15:00:00,2026-07-09,15,Afternoon,Charcoal Bar Soap,1.18,60.0,2.3,No Downtime,57.7,71,68,2,66,2.38,97.06,95.77,96.17,99.87,93.22,7.05,23.34,3
PureGlow Soaps International (Fictional Dummy Company),Global Manufacturing Head - PureGlow Soaps,Australia,Australia,Sydney,FCT025,Sydney Soap Plant,LN0074,Line-2,2026-07-09 15:00:00,2026-07-09,15,Afternoon,Aloe Vera Liquid Soap,1.51,60.0,10.4,Material Shortage,49.6,91,70,2,68,3.31,97.14,76.92,82.67,93.46,75.05,6.68,26.19,3
PureGlow Soaps International (Fictional Dummy Company),Global Manufacturing Head - PureGlow Soaps,Australia,Australia,Sydney,FCT025,Sydney Soap Plant,LN0075,Line-3,2026-07-09 15:00:00,2026-07-09,15,Afternoon,Sandalwood Bar Soap,1.35,60.0,10.2,Changeover/Setup,49.8,81,65,2,63,3.59,96.92,80.25,83.0,96.68,77.77,6.54,32.72,3
PureGlow Soaps International (Fictional Dummy Company),Global Manufacturing Head - PureGlow Soaps,Australia,Australia,Sydney,FCT025,Sydney Soap Plant,LN0073,Line-1,2026-07-09 16:00:00,2026-07-09,16,Afternoon,Charcoal Bar Soap,1.18,60.0,3.1,No Downtime,56.9,71,55,2,53,3.18,96.36,77.46,94.83,81.92,74.86,5.04,23.39,2
PureGlow Soaps International (Fictional Dummy Company),Global Manufacturing Head - PureGlow Soaps,Australia,Australia,Sydney,FCT025,Sydney Soap Plant,LN0074,Line-2,2026-07-09 16:00:00,2026-07-09,16,Afternoon,Aloe Vera Liquid Soap,1.51,60.0,0.9,No Downtime,59.1,91,84,3,81,3.51,96.43,92.31,98.5,94.13,89.41,7.28,26.61,3
PureGlow Soaps International (Fictional Dummy Company),Global Manufacturing Head - PureGlow Soaps,Australia,Australia,Sydney,FCT025,Sydney Soap Plant,LN0075,Line-3,2026-07-09 16:00:00,2026-07-09,16,Afternoon,Sandalwood Bar Soap,1.35,60.0,37.4,Machine Breakdown,22.6,81,30,1,29,4.02,96.67,37.04,37.67,98.33,35.81,3.07,13.75,1
PureGlow Soaps International (Fictional Dummy Company),Global Manufacturing Head - PureGlow Soaps,Australia,Australia,Sydney,FCT025,Sydney Soap Plant,LN0073,Line-1,2026-07-09 17:00:00,2026-07-09,17,Afternoon,Charcoal Bar Soap,1.18,60.0,30.3,Material Shortage,29.7,71,33,1,32,2.24,96.97,46.48,49.5,94.16,45.2,3.01,11.28,3
PureGlow Soaps International (Fictional Dummy Company),Global Manufacturing Head - PureGlow Soaps,Australia,Australia,Sydney,FCT025,Sydney Soap Plant,LN0074,Line-2,2026-07-09 17:00:00,2026-07-09,17,Afternoon,Aloe Vera Liquid Soap,1.51,60.0,2.4,No Downtime,57.6,91,75,5,70,6.42,93.33,82.42,96.0,86.23,77.26,6.45,26.35,1
PureGlow Soaps International (Fictional Dummy Company),Global Manufacturing Head - PureGlow Soaps,Australia,Australia,Sydney,FCT025,Sydney Soap Plant,LN0075,Line-3,2026-07-09 17:00:00,2026-07-09,17,Afternoon,Sandalwood Bar Soap,1.35,60.0,36.3,Preventive Maintenance,23.7,81,27,1,26,4.34,96.3,33.33,39.5,84.39,32.1,2.4,15.73,3
PureGlow Soaps International (Fictional Dummy Company),Global Manufacturing Head - PureGlow Soaps,Australia,Australia,Sydney,FCT025,Sydney Soap Plant,LN0073,Line-1,2026-07-09 18:00:00,2026-07-09,18,Afternoon,Charcoal Bar Soap,1.18,60.0,3.7,No Downtime,56.3,71,63,4,59,5.84,93.65,88.73,93.83,94.83,83.33,5.43,21.92,2
PureGlow Soaps International (Fictional Dummy Company),Global Manufacturing Head - PureGlow Soaps,Australia,Australia,Sydney,FCT025,Sydney Soap Plant,LN0074,Line-2,2026-07-09 18:00:00,2026-07-09,18,Afternoon,Aloe Vera Liquid Soap,1.51,60.0,3.4,No Downtime,56.6,91,73,1,72,1.51,98.63,80.22,94.33,85.41,79.46,7.91,27.48,3
PureGlow Soaps International (Fictional Dummy Company),Global Manufacturing Head - PureGlow Soaps,Australia,Australia,Sydney,FCT025,Sydney Soap Plant,LN0075,Line-3,2026-07-09 18:00:00,2026-07-09,18,Afternoon,Sandalwood Bar Soap,1.35,60.0,17.2,Preventive Maintenance,42.8,81,49,1,48,1.62,97.96,60.49,71.33,84.8,59.25,5.32,28.22,2
PureGlow Soaps International (Fictional Dummy Company),Global Manufacturing Head - PureGlow Soaps,Australia,Australia,Sydney,FCT025,Sydney Soap Plant,LN0073,Line-1,2026-07-09 19:00:00,2026-07-09,19,Afternoon,Charcoal Bar Soap,1.18,60.0,39.6,Preventive Maintenance,20.4,71,19,0,19,2.03,100.0,26.76,34.0,78.93,26.84,1.93,8.6,2
PureGlow Soaps International (Fictional Dummy Company),Global Manufacturing Head - PureGlow Soaps,Australia,Australia,Sydney,FCT025,Sydney Soap Plant,LN0074,Line-2,2026-07-09 19:00:00,2026-07-09,19,Afternoon,Aloe Vera Liquid Soap,1.51,60.0,22.6,Machine Breakdown,37.4,91,48,2,46,5.08,95.83,52.75,62.33,84.99,50.77,5.16,18.54,2
PureGlow Soaps International (Fictional Dummy Company),Global Manufacturing Head - PureGlow Soaps,Australia,Australia,Sydney,FCT025,Sydney Soap Plant,LN0075,Line-3,2026-07-09 19:00:00,2026-07-09,19,Afternoon,Sandalwood Bar Soap,1.35,60.0,28.5,Power Outage,31.5,81,42,1,41,3.56,97.62,51.85,52.5,98.77,50.62,3.94,19.52,3
PureGlow Soaps International (Fictional Dummy Company),Global Manufacturing Head - PureGlow Soaps,Australia,Australia,Sydney,FCT025,Sydney Soap Plant,LN0073,Line-1,2026-07-09 20:00:00,2026-07-09,20,Afternoon,Charcoal Bar Soap,1.18,60.0,10.1,Quality Hold,49.9,71,48,3,45,5.57,93.75,67.61,83.17,81.52,63.56,4.21,19.78,1
PureGlow Soaps International (Fictional Dummy Company),Global Manufacturing Head - PureGlow Soaps,Australia,Australia,Sydney,FCT025,Sydney Soap Plant,LN0074,Line-2,2026-07-09 20:00:00,2026-07-09,20,Afternoon,Aloe Vera Liquid Soap,1.51,60.0,27.5,Material Shortage,32.5,91,42,1,41,2.58,97.62,46.15,54.17,85.58,45.26,3.87,15.79,1
PureGlow Soaps International (Fictional Dummy Company),Global Manufacturing Head - PureGlow Soaps,Australia,Australia,Sydney,FCT025,Sydney Soap Plant,LN0075,Line-3,2026-07-09 20:00:00,2026-07-09,20,Afternoon,Sandalwood Bar Soap,1.35,60.0,25.0,Staff Shortage,35.0,81,45,2,43,3.72,95.56,55.56,58.33,95.24,53.09,4.81,19.35,3
PureGlow Soaps International (Fictional Dummy Company),Global Manufacturing Head - PureGlow Soaps,Australia,Australia,Sydney,FCT025,Sydney Soap Plant,LN0073,Line-1,2026-07-09 21:00:00,2026-07-09,21,Afternoon,Charcoal Bar Soap,1.18,60.0,34.6,Machine Breakdown,25.4,71,30,1,29,2.04,96.67,42.25,42.33,100.09,40.96,3.14,10.53,1
PureGlow Soaps International (Fictional Dummy Company),Global Manufacturing Head - PureGlow Soaps,Australia,Australia,Sydney,FCT025,Sydney Soap Plant,LN0074,Line-2,2026-07-09 21:00:00,2026-07-09,21,Afternoon,Aloe Vera Liquid Soap,1.51,60.0,2.5,No Downtime,57.5,91,76,2,74,3.08,97.37,83.52,95.83,87.53,81.67,7.98,27.98,3
PureGlow Soaps International (Fictional Dummy Company),Global Manufacturing Head - PureGlow Soaps,Australia,Australia,Sydney,FCT025,Sydney Soap Plant,LN0075,Line-3,2026-07-09 21:00:00,2026-07-09,21,Afternoon,Sandalwood Bar Soap,1.35,60.0,25.9,Power Outage,34.1,81,44,1,43,1.79,97.73,54.32,56.83,95.58,53.09,4.43,22.17,2
PureGlow Soaps International (Fictional Dummy Company),Global Manufacturing Head - PureGlow Soaps,Australia,Australia,Sydney,FCT025,Sydney Soap Plant,LN0073,Line-1,2026-07-09 22:00:00,2026-07-09,22,Night,Charcoal Bar Soap,1.18,60.0,2.1,No Downtime,57.9,71,57,3,54,4.89,94.74,80.28,96.5,83.43,76.28,4.87,21.43,3
PureGlow Soaps International (Fictional Dummy Company),Global Manufacturing Head - PureGlow Soaps,Australia,Australia,Sydney,FCT025,Sydney Soap Plant,LN0074,Line-2,2026-07-09 22:00:00,2026-07-09,22,Night,Aloe Vera Liquid Soap,1.51,60.0,15.0,Changeover/Setup,45.0,91,58,2,56,3.51,96.55,63.74,75.0,85.36,61.81,5.59,23.52,1
PureGlow Soaps International (Fictional Dummy Company),Global Manufacturing Head - PureGlow Soaps,Australia,Australia,Sydney,FCT025,Sydney Soap Plant,LN0075,Line-3,2026-07-09 22:00:00,2026-07-09,22,Night,Sandalwood Bar Soap,1.35,60.0,0.2,No Downtime,59.8,81,68,1,67,1.74,98.53,83.95,99.67,84.23,82.72,5.81,36.61,2
PureGlow Soaps International (Fictional Dummy Company),Global Manufacturing Head - PureGlow Soaps,Australia,Australia,Sydney,FCT025,Sydney Soap Plant,LN0073,Line-1,2026-07-09 23:00:00,2026-07-09,23,Night,Charcoal Bar Soap,1.18,60.0,0.8,No Downtime,59.2,71,57,2,55,3.68,96.49,80.28,98.67,81.6,77.69,6.12,23.28,2
PureGlow Soaps International (Fictional Dummy Company),Global Manufacturing Head - PureGlow Soaps,Australia,Australia,Sydney,FCT025,Sydney Soap Plant,LN0074,Line-2,2026-07-09 23:00:00,2026-07-09,23,Night,Aloe Vera Liquid Soap,1.51,60.0,20.5,Preventive Maintenance,39.5,91,57,3,54,4.42,94.74,62.64,65.83,95.57,59.6,5.09,17.96,3
PureGlow Soaps International (Fictional Dummy Company),Global Manufacturing Head - PureGlow Soaps,Australia,Australia,Sydney,FCT025,Sydney Soap Plant,LN0075,Line-3,2026-07-09 23:00:00,2026-07-09,23,Night,Sandalwood Bar Soap,1.35,60.0,3.4,No Downtime,56.6,81,78,1,77,1.87,98.72,96.3,94.33,102.08,95.06,8.56,32.51,1
PureGlow Soaps International (Fictional Dummy Company),Global Manufacturing Head - PureGlow Soaps,Australia,Australia,Sydney,FCT025,Sydney Soap Plant,LN0073,Line-1,2026-07-10 00:00:00,2026-07-10,0,Night,Neem Bar Soap,1.18,60.0,21.5,Staff Shortage,38.5,71,46,1,45,2.66,97.83,64.79,64.17,101.25,63.56,4.6,16.08,2
PureGlow Soaps International (Fictional Dummy Company),Global Manufacturing Head - PureGlow Soaps,Australia,Australia,Sydney,FCT025,Sydney Soap Plant,LN0074,Line-2,2026-07-10 00:00:00,2026-07-10,0,Night,Coconut Bar Soap,1.51,60.0,3.1,No Downtime,56.9,91,79,4,75,4.46,94.94,86.81,94.83,91.95,82.78,7.2,26.09,2
PureGlow Soaps International (Fictional Dummy Company),Global Manufacturing Head - PureGlow Soaps,Australia,Australia,Sydney,FCT025,Sydney Soap Plant,LN0075,Line-3,2026-07-10 00:00:00,2026-07-10,0,Night,Rose Bar Soap,1.35,60.0,19.0,Changeover/Setup,41.0,81,48,2,46,4.25,95.83,59.26,68.33,86.72,56.78,4.58,24.79,1
PureGlow Soaps International (Fictional Dummy Company),Global Manufacturing Head - PureGlow Soaps,Australia,Australia,Sydney,FCT025,Sydney Soap Plant,LN0073,Line-1,2026-07-10 01:00:00,2026-07-10,1,Night,Neem Bar Soap,1.18,60.0,26.3,Material Shortage,33.7,71,34,1,33,3.7,97.06,47.89,56.17,85.5,46.61,3.52,12.78,2
PureGlow Soaps International (Fictional Dummy Company),Global Manufacturing Head - PureGlow Soaps,Australia,Australia,Sydney,FCT025,Sydney Soap Plant,LN0074,Line-2,2026-07-10 01:00:00,2026-07-10,1,Night,Coconut Bar Soap,1.51,60.0,24.0,Machine Breakdown,36.0,91,54,1,53,2.33,98.15,59.34,60.0,99.34,58.5,5.75,19.72,2
PureGlow Soaps International (Fictional Dummy Company),Global Manufacturing Head - PureGlow Soaps,Australia,Australia,Sydney,FCT025,Sydney Soap Plant,LN0075,Line-3,2026-07-10 01:00:00,2026-07-10,1,Night,Rose Bar Soap,1.35,60.0,0.2,No Downtime,59.8,81,71,3,68,3.94,95.77,87.65,99.67,87.95,83.95,7.72,40.03,1
PureGlow Soaps International (Fictional Dummy Company),Global Manufacturing Head - PureGlow Soaps,Australia,Australia,Sydney,FCT025,Sydney Soap Plant,LN0073,Line-1,2026-07-10 02:00:00,2026-07-10,2,Night,Neem Bar Soap,1.18,60.0,8.1,Changeover/Setup,51.9,71,61,2,59,3.01,96.72,85.92,86.5,99.6,83.33,5.49,21.41,1
PureGlow Soaps International (Fictional Dummy Company),Global Manufacturing Head - PureGlow Soaps,Australia,Australia,Sydney,FCT025,Sydney Soap Plant,LN0074,Line-2,2026-07-10 02:00:00,2026-07-10,2,Night,Coconut Bar Soap,1.51,60.0,4.0,No Downtime,56.0,91,79,3,76,4.12,96.2,86.81,93.33,93.42,83.88,8.36,30.74,3
PureGlow Soaps International (Fictional Dummy Company),Global Manufacturing Head - PureGlow Soaps,Australia,Australia,Sydney,FCT025,Sydney Soap Plant,LN0075,Line-3,2026-07-10 02:00:00,2026-07-10,2,Night,Rose Bar Soap,1.35,60.0,14.4,Staff Shortage,45.6,81,55,3,52,4.69,94.55,67.9,76.0,89.34,64.2,5.25,26.59,1
PureGlow Soaps International (Fictional Dummy Company),Global Manufacturing Head - PureGlow Soaps,Australia,Australia,Sydney,FCT025,Sydney Soap Plant,LN0073,Line-1,2026-07-10 03:00:00,2026-07-10,3,Night,Neem Bar Soap,1.18,60.0,17.1,Changeover/Setup,42.9,71,42,1,41,3.2,97.62,59.15,71.5,82.97,57.91,4.37,16.94,2
PureGlow Soaps International (Fictional Dummy Company),Global Manufacturing Head - PureGlow Soaps,Australia,Australia,Sydney,FCT025,Sydney Soap Plant,LN0074,Line-2,2026-07-10 03:00:00,2026-07-10,3,Night,Coconut Bar Soap,1.51,60.0,25.3,Material Shortage,34.7,91,44,2,42,3.48,95.45,48.35,57.83,83.97,46.35,4.16,16.7,2
PureGlow Soaps International (Fictional Dummy Company),Global Manufacturing Head - PureGlow Soaps,Australia,Australia,Sydney,FCT025,Sydney Soap Plant,LN0075,Line-3,2026-07-10 03:00:00,2026-07-10,3,Night,Rose Bar Soap,1.35,60.0,1.9,No Downtime,58.1,81,76,3,73,4.38,96.05,93.83,96.83,96.9,90.12,6.71,35.38,2
PureGlow Soaps International (Fictional Dummy Company),Global Manufacturing Head - PureGlow Soaps,Australia,Australia,Sydney,FCT025,Sydney Soap Plant,LN0073,Line-1,2026-07-10 04:00:00,2026-07-10,4,Night,Neem Bar Soap,1.18,60.0,19.7,Material Shortage,40.3,71,47,2,45,4.07,95.74,66.2,67.17,98.84,63.56,4.84,16.95,2
PureGlow Soaps International (Fictional Dummy Company),Global Manufacturing Head - PureGlow Soaps,Australia,Australia,Sydney,FCT025,Sydney Soap Plant,LN0074,Line-2,2026-07-10 04:00:00,2026-07-10,4,Night,Coconut Bar Soap,1.51,60.0,40.7,Machine Breakdown,19.3,91,27,1,26,3.58,96.3,29.67,32.17,92.65,28.7,2.49,10.4,2
PureGlow Soaps International (Fictional Dummy Company),Global Manufacturing Head - PureGlow Soaps,Australia,Australia,Sydney,FCT025,Sydney Soap Plant,LN0075,Line-3,2026-07-10 04:00:00,2026-07-10,4,Night,Rose Bar Soap,1.35,60.0,0.1,No Downtime,59.9,81,72,2,70,3.15,97.22,88.89,99.83,89.04,86.42,6.24,35.89,1
PureGlow Soaps International (Fictional Dummy Company),Global Manufacturing Head - PureGlow Soaps,Australia,Australia,Sydney,FCT025,Sydney Soap Plant,LN0073,Line-1,2026-07-10 05:00:00,2026-07-10,5,Night,Neem Bar Soap,1.18,60.0,16.3,Preventive Maintenance,43.7,71,53,2,51,2.84,96.23,74.65,72.83,102.78,72.03,4.69,17.98,3
PureGlow Soaps International (Fictional Dummy Company),Global Manufacturing Head - PureGlow Soaps,Australia,Australia,Sydney,FCT025,Sydney Soap Plant,LN0074,Line-2,2026-07-10 05:00:00,2026-07-10,5,Night,Coconut Bar Soap,1.51,60.0,1.4,No Downtime,58.6,91,80,1,79,1.29,98.75,87.91,97.67,90.41,87.2,7.74,29.1,3
PureGlow Soaps International (Fictional Dummy Company),Global Manufacturing Head - PureGlow Soaps,Australia,Australia,Sydney,FCT025,Sydney Soap Plant,LN0075,Line-3,2026-07-10 05:00:00,2026-07-10,5,Night,Rose Bar Soap,1.35,60.0,22.9,Staff Shortage,37.1,81,43,1,42,2.97,97.67,53.09,61.83,85.85,51.84,3.66,24.1,1
PureGlow Soaps International (Fictional Dummy Company),Global Manufacturing Head - PureGlow Soaps,Australia,Australia,Sydney,FCT025,Sydney Soap Plant,LN0073,Line-1,2026-07-10 06:00:00,2026-07-10,6,Morning,Neem Bar Soap,1.18,60.0,18.6,Preventive Maintenance,41.4,71,42,1,41,2.77,97.62,59.15,69.0,85.97,57.91,3.74,17.44,2
PureGlow Soaps International (Fictional Dummy Company),Global Manufacturing Head - PureGlow Soaps,Australia,Australia,Sydney,FCT025,Sydney Soap Plant,LN0074,Line-2,2026-07-10 06:00:00,2026-07-10,6,Morning,Coconut Bar Soap,1.51,60.0,14.4,Power Outage,45.6,91,60,1,59,2.18,98.33,65.93,76.0,87.14,65.12,5.28,24.53,2
PureGlow Soaps International (Fictional Dummy Company),Global Manufacturing Head - PureGlow Soaps,Australia,Australia,Sydney,FCT025,Sydney Soap Plant,LN0075,Line-3,2026-07-10 06:00:00,2026-07-10,6,Morning,Rose Bar Soap,1.35,60.0,29.4,Material Shortage,30.6,81,37,1,36,2.55,97.3,45.68,51.0,89.57,44.45,3.88,19.75,3
PureGlow Soaps International (Fictional Dummy Company),Global Manufacturing Head - PureGlow Soaps,Australia,Australia,Sydney,FCT025,Sydney Soap Plant,LN0073,Line-1,2026-07-10 07:00:00,2026-07-10,7,Morning,Neem Bar Soap,1.18,60.0,19.2,Changeover/Setup,40.8,71,47,1,46,1.38,97.87,66.2,68.0,97.62,64.97,4.77,16.18,2
PureGlow Soaps International (Fictional Dummy Company),Global Manufacturing Head - PureGlow Soaps,Australia,Australia,Sydney,FCT025,Sydney Soap Plant,LN0074,Line-2,2026-07-10 07:00:00,2026-07-10,7,Morning,Coconut Bar Soap,1.51,60.0,32.6,Material Shortage,27.4,91,37,2,35,4.79,94.59,40.66,45.67,89.43,38.63,3.49,14.94,2
PureGlow Soaps International (Fictional Dummy Company),Global Manufacturing Head - PureGlow Soaps,Australia,Australia,Sydney,FCT025,Sydney Soap Plant,LN0075,Line-3,2026-07-10 07:00:00,2026-07-10,7,Morning,Rose Bar Soap,1.35,60.0,29.1,Preventive Maintenance,30.9,81,37,1,36,3.14,97.3,45.68,51.5,88.7,44.45,3.35,18.35,3
PureGlow Soaps International (Fictional Dummy Company),Global Manufacturing Head - PureGlow Soaps,Australia,Australia,Sydney,FCT025,Sydney Soap Plant,LN0073,Line-1,2026-07-10 08:00:00,2026-07-10,8,Morning,Neem Bar Soap,1.18,60.0,3.7,No Downtime,56.3,71,54,1,53,2.07,98.15,76.06,93.83,81.28,74.85,5.25,23.03,2
PureGlow Soaps International (Fictional Dummy Company),Global Manufacturing Head - PureGlow Soaps,Australia,Australia,Sydney,FCT025,Sydney Soap Plant,LN0074,Line-2,2026-07-10 08:00:00,2026-07-10,8,Morning,Coconut Bar Soap,1.51,60.0,4.0,No Downtime,56.0,91,81,2,79,1.95,97.53,89.01,93.33,95.79,87.19,7.73,27.32,3
PureGlow Soaps International (Fictional Dummy Company),Global Manufacturing Head - PureGlow Soaps,Australia,Australia,Sydney,FCT025,Sydney Soap Plant,LN0075,Line-3,2026-07-10 08:00:00,2026-07-10,8,Morning,Rose Bar Soap,1.35,60.0,0.6,No Downtime,59.4,81,72,2,70,2.96,97.22,88.89,99.0,89.79,86.42,7.56,37.46,3
PureGlow Soaps International (Fictional Dummy Company),Global Manufacturing Head - PureGlow Soaps,Australia,Australia,Sydney,FCT025,Sydney Soap Plant,LN0073,Line-1,2026-07-10 09:00:00,2026-07-10,9,Morning,Neem Bar Soap,1.18,60.0,30.7,Material Shortage,29.3,71,33,1,32,2.39,96.97,46.48,48.83,95.45,45.2,3.27,11.57,2
PureGlow Soaps International (Fictional Dummy Company),Global Manufacturing Head - PureGlow Soaps,Australia,Australia,Sydney,FCT025,Sydney Soap Plant,LN0074,Line-2,2026-07-10 09:00:00,2026-07-10,9,Morning,Coconut Bar Soap,1.51,60.0,3.5,No Downtime,56.5,91,73,3,70,4.59,95.89,80.22,94.17,85.57,77.27,6.32,25.79,2
PureGlow Soaps International (Fictional Dummy Company),Global Manufacturing Head - PureGlow Soaps,Australia,Australia,Sydney,FCT025,Sydney Soap Plant,LN0075,Line-3,2026-07-10 09:00:00,2026-07-10,9,Morning,Rose Bar Soap,1.35,60.0,1.3,No Downtime,58.7,81,66,2,64,3.31,96.97,81.48,97.83,83.29,79.01,6.29,32.84,3
PureGlow Soaps International (Fictional Dummy Company),Global Manufacturing Head - PureGlow Soaps,Australia,Australia,Sydney,FCT025,Sydney Soap Plant,LN0073,Line-1,2026-07-10 10:00:00,2026-07-10,10,Morning,Neem Bar Soap,1.18,60.0,2.3,No Downtime,57.7,71,66,1,65,1.6,98.48,92.96,96.17,96.94,91.81,7.01,20.69,3
PureGlow Soaps International (Fictional Dummy Company),Global Manufacturing Head - PureGlow Soaps,Australia,Australia,Sydney,FCT025,Sydney Soap Plant,LN0074,Line-2,2026-07-10 10:00:00,2026-07-10,10,Morning,Coconut Bar Soap,1.51,60.0,19.1,Power Outage,40.9,91,63,1,62,1.92,98.41,69.23,68.17,102.01,68.43,6.16,21.66,3
PureGlow Soaps International (Fictional Dummy Company),Global Manufacturing Head - PureGlow Soaps,Australia,Australia,Sydney,FCT025,Sydney Soap Plant,LN0075,Line-3,2026-07-10 10:00:00,2026-07-10,10,Morning,Rose Bar Soap,1.35,60.0,3.3,No Downtime,56.7,81,68,1,67,1.06,98.53,83.95,94.5,88.84,82.72,6.75,37.41,2
PureGlow Soaps International (Fictional Dummy Company),Global Manufacturing Head - PureGlow Soaps,Australia,Australia,Sydney,FCT025,Sydney Soap Plant,LN0073,Line-1,2026-07-10 11:00:00,2026-07-10,11,Morning,Neem Bar Soap,1.18,60.0,21.1,Material Shortage,38.9,71,46,1,45,2.76,97.83,64.79,64.83,100.21,63.56,4.08,15.52,3
PureGlow Soaps International (Fictional Dummy Company),Global Manufacturing Head - PureGlow Soaps,Australia,Australia,Sydney,FCT025,Sydney Soap Plant,LN0074,Line-2,2026-07-10 11:00:00,2026-07-10,11,Morning,Coconut Bar Soap,1.51,60.0,20.5,Power Outage,39.5,91,48,2,46,3.22,95.83,52.75,65.83,80.48,50.77,4.14,18.64,3
PureGlow Soaps International (Fictional Dummy Company),Global Manufacturing Head - PureGlow Soaps,Australia,Australia,Sydney,FCT025,Sydney Soap Plant,LN0075,Line-3,2026-07-10 11:00:00,2026-07-10,11,Morning,Rose Bar Soap,1.35,60.0,1.4,No Downtime,58.6,81,78,2,76,2.06,97.44,96.3,97.67,98.6,93.84,7.0,37.68,1
PureGlow Soaps International (Fictional Dummy Company),Global Manufacturing Head - PureGlow Soaps,Australia,Australia,Sydney,FCT025,Sydney Soap Plant,LN0073,Line-1,2026-07-10 12:00:00,2026-07-10,12,Morning,Neem Bar Soap,1.18,60.0,17.8,Machine Breakdown,42.2,71,42,1,41,3.33,97.62,59.15,70.33,84.34,57.9,4.31,17.92,1
PureGlow Soaps International (Fictional Dummy Company),Global Manufacturing Head - PureGlow Soaps,Australia,Australia,Sydney,FCT025,Sydney Soap Plant,LN0074,Line-2,2026-07-10 12:00:00,2026-07-10,12,Morning,Coconut Bar Soap,1.51,60.0,24.1,Power Outage,35.9,91,48,1,47,3.09,97.92,52.75,59.83,88.55,51.88,4.37,16.71,2
PureGlow Soaps International (Fictional Dummy Company),Global Manufacturing Head - PureGlow Soaps,Australia,Australia,Sydney,FCT025,Sydney Soap Plant,LN0075,Line-3,2026-07-10 12:00:00,2026-07-10,12,Morning,Rose Bar Soap,1.35,60.0,26.3,Machine Breakdown,33.7,81,46,1,45,2.71,97.83,56.79,56.17,101.11,55.56,4.86,18.72,2
PureGlow Soaps International (Fictional Dummy Company),Global Manufacturing Head - PureGlow Soaps,Australia,Australia,Sydney,FCT025,Sydney Soap Plant,LN0073,Line-1,2026-07-10 13:00:00,2026-07-10,13,Morning,Neem Bar Soap,1.18,60.0,3.5,No Downtime,56.5,71,61,1,60,2.18,98.36,85.92,94.17,91.5,84.75,6.62,23.04,3
PureGlow Soaps International (Fictional Dummy Company),Global Manufacturing Head - PureGlow Soaps,Australia,Australia,Sydney,FCT025,Sydney Soap Plant,LN0074,Line-2,2026-07-10 13:00:00,2026-07-10,13,Morning,Coconut Bar Soap,1.51,60.0,27.8,Machine Breakdown,32.2,91,40,1,39,2.61,97.5,43.96,53.67,82.27,43.05,4.3,16.83,1
PureGlow Soaps International (Fictional Dummy Company),Global Manufacturing Head - PureGlow Soaps,Australia,Australia,Sydney,FCT025,Sydney Soap Plant,LN0075,Line-3,2026-07-10 13:00:00,2026-07-10,13,Morning,Rose Bar Soap,1.35,60.0,24.6,Material Shortage,35.4,81,49,2,47,4.42,95.92,60.49,59.0,102.53,58.02,4.7,23.48,1
PureGlow Soaps International (Fictional Dummy Company),Global Manufacturing Head - PureGlow Soaps,Australia,Australia,Sydney,FCT025,Sydney Soap Plant,LN0073,Line-1,2026-07-10 14:00:00,2026-07-10,14,Afternoon,Neem Bar Soap,1.18,60.0,1.9,No Downtime,58.1,71,60,1,59,2.13,98.33,84.51,96.83,87.52,83.33,6.48,21.62,1
PureGlow Soaps International (Fictional Dummy Company),Global Manufacturing Head - PureGlow Soaps,Australia,Australia,Sydney,FCT025,Sydney Soap Plant,LN0074,Line-2,2026-07-10 14:00:00,2026-07-10,14,Afternoon,Coconut Bar Soap,1.51,60.0,2.1,No Downtime,57.9,91,89,3,86,3.17,96.63,97.8,96.5,101.8,94.93,9.03,31.49,2
PureGlow Soaps International (Fictional Dummy Company),Global Manufacturing Head - PureGlow Soaps,Australia,Australia,Sydney,FCT025,Sydney Soap Plant,LN0075,Line-3,2026-07-10 14:00:00,2026-07-10,14,Afternoon,Rose Bar Soap,1.35,60.0,18.7,Changeover/Setup,41.3,81,45,1,44,2.78,97.78,55.56,68.83,80.71,54.32,4.93,24.1,1
PureGlow Soaps International (Fictional Dummy Company),Global Manufacturing Head - PureGlow Soaps,Australia,Australia,Sydney,FCT025,Sydney Soap Plant,LN0073,Line-1,2026-07-10 15:00:00,2026-07-10,15,Afternoon,Neem Bar Soap,1.18,60.0,6.9,Quality Hold,53.1,71,53,3,50,6.49,94.34,74.65,88.5,84.59,70.62,5.28,22.48,3
PureGlow Soaps International (Fictional Dummy Company),Global Manufacturing Head - PureGlow Soaps,Australia,Australia,Sydney,FCT025,Sydney Soap Plant,LN0074,Line-2,2026-07-10 15:00:00,2026-07-10,15,Afternoon,Coconut Bar Soap,1.51,60.0,14.1,Material Shortage,45.9,91,57,2,55,4.16,96.49,62.64,76.5,82.24,60.71,6.22,21.67,1
PureGlow Soaps International (Fictional Dummy Company),Global Manufacturing Head - PureGlow Soaps,Australia,Australia,Sydney,FCT025,Sydney Soap Plant,LN0075,Line-3,2026-07-10 15:00:00,2026-07-10,15,Afternoon,Rose Bar Soap,1.35,60.0,2.2,No Downtime,57.8,81,77,3,74,3.51,96.1,95.06,96.33,98.68,91.35,7.56,32.29,3
PureGlow Soaps International (Fictional Dummy Company),Global Manufacturing Head - PureGlow Soaps,Australia,Australia,Sydney,FCT025,Sydney Soap Plant,LN0073,Line-1,2026-07-10 16:00:00,2026-07-10,16,Afternoon,Neem Bar Soap,1.18,60.0,16.5,Preventive Maintenance,43.5,71,42,2,40,5.35,95.24,59.15,72.5,81.82,56.5,3.69,18.53,3
PureGlow Soaps International (Fictional Dummy Company),Global Manufacturing Head - PureGlow Soaps,Australia,Australia,Sydney,FCT025,Sydney Soap Plant,LN0074,Line-2,2026-07-10 16:00:00,2026-07-10,16,Afternoon,Coconut Bar Soap,1.51,60.0,6.1,Staff Shortage,53.9,91,76,2,74,2.08,97.37,83.52,89.83,93.38,81.68,7.72,28.91,3
PureGlow Soaps International (Fictional Dummy Company),Global Manufacturing Head - PureGlow Soaps,Australia,Australia,Sydney,FCT025,Sydney Soap Plant,LN0075,Line-3,2026-07-10 16:00:00,2026-07-10,16,Afternoon,Rose Bar Soap,1.35,60.0,3.7,No Downtime,56.3,81,74,0,74,0.0,100.0,91.36,93.83,97.36,91.35,6.83,35.35,1
PureGlow Soaps International (Fictional Dummy Company),Global Manufacturing Head - PureGlow Soaps,Australia,Australia,Sydney,FCT025,Sydney Soap Plant,LN0073,Line-1,2026-07-10 17:00:00,2026-07-10,17,Afternoon,Neem Bar Soap,1.18,60.0,0.3,No Downtime,59.7,71,72,2,70,2.26,97.22,101.41,99.5,102.21,98.87,6.79,24.19,2
PureGlow Soaps International (Fictional Dummy Company),Global Manufacturing Head - PureGlow Soaps,Australia,Australia,Sydney,FCT025,Sydney Soap Plant,LN0074,Line-2,2026-07-10 17:00:00,2026-07-10,17,Afternoon,Coconut Bar Soap,1.51,60.0,14.8,Quality Hold,45.2,91,61,5,56,8.2,91.8,67.03,75.33,89.37,61.8,6.53,21.39,3
PureGlow Soaps International (Fictional Dummy Company),Global Manufacturing Head - PureGlow Soaps,Australia,Australia,Sydney,FCT025,Sydney Soap Plant,LN0075,Line-3,2026-07-10 17:00:00,2026-07-10,17,Afternoon,Rose Bar Soap,1.35,60.0,7.6,Changeover/Setup,52.4,81,58,2,56,2.73,96.55,71.6,87.33,81.99,69.13,5.67,30.0,2
PureGlow Soaps International (Fictional Dummy Company),Global Manufacturing Head - PureGlow Soaps,Australia,Australia,Sydney,FCT025,Sydney Soap Plant,LN0073,Line-1,2026-07-10 18:00:00,2026-07-10,18,Afternoon,Neem Bar Soap,1.18,60.0,16.1,Quality Hold,43.9,71,53,4,49,7.39,92.45,74.65,73.17,102.31,69.21,5.33,17.47,2
PureGlow Soaps International (Fictional Dummy Company),Global Manufacturing Head - PureGlow Soaps,Australia,Australia,Sydney,FCT025,Sydney Soap Plant,LN0074,Line-2,2026-07-10 18:00:00,2026-07-10,18,Afternoon,Coconut Bar Soap,1.51,60.0,14.9,Material Shortage,45.1,91,66,2,64,2.98,96.97,72.53,75.17,96.91,70.64,5.97,20.46,2
PureGlow Soaps International (Fictional Dummy Company),Global Manufacturing Head - PureGlow Soaps,Australia,Australia,Sydney,FCT025,Sydney Soap Plant,LN0075,Line-3,2026-07-10 18:00:00,2026-07-10,18,Afternoon,Rose Bar Soap,1.35,60.0,30.8,Material Shortage,29.2,81,38,1,37,2.55,97.37,46.91,48.67,96.4,45.68,3.79,17.66,1
PureGlow Soaps International (Fictional Dummy Company),Global Manufacturing Head - PureGlow Soaps,Australia,Australia,Sydney,FCT025,Sydney Soap Plant,LN0073,Line-1,2026-07-10 19:00:00,2026-07-10,19,Afternoon,Neem Bar Soap,1.18,60.0,20.1,Preventive Maintenance,39.9,71,42,1,41,3.44,97.62,59.15,66.5,89.21,57.91,4.23,15.4,3
PureGlow Soaps International (Fictional Dummy Company),Global Manufacturing Head - PureGlow Soaps,Australia,Australia,Sydney,FCT025,Sydney Soap Plant,LN0074,Line-2,2026-07-10 19:00:00,2026-07-10,19,Afternoon,Coconut Bar Soap,1.51,60.0,2.8,No Downtime,57.2,91,78,2,76,2.91,97.44,85.71,95.33,90.31,83.89,8.28,30.26,1
PureGlow Soaps International (Fictional Dummy Company),Global Manufacturing Head - PureGlow Soaps,Australia,Australia,Sydney,FCT025,Sydney Soap Plant,LN0075,Line-3,2026-07-10 19:00:00,2026-07-10,19,Afternoon,Rose Bar Soap,1.35,60.0,2.8,No Downtime,57.2,81,62,1,61,2.1,98.39,76.54,95.33,80.29,75.31,5.28,37.72,1
PureGlow Soaps International (Fictional Dummy Company),Global Manufacturing Head - PureGlow Soaps,Australia,Australia,Sydney,FCT025,Sydney Soap Plant,LN0073,Line-1,2026-07-10 20:00:00,2026-07-10,20,Afternoon,Neem Bar Soap,1.18,60.0,16.6,Preventive Maintenance,43.4,71,47,2,45,3.53,95.74,66.2,72.33,91.78,63.56,4.4,18.17,3
PureGlow Soaps International (Fictional Dummy Company),Global Manufacturing Head - PureGlow Soaps,Australia,Australia,Sydney,FCT025,Sydney Soap Plant,LN0074,Line-2,2026-07-10 20:00:00,2026-07-10,20,Afternoon,Coconut Bar Soap,1.51,60.0,22.7,Power Outage,37.3,91,50,3,47,5.4,94.0,54.95,62.17,88.77,51.88,4.26,17.42,1
PureGlow Soaps International (Fictional Dummy Company),Global Manufacturing Head - PureGlow Soaps,Australia,Australia,Sydney,FCT025,Sydney Soap Plant,LN0075,Line-3,2026-07-10 20:00:00,2026-07-10,20,Afternoon,Rose Bar Soap,1.35,60.0,14.2,Changeover/Setup,45.8,81,55,3,52,5.36,94.55,67.9,76.33,88.95,64.2,5.63,29.19,3
PureGlow Soaps International (Fictional Dummy Company),Global Manufacturing Head - PureGlow Soaps,Australia,Australia,Sydney,FCT025,Sydney Soap Plant,LN0073,Line-1,2026-07-10 21:00:00,2026-07-10,21,Afternoon,Neem Bar Soap,1.18,60.0,5.9,Power Outage,54.1,71,62,1,61,2.34,98.39,87.32,90.17,97.12,86.16,5.97,19.89,3
PureGlow Soaps International (Fictional Dummy Company),Global Manufacturing Head - PureGlow Soaps,Australia,Australia,Sydney,FCT025,Sydney Soap Plant,LN0074,Line-2,2026-07-10 21:00:00,2026-07-10,21,Afternoon,Coconut Bar Soap,1.51,60.0,2.8,No Downtime,57.2,91,80,2,78,1.94,97.5,87.91,95.33,92.62,86.09,7.5,30.6,1
PureGlow Soaps International (Fictional Dummy Company),Global Manufacturing Head - PureGlow Soaps,Australia,Australia,Sydney,FCT025,Sydney Soap Plant,LN0075,Line-3,2026-07-10 21:00:00,2026-07-10,21,Afternoon,Rose Bar Soap,1.35,60.0,3.1,No Downtime,56.9,81,70,3,67,4.18,95.71,86.42,94.83,91.13,82.71,7.1,32.94,2
PureGlow Soaps International (Fictional Dummy Company),Global Manufacturing Head - PureGlow Soaps,Australia,Australia,Sydney,FCT025,Sydney Soap Plant,LN0073,Line-1,2026-07-10 22:00:00,2026-07-10,22,Night,Neem Bar Soap,1.18,60.0,11.2,Power Outage,48.8,71,58,0,58,0.53,100.0,81.69,81.33,100.72,81.92,5.06,18.47,1
PureGlow Soaps International (Fictional Dummy Company),Global Manufacturing Head - PureGlow Soaps,Australia,Australia,Sydney,FCT025,Sydney Soap Plant,LN0074,Line-2,2026-07-10 22:00:00,2026-07-10,22,Night,Coconut Bar Soap,1.51,60.0,3.5,No Downtime,56.5,91,82,2,80,2.82,97.56,90.11,94.17,96.11,88.3,8.36,26.01,3
PureGlow Soaps International (Fictional Dummy Company),Global Manufacturing Head - PureGlow Soaps,Australia,Australia,Sydney,FCT025,Sydney Soap Plant,LN0075,Line-3,2026-07-10 22:00:00,2026-07-10,22,Night,Rose Bar Soap,1.35,60.0,22.1,Staff Shortage,37.9,81,52,0,52,0.32,100.0,64.2,63.17,101.63,64.2,4.9,21.38,1
PureGlow Soaps International (Fictional Dummy Company),Global Manufacturing Head - PureGlow Soaps,Australia,Australia,Sydney,FCT025,Sydney Soap Plant,LN0073,Line-1,2026-07-10 23:00:00,2026-07-10,23,Night,Neem Bar Soap,1.18,60.0,16.9,Machine Breakdown,43.1,71,45,1,44,3.11,97.78,63.38,71.83,88.48,62.14,4.88,17.1,2
PureGlow Soaps International (Fictional Dummy Company),Global Manufacturing Head - PureGlow Soaps,Australia,Australia,Sydney,FCT025,Sydney Soap Plant,LN0074,Line-2,2026-07-10 23:00:00,2026-07-10,23,Night,Coconut Bar Soap,1.51,60.0,0.6,No Downtime,59.4,91,83,2,81,1.85,97.59,91.21,99.0,92.54,89.41,8.76,29.51,2
PureGlow Soaps International (Fictional Dummy Company),Global Manufacturing Head - PureGlow Soaps,Australia,Australia,Sydney,FCT025,Sydney Soap Plant,LN0075,Line-3,2026-07-10 23:00:00,2026-07-10,23,Night,Rose Bar Soap,1.35,60.0,32.9,Material Shortage,27.1,81,31,1,30,2.35,96.77,38.27,45.17,84.73,37.04,3.06,15.35,3
