Company,Global_Head,Continent,Country,City,Factory_ID,Factory_Name,Production_Line_ID,Production_Line_Name,Timestamp,Date,Hour_of_Day,Shift,Product_SKU,Rated_Speed_Units_per_Min,Planned_Runtime_Minutes,Downtime_Minutes,Downtime_Reason,Actual_Runtime_Minutes,Planned_Target_Units,Actual_Units_Produced,Rejected_Units,Good_Units,Defect_Rate_Percent,Quality_Score_Percent,Production_Attainment_Percent,Availability_Percent,Performance_Percent,OEE_Percent,Raw_Material_Consumed_Kg,Energy_Consumed_kWh,Operator_Count
PureGlow Soaps International (Fictional Dummy Company),Global Manufacturing Head - PureGlow Soaps,Australia,Fiji,Lautoka,FCT035,Lautoka Soap Plant,LN0103,Line-1,2026-07-01 00:00:00,2026-07-01,0,Night,Charcoal Bar Soap,1.04,60.0,19.8,Machine Breakdown,40.2,62,39,1,38,2.44,97.44,62.9,67.0,93.28,60.9,3.9,24.63,3
PureGlow Soaps International (Fictional Dummy Company),Global Manufacturing Head - PureGlow Soaps,Australia,Fiji,Lautoka,FCT035,Lautoka Soap Plant,LN0104,Line-2,2026-07-01 00:00:00,2026-07-01,0,Night,Lemon Bar Soap,1.24,60.0,2.7,No Downtime,57.3,74,59,2,57,2.72,96.61,79.73,95.5,83.04,76.61,5.52,23.11,2
PureGlow Soaps International (Fictional Dummy Company),Global Manufacturing Head - PureGlow Soaps,Australia,Fiji,Lautoka,FCT035,Lautoka Soap Plant,LN0105,Line-3,2026-07-01 00:00:00,2026-07-01,0,Night,Charcoal Bar Soap,1.08,60.0,19.9,Staff Shortage,40.1,65,38,2,36,4.52,94.74,58.46,66.83,87.74,55.55,3.93,13.96,1
PureGlow Soaps International (Fictional Dummy Company),Global Manufacturing Head - PureGlow Soaps,Australia,Fiji,Lautoka,FCT035,Lautoka Soap Plant,LN0103,Line-1,2026-07-01 01:00:00,2026-07-01,1,Night,Charcoal Bar Soap,1.04,60.0,32.0,Machine Breakdown,28.0,62,27,1,26,3.76,96.3,43.55,46.67,92.72,41.67,2.76,18.15,3
PureGlow Soaps International (Fictional Dummy Company),Global Manufacturing Head - PureGlow Soaps,Australia,Fiji,Lautoka,FCT035,Lautoka Soap Plant,LN0104,Line-2,2026-07-01 01:00:00,2026-07-01,1,Night,Lemon Bar Soap,1.24,60.0,43.0,Machine Breakdown,17.0,74,21,1,20,2.63,95.24,28.38,28.33,99.62,26.88,2.31,6.82,1
PureGlow Soaps International (Fictional Dummy Company),Global Manufacturing Head - PureGlow Soaps,Australia,Fiji,Lautoka,FCT035,Lautoka Soap Plant,LN0105,Line-3,2026-07-01 01:00:00,2026-07-01,1,Night,Charcoal Bar Soap,1.08,60.0,23.6,Machine Breakdown,36.4,65,39,1,38,2.71,97.44,60.0,60.67,99.21,58.65,3.88,12.89,1
PureGlow Soaps International (Fictional Dummy Company),Global Manufacturing Head - PureGlow Soaps,Australia,Fiji,Lautoka,FCT035,Lautoka Soap Plant,LN0103,Line-1,2026-07-01 02:00:00,2026-07-01,2,Night,Charcoal Bar Soap,1.04,60.0,14.7,Power Outage,45.3,62,42,2,40,3.87,95.24,67.74,75.5,89.15,64.1,3.66,24.94,2
PureGlow Soaps International (Fictional Dummy Company),Global Manufacturing Head - PureGlow Soaps,Australia,Fiji,Lautoka,FCT035,Lautoka Soap Plant,LN0104,Line-2,2026-07-01 02:00:00,2026-07-01,2,Night,Lemon Bar Soap,1.24,60.0,3.8,No Downtime,56.2,74,57,2,55,3.55,96.49,77.03,93.67,81.79,73.92,5.85,22.73,2
PureGlow Soaps International (Fictional Dummy Company),Global Manufacturing Head - PureGlow Soaps,Australia,Fiji,Lautoka,FCT035,Lautoka Soap Plant,LN0105,Line-3,2026-07-01 02:00:00,2026-07-01,2,Night,Charcoal Bar Soap,1.08,60.0,7.2,Quality Hold,52.8,65,48,4,44,8.32,91.67,73.85,88.0,84.18,67.91,4.79,18.35,1
PureGlow Soaps International (Fictional Dummy Company),Global Manufacturing Head - PureGlow Soaps,Australia,Fiji,Lautoka,FCT035,Lautoka Soap Plant,LN0103,Line-1,2026-07-01 03:00:00,2026-07-01,3,Night,Charcoal Bar Soap,1.04,60.0,8.7,Power Outage,51.3,62,55,1,54,2.54,98.18,88.71,85.5,103.09,86.54,4.69,28.13,3
PureGlow Soaps International (Fictional Dummy Company),Global Manufacturing Head - PureGlow Soaps,Australia,Fiji,Lautoka,FCT035,Lautoka Soap Plant,LN0104,Line-2,2026-07-01 03:00:00,2026-07-01,3,Night,Lemon Bar Soap,1.24,60.0,3.2,No Downtime,56.8,74,59,0,59,0.29,100.0,79.73,94.67,83.77,79.31,5.31,21.61,3
PureGlow Soaps International (Fictional Dummy Company),Global Manufacturing Head - PureGlow Soaps,Australia,Fiji,Lautoka,FCT035,Lautoka Soap Plant,LN0105,Line-3,2026-07-01 03:00:00,2026-07-01,3,Night,Charcoal Bar Soap,1.08,60.0,13.9,Changeover/Setup,46.1,65,43,2,41,4.14,95.35,66.15,76.83,86.37,63.27,4.13,16.47,1
PureGlow Soaps International (Fictional Dummy Company),Global Manufacturing Head - PureGlow Soaps,Australia,Fiji,Lautoka,FCT035,Lautoka Soap Plant,LN0103,Line-1,2026-07-01 04:00:00,2026-07-01,4,Night,Charcoal Bar Soap,1.04,60.0,1.4,No Downtime,58.6,62,61,2,59,2.96,96.72,98.39,97.67,100.09,94.55,6.08,35.04,2
PureGlow Soaps International (Fictional Dummy Company),Global Manufacturing Head - PureGlow Soaps,Australia,Fiji,Lautoka,FCT035,Lautoka Soap Plant,LN0104,Line-2,2026-07-01 04:00:00,2026-07-01,4,Night,Lemon Bar Soap,1.24,60.0,2.3,No Downtime,57.7,74,73,1,72,1.27,98.63,98.65,96.17,102.03,96.78,7.72,23.69,3
PureGlow Soaps International (Fictional Dummy Company),Global Manufacturing Head - PureGlow Soaps,Australia,Fiji,Lautoka,FCT035,Lautoka Soap Plant,LN0105,Line-3,2026-07-01 04:00:00,2026-07-01,4,Night,Charcoal Bar Soap,1.08,60.0,13.6,Changeover/Setup,46.4,65,41,1,40,2.96,97.56,63.08,77.33,81.82,61.73,4.08,16.2,1
PureGlow Soaps International (Fictional Dummy Company),Global Manufacturing Head - PureGlow Soaps,Australia,Fiji,Lautoka,FCT035,Lautoka Soap Plant,LN0103,Line-1,2026-07-01 05:00:00,2026-07-01,5,Night,Charcoal Bar Soap,1.04,60.0,1.3,No Downtime,58.7,62,56,0,56,0.12,100.0,90.32,97.83,91.73,89.74,5.55,33.42,2
PureGlow Soaps International (Fictional Dummy Company),Global Manufacturing Head - PureGlow Soaps,Australia,Fiji,Lautoka,FCT035,Lautoka Soap Plant,LN0104,Line-2,2026-07-01 05:00:00,2026-07-01,5,Night,Lemon Bar Soap,1.24,60.0,17.9,Power Outage,42.1,74,45,0,45,0.98,100.0,60.81,70.17,86.2,60.49,4.94,16.14,2
PureGlow Soaps International (Fictional Dummy Company),Global Manufacturing Head - PureGlow Soaps,Australia,Fiji,Lautoka,FCT035,Lautoka Soap Plant,LN0105,Line-3,2026-07-01 05:00:00,2026-07-01,5,Night,Charcoal Bar Soap,1.08,60.0,0.5,No Downtime,59.5,65,52,2,50,3.48,96.15,80.0,99.17,80.92,77.16,4.87,17.62,3
PureGlow Soaps International (Fictional Dummy Company),Global Manufacturing Head - PureGlow Soaps,Australia,Fiji,Lautoka,FCT035,Lautoka Soap Plant,LN0103,Line-1,2026-07-01 06:00:00,2026-07-01,6,Morning,Charcoal Bar Soap,1.04,60.0,13.4,Changeover/Setup,46.6,62,50,2,48,4.92,96.0,80.65,77.67,103.17,76.93,4.37,27.91,3
PureGlow Soaps International (Fictional Dummy Company),Global Manufacturing Head - PureGlow Soaps,Australia,Fiji,Lautoka,FCT035,Lautoka Soap Plant,LN0104,Line-2,2026-07-01 06:00:00,2026-07-01,6,Morning,Lemon Bar Soap,1.24,60.0,3.9,No Downtime,56.1,74,68,2,66,3.52,97.06,91.89,93.5,97.75,88.71,6.64,23.89,3
PureGlow Soaps International (Fictional Dummy Company),Global Manufacturing Head - PureGlow Soaps,Australia,Fiji,Lautoka,FCT035,Lautoka Soap Plant,LN0105,Line-3,2026-07-01 06:00:00,2026-07-01,6,Morning,Charcoal Bar Soap,1.08,60.0,5.7,Changeover/Setup,54.3,65,59,2,57,3.95,96.61,90.77,90.5,100.61,87.97,5.5,17.91,1
PureGlow Soaps International (Fictional Dummy Company),Global Manufacturing Head - PureGlow Soaps,Australia,Fiji,Lautoka,FCT035,Lautoka Soap Plant,LN0103,Line-1,2026-07-01 07:00:00,2026-07-01,7,Morning,Charcoal Bar Soap,1.04,60.0,27.7,Preventive Maintenance,32.3,62,29,1,28,2.57,96.55,46.77,53.83,86.33,44.87,3.17,18.23,1
PureGlow Soaps International (Fictional Dummy Company),Global Manufacturing Head - PureGlow Soaps,Australia,Fiji,Lautoka,FCT035,Lautoka Soap Plant,LN0104,Line-2,2026-07-01 07:00:00,2026-07-01,7,Morning,Lemon Bar Soap,1.24,60.0,2.3,No Downtime,57.7,74,67,0,67,0.17,100.0,90.54,96.17,93.64,90.05,6.78,24.72,1
PureGlow Soaps International (Fictional Dummy Company),Global Manufacturing Head - PureGlow Soaps,Australia,Fiji,Lautoka,FCT035,Lautoka Soap Plant,LN0105,Line-3,2026-07-01 07:00:00,2026-07-01,7,Morning,Charcoal Bar Soap,1.08,60.0,1.6,No Downtime,58.4,65,59,2,57,2.62,96.61,90.77,97.33,93.54,87.96,5.97,19.92,3
PureGlow Soaps International (Fictional Dummy Company),Global Manufacturing Head - PureGlow Soaps,Australia,Fiji,Lautoka,FCT035,Lautoka Soap Plant,LN0103,Line-1,2026-07-01 08:00:00,2026-07-01,8,Morning,Charcoal Bar Soap,1.04,60.0,20.7,Material Shortage,39.3,62,40,2,38,4.31,95.0,64.52,65.5,97.87,60.9,3.99,23.35,2
PureGlow Soaps International (Fictional Dummy Company),Global Manufacturing Head - PureGlow Soaps,Australia,Fiji,Lautoka,FCT035,Lautoka Soap Plant,LN0104,Line-2,2026-07-01 08:00:00,2026-07-01,8,Morning,Lemon Bar Soap,1.24,60.0,11.4,Material Shortage,48.6,74,57,2,55,3.66,96.49,77.03,81.0,94.58,73.92,5.81,19.72,2
PureGlow Soaps International (Fictional Dummy Company),Global Manufacturing Head - PureGlow Soaps,Australia,Fiji,Lautoka,FCT035,Lautoka Soap Plant,LN0105,Line-3,2026-07-01 08:00:00,2026-07-01,8,Morning,Charcoal Bar Soap,1.08,60.0,22.4,Material Shortage,37.6,65,42,0,42,0.62,100.0,64.62,62.67,103.43,64.82,4.45,12.19,3
PureGlow Soaps International (Fictional Dummy Company),Global Manufacturing Head - PureGlow Soaps,Australia,Fiji,Lautoka,FCT035,Lautoka Soap Plant,LN0103,Line-1,2026-07-01 09:00:00,2026-07-01,9,Morning,Charcoal Bar Soap,1.04,60.0,2.8,No Downtime,57.2,62,50,1,49,2.56,98.0,80.65,95.33,84.05,78.52,4.48,37.49,3
PureGlow Soaps International (Fictional Dummy Company),Global Manufacturing Head - PureGlow Soaps,Australia,Fiji,Lautoka,FCT035,Lautoka Soap Plant,LN0104,Line-2,2026-07-01 09:00:00,2026-07-01,9,Morning,Lemon Bar Soap,1.24,60.0,17.0,Preventive Maintenance,43.0,74,48,2,46,3.42,95.83,64.86,71.67,90.02,61.83,4.45,16.26,3
PureGlow Soaps International (Fictional Dummy Company),Global Manufacturing Head - PureGlow Soaps,Australia,Fiji,Lautoka,FCT035,Lautoka Soap Plant,LN0105,Line-3,2026-07-01 09:00:00,2026-07-01,9,Morning,Charcoal Bar Soap,1.08,60.0,29.9,Power Outage,30.1,65,29,1,28,3.39,96.55,44.62,50.17,89.21,43.21,2.64,9.7,2
PureGlow Soaps International (Fictional Dummy Company),Global Manufacturing Head - PureGlow Soaps,Australia,Fiji,Lautoka,FCT035,Lautoka Soap Plant,LN0103,Line-1,2026-07-01 10:00:00,2026-07-01,10,Morning,Charcoal Bar Soap,1.04,60.0,10.5,Machine Breakdown,49.5,62,44,2,42,3.79,95.45,70.97,82.5,85.47,67.3,4.12,30.41,2
PureGlow Soaps International (Fictional Dummy Company),Global Manufacturing Head - PureGlow Soaps,Australia,Fiji,Lautoka,FCT035,Lautoka Soap Plant,LN0104,Line-2,2026-07-01 10:00:00,2026-07-01,10,Morning,Lemon Bar Soap,1.24,60.0,14.9,Power Outage,45.1,74,53,1,52,1.11,98.11,71.62,75.17,94.77,69.89,4.68,20.58,2
PureGlow Soaps International (Fictional Dummy Company),Global Manufacturing Head - PureGlow Soaps,Australia,Fiji,Lautoka,FCT035,Lautoka Soap Plant,LN0105,Line-3,2026-07-01 10:00:00,2026-07-01,10,Morning,Charcoal Bar Soap,1.08,60.0,19.0,Machine Breakdown,41.0,65,40,2,38,4.79,95.0,61.54,68.33,90.33,58.64,4.35,13.83,3
PureGlow Soaps International (Fictional Dummy Company),Global Manufacturing Head - PureGlow Soaps,Australia,Fiji,Lautoka,FCT035,Lautoka Soap Plant,LN0103,Line-1,2026-07-01 11:00:00,2026-07-01,11,Morning,Charcoal Bar Soap,1.04,60.0,0.8,No Downtime,59.2,62,61,2,59,3.93,96.72,98.39,98.67,99.08,94.56,6.57,34.69,2
PureGlow Soaps International (Fictional Dummy Company),Global Manufacturing Head - PureGlow Soaps,Australia,Fiji,Lautoka,FCT035,Lautoka Soap Plant,LN0104,Line-2,2026-07-01 11:00:00,2026-07-01,11,Morning,Lemon Bar Soap,1.24,60.0,34.7,Machine Breakdown,25.3,74,27,1,26,3.59,96.3,36.49,42.17,86.06,34.95,2.35,9.69,2
PureGlow Soaps International (Fictional Dummy Company),Global Manufacturing Head - PureGlow Soaps,Australia,Fiji,Lautoka,FCT035,Lautoka Soap Plant,LN0105,Line-3,2026-07-01 11:00:00,2026-07-01,11,Morning,Charcoal Bar Soap,1.08,60.0,19.5,Preventive Maintenance,40.5,65,39,1,38,2.47,97.44,60.0,67.5,89.16,58.64,3.68,13.04,2
PureGlow Soaps International (Fictional Dummy Company),Global Manufacturing Head - PureGlow Soaps,Australia,Fiji,Lautoka,FCT035,Lautoka Soap Plant,LN0103,Line-1,2026-07-01 12:00:00,2026-07-01,12,Morning,Charcoal Bar Soap,1.04,60.0,12.3,Power Outage,47.7,62,42,1,41,3.13,97.62,67.74,79.5,84.66,65.7,3.85,28.0,3
PureGlow Soaps International (Fictional Dummy Company),Global Manufacturing Head - PureGlow Soaps,Australia,Fiji,Lautoka,FCT035,Lautoka Soap Plant,LN0104,Line-2,2026-07-01 12:00:00,2026-07-01,12,Morning,Lemon Bar Soap,1.24,60.0,1.3,No Downtime,58.7,74,67,2,65,3.7,97.01,90.54,97.83,92.05,87.36,6.94,24.42,2
PureGlow Soaps International (Fictional Dummy Company),Global Manufacturing Head - PureGlow Soaps,Australia,Fiji,Lautoka,FCT035,Lautoka Soap Plant,LN0105,Line-3,2026-07-01 12:00:00,2026-07-01,12,Morning,Charcoal Bar Soap,1.08,60.0,9.7,Power Outage,50.3,65,50,3,47,5.77,94.0,76.92,83.83,92.04,72.53,4.74,17.83,2
PureGlow Soaps International (Fictional Dummy Company),Global Manufacturing Head - PureGlow Soaps,Australia,Fiji,Lautoka,FCT035,Lautoka Soap Plant,LN0103,Line-1,2026-07-01 13:00:00,2026-07-01,13,Morning,Charcoal Bar Soap,1.04,60.0,1.3,No Downtime,58.7,62,54,2,52,3.31,96.3,87.1,97.83,88.45,83.33,5.39,34.96,1
PureGlow Soaps International (Fictional Dummy Company),Global Manufacturing Head - PureGlow Soaps,Australia,Fiji,Lautoka,FCT035,Lautoka Soap Plant,LN0104,Line-2,2026-07-01 13:00:00,2026-07-01,13,Morning,Lemon Bar Soap,1.24,60.0,1.6,No Downtime,58.4,74,63,3,60,4.7,95.24,85.14,97.33,87.0,80.65,5.37,22.08,2
PureGlow Soaps International (Fictional Dummy Company),Global Manufacturing Head - PureGlow Soaps,Australia,Fiji,Lautoka,FCT035,Lautoka Soap Plant,LN0105,Line-3,2026-07-01 13:00:00,2026-07-01,13,Morning,Charcoal Bar Soap,1.08,60.0,2.5,No Downtime,57.5,65,51,2,49,3.99,96.08,78.46,95.83,82.13,75.62,4.88,17.63,1
PureGlow Soaps International (Fictional Dummy Company),Global Manufacturing Head - PureGlow Soaps,Australia,Fiji,Lautoka,FCT035,Lautoka Soap Plant,LN0103,Line-1,2026-07-01 14:00:00,2026-07-01,14,Afternoon,Charcoal Bar Soap,1.04,60.0,35.1,Machine Breakdown,24.9,62,25,1,24,2.25,96.0,40.32,41.5,96.54,38.46,2.21,15.65,3
PureGlow Soaps International (Fictional Dummy Company),Global Manufacturing Head - PureGlow Soaps,Australia,Fiji,Lautoka,FCT035,Lautoka Soap Plant,LN0104,Line-2,2026-07-01 14:00:00,2026-07-01,14,Afternoon,Lemon Bar Soap,1.24,60.0,27.2,Preventive Maintenance,32.8,74,40,2,38,4.17,95.0,54.05,54.67,98.35,51.08,4.07,13.73,3
PureGlow Soaps International (Fictional Dummy Company),Global Manufacturing Head - PureGlow Soaps,Australia,Fiji,Lautoka,FCT035,Lautoka Soap Plant,LN0105,Line-3,2026-07-01 14:00:00,2026-07-01,14,Afternoon,Charcoal Bar Soap,1.08,60.0,23.8,Power Outage,36.2,65,39,1,38,3.29,97.44,60.0,60.33,99.75,58.64,4.16,11.03,3
PureGlow Soaps International (Fictional Dummy Company),Global Manufacturing Head - PureGlow Soaps,Australia,Fiji,Lautoka,FCT035,Lautoka Soap Plant,LN0103,Line-1,2026-07-01 15:00:00,2026-07-01,15,Afternoon,Charcoal Bar Soap,1.04,60.0,12.7,Quality Hold,47.3,62,49,4,45,7.96,91.84,79.03,78.83,99.61,72.12,5.07,30.73,1
PureGlow Soaps International (Fictional Dummy Company),Global Manufacturing Head - PureGlow Soaps,Australia,Fiji,Lautoka,FCT035,Lautoka Soap Plant,LN0104,Line-2,2026-07-01 15:00:00,2026-07-01,15,Afternoon,Lemon Bar Soap,1.24,60.0,3.0,No Downtime,57.0,74,71,1,70,2.07,98.59,95.95,95.0,100.45,94.08,6.4,24.3,1
PureGlow Soaps International (Fictional Dummy Company),Global Manufacturing Head - PureGlow Soaps,Australia,Fiji,Lautoka,FCT035,Lautoka Soap Plant,LN0105,Line-3,2026-07-01 15:00:00,2026-07-01,15,Afternoon,Charcoal Bar Soap,1.08,60.0,3.9,No Downtime,56.1,65,60,2,58,3.42,96.67,92.31,93.5,99.03,89.51,6.16,18.19,3
PureGlow Soaps International (Fictional Dummy Company),Global Manufacturing Head - PureGlow Soaps,Australia,Fiji,Lautoka,FCT035,Lautoka Soap Plant,LN0103,Line-1,2026-07-01 16:00:00,2026-07-01,16,Afternoon,Charcoal Bar Soap,1.04,60.0,19.0,Material Shortage,41.0,62,40,1,39,2.64,97.5,64.52,68.33,93.81,62.5,3.76,25.05,3
PureGlow Soaps International (Fictional Dummy Company),Global Manufacturing Head - PureGlow Soaps,Australia,Fiji,Lautoka,FCT035,Lautoka Soap Plant,LN0104,Line-2,2026-07-01 16:00:00,2026-07-01,16,Afternoon,Lemon Bar Soap,1.24,60.0,18.9,Changeover/Setup,41.1,74,51,0,51,0.56,100.0,68.92,68.5,100.07,68.55,4.51,15.42,2
PureGlow Soaps International (Fictional Dummy Company),Global Manufacturing Head - PureGlow Soaps,Australia,Fiji,Lautoka,FCT035,Lautoka Soap Plant,LN0105,Line-3,2026-07-01 16:00:00,2026-07-01,16,Afternoon,Charcoal Bar Soap,1.08,60.0,7.6,Power Outage,52.4,65,52,2,50,2.99,96.15,80.0,87.33,91.89,77.16,4.72,16.99,2
PureGlow Soaps International (Fictional Dummy Company),Global Manufacturing Head - PureGlow Soaps,Australia,Fiji,Lautoka,FCT035,Lautoka Soap Plant,LN0103,Line-1,2026-07-01 17:00:00,2026-07-01,17,Afternoon,Charcoal Bar Soap,1.04,60.0,26.0,Machine Breakdown,34.0,62,31,1,30,3.54,96.77,50.0,56.67,87.67,48.08,2.97,19.22,1
PureGlow Soaps International (Fictional Dummy Company),Global Manufacturing Head - PureGlow Soaps,Australia,Fiji,Lautoka,FCT035,Lautoka Soap Plant,LN0104,Line-2,2026-07-01 17:00:00,2026-07-01,17,Afternoon,Lemon Bar Soap,1.24,60.0,19.3,Preventive Maintenance,40.7,74,47,2,45,3.46,95.74,63.51,67.83,93.13,60.48,4.45,15.59,1
PureGlow Soaps International (Fictional Dummy Company),Global Manufacturing Head - PureGlow Soaps,Australia,Fiji,Lautoka,FCT035,Lautoka Soap Plant,LN0105,Line-3,2026-07-01 17:00:00,2026-07-01,17,Afternoon,Charcoal Bar Soap,1.08,60.0,20.4,Material Shortage,39.6,65,36,0,36,1.35,100.0,55.38,66.0,84.18,55.56,3.48,13.81,1
PureGlow Soaps International (Fictional Dummy Company),Global Manufacturing Head - PureGlow Soaps,Australia,Fiji,Lautoka,FCT035,Lautoka Soap Plant,LN0103,Line-1,2026-07-01 18:00:00,2026-07-01,18,Afternoon,Charcoal Bar Soap,1.04,60.0,3.7,No Downtime,56.3,62,55,2,53,3.48,96.36,88.71,93.83,93.93,84.93,4.75,34.92,2
PureGlow Soaps International (Fictional Dummy Company),Global Manufacturing Head - PureGlow Soaps,Australia,Fiji,Lautoka,FCT035,Lautoka Soap Plant,LN0104,Line-2,2026-07-01 18:00:00,2026-07-01,18,Afternoon,Lemon Bar Soap,1.24,60.0,2.5,No Downtime,57.5,74,62,1,61,2.22,98.39,83.78,95.83,86.96,81.99,6.31,22.92,3
PureGlow Soaps International (Fictional Dummy Company),Global Manufacturing Head - PureGlow Soaps,Australia,Fiji,Lautoka,FCT035,Lautoka Soap Plant,LN0105,Line-3,2026-07-01 18:00:00,2026-07-01,18,Afternoon,Charcoal Bar Soap,1.08,60.0,3.6,No Downtime,56.4,65,57,0,57,0.82,100.0,87.69,94.0,93.58,87.97,5.43,18.49,3
PureGlow Soaps International (Fictional Dummy Company),Global Manufacturing Head - PureGlow Soaps,Australia,Fiji,Lautoka,FCT035,Lautoka Soap Plant,LN0103,Line-1,2026-07-01 19:00:00,2026-07-01,19,Afternoon,Charcoal Bar Soap,1.04,60.0,2.1,No Downtime,57.9,62,57,3,54,4.66,94.74,91.94,96.5,94.66,86.54,5.16,33.59,3
PureGlow Soaps International (Fictional Dummy Company),Global Manufacturing Head - PureGlow Soaps,Australia,Fiji,Lautoka,FCT035,Lautoka Soap Plant,LN0104,Line-2,2026-07-01 19:00:00,2026-07-01,19,Afternoon,Lemon Bar Soap,1.24,60.0,6.7,Power Outage,53.3,74,67,3,64,3.82,95.52,90.54,88.83,101.37,86.01,7.02,21.42,3
PureGlow Soaps International (Fictional Dummy Company),Global Manufacturing Head - PureGlow Soaps,Australia,Fiji,Lautoka,FCT035,Lautoka Soap Plant,LN0105,Line-3,2026-07-01 19:00:00,2026-07-01,19,Afternoon,Charcoal Bar Soap,1.08,60.0,3.9,No Downtime,56.1,65,51,1,50,2.69,98.04,78.46,93.5,84.18,77.17,4.47,18.36,3
PureGlow Soaps International (Fictional Dummy Company),Global Manufacturing Head - PureGlow Soaps,Australia,Fiji,Lautoka,FCT035,Lautoka Soap Plant,LN0103,Line-1,2026-07-01 20:00:00,2026-07-01,20,Afternoon,Charcoal Bar Soap,1.04,60.0,32.1,Machine Breakdown,27.9,62,29,1,28,3.16,96.55,46.77,46.5,99.94,44.87,2.87,17.72,2
PureGlow Soaps International (Fictional Dummy Company),Global Manufacturing Head - PureGlow Soaps,Australia,Fiji,Lautoka,FCT035,Lautoka Soap Plant,LN0104,Line-2,2026-07-01 20:00:00,2026-07-01,20,Afternoon,Lemon Bar Soap,1.24,60.0,21.7,Preventive Maintenance,38.3,74,40,1,39,3.24,97.5,54.05,63.83,84.22,52.41,4.11,15.21,3
PureGlow Soaps International (Fictional Dummy Company),Global Manufacturing Head - PureGlow Soaps,Australia,Fiji,Lautoka,FCT035,Lautoka Soap Plant,LN0105,Line-3,2026-07-01 20:00:00,2026-07-01,20,Afternoon,Charcoal Bar Soap,1.08,60.0,39.8,Preventive Maintenance,20.2,65,19,0,19,2.36,100.0,29.23,33.67,87.09,29.32,1.64,6.04,3
PureGlow Soaps International (Fictional Dummy Company),Global Manufacturing Head - PureGlow Soaps,Australia,Fiji,Lautoka,FCT035,Lautoka Soap Plant,LN0103,Line-1,2026-07-01 21:00:00,2026-07-01,21,Afternoon,Charcoal Bar Soap,1.04,60.0,10.7,Changeover/Setup,49.3,62,47,2,45,4.1,95.74,75.81,82.17,91.67,72.12,4.64,27.27,1
PureGlow Soaps International (Fictional Dummy Company),Global Manufacturing Head - PureGlow Soaps,Australia,Fiji,Lautoka,FCT035,Lautoka Soap Plant,LN0104,Line-2,2026-07-01 21:00:00,2026-07-01,21,Afternoon,Lemon Bar Soap,1.24,60.0,22.4,Preventive Maintenance,37.6,74,43,2,41,4.92,95.35,58.11,62.67,92.23,55.11,4.26,16.22,3
PureGlow Soaps International (Fictional Dummy Company),Global Manufacturing Head - PureGlow Soaps,Australia,Fiji,Lautoka,FCT035,Lautoka Soap Plant,LN0105,Line-3,2026-07-01 21:00:00,2026-07-01,21,Afternoon,Charcoal Bar Soap,1.08,60.0,3.3,No Downtime,56.7,65,57,1,56,1.42,98.25,87.69,94.5,93.08,86.42,5.33,18.99,2
PureGlow Soaps International (Fictional Dummy Company),Global Manufacturing Head - PureGlow Soaps,Australia,Fiji,Lautoka,FCT035,Lautoka Soap Plant,LN0103,Line-1,2026-07-01 22:00:00,2026-07-01,22,Night,Charcoal Bar Soap,1.04,60.0,13.2,Machine Breakdown,46.8,62,49,2,47,3.51,95.92,79.03,78.0,100.67,75.32,4.39,26.59,3
PureGlow Soaps International (Fictional Dummy Company),Global Manufacturing Head - PureGlow Soaps,Australia,Fiji,Lautoka,FCT035,Lautoka Soap Plant,LN0104,Line-2,2026-07-01 22:00:00,2026-07-01,22,Night,Lemon Bar Soap,1.24,60.0,2.8,No Downtime,57.2,74,65,2,63,2.65,96.92,87.84,95.33,91.64,84.67,5.86,22.61,3
PureGlow Soaps International (Fictional Dummy Company),Global Manufacturing Head - PureGlow Soaps,Australia,Fiji,Lautoka,FCT035,Lautoka Soap Plant,LN0105,Line-3,2026-07-01 22:00:00,2026-07-01,22,Night,Charcoal Bar Soap,1.08,60.0,18.2,Power Outage,41.8,65,41,0,41,1.13,100.0,63.08,69.67,90.82,63.27,4.01,13.64,3
PureGlow Soaps International (Fictional Dummy Company),Global Manufacturing Head - PureGlow Soaps,Australia,Fiji,Lautoka,FCT035,Lautoka Soap Plant,LN0103,Line-1,2026-07-01 23:00:00,2026-07-01,23,Night,Charcoal Bar Soap,1.04,60.0,39.6,Preventive Maintenance,20.4,62,18,0,18,1.89,100.0,29.03,34.0,84.84,28.85,1.79,13.39,1
PureGlow Soaps International (Fictional Dummy Company),Global Manufacturing Head - PureGlow Soaps,Australia,Fiji,Lautoka,FCT035,Lautoka Soap Plant,LN0104,Line-2,2026-07-01 23:00:00,2026-07-01,23,Night,Lemon Bar Soap,1.24,60.0,1.1,No Downtime,58.9,74,71,3,68,4.71,95.77,95.95,98.17,97.21,91.39,7.18,26.65,1
PureGlow Soaps International (Fictional Dummy Company),Global Manufacturing Head - PureGlow Soaps,Australia,Fiji,Lautoka,FCT035,Lautoka Soap Plant,LN0105,Line-3,2026-07-01 23:00:00,2026-07-01,23,Night,Charcoal Bar Soap,1.08,60.0,5.3,Changeover/Setup,54.7,65,52,0,52,0.86,100.0,80.0,91.17,88.02,80.25,5.3,17.03,2
PureGlow Soaps International (Fictional Dummy Company),Global Manufacturing Head - PureGlow Soaps,Australia,Fiji,Lautoka,FCT035,Lautoka Soap Plant,LN0103,Line-1,2026-07-02 00:00:00,2026-07-02,0,Night,Lavender Bar Soap,1.04,60.0,23.4,Preventive Maintenance,36.6,62,33,1,32,3.51,96.97,53.23,61.0,86.7,51.28,2.99,22.58,2
PureGlow Soaps International (Fictional Dummy Company),Global Manufacturing Head - PureGlow Soaps,Australia,Fiji,Lautoka,FCT035,Lautoka Soap Plant,LN0104,Line-2,2026-07-02 00:00:00,2026-07-02,0,Night,Rose Bar Soap,1.24,60.0,14.3,Changeover/Setup,45.7,74,50,1,49,1.41,98.0,67.57,76.17,88.23,65.86,4.42,17.98,2
PureGlow Soaps International (Fictional Dummy Company),Global Manufacturing Head - PureGlow Soaps,Australia,Fiji,Lautoka,FCT035,Lautoka Soap Plant,LN0105,Line-3,2026-07-02 00:00:00,2026-07-02,0,Night,Sandalwood Bar Soap,1.08,60.0,26.4,Material Shortage,33.6,65,36,0,36,0.64,100.0,55.38,56.0,99.21,55.56,3.45,11.7,3
PureGlow Soaps International (Fictional Dummy Company),Global Manufacturing Head - PureGlow Soaps,Australia,Fiji,Lautoka,FCT035,Lautoka Soap Plant,LN0103,Line-1,2026-07-02 01:00:00,2026-07-02,1,Night,Lavender Bar Soap,1.04,60.0,3.7,No Downtime,56.3,62,55,1,54,1.99,98.18,88.71,93.83,93.93,86.53,4.97,36.75,3
PureGlow Soaps International (Fictional Dummy Company),Global Manufacturing Head - PureGlow Soaps,Australia,Fiji,Lautoka,FCT035,Lautoka Soap Plant,LN0104,Line-2,2026-07-02 01:00:00,2026-07-02,1,Night,Rose Bar Soap,1.24,60.0,3.7,No Downtime,56.3,74,69,1,68,2.11,98.55,93.24,93.83,98.84,91.4,7.27,22.12,2
PureGlow Soaps International (Fictional Dummy Company),Global Manufacturing Head - PureGlow Soaps,Australia,Fiji,Lautoka,FCT035,Lautoka Soap Plant,LN0105,Line-3,2026-07-02 01:00:00,2026-07-02,1,Night,Sandalwood Bar Soap,1.08,60.0,1.2,No Downtime,58.8,65,59,2,57,2.89,96.61,90.77,98.0,92.91,87.97,5.87,19.86,3
PureGlow Soaps International (Fictional Dummy Company),Global Manufacturing Head - PureGlow Soaps,Australia,Fiji,Lautoka,FCT035,Lautoka Soap Plant,LN0103,Line-1,2026-07-02 02:00:00,2026-07-02,2,Night,Lavender Bar Soap,1.04,60.0,33.4,Material Shortage,26.6,62,25,0,25,0.62,100.0,40.32,44.33,90.37,40.06,2.35,15.18,3
PureGlow Soaps International (Fictional Dummy Company),Global Manufacturing Head - PureGlow Soaps,Australia,Fiji,Lautoka,FCT035,Lautoka Soap Plant,LN0104,Line-2,2026-07-02 02:00:00,2026-07-02,2,Night,Rose Bar Soap,1.24,60.0,24.9,Machine Breakdown,35.1,74,40,1,39,2.39,97.5,54.05,58.5,91.9,52.42,3.72,15.65,3
PureGlow Soaps International (Fictional Dummy Company),Global Manufacturing Head - PureGlow Soaps,Australia,Fiji,Lautoka,FCT035,Lautoka Soap Plant,LN0105,Line-3,2026-07-02 02:00:00,2026-07-02,2,Night,Sandalwood Bar Soap,1.08,60.0,38.8,Preventive Maintenance,21.2,65,21,1,20,5.93,95.24,32.31,35.33,91.72,30.86,2.02,7.42,3
PureGlow Soaps International (Fictional Dummy Company),Global Manufacturing Head - PureGlow Soaps,Australia,Fiji,Lautoka,FCT035,Lautoka Soap Plant,LN0103,Line-1,2026-07-02 03:00:00,2026-07-02,3,Night,Lavender Bar Soap,1.04,60.0,15.3,Material Shortage,44.7,62,38,1,37,3.67,97.37,61.29,74.5,81.74,59.29,3.66,27.16,2
PureGlow Soaps International (Fictional Dummy Company),Global Manufacturing Head - PureGlow Soaps,Australia,Fiji,Lautoka,FCT035,Lautoka Soap Plant,LN0104,Line-2,2026-07-02 03:00:00,2026-07-02,3,Night,Rose Bar Soap,1.24,60.0,17.5,Changeover/Setup,42.5,74,50,1,49,2.66,98.0,67.57,70.83,94.88,65.86,4.89,18.95,3
PureGlow Soaps International (Fictional Dummy Company),Global Manufacturing Head - PureGlow Soaps,Australia,Fiji,Lautoka,FCT035,Lautoka Soap Plant,LN0105,Line-3,2026-07-02 03:00:00,2026-07-02,3,Night,Sandalwood Bar Soap,1.08,60.0,0.8,No Downtime,59.2,65,58,2,56,3.81,96.55,89.23,98.67,90.72,86.43,6.12,17.91,2
PureGlow Soaps International (Fictional Dummy Company),Global Manufacturing Head - PureGlow Soaps,Australia,Fiji,Lautoka,FCT035,Lautoka Soap Plant,LN0103,Line-1,2026-07-02 04:00:00,2026-07-02,4,Night,Lavender Bar Soap,1.04,60.0,11.5,Staff Shortage,48.5,62,45,2,43,3.67,95.56,72.58,80.83,89.21,68.91,3.94,28.38,3
PureGlow Soaps International (Fictional Dummy Company),Global Manufacturing Head - PureGlow Soaps,Australia,Fiji,Lautoka,FCT035,Lautoka Soap Plant,LN0104,Line-2,2026-07-02 04:00:00,2026-07-02,4,Night,Rose Bar Soap,1.24,60.0,2.6,No Downtime,57.4,74,58,2,56,3.22,96.55,78.38,95.67,81.49,75.27,5.64,22.66,3
PureGlow Soaps International (Fictional Dummy Company),Global Manufacturing Head - PureGlow Soaps,Australia,Fiji,Lautoka,FCT035,Lautoka Soap Plant,LN0105,Line-3,2026-07-02 04:00:00,2026-07-02,4,Night,Sandalwood Bar Soap,1.08,60.0,7.9,Changeover/Setup,52.1,65,52,0,52,0.0,100.0,80.0,86.83,92.41,80.24,5.05,16.61,1
PureGlow Soaps International (Fictional Dummy Company),Global Manufacturing Head - PureGlow Soaps,Australia,Fiji,Lautoka,FCT035,Lautoka Soap Plant,LN0103,Line-1,2026-07-02 05:00:00,2026-07-02,5,Night,Lavender Bar Soap,1.04,60.0,26.8,Material Shortage,33.2,62,34,2,32,5.08,94.12,54.84,55.33,98.47,51.28,3.55,18.13,3
PureGlow Soaps International (Fictional Dummy Company),Global Manufacturing Head - PureGlow Soaps,Australia,Fiji,Lautoka,FCT035,Lautoka Soap Plant,LN0104,Line-2,2026-07-02 05:00:00,2026-07-02,5,Night,Rose Bar Soap,1.24,60.0,3.0,No Downtime,57.0,74,70,1,69,1.92,98.57,94.59,95.0,99.04,92.74,6.14,21.96,2
PureGlow Soaps International (Fictional Dummy Company),Global Manufacturing Head - PureGlow Soaps,Australia,Fiji,Lautoka,FCT035,Lautoka Soap Plant,LN0105,Line-3,2026-07-02 05:00:00,2026-07-02,5,Night,Sandalwood Bar Soap,1.08,60.0,29.8,Preventive Maintenance,30.2,65,27,0,27,1.81,100.0,41.54,50.33,82.78,41.66,2.42,9.86,2
PureGlow Soaps International (Fictional Dummy Company),Global Manufacturing Head - PureGlow Soaps,Australia,Fiji,Lautoka,FCT035,Lautoka Soap Plant,LN0103,Line-1,2026-07-02 06:00:00,2026-07-02,6,Morning,Lavender Bar Soap,1.04,60.0,10.7,Quality Hold,49.3,62,44,4,40,9.41,90.91,70.97,82.17,85.82,64.11,3.91,30.03,2
PureGlow Soaps International (Fictional Dummy Company),Global Manufacturing Head - PureGlow Soaps,Australia,Fiji,Lautoka,FCT035,Lautoka Soap Plant,LN0104,Line-2,2026-07-02 06:00:00,2026-07-02,6,Morning,Rose Bar Soap,1.24,60.0,14.2,Changeover/Setup,45.8,74,58,1,57,1.35,98.28,78.38,76.33,102.13,76.61,5.15,19.94,3
PureGlow Soaps International (Fictional Dummy Company),Global Manufacturing Head - PureGlow Soaps,Australia,Fiji,Lautoka,FCT035,Lautoka Soap Plant,LN0105,Line-3,2026-07-02 06:00:00,2026-07-02,6,Morning,Sandalwood Bar Soap,1.08,60.0,27.1,Preventive Maintenance,32.9,65,29,1,28,3.82,96.55,44.62,54.83,81.62,43.21,2.67,10.73,3
PureGlow Soaps International (Fictional Dummy Company),Global Manufacturing Head - PureGlow Soaps,Australia,Fiji,Lautoka,FCT035,Lautoka Soap Plant,LN0103,Line-1,2026-07-02 07:00:00,2026-07-02,7,Morning,Lavender Bar Soap,1.04,60.0,1.8,No Downtime,58.2,62,60,2,58,3.03,96.67,96.77,97.0,99.13,92.95,5.38,34.81,2
PureGlow Soaps International (Fictional Dummy Company),Global Manufacturing Head - PureGlow Soaps,Australia,Fiji,Lautoka,FCT035,Lautoka Soap Plant,LN0104,Line-2,2026-07-02 07:00:00,2026-07-02,7,Morning,Rose Bar Soap,1.24,60.0,1.3,No Downtime,58.7,74,70,4,66,5.01,94.29,94.59,97.83,96.17,88.71,6.06,26.28,1
PureGlow Soaps International (Fictional Dummy Company),Global Manufacturing Head - PureGlow Soaps,Australia,Fiji,Lautoka,FCT035,Lautoka Soap Plant,LN0105,Line-3,2026-07-02 07:00:00,2026-07-02,7,Morning,Sandalwood Bar Soap,1.08,60.0,24.3,Machine Breakdown,35.7,65,37,2,35,4.27,94.59,56.92,59.5,95.96,54.01,3.26,11.79,2
PureGlow Soaps International (Fictional Dummy Company),Global Manufacturing Head - PureGlow Soaps,Australia,Fiji,Lautoka,FCT035,Lautoka Soap Plant,LN0103,Line-1,2026-07-02 08:00:00,2026-07-02,8,Morning,Lavender Bar Soap,1.04,60.0,28.8,Power Outage,31.2,62,28,1,27,3.65,96.43,45.16,52.0,86.29,43.27,2.5,17.09,2
PureGlow Soaps International (Fictional Dummy Company),Global Manufacturing Head - PureGlow Soaps,Australia,Fiji,Lautoka,FCT035,Lautoka Soap Plant,LN0104,Line-2,2026-07-02 08:00:00,2026-07-02,8,Morning,Rose Bar Soap,1.24,60.0,18.7,Staff Shortage,41.3,74,46,2,44,4.08,95.65,62.16,68.83,89.82,59.13,4.89,15.91,1
PureGlow Soaps International (Fictional Dummy Company),Global Manufacturing Head - PureGlow Soaps,Australia,Fiji,Lautoka,FCT035,Lautoka Soap Plant,LN0105,Line-3,2026-07-02 08:00:00,2026-07-02,8,Morning,Sandalwood Bar Soap,1.08,60.0,0.7,No Downtime,59.3,65,59,2,57,3.42,96.61,90.77,98.83,92.12,87.96,5.28,19.51,2
PureGlow Soaps International (Fictional Dummy Company),Global Manufacturing Head - PureGlow Soaps,Australia,Fiji,Lautoka,FCT035,Lautoka Soap Plant,LN0103,Line-1,2026-07-02 09:00:00,2026-07-02,9,Morning,Lavender Bar Soap,1.04,60.0,12.1,Material Shortage,47.9,62,41,1,40,2.43,97.56,66.13,79.83,82.3,64.1,4.04,30.15,1
PureGlow Soaps International (Fictional Dummy Company),Global Manufacturing Head - PureGlow Soaps,Australia,Fiji,Lautoka,FCT035,Lautoka Soap Plant,LN0104,Line-2,2026-07-02 09:00:00,2026-07-02,9,Morning,Rose Bar Soap,1.24,60.0,26.1,Machine Breakdown,33.9,74,36,1,35,2.76,97.22,48.65,56.5,85.64,47.04,3.5,13.12,3
PureGlow Soaps International (Fictional Dummy Company),Global Manufacturing Head - PureGlow Soaps,Australia,Fiji,Lautoka,FCT035,Lautoka Soap Plant,LN0105,Line-3,2026-07-02 09:00:00,2026-07-02,9,Morning,Sandalwood Bar Soap,1.08,60.0,41.4,Machine Breakdown,18.6,65,17,0,17,2.7,100.0,26.15,31.0,84.63,26.24,1.8,5.83,3
PureGlow Soaps International (Fictional Dummy Company),Global Manufacturing Head - PureGlow Soaps,Australia,Fiji,Lautoka,FCT035,Lautoka Soap Plant,LN0103,Line-1,2026-07-02 10:00:00,2026-07-02,10,Morning,Lavender Bar Soap,1.04,60.0,5.6,Changeover/Setup,54.4,62,52,1,51,1.76,98.08,83.87,90.67,91.91,81.73,4.91,36.1,2
PureGlow Soaps International (Fictional Dummy Company),Global Manufacturing Head - PureGlow Soaps,Australia,Fiji,Lautoka,FCT035,Lautoka Soap Plant,LN0104,Line-2,2026-07-02 10:00:00,2026-07-02,10,Morning,Rose Bar Soap,1.24,60.0,0.1,No Downtime,59.9,74,65,3,62,5.36,95.38,87.84,99.83,87.51,83.33,6.16,24.6,1
PureGlow Soaps International (Fictional Dummy Company),Global Manufacturing Head - PureGlow Soaps,Australia,Fiji,Lautoka,FCT035,Lautoka Soap Plant,LN0105,Line-3,2026-07-02 10:00:00,2026-07-02,10,Morning,Sandalwood Bar Soap,1.08,60.0,32.2,Preventive Maintenance,27.8,65,30,1,29,3.98,96.67,46.15,46.33,99.92,44.75,3.12,8.29,1
PureGlow Soaps International (Fictional Dummy Company),Global Manufacturing Head - PureGlow Soaps,Australia,Fiji,Lautoka,FCT035,Lautoka Soap Plant,LN0103,Line-1,2026-07-02 11:00:00,2026-07-02,11,Morning,Lavender Bar Soap,1.04,60.0,3.7,No Downtime,56.3,62,58,1,57,2.36,98.28,93.55,93.83,99.06,91.35,6.24,30.95,1
PureGlow Soaps International (Fictional Dummy Company),Global Manufacturing Head - PureGlow Soaps,Australia,Fiji,Lautoka,FCT035,Lautoka Soap Plant,LN0104,Line-2,2026-07-02 11:00:00,2026-07-02,11,Morning,Rose Bar Soap,1.24,60.0,0.5,No Downtime,59.5,74,71,3,68,4.92,95.77,95.95,99.17,96.23,91.39,7.47,22.48,1
PureGlow Soaps International (Fictional Dummy Company),Global Manufacturing Head - PureGlow Soaps,Australia,Fiji,Lautoka,FCT035,Lautoka Soap Plant,LN0105,Line-3,2026-07-02 11:00:00,2026-07-02,11,Morning,Sandalwood Bar Soap,1.08,60.0,0.9,No Downtime,59.1,65,54,1,53,2.04,98.15,83.08,98.5,84.6,81.79,5.17,21.07,1
PureGlow Soaps International (Fictional Dummy Company),Global Manufacturing Head - PureGlow Soaps,Australia,Fiji,Lautoka,FCT035,Lautoka Soap Plant,LN0103,Line-1,2026-07-02 12:00:00,2026-07-02,12,Morning,Lavender Bar Soap,1.04,60.0,7.1,Changeover/Setup,52.9,62,48,1,47,2.69,97.92,77.42,88.17,87.25,75.33,4.96,29.31,2
PureGlow Soaps International (Fictional Dummy Company),Global Manufacturing Head - PureGlow Soaps,Australia,Fiji,Lautoka,FCT035,Lautoka Soap Plant,LN0104,Line-2,2026-07-02 12:00:00,2026-07-02,12,Morning,Rose Bar Soap,1.24,60.0,35.3,Machine Breakdown,24.7,74,29,1,28,3.71,96.55,39.19,41.17,94.68,37.63,2.92,11.19,3
PureGlow Soaps International (Fictional Dummy Company),Global Manufacturing Head - PureGlow Soaps,Australia,Fiji,Lautoka,FCT035,Lautoka Soap Plant,LN0105,Line-3,2026-07-02 12:00:00,2026-07-02,12,Morning,Sandalwood Bar Soap,1.08,60.0,1.3,No Downtime,58.7,65,63,1,62,2.09,98.41,96.92,97.83,99.38,95.68,6.42,18.19,3
PureGlow Soaps International (Fictional Dummy Company),Global Manufacturing Head - PureGlow Soaps,Australia,Fiji,Lautoka,FCT035,Lautoka Soap Plant,LN0103,Line-1,2026-07-02 13:00:00,2026-07-02,13,Morning,Lavender Bar Soap,1.04,60.0,1.2,No Downtime,58.8,62,60,1,59,2.36,98.33,96.77,98.0,98.12,94.55,6.29,38.79,3
PureGlow Soaps International (Fictional Dummy Company),Global Manufacturing Head - PureGlow Soaps,Australia,Fiji,Lautoka,FCT035,Lautoka Soap Plant,LN0104,Line-2,2026-07-02 13:00:00,2026-07-02,13,Morning,Rose Bar Soap,1.24,60.0,13.9,Material Shortage,46.1,74,46,2,44,4.53,95.65,62.16,76.83,80.47,59.14,4.28,17.35,3
PureGlow Soaps International (Fictional Dummy Company),Global Manufacturing Head - PureGlow Soaps,Australia,Fiji,Lautoka,FCT035,Lautoka Soap Plant,LN0105,Line-3,2026-07-02 13:00:00,2026-07-02,13,Morning,Sandalwood Bar Soap,1.08,60.0,19.8,Changeover/Setup,40.2,65,38,2,36,3.98,94.74,58.46,67.0,87.53,55.56,3.96,13.78,3
PureGlow Soaps International (Fictional Dummy Company),Global Manufacturing Head - PureGlow Soaps,Australia,Fiji,Lautoka,FCT035,Lautoka Soap Plant,LN0103,Line-1,2026-07-02 14:00:00,2026-07-02,14,Afternoon,Lavender Bar Soap,1.04,60.0,10.5,Changeover/Setup,49.5,62,50,1,49,2.16,98.0,80.65,82.5,97.13,78.53,4.43,27.86,1
PureGlow Soaps International (Fictional Dummy Company),Global Manufacturing Head - PureGlow Soaps,Australia,Fiji,Lautoka,FCT035,Lautoka Soap Plant,LN0104,Line-2,2026-07-02 14:00:00,2026-07-02,14,Afternoon,Rose Bar Soap,1.24,60.0,10.8,Changeover/Setup,49.2,74,52,2,50,3.87,96.15,70.27,82.0,85.23,67.2,5.38,21.38,3
PureGlow Soaps International (Fictional Dummy Company),Global Manufacturing Head - PureGlow Soaps,Australia,Fiji,Lautoka,FCT035,Lautoka Soap Plant,LN0105,Line-3,2026-07-02 14:00:00,2026-07-02,14,Afternoon,Sandalwood Bar Soap,1.08,60.0,0.7,No Downtime,59.3,65,63,1,62,1.78,98.41,96.92,98.83,98.37,95.67,6.48,20.67,3
PureGlow Soaps International (Fictional Dummy Company),Global Manufacturing Head - PureGlow Soaps,Australia,Fiji,Lautoka,FCT035,Lautoka Soap Plant,LN0103,Line-1,2026-07-02 15:00:00,2026-07-02,15,Afternoon,Lavender Bar Soap,1.04,60.0,31.1,Material Shortage,28.9,62,28,0,28,0.83,100.0,45.16,48.17,93.16,44.88,2.54,17.3,1
PureGlow Soaps International (Fictional Dummy Company),Global Manufacturing Head - PureGlow Soaps,Australia,Fiji,Lautoka,FCT035,Lautoka Soap Plant,LN0104,Line-2,2026-07-02 15:00:00,2026-07-02,15,Afternoon,Rose Bar Soap,1.24,60.0,0.4,No Downtime,59.6,74,75,1,74,1.72,98.67,101.35,99.33,101.48,99.46,6.76,23.56,3
PureGlow Soaps International (Fictional Dummy Company),Global Manufacturing Head - PureGlow Soaps,Australia,Fiji,Lautoka,FCT035,Lautoka Soap Plant,LN0105,Line-3,2026-07-02 15:00:00,2026-07-02,15,Afternoon,Sandalwood Bar Soap,1.08,60.0,10.2,Changeover/Setup,49.8,65,54,0,54,0.0,100.0,83.08,83.0,100.4,83.33,5.54,17.61,3
PureGlow Soaps International (Fictional Dummy Company),Global Manufacturing Head - PureGlow Soaps,Australia,Fiji,Lautoka,FCT035,Lautoka Soap Plant,LN0103,Line-1,2026-07-02 16:00:00,2026-07-02,16,Afternoon,Lavender Bar Soap,1.04,60.0,8.6,Staff Shortage,51.4,62,50,2,48,3.64,96.0,80.65,85.67,93.53,76.92,4.58,28.92,1
PureGlow Soaps International (Fictional Dummy Company),Global Manufacturing Head - PureGlow Soaps,Australia,Fiji,Lautoka,FCT035,Lautoka Soap Plant,LN0104,Line-2,2026-07-02 16:00:00,2026-07-02,16,Afternoon,Rose Bar Soap,1.24,60.0,12.4,Material Shortage,47.6,74,56,2,54,3.58,96.43,75.68,79.33,94.88,72.58,4.84,19.78,1
PureGlow Soaps International (Fictional Dummy Company),Global Manufacturing Head - PureGlow Soaps,Australia,Fiji,Lautoka,FCT035,Lautoka Soap Plant,LN0105,Line-3,2026-07-02 16:00:00,2026-07-02,16,Afternoon,Sandalwood Bar Soap,1.08,60.0,22.7,Material Shortage,37.3,65,39,2,37,4.84,94.87,60.0,62.17,96.81,57.1,3.98,12.5,2
PureGlow Soaps International (Fictional Dummy Company),Global Manufacturing Head - PureGlow Soaps,Australia,Fiji,Lautoka,FCT035,Lautoka Soap Plant,LN0103,Line-1,2026-07-02 17:00:00,2026-07-02,17,Afternoon,Lavender Bar Soap,1.04,60.0,3.3,No Downtime,56.7,62,56,2,54,2.85,96.43,90.32,94.5,94.97,86.54,5.71,35.88,3
PureGlow Soaps International (Fictional Dummy Company),Global Manufacturing Head - PureGlow Soaps,Australia,Fiji,Lautoka,FCT035,Lautoka Soap Plant,LN0104,Line-2,2026-07-02 17:00:00,2026-07-02,17,Afternoon,Rose Bar Soap,1.24,60.0,1.3,No Downtime,58.7,74,62,2,60,2.57,96.77,83.78,97.83,85.18,80.64,6.42,24.32,3
PureGlow Soaps International (Fictional Dummy Company),Global Manufacturing Head - PureGlow Soaps,Australia,Fiji,Lautoka,FCT035,Lautoka Soap Plant,LN0105,Line-3,2026-07-02 17:00:00,2026-07-02,17,Afternoon,Sandalwood Bar Soap,1.08,60.0,16.6,Changeover/Setup,43.4,65,47,1,46,1.55,97.87,72.31,72.33,100.27,70.98,5.03,15.23,2
PureGlow Soaps International (Fictional Dummy Company),Global Manufacturing Head - PureGlow Soaps,Australia,Fiji,Lautoka,FCT035,Lautoka Soap Plant,LN0103,Line-1,2026-07-02 18:00:00,2026-07-02,18,Afternoon,Lavender Bar Soap,1.04,60.0,2.8,No Downtime,57.2,62,60,2,58,3.29,96.67,96.77,95.33,100.86,92.95,6.54,31.18,1
PureGlow Soaps International (Fictional Dummy Company),Global Manufacturing Head - PureGlow Soaps,Australia,Fiji,Lautoka,FCT035,Lautoka Soap Plant,LN0104,Line-2,2026-07-02 18:00:00,2026-07-02,18,Afternoon,Rose Bar Soap,1.24,60.0,28.5,Material Shortage,31.5,74,40,1,39,3.63,97.5,54.05,52.5,102.41,52.42,3.81,12.92,1
PureGlow Soaps International (Fictional Dummy Company),Global Manufacturing Head - PureGlow Soaps,Australia,Fiji,Lautoka,FCT035,Lautoka Soap Plant,LN0105,Line-3,2026-07-02 18:00:00,2026-07-02,18,Afternoon,Sandalwood Bar Soap,1.08,60.0,24.2,Preventive Maintenance,35.8,65,35,2,33,5.58,94.29,53.85,59.67,90.52,50.93,3.53,11.84,3
PureGlow Soaps International (Fictional Dummy Company),Global Manufacturing Head - PureGlow Soaps,Australia,Fiji,Lautoka,FCT035,Lautoka Soap Plant,LN0103,Line-1,2026-07-02 19:00:00,2026-07-02,19,Afternoon,Lavender Bar Soap,1.04,60.0,1.7,No Downtime,58.3,62,57,3,54,4.85,94.74,91.94,97.17,94.01,86.54,5.86,36.84,2
PureGlow Soaps International (Fictional Dummy Company),Global Manufacturing Head - PureGlow Soaps,Australia,Fiji,Lautoka,FCT035,Lautoka Soap Plant,LN0104,Line-2,2026-07-02 19:00:00,2026-07-02,19,Afternoon,Rose Bar Soap,1.24,60.0,0.1,No Downtime,59.9,74,66,3,63,4.27,95.45,89.19,99.83,88.86,84.67,6.53,24.88,2
PureGlow Soaps International (Fictional Dummy Company),Global Manufacturing Head - PureGlow Soaps,Australia,Fiji,Lautoka,FCT035,Lautoka Soap Plant,LN0105,Line-3,2026-07-02 19:00:00,2026-07-02,19,Afternoon,Sandalwood Bar Soap,1.08,60.0,25.4,Machine Breakdown,34.6,65,33,0,33,0.25,100.0,50.77,57.67,88.31,50.93,2.93,10.23,2
PureGlow Soaps International (Fictional Dummy Company),Global Manufacturing Head - PureGlow Soaps,Australia,Fiji,Lautoka,FCT035,Lautoka Soap Plant,LN0103,Line-1,2026-07-02 20:00:00,2026-07-02,20,Afternoon,Lavender Bar Soap,1.04,60.0,19.5,Staff Shortage,40.5,62,38,2,36,4.19,94.74,61.29,67.5,90.22,57.7,3.29,26.05,1
PureGlow Soaps International (Fictional Dummy Company),Global Manufacturing Head - PureGlow Soaps,Australia,Fiji,Lautoka,FCT035,Lautoka Soap Plant,LN0104,Line-2,2026-07-02 20:00:00,2026-07-02,20,Afternoon,Rose Bar Soap,1.24,60.0,38.7,Preventive Maintenance,21.3,74,24,0,24,0.98,100.0,32.43,35.5,90.87,32.26,2.54,8.96,2
PureGlow Soaps International (Fictional Dummy Company),Global Manufacturing Head - PureGlow Soaps,Australia,Fiji,Lautoka,FCT035,Lautoka Soap Plant,LN0105,Line-3,2026-07-02 20:00:00,2026-07-02,20,Afternoon,Sandalwood Bar Soap,1.08,60.0,2.4,No Downtime,57.6,65,50,1,49,1.52,98.0,76.92,96.0,80.38,75.62,4.84,18.34,2
PureGlow Soaps International (Fictional Dummy Company),Global Manufacturing Head - PureGlow Soaps,Australia,Fiji,Lautoka,FCT035,Lautoka Soap Plant,LN0103,Line-1,2026-07-02 21:00:00,2026-07-02,21,Afternoon,Lavender Bar Soap,1.04,60.0,19.2,Material Shortage,40.8,62,38,1,37,3.01,97.37,61.29,68.0,89.56,59.3,3.8,26.14,1
PureGlow Soaps International (Fictional Dummy Company),Global Manufacturing Head - PureGlow Soaps,Australia,Fiji,Lautoka,FCT035,Lautoka Soap Plant,LN0104,Line-2,2026-07-02 21:00:00,2026-07-02,21,Afternoon,Rose Bar Soap,1.24,60.0,2.2,No Downtime,57.8,74,71,3,68,3.99,95.77,95.95,96.33,99.06,91.39,7.28,22.34,1
PureGlow Soaps International (Fictional Dummy Company),Global Manufacturing Head - PureGlow Soaps,Australia,Fiji,Lautoka,FCT035,Lautoka Soap Plant,LN0105,Line-3,2026-07-02 21:00:00,2026-07-02,21,Afternoon,Sandalwood Bar Soap,1.08,60.0,0.6,No Downtime,59.4,65,62,2,60,3.12,96.77,95.38,99.0,96.65,92.59,6.15,19.42,2
PureGlow Soaps International (Fictional Dummy Company),Global Manufacturing Head - PureGlow Soaps,Australia,Fiji,Lautoka,FCT035,Lautoka Soap Plant,LN0103,Line-1,2026-07-02 22:00:00,2026-07-02,22,Night,Lavender Bar Soap,1.04,60.0,10.1,Material Shortage,49.9,62,46,2,44,4.23,95.65,74.19,83.17,88.64,70.51,4.09,31.74,2
PureGlow Soaps International (Fictional Dummy Company),Global Manufacturing Head - PureGlow Soaps,Australia,Fiji,Lautoka,FCT035,Lautoka Soap Plant,LN0104,Line-2,2026-07-02 22:00:00,2026-07-02,22,Night,Rose Bar Soap,1.24,60.0,0.9,No Downtime,59.1,74,71,2,69,2.29,97.18,95.95,98.5,96.88,92.74,6.24,26.84,3
PureGlow Soaps International (Fictional Dummy Company),Global Manufacturing Head - PureGlow Soaps,Australia,Fiji,Lautoka,FCT035,Lautoka Soap Plant,LN0105,Line-3,2026-07-02 22:00:00,2026-07-02,22,Night,Sandalwood Bar Soap,1.08,60.0,15.3,Changeover/Setup,44.7,65,42,1,41,3.38,97.62,64.62,74.5,87.0,63.27,3.68,14.89,2
PureGlow Soaps International (Fictional Dummy Company),Global Manufacturing Head - PureGlow Soaps,Australia,Fiji,Lautoka,FCT035,Lautoka Soap Plant,LN0103,Line-1,2026-07-02 23:00:00,2026-07-02,23,Night,Lavender Bar Soap,1.04,60.0,3.3,No Downtime,56.7,62,56,1,55,2.44,98.21,90.32,94.5,94.97,88.14,6.09,34.66,2
PureGlow Soaps International (Fictional Dummy Company),Global Manufacturing Head - PureGlow Soaps,Australia,Fiji,Lautoka,FCT035,Lautoka Soap Plant,LN0104,Line-2,2026-07-02 23:00:00,2026-07-02,23,Night,Rose Bar Soap,1.24,60.0,12.5,Changeover/Setup,47.5,74,58,2,56,3.88,96.55,78.38,79.17,98.47,75.27,5.32,20.32,1
PureGlow Soaps International (Fictional Dummy Company),Global Manufacturing Head - PureGlow Soaps,Australia,Fiji,Lautoka,FCT035,Lautoka Soap Plant,LN0105,Line-3,2026-07-02 23:00:00,2026-07-02,23,Night,Sandalwood Bar Soap,1.08,60.0,14.4,Quality Hold,45.6,65,40,3,37,7.98,92.5,61.54,76.0,81.22,57.1,4.04,13.92,1
PureGlow Soaps International (Fictional Dummy Company),Global Manufacturing Head - PureGlow Soaps,Australia,Fiji,Lautoka,FCT035,Lautoka Soap Plant,LN0103,Line-1,2026-07-03 00:00:00,2026-07-03,0,Night,Sandalwood Bar Soap,1.04,60.0,8.3,Changeover/Setup,51.7,62,55,1,54,1.64,98.18,88.71,86.17,102.29,86.54,4.72,33.94,1
PureGlow Soaps International (Fictional Dummy Company),Global Manufacturing Head - PureGlow Soaps,Australia,Fiji,Lautoka,FCT035,Lautoka Soap Plant,LN0104,Line-2,2026-07-03 00:00:00,2026-07-03,0,Night,Rose Bar Soap,1.24,60.0,0.1,No Downtime,59.9,74,69,3,66,3.86,95.65,93.24,99.83,92.9,88.71,6.14,27.3,1
PureGlow Soaps International (Fictional Dummy Company),Global Manufacturing Head - PureGlow Soaps,Australia,Fiji,Lautoka,FCT035,Lautoka Soap Plant,LN0105,Line-3,2026-07-03 00:00:00,2026-07-03,0,Night,Lemon Bar Soap,1.08,60.0,30.1,Material Shortage,29.9,65,33,1,32,2.69,96.97,50.77,49.83,102.19,49.38,3.31,9.63,3
PureGlow Soaps International (Fictional Dummy Company),Global Manufacturing Head - PureGlow Soaps,Australia,Fiji,Lautoka,FCT035,Lautoka Soap Plant,LN0103,Line-1,2026-07-03 01:00:00,2026-07-03,1,Night,Sandalwood Bar Soap,1.04,60.0,1.9,No Downtime,58.1,62,54,1,53,2.45,98.15,87.1,96.83,89.37,84.94,5.01,34.13,2
PureGlow Soaps International (Fictional Dummy Company),Global Manufacturing Head - PureGlow Soaps,Australia,Fiji,Lautoka,FCT035,Lautoka Soap Plant,LN0104,Line-2,2026-07-03 01:00:00,2026-07-03,1,Night,Rose Bar Soap,1.24,60.0,27.6,Power Outage,32.4,74,40,2,38,3.9,95.0,54.05,54.0,99.56,51.07,4.12,14.69,3
PureGlow Soaps International (Fictional Dummy Company),Global Manufacturing Head - PureGlow Soaps,Australia,Fiji,Lautoka,FCT035,Lautoka Soap Plant,LN0105,Line-3,2026-07-03 01:00:00,2026-07-03,1,Night,Lemon Bar Soap,1.08,60.0,14.9,Staff Shortage,45.1,65,45,1,44,1.8,97.78,69.23,75.17,92.39,67.91,3.89,15.85,1
PureGlow Soaps International (Fictional Dummy Company),Global Manufacturing Head - PureGlow Soaps,Australia,Fiji,Lautoka,FCT035,Lautoka Soap Plant,LN0103,Line-1,2026-07-03 02:00:00,2026-07-03,2,Night,Sandalwood Bar Soap,1.04,60.0,3.2,No Downtime,56.8,62,59,1,58,2.34,98.31,95.16,94.67,99.88,92.96,5.52,31.72,3
PureGlow Soaps International (Fictional Dummy Company),Global Manufacturing Head - PureGlow Soaps,Australia,Fiji,Lautoka,FCT035,Lautoka Soap Plant,LN0104,Line-2,2026-07-03 02:00:00,2026-07-03,2,Night,Rose Bar Soap,1.24,60.0,2.7,No Downtime,57.3,74,62,1,61,1.89,98.39,83.78,95.5,87.26,81.99,6.44,23.95,1
PureGlow Soaps International (Fictional Dummy Company),Global Manufacturing Head - PureGlow Soaps,Australia,Fiji,Lautoka,FCT035,Lautoka Soap Plant,LN0105,Line-3,2026-07-03 02:00:00,2026-07-03,2,Night,Lemon Bar Soap,1.08,60.0,34.5,Preventive Maintenance,25.5,65,23,1,22,3.53,95.65,35.38,42.5,83.51,33.95,1.99,8.82,1
PureGlow Soaps International (Fictional Dummy Company),Global Manufacturing Head - PureGlow Soaps,Australia,Fiji,Lautoka,FCT035,Lautoka Soap Plant,LN0103,Line-1,2026-07-03 03:00:00,2026-07-03,3,Night,Sandalwood Bar Soap,1.04,60.0,3.8,No Downtime,56.2,62,60,2,58,2.97,96.67,96.77,93.67,102.66,92.96,6.31,34.72,3
PureGlow Soaps International (Fictional Dummy Company),Global Manufacturing Head - PureGlow Soaps,Australia,Fiji,Lautoka,FCT035,Lautoka Soap Plant,LN0104,Line-2,2026-07-03 03:00:00,2026-07-03,3,Night,Rose Bar Soap,1.24,60.0,3.7,No Downtime,56.3,74,70,2,68,2.91,97.14,94.59,93.83,100.27,91.39,6.52,25.33,2
PureGlow Soaps International (Fictional Dummy Company),Global Manufacturing Head - PureGlow Soaps,Australia,Fiji,Lautoka,FCT035,Lautoka Soap Plant,LN0105,Line-3,2026-07-03 03:00:00,2026-07-03,3,Night,Lemon Bar Soap,1.08,60.0,0.2,No Downtime,59.8,65,57,2,55,3.04,96.49,87.69,99.67,88.26,84.88,5.25,19.22,2
PureGlow Soaps International (Fictional Dummy Company),Global Manufacturing Head - PureGlow Soaps,Australia,Fiji,Lautoka,FCT035,Lautoka Soap Plant,LN0103,Line-1,2026-07-03 04:00:00,2026-07-03,4,Night,Sandalwood Bar Soap,1.04,60.0,10.5,Material Shortage,49.5,62,43,1,42,1.94,97.67,69.35,82.5,83.53,67.31,4.03,32.56,2
PureGlow Soaps International (Fictional Dummy Company),Global Manufacturing Head - PureGlow Soaps,Australia,Fiji,Lautoka,FCT035,Lautoka Soap Plant,LN0104,Line-2,2026-07-03 04:00:00,2026-07-03,4,Night,Rose Bar Soap,1.24,60.0,0.7,No Downtime,59.3,74,67,3,64,3.9,95.52,90.54,98.83,91.12,86.02,7.16,22.21,3
PureGlow Soaps International (Fictional Dummy Company),Global Manufacturing Head - PureGlow Soaps,Australia,Fiji,Lautoka,FCT035,Lautoka Soap Plant,LN0105,Line-3,2026-07-03 04:00:00,2026-07-03,4,Night,Lemon Bar Soap,1.08,60.0,3.7,No Downtime,56.3,65,63,3,60,5.11,95.24,96.92,93.83,103.61,92.59,5.93,17.39,3
PureGlow Soaps International (Fictional Dummy Company),Global Manufacturing Head - PureGlow Soaps,Australia,Fiji,Lautoka,FCT035,Lautoka Soap Plant,LN0103,Line-1,2026-07-03 05:00:00,2026-07-03,5,Night,Sandalwood Bar Soap,1.04,60.0,13.6,Changeover/Setup,46.4,62,46,1,45,2.27,97.83,74.19,77.33,95.32,72.11,4.02,28.83,1
PureGlow Soaps International (Fictional Dummy Company),Global Manufacturing Head - PureGlow Soaps,Australia,Fiji,Lautoka,FCT035,Lautoka Soap Plant,LN0104,Line-2,2026-07-03 05:00:00,2026-07-03,5,Night,Rose Bar Soap,1.24,60.0,1.3,No Downtime,58.7,74,63,2,61,3.56,96.83,85.14,97.83,86.55,81.99,5.98,23.42,2
PureGlow Soaps International (Fictional Dummy Company),Global Manufacturing Head - PureGlow Soaps,Australia,Fiji,Lautoka,FCT035,Lautoka Soap Plant,LN0105,Line-3,2026-07-03 05:00:00,2026-07-03,5,Night,Lemon Bar Soap,1.08,60.0,22.1,Machine Breakdown,37.9,65,42,2,40,3.75,95.24,64.62,63.17,102.61,61.73,4.05,11.68,1
PureGlow Soaps International (Fictional Dummy Company),Global Manufacturing Head - PureGlow Soaps,Australia,Fiji,Lautoka,FCT035,Lautoka Soap Plant,LN0103,Line-1,2026-07-03 06:00:00,2026-07-03,6,Morning,Sandalwood Bar Soap,1.04,60.0,7.6,Changeover/Setup,52.4,62,53,1,52,2.57,98.11,85.48,87.33,97.25,83.32,4.85,33.16,1
PureGlow Soaps International (Fictional Dummy Company),Global Manufacturing Head - PureGlow Soaps,Australia,Fiji,Lautoka,FCT035,Lautoka Soap Plant,LN0104,Line-2,2026-07-03 06:00:00,2026-07-03,6,Morning,Rose Bar Soap,1.24,60.0,29.3,Machine Breakdown,30.7,74,37,2,35,6.48,94.59,50.0,51.17,97.19,47.04,4.01,13.4,1
PureGlow Soaps International (Fictional Dummy Company),Global Manufacturing Head - PureGlow Soaps,Australia,Fiji,Lautoka,FCT035,Lautoka Soap Plant,LN0105,Line-3,2026-07-03 06:00:00,2026-07-03,6,Morning,Lemon Bar Soap,1.08,60.0,17.2,Changeover/Setup,42.8,65,39,1,38,1.99,97.44,60.0,71.33,84.37,58.64,4.14,13.81,1
PureGlow Soaps International (Fictional Dummy Company),Global Manufacturing Head - PureGlow Soaps,Australia,Fiji,Lautoka,FCT035,Lautoka Soap Plant,LN0103,Line-1,2026-07-03 07:00:00,2026-07-03,7,Morning,Sandalwood Bar Soap,1.04,60.0,23.2,Machine Breakdown,36.8,62,36,0,36,1.23,100.0,58.06,61.33,94.06,57.69,3.32,22.63,3
PureGlow Soaps International (Fictional Dummy Company),Global Manufacturing Head - PureGlow Soaps,Australia,Fiji,Lautoka,FCT035,Lautoka Soap Plant,LN0104,Line-2,2026-07-03 07:00:00,2026-07-03,7,Morning,Rose Bar Soap,1.24,60.0,1.3,No Downtime,58.7,74,73,3,70,4.2,95.89,98.65,97.83,100.29,94.08,6.46,24.07,1
PureGlow Soaps International (Fictional Dummy Company),Global Manufacturing Head - PureGlow Soaps,Australia,Fiji,Lautoka,FCT035,Lautoka Soap Plant,LN0105,Line-3,2026-07-03 07:00:00,2026-07-03,7,Morning,Lemon Bar Soap,1.08,60.0,17.9,Changeover/Setup,42.1,65,45,2,43,4.6,95.56,69.23,70.17,98.97,66.36,4.68,13.36,3
PureGlow Soaps International (Fictional Dummy Company),Global Manufacturing Head - PureGlow Soaps,Australia,Fiji,Lautoka,FCT035,Lautoka Soap Plant,LN0103,Line-1,2026-07-03 08:00:00,2026-07-03,8,Morning,Sandalwood Bar Soap,1.04,60.0,3.7,No Downtime,56.3,62,48,2,46,4.14,95.83,77.42,93.83,81.98,73.71,4.52,37.24,2
PureGlow Soaps International (Fictional Dummy Company),Global Manufacturing Head - PureGlow Soaps,Australia,Fiji,Lautoka,FCT035,Lautoka Soap Plant,LN0104,Line-2,2026-07-03 08:00:00,2026-07-03,8,Morning,Rose Bar Soap,1.24,60.0,15.8,Material Shortage,44.2,74,48,1,47,2.6,97.92,64.86,73.67,87.58,63.18,4.67,19.46,3
PureGlow Soaps International (Fictional Dummy Company),Global Manufacturing Head - PureGlow Soaps,Australia,Fiji,Lautoka,FCT035,Lautoka Soap Plant,LN0105,Line-3,2026-07-03 08:00:00,2026-07-03,8,Morning,Lemon Bar Soap,1.08,60.0,20.6,Staff Shortage,39.4,65,39,2,37,4.48,94.87,60.0,65.67,91.65,57.1,3.87,12.3,3
PureGlow Soaps International (Fictional Dummy Company),Global Manufacturing Head - PureGlow Soaps,Australia,Fiji,Lautoka,FCT035,Lautoka Soap Plant,LN0103,Line-1,2026-07-03 09:00:00,2026-07-03,9,Morning,Sandalwood Bar Soap,1.04,60.0,0.9,No Downtime,59.1,62,54,2,52,3.67,96.3,87.1,98.5,87.86,83.34,5.06,35.11,2
PureGlow Soaps International (Fictional Dummy Company),Global Manufacturing Head - PureGlow Soaps,Australia,Fiji,Lautoka,FCT035,Lautoka Soap Plant,LN0104,Line-2,2026-07-03 09:00:00,2026-07-03,9,Morning,Rose Bar Soap,1.24,60.0,18.1,Changeover/Setup,41.9,74,42,1,41,1.76,97.62,56.76,69.83,80.84,55.11,4.37,18.7,1
PureGlow Soaps International (Fictional Dummy Company),Global Manufacturing Head - PureGlow Soaps,Australia,Fiji,Lautoka,FCT035,Lautoka Soap Plant,LN0105,Line-3,2026-07-03 09:00:00,2026-07-03,9,Morning,Lemon Bar Soap,1.08,60.0,23.2,Material Shortage,36.8,65,39,0,39,1.27,100.0,60.0,61.33,98.13,60.18,3.76,12.53,2
PureGlow Soaps International (Fictional Dummy Company),Global Manufacturing Head - PureGlow Soaps,Australia,Fiji,Lautoka,FCT035,Lautoka Soap Plant,LN0103,Line-1,2026-07-03 10:00:00,2026-07-03,10,Morning,Sandalwood Bar Soap,1.04,60.0,0.5,No Downtime,59.5,62,62,1,61,2.25,98.39,100.0,99.17,100.19,97.76,6.24,37.95,1
PureGlow Soaps International (Fictional Dummy Company),Global Manufacturing Head - PureGlow Soaps,Australia,Fiji,Lautoka,FCT035,Lautoka Soap Plant,LN0104,Line-2,2026-07-03 10:00:00,2026-07-03,10,Morning,Rose Bar Soap,1.24,60.0,5.3,Power Outage,54.7,74,56,1,55,2.4,98.21,75.68,91.17,82.56,73.92,5.82,24.79,3
PureGlow Soaps International (Fictional Dummy Company),Global Manufacturing Head - PureGlow Soaps,Australia,Fiji,Lautoka,FCT035,Lautoka Soap Plant,LN0105,Line-3,2026-07-03 10:00:00,2026-07-03,10,Morning,Lemon Bar Soap,1.08,60.0,0.3,No Downtime,59.7,65,64,2,62,3.88,96.88,98.46,99.5,99.26,95.68,6.05,20.85,3
PureGlow Soaps International (Fictional Dummy Company),Global Manufacturing Head - PureGlow Soaps,Australia,Fiji,Lautoka,FCT035,Lautoka Soap Plant,LN0103,Line-1,2026-07-03 11:00:00,2026-07-03,11,Morning,Sandalwood Bar Soap,1.04,60.0,2.2,No Downtime,57.8,62,60,2,58,3.49,96.67,96.77,96.33,99.81,92.95,5.88,34.56,1
PureGlow Soaps International (Fictional Dummy Company),Global Manufacturing Head - PureGlow Soaps,Australia,Fiji,Lautoka,FCT035,Lautoka Soap Plant,LN0104,Line-2,2026-07-03 11:00:00,2026-07-03,11,Morning,Rose Bar Soap,1.24,60.0,2.2,No Downtime,57.8,74,65,3,62,4.32,95.38,87.84,96.33,90.69,83.33,6.39,24.03,1
PureGlow Soaps International (Fictional Dummy Company),Global Manufacturing Head - PureGlow Soaps,Australia,Fiji,Lautoka,FCT035,Lautoka Soap Plant,LN0105,Line-3,2026-07-03 11:00:00,2026-07-03,11,Morning,Lemon Bar Soap,1.08,60.0,1.1,No Downtime,58.9,65,54,1,53,2.02,98.15,83.08,98.17,84.89,81.79,5.83,18.84,2
PureGlow Soaps International (Fictional Dummy Company),Global Manufacturing Head - PureGlow Soaps,Australia,Fiji,Lautoka,FCT035,Lautoka Soap Plant,LN0103,Line-1,2026-07-03 12:00:00,2026-07-03,12,Morning,Sandalwood Bar Soap,1.04,60.0,30.1,Material Shortage,29.9,62,27,0,27,1.53,100.0,43.55,49.83,86.83,43.27,2.8,16.82,2
PureGlow Soaps International (Fictional Dummy Company),Global Manufacturing Head - PureGlow Soaps,Australia,Fiji,Lautoka,FCT035,Lautoka Soap Plant,LN0104,Line-2,2026-07-03 12:00:00,2026-07-03,12,Morning,Rose Bar Soap,1.24,60.0,11.3,Staff Shortage,48.7,74,53,2,51,3.18,96.23,71.62,81.17,87.77,68.56,5.75,19.35,1
PureGlow Soaps International (Fictional Dummy Company),Global Manufacturing Head - PureGlow Soaps,Australia,Fiji,Lautoka,FCT035,Lautoka Soap Plant,LN0105,Line-3,2026-07-03 12:00:00,2026-07-03,12,Morning,Lemon Bar Soap,1.08,60.0,0.8,No Downtime,59.2,65,60,3,57,4.46,95.0,92.31,98.67,93.84,87.96,6.54,21.0,3
PureGlow Soaps International (Fictional Dummy Company),Global Manufacturing Head - PureGlow Soaps,Australia,Fiji,Lautoka,FCT035,Lautoka Soap Plant,LN0103,Line-1,2026-07-03 13:00:00,2026-07-03,13,Morning,Sandalwood Bar Soap,1.04,60.0,39.9,Machine Breakdown,20.1,62,21,1,20,4.21,95.24,33.87,33.5,100.46,32.05,2.01,11.01,2
PureGlow Soaps International (Fictional Dummy Company),Global Manufacturing Head - PureGlow Soaps,Australia,Fiji,Lautoka,FCT035,Lautoka Soap Plant,LN0104,Line-2,2026-07-03 13:00:00,2026-07-03,13,Morning,Rose Bar Soap,1.24,60.0,30.1,Material Shortage,29.9,74,37,1,36,2.82,97.3,50.0,49.83,99.8,48.39,3.77,12.34,2
PureGlow Soaps International (Fictional Dummy Company),Global Manufacturing Head - PureGlow Soaps,Australia,Fiji,Lautoka,FCT035,Lautoka Soap Plant,LN0105,Line-3,2026-07-03 13:00:00,2026-07-03,13,Morning,Lemon Bar Soap,1.08,60.0,29.8,Preventive Maintenance,30.2,65,28,1,27,3.82,96.43,43.08,50.33,85.85,41.67,2.44,10.4,1
PureGlow Soaps International (Fictional Dummy Company),Global Manufacturing Head - PureGlow Soaps,Australia,Fiji,Lautoka,FCT035,Lautoka Soap Plant,LN0103,Line-1,2026-07-03 14:00:00,2026-07-03,14,Afternoon,Sandalwood Bar Soap,1.04,60.0,2.8,No Downtime,57.2,62,56,2,54,2.91,96.43,90.32,95.33,94.14,86.54,5.87,31.2,1
PureGlow Soaps International (Fictional Dummy Company),Global Manufacturing Head - PureGlow Soaps,Australia,Fiji,Lautoka,FCT035,Lautoka Soap Plant,LN0104,Line-2,2026-07-03 14:00:00,2026-07-03,14,Afternoon,Rose Bar Soap,1.24,60.0,25.1,Material Shortage,34.9,74,36,1,35,3.9,97.22,48.65,58.17,83.19,47.05,3.48,14.18,1
PureGlow Soaps International (Fictional Dummy Company),Global Manufacturing Head - PureGlow Soaps,Australia,Fiji,Lautoka,FCT035,Lautoka Soap Plant,LN0105,Line-3,2026-07-03 14:00:00,2026-07-03,14,Afternoon,Lemon Bar Soap,1.08,60.0,5.5,Quality Hold,54.5,65,50,4,46,7.85,92.0,76.92,90.83,84.95,70.99,5.2,18.25,3
PureGlow Soaps International (Fictional Dummy Company),Global Manufacturing Head - PureGlow Soaps,Australia,Fiji,Lautoka,FCT035,Lautoka Soap Plant,LN0103,Line-1,2026-07-03 15:00:00,2026-07-03,15,Afternoon,Sandalwood Bar Soap,1.04,60.0,22.5,Preventive Maintenance,37.5,62,38,0,38,1.02,100.0,61.29,62.5,97.44,60.9,3.44,22.72,3
PureGlow Soaps International (Fictional Dummy Company),Global Manufacturing Head - PureGlow Soaps,Australia,Fiji,Lautoka,FCT035,Lautoka Soap Plant,LN0104,Line-2,2026-07-03 15:00:00,2026-07-03,15,Afternoon,Rose Bar Soap,1.24,60.0,29.2,Power Outage,30.8,74,38,2,36,5.9,94.74,51.35,51.33,99.5,48.39,3.96,13.67,3
PureGlow Soaps International (Fictional Dummy Company),Global Manufacturing Head - PureGlow Soaps,Australia,Fiji,Lautoka,FCT035,Lautoka Soap Plant,LN0105,Line-3,2026-07-03 15:00:00,2026-07-03,15,Afternoon,Lemon Bar Soap,1.08,60.0,25.4,Machine Breakdown,34.6,65,36,1,35,4.03,97.22,55.38,57.67,96.34,54.01,3.14,11.3,2
PureGlow Soaps International (Fictional Dummy Company),Global Manufacturing Head - PureGlow Soaps,Australia,Fiji,Lautoka,FCT035,Lautoka Soap Plant,LN0103,Line-1,2026-07-03 16:00:00,2026-07-03,16,Afternoon,Sandalwood Bar Soap,1.04,60.0,13.2,Machine Breakdown,46.8,62,49,2,47,4.04,95.92,79.03,78.0,100.67,75.32,5.16,29.87,2
PureGlow Soaps International (Fictional Dummy Company),Global Manufacturing Head - PureGlow Soaps,Australia,Fiji,Lautoka,FCT035,Lautoka Soap Plant,LN0104,Line-2,2026-07-03 16:00:00,2026-07-03,16,Afternoon,Rose Bar Soap,1.24,60.0,2.4,No Downtime,57.6,74,66,2,64,2.32,96.97,89.19,96.0,92.41,86.03,5.68,22.24,3
PureGlow Soaps International (Fictional Dummy Company),Global Manufacturing Head - PureGlow Soaps,Australia,Fiji,Lautoka,FCT035,Lautoka Soap Plant,LN0105,Line-3,2026-07-03 16:00:00,2026-07-03,16,Afternoon,Lemon Bar Soap,1.08,60.0,34.4,Material Shortage,25.6,65,28,1,27,2.79,96.43,43.08,42.67,101.27,41.67,2.67,8.67,3
PureGlow Soaps International (Fictional Dummy Company),Global Manufacturing Head - PureGlow Soaps,Australia,Fiji,Lautoka,FCT035,Lautoka Soap Plant,LN0103,Line-1,2026-07-03 17:00:00,2026-07-03,17,Afternoon,Sandalwood Bar Soap,1.04,60.0,2.3,No Downtime,57.7,62,51,1,50,1.72,98.04,82.26,96.17,84.99,80.13,4.72,36.42,2
PureGlow Soaps International (Fictional Dummy Company),Global Manufacturing Head - PureGlow Soaps,Australia,Fiji,Lautoka,FCT035,Lautoka Soap Plant,LN0104,Line-2,2026-07-03 17:00:00,2026-07-03,17,Afternoon,Rose Bar Soap,1.24,60.0,1.3,No Downtime,58.7,74,72,0,72,0.63,100.0,97.3,97.83,98.92,96.77,6.69,24.5,1
PureGlow Soaps International (Fictional Dummy Company),Global Manufacturing Head - PureGlow Soaps,Australia,Fiji,Lautoka,FCT035,Lautoka Soap Plant,LN0105,Line-3,2026-07-03 17:00:00,2026-07-03,17,Afternoon,Lemon Bar Soap,1.08,60.0,23.9,Staff Shortage,36.1,65,36,1,35,3.02,97.22,55.38,60.17,92.34,54.02,3.59,12.66,3
PureGlow Soaps International (Fictional Dummy Company),Global Manufacturing Head - PureGlow Soaps,Australia,Fiji,Lautoka,FCT035,Lautoka Soap Plant,LN0103,Line-1,2026-07-03 18:00:00,2026-07-03,18,Afternoon,Sandalwood Bar Soap,1.04,60.0,32.8,Machine Breakdown,27.2,62,24,1,23,2.37,95.83,38.71,45.33,84.84,36.85,2.35,17.17,1
PureGlow Soaps International (Fictional Dummy Company),Global Manufacturing Head - PureGlow Soaps,Australia,Fiji,Lautoka,FCT035,Lautoka Soap Plant,LN0104,Line-2,2026-07-03 18:00:00,2026-07-03,18,Afternoon,Rose Bar Soap,1.24,60.0,3.6,No Downtime,56.4,74,60,2,58,2.75,96.67,81.08,94.0,85.79,77.96,5.82,22.4,1
PureGlow Soaps International (Fictional Dummy Company),Global Manufacturing Head - PureGlow Soaps,Australia,Fiji,Lautoka,FCT035,Lautoka Soap Plant,LN0105,Line-3,2026-07-03 18:00:00,2026-07-03,18,Afternoon,Lemon Bar Soap,1.08,60.0,2.6,No Downtime,57.4,65,50,2,48,3.62,96.0,76.92,95.67,80.66,74.08,5.15,17.25,2
PureGlow Soaps International (Fictional Dummy Company),Global Manufacturing Head - PureGlow Soaps,Australia,Fiji,Lautoka,FCT035,Lautoka Soap Plant,LN0103,Line-1,2026-07-03 19:00:00,2026-07-03,19,Afternoon,Sandalwood Bar Soap,1.04,60.0,14.7,Changeover/Setup,45.3,62,47,0,47,0.54,100.0,75.81,75.5,99.76,75.32,4.74,24.8,2
PureGlow Soaps International (Fictional Dummy Company),Global Manufacturing Head - PureGlow Soaps,Australia,Fiji,Lautoka,FCT035,Lautoka Soap Plant,LN0104,Line-2,2026-07-03 19:00:00,2026-07-03,19,Afternoon,Rose Bar Soap,1.24,60.0,9.8,Changeover/Setup,50.2,74,56,3,53,5.03,94.64,75.68,83.67,89.96,71.24,5.95,20.8,1
PureGlow Soaps International (Fictional Dummy Company),Global Manufacturing Head - PureGlow Soaps,Australia,Fiji,Lautoka,FCT035,Lautoka Soap Plant,LN0105,Line-3,2026-07-03 19:00:00,2026-07-03,19,Afternoon,Lemon Bar Soap,1.08,60.0,0.6,No Downtime,59.4,65,61,3,58,4.98,95.08,93.85,99.0,95.09,89.51,6.67,19.58,2
PureGlow Soaps International (Fictional Dummy Company),Global Manufacturing Head - PureGlow Soaps,Australia,Fiji,Lautoka,FCT035,Lautoka Soap Plant,LN0103,Line-1,2026-07-03 20:00:00,2026-07-03,20,Afternoon,Sandalwood Bar Soap,1.04,60.0,12.8,Power Outage,47.2,62,42,1,41,1.7,97.62,67.74,78.67,85.56,65.71,3.92,29.95,3
PureGlow Soaps International (Fictional Dummy Company),Global Manufacturing Head - PureGlow Soaps,Australia,Fiji,Lautoka,FCT035,Lautoka Soap Plant,LN0104,Line-2,2026-07-03 20:00:00,2026-07-03,20,Afternoon,Rose Bar Soap,1.24,60.0,1.6,No Downtime,58.4,74,70,3,67,4.02,95.71,94.59,97.33,96.66,90.04,6.72,23.55,1
PureGlow Soaps International (Fictional Dummy Company),Global Manufacturing Head - PureGlow Soaps,Australia,Fiji,Lautoka,FCT035,Lautoka Soap Plant,LN0105,Line-3,2026-07-03 20:00:00,2026-07-03,20,Afternoon,Lemon Bar Soap,1.08,60.0,19.4,Quality Hold,40.6,65,37,2,35,5.59,94.59,56.92,67.67,84.38,54.01,4.02,14.1,3
PureGlow Soaps International (Fictional Dummy Company),Global Manufacturing Head - PureGlow Soaps,Australia,Fiji,Lautoka,FCT035,Lautoka Soap Plant,LN0103,Line-1,2026-07-03 21:00:00,2026-07-03,21,Afternoon,Sandalwood Bar Soap,1.04,60.0,2.7,No Downtime,57.3,62,61,1,60,1.99,98.36,98.39,95.5,102.36,96.15,5.59,32.38,2
PureGlow Soaps International (Fictional Dummy Company),Global Manufacturing Head - PureGlow Soaps,Australia,Fiji,Lautoka,FCT035,Lautoka Soap Plant,LN0104,Line-2,2026-07-03 21:00:00,2026-07-03,21,Afternoon,Rose Bar Soap,1.24,60.0,22.2,Machine Breakdown,37.8,74,47,2,45,4.5,95.74,63.51,63.0,100.27,60.48,4.26,14.33,2
PureGlow Soaps International (Fictional Dummy Company),Global Manufacturing Head - PureGlow Soaps,Australia,Fiji,Lautoka,FCT035,Lautoka Soap Plant,LN0105,Line-3,2026-07-03 21:00:00,2026-07-03,21,Afternoon,Lemon Bar Soap,1.08,60.0,11.5,Changeover/Setup,48.5,65,45,2,43,3.46,95.56,69.23,80.83,85.91,66.36,4.21,16.94,1
PureGlow Soaps International (Fictional Dummy Company),Global Manufacturing Head - PureGlow Soaps,Australia,Fiji,Lautoka,FCT035,Lautoka Soap Plant,LN0103,Line-1,2026-07-03 22:00:00,2026-07-03,22,Night,Sandalwood Bar Soap,1.04,60.0,3.1,No Downtime,56.9,62,57,1,56,1.48,98.25,91.94,94.83,96.32,89.74,5.99,31.56,2
PureGlow Soaps International (Fictional Dummy Company),Global Manufacturing Head - PureGlow Soaps,Australia,Fiji,Lautoka,FCT035,Lautoka Soap Plant,LN0104,Line-2,2026-07-03 22:00:00,2026-07-03,22,Night,Rose Bar Soap,1.24,60.0,18.8,Preventive Maintenance,41.2,74,46,1,45,1.85,97.83,62.16,68.67,90.04,60.49,4.91,18.26,2
PureGlow Soaps International (Fictional Dummy Company),Global Manufacturing Head - PureGlow Soaps,Australia,Fiji,Lautoka,FCT035,Lautoka Soap Plant,LN0105,Line-3,2026-07-03 22:00:00,2026-07-03,22,Night,Lemon Bar Soap,1.08,60.0,24.2,Staff Shortage,35.8,65,34,1,33,2.93,97.06,52.31,59.67,87.94,50.93,3.6,12.06,2
PureGlow Soaps International (Fictional Dummy Company),Global Manufacturing Head - PureGlow Soaps,Australia,Fiji,Lautoka,FCT035,Lautoka Soap Plant,LN0103,Line-1,2026-07-03 23:00:00,2026-07-03,23,Night,Sandalwood Bar Soap,1.04,60.0,12.4,Power Outage,47.6,62,46,0,46,0.0,100.0,74.19,79.33,92.92,73.71,5.04,27.07,1
PureGlow Soaps International (Fictional Dummy Company),Global Manufacturing Head - PureGlow Soaps,Australia,Fiji,Lautoka,FCT035,Lautoka Soap Plant,LN0104,Line-2,2026-07-03 23:00:00,2026-07-03,23,Night,Rose Bar Soap,1.24,60.0,29.5,Material Shortage,30.5,74,34,1,33,3.38,97.06,45.95,50.83,89.9,44.35,3.04,12.81,1
PureGlow Soaps International (Fictional Dummy Company),Global Manufacturing Head - PureGlow Soaps,Australia,Fiji,Lautoka,FCT035,Lautoka Soap Plant,LN0105,Line-3,2026-07-03 23:00:00,2026-07-03,23,Night,Lemon Bar Soap,1.08,60.0,2.5,No Downtime,57.5,65,61,1,60,1.57,98.36,93.85,95.83,98.23,92.59,5.87,18.27,2
PureGlow Soaps International (Fictional Dummy Company),Global Manufacturing Head - PureGlow Soaps,Australia,Fiji,Lautoka,FCT035,Lautoka Soap Plant,LN0103,Line-1,2026-07-04 00:00:00,2026-07-04,0,Night,Lavender Bar Soap,1.04,60.0,2.3,No Downtime,57.7,62,59,2,57,3.02,96.61,95.16,96.17,98.32,91.35,5.18,35.33,3
PureGlow Soaps International (Fictional Dummy Company),Global Manufacturing Head - PureGlow Soaps,Australia,Fiji,Lautoka,FCT035,Lautoka Soap Plant,LN0104,Line-2,2026-07-04 00:00:00,2026-07-04,0,Night,Charcoal Bar Soap,1.24,60.0,13.3,Changeover/Setup,46.7,74,50,3,47,5.48,94.0,67.57,77.83,86.34,63.17,5.45,21.3,1
PureGlow Soaps International (Fictional Dummy Company),Global Manufacturing Head - PureGlow Soaps,Australia,Fiji,Lautoka,FCT035,Lautoka Soap Plant,LN0105,Line-3,2026-07-04 00:00:00,2026-07-04,0,Night,Charcoal Bar Soap,1.08,60.0,0.0,No Downtime,60.0,65,62,1,61,1.73,98.39,95.38,100.0,95.68,94.14,6.02,18.73,2
PureGlow Soaps International (Fictional Dummy Company),Global Manufacturing Head - PureGlow Soaps,Australia,Fiji,Lautoka,FCT035,Lautoka Soap Plant,LN0103,Line-1,2026-07-04 01:00:00,2026-07-04,1,Night,Lavender Bar Soap,1.04,60.0,3.1,No Downtime,56.9,62,57,2,55,3.36,96.49,91.94,94.83,96.32,88.13,5.37,33.57,3
PureGlow Soaps International (Fictional Dummy Company),Global Manufacturing Head - PureGlow Soaps,Australia,Fiji,Lautoka,FCT035,Lautoka Soap Plant,LN0104,Line-2,2026-07-04 01:00:00,2026-07-04,1,Night,Charcoal Bar Soap,1.24,60.0,12.9,Material Shortage,47.1,74,50,1,49,2.92,98.0,67.57,78.5,85.61,65.86,5.02,18.78,3
PureGlow Soaps International (Fictional Dummy Company),Global Manufacturing Head - PureGlow Soaps,Australia,Fiji,Lautoka,FCT035,Lautoka Soap Plant,LN0105,Line-3,2026-07-04 01:00:00,2026-07-04,1,Night,Charcoal Bar Soap,1.08,60.0,3.3,No Downtime,56.7,65,58,0,58,0.85,100.0,89.23,94.5,94.72,89.51,6.35,19.01,2
PureGlow Soaps International (Fictional Dummy Company),Global Manufacturing Head - PureGlow Soaps,Australia,Fiji,Lautoka,FCT035,Lautoka Soap Plant,LN0103,Line-1,2026-07-04 02:00:00,2026-07-04,2,Night,Lavender Bar Soap,1.04,60.0,3.9,No Downtime,56.1,62,50,1,49,2.36,98.0,80.65,93.5,85.7,78.53,5.29,31.64,2
PureGlow Soaps International (Fictional Dummy Company),Global Manufacturing Head - PureGlow Soaps,Australia,Fiji,Lautoka,FCT035,Lautoka Soap Plant,LN0104,Line-2,2026-07-04 02:00:00,2026-07-04,2,Night,Charcoal Bar Soap,1.24,60.0,34.0,Machine Breakdown,26.0,74,27,1,26,3.92,96.3,36.49,43.33,83.75,34.95,2.95,11.65,2
PureGlow Soaps International (Fictional Dummy Company),Global Manufacturing Head - PureGlow Soaps,Australia,Fiji,Lautoka,FCT035,Lautoka Soap Plant,LN0105,Line-3,2026-07-04 02:00:00,2026-07-04,2,Night,Charcoal Bar Soap,1.08,60.0,6.0,Power Outage,54.0,65,59,3,56,4.34,94.92,90.77,90.0,101.17,86.43,6.07,16.59,2
PureGlow Soaps International (Fictional Dummy Company),Global Manufacturing Head - PureGlow Soaps,Australia,Fiji,Lautoka,FCT035,Lautoka Soap Plant,LN0103,Line-1,2026-07-04 03:00:00,2026-07-04,3,Night,Lavender Bar Soap,1.04,60.0,0.8,No Downtime,59.2,62,52,2,50,3.05,96.15,83.87,98.67,84.46,80.13,4.99,34.1,2
PureGlow Soaps International (Fictional Dummy Company),Global Manufacturing Head - PureGlow Soaps,Australia,Fiji,Lautoka,FCT035,Lautoka Soap Plant,LN0104,Line-2,2026-07-04 03:00:00,2026-07-04,3,Night,Charcoal Bar Soap,1.24,60.0,0.7,No Downtime,59.3,74,71,1,70,1.45,98.59,95.95,98.83,96.56,94.08,6.45,26.16,2
PureGlow Soaps International (Fictional Dummy Company),Global Manufacturing Head - PureGlow Soaps,Australia,Fiji,Lautoka,FCT035,Lautoka Soap Plant,LN0105,Line-3,2026-07-04 03:00:00,2026-07-04,3,Night,Charcoal Bar Soap,1.08,60.0,12.4,Quality Hold,47.6,65,44,5,39,10.6,88.64,67.69,79.33,85.59,60.19,4.03,14.79,2
PureGlow Soaps International (Fictional Dummy Company),Global Manufacturing Head - PureGlow Soaps,Australia,Fiji,Lautoka,FCT035,Lautoka Soap Plant,LN0103,Line-1,2026-07-04 04:00:00,2026-07-04,4,Night,Lavender Bar Soap,1.04,60.0,31.0,Material Shortage,29.0,62,27,0,27,1.7,100.0,43.55,48.33,89.52,43.27,2.66,17.83,3
PureGlow Soaps International (Fictional Dummy Company),Global Manufacturing Head - PureGlow Soaps,Australia,Fiji,Lautoka,FCT035,Lautoka Soap Plant,LN0104,Line-2,2026-07-04 04:00:00,2026-07-04,4,Night,Charcoal Bar Soap,1.24,60.0,0.3,No Downtime,59.7,74,67,1,66,2.09,98.51,90.54,99.5,90.51,88.72,6.39,23.84,3
PureGlow Soaps International (Fictional Dummy Company),Global Manufacturing Head - PureGlow Soaps,Australia,Fiji,Lautoka,FCT035,Lautoka Soap Plant,LN0105,Line-3,2026-07-04 04:00:00,2026-07-04,4,Night,Charcoal Bar Soap,1.08,60.0,11.8,Staff Shortage,48.2,65,43,1,42,2.77,97.67,66.15,80.33,82.6,64.81,4.01,14.54,2
PureGlow Soaps International (Fictional Dummy Company),Global Manufacturing Head - PureGlow Soaps,Australia,Fiji,Lautoka,FCT035,Lautoka Soap Plant,LN0103,Line-1,2026-07-04 05:00:00,2026-07-04,5,Night,Lavender Bar Soap,1.04,60.0,19.9,Changeover/Setup,40.1,62,40,1,39,2.9,97.5,64.52,66.83,95.91,62.49,3.86,22.3,2
PureGlow Soaps International (Fictional Dummy Company),Global Manufacturing Head - PureGlow Soaps,Australia,Fiji,Lautoka,FCT035,Lautoka Soap Plant,LN0104,Line-2,2026-07-04 05:00:00,2026-07-04,5,Night,Charcoal Bar Soap,1.24,60.0,12.8,Changeover/Setup,47.2,74,50,1,49,2.47,98.0,67.57,78.67,85.43,65.86,4.76,17.79,3
PureGlow Soaps International (Fictional Dummy Company),Global Manufacturing Head - PureGlow Soaps,Australia,Fiji,Lautoka,FCT035,Lautoka Soap Plant,LN0105,Line-3,2026-07-04 05:00:00,2026-07-04,5,Night,Charcoal Bar Soap,1.08,60.0,19.2,Machine Breakdown,40.8,65,39,1,38,3.52,97.44,60.0,68.0,88.51,58.65,3.6,12.86,1
PureGlow Soaps International (Fictional Dummy Company),Global Manufacturing Head - PureGlow Soaps,Australia,Fiji,Lautoka,FCT035,Lautoka Soap Plant,LN0103,Line-1,2026-07-04 06:00:00,2026-07-04,6,Morning,Lavender Bar Soap,1.04,60.0,3.0,No Downtime,57.0,62,52,2,50,4.24,96.15,83.87,95.0,87.72,80.13,4.53,35.91,2
PureGlow Soaps International (Fictional Dummy Company),Global Manufacturing Head - PureGlow Soaps,Australia,Fiji,Lautoka,FCT035,Lautoka Soap Plant,LN0104,Line-2,2026-07-04 06:00:00,2026-07-04,6,Morning,Charcoal Bar Soap,1.24,60.0,21.1,Machine Breakdown,38.9,74,42,1,41,3.05,97.62,56.76,64.83,87.07,55.1,3.79,16.15,1
PureGlow Soaps International (Fictional Dummy Company),Global Manufacturing Head - PureGlow Soaps,Australia,Fiji,Lautoka,FCT035,Lautoka Soap Plant,LN0105,Line-3,2026-07-04 06:00:00,2026-07-04,6,Morning,Charcoal Bar Soap,1.08,60.0,22.3,Power Outage,37.7,65,36,1,35,3.67,97.22,55.38,62.83,88.42,54.01,3.6,12.01,1
PureGlow Soaps International (Fictional Dummy Company),Global Manufacturing Head - PureGlow Soaps,Australia,Fiji,Lautoka,FCT035,Lautoka Soap Plant,LN0103,Line-1,2026-07-04 07:00:00,2026-07-04,7,Morning,Lavender Bar Soap,1.04,60.0,7.5,Power Outage,52.5,62,46,1,45,2.86,97.83,74.19,87.5,84.25,72.12,4.4,29.66,1
PureGlow Soaps International (Fictional Dummy Company),Global Manufacturing Head - PureGlow Soaps,Australia,Fiji,Lautoka,FCT035,Lautoka Soap Plant,LN0104,Line-2,2026-07-04 07:00:00,2026-07-04,7,Morning,Charcoal Bar Soap,1.24,60.0,13.1,Staff Shortage,46.9,74,54,0,54,0.0,100.0,72.97,78.17,92.85,72.58,4.62,19.16,3
PureGlow Soaps International (Fictional Dummy Company),Global Manufacturing Head - PureGlow Soaps,Australia,Fiji,Lautoka,FCT035,Lautoka Soap Plant,LN0105,Line-3,2026-07-04 07:00:00,2026-07-04,7,Morning,Charcoal Bar Soap,1.08,60.0,22.8,Material Shortage,37.2,65,39,1,38,1.34,97.44,60.0,62.0,97.07,58.64,4.04,11.77,1
PureGlow Soaps International (Fictional Dummy Company),Global Manufacturing Head - PureGlow Soaps,Australia,Fiji,Lautoka,FCT035,Lautoka Soap Plant,LN0103,Line-1,2026-07-04 08:00:00,2026-07-04,8,Morning,Lavender Bar Soap,1.04,60.0,2.2,No Downtime,57.8,62,57,2,55,3.79,96.49,91.94,96.33,94.82,88.13,5.93,35.92,2
PureGlow Soaps International (Fictional Dummy Company),Global Manufacturing Head - PureGlow Soaps,Australia,Fiji,Lautoka,FCT035,Lautoka Soap Plant,LN0104,Line-2,2026-07-04 08:00:00,2026-07-04,8,Morning,Charcoal Bar Soap,1.24,60.0,36.8,Preventive Maintenance,23.2,74,25,1,24,3.05,96.0,33.78,38.67,86.9,32.26,2.15,9.67,1
PureGlow Soaps International (Fictional Dummy Company),Global Manufacturing Head - PureGlow Soaps,Australia,Fiji,Lautoka,FCT035,Lautoka Soap Plant,LN0105,Line-3,2026-07-04 08:00:00,2026-07-04,8,Morning,Charcoal Bar Soap,1.08,60.0,15.6,Changeover/Setup,44.4,65,46,1,45,3.21,97.83,70.77,74.0,95.93,69.45,4.48,14.08,2
PureGlow Soaps International (Fictional Dummy Company),Global Manufacturing Head - PureGlow Soaps,Australia,Fiji,Lautoka,FCT035,Lautoka Soap Plant,LN0103,Line-1,2026-07-04 09:00:00,2026-07-04,9,Morning,Lavender Bar Soap,1.04,60.0,16.2,Machine Breakdown,43.8,62,40,1,39,2.11,97.5,64.52,73.0,87.81,62.5,3.81,28.59,3
PureGlow Soaps International (Fictional Dummy Company),Global Manufacturing Head - PureGlow Soaps,Australia,Fiji,Lautoka,FCT035,Lautoka Soap Plant,LN0104,Line-2,2026-07-04 09:00:00,2026-07-04,9,Morning,Charcoal Bar Soap,1.24,60.0,0.3,No Downtime,59.7,74,74,3,71,3.98,95.95,100.0,99.5,99.96,95.43,7.57,23.42,1
PureGlow Soaps International (Fictional Dummy Company),Global Manufacturing Head - PureGlow Soaps,Australia,Fiji,Lautoka,FCT035,Lautoka Soap Plant,LN0105,Line-3,2026-07-04 09:00:00,2026-07-04,9,Morning,Charcoal Bar Soap,1.08,60.0,30.9,Machine Breakdown,29.1,65,26,0,26,1.62,100.0,40.0,48.5,82.73,40.12,2.69,9.51,3
PureGlow Soaps International (Fictional Dummy Company),Global Manufacturing Head - PureGlow Soaps,Australia,Fiji,Lautoka,FCT035,Lautoka Soap Plant,LN0103,Line-1,2026-07-04 10:00:00,2026-07-04,10,Morning,Lavender Bar Soap,1.04,60.0,5.2,Changeover/Setup,54.8,62,56,3,53,5.26,94.64,90.32,91.33,98.26,84.93,5.27,31.92,1
PureGlow Soaps International (Fictional Dummy Company),Global Manufacturing Head - PureGlow Soaps,Australia,Fiji,Lautoka,FCT035,Lautoka Soap Plant,LN0104,Line-2,2026-07-04 10:00:00,2026-07-04,10,Morning,Charcoal Bar Soap,1.24,60.0,37.3,Machine Breakdown,22.7,74,26,1,25,2.91,96.15,35.14,37.83,92.37,33.6,2.84,9.69,1
PureGlow Soaps International (Fictional Dummy Company),Global Manufacturing Head - PureGlow Soaps,Australia,Fiji,Lautoka,FCT035,Lautoka Soap Plant,LN0105,Line-3,2026-07-04 10:00:00,2026-07-04,10,Morning,Charcoal Bar Soap,1.08,60.0,3.8,No Downtime,56.2,65,62,3,59,4.59,95.16,95.38,93.67,102.15,91.05,5.74,18.72,1
PureGlow Soaps International (Fictional Dummy Company),Global Manufacturing Head - PureGlow Soaps,Australia,Fiji,Lautoka,FCT035,Lautoka Soap Plant,LN0103,Line-1,2026-07-04 11:00:00,2026-07-04,11,Morning,Lavender Bar Soap,1.04,60.0,30.2,Material Shortage,29.8,62,25,1,24,2.83,96.0,40.32,49.67,80.67,38.47,2.61,19.02,2
PureGlow Soaps International (Fictional Dummy Company),Global Manufacturing Head - PureGlow Soaps,Australia,Fiji,Lautoka,FCT035,Lautoka Soap Plant,LN0104,Line-2,2026-07-04 11:00:00,2026-07-04,11,Morning,Charcoal Bar Soap,1.24,60.0,24.5,Power Outage,35.5,74,36,1,35,2.9,97.22,48.65,59.17,81.78,47.04,3.92,13.42,1
PureGlow Soaps International (Fictional Dummy Company),Global Manufacturing Head - PureGlow Soaps,Australia,Fiji,Lautoka,FCT035,Lautoka Soap Plant,LN0105,Line-3,2026-07-04 11:00:00,2026-07-04,11,Morning,Charcoal Bar Soap,1.08,60.0,12.1,Machine Breakdown,47.9,65,46,1,45,2.26,97.83,70.77,79.83,88.92,69.44,4.56,14.28,2
PureGlow Soaps International (Fictional Dummy Company),Global Manufacturing Head - PureGlow Soaps,Australia,Fiji,Lautoka,FCT035,Lautoka Soap Plant,LN0103,Line-1,2026-07-04 12:00:00,2026-07-04,12,Morning,Lavender Bar Soap,1.04,60.0,0.5,No Downtime,59.5,62,50,1,49,2.75,98.0,80.65,99.17,80.8,78.53,4.62,34.79,3
PureGlow Soaps International (Fictional Dummy Company),Global Manufacturing Head - PureGlow Soaps,Australia,Fiji,Lautoka,FCT035,Lautoka Soap Plant,LN0104,Line-2,2026-07-04 12:00:00,2026-07-04,12,Morning,Charcoal Bar Soap,1.24,60.0,22.7,Preventive Maintenance,37.3,74,47,2,45,4.79,95.74,63.51,62.17,101.62,60.49,4.71,17.0,3
PureGlow Soaps International (Fictional Dummy Company),Global Manufacturing Head - PureGlow Soaps,Australia,Fiji,Lautoka,FCT035,Lautoka Soap Plant,LN0105,Line-3,2026-07-04 12:00:00,2026-07-04,12,Morning,Charcoal Bar Soap,1.08,60.0,16.4,Machine Breakdown,43.6,65,44,1,43,2.5,97.73,67.69,72.67,93.44,66.36,4.2,14.22,2
PureGlow Soaps International (Fictional Dummy Company),Global Manufacturing Head - PureGlow Soaps,Australia,Fiji,Lautoka,FCT035,Lautoka Soap Plant,LN0103,Line-1,2026-07-04 13:00:00,2026-07-04,13,Morning,Lavender Bar Soap,1.04,60.0,13.5,Quality Hold,46.5,62,49,4,45,8.7,91.84,79.03,77.5,101.32,72.12,4.87,29.62,3
PureGlow Soaps International (Fictional Dummy Company),Global Manufacturing Head - PureGlow Soaps,Australia,Fiji,Lautoka,FCT035,Lautoka Soap Plant,LN0104,Line-2,2026-07-04 13:00:00,2026-07-04,13,Morning,Charcoal Bar Soap,1.24,60.0,14.2,Material Shortage,45.8,74,57,3,54,4.53,94.74,77.03,76.33,100.37,72.58,5.37,17.68,3
PureGlow Soaps International (Fictional Dummy Company),Global Manufacturing Head - PureGlow Soaps,Australia,Fiji,Lautoka,FCT035,Lautoka Soap Plant,LN0105,Line-3,2026-07-04 13:00:00,2026-07-04,13,Morning,Charcoal Bar Soap,1.08,60.0,25.1,Machine Breakdown,34.9,65,34,0,34,1.23,100.0,52.31,58.17,90.2,52.47,3.36,11.85,1
PureGlow Soaps International (Fictional Dummy Company),Global Manufacturing Head - PureGlow Soaps,Australia,Fiji,Lautoka,FCT035,Lautoka Soap Plant,LN0103,Line-1,2026-07-04 14:00:00,2026-07-04,14,Afternoon,Lavender Bar Soap,1.04,60.0,15.9,Quality Hold,44.1,62,47,5,42,9.87,89.36,75.81,73.5,102.48,67.31,4.67,29.13,1
PureGlow Soaps International (Fictional Dummy Company),Global Manufacturing Head - PureGlow Soaps,Australia,Fiji,Lautoka,FCT035,Lautoka Soap Plant,LN0104,Line-2,2026-07-04 14:00:00,2026-07-04,14,Afternoon,Charcoal Bar Soap,1.24,60.0,10.3,Changeover/Setup,49.7,74,58,2,56,2.7,96.55,78.38,82.83,94.11,75.26,6.16,22.33,3
PureGlow Soaps International (Fictional Dummy Company),Global Manufacturing Head - PureGlow Soaps,Australia,Fiji,Lautoka,FCT035,Lautoka Soap Plant,LN0105,Line-3,2026-07-04 14:00:00,2026-07-04,14,Afternoon,Charcoal Bar Soap,1.08,60.0,11.1,Changeover/Setup,48.9,65,46,2,44,3.57,95.65,70.77,81.5,87.1,67.9,4.39,16.68,1
PureGlow Soaps International (Fictional Dummy Company),Global Manufacturing Head - PureGlow Soaps,Australia,Fiji,Lautoka,FCT035,Lautoka Soap Plant,LN0103,Line-1,2026-07-04 15:00:00,2026-07-04,15,Afternoon,Lavender Bar Soap,1.04,60.0,18.5,Machine Breakdown,41.5,62,42,1,41,2.78,97.62,67.74,69.17,97.31,65.71,3.96,24.4,2
PureGlow Soaps International (Fictional Dummy Company),Global Manufacturing Head - PureGlow Soaps,Australia,Fiji,Lautoka,FCT035,Lautoka Soap Plant,LN0104,Line-2,2026-07-04 15:00:00,2026-07-04,15,Afternoon,Charcoal Bar Soap,1.24,60.0,2.9,No Downtime,57.1,74,62,2,60,3.51,96.77,83.78,95.17,87.57,80.65,6.05,23.53,2
PureGlow Soaps International (Fictional Dummy Company),Global Manufacturing Head - PureGlow Soaps,Australia,Fiji,Lautoka,FCT035,Lautoka Soap Plant,LN0105,Line-3,2026-07-04 15:00:00,2026-07-04,15,Afternoon,Charcoal Bar Soap,1.08,60.0,7.3,Changeover/Setup,52.7,65,48,1,47,3.06,97.92,73.85,87.83,84.33,72.53,4.66,18.8,1
PureGlow Soaps International (Fictional Dummy Company),Global Manufacturing Head - PureGlow Soaps,Australia,Fiji,Lautoka,FCT035,Lautoka Soap Plant,LN0103,Line-1,2026-07-04 16:00:00,2026-07-04,16,Afternoon,Lavender Bar Soap,1.04,60.0,23.6,Machine Breakdown,36.4,62,38,2,36,4.4,94.74,61.29,60.67,100.38,57.7,3.69,20.74,2
PureGlow Soaps International (Fictional Dummy Company),Global Manufacturing Head - PureGlow Soaps,Australia,Fiji,Lautoka,FCT035,Lautoka Soap Plant,LN0104,Line-2,2026-07-04 16:00:00,2026-07-04,16,Afternoon,Charcoal Bar Soap,1.24,60.0,15.9,Changeover/Setup,44.1,74,55,2,53,3.57,96.36,74.32,73.5,100.58,71.24,4.86,17.15,2
PureGlow Soaps International (Fictional Dummy Company),Global Manufacturing Head - PureGlow Soaps,Australia,Fiji,Lautoka,FCT035,Lautoka Soap Plant,LN0105,Line-3,2026-07-04 16:00:00,2026-07-04,16,Afternoon,Charcoal Bar Soap,1.08,60.0,22.0,Machine Breakdown,38.0,65,34,0,34,0.11,100.0,52.31,63.33,82.85,52.47,3.11,13.26,1
PureGlow Soaps International (Fictional Dummy Company),Global Manufacturing Head - PureGlow Soaps,Australia,Fiji,Lautoka,FCT035,Lautoka Soap Plant,LN0103,Line-1,2026-07-04 17:00:00,2026-07-04,17,Afternoon,Lavender Bar Soap,1.04,60.0,32.9,Machine Breakdown,27.1,62,23,1,22,2.76,95.65,37.1,45.17,81.61,35.26,2.27,16.93,1
PureGlow Soaps International (Fictional Dummy Company),Global Manufacturing Head - PureGlow Soaps,Australia,Fiji,Lautoka,FCT035,Lautoka Soap Plant,LN0104,Line-2,2026-07-04 17:00:00,2026-07-04,17,Afternoon,Charcoal Bar Soap,1.24,60.0,25.3,Machine Breakdown,34.7,74,42,1,41,1.85,97.62,56.76,57.83,97.61,55.1,4.0,13.74,1
PureGlow Soaps International (Fictional Dummy Company),Global Manufacturing Head - PureGlow Soaps,Australia,Fiji,Lautoka,FCT035,Lautoka Soap Plant,LN0105,Line-3,2026-07-04 17:00:00,2026-07-04,17,Afternoon,Charcoal Bar Soap,1.08,60.0,31.9,Machine Breakdown,28.1,65,29,2,27,5.38,93.1,44.62,46.83,95.56,41.66,2.74,8.27,1
PureGlow Soaps International (Fictional Dummy Company),Global Manufacturing Head - PureGlow Soaps,Australia,Fiji,Lautoka,FCT035,Lautoka Soap Plant,LN0103,Line-1,2026-07-04 18:00:00,2026-07-04,18,Afternoon,Lavender Bar Soap,1.04,60.0,5.1,Quality Hold,54.9,62,49,4,45,8.38,91.84,79.03,91.5,85.82,72.12,5.14,29.82,2
PureGlow Soaps International (Fictional Dummy Company),Global Manufacturing Head - PureGlow Soaps,Australia,Fiji,Lautoka,FCT035,Lautoka Soap Plant,LN0104,Line-2,2026-07-04 18:00:00,2026-07-04,18,Afternoon,Charcoal Bar Soap,1.24,60.0,28.7,Machine Breakdown,31.3,74,33,1,32,1.93,96.97,44.59,52.17,85.03,43.02,2.85,11.98,2
PureGlow Soaps International (Fictional Dummy Company),Global Manufacturing Head - PureGlow Soaps,Australia,Fiji,Lautoka,FCT035,Lautoka Soap Plant,LN0105,Line-3,2026-07-04 18:00:00,2026-07-04,18,Afternoon,Charcoal Bar Soap,1.08,60.0,39.7,Preventive Maintenance,20.3,65,19,1,18,3.05,94.74,29.23,33.83,86.66,27.77,1.66,6.93,2
PureGlow Soaps International (Fictional Dummy Company),Global Manufacturing Head - PureGlow Soaps,Australia,Fiji,Lautoka,FCT035,Lautoka Soap Plant,LN0103,Line-1,2026-07-04 19:00:00,2026-07-04,19,Afternoon,Lavender Bar Soap,1.04,60.0,3.4,No Downtime,56.6,62,53,2,51,4.12,96.23,85.48,94.33,90.04,81.73,4.62,31.73,1
PureGlow Soaps International (Fictional Dummy Company),Global Manufacturing Head - PureGlow Soaps,Australia,Fiji,Lautoka,FCT035,Lautoka Soap Plant,LN0104,Line-2,2026-07-04 19:00:00,2026-07-04,19,Afternoon,Charcoal Bar Soap,1.24,60.0,3.0,No Downtime,57.0,74,64,4,60,5.64,93.75,86.49,95.0,90.55,80.65,6.65,24.7,2
PureGlow Soaps International (Fictional Dummy Company),Global Manufacturing Head - PureGlow Soaps,Australia,Fiji,Lautoka,FCT035,Lautoka Soap Plant,LN0105,Line-3,2026-07-04 19:00:00,2026-07-04,19,Afternoon,Charcoal Bar Soap,1.08,60.0,24.6,Material Shortage,35.4,65,34,1,33,1.53,97.06,52.31,59.0,88.93,50.93,3.59,12.09,2
PureGlow Soaps International (Fictional Dummy Company),Global Manufacturing Head - PureGlow Soaps,Australia,Fiji,Lautoka,FCT035,Lautoka Soap Plant,LN0103,Line-1,2026-07-04 20:00:00,2026-07-04,20,Afternoon,Lavender Bar Soap,1.04,60.0,3.7,No Downtime,56.3,62,50,1,49,2.45,98.0,80.65,93.83,85.39,78.52,5.19,34.1,1
PureGlow Soaps International (Fictional Dummy Company),Global Manufacturing Head - PureGlow Soaps,Australia,Fiji,Lautoka,FCT035,Lautoka Soap Plant,LN0104,Line-2,2026-07-04 20:00:00,2026-07-04,20,Afternoon,Charcoal Bar Soap,1.24,60.0,33.2,Preventive Maintenance,26.8,74,30,1,29,1.8,96.67,40.54,44.67,90.27,38.98,2.59,10.7,2
PureGlow Soaps International (Fictional Dummy Company),Global Manufacturing Head - PureGlow Soaps,Australia,Fiji,Lautoka,FCT035,Lautoka Soap Plant,LN0105,Line-3,2026-07-04 20:00:00,2026-07-04,20,Afternoon,Charcoal Bar Soap,1.08,60.0,3.7,No Downtime,56.3,65,62,1,61,0.83,98.39,95.38,93.83,101.97,94.14,6.15,18.48,3
PureGlow Soaps International (Fictional Dummy Company),Global Manufacturing Head - PureGlow Soaps,Australia,Fiji,Lautoka,FCT035,Lautoka Soap Plant,LN0103,Line-1,2026-07-04 21:00:00,2026-07-04,21,Afternoon,Lavender Bar Soap,1.04,60.0,3.8,No Downtime,56.2,62,53,2,51,3.67,96.23,85.48,93.67,90.68,81.74,4.68,36.67,2
PureGlow Soaps International (Fictional Dummy Company),Global Manufacturing Head - PureGlow Soaps,Australia,Fiji,Lautoka,FCT035,Lautoka Soap Plant,LN0104,Line-2,2026-07-04 21:00:00,2026-07-04,21,Afternoon,Charcoal Bar Soap,1.24,60.0,0.9,No Downtime,59.1,74,64,1,63,1.18,98.44,86.49,98.5,87.33,84.68,5.58,25.15,1
PureGlow Soaps International (Fictional Dummy Company),Global Manufacturing Head - PureGlow Soaps,Australia,Fiji,Lautoka,FCT035,Lautoka Soap Plant,LN0105,Line-3,2026-07-04 21:00:00,2026-07-04,21,Afternoon,Charcoal Bar Soap,1.08,60.0,15.0,Changeover/Setup,45.0,65,44,1,43,2.59,97.73,67.69,75.0,90.53,66.36,4.5,13.83,1
PureGlow Soaps International (Fictional Dummy Company),Global Manufacturing Head - PureGlow Soaps,Australia,Fiji,Lautoka,FCT035,Lautoka Soap Plant,LN0103,Line-1,2026-07-04 22:00:00,2026-07-04,22,Night,Lavender Bar Soap,1.04,60.0,15.9,Machine Breakdown,44.1,62,44,1,43,2.13,97.73,70.97,73.5,95.94,68.92,4.24,24.73,3
PureGlow Soaps International (Fictional Dummy Company),Global Manufacturing Head - PureGlow Soaps,Australia,Fiji,Lautoka,FCT035,Lautoka Soap Plant,LN0104,Line-2,2026-07-04 22:00:00,2026-07-04,22,Night,Charcoal Bar Soap,1.24,60.0,19.6,Preventive Maintenance,40.4,74,50,1,49,2.59,98.0,67.57,67.33,99.81,65.86,4.32,16.93,2
PureGlow Soaps International (Fictional Dummy Company),Global Manufacturing Head - PureGlow Soaps,Australia,Fiji,Lautoka,FCT035,Lautoka Soap Plant,LN0105,Line-3,2026-07-04 22:00:00,2026-07-04,22,Night,Charcoal Bar Soap,1.08,60.0,19.6,Material Shortage,40.4,65,41,3,38,6.11,92.68,63.08,67.33,93.97,58.64,4.4,11.83,2
PureGlow Soaps International (Fictional Dummy Company),Global Manufacturing Head - PureGlow Soaps,Australia,Fiji,Lautoka,FCT035,Lautoka Soap Plant,LN0103,Line-1,2026-07-04 23:00:00,2026-07-04,23,Night,Lavender Bar Soap,1.04,60.0,0.4,No Downtime,59.6,62,58,0,58,0.67,100.0,93.55,99.33,93.57,92.94,6.1,39.52,1
PureGlow Soaps International (Fictional Dummy Company),Global Manufacturing Head - PureGlow Soaps,Australia,Fiji,Lautoka,FCT035,Lautoka Soap Plant,LN0104,Line-2,2026-07-04 23:00:00,2026-07-04,23,Night,Charcoal Bar Soap,1.24,60.0,17.4,Machine Breakdown,42.6,74,51,1,50,2.69,98.04,68.92,71.0,96.55,67.21,5.46,18.26,2
PureGlow Soaps International (Fictional Dummy Company),Global Manufacturing Head - PureGlow Soaps,Australia,Fiji,Lautoka,FCT035,Lautoka Soap Plant,LN0105,Line-3,2026-07-04 23:00:00,2026-07-04,23,Night,Charcoal Bar Soap,1.08,60.0,2.1,No Downtime,57.9,65,59,1,58,2.23,98.31,90.77,96.5,94.35,89.51,5.48,19.29,1
PureGlow Soaps International (Fictional Dummy Company),Global Manufacturing Head - PureGlow Soaps,Australia,Fiji,Lautoka,FCT035,Lautoka Soap Plant,LN0103,Line-1,2026-07-05 00:00:00,2026-07-05,0,Night,Lavender Bar Soap,1.04,60.0,2.6,No Downtime,57.4,62,50,0,50,0.72,100.0,80.65,95.67,83.76,80.13,4.69,32.31,2
PureGlow Soaps International (Fictional Dummy Company),Global Manufacturing Head - PureGlow Soaps,Australia,Fiji,Lautoka,FCT035,Lautoka Soap Plant,LN0104,Line-2,2026-07-05 00:00:00,2026-07-05,0,Night,Rose Bar Soap,1.24,60.0,13.8,Staff Shortage,46.2,74,54,1,53,2.74,98.15,72.97,77.0,94.26,71.24,4.75,20.43,1
PureGlow Soaps International (Fictional Dummy Company),Global Manufacturing Head - PureGlow Soaps,Australia,Fiji,Lautoka,FCT035,Lautoka Soap Plant,LN0105,Line-3,2026-07-05 00:00:00,2026-07-05,0,Night,Coconut Bar Soap,1.08,60.0,10.6,Material Shortage,49.4,65,47,0,47,0.53,100.0,72.31,82.33,88.09,72.52,4.17,15.74,3
PureGlow Soaps International (Fictional Dummy Company),Global Manufacturing Head - PureGlow Soaps,Australia,Fiji,Lautoka,FCT035,Lautoka Soap Plant,LN0103,Line-1,2026-07-05 01:00:00,2026-07-05,1,Night,Lavender Bar Soap,1.04,60.0,23.4,Power Outage,36.6,62,38,1,37,2.69,97.37,61.29,61.0,99.83,59.29,3.83,23.8,2
PureGlow Soaps International (Fictional Dummy Company),Global Manufacturing Head - PureGlow Soaps,Australia,Fiji,Lautoka,FCT035,Lautoka Soap Plant,LN0104,Line-2,2026-07-05 01:00:00,2026-07-05,1,Night,Rose Bar Soap,1.24,60.0,16.1,Material Shortage,43.9,74,48,2,46,3.38,95.83,64.86,73.17,88.18,61.83,4.39,17.08,2
PureGlow Soaps International (Fictional Dummy Company),Global Manufacturing Head - PureGlow Soaps,Australia,Fiji,Lautoka,FCT035,Lautoka Soap Plant,LN0105,Line-3,2026-07-05 01:00:00,2026-07-05,1,Night,Coconut Bar Soap,1.08,60.0,17.8,Material Shortage,42.2,65,46,1,45,2.86,97.83,70.77,70.33,100.93,69.44,4.44,13.72,2
PureGlow Soaps International (Fictional Dummy Company),Global Manufacturing Head - PureGlow Soaps,Australia,Fiji,Lautoka,FCT035,Lautoka Soap Plant,LN0103,Line-1,2026-07-05 02:00:00,2026-07-05,2,Night,Lavender Bar Soap,1.04,60.0,0.4,No Downtime,59.6,62,59,2,57,3.94,96.61,95.16,99.33,95.19,91.35,6.24,32.7,1
PureGlow Soaps International (Fictional Dummy Company),Global Manufacturing Head - PureGlow Soaps,Australia,Fiji,Lautoka,FCT035,Lautoka Soap Plant,LN0104,Line-2,2026-07-05 02:00:00,2026-07-05,2,Night,Rose Bar Soap,1.24,60.0,11.3,Power Outage,48.7,74,59,1,58,2.48,98.31,79.73,81.17,97.7,77.96,6.37,18.73,1
PureGlow Soaps International (Fictional Dummy Company),Global Manufacturing Head - PureGlow Soaps,Australia,Fiji,Lautoka,FCT035,Lautoka Soap Plant,LN0105,Line-3,2026-07-05 02:00:00,2026-07-05,2,Night,Coconut Bar Soap,1.08,60.0,3.6,No Downtime,56.4,65,57,2,55,2.8,96.49,87.69,94.0,93.58,84.88,5.64,16.64,3
PureGlow Soaps International (Fictional Dummy Company),Global Manufacturing Head - PureGlow Soaps,Australia,Fiji,Lautoka,FCT035,Lautoka Soap Plant,LN0103,Line-1,2026-07-05 03:00:00,2026-07-05,3,Night,Lavender Bar Soap,1.04,60.0,19.8,Changeover/Setup,40.2,62,37,1,36,2.07,97.3,59.68,67.0,88.5,57.69,3.76,25.45,1
PureGlow Soaps International (Fictional Dummy Company),Global Manufacturing Head - PureGlow Soaps,Australia,Fiji,Lautoka,FCT035,Lautoka Soap Plant,LN0104,Line-2,2026-07-05 03:00:00,2026-07-05,3,Night,Rose Bar Soap,1.24,60.0,32.2,Material Shortage,27.8,74,32,1,31,3.22,96.88,43.24,46.33,92.83,41.67,3.16,11.74,3
PureGlow Soaps International (Fictional Dummy Company),Global Manufacturing Head - PureGlow Soaps,Australia,Fiji,Lautoka,FCT035,Lautoka Soap Plant,LN0105,Line-3,2026-07-05 03:00:00,2026-07-05,3,Night,Coconut Bar Soap,1.08,60.0,3.5,No Downtime,56.5,65,58,2,56,3.39,96.55,89.23,94.17,95.05,86.42,5.16,17.36,3
PureGlow Soaps International (Fictional Dummy Company),Global Manufacturing Head - PureGlow Soaps,Australia,Fiji,Lautoka,FCT035,Lautoka Soap Plant,LN0103,Line-1,2026-07-05 04:00:00,2026-07-05,4,Night,Lavender Bar Soap,1.04,60.0,11.9,Material Shortage,48.1,62,49,2,47,3.51,95.92,79.03,80.17,97.95,75.32,4.99,26.21,1
PureGlow Soaps International (Fictional Dummy Company),Global Manufacturing Head - PureGlow Soaps,Australia,Fiji,Lautoka,FCT035,Lautoka Soap Plant,LN0104,Line-2,2026-07-05 04:00:00,2026-07-05,4,Night,Rose Bar Soap,1.24,60.0,1.8,No Downtime,58.2,74,63,0,63,0.0,100.0,85.14,97.0,87.3,84.68,5.9,26.45,3
PureGlow Soaps International (Fictional Dummy Company),Global Manufacturing Head - PureGlow Soaps,Australia,Fiji,Lautoka,FCT035,Lautoka Soap Plant,LN0105,Line-3,2026-07-05 04:00:00,2026-07-05,4,Night,Coconut Bar Soap,1.08,60.0,7.9,Quality Hold,52.1,65,58,5,53,7.97,91.38,89.23,86.83,103.08,81.79,5.12,16.03,3
PureGlow Soaps International (Fictional Dummy Company),Global Manufacturing Head - PureGlow Soaps,Australia,Fiji,Lautoka,FCT035,Lautoka Soap Plant,LN0103,Line-1,2026-07-05 05:00:00,2026-07-05,5,Night,Lavender Bar Soap,1.04,60.0,30.0,Preventive Maintenance,30.0,62,28,1,27,3.76,96.43,45.16,50.0,89.74,43.27,2.46,18.04,1
PureGlow Soaps International (Fictional Dummy Company),Global Manufacturing Head - PureGlow Soaps,Australia,Fiji,Lautoka,FCT035,Lautoka Soap Plant,LN0104,Line-2,2026-07-05 05:00:00,2026-07-05,5,Night,Rose Bar Soap,1.24,60.0,17.7,Changeover/Setup,42.3,74,50,2,48,4.02,96.0,67.57,70.5,95.33,64.52,4.78,16.06,2
PureGlow Soaps International (Fictional Dummy Company),Global Manufacturing Head - PureGlow Soaps,Australia,Fiji,Lautoka,FCT035,Lautoka Soap Plant,LN0105,Line-3,2026-07-05 05:00:00,2026-07-05,5,Night,Coconut Bar Soap,1.08,60.0,2.2,No Downtime,57.8,65,56,2,54,4.06,96.43,86.15,96.33,89.71,83.33,5.82,17.28,2
PureGlow Soaps International (Fictional Dummy Company),Global Manufacturing Head - PureGlow Soaps,Australia,Fiji,Lautoka,FCT035,Lautoka Soap Plant,LN0103,Line-1,2026-07-05 06:00:00,2026-07-05,6,Morning,Lavender Bar Soap,1.04,60.0,7.5,Changeover/Setup,52.5,62,51,2,49,4.54,96.08,82.26,87.5,93.41,78.53,4.7,32.34,1
PureGlow Soaps International (Fictional Dummy Company),Global Manufacturing Head - PureGlow Soaps,Australia,Fiji,Lautoka,FCT035,Lautoka Soap Plant,LN0104,Line-2,2026-07-05 06:00:00,2026-07-05,6,Morning,Rose Bar Soap,1.24,60.0,1.7,No Downtime,58.3,74,68,1,67,1.31,98.53,91.89,97.17,94.06,90.05,7.43,25.3,2
PureGlow Soaps International (Fictional Dummy Company),Global Manufacturing Head - PureGlow Soaps,Australia,Fiji,Lautoka,FCT035,Lautoka Soap Plant,LN0105,Line-3,2026-07-05 06:00:00,2026-07-05,6,Morning,Coconut Bar Soap,1.08,60.0,12.2,Changeover/Setup,47.8,65,42,1,41,2.8,97.62,64.62,79.67,81.36,63.28,4.03,16.25,3
PureGlow Soaps International (Fictional Dummy Company),Global Manufacturing Head - PureGlow Soaps,Australia,Fiji,Lautoka,FCT035,Lautoka Soap Plant,LN0103,Line-1,2026-07-05 07:00:00,2026-07-05,7,Morning,Lavender Bar Soap,1.04,60.0,3.8,No Downtime,56.2,62,54,0,54,0.43,100.0,87.1,93.67,92.39,86.54,5.42,36.55,3
PureGlow Soaps International (Fictional Dummy Company),Global Manufacturing Head - PureGlow Soaps,Australia,Fiji,Lautoka,FCT035,Lautoka Soap Plant,LN0104,Line-2,2026-07-05 07:00:00,2026-07-05,7,Morning,Rose Bar Soap,1.24,60.0,3.8,No Downtime,56.2,74,65,2,63,2.73,96.92,87.84,93.67,93.27,84.68,5.87,25.61,2
PureGlow Soaps International (Fictional Dummy Company),Global Manufacturing Head - PureGlow Soaps,Australia,Fiji,Lautoka,FCT035,Lautoka Soap Plant,LN0105,Line-3,2026-07-05 07:00:00,2026-07-05,7,Morning,Coconut Bar Soap,1.08,60.0,2.3,No Downtime,57.7,65,56,2,54,3.71,96.43,86.15,96.17,89.86,83.33,5.21,18.0,3
PureGlow Soaps International (Fictional Dummy Company),Global Manufacturing Head - PureGlow Soaps,Australia,Fiji,Lautoka,FCT035,Lautoka Soap Plant,LN0103,Line-1,2026-07-05 08:00:00,2026-07-05,8,Morning,Lavender Bar Soap,1.04,60.0,7.0,Staff Shortage,53.0,62,52,1,51,2.24,98.08,83.87,88.33,94.34,81.73,5.46,33.66,1
PureGlow Soaps International (Fictional Dummy Company),Global Manufacturing Head - PureGlow Soaps,Australia,Fiji,Lautoka,FCT035,Lautoka Soap Plant,LN0104,Line-2,2026-07-05 08:00:00,2026-07-05,8,Morning,Rose Bar Soap,1.24,60.0,16.5,Preventive Maintenance,43.5,74,53,3,50,5.36,94.34,71.62,72.5,98.26,67.21,4.92,17.0,2
PureGlow Soaps International (Fictional Dummy Company),Global Manufacturing Head - PureGlow Soaps,Australia,Fiji,Lautoka,FCT035,Lautoka Soap Plant,LN0105,Line-3,2026-07-05 08:00:00,2026-07-05,8,Morning,Coconut Bar Soap,1.08,60.0,36.3,Machine Breakdown,23.7,65,25,1,24,2.89,96.0,38.46,39.5,97.67,37.04,2.27,7.59,1
PureGlow Soaps International (Fictional Dummy Company),Global Manufacturing Head - PureGlow Soaps,Australia,Fiji,Lautoka,FCT035,Lautoka Soap Plant,LN0103,Line-1,2026-07-05 09:00:00,2026-07-05,9,Morning,Lavender Bar Soap,1.04,60.0,11.1,Machine Breakdown,48.9,62,46,1,45,2.11,97.83,74.19,81.5,90.45,72.12,4.49,28.4,1
PureGlow Soaps International (Fictional Dummy Company),Global Manufacturing Head - PureGlow Soaps,Australia,Fiji,Lautoka,FCT035,Lautoka Soap Plant,LN0104,Line-2,2026-07-05 09:00:00,2026-07-05,9,Morning,Rose Bar Soap,1.24,60.0,3.6,No Downtime,56.4,74,58,2,56,3.63,96.55,78.38,94.0,82.93,75.26,5.9,21.44,3
PureGlow Soaps International (Fictional Dummy Company),Global Manufacturing Head - PureGlow Soaps,Australia,Fiji,Lautoka,FCT035,Lautoka Soap Plant,LN0105,Line-3,2026-07-05 09:00:00,2026-07-05,9,Morning,Coconut Bar Soap,1.08,60.0,1.7,No Downtime,58.3,65,55,2,53,3.65,96.36,84.62,97.17,87.35,81.79,5.08,18.94,1
PureGlow Soaps International (Fictional Dummy Company),Global Manufacturing Head - PureGlow Soaps,Australia,Fiji,Lautoka,FCT035,Lautoka Soap Plant,LN0103,Line-1,2026-07-05 10:00:00,2026-07-05,10,Morning,Lavender Bar Soap,1.04,60.0,7.9,Changeover/Setup,52.1,62,47,1,46,2.06,97.87,75.81,86.83,86.74,73.71,4.9,32.33,1
PureGlow Soaps International (Fictional Dummy Company),Global Manufacturing Head - PureGlow Soaps,Australia,Fiji,Lautoka,FCT035,Lautoka Soap Plant,LN0104,Line-2,2026-07-05 10:00:00,2026-07-05,10,Morning,Rose Bar Soap,1.24,60.0,41.5,Machine Breakdown,18.5,74,21,0,21,1.24,100.0,28.38,30.83,91.54,28.22,2.12,7.91,1
PureGlow Soaps International (Fictional Dummy Company),Global Manufacturing Head - PureGlow Soaps,Australia,Fiji,Lautoka,FCT035,Lautoka Soap Plant,LN0105,Line-3,2026-07-05 10:00:00,2026-07-05,10,Morning,Coconut Bar Soap,1.08,60.0,30.1,Machine Breakdown,29.9,65,28,1,27,2.25,96.43,43.08,49.83,86.71,41.67,2.76,8.76,1
PureGlow Soaps International (Fictional Dummy Company),Global Manufacturing Head - PureGlow Soaps,Australia,Fiji,Lautoka,FCT035,Lautoka Soap Plant,LN0103,Line-1,2026-07-05 11:00:00,2026-07-05,11,Morning,Lavender Bar Soap,1.04,60.0,31.3,Material Shortage,28.7,62,27,1,26,2.03,96.3,43.55,47.83,90.46,41.67,2.51,16.52,1
PureGlow Soaps International (Fictional Dummy Company),Global Manufacturing Head - PureGlow Soaps,Australia,Fiji,Lautoka,FCT035,Lautoka Soap Plant,LN0104,Line-2,2026-07-05 11:00:00,2026-07-05,11,Morning,Rose Bar Soap,1.24,60.0,0.1,No Downtime,59.9,74,65,2,63,3.08,96.92,87.84,99.83,87.51,84.67,6.8,27.27,2
PureGlow Soaps International (Fictional Dummy Company),Global Manufacturing Head - PureGlow Soaps,Australia,Fiji,Lautoka,FCT035,Lautoka Soap Plant,LN0105,Line-3,2026-07-05 11:00:00,2026-07-05,11,Morning,Coconut Bar Soap,1.08,60.0,3.7,No Downtime,56.3,65,61,3,58,4.5,95.08,93.85,93.83,100.32,89.5,6.01,19.54,1
PureGlow Soaps International (Fictional Dummy Company),Global Manufacturing Head - PureGlow Soaps,Australia,Fiji,Lautoka,FCT035,Lautoka Soap Plant,LN0103,Line-1,2026-07-05 12:00:00,2026-07-05,12,Morning,Lavender Bar Soap,1.04,60.0,21.9,Machine Breakdown,38.1,62,38,1,37,2.48,97.37,61.29,63.5,95.9,59.29,3.5,22.83,3
PureGlow Soaps International (Fictional Dummy Company),Global Manufacturing Head - PureGlow Soaps,Australia,Fiji,Lautoka,FCT035,Lautoka Soap Plant,LN0104,Line-2,2026-07-05 12:00:00,2026-07-05,12,Morning,Rose Bar Soap,1.24,60.0,10.0,Staff Shortage,50.0,74,51,1,50,2.17,98.04,68.92,83.33,82.26,67.2,5.32,21.68,3
PureGlow Soaps International (Fictional Dummy Company),Global Manufacturing Head - PureGlow Soaps,Australia,Fiji,Lautoka,FCT035,Lautoka Soap Plant,LN0105,Line-3,2026-07-05 12:00:00,2026-07-05,12,Morning,Coconut Bar Soap,1.08,60.0,20.4,Preventive Maintenance,39.6,65,41,2,39,4.14,95.12,63.08,66.0,95.87,60.19,4.27,13.64,1
PureGlow Soaps International (Fictional Dummy Company),Global Manufacturing Head - PureGlow Soaps,Australia,Fiji,Lautoka,FCT035,Lautoka Soap Plant,LN0103,Line-1,2026-07-05 13:00:00,2026-07-05,13,Morning,Lavender Bar Soap,1.04,60.0,3.9,No Downtime,56.1,62,50,3,47,5.25,94.0,80.65,93.5,85.7,75.32,5.39,35.85,2
PureGlow Soaps International (Fictional Dummy Company),Global Manufacturing Head - PureGlow Soaps,Australia,Fiji,Lautoka,FCT035,Lautoka Soap Plant,LN0104,Line-2,2026-07-05 13:00:00,2026-07-05,13,Morning,Rose Bar Soap,1.24,60.0,20.1,Material Shortage,39.9,74,46,1,45,1.79,97.83,62.16,66.5,92.97,60.48,4.15,16.35,2
PureGlow Soaps International (Fictional Dummy Company),Global Manufacturing Head - PureGlow Soaps,Australia,Fiji,Lautoka,FCT035,Lautoka Soap Plant,LN0105,Line-3,2026-07-05 13:00:00,2026-07-05,13,Morning,Coconut Bar Soap,1.08,60.0,10.2,Quality Hold,49.8,65,51,4,47,8.71,92.16,78.46,83.0,94.82,72.53,5.09,16.26,3
PureGlow Soaps International (Fictional Dummy Company),Global Manufacturing Head - PureGlow Soaps,Australia,Fiji,Lautoka,FCT035,Lautoka Soap Plant,LN0103,Line-1,2026-07-05 14:00:00,2026-07-05,14,Afternoon,Lavender Bar Soap,1.04,60.0,16.6,Changeover/Setup,43.4,62,42,2,40,4.95,95.24,67.74,72.33,93.05,64.1,4.27,25.69,1
PureGlow Soaps International (Fictional Dummy Company),Global Manufacturing Head - PureGlow Soaps,Australia,Fiji,Lautoka,FCT035,Lautoka Soap Plant,LN0104,Line-2,2026-07-05 14:00:00,2026-07-05,14,Afternoon,Rose Bar Soap,1.24,60.0,16.7,Staff Shortage,43.3,74,47,1,46,2.79,97.87,63.51,72.17,87.54,61.83,4.52,17.67,2
PureGlow Soaps International (Fictional Dummy Company),Global Manufacturing Head - PureGlow Soaps,Australia,Fiji,Lautoka,FCT035,Lautoka Soap Plant,LN0105,Line-3,2026-07-05 14:00:00,2026-07-05,14,Afternoon,Coconut Bar Soap,1.08,60.0,5.5,Quality Hold,54.5,65,56,4,52,7.57,92.86,86.15,90.83,95.14,80.25,5.05,19.02,3
PureGlow Soaps International (Fictional Dummy Company),Global Manufacturing Head - PureGlow Soaps,Australia,Fiji,Lautoka,FCT035,Lautoka Soap Plant,LN0103,Line-1,2026-07-05 15:00:00,2026-07-05,15,Afternoon,Lavender Bar Soap,1.04,60.0,29.7,Machine Breakdown,30.3,62,28,1,27,3.56,96.43,45.16,50.5,88.86,43.27,2.4,17.2,1
PureGlow Soaps International (Fictional Dummy Company),Global Manufacturing Head - PureGlow Soaps,Australia,Fiji,Lautoka,FCT035,Lautoka Soap Plant,LN0104,Line-2,2026-07-05 15:00:00,2026-07-05,15,Afternoon,Rose Bar Soap,1.24,60.0,31.1,Material Shortage,28.9,74,34,1,33,3.48,97.06,45.95,48.17,94.88,44.36,3.21,11.05,2
PureGlow Soaps International (Fictional Dummy Company),Global Manufacturing Head - PureGlow Soaps,Australia,Fiji,Lautoka,FCT035,Lautoka Soap Plant,LN0105,Line-3,2026-07-05 15:00:00,2026-07-05,15,Afternoon,Coconut Bar Soap,1.08,60.0,12.0,Quality Hold,48.0,65,49,4,45,7.69,91.84,75.38,80.0,94.52,69.45,4.93,16.61,2
PureGlow Soaps International (Fictional Dummy Company),Global Manufacturing Head - PureGlow Soaps,Australia,Fiji,Lautoka,FCT035,Lautoka Soap Plant,LN0103,Line-1,2026-07-05 16:00:00,2026-07-05,16,Afternoon,Lavender Bar Soap,1.04,60.0,2.8,No Downtime,57.2,62,54,2,52,3.93,96.3,87.1,95.33,90.77,83.33,4.79,34.85,1
PureGlow Soaps International (Fictional Dummy Company),Global Manufacturing Head - PureGlow Soaps,Australia,Fiji,Lautoka,FCT035,Lautoka Soap Plant,LN0104,Line-2,2026-07-05 16:00:00,2026-07-05,16,Afternoon,Rose Bar Soap,1.24,60.0,1.8,No Downtime,58.2,74,73,0,73,0.0,100.0,98.65,97.0,101.15,98.12,6.4,22.6,2
PureGlow Soaps International (Fictional Dummy Company),Global Manufacturing Head - PureGlow Soaps,Australia,Fiji,Lautoka,FCT035,Lautoka Soap Plant,LN0105,Line-3,2026-07-05 16:00:00,2026-07-05,16,Afternoon,Coconut Bar Soap,1.08,60.0,18.0,Material Shortage,42.0,65,44,2,42,4.57,95.45,67.69,70.0,97.0,64.81,4.33,12.3,3
PureGlow Soaps International (Fictional Dummy Company),Global Manufacturing Head - PureGlow Soaps,Australia,Fiji,Lautoka,FCT035,Lautoka Soap Plant,LN0103,Line-1,2026-07-05 17:00:00,2026-07-05,17,Afternoon,Lavender Bar Soap,1.04,60.0,2.5,No Downtime,57.5,62,62,2,60,3.17,96.77,100.0,95.83,103.68,96.15,5.38,37.16,2
PureGlow Soaps International (Fictional Dummy Company),Global Manufacturing Head - PureGlow Soaps,Australia,Fiji,Lautoka,FCT035,Lautoka Soap Plant,LN0104,Line-2,2026-07-05 17:00:00,2026-07-05,17,Afternoon,Rose Bar Soap,1.24,60.0,1.4,No Downtime,58.6,74,65,1,64,2.0,98.46,87.84,97.67,89.45,86.02,5.87,25.81,3
PureGlow Soaps International (Fictional Dummy Company),Global Manufacturing Head - PureGlow Soaps,Australia,Fiji,Lautoka,FCT035,Lautoka Soap Plant,LN0105,Line-3,2026-07-05 17:00:00,2026-07-05,17,Afternoon,Coconut Bar Soap,1.08,60.0,6.2,Changeover/Setup,53.8,65,58,0,58,0.72,100.0,89.23,89.67,99.82,89.51,5.2,18.35,3
PureGlow Soaps International (Fictional Dummy Company),Global Manufacturing Head - PureGlow Soaps,Australia,Fiji,Lautoka,FCT035,Lautoka Soap Plant,LN0103,Line-1,2026-07-05 18:00:00,2026-07-05,18,Afternoon,Lavender Bar Soap,1.04,60.0,27.4,Power Outage,32.6,62,31,1,30,4.12,96.77,50.0,54.33,91.43,48.07,3.33,20.98,2
PureGlow Soaps International (Fictional Dummy Company),Global Manufacturing Head - PureGlow Soaps,Australia,Fiji,Lautoka,FCT035,Lautoka Soap Plant,LN0104,Line-2,2026-07-05 18:00:00,2026-07-05,18,Afternoon,Rose Bar Soap,1.24,60.0,1.7,No Downtime,58.3,74,60,3,57,4.63,95.0,81.08,97.17,83.0,76.62,5.46,23.32,1
PureGlow Soaps International (Fictional Dummy Company),Global Manufacturing Head - PureGlow Soaps,Australia,Fiji,Lautoka,FCT035,Lautoka Soap Plant,LN0105,Line-3,2026-07-05 18:00:00,2026-07-05,18,Afternoon,Coconut Bar Soap,1.08,60.0,3.6,No Downtime,56.4,65,53,0,53,0.65,100.0,81.54,94.0,87.01,81.79,5.09,18.51,2
PureGlow Soaps International (Fictional Dummy Company),Global Manufacturing Head - PureGlow Soaps,Australia,Fiji,Lautoka,FCT035,Lautoka Soap Plant,LN0103,Line-1,2026-07-05 19:00:00,2026-07-05,19,Afternoon,Lavender Bar Soap,1.04,60.0,4.0,No Downtime,56.0,62,59,0,59,0.64,100.0,95.16,93.33,101.3,94.54,6.4,37.03,2
PureGlow Soaps International (Fictional Dummy Company),Global Manufacturing Head - PureGlow Soaps,Australia,Fiji,Lautoka,FCT035,Lautoka Soap Plant,LN0104,Line-2,2026-07-05 19:00:00,2026-07-05,19,Afternoon,Rose Bar Soap,1.24,60.0,0.8,No Downtime,59.2,74,59,3,56,4.46,94.92,79.73,98.67,80.37,75.27,6.12,22.56,1
PureGlow Soaps International (Fictional Dummy Company),Global Manufacturing Head - PureGlow Soaps,Australia,Fiji,Lautoka,FCT035,Lautoka Soap Plant,LN0105,Line-3,2026-07-05 19:00:00,2026-07-05,19,Afternoon,Coconut Bar Soap,1.08,60.0,27.6,Preventive Maintenance,32.4,65,28,0,28,1.21,100.0,43.08,54.0,80.02,43.21,2.77,10.03,1
PureGlow Soaps International (Fictional Dummy Company),Global Manufacturing Head - PureGlow Soaps,Australia,Fiji,Lautoka,FCT035,Lautoka Soap Plant,LN0103,Line-1,2026-07-05 20:00:00,2026-07-05,20,Afternoon,Lavender Bar Soap,1.04,60.0,12.8,Staff Shortage,47.2,62,49,1,48,2.74,97.96,79.03,78.67,99.82,76.93,4.64,26.34,3
PureGlow Soaps International (Fictional Dummy Company),Global Manufacturing Head - PureGlow Soaps,Australia,Fiji,Lautoka,FCT035,Lautoka Soap Plant,LN0104,Line-2,2026-07-05 20:00:00,2026-07-05,20,Afternoon,Rose Bar Soap,1.24,60.0,17.0,Changeover/Setup,43.0,74,46,1,45,2.89,97.83,62.16,71.67,86.27,60.49,4.37,19.41,3
PureGlow Soaps International (Fictional Dummy Company),Global Manufacturing Head - PureGlow Soaps,Australia,Fiji,Lautoka,FCT035,Lautoka Soap Plant,LN0105,Line-3,2026-07-05 20:00:00,2026-07-05,20,Afternoon,Coconut Bar Soap,1.08,60.0,14.3,Changeover/Setup,45.7,65,41,1,40,3.33,97.56,63.08,76.17,83.07,61.73,4.36,15.23,3
PureGlow Soaps International (Fictional Dummy Company),Global Manufacturing Head - PureGlow Soaps,Australia,Fiji,Lautoka,FCT035,Lautoka Soap Plant,LN0103,Line-1,2026-07-05 21:00:00,2026-07-05,21,Afternoon,Lavender Bar Soap,1.04,60.0,15.6,Machine Breakdown,44.4,62,45,2,43,3.7,95.56,72.58,74.0,97.45,68.91,4.81,27.11,1
PureGlow Soaps International (Fictional Dummy Company),Global Manufacturing Head - PureGlow Soaps,Australia,Fiji,Lautoka,FCT035,Lautoka Soap Plant,LN0104,Line-2,2026-07-05 21:00:00,2026-07-05,21,Afternoon,Rose Bar Soap,1.24,60.0,14.7,Machine Breakdown,45.3,74,51,2,49,3.6,96.08,68.92,75.5,90.79,65.86,4.87,19.45,1
PureGlow Soaps International (Fictional Dummy Company),Global Manufacturing Head - PureGlow Soaps,Australia,Fiji,Lautoka,FCT035,Lautoka Soap Plant,LN0105,Line-3,2026-07-05 21:00:00,2026-07-05,21,Afternoon,Coconut Bar Soap,1.08,60.0,26.2,Machine Breakdown,33.8,65,36,1,35,2.49,97.22,55.38,56.33,98.62,54.01,3.47,10.79,1
PureGlow Soaps International (Fictional Dummy Company),Global Manufacturing Head - PureGlow Soaps,Australia,Fiji,Lautoka,FCT035,Lautoka Soap Plant,LN0103,Line-1,2026-07-05 22:00:00,2026-07-05,22,Night,Lavender Bar Soap,1.04,60.0,3.5,No Downtime,56.5,62,54,1,53,2.56,98.15,87.1,94.17,91.9,84.94,5.24,36.94,2
PureGlow Soaps International (Fictional Dummy Company),Global Manufacturing Head - PureGlow Soaps,Australia,Fiji,Lautoka,FCT035,Lautoka Soap Plant,LN0104,Line-2,2026-07-05 22:00:00,2026-07-05,22,Night,Rose Bar Soap,1.24,60.0,2.4,No Downtime,57.6,74,59,2,57,2.69,96.61,79.73,96.0,82.61,76.62,5.03,23.85,1
PureGlow Soaps International (Fictional Dummy Company),Global Manufacturing Head - PureGlow Soaps,Australia,Fiji,Lautoka,FCT035,Lautoka Soap Plant,LN0105,Line-3,2026-07-05 22:00:00,2026-07-05,22,Night,Coconut Bar Soap,1.08,60.0,37.0,Preventive Maintenance,23.0,65,20,1,19,2.69,95.0,30.77,38.33,80.52,29.32,1.8,7.04,3
PureGlow Soaps International (Fictional Dummy Company),Global Manufacturing Head - PureGlow Soaps,Australia,Fiji,Lautoka,FCT035,Lautoka Soap Plant,LN0103,Line-1,2026-07-05 23:00:00,2026-07-05,23,Night,Lavender Bar Soap,1.04,60.0,18.3,Preventive Maintenance,41.7,62,42,2,40,5.03,95.24,67.74,69.5,96.85,64.11,3.97,23.69,2
PureGlow Soaps International (Fictional Dummy Company),Global Manufacturing Head - PureGlow Soaps,Australia,Fiji,Lautoka,FCT035,Lautoka Soap Plant,LN0104,Line-2,2026-07-05 23:00:00,2026-07-05,23,Night,Rose Bar Soap,1.24,60.0,2.4,No Downtime,57.6,74,69,2,67,3.22,97.1,93.24,96.0,96.61,90.06,6.34,22.68,3
PureGlow Soaps International (Fictional Dummy Company),Global Manufacturing Head - PureGlow Soaps,Australia,Fiji,Lautoka,FCT035,Lautoka Soap Plant,LN0105,Line-3,2026-07-05 23:00:00,2026-07-05,23,Night,Coconut Bar Soap,1.08,60.0,2.7,No Downtime,57.3,65,55,2,53,3.74,96.36,84.62,95.5,88.88,81.79,5.33,17.38,3
PureGlow Soaps International (Fictional Dummy Company),Global Manufacturing Head - PureGlow Soaps,Australia,Fiji,Lautoka,FCT035,Lautoka Soap Plant,LN0103,Line-1,2026-07-06 00:00:00,2026-07-06,0,Night,Aloe Vera Liquid Soap,1.04,60.0,12.9,Changeover/Setup,47.1,62,41,1,40,1.52,97.56,66.13,78.5,83.7,64.1,4.24,26.7,1
PureGlow Soaps International (Fictional Dummy Company),Global Manufacturing Head - PureGlow Soaps,Australia,Fiji,Lautoka,FCT035,Lautoka Soap Plant,LN0104,Line-2,2026-07-06 00:00:00,2026-07-06,0,Night,Aloe Vera Liquid Soap,1.24,60.0,7.5,Changeover/Setup,52.5,74,58,1,57,1.82,98.28,78.38,87.5,89.09,76.61,5.39,23.24,1
PureGlow Soaps International (Fictional Dummy Company),Global Manufacturing Head - PureGlow Soaps,Australia,Fiji,Lautoka,FCT035,Lautoka Soap Plant,LN0105,Line-3,2026-07-06 00:00:00,2026-07-06,0,Night,Rose Bar Soap,1.08,60.0,39.3,Preventive Maintenance,20.7,65,21,0,21,2.03,100.0,32.31,34.5,93.93,32.41,1.83,7.24,2
PureGlow Soaps International (Fictional Dummy Company),Global Manufacturing Head - PureGlow Soaps,Australia,Fiji,Lautoka,FCT035,Lautoka Soap Plant,LN0103,Line-1,2026-07-06 01:00:00,2026-07-06,1,Night,Aloe Vera Liquid Soap,1.04,60.0,1.3,No Downtime,58.7,62,58,2,56,4.21,96.55,93.55,97.83,95.01,89.74,6.22,36.52,1
PureGlow Soaps International (Fictional Dummy Company),Global Manufacturing Head - PureGlow Soaps,Australia,Fiji,Lautoka,FCT035,Lautoka Soap Plant,LN0104,Line-2,2026-07-06 01:00:00,2026-07-06,1,Night,Aloe Vera Liquid Soap,1.24,60.0,17.0,Changeover/Setup,43.0,74,54,1,53,2.67,98.15,72.97,71.67,101.28,71.24,5.12,18.17,1
PureGlow Soaps International (Fictional Dummy Company),Global Manufacturing Head - PureGlow Soaps,Australia,Fiji,Lautoka,FCT035,Lautoka Soap Plant,LN0105,Line-3,2026-07-06 01:00:00,2026-07-06,1,Night,Rose Bar Soap,1.08,60.0,15.2,Changeover/Setup,44.8,65,49,1,48,1.85,97.96,75.38,74.67,101.27,74.08,4.56,13.48,2
PureGlow Soaps International (Fictional Dummy Company),Global Manufacturing Head - PureGlow Soaps,Australia,Fiji,Lautoka,FCT035,Lautoka Soap Plant,LN0103,Line-1,2026-07-06 02:00:00,2026-07-06,2,Night,Aloe Vera Liquid Soap,1.04,60.0,18.6,Machine Breakdown,41.4,62,35,2,33,4.39,94.29,56.45,69.0,81.29,52.89,3.06,23.44,2
PureGlow Soaps International (Fictional Dummy Company),Global Manufacturing Head - PureGlow Soaps,Australia,Fiji,Lautoka,FCT035,Lautoka Soap Plant,LN0104,Line-2,2026-07-06 02:00:00,2026-07-06,2,Night,Aloe Vera Liquid Soap,1.24,60.0,2.0,No Downtime,58.0,74,65,0,65,0.68,100.0,87.84,96.67,90.38,87.37,6.85,26.29,1
PureGlow Soaps International (Fictional Dummy Company),Global Manufacturing Head - PureGlow Soaps,Australia,Fiji,Lautoka,FCT035,Lautoka Soap Plant,LN0105,Line-3,2026-07-06 02:00:00,2026-07-06,2,Night,Rose Bar Soap,1.08,60.0,1.2,No Downtime,58.8,65,52,2,50,3.32,96.15,80.0,98.0,81.88,77.15,5.16,18.91,3
PureGlow Soaps International (Fictional Dummy Company),Global Manufacturing Head - PureGlow Soaps,Australia,Fiji,Lautoka,FCT035,Lautoka Soap Plant,LN0103,Line-1,2026-07-06 03:00:00,2026-07-06,3,Night,Aloe Vera Liquid Soap,1.04,60.0,32.0,Machine Breakdown,28.0,62,25,0,25,1.96,100.0,40.32,46.67,85.85,40.07,2.71,18.07,3
PureGlow Soaps International (Fictional Dummy Company),Global Manufacturing Head - PureGlow Soaps,Australia,Fiji,Lautoka,FCT035,Lautoka Soap Plant,LN0104,Line-2,2026-07-06 03:00:00,2026-07-06,3,Night,Aloe Vera Liquid Soap,1.24,60.0,5.3,Power Outage,54.7,74,64,3,61,5.1,95.31,86.49,91.17,94.36,81.99,6.24,22.24,3
PureGlow Soaps International (Fictional Dummy Company),Global Manufacturing Head - PureGlow Soaps,Australia,Fiji,Lautoka,FCT035,Lautoka Soap Plant,LN0105,Line-3,2026-07-06 03:00:00,2026-07-06,3,Night,Rose Bar Soap,1.08,60.0,3.3,No Downtime,56.7,65,59,1,58,1.84,98.31,90.77,94.5,96.35,89.51,5.35,20.16,3
PureGlow Soaps International (Fictional Dummy Company),Global Manufacturing Head - PureGlow Soaps,Australia,Fiji,Lautoka,FCT035,Lautoka Soap Plant,LN0103,Line-1,2026-07-06 04:00:00,2026-07-06,4,Night,Aloe Vera Liquid Soap,1.04,60.0,1.3,No Downtime,58.7,62,61,4,57,5.94,93.44,98.39,97.83,99.92,91.34,5.61,31.95,1
PureGlow Soaps International (Fictional Dummy Company),Global Manufacturing Head - PureGlow Soaps,Australia,Fiji,Lautoka,FCT035,Lautoka Soap Plant,LN0104,Line-2,2026-07-06 04:00:00,2026-07-06,4,Night,Aloe Vera Liquid Soap,1.24,60.0,17.9,Material Shortage,42.1,74,42,1,41,1.47,97.62,56.76,70.17,80.45,55.11,3.75,17.97,1
PureGlow Soaps International (Fictional Dummy Company),Global Manufacturing Head - PureGlow Soaps,Australia,Fiji,Lautoka,FCT035,Lautoka Soap Plant,LN0105,Line-3,2026-07-06 04:00:00,2026-07-06,4,Night,Rose Bar Soap,1.08,60.0,26.3,Material Shortage,33.7,65,29,1,28,2.94,96.55,44.62,56.17,79.68,43.21,2.62,10.44,2
PureGlow Soaps International (Fictional Dummy Company),Global Manufacturing Head - PureGlow Soaps,Australia,Fiji,Lautoka,FCT035,Lautoka Soap Plant,LN0103,Line-1,2026-07-06 05:00:00,2026-07-06,5,Night,Aloe Vera Liquid Soap,1.04,60.0,2.3,No Downtime,57.7,62,54,2,52,3.18,96.3,87.1,96.17,89.99,83.34,4.87,35.08,2
PureGlow Soaps International (Fictional Dummy Company),Global Manufacturing Head - PureGlow Soaps,Australia,Fiji,Lautoka,FCT035,Lautoka Soap Plant,LN0104,Line-2,2026-07-06 05:00:00,2026-07-06,5,Night,Aloe Vera Liquid Soap,1.24,60.0,1.1,No Downtime,58.9,74,71,2,69,2.6,97.18,95.95,98.17,97.21,92.74,6.71,26.15,1
PureGlow Soaps International (Fictional Dummy Company),Global Manufacturing Head - PureGlow Soaps,Australia,Fiji,Lautoka,FCT035,Lautoka Soap Plant,LN0105,Line-3,2026-07-06 05:00:00,2026-07-06,5,Night,Rose Bar Soap,1.08,60.0,3.7,No Downtime,56.3,65,56,2,54,4.27,96.43,86.15,93.83,92.1,83.33,6.03,18.7,1
PureGlow Soaps International (Fictional Dummy Company),Global Manufacturing Head - PureGlow Soaps,Australia,Fiji,Lautoka,FCT035,Lautoka Soap Plant,LN0103,Line-1,2026-07-06 06:00:00,2026-07-06,6,Morning,Aloe Vera Liquid Soap,1.04,60.0,28.5,Material Shortage,31.5,62,30,1,29,2.95,96.67,48.39,52.5,91.58,46.48,2.57,20.11,3
PureGlow Soaps International (Fictional Dummy Company),Global Manufacturing Head - PureGlow Soaps,Australia,Fiji,Lautoka,FCT035,Lautoka Soap Plant,LN0104,Line-2,2026-07-06 06:00:00,2026-07-06,6,Morning,Aloe Vera Liquid Soap,1.24,60.0,1.2,No Downtime,58.8,74,60,3,57,5.14,95.0,81.08,98.0,82.29,76.61,5.22,26.77,2
PureGlow Soaps International (Fictional Dummy Company),Global Manufacturing Head - PureGlow Soaps,Australia,Fiji,Lautoka,FCT035,Lautoka Soap Plant,LN0105,Line-3,2026-07-06 06:00:00,2026-07-06,6,Morning,Rose Bar Soap,1.08,60.0,29.9,Material Shortage,30.1,65,32,1,31,3.46,96.88,49.23,50.17,98.44,47.85,2.99,10.7,2
PureGlow Soaps International (Fictional Dummy Company),Global Manufacturing Head - PureGlow Soaps,Australia,Fiji,Lautoka,FCT035,Lautoka Soap Plant,LN0103,Line-1,2026-07-06 07:00:00,2026-07-06,7,Morning,Aloe Vera Liquid Soap,1.04,60.0,0.8,No Downtime,59.2,62,54,3,51,4.7,94.44,87.1,98.67,87.71,81.73,5.05,38.85,1
PureGlow Soaps International (Fictional Dummy Company),Global Manufacturing Head - PureGlow Soaps,Australia,Fiji,Lautoka,FCT035,Lautoka Soap Plant,LN0104,Line-2,2026-07-06 07:00:00,2026-07-06,7,Morning,Aloe Vera Liquid Soap,1.24,60.0,34.6,Preventive Maintenance,25.4,74,30,0,30,0.94,100.0,40.54,42.33,95.25,40.32,2.81,11.36,3
PureGlow Soaps International (Fictional Dummy Company),Global Manufacturing Head - PureGlow Soaps,Australia,Fiji,Lautoka,FCT035,Lautoka Soap Plant,LN0105,Line-3,2026-07-06 07:00:00,2026-07-06,7,Morning,Rose Bar Soap,1.08,60.0,19.6,Staff Shortage,40.4,65,39,1,38,3.18,97.44,60.0,67.33,89.38,58.64,3.7,12.71,2
PureGlow Soaps International (Fictional Dummy Company),Global Manufacturing Head - PureGlow Soaps,Australia,Fiji,Lautoka,FCT035,Lautoka Soap Plant,LN0103,Line-1,2026-07-06 08:00:00,2026-07-06,8,Morning,Aloe Vera Liquid Soap,1.04,60.0,29.2,Preventive Maintenance,30.8,62,28,0,28,1.24,100.0,45.16,51.33,87.41,44.87,2.68,16.78,1
PureGlow Soaps International (Fictional Dummy Company),Global Manufacturing Head - PureGlow Soaps,Australia,Fiji,Lautoka,FCT035,Lautoka Soap Plant,LN0104,Line-2,2026-07-06 08:00:00,2026-07-06,8,Morning,Aloe Vera Liquid Soap,1.24,60.0,25.9,Machine Breakdown,34.1,74,42,1,41,3.2,97.62,56.76,56.83,99.33,55.11,3.61,14.81,1
PureGlow Soaps International (Fictional Dummy Company),Global Manufacturing Head - PureGlow Soaps,Australia,Fiji,Lautoka,FCT035,Lautoka Soap Plant,LN0105,Line-3,2026-07-06 08:00:00,2026-07-06,8,Morning,Rose Bar Soap,1.08,60.0,0.2,No Downtime,59.8,65,57,3,54,5.3,94.74,87.69,99.67,88.26,83.34,5.14,18.83,3
PureGlow Soaps International (Fictional Dummy Company),Global Manufacturing Head - PureGlow Soaps,Australia,Fiji,Lautoka,FCT035,Lautoka Soap Plant,LN0103,Line-1,2026-07-06 09:00:00,2026-07-06,9,Morning,Aloe Vera Liquid Soap,1.04,60.0,34.5,Machine Breakdown,25.5,62,27,1,26,3.63,96.3,43.55,42.5,101.81,41.67,2.88,16.81,2
PureGlow Soaps International (Fictional Dummy Company),Global Manufacturing Head - PureGlow Soaps,Australia,Fiji,Lautoka,FCT035,Lautoka Soap Plant,LN0104,Line-2,2026-07-06 09:00:00,2026-07-06,9,Morning,Aloe Vera Liquid Soap,1.24,60.0,14.8,Material Shortage,45.2,74,53,2,51,3.05,96.23,71.62,75.33,94.56,68.55,4.74,19.62,2
PureGlow Soaps International (Fictional Dummy Company),Global Manufacturing Head - PureGlow Soaps,Australia,Fiji,Lautoka,FCT035,Lautoka Soap Plant,LN0105,Line-3,2026-07-06 09:00:00,2026-07-06,9,Morning,Rose Bar Soap,1.08,60.0,0.9,No Downtime,59.1,65,60,1,59,1.91,98.33,92.31,98.5,94.0,91.04,6.57,19.35,1
PureGlow Soaps International (Fictional Dummy Company),Global Manufacturing Head - PureGlow Soaps,Australia,Fiji,Lautoka,FCT035,Lautoka Soap Plant,LN0103,Line-1,2026-07-06 10:00:00,2026-07-06,10,Morning,Aloe Vera Liquid Soap,1.04,60.0,13.6,Changeover/Setup,46.4,62,41,1,40,3.21,97.56,66.13,77.33,84.96,64.1,4.19,29.85,2
PureGlow Soaps International (Fictional Dummy Company),Global Manufacturing Head - PureGlow Soaps,Australia,Fiji,Lautoka,FCT035,Lautoka Soap Plant,LN0104,Line-2,2026-07-06 10:00:00,2026-07-06,10,Morning,Aloe Vera Liquid Soap,1.24,60.0,1.9,No Downtime,58.1,74,68,0,68,0.6,100.0,91.89,96.83,94.39,91.4,6.21,25.08,1
PureGlow Soaps International (Fictional Dummy Company),Global Manufacturing Head - PureGlow Soaps,Australia,Fiji,Lautoka,FCT035,Lautoka Soap Plant,LN0105,Line-3,2026-07-06 10:00:00,2026-07-06,10,Morning,Rose Bar Soap,1.08,60.0,3.8,No Downtime,56.2,65,55,1,54,2.44,98.18,84.62,93.67,90.62,83.34,5.14,19.96,3
PureGlow Soaps International (Fictional Dummy Company),Global Manufacturing Head - PureGlow Soaps,Australia,Fiji,Lautoka,FCT035,Lautoka Soap Plant,LN0103,Line-1,2026-07-06 11:00:00,2026-07-06,11,Morning,Aloe Vera Liquid Soap,1.04,60.0,34.1,Preventive Maintenance,25.9,62,26,1,25,3.86,96.15,41.94,43.17,96.53,40.07,2.71,17.17,3
PureGlow Soaps International (Fictional Dummy Company),Global Manufacturing Head - PureGlow Soaps,Australia,Fiji,Lautoka,FCT035,Lautoka Soap Plant,LN0104,Line-2,2026-07-06 11:00:00,2026-07-06,11,Morning,Aloe Vera Liquid Soap,1.24,60.0,3.0,No Downtime,57.0,74,57,2,55,3.44,96.49,77.03,95.0,80.65,73.93,6.0,24.12,1
PureGlow Soaps International (Fictional Dummy Company),Global Manufacturing Head - PureGlow Soaps,Australia,Fiji,Lautoka,FCT035,Lautoka Soap Plant,LN0105,Line-3,2026-07-06 11:00:00,2026-07-06,11,Morning,Rose Bar Soap,1.08,60.0,20.9,Power Outage,39.1,65,40,1,39,2.91,97.5,61.54,65.17,94.72,60.19,3.87,13.47,1
PureGlow Soaps International (Fictional Dummy Company),Global Manufacturing Head - PureGlow Soaps,Australia,Fiji,Lautoka,FCT035,Lautoka Soap Plant,LN0103,Line-1,2026-07-06 12:00:00,2026-07-06,12,Morning,Aloe Vera Liquid Soap,1.04,60.0,4.0,No Downtime,56.0,62,53,1,52,1.7,98.11,85.48,93.33,91.0,83.33,5.38,33.45,1
PureGlow Soaps International (Fictional Dummy Company),Global Manufacturing Head - PureGlow Soaps,Australia,Fiji,Lautoka,FCT035,Lautoka Soap Plant,LN0104,Line-2,2026-07-06 12:00:00,2026-07-06,12,Morning,Aloe Vera Liquid Soap,1.24,60.0,8.6,Quality Hold,51.4,74,64,4,60,6.9,93.75,86.49,85.67,100.41,80.64,6.32,22.13,2
PureGlow Soaps International (Fictional Dummy Company),Global Manufacturing Head - PureGlow Soaps,Australia,Fiji,Lautoka,FCT035,Lautoka Soap Plant,LN0105,Line-3,2026-07-06 12:00:00,2026-07-06,12,Morning,Rose Bar Soap,1.08,60.0,14.3,Changeover/Setup,45.7,65,42,3,39,6.29,92.86,64.62,76.17,85.1,60.19,3.74,13.51,1
PureGlow Soaps International (Fictional Dummy Company),Global Manufacturing Head - PureGlow Soaps,Australia,Fiji,Lautoka,FCT035,Lautoka Soap Plant,LN0103,Line-1,2026-07-06 13:00:00,2026-07-06,13,Morning,Aloe Vera Liquid Soap,1.04,60.0,0.1,No Downtime,59.9,62,56,1,55,1.58,98.21,90.32,99.83,89.89,88.13,6.05,36.49,1
PureGlow Soaps International (Fictional Dummy Company),Global Manufacturing Head - PureGlow Soaps,Australia,Fiji,Lautoka,FCT035,Lautoka Soap Plant,LN0104,Line-2,2026-07-06 13:00:00,2026-07-06,13,Morning,Aloe Vera Liquid Soap,1.24,60.0,3.3,No Downtime,56.7,74,63,2,61,3.35,96.83,85.14,94.5,89.61,82.0,6.15,25.19,3
PureGlow Soaps International (Fictional Dummy Company),Global Manufacturing Head - PureGlow Soaps,Australia,Fiji,Lautoka,FCT035,Lautoka Soap Plant,LN0105,Line-3,2026-07-06 13:00:00,2026-07-06,13,Morning,Rose Bar Soap,1.08,60.0,26.4,Machine Breakdown,33.6,65,31,2,29,6.96,93.55,47.69,56.0,85.43,44.76,3.05,11.1,2
PureGlow Soaps International (Fictional Dummy Company),Global Manufacturing Head - PureGlow Soaps,Australia,Fiji,Lautoka,FCT035,Lautoka Soap Plant,LN0103,Line-1,2026-07-06 14:00:00,2026-07-06,14,Afternoon,Aloe Vera Liquid Soap,1.04,60.0,0.6,No Downtime,59.4,62,55,3,52,4.68,94.55,88.71,99.0,89.03,83.34,5.33,35.45,3
PureGlow Soaps International (Fictional Dummy Company),Global Manufacturing Head - PureGlow Soaps,Australia,Fiji,Lautoka,FCT035,Lautoka Soap Plant,LN0104,Line-2,2026-07-06 14:00:00,2026-07-06,14,Afternoon,Aloe Vera Liquid Soap,1.24,60.0,5.7,Changeover/Setup,54.3,74,66,1,65,2.16,98.48,89.19,90.5,98.02,87.36,6.11,24.17,2
PureGlow Soaps International (Fictional Dummy Company),Global Manufacturing Head - PureGlow Soaps,Australia,Fiji,Lautoka,FCT035,Lautoka Soap Plant,LN0105,Line-3,2026-07-06 14:00:00,2026-07-06,14,Afternoon,Rose Bar Soap,1.08,60.0,25.4,Machine Breakdown,34.6,65,35,1,34,2.77,97.14,53.85,57.67,93.66,52.47,3.78,10.88,3
PureGlow Soaps International (Fictional Dummy Company),Global Manufacturing Head - PureGlow Soaps,Australia,Fiji,Lautoka,FCT035,Lautoka Soap Plant,LN0103,Line-1,2026-07-06 15:00:00,2026-07-06,15,Afternoon,Aloe Vera Liquid Soap,1.04,60.0,12.0,Quality Hold,48.0,62,44,3,41,7.75,93.18,70.97,80.0,88.14,65.7,4.7,31.15,1
PureGlow Soaps International (Fictional Dummy Company),Global Manufacturing Head - PureGlow Soaps,Australia,Fiji,Lautoka,FCT035,Lautoka Soap Plant,LN0104,Line-2,2026-07-06 15:00:00,2026-07-06,15,Afternoon,Aloe Vera Liquid Soap,1.24,60.0,16.7,Changeover/Setup,43.3,74,48,2,46,4.61,95.83,64.86,72.17,89.4,61.83,4.18,17.02,2
PureGlow Soaps International (Fictional Dummy Company),Global Manufacturing Head - PureGlow Soaps,Australia,Fiji,Lautoka,FCT035,Lautoka Soap Plant,LN0105,Line-3,2026-07-06 15:00:00,2026-07-06,15,Afternoon,Rose Bar Soap,1.08,60.0,2.7,No Downtime,57.3,65,58,2,56,4.13,96.55,89.23,95.5,93.72,86.41,5.77,19.58,2
PureGlow Soaps International (Fictional Dummy Company),Global Manufacturing Head - PureGlow Soaps,Australia,Fiji,Lautoka,FCT035,Lautoka Soap Plant,LN0103,Line-1,2026-07-06 16:00:00,2026-07-06,16,Afternoon,Aloe Vera Liquid Soap,1.04,60.0,1.2,No Downtime,58.8,62,49,1,48,2.89,97.96,79.03,98.0,80.13,76.93,5.07,33.0,1
PureGlow Soaps International (Fictional Dummy Company),Global Manufacturing Head - PureGlow Soaps,Australia,Fiji,Lautoka,FCT035,Lautoka Soap Plant,LN0104,Line-2,2026-07-06 16:00:00,2026-07-06,16,Afternoon,Aloe Vera Liquid Soap,1.24,60.0,8.6,Changeover/Setup,51.4,74,56,1,55,2.3,98.21,75.68,85.67,87.86,73.92,4.93,19.77,1
PureGlow Soaps International (Fictional Dummy Company),Global Manufacturing Head - PureGlow Soaps,Australia,Fiji,Lautoka,FCT035,Lautoka Soap Plant,LN0105,Line-3,2026-07-06 16:00:00,2026-07-06,16,Afternoon,Rose Bar Soap,1.08,60.0,2.5,No Downtime,57.5,65,63,1,62,1.83,98.41,96.92,95.83,101.45,95.67,5.88,18.55,3
PureGlow Soaps International (Fictional Dummy Company),Global Manufacturing Head - PureGlow Soaps,Australia,Fiji,Lautoka,FCT035,Lautoka Soap Plant,LN0103,Line-1,2026-07-06 17:00:00,2026-07-06,17,Afternoon,Aloe Vera Liquid Soap,1.04,60.0,6.5,Quality Hold,53.5,62,46,3,43,6.34,93.48,74.19,89.17,82.67,68.91,4.57,31.96,2
PureGlow Soaps International (Fictional Dummy Company),Global Manufacturing Head - PureGlow Soaps,Australia,Fiji,Lautoka,FCT035,Lautoka Soap Plant,LN0104,Line-2,2026-07-06 17:00:00,2026-07-06,17,Afternoon,Aloe Vera Liquid Soap,1.24,60.0,27.8,Preventive Maintenance,32.2,74,41,0,41,0.02,100.0,55.41,53.67,102.68,55.11,4.41,14.32,3
PureGlow Soaps International (Fictional Dummy Company),Global Manufacturing Head - PureGlow Soaps,Australia,Fiji,Lautoka,FCT035,Lautoka Soap Plant,LN0105,Line-3,2026-07-06 17:00:00,2026-07-06,17,Afternoon,Rose Bar Soap,1.08,60.0,32.7,Material Shortage,27.3,65,26,1,25,3.87,96.15,40.0,45.5,88.18,38.58,2.33,8.87,3
PureGlow Soaps International (Fictional Dummy Company),Global Manufacturing Head - PureGlow Soaps,Australia,Fiji,Lautoka,FCT035,Lautoka Soap Plant,LN0103,Line-1,2026-07-06 18:00:00,2026-07-06,18,Afternoon,Aloe Vera Liquid Soap,1.04,60.0,15.8,Changeover/Setup,44.2,62,39,1,38,2.95,97.44,62.9,73.67,84.84,60.9,4.2,28.39,2
PureGlow Soaps International (Fictional Dummy Company),Global Manufacturing Head - PureGlow Soaps,Australia,Fiji,Lautoka,FCT035,Lautoka Soap Plant,LN0104,Line-2,2026-07-06 18:00:00,2026-07-06,18,Afternoon,Aloe Vera Liquid Soap,1.24,60.0,25.4,Power Outage,34.6,74,44,1,43,1.23,97.73,59.46,57.67,102.55,57.8,4.13,13.0,3
PureGlow Soaps International (Fictional Dummy Company),Global Manufacturing Head - PureGlow Soaps,Australia,Fiji,Lautoka,FCT035,Lautoka Soap Plant,LN0105,Line-3,2026-07-06 18:00:00,2026-07-06,18,Afternoon,Rose Bar Soap,1.08,60.0,33.8,Preventive Maintenance,26.2,65,27,1,26,2.0,96.3,41.54,43.67,95.42,40.13,2.7,8.01,3
PureGlow Soaps International (Fictional Dummy Company),Global Manufacturing Head - PureGlow Soaps,Australia,Fiji,Lautoka,FCT035,Lautoka Soap Plant,LN0103,Line-1,2026-07-06 19:00:00,2026-07-06,19,Afternoon,Aloe Vera Liquid Soap,1.04,60.0,6.4,Quality Hold,53.6,62,54,3,51,6.48,94.44,87.1,89.33,96.87,81.72,5.47,35.49,1
PureGlow Soaps International (Fictional Dummy Company),Global Manufacturing Head - PureGlow Soaps,Australia,Fiji,Lautoka,FCT035,Lautoka Soap Plant,LN0104,Line-2,2026-07-06 19:00:00,2026-07-06,19,Afternoon,Aloe Vera Liquid Soap,1.24,60.0,30.1,Preventive Maintenance,29.9,74,34,1,33,2.84,97.06,45.95,49.83,91.7,44.35,2.9,13.27,2
PureGlow Soaps International (Fictional Dummy Company),Global Manufacturing Head - PureGlow Soaps,Australia,Fiji,Lautoka,FCT035,Lautoka Soap Plant,LN0105,Line-3,2026-07-06 19:00:00,2026-07-06,19,Afternoon,Rose Bar Soap,1.08,60.0,12.2,Changeover/Setup,47.8,65,44,1,43,2.93,97.73,67.69,79.67,85.23,66.36,4.46,15.19,2
PureGlow Soaps International (Fictional Dummy Company),Global Manufacturing Head - PureGlow Soaps,Australia,Fiji,Lautoka,FCT035,Lautoka Soap Plant,LN0103,Line-1,2026-07-06 20:00:00,2026-07-06,20,Afternoon,Aloe Vera Liquid Soap,1.04,60.0,2.4,No Downtime,57.6,62,55,1,54,0.99,98.18,88.71,96.0,91.81,86.53,5.79,36.12,3
PureGlow Soaps International (Fictional Dummy Company),Global Manufacturing Head - PureGlow Soaps,Australia,Fiji,Lautoka,FCT035,Lautoka Soap Plant,LN0104,Line-2,2026-07-06 20:00:00,2026-07-06,20,Afternoon,Aloe Vera Liquid Soap,1.24,60.0,39.7,Preventive Maintenance,20.3,74,21,1,20,3.93,95.24,28.38,33.83,83.43,26.88,2.11,7.63,2
PureGlow Soaps International (Fictional Dummy Company),Global Manufacturing Head - PureGlow Soaps,Australia,Fiji,Lautoka,FCT035,Lautoka Soap Plant,LN0105,Line-3,2026-07-06 20:00:00,2026-07-06,20,Afternoon,Rose Bar Soap,1.08,60.0,32.6,Preventive Maintenance,27.4,65,30,1,29,2.82,96.67,46.15,45.67,101.38,44.76,3.03,8.39,1
PureGlow Soaps International (Fictional Dummy Company),Global Manufacturing Head - PureGlow Soaps,Australia,Fiji,Lautoka,FCT035,Lautoka Soap Plant,LN0103,Line-1,2026-07-06 21:00:00,2026-07-06,21,Afternoon,Aloe Vera Liquid Soap,1.04,60.0,35.9,Machine Breakdown,24.1,62,25,0,25,1.6,100.0,40.32,40.17,99.74,40.07,2.56,14.63,3
PureGlow Soaps International (Fictional Dummy Company),Global Manufacturing Head - PureGlow Soaps,Australia,Fiji,Lautoka,FCT035,Lautoka Soap Plant,LN0104,Line-2,2026-07-06 21:00:00,2026-07-06,21,Afternoon,Aloe Vera Liquid Soap,1.24,60.0,26.5,Power Outage,33.5,74,39,1,38,1.86,97.44,52.7,55.83,93.89,51.08,4.2,12.82,1
PureGlow Soaps International (Fictional Dummy Company),Global Manufacturing Head - PureGlow Soaps,Australia,Fiji,Lautoka,FCT035,Lautoka Soap Plant,LN0105,Line-3,2026-07-06 21:00:00,2026-07-06,21,Afternoon,Rose Bar Soap,1.08,60.0,10.9,Changeover/Setup,49.1,65,52,1,51,1.92,98.08,80.0,81.83,98.06,78.7,4.54,15.99,3
PureGlow Soaps International (Fictional Dummy Company),Global Manufacturing Head - PureGlow Soaps,Australia,Fiji,Lautoka,FCT035,Lautoka Soap Plant,LN0103,Line-1,2026-07-06 22:00:00,2026-07-06,22,Night,Aloe Vera Liquid Soap,1.04,60.0,10.8,Changeover/Setup,49.2,62,41,1,40,3.14,97.56,66.13,82.0,80.13,64.1,3.65,28.32,1
PureGlow Soaps International (Fictional Dummy Company),Global Manufacturing Head - PureGlow Soaps,Australia,Fiji,Lautoka,FCT035,Lautoka Soap Plant,LN0104,Line-2,2026-07-06 22:00:00,2026-07-06,22,Night,Aloe Vera Liquid Soap,1.24,60.0,0.6,No Downtime,59.4,74,64,2,62,2.81,96.88,86.49,99.0,86.89,83.34,5.89,22.62,1
PureGlow Soaps International (Fictional Dummy Company),Global Manufacturing Head - PureGlow Soaps,Australia,Fiji,Lautoka,FCT035,Lautoka Soap Plant,LN0105,Line-3,2026-07-06 22:00:00,2026-07-06,22,Night,Rose Bar Soap,1.08,60.0,19.5,Preventive Maintenance,40.5,65,37,1,36,2.19,97.3,56.92,67.5,84.59,55.56,3.56,12.34,3
PureGlow Soaps International (Fictional Dummy Company),Global Manufacturing Head - PureGlow Soaps,Australia,Fiji,Lautoka,FCT035,Lautoka Soap Plant,LN0103,Line-1,2026-07-06 23:00:00,2026-07-06,23,Night,Aloe Vera Liquid Soap,1.04,60.0,19.9,Material Shortage,40.1,62,39,2,37,5.75,94.87,62.9,66.83,93.52,59.29,3.69,21.84,3
PureGlow Soaps International (Fictional Dummy Company),Global Manufacturing Head - PureGlow Soaps,Australia,Fiji,Lautoka,FCT035,Lautoka Soap Plant,LN0104,Line-2,2026-07-06 23:00:00,2026-07-06,23,Night,Aloe Vera Liquid Soap,1.24,60.0,24.9,Machine Breakdown,35.1,74,37,2,35,4.57,94.59,50.0,58.5,85.01,47.04,3.62,13.28,2
PureGlow Soaps International (Fictional Dummy Company),Global Manufacturing Head - PureGlow Soaps,Australia,Fiji,Lautoka,FCT035,Lautoka Soap Plant,LN0105,Line-3,2026-07-06 23:00:00,2026-07-06,23,Night,Rose Bar Soap,1.08,60.0,3.0,No Downtime,57.0,65,54,2,52,3.28,96.3,83.08,95.0,87.72,80.25,5.94,18.7,2
PureGlow Soaps International (Fictional Dummy Company),Global Manufacturing Head - PureGlow Soaps,Australia,Fiji,Lautoka,FCT035,Lautoka Soap Plant,LN0103,Line-1,2026-07-07 00:00:00,2026-07-07,0,Night,Aloe Vera Liquid Soap,1.04,60.0,3.1,No Downtime,56.9,62,60,2,58,4.03,96.67,96.77,94.83,101.39,92.95,6.15,35.62,1
PureGlow Soaps International (Fictional Dummy Company),Global Manufacturing Head - PureGlow Soaps,Australia,Fiji,Lautoka,FCT035,Lautoka Soap Plant,LN0104,Line-2,2026-07-07 00:00:00,2026-07-07,0,Night,Aloe Vera Liquid Soap,1.24,60.0,3.5,No Downtime,56.5,74,59,1,58,2.24,98.31,79.73,94.17,84.21,77.96,5.71,21.43,1
PureGlow Soaps International (Fictional Dummy Company),Global Manufacturing Head - PureGlow Soaps,Australia,Fiji,Lautoka,FCT035,Lautoka Soap Plant,LN0105,Line-3,2026-07-07 00:00:00,2026-07-07,0,Night,Coconut Bar Soap,1.08,60.0,42.9,Machine Breakdown,17.1,65,16,0,16,1.84,100.0,24.62,28.5,86.64,24.69,1.51,5.17,2
PureGlow Soaps International (Fictional Dummy Company),Global Manufacturing Head - PureGlow Soaps,Australia,Fiji,Lautoka,FCT035,Lautoka Soap Plant,LN0103,Line-1,2026-07-07 01:00:00,2026-07-07,1,Night,Aloe Vera Liquid Soap,1.04,60.0,0.7,No Downtime,59.3,62,58,3,55,5.5,94.83,93.55,98.83,94.05,88.14,5.76,38.26,1
PureGlow Soaps International (Fictional Dummy Company),Global Manufacturing Head - PureGlow Soaps,Australia,Fiji,Lautoka,FCT035,Lautoka Soap Plant,LN0104,Line-2,2026-07-07 01:00:00,2026-07-07,1,Night,Aloe Vera Liquid Soap,1.24,60.0,14.0,Material Shortage,46.0,74,51,3,48,5.59,94.12,68.92,76.67,89.41,64.52,5.5,19.54,2
PureGlow Soaps International (Fictional Dummy Company),Global Manufacturing Head - PureGlow Soaps,Australia,Fiji,Lautoka,FCT035,Lautoka Soap Plant,LN0105,Line-3,2026-07-07 01:00:00,2026-07-07,1,Night,Coconut Bar Soap,1.08,60.0,4.0,No Downtime,56.0,65,62,1,61,1.42,98.39,95.38,93.33,102.51,94.13,6.33,19.92,3
PureGlow Soaps International (Fictional Dummy Company),Global Manufacturing Head - PureGlow Soaps,Australia,Fiji,Lautoka,FCT035,Lautoka Soap Plant,LN0103,Line-1,2026-07-07 02:00:00,2026-07-07,2,Night,Aloe Vera Liquid Soap,1.04,60.0,7.4,Changeover/Setup,52.6,62,51,1,50,2.24,98.04,82.26,87.67,93.23,80.13,4.92,33.94,3
PureGlow Soaps International (Fictional Dummy Company),Global Manufacturing Head - PureGlow Soaps,Australia,Fiji,Lautoka,FCT035,Lautoka Soap Plant,LN0104,Line-2,2026-07-07 02:00:00,2026-07-07,2,Night,Aloe Vera Liquid Soap,1.24,60.0,7.7,Power Outage,52.3,74,55,2,53,3.76,96.36,74.32,87.17,84.81,71.24,5.67,19.93,1
PureGlow Soaps International (Fictional Dummy Company),Global Manufacturing Head - PureGlow Soaps,Australia,Fiji,Lautoka,FCT035,Lautoka Soap Plant,LN0105,Line-3,2026-07-07 02:00:00,2026-07-07,2,Night,Coconut Bar Soap,1.08,60.0,34.9,Machine Breakdown,25.1,65,22,1,21,3.32,95.45,33.85,41.83,81.16,32.4,2.25,7.38,1
PureGlow Soaps International (Fictional Dummy Company),Global Manufacturing Head - PureGlow Soaps,Australia,Fiji,Lautoka,FCT035,Lautoka Soap Plant,LN0103,Line-1,2026-07-07 03:00:00,2026-07-07,3,Night,Aloe Vera Liquid Soap,1.04,60.0,15.7,Material Shortage,44.3,62,45,1,44,1.42,97.78,72.58,73.83,97.67,70.51,4.75,26.74,3
PureGlow Soaps International (Fictional Dummy Company),Global Manufacturing Head - PureGlow Soaps,Australia,Fiji,Lautoka,FCT035,Lautoka Soap Plant,LN0104,Line-2,2026-07-07 03:00:00,2026-07-07,3,Night,Aloe Vera Liquid Soap,1.24,60.0,11.4,Material Shortage,48.6,74,48,2,46,4.05,95.83,64.86,81.0,79.65,61.83,4.42,18.57,1
PureGlow Soaps International (Fictional Dummy Company),Global Manufacturing Head - PureGlow Soaps,Australia,Fiji,Lautoka,FCT035,Lautoka Soap Plant,LN0105,Line-3,2026-07-07 03:00:00,2026-07-07,3,Night,Coconut Bar Soap,1.08,60.0,3.4,No Downtime,56.6,65,57,1,56,2.15,98.25,87.69,94.33,93.25,86.42,5.39,18.85,3
PureGlow Soaps International (Fictional Dummy Company),Global Manufacturing Head - PureGlow Soaps,Australia,Fiji,Lautoka,FCT035,Lautoka Soap Plant,LN0103,Line-1,2026-07-07 04:00:00,2026-07-07,4,Night,Aloe Vera Liquid Soap,1.04,60.0,18.7,Machine Breakdown,41.3,62,39,2,37,5.02,94.87,62.9,68.83,90.8,59.29,3.65,23.41,1
PureGlow Soaps International (Fictional Dummy Company),Global Manufacturing Head - PureGlow Soaps,Australia,Fiji,Lautoka,FCT035,Lautoka Soap Plant,LN0104,Line-2,2026-07-07 04:00:00,2026-07-07,4,Night,Aloe Vera Liquid Soap,1.24,60.0,0.9,No Downtime,59.1,74,61,1,60,1.81,98.36,82.43,98.5,83.24,80.65,6.67,25.45,1
PureGlow Soaps International (Fictional Dummy Company),Global Manufacturing Head - PureGlow Soaps,Australia,Fiji,Lautoka,FCT035,Lautoka Soap Plant,LN0105,Line-3,2026-07-07 04:00:00,2026-07-07,4,Night,Coconut Bar Soap,1.08,60.0,36.1,Preventive Maintenance,23.9,65,22,1,21,3.57,95.45,33.85,39.83,85.23,32.4,2.12,8.41,2
PureGlow Soaps International (Fictional Dummy Company),Global Manufacturing Head - PureGlow Soaps,Australia,Fiji,Lautoka,FCT035,Lautoka Soap Plant,LN0103,Line-1,2026-07-07 05:00:00,2026-07-07,5,Night,Aloe Vera Liquid Soap,1.04,60.0,21.8,Material Shortage,38.2,62,38,2,36,4.51,94.74,61.29,63.67,95.65,57.7,3.94,23.79,2
PureGlow Soaps International (Fictional Dummy Company),Global Manufacturing Head - PureGlow Soaps,Australia,Fiji,Lautoka,FCT035,Lautoka Soap Plant,LN0104,Line-2,2026-07-07 05:00:00,2026-07-07,5,Night,Aloe Vera Liquid Soap,1.24,60.0,3.7,No Downtime,56.3,74,66,2,64,2.98,96.97,89.19,93.83,94.54,86.02,6.18,23.32,1
PureGlow Soaps International (Fictional Dummy Company),Global Manufacturing Head - PureGlow Soaps,Australia,Fiji,Lautoka,FCT035,Lautoka Soap Plant,LN0105,Line-3,2026-07-07 05:00:00,2026-07-07,5,Night,Coconut Bar Soap,1.08,60.0,25.9,Power Outage,34.1,65,35,1,34,1.54,97.14,53.85,56.83,95.04,52.47,3.71,10.61,3
PureGlow Soaps International (Fictional Dummy Company),Global Manufacturing Head - PureGlow Soaps,Australia,Fiji,Lautoka,FCT035,Lautoka Soap Plant,LN0103,Line-1,2026-07-07 06:00:00,2026-07-07,6,Morning,Aloe Vera Liquid Soap,1.04,60.0,7.0,Quality Hold,53.0,62,50,5,45,10.23,90.0,80.65,88.33,90.71,72.11,5.22,30.65,2
PureGlow Soaps International (Fictional Dummy Company),Global Manufacturing Head - PureGlow Soaps,Australia,Fiji,Lautoka,FCT035,Lautoka Soap Plant,LN0104,Line-2,2026-07-07 06:00:00,2026-07-07,6,Morning,Aloe Vera Liquid Soap,1.24,60.0,18.6,Changeover/Setup,41.4,74,45,1,44,1.81,97.78,60.81,69.0,87.66,59.14,4.94,17.43,2
PureGlow Soaps International (Fictional Dummy Company),Global Manufacturing Head - PureGlow Soaps,Australia,Fiji,Lautoka,FCT035,Lautoka Soap Plant,LN0105,Line-3,2026-07-07 06:00:00,2026-07-07,6,Morning,Coconut Bar Soap,1.08,60.0,5.8,Changeover/Setup,54.2,65,47,2,45,4.99,95.74,72.31,90.33,80.29,69.44,4.6,17.34,1
PureGlow Soaps International (Fictional Dummy Company),Global Manufacturing Head - PureGlow Soaps,Australia,Fiji,Lautoka,FCT035,Lautoka Soap Plant,LN0103,Line-1,2026-07-07 07:00:00,2026-07-07,7,Morning,Aloe Vera Liquid Soap,1.04,60.0,18.6,Material Shortage,41.4,62,38,1,37,1.89,97.37,61.29,69.0,88.26,59.3,3.63,27.31,2
PureGlow Soaps International (Fictional Dummy Company),Global Manufacturing Head - PureGlow Soaps,Australia,Fiji,Lautoka,FCT035,Lautoka Soap Plant,LN0104,Line-2,2026-07-07 07:00:00,2026-07-07,7,Morning,Aloe Vera Liquid Soap,1.24,60.0,18.1,Staff Shortage,41.9,74,45,1,44,2.32,97.78,60.81,69.83,86.61,59.14,4.21,17.81,2
PureGlow Soaps International (Fictional Dummy Company),Global Manufacturing Head - PureGlow Soaps,Australia,Fiji,Lautoka,FCT035,Lautoka Soap Plant,LN0105,Line-3,2026-07-07 07:00:00,2026-07-07,7,Morning,Coconut Bar Soap,1.08,60.0,13.6,Quality Hold,46.4,65,44,3,41,7.9,93.18,67.69,77.33,87.8,63.27,4.77,14.96,2
PureGlow Soaps International (Fictional Dummy Company),Global Manufacturing Head - PureGlow Soaps,Australia,Fiji,Lautoka,FCT035,Lautoka Soap Plant,LN0103,Line-1,2026-07-07 08:00:00,2026-07-07,8,Morning,Aloe Vera Liquid Soap,1.04,60.0,37.2,Preventive Maintenance,22.8,62,24,0,24,1.61,100.0,38.71,38.0,101.21,38.46,2.29,14.68,3
PureGlow Soaps International (Fictional Dummy Company),Global Manufacturing Head - PureGlow Soaps,Australia,Fiji,Lautoka,FCT035,Lautoka Soap Plant,LN0104,Line-2,2026-07-07 08:00:00,2026-07-07,8,Morning,Aloe Vera Liquid Soap,1.24,60.0,22.7,Material Shortage,37.3,74,46,1,45,2.83,97.83,62.16,62.17,99.46,60.49,4.4,15.14,2
PureGlow Soaps International (Fictional Dummy Company),Global Manufacturing Head - PureGlow Soaps,Australia,Fiji,Lautoka,FCT035,Lautoka Soap Plant,LN0105,Line-3,2026-07-07 08:00:00,2026-07-07,8,Morning,Coconut Bar Soap,1.08,60.0,1.6,No Downtime,58.4,65,58,2,56,3.5,96.55,89.23,97.33,91.96,86.42,5.32,18.75,1
PureGlow Soaps International (Fictional Dummy Company),Global Manufacturing Head - PureGlow Soaps,Australia,Fiji,Lautoka,FCT035,Lautoka Soap Plant,LN0103,Line-1,2026-07-07 09:00:00,2026-07-07,9,Morning,Aloe Vera Liquid Soap,1.04,60.0,12.2,Changeover/Setup,47.8,62,51,1,50,2.56,98.04,82.26,79.67,102.59,80.13,4.7,28.6,1
PureGlow Soaps International (Fictional Dummy Company),Global Manufacturing Head - PureGlow Soaps,Australia,Fiji,Lautoka,FCT035,Lautoka Soap Plant,LN0104,Line-2,2026-07-07 09:00:00,2026-07-07,9,Morning,Aloe Vera Liquid Soap,1.24,60.0,17.7,Changeover/Setup,42.3,74,46,1,45,2.19,97.83,62.16,70.5,87.7,60.49,3.99,17.62,2
PureGlow Soaps International (Fictional Dummy Company),Global Manufacturing Head - PureGlow Soaps,Australia,Fiji,Lautoka,FCT035,Lautoka Soap Plant,LN0105,Line-3,2026-07-07 09:00:00,2026-07-07,9,Morning,Coconut Bar Soap,1.08,60.0,2.2,No Downtime,57.8,65,56,2,54,3.74,96.43,86.15,96.33,89.71,83.33,4.79,19.6,2
PureGlow Soaps International (Fictional Dummy Company),Global Manufacturing Head - PureGlow Soaps,Australia,Fiji,Lautoka,FCT035,Lautoka Soap Plant,LN0103,Line-1,2026-07-07 10:00:00,2026-07-07,10,Morning,Aloe Vera Liquid Soap,1.04,60.0,1.5,No Downtime,58.5,62,55,3,52,5.29,94.55,88.71,97.5,90.4,83.34,5.79,35.0,3
PureGlow Soaps International (Fictional Dummy Company),Global Manufacturing Head - PureGlow Soaps,Australia,Fiji,Lautoka,FCT035,Lautoka Soap Plant,LN0104,Line-2,2026-07-07 10:00:00,2026-07-07,10,Morning,Aloe Vera Liquid Soap,1.24,60.0,33.9,Preventive Maintenance,26.1,74,32,1,31,1.84,96.88,43.24,43.5,98.88,41.67,3.38,9.93,3
PureGlow Soaps International (Fictional Dummy Company),Global Manufacturing Head - PureGlow Soaps,Australia,Fiji,Lautoka,FCT035,Lautoka Soap Plant,LN0105,Line-3,2026-07-07 10:00:00,2026-07-07,10,Morning,Coconut Bar Soap,1.08,60.0,0.8,No Downtime,59.2,65,57,2,55,3.05,96.49,87.69,98.67,89.15,84.88,5.23,18.52,2
PureGlow Soaps International (Fictional Dummy Company),Global Manufacturing Head - PureGlow Soaps,Australia,Fiji,Lautoka,FCT035,Lautoka Soap Plant,LN0103,Line-1,2026-07-07 11:00:00,2026-07-07,11,Morning,Aloe Vera Liquid Soap,1.04,60.0,8.2,Changeover/Setup,51.8,62,54,1,53,2.28,98.15,87.1,86.33,100.24,84.94,5.04,32.48,1
PureGlow Soaps International (Fictional Dummy Company),Global Manufacturing Head - PureGlow Soaps,Australia,Fiji,Lautoka,FCT035,Lautoka Soap Plant,LN0104,Line-2,2026-07-07 11:00:00,2026-07-07,11,Morning,Aloe Vera Liquid Soap,1.24,60.0,15.7,Staff Shortage,44.3,74,51,2,49,4.71,96.08,68.92,73.83,92.84,65.86,4.88,18.87,3
PureGlow Soaps International (Fictional Dummy Company),Global Manufacturing Head - PureGlow Soaps,Australia,Fiji,Lautoka,FCT035,Lautoka Soap Plant,LN0105,Line-3,2026-07-07 11:00:00,2026-07-07,11,Morning,Coconut Bar Soap,1.08,60.0,24.0,Preventive Maintenance,36.0,65,37,2,35,5.87,94.59,56.92,60.0,95.16,54.01,3.84,11.28,2
PureGlow Soaps International (Fictional Dummy Company),Global Manufacturing Head - PureGlow Soaps,Australia,Fiji,Lautoka,FCT035,Lautoka Soap Plant,LN0103,Line-1,2026-07-07 12:00:00,2026-07-07,12,Morning,Aloe Vera Liquid Soap,1.04,60.0,18.9,Preventive Maintenance,41.1,62,44,2,42,3.79,95.45,70.97,68.5,102.94,67.31,4.6,25.01,2
PureGlow Soaps International (Fictional Dummy Company),Global Manufacturing Head - PureGlow Soaps,Australia,Fiji,Lautoka,FCT035,Lautoka Soap Plant,LN0104,Line-2,2026-07-07 12:00:00,2026-07-07,12,Morning,Aloe Vera Liquid Soap,1.24,60.0,1.5,No Downtime,58.5,74,73,0,73,0.66,100.0,98.65,97.5,100.63,98.11,7.4,22.66,2
PureGlow Soaps International (Fictional Dummy Company),Global Manufacturing Head - PureGlow Soaps,Australia,Fiji,Lautoka,FCT035,Lautoka Soap Plant,LN0105,Line-3,2026-07-07 12:00:00,2026-07-07,12,Morning,Coconut Bar Soap,1.08,60.0,1.6,No Downtime,58.4,65,57,2,55,3.1,96.49,87.69,97.33,90.37,84.87,5.8,18.79,3
PureGlow Soaps International (Fictional Dummy Company),Global Manufacturing Head - PureGlow Soaps,Australia,Fiji,Lautoka,FCT035,Lautoka Soap Plant,LN0103,Line-1,2026-07-07 13:00:00,2026-07-07,13,Morning,Aloe Vera Liquid Soap,1.04,60.0,39.8,Machine Breakdown,20.2,62,19,1,18,3.11,94.74,30.65,33.67,90.44,28.85,1.8,12.34,3
PureGlow Soaps International (Fictional Dummy Company),Global Manufacturing Head - PureGlow Soaps,Australia,Fiji,Lautoka,FCT035,Lautoka Soap Plant,LN0104,Line-2,2026-07-07 13:00:00,2026-07-07,13,Morning,Aloe Vera Liquid Soap,1.24,60.0,35.3,Machine Breakdown,24.7,74,27,1,26,3.75,96.3,36.49,41.17,88.15,34.95,2.85,10.45,3
PureGlow Soaps International (Fictional Dummy Company),Global Manufacturing Head - PureGlow Soaps,Australia,Fiji,Lautoka,FCT035,Lautoka Soap Plant,LN0105,Line-3,2026-07-07 13:00:00,2026-07-07,13,Morning,Coconut Bar Soap,1.08,60.0,2.5,No Downtime,57.5,65,55,1,54,2.39,98.18,84.62,95.83,88.57,83.33,5.43,17.49,2
PureGlow Soaps International (Fictional Dummy Company),Global Manufacturing Head - PureGlow Soaps,Australia,Fiji,Lautoka,FCT035,Lautoka Soap Plant,LN0103,Line-1,2026-07-07 14:00:00,2026-07-07,14,Afternoon,Aloe Vera Liquid Soap,1.04,60.0,0.2,No Downtime,59.8,62,61,3,58,4.94,95.08,98.39,99.67,98.08,92.95,6.06,33.69,2
PureGlow Soaps International (Fictional Dummy Company),Global Manufacturing Head - PureGlow Soaps,Australia,Fiji,Lautoka,FCT035,Lautoka Soap Plant,LN0104,Line-2,2026-07-07 14:00:00,2026-07-07,14,Afternoon,Aloe Vera Liquid Soap,1.24,60.0,0.9,No Downtime,59.1,74,68,3,65,4.71,95.59,91.89,98.5,92.79,87.37,6.72,25.09,3
PureGlow Soaps International (Fictional Dummy Company),Global Manufacturing Head - PureGlow Soaps,Australia,Fiji,Lautoka,FCT035,Lautoka Soap Plant,LN0105,Line-3,2026-07-07 14:00:00,2026-07-07,14,Afternoon,Coconut Bar Soap,1.08,60.0,34.8,Material Shortage,25.2,65,22,0,22,1.54,100.0,33.85,42.0,80.83,33.95,2.06,7.72,2
PureGlow Soaps International (Fictional Dummy Company),Global Manufacturing Head - PureGlow Soaps,Australia,Fiji,Lautoka,FCT035,Lautoka Soap Plant,LN0103,Line-1,2026-07-07 15:00:00,2026-07-07,15,Afternoon,Aloe Vera Liquid Soap,1.04,60.0,16.0,Changeover/Setup,44.0,62,37,2,35,6.4,94.59,59.68,73.33,80.86,56.09,3.71,28.01,3
PureGlow Soaps International (Fictional Dummy Company),Global Manufacturing Head - PureGlow Soaps,Australia,Fiji,Lautoka,FCT035,Lautoka Soap Plant,LN0104,Line-2,2026-07-07 15:00:00,2026-07-07,15,Afternoon,Aloe Vera Liquid Soap,1.24,60.0,19.7,Material Shortage,40.3,74,44,1,43,1.42,97.73,59.46,67.17,88.05,57.8,4.43,15.94,1
PureGlow Soaps International (Fictional Dummy Company),Global Manufacturing Head - PureGlow Soaps,Australia,Fiji,Lautoka,FCT035,Lautoka Soap Plant,LN0105,Line-3,2026-07-07 15:00:00,2026-07-07,15,Afternoon,Coconut Bar Soap,1.08,60.0,18.0,Quality Hold,42.0,65,39,4,35,9.77,89.74,60.0,70.0,85.98,54.01,3.72,14.56,2
PureGlow Soaps International (Fictional Dummy Company),Global Manufacturing Head - PureGlow Soaps,Australia,Fiji,Lautoka,FCT035,Lautoka Soap Plant,LN0103,Line-1,2026-07-07 16:00:00,2026-07-07,16,Afternoon,Aloe Vera Liquid Soap,1.04,60.0,33.6,Material Shortage,26.4,62,22,1,21,4.28,95.45,35.48,44.0,80.13,33.65,2.4,16.53,1
PureGlow Soaps International (Fictional Dummy Company),Global Manufacturing Head - PureGlow Soaps,Australia,Fiji,Lautoka,FCT035,Lautoka Soap Plant,LN0104,Line-2,2026-07-07 16:00:00,2026-07-07,16,Afternoon,Aloe Vera Liquid Soap,1.24,60.0,5.2,Changeover/Setup,54.8,74,65,3,62,3.92,95.38,87.84,91.33,95.66,83.33,7.02,23.07,2
PureGlow Soaps International (Fictional Dummy Company),Global Manufacturing Head - PureGlow Soaps,Australia,Fiji,Lautoka,FCT035,Lautoka Soap Plant,LN0105,Line-3,2026-07-07 16:00:00,2026-07-07,16,Afternoon,Coconut Bar Soap,1.08,60.0,32.8,Material Shortage,27.2,65,26,2,24,5.77,92.31,40.0,45.33,88.51,37.04,2.72,8.83,3
PureGlow Soaps International (Fictional Dummy Company),Global Manufacturing Head - PureGlow Soaps,Australia,Fiji,Lautoka,FCT035,Lautoka Soap Plant,LN0103,Line-1,2026-07-07 17:00:00,2026-07-07,17,Afternoon,Aloe Vera Liquid Soap,1.04,60.0,34.5,Preventive Maintenance,25.5,62,23,1,22,4.46,95.65,37.1,42.5,86.73,35.26,2.48,16.47,1
PureGlow Soaps International (Fictional Dummy Company),Global Manufacturing Head - PureGlow Soaps,Australia,Fiji,Lautoka,FCT035,Lautoka Soap Plant,LN0104,Line-2,2026-07-07 17:00:00,2026-07-07,17,Afternoon,Aloe Vera Liquid Soap,1.24,60.0,1.6,No Downtime,58.4,74,73,2,71,2.69,97.26,98.65,97.33,100.81,95.43,6.46,22.25,1
PureGlow Soaps International (Fictional Dummy Company),Global Manufacturing Head - PureGlow Soaps,Australia,Fiji,Lautoka,FCT035,Lautoka Soap Plant,LN0105,Line-3,2026-07-07 17:00:00,2026-07-07,17,Afternoon,Coconut Bar Soap,1.08,60.0,40.5,Machine Breakdown,19.5,65,21,1,20,6.51,95.24,32.31,32.5,99.72,30.87,1.84,5.79,2
PureGlow Soaps International (Fictional Dummy Company),Global Manufacturing Head - PureGlow Soaps,Australia,Fiji,Lautoka,FCT035,Lautoka Soap Plant,LN0103,Line-1,2026-07-07 18:00:00,2026-07-07,18,Afternoon,Aloe Vera Liquid Soap,1.04,60.0,3.0,No Downtime,57.0,62,49,2,47,4.02,95.92,79.03,95.0,82.66,75.32,4.5,30.97,1
PureGlow Soaps International (Fictional Dummy Company),Global Manufacturing Head - PureGlow Soaps,Australia,Fiji,Lautoka,FCT035,Lautoka Soap Plant,LN0104,Line-2,2026-07-07 18:00:00,2026-07-07,18,Afternoon,Aloe Vera Liquid Soap,1.24,60.0,1.8,No Downtime,58.2,74,69,1,68,2.05,98.55,93.24,97.0,95.61,91.4,6.4,24.66,3
PureGlow Soaps International (Fictional Dummy Company),Global Manufacturing Head - PureGlow Soaps,Australia,Fiji,Lautoka,FCT035,Lautoka Soap Plant,LN0105,Line-3,2026-07-07 18:00:00,2026-07-07,18,Afternoon,Coconut Bar Soap,1.08,60.0,1.1,No Downtime,58.9,65,55,1,54,1.84,98.18,84.62,98.17,86.46,83.33,4.92,20.11,3
PureGlow Soaps International (Fictional Dummy Company),Global Manufacturing Head - PureGlow Soaps,Australia,Fiji,Lautoka,FCT035,Lautoka Soap Plant,LN0103,Line-1,2026-07-07 19:00:00,2026-07-07,19,Afternoon,Aloe Vera Liquid Soap,1.04,60.0,25.0,Material Shortage,35.0,62,31,0,31,0.8,100.0,50.0,58.33,85.16,49.67,2.81,22.56,3
PureGlow Soaps International (Fictional Dummy Company),Global Manufacturing Head - PureGlow Soaps,Australia,Fiji,Lautoka,FCT035,Lautoka Soap Plant,LN0104,Line-2,2026-07-07 19:00:00,2026-07-07,19,Afternoon,Aloe Vera Liquid Soap,1.24,60.0,22.4,Material Shortage,37.6,74,48,1,47,2.4,97.92,64.86,62.67,102.95,63.18,4.64,15.12,3
PureGlow Soaps International (Fictional Dummy Company),Global Manufacturing Head - PureGlow Soaps,Australia,Fiji,Lautoka,FCT035,Lautoka Soap Plant,LN0105,Line-3,2026-07-07 19:00:00,2026-07-07,19,Afternoon,Coconut Bar Soap,1.08,60.0,14.5,Quality Hold,45.5,65,50,4,46,8.96,92.0,76.92,75.83,101.75,70.98,4.93,13.71,1
PureGlow Soaps International (Fictional Dummy Company),Global Manufacturing Head - PureGlow Soaps,Australia,Fiji,Lautoka,FCT035,Lautoka Soap Plant,LN0103,Line-1,2026-07-07 20:00:00,2026-07-07,20,Afternoon,Aloe Vera Liquid Soap,1.04,60.0,10.0,Machine Breakdown,50.0,62,43,1,42,2.93,97.67,69.35,83.33,82.69,67.3,3.7,30.54,1
PureGlow Soaps International (Fictional Dummy Company),Global Manufacturing Head - PureGlow Soaps,Australia,Fiji,Lautoka,FCT035,Lautoka Soap Plant,LN0104,Line-2,2026-07-07 20:00:00,2026-07-07,20,Afternoon,Aloe Vera Liquid Soap,1.24,60.0,9.1,Quality Hold,50.9,74,64,6,58,8.81,90.62,86.49,84.83,101.4,77.95,6.1,19.84,3
PureGlow Soaps International (Fictional Dummy Company),Global Manufacturing Head - PureGlow Soaps,Australia,Fiji,Lautoka,FCT035,Lautoka Soap Plant,LN0105,Line-3,2026-07-07 20:00:00,2026-07-07,20,Afternoon,Coconut Bar Soap,1.08,60.0,1.6,No Downtime,58.4,65,56,2,54,3.01,96.43,86.15,97.33,88.79,83.33,5.16,17.73,2
PureGlow Soaps International (Fictional Dummy Company),Global Manufacturing Head - PureGlow Soaps,Australia,Fiji,Lautoka,FCT035,Lautoka Soap Plant,LN0103,Line-1,2026-07-07 21:00:00,2026-07-07,21,Afternoon,Aloe Vera Liquid Soap,1.04,60.0,25.9,Machine Breakdown,34.1,62,32,1,31,1.67,96.88,51.61,56.83,90.23,49.68,2.92,20.26,3
PureGlow Soaps International (Fictional Dummy Company),Global Manufacturing Head - PureGlow Soaps,Australia,Fiji,Lautoka,FCT035,Lautoka Soap Plant,LN0104,Line-2,2026-07-07 21:00:00,2026-07-07,21,Afternoon,Aloe Vera Liquid Soap,1.24,60.0,1.4,No Downtime,58.6,74,72,1,71,1.29,98.61,97.3,97.67,99.09,95.44,6.61,24.03,2
PureGlow Soaps International (Fictional Dummy Company),Global Manufacturing Head - PureGlow Soaps,Australia,Fiji,Lautoka,FCT035,Lautoka Soap Plant,LN0105,Line-3,2026-07-07 21:00:00,2026-07-07,21,Afternoon,Coconut Bar Soap,1.08,60.0,3.7,No Downtime,56.3,65,62,2,60,2.79,96.77,95.38,93.83,101.97,92.59,6.02,18.39,1
PureGlow Soaps International (Fictional Dummy Company),Global Manufacturing Head - PureGlow Soaps,Australia,Fiji,Lautoka,FCT035,Lautoka Soap Plant,LN0103,Line-1,2026-07-07 22:00:00,2026-07-07,22,Night,Aloe Vera Liquid Soap,1.04,60.0,28.7,Material Shortage,31.3,62,30,1,29,2.45,96.67,48.39,52.17,92.16,46.48,2.55,18.78,3
PureGlow Soaps International (Fictional Dummy Company),Global Manufacturing Head - PureGlow Soaps,Australia,Fiji,Lautoka,FCT035,Lautoka Soap Plant,LN0104,Line-2,2026-07-07 22:00:00,2026-07-07,22,Night,Aloe Vera Liquid Soap,1.24,60.0,19.5,Changeover/Setup,40.5,74,41,0,41,0.0,100.0,55.41,67.5,81.64,55.11,3.77,16.64,1
PureGlow Soaps International (Fictional Dummy Company),Global Manufacturing Head - PureGlow Soaps,Australia,Fiji,Lautoka,FCT035,Lautoka Soap Plant,LN0105,Line-3,2026-07-07 22:00:00,2026-07-07,22,Night,Coconut Bar Soap,1.08,60.0,5.7,Changeover/Setup,54.3,65,58,1,57,1.69,98.28,89.23,90.5,98.9,87.97,5.83,18.31,3
PureGlow Soaps International (Fictional Dummy Company),Global Manufacturing Head - PureGlow Soaps,Australia,Fiji,Lautoka,FCT035,Lautoka Soap Plant,LN0103,Line-1,2026-07-07 23:00:00,2026-07-07,23,Night,Aloe Vera Liquid Soap,1.04,60.0,0.8,No Downtime,59.2,62,58,2,56,4.04,96.55,93.55,98.67,94.2,89.74,5.23,35.79,1
PureGlow Soaps International (Fictional Dummy Company),Global Manufacturing Head - PureGlow Soaps,Australia,Fiji,Lautoka,FCT035,Lautoka Soap Plant,LN0104,Line-2,2026-07-07 23:00:00,2026-07-07,23,Night,Aloe Vera Liquid Soap,1.24,60.0,0.3,No Downtime,59.7,74,65,3,62,4.1,95.38,87.84,99.5,87.8,83.32,6.69,22.34,3
PureGlow Soaps International (Fictional Dummy Company),Global Manufacturing Head - PureGlow Soaps,Australia,Fiji,Lautoka,FCT035,Lautoka Soap Plant,LN0105,Line-3,2026-07-07 23:00:00,2026-07-07,23,Night,Coconut Bar Soap,1.08,60.0,11.9,Changeover/Setup,48.1,65,46,2,44,4.07,95.65,70.77,80.17,88.55,67.9,4.63,16.57,2
PureGlow Soaps International (Fictional Dummy Company),Global Manufacturing Head - PureGlow Soaps,Australia,Fiji,Lautoka,FCT035,Lautoka Soap Plant,LN0103,Line-1,2026-07-08 00:00:00,2026-07-08,0,Night,Coconut Bar Soap,1.04,60.0,19.5,Preventive Maintenance,40.5,62,37,1,36,3.96,97.3,59.68,67.5,87.84,57.69,4.01,24.95,2
PureGlow Soaps International (Fictional Dummy Company),Global Manufacturing Head - PureGlow Soaps,Australia,Fiji,Lautoka,FCT035,Lautoka Soap Plant,LN0104,Line-2,2026-07-08 00:00:00,2026-07-08,0,Night,Charcoal Bar Soap,1.24,60.0,37.5,Preventive Maintenance,22.5,74,24,1,23,4.74,95.83,32.43,37.5,86.02,30.91,2.36,8.78,2
PureGlow Soaps International (Fictional Dummy Company),Global Manufacturing Head - PureGlow Soaps,Australia,Fiji,Lautoka,FCT035,Lautoka Soap Plant,LN0105,Line-3,2026-07-08 00:00:00,2026-07-08,0,Night,Lavender Bar Soap,1.08,60.0,19.2,Changeover/Setup,40.8,65,43,1,42,2.62,97.67,66.15,68.0,97.59,64.81,4.57,13.41,3
PureGlow Soaps International (Fictional Dummy Company),Global Manufacturing Head - PureGlow Soaps,Australia,Fiji,Lautoka,FCT035,Lautoka Soap Plant,LN0103,Line-1,2026-07-08 01:00:00,2026-07-08,1,Night,Coconut Bar Soap,1.04,60.0,36.8,Machine Breakdown,23.2,62,20,1,19,4.39,95.0,32.26,38.67,82.89,30.45,1.74,13.74,1
PureGlow Soaps International (Fictional Dummy Company),Global Manufacturing Head - PureGlow Soaps,Australia,Fiji,Lautoka,FCT035,Lautoka Soap Plant,LN0104,Line-2,2026-07-08 01:00:00,2026-07-08,1,Night,Charcoal Bar Soap,1.24,60.0,10.2,Machine Breakdown,49.8,74,58,2,56,2.77,96.55,78.38,83.0,93.92,75.26,5.81,22.4,2
PureGlow Soaps International (Fictional Dummy Company),Global Manufacturing Head - PureGlow Soaps,Australia,Fiji,Lautoka,FCT035,Lautoka Soap Plant,LN0105,Line-3,2026-07-08 01:00:00,2026-07-08,1,Night,Lavender Bar Soap,1.08,60.0,20.2,Preventive Maintenance,39.8,65,35,0,35,0.71,100.0,53.85,66.33,81.43,54.01,3.52,13.85,1
PureGlow Soaps International (Fictional Dummy Company),Global Manufacturing Head - PureGlow Soaps,Australia,Fiji,Lautoka,FCT035,Lautoka Soap Plant,LN0103,Line-1,2026-07-08 02:00:00,2026-07-08,2,Night,Coconut Bar Soap,1.04,60.0,18.8,Power Outage,41.2,62,38,1,37,3.48,97.37,61.29,68.67,88.69,59.3,3.79,27.19,3
PureGlow Soaps International (Fictional Dummy Company),Global Manufacturing Head - PureGlow Soaps,Australia,Fiji,Lautoka,FCT035,Lautoka Soap Plant,LN0104,Line-2,2026-07-08 02:00:00,2026-07-08,2,Night,Charcoal Bar Soap,1.24,60.0,19.0,Machine Breakdown,41.0,74,44,1,43,3.2,97.73,59.46,68.33,86.55,57.8,4.42,17.69,2
PureGlow Soaps International (Fictional Dummy Company),Global Manufacturing Head - PureGlow Soaps,Australia,Fiji,Lautoka,FCT035,Lautoka Soap Plant,LN0105,Line-3,2026-07-08 02:00:00,2026-07-08,2,Night,Lavender Bar Soap,1.08,60.0,13.4,Changeover/Setup,46.6,65,46,2,44,3.84,95.65,70.77,77.67,91.4,67.9,4.34,16.12,3
PureGlow Soaps International (Fictional Dummy Company),Global Manufacturing Head - PureGlow Soaps,Australia,Fiji,Lautoka,FCT035,Lautoka Soap Plant,LN0103,Line-1,2026-07-08 03:00:00,2026-07-08,3,Night,Coconut Bar Soap,1.04,60.0,31.4,Preventive Maintenance,28.6,62,27,0,27,1.24,100.0,43.55,47.67,90.77,43.27,2.89,16.16,1
PureGlow Soaps International (Fictional Dummy Company),Global Manufacturing Head - PureGlow Soaps,Australia,Fiji,Lautoka,FCT035,Lautoka Soap Plant,LN0104,Line-2,2026-07-08 03:00:00,2026-07-08,3,Night,Charcoal Bar Soap,1.24,60.0,2.4,No Downtime,57.6,74,69,2,67,2.93,97.1,93.24,96.0,96.61,90.06,6.05,26.24,1
PureGlow Soaps International (Fictional Dummy Company),Global Manufacturing Head - PureGlow Soaps,Australia,Fiji,Lautoka,FCT035,Lautoka Soap Plant,LN0105,Line-3,2026-07-08 03:00:00,2026-07-08,3,Night,Lavender Bar Soap,1.08,60.0,2.3,No Downtime,57.7,65,51,2,49,3.04,96.08,78.46,96.17,81.84,75.62,5.12,19.62,2
PureGlow Soaps International (Fictional Dummy Company),Global Manufacturing Head - PureGlow Soaps,Australia,Fiji,Lautoka,FCT035,Lautoka Soap Plant,LN0103,Line-1,2026-07-08 04:00:00,2026-07-08,4,Night,Coconut Bar Soap,1.04,60.0,0.8,No Downtime,59.2,62,59,3,56,4.45,94.92,95.16,98.67,95.83,89.75,6.45,39.23,1
PureGlow Soaps International (Fictional Dummy Company),Global Manufacturing Head - PureGlow Soaps,Australia,Fiji,Lautoka,FCT035,Lautoka Soap Plant,LN0104,Line-2,2026-07-08 04:00:00,2026-07-08,4,Night,Charcoal Bar Soap,1.24,60.0,0.7,No Downtime,59.3,74,61,2,59,3.28,96.72,82.43,98.83,82.96,79.3,6.18,26.95,1
PureGlow Soaps International (Fictional Dummy Company),Global Manufacturing Head - PureGlow Soaps,Australia,Fiji,Lautoka,FCT035,Lautoka Soap Plant,LN0105,Line-3,2026-07-08 04:00:00,2026-07-08,4,Night,Lavender Bar Soap,1.08,60.0,9.0,Changeover/Setup,51.0,65,56,2,54,3.23,96.43,86.15,85.0,101.67,83.33,6.03,14.95,1
PureGlow Soaps International (Fictional Dummy Company),Global Manufacturing Head - PureGlow Soaps,Australia,Fiji,Lautoka,FCT035,Lautoka Soap Plant,LN0103,Line-1,2026-07-08 05:00:00,2026-07-08,5,Night,Coconut Bar Soap,1.04,60.0,2.3,No Downtime,57.7,62,60,0,60,0.4,100.0,96.77,96.17,99.99,96.16,5.55,32.11,3
PureGlow Soaps International (Fictional Dummy Company),Global Manufacturing Head - PureGlow Soaps,Australia,Fiji,Lautoka,FCT035,Lautoka Soap Plant,LN0104,Line-2,2026-07-08 05:00:00,2026-07-08,5,Night,Charcoal Bar Soap,1.24,60.0,16.9,Material Shortage,43.1,74,46,3,43,6.45,93.48,62.16,71.83,86.07,57.79,4.04,16.4,1
PureGlow Soaps International (Fictional Dummy Company),Global Manufacturing Head - PureGlow Soaps,Australia,Fiji,Lautoka,FCT035,Lautoka Soap Plant,LN0105,Line-3,2026-07-08 05:00:00,2026-07-08,5,Night,Lavender Bar Soap,1.08,60.0,2.7,No Downtime,57.3,65,59,2,57,2.77,96.61,90.77,95.5,95.34,87.96,5.08,18.07,3
PureGlow Soaps International (Fictional Dummy Company),Global Manufacturing Head - PureGlow Soaps,Australia,Fiji,Lautoka,FCT035,Lautoka Soap Plant,LN0103,Line-1,2026-07-08 06:00:00,2026-07-08,6,Morning,Coconut Bar Soap,1.04,60.0,2.0,No Downtime,58.0,62,60,2,58,3.23,96.67,96.77,96.67,99.47,92.96,5.63,31.64,3
PureGlow Soaps International (Fictional Dummy Company),Global Manufacturing Head - PureGlow Soaps,Australia,Fiji,Lautoka,FCT035,Lautoka Soap Plant,LN0104,Line-2,2026-07-08 06:00:00,2026-07-08,6,Morning,Charcoal Bar Soap,1.24,60.0,23.4,Staff Shortage,36.6,74,41,1,40,2.6,97.56,55.41,61.0,90.34,53.76,4.08,14.78,2
PureGlow Soaps International (Fictional Dummy Company),Global Manufacturing Head - PureGlow Soaps,Australia,Fiji,Lautoka,FCT035,Lautoka Soap Plant,LN0105,Line-3,2026-07-08 06:00:00,2026-07-08,6,Morning,Lavender Bar Soap,1.08,60.0,0.5,No Downtime,59.5,65,64,2,62,3.09,96.88,98.46,99.17,99.6,95.69,6.24,18.92,3
PureGlow Soaps International (Fictional Dummy Company),Global Manufacturing Head - PureGlow Soaps,Australia,Fiji,Lautoka,FCT035,Lautoka Soap Plant,LN0103,Line-1,2026-07-08 07:00:00,2026-07-08,7,Morning,Coconut Bar Soap,1.04,60.0,26.2,Power Outage,33.8,62,29,1,28,3.29,96.55,46.77,56.33,82.5,44.87,2.57,21.97,2
PureGlow Soaps International (Fictional Dummy Company),Global Manufacturing Head - PureGlow Soaps,Australia,Fiji,Lautoka,FCT035,Lautoka Soap Plant,LN0104,Line-2,2026-07-08 07:00:00,2026-07-08,7,Morning,Charcoal Bar Soap,1.24,60.0,30.8,Preventive Maintenance,29.2,74,36,1,35,2.5,97.22,48.65,48.67,99.43,47.05,3.27,13.1,2
PureGlow Soaps International (Fictional Dummy Company),Global Manufacturing Head - PureGlow Soaps,Australia,Fiji,Lautoka,FCT035,Lautoka Soap Plant,LN0105,Line-3,2026-07-08 07:00:00,2026-07-08,7,Morning,Lavender Bar Soap,1.08,60.0,2.4,No Downtime,57.6,65,50,2,48,4.55,96.0,76.92,96.0,80.38,74.08,4.25,19.41,2
PureGlow Soaps International (Fictional Dummy Company),Global Manufacturing Head - PureGlow Soaps,Australia,Fiji,Lautoka,FCT035,Lautoka Soap Plant,LN0103,Line-1,2026-07-08 08:00:00,2026-07-08,8,Morning,Coconut Bar Soap,1.04,60.0,3.4,No Downtime,56.6,62,52,2,50,3.08,96.15,83.87,94.33,88.34,80.12,5.17,36.67,1
PureGlow Soaps International (Fictional Dummy Company),Global Manufacturing Head - PureGlow Soaps,Australia,Fiji,Lautoka,FCT035,Lautoka Soap Plant,LN0104,Line-2,2026-07-08 08:00:00,2026-07-08,8,Morning,Charcoal Bar Soap,1.24,60.0,32.1,Material Shortage,27.9,74,34,1,33,3.72,97.06,45.95,46.5,98.28,44.36,3.42,12.14,2
PureGlow Soaps International (Fictional Dummy Company),Global Manufacturing Head - PureGlow Soaps,Australia,Fiji,Lautoka,FCT035,Lautoka Soap Plant,LN0105,Line-3,2026-07-08 08:00:00,2026-07-08,8,Morning,Lavender Bar Soap,1.08,60.0,3.4,No Downtime,56.6,65,60,1,59,2.04,98.33,92.31,94.33,98.15,91.04,6.6,17.23,2
PureGlow Soaps International (Fictional Dummy Company),Global Manufacturing Head - PureGlow Soaps,Australia,Fiji,Lautoka,FCT035,Lautoka Soap Plant,LN0103,Line-1,2026-07-08 09:00:00,2026-07-08,9,Morning,Coconut Bar Soap,1.04,60.0,1.7,No Downtime,58.3,62,61,1,60,1.57,98.36,98.39,97.17,100.61,96.16,5.53,37.6,1
PureGlow Soaps International (Fictional Dummy Company),Global Manufacturing Head - PureGlow Soaps,Australia,Fiji,Lautoka,FCT035,Lautoka Soap Plant,LN0104,Line-2,2026-07-08 09:00:00,2026-07-08,9,Morning,Charcoal Bar Soap,1.24,60.0,24.9,Staff Shortage,35.1,74,44,1,43,3.12,97.73,59.46,58.5,101.09,57.8,4.3,15.34,1
PureGlow Soaps International (Fictional Dummy Company),Global Manufacturing Head - PureGlow Soaps,Australia,Fiji,Lautoka,FCT035,Lautoka Soap Plant,LN0105,Line-3,2026-07-08 09:00:00,2026-07-08,9,Morning,Lavender Bar Soap,1.08,60.0,28.9,Material Shortage,31.1,65,31,0,31,1.31,100.0,47.69,51.83,92.29,47.83,3.02,10.6,2
PureGlow Soaps International (Fictional Dummy Company),Global Manufacturing Head - PureGlow Soaps,Australia,Fiji,Lautoka,FCT035,Lautoka Soap Plant,LN0103,Line-1,2026-07-08 10:00:00,2026-07-08,10,Morning,Coconut Bar Soap,1.04,60.0,20.3,Preventive Maintenance,39.7,62,37,2,35,4.78,94.59,59.68,66.17,89.61,56.09,3.43,24.8,2
PureGlow Soaps International (Fictional Dummy Company),Global Manufacturing Head - PureGlow Soaps,Australia,Fiji,Lautoka,FCT035,Lautoka Soap Plant,LN0104,Line-2,2026-07-08 10:00:00,2026-07-08,10,Morning,Charcoal Bar Soap,1.24,60.0,17.8,Staff Shortage,42.2,74,49,1,48,2.74,97.96,66.22,70.33,93.64,64.51,5.05,19.06,2
PureGlow Soaps International (Fictional Dummy Company),Global Manufacturing Head - PureGlow Soaps,Australia,Fiji,Lautoka,FCT035,Lautoka Soap Plant,LN0105,Line-3,2026-07-08 10:00:00,2026-07-08,10,Morning,Lavender Bar Soap,1.08,60.0,43.4,Machine Breakdown,16.6,65,15,1,14,4.91,93.33,23.08,27.67,83.67,21.61,1.45,5.68,1
PureGlow Soaps International (Fictional Dummy Company),Global Manufacturing Head - PureGlow Soaps,Australia,Fiji,Lautoka,FCT035,Lautoka Soap Plant,LN0103,Line-1,2026-07-08 11:00:00,2026-07-08,11,Morning,Coconut Bar Soap,1.04,60.0,2.0,No Downtime,58.0,62,56,2,54,3.49,96.43,90.32,96.67,92.84,86.54,5.11,33.25,2
PureGlow Soaps International (Fictional Dummy Company),Global Manufacturing Head - PureGlow Soaps,Australia,Fiji,Lautoka,FCT035,Lautoka Soap Plant,LN0104,Line-2,2026-07-08 11:00:00,2026-07-08,11,Morning,Charcoal Bar Soap,1.24,60.0,33.2,Preventive Maintenance,26.8,74,33,2,31,4.55,93.94,44.59,44.67,99.3,41.67,3.62,11.41,1
PureGlow Soaps International (Fictional Dummy Company),Global Manufacturing Head - PureGlow Soaps,Australia,Fiji,Lautoka,FCT035,Lautoka Soap Plant,LN0105,Line-3,2026-07-08 11:00:00,2026-07-08,11,Morning,Lavender Bar Soap,1.08,60.0,3.1,No Downtime,56.9,65,61,4,57,5.84,93.44,93.85,94.83,99.26,87.95,6.06,19.98,2
PureGlow Soaps International (Fictional Dummy Company),Global Manufacturing Head - PureGlow Soaps,Australia,Fiji,Lautoka,FCT035,Lautoka Soap Plant,LN0103,Line-1,2026-07-08 12:00:00,2026-07-08,12,Morning,Coconut Bar Soap,1.04,60.0,13.7,Power Outage,46.3,62,40,2,38,4.51,95.0,64.52,77.17,83.07,60.9,4.01,25.98,2
PureGlow Soaps International (Fictional Dummy Company),Global Manufacturing Head - PureGlow Soaps,Australia,Fiji,Lautoka,FCT035,Lautoka Soap Plant,LN0104,Line-2,2026-07-08 12:00:00,2026-07-08,12,Morning,Charcoal Bar Soap,1.24,60.0,0.8,No Downtime,59.2,74,72,2,70,3.38,97.22,97.3,98.67,98.08,94.09,6.51,23.63,1
PureGlow Soaps International (Fictional Dummy Company),Global Manufacturing Head - PureGlow Soaps,Australia,Fiji,Lautoka,FCT035,Lautoka Soap Plant,LN0105,Line-3,2026-07-08 12:00:00,2026-07-08,12,Morning,Lavender Bar Soap,1.08,60.0,2.0,No Downtime,58.0,65,60,2,58,3.18,96.67,92.31,96.67,95.79,89.52,5.18,17.36,1
PureGlow Soaps International (Fictional Dummy Company),Global Manufacturing Head - PureGlow Soaps,Australia,Fiji,Lautoka,FCT035,Lautoka Soap Plant,LN0103,Line-1,2026-07-08 13:00:00,2026-07-08,13,Morning,Coconut Bar Soap,1.04,60.0,32.7,Machine Breakdown,27.3,62,24,1,23,2.43,95.83,38.71,45.5,84.53,36.86,2.39,16.58,2
PureGlow Soaps International (Fictional Dummy Company),Global Manufacturing Head - PureGlow Soaps,Australia,Fiji,Lautoka,FCT035,Lautoka Soap Plant,LN0104,Line-2,2026-07-08 13:00:00,2026-07-08,13,Morning,Charcoal Bar Soap,1.24,60.0,23.4,Material Shortage,36.6,74,42,1,41,2.13,97.62,56.76,61.0,92.54,55.11,3.8,14.67,3
PureGlow Soaps International (Fictional Dummy Company),Global Manufacturing Head - PureGlow Soaps,Australia,Fiji,Lautoka,FCT035,Lautoka Soap Plant,LN0105,Line-3,2026-07-08 13:00:00,2026-07-08,13,Morning,Lavender Bar Soap,1.08,60.0,23.6,Staff Shortage,36.4,65,32,1,31,2.29,96.88,49.23,60.67,81.4,47.84,2.89,13.0,1
PureGlow Soaps International (Fictional Dummy Company),Global Manufacturing Head - PureGlow Soaps,Australia,Fiji,Lautoka,FCT035,Lautoka Soap Plant,LN0103,Line-1,2026-07-08 14:00:00,2026-07-08,14,Afternoon,Coconut Bar Soap,1.04,60.0,9.7,Staff Shortage,50.3,62,50,1,49,1.87,98.0,80.65,83.83,95.58,78.52,4.5,27.34,2
PureGlow Soaps International (Fictional Dummy Company),Global Manufacturing Head - PureGlow Soaps,Australia,Fiji,Lautoka,FCT035,Lautoka Soap Plant,LN0104,Line-2,2026-07-08 14:00:00,2026-07-08,14,Afternoon,Charcoal Bar Soap,1.24,60.0,3.6,No Downtime,56.4,74,67,2,65,3.53,97.01,90.54,94.0,95.8,87.36,6.13,23.66,3
PureGlow Soaps International (Fictional Dummy Company),Global Manufacturing Head - PureGlow Soaps,Australia,Fiji,Lautoka,FCT035,Lautoka Soap Plant,LN0105,Line-3,2026-07-08 14:00:00,2026-07-08,14,Afternoon,Lavender Bar Soap,1.08,60.0,2.8,No Downtime,57.2,65,58,4,54,6.44,93.1,89.23,95.33,93.89,83.33,5.32,20.31,3
PureGlow Soaps International (Fictional Dummy Company),Global Manufacturing Head - PureGlow Soaps,Australia,Fiji,Lautoka,FCT035,Lautoka Soap Plant,LN0103,Line-1,2026-07-08 15:00:00,2026-07-08,15,Afternoon,Coconut Bar Soap,1.04,60.0,14.3,Changeover/Setup,45.7,62,45,2,43,3.35,95.56,72.58,76.17,94.68,68.92,4.07,27.83,3
PureGlow Soaps International (Fictional Dummy Company),Global Manufacturing Head - PureGlow Soaps,Australia,Fiji,Lautoka,FCT035,Lautoka Soap Plant,LN0104,Line-2,2026-07-08 15:00:00,2026-07-08,15,Afternoon,Charcoal Bar Soap,1.24,60.0,3.9,No Downtime,56.1,74,60,2,58,3.34,96.67,81.08,93.5,86.25,77.96,5.78,24.16,2
PureGlow Soaps International (Fictional Dummy Company),Global Manufacturing Head - PureGlow Soaps,Australia,Fiji,Lautoka,FCT035,Lautoka Soap Plant,LN0105,Line-3,2026-07-08 15:00:00,2026-07-08,15,Afternoon,Lavender Bar Soap,1.08,60.0,14.0,Machine Breakdown,46.0,65,45,2,43,4.17,95.56,69.23,76.67,90.58,66.36,4.62,16.37,3
PureGlow Soaps International (Fictional Dummy Company),Global Manufacturing Head - PureGlow Soaps,Australia,Fiji,Lautoka,FCT035,Lautoka Soap Plant,LN0103,Line-1,2026-07-08 16:00:00,2026-07-08,16,Afternoon,Coconut Bar Soap,1.04,60.0,13.4,Power Outage,46.6,62,41,1,40,1.99,97.56,66.13,77.67,84.6,64.11,4.26,25.52,2
PureGlow Soaps International (Fictional Dummy Company),Global Manufacturing Head - PureGlow Soaps,Australia,Fiji,Lautoka,FCT035,Lautoka Soap Plant,LN0104,Line-2,2026-07-08 16:00:00,2026-07-08,16,Afternoon,Charcoal Bar Soap,1.24,60.0,1.3,No Downtime,58.7,74,63,3,60,4.44,95.24,85.14,97.83,86.55,80.64,6.19,23.69,1
PureGlow Soaps International (Fictional Dummy Company),Global Manufacturing Head - PureGlow Soaps,Australia,Fiji,Lautoka,FCT035,Lautoka Soap Plant,LN0105,Line-3,2026-07-08 16:00:00,2026-07-08,16,Afternoon,Lavender Bar Soap,1.08,60.0,7.1,Power Outage,52.9,65,56,3,53,5.35,94.64,86.15,88.17,98.02,81.79,5.64,18.27,2
PureGlow Soaps International (Fictional Dummy Company),Global Manufacturing Head - PureGlow Soaps,Australia,Fiji,Lautoka,FCT035,Lautoka Soap Plant,LN0103,Line-1,2026-07-08 17:00:00,2026-07-08,17,Afternoon,Coconut Bar Soap,1.04,60.0,1.7,No Downtime,58.3,62,49,2,47,3.25,95.92,79.03,97.17,80.82,75.33,4.84,33.85,3
PureGlow Soaps International (Fictional Dummy Company),Global Manufacturing Head - PureGlow Soaps,Australia,Fiji,Lautoka,FCT035,Lautoka Soap Plant,LN0104,Line-2,2026-07-08 17:00:00,2026-07-08,17,Afternoon,Charcoal Bar Soap,1.24,60.0,39.8,Machine Breakdown,20.2,74,26,0,26,1.48,100.0,35.14,33.67,103.8,34.95,2.37,7.76,3
PureGlow Soaps International (Fictional Dummy Company),Global Manufacturing Head - PureGlow Soaps,Australia,Fiji,Lautoka,FCT035,Lautoka Soap Plant,LN0105,Line-3,2026-07-08 17:00:00,2026-07-08,17,Afternoon,Lavender Bar Soap,1.08,60.0,32.0,Material Shortage,28.0,65,25,1,24,2.61,96.0,38.46,46.67,82.67,37.04,2.27,8.45,3
PureGlow Soaps International (Fictional Dummy Company),Global Manufacturing Head - PureGlow Soaps,Australia,Fiji,Lautoka,FCT035,Lautoka Soap Plant,LN0103,Line-1,2026-07-08 18:00:00,2026-07-08,18,Afternoon,Coconut Bar Soap,1.04,60.0,0.1,No Downtime,59.9,62,60,2,58,3.56,96.67,96.77,99.83,96.31,92.94,6.07,39.61,3
PureGlow Soaps International (Fictional Dummy Company),Global Manufacturing Head - PureGlow Soaps,Australia,Fiji,Lautoka,FCT035,Lautoka Soap Plant,LN0104,Line-2,2026-07-08 18:00:00,2026-07-08,18,Afternoon,Charcoal Bar Soap,1.24,60.0,3.7,No Downtime,56.3,74,60,1,59,1.47,98.33,81.08,93.83,85.95,79.3,5.61,23.56,2
PureGlow Soaps International (Fictional Dummy Company),Global Manufacturing Head - PureGlow Soaps,Australia,Fiji,Lautoka,FCT035,Lautoka Soap Plant,LN0105,Line-3,2026-07-08 18:00:00,2026-07-08,18,Afternoon,Lavender Bar Soap,1.08,60.0,2.8,No Downtime,57.2,65,58,1,57,1.18,98.28,89.23,95.33,93.89,87.97,5.29,18.86,3
PureGlow Soaps International (Fictional Dummy Company),Global Manufacturing Head - PureGlow Soaps,Australia,Fiji,Lautoka,FCT035,Lautoka Soap Plant,LN0103,Line-1,2026-07-08 19:00:00,2026-07-08,19,Afternoon,Coconut Bar Soap,1.04,60.0,0.5,No Downtime,59.5,62,57,1,56,2.36,98.25,91.94,99.17,92.11,89.75,5.68,35.65,3
PureGlow Soaps International (Fictional Dummy Company),Global Manufacturing Head - PureGlow Soaps,Australia,Fiji,Lautoka,FCT035,Lautoka Soap Plant,LN0104,Line-2,2026-07-08 19:00:00,2026-07-08,19,Afternoon,Charcoal Bar Soap,1.24,60.0,22.7,Power Outage,37.3,74,45,1,44,2.92,97.78,60.81,62.17,97.29,59.14,4.11,16.77,2
PureGlow Soaps International (Fictional Dummy Company),Global Manufacturing Head - PureGlow Soaps,Australia,Fiji,Lautoka,FCT035,Lautoka Soap Plant,LN0105,Line-3,2026-07-08 19:00:00,2026-07-08,19,Afternoon,Lavender Bar Soap,1.08,60.0,29.2,Material Shortage,30.8,65,28,1,27,2.97,96.43,43.08,51.33,84.18,41.67,3.05,9.93,3
PureGlow Soaps International (Fictional Dummy Company),Global Manufacturing Head - PureGlow Soaps,Australia,Fiji,Lautoka,FCT035,Lautoka Soap Plant,LN0103,Line-1,2026-07-08 20:00:00,2026-07-08,20,Afternoon,Coconut Bar Soap,1.04,60.0,13.7,Power Outage,46.3,62,39,1,38,1.86,97.44,62.9,77.17,80.99,60.9,4.06,27.21,3
PureGlow Soaps International (Fictional Dummy Company),Global Manufacturing Head - PureGlow Soaps,Australia,Fiji,Lautoka,FCT035,Lautoka Soap Plant,LN0104,Line-2,2026-07-08 20:00:00,2026-07-08,20,Afternoon,Charcoal Bar Soap,1.24,60.0,1.1,No Downtime,58.9,74,65,2,63,3.37,96.92,87.84,98.17,89.0,84.68,5.94,26.83,1
PureGlow Soaps International (Fictional Dummy Company),Global Manufacturing Head - PureGlow Soaps,Australia,Fiji,Lautoka,FCT035,Lautoka Soap Plant,LN0105,Line-3,2026-07-08 20:00:00,2026-07-08,20,Afternoon,Lavender Bar Soap,1.08,60.0,11.2,Power Outage,48.8,65,42,2,40,3.86,95.24,64.62,81.33,79.69,61.73,4.48,17.25,2
PureGlow Soaps International (Fictional Dummy Company),Global Manufacturing Head - PureGlow Soaps,Australia,Fiji,Lautoka,FCT035,Lautoka Soap Plant,LN0103,Line-1,2026-07-08 21:00:00,2026-07-08,21,Afternoon,Coconut Bar Soap,1.04,60.0,18.7,Changeover/Setup,41.3,62,41,2,39,4.03,95.12,66.13,68.83,95.46,62.5,3.77,23.83,2
PureGlow Soaps International (Fictional Dummy Company),Global Manufacturing Head - PureGlow Soaps,Australia,Fiji,Lautoka,FCT035,Lautoka Soap Plant,LN0104,Line-2,2026-07-08 21:00:00,2026-07-08,21,Afternoon,Charcoal Bar Soap,1.24,60.0,16.7,Machine Breakdown,43.3,74,55,2,53,2.86,96.36,74.32,72.17,102.44,71.24,5.83,18.38,1
PureGlow Soaps International (Fictional Dummy Company),Global Manufacturing Head - PureGlow Soaps,Australia,Fiji,Lautoka,FCT035,Lautoka Soap Plant,LN0105,Line-3,2026-07-08 21:00:00,2026-07-08,21,Afternoon,Lavender Bar Soap,1.08,60.0,0.9,No Downtime,59.1,65,59,2,57,2.55,96.61,90.77,98.5,92.44,87.97,6.08,19.8,3
PureGlow Soaps International (Fictional Dummy Company),Global Manufacturing Head - PureGlow Soaps,Australia,Fiji,Lautoka,FCT035,Lautoka Soap Plant,LN0103,Line-1,2026-07-08 22:00:00,2026-07-08,22,Night,Coconut Bar Soap,1.04,60.0,11.7,Changeover/Setup,48.3,62,42,2,40,3.91,95.24,67.74,80.5,83.61,64.1,3.93,27.62,3
PureGlow Soaps International (Fictional Dummy Company),Global Manufacturing Head - PureGlow Soaps,Australia,Fiji,Lautoka,FCT035,Lautoka Soap Plant,LN0104,Line-2,2026-07-08 22:00:00,2026-07-08,22,Night,Charcoal Bar Soap,1.24,60.0,41.1,Machine Breakdown,18.9,74,24,1,23,4.34,95.83,32.43,31.5,102.41,30.91,2.24,8.1,1
PureGlow Soaps International (Fictional Dummy Company),Global Manufacturing Head - PureGlow Soaps,Australia,Fiji,Lautoka,FCT035,Lautoka Soap Plant,LN0105,Line-3,2026-07-08 22:00:00,2026-07-08,22,Night,Lavender Bar Soap,1.08,60.0,32.7,Material Shortage,27.3,65,30,1,29,2.18,96.67,46.15,45.5,101.75,44.75,3.07,8.03,1
PureGlow Soaps International (Fictional Dummy Company),Global Manufacturing Head - PureGlow Soaps,Australia,Fiji,Lautoka,FCT035,Lautoka Soap Plant,LN0103,Line-1,2026-07-08 23:00:00,2026-07-08,23,Night,Coconut Bar Soap,1.04,60.0,0.1,No Downtime,59.9,62,55,1,54,2.72,98.18,88.71,99.83,88.29,86.54,4.94,37.82,1
PureGlow Soaps International (Fictional Dummy Company),Global Manufacturing Head - PureGlow Soaps,Australia,Fiji,Lautoka,FCT035,Lautoka Soap Plant,LN0104,Line-2,2026-07-08 23:00:00,2026-07-08,23,Night,Charcoal Bar Soap,1.24,60.0,18.9,Material Shortage,41.1,74,46,2,44,3.55,95.65,62.16,68.5,90.26,59.14,4.61,18.61,2
PureGlow Soaps International (Fictional Dummy Company),Global Manufacturing Head - PureGlow Soaps,Australia,Fiji,Lautoka,FCT035,Lautoka Soap Plant,LN0105,Line-3,2026-07-08 23:00:00,2026-07-08,23,Night,Lavender Bar Soap,1.08,60.0,28.4,Power Outage,31.6,65,31,1,30,2.13,96.77,47.69,52.67,90.83,46.29,3.31,9.97,1
PureGlow Soaps International (Fictional Dummy Company),Global Manufacturing Head - PureGlow Soaps,Australia,Fiji,Lautoka,FCT035,Lautoka Soap Plant,LN0103,Line-1,2026-07-09 00:00:00,2026-07-09,0,Night,Lemon Bar Soap,1.04,60.0,11.5,Quality Hold,48.5,62,44,2,42,5.33,95.45,70.97,80.83,87.23,67.3,3.83,27.41,1
PureGlow Soaps International (Fictional Dummy Company),Global Manufacturing Head - PureGlow Soaps,Australia,Fiji,Lautoka,FCT035,Lautoka Soap Plant,LN0104,Line-2,2026-07-09 00:00:00,2026-07-09,0,Night,Aloe Vera Liquid Soap,1.24,60.0,34.5,Material Shortage,25.5,74,27,1,26,3.58,96.3,36.49,42.5,85.39,34.95,2.85,9.96,1
PureGlow Soaps International (Fictional Dummy Company),Global Manufacturing Head - PureGlow Soaps,Australia,Fiji,Lautoka,FCT035,Lautoka Soap Plant,LN0105,Line-3,2026-07-09 00:00:00,2026-07-09,0,Night,Charcoal Bar Soap,1.08,60.0,3.8,No Downtime,56.2,65,57,1,56,1.53,98.25,87.69,93.67,93.91,86.43,5.17,18.81,3
PureGlow Soaps International (Fictional Dummy Company),Global Manufacturing Head - PureGlow Soaps,Australia,Fiji,Lautoka,FCT035,Lautoka Soap Plant,LN0103,Line-1,2026-07-09 01:00:00,2026-07-09,1,Night,Lemon Bar Soap,1.04,60.0,2.5,No Downtime,57.5,62,57,1,56,2.55,98.25,91.94,95.83,95.32,89.75,6.05,35.98,3
PureGlow Soaps International (Fictional Dummy Company),Global Manufacturing Head - PureGlow Soaps,Australia,Fiji,Lautoka,FCT035,Lautoka Soap Plant,LN0104,Line-2,2026-07-09 01:00:00,2026-07-09,1,Night,Aloe Vera Liquid Soap,1.24,60.0,20.9,Staff Shortage,39.1,74,44,0,44,0.0,100.0,59.46,65.17,90.75,59.14,4.09,16.0,1
PureGlow Soaps International (Fictional Dummy Company),Global Manufacturing Head - PureGlow Soaps,Australia,Fiji,Lautoka,FCT035,Lautoka Soap Plant,LN0105,Line-3,2026-07-09 01:00:00,2026-07-09,1,Night,Charcoal Bar Soap,1.08,60.0,13.0,Material Shortage,47.0,65,42,2,40,4.72,95.24,64.62,78.33,82.74,61.73,3.73,13.86,3
PureGlow Soaps International (Fictional Dummy Company),Global Manufacturing Head - PureGlow Soaps,Australia,Fiji,Lautoka,FCT035,Lautoka Soap Plant,LN0103,Line-1,2026-07-09 02:00:00,2026-07-09,2,Night,Lemon Bar Soap,1.04,60.0,2.0,No Downtime,58.0,62,60,2,58,3.61,96.67,96.77,96.67,99.47,92.96,5.48,31.97,3
PureGlow Soaps International (Fictional Dummy Company),Global Manufacturing Head - PureGlow Soaps,Australia,Fiji,Lautoka,FCT035,Lautoka Soap Plant,LN0104,Line-2,2026-07-09 02:00:00,2026-07-09,2,Night,Aloe Vera Liquid Soap,1.24,60.0,0.0,No Downtime,60.0,74,61,0,61,0.06,100.0,82.43,100.0,81.99,81.99,6.06,23.08,3
PureGlow Soaps International (Fictional Dummy Company),Global Manufacturing Head - PureGlow Soaps,Australia,Fiji,Lautoka,FCT035,Lautoka Soap Plant,LN0105,Line-3,2026-07-09 02:00:00,2026-07-09,2,Night,Charcoal Bar Soap,1.08,60.0,34.7,Material Shortage,25.3,65,22,1,21,3.63,95.45,33.85,42.17,80.52,32.41,1.93,7.41,2
PureGlow Soaps International (Fictional Dummy Company),Global Manufacturing Head - PureGlow Soaps,Australia,Fiji,Lautoka,FCT035,Lautoka Soap Plant,LN0103,Line-1,2026-07-09 03:00:00,2026-07-09,3,Night,Lemon Bar Soap,1.04,60.0,19.3,Machine Breakdown,40.7,62,36,0,36,0.81,100.0,58.06,67.83,85.05,57.69,3.8,23.68,2
PureGlow Soaps International (Fictional Dummy Company),Global Manufacturing Head - PureGlow Soaps,Australia,Fiji,Lautoka,FCT035,Lautoka Soap Plant,LN0104,Line-2,2026-07-09 03:00:00,2026-07-09,3,Night,Aloe Vera Liquid Soap,1.24,60.0,28.1,Preventive Maintenance,31.9,74,40,1,39,2.72,97.5,54.05,53.17,101.12,52.42,3.49,13.42,2
PureGlow Soaps International (Fictional Dummy Company),Global Manufacturing Head - PureGlow Soaps,Australia,Fiji,Lautoka,FCT035,Lautoka Soap Plant,LN0105,Line-3,2026-07-09 03:00:00,2026-07-09,3,Night,Charcoal Bar Soap,1.08,60.0,3.3,No Downtime,56.7,65,58,2,56,3.84,96.55,89.23,94.5,94.72,86.42,4.95,18.63,2
PureGlow Soaps International (Fictional Dummy Company),Global Manufacturing Head - PureGlow Soaps,Australia,Fiji,Lautoka,FCT035,Lautoka Soap Plant,LN0103,Line-1,2026-07-09 04:00:00,2026-07-09,4,Night,Lemon Bar Soap,1.04,60.0,18.7,Machine Breakdown,41.3,62,35,0,35,0.95,100.0,56.45,68.83,81.49,56.09,2.98,26.39,3
PureGlow Soaps International (Fictional Dummy Company),Global Manufacturing Head - PureGlow Soaps,Australia,Fiji,Lautoka,FCT035,Lautoka Soap Plant,LN0104,Line-2,2026-07-09 04:00:00,2026-07-09,4,Night,Aloe Vera Liquid Soap,1.24,60.0,35.8,Machine Breakdown,24.2,74,26,1,25,4.57,96.15,35.14,40.33,86.64,33.6,2.44,10.11,2
PureGlow Soaps International (Fictional Dummy Company),Global Manufacturing Head - PureGlow Soaps,Australia,Fiji,Lautoka,FCT035,Lautoka Soap Plant,LN0105,Line-3,2026-07-09 04:00:00,2026-07-09,4,Night,Charcoal Bar Soap,1.08,60.0,16.6,Material Shortage,43.4,65,46,1,45,2.5,97.83,70.77,72.33,98.14,69.44,4.87,13.15,2
PureGlow Soaps International (Fictional Dummy Company),Global Manufacturing Head - PureGlow Soaps,Australia,Fiji,Lautoka,FCT035,Lautoka Soap Plant,LN0103,Line-1,2026-07-09 05:00:00,2026-07-09,5,Night,Lemon Bar Soap,1.04,60.0,10.6,Changeover/Setup,49.4,62,47,1,46,2.46,97.87,75.81,82.33,91.48,73.71,5.16,29.39,2
PureGlow Soaps International (Fictional Dummy Company),Global Manufacturing Head - PureGlow Soaps,Australia,Fiji,Lautoka,FCT035,Lautoka Soap Plant,LN0104,Line-2,2026-07-09 05:00:00,2026-07-09,5,Night,Aloe Vera Liquid Soap,1.24,60.0,39.7,Machine Breakdown,20.3,74,23,0,23,0.32,100.0,31.08,33.83,91.37,30.91,2.15,8.15,1
PureGlow Soaps International (Fictional Dummy Company),Global Manufacturing Head - PureGlow Soaps,Australia,Fiji,Lautoka,FCT035,Lautoka Soap Plant,LN0105,Line-3,2026-07-09 05:00:00,2026-07-09,5,Night,Charcoal Bar Soap,1.08,60.0,11.4,Material Shortage,48.6,65,47,2,45,5.23,95.74,72.31,81.0,89.54,69.44,5.09,15.51,3
PureGlow Soaps International (Fictional Dummy Company),Global Manufacturing Head - PureGlow Soaps,Australia,Fiji,Lautoka,FCT035,Lautoka Soap Plant,LN0103,Line-1,2026-07-09 06:00:00,2026-07-09,6,Morning,Lemon Bar Soap,1.04,60.0,5.3,Changeover/Setup,54.7,62,51,1,50,2.09,98.04,82.26,91.17,89.65,80.13,4.77,30.76,2
PureGlow Soaps International (Fictional Dummy Company),Global Manufacturing Head - PureGlow Soaps,Australia,Fiji,Lautoka,FCT035,Lautoka Soap Plant,LN0104,Line-2,2026-07-09 06:00:00,2026-07-09,6,Morning,Aloe Vera Liquid Soap,1.24,60.0,13.0,Machine Breakdown,47.0,74,55,2,53,3.71,96.36,74.32,78.33,94.37,71.23,5.14,20.04,1
PureGlow Soaps International (Fictional Dummy Company),Global Manufacturing Head - PureGlow Soaps,Australia,Fiji,Lautoka,FCT035,Lautoka Soap Plant,LN0105,Line-3,2026-07-09 06:00:00,2026-07-09,6,Morning,Charcoal Bar Soap,1.08,60.0,15.0,Material Shortage,45.0,65,39,1,38,3.18,97.44,60.0,75.0,80.25,58.65,4.23,13.42,2
PureGlow Soaps International (Fictional Dummy Company),Global Manufacturing Head - PureGlow Soaps,Australia,Fiji,Lautoka,FCT035,Lautoka Soap Plant,LN0103,Line-1,2026-07-09 07:00:00,2026-07-09,7,Morning,Lemon Bar Soap,1.04,60.0,21.9,Machine Breakdown,38.1,62,39,2,37,5.62,94.87,62.9,63.5,98.43,59.3,3.77,20.9,2
PureGlow Soaps International (Fictional Dummy Company),Global Manufacturing Head - PureGlow Soaps,Australia,Fiji,Lautoka,FCT035,Lautoka Soap Plant,LN0104,Line-2,2026-07-09 07:00:00,2026-07-09,7,Morning,Aloe Vera Liquid Soap,1.24,60.0,15.3,Preventive Maintenance,44.7,74,57,2,55,3.99,96.49,77.03,74.5,102.84,73.93,5.62,17.57,2
PureGlow Soaps International (Fictional Dummy Company),Global Manufacturing Head - PureGlow Soaps,Australia,Fiji,Lautoka,FCT035,Lautoka Soap Plant,LN0105,Line-3,2026-07-09 07:00:00,2026-07-09,7,Morning,Charcoal Bar Soap,1.08,60.0,42.8,Machine Breakdown,17.2,65,19,0,19,2.3,100.0,29.23,28.67,102.28,29.32,1.76,5.47,3
PureGlow Soaps International (Fictional Dummy Company),Global Manufacturing Head - PureGlow Soaps,Australia,Fiji,Lautoka,FCT035,Lautoka Soap Plant,LN0103,Line-1,2026-07-09 08:00:00,2026-07-09,8,Morning,Lemon Bar Soap,1.04,60.0,9.7,Quality Hold,50.3,62,48,4,44,8.01,91.67,77.42,83.83,91.76,70.51,5.04,31.63,3
PureGlow Soaps International (Fictional Dummy Company),Global Manufacturing Head - PureGlow Soaps,Australia,Fiji,Lautoka,FCT035,Lautoka Soap Plant,LN0104,Line-2,2026-07-09 08:00:00,2026-07-09,8,Morning,Aloe Vera Liquid Soap,1.24,60.0,3.5,No Downtime,56.5,74,70,2,68,3.13,97.14,94.59,94.17,99.91,91.39,6.51,22.3,2
PureGlow Soaps International (Fictional Dummy Company),Global Manufacturing Head - PureGlow Soaps,Australia,Fiji,Lautoka,FCT035,Lautoka Soap Plant,LN0105,Line-3,2026-07-09 08:00:00,2026-07-09,8,Morning,Charcoal Bar Soap,1.08,60.0,0.8,No Downtime,59.2,65,64,1,63,1.76,98.44,98.46,98.67,100.1,97.23,5.57,17.95,1
PureGlow Soaps International (Fictional Dummy Company),Global Manufacturing Head - PureGlow Soaps,Australia,Fiji,Lautoka,FCT035,Lautoka Soap Plant,LN0103,Line-1,2026-07-09 09:00:00,2026-07-09,9,Morning,Lemon Bar Soap,1.04,60.0,3.4,No Downtime,56.6,62,56,2,54,3.94,96.43,90.32,94.33,95.13,86.53,6.13,35.14,3
PureGlow Soaps International (Fictional Dummy Company),Global Manufacturing Head - PureGlow Soaps,Australia,Fiji,Lautoka,FCT035,Lautoka Soap Plant,LN0104,Line-2,2026-07-09 09:00:00,2026-07-09,9,Morning,Aloe Vera Liquid Soap,1.24,60.0,10.9,Changeover/Setup,49.1,74,56,1,55,1.99,98.21,75.68,81.83,91.98,73.92,5.14,19.4,3
PureGlow Soaps International (Fictional Dummy Company),Global Manufacturing Head - PureGlow Soaps,Australia,Fiji,Lautoka,FCT035,Lautoka Soap Plant,LN0105,Line-3,2026-07-09 09:00:00,2026-07-09,9,Morning,Charcoal Bar Soap,1.08,60.0,8.2,Changeover/Setup,51.8,65,54,2,52,3.35,96.3,83.08,86.33,96.53,80.25,5.06,16.58,3
PureGlow Soaps International (Fictional Dummy Company),Global Manufacturing Head - PureGlow Soaps,Australia,Fiji,Lautoka,FCT035,Lautoka Soap Plant,LN0103,Line-1,2026-07-09 10:00:00,2026-07-09,10,Morning,Lemon Bar Soap,1.04,60.0,1.5,No Downtime,58.5,62,49,1,48,1.62,97.96,79.03,97.5,80.54,76.92,4.64,35.3,1
PureGlow Soaps International (Fictional Dummy Company),Global Manufacturing Head - PureGlow Soaps,Australia,Fiji,Lautoka,FCT035,Lautoka Soap Plant,LN0104,Line-2,2026-07-09 10:00:00,2026-07-09,10,Morning,Aloe Vera Liquid Soap,1.24,60.0,6.1,Changeover/Setup,53.9,74,60,1,59,1.18,98.33,81.08,89.83,89.77,79.29,6.13,24.25,1
PureGlow Soaps International (Fictional Dummy Company),Global Manufacturing Head - PureGlow Soaps,Australia,Fiji,Lautoka,FCT035,Lautoka Soap Plant,LN0105,Line-3,2026-07-09 10:00:00,2026-07-09,10,Morning,Charcoal Bar Soap,1.08,60.0,11.8,Changeover/Setup,48.2,65,42,1,41,1.45,97.62,64.62,80.33,80.68,63.27,3.91,16.93,1
PureGlow Soaps International (Fictional Dummy Company),Global Manufacturing Head - PureGlow Soaps,Australia,Fiji,Lautoka,FCT035,Lautoka Soap Plant,LN0103,Line-1,2026-07-09 11:00:00,2026-07-09,11,Morning,Lemon Bar Soap,1.04,60.0,2.2,No Downtime,57.8,62,58,2,56,2.84,96.55,93.55,96.33,96.49,89.74,5.08,35.85,2
PureGlow Soaps International (Fictional Dummy Company),Global Manufacturing Head - PureGlow Soaps,Australia,Fiji,Lautoka,FCT035,Lautoka Soap Plant,LN0104,Line-2,2026-07-09 11:00:00,2026-07-09,11,Morning,Aloe Vera Liquid Soap,1.24,60.0,18.0,Power Outage,42.0,74,43,2,41,3.65,95.35,58.11,70.0,82.57,55.11,4.24,17.07,2
PureGlow Soaps International (Fictional Dummy Company),Global Manufacturing Head - PureGlow Soaps,Australia,Fiji,Lautoka,FCT035,Lautoka Soap Plant,LN0105,Line-3,2026-07-09 11:00:00,2026-07-09,11,Morning,Charcoal Bar Soap,1.08,60.0,11.3,Changeover/Setup,48.7,65,52,1,51,2.77,98.08,80.0,81.17,98.87,78.71,5.09,16.03,3
PureGlow Soaps International (Fictional Dummy Company),Global Manufacturing Head - PureGlow Soaps,Australia,Fiji,Lautoka,FCT035,Lautoka Soap Plant,LN0103,Line-1,2026-07-09 12:00:00,2026-07-09,12,Morning,Lemon Bar Soap,1.04,60.0,1.9,No Downtime,58.1,62,56,1,55,2.04,98.21,90.32,96.83,92.68,88.14,5.81,31.8,1
PureGlow Soaps International (Fictional Dummy Company),Global Manufacturing Head - PureGlow Soaps,Australia,Fiji,Lautoka,FCT035,Lautoka Soap Plant,LN0104,Line-2,2026-07-09 12:00:00,2026-07-09,12,Morning,Aloe Vera Liquid Soap,1.24,60.0,7.7,Quality Hold,52.3,74,65,6,59,9.94,90.77,87.84,87.17,100.23,79.31,6.13,21.01,3
PureGlow Soaps International (Fictional Dummy Company),Global Manufacturing Head - PureGlow Soaps,Australia,Fiji,Lautoka,FCT035,Lautoka Soap Plant,LN0105,Line-3,2026-07-09 12:00:00,2026-07-09,12,Morning,Charcoal Bar Soap,1.08,60.0,3.7,No Downtime,56.3,65,55,1,54,2.1,98.18,84.62,93.83,90.45,83.32,5.81,18.02,3
PureGlow Soaps International (Fictional Dummy Company),Global Manufacturing Head - PureGlow Soaps,Australia,Fiji,Lautoka,FCT035,Lautoka Soap Plant,LN0103,Line-1,2026-07-09 13:00:00,2026-07-09,13,Morning,Lemon Bar Soap,1.04,60.0,18.2,Changeover/Setup,41.8,62,39,1,38,2.97,97.44,62.9,69.67,89.71,60.9,3.97,23.54,3
PureGlow Soaps International (Fictional Dummy Company),Global Manufacturing Head - PureGlow Soaps,Australia,Fiji,Lautoka,FCT035,Lautoka Soap Plant,LN0104,Line-2,2026-07-09 13:00:00,2026-07-09,13,Morning,Aloe Vera Liquid Soap,1.24,60.0,3.8,No Downtime,56.2,74,63,1,62,2.13,98.41,85.14,93.67,90.4,83.33,6.66,21.97,3
PureGlow Soaps International (Fictional Dummy Company),Global Manufacturing Head - PureGlow Soaps,Australia,Fiji,Lautoka,FCT035,Lautoka Soap Plant,LN0105,Line-3,2026-07-09 13:00:00,2026-07-09,13,Morning,Charcoal Bar Soap,1.08,60.0,8.5,Changeover/Setup,51.5,65,48,1,47,2.33,97.92,73.85,85.83,86.3,72.53,4.91,17.26,2
PureGlow Soaps International (Fictional Dummy Company),Global Manufacturing Head - PureGlow Soaps,Australia,Fiji,Lautoka,FCT035,Lautoka Soap Plant,LN0103,Line-1,2026-07-09 14:00:00,2026-07-09,14,Afternoon,Lemon Bar Soap,1.04,60.0,3.5,No Downtime,56.5,62,53,1,52,1.99,98.11,85.48,94.17,90.2,83.34,5.72,35.02,1
PureGlow Soaps International (Fictional Dummy Company),Global Manufacturing Head - PureGlow Soaps,Australia,Fiji,Lautoka,FCT035,Lautoka Soap Plant,LN0104,Line-2,2026-07-09 14:00:00,2026-07-09,14,Afternoon,Aloe Vera Liquid Soap,1.24,60.0,19.6,Material Shortage,40.4,74,43,2,41,3.55,95.35,58.11,67.33,85.84,55.11,4.02,15.57,2
PureGlow Soaps International (Fictional Dummy Company),Global Manufacturing Head - PureGlow Soaps,Australia,Fiji,Lautoka,FCT035,Lautoka Soap Plant,LN0105,Line-3,2026-07-09 14:00:00,2026-07-09,14,Afternoon,Charcoal Bar Soap,1.08,60.0,3.1,No Downtime,56.9,65,61,1,60,2.09,98.36,93.85,94.83,99.26,92.58,6.22,20.15,2
PureGlow Soaps International (Fictional Dummy Company),Global Manufacturing Head - PureGlow Soaps,Australia,Fiji,Lautoka,FCT035,Lautoka Soap Plant,LN0103,Line-1,2026-07-09 15:00:00,2026-07-09,15,Afternoon,Lemon Bar Soap,1.04,60.0,44.1,Machine Breakdown,15.9,62,16,0,16,1.53,100.0,25.81,26.5,96.76,25.64,1.72,10.25,3
PureGlow Soaps International (Fictional Dummy Company),Global Manufacturing Head - PureGlow Soaps,Australia,Fiji,Lautoka,FCT035,Lautoka Soap Plant,LN0104,Line-2,2026-07-09 15:00:00,2026-07-09,15,Afternoon,Aloe Vera Liquid Soap,1.24,60.0,28.7,Material Shortage,31.3,74,37,2,35,4.23,94.59,50.0,52.17,95.33,47.04,3.45,13.7,2
PureGlow Soaps International (Fictional Dummy Company),Global Manufacturing Head - PureGlow Soaps,Australia,Fiji,Lautoka,FCT035,Lautoka Soap Plant,LN0105,Line-3,2026-07-09 15:00:00,2026-07-09,15,Afternoon,Charcoal Bar Soap,1.08,60.0,18.0,Quality Hold,42.0,65,37,4,33,9.65,89.19,56.92,70.0,81.57,50.93,3.56,12.63,1
PureGlow Soaps International (Fictional Dummy Company),Global Manufacturing Head - PureGlow Soaps,Australia,Fiji,Lautoka,FCT035,Lautoka Soap Plant,LN0103,Line-1,2026-07-09 16:00:00,2026-07-09,16,Afternoon,Lemon Bar Soap,1.04,60.0,0.3,No Downtime,59.7,62,59,1,58,1.97,98.31,95.16,99.5,95.03,92.96,5.84,39.33,3
PureGlow Soaps International (Fictional Dummy Company),Global Manufacturing Head - PureGlow Soaps,Australia,Fiji,Lautoka,FCT035,Lautoka Soap Plant,LN0104,Line-2,2026-07-09 16:00:00,2026-07-09,16,Afternoon,Aloe Vera Liquid Soap,1.24,60.0,13.7,Changeover/Setup,46.3,74,47,1,46,1.97,97.87,63.51,77.17,81.86,61.83,4.03,18.0,1
PureGlow Soaps International (Fictional Dummy Company),Global Manufacturing Head - PureGlow Soaps,Australia,Fiji,Lautoka,FCT035,Lautoka Soap Plant,LN0105,Line-3,2026-07-09 16:00:00,2026-07-09,16,Afternoon,Charcoal Bar Soap,1.08,60.0,2.4,No Downtime,57.6,65,54,1,53,1.58,98.15,83.08,96.0,86.81,81.8,4.89,17.68,3
PureGlow Soaps International (Fictional Dummy Company),Global Manufacturing Head - PureGlow Soaps,Australia,Fiji,Lautoka,FCT035,Lautoka Soap Plant,LN0103,Line-1,2026-07-09 17:00:00,2026-07-09,17,Afternoon,Lemon Bar Soap,1.04,60.0,10.9,Staff Shortage,49.1,62,42,2,40,3.83,95.24,67.74,81.83,82.25,64.1,4.15,28.77,1
PureGlow Soaps International (Fictional Dummy Company),Global Manufacturing Head - PureGlow Soaps,Australia,Fiji,Lautoka,FCT035,Lautoka Soap Plant,LN0104,Line-2,2026-07-09 17:00:00,2026-07-09,17,Afternoon,Aloe Vera Liquid Soap,1.24,60.0,15.0,Material Shortage,45.0,74,52,3,49,5.06,94.23,70.27,75.0,93.19,65.86,4.55,19.89,1
PureGlow Soaps International (Fictional Dummy Company),Global Manufacturing Head - PureGlow Soaps,Australia,Fiji,Lautoka,FCT035,Lautoka Soap Plant,LN0105,Line-3,2026-07-09 17:00:00,2026-07-09,17,Afternoon,Charcoal Bar Soap,1.08,60.0,34.8,Material Shortage,25.2,65,28,1,27,3.19,96.43,43.08,42.0,102.88,41.67,2.98,7.97,2
PureGlow Soaps International (Fictional Dummy Company),Global Manufacturing Head - PureGlow Soaps,Australia,Fiji,Lautoka,FCT035,Lautoka Soap Plant,LN0103,Line-1,2026-07-09 18:00:00,2026-07-09,18,Afternoon,Lemon Bar Soap,1.04,60.0,0.9,No Downtime,59.1,62,58,1,57,2.3,98.28,93.55,98.5,94.36,91.35,5.36,37.43,3
PureGlow Soaps International (Fictional Dummy Company),Global Manufacturing Head - PureGlow Soaps,Australia,Fiji,Lautoka,FCT035,Lautoka Soap Plant,LN0104,Line-2,2026-07-09 18:00:00,2026-07-09,18,Afternoon,Aloe Vera Liquid Soap,1.24,60.0,28.2,Power Outage,31.8,74,33,2,31,4.63,93.94,44.59,53.0,83.69,41.67,3.05,13.17,3
PureGlow Soaps International (Fictional Dummy Company),Global Manufacturing Head - PureGlow Soaps,Australia,Fiji,Lautoka,FCT035,Lautoka Soap Plant,LN0105,Line-3,2026-07-09 18:00:00,2026-07-09,18,Afternoon,Charcoal Bar Soap,1.08,60.0,28.1,Material Shortage,31.9,65,35,2,33,4.79,94.29,53.85,53.17,101.59,50.93,3.48,10.55,3
PureGlow Soaps International (Fictional Dummy Company),Global Manufacturing Head - PureGlow Soaps,Australia,Fiji,Lautoka,FCT035,Lautoka Soap Plant,LN0103,Line-1,2026-07-09 19:00:00,2026-07-09,19,Afternoon,Lemon Bar Soap,1.04,60.0,1.2,No Downtime,58.8,62,60,1,59,2.26,98.33,96.77,98.0,98.12,94.55,5.85,35.15,2
PureGlow Soaps International (Fictional Dummy Company),Global Manufacturing Head - PureGlow Soaps,Australia,Fiji,Lautoka,FCT035,Lautoka Soap Plant,LN0104,Line-2,2026-07-09 19:00:00,2026-07-09,19,Afternoon,Aloe Vera Liquid Soap,1.24,60.0,2.1,No Downtime,57.9,74,69,2,67,2.31,97.1,93.24,96.5,96.11,90.06,6.1,21.76,2
PureGlow Soaps International (Fictional Dummy Company),Global Manufacturing Head - PureGlow Soaps,Australia,Fiji,Lautoka,FCT035,Lautoka Soap Plant,LN0105,Line-3,2026-07-09 19:00:00,2026-07-09,19,Afternoon,Charcoal Bar Soap,1.08,60.0,10.6,Machine Breakdown,49.4,65,54,1,53,1.4,98.15,83.08,82.33,101.21,81.78,5.09,15.91,2
PureGlow Soaps International (Fictional Dummy Company),Global Manufacturing Head - PureGlow Soaps,Australia,Fiji,Lautoka,FCT035,Lautoka Soap Plant,LN0103,Line-1,2026-07-09 20:00:00,2026-07-09,20,Afternoon,Lemon Bar Soap,1.04,60.0,5.2,Power Outage,54.8,62,57,1,56,2.09,98.25,91.94,91.33,100.01,89.74,5.45,34.69,2
PureGlow Soaps International (Fictional Dummy Company),Global Manufacturing Head - PureGlow Soaps,Australia,Fiji,Lautoka,FCT035,Lautoka Soap Plant,LN0104,Line-2,2026-07-09 20:00:00,2026-07-09,20,Afternoon,Aloe Vera Liquid Soap,1.24,60.0,18.9,Material Shortage,41.1,74,43,2,41,3.71,95.35,58.11,68.5,84.37,55.11,4.42,15.55,1
PureGlow Soaps International (Fictional Dummy Company),Global Manufacturing Head - PureGlow Soaps,Australia,Fiji,Lautoka,FCT035,Lautoka Soap Plant,LN0105,Line-3,2026-07-09 20:00:00,2026-07-09,20,Afternoon,Charcoal Bar Soap,1.08,60.0,12.9,Material Shortage,47.1,65,49,1,48,2.09,97.96,75.38,78.5,96.33,74.08,5.2,16.41,1
PureGlow Soaps International (Fictional Dummy Company),Global Manufacturing Head - PureGlow Soaps,Australia,Fiji,Lautoka,FCT035,Lautoka Soap Plant,LN0103,Line-1,2026-07-09 21:00:00,2026-07-09,21,Afternoon,Lemon Bar Soap,1.04,60.0,2.3,No Downtime,57.7,62,59,4,55,6.41,93.22,95.16,96.17,98.32,88.14,5.73,36.03,3
PureGlow Soaps International (Fictional Dummy Company),Global Manufacturing Head - PureGlow Soaps,Australia,Fiji,Lautoka,FCT035,Lautoka Soap Plant,LN0104,Line-2,2026-07-09 21:00:00,2026-07-09,21,Afternoon,Aloe Vera Liquid Soap,1.24,60.0,3.2,No Downtime,56.8,74,72,2,70,2.31,97.22,97.3,94.67,102.23,94.09,7.09,23.03,1
PureGlow Soaps International (Fictional Dummy Company),Global Manufacturing Head - PureGlow Soaps,Australia,Fiji,Lautoka,FCT035,Lautoka Soap Plant,LN0105,Line-3,2026-07-09 21:00:00,2026-07-09,21,Afternoon,Charcoal Bar Soap,1.08,60.0,28.7,Material Shortage,31.3,65,31,2,29,5.61,93.55,47.69,52.17,91.71,44.76,3.35,11.05,1
PureGlow Soaps International (Fictional Dummy Company),Global Manufacturing Head - PureGlow Soaps,Australia,Fiji,Lautoka,FCT035,Lautoka Soap Plant,LN0103,Line-1,2026-07-09 22:00:00,2026-07-09,22,Night,Lemon Bar Soap,1.04,60.0,16.9,Changeover/Setup,43.1,62,36,1,35,2.53,97.22,58.06,71.83,80.31,56.08,3.51,26.34,3
PureGlow Soaps International (Fictional Dummy Company),Global Manufacturing Head - PureGlow Soaps,Australia,Fiji,Lautoka,FCT035,Lautoka Soap Plant,LN0104,Line-2,2026-07-09 22:00:00,2026-07-09,22,Night,Aloe Vera Liquid Soap,1.24,60.0,14.1,Material Shortage,45.9,74,49,1,48,1.51,97.96,66.22,76.5,86.09,64.52,4.27,20.07,2
PureGlow Soaps International (Fictional Dummy Company),Global Manufacturing Head - PureGlow Soaps,Australia,Fiji,Lautoka,FCT035,Lautoka Soap Plant,LN0105,Line-3,2026-07-09 22:00:00,2026-07-09,22,Night,Charcoal Bar Soap,1.08,60.0,10.2,Staff Shortage,49.8,65,44,1,43,1.91,97.73,67.69,83.0,81.81,66.36,3.87,16.58,2
PureGlow Soaps International (Fictional Dummy Company),Global Manufacturing Head - PureGlow Soaps,Australia,Fiji,Lautoka,FCT035,Lautoka Soap Plant,LN0103,Line-1,2026-07-09 23:00:00,2026-07-09,23,Night,Lemon Bar Soap,1.04,60.0,2.3,No Downtime,57.7,62,51,1,50,2.62,98.04,82.26,96.17,84.99,80.13,5.52,36.95,2
PureGlow Soaps International (Fictional Dummy Company),Global Manufacturing Head - PureGlow Soaps,Australia,Fiji,Lautoka,FCT035,Lautoka Soap Plant,LN0104,Line-2,2026-07-09 23:00:00,2026-07-09,23,Night,Aloe Vera Liquid Soap,1.24,60.0,13.5,Quality Hold,46.5,74,46,4,42,9.49,91.3,62.16,77.5,79.78,56.45,5.05,17.67,2
PureGlow Soaps International (Fictional Dummy Company),Global Manufacturing Head - PureGlow Soaps,Australia,Fiji,Lautoka,FCT035,Lautoka Soap Plant,LN0105,Line-3,2026-07-09 23:00:00,2026-07-09,23,Night,Charcoal Bar Soap,1.08,60.0,44.0,Machine Breakdown,16.0,65,18,1,17,5.65,94.44,27.69,26.67,104.17,26.24,1.61,5.39,1
PureGlow Soaps International (Fictional Dummy Company),Global Manufacturing Head - PureGlow Soaps,Australia,Fiji,Lautoka,FCT035,Lautoka Soap Plant,LN0103,Line-1,2026-07-10 00:00:00,2026-07-10,0,Night,Charcoal Bar Soap,1.04,60.0,3.9,No Downtime,56.1,62,53,2,51,3.14,96.23,85.48,93.5,90.84,81.73,4.9,36.6,1
PureGlow Soaps International (Fictional Dummy Company),Global Manufacturing Head - PureGlow Soaps,Australia,Fiji,Lautoka,FCT035,Lautoka Soap Plant,LN0104,Line-2,2026-07-10 00:00:00,2026-07-10,0,Night,Lemon Bar Soap,1.24,60.0,1.1,No Downtime,58.9,74,62,2,60,3.35,96.77,83.78,98.17,84.89,80.64,6.23,23.43,2
PureGlow Soaps International (Fictional Dummy Company),Global Manufacturing Head - PureGlow Soaps,Australia,Fiji,Lautoka,FCT035,Lautoka Soap Plant,LN0105,Line-3,2026-07-10 00:00:00,2026-07-10,0,Night,Rose Bar Soap,1.08,60.0,10.6,Staff Shortage,49.4,65,47,2,45,3.46,95.74,72.31,82.33,88.09,69.43,5.01,15.08,3
PureGlow Soaps International (Fictional Dummy Company),Global Manufacturing Head - PureGlow Soaps,Australia,Fiji,Lautoka,FCT035,Lautoka Soap Plant,LN0103,Line-1,2026-07-10 01:00:00,2026-07-10,1,Night,Charcoal Bar Soap,1.04,60.0,16.3,Changeover/Setup,43.7,62,45,2,43,3.7,95.56,72.58,72.83,99.01,68.91,4.64,27.73,1
PureGlow Soaps International (Fictional Dummy Company),Global Manufacturing Head - PureGlow Soaps,Australia,Fiji,Lautoka,FCT035,Lautoka Soap Plant,LN0104,Line-2,2026-07-10 01:00:00,2026-07-10,1,Night,Lemon Bar Soap,1.24,60.0,1.1,No Downtime,58.9,74,73,3,70,4.43,95.89,98.65,98.17,99.95,94.09,6.51,23.88,1
PureGlow Soaps International (Fictional Dummy Company),Global Manufacturing Head - PureGlow Soaps,Australia,Fiji,Lautoka,FCT035,Lautoka Soap Plant,LN0105,Line-3,2026-07-10 01:00:00,2026-07-10,1,Night,Rose Bar Soap,1.08,60.0,37.2,Machine Breakdown,22.8,65,23,1,22,4.68,95.65,35.38,38.0,93.4,33.95,2.22,7.65,2
PureGlow Soaps International (Fictional Dummy Company),Global Manufacturing Head - PureGlow Soaps,Australia,Fiji,Lautoka,FCT035,Lautoka Soap Plant,LN0103,Line-1,2026-07-10 02:00:00,2026-07-10,2,Night,Charcoal Bar Soap,1.04,60.0,10.2,Material Shortage,49.8,62,51,2,49,3.87,96.08,82.26,83.0,98.47,78.53,4.93,28.53,3
PureGlow Soaps International (Fictional Dummy Company),Global Manufacturing Head - PureGlow Soaps,Australia,Fiji,Lautoka,FCT035,Lautoka Soap Plant,LN0104,Line-2,2026-07-10 02:00:00,2026-07-10,2,Night,Lemon Bar Soap,1.24,60.0,0.9,No Downtime,59.1,74,64,2,62,2.73,96.88,86.49,98.5,87.33,83.34,6.04,22.24,1
PureGlow Soaps International (Fictional Dummy Company),Global Manufacturing Head - PureGlow Soaps,Australia,Fiji,Lautoka,FCT035,Lautoka Soap Plant,LN0105,Line-3,2026-07-10 02:00:00,2026-07-10,2,Night,Rose Bar Soap,1.08,60.0,31.8,Material Shortage,28.2,65,30,0,30,0.98,100.0,46.15,47.0,98.5,46.29,2.66,8.97,2
PureGlow Soaps International (Fictional Dummy Company),Global Manufacturing Head - PureGlow Soaps,Australia,Fiji,Lautoka,FCT035,Lautoka Soap Plant,LN0103,Line-1,2026-07-10 03:00:00,2026-07-10,3,Night,Charcoal Bar Soap,1.04,60.0,3.3,No Downtime,56.7,62,57,3,54,5.31,94.74,91.94,94.5,96.66,86.54,5.94,32.1,1
PureGlow Soaps International (Fictional Dummy Company),Global Manufacturing Head - PureGlow Soaps,Australia,Fiji,Lautoka,FCT035,Lautoka Soap Plant,LN0104,Line-2,2026-07-10 03:00:00,2026-07-10,3,Night,Lemon Bar Soap,1.24,60.0,30.9,Machine Breakdown,29.1,74,29,1,28,2.8,96.55,39.19,48.5,80.37,37.63,2.75,11.88,1
PureGlow Soaps International (Fictional Dummy Company),Global Manufacturing Head - PureGlow Soaps,Australia,Fiji,Lautoka,FCT035,Lautoka Soap Plant,LN0105,Line-3,2026-07-10 03:00:00,2026-07-10,3,Night,Rose Bar Soap,1.08,60.0,27.5,Power Outage,32.5,65,34,1,33,2.58,97.06,52.31,54.17,96.87,50.93,3.62,11.61,1
PureGlow Soaps International (Fictional Dummy Company),Global Manufacturing Head - PureGlow Soaps,Australia,Fiji,Lautoka,FCT035,Lautoka Soap Plant,LN0103,Line-1,2026-07-10 04:00:00,2026-07-10,4,Night,Charcoal Bar Soap,1.04,60.0,2.8,No Downtime,57.2,62,54,0,54,0.88,100.0,87.1,95.33,90.77,86.53,5.04,36.35,1
PureGlow Soaps International (Fictional Dummy Company),Global Manufacturing Head - PureGlow Soaps,Australia,Fiji,Lautoka,FCT035,Lautoka Soap Plant,LN0104,Line-2,2026-07-10 04:00:00,2026-07-10,4,Night,Lemon Bar Soap,1.24,60.0,17.3,Changeover/Setup,42.7,74,46,0,46,1.06,100.0,62.16,71.17,86.88,61.83,4.27,19.49,2
PureGlow Soaps International (Fictional Dummy Company),Global Manufacturing Head - PureGlow Soaps,Australia,Fiji,Lautoka,FCT035,Lautoka Soap Plant,LN0105,Line-3,2026-07-10 04:00:00,2026-07-10,4,Night,Rose Bar Soap,1.08,60.0,38.9,Machine Breakdown,21.1,65,22,1,21,3.5,95.45,33.85,35.17,96.54,32.41,2.04,7.06,3
PureGlow Soaps International (Fictional Dummy Company),Global Manufacturing Head - PureGlow Soaps,Australia,Fiji,Lautoka,FCT035,Lautoka Soap Plant,LN0103,Line-1,2026-07-10 05:00:00,2026-07-10,5,Night,Charcoal Bar Soap,1.04,60.0,30.3,Machine Breakdown,29.7,62,28,1,27,4.33,96.43,45.16,49.5,90.65,43.27,2.39,16.5,3
PureGlow Soaps International (Fictional Dummy Company),Global Manufacturing Head - PureGlow Soaps,Australia,Fiji,Lautoka,FCT035,Lautoka Soap Plant,LN0104,Line-2,2026-07-10 05:00:00,2026-07-10,5,Night,Lemon Bar Soap,1.24,60.0,2.9,No Downtime,57.1,74,71,3,68,3.56,95.77,95.95,95.17,100.28,91.4,7.23,22.23,2
PureGlow Soaps International (Fictional Dummy Company),Global Manufacturing Head - PureGlow Soaps,Australia,Fiji,Lautoka,FCT035,Lautoka Soap Plant,LN0105,Line-3,2026-07-10 05:00:00,2026-07-10,5,Night,Rose Bar Soap,1.08,60.0,1.9,No Downtime,58.1,65,57,1,56,2.17,98.25,87.69,96.83,90.84,86.42,5.03,17.06,3
PureGlow Soaps International (Fictional Dummy Company),Global Manufacturing Head - PureGlow Soaps,Australia,Fiji,Lautoka,FCT035,Lautoka Soap Plant,LN0103,Line-1,2026-07-10 06:00:00,2026-07-10,6,Morning,Charcoal Bar Soap,1.04,60.0,15.5,Changeover/Setup,44.5,62,37,1,36,2.19,97.3,59.68,74.17,79.95,57.7,3.77,29.16,3
PureGlow Soaps International (Fictional Dummy Company),Global Manufacturing Head - PureGlow Soaps,Australia,Fiji,Lautoka,FCT035,Lautoka Soap Plant,LN0104,Line-2,2026-07-10 06:00:00,2026-07-10,6,Morning,Lemon Bar Soap,1.24,60.0,0.5,No Downtime,59.5,74,66,1,65,1.39,98.48,89.19,99.17,89.46,87.37,6.6,25.84,1
PureGlow Soaps International (Fictional Dummy Company),Global Manufacturing Head - PureGlow Soaps,Australia,Fiji,Lautoka,FCT035,Lautoka Soap Plant,LN0105,Line-3,2026-07-10 06:00:00,2026-07-10,6,Morning,Rose Bar Soap,1.08,60.0,2.1,No Downtime,57.9,65,62,2,60,3.84,96.77,95.38,96.5,99.15,92.59,6.69,19.13,1
PureGlow Soaps International (Fictional Dummy Company),Global Manufacturing Head - PureGlow Soaps,Australia,Fiji,Lautoka,FCT035,Lautoka Soap Plant,LN0103,Line-1,2026-07-10 07:00:00,2026-07-10,7,Morning,Charcoal Bar Soap,1.04,60.0,3.3,No Downtime,56.7,62,59,1,58,1.48,98.31,95.16,94.5,100.05,92.95,5.38,31.81,3
PureGlow Soaps International (Fictional Dummy Company),Global Manufacturing Head - PureGlow Soaps,Australia,Fiji,Lautoka,FCT035,Lautoka Soap Plant,LN0104,Line-2,2026-07-10 07:00:00,2026-07-10,7,Morning,Lemon Bar Soap,1.24,60.0,19.9,Material Shortage,40.1,74,47,1,46,2.53,97.87,63.51,66.83,94.52,61.82,4.65,15.35,2
PureGlow Soaps International (Fictional Dummy Company),Global Manufacturing Head - PureGlow Soaps,Australia,Fiji,Lautoka,FCT035,Lautoka Soap Plant,LN0105,Line-3,2026-07-10 07:00:00,2026-07-10,7,Morning,Rose Bar Soap,1.08,60.0,11.3,Changeover/Setup,48.7,65,53,1,52,2.18,98.11,81.54,81.17,100.77,80.25,5.36,17.02,1
PureGlow Soaps International (Fictional Dummy Company),Global Manufacturing Head - PureGlow Soaps,Australia,Fiji,Lautoka,FCT035,Lautoka Soap Plant,LN0103,Line-1,2026-07-10 08:00:00,2026-07-10,8,Morning,Charcoal Bar Soap,1.04,60.0,0.1,No Downtime,59.9,62,51,0,51,0.0,100.0,82.26,99.83,81.87,81.73,4.51,36.82,3
PureGlow Soaps International (Fictional Dummy Company),Global Manufacturing Head - PureGlow Soaps,Australia,Fiji,Lautoka,FCT035,Lautoka Soap Plant,LN0104,Line-2,2026-07-10 08:00:00,2026-07-10,8,Morning,Lemon Bar Soap,1.24,60.0,27.6,Preventive Maintenance,32.4,74,36,1,35,3.47,97.22,48.65,54.0,89.61,47.04,3.8,12.59,2
PureGlow Soaps International (Fictional Dummy Company),Global Manufacturing Head - PureGlow Soaps,Australia,Fiji,Lautoka,FCT035,Lautoka Soap Plant,LN0105,Line-3,2026-07-10 08:00:00,2026-07-10,8,Morning,Rose Bar Soap,1.08,60.0,3.9,No Downtime,56.1,65,52,2,50,3.29,96.15,80.0,93.5,85.83,77.16,4.97,16.99,3
PureGlow Soaps International (Fictional Dummy Company),Global Manufacturing Head - PureGlow Soaps,Australia,Fiji,Lautoka,FCT035,Lautoka Soap Plant,LN0103,Line-1,2026-07-10 09:00:00,2026-07-10,9,Morning,Charcoal Bar Soap,1.04,60.0,16.0,Staff Shortage,44.0,62,47,2,45,3.35,95.74,75.81,73.33,102.71,72.11,4.79,25.15,3
PureGlow Soaps International (Fictional Dummy Company),Global Manufacturing Head - PureGlow Soaps,Australia,Fiji,Lautoka,FCT035,Lautoka Soap Plant,LN0104,Line-2,2026-07-10 09:00:00,2026-07-10,9,Morning,Lemon Bar Soap,1.24,60.0,0.4,No Downtime,59.6,74,60,1,59,2.49,98.33,81.08,99.33,81.19,79.3,6.27,24.97,2
PureGlow Soaps International (Fictional Dummy Company),Global Manufacturing Head - PureGlow Soaps,Australia,Fiji,Lautoka,FCT035,Lautoka Soap Plant,LN0105,Line-3,2026-07-10 09:00:00,2026-07-10,9,Morning,Rose Bar Soap,1.08,60.0,1.2,No Downtime,58.8,65,56,3,53,4.56,94.64,86.15,98.0,88.18,81.78,5.98,20.52,3
PureGlow Soaps International (Fictional Dummy Company),Global Manufacturing Head - PureGlow Soaps,Australia,Fiji,Lautoka,FCT035,Lautoka Soap Plant,LN0103,Line-1,2026-07-10 10:00:00,2026-07-10,10,Morning,Charcoal Bar Soap,1.04,60.0,0.6,No Downtime,59.4,62,53,0,53,0.72,100.0,85.48,99.0,85.79,84.93,5.52,35.94,1
PureGlow Soaps International (Fictional Dummy Company),Global Manufacturing Head - PureGlow Soaps,Australia,Fiji,Lautoka,FCT035,Lautoka Soap Plant,LN0104,Line-2,2026-07-10 10:00:00,2026-07-10,10,Morning,Lemon Bar Soap,1.24,60.0,3.5,No Downtime,56.5,74,71,4,67,4.96,94.37,95.95,94.17,101.34,90.06,7.48,25.23,3
PureGlow Soaps International (Fictional Dummy Company),Global Manufacturing Head - PureGlow Soaps,Australia,Fiji,Lautoka,FCT035,Lautoka Soap Plant,LN0105,Line-3,2026-07-10 10:00:00,2026-07-10,10,Morning,Rose Bar Soap,1.08,60.0,20.2,Preventive Maintenance,39.8,65,35,1,34,2.1,97.14,53.85,66.33,81.43,52.47,3.02,13.48,1
PureGlow Soaps International (Fictional Dummy Company),Global Manufacturing Head - PureGlow Soaps,Australia,Fiji,Lautoka,FCT035,Lautoka Soap Plant,LN0103,Line-1,2026-07-10 11:00:00,2026-07-10,11,Morning,Charcoal Bar Soap,1.04,60.0,15.2,Preventive Maintenance,44.8,62,48,1,47,3.09,97.92,77.42,74.67,103.02,75.32,5.23,25.88,1
PureGlow Soaps International (Fictional Dummy Company),Global Manufacturing Head - PureGlow Soaps,Australia,Fiji,Lautoka,FCT035,Lautoka Soap Plant,LN0104,Line-2,2026-07-10 11:00:00,2026-07-10,11,Morning,Lemon Bar Soap,1.24,60.0,14.0,Power Outage,46.0,74,57,1,56,1.26,98.25,77.03,76.67,99.93,75.28,5.77,19.32,1
PureGlow Soaps International (Fictional Dummy Company),Global Manufacturing Head - PureGlow Soaps,Australia,Fiji,Lautoka,FCT035,Lautoka Soap Plant,LN0105,Line-3,2026-07-10 11:00:00,2026-07-10,11,Morning,Rose Bar Soap,1.08,60.0,2.5,No Downtime,57.5,65,64,1,63,1.68,98.44,98.46,95.83,103.06,97.22,6.04,19.12,2
PureGlow Soaps International (Fictional Dummy Company),Global Manufacturing Head - PureGlow Soaps,Australia,Fiji,Lautoka,FCT035,Lautoka Soap Plant,LN0103,Line-1,2026-07-10 12:00:00,2026-07-10,12,Morning,Charcoal Bar Soap,1.04,60.0,2.7,No Downtime,57.3,62,61,3,58,4.48,95.08,98.39,95.5,102.36,92.94,5.89,33.31,1
PureGlow Soaps International (Fictional Dummy Company),Global Manufacturing Head - PureGlow Soaps,Australia,Fiji,Lautoka,FCT035,Lautoka Soap Plant,LN0104,Line-2,2026-07-10 12:00:00,2026-07-10,12,Morning,Lemon Bar Soap,1.24,60.0,1.7,No Downtime,58.3,74,62,3,59,4.58,95.16,83.78,97.17,85.76,79.3,6.68,26.43,3
PureGlow Soaps International (Fictional Dummy Company),Global Manufacturing Head - PureGlow Soaps,Australia,Fiji,Lautoka,FCT035,Lautoka Soap Plant,LN0105,Line-3,2026-07-10 12:00:00,2026-07-10,12,Morning,Rose Bar Soap,1.08,60.0,15.6,Staff Shortage,44.4,65,49,1,48,1.44,97.96,75.38,74.0,102.19,74.08,4.54,14.43,3
PureGlow Soaps International (Fictional Dummy Company),Global Manufacturing Head - PureGlow Soaps,Australia,Fiji,Lautoka,FCT035,Lautoka Soap Plant,LN0103,Line-1,2026-07-10 13:00:00,2026-07-10,13,Morning,Charcoal Bar Soap,1.04,60.0,15.1,Changeover/Setup,44.9,62,41,1,40,2.65,97.56,66.13,74.83,87.8,64.1,3.82,27.47,3
PureGlow Soaps International (Fictional Dummy Company),Global Manufacturing Head - PureGlow Soaps,Australia,Fiji,Lautoka,FCT035,Lautoka Soap Plant,LN0104,Line-2,2026-07-10 13:00:00,2026-07-10,13,Morning,Lemon Bar Soap,1.24,60.0,33.2,Preventive Maintenance,26.8,74,33,1,32,3.2,96.97,44.59,44.67,99.3,43.01,3.05,12.11,2
PureGlow Soaps International (Fictional Dummy Company),Global Manufacturing Head - PureGlow Soaps,Australia,Fiji,Lautoka,FCT035,Lautoka Soap Plant,LN0105,Line-3,2026-07-10 13:00:00,2026-07-10,13,Morning,Rose Bar Soap,1.08,60.0,9.4,Changeover/Setup,50.6,65,54,3,51,4.69,94.44,83.08,84.33,98.81,78.69,5.65,15.3,3
PureGlow Soaps International (Fictional Dummy Company),Global Manufacturing Head - PureGlow Soaps,Australia,Fiji,Lautoka,FCT035,Lautoka Soap Plant,LN0103,Line-1,2026-07-10 14:00:00,2026-07-10,14,Afternoon,Charcoal Bar Soap,1.04,60.0,0.6,No Downtime,59.4,62,55,2,53,4.14,96.36,88.71,99.0,89.03,84.93,6.01,34.09,2
PureGlow Soaps International (Fictional Dummy Company),Global Manufacturing Head - PureGlow Soaps,Australia,Fiji,Lautoka,FCT035,Lautoka Soap Plant,LN0104,Line-2,2026-07-10 14:00:00,2026-07-10,14,Afternoon,Lemon Bar Soap,1.24,60.0,24.6,Preventive Maintenance,35.4,74,40,2,38,4.07,95.0,54.05,59.0,91.12,51.07,3.64,14.84,2
PureGlow Soaps International (Fictional Dummy Company),Global Manufacturing Head - PureGlow Soaps,Australia,Fiji,Lautoka,FCT035,Lautoka Soap Plant,LN0105,Line-3,2026-07-10 14:00:00,2026-07-10,14,Afternoon,Rose Bar Soap,1.08,60.0,2.5,No Downtime,57.5,65,57,2,55,3.01,96.49,87.69,95.83,91.79,84.87,6.06,20.52,1
PureGlow Soaps International (Fictional Dummy Company),Global Manufacturing Head - PureGlow Soaps,Australia,Fiji,Lautoka,FCT035,Lautoka Soap Plant,LN0103,Line-1,2026-07-10 15:00:00,2026-07-10,15,Afternoon,Charcoal Bar Soap,1.04,60.0,2.0,No Downtime,58.0,62,56,0,56,0.0,100.0,90.32,96.67,92.84,89.75,5.85,35.91,3
PureGlow Soaps International (Fictional Dummy Company),Global Manufacturing Head - PureGlow Soaps,Australia,Fiji,Lautoka,FCT035,Lautoka Soap Plant,LN0104,Line-2,2026-07-10 15:00:00,2026-07-10,15,Afternoon,Lemon Bar Soap,1.24,60.0,22.9,Machine Breakdown,37.1,74,44,0,44,0.65,100.0,59.46,61.83,95.64,59.13,4.33,14.8,2
PureGlow Soaps International (Fictional Dummy Company),Global Manufacturing Head - PureGlow Soaps,Australia,Fiji,Lautoka,FCT035,Lautoka Soap Plant,LN0105,Line-3,2026-07-10 15:00:00,2026-07-10,15,Afternoon,Rose Bar Soap,1.08,60.0,16.6,Material Shortage,43.4,65,47,0,47,0.3,100.0,72.31,72.33,100.27,72.53,4.34,14.46,2
PureGlow Soaps International (Fictional Dummy Company),Global Manufacturing Head - PureGlow Soaps,Australia,Fiji,Lautoka,FCT035,Lautoka Soap Plant,LN0103,Line-1,2026-07-10 16:00:00,2026-07-10,16,Afternoon,Charcoal Bar Soap,1.04,60.0,16.7,Staff Shortage,43.3,62,37,1,36,2.54,97.3,59.68,72.17,82.16,57.69,3.2,26.95,1
PureGlow Soaps International (Fictional Dummy Company),Global Manufacturing Head - PureGlow Soaps,Australia,Fiji,Lautoka,FCT035,Lautoka Soap Plant,LN0104,Line-2,2026-07-10 16:00:00,2026-07-10,16,Afternoon,Lemon Bar Soap,1.24,60.0,27.2,Power Outage,32.8,74,42,2,40,3.99,95.24,56.76,54.67,103.27,53.77,4.56,13.85,1
PureGlow Soaps International (Fictional Dummy Company),Global Manufacturing Head - PureGlow Soaps,Australia,Fiji,Lautoka,FCT035,Lautoka Soap Plant,LN0105,Line-3,2026-07-10 16:00:00,2026-07-10,16,Afternoon,Rose Bar Soap,1.08,60.0,12.1,Quality Hold,47.9,65,47,2,45,4.61,95.74,72.31,79.83,90.85,69.44,4.79,16.99,1
PureGlow Soaps International (Fictional Dummy Company),Global Manufacturing Head - PureGlow Soaps,Australia,Fiji,Lautoka,FCT035,Lautoka Soap Plant,LN0103,Line-1,2026-07-10 17:00:00,2026-07-10,17,Afternoon,Charcoal Bar Soap,1.04,60.0,1.0,No Downtime,59.0,62,62,3,59,4.26,95.16,100.0,98.33,101.04,94.54,5.56,37.06,3
PureGlow Soaps International (Fictional Dummy Company),Global Manufacturing Head - PureGlow Soaps,Australia,Fiji,Lautoka,FCT035,Lautoka Soap Plant,LN0104,Line-2,2026-07-10 17:00:00,2026-07-10,17,Afternoon,Lemon Bar Soap,1.24,60.0,1.6,No Downtime,58.4,74,59,1,58,1.53,98.31,79.73,97.33,81.47,77.95,5.84,24.3,2
PureGlow Soaps International (Fictional Dummy Company),Global Manufacturing Head - PureGlow Soaps,Australia,Fiji,Lautoka,FCT035,Lautoka Soap Plant,LN0105,Line-3,2026-07-10 17:00:00,2026-07-10,17,Afternoon,Rose Bar Soap,1.08,60.0,14.2,Quality Hold,45.8,65,43,2,41,4.18,95.35,66.15,76.33,86.93,63.27,3.83,14.3,1
PureGlow Soaps International (Fictional Dummy Company),Global Manufacturing Head - PureGlow Soaps,Australia,Fiji,Lautoka,FCT035,Lautoka Soap Plant,LN0103,Line-1,2026-07-10 18:00:00,2026-07-10,18,Afternoon,Charcoal Bar Soap,1.04,60.0,2.6,No Downtime,57.4,62,56,1,55,1.85,98.21,90.32,95.67,93.81,88.14,4.96,32.06,2
PureGlow Soaps International (Fictional Dummy Company),Global Manufacturing Head - PureGlow Soaps,Australia,Fiji,Lautoka,FCT035,Lautoka Soap Plant,LN0104,Line-2,2026-07-10 18:00:00,2026-07-10,18,Afternoon,Lemon Bar Soap,1.24,60.0,1.6,No Downtime,58.4,74,71,2,69,2.97,97.18,95.95,97.33,98.04,92.73,6.28,22.59,2
PureGlow Soaps International (Fictional Dummy Company),Global Manufacturing Head - PureGlow Soaps,Australia,Fiji,Lautoka,FCT035,Lautoka Soap Plant,LN0105,Line-3,2026-07-10 18:00:00,2026-07-10,18,Afternoon,Rose Bar Soap,1.08,60.0,2.9,No Downtime,57.1,65,51,0,51,0.07,100.0,78.46,95.17,82.7,78.71,4.48,19.82,1
PureGlow Soaps International (Fictional Dummy Company),Global Manufacturing Head - PureGlow Soaps,Australia,Fiji,Lautoka,FCT035,Lautoka Soap Plant,LN0103,Line-1,2026-07-10 19:00:00,2026-07-10,19,Afternoon,Charcoal Bar Soap,1.04,60.0,13.4,Material Shortage,46.6,62,45,2,43,4.66,95.56,72.58,77.67,92.85,68.91,4.23,26.88,2
PureGlow Soaps International (Fictional Dummy Company),Global Manufacturing Head - PureGlow Soaps,Australia,Fiji,Lautoka,FCT035,Lautoka Soap Plant,LN0104,Line-2,2026-07-10 19:00:00,2026-07-10,19,Afternoon,Lemon Bar Soap,1.24,60.0,2.4,No Downtime,57.6,74,62,2,60,3.57,96.77,83.78,96.0,86.81,80.65,5.63,24.76,2
PureGlow Soaps International (Fictional Dummy Company),Global Manufacturing Head - PureGlow Soaps,Australia,Fiji,Lautoka,FCT035,Lautoka Soap Plant,LN0105,Line-3,2026-07-10 19:00:00,2026-07-10,19,Afternoon,Rose Bar Soap,1.08,60.0,2.9,No Downtime,57.1,65,59,2,57,4.23,96.61,90.77,95.17,95.67,87.96,6.22,17.43,2
PureGlow Soaps International (Fictional Dummy Company),Global Manufacturing Head - PureGlow Soaps,Australia,Fiji,Lautoka,FCT035,Lautoka Soap Plant,LN0103,Line-1,2026-07-10 20:00:00,2026-07-10,20,Afternoon,Charcoal Bar Soap,1.04,60.0,9.6,Quality Hold,50.4,62,52,4,48,7.29,92.31,83.87,84.0,99.21,76.93,4.99,31.02,2
PureGlow Soaps International (Fictional Dummy Company),Global Manufacturing Head - PureGlow Soaps,Australia,Fiji,Lautoka,FCT035,Lautoka Soap Plant,LN0104,Line-2,2026-07-10 20:00:00,2026-07-10,20,Afternoon,Lemon Bar Soap,1.24,60.0,18.4,Preventive Maintenance,41.6,74,46,1,45,2.85,97.83,62.16,69.33,89.17,60.48,4.8,16.79,2
PureGlow Soaps International (Fictional Dummy Company),Global Manufacturing Head - PureGlow Soaps,Australia,Fiji,Lautoka,FCT035,Lautoka Soap Plant,LN0105,Line-3,2026-07-10 20:00:00,2026-07-10,20,Afternoon,Rose Bar Soap,1.08,60.0,16.4,Machine Breakdown,43.6,65,47,0,47,1.03,100.0,72.31,72.67,99.81,72.53,4.82,14.26,1
PureGlow Soaps International (Fictional Dummy Company),Global Manufacturing Head - PureGlow Soaps,Australia,Fiji,Lautoka,FCT035,Lautoka Soap Plant,LN0103,Line-1,2026-07-10 21:00:00,2026-07-10,21,Afternoon,Charcoal Bar Soap,1.04,60.0,29.0,Machine Breakdown,31.0,62,33,0,33,0.0,100.0,53.23,51.67,102.36,52.89,3.49,17.2,1
PureGlow Soaps International (Fictional Dummy Company),Global Manufacturing Head - PureGlow Soaps,Australia,Fiji,Lautoka,FCT035,Lautoka Soap Plant,LN0104,Line-2,2026-07-10 21:00:00,2026-07-10,21,Afternoon,Lemon Bar Soap,1.24,60.0,1.3,No Downtime,58.7,74,60,3,57,4.39,95.0,81.08,97.83,82.43,76.61,6.55,22.66,1
PureGlow Soaps International (Fictional Dummy Company),Global Manufacturing Head - PureGlow Soaps,Australia,Fiji,Lautoka,FCT035,Lautoka Soap Plant,LN0105,Line-3,2026-07-10 21:00:00,2026-07-10,21,Afternoon,Rose Bar Soap,1.08,60.0,2.3,No Downtime,57.7,65,56,2,54,2.73,96.43,86.15,96.17,89.86,83.33,5.39,18.81,1
PureGlow Soaps International (Fictional Dummy Company),Global Manufacturing Head - PureGlow Soaps,Australia,Fiji,Lautoka,FCT035,Lautoka Soap Plant,LN0103,Line-1,2026-07-10 22:00:00,2026-07-10,22,Night,Charcoal Bar Soap,1.04,60.0,3.2,No Downtime,56.8,62,52,2,50,3.22,96.15,83.87,94.67,88.03,80.13,4.48,37.61,2
PureGlow Soaps International (Fictional Dummy Company),Global Manufacturing Head - PureGlow Soaps,Australia,Fiji,Lautoka,FCT035,Lautoka Soap Plant,LN0104,Line-2,2026-07-10 22:00:00,2026-07-10,22,Night,Lemon Bar Soap,1.24,60.0,10.4,Changeover/Setup,49.6,74,62,2,60,2.45,96.77,83.78,82.67,100.81,80.65,6.7,19.41,2
PureGlow Soaps International (Fictional Dummy Company),Global Manufacturing Head - PureGlow Soaps,Australia,Fiji,Lautoka,FCT035,Lautoka Soap Plant,LN0105,Line-3,2026-07-10 22:00:00,2026-07-10,22,Night,Rose Bar Soap,1.08,60.0,1.6,No Downtime,58.4,65,56,3,53,5.3,94.64,86.15,97.33,88.79,81.79,5.01,19.18,3
PureGlow Soaps International (Fictional Dummy Company),Global Manufacturing Head - PureGlow Soaps,Australia,Fiji,Lautoka,FCT035,Lautoka Soap Plant,LN0103,Line-1,2026-07-10 23:00:00,2026-07-10,23,Night,Charcoal Bar Soap,1.04,60.0,20.7,Machine Breakdown,39.3,62,41,0,41,0.68,100.0,66.13,65.5,100.31,65.7,3.72,24.87,3
PureGlow Soaps International (Fictional Dummy Company),Global Manufacturing Head - PureGlow Soaps,Australia,Fiji,Lautoka,FCT035,Lautoka Soap Plant,LN0104,Line-2,2026-07-10 23:00:00,2026-07-10,23,Night,Lemon Bar Soap,1.24,60.0,29.0,Material Shortage,31.0,74,35,1,34,3.5,97.14,47.3,51.67,91.05,45.7,3.07,13.65,2
PureGlow Soaps International (Fictional Dummy Company),Global Manufacturing Head - PureGlow Soaps,Australia,Fiji,Lautoka,FCT035,Lautoka Soap Plant,LN0105,Line-3,2026-07-10 23:00:00,2026-07-10,23,Night,Rose Bar Soap,1.08,60.0,8.4,Changeover/Setup,51.6,65,51,2,49,4.45,96.08,78.46,86.0,91.52,75.62,5.06,16.1,1
