Company,Global_Head,Continent,Country,City,Factory_ID,Factory_Name,Production_Line_ID,Production_Line_Name,Timestamp,Date,Hour_of_Day,Shift,Product_SKU,Rated_Speed_Units_per_Min,Planned_Runtime_Minutes,Downtime_Minutes,Downtime_Reason,Actual_Runtime_Minutes,Planned_Target_Units,Actual_Units_Produced,Rejected_Units,Good_Units,Defect_Rate_Percent,Quality_Score_Percent,Production_Attainment_Percent,Availability_Percent,Performance_Percent,OEE_Percent,Raw_Material_Consumed_Kg,Energy_Consumed_kWh,Operator_Count
PureGlow Soaps International (Fictional Dummy Company),Global Manufacturing Head - PureGlow Soaps,Australia,Australia,Perth,FCT028,Perth Soap Plant,LN0082,Line-1,2026-07-01 00:00:00,2026-07-01,0,Night,Charcoal Bar Soap,1.39,60.0,2.0,No Downtime,58.0,83,66,0,66,0.67,100.0,79.52,96.67,81.87,79.14,7.12,14.67,1
PureGlow Soaps International (Fictional Dummy Company),Global Manufacturing Head - PureGlow Soaps,Australia,Australia,Perth,FCT028,Perth Soap Plant,LN0083,Line-2,2026-07-01 00:00:00,2026-07-01,0,Night,Charcoal Bar Soap,1.37,60.0,19.9,Changeover/Setup,40.1,82,50,2,48,4.19,96.0,60.98,66.83,91.01,58.39,5.3,14.78,2
PureGlow Soaps International (Fictional Dummy Company),Global Manufacturing Head - PureGlow Soaps,Australia,Australia,Perth,FCT028,Perth Soap Plant,LN0084,Line-3,2026-07-01 00:00:00,2026-07-01,0,Night,Rose Bar Soap,0.99,60.0,10.0,Power Outage,50.0,59,41,2,39,3.93,95.12,69.49,83.33,82.83,65.65,4.25,31.13,3
PureGlow Soaps International (Fictional Dummy Company),Global Manufacturing Head - PureGlow Soaps,Australia,Australia,Perth,FCT028,Perth Soap Plant,LN0082,Line-1,2026-07-01 01:00:00,2026-07-01,1,Night,Charcoal Bar Soap,1.39,60.0,25.4,Power Outage,34.6,83,49,2,47,3.89,95.92,59.04,57.67,101.88,56.36,5.25,9.46,2
PureGlow Soaps International (Fictional Dummy Company),Global Manufacturing Head - PureGlow Soaps,Australia,Australia,Perth,FCT028,Perth Soap Plant,LN0083,Line-2,2026-07-01 01:00:00,2026-07-01,1,Night,Charcoal Bar Soap,1.37,60.0,28.9,Machine Breakdown,31.1,82,40,0,40,1.01,100.0,48.78,51.83,93.88,48.66,3.79,12.63,1
PureGlow Soaps International (Fictional Dummy Company),Global Manufacturing Head - PureGlow Soaps,Australia,Australia,Perth,FCT028,Perth Soap Plant,LN0084,Line-3,2026-07-01 01:00:00,2026-07-01,1,Night,Rose Bar Soap,0.99,60.0,2.0,No Downtime,58.0,59,56,1,55,1.66,98.21,94.92,96.67,97.53,92.59,4.89,35.39,1
PureGlow Soaps International (Fictional Dummy Company),Global Manufacturing Head - PureGlow Soaps,Australia,Australia,Perth,FCT028,Perth Soap Plant,LN0082,Line-1,2026-07-01 02:00:00,2026-07-01,2,Night,Charcoal Bar Soap,1.39,60.0,11.3,Machine Breakdown,48.7,83,61,1,60,2.36,98.36,73.49,81.17,90.11,71.94,5.74,14.37,3
PureGlow Soaps International (Fictional Dummy Company),Global Manufacturing Head - PureGlow Soaps,Australia,Australia,Perth,FCT028,Perth Soap Plant,LN0083,Line-2,2026-07-01 02:00:00,2026-07-01,2,Night,Charcoal Bar Soap,1.37,60.0,2.7,No Downtime,57.3,82,64,2,62,3.34,96.88,78.05,95.5,81.53,75.43,6.55,23.32,1
PureGlow Soaps International (Fictional Dummy Company),Global Manufacturing Head - PureGlow Soaps,Australia,Australia,Perth,FCT028,Perth Soap Plant,LN0084,Line-3,2026-07-01 02:00:00,2026-07-01,2,Night,Rose Bar Soap,0.99,60.0,3.2,No Downtime,56.8,59,51,2,49,4.0,96.08,86.44,94.67,90.7,82.5,4.95,35.91,2
PureGlow Soaps International (Fictional Dummy Company),Global Manufacturing Head - PureGlow Soaps,Australia,Australia,Perth,FCT028,Perth Soap Plant,LN0082,Line-1,2026-07-01 03:00:00,2026-07-01,3,Night,Charcoal Bar Soap,1.39,60.0,12.0,Changeover/Setup,48.0,83,53,1,52,1.68,98.11,63.86,80.0,79.44,62.35,4.53,13.15,1
PureGlow Soaps International (Fictional Dummy Company),Global Manufacturing Head - PureGlow Soaps,Australia,Australia,Perth,FCT028,Perth Soap Plant,LN0083,Line-2,2026-07-01 03:00:00,2026-07-01,3,Night,Charcoal Bar Soap,1.37,60.0,24.0,Preventive Maintenance,36.0,82,46,1,45,1.46,97.83,56.1,60.0,93.27,54.75,4.38,14.43,1
PureGlow Soaps International (Fictional Dummy Company),Global Manufacturing Head - PureGlow Soaps,Australia,Australia,Perth,FCT028,Perth Soap Plant,LN0084,Line-3,2026-07-01 03:00:00,2026-07-01,3,Night,Rose Bar Soap,0.99,60.0,19.9,Quality Hold,40.1,59,33,2,31,6.13,93.94,55.93,66.83,83.13,52.19,3.28,23.89,2
PureGlow Soaps International (Fictional Dummy Company),Global Manufacturing Head - PureGlow Soaps,Australia,Australia,Perth,FCT028,Perth Soap Plant,LN0082,Line-1,2026-07-01 04:00:00,2026-07-01,4,Night,Charcoal Bar Soap,1.39,60.0,34.4,Machine Breakdown,25.6,83,30,2,28,5.38,93.33,36.14,42.67,84.31,33.58,2.79,7.81,2
PureGlow Soaps International (Fictional Dummy Company),Global Manufacturing Head - PureGlow Soaps,Australia,Australia,Perth,FCT028,Perth Soap Plant,LN0083,Line-2,2026-07-01 04:00:00,2026-07-01,4,Night,Charcoal Bar Soap,1.37,60.0,14.4,Changeover/Setup,45.6,82,58,2,56,3.4,96.55,70.73,76.0,92.84,68.12,5.66,17.3,1
PureGlow Soaps International (Fictional Dummy Company),Global Manufacturing Head - PureGlow Soaps,Australia,Australia,Perth,FCT028,Perth Soap Plant,LN0084,Line-3,2026-07-01 04:00:00,2026-07-01,4,Night,Rose Bar Soap,0.99,60.0,10.9,Changeover/Setup,49.1,59,44,1,43,2.78,97.73,74.58,81.83,90.52,72.39,3.97,32.22,2
PureGlow Soaps International (Fictional Dummy Company),Global Manufacturing Head - PureGlow Soaps,Australia,Australia,Perth,FCT028,Perth Soap Plant,LN0082,Line-1,2026-07-01 05:00:00,2026-07-01,5,Night,Charcoal Bar Soap,1.39,60.0,2.3,No Downtime,57.7,83,80,3,77,4.2,96.25,96.39,96.17,99.75,92.33,7.44,15.14,1
PureGlow Soaps International (Fictional Dummy Company),Global Manufacturing Head - PureGlow Soaps,Australia,Australia,Perth,FCT028,Perth Soap Plant,LN0083,Line-2,2026-07-01 05:00:00,2026-07-01,5,Night,Charcoal Bar Soap,1.37,60.0,1.3,No Downtime,58.7,82,72,0,72,0.65,100.0,87.8,97.83,89.53,87.59,6.73,21.71,2
PureGlow Soaps International (Fictional Dummy Company),Global Manufacturing Head - PureGlow Soaps,Australia,Australia,Perth,FCT028,Perth Soap Plant,LN0084,Line-3,2026-07-01 05:00:00,2026-07-01,5,Night,Rose Bar Soap,0.99,60.0,29.1,Material Shortage,30.9,59,30,1,29,4.26,96.67,50.85,51.5,98.07,48.82,3.08,19.65,2
PureGlow Soaps International (Fictional Dummy Company),Global Manufacturing Head - PureGlow Soaps,Australia,Australia,Perth,FCT028,Perth Soap Plant,LN0082,Line-1,2026-07-01 06:00:00,2026-07-01,6,Morning,Charcoal Bar Soap,1.39,60.0,16.2,Changeover/Setup,43.8,83,54,1,53,2.16,98.15,65.06,73.0,88.7,63.55,5.1,11.99,2
PureGlow Soaps International (Fictional Dummy Company),Global Manufacturing Head - PureGlow Soaps,Australia,Australia,Perth,FCT028,Perth Soap Plant,LN0083,Line-2,2026-07-01 06:00:00,2026-07-01,6,Morning,Charcoal Bar Soap,1.37,60.0,11.1,Quality Hold,48.9,82,61,5,56,8.88,91.8,74.39,81.5,91.05,68.12,5.58,20.44,2
PureGlow Soaps International (Fictional Dummy Company),Global Manufacturing Head - PureGlow Soaps,Australia,Australia,Perth,FCT028,Perth Soap Plant,LN0084,Line-3,2026-07-01 06:00:00,2026-07-01,6,Morning,Rose Bar Soap,0.99,60.0,3.3,No Downtime,56.7,59,57,2,55,3.43,96.49,96.61,94.5,101.54,92.59,6.25,37.09,3
PureGlow Soaps International (Fictional Dummy Company),Global Manufacturing Head - PureGlow Soaps,Australia,Australia,Perth,FCT028,Perth Soap Plant,LN0082,Line-1,2026-07-01 07:00:00,2026-07-01,7,Morning,Charcoal Bar Soap,1.39,60.0,16.2,Machine Breakdown,43.8,83,55,2,53,4.36,96.36,66.27,73.0,90.34,63.55,5.51,12.01,1
PureGlow Soaps International (Fictional Dummy Company),Global Manufacturing Head - PureGlow Soaps,Australia,Australia,Perth,FCT028,Perth Soap Plant,LN0083,Line-2,2026-07-01 07:00:00,2026-07-01,7,Morning,Charcoal Bar Soap,1.37,60.0,21.2,Material Shortage,38.8,82,45,1,44,3.18,97.78,54.88,64.67,84.66,53.53,4.55,17.02,3
PureGlow Soaps International (Fictional Dummy Company),Global Manufacturing Head - PureGlow Soaps,Australia,Australia,Perth,FCT028,Perth Soap Plant,LN0084,Line-3,2026-07-01 07:00:00,2026-07-01,7,Morning,Rose Bar Soap,0.99,60.0,8.1,Changeover/Setup,51.9,59,42,1,41,2.73,97.62,71.19,86.5,81.74,69.02,4.55,32.63,1
PureGlow Soaps International (Fictional Dummy Company),Global Manufacturing Head - PureGlow Soaps,Australia,Australia,Perth,FCT028,Perth Soap Plant,LN0082,Line-1,2026-07-01 08:00:00,2026-07-01,8,Morning,Charcoal Bar Soap,1.39,60.0,16.2,Material Shortage,43.8,83,56,1,55,2.57,98.21,67.47,73.0,91.98,65.94,5.5,12.53,3
PureGlow Soaps International (Fictional Dummy Company),Global Manufacturing Head - PureGlow Soaps,Australia,Australia,Perth,FCT028,Perth Soap Plant,LN0083,Line-2,2026-07-01 08:00:00,2026-07-01,8,Morning,Charcoal Bar Soap,1.37,60.0,18.5,Staff Shortage,41.5,82,47,2,45,3.65,95.74,57.32,69.17,82.67,54.75,4.72,16.15,2
PureGlow Soaps International (Fictional Dummy Company),Global Manufacturing Head - PureGlow Soaps,Australia,Australia,Perth,FCT028,Perth Soap Plant,LN0084,Line-3,2026-07-01 08:00:00,2026-07-01,8,Morning,Rose Bar Soap,0.99,60.0,1.1,No Downtime,58.9,59,53,2,51,3.88,96.23,89.83,98.17,90.89,85.86,5.16,34.97,2
PureGlow Soaps International (Fictional Dummy Company),Global Manufacturing Head - PureGlow Soaps,Australia,Australia,Perth,FCT028,Perth Soap Plant,LN0082,Line-1,2026-07-01 09:00:00,2026-07-01,9,Morning,Charcoal Bar Soap,1.39,60.0,37.8,Machine Breakdown,22.2,83,27,1,26,3.71,96.3,32.53,37.0,87.5,31.18,2.47,5.63,3
PureGlow Soaps International (Fictional Dummy Company),Global Manufacturing Head - PureGlow Soaps,Australia,Australia,Perth,FCT028,Perth Soap Plant,LN0083,Line-2,2026-07-01 09:00:00,2026-07-01,9,Morning,Charcoal Bar Soap,1.37,60.0,2.5,No Downtime,57.5,82,72,1,71,1.52,98.61,87.8,95.83,91.4,86.37,6.43,23.13,3
PureGlow Soaps International (Fictional Dummy Company),Global Manufacturing Head - PureGlow Soaps,Australia,Australia,Perth,FCT028,Perth Soap Plant,LN0084,Line-3,2026-07-01 09:00:00,2026-07-01,9,Morning,Rose Bar Soap,0.99,60.0,0.3,No Downtime,59.7,59,52,1,51,2.43,98.08,88.14,99.5,87.98,85.86,4.62,37.97,2
PureGlow Soaps International (Fictional Dummy Company),Global Manufacturing Head - PureGlow Soaps,Australia,Australia,Perth,FCT028,Perth Soap Plant,LN0082,Line-1,2026-07-01 10:00:00,2026-07-01,10,Morning,Charcoal Bar Soap,1.39,60.0,7.3,Changeover/Setup,52.7,83,72,2,70,2.42,97.22,86.75,87.83,98.29,83.93,7.34,13.61,3
PureGlow Soaps International (Fictional Dummy Company),Global Manufacturing Head - PureGlow Soaps,Australia,Australia,Perth,FCT028,Perth Soap Plant,LN0083,Line-2,2026-07-01 10:00:00,2026-07-01,10,Morning,Charcoal Bar Soap,1.37,60.0,1.4,No Downtime,58.6,82,79,3,76,3.29,96.2,96.34,97.67,98.4,92.46,7.44,24.34,1
PureGlow Soaps International (Fictional Dummy Company),Global Manufacturing Head - PureGlow Soaps,Australia,Australia,Perth,FCT028,Perth Soap Plant,LN0084,Line-3,2026-07-01 10:00:00,2026-07-01,10,Morning,Rose Bar Soap,0.99,60.0,3.8,No Downtime,56.2,59,55,2,53,3.22,96.36,93.22,93.67,98.85,89.22,6.01,36.09,1
PureGlow Soaps International (Fictional Dummy Company),Global Manufacturing Head - PureGlow Soaps,Australia,Australia,Perth,FCT028,Perth Soap Plant,LN0082,Line-1,2026-07-01 11:00:00,2026-07-01,11,Morning,Charcoal Bar Soap,1.39,60.0,7.6,Staff Shortage,52.4,83,68,3,65,4.4,95.59,81.93,87.33,93.36,77.94,7.27,14.09,2
PureGlow Soaps International (Fictional Dummy Company),Global Manufacturing Head - PureGlow Soaps,Australia,Australia,Perth,FCT028,Perth Soap Plant,LN0083,Line-2,2026-07-01 11:00:00,2026-07-01,11,Morning,Charcoal Bar Soap,1.37,60.0,1.6,No Downtime,58.4,82,72,2,70,2.53,97.22,87.8,97.33,89.99,85.15,7.13,23.83,2
PureGlow Soaps International (Fictional Dummy Company),Global Manufacturing Head - PureGlow Soaps,Australia,Australia,Perth,FCT028,Perth Soap Plant,LN0084,Line-3,2026-07-01 11:00:00,2026-07-01,11,Morning,Rose Bar Soap,0.99,60.0,0.7,No Downtime,59.3,59,48,1,47,2.59,97.92,81.36,98.83,81.76,79.12,4.9,34.0,2
PureGlow Soaps International (Fictional Dummy Company),Global Manufacturing Head - PureGlow Soaps,Australia,Australia,Perth,FCT028,Perth Soap Plant,LN0082,Line-1,2026-07-01 12:00:00,2026-07-01,12,Morning,Charcoal Bar Soap,1.39,60.0,21.9,Power Outage,38.1,83,46,2,44,3.34,95.65,55.42,63.5,86.86,52.76,5.0,10.68,3
PureGlow Soaps International (Fictional Dummy Company),Global Manufacturing Head - PureGlow Soaps,Australia,Australia,Perth,FCT028,Perth Soap Plant,LN0083,Line-2,2026-07-01 12:00:00,2026-07-01,12,Morning,Charcoal Bar Soap,1.37,60.0,2.5,No Downtime,57.5,82,76,1,75,1.79,98.68,92.68,95.83,96.48,91.24,6.49,22.38,2
PureGlow Soaps International (Fictional Dummy Company),Global Manufacturing Head - PureGlow Soaps,Australia,Australia,Perth,FCT028,Perth Soap Plant,LN0084,Line-3,2026-07-01 12:00:00,2026-07-01,12,Morning,Rose Bar Soap,0.99,60.0,31.7,Material Shortage,28.3,59,28,1,27,2.72,96.43,47.46,47.17,99.94,45.46,2.47,17.57,2
PureGlow Soaps International (Fictional Dummy Company),Global Manufacturing Head - PureGlow Soaps,Australia,Australia,Perth,FCT028,Perth Soap Plant,LN0082,Line-1,2026-07-01 13:00:00,2026-07-01,13,Morning,Charcoal Bar Soap,1.39,60.0,1.7,No Downtime,58.3,83,69,2,67,2.56,97.1,83.13,97.17,85.15,80.34,7.42,17.04,1
PureGlow Soaps International (Fictional Dummy Company),Global Manufacturing Head - PureGlow Soaps,Australia,Australia,Perth,FCT028,Perth Soap Plant,LN0083,Line-2,2026-07-01 13:00:00,2026-07-01,13,Morning,Charcoal Bar Soap,1.37,60.0,2.5,No Downtime,57.5,82,63,1,62,0.87,98.41,76.83,95.83,79.97,75.42,6.54,24.36,3
PureGlow Soaps International (Fictional Dummy Company),Global Manufacturing Head - PureGlow Soaps,Australia,Australia,Perth,FCT028,Perth Soap Plant,LN0084,Line-3,2026-07-01 13:00:00,2026-07-01,13,Morning,Rose Bar Soap,0.99,60.0,11.5,Machine Breakdown,48.5,59,44,1,43,1.44,97.73,74.58,80.83,91.64,72.39,3.96,28.22,1
PureGlow Soaps International (Fictional Dummy Company),Global Manufacturing Head - PureGlow Soaps,Australia,Australia,Perth,FCT028,Perth Soap Plant,LN0082,Line-1,2026-07-01 14:00:00,2026-07-01,14,Afternoon,Charcoal Bar Soap,1.39,60.0,8.6,Quality Hold,51.4,83,58,4,54,6.3,93.1,69.88,85.67,81.18,64.75,5.94,15.7,2
PureGlow Soaps International (Fictional Dummy Company),Global Manufacturing Head - PureGlow Soaps,Australia,Australia,Perth,FCT028,Perth Soap Plant,LN0083,Line-2,2026-07-01 14:00:00,2026-07-01,14,Afternoon,Charcoal Bar Soap,1.37,60.0,41.3,Machine Breakdown,18.7,82,21,0,21,1.45,100.0,25.61,31.17,81.97,25.55,1.96,7.53,1
PureGlow Soaps International (Fictional Dummy Company),Global Manufacturing Head - PureGlow Soaps,Australia,Australia,Perth,FCT028,Perth Soap Plant,LN0084,Line-3,2026-07-01 14:00:00,2026-07-01,14,Afternoon,Rose Bar Soap,0.99,60.0,0.7,No Downtime,59.3,59,55,1,54,1.44,98.18,93.22,98.83,93.69,90.91,5.77,36.92,1
PureGlow Soaps International (Fictional Dummy Company),Global Manufacturing Head - PureGlow Soaps,Australia,Australia,Perth,FCT028,Perth Soap Plant,LN0082,Line-1,2026-07-01 15:00:00,2026-07-01,15,Afternoon,Charcoal Bar Soap,1.39,60.0,11.5,Machine Breakdown,48.5,83,61,2,59,2.69,96.72,73.49,80.83,90.48,70.74,6.68,12.93,1
PureGlow Soaps International (Fictional Dummy Company),Global Manufacturing Head - PureGlow Soaps,Australia,Australia,Perth,FCT028,Perth Soap Plant,LN0083,Line-2,2026-07-01 15:00:00,2026-07-01,15,Afternoon,Charcoal Bar Soap,1.37,60.0,17.3,Material Shortage,42.7,82,50,1,49,2.06,98.0,60.98,71.17,85.47,59.61,4.86,17.62,3
PureGlow Soaps International (Fictional Dummy Company),Global Manufacturing Head - PureGlow Soaps,Australia,Australia,Perth,FCT028,Perth Soap Plant,LN0084,Line-3,2026-07-01 15:00:00,2026-07-01,15,Afternoon,Rose Bar Soap,0.99,60.0,6.1,Changeover/Setup,53.9,59,47,2,45,3.24,95.74,79.66,89.83,88.08,75.75,4.6,34.54,1
PureGlow Soaps International (Fictional Dummy Company),Global Manufacturing Head - PureGlow Soaps,Australia,Australia,Perth,FCT028,Perth Soap Plant,LN0082,Line-1,2026-07-01 16:00:00,2026-07-01,16,Afternoon,Charcoal Bar Soap,1.39,60.0,7.9,Changeover/Setup,52.1,83,66,2,64,3.2,96.97,79.52,86.83,91.14,76.74,6.12,13.28,1
PureGlow Soaps International (Fictional Dummy Company),Global Manufacturing Head - PureGlow Soaps,Australia,Australia,Perth,FCT028,Perth Soap Plant,LN0083,Line-2,2026-07-01 16:00:00,2026-07-01,16,Afternoon,Charcoal Bar Soap,1.37,60.0,9.2,Changeover/Setup,50.8,82,56,2,54,3.74,96.43,68.29,84.67,80.46,65.69,6.13,19.32,2
PureGlow Soaps International (Fictional Dummy Company),Global Manufacturing Head - PureGlow Soaps,Australia,Australia,Perth,FCT028,Perth Soap Plant,LN0084,Line-3,2026-07-01 16:00:00,2026-07-01,16,Afternoon,Rose Bar Soap,0.99,60.0,19.2,Changeover/Setup,40.8,59,34,2,32,4.74,94.12,57.63,68.0,84.18,53.88,3.68,25.97,3
PureGlow Soaps International (Fictional Dummy Company),Global Manufacturing Head - PureGlow Soaps,Australia,Australia,Perth,FCT028,Perth Soap Plant,LN0082,Line-1,2026-07-01 17:00:00,2026-07-01,17,Afternoon,Charcoal Bar Soap,1.39,60.0,0.3,No Downtime,59.7,83,84,3,81,3.51,96.43,101.2,99.5,101.23,97.13,8.09,16.67,1
PureGlow Soaps International (Fictional Dummy Company),Global Manufacturing Head - PureGlow Soaps,Australia,Australia,Perth,FCT028,Perth Soap Plant,LN0083,Line-2,2026-07-01 17:00:00,2026-07-01,17,Afternoon,Charcoal Bar Soap,1.37,60.0,0.5,No Downtime,59.5,82,75,2,73,2.63,97.33,91.46,99.17,92.01,88.81,7.58,23.39,1
PureGlow Soaps International (Fictional Dummy Company),Global Manufacturing Head - PureGlow Soaps,Australia,Australia,Perth,FCT028,Perth Soap Plant,LN0084,Line-3,2026-07-01 17:00:00,2026-07-01,17,Afternoon,Rose Bar Soap,0.99,60.0,2.3,No Downtime,57.7,59,47,2,45,3.54,95.74,79.66,96.17,82.28,75.76,4.04,37.23,1
PureGlow Soaps International (Fictional Dummy Company),Global Manufacturing Head - PureGlow Soaps,Australia,Australia,Perth,FCT028,Perth Soap Plant,LN0082,Line-1,2026-07-01 18:00:00,2026-07-01,18,Afternoon,Charcoal Bar Soap,1.39,60.0,7.8,Changeover/Setup,52.2,83,71,2,69,2.53,97.18,85.54,87.0,97.85,82.73,7.0,15.9,2
PureGlow Soaps International (Fictional Dummy Company),Global Manufacturing Head - PureGlow Soaps,Australia,Australia,Perth,FCT028,Perth Soap Plant,LN0083,Line-2,2026-07-01 18:00:00,2026-07-01,18,Afternoon,Charcoal Bar Soap,1.37,60.0,0.4,No Downtime,59.6,82,75,1,74,1.42,98.67,91.46,99.33,91.85,90.02,7.5,25.98,3
PureGlow Soaps International (Fictional Dummy Company),Global Manufacturing Head - PureGlow Soaps,Australia,Australia,Perth,FCT028,Perth Soap Plant,LN0084,Line-3,2026-07-01 18:00:00,2026-07-01,18,Afternoon,Rose Bar Soap,0.99,60.0,19.5,Material Shortage,40.5,59,39,1,38,2.07,97.44,66.1,67.5,97.27,63.98,4.29,23.83,2
PureGlow Soaps International (Fictional Dummy Company),Global Manufacturing Head - PureGlow Soaps,Australia,Australia,Perth,FCT028,Perth Soap Plant,LN0082,Line-1,2026-07-01 19:00:00,2026-07-01,19,Afternoon,Charcoal Bar Soap,1.39,60.0,1.3,No Downtime,58.7,83,69,1,68,1.63,98.55,83.13,97.83,84.57,81.54,6.85,17.64,2
PureGlow Soaps International (Fictional Dummy Company),Global Manufacturing Head - PureGlow Soaps,Australia,Australia,Perth,FCT028,Perth Soap Plant,LN0083,Line-2,2026-07-01 19:00:00,2026-07-01,19,Afternoon,Charcoal Bar Soap,1.37,60.0,3.1,No Downtime,56.9,82,63,2,61,2.52,96.83,76.83,94.83,80.82,74.21,5.84,21.7,1
PureGlow Soaps International (Fictional Dummy Company),Global Manufacturing Head - PureGlow Soaps,Australia,Australia,Perth,FCT028,Perth Soap Plant,LN0084,Line-3,2026-07-01 19:00:00,2026-07-01,19,Afternoon,Rose Bar Soap,0.99,60.0,34.6,Material Shortage,25.4,59,23,1,22,2.79,95.65,38.98,42.33,91.47,37.03,2.33,14.86,2
PureGlow Soaps International (Fictional Dummy Company),Global Manufacturing Head - PureGlow Soaps,Australia,Australia,Perth,FCT028,Perth Soap Plant,LN0082,Line-1,2026-07-01 20:00:00,2026-07-01,20,Afternoon,Charcoal Bar Soap,1.39,60.0,0.1,No Downtime,59.9,83,71,1,70,2.06,98.59,85.54,99.83,85.27,83.92,7.2,17.52,1
PureGlow Soaps International (Fictional Dummy Company),Global Manufacturing Head - PureGlow Soaps,Australia,Australia,Perth,FCT028,Perth Soap Plant,LN0083,Line-2,2026-07-01 20:00:00,2026-07-01,20,Afternoon,Charcoal Bar Soap,1.37,60.0,0.3,No Downtime,59.7,82,71,2,69,3.34,97.18,86.59,99.5,86.81,83.94,7.52,23.06,3
PureGlow Soaps International (Fictional Dummy Company),Global Manufacturing Head - PureGlow Soaps,Australia,Australia,Perth,FCT028,Perth Soap Plant,LN0084,Line-3,2026-07-01 20:00:00,2026-07-01,20,Afternoon,Rose Bar Soap,0.99,60.0,22.1,Staff Shortage,37.9,59,37,0,37,0.89,100.0,62.71,63.17,98.61,62.29,3.32,23.66,3
PureGlow Soaps International (Fictional Dummy Company),Global Manufacturing Head - PureGlow Soaps,Australia,Australia,Perth,FCT028,Perth Soap Plant,LN0082,Line-1,2026-07-01 21:00:00,2026-07-01,21,Afternoon,Charcoal Bar Soap,1.39,60.0,26.2,Preventive Maintenance,33.8,83,44,1,43,2.56,97.73,53.01,56.33,93.65,51.56,4.27,9.81,2
PureGlow Soaps International (Fictional Dummy Company),Global Manufacturing Head - PureGlow Soaps,Australia,Australia,Perth,FCT028,Perth Soap Plant,LN0083,Line-2,2026-07-01 21:00:00,2026-07-01,21,Afternoon,Charcoal Bar Soap,1.37,60.0,11.1,Changeover/Setup,48.9,82,55,2,53,3.77,96.36,67.07,81.5,82.1,64.48,5.73,19.83,2
PureGlow Soaps International (Fictional Dummy Company),Global Manufacturing Head - PureGlow Soaps,Australia,Australia,Perth,FCT028,Perth Soap Plant,LN0084,Line-3,2026-07-01 21:00:00,2026-07-01,21,Afternoon,Rose Bar Soap,0.99,60.0,0.7,No Downtime,59.3,59,56,2,54,3.19,96.43,94.92,98.83,95.39,90.91,5.54,34.72,2
PureGlow Soaps International (Fictional Dummy Company),Global Manufacturing Head - PureGlow Soaps,Australia,Australia,Perth,FCT028,Perth Soap Plant,LN0082,Line-1,2026-07-01 22:00:00,2026-07-01,22,Night,Charcoal Bar Soap,1.39,60.0,9.3,Quality Hold,50.7,83,67,7,60,10.95,89.55,80.72,84.5,95.07,71.94,6.59,13.31,3
PureGlow Soaps International (Fictional Dummy Company),Global Manufacturing Head - PureGlow Soaps,Australia,Australia,Perth,FCT028,Perth Soap Plant,LN0083,Line-2,2026-07-01 22:00:00,2026-07-01,22,Night,Charcoal Bar Soap,1.37,60.0,2.7,No Downtime,57.3,82,71,2,69,3.16,97.18,86.59,95.5,90.44,83.93,6.59,20.83,1
PureGlow Soaps International (Fictional Dummy Company),Global Manufacturing Head - PureGlow Soaps,Australia,Australia,Perth,FCT028,Perth Soap Plant,LN0084,Line-3,2026-07-01 22:00:00,2026-07-01,22,Night,Rose Bar Soap,0.99,60.0,1.4,No Downtime,58.6,59,55,1,54,2.32,98.18,93.22,97.67,94.8,90.91,5.07,38.61,3
PureGlow Soaps International (Fictional Dummy Company),Global Manufacturing Head - PureGlow Soaps,Australia,Australia,Perth,FCT028,Perth Soap Plant,LN0082,Line-1,2026-07-01 23:00:00,2026-07-01,23,Night,Charcoal Bar Soap,1.39,60.0,12.2,Staff Shortage,47.8,83,59,2,57,3.16,96.61,71.08,79.67,88.8,68.35,5.96,12.2,3
PureGlow Soaps International (Fictional Dummy Company),Global Manufacturing Head - PureGlow Soaps,Australia,Australia,Perth,FCT028,Perth Soap Plant,LN0083,Line-2,2026-07-01 23:00:00,2026-07-01,23,Night,Charcoal Bar Soap,1.37,60.0,32.6,Machine Breakdown,27.4,82,36,1,35,1.93,97.22,43.9,45.67,95.9,42.58,3.71,10.01,3
PureGlow Soaps International (Fictional Dummy Company),Global Manufacturing Head - PureGlow Soaps,Australia,Australia,Perth,FCT028,Perth Soap Plant,LN0084,Line-3,2026-07-01 23:00:00,2026-07-01,23,Night,Rose Bar Soap,0.99,60.0,3.1,No Downtime,56.9,59,51,2,49,3.18,96.08,86.44,94.83,90.54,82.49,5.5,37.81,3
PureGlow Soaps International (Fictional Dummy Company),Global Manufacturing Head - PureGlow Soaps,Australia,Australia,Perth,FCT028,Perth Soap Plant,LN0082,Line-1,2026-07-02 00:00:00,2026-07-02,0,Night,Rose Bar Soap,1.39,60.0,2.7,No Downtime,57.3,83,66,1,65,1.71,98.48,79.52,95.5,82.87,77.94,7.2,15.09,3
PureGlow Soaps International (Fictional Dummy Company),Global Manufacturing Head - PureGlow Soaps,Australia,Australia,Perth,FCT028,Perth Soap Plant,LN0083,Line-2,2026-07-02 00:00:00,2026-07-02,0,Night,Aloe Vera Liquid Soap,1.37,60.0,32.1,Machine Breakdown,27.9,82,36,1,35,2.7,97.22,43.9,46.5,94.18,42.58,3.64,11.52,2
PureGlow Soaps International (Fictional Dummy Company),Global Manufacturing Head - PureGlow Soaps,Australia,Australia,Perth,FCT028,Perth Soap Plant,LN0084,Line-3,2026-07-02 00:00:00,2026-07-02,0,Night,Neem Bar Soap,0.99,60.0,23.2,Machine Breakdown,36.8,59,33,0,33,1.5,100.0,55.93,61.33,90.58,55.55,3.37,22.99,3
PureGlow Soaps International (Fictional Dummy Company),Global Manufacturing Head - PureGlow Soaps,Australia,Australia,Perth,FCT028,Perth Soap Plant,LN0082,Line-1,2026-07-02 01:00:00,2026-07-02,1,Night,Rose Bar Soap,1.39,60.0,1.2,No Downtime,58.8,83,68,3,65,4.01,95.59,81.93,98.0,83.2,77.94,7.44,17.16,3
PureGlow Soaps International (Fictional Dummy Company),Global Manufacturing Head - PureGlow Soaps,Australia,Australia,Perth,FCT028,Perth Soap Plant,LN0083,Line-2,2026-07-02 01:00:00,2026-07-02,1,Night,Aloe Vera Liquid Soap,1.37,60.0,25.3,Power Outage,34.7,82,40,2,38,4.87,95.0,48.78,57.83,84.14,46.23,4.2,12.94,1
PureGlow Soaps International (Fictional Dummy Company),Global Manufacturing Head - PureGlow Soaps,Australia,Australia,Perth,FCT028,Perth Soap Plant,LN0084,Line-3,2026-07-02 01:00:00,2026-07-02,1,Night,Neem Bar Soap,0.99,60.0,2.5,No Downtime,57.5,59,48,1,47,1.81,97.92,81.36,95.83,84.32,79.12,4.79,35.77,2
PureGlow Soaps International (Fictional Dummy Company),Global Manufacturing Head - PureGlow Soaps,Australia,Australia,Perth,FCT028,Perth Soap Plant,LN0082,Line-1,2026-07-02 02:00:00,2026-07-02,2,Night,Rose Bar Soap,1.39,60.0,3.5,No Downtime,56.5,83,72,3,69,4.16,95.83,86.75,94.17,91.68,82.73,7.68,16.29,3
PureGlow Soaps International (Fictional Dummy Company),Global Manufacturing Head - PureGlow Soaps,Australia,Australia,Perth,FCT028,Perth Soap Plant,LN0083,Line-2,2026-07-02 02:00:00,2026-07-02,2,Night,Aloe Vera Liquid Soap,1.37,60.0,35.4,Machine Breakdown,24.6,82,30,1,29,1.88,96.67,36.59,41.0,89.02,35.28,2.69,9.15,1
PureGlow Soaps International (Fictional Dummy Company),Global Manufacturing Head - PureGlow Soaps,Australia,Australia,Perth,FCT028,Perth Soap Plant,LN0084,Line-3,2026-07-02 02:00:00,2026-07-02,2,Night,Neem Bar Soap,0.99,60.0,3.6,No Downtime,56.4,59,51,2,49,4.11,96.08,86.44,94.0,91.34,82.49,5.33,38.67,2
PureGlow Soaps International (Fictional Dummy Company),Global Manufacturing Head - PureGlow Soaps,Australia,Australia,Perth,FCT028,Perth Soap Plant,LN0082,Line-1,2026-07-02 03:00:00,2026-07-02,3,Night,Rose Bar Soap,1.39,60.0,12.9,Staff Shortage,47.1,83,53,2,51,4.54,96.23,63.86,78.5,80.95,61.15,4.61,12.54,2
PureGlow Soaps International (Fictional Dummy Company),Global Manufacturing Head - PureGlow Soaps,Australia,Australia,Perth,FCT028,Perth Soap Plant,LN0083,Line-2,2026-07-02 03:00:00,2026-07-02,3,Night,Aloe Vera Liquid Soap,1.37,60.0,19.0,Quality Hold,41.0,82,50,3,47,6.72,94.0,60.98,68.33,89.02,57.18,5.44,15.63,2
PureGlow Soaps International (Fictional Dummy Company),Global Manufacturing Head - PureGlow Soaps,Australia,Australia,Perth,FCT028,Perth Soap Plant,LN0084,Line-3,2026-07-02 03:00:00,2026-07-02,3,Night,Neem Bar Soap,0.99,60.0,3.9,No Downtime,56.1,59,49,3,46,5.75,93.88,83.05,93.5,88.23,77.45,5.33,36.95,1
PureGlow Soaps International (Fictional Dummy Company),Global Manufacturing Head - PureGlow Soaps,Australia,Australia,Perth,FCT028,Perth Soap Plant,LN0082,Line-1,2026-07-02 04:00:00,2026-07-02,4,Night,Rose Bar Soap,1.39,60.0,32.6,Machine Breakdown,27.4,83,36,1,35,2.59,97.22,43.37,45.67,94.52,41.97,3.94,8.11,2
PureGlow Soaps International (Fictional Dummy Company),Global Manufacturing Head - PureGlow Soaps,Australia,Australia,Perth,FCT028,Perth Soap Plant,LN0083,Line-2,2026-07-02 04:00:00,2026-07-02,4,Night,Aloe Vera Liquid Soap,1.37,60.0,33.5,Material Shortage,26.5,82,33,1,32,3.94,96.97,40.24,44.17,90.9,38.93,2.87,11.68,3
PureGlow Soaps International (Fictional Dummy Company),Global Manufacturing Head - PureGlow Soaps,Australia,Australia,Perth,FCT028,Perth Soap Plant,LN0084,Line-3,2026-07-02 04:00:00,2026-07-02,4,Night,Neem Bar Soap,0.99,60.0,28.0,Power Outage,32.0,59,29,1,28,3.42,96.55,49.15,53.33,91.54,47.13,2.55,19.2,1
PureGlow Soaps International (Fictional Dummy Company),Global Manufacturing Head - PureGlow Soaps,Australia,Australia,Perth,FCT028,Perth Soap Plant,LN0082,Line-1,2026-07-02 05:00:00,2026-07-02,5,Night,Rose Bar Soap,1.39,60.0,12.0,Power Outage,48.0,83,66,1,65,1.17,98.48,79.52,80.0,98.92,77.93,6.44,14.39,3
PureGlow Soaps International (Fictional Dummy Company),Global Manufacturing Head - PureGlow Soaps,Australia,Australia,Perth,FCT028,Perth Soap Plant,LN0083,Line-2,2026-07-02 05:00:00,2026-07-02,5,Night,Aloe Vera Liquid Soap,1.37,60.0,32.2,Preventive Maintenance,27.8,82,32,1,31,3.48,96.88,39.02,46.33,84.02,37.71,3.0,10.29,2
PureGlow Soaps International (Fictional Dummy Company),Global Manufacturing Head - PureGlow Soaps,Australia,Australia,Perth,FCT028,Perth Soap Plant,LN0084,Line-3,2026-07-02 05:00:00,2026-07-02,5,Night,Neem Bar Soap,0.99,60.0,13.2,Changeover/Setup,46.8,59,47,1,46,1.69,97.87,79.66,78.0,101.44,77.44,4.98,29.59,3
PureGlow Soaps International (Fictional Dummy Company),Global Manufacturing Head - PureGlow Soaps,Australia,Australia,Perth,FCT028,Perth Soap Plant,LN0082,Line-1,2026-07-02 06:00:00,2026-07-02,6,Morning,Rose Bar Soap,1.39,60.0,7.8,Quality Hold,52.2,83,67,5,62,7.87,92.54,80.72,87.0,92.34,74.34,6.3,15.86,1
PureGlow Soaps International (Fictional Dummy Company),Global Manufacturing Head - PureGlow Soaps,Australia,Australia,Perth,FCT028,Perth Soap Plant,LN0083,Line-2,2026-07-02 06:00:00,2026-07-02,6,Morning,Aloe Vera Liquid Soap,1.37,60.0,2.6,No Downtime,57.4,82,67,2,65,2.55,97.01,81.71,95.67,85.2,79.07,6.56,21.55,3
PureGlow Soaps International (Fictional Dummy Company),Global Manufacturing Head - PureGlow Soaps,Australia,Australia,Perth,FCT028,Perth Soap Plant,LN0084,Line-3,2026-07-02 06:00:00,2026-07-02,6,Morning,Neem Bar Soap,0.99,60.0,1.6,No Downtime,58.4,59,57,2,55,3.88,96.49,96.61,97.33,98.59,92.59,5.86,37.55,2
PureGlow Soaps International (Fictional Dummy Company),Global Manufacturing Head - PureGlow Soaps,Australia,Australia,Perth,FCT028,Perth Soap Plant,LN0082,Line-1,2026-07-02 07:00:00,2026-07-02,7,Morning,Rose Bar Soap,1.39,60.0,38.2,Preventive Maintenance,21.8,83,24,1,23,4.63,95.83,28.92,36.33,79.2,27.57,2.09,6.13,3
PureGlow Soaps International (Fictional Dummy Company),Global Manufacturing Head - PureGlow Soaps,Australia,Australia,Perth,FCT028,Perth Soap Plant,LN0083,Line-2,2026-07-02 07:00:00,2026-07-02,7,Morning,Aloe Vera Liquid Soap,1.37,60.0,0.6,No Downtime,59.4,82,69,0,69,0.52,100.0,84.15,99.0,84.79,83.94,7.09,25.51,2
PureGlow Soaps International (Fictional Dummy Company),Global Manufacturing Head - PureGlow Soaps,Australia,Australia,Perth,FCT028,Perth Soap Plant,LN0084,Line-3,2026-07-02 07:00:00,2026-07-02,7,Morning,Neem Bar Soap,0.99,60.0,8.0,Changeover/Setup,52.0,59,41,1,40,2.05,97.56,69.49,86.67,79.64,67.34,3.8,35.09,2
PureGlow Soaps International (Fictional Dummy Company),Global Manufacturing Head - PureGlow Soaps,Australia,Australia,Perth,FCT028,Perth Soap Plant,LN0082,Line-1,2026-07-02 08:00:00,2026-07-02,8,Morning,Rose Bar Soap,1.39,60.0,1.3,No Downtime,58.7,83,72,3,69,4.46,95.83,86.75,97.83,88.24,82.73,6.79,15.7,3
PureGlow Soaps International (Fictional Dummy Company),Global Manufacturing Head - PureGlow Soaps,Australia,Australia,Perth,FCT028,Perth Soap Plant,LN0083,Line-2,2026-07-02 08:00:00,2026-07-02,8,Morning,Aloe Vera Liquid Soap,1.37,60.0,7.2,Power Outage,52.8,82,67,1,66,1.13,98.51,81.71,88.0,92.62,80.29,6.69,19.36,2
PureGlow Soaps International (Fictional Dummy Company),Global Manufacturing Head - PureGlow Soaps,Australia,Australia,Perth,FCT028,Perth Soap Plant,LN0084,Line-3,2026-07-02 08:00:00,2026-07-02,8,Morning,Neem Bar Soap,0.99,60.0,1.6,No Downtime,58.4,59,54,2,52,3.81,96.3,91.53,97.33,93.4,87.54,5.68,40.1,2
PureGlow Soaps International (Fictional Dummy Company),Global Manufacturing Head - PureGlow Soaps,Australia,Australia,Perth,FCT028,Perth Soap Plant,LN0082,Line-1,2026-07-02 09:00:00,2026-07-02,9,Morning,Rose Bar Soap,1.39,60.0,28.2,Machine Breakdown,31.8,83,36,1,35,1.49,97.22,43.37,53.0,81.44,41.96,3.7,7.97,3
PureGlow Soaps International (Fictional Dummy Company),Global Manufacturing Head - PureGlow Soaps,Australia,Australia,Perth,FCT028,Perth Soap Plant,LN0083,Line-2,2026-07-02 09:00:00,2026-07-02,9,Morning,Aloe Vera Liquid Soap,1.37,60.0,4.0,No Downtime,56.0,82,76,3,73,4.36,96.05,92.68,93.33,99.06,88.8,7.83,24.57,3
PureGlow Soaps International (Fictional Dummy Company),Global Manufacturing Head - PureGlow Soaps,Australia,Australia,Perth,FCT028,Perth Soap Plant,LN0084,Line-3,2026-07-02 09:00:00,2026-07-02,9,Morning,Neem Bar Soap,0.99,60.0,14.0,Staff Shortage,46.0,59,38,1,37,3.77,97.37,64.41,76.67,83.44,62.29,3.43,31.61,1
PureGlow Soaps International (Fictional Dummy Company),Global Manufacturing Head - PureGlow Soaps,Australia,Australia,Perth,FCT028,Perth Soap Plant,LN0082,Line-1,2026-07-02 10:00:00,2026-07-02,10,Morning,Rose Bar Soap,1.39,60.0,33.7,Machine Breakdown,26.3,83,34,1,33,3.6,97.06,40.96,43.83,93.01,39.57,3.5,7.19,2
PureGlow Soaps International (Fictional Dummy Company),Global Manufacturing Head - PureGlow Soaps,Australia,Australia,Perth,FCT028,Perth Soap Plant,LN0083,Line-2,2026-07-02 10:00:00,2026-07-02,10,Morning,Aloe Vera Liquid Soap,1.37,60.0,20.2,Machine Breakdown,39.8,82,54,1,53,1.04,98.15,65.85,66.33,99.04,64.48,4.8,16.48,1
PureGlow Soaps International (Fictional Dummy Company),Global Manufacturing Head - PureGlow Soaps,Australia,Australia,Perth,FCT028,Perth Soap Plant,LN0084,Line-3,2026-07-02 10:00:00,2026-07-02,10,Morning,Neem Bar Soap,0.99,60.0,28.0,Power Outage,32.0,59,32,1,31,3.48,96.88,54.24,53.33,101.01,52.19,3.08,20.96,1
PureGlow Soaps International (Fictional Dummy Company),Global Manufacturing Head - PureGlow Soaps,Australia,Australia,Perth,FCT028,Perth Soap Plant,LN0082,Line-1,2026-07-02 11:00:00,2026-07-02,11,Morning,Rose Bar Soap,1.39,60.0,2.6,No Downtime,57.4,83,79,3,76,4.24,96.2,95.18,95.67,99.01,91.12,8.19,17.34,1
PureGlow Soaps International (Fictional Dummy Company),Global Manufacturing Head - PureGlow Soaps,Australia,Australia,Perth,FCT028,Perth Soap Plant,LN0083,Line-2,2026-07-02 11:00:00,2026-07-02,11,Morning,Aloe Vera Liquid Soap,1.37,60.0,28.8,Material Shortage,31.2,82,40,0,40,1.22,100.0,48.78,52.0,93.58,48.66,3.69,12.3,1
PureGlow Soaps International (Fictional Dummy Company),Global Manufacturing Head - PureGlow Soaps,Australia,Australia,Perth,FCT028,Perth Soap Plant,LN0084,Line-3,2026-07-02 11:00:00,2026-07-02,11,Morning,Neem Bar Soap,0.99,60.0,35.0,Machine Breakdown,25.0,59,25,1,24,3.6,96.0,42.37,41.67,101.01,40.41,2.62,14.97,1
PureGlow Soaps International (Fictional Dummy Company),Global Manufacturing Head - PureGlow Soaps,Australia,Australia,Perth,FCT028,Perth Soap Plant,LN0082,Line-1,2026-07-02 12:00:00,2026-07-02,12,Morning,Rose Bar Soap,1.39,60.0,23.2,Power Outage,36.8,83,43,1,42,2.12,97.67,51.81,61.33,84.06,50.35,4.22,10.46,2
PureGlow Soaps International (Fictional Dummy Company),Global Manufacturing Head - PureGlow Soaps,Australia,Australia,Perth,FCT028,Perth Soap Plant,LN0083,Line-2,2026-07-02 12:00:00,2026-07-02,12,Morning,Aloe Vera Liquid Soap,1.37,60.0,1.4,No Downtime,58.6,82,66,1,65,1.94,98.48,80.49,97.67,82.21,79.07,6.02,22.08,1
PureGlow Soaps International (Fictional Dummy Company),Global Manufacturing Head - PureGlow Soaps,Australia,Australia,Perth,FCT028,Perth Soap Plant,LN0084,Line-3,2026-07-02 12:00:00,2026-07-02,12,Morning,Neem Bar Soap,0.99,60.0,2.5,No Downtime,57.5,59,50,0,50,0.0,100.0,84.75,95.83,87.83,84.17,4.94,38.09,3
PureGlow Soaps International (Fictional Dummy Company),Global Manufacturing Head - PureGlow Soaps,Australia,Australia,Perth,FCT028,Perth Soap Plant,LN0082,Line-1,2026-07-02 13:00:00,2026-07-02,13,Morning,Rose Bar Soap,1.39,60.0,33.6,Preventive Maintenance,26.4,83,33,0,33,1.15,100.0,39.76,44.0,89.93,39.57,3.04,7.47,3
PureGlow Soaps International (Fictional Dummy Company),Global Manufacturing Head - PureGlow Soaps,Australia,Australia,Perth,FCT028,Perth Soap Plant,LN0083,Line-2,2026-07-02 13:00:00,2026-07-02,13,Morning,Aloe Vera Liquid Soap,1.37,60.0,10.8,Changeover/Setup,49.2,82,68,2,66,3.46,97.06,82.93,82.0,100.88,80.29,7.29,20.86,1
PureGlow Soaps International (Fictional Dummy Company),Global Manufacturing Head - PureGlow Soaps,Australia,Australia,Perth,FCT028,Perth Soap Plant,LN0084,Line-3,2026-07-02 13:00:00,2026-07-02,13,Morning,Neem Bar Soap,0.99,60.0,16.0,Material Shortage,44.0,59,37,1,36,2.99,97.3,62.71,73.33,84.94,60.6,3.41,25.21,1
PureGlow Soaps International (Fictional Dummy Company),Global Manufacturing Head - PureGlow Soaps,Australia,Australia,Perth,FCT028,Perth Soap Plant,LN0082,Line-1,2026-07-02 14:00:00,2026-07-02,14,Afternoon,Rose Bar Soap,1.39,60.0,33.4,Material Shortage,26.6,83,34,1,33,2.02,97.06,40.96,44.33,91.96,39.57,3.57,7.21,2
PureGlow Soaps International (Fictional Dummy Company),Global Manufacturing Head - PureGlow Soaps,Australia,Australia,Perth,FCT028,Perth Soap Plant,LN0083,Line-2,2026-07-02 14:00:00,2026-07-02,14,Afternoon,Aloe Vera Liquid Soap,1.37,60.0,23.5,Material Shortage,36.5,82,42,1,41,1.93,97.62,51.22,60.83,83.99,49.88,3.89,13.99,1
PureGlow Soaps International (Fictional Dummy Company),Global Manufacturing Head - PureGlow Soaps,Australia,Australia,Perth,FCT028,Perth Soap Plant,LN0084,Line-3,2026-07-02 14:00:00,2026-07-02,14,Afternoon,Neem Bar Soap,0.99,60.0,6.2,Quality Hold,53.8,59,43,2,41,5.25,95.35,72.88,89.67,80.73,69.02,4.58,34.56,1
PureGlow Soaps International (Fictional Dummy Company),Global Manufacturing Head - PureGlow Soaps,Australia,Australia,Perth,FCT028,Perth Soap Plant,LN0082,Line-1,2026-07-02 15:00:00,2026-07-02,15,Afternoon,Rose Bar Soap,1.39,60.0,0.4,No Downtime,59.6,83,79,3,76,3.54,96.2,95.18,99.33,95.36,91.12,8.46,16.83,2
PureGlow Soaps International (Fictional Dummy Company),Global Manufacturing Head - PureGlow Soaps,Australia,Australia,Perth,FCT028,Perth Soap Plant,LN0083,Line-2,2026-07-02 15:00:00,2026-07-02,15,Afternoon,Aloe Vera Liquid Soap,1.37,60.0,4.0,No Downtime,56.0,82,72,2,70,2.21,97.22,87.8,93.33,93.85,85.16,6.61,22.05,3
PureGlow Soaps International (Fictional Dummy Company),Global Manufacturing Head - PureGlow Soaps,Australia,Australia,Perth,FCT028,Perth Soap Plant,LN0084,Line-3,2026-07-02 15:00:00,2026-07-02,15,Afternoon,Neem Bar Soap,0.99,60.0,18.6,Machine Breakdown,41.4,59,41,1,40,2.21,97.56,69.49,69.0,100.03,67.34,4.29,26.61,2
PureGlow Soaps International (Fictional Dummy Company),Global Manufacturing Head - PureGlow Soaps,Australia,Australia,Perth,FCT028,Perth Soap Plant,LN0082,Line-1,2026-07-02 16:00:00,2026-07-02,16,Afternoon,Rose Bar Soap,1.39,60.0,9.4,Changeover/Setup,50.6,83,64,4,60,5.48,93.75,77.11,84.33,90.99,71.94,5.84,15.4,3
PureGlow Soaps International (Fictional Dummy Company),Global Manufacturing Head - PureGlow Soaps,Australia,Australia,Perth,FCT028,Perth Soap Plant,LN0083,Line-2,2026-07-02 16:00:00,2026-07-02,16,Afternoon,Aloe Vera Liquid Soap,1.37,60.0,14.6,Quality Hold,45.4,82,59,5,54,7.63,91.53,71.95,75.67,94.86,65.7,6.18,17.56,2
PureGlow Soaps International (Fictional Dummy Company),Global Manufacturing Head - PureGlow Soaps,Australia,Australia,Perth,FCT028,Perth Soap Plant,LN0084,Line-3,2026-07-02 16:00:00,2026-07-02,16,Afternoon,Neem Bar Soap,0.99,60.0,1.2,No Downtime,58.8,59,57,3,54,5.17,94.74,96.61,98.0,97.92,90.91,5.16,35.91,2
PureGlow Soaps International (Fictional Dummy Company),Global Manufacturing Head - PureGlow Soaps,Australia,Australia,Perth,FCT028,Perth Soap Plant,LN0082,Line-1,2026-07-02 17:00:00,2026-07-02,17,Afternoon,Rose Bar Soap,1.39,60.0,0.4,No Downtime,59.6,83,69,2,67,3.46,97.1,83.13,99.33,83.29,80.33,6.44,16.76,3
PureGlow Soaps International (Fictional Dummy Company),Global Manufacturing Head - PureGlow Soaps,Australia,Australia,Perth,FCT028,Perth Soap Plant,LN0083,Line-2,2026-07-02 17:00:00,2026-07-02,17,Afternoon,Aloe Vera Liquid Soap,1.37,60.0,41.2,Machine Breakdown,18.8,82,25,1,24,2.37,96.0,30.49,31.33,97.06,29.19,2.39,7.89,2
PureGlow Soaps International (Fictional Dummy Company),Global Manufacturing Head - PureGlow Soaps,Australia,Australia,Perth,FCT028,Perth Soap Plant,LN0084,Line-3,2026-07-02 17:00:00,2026-07-02,17,Afternoon,Neem Bar Soap,0.99,60.0,29.0,Material Shortage,31.0,59,31,1,30,4.5,96.77,52.54,51.67,101.01,50.51,2.67,18.46,2
PureGlow Soaps International (Fictional Dummy Company),Global Manufacturing Head - PureGlow Soaps,Australia,Australia,Perth,FCT028,Perth Soap Plant,LN0082,Line-1,2026-07-02 18:00:00,2026-07-02,18,Afternoon,Rose Bar Soap,1.39,60.0,21.4,Machine Breakdown,38.6,83,54,3,51,4.79,94.44,65.06,64.33,100.64,61.14,5.19,11.09,2
PureGlow Soaps International (Fictional Dummy Company),Global Manufacturing Head - PureGlow Soaps,Australia,Australia,Perth,FCT028,Perth Soap Plant,LN0083,Line-2,2026-07-02 18:00:00,2026-07-02,18,Afternoon,Aloe Vera Liquid Soap,1.37,60.0,4.0,No Downtime,56.0,82,68,4,64,5.22,94.12,82.93,93.33,88.63,77.85,5.79,21.05,1
PureGlow Soaps International (Fictional Dummy Company),Global Manufacturing Head - PureGlow Soaps,Australia,Australia,Perth,FCT028,Perth Soap Plant,LN0084,Line-3,2026-07-02 18:00:00,2026-07-02,18,Afternoon,Neem Bar Soap,0.99,60.0,25.4,Preventive Maintenance,34.6,59,30,1,29,3.29,96.67,50.85,57.67,87.58,48.83,2.79,20.82,2
PureGlow Soaps International (Fictional Dummy Company),Global Manufacturing Head - PureGlow Soaps,Australia,Australia,Perth,FCT028,Perth Soap Plant,LN0082,Line-1,2026-07-02 19:00:00,2026-07-02,19,Afternoon,Rose Bar Soap,1.39,60.0,17.7,Preventive Maintenance,42.3,83,59,2,57,3.84,96.61,71.08,70.5,100.35,68.35,6.08,11.19,3
PureGlow Soaps International (Fictional Dummy Company),Global Manufacturing Head - PureGlow Soaps,Australia,Australia,Perth,FCT028,Perth Soap Plant,LN0083,Line-2,2026-07-02 19:00:00,2026-07-02,19,Afternoon,Aloe Vera Liquid Soap,1.37,60.0,2.5,No Downtime,57.5,82,63,2,61,2.57,96.83,76.83,95.83,79.97,74.21,6.67,21.05,2
PureGlow Soaps International (Fictional Dummy Company),Global Manufacturing Head - PureGlow Soaps,Australia,Australia,Perth,FCT028,Perth Soap Plant,LN0084,Line-3,2026-07-02 19:00:00,2026-07-02,19,Afternoon,Neem Bar Soap,0.99,60.0,11.1,Staff Shortage,48.9,59,47,1,46,2.22,97.87,79.66,81.5,97.09,77.44,5.09,29.91,3
PureGlow Soaps International (Fictional Dummy Company),Global Manufacturing Head - PureGlow Soaps,Australia,Australia,Perth,FCT028,Perth Soap Plant,LN0082,Line-1,2026-07-02 20:00:00,2026-07-02,20,Afternoon,Rose Bar Soap,1.39,60.0,17.8,Power Outage,42.2,83,55,2,53,3.58,96.36,66.27,70.33,93.76,63.54,4.94,12.14,2
PureGlow Soaps International (Fictional Dummy Company),Global Manufacturing Head - PureGlow Soaps,Australia,Australia,Perth,FCT028,Perth Soap Plant,LN0083,Line-2,2026-07-02 20:00:00,2026-07-02,20,Afternoon,Aloe Vera Liquid Soap,1.37,60.0,12.8,Quality Hold,47.2,82,53,3,50,5.08,94.34,64.63,78.67,81.96,60.83,5.49,19.81,2
PureGlow Soaps International (Fictional Dummy Company),Global Manufacturing Head - PureGlow Soaps,Australia,Australia,Perth,FCT028,Perth Soap Plant,LN0084,Line-3,2026-07-02 20:00:00,2026-07-02,20,Afternoon,Neem Bar Soap,0.99,60.0,1.4,No Downtime,58.6,59,47,2,45,4.49,95.74,79.66,97.67,81.01,75.75,4.78,33.0,2
PureGlow Soaps International (Fictional Dummy Company),Global Manufacturing Head - PureGlow Soaps,Australia,Australia,Perth,FCT028,Perth Soap Plant,LN0082,Line-1,2026-07-02 21:00:00,2026-07-02,21,Afternoon,Rose Bar Soap,1.39,60.0,3.3,No Downtime,56.7,83,76,2,74,2.26,97.37,91.57,94.5,96.43,88.73,6.6,16.75,2
PureGlow Soaps International (Fictional Dummy Company),Global Manufacturing Head - PureGlow Soaps,Australia,Australia,Perth,FCT028,Perth Soap Plant,LN0083,Line-2,2026-07-02 21:00:00,2026-07-02,21,Afternoon,Aloe Vera Liquid Soap,1.37,60.0,39.6,Machine Breakdown,20.4,82,28,1,27,2.97,96.43,34.15,34.0,100.19,32.85,3.0,8.17,1
PureGlow Soaps International (Fictional Dummy Company),Global Manufacturing Head - PureGlow Soaps,Australia,Australia,Perth,FCT028,Perth Soap Plant,LN0084,Line-3,2026-07-02 21:00:00,2026-07-02,21,Afternoon,Neem Bar Soap,0.99,60.0,2.6,No Downtime,57.4,59,56,1,55,1.87,98.21,94.92,95.67,98.55,92.6,5.8,34.97,3
PureGlow Soaps International (Fictional Dummy Company),Global Manufacturing Head - PureGlow Soaps,Australia,Australia,Perth,FCT028,Perth Soap Plant,LN0082,Line-1,2026-07-02 22:00:00,2026-07-02,22,Night,Rose Bar Soap,1.39,60.0,3.9,No Downtime,56.1,83,79,3,76,3.63,96.2,95.18,93.5,101.31,91.13,7.92,14.48,2
PureGlow Soaps International (Fictional Dummy Company),Global Manufacturing Head - PureGlow Soaps,Australia,Australia,Perth,FCT028,Perth Soap Plant,LN0083,Line-2,2026-07-02 22:00:00,2026-07-02,22,Night,Aloe Vera Liquid Soap,1.37,60.0,3.9,No Downtime,56.1,82,62,1,61,2.3,98.39,75.61,93.5,80.67,74.21,5.96,24.69,1
PureGlow Soaps International (Fictional Dummy Company),Global Manufacturing Head - PureGlow Soaps,Australia,Australia,Perth,FCT028,Perth Soap Plant,LN0084,Line-3,2026-07-02 22:00:00,2026-07-02,22,Night,Neem Bar Soap,0.99,60.0,13.0,Staff Shortage,47.0,59,43,1,42,2.82,97.67,72.88,78.33,92.41,70.7,3.67,29.51,1
PureGlow Soaps International (Fictional Dummy Company),Global Manufacturing Head - PureGlow Soaps,Australia,Australia,Perth,FCT028,Perth Soap Plant,LN0082,Line-1,2026-07-02 23:00:00,2026-07-02,23,Night,Rose Bar Soap,1.39,60.0,18.9,Machine Breakdown,41.1,83,55,0,55,0.38,100.0,66.27,68.5,96.27,65.94,5.74,11.85,1
PureGlow Soaps International (Fictional Dummy Company),Global Manufacturing Head - PureGlow Soaps,Australia,Australia,Perth,FCT028,Perth Soap Plant,LN0083,Line-2,2026-07-02 23:00:00,2026-07-02,23,Night,Aloe Vera Liquid Soap,1.37,60.0,13.2,Machine Breakdown,46.8,82,56,2,54,3.63,96.43,68.29,78.0,87.34,65.69,5.3,17.62,1
PureGlow Soaps International (Fictional Dummy Company),Global Manufacturing Head - PureGlow Soaps,Australia,Australia,Perth,FCT028,Perth Soap Plant,LN0084,Line-3,2026-07-02 23:00:00,2026-07-02,23,Night,Neem Bar Soap,0.99,60.0,2.7,No Downtime,57.3,59,46,3,43,6.53,93.48,77.97,95.5,81.09,72.39,4.64,36.74,1
PureGlow Soaps International (Fictional Dummy Company),Global Manufacturing Head - PureGlow Soaps,Australia,Australia,Perth,FCT028,Perth Soap Plant,LN0082,Line-1,2026-07-03 00:00:00,2026-07-03,0,Night,Charcoal Bar Soap,1.39,60.0,27.2,Preventive Maintenance,32.8,83,37,1,36,1.53,97.3,44.58,54.67,81.15,43.17,3.25,9.88,2
PureGlow Soaps International (Fictional Dummy Company),Global Manufacturing Head - PureGlow Soaps,Australia,Australia,Perth,FCT028,Perth Soap Plant,LN0083,Line-2,2026-07-03 00:00:00,2026-07-03,0,Night,Neem Bar Soap,1.37,60.0,24.8,Material Shortage,35.2,82,49,1,48,1.26,97.96,59.76,58.67,101.61,58.4,4.49,13.57,1
PureGlow Soaps International (Fictional Dummy Company),Global Manufacturing Head - PureGlow Soaps,Australia,Australia,Perth,FCT028,Perth Soap Plant,LN0084,Line-3,2026-07-03 00:00:00,2026-07-03,0,Night,Neem Bar Soap,0.99,60.0,26.7,Power Outage,33.3,59,34,1,33,2.3,97.06,57.63,55.5,103.13,55.55,3.26,21.4,2
PureGlow Soaps International (Fictional Dummy Company),Global Manufacturing Head - PureGlow Soaps,Australia,Australia,Perth,FCT028,Perth Soap Plant,LN0082,Line-1,2026-07-03 01:00:00,2026-07-03,1,Night,Charcoal Bar Soap,1.39,60.0,0.3,No Downtime,59.7,83,81,2,79,2.93,97.53,97.59,99.5,97.61,94.72,8.8,17.32,3
PureGlow Soaps International (Fictional Dummy Company),Global Manufacturing Head - PureGlow Soaps,Australia,Australia,Perth,FCT028,Perth Soap Plant,LN0083,Line-2,2026-07-03 01:00:00,2026-07-03,1,Night,Neem Bar Soap,1.37,60.0,24.4,Power Outage,35.6,82,41,2,39,3.7,95.12,50.0,59.33,84.06,47.44,3.49,15.21,1
PureGlow Soaps International (Fictional Dummy Company),Global Manufacturing Head - PureGlow Soaps,Australia,Australia,Perth,FCT028,Perth Soap Plant,LN0084,Line-3,2026-07-03 01:00:00,2026-07-03,1,Night,Neem Bar Soap,0.99,60.0,10.9,Changeover/Setup,49.1,59,41,2,39,3.79,95.12,69.49,81.83,84.35,65.66,3.69,27.93,3
PureGlow Soaps International (Fictional Dummy Company),Global Manufacturing Head - PureGlow Soaps,Australia,Australia,Perth,FCT028,Perth Soap Plant,LN0082,Line-1,2026-07-03 02:00:00,2026-07-03,2,Night,Charcoal Bar Soap,1.39,60.0,1.8,No Downtime,58.2,83,77,3,74,3.59,96.1,92.77,97.0,95.18,88.72,6.97,16.07,3
PureGlow Soaps International (Fictional Dummy Company),Global Manufacturing Head - PureGlow Soaps,Australia,Australia,Perth,FCT028,Perth Soap Plant,LN0083,Line-2,2026-07-03 02:00:00,2026-07-03,2,Night,Neem Bar Soap,1.37,60.0,1.3,No Downtime,58.7,82,67,2,65,3.25,97.01,81.71,97.83,83.31,79.07,6.16,22.92,1
PureGlow Soaps International (Fictional Dummy Company),Global Manufacturing Head - PureGlow Soaps,Australia,Australia,Perth,FCT028,Perth Soap Plant,LN0084,Line-3,2026-07-03 02:00:00,2026-07-03,2,Night,Neem Bar Soap,0.99,60.0,0.5,No Downtime,59.5,59,59,2,57,2.65,96.61,100.0,99.17,100.16,95.96,5.9,36.55,2
PureGlow Soaps International (Fictional Dummy Company),Global Manufacturing Head - PureGlow Soaps,Australia,Australia,Perth,FCT028,Perth Soap Plant,LN0082,Line-1,2026-07-03 03:00:00,2026-07-03,3,Night,Charcoal Bar Soap,1.39,60.0,2.6,No Downtime,57.4,83,66,1,65,1.57,98.48,79.52,95.67,82.72,77.94,7.15,15.48,1
PureGlow Soaps International (Fictional Dummy Company),Global Manufacturing Head - PureGlow Soaps,Australia,Australia,Perth,FCT028,Perth Soap Plant,LN0083,Line-2,2026-07-03 03:00:00,2026-07-03,3,Night,Neem Bar Soap,1.37,60.0,27.1,Material Shortage,32.9,82,40,1,39,3.15,97.5,48.78,54.83,88.74,47.44,3.58,12.5,1
PureGlow Soaps International (Fictional Dummy Company),Global Manufacturing Head - PureGlow Soaps,Australia,Australia,Perth,FCT028,Perth Soap Plant,LN0084,Line-3,2026-07-03 03:00:00,2026-07-03,3,Night,Neem Bar Soap,0.99,60.0,27.5,Machine Breakdown,32.5,59,29,1,28,2.2,96.55,49.15,54.17,90.13,47.14,2.61,19.48,2
PureGlow Soaps International (Fictional Dummy Company),Global Manufacturing Head - PureGlow Soaps,Australia,Australia,Perth,FCT028,Perth Soap Plant,LN0082,Line-1,2026-07-03 04:00:00,2026-07-03,4,Night,Charcoal Bar Soap,1.39,60.0,24.6,Staff Shortage,35.4,83,46,2,44,3.45,95.65,55.42,59.0,93.48,52.75,4.63,10.09,3
PureGlow Soaps International (Fictional Dummy Company),Global Manufacturing Head - PureGlow Soaps,Australia,Australia,Perth,FCT028,Perth Soap Plant,LN0083,Line-2,2026-07-03 04:00:00,2026-07-03,4,Night,Neem Bar Soap,1.37,60.0,3.4,No Downtime,56.6,82,68,3,65,3.93,95.59,82.93,94.33,87.69,79.07,7.31,22.77,3
PureGlow Soaps International (Fictional Dummy Company),Global Manufacturing Head - PureGlow Soaps,Australia,Australia,Perth,FCT028,Perth Soap Plant,LN0084,Line-3,2026-07-03 04:00:00,2026-07-03,4,Night,Neem Bar Soap,0.99,60.0,20.0,Preventive Maintenance,40.0,59,35,1,34,4.1,97.14,59.32,66.67,88.38,57.24,3.6,26.58,1
PureGlow Soaps International (Fictional Dummy Company),Global Manufacturing Head - PureGlow Soaps,Australia,Australia,Perth,FCT028,Perth Soap Plant,LN0082,Line-1,2026-07-03 05:00:00,2026-07-03,5,Night,Charcoal Bar Soap,1.39,60.0,24.8,Machine Breakdown,35.2,83,45,1,44,2.49,97.78,54.22,58.67,91.97,52.76,4.78,9.54,1
PureGlow Soaps International (Fictional Dummy Company),Global Manufacturing Head - PureGlow Soaps,Australia,Australia,Perth,FCT028,Perth Soap Plant,LN0083,Line-2,2026-07-03 05:00:00,2026-07-03,5,Night,Neem Bar Soap,1.37,60.0,23.4,Preventive Maintenance,36.6,82,41,0,41,0.97,100.0,50.0,61.0,81.77,49.88,4.02,14.11,1
PureGlow Soaps International (Fictional Dummy Company),Global Manufacturing Head - PureGlow Soaps,Australia,Australia,Perth,FCT028,Perth Soap Plant,LN0084,Line-3,2026-07-03 05:00:00,2026-07-03,5,Night,Neem Bar Soap,0.99,60.0,35.8,Machine Breakdown,24.2,59,20,0,20,2.08,100.0,33.9,40.33,83.48,33.67,1.97,15.66,1
PureGlow Soaps International (Fictional Dummy Company),Global Manufacturing Head - PureGlow Soaps,Australia,Australia,Perth,FCT028,Perth Soap Plant,LN0082,Line-1,2026-07-03 06:00:00,2026-07-03,6,Morning,Charcoal Bar Soap,1.39,60.0,15.5,Changeover/Setup,44.5,83,51,1,50,2.89,98.04,61.45,74.17,82.45,59.95,4.36,12.68,1
PureGlow Soaps International (Fictional Dummy Company),Global Manufacturing Head - PureGlow Soaps,Australia,Australia,Perth,FCT028,Perth Soap Plant,LN0083,Line-2,2026-07-03 06:00:00,2026-07-03,6,Morning,Neem Bar Soap,1.37,60.0,7.3,Power Outage,52.7,82,66,1,65,1.61,98.48,80.49,87.83,91.41,79.07,6.1,21.51,1
PureGlow Soaps International (Fictional Dummy Company),Global Manufacturing Head - PureGlow Soaps,Australia,Australia,Perth,FCT028,Perth Soap Plant,LN0084,Line-3,2026-07-03 06:00:00,2026-07-03,6,Morning,Neem Bar Soap,0.99,60.0,14.6,Machine Breakdown,45.4,59,38,2,36,4.01,94.74,64.41,75.67,84.55,60.61,4.12,30.77,2
PureGlow Soaps International (Fictional Dummy Company),Global Manufacturing Head - PureGlow Soaps,Australia,Australia,Perth,FCT028,Perth Soap Plant,LN0082,Line-1,2026-07-03 07:00:00,2026-07-03,7,Morning,Charcoal Bar Soap,1.39,60.0,1.0,No Downtime,59.0,83,83,3,80,3.1,96.39,100.0,98.33,101.21,95.93,7.84,14.96,3
PureGlow Soaps International (Fictional Dummy Company),Global Manufacturing Head - PureGlow Soaps,Australia,Australia,Perth,FCT028,Perth Soap Plant,LN0083,Line-2,2026-07-03 07:00:00,2026-07-03,7,Morning,Neem Bar Soap,1.37,60.0,28.4,Machine Breakdown,31.6,82,39,2,37,4.54,94.87,47.56,52.67,90.09,45.02,4.14,12.64,1
PureGlow Soaps International (Fictional Dummy Company),Global Manufacturing Head - PureGlow Soaps,Australia,Australia,Perth,FCT028,Perth Soap Plant,LN0084,Line-3,2026-07-03 07:00:00,2026-07-03,7,Morning,Neem Bar Soap,0.99,60.0,1.2,No Downtime,58.8,59,56,2,54,3.82,96.43,94.92,98.0,96.2,90.91,5.24,39.96,2
PureGlow Soaps International (Fictional Dummy Company),Global Manufacturing Head - PureGlow Soaps,Australia,Australia,Perth,FCT028,Perth Soap Plant,LN0082,Line-1,2026-07-03 08:00:00,2026-07-03,8,Morning,Charcoal Bar Soap,1.39,60.0,23.2,Power Outage,36.8,83,53,2,51,4.4,96.23,63.86,61.33,103.61,61.15,5.12,10.28,1
PureGlow Soaps International (Fictional Dummy Company),Global Manufacturing Head - PureGlow Soaps,Australia,Australia,Perth,FCT028,Perth Soap Plant,LN0083,Line-2,2026-07-03 08:00:00,2026-07-03,8,Morning,Neem Bar Soap,1.37,60.0,25.5,Machine Breakdown,34.5,82,43,1,42,3.18,97.67,52.44,57.5,90.98,51.09,4.63,14.41,3
PureGlow Soaps International (Fictional Dummy Company),Global Manufacturing Head - PureGlow Soaps,Australia,Australia,Perth,FCT028,Perth Soap Plant,LN0084,Line-3,2026-07-03 08:00:00,2026-07-03,8,Morning,Neem Bar Soap,0.99,60.0,3.3,No Downtime,56.7,59,48,1,47,1.99,97.92,81.36,94.5,85.51,79.13,4.3,34.15,3
PureGlow Soaps International (Fictional Dummy Company),Global Manufacturing Head - PureGlow Soaps,Australia,Australia,Perth,FCT028,Perth Soap Plant,LN0082,Line-1,2026-07-03 09:00:00,2026-07-03,9,Morning,Charcoal Bar Soap,1.39,60.0,19.8,Material Shortage,40.2,83,47,2,45,3.49,95.74,56.63,67.0,84.11,53.95,4.31,10.46,1
PureGlow Soaps International (Fictional Dummy Company),Global Manufacturing Head - PureGlow Soaps,Australia,Australia,Perth,FCT028,Perth Soap Plant,LN0083,Line-2,2026-07-03 09:00:00,2026-07-03,9,Morning,Neem Bar Soap,1.37,60.0,32.8,Material Shortage,27.2,82,34,1,33,2.37,97.06,41.46,45.33,91.24,40.14,3.38,11.97,1
PureGlow Soaps International (Fictional Dummy Company),Global Manufacturing Head - PureGlow Soaps,Australia,Australia,Perth,FCT028,Perth Soap Plant,LN0084,Line-3,2026-07-03 09:00:00,2026-07-03,9,Morning,Neem Bar Soap,0.99,60.0,14.4,Machine Breakdown,45.6,59,42,1,41,2.56,97.62,71.19,76.0,93.04,69.03,3.61,27.74,3
PureGlow Soaps International (Fictional Dummy Company),Global Manufacturing Head - PureGlow Soaps,Australia,Australia,Perth,FCT028,Perth Soap Plant,LN0082,Line-1,2026-07-03 10:00:00,2026-07-03,10,Morning,Charcoal Bar Soap,1.39,60.0,13.3,Machine Breakdown,46.7,83,67,2,65,3.06,97.01,80.72,77.83,103.22,77.93,7.1,12.0,2
PureGlow Soaps International (Fictional Dummy Company),Global Manufacturing Head - PureGlow Soaps,Australia,Australia,Perth,FCT028,Perth Soap Plant,LN0083,Line-2,2026-07-03 10:00:00,2026-07-03,10,Morning,Neem Bar Soap,1.37,60.0,16.3,Changeover/Setup,43.7,82,55,2,53,3.2,96.36,67.07,72.83,91.87,64.47,5.02,17.77,2
PureGlow Soaps International (Fictional Dummy Company),Global Manufacturing Head - PureGlow Soaps,Australia,Australia,Perth,FCT028,Perth Soap Plant,LN0084,Line-3,2026-07-03 10:00:00,2026-07-03,10,Morning,Neem Bar Soap,0.99,60.0,14.9,Material Shortage,45.1,59,44,0,44,1.09,100.0,74.58,75.17,98.55,74.08,4.19,27.46,2
PureGlow Soaps International (Fictional Dummy Company),Global Manufacturing Head - PureGlow Soaps,Australia,Australia,Perth,FCT028,Perth Soap Plant,LN0082,Line-1,2026-07-03 11:00:00,2026-07-03,11,Morning,Charcoal Bar Soap,1.39,60.0,5.5,Changeover/Setup,54.5,83,66,2,64,3.45,96.97,79.52,90.83,87.12,76.73,6.77,13.93,3
PureGlow Soaps International (Fictional Dummy Company),Global Manufacturing Head - PureGlow Soaps,Australia,Australia,Perth,FCT028,Perth Soap Plant,LN0083,Line-2,2026-07-03 11:00:00,2026-07-03,11,Morning,Neem Bar Soap,1.37,60.0,0.8,No Downtime,59.2,82,67,2,65,2.59,97.01,81.71,98.67,82.61,79.07,5.98,21.55,2
PureGlow Soaps International (Fictional Dummy Company),Global Manufacturing Head - PureGlow Soaps,Australia,Australia,Perth,FCT028,Perth Soap Plant,LN0084,Line-3,2026-07-03 11:00:00,2026-07-03,11,Morning,Neem Bar Soap,0.99,60.0,14.2,Material Shortage,45.8,59,45,0,45,1.02,100.0,76.27,76.33,99.25,75.76,4.47,31.43,3
PureGlow Soaps International (Fictional Dummy Company),Global Manufacturing Head - PureGlow Soaps,Australia,Australia,Perth,FCT028,Perth Soap Plant,LN0082,Line-1,2026-07-03 12:00:00,2026-07-03,12,Morning,Charcoal Bar Soap,1.39,60.0,3.3,No Downtime,56.7,83,76,4,72,5.03,94.74,91.57,94.5,96.43,86.33,6.47,16.67,2
PureGlow Soaps International (Fictional Dummy Company),Global Manufacturing Head - PureGlow Soaps,Australia,Australia,Perth,FCT028,Perth Soap Plant,LN0083,Line-2,2026-07-03 12:00:00,2026-07-03,12,Morning,Neem Bar Soap,1.37,60.0,31.6,Material Shortage,28.4,82,34,1,33,2.15,97.06,41.46,47.33,87.39,40.15,3.34,11.81,1
PureGlow Soaps International (Fictional Dummy Company),Global Manufacturing Head - PureGlow Soaps,Australia,Australia,Perth,FCT028,Perth Soap Plant,LN0084,Line-3,2026-07-03 12:00:00,2026-07-03,12,Morning,Neem Bar Soap,0.99,60.0,41.5,Machine Breakdown,18.5,59,19,1,18,4.56,94.74,32.2,30.83,103.74,30.3,2.06,11.17,3
PureGlow Soaps International (Fictional Dummy Company),Global Manufacturing Head - PureGlow Soaps,Australia,Australia,Perth,FCT028,Perth Soap Plant,LN0082,Line-1,2026-07-03 13:00:00,2026-07-03,13,Morning,Charcoal Bar Soap,1.39,60.0,2.6,No Downtime,57.4,83,76,3,73,4.53,96.05,91.57,95.67,95.25,87.53,7.38,16.24,3
PureGlow Soaps International (Fictional Dummy Company),Global Manufacturing Head - PureGlow Soaps,Australia,Australia,Perth,FCT028,Perth Soap Plant,LN0083,Line-2,2026-07-03 13:00:00,2026-07-03,13,Morning,Neem Bar Soap,1.37,60.0,39.1,Machine Breakdown,20.9,82,29,0,29,1.11,100.0,35.37,34.83,101.28,35.28,2.9,8.92,2
PureGlow Soaps International (Fictional Dummy Company),Global Manufacturing Head - PureGlow Soaps,Australia,Australia,Perth,FCT028,Perth Soap Plant,LN0084,Line-3,2026-07-03 13:00:00,2026-07-03,13,Morning,Neem Bar Soap,0.99,60.0,3.8,No Downtime,56.2,59,49,1,48,2.9,97.96,83.05,93.67,88.07,80.81,5.28,37.96,3
PureGlow Soaps International (Fictional Dummy Company),Global Manufacturing Head - PureGlow Soaps,Australia,Australia,Perth,FCT028,Perth Soap Plant,LN0082,Line-1,2026-07-03 14:00:00,2026-07-03,14,Afternoon,Charcoal Bar Soap,1.39,60.0,5.9,Power Outage,54.1,83,71,1,70,1.38,98.59,85.54,90.17,94.42,83.94,7.65,14.45,3
PureGlow Soaps International (Fictional Dummy Company),Global Manufacturing Head - PureGlow Soaps,Australia,Australia,Perth,FCT028,Perth Soap Plant,LN0083,Line-2,2026-07-03 14:00:00,2026-07-03,14,Afternoon,Neem Bar Soap,1.37,60.0,29.7,Material Shortage,30.3,82,40,1,39,2.38,97.5,48.78,50.5,96.36,47.45,3.58,11.27,3
PureGlow Soaps International (Fictional Dummy Company),Global Manufacturing Head - PureGlow Soaps,Australia,Australia,Perth,FCT028,Perth Soap Plant,LN0084,Line-3,2026-07-03 14:00:00,2026-07-03,14,Afternoon,Neem Bar Soap,0.99,60.0,18.8,Quality Hold,41.2,59,41,3,38,7.83,92.68,69.49,68.67,100.52,63.97,4.24,27.98,3
PureGlow Soaps International (Fictional Dummy Company),Global Manufacturing Head - PureGlow Soaps,Australia,Australia,Perth,FCT028,Perth Soap Plant,LN0082,Line-1,2026-07-03 15:00:00,2026-07-03,15,Afternoon,Charcoal Bar Soap,1.39,60.0,39.2,Machine Breakdown,20.8,83,28,1,27,3.18,96.43,33.73,34.67,96.85,32.38,3.07,5.25,3
PureGlow Soaps International (Fictional Dummy Company),Global Manufacturing Head - PureGlow Soaps,Australia,Australia,Perth,FCT028,Perth Soap Plant,LN0083,Line-2,2026-07-03 15:00:00,2026-07-03,15,Afternoon,Neem Bar Soap,1.37,60.0,16.2,Changeover/Setup,43.8,82,54,2,52,3.83,96.3,65.85,73.0,89.99,63.26,5.53,18.63,2
PureGlow Soaps International (Fictional Dummy Company),Global Manufacturing Head - PureGlow Soaps,Australia,Australia,Perth,FCT028,Perth Soap Plant,LN0084,Line-3,2026-07-03 15:00:00,2026-07-03,15,Afternoon,Neem Bar Soap,0.99,60.0,3.8,No Downtime,56.2,59,57,3,54,5.09,94.74,96.61,93.67,102.45,90.92,6.21,35.57,1
PureGlow Soaps International (Fictional Dummy Company),Global Manufacturing Head - PureGlow Soaps,Australia,Australia,Perth,FCT028,Perth Soap Plant,LN0082,Line-1,2026-07-03 16:00:00,2026-07-03,16,Afternoon,Charcoal Bar Soap,1.39,60.0,6.3,Changeover/Setup,53.7,83,68,3,65,4.99,95.59,81.93,89.5,91.1,77.94,6.76,14.8,1
PureGlow Soaps International (Fictional Dummy Company),Global Manufacturing Head - PureGlow Soaps,Australia,Australia,Perth,FCT028,Perth Soap Plant,LN0083,Line-2,2026-07-03 16:00:00,2026-07-03,16,Afternoon,Neem Bar Soap,1.37,60.0,41.6,Machine Breakdown,18.4,82,24,0,24,0.77,100.0,29.27,30.67,95.21,29.2,2.45,6.92,3
PureGlow Soaps International (Fictional Dummy Company),Global Manufacturing Head - PureGlow Soaps,Australia,Australia,Perth,FCT028,Perth Soap Plant,LN0084,Line-3,2026-07-03 16:00:00,2026-07-03,16,Afternoon,Neem Bar Soap,0.99,60.0,23.6,Material Shortage,36.4,59,29,1,28,3.09,96.55,49.15,60.67,80.48,47.14,2.69,23.82,2
PureGlow Soaps International (Fictional Dummy Company),Global Manufacturing Head - PureGlow Soaps,Australia,Australia,Perth,FCT028,Perth Soap Plant,LN0082,Line-1,2026-07-03 17:00:00,2026-07-03,17,Afternoon,Charcoal Bar Soap,1.39,60.0,4.0,No Downtime,56.0,83,64,2,62,2.71,96.88,77.11,93.33,82.22,74.34,6.35,16.93,1
PureGlow Soaps International (Fictional Dummy Company),Global Manufacturing Head - PureGlow Soaps,Australia,Australia,Perth,FCT028,Perth Soap Plant,LN0083,Line-2,2026-07-03 17:00:00,2026-07-03,17,Afternoon,Neem Bar Soap,1.37,60.0,2.8,No Downtime,57.2,82,77,0,77,0.0,100.0,93.9,95.33,98.26,93.67,8.33,23.38,2
PureGlow Soaps International (Fictional Dummy Company),Global Manufacturing Head - PureGlow Soaps,Australia,Australia,Perth,FCT028,Perth Soap Plant,LN0084,Line-3,2026-07-03 17:00:00,2026-07-03,17,Afternoon,Neem Bar Soap,0.99,60.0,11.2,Machine Breakdown,48.8,59,48,2,46,3.81,95.83,81.36,81.33,99.35,77.43,4.84,30.62,3
PureGlow Soaps International (Fictional Dummy Company),Global Manufacturing Head - PureGlow Soaps,Australia,Australia,Perth,FCT028,Perth Soap Plant,LN0082,Line-1,2026-07-03 18:00:00,2026-07-03,18,Afternoon,Charcoal Bar Soap,1.39,60.0,0.1,No Downtime,59.9,83,68,2,66,2.42,97.06,81.93,99.83,81.67,79.13,7.29,16.6,1
PureGlow Soaps International (Fictional Dummy Company),Global Manufacturing Head - PureGlow Soaps,Australia,Australia,Perth,FCT028,Perth Soap Plant,LN0083,Line-2,2026-07-03 18:00:00,2026-07-03,18,Afternoon,Neem Bar Soap,1.37,60.0,1.0,No Downtime,59.0,82,77,2,75,2.22,97.4,93.9,98.33,95.26,91.23,6.78,21.42,2
PureGlow Soaps International (Fictional Dummy Company),Global Manufacturing Head - PureGlow Soaps,Australia,Australia,Perth,FCT028,Perth Soap Plant,LN0084,Line-3,2026-07-03 18:00:00,2026-07-03,18,Afternoon,Neem Bar Soap,0.99,60.0,22.5,Machine Breakdown,37.5,59,31,1,30,3.05,96.77,52.54,62.5,83.5,50.5,3.38,23.45,2
PureGlow Soaps International (Fictional Dummy Company),Global Manufacturing Head - PureGlow Soaps,Australia,Australia,Perth,FCT028,Perth Soap Plant,LN0082,Line-1,2026-07-03 19:00:00,2026-07-03,19,Afternoon,Charcoal Bar Soap,1.39,60.0,37.3,Preventive Maintenance,22.7,83,27,1,26,3.54,96.3,32.53,37.83,85.57,31.17,2.55,6.43,3
PureGlow Soaps International (Fictional Dummy Company),Global Manufacturing Head - PureGlow Soaps,Australia,Australia,Perth,FCT028,Perth Soap Plant,LN0083,Line-2,2026-07-03 19:00:00,2026-07-03,19,Afternoon,Neem Bar Soap,1.37,60.0,1.6,No Downtime,58.4,82,76,2,74,3.1,97.37,92.68,97.33,94.99,90.02,8.07,23.87,2
PureGlow Soaps International (Fictional Dummy Company),Global Manufacturing Head - PureGlow Soaps,Australia,Australia,Perth,FCT028,Perth Soap Plant,LN0084,Line-3,2026-07-03 19:00:00,2026-07-03,19,Afternoon,Neem Bar Soap,0.99,60.0,22.4,Material Shortage,37.6,59,36,2,34,4.61,94.44,61.02,62.67,96.71,57.24,3.82,24.51,2
PureGlow Soaps International (Fictional Dummy Company),Global Manufacturing Head - PureGlow Soaps,Australia,Australia,Perth,FCT028,Perth Soap Plant,LN0082,Line-1,2026-07-03 20:00:00,2026-07-03,20,Afternoon,Charcoal Bar Soap,1.39,60.0,17.6,Preventive Maintenance,42.4,83,52,0,52,0.87,100.0,62.65,70.67,88.23,62.35,4.78,10.66,2
PureGlow Soaps International (Fictional Dummy Company),Global Manufacturing Head - PureGlow Soaps,Australia,Australia,Perth,FCT028,Perth Soap Plant,LN0083,Line-2,2026-07-03 20:00:00,2026-07-03,20,Afternoon,Neem Bar Soap,1.37,60.0,32.9,Material Shortage,27.1,82,36,1,35,2.9,97.22,43.9,45.17,96.96,42.58,3.65,10.8,1
PureGlow Soaps International (Fictional Dummy Company),Global Manufacturing Head - PureGlow Soaps,Australia,Australia,Perth,FCT028,Perth Soap Plant,LN0084,Line-3,2026-07-03 20:00:00,2026-07-03,20,Afternoon,Neem Bar Soap,0.99,60.0,15.6,Preventive Maintenance,44.4,59,38,1,37,3.21,97.37,64.41,74.0,86.45,62.29,3.44,26.35,2
PureGlow Soaps International (Fictional Dummy Company),Global Manufacturing Head - PureGlow Soaps,Australia,Australia,Perth,FCT028,Perth Soap Plant,LN0082,Line-1,2026-07-03 21:00:00,2026-07-03,21,Afternoon,Charcoal Bar Soap,1.39,60.0,13.2,Staff Shortage,46.8,83,65,1,64,1.94,98.46,78.31,78.0,99.92,76.74,6.02,14.13,2
PureGlow Soaps International (Fictional Dummy Company),Global Manufacturing Head - PureGlow Soaps,Australia,Australia,Perth,FCT028,Perth Soap Plant,LN0083,Line-2,2026-07-03 21:00:00,2026-07-03,21,Afternoon,Neem Bar Soap,1.37,60.0,2.8,No Downtime,57.2,82,77,2,75,2.91,97.4,93.9,95.33,98.26,91.24,7.42,22.82,1
PureGlow Soaps International (Fictional Dummy Company),Global Manufacturing Head - PureGlow Soaps,Australia,Australia,Perth,FCT028,Perth Soap Plant,LN0084,Line-3,2026-07-03 21:00:00,2026-07-03,21,Afternoon,Neem Bar Soap,0.99,60.0,5.8,Changeover/Setup,54.2,59,45,1,44,3.24,97.78,76.27,90.33,83.86,74.07,4.71,30.68,2
PureGlow Soaps International (Fictional Dummy Company),Global Manufacturing Head - PureGlow Soaps,Australia,Australia,Perth,FCT028,Perth Soap Plant,LN0082,Line-1,2026-07-03 22:00:00,2026-07-03,22,Night,Charcoal Bar Soap,1.39,60.0,7.0,Quality Hold,53.0,83,60,6,54,9.63,90.0,72.29,88.33,81.44,64.74,6.42,14.94,1
PureGlow Soaps International (Fictional Dummy Company),Global Manufacturing Head - PureGlow Soaps,Australia,Australia,Perth,FCT028,Perth Soap Plant,LN0083,Line-2,2026-07-03 22:00:00,2026-07-03,22,Night,Neem Bar Soap,1.37,60.0,19.6,Changeover/Setup,40.4,82,52,1,51,1.52,98.08,63.41,67.33,93.95,62.04,5.7,15.71,1
PureGlow Soaps International (Fictional Dummy Company),Global Manufacturing Head - PureGlow Soaps,Australia,Australia,Perth,FCT028,Perth Soap Plant,LN0084,Line-3,2026-07-03 22:00:00,2026-07-03,22,Night,Neem Bar Soap,0.99,60.0,28.9,Power Outage,31.1,59,30,1,29,3.02,96.67,50.85,51.83,97.44,48.82,2.6,18.96,1
PureGlow Soaps International (Fictional Dummy Company),Global Manufacturing Head - PureGlow Soaps,Australia,Australia,Perth,FCT028,Perth Soap Plant,LN0082,Line-1,2026-07-03 23:00:00,2026-07-03,23,Night,Charcoal Bar Soap,1.39,60.0,14.4,Power Outage,45.6,83,60,3,57,4.58,95.0,72.29,76.0,94.66,68.34,5.4,11.98,3
PureGlow Soaps International (Fictional Dummy Company),Global Manufacturing Head - PureGlow Soaps,Australia,Australia,Perth,FCT028,Perth Soap Plant,LN0083,Line-2,2026-07-03 23:00:00,2026-07-03,23,Night,Neem Bar Soap,1.37,60.0,19.5,Changeover/Setup,40.5,82,45,2,43,4.96,95.56,54.88,67.5,81.1,52.31,4.6,16.58,2
PureGlow Soaps International (Fictional Dummy Company),Global Manufacturing Head - PureGlow Soaps,Australia,Australia,Perth,FCT028,Perth Soap Plant,LN0084,Line-3,2026-07-03 23:00:00,2026-07-03,23,Night,Neem Bar Soap,0.99,60.0,7.3,Changeover/Setup,52.7,59,53,2,51,3.05,96.23,89.83,87.83,101.59,85.86,5.82,29.86,1
PureGlow Soaps International (Fictional Dummy Company),Global Manufacturing Head - PureGlow Soaps,Australia,Australia,Perth,FCT028,Perth Soap Plant,LN0082,Line-1,2026-07-04 00:00:00,2026-07-04,0,Night,Charcoal Bar Soap,1.39,60.0,27.8,Power Outage,32.2,83,44,2,42,3.89,95.45,53.01,53.67,98.31,50.36,3.78,9.78,1
PureGlow Soaps International (Fictional Dummy Company),Global Manufacturing Head - PureGlow Soaps,Australia,Australia,Perth,FCT028,Perth Soap Plant,LN0083,Line-2,2026-07-04 00:00:00,2026-07-04,0,Night,Aloe Vera Liquid Soap,1.37,60.0,35.6,Preventive Maintenance,24.4,82,34,2,32,4.48,94.12,41.46,40.67,101.71,38.93,2.94,9.38,3
PureGlow Soaps International (Fictional Dummy Company),Global Manufacturing Head - PureGlow Soaps,Australia,Australia,Perth,FCT028,Perth Soap Plant,LN0084,Line-3,2026-07-04 00:00:00,2026-07-04,0,Night,Sandalwood Bar Soap,0.99,60.0,7.2,Changeover/Setup,52.8,59,44,1,43,2.84,97.73,74.58,88.0,84.18,72.4,4.55,34.18,2
PureGlow Soaps International (Fictional Dummy Company),Global Manufacturing Head - PureGlow Soaps,Australia,Australia,Perth,FCT028,Perth Soap Plant,LN0082,Line-1,2026-07-04 01:00:00,2026-07-04,1,Night,Charcoal Bar Soap,1.39,60.0,16.8,Machine Breakdown,43.2,83,57,2,55,3.02,96.49,68.67,72.0,94.92,65.94,4.95,11.31,2
PureGlow Soaps International (Fictional Dummy Company),Global Manufacturing Head - PureGlow Soaps,Australia,Australia,Perth,FCT028,Perth Soap Plant,LN0083,Line-2,2026-07-04 01:00:00,2026-07-04,1,Night,Aloe Vera Liquid Soap,1.37,60.0,2.7,No Downtime,57.3,82,71,2,69,3.46,97.18,86.59,95.5,90.44,83.93,7.46,22.09,3
PureGlow Soaps International (Fictional Dummy Company),Global Manufacturing Head - PureGlow Soaps,Australia,Australia,Perth,FCT028,Perth Soap Plant,LN0084,Line-3,2026-07-04 01:00:00,2026-07-04,1,Night,Sandalwood Bar Soap,0.99,60.0,15.6,Staff Shortage,44.4,59,45,2,43,4.28,95.56,76.27,74.0,102.38,72.4,3.9,26.59,2
PureGlow Soaps International (Fictional Dummy Company),Global Manufacturing Head - PureGlow Soaps,Australia,Australia,Perth,FCT028,Perth Soap Plant,LN0082,Line-1,2026-07-04 02:00:00,2026-07-04,2,Night,Charcoal Bar Soap,1.39,60.0,29.2,Machine Breakdown,30.8,83,42,1,41,2.52,97.62,50.6,51.33,98.1,49.16,3.94,8.95,1
PureGlow Soaps International (Fictional Dummy Company),Global Manufacturing Head - PureGlow Soaps,Australia,Australia,Perth,FCT028,Perth Soap Plant,LN0083,Line-2,2026-07-04 02:00:00,2026-07-04,2,Night,Aloe Vera Liquid Soap,1.37,60.0,19.8,Power Outage,40.2,82,51,0,51,0.91,100.0,62.2,67.0,92.6,62.04,4.91,15.58,3
PureGlow Soaps International (Fictional Dummy Company),Global Manufacturing Head - PureGlow Soaps,Australia,Australia,Perth,FCT028,Perth Soap Plant,LN0084,Line-3,2026-07-04 02:00:00,2026-07-04,2,Night,Sandalwood Bar Soap,0.99,60.0,17.5,Machine Breakdown,42.5,59,40,1,39,2.22,97.5,67.8,70.83,95.07,65.65,3.56,26.16,1
PureGlow Soaps International (Fictional Dummy Company),Global Manufacturing Head - PureGlow Soaps,Australia,Australia,Perth,FCT028,Perth Soap Plant,LN0082,Line-1,2026-07-04 03:00:00,2026-07-04,3,Night,Charcoal Bar Soap,1.39,60.0,7.1,Changeover/Setup,52.9,83,75,2,73,3.18,97.33,90.36,88.17,102.0,87.53,8.06,14.18,1
PureGlow Soaps International (Fictional Dummy Company),Global Manufacturing Head - PureGlow Soaps,Australia,Australia,Perth,FCT028,Perth Soap Plant,LN0083,Line-2,2026-07-04 03:00:00,2026-07-04,3,Night,Aloe Vera Liquid Soap,1.37,60.0,39.3,Machine Breakdown,20.7,82,23,1,22,2.43,95.65,28.05,34.5,81.1,26.76,1.98,8.43,1
PureGlow Soaps International (Fictional Dummy Company),Global Manufacturing Head - PureGlow Soaps,Australia,Australia,Perth,FCT028,Perth Soap Plant,LN0084,Line-3,2026-07-04 03:00:00,2026-07-04,3,Night,Sandalwood Bar Soap,0.99,60.0,2.6,No Downtime,57.4,59,56,3,53,4.95,94.64,94.92,95.67,98.55,89.23,5.66,37.68,1
PureGlow Soaps International (Fictional Dummy Company),Global Manufacturing Head - PureGlow Soaps,Australia,Australia,Perth,FCT028,Perth Soap Plant,LN0082,Line-1,2026-07-04 04:00:00,2026-07-04,4,Night,Charcoal Bar Soap,1.39,60.0,27.0,Machine Breakdown,33.0,83,40,1,39,3.67,97.5,48.19,55.0,87.2,46.76,3.74,9.78,2
PureGlow Soaps International (Fictional Dummy Company),Global Manufacturing Head - PureGlow Soaps,Australia,Australia,Perth,FCT028,Perth Soap Plant,LN0083,Line-2,2026-07-04 04:00:00,2026-07-04,4,Night,Aloe Vera Liquid Soap,1.37,60.0,23.5,Material Shortage,36.5,82,41,1,40,3.45,97.56,50.0,60.83,81.99,48.66,3.53,13.6,3
PureGlow Soaps International (Fictional Dummy Company),Global Manufacturing Head - PureGlow Soaps,Australia,Australia,Perth,FCT028,Perth Soap Plant,LN0084,Line-3,2026-07-04 04:00:00,2026-07-04,4,Night,Sandalwood Bar Soap,0.99,60.0,3.9,No Downtime,56.1,59,48,2,46,4.3,95.83,81.36,93.5,86.43,77.44,4.51,36.25,2
PureGlow Soaps International (Fictional Dummy Company),Global Manufacturing Head - PureGlow Soaps,Australia,Australia,Perth,FCT028,Perth Soap Plant,LN0082,Line-1,2026-07-04 05:00:00,2026-07-04,5,Night,Charcoal Bar Soap,1.39,60.0,11.6,Changeover/Setup,48.4,83,59,0,59,0.79,100.0,71.08,80.67,87.7,70.75,6.39,12.44,3
PureGlow Soaps International (Fictional Dummy Company),Global Manufacturing Head - PureGlow Soaps,Australia,Australia,Perth,FCT028,Perth Soap Plant,LN0083,Line-2,2026-07-04 05:00:00,2026-07-04,5,Night,Aloe Vera Liquid Soap,1.37,60.0,27.2,Machine Breakdown,32.8,82,46,2,44,4.42,95.65,56.1,54.67,102.37,53.53,4.33,13.55,3
PureGlow Soaps International (Fictional Dummy Company),Global Manufacturing Head - PureGlow Soaps,Australia,Australia,Perth,FCT028,Perth Soap Plant,LN0084,Line-3,2026-07-04 05:00:00,2026-07-04,5,Night,Sandalwood Bar Soap,0.99,60.0,10.1,Changeover/Setup,49.9,59,40,1,39,2.32,97.5,67.8,83.17,80.97,65.66,3.72,29.82,1
PureGlow Soaps International (Fictional Dummy Company),Global Manufacturing Head - PureGlow Soaps,Australia,Australia,Perth,FCT028,Perth Soap Plant,LN0082,Line-1,2026-07-04 06:00:00,2026-07-04,6,Morning,Charcoal Bar Soap,1.39,60.0,23.3,Staff Shortage,36.7,83,52,1,51,2.6,98.08,62.65,61.17,101.93,61.15,4.61,9.68,1
PureGlow Soaps International (Fictional Dummy Company),Global Manufacturing Head - PureGlow Soaps,Australia,Australia,Perth,FCT028,Perth Soap Plant,LN0083,Line-2,2026-07-04 06:00:00,2026-07-04,6,Morning,Aloe Vera Liquid Soap,1.37,60.0,44.6,Machine Breakdown,15.4,82,18,0,18,2.77,100.0,21.95,25.67,85.32,21.9,1.64,6.74,1
PureGlow Soaps International (Fictional Dummy Company),Global Manufacturing Head - PureGlow Soaps,Australia,Australia,Perth,FCT028,Perth Soap Plant,LN0084,Line-3,2026-07-04 06:00:00,2026-07-04,6,Morning,Sandalwood Bar Soap,0.99,60.0,3.5,No Downtime,56.5,59,46,1,45,2.41,97.83,77.97,94.17,82.24,75.76,4.48,34.86,2
PureGlow Soaps International (Fictional Dummy Company),Global Manufacturing Head - PureGlow Soaps,Australia,Australia,Perth,FCT028,Perth Soap Plant,LN0082,Line-1,2026-07-04 07:00:00,2026-07-04,7,Morning,Charcoal Bar Soap,1.39,60.0,3.9,No Downtime,56.1,83,70,2,68,3.26,97.14,84.34,93.5,89.77,81.53,6.3,15.19,3
PureGlow Soaps International (Fictional Dummy Company),Global Manufacturing Head - PureGlow Soaps,Australia,Australia,Perth,FCT028,Perth Soap Plant,LN0083,Line-2,2026-07-04 07:00:00,2026-07-04,7,Morning,Aloe Vera Liquid Soap,1.37,60.0,6.7,Changeover/Setup,53.3,82,71,3,68,3.65,95.77,86.59,88.83,97.23,82.72,7.78,23.48,2
PureGlow Soaps International (Fictional Dummy Company),Global Manufacturing Head - PureGlow Soaps,Australia,Australia,Perth,FCT028,Perth Soap Plant,LN0084,Line-3,2026-07-04 07:00:00,2026-07-04,7,Morning,Sandalwood Bar Soap,0.99,60.0,29.4,Material Shortage,30.6,59,31,1,30,2.01,96.77,52.54,51.0,102.33,50.5,2.92,20.99,1
PureGlow Soaps International (Fictional Dummy Company),Global Manufacturing Head - PureGlow Soaps,Australia,Australia,Perth,FCT028,Perth Soap Plant,LN0082,Line-1,2026-07-04 08:00:00,2026-07-04,8,Morning,Charcoal Bar Soap,1.39,60.0,4.0,No Downtime,56.0,83,75,0,75,0.64,100.0,90.36,93.33,96.35,89.92,7.58,15.17,3
PureGlow Soaps International (Fictional Dummy Company),Global Manufacturing Head - PureGlow Soaps,Australia,Australia,Perth,FCT028,Perth Soap Plant,LN0083,Line-2,2026-07-04 08:00:00,2026-07-04,8,Morning,Aloe Vera Liquid Soap,1.37,60.0,18.5,Material Shortage,41.5,82,56,1,55,2.36,98.21,68.29,69.17,98.5,66.91,5.25,15.11,2
PureGlow Soaps International (Fictional Dummy Company),Global Manufacturing Head - PureGlow Soaps,Australia,Australia,Perth,FCT028,Perth Soap Plant,LN0084,Line-3,2026-07-04 08:00:00,2026-07-04,8,Morning,Sandalwood Bar Soap,0.99,60.0,3.7,No Downtime,56.3,59,46,1,45,1.86,97.83,77.97,93.83,82.53,75.76,4.01,34.74,2
PureGlow Soaps International (Fictional Dummy Company),Global Manufacturing Head - PureGlow Soaps,Australia,Australia,Perth,FCT028,Perth Soap Plant,LN0082,Line-1,2026-07-04 09:00:00,2026-07-04,9,Morning,Charcoal Bar Soap,1.39,60.0,36.4,Preventive Maintenance,23.6,83,28,1,27,3.99,96.43,33.73,39.33,85.36,32.37,2.45,6.45,3
PureGlow Soaps International (Fictional Dummy Company),Global Manufacturing Head - PureGlow Soaps,Australia,Australia,Perth,FCT028,Perth Soap Plant,LN0083,Line-2,2026-07-04 09:00:00,2026-07-04,9,Morning,Aloe Vera Liquid Soap,1.37,60.0,20.5,Material Shortage,39.5,82,44,1,43,2.14,97.73,53.66,65.83,81.31,52.31,4.6,15.84,2
PureGlow Soaps International (Fictional Dummy Company),Global Manufacturing Head - PureGlow Soaps,Australia,Australia,Perth,FCT028,Perth Soap Plant,LN0084,Line-3,2026-07-04 09:00:00,2026-07-04,9,Morning,Sandalwood Bar Soap,0.99,60.0,0.5,No Downtime,59.5,59,55,3,52,5.89,94.55,93.22,99.17,93.37,87.55,5.68,40.1,2
PureGlow Soaps International (Fictional Dummy Company),Global Manufacturing Head - PureGlow Soaps,Australia,Australia,Perth,FCT028,Perth Soap Plant,LN0082,Line-1,2026-07-04 10:00:00,2026-07-04,10,Morning,Charcoal Bar Soap,1.39,60.0,0.6,No Downtime,59.4,83,84,3,81,3.63,96.43,101.2,99.0,101.74,97.13,8.9,16.08,3
PureGlow Soaps International (Fictional Dummy Company),Global Manufacturing Head - PureGlow Soaps,Australia,Australia,Perth,FCT028,Perth Soap Plant,LN0083,Line-2,2026-07-04 10:00:00,2026-07-04,10,Morning,Aloe Vera Liquid Soap,1.37,60.0,2.6,No Downtime,57.4,82,67,2,65,2.27,97.01,81.71,95.67,85.2,79.07,7.32,24.87,1
PureGlow Soaps International (Fictional Dummy Company),Global Manufacturing Head - PureGlow Soaps,Australia,Australia,Perth,FCT028,Perth Soap Plant,LN0084,Line-3,2026-07-04 10:00:00,2026-07-04,10,Morning,Sandalwood Bar Soap,0.99,60.0,3.5,No Downtime,56.5,59,51,2,49,3.1,96.08,86.44,94.17,91.18,82.5,4.82,35.35,1
PureGlow Soaps International (Fictional Dummy Company),Global Manufacturing Head - PureGlow Soaps,Australia,Australia,Perth,FCT028,Perth Soap Plant,LN0082,Line-1,2026-07-04 11:00:00,2026-07-04,11,Morning,Charcoal Bar Soap,1.39,60.0,31.3,Preventive Maintenance,28.7,83,34,1,33,2.77,97.06,40.96,47.83,85.23,39.57,2.9,8.11,1
PureGlow Soaps International (Fictional Dummy Company),Global Manufacturing Head - PureGlow Soaps,Australia,Australia,Perth,FCT028,Perth Soap Plant,LN0083,Line-2,2026-07-04 11:00:00,2026-07-04,11,Morning,Aloe Vera Liquid Soap,1.37,60.0,0.7,No Downtime,59.3,82,65,2,63,3.08,96.92,79.27,98.83,80.01,76.64,6.16,23.21,2
PureGlow Soaps International (Fictional Dummy Company),Global Manufacturing Head - PureGlow Soaps,Australia,Australia,Perth,FCT028,Perth Soap Plant,LN0084,Line-3,2026-07-04 11:00:00,2026-07-04,11,Morning,Sandalwood Bar Soap,0.99,60.0,18.7,Preventive Maintenance,41.3,59,37,1,36,3.64,97.3,62.71,68.83,90.49,60.6,3.71,24.97,3
PureGlow Soaps International (Fictional Dummy Company),Global Manufacturing Head - PureGlow Soaps,Australia,Australia,Perth,FCT028,Perth Soap Plant,LN0082,Line-1,2026-07-04 12:00:00,2026-07-04,12,Morning,Charcoal Bar Soap,1.39,60.0,42.0,Machine Breakdown,18.0,83,24,1,23,4.05,95.83,28.92,30.0,95.92,27.58,2.3,5.09,1
PureGlow Soaps International (Fictional Dummy Company),Global Manufacturing Head - PureGlow Soaps,Australia,Australia,Perth,FCT028,Perth Soap Plant,LN0083,Line-2,2026-07-04 12:00:00,2026-07-04,12,Morning,Aloe Vera Liquid Soap,1.37,60.0,17.6,Machine Breakdown,42.4,82,59,2,57,3.66,96.61,71.95,70.67,101.57,69.35,5.24,16.68,2
PureGlow Soaps International (Fictional Dummy Company),Global Manufacturing Head - PureGlow Soaps,Australia,Australia,Perth,FCT028,Perth Soap Plant,LN0084,Line-3,2026-07-04 12:00:00,2026-07-04,12,Morning,Sandalwood Bar Soap,0.99,60.0,18.0,Changeover/Setup,42.0,59,42,1,41,2.71,97.62,71.19,70.0,101.01,69.02,4.47,28.0,1
PureGlow Soaps International (Fictional Dummy Company),Global Manufacturing Head - PureGlow Soaps,Australia,Australia,Perth,FCT028,Perth Soap Plant,LN0082,Line-1,2026-07-04 13:00:00,2026-07-04,13,Morning,Charcoal Bar Soap,1.39,60.0,3.9,No Downtime,56.1,83,65,2,63,2.5,96.92,78.31,93.5,83.36,75.54,6.58,16.23,3
PureGlow Soaps International (Fictional Dummy Company),Global Manufacturing Head - PureGlow Soaps,Australia,Australia,Perth,FCT028,Perth Soap Plant,LN0083,Line-2,2026-07-04 13:00:00,2026-07-04,13,Morning,Aloe Vera Liquid Soap,1.37,60.0,8.4,Staff Shortage,51.6,82,62,3,59,4.84,95.16,75.61,86.0,87.7,71.77,5.37,20.67,3
PureGlow Soaps International (Fictional Dummy Company),Global Manufacturing Head - PureGlow Soaps,Australia,Australia,Perth,FCT028,Perth Soap Plant,LN0084,Line-3,2026-07-04 13:00:00,2026-07-04,13,Morning,Sandalwood Bar Soap,0.99,60.0,19.2,Changeover/Setup,40.8,59,36,1,35,4.06,97.22,61.02,68.0,89.13,58.92,3.51,25.41,1
PureGlow Soaps International (Fictional Dummy Company),Global Manufacturing Head - PureGlow Soaps,Australia,Australia,Perth,FCT028,Perth Soap Plant,LN0082,Line-1,2026-07-04 14:00:00,2026-07-04,14,Afternoon,Charcoal Bar Soap,1.39,60.0,9.7,Staff Shortage,50.3,83,66,2,64,3.55,96.97,79.52,83.83,94.4,76.74,6.72,12.92,2
PureGlow Soaps International (Fictional Dummy Company),Global Manufacturing Head - PureGlow Soaps,Australia,Australia,Perth,FCT028,Perth Soap Plant,LN0083,Line-2,2026-07-04 14:00:00,2026-07-04,14,Afternoon,Aloe Vera Liquid Soap,1.37,60.0,25.4,Preventive Maintenance,34.6,82,47,1,46,2.74,97.87,57.32,57.67,99.15,55.96,4.71,12.8,2
PureGlow Soaps International (Fictional Dummy Company),Global Manufacturing Head - PureGlow Soaps,Australia,Australia,Perth,FCT028,Perth Soap Plant,LN0084,Line-3,2026-07-04 14:00:00,2026-07-04,14,Afternoon,Sandalwood Bar Soap,0.99,60.0,12.6,Material Shortage,47.4,59,38,1,37,3.47,97.37,64.41,79.0,80.98,62.29,3.81,32.02,3
PureGlow Soaps International (Fictional Dummy Company),Global Manufacturing Head - PureGlow Soaps,Australia,Australia,Perth,FCT028,Perth Soap Plant,LN0082,Line-1,2026-07-04 15:00:00,2026-07-04,15,Afternoon,Charcoal Bar Soap,1.39,60.0,18.3,Preventive Maintenance,41.7,83,60,1,59,1.69,98.33,72.29,69.5,103.51,70.74,5.51,10.8,3
PureGlow Soaps International (Fictional Dummy Company),Global Manufacturing Head - PureGlow Soaps,Australia,Australia,Perth,FCT028,Perth Soap Plant,LN0083,Line-2,2026-07-04 15:00:00,2026-07-04,15,Afternoon,Aloe Vera Liquid Soap,1.37,60.0,21.7,Machine Breakdown,38.3,82,52,2,50,2.99,96.15,63.41,63.83,99.1,60.82,4.72,16.01,3
PureGlow Soaps International (Fictional Dummy Company),Global Manufacturing Head - PureGlow Soaps,Australia,Australia,Perth,FCT028,Perth Soap Plant,LN0084,Line-3,2026-07-04 15:00:00,2026-07-04,15,Afternoon,Sandalwood Bar Soap,0.99,60.0,10.7,Changeover/Setup,49.3,59,39,1,38,3.4,97.44,66.1,82.17,79.91,63.98,4.26,30.26,2
PureGlow Soaps International (Fictional Dummy Company),Global Manufacturing Head - PureGlow Soaps,Australia,Australia,Perth,FCT028,Perth Soap Plant,LN0082,Line-1,2026-07-04 16:00:00,2026-07-04,16,Afternoon,Charcoal Bar Soap,1.39,60.0,6.3,Staff Shortage,53.7,83,77,1,76,1.7,98.7,92.77,89.5,103.16,91.13,7.01,14.33,3
PureGlow Soaps International (Fictional Dummy Company),Global Manufacturing Head - PureGlow Soaps,Australia,Australia,Perth,FCT028,Perth Soap Plant,LN0083,Line-2,2026-07-04 16:00:00,2026-07-04,16,Afternoon,Aloe Vera Liquid Soap,1.37,60.0,3.3,No Downtime,56.7,82,79,2,77,2.78,97.47,96.34,94.5,101.7,93.68,8.22,23.69,1
PureGlow Soaps International (Fictional Dummy Company),Global Manufacturing Head - PureGlow Soaps,Australia,Australia,Perth,FCT028,Perth Soap Plant,LN0084,Line-3,2026-07-04 16:00:00,2026-07-04,16,Afternoon,Sandalwood Bar Soap,0.99,60.0,26.1,Preventive Maintenance,33.9,59,33,1,32,4.04,96.97,55.93,56.5,98.33,53.87,3.39,20.91,3
PureGlow Soaps International (Fictional Dummy Company),Global Manufacturing Head - PureGlow Soaps,Australia,Australia,Perth,FCT028,Perth Soap Plant,LN0082,Line-1,2026-07-04 17:00:00,2026-07-04,17,Afternoon,Charcoal Bar Soap,1.39,60.0,3.2,No Downtime,56.8,83,78,3,75,3.56,96.15,93.98,94.67,98.79,89.92,7.96,16.01,1
PureGlow Soaps International (Fictional Dummy Company),Global Manufacturing Head - PureGlow Soaps,Australia,Australia,Perth,FCT028,Perth Soap Plant,LN0083,Line-2,2026-07-04 17:00:00,2026-07-04,17,Afternoon,Aloe Vera Liquid Soap,1.37,60.0,10.0,Changeover/Setup,50.0,82,62,2,60,3.45,96.77,75.61,83.33,90.51,72.99,6.21,22.09,2
PureGlow Soaps International (Fictional Dummy Company),Global Manufacturing Head - PureGlow Soaps,Australia,Australia,Perth,FCT028,Perth Soap Plant,LN0084,Line-3,2026-07-04 17:00:00,2026-07-04,17,Afternoon,Sandalwood Bar Soap,0.99,60.0,2.8,No Downtime,57.2,59,48,2,46,4.14,95.83,81.36,95.33,84.76,77.43,5.07,38.2,1
PureGlow Soaps International (Fictional Dummy Company),Global Manufacturing Head - PureGlow Soaps,Australia,Australia,Perth,FCT028,Perth Soap Plant,LN0082,Line-1,2026-07-04 18:00:00,2026-07-04,18,Afternoon,Charcoal Bar Soap,1.39,60.0,39.8,Machine Breakdown,20.2,83,27,1,26,2.35,96.3,32.53,33.67,96.16,31.18,2.79,5.74,1
PureGlow Soaps International (Fictional Dummy Company),Global Manufacturing Head - PureGlow Soaps,Australia,Australia,Perth,FCT028,Perth Soap Plant,LN0083,Line-2,2026-07-04 18:00:00,2026-07-04,18,Afternoon,Aloe Vera Liquid Soap,1.37,60.0,12.4,Changeover/Setup,47.6,82,53,1,52,1.92,98.11,64.63,79.33,81.27,63.25,5.58,18.26,1
PureGlow Soaps International (Fictional Dummy Company),Global Manufacturing Head - PureGlow Soaps,Australia,Australia,Perth,FCT028,Perth Soap Plant,LN0084,Line-3,2026-07-04 18:00:00,2026-07-04,18,Afternoon,Sandalwood Bar Soap,0.99,60.0,37.6,Machine Breakdown,22.4,59,19,1,18,3.29,94.74,32.2,37.33,85.68,30.3,1.72,13.63,3
PureGlow Soaps International (Fictional Dummy Company),Global Manufacturing Head - PureGlow Soaps,Australia,Australia,Perth,FCT028,Perth Soap Plant,LN0082,Line-1,2026-07-04 19:00:00,2026-07-04,19,Afternoon,Charcoal Bar Soap,1.39,60.0,37.6,Preventive Maintenance,22.4,83,29,1,28,4.76,96.55,34.94,37.33,93.14,33.57,3.08,6.81,3
PureGlow Soaps International (Fictional Dummy Company),Global Manufacturing Head - PureGlow Soaps,Australia,Australia,Perth,FCT028,Perth Soap Plant,LN0083,Line-2,2026-07-04 19:00:00,2026-07-04,19,Afternoon,Aloe Vera Liquid Soap,1.37,60.0,38.9,Preventive Maintenance,21.1,82,28,1,27,2.26,96.43,34.15,35.17,96.86,32.85,2.88,8.84,3
PureGlow Soaps International (Fictional Dummy Company),Global Manufacturing Head - PureGlow Soaps,Australia,Australia,Perth,FCT028,Perth Soap Plant,LN0084,Line-3,2026-07-04 19:00:00,2026-07-04,19,Afternoon,Sandalwood Bar Soap,0.99,60.0,2.9,No Downtime,57.1,59,51,1,50,2.33,98.04,86.44,95.17,90.22,84.18,4.51,32.46,1
PureGlow Soaps International (Fictional Dummy Company),Global Manufacturing Head - PureGlow Soaps,Australia,Australia,Perth,FCT028,Perth Soap Plant,LN0082,Line-1,2026-07-04 20:00:00,2026-07-04,20,Afternoon,Charcoal Bar Soap,1.39,60.0,5.7,Quality Hold,54.3,83,68,2,66,3.29,97.06,81.93,90.5,90.09,79.13,7.47,16.16,2
PureGlow Soaps International (Fictional Dummy Company),Global Manufacturing Head - PureGlow Soaps,Australia,Australia,Perth,FCT028,Perth Soap Plant,LN0083,Line-2,2026-07-04 20:00:00,2026-07-04,20,Afternoon,Aloe Vera Liquid Soap,1.37,60.0,0.4,No Downtime,59.6,82,69,3,66,3.97,95.65,84.15,99.33,84.5,80.28,5.97,26.1,3
PureGlow Soaps International (Fictional Dummy Company),Global Manufacturing Head - PureGlow Soaps,Australia,Australia,Perth,FCT028,Perth Soap Plant,LN0084,Line-3,2026-07-04 20:00:00,2026-07-04,20,Afternoon,Sandalwood Bar Soap,0.99,60.0,3.9,No Downtime,56.1,59,50,2,48,3.81,96.0,84.75,93.5,90.03,80.81,5.05,36.28,1
PureGlow Soaps International (Fictional Dummy Company),Global Manufacturing Head - PureGlow Soaps,Australia,Australia,Perth,FCT028,Perth Soap Plant,LN0082,Line-1,2026-07-04 21:00:00,2026-07-04,21,Afternoon,Charcoal Bar Soap,1.39,60.0,3.1,No Downtime,56.9,83,79,2,77,2.65,97.47,95.18,94.83,99.88,92.32,7.2,14.91,3
PureGlow Soaps International (Fictional Dummy Company),Global Manufacturing Head - PureGlow Soaps,Australia,Australia,Perth,FCT028,Perth Soap Plant,LN0083,Line-2,2026-07-04 21:00:00,2026-07-04,21,Afternoon,Aloe Vera Liquid Soap,1.37,60.0,35.9,Preventive Maintenance,24.1,82,27,1,26,2.91,96.3,32.93,40.17,81.78,31.64,2.31,9.49,3
PureGlow Soaps International (Fictional Dummy Company),Global Manufacturing Head - PureGlow Soaps,Australia,Australia,Perth,FCT028,Perth Soap Plant,LN0084,Line-3,2026-07-04 21:00:00,2026-07-04,21,Afternoon,Sandalwood Bar Soap,0.99,60.0,13.5,Machine Breakdown,46.5,59,41,1,40,3.57,97.56,69.49,77.5,89.06,67.34,3.56,27.56,1
PureGlow Soaps International (Fictional Dummy Company),Global Manufacturing Head - PureGlow Soaps,Australia,Australia,Perth,FCT028,Perth Soap Plant,LN0082,Line-1,2026-07-04 22:00:00,2026-07-04,22,Night,Charcoal Bar Soap,1.39,60.0,3.7,No Downtime,56.3,83,65,2,63,2.31,96.92,78.31,93.83,83.06,75.53,5.84,15.74,1
PureGlow Soaps International (Fictional Dummy Company),Global Manufacturing Head - PureGlow Soaps,Australia,Australia,Perth,FCT028,Perth Soap Plant,LN0083,Line-2,2026-07-04 22:00:00,2026-07-04,22,Night,Aloe Vera Liquid Soap,1.37,60.0,1.4,No Downtime,58.6,82,67,3,64,4.44,95.52,81.71,97.67,83.46,77.86,5.96,25.23,2
PureGlow Soaps International (Fictional Dummy Company),Global Manufacturing Head - PureGlow Soaps,Australia,Australia,Perth,FCT028,Perth Soap Plant,LN0084,Line-3,2026-07-04 22:00:00,2026-07-04,22,Night,Sandalwood Bar Soap,0.99,60.0,6.5,Changeover/Setup,53.5,59,44,2,42,4.11,95.45,74.58,89.17,83.07,70.7,4.26,31.41,3
PureGlow Soaps International (Fictional Dummy Company),Global Manufacturing Head - PureGlow Soaps,Australia,Australia,Perth,FCT028,Perth Soap Plant,LN0082,Line-1,2026-07-04 23:00:00,2026-07-04,23,Night,Charcoal Bar Soap,1.39,60.0,16.8,Material Shortage,43.2,83,55,1,54,1.9,98.18,66.27,72.0,91.59,64.74,5.97,12.54,3
PureGlow Soaps International (Fictional Dummy Company),Global Manufacturing Head - PureGlow Soaps,Australia,Australia,Perth,FCT028,Perth Soap Plant,LN0083,Line-2,2026-07-04 23:00:00,2026-07-04,23,Night,Aloe Vera Liquid Soap,1.37,60.0,14.7,Changeover/Setup,45.3,82,57,2,55,3.27,96.49,69.51,75.5,91.85,66.91,5.04,19.46,1
PureGlow Soaps International (Fictional Dummy Company),Global Manufacturing Head - PureGlow Soaps,Australia,Australia,Perth,FCT028,Perth Soap Plant,LN0084,Line-3,2026-07-04 23:00:00,2026-07-04,23,Night,Sandalwood Bar Soap,0.99,60.0,30.1,Material Shortage,29.9,59,28,1,27,4.44,96.43,47.46,49.83,94.59,45.45,2.99,17.3,2
PureGlow Soaps International (Fictional Dummy Company),Global Manufacturing Head - PureGlow Soaps,Australia,Australia,Perth,FCT028,Perth Soap Plant,LN0082,Line-1,2026-07-05 00:00:00,2026-07-05,0,Night,Lavender Bar Soap,1.39,60.0,6.4,Changeover/Setup,53.6,83,64,2,62,3.25,96.88,77.11,89.33,85.9,74.34,6.79,14.68,2
PureGlow Soaps International (Fictional Dummy Company),Global Manufacturing Head - PureGlow Soaps,Australia,Australia,Perth,FCT028,Perth Soap Plant,LN0083,Line-2,2026-07-05 00:00:00,2026-07-05,0,Night,Charcoal Bar Soap,1.37,60.0,5.6,Power Outage,54.4,82,74,3,71,3.7,95.95,90.24,90.67,99.29,86.38,6.76,21.18,3
PureGlow Soaps International (Fictional Dummy Company),Global Manufacturing Head - PureGlow Soaps,Australia,Australia,Perth,FCT028,Perth Soap Plant,LN0084,Line-3,2026-07-05 00:00:00,2026-07-05,0,Night,Aloe Vera Liquid Soap,0.99,60.0,0.6,No Downtime,59.4,59,57,1,56,2.63,98.25,96.61,99.0,96.93,94.28,6.04,35.63,2
PureGlow Soaps International (Fictional Dummy Company),Global Manufacturing Head - PureGlow Soaps,Australia,Australia,Perth,FCT028,Perth Soap Plant,LN0082,Line-1,2026-07-05 01:00:00,2026-07-05,1,Night,Lavender Bar Soap,1.39,60.0,3.3,No Downtime,56.7,83,76,3,73,3.56,96.05,91.57,94.5,96.43,87.53,6.78,16.6,2
PureGlow Soaps International (Fictional Dummy Company),Global Manufacturing Head - PureGlow Soaps,Australia,Australia,Perth,FCT028,Perth Soap Plant,LN0083,Line-2,2026-07-05 01:00:00,2026-07-05,1,Night,Charcoal Bar Soap,1.37,60.0,1.7,No Downtime,58.3,82,76,3,73,3.4,96.05,92.68,97.17,95.15,88.81,7.76,21.4,3
PureGlow Soaps International (Fictional Dummy Company),Global Manufacturing Head - PureGlow Soaps,Australia,Australia,Perth,FCT028,Perth Soap Plant,LN0084,Line-3,2026-07-05 01:00:00,2026-07-05,1,Night,Aloe Vera Liquid Soap,0.99,60.0,16.0,Power Outage,44.0,59,43,2,41,4.17,95.35,72.88,73.33,98.71,69.02,3.83,25.43,3
PureGlow Soaps International (Fictional Dummy Company),Global Manufacturing Head - PureGlow Soaps,Australia,Australia,Perth,FCT028,Perth Soap Plant,LN0082,Line-1,2026-07-05 02:00:00,2026-07-05,2,Night,Lavender Bar Soap,1.39,60.0,0.9,No Downtime,59.1,83,77,2,75,3.24,97.4,92.77,98.5,93.73,89.92,8.34,14.89,3
PureGlow Soaps International (Fictional Dummy Company),Global Manufacturing Head - PureGlow Soaps,Australia,Australia,Perth,FCT028,Perth Soap Plant,LN0083,Line-2,2026-07-05 02:00:00,2026-07-05,2,Night,Charcoal Bar Soap,1.37,60.0,16.9,Machine Breakdown,43.1,82,49,2,47,3.34,95.92,59.76,71.83,82.98,57.17,4.56,18.12,3
PureGlow Soaps International (Fictional Dummy Company),Global Manufacturing Head - PureGlow Soaps,Australia,Australia,Perth,FCT028,Perth Soap Plant,LN0084,Line-3,2026-07-05 02:00:00,2026-07-05,2,Night,Aloe Vera Liquid Soap,0.99,60.0,8.1,Changeover/Setup,51.9,59,44,1,43,2.89,97.73,74.58,86.5,85.63,72.39,4.43,30.96,3
PureGlow Soaps International (Fictional Dummy Company),Global Manufacturing Head - PureGlow Soaps,Australia,Australia,Perth,FCT028,Perth Soap Plant,LN0082,Line-1,2026-07-05 03:00:00,2026-07-05,3,Night,Lavender Bar Soap,1.39,60.0,2.1,No Downtime,57.9,83,82,2,80,2.53,97.56,98.8,96.5,101.89,95.92,8.16,15.56,1
PureGlow Soaps International (Fictional Dummy Company),Global Manufacturing Head - PureGlow Soaps,Australia,Australia,Perth,FCT028,Perth Soap Plant,LN0083,Line-2,2026-07-05 03:00:00,2026-07-05,3,Night,Charcoal Bar Soap,1.37,60.0,2.1,No Downtime,57.9,82,80,4,76,4.6,95.0,97.56,96.5,100.85,92.45,8.35,25.48,2
PureGlow Soaps International (Fictional Dummy Company),Global Manufacturing Head - PureGlow Soaps,Australia,Australia,Perth,FCT028,Perth Soap Plant,LN0084,Line-3,2026-07-05 03:00:00,2026-07-05,3,Night,Aloe Vera Liquid Soap,0.99,60.0,24.2,Power Outage,35.8,59,34,2,32,6.21,94.12,57.63,59.67,95.93,53.88,3.6,24.03,2
PureGlow Soaps International (Fictional Dummy Company),Global Manufacturing Head - PureGlow Soaps,Australia,Australia,Perth,FCT028,Perth Soap Plant,LN0082,Line-1,2026-07-05 04:00:00,2026-07-05,4,Night,Lavender Bar Soap,1.39,60.0,26.8,Machine Breakdown,33.2,83,44,0,44,0.93,100.0,53.01,55.33,95.35,52.76,4.61,8.72,3
PureGlow Soaps International (Fictional Dummy Company),Global Manufacturing Head - PureGlow Soaps,Australia,Australia,Perth,FCT028,Perth Soap Plant,LN0083,Line-2,2026-07-05 04:00:00,2026-07-05,4,Night,Charcoal Bar Soap,1.37,60.0,36.4,Preventive Maintenance,23.6,82,27,0,27,0.65,100.0,32.93,39.33,83.51,32.84,2.65,8.91,2
PureGlow Soaps International (Fictional Dummy Company),Global Manufacturing Head - PureGlow Soaps,Australia,Australia,Perth,FCT028,Perth Soap Plant,LN0084,Line-3,2026-07-05 04:00:00,2026-07-05,4,Night,Aloe Vera Liquid Soap,0.99,60.0,2.4,No Downtime,57.6,59,51,2,49,3.22,96.08,86.44,96.0,89.44,82.5,4.83,35.78,1
PureGlow Soaps International (Fictional Dummy Company),Global Manufacturing Head - PureGlow Soaps,Australia,Australia,Perth,FCT028,Perth Soap Plant,LN0082,Line-1,2026-07-05 05:00:00,2026-07-05,5,Night,Lavender Bar Soap,1.39,60.0,13.3,Material Shortage,46.7,83,62,1,61,0.94,98.39,74.7,77.83,95.51,73.14,6.5,13.49,3
PureGlow Soaps International (Fictional Dummy Company),Global Manufacturing Head - PureGlow Soaps,Australia,Australia,Perth,FCT028,Perth Soap Plant,LN0083,Line-2,2026-07-05 05:00:00,2026-07-05,5,Night,Charcoal Bar Soap,1.37,60.0,19.5,Changeover/Setup,40.5,82,56,1,55,2.0,98.21,68.29,67.5,100.93,66.91,5.13,17.12,1
PureGlow Soaps International (Fictional Dummy Company),Global Manufacturing Head - PureGlow Soaps,Australia,Australia,Perth,FCT028,Perth Soap Plant,LN0084,Line-3,2026-07-05 05:00:00,2026-07-05,5,Night,Aloe Vera Liquid Soap,0.99,60.0,18.7,Changeover/Setup,41.3,59,37,0,37,0.44,100.0,62.71,68.83,90.49,62.28,4.05,25.65,1
PureGlow Soaps International (Fictional Dummy Company),Global Manufacturing Head - PureGlow Soaps,Australia,Australia,Perth,FCT028,Perth Soap Plant,LN0082,Line-1,2026-07-05 06:00:00,2026-07-05,6,Morning,Lavender Bar Soap,1.39,60.0,15.4,Staff Shortage,44.6,83,55,1,54,2.61,98.18,66.27,74.33,88.72,64.75,5.47,12.6,2
PureGlow Soaps International (Fictional Dummy Company),Global Manufacturing Head - PureGlow Soaps,Australia,Australia,Perth,FCT028,Perth Soap Plant,LN0083,Line-2,2026-07-05 06:00:00,2026-07-05,6,Morning,Charcoal Bar Soap,1.37,60.0,2.8,No Downtime,57.2,82,74,1,73,1.68,98.65,90.24,95.33,94.43,88.8,6.69,21.91,3
PureGlow Soaps International (Fictional Dummy Company),Global Manufacturing Head - PureGlow Soaps,Australia,Australia,Perth,FCT028,Perth Soap Plant,LN0084,Line-3,2026-07-05 06:00:00,2026-07-05,6,Morning,Aloe Vera Liquid Soap,0.99,60.0,3.4,No Downtime,56.6,59,45,1,44,1.76,97.78,76.27,94.33,80.31,74.07,4.41,32.93,1
PureGlow Soaps International (Fictional Dummy Company),Global Manufacturing Head - PureGlow Soaps,Australia,Australia,Perth,FCT028,Perth Soap Plant,LN0082,Line-1,2026-07-05 07:00:00,2026-07-05,7,Morning,Lavender Bar Soap,1.39,60.0,8.9,Changeover/Setup,51.1,83,67,3,64,4.02,95.52,80.72,85.17,94.33,76.74,6.39,13.67,2
PureGlow Soaps International (Fictional Dummy Company),Global Manufacturing Head - PureGlow Soaps,Australia,Australia,Perth,FCT028,Perth Soap Plant,LN0083,Line-2,2026-07-05 07:00:00,2026-07-05,7,Morning,Charcoal Bar Soap,1.37,60.0,12.8,Machine Breakdown,47.2,82,52,2,50,3.3,96.15,63.41,78.67,80.42,60.83,4.69,20.31,1
PureGlow Soaps International (Fictional Dummy Company),Global Manufacturing Head - PureGlow Soaps,Australia,Australia,Perth,FCT028,Perth Soap Plant,LN0084,Line-3,2026-07-05 07:00:00,2026-07-05,7,Morning,Aloe Vera Liquid Soap,0.99,60.0,11.4,Staff Shortage,48.6,59,44,2,42,4.02,95.45,74.58,81.0,91.45,70.7,4.19,32.6,3
PureGlow Soaps International (Fictional Dummy Company),Global Manufacturing Head - PureGlow Soaps,Australia,Australia,Perth,FCT028,Perth Soap Plant,LN0082,Line-1,2026-07-05 08:00:00,2026-07-05,8,Morning,Lavender Bar Soap,1.39,60.0,37.1,Preventive Maintenance,22.9,83,26,1,25,2.51,96.15,31.33,38.17,81.68,29.98,2.63,6.04,1
PureGlow Soaps International (Fictional Dummy Company),Global Manufacturing Head - PureGlow Soaps,Australia,Australia,Perth,FCT028,Perth Soap Plant,LN0083,Line-2,2026-07-05 08:00:00,2026-07-05,8,Morning,Charcoal Bar Soap,1.37,60.0,2.7,No Downtime,57.3,82,71,4,67,5.61,94.37,86.59,95.5,90.44,81.51,7.34,22.05,3
PureGlow Soaps International (Fictional Dummy Company),Global Manufacturing Head - PureGlow Soaps,Australia,Australia,Perth,FCT028,Perth Soap Plant,LN0084,Line-3,2026-07-05 08:00:00,2026-07-05,8,Morning,Aloe Vera Liquid Soap,0.99,60.0,26.3,Preventive Maintenance,33.7,59,27,0,27,1.62,100.0,45.76,56.17,80.93,45.46,2.93,21.65,3
PureGlow Soaps International (Fictional Dummy Company),Global Manufacturing Head - PureGlow Soaps,Australia,Australia,Perth,FCT028,Perth Soap Plant,LN0082,Line-1,2026-07-05 09:00:00,2026-07-05,9,Morning,Lavender Bar Soap,1.39,60.0,29.7,Material Shortage,30.3,83,36,1,35,2.31,97.22,43.37,50.5,85.48,41.97,3.82,8.3,3
PureGlow Soaps International (Fictional Dummy Company),Global Manufacturing Head - PureGlow Soaps,Australia,Australia,Perth,FCT028,Perth Soap Plant,LN0083,Line-2,2026-07-05 09:00:00,2026-07-05,9,Morning,Charcoal Bar Soap,1.37,60.0,17.1,Material Shortage,42.9,82,57,2,55,2.75,96.49,69.51,71.5,96.98,66.91,5.96,16.16,2
PureGlow Soaps International (Fictional Dummy Company),Global Manufacturing Head - PureGlow Soaps,Australia,Australia,Perth,FCT028,Perth Soap Plant,LN0084,Line-3,2026-07-05 09:00:00,2026-07-05,9,Morning,Aloe Vera Liquid Soap,0.99,60.0,6.1,Changeover/Setup,53.9,59,45,1,44,3.05,97.78,76.27,89.83,84.33,74.07,4.08,36.49,1
PureGlow Soaps International (Fictional Dummy Company),Global Manufacturing Head - PureGlow Soaps,Australia,Australia,Perth,FCT028,Perth Soap Plant,LN0082,Line-1,2026-07-05 10:00:00,2026-07-05,10,Morning,Lavender Bar Soap,1.39,60.0,12.2,Changeover/Setup,47.8,83,59,3,56,4.9,94.92,71.08,79.67,88.8,67.15,5.12,13.79,3
PureGlow Soaps International (Fictional Dummy Company),Global Manufacturing Head - PureGlow Soaps,Australia,Australia,Perth,FCT028,Perth Soap Plant,LN0083,Line-2,2026-07-05 10:00:00,2026-07-05,10,Morning,Charcoal Bar Soap,1.37,60.0,15.5,Changeover/Setup,44.5,82,61,0,61,0.57,100.0,74.39,74.17,100.06,74.21,5.66,19.18,3
PureGlow Soaps International (Fictional Dummy Company),Global Manufacturing Head - PureGlow Soaps,Australia,Australia,Perth,FCT028,Perth Soap Plant,LN0084,Line-3,2026-07-05 10:00:00,2026-07-05,10,Morning,Aloe Vera Liquid Soap,0.99,60.0,3.9,No Downtime,56.1,59,53,2,51,3.7,96.23,89.83,93.5,95.43,85.86,4.99,37.88,1
PureGlow Soaps International (Fictional Dummy Company),Global Manufacturing Head - PureGlow Soaps,Australia,Australia,Perth,FCT028,Perth Soap Plant,LN0082,Line-1,2026-07-05 11:00:00,2026-07-05,11,Morning,Lavender Bar Soap,1.39,60.0,5.1,Power Outage,54.9,83,66,1,65,0.88,98.48,79.52,91.5,86.49,77.94,7.13,15.27,3
PureGlow Soaps International (Fictional Dummy Company),Global Manufacturing Head - PureGlow Soaps,Australia,Australia,Perth,FCT028,Perth Soap Plant,LN0083,Line-2,2026-07-05 11:00:00,2026-07-05,11,Morning,Charcoal Bar Soap,1.37,60.0,3.5,No Downtime,56.5,82,77,3,74,3.64,96.1,93.9,94.17,99.48,90.03,8.0,22.28,2
PureGlow Soaps International (Fictional Dummy Company),Global Manufacturing Head - PureGlow Soaps,Australia,Australia,Perth,FCT028,Perth Soap Plant,LN0084,Line-3,2026-07-05 11:00:00,2026-07-05,11,Morning,Aloe Vera Liquid Soap,0.99,60.0,1.7,No Downtime,58.3,59,59,1,58,2.32,98.31,100.0,97.17,102.22,97.65,5.55,34.79,1
PureGlow Soaps International (Fictional Dummy Company),Global Manufacturing Head - PureGlow Soaps,Australia,Australia,Perth,FCT028,Perth Soap Plant,LN0082,Line-1,2026-07-05 12:00:00,2026-07-05,12,Morning,Lavender Bar Soap,1.39,60.0,13.5,Changeover/Setup,46.5,83,55,2,53,3.2,96.36,66.27,77.5,85.09,63.54,4.68,12.31,1
PureGlow Soaps International (Fictional Dummy Company),Global Manufacturing Head - PureGlow Soaps,Australia,Australia,Perth,FCT028,Perth Soap Plant,LN0083,Line-2,2026-07-05 12:00:00,2026-07-05,12,Morning,Charcoal Bar Soap,1.37,60.0,16.9,Material Shortage,43.1,82,58,2,56,3.73,96.55,70.73,71.83,98.23,68.12,5.18,17.03,2
PureGlow Soaps International (Fictional Dummy Company),Global Manufacturing Head - PureGlow Soaps,Australia,Australia,Perth,FCT028,Perth Soap Plant,LN0084,Line-3,2026-07-05 12:00:00,2026-07-05,12,Morning,Aloe Vera Liquid Soap,0.99,60.0,11.0,Material Shortage,49.0,59,50,2,48,3.05,96.0,84.75,81.67,103.07,80.81,4.53,29.05,1
PureGlow Soaps International (Fictional Dummy Company),Global Manufacturing Head - PureGlow Soaps,Australia,Australia,Perth,FCT028,Perth Soap Plant,LN0082,Line-1,2026-07-05 13:00:00,2026-07-05,13,Morning,Lavender Bar Soap,1.39,60.0,20.8,Material Shortage,39.2,83,46,1,45,2.05,97.83,55.42,65.33,84.42,53.95,4.24,9.9,2
PureGlow Soaps International (Fictional Dummy Company),Global Manufacturing Head - PureGlow Soaps,Australia,Australia,Perth,FCT028,Perth Soap Plant,LN0083,Line-2,2026-07-05 13:00:00,2026-07-05,13,Morning,Charcoal Bar Soap,1.37,60.0,2.8,No Downtime,57.2,82,66,2,64,3.76,96.97,80.49,95.33,84.22,77.85,6.66,21.77,3
PureGlow Soaps International (Fictional Dummy Company),Global Manufacturing Head - PureGlow Soaps,Australia,Australia,Perth,FCT028,Perth Soap Plant,LN0084,Line-3,2026-07-05 13:00:00,2026-07-05,13,Morning,Aloe Vera Liquid Soap,0.99,60.0,2.3,No Downtime,57.7,59,57,2,55,2.79,96.49,96.61,96.17,99.78,92.59,6.21,33.52,1
PureGlow Soaps International (Fictional Dummy Company),Global Manufacturing Head - PureGlow Soaps,Australia,Australia,Perth,FCT028,Perth Soap Plant,LN0082,Line-1,2026-07-05 14:00:00,2026-07-05,14,Afternoon,Lavender Bar Soap,1.39,60.0,33.0,Material Shortage,27.0,83,31,1,30,1.82,96.77,37.35,45.0,82.6,35.97,2.66,7.43,2
PureGlow Soaps International (Fictional Dummy Company),Global Manufacturing Head - PureGlow Soaps,Australia,Australia,Perth,FCT028,Perth Soap Plant,LN0083,Line-2,2026-07-05 14:00:00,2026-07-05,14,Afternoon,Charcoal Bar Soap,1.37,60.0,5.4,Changeover/Setup,54.6,82,74,1,73,1.79,98.65,90.24,91.0,98.93,88.81,7.77,21.07,2
PureGlow Soaps International (Fictional Dummy Company),Global Manufacturing Head - PureGlow Soaps,Australia,Australia,Perth,FCT028,Perth Soap Plant,LN0084,Line-3,2026-07-05 14:00:00,2026-07-05,14,Afternoon,Aloe Vera Liquid Soap,0.99,60.0,0.3,No Downtime,59.7,59,48,1,47,2.91,97.92,81.36,99.5,81.21,79.12,4.23,39.95,3
PureGlow Soaps International (Fictional Dummy Company),Global Manufacturing Head - PureGlow Soaps,Australia,Australia,Perth,FCT028,Perth Soap Plant,LN0082,Line-1,2026-07-05 15:00:00,2026-07-05,15,Afternoon,Lavender Bar Soap,1.39,60.0,34.2,Preventive Maintenance,25.8,83,30,1,29,2.11,96.67,36.14,43.0,83.65,34.77,2.57,7.8,1
PureGlow Soaps International (Fictional Dummy Company),Global Manufacturing Head - PureGlow Soaps,Australia,Australia,Perth,FCT028,Perth Soap Plant,LN0083,Line-2,2026-07-05 15:00:00,2026-07-05,15,Afternoon,Charcoal Bar Soap,1.37,60.0,22.2,Material Shortage,37.8,82,52,2,50,4.57,96.15,63.41,63.0,100.41,60.82,4.81,13.77,2
PureGlow Soaps International (Fictional Dummy Company),Global Manufacturing Head - PureGlow Soaps,Australia,Australia,Perth,FCT028,Perth Soap Plant,LN0084,Line-3,2026-07-05 15:00:00,2026-07-05,15,Afternoon,Aloe Vera Liquid Soap,0.99,60.0,9.1,Changeover/Setup,50.9,59,50,1,49,2.48,98.0,84.75,84.83,99.22,82.48,4.91,30.73,1
PureGlow Soaps International (Fictional Dummy Company),Global Manufacturing Head - PureGlow Soaps,Australia,Australia,Perth,FCT028,Perth Soap Plant,LN0082,Line-1,2026-07-05 16:00:00,2026-07-05,16,Afternoon,Lavender Bar Soap,1.39,60.0,1.9,No Downtime,58.1,83,71,1,70,1.22,98.59,85.54,96.83,87.92,83.93,6.96,16.02,3
PureGlow Soaps International (Fictional Dummy Company),Global Manufacturing Head - PureGlow Soaps,Australia,Australia,Perth,FCT028,Perth Soap Plant,LN0083,Line-2,2026-07-05 16:00:00,2026-07-05,16,Afternoon,Charcoal Bar Soap,1.37,60.0,0.3,No Downtime,59.7,82,67,2,65,3.36,97.01,81.71,99.5,81.92,79.07,6.43,26.4,3
PureGlow Soaps International (Fictional Dummy Company),Global Manufacturing Head - PureGlow Soaps,Australia,Australia,Perth,FCT028,Perth Soap Plant,LN0084,Line-3,2026-07-05 16:00:00,2026-07-05,16,Afternoon,Aloe Vera Liquid Soap,0.99,60.0,24.2,Preventive Maintenance,35.8,59,30,1,29,2.22,96.67,50.85,59.67,84.65,48.83,2.81,22.05,2
PureGlow Soaps International (Fictional Dummy Company),Global Manufacturing Head - PureGlow Soaps,Australia,Australia,Perth,FCT028,Perth Soap Plant,LN0082,Line-1,2026-07-05 17:00:00,2026-07-05,17,Afternoon,Lavender Bar Soap,1.39,60.0,23.1,Material Shortage,36.9,83,44,1,43,2.19,97.73,53.01,61.5,85.79,51.56,3.99,9.87,2
PureGlow Soaps International (Fictional Dummy Company),Global Manufacturing Head - PureGlow Soaps,Australia,Australia,Perth,FCT028,Perth Soap Plant,LN0083,Line-2,2026-07-05 17:00:00,2026-07-05,17,Afternoon,Charcoal Bar Soap,1.37,60.0,40.7,Machine Breakdown,19.3,82,25,1,24,2.52,96.0,30.49,32.17,94.55,29.2,2.71,7.76,3
PureGlow Soaps International (Fictional Dummy Company),Global Manufacturing Head - PureGlow Soaps,Australia,Australia,Perth,FCT028,Perth Soap Plant,LN0084,Line-3,2026-07-05 17:00:00,2026-07-05,17,Afternoon,Aloe Vera Liquid Soap,0.99,60.0,5.0,Power Outage,55.0,59,55,2,53,2.78,96.36,93.22,91.67,101.01,89.23,5.53,32.77,3
PureGlow Soaps International (Fictional Dummy Company),Global Manufacturing Head - PureGlow Soaps,Australia,Australia,Perth,FCT028,Perth Soap Plant,LN0082,Line-1,2026-07-05 18:00:00,2026-07-05,18,Afternoon,Lavender Bar Soap,1.39,60.0,11.3,Changeover/Setup,48.7,83,54,0,54,0.53,100.0,65.06,81.17,79.77,64.75,5.29,12.27,3
PureGlow Soaps International (Fictional Dummy Company),Global Manufacturing Head - PureGlow Soaps,Australia,Australia,Perth,FCT028,Perth Soap Plant,LN0083,Line-2,2026-07-05 18:00:00,2026-07-05,18,Afternoon,Charcoal Bar Soap,1.37,60.0,19.4,Machine Breakdown,40.6,82,50,1,49,2.67,98.0,60.98,67.67,89.89,59.61,5.07,16.79,2
PureGlow Soaps International (Fictional Dummy Company),Global Manufacturing Head - PureGlow Soaps,Australia,Australia,Perth,FCT028,Perth Soap Plant,LN0084,Line-3,2026-07-05 18:00:00,2026-07-05,18,Afternoon,Aloe Vera Liquid Soap,0.99,60.0,2.9,No Downtime,57.1,59,45,2,43,3.56,95.56,76.27,95.17,79.61,72.4,4.92,33.96,3
PureGlow Soaps International (Fictional Dummy Company),Global Manufacturing Head - PureGlow Soaps,Australia,Australia,Perth,FCT028,Perth Soap Plant,LN0082,Line-1,2026-07-05 19:00:00,2026-07-05,19,Afternoon,Lavender Bar Soap,1.39,60.0,2.8,No Downtime,57.2,83,71,2,69,2.31,97.18,85.54,95.33,89.3,82.73,7.23,17.27,2
PureGlow Soaps International (Fictional Dummy Company),Global Manufacturing Head - PureGlow Soaps,Australia,Australia,Perth,FCT028,Perth Soap Plant,LN0083,Line-2,2026-07-05 19:00:00,2026-07-05,19,Afternoon,Charcoal Bar Soap,1.37,60.0,2.5,No Downtime,57.5,82,69,3,66,3.92,95.65,84.15,95.83,87.59,80.29,6.06,24.29,1
PureGlow Soaps International (Fictional Dummy Company),Global Manufacturing Head - PureGlow Soaps,Australia,Australia,Perth,FCT028,Perth Soap Plant,LN0084,Line-3,2026-07-05 19:00:00,2026-07-05,19,Afternoon,Aloe Vera Liquid Soap,0.99,60.0,2.2,No Downtime,57.8,59,49,2,47,4.03,95.92,83.05,96.33,85.63,79.12,4.66,32.78,2
PureGlow Soaps International (Fictional Dummy Company),Global Manufacturing Head - PureGlow Soaps,Australia,Australia,Perth,FCT028,Perth Soap Plant,LN0082,Line-1,2026-07-05 20:00:00,2026-07-05,20,Afternoon,Lavender Bar Soap,1.39,60.0,12.0,Staff Shortage,48.0,83,56,2,54,3.11,96.43,67.47,80.0,83.93,64.75,5.24,12.4,2
PureGlow Soaps International (Fictional Dummy Company),Global Manufacturing Head - PureGlow Soaps,Australia,Australia,Perth,FCT028,Perth Soap Plant,LN0083,Line-2,2026-07-05 20:00:00,2026-07-05,20,Afternoon,Charcoal Bar Soap,1.37,60.0,1.8,No Downtime,58.2,82,72,2,70,2.37,97.22,87.8,97.0,90.3,85.16,7.86,25.81,1
PureGlow Soaps International (Fictional Dummy Company),Global Manufacturing Head - PureGlow Soaps,Australia,Australia,Perth,FCT028,Perth Soap Plant,LN0084,Line-3,2026-07-05 20:00:00,2026-07-05,20,Afternoon,Aloe Vera Liquid Soap,0.99,60.0,14.4,Changeover/Setup,45.6,59,38,1,37,3.88,97.37,64.41,76.0,84.18,62.29,3.95,28.6,1
PureGlow Soaps International (Fictional Dummy Company),Global Manufacturing Head - PureGlow Soaps,Australia,Australia,Perth,FCT028,Perth Soap Plant,LN0082,Line-1,2026-07-05 21:00:00,2026-07-05,21,Afternoon,Lavender Bar Soap,1.39,60.0,0.4,No Downtime,59.6,83,75,1,74,1.6,98.67,90.36,99.33,90.53,88.73,6.67,16.88,1
PureGlow Soaps International (Fictional Dummy Company),Global Manufacturing Head - PureGlow Soaps,Australia,Australia,Perth,FCT028,Perth Soap Plant,LN0083,Line-2,2026-07-05 21:00:00,2026-07-05,21,Afternoon,Charcoal Bar Soap,1.37,60.0,29.2,Material Shortage,30.8,82,36,1,35,1.76,97.22,43.9,51.33,85.32,42.58,3.74,12.08,2
PureGlow Soaps International (Fictional Dummy Company),Global Manufacturing Head - PureGlow Soaps,Australia,Australia,Perth,FCT028,Perth Soap Plant,LN0084,Line-3,2026-07-05 21:00:00,2026-07-05,21,Afternoon,Aloe Vera Liquid Soap,0.99,60.0,3.4,No Downtime,56.6,59,49,1,48,2.03,97.96,83.05,94.33,87.45,80.81,5.19,33.39,1
PureGlow Soaps International (Fictional Dummy Company),Global Manufacturing Head - PureGlow Soaps,Australia,Australia,Perth,FCT028,Perth Soap Plant,LN0082,Line-1,2026-07-05 22:00:00,2026-07-05,22,Night,Lavender Bar Soap,1.39,60.0,1.2,No Downtime,58.8,83,83,2,81,2.19,97.59,100.0,98.0,101.55,97.12,8.78,15.73,3
PureGlow Soaps International (Fictional Dummy Company),Global Manufacturing Head - PureGlow Soaps,Australia,Australia,Perth,FCT028,Perth Soap Plant,LN0083,Line-2,2026-07-05 22:00:00,2026-07-05,22,Night,Charcoal Bar Soap,1.37,60.0,21.1,Material Shortage,38.9,82,44,2,42,4.43,95.45,53.66,64.83,82.56,51.09,4.72,15.39,1
PureGlow Soaps International (Fictional Dummy Company),Global Manufacturing Head - PureGlow Soaps,Australia,Australia,Perth,FCT028,Perth Soap Plant,LN0084,Line-3,2026-07-05 22:00:00,2026-07-05,22,Night,Aloe Vera Liquid Soap,0.99,60.0,18.1,Material Shortage,41.9,59,41,1,40,3.3,97.56,69.49,69.83,98.84,67.34,4.08,23.76,1
PureGlow Soaps International (Fictional Dummy Company),Global Manufacturing Head - PureGlow Soaps,Australia,Australia,Perth,FCT028,Perth Soap Plant,LN0082,Line-1,2026-07-05 23:00:00,2026-07-05,23,Night,Lavender Bar Soap,1.39,60.0,9.2,Quality Hold,50.8,83,70,6,64,9.04,91.43,84.34,84.67,99.13,76.74,7.5,14.96,2
PureGlow Soaps International (Fictional Dummy Company),Global Manufacturing Head - PureGlow Soaps,Australia,Australia,Perth,FCT028,Perth Soap Plant,LN0083,Line-2,2026-07-05 23:00:00,2026-07-05,23,Night,Charcoal Bar Soap,1.37,60.0,1.9,No Downtime,58.1,82,73,2,71,2.61,97.26,89.02,96.83,91.71,86.37,6.5,23.2,1
PureGlow Soaps International (Fictional Dummy Company),Global Manufacturing Head - PureGlow Soaps,Australia,Australia,Perth,FCT028,Perth Soap Plant,LN0084,Line-3,2026-07-05 23:00:00,2026-07-05,23,Night,Aloe Vera Liquid Soap,0.99,60.0,7.2,Power Outage,52.8,59,52,1,51,1.89,98.08,88.14,88.0,99.48,85.86,5.31,31.64,3
PureGlow Soaps International (Fictional Dummy Company),Global Manufacturing Head - PureGlow Soaps,Australia,Australia,Perth,FCT028,Perth Soap Plant,LN0082,Line-1,2026-07-06 00:00:00,2026-07-06,0,Night,Lemon Bar Soap,1.39,60.0,29.9,Machine Breakdown,30.1,83,40,1,39,3.49,97.5,48.19,50.17,95.6,46.76,4.15,8.28,3
PureGlow Soaps International (Fictional Dummy Company),Global Manufacturing Head - PureGlow Soaps,Australia,Australia,Perth,FCT028,Perth Soap Plant,LN0083,Line-2,2026-07-06 00:00:00,2026-07-06,0,Night,Sandalwood Bar Soap,1.37,60.0,21.9,Material Shortage,38.1,82,46,1,45,2.03,97.83,56.1,63.5,88.13,54.75,4.41,14.77,3
PureGlow Soaps International (Fictional Dummy Company),Global Manufacturing Head - PureGlow Soaps,Australia,Australia,Perth,FCT028,Perth Soap Plant,LN0084,Line-3,2026-07-06 00:00:00,2026-07-06,0,Night,Neem Bar Soap,0.99,60.0,16.0,Staff Shortage,44.0,59,37,1,36,1.95,97.3,62.71,73.33,84.94,60.6,3.52,28.52,1
PureGlow Soaps International (Fictional Dummy Company),Global Manufacturing Head - PureGlow Soaps,Australia,Australia,Perth,FCT028,Perth Soap Plant,LN0082,Line-1,2026-07-06 01:00:00,2026-07-06,1,Night,Lemon Bar Soap,1.39,60.0,16.1,Changeover/Setup,43.9,83,52,2,50,3.74,96.15,62.65,73.17,85.22,59.95,4.51,12.54,3
PureGlow Soaps International (Fictional Dummy Company),Global Manufacturing Head - PureGlow Soaps,Australia,Australia,Perth,FCT028,Perth Soap Plant,LN0083,Line-2,2026-07-06 01:00:00,2026-07-06,1,Night,Sandalwood Bar Soap,1.37,60.0,16.6,Material Shortage,43.4,82,55,2,53,3.47,96.36,67.07,72.33,92.5,64.47,4.9,18.9,1
PureGlow Soaps International (Fictional Dummy Company),Global Manufacturing Head - PureGlow Soaps,Australia,Australia,Perth,FCT028,Perth Soap Plant,LN0084,Line-3,2026-07-06 01:00:00,2026-07-06,1,Night,Neem Bar Soap,0.99,60.0,13.3,Changeover/Setup,46.7,59,39,2,37,4.53,94.87,66.1,77.83,84.36,62.29,4.27,27.26,3
PureGlow Soaps International (Fictional Dummy Company),Global Manufacturing Head - PureGlow Soaps,Australia,Australia,Perth,FCT028,Perth Soap Plant,LN0082,Line-1,2026-07-06 02:00:00,2026-07-06,2,Night,Lemon Bar Soap,1.39,60.0,23.0,Preventive Maintenance,37.0,83,45,1,44,3.02,97.78,54.22,61.67,87.5,52.76,4.73,9.91,3
PureGlow Soaps International (Fictional Dummy Company),Global Manufacturing Head - PureGlow Soaps,Australia,Australia,Perth,FCT028,Perth Soap Plant,LN0083,Line-2,2026-07-06 02:00:00,2026-07-06,2,Night,Sandalwood Bar Soap,1.37,60.0,14.6,Machine Breakdown,45.4,82,61,3,58,5.66,95.08,74.39,75.67,98.07,70.56,6.28,17.05,1
PureGlow Soaps International (Fictional Dummy Company),Global Manufacturing Head - PureGlow Soaps,Australia,Australia,Perth,FCT028,Perth Soap Plant,LN0084,Line-3,2026-07-06 02:00:00,2026-07-06,2,Night,Neem Bar Soap,0.99,60.0,13.0,Power Outage,47.0,59,47,2,45,4.69,95.74,79.66,78.33,101.01,75.75,4.81,32.14,2
PureGlow Soaps International (Fictional Dummy Company),Global Manufacturing Head - PureGlow Soaps,Australia,Australia,Perth,FCT028,Perth Soap Plant,LN0082,Line-1,2026-07-06 03:00:00,2026-07-06,3,Night,Lemon Bar Soap,1.39,60.0,26.5,Preventive Maintenance,33.5,83,45,2,43,3.72,95.56,54.22,55.83,96.64,51.56,4.18,8.41,3
PureGlow Soaps International (Fictional Dummy Company),Global Manufacturing Head - PureGlow Soaps,Australia,Australia,Perth,FCT028,Perth Soap Plant,LN0083,Line-2,2026-07-06 03:00:00,2026-07-06,3,Night,Sandalwood Bar Soap,1.37,60.0,20.6,Staff Shortage,39.4,82,50,1,49,2.66,98.0,60.98,65.67,92.63,59.61,4.75,15.06,1
PureGlow Soaps International (Fictional Dummy Company),Global Manufacturing Head - PureGlow Soaps,Australia,Australia,Perth,FCT028,Perth Soap Plant,LN0084,Line-3,2026-07-06 03:00:00,2026-07-06,3,Night,Neem Bar Soap,0.99,60.0,2.6,No Downtime,57.4,59,47,1,46,2.55,97.87,79.66,95.67,82.71,77.44,4.88,38.05,3
PureGlow Soaps International (Fictional Dummy Company),Global Manufacturing Head - PureGlow Soaps,Australia,Australia,Perth,FCT028,Perth Soap Plant,LN0082,Line-1,2026-07-06 04:00:00,2026-07-06,4,Night,Lemon Bar Soap,1.39,60.0,3.5,No Downtime,56.5,83,79,3,76,3.86,96.2,95.18,94.17,100.59,91.13,7.75,15.73,1
PureGlow Soaps International (Fictional Dummy Company),Global Manufacturing Head - PureGlow Soaps,Australia,Australia,Perth,FCT028,Perth Soap Plant,LN0083,Line-2,2026-07-06 04:00:00,2026-07-06,4,Night,Sandalwood Bar Soap,1.37,60.0,16.9,Preventive Maintenance,43.1,82,58,1,57,2.43,98.28,70.73,71.83,98.23,69.35,5.11,17.7,3
PureGlow Soaps International (Fictional Dummy Company),Global Manufacturing Head - PureGlow Soaps,Australia,Australia,Perth,FCT028,Perth Soap Plant,LN0084,Line-3,2026-07-06 04:00:00,2026-07-06,4,Night,Neem Bar Soap,0.99,60.0,0.7,No Downtime,59.3,59,49,2,47,4.93,95.92,83.05,98.83,83.47,79.13,4.53,38.53,2
PureGlow Soaps International (Fictional Dummy Company),Global Manufacturing Head - PureGlow Soaps,Australia,Australia,Perth,FCT028,Perth Soap Plant,LN0082,Line-1,2026-07-06 05:00:00,2026-07-06,5,Night,Lemon Bar Soap,1.39,60.0,4.0,No Downtime,56.0,83,63,2,61,3.34,96.83,75.9,93.33,80.94,73.15,6.33,17.06,3
PureGlow Soaps International (Fictional Dummy Company),Global Manufacturing Head - PureGlow Soaps,Australia,Australia,Perth,FCT028,Perth Soap Plant,LN0083,Line-2,2026-07-06 05:00:00,2026-07-06,5,Night,Sandalwood Bar Soap,1.37,60.0,3.8,No Downtime,56.2,82,77,4,73,5.03,94.81,93.9,93.67,100.01,88.82,7.79,23.52,3
PureGlow Soaps International (Fictional Dummy Company),Global Manufacturing Head - PureGlow Soaps,Australia,Australia,Perth,FCT028,Perth Soap Plant,LN0084,Line-3,2026-07-06 05:00:00,2026-07-06,5,Night,Neem Bar Soap,0.99,60.0,21.0,Power Outage,39.0,59,37,1,36,1.66,97.3,62.71,65.0,95.83,60.61,3.88,23.05,1
PureGlow Soaps International (Fictional Dummy Company),Global Manufacturing Head - PureGlow Soaps,Australia,Australia,Perth,FCT028,Perth Soap Plant,LN0082,Line-1,2026-07-06 06:00:00,2026-07-06,6,Morning,Lemon Bar Soap,1.39,60.0,16.5,Changeover/Setup,43.5,83,52,2,50,4.3,96.15,62.65,72.5,86.0,59.95,5.14,13.1,2
PureGlow Soaps International (Fictional Dummy Company),Global Manufacturing Head - PureGlow Soaps,Australia,Australia,Perth,FCT028,Perth Soap Plant,LN0083,Line-2,2026-07-06 06:00:00,2026-07-06,6,Morning,Sandalwood Bar Soap,1.37,60.0,30.1,Preventive Maintenance,29.9,82,34,1,33,3.03,97.06,41.46,49.83,83.0,40.14,3.37,11.15,2
PureGlow Soaps International (Fictional Dummy Company),Global Manufacturing Head - PureGlow Soaps,Australia,Australia,Perth,FCT028,Perth Soap Plant,LN0084,Line-3,2026-07-06 06:00:00,2026-07-06,6,Morning,Neem Bar Soap,0.99,60.0,0.8,No Downtime,59.2,59,52,2,50,2.9,96.15,88.14,98.67,88.73,84.18,4.44,37.34,3
PureGlow Soaps International (Fictional Dummy Company),Global Manufacturing Head - PureGlow Soaps,Australia,Australia,Perth,FCT028,Perth Soap Plant,LN0082,Line-1,2026-07-06 07:00:00,2026-07-06,7,Morning,Lemon Bar Soap,1.39,60.0,1.6,No Downtime,58.4,83,81,1,80,1.31,98.77,97.59,97.33,99.78,95.92,7.55,15.28,1
PureGlow Soaps International (Fictional Dummy Company),Global Manufacturing Head - PureGlow Soaps,Australia,Australia,Perth,FCT028,Perth Soap Plant,LN0083,Line-2,2026-07-06 07:00:00,2026-07-06,7,Morning,Sandalwood Bar Soap,1.37,60.0,2.0,No Downtime,58.0,82,80,2,78,2.72,97.5,97.56,96.67,100.68,94.89,8.43,21.57,1
PureGlow Soaps International (Fictional Dummy Company),Global Manufacturing Head - PureGlow Soaps,Australia,Australia,Perth,FCT028,Perth Soap Plant,LN0084,Line-3,2026-07-06 07:00:00,2026-07-06,7,Morning,Neem Bar Soap,0.99,60.0,6.2,Changeover/Setup,53.8,59,45,1,44,1.79,97.78,76.27,89.67,84.49,74.08,3.83,32.81,1
PureGlow Soaps International (Fictional Dummy Company),Global Manufacturing Head - PureGlow Soaps,Australia,Australia,Perth,FCT028,Perth Soap Plant,LN0082,Line-1,2026-07-06 08:00:00,2026-07-06,8,Morning,Lemon Bar Soap,1.39,60.0,3.9,No Downtime,56.1,83,75,4,71,4.88,94.67,90.36,93.5,96.18,85.14,7.17,16.92,3
PureGlow Soaps International (Fictional Dummy Company),Global Manufacturing Head - PureGlow Soaps,Australia,Australia,Perth,FCT028,Perth Soap Plant,LN0083,Line-2,2026-07-06 08:00:00,2026-07-06,8,Morning,Sandalwood Bar Soap,1.37,60.0,32.4,Material Shortage,27.6,82,30,1,29,4.33,96.67,36.59,46.0,79.34,35.28,2.98,10.25,2
PureGlow Soaps International (Fictional Dummy Company),Global Manufacturing Head - PureGlow Soaps,Australia,Australia,Perth,FCT028,Perth Soap Plant,LN0084,Line-3,2026-07-06 08:00:00,2026-07-06,8,Morning,Neem Bar Soap,0.99,60.0,7.5,Power Outage,52.5,59,52,1,51,1.32,98.08,88.14,87.5,100.05,85.86,4.7,30.73,3
PureGlow Soaps International (Fictional Dummy Company),Global Manufacturing Head - PureGlow Soaps,Australia,Australia,Perth,FCT028,Perth Soap Plant,LN0082,Line-1,2026-07-06 09:00:00,2026-07-06,9,Morning,Lemon Bar Soap,1.39,60.0,16.0,Material Shortage,44.0,83,56,1,55,2.27,98.21,67.47,73.33,91.56,65.94,5.27,13.1,3
PureGlow Soaps International (Fictional Dummy Company),Global Manufacturing Head - PureGlow Soaps,Australia,Australia,Perth,FCT028,Perth Soap Plant,LN0083,Line-2,2026-07-06 09:00:00,2026-07-06,9,Morning,Sandalwood Bar Soap,1.37,60.0,16.1,Changeover/Setup,43.9,82,54,2,52,3.67,96.3,65.85,73.17,89.79,63.27,4.7,16.34,1
PureGlow Soaps International (Fictional Dummy Company),Global Manufacturing Head - PureGlow Soaps,Australia,Australia,Perth,FCT028,Perth Soap Plant,LN0084,Line-3,2026-07-06 09:00:00,2026-07-06,9,Morning,Neem Bar Soap,0.99,60.0,1.9,No Downtime,58.1,59,50,0,50,0.54,100.0,84.75,96.83,86.93,84.17,5.16,37.61,3
PureGlow Soaps International (Fictional Dummy Company),Global Manufacturing Head - PureGlow Soaps,Australia,Australia,Perth,FCT028,Perth Soap Plant,LN0082,Line-1,2026-07-06 10:00:00,2026-07-06,10,Morning,Lemon Bar Soap,1.39,60.0,2.1,No Downtime,57.9,83,71,3,68,3.59,95.77,85.54,96.5,88.22,81.53,6.25,16.18,3
PureGlow Soaps International (Fictional Dummy Company),Global Manufacturing Head - PureGlow Soaps,Australia,Australia,Perth,FCT028,Perth Soap Plant,LN0083,Line-2,2026-07-06 10:00:00,2026-07-06,10,Morning,Sandalwood Bar Soap,1.37,60.0,0.9,No Downtime,59.1,82,78,1,77,1.65,98.72,95.12,98.5,96.34,93.68,6.91,24.22,3
PureGlow Soaps International (Fictional Dummy Company),Global Manufacturing Head - PureGlow Soaps,Australia,Australia,Perth,FCT028,Perth Soap Plant,LN0084,Line-3,2026-07-06 10:00:00,2026-07-06,10,Morning,Neem Bar Soap,0.99,60.0,1.7,No Downtime,58.3,59,54,2,52,3.66,96.3,91.53,97.17,93.56,87.55,5.71,37.21,2
PureGlow Soaps International (Fictional Dummy Company),Global Manufacturing Head - PureGlow Soaps,Australia,Australia,Perth,FCT028,Perth Soap Plant,LN0082,Line-1,2026-07-06 11:00:00,2026-07-06,11,Morning,Lemon Bar Soap,1.39,60.0,11.2,Changeover/Setup,48.8,83,60,1,59,1.37,98.33,72.29,81.33,88.45,70.74,5.55,12.79,1
PureGlow Soaps International (Fictional Dummy Company),Global Manufacturing Head - PureGlow Soaps,Australia,Australia,Perth,FCT028,Perth Soap Plant,LN0083,Line-2,2026-07-06 11:00:00,2026-07-06,11,Morning,Sandalwood Bar Soap,1.37,60.0,14.0,Changeover/Setup,46.0,82,52,2,50,3.91,96.15,63.41,76.67,82.51,60.82,5.38,18.07,2
PureGlow Soaps International (Fictional Dummy Company),Global Manufacturing Head - PureGlow Soaps,Australia,Australia,Perth,FCT028,Perth Soap Plant,LN0084,Line-3,2026-07-06 11:00:00,2026-07-06,11,Morning,Neem Bar Soap,0.99,60.0,16.9,Material Shortage,43.1,59,41,1,40,3.02,97.56,69.49,71.83,96.09,67.34,4.16,28.83,1
PureGlow Soaps International (Fictional Dummy Company),Global Manufacturing Head - PureGlow Soaps,Australia,Australia,Perth,FCT028,Perth Soap Plant,LN0082,Line-1,2026-07-06 12:00:00,2026-07-06,12,Morning,Lemon Bar Soap,1.39,60.0,43.3,Machine Breakdown,16.7,83,22,0,22,1.83,100.0,26.51,27.83,94.77,26.37,2.34,4.66,1
PureGlow Soaps International (Fictional Dummy Company),Global Manufacturing Head - PureGlow Soaps,Australia,Australia,Perth,FCT028,Perth Soap Plant,LN0083,Line-2,2026-07-06 12:00:00,2026-07-06,12,Morning,Sandalwood Bar Soap,1.37,60.0,22.1,Staff Shortage,37.9,82,53,1,52,2.59,98.11,64.63,63.17,102.07,63.26,5.27,14.74,2
PureGlow Soaps International (Fictional Dummy Company),Global Manufacturing Head - PureGlow Soaps,Australia,Australia,Perth,FCT028,Perth Soap Plant,LN0084,Line-3,2026-07-06 12:00:00,2026-07-06,12,Morning,Neem Bar Soap,0.99,60.0,11.2,Changeover/Setup,48.8,59,49,1,48,2.96,97.96,83.05,81.33,101.42,80.8,4.99,28.95,3
PureGlow Soaps International (Fictional Dummy Company),Global Manufacturing Head - PureGlow Soaps,Australia,Australia,Perth,FCT028,Perth Soap Plant,LN0082,Line-1,2026-07-06 13:00:00,2026-07-06,13,Morning,Lemon Bar Soap,1.39,60.0,39.3,Machine Breakdown,20.7,83,27,1,26,2.56,96.3,32.53,34.5,93.84,31.18,2.4,6.33,3
PureGlow Soaps International (Fictional Dummy Company),Global Manufacturing Head - PureGlow Soaps,Australia,Australia,Perth,FCT028,Perth Soap Plant,LN0083,Line-2,2026-07-06 13:00:00,2026-07-06,13,Morning,Sandalwood Bar Soap,1.37,60.0,19.6,Changeover/Setup,40.4,82,51,3,48,5.85,94.12,62.2,67.33,92.14,58.39,4.97,16.28,3
PureGlow Soaps International (Fictional Dummy Company),Global Manufacturing Head - PureGlow Soaps,Australia,Australia,Perth,FCT028,Perth Soap Plant,LN0084,Line-3,2026-07-06 13:00:00,2026-07-06,13,Morning,Neem Bar Soap,0.99,60.0,3.7,No Downtime,56.3,59,46,2,44,3.94,95.65,77.97,93.83,82.53,74.07,3.94,37.29,1
PureGlow Soaps International (Fictional Dummy Company),Global Manufacturing Head - PureGlow Soaps,Australia,Australia,Perth,FCT028,Perth Soap Plant,LN0082,Line-1,2026-07-06 14:00:00,2026-07-06,14,Afternoon,Lemon Bar Soap,1.39,60.0,17.0,Changeover/Setup,43.0,83,55,3,52,4.68,94.55,66.27,71.67,92.02,62.36,5.73,11.2,3
PureGlow Soaps International (Fictional Dummy Company),Global Manufacturing Head - PureGlow Soaps,Australia,Australia,Perth,FCT028,Perth Soap Plant,LN0083,Line-2,2026-07-06 14:00:00,2026-07-06,14,Afternoon,Sandalwood Bar Soap,1.37,60.0,2.2,No Downtime,57.8,82,68,2,66,3.43,97.06,82.93,96.33,85.87,80.29,6.04,21.95,1
PureGlow Soaps International (Fictional Dummy Company),Global Manufacturing Head - PureGlow Soaps,Australia,Australia,Perth,FCT028,Perth Soap Plant,LN0084,Line-3,2026-07-06 14:00:00,2026-07-06,14,Afternoon,Neem Bar Soap,0.99,60.0,2.2,No Downtime,57.8,59,47,1,46,2.55,97.87,79.66,96.33,82.14,77.44,5.07,38.21,1
PureGlow Soaps International (Fictional Dummy Company),Global Manufacturing Head - PureGlow Soaps,Australia,Australia,Perth,FCT028,Perth Soap Plant,LN0082,Line-1,2026-07-06 15:00:00,2026-07-06,15,Afternoon,Lemon Bar Soap,1.39,60.0,18.8,Changeover/Setup,41.2,83,57,3,54,4.82,94.74,68.67,68.67,99.53,64.75,6.19,12.17,2
PureGlow Soaps International (Fictional Dummy Company),Global Manufacturing Head - PureGlow Soaps,Australia,Australia,Perth,FCT028,Perth Soap Plant,LN0083,Line-2,2026-07-06 15:00:00,2026-07-06,15,Afternoon,Sandalwood Bar Soap,1.37,60.0,36.8,Machine Breakdown,23.2,82,30,1,29,2.19,96.67,36.59,38.67,94.39,35.29,2.83,9.22,2
PureGlow Soaps International (Fictional Dummy Company),Global Manufacturing Head - PureGlow Soaps,Australia,Australia,Perth,FCT028,Perth Soap Plant,LN0084,Line-3,2026-07-06 15:00:00,2026-07-06,15,Afternoon,Neem Bar Soap,0.99,60.0,0.1,No Downtime,59.9,59,51,3,48,5.35,94.12,86.44,99.83,86.0,80.81,4.9,37.31,2
PureGlow Soaps International (Fictional Dummy Company),Global Manufacturing Head - PureGlow Soaps,Australia,Australia,Perth,FCT028,Perth Soap Plant,LN0082,Line-1,2026-07-06 16:00:00,2026-07-06,16,Afternoon,Lemon Bar Soap,1.39,60.0,1.1,No Downtime,58.9,83,77,3,74,3.69,96.1,92.77,98.17,94.05,88.73,6.75,16.67,2
PureGlow Soaps International (Fictional Dummy Company),Global Manufacturing Head - PureGlow Soaps,Australia,Australia,Perth,FCT028,Perth Soap Plant,LN0083,Line-2,2026-07-06 16:00:00,2026-07-06,16,Afternoon,Sandalwood Bar Soap,1.37,60.0,1.6,No Downtime,58.4,82,77,3,74,4.07,96.1,93.9,97.33,96.24,90.02,8.09,22.63,2
PureGlow Soaps International (Fictional Dummy Company),Global Manufacturing Head - PureGlow Soaps,Australia,Australia,Perth,FCT028,Perth Soap Plant,LN0084,Line-3,2026-07-06 16:00:00,2026-07-06,16,Afternoon,Neem Bar Soap,0.99,60.0,1.7,No Downtime,58.3,59,52,2,50,4.25,96.15,88.14,97.17,90.09,84.17,5.45,36.6,3
PureGlow Soaps International (Fictional Dummy Company),Global Manufacturing Head - PureGlow Soaps,Australia,Australia,Perth,FCT028,Perth Soap Plant,LN0082,Line-1,2026-07-06 17:00:00,2026-07-06,17,Afternoon,Lemon Bar Soap,1.39,60.0,2.4,No Downtime,57.6,83,74,3,71,4.14,95.95,89.16,96.0,92.43,85.14,8.09,14.46,3
PureGlow Soaps International (Fictional Dummy Company),Global Manufacturing Head - PureGlow Soaps,Australia,Australia,Perth,FCT028,Perth Soap Plant,LN0083,Line-2,2026-07-06 17:00:00,2026-07-06,17,Afternoon,Sandalwood Bar Soap,1.37,60.0,33.8,Machine Breakdown,26.2,82,30,1,29,2.16,96.67,36.59,43.67,83.58,35.28,2.7,10.65,2
PureGlow Soaps International (Fictional Dummy Company),Global Manufacturing Head - PureGlow Soaps,Australia,Australia,Perth,FCT028,Perth Soap Plant,LN0084,Line-3,2026-07-06 17:00:00,2026-07-06,17,Afternoon,Neem Bar Soap,0.99,60.0,2.1,No Downtime,57.9,59,55,1,54,2.03,98.18,93.22,96.5,95.95,90.91,5.58,37.08,3
PureGlow Soaps International (Fictional Dummy Company),Global Manufacturing Head - PureGlow Soaps,Australia,Australia,Perth,FCT028,Perth Soap Plant,LN0082,Line-1,2026-07-06 18:00:00,2026-07-06,18,Afternoon,Lemon Bar Soap,1.39,60.0,5.9,Staff Shortage,54.1,83,68,2,66,3.03,97.06,81.93,90.17,90.43,79.14,6.67,15.55,2
PureGlow Soaps International (Fictional Dummy Company),Global Manufacturing Head - PureGlow Soaps,Australia,Australia,Perth,FCT028,Perth Soap Plant,LN0083,Line-2,2026-07-06 18:00:00,2026-07-06,18,Afternoon,Sandalwood Bar Soap,1.37,60.0,7.8,Changeover/Setup,52.2,82,69,0,69,0.47,100.0,84.15,87.0,96.48,83.94,6.0,21.6,1
PureGlow Soaps International (Fictional Dummy Company),Global Manufacturing Head - PureGlow Soaps,Australia,Australia,Perth,FCT028,Perth Soap Plant,LN0084,Line-3,2026-07-06 18:00:00,2026-07-06,18,Afternoon,Neem Bar Soap,0.99,60.0,24.8,Staff Shortage,35.2,59,28,1,27,3.69,96.43,47.46,58.67,80.35,45.46,3.05,23.38,3
PureGlow Soaps International (Fictional Dummy Company),Global Manufacturing Head - PureGlow Soaps,Australia,Australia,Perth,FCT028,Perth Soap Plant,LN0082,Line-1,2026-07-06 19:00:00,2026-07-06,19,Afternoon,Lemon Bar Soap,1.39,60.0,5.5,Changeover/Setup,54.5,83,70,4,66,5.74,94.29,84.34,90.83,92.4,79.13,7.42,16.32,1
PureGlow Soaps International (Fictional Dummy Company),Global Manufacturing Head - PureGlow Soaps,Australia,Australia,Perth,FCT028,Perth Soap Plant,LN0083,Line-2,2026-07-06 19:00:00,2026-07-06,19,Afternoon,Sandalwood Bar Soap,1.37,60.0,16.7,Changeover/Setup,43.3,82,51,2,49,4.15,96.08,62.2,72.17,85.97,59.61,4.48,18.04,2
PureGlow Soaps International (Fictional Dummy Company),Global Manufacturing Head - PureGlow Soaps,Australia,Australia,Perth,FCT028,Perth Soap Plant,LN0084,Line-3,2026-07-06 19:00:00,2026-07-06,19,Afternoon,Neem Bar Soap,0.99,60.0,43.1,Machine Breakdown,16.9,59,15,1,14,3.61,93.33,25.42,28.17,89.65,23.57,1.54,10.44,1
PureGlow Soaps International (Fictional Dummy Company),Global Manufacturing Head - PureGlow Soaps,Australia,Australia,Perth,FCT028,Perth Soap Plant,LN0082,Line-1,2026-07-06 20:00:00,2026-07-06,20,Afternoon,Lemon Bar Soap,1.39,60.0,5.1,Quality Hold,54.9,83,76,5,71,6.39,93.42,91.57,91.5,99.59,85.13,8.27,14.21,3
PureGlow Soaps International (Fictional Dummy Company),Global Manufacturing Head - PureGlow Soaps,Australia,Australia,Perth,FCT028,Perth Soap Plant,LN0083,Line-2,2026-07-06 20:00:00,2026-07-06,20,Afternoon,Sandalwood Bar Soap,1.37,60.0,3.9,No Downtime,56.1,82,74,2,72,2.34,97.3,90.24,93.5,96.28,87.59,6.48,22.35,3
PureGlow Soaps International (Fictional Dummy Company),Global Manufacturing Head - PureGlow Soaps,Australia,Australia,Perth,FCT028,Perth Soap Plant,LN0084,Line-3,2026-07-06 20:00:00,2026-07-06,20,Afternoon,Neem Bar Soap,0.99,60.0,17.8,Machine Breakdown,42.2,59,34,1,33,3.57,97.06,57.63,70.33,81.38,55.55,2.98,26.2,3
PureGlow Soaps International (Fictional Dummy Company),Global Manufacturing Head - PureGlow Soaps,Australia,Australia,Perth,FCT028,Perth Soap Plant,LN0082,Line-1,2026-07-06 21:00:00,2026-07-06,21,Afternoon,Lemon Bar Soap,1.39,60.0,37.4,Machine Breakdown,22.6,83,30,1,29,3.69,96.67,36.14,37.67,95.5,34.78,3.09,5.83,3
PureGlow Soaps International (Fictional Dummy Company),Global Manufacturing Head - PureGlow Soaps,Australia,Australia,Perth,FCT028,Perth Soap Plant,LN0083,Line-2,2026-07-06 21:00:00,2026-07-06,21,Afternoon,Sandalwood Bar Soap,1.37,60.0,24.3,Power Outage,35.7,82,49,2,47,3.56,95.92,59.76,59.5,100.19,57.18,4.83,13.14,3
PureGlow Soaps International (Fictional Dummy Company),Global Manufacturing Head - PureGlow Soaps,Australia,Australia,Perth,FCT028,Perth Soap Plant,LN0084,Line-3,2026-07-06 21:00:00,2026-07-06,21,Afternoon,Neem Bar Soap,0.99,60.0,11.0,Changeover/Setup,49.0,59,45,1,44,3.19,97.78,76.27,81.67,92.76,74.08,4.26,33.41,3
PureGlow Soaps International (Fictional Dummy Company),Global Manufacturing Head - PureGlow Soaps,Australia,Australia,Perth,FCT028,Perth Soap Plant,LN0082,Line-1,2026-07-06 22:00:00,2026-07-06,22,Night,Lemon Bar Soap,1.39,60.0,15.4,Preventive Maintenance,44.6,83,59,2,57,3.24,96.61,71.08,74.33,95.17,68.34,5.27,12.48,1
PureGlow Soaps International (Fictional Dummy Company),Global Manufacturing Head - PureGlow Soaps,Australia,Australia,Perth,FCT028,Perth Soap Plant,LN0083,Line-2,2026-07-06 22:00:00,2026-07-06,22,Night,Sandalwood Bar Soap,1.37,60.0,18.3,Power Outage,41.7,82,54,0,54,0.77,100.0,65.85,69.5,94.52,65.69,5.2,16.01,3
PureGlow Soaps International (Fictional Dummy Company),Global Manufacturing Head - PureGlow Soaps,Australia,Australia,Perth,FCT028,Perth Soap Plant,LN0084,Line-3,2026-07-06 22:00:00,2026-07-06,22,Night,Neem Bar Soap,0.99,60.0,2.9,No Downtime,57.1,59,49,2,47,4.52,95.92,83.05,95.17,86.68,79.13,5.09,38.71,3
PureGlow Soaps International (Fictional Dummy Company),Global Manufacturing Head - PureGlow Soaps,Australia,Australia,Perth,FCT028,Perth Soap Plant,LN0082,Line-1,2026-07-06 23:00:00,2026-07-06,23,Night,Lemon Bar Soap,1.39,60.0,29.1,Material Shortage,30.9,83,35,1,34,2.8,97.14,42.17,51.5,81.49,40.77,3.59,9.13,1
PureGlow Soaps International (Fictional Dummy Company),Global Manufacturing Head - PureGlow Soaps,Australia,Australia,Perth,FCT028,Perth Soap Plant,LN0083,Line-2,2026-07-06 23:00:00,2026-07-06,23,Night,Sandalwood Bar Soap,1.37,60.0,16.7,Machine Breakdown,43.3,82,48,2,46,3.24,95.83,58.54,72.17,80.92,55.96,4.59,17.82,2
PureGlow Soaps International (Fictional Dummy Company),Global Manufacturing Head - PureGlow Soaps,Australia,Australia,Perth,FCT028,Perth Soap Plant,LN0084,Line-3,2026-07-06 23:00:00,2026-07-06,23,Night,Neem Bar Soap,0.99,60.0,20.2,Preventive Maintenance,39.8,59,32,1,31,3.99,96.88,54.24,66.33,81.21,52.19,2.93,26.02,3
PureGlow Soaps International (Fictional Dummy Company),Global Manufacturing Head - PureGlow Soaps,Australia,Australia,Perth,FCT028,Perth Soap Plant,LN0082,Line-1,2026-07-07 00:00:00,2026-07-07,0,Night,Lavender Bar Soap,1.39,60.0,1.8,No Downtime,58.2,83,65,2,63,3.8,96.92,78.31,97.0,80.35,75.54,6.32,14.85,3
PureGlow Soaps International (Fictional Dummy Company),Global Manufacturing Head - PureGlow Soaps,Australia,Australia,Perth,FCT028,Perth Soap Plant,LN0083,Line-2,2026-07-07 00:00:00,2026-07-07,0,Night,Aloe Vera Liquid Soap,1.37,60.0,5.6,Changeover/Setup,54.4,82,74,3,71,3.86,95.95,90.24,90.67,99.29,86.38,6.81,23.65,2
PureGlow Soaps International (Fictional Dummy Company),Global Manufacturing Head - PureGlow Soaps,Australia,Australia,Perth,FCT028,Perth Soap Plant,LN0084,Line-3,2026-07-07 00:00:00,2026-07-07,0,Night,Sandalwood Bar Soap,0.99,60.0,0.2,No Downtime,59.8,59,49,0,49,0.76,100.0,83.05,99.67,82.77,82.5,4.71,40.45,1
PureGlow Soaps International (Fictional Dummy Company),Global Manufacturing Head - PureGlow Soaps,Australia,Australia,Perth,FCT028,Perth Soap Plant,LN0082,Line-1,2026-07-07 01:00:00,2026-07-07,1,Night,Lavender Bar Soap,1.39,60.0,25.9,Preventive Maintenance,34.1,83,44,1,43,3.18,97.73,53.01,56.83,92.83,51.56,4.82,8.64,3
PureGlow Soaps International (Fictional Dummy Company),Global Manufacturing Head - PureGlow Soaps,Australia,Australia,Perth,FCT028,Perth Soap Plant,LN0083,Line-2,2026-07-07 01:00:00,2026-07-07,1,Night,Aloe Vera Liquid Soap,1.37,60.0,17.1,Machine Breakdown,42.9,82,56,3,53,4.9,94.64,68.29,71.5,95.28,64.47,4.98,17.82,3
PureGlow Soaps International (Fictional Dummy Company),Global Manufacturing Head - PureGlow Soaps,Australia,Australia,Perth,FCT028,Perth Soap Plant,LN0084,Line-3,2026-07-07 01:00:00,2026-07-07,1,Night,Sandalwood Bar Soap,0.99,60.0,12.9,Material Shortage,47.1,59,46,1,45,2.71,97.83,77.97,78.5,98.65,75.76,3.99,28.45,2
PureGlow Soaps International (Fictional Dummy Company),Global Manufacturing Head - PureGlow Soaps,Australia,Australia,Perth,FCT028,Perth Soap Plant,LN0082,Line-1,2026-07-07 02:00:00,2026-07-07,2,Night,Lavender Bar Soap,1.39,60.0,3.5,No Downtime,56.5,83,80,1,79,1.64,98.75,96.39,94.17,101.87,94.73,7.53,14.75,3
PureGlow Soaps International (Fictional Dummy Company),Global Manufacturing Head - PureGlow Soaps,Australia,Australia,Perth,FCT028,Perth Soap Plant,LN0083,Line-2,2026-07-07 02:00:00,2026-07-07,2,Night,Aloe Vera Liquid Soap,1.37,60.0,3.3,No Downtime,56.7,82,76,2,74,2.9,97.37,92.68,94.5,97.84,90.03,7.89,25.1,3
PureGlow Soaps International (Fictional Dummy Company),Global Manufacturing Head - PureGlow Soaps,Australia,Australia,Perth,FCT028,Perth Soap Plant,LN0084,Line-3,2026-07-07 02:00:00,2026-07-07,2,Night,Sandalwood Bar Soap,0.99,60.0,16.0,Changeover/Setup,44.0,59,35,1,34,2.72,97.14,59.32,73.33,80.35,57.24,3.25,28.44,3
PureGlow Soaps International (Fictional Dummy Company),Global Manufacturing Head - PureGlow Soaps,Australia,Australia,Perth,FCT028,Perth Soap Plant,LN0082,Line-1,2026-07-07 03:00:00,2026-07-07,3,Night,Lavender Bar Soap,1.39,60.0,2.1,No Downtime,57.9,83,78,3,75,3.47,96.15,93.98,96.5,96.92,89.93,7.73,16.28,1
PureGlow Soaps International (Fictional Dummy Company),Global Manufacturing Head - PureGlow Soaps,Australia,Australia,Perth,FCT028,Perth Soap Plant,LN0083,Line-2,2026-07-07 03:00:00,2026-07-07,3,Night,Aloe Vera Liquid Soap,1.37,60.0,3.5,No Downtime,56.5,82,63,2,61,3.9,96.83,76.83,94.17,81.39,74.22,6.45,21.55,2
PureGlow Soaps International (Fictional Dummy Company),Global Manufacturing Head - PureGlow Soaps,Australia,Australia,Perth,FCT028,Perth Soap Plant,LN0084,Line-3,2026-07-07 03:00:00,2026-07-07,3,Night,Sandalwood Bar Soap,0.99,60.0,5.7,Changeover/Setup,54.3,59,47,1,46,2.69,97.87,79.66,90.5,87.43,77.44,4.22,36.81,1
PureGlow Soaps International (Fictional Dummy Company),Global Manufacturing Head - PureGlow Soaps,Australia,Australia,Perth,FCT028,Perth Soap Plant,LN0082,Line-1,2026-07-07 04:00:00,2026-07-07,4,Night,Lavender Bar Soap,1.39,60.0,0.8,No Downtime,59.2,83,79,4,75,4.6,94.94,95.18,98.67,96.0,89.93,6.73,16.33,1
PureGlow Soaps International (Fictional Dummy Company),Global Manufacturing Head - PureGlow Soaps,Australia,Australia,Perth,FCT028,Perth Soap Plant,LN0083,Line-2,2026-07-07 04:00:00,2026-07-07,4,Night,Aloe Vera Liquid Soap,1.37,60.0,24.6,Preventive Maintenance,35.4,82,45,2,43,3.38,95.56,54.88,59.0,92.79,52.32,4.83,15.07,3
PureGlow Soaps International (Fictional Dummy Company),Global Manufacturing Head - PureGlow Soaps,Australia,Australia,Perth,FCT028,Perth Soap Plant,LN0084,Line-3,2026-07-07 04:00:00,2026-07-07,4,Night,Sandalwood Bar Soap,0.99,60.0,31.6,Machine Breakdown,28.4,59,28,1,27,3.72,96.43,47.46,47.33,99.59,45.45,2.55,16.04,2
PureGlow Soaps International (Fictional Dummy Company),Global Manufacturing Head - PureGlow Soaps,Australia,Australia,Perth,FCT028,Perth Soap Plant,LN0082,Line-1,2026-07-07 05:00:00,2026-07-07,5,Night,Lavender Bar Soap,1.39,60.0,0.1,No Downtime,59.9,83,78,2,76,2.53,97.44,93.98,99.83,93.68,91.13,6.9,16.95,1
PureGlow Soaps International (Fictional Dummy Company),Global Manufacturing Head - PureGlow Soaps,Australia,Australia,Perth,FCT028,Perth Soap Plant,LN0083,Line-2,2026-07-07 05:00:00,2026-07-07,5,Night,Aloe Vera Liquid Soap,1.37,60.0,24.9,Preventive Maintenance,35.1,82,45,1,44,3.09,97.78,54.88,58.5,93.58,53.53,4.7,12.97,3
PureGlow Soaps International (Fictional Dummy Company),Global Manufacturing Head - PureGlow Soaps,Australia,Australia,Perth,FCT028,Perth Soap Plant,LN0084,Line-3,2026-07-07 05:00:00,2026-07-07,5,Night,Sandalwood Bar Soap,0.99,60.0,3.1,No Downtime,56.9,59,48,3,45,5.49,93.75,81.36,94.83,85.21,75.75,4.93,34.36,2
PureGlow Soaps International (Fictional Dummy Company),Global Manufacturing Head - PureGlow Soaps,Australia,Australia,Perth,FCT028,Perth Soap Plant,LN0082,Line-1,2026-07-07 06:00:00,2026-07-07,6,Morning,Lavender Bar Soap,1.39,60.0,11.5,Material Shortage,48.5,83,60,3,57,4.91,95.0,72.29,80.83,89.0,68.34,6.47,14.01,1
PureGlow Soaps International (Fictional Dummy Company),Global Manufacturing Head - PureGlow Soaps,Australia,Australia,Perth,FCT028,Perth Soap Plant,LN0083,Line-2,2026-07-07 06:00:00,2026-07-07,6,Morning,Aloe Vera Liquid Soap,1.37,60.0,2.9,No Downtime,57.1,82,79,2,77,2.17,97.47,96.34,95.17,100.99,93.68,8.17,23.27,2
PureGlow Soaps International (Fictional Dummy Company),Global Manufacturing Head - PureGlow Soaps,Australia,Australia,Perth,FCT028,Perth Soap Plant,LN0084,Line-3,2026-07-07 06:00:00,2026-07-07,6,Morning,Sandalwood Bar Soap,0.99,60.0,43.8,Machine Breakdown,16.2,59,16,0,16,1.24,100.0,27.12,27.0,99.76,26.94,1.43,9.51,3
PureGlow Soaps International (Fictional Dummy Company),Global Manufacturing Head - PureGlow Soaps,Australia,Australia,Perth,FCT028,Perth Soap Plant,LN0082,Line-1,2026-07-07 07:00:00,2026-07-07,7,Morning,Lavender Bar Soap,1.39,60.0,18.7,Changeover/Setup,41.3,83,57,2,55,2.79,96.49,68.67,68.83,99.29,65.94,5.72,11.12,3
PureGlow Soaps International (Fictional Dummy Company),Global Manufacturing Head - PureGlow Soaps,Australia,Australia,Perth,FCT028,Perth Soap Plant,LN0083,Line-2,2026-07-07 07:00:00,2026-07-07,7,Morning,Aloe Vera Liquid Soap,1.37,60.0,17.1,Changeover/Setup,42.9,82,50,1,49,2.09,98.0,60.98,71.5,85.07,59.61,4.58,17.04,3
PureGlow Soaps International (Fictional Dummy Company),Global Manufacturing Head - PureGlow Soaps,Australia,Australia,Perth,FCT028,Perth Soap Plant,LN0084,Line-3,2026-07-07 07:00:00,2026-07-07,7,Morning,Sandalwood Bar Soap,0.99,60.0,38.8,Preventive Maintenance,21.2,59,21,1,20,3.53,95.24,35.59,35.33,100.06,33.67,1.89,14.03,2
PureGlow Soaps International (Fictional Dummy Company),Global Manufacturing Head - PureGlow Soaps,Australia,Australia,Perth,FCT028,Perth Soap Plant,LN0082,Line-1,2026-07-07 08:00:00,2026-07-07,8,Morning,Lavender Bar Soap,1.39,60.0,19.4,Preventive Maintenance,40.6,83,51,2,49,3.11,96.08,61.45,67.67,90.37,58.76,5.02,10.66,2
PureGlow Soaps International (Fictional Dummy Company),Global Manufacturing Head - PureGlow Soaps,Australia,Australia,Perth,FCT028,Perth Soap Plant,LN0083,Line-2,2026-07-07 08:00:00,2026-07-07,8,Morning,Aloe Vera Liquid Soap,1.37,60.0,18.8,Power Outage,41.2,82,45,1,44,1.69,97.78,54.88,68.67,79.73,53.54,4.81,18.07,1
PureGlow Soaps International (Fictional Dummy Company),Global Manufacturing Head - PureGlow Soaps,Australia,Australia,Perth,FCT028,Perth Soap Plant,LN0084,Line-3,2026-07-07 08:00:00,2026-07-07,8,Morning,Sandalwood Bar Soap,0.99,60.0,13.1,Changeover/Setup,46.9,59,45,1,44,3.29,97.78,76.27,78.17,96.92,74.08,4.92,30.56,3
PureGlow Soaps International (Fictional Dummy Company),Global Manufacturing Head - PureGlow Soaps,Australia,Australia,Perth,FCT028,Perth Soap Plant,LN0082,Line-1,2026-07-07 09:00:00,2026-07-07,9,Morning,Lavender Bar Soap,1.39,60.0,8.1,Staff Shortage,51.9,83,74,2,72,2.79,97.3,89.16,86.5,102.58,86.34,6.96,13.65,3
PureGlow Soaps International (Fictional Dummy Company),Global Manufacturing Head - PureGlow Soaps,Australia,Australia,Perth,FCT028,Perth Soap Plant,LN0083,Line-2,2026-07-07 09:00:00,2026-07-07,9,Morning,Aloe Vera Liquid Soap,1.37,60.0,9.7,Changeover/Setup,50.3,82,65,2,63,2.89,96.92,79.27,83.83,94.32,76.63,6.43,21.78,1
PureGlow Soaps International (Fictional Dummy Company),Global Manufacturing Head - PureGlow Soaps,Australia,Australia,Perth,FCT028,Perth Soap Plant,LN0084,Line-3,2026-07-07 09:00:00,2026-07-07,9,Morning,Sandalwood Bar Soap,0.99,60.0,36.9,Preventive Maintenance,23.1,59,23,1,22,4.39,95.65,38.98,38.5,100.57,37.04,1.99,15.26,2
PureGlow Soaps International (Fictional Dummy Company),Global Manufacturing Head - PureGlow Soaps,Australia,Australia,Perth,FCT028,Perth Soap Plant,LN0082,Line-1,2026-07-07 10:00:00,2026-07-07,10,Morning,Lavender Bar Soap,1.39,60.0,2.6,No Downtime,57.4,83,67,3,64,4.17,95.52,80.72,95.67,83.97,76.74,5.79,16.31,1
PureGlow Soaps International (Fictional Dummy Company),Global Manufacturing Head - PureGlow Soaps,Australia,Australia,Perth,FCT028,Perth Soap Plant,LN0083,Line-2,2026-07-07 10:00:00,2026-07-07,10,Morning,Aloe Vera Liquid Soap,1.37,60.0,1.7,No Downtime,58.3,82,75,3,72,3.83,96.0,91.46,97.17,93.9,87.59,7.25,21.22,2
PureGlow Soaps International (Fictional Dummy Company),Global Manufacturing Head - PureGlow Soaps,Australia,Australia,Perth,FCT028,Perth Soap Plant,LN0084,Line-3,2026-07-07 10:00:00,2026-07-07,10,Morning,Sandalwood Bar Soap,0.99,60.0,2.1,No Downtime,57.9,59,51,0,51,0.84,100.0,86.44,96.5,88.97,85.86,4.64,35.14,2
PureGlow Soaps International (Fictional Dummy Company),Global Manufacturing Head - PureGlow Soaps,Australia,Australia,Perth,FCT028,Perth Soap Plant,LN0082,Line-1,2026-07-07 11:00:00,2026-07-07,11,Morning,Lavender Bar Soap,1.39,60.0,1.7,No Downtime,58.3,83,72,1,71,2.08,98.61,86.75,97.17,88.85,85.14,6.17,17.39,1
PureGlow Soaps International (Fictional Dummy Company),Global Manufacturing Head - PureGlow Soaps,Australia,Australia,Perth,FCT028,Perth Soap Plant,LN0083,Line-2,2026-07-07 11:00:00,2026-07-07,11,Morning,Aloe Vera Liquid Soap,1.37,60.0,7.7,Changeover/Setup,52.3,82,62,0,62,0.52,100.0,75.61,87.17,86.53,75.43,6.06,19.2,3
PureGlow Soaps International (Fictional Dummy Company),Global Manufacturing Head - PureGlow Soaps,Australia,Australia,Perth,FCT028,Perth Soap Plant,LN0084,Line-3,2026-07-07 11:00:00,2026-07-07,11,Morning,Sandalwood Bar Soap,0.99,60.0,14.1,Power Outage,45.9,59,45,2,43,4.21,95.56,76.27,76.5,99.03,72.39,4.71,28.16,1
PureGlow Soaps International (Fictional Dummy Company),Global Manufacturing Head - PureGlow Soaps,Australia,Australia,Perth,FCT028,Perth Soap Plant,LN0082,Line-1,2026-07-07 12:00:00,2026-07-07,12,Morning,Lavender Bar Soap,1.39,60.0,0.5,No Downtime,59.5,83,67,3,64,4.8,95.52,80.72,99.17,81.01,76.74,6.84,18.09,3
PureGlow Soaps International (Fictional Dummy Company),Global Manufacturing Head - PureGlow Soaps,Australia,Australia,Perth,FCT028,Perth Soap Plant,LN0083,Line-2,2026-07-07 12:00:00,2026-07-07,12,Morning,Aloe Vera Liquid Soap,1.37,60.0,18.2,Machine Breakdown,41.8,82,55,2,53,3.63,96.36,67.07,69.67,96.04,64.48,5.2,18.38,2
PureGlow Soaps International (Fictional Dummy Company),Global Manufacturing Head - PureGlow Soaps,Australia,Australia,Perth,FCT028,Perth Soap Plant,LN0084,Line-3,2026-07-07 12:00:00,2026-07-07,12,Morning,Sandalwood Bar Soap,0.99,60.0,1.9,No Downtime,58.1,59,58,2,56,2.72,96.55,98.31,96.83,100.84,94.27,6.32,36.34,1
PureGlow Soaps International (Fictional Dummy Company),Global Manufacturing Head - PureGlow Soaps,Australia,Australia,Perth,FCT028,Perth Soap Plant,LN0082,Line-1,2026-07-07 13:00:00,2026-07-07,13,Morning,Lavender Bar Soap,1.39,60.0,12.0,Changeover/Setup,48.0,83,59,2,57,2.89,96.61,71.08,80.0,88.43,68.35,6.27,12.68,3
PureGlow Soaps International (Fictional Dummy Company),Global Manufacturing Head - PureGlow Soaps,Australia,Australia,Perth,FCT028,Perth Soap Plant,LN0083,Line-2,2026-07-07 13:00:00,2026-07-07,13,Morning,Aloe Vera Liquid Soap,1.37,60.0,16.4,Changeover/Setup,43.6,82,61,2,59,2.85,96.72,74.39,72.67,102.12,71.78,5.33,16.26,2
PureGlow Soaps International (Fictional Dummy Company),Global Manufacturing Head - PureGlow Soaps,Australia,Australia,Perth,FCT028,Perth Soap Plant,LN0084,Line-3,2026-07-07 13:00:00,2026-07-07,13,Morning,Sandalwood Bar Soap,0.99,60.0,16.0,Staff Shortage,44.0,59,43,2,41,3.67,95.35,72.88,73.33,98.71,69.02,4.08,25.31,1
PureGlow Soaps International (Fictional Dummy Company),Global Manufacturing Head - PureGlow Soaps,Australia,Australia,Perth,FCT028,Perth Soap Plant,LN0082,Line-1,2026-07-07 14:00:00,2026-07-07,14,Afternoon,Lavender Bar Soap,1.39,60.0,15.0,Material Shortage,45.0,83,56,1,55,1.57,98.21,67.47,75.0,89.53,65.95,5.42,13.6,2
PureGlow Soaps International (Fictional Dummy Company),Global Manufacturing Head - PureGlow Soaps,Australia,Australia,Perth,FCT028,Perth Soap Plant,LN0083,Line-2,2026-07-07 14:00:00,2026-07-07,14,Afternoon,Aloe Vera Liquid Soap,1.37,60.0,16.8,Changeover/Setup,43.2,82,60,3,57,5.45,95.0,73.17,72.0,101.38,69.34,6.26,17.93,1
PureGlow Soaps International (Fictional Dummy Company),Global Manufacturing Head - PureGlow Soaps,Australia,Australia,Perth,FCT028,Perth Soap Plant,LN0084,Line-3,2026-07-07 14:00:00,2026-07-07,14,Afternoon,Sandalwood Bar Soap,0.99,60.0,3.1,No Downtime,56.9,59,57,2,55,3.53,96.49,96.61,94.83,101.19,92.59,5.99,34.2,1
PureGlow Soaps International (Fictional Dummy Company),Global Manufacturing Head - PureGlow Soaps,Australia,Australia,Perth,FCT028,Perth Soap Plant,LN0082,Line-1,2026-07-07 15:00:00,2026-07-07,15,Afternoon,Lavender Bar Soap,1.39,60.0,29.8,Machine Breakdown,30.2,83,41,1,40,2.22,97.56,49.4,50.33,97.67,47.96,4.49,8.66,3
PureGlow Soaps International (Fictional Dummy Company),Global Manufacturing Head - PureGlow Soaps,Australia,Australia,Perth,FCT028,Perth Soap Plant,LN0083,Line-2,2026-07-07 15:00:00,2026-07-07,15,Afternoon,Aloe Vera Liquid Soap,1.37,60.0,14.6,Changeover/Setup,45.4,82,58,3,55,5.02,94.83,70.73,75.67,93.25,66.91,5.08,17.13,1
PureGlow Soaps International (Fictional Dummy Company),Global Manufacturing Head - PureGlow Soaps,Australia,Australia,Perth,FCT028,Perth Soap Plant,LN0084,Line-3,2026-07-07 15:00:00,2026-07-07,15,Afternoon,Sandalwood Bar Soap,0.99,60.0,13.6,Changeover/Setup,46.4,59,43,1,42,2.04,97.67,72.88,77.33,93.61,70.7,4.27,27.35,1
PureGlow Soaps International (Fictional Dummy Company),Global Manufacturing Head - PureGlow Soaps,Australia,Australia,Perth,FCT028,Perth Soap Plant,LN0082,Line-1,2026-07-07 16:00:00,2026-07-07,16,Afternoon,Lavender Bar Soap,1.39,60.0,37.0,Preventive Maintenance,23.0,83,32,0,32,1.01,100.0,38.55,38.33,100.09,38.36,3.49,6.13,2
PureGlow Soaps International (Fictional Dummy Company),Global Manufacturing Head - PureGlow Soaps,Australia,Australia,Perth,FCT028,Perth Soap Plant,LN0083,Line-2,2026-07-07 16:00:00,2026-07-07,16,Afternoon,Aloe Vera Liquid Soap,1.37,60.0,3.5,No Downtime,56.5,82,65,2,63,3.41,96.92,79.27,94.17,83.97,76.64,6.1,21.35,3
PureGlow Soaps International (Fictional Dummy Company),Global Manufacturing Head - PureGlow Soaps,Australia,Australia,Perth,FCT028,Perth Soap Plant,LN0084,Line-3,2026-07-07 16:00:00,2026-07-07,16,Afternoon,Sandalwood Bar Soap,0.99,60.0,27.7,Material Shortage,32.3,59,31,1,30,4.55,96.77,52.54,53.83,96.94,50.5,2.73,18.26,3
PureGlow Soaps International (Fictional Dummy Company),Global Manufacturing Head - PureGlow Soaps,Australia,Australia,Perth,FCT028,Perth Soap Plant,LN0082,Line-1,2026-07-07 17:00:00,2026-07-07,17,Afternoon,Lavender Bar Soap,1.39,60.0,24.0,Material Shortage,36.0,83,43,0,43,1.15,100.0,51.81,60.0,85.93,51.56,3.87,9.65,3
PureGlow Soaps International (Fictional Dummy Company),Global Manufacturing Head - PureGlow Soaps,Australia,Australia,Perth,FCT028,Perth Soap Plant,LN0083,Line-2,2026-07-07 17:00:00,2026-07-07,17,Afternoon,Aloe Vera Liquid Soap,1.37,60.0,0.8,No Downtime,59.2,82,74,2,72,2.43,97.3,90.24,98.67,91.24,87.6,7.86,25.91,2
PureGlow Soaps International (Fictional Dummy Company),Global Manufacturing Head - PureGlow Soaps,Australia,Australia,Perth,FCT028,Perth Soap Plant,LN0084,Line-3,2026-07-07 17:00:00,2026-07-07,17,Afternoon,Sandalwood Bar Soap,0.99,60.0,14.4,Machine Breakdown,45.6,59,44,2,42,4.39,95.45,74.58,76.0,97.47,70.71,4.11,27.21,2
PureGlow Soaps International (Fictional Dummy Company),Global Manufacturing Head - PureGlow Soaps,Australia,Australia,Perth,FCT028,Perth Soap Plant,LN0082,Line-1,2026-07-07 18:00:00,2026-07-07,18,Afternoon,Lavender Bar Soap,1.39,60.0,19.0,Quality Hold,41.0,83,54,3,51,5.68,94.44,65.06,68.33,94.75,61.14,5.06,11.22,2
PureGlow Soaps International (Fictional Dummy Company),Global Manufacturing Head - PureGlow Soaps,Australia,Australia,Perth,FCT028,Perth Soap Plant,LN0083,Line-2,2026-07-07 18:00:00,2026-07-07,18,Afternoon,Aloe Vera Liquid Soap,1.37,60.0,7.5,Changeover/Setup,52.5,82,59,3,56,4.57,94.92,71.95,87.5,82.03,68.13,6.3,21.77,3
PureGlow Soaps International (Fictional Dummy Company),Global Manufacturing Head - PureGlow Soaps,Australia,Australia,Perth,FCT028,Perth Soap Plant,LN0084,Line-3,2026-07-07 18:00:00,2026-07-07,18,Afternoon,Sandalwood Bar Soap,0.99,60.0,12.0,Material Shortage,48.0,59,45,1,44,2.76,97.78,76.27,80.0,94.7,74.08,4.93,30.47,2
PureGlow Soaps International (Fictional Dummy Company),Global Manufacturing Head - PureGlow Soaps,Australia,Australia,Perth,FCT028,Perth Soap Plant,LN0082,Line-1,2026-07-07 19:00:00,2026-07-07,19,Afternoon,Lavender Bar Soap,1.39,60.0,22.0,Preventive Maintenance,38.0,83,46,1,45,2.95,97.83,55.42,63.33,87.09,53.96,3.94,9.89,3
PureGlow Soaps International (Fictional Dummy Company),Global Manufacturing Head - PureGlow Soaps,Australia,Australia,Perth,FCT028,Perth Soap Plant,LN0083,Line-2,2026-07-07 19:00:00,2026-07-07,19,Afternoon,Aloe Vera Liquid Soap,1.37,60.0,29.3,Machine Breakdown,30.7,82,37,1,36,2.54,97.3,45.12,51.17,87.97,43.8,3.7,13.56,3
PureGlow Soaps International (Fictional Dummy Company),Global Manufacturing Head - PureGlow Soaps,Australia,Australia,Perth,FCT028,Perth Soap Plant,LN0084,Line-3,2026-07-07 19:00:00,2026-07-07,19,Afternoon,Sandalwood Bar Soap,0.99,60.0,23.9,Machine Breakdown,36.1,59,34,2,32,4.43,94.12,57.63,60.17,95.13,53.87,3.63,21.45,3
PureGlow Soaps International (Fictional Dummy Company),Global Manufacturing Head - PureGlow Soaps,Australia,Australia,Perth,FCT028,Perth Soap Plant,LN0082,Line-1,2026-07-07 20:00:00,2026-07-07,20,Afternoon,Lavender Bar Soap,1.39,60.0,21.1,Machine Breakdown,38.9,83,52,2,50,4.45,96.15,62.65,64.83,96.17,59.95,5.0,11.77,3
PureGlow Soaps International (Fictional Dummy Company),Global Manufacturing Head - PureGlow Soaps,Australia,Australia,Perth,FCT028,Perth Soap Plant,LN0083,Line-2,2026-07-07 20:00:00,2026-07-07,20,Afternoon,Aloe Vera Liquid Soap,1.37,60.0,0.0,No Downtime,60.0,82,77,2,75,3.05,97.4,93.9,100.0,93.67,91.23,8.39,26.18,2
PureGlow Soaps International (Fictional Dummy Company),Global Manufacturing Head - PureGlow Soaps,Australia,Australia,Perth,FCT028,Perth Soap Plant,LN0084,Line-3,2026-07-07 20:00:00,2026-07-07,20,Afternoon,Sandalwood Bar Soap,0.99,60.0,14.8,Changeover/Setup,45.2,59,36,2,34,4.27,94.44,61.02,75.33,80.45,57.23,3.08,29.05,2
PureGlow Soaps International (Fictional Dummy Company),Global Manufacturing Head - PureGlow Soaps,Australia,Australia,Perth,FCT028,Perth Soap Plant,LN0082,Line-1,2026-07-07 21:00:00,2026-07-07,21,Afternoon,Lavender Bar Soap,1.39,60.0,25.0,Material Shortage,35.0,83,48,1,47,2.89,97.92,57.83,58.33,98.66,56.35,4.44,8.87,2
PureGlow Soaps International (Fictional Dummy Company),Global Manufacturing Head - PureGlow Soaps,Australia,Australia,Perth,FCT028,Perth Soap Plant,LN0083,Line-2,2026-07-07 21:00:00,2026-07-07,21,Afternoon,Aloe Vera Liquid Soap,1.37,60.0,26.7,Machine Breakdown,33.3,82,39,1,38,3.66,97.44,47.56,55.5,85.49,46.23,3.89,14.58,1
PureGlow Soaps International (Fictional Dummy Company),Global Manufacturing Head - PureGlow Soaps,Australia,Australia,Perth,FCT028,Perth Soap Plant,LN0084,Line-3,2026-07-07 21:00:00,2026-07-07,21,Afternoon,Sandalwood Bar Soap,0.99,60.0,3.3,No Downtime,56.7,59,57,2,55,4.05,96.49,96.61,94.5,101.54,92.59,5.72,32.11,2
PureGlow Soaps International (Fictional Dummy Company),Global Manufacturing Head - PureGlow Soaps,Australia,Australia,Perth,FCT028,Perth Soap Plant,LN0082,Line-1,2026-07-07 22:00:00,2026-07-07,22,Night,Lavender Bar Soap,1.39,60.0,2.8,No Downtime,57.2,83,82,2,80,1.99,97.56,98.8,95.33,103.13,95.91,8.17,15.68,2
PureGlow Soaps International (Fictional Dummy Company),Global Manufacturing Head - PureGlow Soaps,Australia,Australia,Perth,FCT028,Perth Soap Plant,LN0083,Line-2,2026-07-07 22:00:00,2026-07-07,22,Night,Aloe Vera Liquid Soap,1.37,60.0,1.5,No Downtime,58.5,82,66,2,64,3.6,96.97,80.49,97.5,82.35,77.86,6.24,24.88,3
PureGlow Soaps International (Fictional Dummy Company),Global Manufacturing Head - PureGlow Soaps,Australia,Australia,Perth,FCT028,Perth Soap Plant,LN0084,Line-3,2026-07-07 22:00:00,2026-07-07,22,Night,Sandalwood Bar Soap,0.99,60.0,19.4,Changeover/Setup,40.6,59,41,0,41,1.1,100.0,69.49,67.67,102.01,69.03,4.04,25.89,1
PureGlow Soaps International (Fictional Dummy Company),Global Manufacturing Head - PureGlow Soaps,Australia,Australia,Perth,FCT028,Perth Soap Plant,LN0082,Line-1,2026-07-07 23:00:00,2026-07-07,23,Night,Lavender Bar Soap,1.39,60.0,0.1,No Downtime,59.9,83,73,3,70,4.18,95.89,87.95,99.83,87.68,83.93,7.88,17.76,1
PureGlow Soaps International (Fictional Dummy Company),Global Manufacturing Head - PureGlow Soaps,Australia,Australia,Perth,FCT028,Perth Soap Plant,LN0083,Line-2,2026-07-07 23:00:00,2026-07-07,23,Night,Aloe Vera Liquid Soap,1.37,60.0,0.8,No Downtime,59.2,82,75,1,74,1.78,98.67,91.46,98.67,92.47,90.03,6.86,24.3,2
PureGlow Soaps International (Fictional Dummy Company),Global Manufacturing Head - PureGlow Soaps,Australia,Australia,Perth,FCT028,Perth Soap Plant,LN0084,Line-3,2026-07-07 23:00:00,2026-07-07,23,Night,Sandalwood Bar Soap,0.99,60.0,13.8,Machine Breakdown,46.2,59,45,1,44,1.28,97.78,76.27,77.0,98.39,74.08,4.03,30.22,2
PureGlow Soaps International (Fictional Dummy Company),Global Manufacturing Head - PureGlow Soaps,Australia,Australia,Perth,FCT028,Perth Soap Plant,LN0082,Line-1,2026-07-08 00:00:00,2026-07-08,0,Night,Lavender Bar Soap,1.39,60.0,0.4,No Downtime,59.6,83,84,2,82,2.96,97.62,101.2,99.33,101.4,98.32,7.92,15.89,2
PureGlow Soaps International (Fictional Dummy Company),Global Manufacturing Head - PureGlow Soaps,Australia,Australia,Perth,FCT028,Perth Soap Plant,LN0083,Line-2,2026-07-08 00:00:00,2026-07-08,0,Night,Neem Bar Soap,1.37,60.0,15.6,Quality Hold,44.4,82,53,3,50,6.39,94.34,64.63,74.0,87.13,60.83,5.37,18.78,3
PureGlow Soaps International (Fictional Dummy Company),Global Manufacturing Head - PureGlow Soaps,Australia,Australia,Perth,FCT028,Perth Soap Plant,LN0084,Line-3,2026-07-08 00:00:00,2026-07-08,0,Night,Neem Bar Soap,0.99,60.0,34.3,Preventive Maintenance,25.7,59,21,1,20,3.01,95.24,35.59,42.83,82.54,33.67,1.82,16.69,2
PureGlow Soaps International (Fictional Dummy Company),Global Manufacturing Head - PureGlow Soaps,Australia,Australia,Perth,FCT028,Perth Soap Plant,LN0082,Line-1,2026-07-08 01:00:00,2026-07-08,1,Night,Lavender Bar Soap,1.39,60.0,14.9,Material Shortage,45.1,83,61,2,59,2.97,96.72,73.49,75.17,97.31,70.75,6.7,11.86,3
PureGlow Soaps International (Fictional Dummy Company),Global Manufacturing Head - PureGlow Soaps,Australia,Australia,Perth,FCT028,Perth Soap Plant,LN0083,Line-2,2026-07-08 01:00:00,2026-07-08,1,Night,Neem Bar Soap,1.37,60.0,31.2,Material Shortage,28.8,82,40,2,38,4.3,95.0,48.78,48.0,101.38,46.23,3.61,11.43,1
PureGlow Soaps International (Fictional Dummy Company),Global Manufacturing Head - PureGlow Soaps,Australia,Australia,Perth,FCT028,Perth Soap Plant,LN0084,Line-3,2026-07-08 01:00:00,2026-07-08,1,Night,Neem Bar Soap,0.99,60.0,1.1,No Downtime,58.9,59,59,2,57,3.02,96.61,100.0,98.17,101.18,95.96,5.75,34.16,2
PureGlow Soaps International (Fictional Dummy Company),Global Manufacturing Head - PureGlow Soaps,Australia,Australia,Perth,FCT028,Perth Soap Plant,LN0082,Line-1,2026-07-08 02:00:00,2026-07-08,2,Night,Lavender Bar Soap,1.39,60.0,19.6,Machine Breakdown,40.4,83,47,2,45,3.95,95.74,56.63,67.33,83.7,53.95,4.42,11.98,3
PureGlow Soaps International (Fictional Dummy Company),Global Manufacturing Head - PureGlow Soaps,Australia,Australia,Perth,FCT028,Perth Soap Plant,LN0083,Line-2,2026-07-08 02:00:00,2026-07-08,2,Night,Neem Bar Soap,1.37,60.0,9.4,Staff Shortage,50.6,82,65,2,63,2.94,96.92,79.27,84.33,93.77,76.64,5.88,20.69,3
PureGlow Soaps International (Fictional Dummy Company),Global Manufacturing Head - PureGlow Soaps,Australia,Australia,Perth,FCT028,Perth Soap Plant,LN0084,Line-3,2026-07-08 02:00:00,2026-07-08,2,Night,Neem Bar Soap,0.99,60.0,28.9,Machine Breakdown,31.1,59,30,1,29,3.8,96.67,50.85,51.83,97.44,48.82,2.79,17.68,1
PureGlow Soaps International (Fictional Dummy Company),Global Manufacturing Head - PureGlow Soaps,Australia,Australia,Perth,FCT028,Perth Soap Plant,LN0082,Line-1,2026-07-08 03:00:00,2026-07-08,3,Night,Lavender Bar Soap,1.39,60.0,26.3,Machine Breakdown,33.7,83,41,2,39,3.85,95.12,49.4,56.17,87.53,46.77,4.29,9.69,2
PureGlow Soaps International (Fictional Dummy Company),Global Manufacturing Head - PureGlow Soaps,Australia,Australia,Perth,FCT028,Perth Soap Plant,LN0083,Line-2,2026-07-08 03:00:00,2026-07-08,3,Night,Neem Bar Soap,1.37,60.0,26.9,Material Shortage,33.1,82,41,1,40,1.68,97.56,50.0,55.17,90.41,48.66,3.65,14.1,2
PureGlow Soaps International (Fictional Dummy Company),Global Manufacturing Head - PureGlow Soaps,Australia,Australia,Perth,FCT028,Perth Soap Plant,LN0084,Line-3,2026-07-08 03:00:00,2026-07-08,3,Night,Neem Bar Soap,0.99,60.0,17.1,Preventive Maintenance,42.9,59,42,1,41,1.99,97.62,71.19,71.5,98.89,69.02,4.13,24.39,2
PureGlow Soaps International (Fictional Dummy Company),Global Manufacturing Head - PureGlow Soaps,Australia,Australia,Perth,FCT028,Perth Soap Plant,LN0082,Line-1,2026-07-08 04:00:00,2026-07-08,4,Night,Lavender Bar Soap,1.39,60.0,17.9,Material Shortage,42.1,83,50,2,48,3.8,96.0,60.24,70.17,85.44,57.56,4.88,11.43,2
PureGlow Soaps International (Fictional Dummy Company),Global Manufacturing Head - PureGlow Soaps,Australia,Australia,Perth,FCT028,Perth Soap Plant,LN0083,Line-2,2026-07-08 04:00:00,2026-07-08,4,Night,Neem Bar Soap,1.37,60.0,15.9,Changeover/Setup,44.1,82,52,1,51,2.21,98.08,63.41,73.5,86.07,62.05,5.32,19.02,1
PureGlow Soaps International (Fictional Dummy Company),Global Manufacturing Head - PureGlow Soaps,Australia,Australia,Perth,FCT028,Perth Soap Plant,LN0084,Line-3,2026-07-08 04:00:00,2026-07-08,4,Night,Neem Bar Soap,0.99,60.0,19.9,Machine Breakdown,40.1,59,33,2,31,5.57,93.94,55.93,66.83,83.13,52.19,3.03,25.65,1
PureGlow Soaps International (Fictional Dummy Company),Global Manufacturing Head - PureGlow Soaps,Australia,Australia,Perth,FCT028,Perth Soap Plant,LN0082,Line-1,2026-07-08 05:00:00,2026-07-08,5,Night,Lavender Bar Soap,1.39,60.0,8.8,Staff Shortage,51.2,83,71,1,70,1.46,98.59,85.54,85.33,99.76,83.92,6.69,14.1,2
PureGlow Soaps International (Fictional Dummy Company),Global Manufacturing Head - PureGlow Soaps,Australia,Australia,Perth,FCT028,Perth Soap Plant,LN0083,Line-2,2026-07-08 05:00:00,2026-07-08,5,Night,Neem Bar Soap,1.37,60.0,2.0,No Downtime,58.0,82,79,4,75,4.67,94.94,96.34,96.67,99.42,91.25,7.38,23.75,3
PureGlow Soaps International (Fictional Dummy Company),Global Manufacturing Head - PureGlow Soaps,Australia,Australia,Perth,FCT028,Perth Soap Plant,LN0084,Line-3,2026-07-08 05:00:00,2026-07-08,5,Night,Neem Bar Soap,0.99,60.0,3.2,No Downtime,56.8,59,57,1,56,1.6,98.25,96.61,94.67,101.37,94.29,5.89,38.89,2
PureGlow Soaps International (Fictional Dummy Company),Global Manufacturing Head - PureGlow Soaps,Australia,Australia,Perth,FCT028,Perth Soap Plant,LN0082,Line-1,2026-07-08 06:00:00,2026-07-08,6,Morning,Lavender Bar Soap,1.39,60.0,17.2,Changeover/Setup,42.8,83,57,1,56,2.31,98.25,68.67,71.33,95.81,67.15,5.57,11.04,3
PureGlow Soaps International (Fictional Dummy Company),Global Manufacturing Head - PureGlow Soaps,Australia,Australia,Perth,FCT028,Perth Soap Plant,LN0083,Line-2,2026-07-08 06:00:00,2026-07-08,6,Morning,Neem Bar Soap,1.37,60.0,2.1,No Downtime,57.9,82,78,1,77,0.86,98.72,95.12,96.5,98.33,93.67,7.02,21.7,2
PureGlow Soaps International (Fictional Dummy Company),Global Manufacturing Head - PureGlow Soaps,Australia,Australia,Perth,FCT028,Perth Soap Plant,LN0084,Line-3,2026-07-08 06:00:00,2026-07-08,6,Morning,Neem Bar Soap,0.99,60.0,14.8,Power Outage,45.2,59,38,1,37,2.69,97.37,64.41,75.33,84.92,62.29,3.47,27.98,3
PureGlow Soaps International (Fictional Dummy Company),Global Manufacturing Head - PureGlow Soaps,Australia,Australia,Perth,FCT028,Perth Soap Plant,LN0082,Line-1,2026-07-08 07:00:00,2026-07-08,7,Morning,Lavender Bar Soap,1.39,60.0,22.7,Machine Breakdown,37.3,83,48,1,47,2.74,97.92,57.83,62.17,92.58,56.36,4.48,9.46,1
PureGlow Soaps International (Fictional Dummy Company),Global Manufacturing Head - PureGlow Soaps,Australia,Australia,Perth,FCT028,Perth Soap Plant,LN0083,Line-2,2026-07-08 07:00:00,2026-07-08,7,Morning,Neem Bar Soap,1.37,60.0,13.8,Quality Hold,46.2,82,53,4,49,7.29,92.45,64.63,77.0,83.74,59.61,5.22,20.39,2
PureGlow Soaps International (Fictional Dummy Company),Global Manufacturing Head - PureGlow Soaps,Australia,Australia,Perth,FCT028,Perth Soap Plant,LN0084,Line-3,2026-07-08 07:00:00,2026-07-08,7,Morning,Neem Bar Soap,0.99,60.0,24.0,Power Outage,36.0,59,35,2,33,4.41,94.29,59.32,60.0,98.2,55.56,3.4,23.78,3
PureGlow Soaps International (Fictional Dummy Company),Global Manufacturing Head - PureGlow Soaps,Australia,Australia,Perth,FCT028,Perth Soap Plant,LN0082,Line-1,2026-07-08 08:00:00,2026-07-08,8,Morning,Lavender Bar Soap,1.39,60.0,13.9,Changeover/Setup,46.1,83,65,2,63,3.4,96.92,78.31,76.83,101.44,75.54,6.37,13.77,2
PureGlow Soaps International (Fictional Dummy Company),Global Manufacturing Head - PureGlow Soaps,Australia,Australia,Perth,FCT028,Perth Soap Plant,LN0083,Line-2,2026-07-08 08:00:00,2026-07-08,8,Morning,Neem Bar Soap,1.37,60.0,3.3,No Downtime,56.7,82,78,3,75,4.07,96.15,95.12,94.5,100.41,91.23,7.64,22.98,1
PureGlow Soaps International (Fictional Dummy Company),Global Manufacturing Head - PureGlow Soaps,Australia,Australia,Perth,FCT028,Perth Soap Plant,LN0084,Line-3,2026-07-08 08:00:00,2026-07-08,8,Morning,Neem Bar Soap,0.99,60.0,1.6,No Downtime,58.4,59,51,1,50,2.13,98.04,86.44,97.33,88.21,84.17,4.86,34.21,2
PureGlow Soaps International (Fictional Dummy Company),Global Manufacturing Head - PureGlow Soaps,Australia,Australia,Perth,FCT028,Perth Soap Plant,LN0082,Line-1,2026-07-08 09:00:00,2026-07-08,9,Morning,Lavender Bar Soap,1.39,60.0,3.2,No Downtime,56.8,83,70,2,68,3.2,97.14,84.34,94.67,88.66,81.53,6.98,16.91,1
PureGlow Soaps International (Fictional Dummy Company),Global Manufacturing Head - PureGlow Soaps,Australia,Australia,Perth,FCT028,Perth Soap Plant,LN0083,Line-2,2026-07-08 09:00:00,2026-07-08,9,Morning,Neem Bar Soap,1.37,60.0,7.7,Changeover/Setup,52.3,82,70,0,70,0.0,100.0,85.37,87.17,97.7,85.17,7.25,22.62,3
PureGlow Soaps International (Fictional Dummy Company),Global Manufacturing Head - PureGlow Soaps,Australia,Australia,Perth,FCT028,Perth Soap Plant,LN0084,Line-3,2026-07-08 09:00:00,2026-07-08,9,Morning,Neem Bar Soap,0.99,60.0,20.7,Preventive Maintenance,39.3,59,40,2,38,4.31,95.0,67.8,65.5,102.81,63.97,4.37,25.05,2
PureGlow Soaps International (Fictional Dummy Company),Global Manufacturing Head - PureGlow Soaps,Australia,Australia,Perth,FCT028,Perth Soap Plant,LN0082,Line-1,2026-07-08 10:00:00,2026-07-08,10,Morning,Lavender Bar Soap,1.39,60.0,34.3,Preventive Maintenance,25.7,83,34,2,32,5.33,94.12,40.96,42.83,95.18,38.37,3.44,7.67,3
PureGlow Soaps International (Fictional Dummy Company),Global Manufacturing Head - PureGlow Soaps,Australia,Australia,Perth,FCT028,Perth Soap Plant,LN0083,Line-2,2026-07-08 10:00:00,2026-07-08,10,Morning,Neem Bar Soap,1.37,60.0,2.9,No Downtime,57.1,82,63,2,61,3.86,96.83,76.83,95.17,80.53,74.21,6.45,23.5,1
PureGlow Soaps International (Fictional Dummy Company),Global Manufacturing Head - PureGlow Soaps,Australia,Australia,Perth,FCT028,Perth Soap Plant,LN0084,Line-3,2026-07-08 10:00:00,2026-07-08,10,Morning,Neem Bar Soap,0.99,60.0,12.8,Material Shortage,47.2,59,47,2,45,3.52,95.74,79.66,78.67,100.58,75.76,4.17,28.33,3
PureGlow Soaps International (Fictional Dummy Company),Global Manufacturing Head - PureGlow Soaps,Australia,Australia,Perth,FCT028,Perth Soap Plant,LN0082,Line-1,2026-07-08 11:00:00,2026-07-08,11,Morning,Lavender Bar Soap,1.39,60.0,13.5,Machine Breakdown,46.5,83,57,2,55,4.36,96.49,68.67,77.5,88.19,65.95,5.75,12.68,3
PureGlow Soaps International (Fictional Dummy Company),Global Manufacturing Head - PureGlow Soaps,Australia,Australia,Perth,FCT028,Perth Soap Plant,LN0083,Line-2,2026-07-08 11:00:00,2026-07-08,11,Morning,Neem Bar Soap,1.37,60.0,0.3,No Downtime,59.7,82,73,3,70,4.3,95.89,89.02,99.5,89.25,85.15,6.85,24.25,1
PureGlow Soaps International (Fictional Dummy Company),Global Manufacturing Head - PureGlow Soaps,Australia,Australia,Perth,FCT028,Perth Soap Plant,LN0084,Line-3,2026-07-08 11:00:00,2026-07-08,11,Morning,Neem Bar Soap,0.99,60.0,31.9,Material Shortage,28.1,59,25,1,24,3.67,96.0,42.37,46.83,89.87,40.4,2.72,17.21,1
PureGlow Soaps International (Fictional Dummy Company),Global Manufacturing Head - PureGlow Soaps,Australia,Australia,Perth,FCT028,Perth Soap Plant,LN0082,Line-1,2026-07-08 12:00:00,2026-07-08,12,Morning,Lavender Bar Soap,1.39,60.0,3.6,No Downtime,56.4,83,68,4,64,6.48,94.12,81.93,94.0,86.74,76.74,7.02,16.7,1
PureGlow Soaps International (Fictional Dummy Company),Global Manufacturing Head - PureGlow Soaps,Australia,Australia,Perth,FCT028,Perth Soap Plant,LN0083,Line-2,2026-07-08 12:00:00,2026-07-08,12,Morning,Neem Bar Soap,1.37,60.0,0.1,No Downtime,59.9,82,69,2,67,2.44,97.1,84.15,99.83,84.08,81.5,6.9,25.1,2
PureGlow Soaps International (Fictional Dummy Company),Global Manufacturing Head - PureGlow Soaps,Australia,Australia,Perth,FCT028,Perth Soap Plant,LN0084,Line-3,2026-07-08 12:00:00,2026-07-08,12,Morning,Neem Bar Soap,0.99,60.0,1.7,No Downtime,58.3,59,48,1,47,1.06,97.92,81.36,97.17,83.16,79.13,4.66,39.1,3
PureGlow Soaps International (Fictional Dummy Company),Global Manufacturing Head - PureGlow Soaps,Australia,Australia,Perth,FCT028,Perth Soap Plant,LN0082,Line-1,2026-07-08 13:00:00,2026-07-08,13,Morning,Lavender Bar Soap,1.39,60.0,1.1,No Downtime,58.9,83,71,2,69,2.93,97.18,85.54,98.17,86.72,82.73,6.97,17.61,1
PureGlow Soaps International (Fictional Dummy Company),Global Manufacturing Head - PureGlow Soaps,Australia,Australia,Perth,FCT028,Perth Soap Plant,LN0083,Line-2,2026-07-08 13:00:00,2026-07-08,13,Morning,Neem Bar Soap,1.37,60.0,1.4,No Downtime,58.6,82,72,3,69,3.93,95.83,87.8,97.67,89.68,83.94,7.77,22.97,3
PureGlow Soaps International (Fictional Dummy Company),Global Manufacturing Head - PureGlow Soaps,Australia,Australia,Perth,FCT028,Perth Soap Plant,LN0084,Line-3,2026-07-08 13:00:00,2026-07-08,13,Morning,Neem Bar Soap,0.99,60.0,36.5,Machine Breakdown,23.5,59,20,1,19,3.13,95.0,33.9,39.17,85.97,31.99,2.06,14.05,1
PureGlow Soaps International (Fictional Dummy Company),Global Manufacturing Head - PureGlow Soaps,Australia,Australia,Perth,FCT028,Perth Soap Plant,LN0082,Line-1,2026-07-08 14:00:00,2026-07-08,14,Afternoon,Lavender Bar Soap,1.39,60.0,15.8,Changeover/Setup,44.2,83,62,2,60,2.42,96.77,74.7,73.67,100.91,71.94,6.45,12.78,3
PureGlow Soaps International (Fictional Dummy Company),Global Manufacturing Head - PureGlow Soaps,Australia,Australia,Perth,FCT028,Perth Soap Plant,LN0083,Line-2,2026-07-08 14:00:00,2026-07-08,14,Afternoon,Neem Bar Soap,1.37,60.0,3.2,No Downtime,56.8,82,69,3,66,3.87,95.65,84.15,94.67,88.67,80.29,7.11,24.89,1
PureGlow Soaps International (Fictional Dummy Company),Global Manufacturing Head - PureGlow Soaps,Australia,Australia,Perth,FCT028,Perth Soap Plant,LN0084,Line-3,2026-07-08 14:00:00,2026-07-08,14,Afternoon,Neem Bar Soap,0.99,60.0,24.7,Staff Shortage,35.3,59,32,1,31,3.87,96.88,54.24,58.83,91.57,52.19,3.23,23.88,3
PureGlow Soaps International (Fictional Dummy Company),Global Manufacturing Head - PureGlow Soaps,Australia,Australia,Perth,FCT028,Perth Soap Plant,LN0082,Line-1,2026-07-08 15:00:00,2026-07-08,15,Afternoon,Lavender Bar Soap,1.39,60.0,1.2,No Downtime,58.8,83,75,2,73,3.13,97.33,90.36,98.0,91.76,87.52,7.4,17.5,2
PureGlow Soaps International (Fictional Dummy Company),Global Manufacturing Head - PureGlow Soaps,Australia,Australia,Perth,FCT028,Perth Soap Plant,LN0083,Line-2,2026-07-08 15:00:00,2026-07-08,15,Afternoon,Neem Bar Soap,1.37,60.0,11.8,Changeover/Setup,48.2,82,57,0,57,0.55,100.0,69.51,80.33,86.32,69.34,5.94,18.92,2
PureGlow Soaps International (Fictional Dummy Company),Global Manufacturing Head - PureGlow Soaps,Australia,Australia,Perth,FCT028,Perth Soap Plant,LN0084,Line-3,2026-07-08 15:00:00,2026-07-08,15,Afternoon,Neem Bar Soap,0.99,60.0,3.4,No Downtime,56.6,59,51,1,50,2.13,98.04,86.44,94.33,91.02,84.18,5.52,37.24,2
PureGlow Soaps International (Fictional Dummy Company),Global Manufacturing Head - PureGlow Soaps,Australia,Australia,Perth,FCT028,Perth Soap Plant,LN0082,Line-1,2026-07-08 16:00:00,2026-07-08,16,Afternoon,Lavender Bar Soap,1.39,60.0,8.8,Changeover/Setup,51.2,83,61,2,59,3.44,96.72,73.49,85.33,85.71,70.74,5.77,14.37,3
PureGlow Soaps International (Fictional Dummy Company),Global Manufacturing Head - PureGlow Soaps,Australia,Australia,Perth,FCT028,Perth Soap Plant,LN0083,Line-2,2026-07-08 16:00:00,2026-07-08,16,Afternoon,Neem Bar Soap,1.37,60.0,11.1,Material Shortage,48.9,82,62,2,60,3.09,96.77,75.61,81.5,92.55,72.99,5.71,19.83,3
PureGlow Soaps International (Fictional Dummy Company),Global Manufacturing Head - PureGlow Soaps,Australia,Australia,Perth,FCT028,Perth Soap Plant,LN0084,Line-3,2026-07-08 16:00:00,2026-07-08,16,Afternoon,Neem Bar Soap,0.99,60.0,12.4,Quality Hold,47.6,59,41,4,37,9.12,90.24,69.49,79.33,87.0,62.28,3.61,32.22,1
PureGlow Soaps International (Fictional Dummy Company),Global Manufacturing Head - PureGlow Soaps,Australia,Australia,Perth,FCT028,Perth Soap Plant,LN0082,Line-1,2026-07-08 17:00:00,2026-07-08,17,Afternoon,Lavender Bar Soap,1.39,60.0,0.2,No Downtime,59.8,83,68,2,66,2.77,97.06,81.93,99.67,81.81,79.14,6.86,16.66,2
PureGlow Soaps International (Fictional Dummy Company),Global Manufacturing Head - PureGlow Soaps,Australia,Australia,Perth,FCT028,Perth Soap Plant,LN0083,Line-2,2026-07-08 17:00:00,2026-07-08,17,Afternoon,Neem Bar Soap,1.37,60.0,42.3,Machine Breakdown,17.7,82,25,1,24,3.7,96.0,30.49,29.5,103.1,29.2,2.24,7.74,1
PureGlow Soaps International (Fictional Dummy Company),Global Manufacturing Head - PureGlow Soaps,Australia,Australia,Perth,FCT028,Perth Soap Plant,LN0084,Line-3,2026-07-08 17:00:00,2026-07-08,17,Afternoon,Neem Bar Soap,0.99,60.0,2.2,No Downtime,57.8,59,49,3,46,5.24,93.88,83.05,96.33,85.63,77.44,5.21,36.65,1
PureGlow Soaps International (Fictional Dummy Company),Global Manufacturing Head - PureGlow Soaps,Australia,Australia,Perth,FCT028,Perth Soap Plant,LN0082,Line-1,2026-07-08 18:00:00,2026-07-08,18,Afternoon,Lavender Bar Soap,1.39,60.0,22.5,Machine Breakdown,37.5,83,43,1,42,1.61,97.67,51.81,62.5,82.49,50.35,4.12,9.95,3
PureGlow Soaps International (Fictional Dummy Company),Global Manufacturing Head - PureGlow Soaps,Australia,Australia,Perth,FCT028,Perth Soap Plant,LN0083,Line-2,2026-07-08 18:00:00,2026-07-08,18,Afternoon,Neem Bar Soap,1.37,60.0,2.5,No Downtime,57.5,82,69,2,67,3.22,97.1,84.15,95.83,87.59,81.5,6.58,25.26,1
PureGlow Soaps International (Fictional Dummy Company),Global Manufacturing Head - PureGlow Soaps,Australia,Australia,Perth,FCT028,Perth Soap Plant,LN0084,Line-3,2026-07-08 18:00:00,2026-07-08,18,Afternoon,Neem Bar Soap,0.99,60.0,14.2,Machine Breakdown,45.8,59,45,1,44,1.55,97.78,76.27,76.33,99.25,74.08,3.83,27.47,3
PureGlow Soaps International (Fictional Dummy Company),Global Manufacturing Head - PureGlow Soaps,Australia,Australia,Perth,FCT028,Perth Soap Plant,LN0082,Line-1,2026-07-08 19:00:00,2026-07-08,19,Afternoon,Lavender Bar Soap,1.39,60.0,0.8,No Downtime,59.2,83,84,1,83,1.12,98.81,101.2,98.67,102.08,99.52,7.56,17.03,1
PureGlow Soaps International (Fictional Dummy Company),Global Manufacturing Head - PureGlow Soaps,Australia,Australia,Perth,FCT028,Perth Soap Plant,LN0083,Line-2,2026-07-08 19:00:00,2026-07-08,19,Afternoon,Neem Bar Soap,1.37,60.0,16.9,Changeover/Setup,43.1,82,55,2,53,3.87,96.36,67.07,71.83,93.15,64.47,5.68,18.34,2
PureGlow Soaps International (Fictional Dummy Company),Global Manufacturing Head - PureGlow Soaps,Australia,Australia,Perth,FCT028,Perth Soap Plant,LN0084,Line-3,2026-07-08 19:00:00,2026-07-08,19,Afternoon,Neem Bar Soap,0.99,60.0,45.0,Machine Breakdown,15.0,59,14,0,14,1.56,100.0,23.73,25.0,94.28,23.57,1.44,9.73,1
PureGlow Soaps International (Fictional Dummy Company),Global Manufacturing Head - PureGlow Soaps,Australia,Australia,Perth,FCT028,Perth Soap Plant,LN0082,Line-1,2026-07-08 20:00:00,2026-07-08,20,Afternoon,Lavender Bar Soap,1.39,60.0,5.9,Power Outage,54.1,83,70,1,69,1.1,98.57,84.34,90.17,93.09,82.74,7.1,15.8,3
PureGlow Soaps International (Fictional Dummy Company),Global Manufacturing Head - PureGlow Soaps,Australia,Australia,Perth,FCT028,Perth Soap Plant,LN0083,Line-2,2026-07-08 20:00:00,2026-07-08,20,Afternoon,Neem Bar Soap,1.37,60.0,17.1,Power Outage,42.9,82,52,2,50,3.21,96.15,63.41,71.5,88.48,60.83,5.18,18.46,2
PureGlow Soaps International (Fictional Dummy Company),Global Manufacturing Head - PureGlow Soaps,Australia,Australia,Perth,FCT028,Perth Soap Plant,LN0084,Line-3,2026-07-08 20:00:00,2026-07-08,20,Afternoon,Neem Bar Soap,0.99,60.0,2.3,No Downtime,57.7,59,53,2,51,3.61,96.23,89.83,96.17,92.78,85.86,5.34,34.33,3
PureGlow Soaps International (Fictional Dummy Company),Global Manufacturing Head - PureGlow Soaps,Australia,Australia,Perth,FCT028,Perth Soap Plant,LN0082,Line-1,2026-07-08 21:00:00,2026-07-08,21,Afternoon,Lavender Bar Soap,1.39,60.0,18.5,Changeover/Setup,41.5,83,51,2,49,3.36,96.08,61.45,69.17,88.41,58.76,5.34,11.14,1
PureGlow Soaps International (Fictional Dummy Company),Global Manufacturing Head - PureGlow Soaps,Australia,Australia,Perth,FCT028,Perth Soap Plant,LN0083,Line-2,2026-07-08 21:00:00,2026-07-08,21,Afternoon,Neem Bar Soap,1.37,60.0,3.5,No Downtime,56.5,82,72,4,68,5.13,94.44,87.8,94.17,93.02,82.73,7.76,20.88,1
PureGlow Soaps International (Fictional Dummy Company),Global Manufacturing Head - PureGlow Soaps,Australia,Australia,Perth,FCT028,Perth Soap Plant,LN0084,Line-3,2026-07-08 21:00:00,2026-07-08,21,Afternoon,Neem Bar Soap,0.99,60.0,1.3,No Downtime,58.7,59,50,2,48,3.09,96.0,84.75,97.83,86.04,80.81,5.33,35.66,2
PureGlow Soaps International (Fictional Dummy Company),Global Manufacturing Head - PureGlow Soaps,Australia,Australia,Perth,FCT028,Perth Soap Plant,LN0082,Line-1,2026-07-08 22:00:00,2026-07-08,22,Night,Lavender Bar Soap,1.39,60.0,6.4,Quality Hold,53.6,83,61,7,54,11.16,88.52,73.49,89.33,81.87,64.74,6.18,15.45,3
PureGlow Soaps International (Fictional Dummy Company),Global Manufacturing Head - PureGlow Soaps,Australia,Australia,Perth,FCT028,Perth Soap Plant,LN0083,Line-2,2026-07-08 22:00:00,2026-07-08,22,Night,Neem Bar Soap,1.37,60.0,2.3,No Downtime,57.7,82,79,2,77,2.59,97.47,96.34,96.17,99.94,93.68,7.99,24.21,1
PureGlow Soaps International (Fictional Dummy Company),Global Manufacturing Head - PureGlow Soaps,Australia,Australia,Perth,FCT028,Perth Soap Plant,LN0084,Line-3,2026-07-08 22:00:00,2026-07-08,22,Night,Neem Bar Soap,0.99,60.0,21.8,Preventive Maintenance,38.2,59,33,1,32,4.28,96.97,55.93,63.67,87.26,53.88,3.55,21.86,2
PureGlow Soaps International (Fictional Dummy Company),Global Manufacturing Head - PureGlow Soaps,Australia,Australia,Perth,FCT028,Perth Soap Plant,LN0082,Line-1,2026-07-08 23:00:00,2026-07-08,23,Night,Lavender Bar Soap,1.39,60.0,0.5,No Downtime,59.5,83,77,2,75,2.33,97.4,92.77,99.17,93.1,89.93,7.3,16.67,1
PureGlow Soaps International (Fictional Dummy Company),Global Manufacturing Head - PureGlow Soaps,Australia,Australia,Perth,FCT028,Perth Soap Plant,LN0083,Line-2,2026-07-08 23:00:00,2026-07-08,23,Night,Neem Bar Soap,1.37,60.0,2.9,No Downtime,57.1,82,69,0,69,0.69,100.0,84.15,95.17,88.2,83.94,7.48,22.98,2
PureGlow Soaps International (Fictional Dummy Company),Global Manufacturing Head - PureGlow Soaps,Australia,Australia,Perth,FCT028,Perth Soap Plant,LN0084,Line-3,2026-07-08 23:00:00,2026-07-08,23,Night,Neem Bar Soap,0.99,60.0,3.2,No Downtime,56.8,59,52,1,51,2.5,98.08,88.14,94.67,92.47,85.86,5.49,33.24,1
PureGlow Soaps International (Fictional Dummy Company),Global Manufacturing Head - PureGlow Soaps,Australia,Australia,Perth,FCT028,Perth Soap Plant,LN0082,Line-1,2026-07-09 00:00:00,2026-07-09,0,Night,Sandalwood Bar Soap,1.39,60.0,18.5,Quality Hold,41.5,83,54,4,50,7.41,92.59,65.06,69.17,93.61,59.95,5.84,10.53,3
PureGlow Soaps International (Fictional Dummy Company),Global Manufacturing Head - PureGlow Soaps,Australia,Australia,Perth,FCT028,Perth Soap Plant,LN0083,Line-2,2026-07-09 00:00:00,2026-07-09,0,Night,Rose Bar Soap,1.37,60.0,3.3,No Downtime,56.7,82,74,2,72,2.26,97.3,90.24,94.5,95.26,87.59,7.4,24.01,1
PureGlow Soaps International (Fictional Dummy Company),Global Manufacturing Head - PureGlow Soaps,Australia,Australia,Perth,FCT028,Perth Soap Plant,LN0084,Line-3,2026-07-09 00:00:00,2026-07-09,0,Night,Lavender Bar Soap,0.99,60.0,19.2,Material Shortage,40.8,59,37,1,36,2.2,97.3,62.71,68.0,91.6,60.61,3.46,23.7,3
PureGlow Soaps International (Fictional Dummy Company),Global Manufacturing Head - PureGlow Soaps,Australia,Australia,Perth,FCT028,Perth Soap Plant,LN0082,Line-1,2026-07-09 01:00:00,2026-07-09,1,Night,Sandalwood Bar Soap,1.39,60.0,7.6,Staff Shortage,52.4,83,71,1,70,1.96,98.59,85.54,87.33,97.48,83.93,7.27,13.76,3
PureGlow Soaps International (Fictional Dummy Company),Global Manufacturing Head - PureGlow Soaps,Australia,Australia,Perth,FCT028,Perth Soap Plant,LN0083,Line-2,2026-07-09 01:00:00,2026-07-09,1,Night,Rose Bar Soap,1.37,60.0,3.0,No Downtime,57.0,82,76,2,74,2.25,97.37,92.68,95.0,97.32,90.02,6.95,22.45,1
PureGlow Soaps International (Fictional Dummy Company),Global Manufacturing Head - PureGlow Soaps,Australia,Australia,Perth,FCT028,Perth Soap Plant,LN0084,Line-3,2026-07-09 01:00:00,2026-07-09,1,Night,Lavender Bar Soap,0.99,60.0,10.4,Staff Shortage,49.6,59,39,1,38,3.2,97.44,66.1,82.67,79.42,63.98,3.84,32.93,2
PureGlow Soaps International (Fictional Dummy Company),Global Manufacturing Head - PureGlow Soaps,Australia,Australia,Perth,FCT028,Perth Soap Plant,LN0082,Line-1,2026-07-09 02:00:00,2026-07-09,2,Night,Sandalwood Bar Soap,1.39,60.0,18.2,Material Shortage,41.8,83,50,2,48,3.06,96.0,60.24,69.67,86.06,57.56,4.77,11.53,3
PureGlow Soaps International (Fictional Dummy Company),Global Manufacturing Head - PureGlow Soaps,Australia,Australia,Perth,FCT028,Perth Soap Plant,LN0083,Line-2,2026-07-09 02:00:00,2026-07-09,2,Night,Rose Bar Soap,1.37,60.0,14.0,Machine Breakdown,46.0,82,53,2,51,4.53,96.23,64.63,76.67,84.1,62.05,4.6,17.17,1
PureGlow Soaps International (Fictional Dummy Company),Global Manufacturing Head - PureGlow Soaps,Australia,Australia,Perth,FCT028,Perth Soap Plant,LN0084,Line-3,2026-07-09 02:00:00,2026-07-09,2,Night,Lavender Bar Soap,0.99,60.0,15.1,Quality Hold,44.9,59,45,4,41,9.83,91.11,76.27,74.83,101.24,69.02,4.58,27.62,2
PureGlow Soaps International (Fictional Dummy Company),Global Manufacturing Head - PureGlow Soaps,Australia,Australia,Perth,FCT028,Perth Soap Plant,LN0082,Line-1,2026-07-09 03:00:00,2026-07-09,3,Night,Sandalwood Bar Soap,1.39,60.0,13.9,Staff Shortage,46.1,83,63,2,61,3.78,96.83,75.9,76.83,98.32,73.14,5.5,11.71,1
PureGlow Soaps International (Fictional Dummy Company),Global Manufacturing Head - PureGlow Soaps,Australia,Australia,Perth,FCT028,Perth Soap Plant,LN0083,Line-2,2026-07-09 03:00:00,2026-07-09,3,Night,Rose Bar Soap,1.37,60.0,17.5,Changeover/Setup,42.5,82,47,1,46,1.25,97.87,57.32,70.83,80.72,55.96,4.07,18.09,3
PureGlow Soaps International (Fictional Dummy Company),Global Manufacturing Head - PureGlow Soaps,Australia,Australia,Perth,FCT028,Perth Soap Plant,LN0084,Line-3,2026-07-09 03:00:00,2026-07-09,3,Night,Lavender Bar Soap,0.99,60.0,2.9,No Downtime,57.1,59,56,1,55,1.55,98.21,94.92,95.17,99.06,92.59,5.22,36.98,1
PureGlow Soaps International (Fictional Dummy Company),Global Manufacturing Head - PureGlow Soaps,Australia,Australia,Perth,FCT028,Perth Soap Plant,LN0082,Line-1,2026-07-09 04:00:00,2026-07-09,4,Night,Sandalwood Bar Soap,1.39,60.0,2.2,No Downtime,57.8,83,80,2,78,2.02,97.5,96.39,96.33,99.57,93.52,7.5,14.9,1
PureGlow Soaps International (Fictional Dummy Company),Global Manufacturing Head - PureGlow Soaps,Australia,Australia,Perth,FCT028,Perth Soap Plant,LN0083,Line-2,2026-07-09 04:00:00,2026-07-09,4,Night,Rose Bar Soap,1.37,60.0,5.2,Changeover/Setup,54.8,82,64,1,63,1.91,98.44,78.05,91.33,85.25,76.64,6.06,20.27,1
PureGlow Soaps International (Fictional Dummy Company),Global Manufacturing Head - PureGlow Soaps,Australia,Australia,Perth,FCT028,Perth Soap Plant,LN0084,Line-3,2026-07-09 04:00:00,2026-07-09,4,Night,Lavender Bar Soap,0.99,60.0,21.1,Material Shortage,38.9,59,38,2,36,4.33,94.74,64.41,64.83,98.67,60.6,3.81,25.16,2
PureGlow Soaps International (Fictional Dummy Company),Global Manufacturing Head - PureGlow Soaps,Australia,Australia,Perth,FCT028,Perth Soap Plant,LN0082,Line-1,2026-07-09 05:00:00,2026-07-09,5,Night,Sandalwood Bar Soap,1.39,60.0,19.1,Changeover/Setup,40.9,83,50,2,48,5.0,96.0,60.24,68.17,87.95,57.56,4.3,11.62,2
PureGlow Soaps International (Fictional Dummy Company),Global Manufacturing Head - PureGlow Soaps,Australia,Australia,Perth,FCT028,Perth Soap Plant,LN0083,Line-2,2026-07-09 05:00:00,2026-07-09,5,Night,Rose Bar Soap,1.37,60.0,1.4,No Downtime,58.6,82,77,1,76,1.58,98.7,93.9,97.67,95.91,92.46,7.3,22.2,1
PureGlow Soaps International (Fictional Dummy Company),Global Manufacturing Head - PureGlow Soaps,Australia,Australia,Perth,FCT028,Perth Soap Plant,LN0084,Line-3,2026-07-09 05:00:00,2026-07-09,5,Night,Lavender Bar Soap,0.99,60.0,1.3,No Downtime,58.7,59,55,3,52,4.62,94.55,93.22,97.83,94.64,87.54,5.48,33.23,2
PureGlow Soaps International (Fictional Dummy Company),Global Manufacturing Head - PureGlow Soaps,Australia,Australia,Perth,FCT028,Perth Soap Plant,LN0082,Line-1,2026-07-09 06:00:00,2026-07-09,6,Morning,Sandalwood Bar Soap,1.39,60.0,3.7,No Downtime,56.3,83,73,2,71,2.5,97.26,87.95,93.83,93.28,85.13,6.62,16.28,3
PureGlow Soaps International (Fictional Dummy Company),Global Manufacturing Head - PureGlow Soaps,Australia,Australia,Perth,FCT028,Perth Soap Plant,LN0083,Line-2,2026-07-09 06:00:00,2026-07-09,6,Morning,Rose Bar Soap,1.37,60.0,10.9,Quality Hold,49.1,82,65,4,61,5.93,93.85,79.27,81.83,96.63,74.21,6.65,21.67,1
PureGlow Soaps International (Fictional Dummy Company),Global Manufacturing Head - PureGlow Soaps,Australia,Australia,Perth,FCT028,Perth Soap Plant,LN0084,Line-3,2026-07-09 06:00:00,2026-07-09,6,Morning,Lavender Bar Soap,0.99,60.0,30.2,Material Shortage,29.8,59,26,1,25,2.88,96.15,44.07,49.67,88.13,42.09,2.52,18.72,3
PureGlow Soaps International (Fictional Dummy Company),Global Manufacturing Head - PureGlow Soaps,Australia,Australia,Perth,FCT028,Perth Soap Plant,LN0082,Line-1,2026-07-09 07:00:00,2026-07-09,7,Morning,Sandalwood Bar Soap,1.39,60.0,18.4,Changeover/Setup,41.6,83,47,1,46,2.42,97.87,56.63,69.33,81.28,55.15,4.91,12.34,2
PureGlow Soaps International (Fictional Dummy Company),Global Manufacturing Head - PureGlow Soaps,Australia,Australia,Perth,FCT028,Perth Soap Plant,LN0083,Line-2,2026-07-09 07:00:00,2026-07-09,7,Morning,Rose Bar Soap,1.37,60.0,12.3,Material Shortage,47.7,82,61,1,60,2.36,98.36,74.39,79.5,93.34,72.99,6.62,21.13,3
PureGlow Soaps International (Fictional Dummy Company),Global Manufacturing Head - PureGlow Soaps,Australia,Australia,Perth,FCT028,Perth Soap Plant,LN0084,Line-3,2026-07-09 07:00:00,2026-07-09,7,Morning,Lavender Bar Soap,0.99,60.0,3.6,No Downtime,56.4,59,49,1,48,2.21,97.96,83.05,94.0,87.76,80.81,4.39,36.72,2
PureGlow Soaps International (Fictional Dummy Company),Global Manufacturing Head - PureGlow Soaps,Australia,Australia,Perth,FCT028,Perth Soap Plant,LN0082,Line-1,2026-07-09 08:00:00,2026-07-09,8,Morning,Sandalwood Bar Soap,1.39,60.0,17.9,Changeover/Setup,42.1,83,51,3,48,6.59,94.12,61.45,70.17,87.15,57.56,4.41,11.4,1
PureGlow Soaps International (Fictional Dummy Company),Global Manufacturing Head - PureGlow Soaps,Australia,Australia,Perth,FCT028,Perth Soap Plant,LN0083,Line-2,2026-07-09 08:00:00,2026-07-09,8,Morning,Rose Bar Soap,1.37,60.0,3.0,No Downtime,57.0,82,70,2,68,2.26,97.14,85.37,95.0,89.64,82.72,7.37,25.06,3
PureGlow Soaps International (Fictional Dummy Company),Global Manufacturing Head - PureGlow Soaps,Australia,Australia,Perth,FCT028,Perth Soap Plant,LN0084,Line-3,2026-07-09 08:00:00,2026-07-09,8,Morning,Lavender Bar Soap,0.99,60.0,12.8,Material Shortage,47.2,59,38,1,37,1.98,97.37,64.41,78.67,81.32,62.29,3.55,29.05,3
PureGlow Soaps International (Fictional Dummy Company),Global Manufacturing Head - PureGlow Soaps,Australia,Australia,Perth,FCT028,Perth Soap Plant,LN0082,Line-1,2026-07-09 09:00:00,2026-07-09,9,Morning,Sandalwood Bar Soap,1.39,60.0,27.1,Material Shortage,32.9,83,37,1,36,3.52,97.3,44.58,54.83,80.91,43.17,3.65,8.36,2
PureGlow Soaps International (Fictional Dummy Company),Global Manufacturing Head - PureGlow Soaps,Australia,Australia,Perth,FCT028,Perth Soap Plant,LN0083,Line-2,2026-07-09 09:00:00,2026-07-09,9,Morning,Rose Bar Soap,1.37,60.0,0.4,No Downtime,59.6,82,73,2,71,2.41,97.26,89.02,99.33,89.4,86.37,6.54,21.77,2
PureGlow Soaps International (Fictional Dummy Company),Global Manufacturing Head - PureGlow Soaps,Australia,Australia,Perth,FCT028,Perth Soap Plant,LN0084,Line-3,2026-07-09 09:00:00,2026-07-09,9,Morning,Lavender Bar Soap,0.99,60.0,5.2,Quality Hold,54.8,59,47,3,44,7.31,93.62,79.66,91.33,86.63,74.07,4.87,33.67,2
PureGlow Soaps International (Fictional Dummy Company),Global Manufacturing Head - PureGlow Soaps,Australia,Australia,Perth,FCT028,Perth Soap Plant,LN0082,Line-1,2026-07-09 10:00:00,2026-07-09,10,Morning,Sandalwood Bar Soap,1.39,60.0,16.0,Changeover/Setup,44.0,83,52,1,51,2.08,98.08,62.65,73.33,85.02,61.15,5.21,12.26,3
PureGlow Soaps International (Fictional Dummy Company),Global Manufacturing Head - PureGlow Soaps,Australia,Australia,Perth,FCT028,Perth Soap Plant,LN0083,Line-2,2026-07-09 10:00:00,2026-07-09,10,Morning,Rose Bar Soap,1.37,60.0,13.8,Machine Breakdown,46.2,82,61,2,59,2.69,96.72,74.39,77.0,96.38,71.78,5.96,17.16,2
PureGlow Soaps International (Fictional Dummy Company),Global Manufacturing Head - PureGlow Soaps,Australia,Australia,Perth,FCT028,Perth Soap Plant,LN0084,Line-3,2026-07-09 10:00:00,2026-07-09,10,Morning,Lavender Bar Soap,0.99,60.0,12.7,Changeover/Setup,47.3,59,43,0,43,0.0,100.0,72.88,78.83,91.83,72.39,4.17,27.35,2
PureGlow Soaps International (Fictional Dummy Company),Global Manufacturing Head - PureGlow Soaps,Australia,Australia,Perth,FCT028,Perth Soap Plant,LN0082,Line-1,2026-07-09 11:00:00,2026-07-09,11,Morning,Sandalwood Bar Soap,1.39,60.0,34.4,Machine Breakdown,25.6,83,35,0,35,0.0,100.0,42.17,42.67,98.36,41.97,3.02,7.56,2
PureGlow Soaps International (Fictional Dummy Company),Global Manufacturing Head - PureGlow Soaps,Australia,Australia,Perth,FCT028,Perth Soap Plant,LN0083,Line-2,2026-07-09 11:00:00,2026-07-09,11,Morning,Rose Bar Soap,1.37,60.0,0.0,No Downtime,60.0,82,76,1,75,0.88,98.68,92.68,100.0,92.46,91.24,7.47,25.3,2
PureGlow Soaps International (Fictional Dummy Company),Global Manufacturing Head - PureGlow Soaps,Australia,Australia,Perth,FCT028,Perth Soap Plant,LN0084,Line-3,2026-07-09 11:00:00,2026-07-09,11,Morning,Lavender Bar Soap,0.99,60.0,1.9,No Downtime,58.1,59,46,2,44,3.28,95.65,77.97,96.83,79.97,74.07,4.28,36.57,1
PureGlow Soaps International (Fictional Dummy Company),Global Manufacturing Head - PureGlow Soaps,Australia,Australia,Perth,FCT028,Perth Soap Plant,LN0082,Line-1,2026-07-09 12:00:00,2026-07-09,12,Morning,Sandalwood Bar Soap,1.39,60.0,10.7,Power Outage,49.3,83,59,2,57,2.56,96.61,71.08,82.17,86.1,68.35,5.1,15.05,1
PureGlow Soaps International (Fictional Dummy Company),Global Manufacturing Head - PureGlow Soaps,Australia,Australia,Perth,FCT028,Perth Soap Plant,LN0083,Line-2,2026-07-09 12:00:00,2026-07-09,12,Morning,Rose Bar Soap,1.37,60.0,26.1,Material Shortage,33.9,82,43,1,42,3.26,97.67,52.44,56.5,92.59,51.09,3.7,14.4,3
PureGlow Soaps International (Fictional Dummy Company),Global Manufacturing Head - PureGlow Soaps,Australia,Australia,Perth,FCT028,Perth Soap Plant,LN0084,Line-3,2026-07-09 12:00:00,2026-07-09,12,Morning,Lavender Bar Soap,0.99,60.0,1.1,No Downtime,58.9,59,47,1,46,1.58,97.87,79.66,98.17,80.6,77.44,4.48,35.47,3
PureGlow Soaps International (Fictional Dummy Company),Global Manufacturing Head - PureGlow Soaps,Australia,Australia,Perth,FCT028,Perth Soap Plant,LN0082,Line-1,2026-07-09 13:00:00,2026-07-09,13,Morning,Sandalwood Bar Soap,1.39,60.0,1.6,No Downtime,58.4,83,80,0,80,0.53,100.0,96.39,97.33,98.55,95.92,7.02,17.33,1
PureGlow Soaps International (Fictional Dummy Company),Global Manufacturing Head - PureGlow Soaps,Australia,Australia,Perth,FCT028,Perth Soap Plant,LN0083,Line-2,2026-07-09 13:00:00,2026-07-09,13,Morning,Rose Bar Soap,1.37,60.0,13.0,Material Shortage,47.0,82,57,2,55,4.24,96.49,69.51,78.33,88.52,66.9,5.99,18.29,1
PureGlow Soaps International (Fictional Dummy Company),Global Manufacturing Head - PureGlow Soaps,Australia,Australia,Perth,FCT028,Perth Soap Plant,LN0084,Line-3,2026-07-09 13:00:00,2026-07-09,13,Morning,Lavender Bar Soap,0.99,60.0,13.2,Material Shortage,46.8,59,47,2,45,4.15,95.74,79.66,78.0,101.44,75.75,4.6,26.55,1
PureGlow Soaps International (Fictional Dummy Company),Global Manufacturing Head - PureGlow Soaps,Australia,Australia,Perth,FCT028,Perth Soap Plant,LN0082,Line-1,2026-07-09 14:00:00,2026-07-09,14,Afternoon,Sandalwood Bar Soap,1.39,60.0,30.9,Machine Breakdown,29.1,83,36,1,35,2.49,97.22,43.37,48.5,89.0,41.97,3.81,8.88,2
PureGlow Soaps International (Fictional Dummy Company),Global Manufacturing Head - PureGlow Soaps,Australia,Australia,Perth,FCT028,Perth Soap Plant,LN0083,Line-2,2026-07-09 14:00:00,2026-07-09,14,Afternoon,Rose Bar Soap,1.37,60.0,37.9,Preventive Maintenance,22.1,82,29,1,28,1.85,96.55,35.37,36.83,95.78,34.06,2.75,8.67,2
PureGlow Soaps International (Fictional Dummy Company),Global Manufacturing Head - PureGlow Soaps,Australia,Australia,Perth,FCT028,Perth Soap Plant,LN0084,Line-3,2026-07-09 14:00:00,2026-07-09,14,Afternoon,Lavender Bar Soap,0.99,60.0,1.9,No Downtime,58.1,59,59,2,57,3.49,96.61,100.0,96.83,102.57,95.95,6.44,38.95,1
PureGlow Soaps International (Fictional Dummy Company),Global Manufacturing Head - PureGlow Soaps,Australia,Australia,Perth,FCT028,Perth Soap Plant,LN0082,Line-1,2026-07-09 15:00:00,2026-07-09,15,Afternoon,Sandalwood Bar Soap,1.39,60.0,43.9,Machine Breakdown,16.1,83,19,1,18,5.38,94.74,22.89,26.83,84.9,21.58,1.65,4.88,1
PureGlow Soaps International (Fictional Dummy Company),Global Manufacturing Head - PureGlow Soaps,Australia,Australia,Perth,FCT028,Perth Soap Plant,LN0083,Line-2,2026-07-09 15:00:00,2026-07-09,15,Afternoon,Rose Bar Soap,1.37,60.0,11.1,Machine Breakdown,48.9,82,64,3,61,4.24,95.31,78.05,81.5,95.53,74.21,5.9,20.77,2
PureGlow Soaps International (Fictional Dummy Company),Global Manufacturing Head - PureGlow Soaps,Australia,Australia,Perth,FCT028,Perth Soap Plant,LN0084,Line-3,2026-07-09 15:00:00,2026-07-09,15,Afternoon,Lavender Bar Soap,0.99,60.0,15.8,Changeover/Setup,44.2,59,37,1,36,3.8,97.3,62.71,73.67,84.56,60.61,3.36,26.94,3
PureGlow Soaps International (Fictional Dummy Company),Global Manufacturing Head - PureGlow Soaps,Australia,Australia,Perth,FCT028,Perth Soap Plant,LN0082,Line-1,2026-07-09 16:00:00,2026-07-09,16,Afternoon,Sandalwood Bar Soap,1.39,60.0,1.7,No Downtime,58.3,83,72,4,68,5.17,94.44,86.75,97.17,88.85,81.54,7.55,15.39,1
PureGlow Soaps International (Fictional Dummy Company),Global Manufacturing Head - PureGlow Soaps,Australia,Australia,Perth,FCT028,Perth Soap Plant,LN0083,Line-2,2026-07-09 16:00:00,2026-07-09,16,Afternoon,Rose Bar Soap,1.37,60.0,18.8,Machine Breakdown,41.2,82,48,1,47,1.88,97.92,58.54,68.67,85.04,57.18,4.87,15.27,1
PureGlow Soaps International (Fictional Dummy Company),Global Manufacturing Head - PureGlow Soaps,Australia,Australia,Perth,FCT028,Perth Soap Plant,LN0084,Line-3,2026-07-09 16:00:00,2026-07-09,16,Afternoon,Lavender Bar Soap,0.99,60.0,36.8,Machine Breakdown,23.2,59,21,0,21,1.43,100.0,35.59,38.67,91.43,35.36,1.81,15.14,2
PureGlow Soaps International (Fictional Dummy Company),Global Manufacturing Head - PureGlow Soaps,Australia,Australia,Perth,FCT028,Perth Soap Plant,LN0082,Line-1,2026-07-09 17:00:00,2026-07-09,17,Afternoon,Sandalwood Bar Soap,1.39,60.0,34.9,Material Shortage,25.1,83,31,0,31,1.08,100.0,37.35,41.83,88.85,37.17,2.91,7.34,2
PureGlow Soaps International (Fictional Dummy Company),Global Manufacturing Head - PureGlow Soaps,Australia,Australia,Perth,FCT028,Perth Soap Plant,LN0083,Line-2,2026-07-09 17:00:00,2026-07-09,17,Afternoon,Rose Bar Soap,1.37,60.0,22.9,Preventive Maintenance,37.1,82,51,1,50,2.88,98.04,62.2,61.83,100.34,60.82,4.4,15.88,3
PureGlow Soaps International (Fictional Dummy Company),Global Manufacturing Head - PureGlow Soaps,Australia,Australia,Perth,FCT028,Perth Soap Plant,LN0084,Line-3,2026-07-09 17:00:00,2026-07-09,17,Afternoon,Lavender Bar Soap,0.99,60.0,26.4,Preventive Maintenance,33.6,59,31,1,30,4.38,96.77,52.54,56.0,93.19,50.5,3.36,22.5,3
PureGlow Soaps International (Fictional Dummy Company),Global Manufacturing Head - PureGlow Soaps,Australia,Australia,Perth,FCT028,Perth Soap Plant,LN0082,Line-1,2026-07-09 18:00:00,2026-07-09,18,Afternoon,Sandalwood Bar Soap,1.39,60.0,18.5,Power Outage,41.5,83,55,2,53,4.06,96.36,66.27,69.17,95.35,63.55,4.79,11.5,1
PureGlow Soaps International (Fictional Dummy Company),Global Manufacturing Head - PureGlow Soaps,Australia,Australia,Perth,FCT028,Perth Soap Plant,LN0083,Line-2,2026-07-09 18:00:00,2026-07-09,18,Afternoon,Rose Bar Soap,1.37,60.0,0.6,No Downtime,59.4,82,78,2,76,2.03,97.44,95.12,99.0,95.85,92.46,6.91,24.62,3
PureGlow Soaps International (Fictional Dummy Company),Global Manufacturing Head - PureGlow Soaps,Australia,Australia,Perth,FCT028,Perth Soap Plant,LN0084,Line-3,2026-07-09 18:00:00,2026-07-09,18,Afternoon,Lavender Bar Soap,0.99,60.0,27.4,Material Shortage,32.6,59,33,1,32,3.23,96.97,55.93,54.33,102.25,53.87,3.29,21.77,3
PureGlow Soaps International (Fictional Dummy Company),Global Manufacturing Head - PureGlow Soaps,Australia,Australia,Perth,FCT028,Perth Soap Plant,LN0082,Line-1,2026-07-09 19:00:00,2026-07-09,19,Afternoon,Sandalwood Bar Soap,1.39,60.0,38.4,Preventive Maintenance,21.6,83,30,1,29,3.2,96.67,36.14,36.0,99.92,34.77,3.1,6.49,2
PureGlow Soaps International (Fictional Dummy Company),Global Manufacturing Head - PureGlow Soaps,Australia,Australia,Perth,FCT028,Perth Soap Plant,LN0083,Line-2,2026-07-09 19:00:00,2026-07-09,19,Afternoon,Rose Bar Soap,1.37,60.0,34.8,Material Shortage,25.2,82,34,1,33,2.87,97.06,41.46,42.0,98.48,40.15,3.18,9.68,2
PureGlow Soaps International (Fictional Dummy Company),Global Manufacturing Head - PureGlow Soaps,Australia,Australia,Perth,FCT028,Perth Soap Plant,LN0084,Line-3,2026-07-09 19:00:00,2026-07-09,19,Afternoon,Lavender Bar Soap,0.99,60.0,21.5,Material Shortage,38.5,59,39,2,37,4.3,94.87,66.1,64.17,102.32,62.29,3.95,23.13,3
PureGlow Soaps International (Fictional Dummy Company),Global Manufacturing Head - PureGlow Soaps,Australia,Australia,Perth,FCT028,Perth Soap Plant,LN0082,Line-1,2026-07-09 20:00:00,2026-07-09,20,Afternoon,Sandalwood Bar Soap,1.39,60.0,27.8,Power Outage,32.2,83,38,1,37,3.42,97.37,45.78,53.67,84.9,44.37,3.75,8.09,1
PureGlow Soaps International (Fictional Dummy Company),Global Manufacturing Head - PureGlow Soaps,Australia,Australia,Perth,FCT028,Perth Soap Plant,LN0083,Line-2,2026-07-09 20:00:00,2026-07-09,20,Afternoon,Rose Bar Soap,1.37,60.0,25.5,Material Shortage,34.5,82,45,1,44,1.83,97.78,54.88,57.5,95.21,53.53,4.93,15.26,1
PureGlow Soaps International (Fictional Dummy Company),Global Manufacturing Head - PureGlow Soaps,Australia,Australia,Perth,FCT028,Perth Soap Plant,LN0084,Line-3,2026-07-09 20:00:00,2026-07-09,20,Afternoon,Lavender Bar Soap,0.99,60.0,7.2,Changeover/Setup,52.8,59,47,0,47,0.95,100.0,79.66,88.0,89.91,79.12,4.11,31.55,2
PureGlow Soaps International (Fictional Dummy Company),Global Manufacturing Head - PureGlow Soaps,Australia,Australia,Perth,FCT028,Perth Soap Plant,LN0082,Line-1,2026-07-09 21:00:00,2026-07-09,21,Afternoon,Sandalwood Bar Soap,1.39,60.0,8.5,Changeover/Setup,51.5,83,60,2,58,3.14,96.67,72.29,85.83,83.82,69.55,6.4,13.56,3
PureGlow Soaps International (Fictional Dummy Company),Global Manufacturing Head - PureGlow Soaps,Australia,Australia,Perth,FCT028,Perth Soap Plant,LN0083,Line-2,2026-07-09 21:00:00,2026-07-09,21,Afternoon,Rose Bar Soap,1.37,60.0,13.5,Machine Breakdown,46.5,82,55,1,54,2.47,98.18,67.07,77.5,86.34,65.7,4.92,19.6,3
PureGlow Soaps International (Fictional Dummy Company),Global Manufacturing Head - PureGlow Soaps,Australia,Australia,Perth,FCT028,Perth Soap Plant,LN0084,Line-3,2026-07-09 21:00:00,2026-07-09,21,Afternoon,Lavender Bar Soap,0.99,60.0,11.8,Material Shortage,48.2,59,48,3,45,5.43,93.75,81.36,80.33,100.59,75.75,5.16,30.1,1
PureGlow Soaps International (Fictional Dummy Company),Global Manufacturing Head - PureGlow Soaps,Australia,Australia,Perth,FCT028,Perth Soap Plant,LN0082,Line-1,2026-07-09 22:00:00,2026-07-09,22,Night,Sandalwood Bar Soap,1.39,60.0,16.1,Material Shortage,43.9,83,56,1,55,1.49,98.21,67.47,73.17,91.77,65.95,5.13,12.26,1
PureGlow Soaps International (Fictional Dummy Company),Global Manufacturing Head - PureGlow Soaps,Australia,Australia,Perth,FCT028,Perth Soap Plant,LN0083,Line-2,2026-07-09 22:00:00,2026-07-09,22,Night,Rose Bar Soap,1.37,60.0,11.1,Machine Breakdown,48.9,82,59,3,56,5.83,94.92,71.95,81.5,88.07,68.13,6.01,19.12,1
PureGlow Soaps International (Fictional Dummy Company),Global Manufacturing Head - PureGlow Soaps,Australia,Australia,Perth,FCT028,Perth Soap Plant,LN0084,Line-3,2026-07-09 22:00:00,2026-07-09,22,Night,Lavender Bar Soap,0.99,60.0,3.3,No Downtime,56.7,59,56,2,54,2.97,96.43,94.92,94.5,99.76,90.91,4.91,32.74,2
PureGlow Soaps International (Fictional Dummy Company),Global Manufacturing Head - PureGlow Soaps,Australia,Australia,Perth,FCT028,Perth Soap Plant,LN0082,Line-1,2026-07-09 23:00:00,2026-07-09,23,Night,Sandalwood Bar Soap,1.39,60.0,18.0,Machine Breakdown,42.0,83,57,1,56,2.17,98.25,68.67,70.0,97.64,67.15,4.94,10.9,3
PureGlow Soaps International (Fictional Dummy Company),Global Manufacturing Head - PureGlow Soaps,Australia,Australia,Perth,FCT028,Perth Soap Plant,LN0083,Line-2,2026-07-09 23:00:00,2026-07-09,23,Night,Rose Bar Soap,1.37,60.0,23.2,Power Outage,36.8,82,49,1,48,2.58,97.96,59.76,61.33,97.19,58.39,4.75,14.45,3
PureGlow Soaps International (Fictional Dummy Company),Global Manufacturing Head - PureGlow Soaps,Australia,Australia,Perth,FCT028,Perth Soap Plant,LN0084,Line-3,2026-07-09 23:00:00,2026-07-09,23,Night,Lavender Bar Soap,0.99,60.0,0.9,No Downtime,59.1,59,59,1,58,2.51,98.31,100.0,98.5,100.84,97.65,6.2,38.86,3
PureGlow Soaps International (Fictional Dummy Company),Global Manufacturing Head - PureGlow Soaps,Australia,Australia,Perth,FCT028,Perth Soap Plant,LN0082,Line-1,2026-07-10 00:00:00,2026-07-10,0,Night,Charcoal Bar Soap,1.39,60.0,9.1,Quality Hold,50.9,83,61,5,56,7.69,91.8,73.49,84.83,86.22,67.14,5.84,15.42,2
PureGlow Soaps International (Fictional Dummy Company),Global Manufacturing Head - PureGlow Soaps,Australia,Australia,Perth,FCT028,Perth Soap Plant,LN0083,Line-2,2026-07-10 00:00:00,2026-07-10,0,Night,Neem Bar Soap,1.37,60.0,11.3,Material Shortage,48.7,82,58,2,56,3.0,96.55,70.73,81.17,86.93,68.13,5.63,18.15,3
PureGlow Soaps International (Fictional Dummy Company),Global Manufacturing Head - PureGlow Soaps,Australia,Australia,Perth,FCT028,Perth Soap Plant,LN0084,Line-3,2026-07-10 00:00:00,2026-07-10,0,Night,Sandalwood Bar Soap,0.99,60.0,30.1,Material Shortage,29.9,59,26,1,25,4.32,96.15,44.07,49.83,87.83,42.08,2.65,20.27,2
PureGlow Soaps International (Fictional Dummy Company),Global Manufacturing Head - PureGlow Soaps,Australia,Australia,Perth,FCT028,Perth Soap Plant,LN0082,Line-1,2026-07-10 01:00:00,2026-07-10,1,Night,Charcoal Bar Soap,1.39,60.0,6.7,Quality Hold,53.3,83,70,8,62,11.31,88.57,84.34,88.83,94.48,74.33,7.24,14.65,1
PureGlow Soaps International (Fictional Dummy Company),Global Manufacturing Head - PureGlow Soaps,Australia,Australia,Perth,FCT028,Perth Soap Plant,LN0083,Line-2,2026-07-10 01:00:00,2026-07-10,1,Night,Neem Bar Soap,1.37,60.0,3.0,No Downtime,57.0,82,67,3,64,3.94,95.52,81.71,95.0,85.8,77.86,6.71,24.09,3
PureGlow Soaps International (Fictional Dummy Company),Global Manufacturing Head - PureGlow Soaps,Australia,Australia,Perth,FCT028,Perth Soap Plant,LN0084,Line-3,2026-07-10 01:00:00,2026-07-10,1,Night,Sandalwood Bar Soap,0.99,60.0,18.1,Power Outage,41.9,59,37,2,35,5.15,94.59,62.71,69.83,89.2,58.92,3.37,27.83,2
PureGlow Soaps International (Fictional Dummy Company),Global Manufacturing Head - PureGlow Soaps,Australia,Australia,Perth,FCT028,Perth Soap Plant,LN0082,Line-1,2026-07-10 02:00:00,2026-07-10,2,Night,Charcoal Bar Soap,1.39,60.0,1.6,No Downtime,58.4,83,74,3,71,3.75,95.95,89.16,97.33,91.16,85.13,6.57,17.58,2
PureGlow Soaps International (Fictional Dummy Company),Global Manufacturing Head - PureGlow Soaps,Australia,Australia,Perth,FCT028,Perth Soap Plant,LN0083,Line-2,2026-07-10 02:00:00,2026-07-10,2,Night,Neem Bar Soap,1.37,60.0,1.5,No Downtime,58.5,82,67,1,66,1.69,98.51,81.71,97.5,83.6,80.3,6.73,24.33,2
PureGlow Soaps International (Fictional Dummy Company),Global Manufacturing Head - PureGlow Soaps,Australia,Australia,Perth,FCT028,Perth Soap Plant,LN0084,Line-3,2026-07-10 02:00:00,2026-07-10,2,Night,Sandalwood Bar Soap,0.99,60.0,20.9,Preventive Maintenance,39.1,59,33,2,31,5.71,93.94,55.93,65.17,85.25,52.19,3.05,24.85,1
PureGlow Soaps International (Fictional Dummy Company),Global Manufacturing Head - PureGlow Soaps,Australia,Australia,Perth,FCT028,Perth Soap Plant,LN0082,Line-1,2026-07-10 03:00:00,2026-07-10,3,Night,Charcoal Bar Soap,1.39,60.0,3.3,No Downtime,56.7,83,77,2,75,2.46,97.4,92.77,94.5,97.7,89.93,7.69,14.26,1
PureGlow Soaps International (Fictional Dummy Company),Global Manufacturing Head - PureGlow Soaps,Australia,Australia,Perth,FCT028,Perth Soap Plant,LN0083,Line-2,2026-07-10 03:00:00,2026-07-10,3,Night,Neem Bar Soap,1.37,60.0,2.6,No Downtime,57.4,82,74,3,71,3.7,95.95,90.24,95.67,94.1,86.38,6.44,24.05,3
PureGlow Soaps International (Fictional Dummy Company),Global Manufacturing Head - PureGlow Soaps,Australia,Australia,Perth,FCT028,Perth Soap Plant,LN0084,Line-3,2026-07-10 03:00:00,2026-07-10,3,Night,Sandalwood Bar Soap,0.99,60.0,3.3,No Downtime,56.7,59,51,1,50,2.22,98.04,86.44,94.5,90.86,84.18,4.36,35.36,1
PureGlow Soaps International (Fictional Dummy Company),Global Manufacturing Head - PureGlow Soaps,Australia,Australia,Perth,FCT028,Perth Soap Plant,LN0082,Line-1,2026-07-10 04:00:00,2026-07-10,4,Night,Charcoal Bar Soap,1.39,60.0,30.7,Preventive Maintenance,29.3,83,39,1,38,3.63,97.44,46.99,48.83,95.76,45.56,3.38,7.93,1
PureGlow Soaps International (Fictional Dummy Company),Global Manufacturing Head - PureGlow Soaps,Australia,Australia,Perth,FCT028,Perth Soap Plant,LN0083,Line-2,2026-07-10 04:00:00,2026-07-10,4,Night,Neem Bar Soap,1.37,60.0,2.3,No Downtime,57.7,82,68,2,66,2.97,97.06,82.93,96.17,86.02,80.29,5.85,21.2,3
PureGlow Soaps International (Fictional Dummy Company),Global Manufacturing Head - PureGlow Soaps,Australia,Australia,Perth,FCT028,Perth Soap Plant,LN0084,Line-3,2026-07-10 04:00:00,2026-07-10,4,Night,Sandalwood Bar Soap,0.99,60.0,5.7,Power Outage,54.3,59,54,1,53,2.33,98.15,91.53,90.5,100.45,89.23,5.8,36.47,1
PureGlow Soaps International (Fictional Dummy Company),Global Manufacturing Head - PureGlow Soaps,Australia,Australia,Perth,FCT028,Perth Soap Plant,LN0082,Line-1,2026-07-10 05:00:00,2026-07-10,5,Night,Charcoal Bar Soap,1.39,60.0,2.3,No Downtime,57.7,83,82,3,79,3.8,96.34,98.8,96.17,102.24,94.73,8.62,17.36,2
PureGlow Soaps International (Fictional Dummy Company),Global Manufacturing Head - PureGlow Soaps,Australia,Australia,Perth,FCT028,Perth Soap Plant,LN0083,Line-2,2026-07-10 05:00:00,2026-07-10,5,Night,Neem Bar Soap,1.37,60.0,10.1,Material Shortage,49.9,82,70,2,68,3.31,97.14,85.37,83.17,102.39,82.72,6.52,19.16,3
PureGlow Soaps International (Fictional Dummy Company),Global Manufacturing Head - PureGlow Soaps,Australia,Australia,Perth,FCT028,Perth Soap Plant,LN0084,Line-3,2026-07-10 05:00:00,2026-07-10,5,Night,Sandalwood Bar Soap,0.99,60.0,29.1,Preventive Maintenance,30.9,59,29,1,28,3.0,96.55,49.15,51.5,94.8,47.14,3.01,18.02,3
PureGlow Soaps International (Fictional Dummy Company),Global Manufacturing Head - PureGlow Soaps,Australia,Australia,Perth,FCT028,Perth Soap Plant,LN0082,Line-1,2026-07-10 06:00:00,2026-07-10,6,Morning,Charcoal Bar Soap,1.39,60.0,10.6,Quality Hold,49.4,83,66,4,62,5.88,93.94,79.52,82.33,96.12,74.34,6.6,12.84,3
PureGlow Soaps International (Fictional Dummy Company),Global Manufacturing Head - PureGlow Soaps,Australia,Australia,Perth,FCT028,Perth Soap Plant,LN0083,Line-2,2026-07-10 06:00:00,2026-07-10,6,Morning,Neem Bar Soap,1.37,60.0,3.9,No Downtime,56.1,82,65,2,63,2.55,96.92,79.27,93.5,84.57,76.64,5.59,23.93,3
PureGlow Soaps International (Fictional Dummy Company),Global Manufacturing Head - PureGlow Soaps,Australia,Australia,Perth,FCT028,Perth Soap Plant,LN0084,Line-3,2026-07-10 06:00:00,2026-07-10,6,Morning,Sandalwood Bar Soap,0.99,60.0,1.0,No Downtime,59.0,59,53,1,52,2.83,98.11,89.83,98.33,90.74,87.54,5.51,33.29,1
PureGlow Soaps International (Fictional Dummy Company),Global Manufacturing Head - PureGlow Soaps,Australia,Australia,Perth,FCT028,Perth Soap Plant,LN0082,Line-1,2026-07-10 07:00:00,2026-07-10,7,Morning,Charcoal Bar Soap,1.39,60.0,17.6,Changeover/Setup,42.4,83,56,3,53,5.69,94.64,67.47,70.67,95.02,63.55,6.1,11.69,2
PureGlow Soaps International (Fictional Dummy Company),Global Manufacturing Head - PureGlow Soaps,Australia,Australia,Perth,FCT028,Perth Soap Plant,LN0083,Line-2,2026-07-10 07:00:00,2026-07-10,7,Morning,Neem Bar Soap,1.37,60.0,6.0,Changeover/Setup,54.0,82,62,2,60,3.14,96.77,75.61,90.0,83.81,72.99,6.27,22.78,2
PureGlow Soaps International (Fictional Dummy Company),Global Manufacturing Head - PureGlow Soaps,Australia,Australia,Perth,FCT028,Perth Soap Plant,LN0084,Line-3,2026-07-10 07:00:00,2026-07-10,7,Morning,Sandalwood Bar Soap,0.99,60.0,14.6,Changeover/Setup,45.4,59,37,1,36,2.69,97.3,62.71,75.67,82.32,60.61,3.73,31.17,1
PureGlow Soaps International (Fictional Dummy Company),Global Manufacturing Head - PureGlow Soaps,Australia,Australia,Perth,FCT028,Perth Soap Plant,LN0082,Line-1,2026-07-10 08:00:00,2026-07-10,8,Morning,Charcoal Bar Soap,1.39,60.0,21.2,Material Shortage,38.8,83,49,1,48,2.43,97.96,59.04,64.67,90.86,57.56,4.84,10.12,2
PureGlow Soaps International (Fictional Dummy Company),Global Manufacturing Head - PureGlow Soaps,Australia,Australia,Perth,FCT028,Perth Soap Plant,LN0083,Line-2,2026-07-10 08:00:00,2026-07-10,8,Morning,Neem Bar Soap,1.37,60.0,2.4,No Downtime,57.6,82,63,3,60,4.91,95.24,76.83,96.0,79.84,73.0,6.51,21.07,3
PureGlow Soaps International (Fictional Dummy Company),Global Manufacturing Head - PureGlow Soaps,Australia,Australia,Perth,FCT028,Perth Soap Plant,LN0084,Line-3,2026-07-10 08:00:00,2026-07-10,8,Morning,Sandalwood Bar Soap,0.99,60.0,22.7,Power Outage,37.3,59,37,0,37,1.1,100.0,62.71,62.17,100.2,62.29,3.41,25.29,2
PureGlow Soaps International (Fictional Dummy Company),Global Manufacturing Head - PureGlow Soaps,Australia,Australia,Perth,FCT028,Perth Soap Plant,LN0082,Line-1,2026-07-10 09:00:00,2026-07-10,9,Morning,Charcoal Bar Soap,1.39,60.0,39.7,Preventive Maintenance,20.3,83,28,1,27,2.8,96.43,33.73,33.83,99.23,32.37,2.68,5.81,3
PureGlow Soaps International (Fictional Dummy Company),Global Manufacturing Head - PureGlow Soaps,Australia,Australia,Perth,FCT028,Perth Soap Plant,LN0083,Line-2,2026-07-10 09:00:00,2026-07-10,9,Morning,Neem Bar Soap,1.37,60.0,2.3,No Downtime,57.7,82,65,3,62,5.36,95.38,79.27,96.17,82.23,75.43,5.98,24.5,2
PureGlow Soaps International (Fictional Dummy Company),Global Manufacturing Head - PureGlow Soaps,Australia,Australia,Perth,FCT028,Perth Soap Plant,LN0084,Line-3,2026-07-10 09:00:00,2026-07-10,9,Morning,Sandalwood Bar Soap,0.99,60.0,2.0,No Downtime,58.0,59,50,1,49,2.24,98.0,84.75,96.67,87.08,82.5,4.92,35.71,2
PureGlow Soaps International (Fictional Dummy Company),Global Manufacturing Head - PureGlow Soaps,Australia,Australia,Perth,FCT028,Perth Soap Plant,LN0082,Line-1,2026-07-10 10:00:00,2026-07-10,10,Morning,Charcoal Bar Soap,1.39,60.0,7.4,Quality Hold,52.6,83,74,5,69,7.23,93.24,89.16,87.67,101.21,82.73,6.69,15.8,3
PureGlow Soaps International (Fictional Dummy Company),Global Manufacturing Head - PureGlow Soaps,Australia,Australia,Perth,FCT028,Perth Soap Plant,LN0083,Line-2,2026-07-10 10:00:00,2026-07-10,10,Morning,Neem Bar Soap,1.37,60.0,18.4,Quality Hold,41.6,82,53,4,49,7.24,92.45,64.63,69.33,93.0,59.61,4.53,16.5,3
PureGlow Soaps International (Fictional Dummy Company),Global Manufacturing Head - PureGlow Soaps,Australia,Australia,Perth,FCT028,Perth Soap Plant,LN0084,Line-3,2026-07-10 10:00:00,2026-07-10,10,Morning,Sandalwood Bar Soap,0.99,60.0,2.7,No Downtime,57.3,59,54,2,52,4.41,96.3,91.53,95.5,95.19,87.54,5.17,39.18,3
PureGlow Soaps International (Fictional Dummy Company),Global Manufacturing Head - PureGlow Soaps,Australia,Australia,Perth,FCT028,Perth Soap Plant,LN0082,Line-1,2026-07-10 11:00:00,2026-07-10,11,Morning,Charcoal Bar Soap,1.39,60.0,9.2,Staff Shortage,50.8,83,65,2,63,3.46,96.92,78.31,84.67,92.05,75.54,6.94,15.48,2
PureGlow Soaps International (Fictional Dummy Company),Global Manufacturing Head - PureGlow Soaps,Australia,Australia,Perth,FCT028,Perth Soap Plant,LN0083,Line-2,2026-07-10 11:00:00,2026-07-10,11,Morning,Neem Bar Soap,1.37,60.0,1.2,No Downtime,58.8,82,68,3,65,3.87,95.59,82.93,98.0,84.41,79.07,6.62,24.57,3
PureGlow Soaps International (Fictional Dummy Company),Global Manufacturing Head - PureGlow Soaps,Australia,Australia,Perth,FCT028,Perth Soap Plant,LN0084,Line-3,2026-07-10 11:00:00,2026-07-10,11,Morning,Sandalwood Bar Soap,0.99,60.0,10.6,Material Shortage,49.4,59,41,1,40,1.96,97.56,69.49,82.33,83.83,67.33,3.97,28.37,3
PureGlow Soaps International (Fictional Dummy Company),Global Manufacturing Head - PureGlow Soaps,Australia,Australia,Perth,FCT028,Perth Soap Plant,LN0082,Line-1,2026-07-10 12:00:00,2026-07-10,12,Morning,Charcoal Bar Soap,1.39,60.0,2.5,No Downtime,57.5,83,78,2,76,2.74,97.44,93.98,95.83,97.59,91.13,7.42,16.96,2
PureGlow Soaps International (Fictional Dummy Company),Global Manufacturing Head - PureGlow Soaps,Australia,Australia,Perth,FCT028,Perth Soap Plant,LN0083,Line-2,2026-07-10 12:00:00,2026-07-10,12,Morning,Neem Bar Soap,1.37,60.0,1.3,No Downtime,58.7,82,66,3,63,4.32,95.45,80.49,97.83,82.07,76.64,5.62,25.43,3
PureGlow Soaps International (Fictional Dummy Company),Global Manufacturing Head - PureGlow Soaps,Australia,Australia,Perth,FCT028,Perth Soap Plant,LN0084,Line-3,2026-07-10 12:00:00,2026-07-10,12,Morning,Sandalwood Bar Soap,0.99,60.0,13.9,Changeover/Setup,46.1,59,43,1,42,3.22,97.67,72.88,76.83,94.22,70.7,4.02,28.24,1
PureGlow Soaps International (Fictional Dummy Company),Global Manufacturing Head - PureGlow Soaps,Australia,Australia,Perth,FCT028,Perth Soap Plant,LN0082,Line-1,2026-07-10 13:00:00,2026-07-10,13,Morning,Charcoal Bar Soap,1.39,60.0,2.7,No Downtime,57.3,83,66,2,64,2.3,96.97,79.52,95.5,82.87,76.74,6.05,15.22,2
PureGlow Soaps International (Fictional Dummy Company),Global Manufacturing Head - PureGlow Soaps,Australia,Australia,Perth,FCT028,Perth Soap Plant,LN0083,Line-2,2026-07-10 13:00:00,2026-07-10,13,Morning,Neem Bar Soap,1.37,60.0,19.6,Changeover/Setup,40.4,82,48,2,46,3.21,95.83,58.54,67.33,86.72,55.95,4.9,15.74,1
PureGlow Soaps International (Fictional Dummy Company),Global Manufacturing Head - PureGlow Soaps,Australia,Australia,Perth,FCT028,Perth Soap Plant,LN0084,Line-3,2026-07-10 13:00:00,2026-07-10,13,Morning,Sandalwood Bar Soap,0.99,60.0,3.9,No Downtime,56.1,59,46,1,45,2.46,97.83,77.97,93.5,82.82,75.76,3.95,36.68,1
PureGlow Soaps International (Fictional Dummy Company),Global Manufacturing Head - PureGlow Soaps,Australia,Australia,Perth,FCT028,Perth Soap Plant,LN0082,Line-1,2026-07-10 14:00:00,2026-07-10,14,Afternoon,Charcoal Bar Soap,1.39,60.0,21.1,Material Shortage,38.9,83,50,2,48,3.33,96.0,60.24,64.83,92.47,57.55,4.57,10.44,1
PureGlow Soaps International (Fictional Dummy Company),Global Manufacturing Head - PureGlow Soaps,Australia,Australia,Perth,FCT028,Perth Soap Plant,LN0083,Line-2,2026-07-10 14:00:00,2026-07-10,14,Afternoon,Neem Bar Soap,1.37,60.0,40.0,Machine Breakdown,20.0,82,27,1,26,2.7,96.3,32.93,33.33,98.54,31.63,2.4,7.64,1
PureGlow Soaps International (Fictional Dummy Company),Global Manufacturing Head - PureGlow Soaps,Australia,Australia,Perth,FCT028,Perth Soap Plant,LN0084,Line-3,2026-07-10 14:00:00,2026-07-10,14,Afternoon,Sandalwood Bar Soap,0.99,60.0,1.3,No Downtime,58.7,59,55,2,53,3.66,96.36,93.22,97.83,94.64,89.22,5.43,34.13,1
PureGlow Soaps International (Fictional Dummy Company),Global Manufacturing Head - PureGlow Soaps,Australia,Australia,Perth,FCT028,Perth Soap Plant,LN0082,Line-1,2026-07-10 15:00:00,2026-07-10,15,Afternoon,Charcoal Bar Soap,1.39,60.0,0.1,No Downtime,59.9,83,76,4,72,5.49,94.74,91.57,99.83,91.28,86.33,7.02,17.15,1
PureGlow Soaps International (Fictional Dummy Company),Global Manufacturing Head - PureGlow Soaps,Australia,Australia,Perth,FCT028,Perth Soap Plant,LN0083,Line-2,2026-07-10 15:00:00,2026-07-10,15,Afternoon,Neem Bar Soap,1.37,60.0,19.0,Power Outage,41.0,82,52,1,51,2.47,98.08,63.41,68.33,92.58,62.05,5.28,14.94,3
PureGlow Soaps International (Fictional Dummy Company),Global Manufacturing Head - PureGlow Soaps,Australia,Australia,Perth,FCT028,Perth Soap Plant,LN0084,Line-3,2026-07-10 15:00:00,2026-07-10,15,Afternoon,Sandalwood Bar Soap,0.99,60.0,1.4,No Downtime,58.6,59,59,2,57,3.23,96.61,100.0,97.67,101.7,95.96,5.03,36.75,2
PureGlow Soaps International (Fictional Dummy Company),Global Manufacturing Head - PureGlow Soaps,Australia,Australia,Perth,FCT028,Perth Soap Plant,LN0082,Line-1,2026-07-10 16:00:00,2026-07-10,16,Afternoon,Charcoal Bar Soap,1.39,60.0,17.7,Material Shortage,42.3,83,58,0,58,0.17,100.0,69.88,70.5,98.64,69.54,4.98,12.16,3
PureGlow Soaps International (Fictional Dummy Company),Global Manufacturing Head - PureGlow Soaps,Australia,Australia,Perth,FCT028,Perth Soap Plant,LN0083,Line-2,2026-07-10 16:00:00,2026-07-10,16,Afternoon,Neem Bar Soap,1.37,60.0,19.2,Machine Breakdown,40.8,82,50,2,48,3.2,96.0,60.98,68.0,89.45,58.39,5.3,15.86,2
PureGlow Soaps International (Fictional Dummy Company),Global Manufacturing Head - PureGlow Soaps,Australia,Australia,Perth,FCT028,Perth Soap Plant,LN0084,Line-3,2026-07-10 16:00:00,2026-07-10,16,Afternoon,Sandalwood Bar Soap,0.99,60.0,30.8,Material Shortage,29.2,59,25,1,24,3.6,96.0,42.37,48.67,86.48,40.41,2.72,18.08,3
PureGlow Soaps International (Fictional Dummy Company),Global Manufacturing Head - PureGlow Soaps,Australia,Australia,Perth,FCT028,Perth Soap Plant,LN0082,Line-1,2026-07-10 17:00:00,2026-07-10,17,Afternoon,Charcoal Bar Soap,1.39,60.0,11.5,Changeover/Setup,48.5,83,67,2,65,2.72,97.01,80.72,80.83,99.38,77.93,5.79,12.61,2
PureGlow Soaps International (Fictional Dummy Company),Global Manufacturing Head - PureGlow Soaps,Australia,Australia,Perth,FCT028,Perth Soap Plant,LN0083,Line-2,2026-07-10 17:00:00,2026-07-10,17,Afternoon,Neem Bar Soap,1.37,60.0,19.6,Material Shortage,40.4,82,46,1,45,1.69,97.83,56.1,67.33,83.11,54.74,4.85,15.0,1
PureGlow Soaps International (Fictional Dummy Company),Global Manufacturing Head - PureGlow Soaps,Australia,Australia,Perth,FCT028,Perth Soap Plant,LN0084,Line-3,2026-07-10 17:00:00,2026-07-10,17,Afternoon,Sandalwood Bar Soap,0.99,60.0,14.0,Material Shortage,46.0,59,37,1,36,3.11,97.3,62.71,76.67,81.25,60.61,3.24,28.07,3
PureGlow Soaps International (Fictional Dummy Company),Global Manufacturing Head - PureGlow Soaps,Australia,Australia,Perth,FCT028,Perth Soap Plant,LN0082,Line-1,2026-07-10 18:00:00,2026-07-10,18,Afternoon,Charcoal Bar Soap,1.39,60.0,5.6,Changeover/Setup,54.4,83,61,3,58,4.12,95.08,73.49,90.67,80.67,69.54,5.74,13.8,2
PureGlow Soaps International (Fictional Dummy Company),Global Manufacturing Head - PureGlow Soaps,Australia,Australia,Perth,FCT028,Perth Soap Plant,LN0083,Line-2,2026-07-10 18:00:00,2026-07-10,18,Afternoon,Neem Bar Soap,1.37,60.0,27.9,Power Outage,32.1,82,39,1,38,2.36,97.44,47.56,53.5,88.68,46.23,3.69,12.87,1
PureGlow Soaps International (Fictional Dummy Company),Global Manufacturing Head - PureGlow Soaps,Australia,Australia,Perth,FCT028,Perth Soap Plant,LN0084,Line-3,2026-07-10 18:00:00,2026-07-10,18,Afternoon,Sandalwood Bar Soap,0.99,60.0,22.8,Staff Shortage,37.2,59,34,1,33,2.06,97.06,57.63,62.0,92.32,55.56,3.13,24.27,3
PureGlow Soaps International (Fictional Dummy Company),Global Manufacturing Head - PureGlow Soaps,Australia,Australia,Perth,FCT028,Perth Soap Plant,LN0082,Line-1,2026-07-10 19:00:00,2026-07-10,19,Afternoon,Charcoal Bar Soap,1.39,60.0,4.0,No Downtime,56.0,83,68,3,65,4.25,95.59,81.93,93.33,87.36,77.94,6.78,15.4,1
PureGlow Soaps International (Fictional Dummy Company),Global Manufacturing Head - PureGlow Soaps,Australia,Australia,Perth,FCT028,Perth Soap Plant,LN0083,Line-2,2026-07-10 19:00:00,2026-07-10,19,Afternoon,Neem Bar Soap,1.37,60.0,35.0,Preventive Maintenance,25.0,82,29,1,28,4.66,96.55,35.37,41.67,84.67,34.06,2.78,9.43,3
PureGlow Soaps International (Fictional Dummy Company),Global Manufacturing Head - PureGlow Soaps,Australia,Australia,Perth,FCT028,Perth Soap Plant,LN0084,Line-3,2026-07-10 19:00:00,2026-07-10,19,Afternoon,Sandalwood Bar Soap,0.99,60.0,7.3,Power Outage,52.7,59,50,3,47,6.16,94.0,84.75,87.83,95.84,79.13,4.37,34.83,1
PureGlow Soaps International (Fictional Dummy Company),Global Manufacturing Head - PureGlow Soaps,Australia,Australia,Perth,FCT028,Perth Soap Plant,LN0082,Line-1,2026-07-10 20:00:00,2026-07-10,20,Afternoon,Charcoal Bar Soap,1.39,60.0,2.1,No Downtime,57.9,83,79,2,77,2.57,97.47,95.18,96.5,98.16,92.33,8.46,14.78,1
PureGlow Soaps International (Fictional Dummy Company),Global Manufacturing Head - PureGlow Soaps,Australia,Australia,Perth,FCT028,Perth Soap Plant,LN0083,Line-2,2026-07-10 20:00:00,2026-07-10,20,Afternoon,Neem Bar Soap,1.37,60.0,0.7,No Downtime,59.3,82,79,1,78,1.84,98.73,96.34,98.83,97.24,94.88,7.79,23.46,3
PureGlow Soaps International (Fictional Dummy Company),Global Manufacturing Head - PureGlow Soaps,Australia,Australia,Perth,FCT028,Perth Soap Plant,LN0084,Line-3,2026-07-10 20:00:00,2026-07-10,20,Afternoon,Sandalwood Bar Soap,0.99,60.0,14.0,Quality Hold,46.0,59,37,4,33,9.59,89.19,62.71,76.67,81.25,55.56,3.66,27.46,3
PureGlow Soaps International (Fictional Dummy Company),Global Manufacturing Head - PureGlow Soaps,Australia,Australia,Perth,FCT028,Perth Soap Plant,LN0082,Line-1,2026-07-10 21:00:00,2026-07-10,21,Afternoon,Charcoal Bar Soap,1.39,60.0,41.6,Machine Breakdown,18.4,83,24,1,23,2.23,95.83,28.92,30.67,93.84,27.58,2.26,4.73,2
PureGlow Soaps International (Fictional Dummy Company),Global Manufacturing Head - PureGlow Soaps,Australia,Australia,Perth,FCT028,Perth Soap Plant,LN0083,Line-2,2026-07-10 21:00:00,2026-07-10,21,Afternoon,Neem Bar Soap,1.37,60.0,1.7,No Downtime,58.3,82,64,1,63,1.28,98.44,78.05,97.17,80.13,76.65,6.35,23.11,3
PureGlow Soaps International (Fictional Dummy Company),Global Manufacturing Head - PureGlow Soaps,Australia,Australia,Perth,FCT028,Perth Soap Plant,LN0084,Line-3,2026-07-10 21:00:00,2026-07-10,21,Afternoon,Sandalwood Bar Soap,0.99,60.0,23.3,Preventive Maintenance,36.7,59,35,1,34,2.22,97.14,59.32,61.17,96.33,57.24,3.41,23.24,2
PureGlow Soaps International (Fictional Dummy Company),Global Manufacturing Head - PureGlow Soaps,Australia,Australia,Perth,FCT028,Perth Soap Plant,LN0082,Line-1,2026-07-10 22:00:00,2026-07-10,22,Night,Charcoal Bar Soap,1.39,60.0,28.1,Machine Breakdown,31.9,83,43,1,42,2.96,97.67,51.81,53.17,96.98,50.36,4.03,8.95,1
PureGlow Soaps International (Fictional Dummy Company),Global Manufacturing Head - PureGlow Soaps,Australia,Australia,Perth,FCT028,Perth Soap Plant,LN0083,Line-2,2026-07-10 22:00:00,2026-07-10,22,Night,Neem Bar Soap,1.37,60.0,35.5,Machine Breakdown,24.5,82,33,1,32,3.41,96.97,40.24,40.83,98.32,38.93,3.54,9.67,2
PureGlow Soaps International (Fictional Dummy Company),Global Manufacturing Head - PureGlow Soaps,Australia,Australia,Perth,FCT028,Perth Soap Plant,LN0084,Line-3,2026-07-10 22:00:00,2026-07-10,22,Night,Sandalwood Bar Soap,0.99,60.0,2.4,No Downtime,57.6,59,50,3,47,5.2,94.0,84.75,96.0,87.68,79.12,4.61,32.98,1
PureGlow Soaps International (Fictional Dummy Company),Global Manufacturing Head - PureGlow Soaps,Australia,Australia,Perth,FCT028,Perth Soap Plant,LN0082,Line-1,2026-07-10 23:00:00,2026-07-10,23,Night,Charcoal Bar Soap,1.39,60.0,1.4,No Downtime,58.6,83,79,1,78,1.68,98.73,95.18,97.67,96.99,93.53,8.26,15.02,1
PureGlow Soaps International (Fictional Dummy Company),Global Manufacturing Head - PureGlow Soaps,Australia,Australia,Perth,FCT028,Perth Soap Plant,LN0083,Line-2,2026-07-10 23:00:00,2026-07-10,23,Night,Neem Bar Soap,1.37,60.0,44.1,Machine Breakdown,15.9,82,22,0,22,0.01,100.0,26.83,26.5,101.0,26.77,2.01,6.95,2
PureGlow Soaps International (Fictional Dummy Company),Global Manufacturing Head - PureGlow Soaps,Australia,Australia,Perth,FCT028,Perth Soap Plant,LN0084,Line-3,2026-07-10 23:00:00,2026-07-10,23,Night,Sandalwood Bar Soap,0.99,60.0,2.5,No Downtime,57.5,59,56,2,54,3.43,96.43,94.92,95.83,98.38,90.91,5.37,37.77,1
