Company,Global_Head,Continent,Country,City,Factory_ID,Factory_Name,Production_Line_ID,Production_Line_Name,Timestamp,Date,Hour_of_Day,Shift,Product_SKU,Rated_Speed_Units_per_Min,Planned_Runtime_Minutes,Downtime_Minutes,Downtime_Reason,Actual_Runtime_Minutes,Planned_Target_Units,Actual_Units_Produced,Rejected_Units,Good_Units,Defect_Rate_Percent,Quality_Score_Percent,Production_Attainment_Percent,Availability_Percent,Performance_Percent,OEE_Percent,Raw_Material_Consumed_Kg,Energy_Consumed_kWh,Operator_Count
PureGlow Soaps International (Fictional Dummy Company),Global Manufacturing Head - PureGlow Soaps,United States (North America),USA,Atlanta,FCT015,Atlanta Soap Plant,LN0043,Line-1,2026-07-01 00:00:00,2026-07-01,0,Night,Charcoal Bar Soap,1.13,60.0,25.9,Material Shortage,34.1,68,38,1,37,2.3,97.37,55.88,56.83,98.62,54.57,3.98,9.89,2
PureGlow Soaps International (Fictional Dummy Company),Global Manufacturing Head - PureGlow Soaps,United States (North America),USA,Atlanta,FCT015,Atlanta Soap Plant,LN0044,Line-2,2026-07-01 00:00:00,2026-07-01,0,Night,Aloe Vera Liquid Soap,1.07,60.0,1.5,No Downtime,58.5,64,58,3,55,5.33,94.83,90.62,97.5,92.66,85.67,6.27,34.61,1
PureGlow Soaps International (Fictional Dummy Company),Global Manufacturing Head - PureGlow Soaps,United States (North America),USA,Atlanta,FCT015,Atlanta Soap Plant,LN0045,Line-3,2026-07-01 00:00:00,2026-07-01,0,Night,Coconut Bar Soap,1.15,60.0,28.1,Material Shortage,31.9,69,32,2,30,4.93,93.75,46.38,53.17,87.23,43.48,3.39,8.21,2
PureGlow Soaps International (Fictional Dummy Company),Global Manufacturing Head - PureGlow Soaps,United States (North America),USA,Atlanta,FCT015,Atlanta Soap Plant,LN0043,Line-1,2026-07-01 01:00:00,2026-07-01,1,Night,Charcoal Bar Soap,1.13,60.0,2.6,No Downtime,57.4,68,65,2,63,2.91,96.92,95.59,95.67,100.21,92.92,7.02,16.93,1
PureGlow Soaps International (Fictional Dummy Company),Global Manufacturing Head - PureGlow Soaps,United States (North America),USA,Atlanta,FCT015,Atlanta Soap Plant,LN0044,Line-2,2026-07-01 01:00:00,2026-07-01,1,Night,Aloe Vera Liquid Soap,1.07,60.0,31.7,Material Shortage,28.3,64,25,1,24,2.61,96.0,39.06,47.17,82.56,37.39,2.25,17.89,2
PureGlow Soaps International (Fictional Dummy Company),Global Manufacturing Head - PureGlow Soaps,United States (North America),USA,Atlanta,FCT015,Atlanta Soap Plant,LN0045,Line-3,2026-07-01 01:00:00,2026-07-01,1,Night,Coconut Bar Soap,1.15,60.0,0.8,No Downtime,59.2,69,65,2,63,2.65,96.92,94.2,98.67,95.48,91.31,7.09,17.4,1
PureGlow Soaps International (Fictional Dummy Company),Global Manufacturing Head - PureGlow Soaps,United States (North America),USA,Atlanta,FCT015,Atlanta Soap Plant,LN0043,Line-1,2026-07-01 02:00:00,2026-07-01,2,Night,Charcoal Bar Soap,1.13,60.0,1.3,No Downtime,58.7,68,63,2,61,3.72,96.83,92.65,97.83,94.98,89.97,5.43,19.01,1
PureGlow Soaps International (Fictional Dummy Company),Global Manufacturing Head - PureGlow Soaps,United States (North America),USA,Atlanta,FCT015,Atlanta Soap Plant,LN0044,Line-2,2026-07-01 02:00:00,2026-07-01,2,Night,Aloe Vera Liquid Soap,1.07,60.0,1.2,No Downtime,58.8,64,52,2,50,4.45,96.15,81.25,98.0,82.65,77.88,5.48,36.52,1
PureGlow Soaps International (Fictional Dummy Company),Global Manufacturing Head - PureGlow Soaps,United States (North America),USA,Atlanta,FCT015,Atlanta Soap Plant,LN0045,Line-3,2026-07-01 02:00:00,2026-07-01,2,Night,Coconut Bar Soap,1.15,60.0,29.0,Material Shortage,31.0,69,33,2,31,5.61,93.94,47.83,51.67,92.57,44.93,3.32,8.93,2
PureGlow Soaps International (Fictional Dummy Company),Global Manufacturing Head - PureGlow Soaps,United States (North America),USA,Atlanta,FCT015,Atlanta Soap Plant,LN0043,Line-1,2026-07-01 03:00:00,2026-07-01,3,Night,Charcoal Bar Soap,1.13,60.0,3.4,No Downtime,56.6,68,58,2,56,4.11,96.55,85.29,94.33,90.68,82.59,6.03,19.59,1
PureGlow Soaps International (Fictional Dummy Company),Global Manufacturing Head - PureGlow Soaps,United States (North America),USA,Atlanta,FCT015,Atlanta Soap Plant,LN0044,Line-2,2026-07-01 03:00:00,2026-07-01,3,Night,Aloe Vera Liquid Soap,1.07,60.0,17.5,Material Shortage,42.5,64,39,1,38,2.86,97.44,60.94,70.83,85.76,59.19,3.98,28.04,2
PureGlow Soaps International (Fictional Dummy Company),Global Manufacturing Head - PureGlow Soaps,United States (North America),USA,Atlanta,FCT015,Atlanta Soap Plant,LN0045,Line-3,2026-07-01 03:00:00,2026-07-01,3,Night,Coconut Bar Soap,1.15,60.0,3.7,No Downtime,56.3,69,53,2,51,4.69,96.23,76.81,93.83,81.86,73.91,5.02,16.63,3
PureGlow Soaps International (Fictional Dummy Company),Global Manufacturing Head - PureGlow Soaps,United States (North America),USA,Atlanta,FCT015,Atlanta Soap Plant,LN0043,Line-1,2026-07-01 04:00:00,2026-07-01,4,Night,Charcoal Bar Soap,1.13,60.0,0.2,No Downtime,59.8,68,69,0,69,0.29,100.0,101.47,99.67,102.11,101.77,7.25,19.86,1
PureGlow Soaps International (Fictional Dummy Company),Global Manufacturing Head - PureGlow Soaps,United States (North America),USA,Atlanta,FCT015,Atlanta Soap Plant,LN0044,Line-2,2026-07-01 04:00:00,2026-07-01,4,Night,Aloe Vera Liquid Soap,1.07,60.0,0.3,No Downtime,59.7,64,60,2,58,3.1,96.67,93.75,99.5,93.93,90.35,5.59,35.24,1
PureGlow Soaps International (Fictional Dummy Company),Global Manufacturing Head - PureGlow Soaps,United States (North America),USA,Atlanta,FCT015,Atlanta Soap Plant,LN0045,Line-3,2026-07-01 04:00:00,2026-07-01,4,Night,Coconut Bar Soap,1.15,60.0,0.4,No Downtime,59.6,69,69,2,67,2.31,97.1,100.0,99.33,100.67,97.1,7.38,17.2,3
PureGlow Soaps International (Fictional Dummy Company),Global Manufacturing Head - PureGlow Soaps,United States (North America),USA,Atlanta,FCT015,Atlanta Soap Plant,LN0043,Line-1,2026-07-01 05:00:00,2026-07-01,5,Night,Charcoal Bar Soap,1.13,60.0,2.9,No Downtime,57.1,68,60,3,57,4.23,95.0,88.24,95.17,92.99,84.07,6.07,18.5,3
PureGlow Soaps International (Fictional Dummy Company),Global Manufacturing Head - PureGlow Soaps,United States (North America),USA,Atlanta,FCT015,Atlanta Soap Plant,LN0044,Line-2,2026-07-01 05:00:00,2026-07-01,5,Night,Aloe Vera Liquid Soap,1.07,60.0,19.4,Machine Breakdown,40.6,64,38,1,37,2.88,97.37,59.38,67.67,87.47,57.63,3.65,27.51,3
PureGlow Soaps International (Fictional Dummy Company),Global Manufacturing Head - PureGlow Soaps,United States (North America),USA,Atlanta,FCT015,Atlanta Soap Plant,LN0045,Line-3,2026-07-01 05:00:00,2026-07-01,5,Night,Coconut Bar Soap,1.15,60.0,43.4,Machine Breakdown,16.6,69,16,1,15,3.31,93.75,23.19,27.67,83.81,21.74,1.44,4.88,3
PureGlow Soaps International (Fictional Dummy Company),Global Manufacturing Head - PureGlow Soaps,United States (North America),USA,Atlanta,FCT015,Atlanta Soap Plant,LN0043,Line-1,2026-07-01 06:00:00,2026-07-01,6,Morning,Charcoal Bar Soap,1.13,60.0,30.8,Preventive Maintenance,29.2,68,31,1,30,3.5,96.77,45.59,48.67,93.95,44.25,3.05,9.08,3
PureGlow Soaps International (Fictional Dummy Company),Global Manufacturing Head - PureGlow Soaps,United States (North America),USA,Atlanta,FCT015,Atlanta Soap Plant,LN0044,Line-2,2026-07-01 06:00:00,2026-07-01,6,Morning,Aloe Vera Liquid Soap,1.07,60.0,3.9,No Downtime,56.1,64,53,1,52,1.98,98.11,82.81,93.5,88.29,80.99,5.39,32.92,3
PureGlow Soaps International (Fictional Dummy Company),Global Manufacturing Head - PureGlow Soaps,United States (North America),USA,Atlanta,FCT015,Atlanta Soap Plant,LN0045,Line-3,2026-07-01 06:00:00,2026-07-01,6,Morning,Coconut Bar Soap,1.15,60.0,11.0,Machine Breakdown,49.0,69,56,2,54,3.04,96.43,81.16,81.67,99.38,78.27,5.19,14.95,1
PureGlow Soaps International (Fictional Dummy Company),Global Manufacturing Head - PureGlow Soaps,United States (North America),USA,Atlanta,FCT015,Atlanta Soap Plant,LN0043,Line-1,2026-07-01 07:00:00,2026-07-01,7,Morning,Charcoal Bar Soap,1.13,60.0,12.2,Material Shortage,47.8,68,49,0,49,0.39,100.0,72.06,79.67,90.72,72.28,4.34,15.46,3
PureGlow Soaps International (Fictional Dummy Company),Global Manufacturing Head - PureGlow Soaps,United States (North America),USA,Atlanta,FCT015,Atlanta Soap Plant,LN0044,Line-2,2026-07-01 07:00:00,2026-07-01,7,Morning,Aloe Vera Liquid Soap,1.07,60.0,12.5,Changeover/Setup,47.5,64,49,0,49,0.6,100.0,76.56,79.17,96.41,76.33,4.25,28.23,1
PureGlow Soaps International (Fictional Dummy Company),Global Manufacturing Head - PureGlow Soaps,United States (North America),USA,Atlanta,FCT015,Atlanta Soap Plant,LN0045,Line-3,2026-07-01 07:00:00,2026-07-01,7,Morning,Coconut Bar Soap,1.15,60.0,29.8,Material Shortage,30.2,69,36,1,35,2.45,97.22,52.17,50.33,103.66,50.72,3.62,8.28,3
PureGlow Soaps International (Fictional Dummy Company),Global Manufacturing Head - PureGlow Soaps,United States (North America),USA,Atlanta,FCT015,Atlanta Soap Plant,LN0043,Line-1,2026-07-01 08:00:00,2026-07-01,8,Morning,Charcoal Bar Soap,1.13,60.0,3.0,No Downtime,57.0,68,66,3,63,3.85,95.45,97.06,95.0,102.47,92.92,5.89,19.91,2
PureGlow Soaps International (Fictional Dummy Company),Global Manufacturing Head - PureGlow Soaps,United States (North America),USA,Atlanta,FCT015,Atlanta Soap Plant,LN0044,Line-2,2026-07-01 08:00:00,2026-07-01,8,Morning,Aloe Vera Liquid Soap,1.07,60.0,34.3,Machine Breakdown,25.7,64,28,1,27,2.04,96.43,43.75,42.83,101.82,42.05,2.83,17.68,2
PureGlow Soaps International (Fictional Dummy Company),Global Manufacturing Head - PureGlow Soaps,United States (North America),USA,Atlanta,FCT015,Atlanta Soap Plant,LN0045,Line-3,2026-07-01 08:00:00,2026-07-01,8,Morning,Coconut Bar Soap,1.15,60.0,12.3,Changeover/Setup,47.7,69,45,1,44,1.79,97.78,65.22,79.5,82.03,63.77,4.1,13.97,3
PureGlow Soaps International (Fictional Dummy Company),Global Manufacturing Head - PureGlow Soaps,United States (North America),USA,Atlanta,FCT015,Atlanta Soap Plant,LN0043,Line-1,2026-07-01 09:00:00,2026-07-01,9,Morning,Charcoal Bar Soap,1.13,60.0,1.2,No Downtime,58.8,68,57,1,56,1.71,98.25,83.82,98.0,85.79,82.6,5.36,17.4,3
PureGlow Soaps International (Fictional Dummy Company),Global Manufacturing Head - PureGlow Soaps,United States (North America),USA,Atlanta,FCT015,Atlanta Soap Plant,LN0044,Line-2,2026-07-01 09:00:00,2026-07-01,9,Morning,Aloe Vera Liquid Soap,1.07,60.0,0.1,No Downtime,59.9,64,63,2,61,3.86,96.83,98.44,99.83,98.29,95.01,5.8,36.81,1
PureGlow Soaps International (Fictional Dummy Company),Global Manufacturing Head - PureGlow Soaps,United States (North America),USA,Atlanta,FCT015,Atlanta Soap Plant,LN0045,Line-3,2026-07-01 09:00:00,2026-07-01,9,Morning,Coconut Bar Soap,1.15,60.0,2.0,No Downtime,58.0,69,61,3,58,4.1,95.08,88.41,96.67,91.45,84.06,5.57,17.04,3
PureGlow Soaps International (Fictional Dummy Company),Global Manufacturing Head - PureGlow Soaps,United States (North America),USA,Atlanta,FCT015,Atlanta Soap Plant,LN0043,Line-1,2026-07-01 10:00:00,2026-07-01,10,Morning,Charcoal Bar Soap,1.13,60.0,5.4,Quality Hold,54.6,68,52,5,47,9.5,90.38,76.47,91.0,84.28,69.32,5.02,17.92,3
PureGlow Soaps International (Fictional Dummy Company),Global Manufacturing Head - PureGlow Soaps,United States (North America),USA,Atlanta,FCT015,Atlanta Soap Plant,LN0044,Line-2,2026-07-01 10:00:00,2026-07-01,10,Morning,Aloe Vera Liquid Soap,1.07,60.0,1.7,No Downtime,58.3,64,59,3,56,4.94,94.92,92.19,97.17,94.58,87.23,5.09,38.71,1
PureGlow Soaps International (Fictional Dummy Company),Global Manufacturing Head - PureGlow Soaps,United States (North America),USA,Atlanta,FCT015,Atlanta Soap Plant,LN0045,Line-3,2026-07-01 10:00:00,2026-07-01,10,Morning,Coconut Bar Soap,1.15,60.0,0.8,No Downtime,59.2,69,69,3,66,4.67,95.65,100.0,98.67,101.35,95.65,6.49,16.18,2
PureGlow Soaps International (Fictional Dummy Company),Global Manufacturing Head - PureGlow Soaps,United States (North America),USA,Atlanta,FCT015,Atlanta Soap Plant,LN0043,Line-1,2026-07-01 11:00:00,2026-07-01,11,Morning,Charcoal Bar Soap,1.13,60.0,3.2,No Downtime,56.8,68,61,1,60,2.09,98.36,89.71,94.67,95.04,88.5,6.14,18.35,1
PureGlow Soaps International (Fictional Dummy Company),Global Manufacturing Head - PureGlow Soaps,United States (North America),USA,Atlanta,FCT015,Atlanta Soap Plant,LN0044,Line-2,2026-07-01 11:00:00,2026-07-01,11,Morning,Aloe Vera Liquid Soap,1.07,60.0,24.7,Material Shortage,35.3,64,36,1,35,2.54,97.22,56.25,58.83,95.31,54.51,3.8,21.35,1
PureGlow Soaps International (Fictional Dummy Company),Global Manufacturing Head - PureGlow Soaps,United States (North America),USA,Atlanta,FCT015,Atlanta Soap Plant,LN0045,Line-3,2026-07-01 11:00:00,2026-07-01,11,Morning,Coconut Bar Soap,1.15,60.0,31.4,Material Shortage,28.6,69,27,1,26,2.92,96.3,39.13,47.67,82.09,37.68,2.49,7.35,1
PureGlow Soaps International (Fictional Dummy Company),Global Manufacturing Head - PureGlow Soaps,United States (North America),USA,Atlanta,FCT015,Atlanta Soap Plant,LN0043,Line-1,2026-07-01 12:00:00,2026-07-01,12,Morning,Charcoal Bar Soap,1.13,60.0,26.3,Preventive Maintenance,33.7,68,31,1,30,2.12,96.77,45.59,56.17,81.41,44.25,2.64,10.96,3
PureGlow Soaps International (Fictional Dummy Company),Global Manufacturing Head - PureGlow Soaps,United States (North America),USA,Atlanta,FCT015,Atlanta Soap Plant,LN0044,Line-2,2026-07-01 12:00:00,2026-07-01,12,Morning,Aloe Vera Liquid Soap,1.07,60.0,15.5,Quality Hold,44.5,64,47,3,44,5.96,93.62,73.44,74.17,98.71,68.54,4.44,27.62,1
PureGlow Soaps International (Fictional Dummy Company),Global Manufacturing Head - PureGlow Soaps,United States (North America),USA,Atlanta,FCT015,Atlanta Soap Plant,LN0045,Line-3,2026-07-01 12:00:00,2026-07-01,12,Morning,Coconut Bar Soap,1.15,60.0,14.1,Changeover/Setup,45.9,69,54,2,52,3.71,96.3,78.26,76.5,102.3,75.36,5.34,12.74,1
PureGlow Soaps International (Fictional Dummy Company),Global Manufacturing Head - PureGlow Soaps,United States (North America),USA,Atlanta,FCT015,Atlanta Soap Plant,LN0043,Line-1,2026-07-01 13:00:00,2026-07-01,13,Morning,Charcoal Bar Soap,1.13,60.0,21.3,Staff Shortage,38.7,68,44,1,43,3.36,97.73,64.71,64.5,100.62,63.43,4.01,12.94,2
PureGlow Soaps International (Fictional Dummy Company),Global Manufacturing Head - PureGlow Soaps,United States (North America),USA,Atlanta,FCT015,Atlanta Soap Plant,LN0044,Line-2,2026-07-01 13:00:00,2026-07-01,13,Morning,Aloe Vera Liquid Soap,1.07,60.0,11.3,Material Shortage,48.7,64,49,2,47,4.58,95.92,76.56,81.17,94.03,73.21,5.07,31.95,2
PureGlow Soaps International (Fictional Dummy Company),Global Manufacturing Head - PureGlow Soaps,United States (North America),USA,Atlanta,FCT015,Atlanta Soap Plant,LN0045,Line-3,2026-07-01 13:00:00,2026-07-01,13,Morning,Coconut Bar Soap,1.15,60.0,17.4,Machine Breakdown,42.6,69,43,1,42,1.73,97.67,62.32,71.0,87.77,60.86,3.85,10.88,3
PureGlow Soaps International (Fictional Dummy Company),Global Manufacturing Head - PureGlow Soaps,United States (North America),USA,Atlanta,FCT015,Atlanta Soap Plant,LN0043,Line-1,2026-07-01 14:00:00,2026-07-01,14,Afternoon,Charcoal Bar Soap,1.13,60.0,35.9,Machine Breakdown,24.1,68,24,1,23,3.29,95.83,35.29,40.17,88.13,33.93,2.54,7.67,2
PureGlow Soaps International (Fictional Dummy Company),Global Manufacturing Head - PureGlow Soaps,United States (North America),USA,Atlanta,FCT015,Atlanta Soap Plant,LN0044,Line-2,2026-07-01 14:00:00,2026-07-01,14,Afternoon,Aloe Vera Liquid Soap,1.07,60.0,0.3,No Downtime,59.7,64,66,3,63,4.43,95.45,103.12,99.5,103.32,98.13,6.07,36.8,1
PureGlow Soaps International (Fictional Dummy Company),Global Manufacturing Head - PureGlow Soaps,United States (North America),USA,Atlanta,FCT015,Atlanta Soap Plant,LN0045,Line-3,2026-07-01 14:00:00,2026-07-01,14,Afternoon,Coconut Bar Soap,1.15,60.0,2.4,No Downtime,57.6,69,67,2,65,3.47,97.01,97.1,96.0,101.15,94.2,7.23,16.07,3
PureGlow Soaps International (Fictional Dummy Company),Global Manufacturing Head - PureGlow Soaps,United States (North America),USA,Atlanta,FCT015,Atlanta Soap Plant,LN0043,Line-1,2026-07-01 15:00:00,2026-07-01,15,Afternoon,Charcoal Bar Soap,1.13,60.0,35.8,Preventive Maintenance,24.2,68,22,1,21,2.87,95.45,32.35,40.33,80.45,30.97,2.09,7.79,3
PureGlow Soaps International (Fictional Dummy Company),Global Manufacturing Head - PureGlow Soaps,United States (North America),USA,Atlanta,FCT015,Atlanta Soap Plant,LN0044,Line-2,2026-07-01 15:00:00,2026-07-01,15,Afternoon,Aloe Vera Liquid Soap,1.07,60.0,18.8,Changeover/Setup,41.2,64,41,2,39,5.45,95.12,64.06,68.67,93.0,60.75,4.17,25.22,3
PureGlow Soaps International (Fictional Dummy Company),Global Manufacturing Head - PureGlow Soaps,United States (North America),USA,Atlanta,FCT015,Atlanta Soap Plant,LN0045,Line-3,2026-07-01 15:00:00,2026-07-01,15,Afternoon,Coconut Bar Soap,1.15,60.0,11.9,Machine Breakdown,48.1,69,48,1,47,2.13,97.92,69.57,80.17,86.78,68.12,5.0,13.41,3
PureGlow Soaps International (Fictional Dummy Company),Global Manufacturing Head - PureGlow Soaps,United States (North America),USA,Atlanta,FCT015,Atlanta Soap Plant,LN0043,Line-1,2026-07-01 16:00:00,2026-07-01,16,Afternoon,Charcoal Bar Soap,1.13,60.0,3.6,No Downtime,56.4,68,52,1,51,2.7,98.08,76.47,94.0,81.59,75.22,5.59,19.19,1
PureGlow Soaps International (Fictional Dummy Company),Global Manufacturing Head - PureGlow Soaps,United States (North America),USA,Atlanta,FCT015,Atlanta Soap Plant,LN0044,Line-2,2026-07-01 16:00:00,2026-07-01,16,Afternoon,Aloe Vera Liquid Soap,1.07,60.0,17.6,Changeover/Setup,42.4,64,42,2,40,3.68,95.24,65.62,70.67,92.58,62.31,4.58,29.25,2
PureGlow Soaps International (Fictional Dummy Company),Global Manufacturing Head - PureGlow Soaps,United States (North America),USA,Atlanta,FCT015,Atlanta Soap Plant,LN0045,Line-3,2026-07-01 16:00:00,2026-07-01,16,Afternoon,Coconut Bar Soap,1.15,60.0,36.9,Machine Breakdown,23.1,69,27,0,27,0.26,100.0,39.13,38.5,101.64,39.13,2.45,6.8,2
PureGlow Soaps International (Fictional Dummy Company),Global Manufacturing Head - PureGlow Soaps,United States (North America),USA,Atlanta,FCT015,Atlanta Soap Plant,LN0043,Line-1,2026-07-01 17:00:00,2026-07-01,17,Afternoon,Charcoal Bar Soap,1.13,60.0,26.3,Power Outage,33.7,68,34,2,32,4.78,94.12,50.0,56.17,89.28,47.2,3.06,10.75,2
PureGlow Soaps International (Fictional Dummy Company),Global Manufacturing Head - PureGlow Soaps,United States (North America),USA,Atlanta,FCT015,Atlanta Soap Plant,LN0044,Line-2,2026-07-01 17:00:00,2026-07-01,17,Afternoon,Aloe Vera Liquid Soap,1.07,60.0,42.8,Machine Breakdown,17.2,64,16,1,15,4.13,93.75,25.0,28.67,86.94,23.37,1.72,11.12,2
PureGlow Soaps International (Fictional Dummy Company),Global Manufacturing Head - PureGlow Soaps,United States (North America),USA,Atlanta,FCT015,Atlanta Soap Plant,LN0045,Line-3,2026-07-01 17:00:00,2026-07-01,17,Afternoon,Coconut Bar Soap,1.15,60.0,0.8,No Downtime,59.2,69,59,1,58,2.09,98.31,85.51,98.67,86.66,84.06,6.48,15.92,1
PureGlow Soaps International (Fictional Dummy Company),Global Manufacturing Head - PureGlow Soaps,United States (North America),USA,Atlanta,FCT015,Atlanta Soap Plant,LN0043,Line-1,2026-07-01 18:00:00,2026-07-01,18,Afternoon,Charcoal Bar Soap,1.13,60.0,13.0,Changeover/Setup,47.0,68,43,2,41,5.4,95.35,63.24,78.33,80.96,60.47,3.96,16.29,2
PureGlow Soaps International (Fictional Dummy Company),Global Manufacturing Head - PureGlow Soaps,United States (North America),USA,Atlanta,FCT015,Atlanta Soap Plant,LN0044,Line-2,2026-07-01 18:00:00,2026-07-01,18,Afternoon,Aloe Vera Liquid Soap,1.07,60.0,0.3,No Downtime,59.7,64,56,2,54,2.99,96.43,87.5,99.5,87.67,84.12,6.13,36.19,2
PureGlow Soaps International (Fictional Dummy Company),Global Manufacturing Head - PureGlow Soaps,United States (North America),USA,Atlanta,FCT015,Atlanta Soap Plant,LN0045,Line-3,2026-07-01 18:00:00,2026-07-01,18,Afternoon,Coconut Bar Soap,1.15,60.0,40.3,Machine Breakdown,19.7,69,21,0,21,0.77,100.0,30.43,32.83,92.69,30.43,1.99,5.04,1
PureGlow Soaps International (Fictional Dummy Company),Global Manufacturing Head - PureGlow Soaps,United States (North America),USA,Atlanta,FCT015,Atlanta Soap Plant,LN0043,Line-1,2026-07-01 19:00:00,2026-07-01,19,Afternoon,Charcoal Bar Soap,1.13,60.0,16.2,Machine Breakdown,43.8,68,41,2,39,4.13,95.12,60.29,73.0,82.84,57.52,3.69,12.63,3
PureGlow Soaps International (Fictional Dummy Company),Global Manufacturing Head - PureGlow Soaps,United States (North America),USA,Atlanta,FCT015,Atlanta Soap Plant,LN0044,Line-2,2026-07-01 19:00:00,2026-07-01,19,Afternoon,Aloe Vera Liquid Soap,1.07,60.0,11.7,Changeover/Setup,48.3,64,48,1,47,2.93,97.92,75.0,80.5,92.88,73.21,4.86,31.09,2
PureGlow Soaps International (Fictional Dummy Company),Global Manufacturing Head - PureGlow Soaps,United States (North America),USA,Atlanta,FCT015,Atlanta Soap Plant,LN0045,Line-3,2026-07-01 19:00:00,2026-07-01,19,Afternoon,Coconut Bar Soap,1.15,60.0,24.5,Staff Shortage,35.5,69,33,1,32,2.3,96.97,47.83,59.17,80.83,46.38,3.01,10.35,3
PureGlow Soaps International (Fictional Dummy Company),Global Manufacturing Head - PureGlow Soaps,United States (North America),USA,Atlanta,FCT015,Atlanta Soap Plant,LN0043,Line-1,2026-07-01 20:00:00,2026-07-01,20,Afternoon,Charcoal Bar Soap,1.13,60.0,44.2,Machine Breakdown,15.8,68,17,0,17,1.02,100.0,25.0,26.33,95.22,25.07,1.62,4.88,3
PureGlow Soaps International (Fictional Dummy Company),Global Manufacturing Head - PureGlow Soaps,United States (North America),USA,Atlanta,FCT015,Atlanta Soap Plant,LN0044,Line-2,2026-07-01 20:00:00,2026-07-01,20,Afternoon,Aloe Vera Liquid Soap,1.07,60.0,13.2,Machine Breakdown,46.8,64,50,2,48,3.84,96.0,78.12,78.0,99.85,74.77,5.13,31.09,2
PureGlow Soaps International (Fictional Dummy Company),Global Manufacturing Head - PureGlow Soaps,United States (North America),USA,Atlanta,FCT015,Atlanta Soap Plant,LN0045,Line-3,2026-07-01 20:00:00,2026-07-01,20,Afternoon,Coconut Bar Soap,1.15,60.0,8.9,Quality Hold,51.1,69,60,6,54,10.47,90.0,86.96,85.17,102.1,78.26,6.55,13.29,2
PureGlow Soaps International (Fictional Dummy Company),Global Manufacturing Head - PureGlow Soaps,United States (North America),USA,Atlanta,FCT015,Atlanta Soap Plant,LN0043,Line-1,2026-07-01 21:00:00,2026-07-01,21,Afternoon,Charcoal Bar Soap,1.13,60.0,29.7,Machine Breakdown,30.3,68,31,1,30,4.47,96.77,45.59,50.5,90.54,44.25,3.13,9.23,3
PureGlow Soaps International (Fictional Dummy Company),Global Manufacturing Head - PureGlow Soaps,United States (North America),USA,Atlanta,FCT015,Atlanta Soap Plant,LN0044,Line-2,2026-07-01 21:00:00,2026-07-01,21,Afternoon,Aloe Vera Liquid Soap,1.07,60.0,16.6,Preventive Maintenance,43.4,64,44,1,43,3.07,97.73,68.75,72.33,94.75,66.98,4.23,30.08,3
PureGlow Soaps International (Fictional Dummy Company),Global Manufacturing Head - PureGlow Soaps,United States (North America),USA,Atlanta,FCT015,Atlanta Soap Plant,LN0045,Line-3,2026-07-01 21:00:00,2026-07-01,21,Afternoon,Coconut Bar Soap,1.15,60.0,28.3,Machine Breakdown,31.7,69,31,1,30,2.15,96.77,44.93,52.83,85.04,43.48,2.94,9.54,2
PureGlow Soaps International (Fictional Dummy Company),Global Manufacturing Head - PureGlow Soaps,United States (North America),USA,Atlanta,FCT015,Atlanta Soap Plant,LN0043,Line-1,2026-07-01 22:00:00,2026-07-01,22,Night,Charcoal Bar Soap,1.13,60.0,20.1,Power Outage,39.9,68,38,2,36,5.16,94.74,55.88,66.5,84.28,53.1,3.91,13.93,3
PureGlow Soaps International (Fictional Dummy Company),Global Manufacturing Head - PureGlow Soaps,United States (North America),USA,Atlanta,FCT015,Atlanta Soap Plant,LN0044,Line-2,2026-07-01 22:00:00,2026-07-01,22,Night,Aloe Vera Liquid Soap,1.07,60.0,33.9,Material Shortage,26.1,64,29,1,28,4.65,96.55,45.31,43.5,103.84,43.61,2.63,15.95,1
PureGlow Soaps International (Fictional Dummy Company),Global Manufacturing Head - PureGlow Soaps,United States (North America),USA,Atlanta,FCT015,Atlanta Soap Plant,LN0045,Line-3,2026-07-01 22:00:00,2026-07-01,22,Night,Coconut Bar Soap,1.15,60.0,2.6,No Downtime,57.4,69,67,3,64,3.98,95.52,97.1,95.67,101.5,92.75,6.97,15.6,3
PureGlow Soaps International (Fictional Dummy Company),Global Manufacturing Head - PureGlow Soaps,United States (North America),USA,Atlanta,FCT015,Atlanta Soap Plant,LN0043,Line-1,2026-07-01 23:00:00,2026-07-01,23,Night,Charcoal Bar Soap,1.13,60.0,28.2,Power Outage,31.8,68,35,2,33,4.72,94.29,51.47,53.0,97.4,48.67,3.69,9.96,1
PureGlow Soaps International (Fictional Dummy Company),Global Manufacturing Head - PureGlow Soaps,United States (North America),USA,Atlanta,FCT015,Atlanta Soap Plant,LN0044,Line-2,2026-07-01 23:00:00,2026-07-01,23,Night,Aloe Vera Liquid Soap,1.07,60.0,11.0,Machine Breakdown,49.0,64,51,3,48,5.6,94.12,79.69,81.67,97.27,74.77,5.22,28.7,1
PureGlow Soaps International (Fictional Dummy Company),Global Manufacturing Head - PureGlow Soaps,United States (North America),USA,Atlanta,FCT015,Atlanta Soap Plant,LN0045,Line-3,2026-07-01 23:00:00,2026-07-01,23,Night,Coconut Bar Soap,1.15,60.0,15.1,Power Outage,44.9,69,47,1,46,3.11,97.87,68.12,74.83,91.02,66.66,4.95,11.77,2
PureGlow Soaps International (Fictional Dummy Company),Global Manufacturing Head - PureGlow Soaps,United States (North America),USA,Atlanta,FCT015,Atlanta Soap Plant,LN0043,Line-1,2026-07-02 00:00:00,2026-07-02,0,Night,Neem Bar Soap,1.13,60.0,9.7,Quality Hold,50.3,68,58,6,52,10.7,89.66,85.29,83.83,102.04,76.7,5.97,15.96,3
PureGlow Soaps International (Fictional Dummy Company),Global Manufacturing Head - PureGlow Soaps,United States (North America),USA,Atlanta,FCT015,Atlanta Soap Plant,LN0044,Line-2,2026-07-02 00:00:00,2026-07-02,0,Night,Neem Bar Soap,1.07,60.0,0.0,No Downtime,60.0,64,53,3,50,5.0,94.34,82.81,100.0,82.55,77.88,5.01,40.72,1
PureGlow Soaps International (Fictional Dummy Company),Global Manufacturing Head - PureGlow Soaps,United States (North America),USA,Atlanta,FCT015,Atlanta Soap Plant,LN0045,Line-3,2026-07-02 00:00:00,2026-07-02,0,Night,Lavender Bar Soap,1.15,60.0,2.7,No Downtime,57.3,69,66,2,64,3.25,96.97,95.65,95.5,100.16,92.75,6.87,16.35,1
PureGlow Soaps International (Fictional Dummy Company),Global Manufacturing Head - PureGlow Soaps,United States (North America),USA,Atlanta,FCT015,Atlanta Soap Plant,LN0043,Line-1,2026-07-02 01:00:00,2026-07-02,1,Night,Neem Bar Soap,1.13,60.0,1.6,No Downtime,58.4,68,65,2,63,2.36,96.92,95.59,97.33,98.5,92.92,6.79,16.89,2
PureGlow Soaps International (Fictional Dummy Company),Global Manufacturing Head - PureGlow Soaps,United States (North America),USA,Atlanta,FCT015,Atlanta Soap Plant,LN0044,Line-2,2026-07-02 01:00:00,2026-07-02,1,Night,Neem Bar Soap,1.07,60.0,35.9,Preventive Maintenance,24.1,64,23,0,23,1.51,100.0,35.94,40.17,89.19,35.83,2.28,15.65,2
PureGlow Soaps International (Fictional Dummy Company),Global Manufacturing Head - PureGlow Soaps,United States (North America),USA,Atlanta,FCT015,Atlanta Soap Plant,LN0045,Line-3,2026-07-02 01:00:00,2026-07-02,1,Night,Lavender Bar Soap,1.15,60.0,41.9,Machine Breakdown,18.1,69,17,1,16,3.84,94.12,24.64,30.17,81.67,23.19,1.61,4.56,1
PureGlow Soaps International (Fictional Dummy Company),Global Manufacturing Head - PureGlow Soaps,United States (North America),USA,Atlanta,FCT015,Atlanta Soap Plant,LN0043,Line-1,2026-07-02 02:00:00,2026-07-02,2,Night,Neem Bar Soap,1.13,60.0,6.6,Staff Shortage,53.4,68,51,1,50,2.43,98.04,75.0,89.0,84.52,73.75,5.4,17.43,1
PureGlow Soaps International (Fictional Dummy Company),Global Manufacturing Head - PureGlow Soaps,United States (North America),USA,Atlanta,FCT015,Atlanta Soap Plant,LN0044,Line-2,2026-07-02 02:00:00,2026-07-02,2,Night,Neem Bar Soap,1.07,60.0,3.4,No Downtime,56.6,64,54,2,52,4.1,96.3,84.38,94.33,89.16,80.99,5.57,39.76,1
PureGlow Soaps International (Fictional Dummy Company),Global Manufacturing Head - PureGlow Soaps,United States (North America),USA,Atlanta,FCT015,Atlanta Soap Plant,LN0045,Line-3,2026-07-02 02:00:00,2026-07-02,2,Night,Lavender Bar Soap,1.15,60.0,24.4,Staff Shortage,35.6,69,35,1,34,2.57,97.14,50.72,59.33,85.49,49.27,3.17,9.75,2
PureGlow Soaps International (Fictional Dummy Company),Global Manufacturing Head - PureGlow Soaps,United States (North America),USA,Atlanta,FCT015,Atlanta Soap Plant,LN0043,Line-1,2026-07-02 03:00:00,2026-07-02,3,Night,Neem Bar Soap,1.13,60.0,15.8,Machine Breakdown,44.2,68,51,1,50,2.36,98.04,75.0,73.67,102.11,73.75,4.49,13.96,2
PureGlow Soaps International (Fictional Dummy Company),Global Manufacturing Head - PureGlow Soaps,United States (North America),USA,Atlanta,FCT015,Atlanta Soap Plant,LN0044,Line-2,2026-07-02 03:00:00,2026-07-02,3,Night,Neem Bar Soap,1.07,60.0,9.0,Changeover/Setup,51.0,64,52,3,49,5.31,94.23,81.25,85.0,95.29,76.32,4.43,32.93,1
PureGlow Soaps International (Fictional Dummy Company),Global Manufacturing Head - PureGlow Soaps,United States (North America),USA,Atlanta,FCT015,Atlanta Soap Plant,LN0045,Line-3,2026-07-02 03:00:00,2026-07-02,3,Night,Lavender Bar Soap,1.15,60.0,8.0,Changeover/Setup,52.0,69,57,2,55,3.32,96.49,82.61,86.67,95.32,79.71,5.27,13.98,1
PureGlow Soaps International (Fictional Dummy Company),Global Manufacturing Head - PureGlow Soaps,United States (North America),USA,Atlanta,FCT015,Atlanta Soap Plant,LN0043,Line-1,2026-07-02 04:00:00,2026-07-02,4,Night,Neem Bar Soap,1.13,60.0,5.5,Changeover/Setup,54.5,68,61,3,58,4.1,95.08,89.71,90.83,99.05,85.54,5.77,16.23,3
PureGlow Soaps International (Fictional Dummy Company),Global Manufacturing Head - PureGlow Soaps,United States (North America),USA,Atlanta,FCT015,Atlanta Soap Plant,LN0044,Line-2,2026-07-02 04:00:00,2026-07-02,4,Night,Neem Bar Soap,1.07,60.0,1.6,No Downtime,58.4,64,62,2,60,2.73,96.77,96.88,97.33,99.22,93.45,5.41,37.61,1
PureGlow Soaps International (Fictional Dummy Company),Global Manufacturing Head - PureGlow Soaps,United States (North America),USA,Atlanta,FCT015,Atlanta Soap Plant,LN0045,Line-3,2026-07-02 04:00:00,2026-07-02,4,Night,Lavender Bar Soap,1.15,60.0,18.6,Machine Breakdown,41.4,69,43,2,41,4.6,95.35,62.32,69.0,90.32,59.42,4.6,11.08,1
PureGlow Soaps International (Fictional Dummy Company),Global Manufacturing Head - PureGlow Soaps,United States (North America),USA,Atlanta,FCT015,Atlanta Soap Plant,LN0043,Line-1,2026-07-02 05:00:00,2026-07-02,5,Night,Neem Bar Soap,1.13,60.0,33.9,Material Shortage,26.1,68,28,1,27,4.13,96.43,41.18,43.5,94.94,39.82,3.07,8.35,1
PureGlow Soaps International (Fictional Dummy Company),Global Manufacturing Head - PureGlow Soaps,United States (North America),USA,Atlanta,FCT015,Atlanta Soap Plant,LN0044,Line-2,2026-07-02 05:00:00,2026-07-02,5,Night,Neem Bar Soap,1.07,60.0,11.6,Changeover/Setup,48.4,64,47,0,47,0.0,100.0,73.44,80.67,90.75,73.21,4.27,29.97,1
PureGlow Soaps International (Fictional Dummy Company),Global Manufacturing Head - PureGlow Soaps,United States (North America),USA,Atlanta,FCT015,Atlanta Soap Plant,LN0045,Line-3,2026-07-02 05:00:00,2026-07-02,5,Night,Lavender Bar Soap,1.15,60.0,10.7,Changeover/Setup,49.3,69,57,3,54,5.2,94.74,82.61,82.17,100.54,78.27,5.36,12.77,3
PureGlow Soaps International (Fictional Dummy Company),Global Manufacturing Head - PureGlow Soaps,United States (North America),USA,Atlanta,FCT015,Atlanta Soap Plant,LN0043,Line-1,2026-07-02 06:00:00,2026-07-02,6,Morning,Neem Bar Soap,1.13,60.0,3.3,No Downtime,56.7,68,57,1,56,2.05,98.25,83.82,94.5,88.96,82.6,5.62,17.31,1
PureGlow Soaps International (Fictional Dummy Company),Global Manufacturing Head - PureGlow Soaps,United States (North America),USA,Atlanta,FCT015,Atlanta Soap Plant,LN0044,Line-2,2026-07-02 06:00:00,2026-07-02,6,Morning,Neem Bar Soap,1.07,60.0,31.7,Preventive Maintenance,28.3,64,30,1,29,3.64,96.67,46.88,47.17,99.07,45.18,2.56,17.11,2
PureGlow Soaps International (Fictional Dummy Company),Global Manufacturing Head - PureGlow Soaps,United States (North America),USA,Atlanta,FCT015,Atlanta Soap Plant,LN0045,Line-3,2026-07-02 06:00:00,2026-07-02,6,Morning,Lavender Bar Soap,1.15,60.0,7.6,Quality Hold,52.4,69,55,5,50,9.23,90.91,79.71,87.33,91.27,72.46,4.86,14.65,1
PureGlow Soaps International (Fictional Dummy Company),Global Manufacturing Head - PureGlow Soaps,United States (North America),USA,Atlanta,FCT015,Atlanta Soap Plant,LN0043,Line-1,2026-07-02 07:00:00,2026-07-02,7,Morning,Neem Bar Soap,1.13,60.0,9.7,Changeover/Setup,50.3,68,58,4,54,6.39,93.1,85.29,83.83,102.04,79.64,5.12,17.28,2
PureGlow Soaps International (Fictional Dummy Company),Global Manufacturing Head - PureGlow Soaps,United States (North America),USA,Atlanta,FCT015,Atlanta Soap Plant,LN0044,Line-2,2026-07-02 07:00:00,2026-07-02,7,Morning,Neem Bar Soap,1.07,60.0,2.1,No Downtime,57.9,64,54,1,53,2.35,98.15,84.38,96.5,87.16,82.55,5.07,35.2,2
PureGlow Soaps International (Fictional Dummy Company),Global Manufacturing Head - PureGlow Soaps,United States (North America),USA,Atlanta,FCT015,Atlanta Soap Plant,LN0045,Line-3,2026-07-02 07:00:00,2026-07-02,7,Morning,Lavender Bar Soap,1.15,60.0,20.5,Preventive Maintenance,39.5,69,44,3,41,6.0,93.18,63.77,65.83,96.86,59.41,4.44,10.18,3
PureGlow Soaps International (Fictional Dummy Company),Global Manufacturing Head - PureGlow Soaps,United States (North America),USA,Atlanta,FCT015,Atlanta Soap Plant,LN0043,Line-1,2026-07-02 08:00:00,2026-07-02,8,Morning,Neem Bar Soap,1.13,60.0,23.9,Power Outage,36.1,68,37,3,34,6.76,91.89,54.41,60.17,90.7,50.15,3.2,11.98,2
PureGlow Soaps International (Fictional Dummy Company),Global Manufacturing Head - PureGlow Soaps,United States (North America),USA,Atlanta,FCT015,Atlanta Soap Plant,LN0044,Line-2,2026-07-02 08:00:00,2026-07-02,8,Morning,Neem Bar Soap,1.07,60.0,2.9,No Downtime,57.1,64,62,1,61,1.64,98.39,96.88,95.17,101.48,95.02,6.77,38.17,1
PureGlow Soaps International (Fictional Dummy Company),Global Manufacturing Head - PureGlow Soaps,United States (North America),USA,Atlanta,FCT015,Atlanta Soap Plant,LN0045,Line-3,2026-07-02 08:00:00,2026-07-02,8,Morning,Lavender Bar Soap,1.15,60.0,12.0,Quality Hold,48.0,69,44,4,40,8.55,90.91,63.77,80.0,79.71,57.97,4.1,14.1,2
PureGlow Soaps International (Fictional Dummy Company),Global Manufacturing Head - PureGlow Soaps,United States (North America),USA,Atlanta,FCT015,Atlanta Soap Plant,LN0043,Line-1,2026-07-02 09:00:00,2026-07-02,9,Morning,Neem Bar Soap,1.13,60.0,43.4,Machine Breakdown,16.6,68,18,1,17,3.37,94.44,26.47,27.67,95.96,25.08,1.55,5.06,2
PureGlow Soaps International (Fictional Dummy Company),Global Manufacturing Head - PureGlow Soaps,United States (North America),USA,Atlanta,FCT015,Atlanta Soap Plant,LN0044,Line-2,2026-07-02 09:00:00,2026-07-02,9,Morning,Neem Bar Soap,1.07,60.0,2.1,No Downtime,57.9,64,58,2,56,3.63,96.55,90.62,96.5,93.62,87.23,5.04,35.83,2
PureGlow Soaps International (Fictional Dummy Company),Global Manufacturing Head - PureGlow Soaps,United States (North America),USA,Atlanta,FCT015,Atlanta Soap Plant,LN0045,Line-3,2026-07-02 09:00:00,2026-07-02,9,Morning,Lavender Bar Soap,1.15,60.0,2.0,No Downtime,58.0,69,58,1,57,1.27,98.28,84.06,96.67,86.96,82.62,5.96,17.19,2
PureGlow Soaps International (Fictional Dummy Company),Global Manufacturing Head - PureGlow Soaps,United States (North America),USA,Atlanta,FCT015,Atlanta Soap Plant,LN0043,Line-1,2026-07-02 10:00:00,2026-07-02,10,Morning,Neem Bar Soap,1.13,60.0,38.8,Machine Breakdown,21.2,68,20,1,19,4.28,95.0,29.41,35.33,83.49,28.02,2.02,6.7,1
PureGlow Soaps International (Fictional Dummy Company),Global Manufacturing Head - PureGlow Soaps,United States (North America),USA,Atlanta,FCT015,Atlanta Soap Plant,LN0044,Line-2,2026-07-02 10:00:00,2026-07-02,10,Morning,Neem Bar Soap,1.07,60.0,1.8,No Downtime,58.2,64,56,2,54,2.8,96.43,87.5,97.0,89.93,84.12,6.01,37.89,2
PureGlow Soaps International (Fictional Dummy Company),Global Manufacturing Head - PureGlow Soaps,United States (North America),USA,Atlanta,FCT015,Atlanta Soap Plant,LN0045,Line-3,2026-07-02 10:00:00,2026-07-02,10,Morning,Lavender Bar Soap,1.15,60.0,35.6,Preventive Maintenance,24.4,69,24,1,23,3.95,95.83,34.78,40.67,85.53,33.33,2.07,7.03,1
PureGlow Soaps International (Fictional Dummy Company),Global Manufacturing Head - PureGlow Soaps,United States (North America),USA,Atlanta,FCT015,Atlanta Soap Plant,LN0043,Line-1,2026-07-02 11:00:00,2026-07-02,11,Morning,Neem Bar Soap,1.13,60.0,17.4,Power Outage,42.6,68,49,2,47,3.34,95.92,72.06,71.0,101.79,69.32,4.97,14.78,2
PureGlow Soaps International (Fictional Dummy Company),Global Manufacturing Head - PureGlow Soaps,United States (North America),USA,Atlanta,FCT015,Atlanta Soap Plant,LN0044,Line-2,2026-07-02 11:00:00,2026-07-02,11,Morning,Neem Bar Soap,1.07,60.0,3.7,No Downtime,56.3,64,49,1,48,2.32,97.96,76.56,93.83,81.34,74.76,4.32,34.24,3
PureGlow Soaps International (Fictional Dummy Company),Global Manufacturing Head - PureGlow Soaps,United States (North America),USA,Atlanta,FCT015,Atlanta Soap Plant,LN0045,Line-3,2026-07-02 11:00:00,2026-07-02,11,Morning,Lavender Bar Soap,1.15,60.0,17.7,Changeover/Setup,42.3,69,47,0,47,0.99,100.0,68.12,70.5,96.62,68.12,4.15,11.4,2
PureGlow Soaps International (Fictional Dummy Company),Global Manufacturing Head - PureGlow Soaps,United States (North America),USA,Atlanta,FCT015,Atlanta Soap Plant,LN0043,Line-1,2026-07-02 12:00:00,2026-07-02,12,Morning,Neem Bar Soap,1.13,60.0,20.3,Power Outage,39.7,68,42,1,41,2.4,97.62,61.76,66.17,93.62,60.47,3.71,12.07,2
PureGlow Soaps International (Fictional Dummy Company),Global Manufacturing Head - PureGlow Soaps,United States (North America),USA,Atlanta,FCT015,Atlanta Soap Plant,LN0044,Line-2,2026-07-02 12:00:00,2026-07-02,12,Morning,Neem Bar Soap,1.07,60.0,32.0,Material Shortage,28.0,64,28,0,28,1.24,100.0,43.75,46.67,93.46,43.62,3.03,19.31,1
PureGlow Soaps International (Fictional Dummy Company),Global Manufacturing Head - PureGlow Soaps,United States (North America),USA,Atlanta,FCT015,Atlanta Soap Plant,LN0045,Line-3,2026-07-02 12:00:00,2026-07-02,12,Morning,Lavender Bar Soap,1.15,60.0,2.1,No Downtime,57.9,69,57,2,55,4.01,96.49,82.61,96.5,85.6,79.7,5.65,17.52,3
PureGlow Soaps International (Fictional Dummy Company),Global Manufacturing Head - PureGlow Soaps,United States (North America),USA,Atlanta,FCT015,Atlanta Soap Plant,LN0043,Line-1,2026-07-02 13:00:00,2026-07-02,13,Morning,Neem Bar Soap,1.13,60.0,15.2,Changeover/Setup,44.8,68,45,1,44,2.87,97.78,66.18,74.67,88.89,64.9,4.07,15.06,2
PureGlow Soaps International (Fictional Dummy Company),Global Manufacturing Head - PureGlow Soaps,United States (North America),USA,Atlanta,FCT015,Atlanta Soap Plant,LN0044,Line-2,2026-07-02 13:00:00,2026-07-02,13,Morning,Neem Bar Soap,1.07,60.0,17.9,Changeover/Setup,42.1,64,46,2,44,3.68,95.65,71.88,70.17,102.12,68.54,4.79,26.05,3
PureGlow Soaps International (Fictional Dummy Company),Global Manufacturing Head - PureGlow Soaps,United States (North America),USA,Atlanta,FCT015,Atlanta Soap Plant,LN0045,Line-3,2026-07-02 13:00:00,2026-07-02,13,Morning,Lavender Bar Soap,1.15,60.0,3.1,No Downtime,56.9,69,61,2,59,3.38,96.72,88.41,94.83,93.22,85.5,5.35,15.91,3
PureGlow Soaps International (Fictional Dummy Company),Global Manufacturing Head - PureGlow Soaps,United States (North America),USA,Atlanta,FCT015,Atlanta Soap Plant,LN0043,Line-1,2026-07-02 14:00:00,2026-07-02,14,Afternoon,Neem Bar Soap,1.13,60.0,19.5,Changeover/Setup,40.5,68,38,1,37,2.96,97.37,55.88,67.5,83.03,54.57,3.9,13.06,3
PureGlow Soaps International (Fictional Dummy Company),Global Manufacturing Head - PureGlow Soaps,United States (North America),USA,Atlanta,FCT015,Atlanta Soap Plant,LN0044,Line-2,2026-07-02 14:00:00,2026-07-02,14,Afternoon,Neem Bar Soap,1.07,60.0,15.4,Changeover/Setup,44.6,64,39,1,38,3.29,97.44,60.94,74.33,81.72,59.19,3.96,31.04,3
PureGlow Soaps International (Fictional Dummy Company),Global Manufacturing Head - PureGlow Soaps,United States (North America),USA,Atlanta,FCT015,Atlanta Soap Plant,LN0045,Line-3,2026-07-02 14:00:00,2026-07-02,14,Afternoon,Lavender Bar Soap,1.15,60.0,18.6,Material Shortage,41.4,69,40,1,39,1.6,97.5,57.97,69.0,84.02,56.52,4.24,11.47,3
PureGlow Soaps International (Fictional Dummy Company),Global Manufacturing Head - PureGlow Soaps,United States (North America),USA,Atlanta,FCT015,Atlanta Soap Plant,LN0043,Line-1,2026-07-02 15:00:00,2026-07-02,15,Afternoon,Neem Bar Soap,1.13,60.0,0.4,No Downtime,59.6,68,59,1,58,2.13,98.31,86.76,99.33,87.6,85.54,5.27,17.61,2
PureGlow Soaps International (Fictional Dummy Company),Global Manufacturing Head - PureGlow Soaps,United States (North America),USA,Atlanta,FCT015,Atlanta Soap Plant,LN0044,Line-2,2026-07-02 15:00:00,2026-07-02,15,Afternoon,Neem Bar Soap,1.07,60.0,3.2,No Downtime,56.8,64,50,1,49,1.51,98.0,78.12,94.67,82.27,76.33,4.66,39.47,1
PureGlow Soaps International (Fictional Dummy Company),Global Manufacturing Head - PureGlow Soaps,United States (North America),USA,Atlanta,FCT015,Atlanta Soap Plant,LN0045,Line-3,2026-07-02 15:00:00,2026-07-02,15,Afternoon,Lavender Bar Soap,1.15,60.0,22.2,Material Shortage,37.8,69,37,1,36,3.04,97.3,53.62,63.0,85.12,52.18,4.06,11.04,3
PureGlow Soaps International (Fictional Dummy Company),Global Manufacturing Head - PureGlow Soaps,United States (North America),USA,Atlanta,FCT015,Atlanta Soap Plant,LN0043,Line-1,2026-07-02 16:00:00,2026-07-02,16,Afternoon,Neem Bar Soap,1.13,60.0,24.0,Material Shortage,36.0,68,42,1,41,3.11,97.62,61.76,60.0,103.24,60.47,4.56,11.78,2
PureGlow Soaps International (Fictional Dummy Company),Global Manufacturing Head - PureGlow Soaps,United States (North America),USA,Atlanta,FCT015,Atlanta Soap Plant,LN0044,Line-2,2026-07-02 16:00:00,2026-07-02,16,Afternoon,Neem Bar Soap,1.07,60.0,28.9,Material Shortage,31.1,64,34,2,32,4.79,94.12,53.12,51.83,102.17,49.84,3.12,20.97,2
PureGlow Soaps International (Fictional Dummy Company),Global Manufacturing Head - PureGlow Soaps,United States (North America),USA,Atlanta,FCT015,Atlanta Soap Plant,LN0045,Line-3,2026-07-02 16:00:00,2026-07-02,16,Afternoon,Lavender Bar Soap,1.15,60.0,31.3,Machine Breakdown,28.7,69,32,1,31,3.11,96.88,46.38,47.83,96.96,44.93,2.92,7.56,3
PureGlow Soaps International (Fictional Dummy Company),Global Manufacturing Head - PureGlow Soaps,United States (North America),USA,Atlanta,FCT015,Atlanta Soap Plant,LN0043,Line-1,2026-07-02 17:00:00,2026-07-02,17,Afternoon,Neem Bar Soap,1.13,60.0,31.2,Material Shortage,28.8,68,26,1,25,3.01,96.15,38.24,48.0,79.89,36.87,2.42,9.34,1
PureGlow Soaps International (Fictional Dummy Company),Global Manufacturing Head - PureGlow Soaps,United States (North America),USA,Atlanta,FCT015,Atlanta Soap Plant,LN0044,Line-2,2026-07-02 17:00:00,2026-07-02,17,Afternoon,Neem Bar Soap,1.07,60.0,1.3,No Downtime,58.7,64,52,2,50,3.52,96.15,81.25,97.83,82.79,77.88,4.57,36.69,3
PureGlow Soaps International (Fictional Dummy Company),Global Manufacturing Head - PureGlow Soaps,United States (North America),USA,Atlanta,FCT015,Atlanta Soap Plant,LN0045,Line-3,2026-07-02 17:00:00,2026-07-02,17,Afternoon,Lavender Bar Soap,1.15,60.0,21.1,Power Outage,38.9,69,41,1,40,2.51,97.56,59.42,64.83,91.65,57.97,4.43,11.35,3
PureGlow Soaps International (Fictional Dummy Company),Global Manufacturing Head - PureGlow Soaps,United States (North America),USA,Atlanta,FCT015,Atlanta Soap Plant,LN0043,Line-1,2026-07-02 18:00:00,2026-07-02,18,Afternoon,Neem Bar Soap,1.13,60.0,8.6,Changeover/Setup,51.4,68,50,1,49,2.85,98.0,73.53,85.67,86.09,72.28,4.8,17.99,3
PureGlow Soaps International (Fictional Dummy Company),Global Manufacturing Head - PureGlow Soaps,United States (North America),USA,Atlanta,FCT015,Atlanta Soap Plant,LN0044,Line-2,2026-07-02 18:00:00,2026-07-02,18,Afternoon,Neem Bar Soap,1.07,60.0,3.2,No Downtime,56.8,64,51,1,50,2.89,98.04,79.69,94.67,83.91,77.88,5.56,35.9,3
PureGlow Soaps International (Fictional Dummy Company),Global Manufacturing Head - PureGlow Soaps,United States (North America),USA,Atlanta,FCT015,Atlanta Soap Plant,LN0045,Line-3,2026-07-02 18:00:00,2026-07-02,18,Afternoon,Lavender Bar Soap,1.15,60.0,11.1,Changeover/Setup,48.9,69,57,2,55,2.88,96.49,82.61,81.5,101.36,79.71,5.35,14.58,3
PureGlow Soaps International (Fictional Dummy Company),Global Manufacturing Head - PureGlow Soaps,United States (North America),USA,Atlanta,FCT015,Atlanta Soap Plant,LN0043,Line-1,2026-07-02 19:00:00,2026-07-02,19,Afternoon,Neem Bar Soap,1.13,60.0,18.7,Power Outage,41.3,68,41,1,40,1.92,97.56,60.29,68.83,87.85,58.99,3.92,14.39,1
PureGlow Soaps International (Fictional Dummy Company),Global Manufacturing Head - PureGlow Soaps,United States (North America),USA,Atlanta,FCT015,Atlanta Soap Plant,LN0044,Line-2,2026-07-02 19:00:00,2026-07-02,19,Afternoon,Neem Bar Soap,1.07,60.0,24.6,Preventive Maintenance,35.4,64,35,2,33,5.25,94.29,54.69,59.0,92.4,51.4,3.71,23.01,2
PureGlow Soaps International (Fictional Dummy Company),Global Manufacturing Head - PureGlow Soaps,United States (North America),USA,Atlanta,FCT015,Atlanta Soap Plant,LN0045,Line-3,2026-07-02 19:00:00,2026-07-02,19,Afternoon,Lavender Bar Soap,1.15,60.0,3.5,No Downtime,56.5,69,56,2,54,3.89,96.43,81.16,94.17,86.19,78.27,5.15,15.2,1
PureGlow Soaps International (Fictional Dummy Company),Global Manufacturing Head - PureGlow Soaps,United States (North America),USA,Atlanta,FCT015,Atlanta Soap Plant,LN0043,Line-1,2026-07-02 20:00:00,2026-07-02,20,Afternoon,Neem Bar Soap,1.13,60.0,10.7,Quality Hold,49.3,68,46,5,41,10.03,89.13,67.65,82.17,82.57,60.47,4.03,14.63,3
PureGlow Soaps International (Fictional Dummy Company),Global Manufacturing Head - PureGlow Soaps,United States (North America),USA,Atlanta,FCT015,Atlanta Soap Plant,LN0044,Line-2,2026-07-02 20:00:00,2026-07-02,20,Afternoon,Neem Bar Soap,1.07,60.0,38.6,Preventive Maintenance,21.4,64,21,1,20,4.42,95.24,32.81,35.67,91.71,31.16,2.0,14.55,3
PureGlow Soaps International (Fictional Dummy Company),Global Manufacturing Head - PureGlow Soaps,United States (North America),USA,Atlanta,FCT015,Atlanta Soap Plant,LN0045,Line-3,2026-07-02 20:00:00,2026-07-02,20,Afternoon,Lavender Bar Soap,1.15,60.0,19.6,Changeover/Setup,40.4,69,46,2,44,3.66,95.65,66.67,67.33,99.01,63.76,4.57,11.29,2
PureGlow Soaps International (Fictional Dummy Company),Global Manufacturing Head - PureGlow Soaps,United States (North America),USA,Atlanta,FCT015,Atlanta Soap Plant,LN0043,Line-1,2026-07-02 21:00:00,2026-07-02,21,Afternoon,Neem Bar Soap,1.13,60.0,0.4,No Downtime,59.6,68,64,2,62,2.48,96.88,94.12,99.33,95.03,91.45,5.53,19.32,2
PureGlow Soaps International (Fictional Dummy Company),Global Manufacturing Head - PureGlow Soaps,United States (North America),USA,Atlanta,FCT015,Atlanta Soap Plant,LN0044,Line-2,2026-07-02 21:00:00,2026-07-02,21,Afternoon,Neem Bar Soap,1.07,60.0,27.3,Power Outage,32.7,64,34,1,33,3.94,97.06,53.12,54.5,97.17,51.4,3.12,22.4,3
PureGlow Soaps International (Fictional Dummy Company),Global Manufacturing Head - PureGlow Soaps,United States (North America),USA,Atlanta,FCT015,Atlanta Soap Plant,LN0045,Line-3,2026-07-02 21:00:00,2026-07-02,21,Afternoon,Lavender Bar Soap,1.15,60.0,14.8,Power Outage,45.2,69,50,1,49,1.87,98.0,72.46,75.33,96.19,71.01,5.49,12.62,1
PureGlow Soaps International (Fictional Dummy Company),Global Manufacturing Head - PureGlow Soaps,United States (North America),USA,Atlanta,FCT015,Atlanta Soap Plant,LN0043,Line-1,2026-07-02 22:00:00,2026-07-02,22,Night,Neem Bar Soap,1.13,60.0,3.0,No Downtime,57.0,68,58,3,55,4.49,94.83,85.29,95.0,90.05,81.12,6.35,19.64,1
PureGlow Soaps International (Fictional Dummy Company),Global Manufacturing Head - PureGlow Soaps,United States (North America),USA,Atlanta,FCT015,Atlanta Soap Plant,LN0044,Line-2,2026-07-02 22:00:00,2026-07-02,22,Night,Neem Bar Soap,1.07,60.0,2.2,No Downtime,57.8,64,55,2,53,3.4,96.36,85.94,96.33,88.93,82.55,5.36,34.02,3
PureGlow Soaps International (Fictional Dummy Company),Global Manufacturing Head - PureGlow Soaps,United States (North America),USA,Atlanta,FCT015,Atlanta Soap Plant,LN0045,Line-3,2026-07-02 22:00:00,2026-07-02,22,Night,Lavender Bar Soap,1.15,60.0,6.4,Staff Shortage,53.6,69,57,1,56,1.74,98.25,82.61,89.33,92.47,81.16,5.54,14.37,3
PureGlow Soaps International (Fictional Dummy Company),Global Manufacturing Head - PureGlow Soaps,United States (North America),USA,Atlanta,FCT015,Atlanta Soap Plant,LN0043,Line-1,2026-07-02 23:00:00,2026-07-02,23,Night,Neem Bar Soap,1.13,60.0,18.8,Material Shortage,41.2,68,45,2,43,3.62,95.56,66.18,68.67,96.66,63.43,4.32,13.77,1
PureGlow Soaps International (Fictional Dummy Company),Global Manufacturing Head - PureGlow Soaps,United States (North America),USA,Atlanta,FCT015,Atlanta Soap Plant,LN0044,Line-2,2026-07-02 23:00:00,2026-07-02,23,Night,Neem Bar Soap,1.07,60.0,27.9,Material Shortage,32.1,64,30,1,29,2.27,96.67,46.88,53.5,87.34,45.17,3.17,20.23,3
PureGlow Soaps International (Fictional Dummy Company),Global Manufacturing Head - PureGlow Soaps,United States (North America),USA,Atlanta,FCT015,Atlanta Soap Plant,LN0045,Line-3,2026-07-02 23:00:00,2026-07-02,23,Night,Lavender Bar Soap,1.15,60.0,2.8,No Downtime,57.2,69,67,1,66,1.03,98.51,97.1,95.33,101.85,95.65,6.37,15.1,2
PureGlow Soaps International (Fictional Dummy Company),Global Manufacturing Head - PureGlow Soaps,United States (North America),USA,Atlanta,FCT015,Atlanta Soap Plant,LN0043,Line-1,2026-07-03 00:00:00,2026-07-03,0,Night,Coconut Bar Soap,1.13,60.0,20.3,Material Shortage,39.7,68,43,1,42,3.45,97.67,63.24,66.17,95.85,61.95,4.68,11.58,1
PureGlow Soaps International (Fictional Dummy Company),Global Manufacturing Head - PureGlow Soaps,United States (North America),USA,Atlanta,FCT015,Atlanta Soap Plant,LN0044,Line-2,2026-07-03 00:00:00,2026-07-03,0,Night,Rose Bar Soap,1.07,60.0,31.6,Machine Breakdown,28.4,64,31,1,30,4.51,96.77,48.44,47.33,102.01,46.72,2.91,16.85,3
PureGlow Soaps International (Fictional Dummy Company),Global Manufacturing Head - PureGlow Soaps,United States (North America),USA,Atlanta,FCT015,Atlanta Soap Plant,LN0045,Line-3,2026-07-03 00:00:00,2026-07-03,0,Night,Aloe Vera Liquid Soap,1.15,60.0,23.8,Machine Breakdown,36.2,69,40,1,39,2.59,97.5,57.97,60.33,96.08,56.52,3.44,10.95,3
PureGlow Soaps International (Fictional Dummy Company),Global Manufacturing Head - PureGlow Soaps,United States (North America),USA,Atlanta,FCT015,Atlanta Soap Plant,LN0043,Line-1,2026-07-03 01:00:00,2026-07-03,1,Night,Coconut Bar Soap,1.13,60.0,15.7,Material Shortage,44.3,68,43,1,42,3.3,97.67,63.24,73.83,85.9,61.94,4.39,13.94,1
PureGlow Soaps International (Fictional Dummy Company),Global Manufacturing Head - PureGlow Soaps,United States (North America),USA,Atlanta,FCT015,Atlanta Soap Plant,LN0044,Line-2,2026-07-03 01:00:00,2026-07-03,1,Night,Rose Bar Soap,1.07,60.0,13.9,Power Outage,46.1,64,49,1,48,1.35,97.96,76.56,76.83,99.34,74.77,4.72,32.1,2
PureGlow Soaps International (Fictional Dummy Company),Global Manufacturing Head - PureGlow Soaps,United States (North America),USA,Atlanta,FCT015,Atlanta Soap Plant,LN0045,Line-3,2026-07-03 01:00:00,2026-07-03,1,Night,Aloe Vera Liquid Soap,1.15,60.0,5.3,Power Outage,54.7,69,64,3,61,4.68,95.31,92.75,91.17,101.74,88.41,6.07,14.88,3
PureGlow Soaps International (Fictional Dummy Company),Global Manufacturing Head - PureGlow Soaps,United States (North America),USA,Atlanta,FCT015,Atlanta Soap Plant,LN0043,Line-1,2026-07-03 02:00:00,2026-07-03,2,Night,Coconut Bar Soap,1.13,60.0,6.9,Quality Hold,53.1,68,57,5,52,8.1,91.23,83.82,88.5,95.0,76.7,6.22,16.75,2
PureGlow Soaps International (Fictional Dummy Company),Global Manufacturing Head - PureGlow Soaps,United States (North America),USA,Atlanta,FCT015,Atlanta Soap Plant,LN0044,Line-2,2026-07-03 02:00:00,2026-07-03,2,Night,Rose Bar Soap,1.07,60.0,31.1,Material Shortage,28.9,64,26,1,25,5.01,96.15,40.62,48.17,84.08,38.94,2.43,17.41,1
PureGlow Soaps International (Fictional Dummy Company),Global Manufacturing Head - PureGlow Soaps,United States (North America),USA,Atlanta,FCT015,Atlanta Soap Plant,LN0045,Line-3,2026-07-03 02:00:00,2026-07-03,2,Night,Aloe Vera Liquid Soap,1.15,60.0,36.5,Preventive Maintenance,23.5,69,24,1,23,3.38,95.83,34.78,39.17,88.81,33.34,2.43,6.88,1
PureGlow Soaps International (Fictional Dummy Company),Global Manufacturing Head - PureGlow Soaps,United States (North America),USA,Atlanta,FCT015,Atlanta Soap Plant,LN0043,Line-1,2026-07-03 03:00:00,2026-07-03,3,Night,Coconut Bar Soap,1.13,60.0,23.5,Material Shortage,36.5,68,33,1,32,4.21,96.97,48.53,60.83,80.01,47.2,3.56,11.74,3
PureGlow Soaps International (Fictional Dummy Company),Global Manufacturing Head - PureGlow Soaps,United States (North America),USA,Atlanta,FCT015,Atlanta Soap Plant,LN0044,Line-2,2026-07-03 03:00:00,2026-07-03,3,Night,Rose Bar Soap,1.07,60.0,3.2,No Downtime,56.8,64,54,2,52,4.56,96.3,84.38,94.67,88.85,81.0,5.84,38.68,1
PureGlow Soaps International (Fictional Dummy Company),Global Manufacturing Head - PureGlow Soaps,United States (North America),USA,Atlanta,FCT015,Atlanta Soap Plant,LN0045,Line-3,2026-07-03 03:00:00,2026-07-03,3,Night,Aloe Vera Liquid Soap,1.15,60.0,1.3,No Downtime,58.7,69,62,2,60,3.8,96.77,89.86,97.83,91.85,86.95,6.05,16.26,1
PureGlow Soaps International (Fictional Dummy Company),Global Manufacturing Head - PureGlow Soaps,United States (North America),USA,Atlanta,FCT015,Atlanta Soap Plant,LN0043,Line-1,2026-07-03 04:00:00,2026-07-03,4,Night,Coconut Bar Soap,1.13,60.0,2.7,No Downtime,57.3,68,54,2,52,3.05,96.3,79.41,95.5,83.4,76.7,4.91,18.2,1
PureGlow Soaps International (Fictional Dummy Company),Global Manufacturing Head - PureGlow Soaps,United States (North America),USA,Atlanta,FCT015,Atlanta Soap Plant,LN0044,Line-2,2026-07-03 04:00:00,2026-07-03,4,Night,Rose Bar Soap,1.07,60.0,1.4,No Downtime,58.6,64,62,3,59,4.45,95.16,96.88,97.67,98.88,91.9,6.8,35.21,1
PureGlow Soaps International (Fictional Dummy Company),Global Manufacturing Head - PureGlow Soaps,United States (North America),USA,Atlanta,FCT015,Atlanta Soap Plant,LN0045,Line-3,2026-07-03 04:00:00,2026-07-03,4,Night,Aloe Vera Liquid Soap,1.15,60.0,20.9,Material Shortage,39.1,69,45,1,44,2.21,97.78,65.22,65.17,100.08,63.77,4.4,11.46,3
PureGlow Soaps International (Fictional Dummy Company),Global Manufacturing Head - PureGlow Soaps,United States (North America),USA,Atlanta,FCT015,Atlanta Soap Plant,LN0043,Line-1,2026-07-03 05:00:00,2026-07-03,5,Night,Coconut Bar Soap,1.13,60.0,42.8,Machine Breakdown,17.2,68,20,0,20,2.17,100.0,29.41,28.67,102.9,29.5,1.93,5.66,2
PureGlow Soaps International (Fictional Dummy Company),Global Manufacturing Head - PureGlow Soaps,United States (North America),USA,Atlanta,FCT015,Atlanta Soap Plant,LN0044,Line-2,2026-07-03 05:00:00,2026-07-03,5,Night,Rose Bar Soap,1.07,60.0,8.9,Power Outage,51.1,64,49,2,47,3.32,95.92,76.56,85.17,89.62,73.22,5.31,32.64,2
PureGlow Soaps International (Fictional Dummy Company),Global Manufacturing Head - PureGlow Soaps,United States (North America),USA,Atlanta,FCT015,Atlanta Soap Plant,LN0045,Line-3,2026-07-03 05:00:00,2026-07-03,5,Night,Aloe Vera Liquid Soap,1.15,60.0,11.7,Material Shortage,48.3,69,47,1,46,2.18,97.87,68.12,80.5,84.62,66.67,5.12,12.75,1
PureGlow Soaps International (Fictional Dummy Company),Global Manufacturing Head - PureGlow Soaps,United States (North America),USA,Atlanta,FCT015,Atlanta Soap Plant,LN0043,Line-1,2026-07-03 06:00:00,2026-07-03,6,Morning,Coconut Bar Soap,1.13,60.0,3.0,No Downtime,57.0,68,61,2,59,3.73,96.72,89.71,95.0,94.71,87.02,5.9,18.15,1
PureGlow Soaps International (Fictional Dummy Company),Global Manufacturing Head - PureGlow Soaps,United States (North America),USA,Atlanta,FCT015,Atlanta Soap Plant,LN0044,Line-2,2026-07-03 06:00:00,2026-07-03,6,Morning,Rose Bar Soap,1.07,60.0,2.0,No Downtime,58.0,64,53,2,51,3.34,96.23,82.81,96.67,85.4,79.44,5.71,34.99,1
PureGlow Soaps International (Fictional Dummy Company),Global Manufacturing Head - PureGlow Soaps,United States (North America),USA,Atlanta,FCT015,Atlanta Soap Plant,LN0045,Line-3,2026-07-03 06:00:00,2026-07-03,6,Morning,Aloe Vera Liquid Soap,1.15,60.0,0.7,No Downtime,59.3,69,66,2,64,2.43,96.97,95.65,98.83,96.78,92.75,6.24,17.97,3
PureGlow Soaps International (Fictional Dummy Company),Global Manufacturing Head - PureGlow Soaps,United States (North America),USA,Atlanta,FCT015,Atlanta Soap Plant,LN0043,Line-1,2026-07-03 07:00:00,2026-07-03,7,Morning,Coconut Bar Soap,1.13,60.0,21.7,Material Shortage,38.3,68,37,1,36,2.5,97.3,54.41,63.83,85.49,53.09,3.26,13.13,1
PureGlow Soaps International (Fictional Dummy Company),Global Manufacturing Head - PureGlow Soaps,United States (North America),USA,Atlanta,FCT015,Atlanta Soap Plant,LN0044,Line-2,2026-07-03 07:00:00,2026-07-03,7,Morning,Rose Bar Soap,1.07,60.0,22.5,Material Shortage,37.5,64,33,1,32,2.0,96.97,51.56,62.5,82.24,49.84,3.01,23.42,1
PureGlow Soaps International (Fictional Dummy Company),Global Manufacturing Head - PureGlow Soaps,United States (North America),USA,Atlanta,FCT015,Atlanta Soap Plant,LN0045,Line-3,2026-07-03 07:00:00,2026-07-03,7,Morning,Aloe Vera Liquid Soap,1.15,60.0,30.5,Material Shortage,29.5,69,28,1,27,3.16,96.43,40.58,49.17,82.54,39.14,3.01,7.88,3
PureGlow Soaps International (Fictional Dummy Company),Global Manufacturing Head - PureGlow Soaps,United States (North America),USA,Atlanta,FCT015,Atlanta Soap Plant,LN0043,Line-1,2026-07-03 08:00:00,2026-07-03,8,Morning,Coconut Bar Soap,1.13,60.0,2.4,No Downtime,57.6,68,53,1,52,2.62,98.11,77.94,96.0,81.43,76.7,5.72,20.19,3
PureGlow Soaps International (Fictional Dummy Company),Global Manufacturing Head - PureGlow Soaps,United States (North America),USA,Atlanta,FCT015,Atlanta Soap Plant,LN0044,Line-2,2026-07-03 08:00:00,2026-07-03,8,Morning,Rose Bar Soap,1.07,60.0,16.3,Changeover/Setup,43.7,64,42,1,41,3.13,97.62,65.62,72.83,89.82,63.86,3.66,27.95,1
PureGlow Soaps International (Fictional Dummy Company),Global Manufacturing Head - PureGlow Soaps,United States (North America),USA,Atlanta,FCT015,Atlanta Soap Plant,LN0045,Line-3,2026-07-03 08:00:00,2026-07-03,8,Morning,Aloe Vera Liquid Soap,1.15,60.0,13.5,Power Outage,46.5,69,47,2,45,3.25,95.74,68.12,77.5,87.89,65.21,5.15,13.45,3
PureGlow Soaps International (Fictional Dummy Company),Global Manufacturing Head - PureGlow Soaps,United States (North America),USA,Atlanta,FCT015,Atlanta Soap Plant,LN0043,Line-1,2026-07-03 09:00:00,2026-07-03,9,Morning,Coconut Bar Soap,1.13,60.0,6.4,Changeover/Setup,53.6,68,51,3,48,5.19,94.12,75.0,89.33,84.2,70.79,5.53,15.78,1
PureGlow Soaps International (Fictional Dummy Company),Global Manufacturing Head - PureGlow Soaps,United States (North America),USA,Atlanta,FCT015,Atlanta Soap Plant,LN0044,Line-2,2026-07-03 09:00:00,2026-07-03,9,Morning,Rose Bar Soap,1.07,60.0,26.5,Preventive Maintenance,33.5,64,30,1,29,1.93,96.67,46.88,55.83,83.69,45.17,3.09,22.61,3
PureGlow Soaps International (Fictional Dummy Company),Global Manufacturing Head - PureGlow Soaps,United States (North America),USA,Atlanta,FCT015,Atlanta Soap Plant,LN0045,Line-3,2026-07-03 09:00:00,2026-07-03,9,Morning,Aloe Vera Liquid Soap,1.15,60.0,14.0,Changeover/Setup,46.0,69,48,2,46,4.44,95.83,69.57,76.67,90.74,66.67,4.28,13.73,2
PureGlow Soaps International (Fictional Dummy Company),Global Manufacturing Head - PureGlow Soaps,United States (North America),USA,Atlanta,FCT015,Atlanta Soap Plant,LN0043,Line-1,2026-07-03 10:00:00,2026-07-03,10,Morning,Coconut Bar Soap,1.13,60.0,17.4,Changeover/Setup,42.6,68,39,1,38,1.91,97.44,57.35,71.0,81.02,56.05,3.36,12.32,2
PureGlow Soaps International (Fictional Dummy Company),Global Manufacturing Head - PureGlow Soaps,United States (North America),USA,Atlanta,FCT015,Atlanta Soap Plant,LN0044,Line-2,2026-07-03 10:00:00,2026-07-03,10,Morning,Rose Bar Soap,1.07,60.0,13.3,Machine Breakdown,46.7,64,45,2,43,3.48,95.56,70.31,77.83,90.06,66.98,4.21,32.14,1
PureGlow Soaps International (Fictional Dummy Company),Global Manufacturing Head - PureGlow Soaps,United States (North America),USA,Atlanta,FCT015,Atlanta Soap Plant,LN0045,Line-3,2026-07-03 10:00:00,2026-07-03,10,Morning,Aloe Vera Liquid Soap,1.15,60.0,28.0,Power Outage,32.0,69,35,1,34,2.47,97.14,50.72,53.33,95.11,49.27,3.72,9.31,1
PureGlow Soaps International (Fictional Dummy Company),Global Manufacturing Head - PureGlow Soaps,United States (North America),USA,Atlanta,FCT015,Atlanta Soap Plant,LN0043,Line-1,2026-07-03 11:00:00,2026-07-03,11,Morning,Coconut Bar Soap,1.13,60.0,0.8,No Downtime,59.2,68,61,1,60,1.25,98.36,89.71,98.67,91.19,88.5,6.24,20.41,2
PureGlow Soaps International (Fictional Dummy Company),Global Manufacturing Head - PureGlow Soaps,United States (North America),USA,Atlanta,FCT015,Atlanta Soap Plant,LN0044,Line-2,2026-07-03 11:00:00,2026-07-03,11,Morning,Rose Bar Soap,1.07,60.0,0.0,No Downtime,60.0,64,52,1,51,2.18,98.08,81.25,100.0,81.0,79.44,5.26,41.81,3
PureGlow Soaps International (Fictional Dummy Company),Global Manufacturing Head - PureGlow Soaps,United States (North America),USA,Atlanta,FCT015,Atlanta Soap Plant,LN0045,Line-3,2026-07-03 11:00:00,2026-07-03,11,Morning,Aloe Vera Liquid Soap,1.15,60.0,12.8,Material Shortage,47.2,69,50,1,49,2.48,98.0,72.46,78.67,92.11,71.01,4.79,13.71,1
PureGlow Soaps International (Fictional Dummy Company),Global Manufacturing Head - PureGlow Soaps,United States (North America),USA,Atlanta,FCT015,Atlanta Soap Plant,LN0043,Line-1,2026-07-03 12:00:00,2026-07-03,12,Morning,Coconut Bar Soap,1.13,60.0,2.3,No Downtime,57.7,68,67,3,64,3.8,95.52,98.53,96.17,102.76,94.4,6.3,19.34,2
PureGlow Soaps International (Fictional Dummy Company),Global Manufacturing Head - PureGlow Soaps,United States (North America),USA,Atlanta,FCT015,Atlanta Soap Plant,LN0044,Line-2,2026-07-03 12:00:00,2026-07-03,12,Morning,Rose Bar Soap,1.07,60.0,6.6,Changeover/Setup,53.4,64,59,2,57,3.56,96.61,92.19,89.0,103.26,88.79,6.25,32.28,2
PureGlow Soaps International (Fictional Dummy Company),Global Manufacturing Head - PureGlow Soaps,United States (North America),USA,Atlanta,FCT015,Atlanta Soap Plant,LN0045,Line-3,2026-07-03 12:00:00,2026-07-03,12,Morning,Aloe Vera Liquid Soap,1.15,60.0,0.5,No Downtime,59.5,69,56,2,54,3.29,96.43,81.16,99.17,81.84,78.26,5.19,18.14,2
PureGlow Soaps International (Fictional Dummy Company),Global Manufacturing Head - PureGlow Soaps,United States (North America),USA,Atlanta,FCT015,Atlanta Soap Plant,LN0043,Line-1,2026-07-03 13:00:00,2026-07-03,13,Morning,Coconut Bar Soap,1.13,60.0,3.5,No Downtime,56.5,68,63,3,60,4.74,95.24,92.65,94.17,98.68,88.5,5.46,18.81,3
PureGlow Soaps International (Fictional Dummy Company),Global Manufacturing Head - PureGlow Soaps,United States (North America),USA,Atlanta,FCT015,Atlanta Soap Plant,LN0044,Line-2,2026-07-03 13:00:00,2026-07-03,13,Morning,Rose Bar Soap,1.07,60.0,3.7,No Downtime,56.3,64,51,2,49,4.46,96.08,79.69,93.83,84.66,76.32,5.01,34.45,2
PureGlow Soaps International (Fictional Dummy Company),Global Manufacturing Head - PureGlow Soaps,United States (North America),USA,Atlanta,FCT015,Atlanta Soap Plant,LN0045,Line-3,2026-07-03 13:00:00,2026-07-03,13,Morning,Aloe Vera Liquid Soap,1.15,60.0,2.0,No Downtime,58.0,69,56,1,55,1.13,98.21,81.16,96.67,83.96,79.71,6.1,17.71,2
PureGlow Soaps International (Fictional Dummy Company),Global Manufacturing Head - PureGlow Soaps,United States (North America),USA,Atlanta,FCT015,Atlanta Soap Plant,LN0043,Line-1,2026-07-03 14:00:00,2026-07-03,14,Afternoon,Coconut Bar Soap,1.13,60.0,15.4,Changeover/Setup,44.6,68,47,1,46,2.56,97.87,69.12,74.33,93.26,67.84,4.94,15.04,1
PureGlow Soaps International (Fictional Dummy Company),Global Manufacturing Head - PureGlow Soaps,United States (North America),USA,Atlanta,FCT015,Atlanta Soap Plant,LN0044,Line-2,2026-07-03 14:00:00,2026-07-03,14,Afternoon,Rose Bar Soap,1.07,60.0,30.5,Machine Breakdown,29.5,64,29,1,28,3.37,96.55,45.31,49.17,91.87,43.61,2.91,19.15,3
PureGlow Soaps International (Fictional Dummy Company),Global Manufacturing Head - PureGlow Soaps,United States (North America),USA,Atlanta,FCT015,Atlanta Soap Plant,LN0045,Line-3,2026-07-03 14:00:00,2026-07-03,14,Afternoon,Aloe Vera Liquid Soap,1.15,60.0,32.2,Machine Breakdown,27.8,69,32,1,31,3.27,96.88,46.38,46.33,100.09,44.92,2.89,8.44,3
PureGlow Soaps International (Fictional Dummy Company),Global Manufacturing Head - PureGlow Soaps,United States (North America),USA,Atlanta,FCT015,Atlanta Soap Plant,LN0043,Line-1,2026-07-03 15:00:00,2026-07-03,15,Afternoon,Coconut Bar Soap,1.13,60.0,11.4,Material Shortage,48.6,68,52,1,51,1.21,98.08,76.47,81.0,94.69,75.23,4.85,14.38,2
PureGlow Soaps International (Fictional Dummy Company),Global Manufacturing Head - PureGlow Soaps,United States (North America),USA,Atlanta,FCT015,Atlanta Soap Plant,LN0044,Line-2,2026-07-03 15:00:00,2026-07-03,15,Afternoon,Rose Bar Soap,1.07,60.0,16.0,Changeover/Setup,44.0,64,43,1,42,2.19,97.67,67.19,73.33,91.33,65.41,4.11,29.96,1
PureGlow Soaps International (Fictional Dummy Company),Global Manufacturing Head - PureGlow Soaps,United States (North America),USA,Atlanta,FCT015,Atlanta Soap Plant,LN0045,Line-3,2026-07-03 15:00:00,2026-07-03,15,Afternoon,Aloe Vera Liquid Soap,1.15,60.0,26.3,Material Shortage,33.7,69,37,1,36,3.45,97.3,53.62,56.17,95.47,52.18,3.46,8.99,2
PureGlow Soaps International (Fictional Dummy Company),Global Manufacturing Head - PureGlow Soaps,United States (North America),USA,Atlanta,FCT015,Atlanta Soap Plant,LN0043,Line-1,2026-07-03 16:00:00,2026-07-03,16,Afternoon,Coconut Bar Soap,1.13,60.0,18.0,Material Shortage,42.0,68,44,2,42,4.39,95.45,64.71,70.0,92.71,61.94,4.15,13.32,3
PureGlow Soaps International (Fictional Dummy Company),Global Manufacturing Head - PureGlow Soaps,United States (North America),USA,Atlanta,FCT015,Atlanta Soap Plant,LN0044,Line-2,2026-07-03 16:00:00,2026-07-03,16,Afternoon,Rose Bar Soap,1.07,60.0,18.4,Preventive Maintenance,41.6,64,38,0,38,1.11,100.0,59.38,69.33,85.37,59.19,3.43,24.46,1
PureGlow Soaps International (Fictional Dummy Company),Global Manufacturing Head - PureGlow Soaps,United States (North America),USA,Atlanta,FCT015,Atlanta Soap Plant,LN0045,Line-3,2026-07-03 16:00:00,2026-07-03,16,Afternoon,Aloe Vera Liquid Soap,1.15,60.0,32.8,Preventive Maintenance,27.2,69,31,1,30,3.26,96.77,44.93,45.33,99.1,43.47,3.01,8.03,1
PureGlow Soaps International (Fictional Dummy Company),Global Manufacturing Head - PureGlow Soaps,United States (North America),USA,Atlanta,FCT015,Atlanta Soap Plant,LN0043,Line-1,2026-07-03 17:00:00,2026-07-03,17,Afternoon,Coconut Bar Soap,1.13,60.0,16.2,Changeover/Setup,43.8,68,43,2,41,5.14,95.35,63.24,73.0,86.88,60.47,4.64,13.94,3
PureGlow Soaps International (Fictional Dummy Company),Global Manufacturing Head - PureGlow Soaps,United States (North America),USA,Atlanta,FCT015,Atlanta Soap Plant,LN0044,Line-2,2026-07-03 17:00:00,2026-07-03,17,Afternoon,Rose Bar Soap,1.07,60.0,23.0,Preventive Maintenance,37.0,64,40,1,39,2.26,97.5,62.5,61.67,101.04,60.75,4.17,23.45,2
PureGlow Soaps International (Fictional Dummy Company),Global Manufacturing Head - PureGlow Soaps,United States (North America),USA,Atlanta,FCT015,Atlanta Soap Plant,LN0045,Line-3,2026-07-03 17:00:00,2026-07-03,17,Afternoon,Aloe Vera Liquid Soap,1.15,60.0,16.8,Material Shortage,43.2,69,50,2,48,3.61,96.0,72.46,72.0,100.64,69.56,4.88,11.39,3
PureGlow Soaps International (Fictional Dummy Company),Global Manufacturing Head - PureGlow Soaps,United States (North America),USA,Atlanta,FCT015,Atlanta Soap Plant,LN0043,Line-1,2026-07-03 18:00:00,2026-07-03,18,Afternoon,Coconut Bar Soap,1.13,60.0,1.0,No Downtime,59.0,68,62,2,60,2.77,96.77,91.18,98.33,93.0,88.49,5.81,20.26,1
PureGlow Soaps International (Fictional Dummy Company),Global Manufacturing Head - PureGlow Soaps,United States (North America),USA,Atlanta,FCT015,Atlanta Soap Plant,LN0044,Line-2,2026-07-03 18:00:00,2026-07-03,18,Afternoon,Rose Bar Soap,1.07,60.0,11.3,Changeover/Setup,48.7,64,50,2,48,4.22,96.0,78.12,81.17,95.95,74.77,4.55,31.98,3
PureGlow Soaps International (Fictional Dummy Company),Global Manufacturing Head - PureGlow Soaps,United States (North America),USA,Atlanta,FCT015,Atlanta Soap Plant,LN0045,Line-3,2026-07-03 18:00:00,2026-07-03,18,Afternoon,Aloe Vera Liquid Soap,1.15,60.0,3.4,No Downtime,56.6,69,55,1,54,2.2,98.18,79.71,94.33,84.5,78.26,5.15,15.1,2
PureGlow Soaps International (Fictional Dummy Company),Global Manufacturing Head - PureGlow Soaps,United States (North America),USA,Atlanta,FCT015,Atlanta Soap Plant,LN0043,Line-1,2026-07-03 19:00:00,2026-07-03,19,Afternoon,Coconut Bar Soap,1.13,60.0,6.0,Changeover/Setup,54.0,68,56,2,54,3.02,96.43,82.35,90.0,91.77,79.64,5.17,16.42,1
PureGlow Soaps International (Fictional Dummy Company),Global Manufacturing Head - PureGlow Soaps,United States (North America),USA,Atlanta,FCT015,Atlanta Soap Plant,LN0044,Line-2,2026-07-03 19:00:00,2026-07-03,19,Afternoon,Rose Bar Soap,1.07,60.0,2.7,No Downtime,57.3,64,50,3,47,6.68,94.0,78.12,95.5,81.55,73.21,5.03,40.2,1
PureGlow Soaps International (Fictional Dummy Company),Global Manufacturing Head - PureGlow Soaps,United States (North America),USA,Atlanta,FCT015,Atlanta Soap Plant,LN0045,Line-3,2026-07-03 19:00:00,2026-07-03,19,Afternoon,Aloe Vera Liquid Soap,1.15,60.0,3.7,No Downtime,56.3,69,64,2,62,3.1,96.88,92.75,93.83,98.85,89.86,6.14,16.73,1
PureGlow Soaps International (Fictional Dummy Company),Global Manufacturing Head - PureGlow Soaps,United States (North America),USA,Atlanta,FCT015,Atlanta Soap Plant,LN0043,Line-1,2026-07-03 20:00:00,2026-07-03,20,Afternoon,Coconut Bar Soap,1.13,60.0,3.0,No Downtime,57.0,68,52,3,49,5.12,94.23,76.47,95.0,80.73,72.27,4.89,17.08,3
PureGlow Soaps International (Fictional Dummy Company),Global Manufacturing Head - PureGlow Soaps,United States (North America),USA,Atlanta,FCT015,Atlanta Soap Plant,LN0044,Line-2,2026-07-03 20:00:00,2026-07-03,20,Afternoon,Rose Bar Soap,1.07,60.0,31.4,Material Shortage,28.6,64,27,1,26,4.44,96.3,42.19,47.67,88.23,40.5,2.7,17.04,1
PureGlow Soaps International (Fictional Dummy Company),Global Manufacturing Head - PureGlow Soaps,United States (North America),USA,Atlanta,FCT015,Atlanta Soap Plant,LN0045,Line-3,2026-07-03 20:00:00,2026-07-03,20,Afternoon,Aloe Vera Liquid Soap,1.15,60.0,36.2,Machine Breakdown,23.8,69,23,0,23,1.87,100.0,33.33,39.67,84.03,33.33,2.06,6.83,3
PureGlow Soaps International (Fictional Dummy Company),Global Manufacturing Head - PureGlow Soaps,United States (North America),USA,Atlanta,FCT015,Atlanta Soap Plant,LN0043,Line-1,2026-07-03 21:00:00,2026-07-03,21,Afternoon,Coconut Bar Soap,1.13,60.0,1.7,No Downtime,58.3,68,59,2,57,2.77,96.61,86.76,97.17,89.56,84.08,5.15,17.71,3
PureGlow Soaps International (Fictional Dummy Company),Global Manufacturing Head - PureGlow Soaps,United States (North America),USA,Atlanta,FCT015,Atlanta Soap Plant,LN0044,Line-2,2026-07-03 21:00:00,2026-07-03,21,Afternoon,Rose Bar Soap,1.07,60.0,1.7,No Downtime,58.3,64,53,1,52,1.73,98.11,82.81,97.17,84.96,81.0,5.22,35.18,1
PureGlow Soaps International (Fictional Dummy Company),Global Manufacturing Head - PureGlow Soaps,United States (North America),USA,Atlanta,FCT015,Atlanta Soap Plant,LN0045,Line-3,2026-07-03 21:00:00,2026-07-03,21,Afternoon,Aloe Vera Liquid Soap,1.15,60.0,24.1,Staff Shortage,35.9,69,36,0,36,0.64,100.0,52.17,59.83,87.2,52.17,3.45,9.73,3
PureGlow Soaps International (Fictional Dummy Company),Global Manufacturing Head - PureGlow Soaps,United States (North America),USA,Atlanta,FCT015,Atlanta Soap Plant,LN0043,Line-1,2026-07-03 22:00:00,2026-07-03,22,Night,Coconut Bar Soap,1.13,60.0,4.0,No Downtime,56.0,68,53,1,52,2.31,98.11,77.94,93.33,83.75,76.69,5.26,17.31,2
PureGlow Soaps International (Fictional Dummy Company),Global Manufacturing Head - PureGlow Soaps,United States (North America),USA,Atlanta,FCT015,Atlanta Soap Plant,LN0044,Line-2,2026-07-03 22:00:00,2026-07-03,22,Night,Rose Bar Soap,1.07,60.0,7.2,Changeover/Setup,52.8,64,55,1,54,2.52,98.18,85.94,88.0,97.35,84.11,4.83,34.01,3
PureGlow Soaps International (Fictional Dummy Company),Global Manufacturing Head - PureGlow Soaps,United States (North America),USA,Atlanta,FCT015,Atlanta Soap Plant,LN0045,Line-3,2026-07-03 22:00:00,2026-07-03,22,Night,Aloe Vera Liquid Soap,1.15,60.0,8.2,Power Outage,51.8,69,55,1,54,2.01,98.18,79.71,86.33,92.33,78.26,5.31,14.06,1
PureGlow Soaps International (Fictional Dummy Company),Global Manufacturing Head - PureGlow Soaps,United States (North America),USA,Atlanta,FCT015,Atlanta Soap Plant,LN0043,Line-1,2026-07-03 23:00:00,2026-07-03,23,Night,Coconut Bar Soap,1.13,60.0,3.1,No Downtime,56.9,68,61,2,59,2.9,96.72,89.71,94.83,94.87,87.01,6.68,18.13,1
PureGlow Soaps International (Fictional Dummy Company),Global Manufacturing Head - PureGlow Soaps,United States (North America),USA,Atlanta,FCT015,Atlanta Soap Plant,LN0044,Line-2,2026-07-03 23:00:00,2026-07-03,23,Night,Rose Bar Soap,1.07,60.0,1.1,No Downtime,58.9,64,62,1,61,2.13,98.39,96.88,98.17,98.38,95.02,6.45,37.59,1
PureGlow Soaps International (Fictional Dummy Company),Global Manufacturing Head - PureGlow Soaps,United States (North America),USA,Atlanta,FCT015,Atlanta Soap Plant,LN0045,Line-3,2026-07-03 23:00:00,2026-07-03,23,Night,Aloe Vera Liquid Soap,1.15,60.0,1.0,No Downtime,59.0,69,57,1,56,2.42,98.25,82.61,98.33,84.01,81.16,5.44,14.95,3
PureGlow Soaps International (Fictional Dummy Company),Global Manufacturing Head - PureGlow Soaps,United States (North America),USA,Atlanta,FCT015,Atlanta Soap Plant,LN0043,Line-1,2026-07-04 00:00:00,2026-07-04,0,Night,Coconut Bar Soap,1.13,60.0,0.6,No Downtime,59.4,68,57,1,56,1.45,98.25,83.82,99.0,84.92,82.6,5.3,20.2,1
PureGlow Soaps International (Fictional Dummy Company),Global Manufacturing Head - PureGlow Soaps,United States (North America),USA,Atlanta,FCT015,Atlanta Soap Plant,LN0044,Line-2,2026-07-04 00:00:00,2026-07-04,0,Night,Lavender Bar Soap,1.07,60.0,27.5,Machine Breakdown,32.5,64,32,1,31,2.47,96.88,50.0,54.17,92.02,48.29,3.39,21.11,2
PureGlow Soaps International (Fictional Dummy Company),Global Manufacturing Head - PureGlow Soaps,United States (North America),USA,Atlanta,FCT015,Atlanta Soap Plant,LN0045,Line-3,2026-07-04 00:00:00,2026-07-04,0,Night,Neem Bar Soap,1.15,60.0,9.8,Quality Hold,50.2,69,57,6,51,11.09,89.47,82.61,83.67,98.74,73.92,6.12,13.9,2
PureGlow Soaps International (Fictional Dummy Company),Global Manufacturing Head - PureGlow Soaps,United States (North America),USA,Atlanta,FCT015,Atlanta Soap Plant,LN0043,Line-1,2026-07-04 01:00:00,2026-07-04,1,Night,Coconut Bar Soap,1.13,60.0,23.6,Power Outage,36.4,68,36,1,35,2.01,97.22,52.94,60.67,87.52,51.62,3.78,12.15,3
PureGlow Soaps International (Fictional Dummy Company),Global Manufacturing Head - PureGlow Soaps,United States (North America),USA,Atlanta,FCT015,Atlanta Soap Plant,LN0044,Line-2,2026-07-04 01:00:00,2026-07-04,1,Night,Lavender Bar Soap,1.07,60.0,2.5,No Downtime,57.5,64,63,2,61,3.01,96.83,98.44,95.83,102.4,95.02,6.79,36.76,3
PureGlow Soaps International (Fictional Dummy Company),Global Manufacturing Head - PureGlow Soaps,United States (North America),USA,Atlanta,FCT015,Atlanta Soap Plant,LN0045,Line-3,2026-07-04 01:00:00,2026-07-04,1,Night,Neem Bar Soap,1.15,60.0,14.1,Changeover/Setup,45.9,69,50,2,48,3.19,96.0,72.46,76.5,94.72,69.56,4.75,12.16,3
PureGlow Soaps International (Fictional Dummy Company),Global Manufacturing Head - PureGlow Soaps,United States (North America),USA,Atlanta,FCT015,Atlanta Soap Plant,LN0043,Line-1,2026-07-04 02:00:00,2026-07-04,2,Night,Coconut Bar Soap,1.13,60.0,3.9,No Downtime,56.1,68,55,2,53,3.19,96.36,80.88,93.5,86.76,78.17,5.38,19.5,3
PureGlow Soaps International (Fictional Dummy Company),Global Manufacturing Head - PureGlow Soaps,United States (North America),USA,Atlanta,FCT015,Atlanta Soap Plant,LN0044,Line-2,2026-07-04 02:00:00,2026-07-04,2,Night,Lavender Bar Soap,1.07,60.0,9.6,Changeover/Setup,50.4,64,52,1,51,1.09,98.08,81.25,84.0,96.42,79.44,5.14,35.93,1
PureGlow Soaps International (Fictional Dummy Company),Global Manufacturing Head - PureGlow Soaps,United States (North America),USA,Atlanta,FCT015,Atlanta Soap Plant,LN0045,Line-3,2026-07-04 02:00:00,2026-07-04,2,Night,Neem Bar Soap,1.15,60.0,19.1,Changeover/Setup,40.9,69,39,1,38,3.09,97.44,56.52,68.17,82.92,55.08,3.42,10.32,1
PureGlow Soaps International (Fictional Dummy Company),Global Manufacturing Head - PureGlow Soaps,United States (North America),USA,Atlanta,FCT015,Atlanta Soap Plant,LN0043,Line-1,2026-07-04 03:00:00,2026-07-04,3,Night,Coconut Bar Soap,1.13,60.0,1.1,No Downtime,58.9,68,56,2,54,2.69,96.43,82.35,98.17,84.14,79.65,5.54,19.8,3
PureGlow Soaps International (Fictional Dummy Company),Global Manufacturing Head - PureGlow Soaps,United States (North America),USA,Atlanta,FCT015,Atlanta Soap Plant,LN0044,Line-2,2026-07-04 03:00:00,2026-07-04,3,Night,Lavender Bar Soap,1.07,60.0,15.6,Changeover/Setup,44.4,64,41,1,40,3.25,97.56,64.06,74.0,86.3,62.3,3.66,30.56,2
PureGlow Soaps International (Fictional Dummy Company),Global Manufacturing Head - PureGlow Soaps,United States (North America),USA,Atlanta,FCT015,Atlanta Soap Plant,LN0045,Line-3,2026-07-04 03:00:00,2026-07-04,3,Night,Neem Bar Soap,1.15,60.0,1.4,No Downtime,58.6,69,60,2,58,3.42,96.67,86.96,97.67,89.03,84.06,5.53,16.98,1
PureGlow Soaps International (Fictional Dummy Company),Global Manufacturing Head - PureGlow Soaps,United States (North America),USA,Atlanta,FCT015,Atlanta Soap Plant,LN0043,Line-1,2026-07-04 04:00:00,2026-07-04,4,Night,Coconut Bar Soap,1.13,60.0,28.0,Machine Breakdown,32.0,68,32,1,31,2.66,96.88,47.06,53.33,88.5,45.72,3.18,9.66,1
PureGlow Soaps International (Fictional Dummy Company),Global Manufacturing Head - PureGlow Soaps,United States (North America),USA,Atlanta,FCT015,Atlanta Soap Plant,LN0044,Line-2,2026-07-04 04:00:00,2026-07-04,4,Night,Lavender Bar Soap,1.07,60.0,26.4,Material Shortage,33.6,64,37,1,36,3.74,97.3,57.81,56.0,102.91,56.07,4.06,23.92,1
PureGlow Soaps International (Fictional Dummy Company),Global Manufacturing Head - PureGlow Soaps,United States (North America),USA,Atlanta,FCT015,Atlanta Soap Plant,LN0045,Line-3,2026-07-04 04:00:00,2026-07-04,4,Night,Neem Bar Soap,1.15,60.0,29.0,Preventive Maintenance,31.0,69,35,1,34,3.07,97.14,50.72,51.67,98.18,49.28,3.49,8.96,1
PureGlow Soaps International (Fictional Dummy Company),Global Manufacturing Head - PureGlow Soaps,United States (North America),USA,Atlanta,FCT015,Atlanta Soap Plant,LN0043,Line-1,2026-07-04 05:00:00,2026-07-04,5,Night,Coconut Bar Soap,1.13,60.0,24.9,Preventive Maintenance,35.1,68,40,1,39,3.33,97.5,58.82,58.5,100.85,57.52,3.76,11.7,3
PureGlow Soaps International (Fictional Dummy Company),Global Manufacturing Head - PureGlow Soaps,United States (North America),USA,Atlanta,FCT015,Atlanta Soap Plant,LN0044,Line-2,2026-07-04 05:00:00,2026-07-04,5,Night,Lavender Bar Soap,1.07,60.0,18.0,Changeover/Setup,42.0,64,36,2,34,4.61,94.44,56.25,70.0,80.11,52.96,3.74,26.19,2
PureGlow Soaps International (Fictional Dummy Company),Global Manufacturing Head - PureGlow Soaps,United States (North America),USA,Atlanta,FCT015,Atlanta Soap Plant,LN0045,Line-3,2026-07-04 05:00:00,2026-07-04,5,Night,Neem Bar Soap,1.15,60.0,2.2,No Downtime,57.8,69,65,2,63,3.32,96.92,94.2,96.33,97.79,91.3,6.6,16.82,3
PureGlow Soaps International (Fictional Dummy Company),Global Manufacturing Head - PureGlow Soaps,United States (North America),USA,Atlanta,FCT015,Atlanta Soap Plant,LN0043,Line-1,2026-07-04 06:00:00,2026-07-04,6,Morning,Coconut Bar Soap,1.13,60.0,2.4,No Downtime,57.6,68,56,2,54,3.6,96.43,82.35,96.0,86.04,79.65,5.92,19.54,2
PureGlow Soaps International (Fictional Dummy Company),Global Manufacturing Head - PureGlow Soaps,United States (North America),USA,Atlanta,FCT015,Atlanta Soap Plant,LN0044,Line-2,2026-07-04 06:00:00,2026-07-04,6,Morning,Lavender Bar Soap,1.07,60.0,0.2,No Downtime,59.8,64,56,1,55,1.71,98.21,87.5,99.67,87.52,85.67,5.2,37.92,3
PureGlow Soaps International (Fictional Dummy Company),Global Manufacturing Head - PureGlow Soaps,United States (North America),USA,Atlanta,FCT015,Atlanta Soap Plant,LN0045,Line-3,2026-07-04 06:00:00,2026-07-04,6,Morning,Neem Bar Soap,1.15,60.0,6.7,Changeover/Setup,53.3,69,57,1,56,2.04,98.25,82.61,88.83,92.99,81.16,5.79,16.13,3
PureGlow Soaps International (Fictional Dummy Company),Global Manufacturing Head - PureGlow Soaps,United States (North America),USA,Atlanta,FCT015,Atlanta Soap Plant,LN0043,Line-1,2026-07-04 07:00:00,2026-07-04,7,Morning,Coconut Bar Soap,1.13,60.0,18.2,Material Shortage,41.8,68,41,2,39,5.06,95.12,60.29,69.67,86.8,57.52,4.34,14.55,2
PureGlow Soaps International (Fictional Dummy Company),Global Manufacturing Head - PureGlow Soaps,United States (North America),USA,Atlanta,FCT015,Atlanta Soap Plant,LN0044,Line-2,2026-07-04 07:00:00,2026-07-04,7,Morning,Lavender Bar Soap,1.07,60.0,18.0,Material Shortage,42.0,64,37,1,36,3.25,97.3,57.81,70.0,82.33,56.07,3.77,29.13,1
PureGlow Soaps International (Fictional Dummy Company),Global Manufacturing Head - PureGlow Soaps,United States (North America),USA,Atlanta,FCT015,Atlanta Soap Plant,LN0045,Line-3,2026-07-04 07:00:00,2026-07-04,7,Morning,Neem Bar Soap,1.15,60.0,3.1,No Downtime,56.9,69,65,2,63,2.33,96.92,94.2,94.83,99.34,91.3,6.99,17.2,1
PureGlow Soaps International (Fictional Dummy Company),Global Manufacturing Head - PureGlow Soaps,United States (North America),USA,Atlanta,FCT015,Atlanta Soap Plant,LN0043,Line-1,2026-07-04 08:00:00,2026-07-04,8,Morning,Coconut Bar Soap,1.13,60.0,2.8,No Downtime,57.2,68,55,2,53,3.64,96.36,80.88,95.33,85.09,78.16,5.63,17.24,3
PureGlow Soaps International (Fictional Dummy Company),Global Manufacturing Head - PureGlow Soaps,United States (North America),USA,Atlanta,FCT015,Atlanta Soap Plant,LN0044,Line-2,2026-07-04 08:00:00,2026-07-04,8,Morning,Lavender Bar Soap,1.07,60.0,27.3,Material Shortage,32.7,64,29,1,28,5.0,96.55,45.31,54.5,82.88,43.61,2.52,21.93,1
PureGlow Soaps International (Fictional Dummy Company),Global Manufacturing Head - PureGlow Soaps,United States (North America),USA,Atlanta,FCT015,Atlanta Soap Plant,LN0045,Line-3,2026-07-04 08:00:00,2026-07-04,8,Morning,Neem Bar Soap,1.15,60.0,7.0,Quality Hold,53.0,69,60,4,56,7.25,93.33,86.96,88.33,98.44,81.15,5.24,16.12,1
PureGlow Soaps International (Fictional Dummy Company),Global Manufacturing Head - PureGlow Soaps,United States (North America),USA,Atlanta,FCT015,Atlanta Soap Plant,LN0043,Line-1,2026-07-04 09:00:00,2026-07-04,9,Morning,Coconut Bar Soap,1.13,60.0,22.0,Preventive Maintenance,38.0,68,43,2,41,5.56,95.35,63.24,63.33,100.14,60.47,3.73,11.42,3
PureGlow Soaps International (Fictional Dummy Company),Global Manufacturing Head - PureGlow Soaps,United States (North America),USA,Atlanta,FCT015,Atlanta Soap Plant,LN0044,Line-2,2026-07-04 09:00:00,2026-07-04,9,Morning,Lavender Bar Soap,1.07,60.0,27.5,Preventive Maintenance,32.5,64,35,1,34,4.12,97.14,54.69,54.17,100.65,52.96,3.15,20.34,1
PureGlow Soaps International (Fictional Dummy Company),Global Manufacturing Head - PureGlow Soaps,United States (North America),USA,Atlanta,FCT015,Atlanta Soap Plant,LN0045,Line-3,2026-07-04 09:00:00,2026-07-04,9,Morning,Neem Bar Soap,1.15,60.0,27.4,Material Shortage,32.6,69,38,1,37,2.99,97.37,55.07,54.33,101.36,53.62,3.67,9.81,3
PureGlow Soaps International (Fictional Dummy Company),Global Manufacturing Head - PureGlow Soaps,United States (North America),USA,Atlanta,FCT015,Atlanta Soap Plant,LN0043,Line-1,2026-07-04 10:00:00,2026-07-04,10,Morning,Coconut Bar Soap,1.13,60.0,34.2,Machine Breakdown,25.8,68,29,1,28,1.82,96.55,42.65,43.0,99.47,41.3,3.0,8.55,2
PureGlow Soaps International (Fictional Dummy Company),Global Manufacturing Head - PureGlow Soaps,United States (North America),USA,Atlanta,FCT015,Atlanta Soap Plant,LN0044,Line-2,2026-07-04 10:00:00,2026-07-04,10,Morning,Lavender Bar Soap,1.07,60.0,1.5,No Downtime,58.5,64,51,2,49,3.53,96.08,79.69,97.5,81.48,76.33,4.58,34.81,3
PureGlow Soaps International (Fictional Dummy Company),Global Manufacturing Head - PureGlow Soaps,United States (North America),USA,Atlanta,FCT015,Atlanta Soap Plant,LN0045,Line-3,2026-07-04 10:00:00,2026-07-04,10,Morning,Neem Bar Soap,1.15,60.0,9.0,Power Outage,51.0,69,57,2,55,4.07,96.49,82.61,85.0,97.19,79.71,5.85,13.83,3
PureGlow Soaps International (Fictional Dummy Company),Global Manufacturing Head - PureGlow Soaps,United States (North America),USA,Atlanta,FCT015,Atlanta Soap Plant,LN0043,Line-1,2026-07-04 11:00:00,2026-07-04,11,Morning,Coconut Bar Soap,1.13,60.0,3.5,No Downtime,56.5,68,55,2,53,3.64,96.36,80.88,94.17,86.15,78.17,5.6,18.47,2
PureGlow Soaps International (Fictional Dummy Company),Global Manufacturing Head - PureGlow Soaps,United States (North America),USA,Atlanta,FCT015,Atlanta Soap Plant,LN0044,Line-2,2026-07-04 11:00:00,2026-07-04,11,Morning,Lavender Bar Soap,1.07,60.0,5.6,Quality Hold,54.4,64,53,4,49,6.79,92.45,82.81,90.67,91.05,76.32,5.09,36.6,3
PureGlow Soaps International (Fictional Dummy Company),Global Manufacturing Head - PureGlow Soaps,United States (North America),USA,Atlanta,FCT015,Atlanta Soap Plant,LN0045,Line-3,2026-07-04 11:00:00,2026-07-04,11,Morning,Neem Bar Soap,1.15,60.0,4.0,No Downtime,56.0,69,53,1,52,2.14,98.11,76.81,93.33,82.3,75.36,5.55,16.46,3
PureGlow Soaps International (Fictional Dummy Company),Global Manufacturing Head - PureGlow Soaps,United States (North America),USA,Atlanta,FCT015,Atlanta Soap Plant,LN0043,Line-1,2026-07-04 12:00:00,2026-07-04,12,Morning,Coconut Bar Soap,1.13,60.0,19.4,Preventive Maintenance,40.6,68,38,1,37,1.71,97.37,55.88,67.67,82.83,54.58,3.76,12.7,2
PureGlow Soaps International (Fictional Dummy Company),Global Manufacturing Head - PureGlow Soaps,United States (North America),USA,Atlanta,FCT015,Atlanta Soap Plant,LN0044,Line-2,2026-07-04 12:00:00,2026-07-04,12,Morning,Lavender Bar Soap,1.07,60.0,12.3,Machine Breakdown,47.7,64,42,1,41,2.87,97.62,65.62,79.5,82.29,63.86,3.73,31.43,3
PureGlow Soaps International (Fictional Dummy Company),Global Manufacturing Head - PureGlow Soaps,United States (North America),USA,Atlanta,FCT015,Atlanta Soap Plant,LN0045,Line-3,2026-07-04 12:00:00,2026-07-04,12,Morning,Neem Bar Soap,1.15,60.0,3.5,No Downtime,56.5,69,56,1,55,1.11,98.21,81.16,94.17,86.19,79.71,4.91,16.77,2
PureGlow Soaps International (Fictional Dummy Company),Global Manufacturing Head - PureGlow Soaps,United States (North America),USA,Atlanta,FCT015,Atlanta Soap Plant,LN0043,Line-1,2026-07-04 13:00:00,2026-07-04,13,Morning,Coconut Bar Soap,1.13,60.0,23.4,Staff Shortage,36.6,68,36,2,34,4.46,94.44,52.94,61.0,87.04,50.14,3.85,12.71,2
PureGlow Soaps International (Fictional Dummy Company),Global Manufacturing Head - PureGlow Soaps,United States (North America),USA,Atlanta,FCT015,Atlanta Soap Plant,LN0044,Line-2,2026-07-04 13:00:00,2026-07-04,13,Morning,Lavender Bar Soap,1.07,60.0,3.6,No Downtime,56.4,64,51,2,49,3.2,96.08,79.69,94.0,84.51,76.33,5.06,35.11,2
PureGlow Soaps International (Fictional Dummy Company),Global Manufacturing Head - PureGlow Soaps,United States (North America),USA,Atlanta,FCT015,Atlanta Soap Plant,LN0045,Line-3,2026-07-04 13:00:00,2026-07-04,13,Morning,Neem Bar Soap,1.15,60.0,10.7,Material Shortage,49.3,69,54,2,52,2.78,96.3,78.26,82.17,95.25,75.37,5.1,12.86,3
PureGlow Soaps International (Fictional Dummy Company),Global Manufacturing Head - PureGlow Soaps,United States (North America),USA,Atlanta,FCT015,Atlanta Soap Plant,LN0043,Line-1,2026-07-04 14:00:00,2026-07-04,14,Afternoon,Coconut Bar Soap,1.13,60.0,18.8,Staff Shortage,41.2,68,38,1,37,1.84,97.37,55.88,68.67,81.62,54.57,3.39,13.59,2
PureGlow Soaps International (Fictional Dummy Company),Global Manufacturing Head - PureGlow Soaps,United States (North America),USA,Atlanta,FCT015,Atlanta Soap Plant,LN0044,Line-2,2026-07-04 14:00:00,2026-07-04,14,Afternoon,Lavender Bar Soap,1.07,60.0,3.6,No Downtime,56.4,64,56,1,55,2.39,98.21,87.5,94.0,92.8,85.67,4.93,34.26,3
PureGlow Soaps International (Fictional Dummy Company),Global Manufacturing Head - PureGlow Soaps,United States (North America),USA,Atlanta,FCT015,Atlanta Soap Plant,LN0045,Line-3,2026-07-04 14:00:00,2026-07-04,14,Afternoon,Neem Bar Soap,1.15,60.0,18.7,Quality Hold,41.3,69,42,4,38,9.89,90.48,60.87,68.83,88.43,55.07,3.85,12.56,1
PureGlow Soaps International (Fictional Dummy Company),Global Manufacturing Head - PureGlow Soaps,United States (North America),USA,Atlanta,FCT015,Atlanta Soap Plant,LN0043,Line-1,2026-07-04 15:00:00,2026-07-04,15,Afternoon,Coconut Bar Soap,1.13,60.0,1.1,No Downtime,58.9,68,54,1,53,1.67,98.15,79.41,98.17,81.13,78.17,4.83,18.36,3
PureGlow Soaps International (Fictional Dummy Company),Global Manufacturing Head - PureGlow Soaps,United States (North America),USA,Atlanta,FCT015,Atlanta Soap Plant,LN0044,Line-2,2026-07-04 15:00:00,2026-07-04,15,Afternoon,Lavender Bar Soap,1.07,60.0,3.9,No Downtime,56.1,64,51,2,49,3.68,96.08,79.69,93.5,84.96,76.32,5.17,35.21,1
PureGlow Soaps International (Fictional Dummy Company),Global Manufacturing Head - PureGlow Soaps,United States (North America),USA,Atlanta,FCT015,Atlanta Soap Plant,LN0045,Line-3,2026-07-04 15:00:00,2026-07-04,15,Afternoon,Neem Bar Soap,1.15,60.0,24.2,Power Outage,35.8,69,36,1,35,2.82,97.22,52.17,59.67,87.44,50.72,3.56,10.91,2
PureGlow Soaps International (Fictional Dummy Company),Global Manufacturing Head - PureGlow Soaps,United States (North America),USA,Atlanta,FCT015,Atlanta Soap Plant,LN0043,Line-1,2026-07-04 16:00:00,2026-07-04,16,Afternoon,Coconut Bar Soap,1.13,60.0,2.0,No Downtime,58.0,68,57,0,57,0.47,100.0,83.82,96.67,86.97,84.07,5.03,18.79,2
PureGlow Soaps International (Fictional Dummy Company),Global Manufacturing Head - PureGlow Soaps,United States (North America),USA,Atlanta,FCT015,Atlanta Soap Plant,LN0044,Line-2,2026-07-04 16:00:00,2026-07-04,16,Afternoon,Lavender Bar Soap,1.07,60.0,41.0,Machine Breakdown,19.0,64,16,0,16,2.71,100.0,25.0,31.67,78.7,24.92,1.6,13.14,2
PureGlow Soaps International (Fictional Dummy Company),Global Manufacturing Head - PureGlow Soaps,United States (North America),USA,Atlanta,FCT015,Atlanta Soap Plant,LN0045,Line-3,2026-07-04 16:00:00,2026-07-04,16,Afternoon,Neem Bar Soap,1.15,60.0,18.3,Machine Breakdown,41.7,69,38,1,37,3.64,97.37,55.07,69.5,79.24,53.62,3.28,11.66,2
PureGlow Soaps International (Fictional Dummy Company),Global Manufacturing Head - PureGlow Soaps,United States (North America),USA,Atlanta,FCT015,Atlanta Soap Plant,LN0043,Line-1,2026-07-04 17:00:00,2026-07-04,17,Afternoon,Coconut Bar Soap,1.13,60.0,33.5,Material Shortage,26.5,68,28,1,27,3.02,96.43,41.18,44.17,93.5,39.82,2.59,8.68,2
PureGlow Soaps International (Fictional Dummy Company),Global Manufacturing Head - PureGlow Soaps,United States (North America),USA,Atlanta,FCT015,Atlanta Soap Plant,LN0044,Line-2,2026-07-04 17:00:00,2026-07-04,17,Afternoon,Lavender Bar Soap,1.07,60.0,10.1,Changeover/Setup,49.9,64,46,1,45,3.26,97.83,71.88,83.17,86.15,70.1,4.35,30.12,1
PureGlow Soaps International (Fictional Dummy Company),Global Manufacturing Head - PureGlow Soaps,United States (North America),USA,Atlanta,FCT015,Atlanta Soap Plant,LN0045,Line-3,2026-07-04 17:00:00,2026-07-04,17,Afternoon,Neem Bar Soap,1.15,60.0,2.1,No Downtime,57.9,69,57,3,54,6.01,94.74,82.61,96.5,85.6,78.26,5.74,14.52,1
PureGlow Soaps International (Fictional Dummy Company),Global Manufacturing Head - PureGlow Soaps,United States (North America),USA,Atlanta,FCT015,Atlanta Soap Plant,LN0043,Line-1,2026-07-04 18:00:00,2026-07-04,18,Afternoon,Coconut Bar Soap,1.13,60.0,15.1,Power Outage,44.9,68,41,0,41,0.87,100.0,60.29,74.83,80.81,60.47,4.02,12.98,1
PureGlow Soaps International (Fictional Dummy Company),Global Manufacturing Head - PureGlow Soaps,United States (North America),USA,Atlanta,FCT015,Atlanta Soap Plant,LN0044,Line-2,2026-07-04 18:00:00,2026-07-04,18,Afternoon,Lavender Bar Soap,1.07,60.0,1.0,No Downtime,59.0,64,59,2,57,3.84,96.61,92.19,98.33,93.46,88.78,5.18,34.77,2
PureGlow Soaps International (Fictional Dummy Company),Global Manufacturing Head - PureGlow Soaps,United States (North America),USA,Atlanta,FCT015,Atlanta Soap Plant,LN0045,Line-3,2026-07-04 18:00:00,2026-07-04,18,Afternoon,Neem Bar Soap,1.15,60.0,12.3,Changeover/Setup,47.7,69,47,2,45,4.77,95.74,68.12,79.5,85.68,65.21,4.94,13.06,2
PureGlow Soaps International (Fictional Dummy Company),Global Manufacturing Head - PureGlow Soaps,United States (North America),USA,Atlanta,FCT015,Atlanta Soap Plant,LN0043,Line-1,2026-07-04 19:00:00,2026-07-04,19,Afternoon,Coconut Bar Soap,1.13,60.0,7.0,Quality Hold,53.0,68,50,3,47,5.96,94.0,73.53,88.33,83.49,69.32,4.76,15.53,1
PureGlow Soaps International (Fictional Dummy Company),Global Manufacturing Head - PureGlow Soaps,United States (North America),USA,Atlanta,FCT015,Atlanta Soap Plant,LN0044,Line-2,2026-07-04 19:00:00,2026-07-04,19,Afternoon,Lavender Bar Soap,1.07,60.0,3.0,No Downtime,57.0,64,50,0,50,0.0,100.0,78.12,95.0,81.98,77.88,5.17,40.25,1
PureGlow Soaps International (Fictional Dummy Company),Global Manufacturing Head - PureGlow Soaps,United States (North America),USA,Atlanta,FCT015,Atlanta Soap Plant,LN0045,Line-3,2026-07-04 19:00:00,2026-07-04,19,Afternoon,Neem Bar Soap,1.15,60.0,2.7,No Downtime,57.3,69,55,3,52,5.06,94.55,79.71,95.5,83.47,75.37,5.73,14.84,3
PureGlow Soaps International (Fictional Dummy Company),Global Manufacturing Head - PureGlow Soaps,United States (North America),USA,Atlanta,FCT015,Atlanta Soap Plant,LN0043,Line-1,2026-07-04 20:00:00,2026-07-04,20,Afternoon,Coconut Bar Soap,1.13,60.0,24.1,Machine Breakdown,35.9,68,33,1,32,1.55,96.97,48.53,59.83,81.35,47.2,2.81,10.72,1
PureGlow Soaps International (Fictional Dummy Company),Global Manufacturing Head - PureGlow Soaps,United States (North America),USA,Atlanta,FCT015,Atlanta Soap Plant,LN0044,Line-2,2026-07-04 20:00:00,2026-07-04,20,Afternoon,Lavender Bar Soap,1.07,60.0,0.9,No Downtime,59.1,64,52,1,51,2.18,98.08,81.25,98.5,82.23,79.44,4.68,35.48,3
PureGlow Soaps International (Fictional Dummy Company),Global Manufacturing Head - PureGlow Soaps,United States (North America),USA,Atlanta,FCT015,Atlanta Soap Plant,LN0045,Line-3,2026-07-04 20:00:00,2026-07-04,20,Afternoon,Neem Bar Soap,1.15,60.0,1.4,No Downtime,58.6,69,63,1,62,2.07,98.41,91.3,97.67,93.49,89.86,6.8,16.84,2
PureGlow Soaps International (Fictional Dummy Company),Global Manufacturing Head - PureGlow Soaps,United States (North America),USA,Atlanta,FCT015,Atlanta Soap Plant,LN0043,Line-1,2026-07-04 21:00:00,2026-07-04,21,Afternoon,Coconut Bar Soap,1.13,60.0,0.8,No Downtime,59.2,68,67,3,64,4.16,95.52,98.53,98.67,100.16,94.4,5.98,19.16,1
PureGlow Soaps International (Fictional Dummy Company),Global Manufacturing Head - PureGlow Soaps,United States (North America),USA,Atlanta,FCT015,Atlanta Soap Plant,LN0044,Line-2,2026-07-04 21:00:00,2026-07-04,21,Afternoon,Lavender Bar Soap,1.07,60.0,23.6,Machine Breakdown,36.4,64,40,0,40,0.95,100.0,62.5,60.67,102.7,62.31,4.33,23.3,1
PureGlow Soaps International (Fictional Dummy Company),Global Manufacturing Head - PureGlow Soaps,United States (North America),USA,Atlanta,FCT015,Atlanta Soap Plant,LN0045,Line-3,2026-07-04 21:00:00,2026-07-04,21,Afternoon,Neem Bar Soap,1.15,60.0,18.4,Changeover/Setup,41.6,69,48,2,46,4.94,95.83,69.57,69.33,100.33,66.66,5.05,10.47,3
PureGlow Soaps International (Fictional Dummy Company),Global Manufacturing Head - PureGlow Soaps,United States (North America),USA,Atlanta,FCT015,Atlanta Soap Plant,LN0043,Line-1,2026-07-04 22:00:00,2026-07-04,22,Night,Coconut Bar Soap,1.13,60.0,13.2,Changeover/Setup,46.8,68,47,1,46,2.12,97.87,69.12,78.0,88.87,67.84,4.29,14.11,3
PureGlow Soaps International (Fictional Dummy Company),Global Manufacturing Head - PureGlow Soaps,United States (North America),USA,Atlanta,FCT015,Atlanta Soap Plant,LN0044,Line-2,2026-07-04 22:00:00,2026-07-04,22,Night,Lavender Bar Soap,1.07,60.0,11.5,Machine Breakdown,48.5,64,53,1,52,1.98,98.11,82.81,80.83,102.13,80.99,4.82,28.36,3
PureGlow Soaps International (Fictional Dummy Company),Global Manufacturing Head - PureGlow Soaps,United States (North America),USA,Atlanta,FCT015,Atlanta Soap Plant,LN0045,Line-3,2026-07-04 22:00:00,2026-07-04,22,Night,Neem Bar Soap,1.15,60.0,0.2,No Downtime,59.8,69,64,2,62,3.1,96.88,92.75,99.67,93.06,89.86,6.3,16.0,2
PureGlow Soaps International (Fictional Dummy Company),Global Manufacturing Head - PureGlow Soaps,United States (North America),USA,Atlanta,FCT015,Atlanta Soap Plant,LN0043,Line-1,2026-07-04 23:00:00,2026-07-04,23,Night,Coconut Bar Soap,1.13,60.0,13.6,Quality Hold,46.4,68,50,4,46,7.1,92.0,73.53,77.33,95.36,67.84,4.62,15.61,2
PureGlow Soaps International (Fictional Dummy Company),Global Manufacturing Head - PureGlow Soaps,United States (North America),USA,Atlanta,FCT015,Atlanta Soap Plant,LN0044,Line-2,2026-07-04 23:00:00,2026-07-04,23,Night,Lavender Bar Soap,1.07,60.0,15.3,Changeover/Setup,44.7,64,38,1,37,2.6,97.37,59.38,74.5,79.45,57.63,3.71,27.03,2
PureGlow Soaps International (Fictional Dummy Company),Global Manufacturing Head - PureGlow Soaps,United States (North America),USA,Atlanta,FCT015,Atlanta Soap Plant,LN0045,Line-3,2026-07-04 23:00:00,2026-07-04,23,Night,Neem Bar Soap,1.15,60.0,5.5,Staff Shortage,54.5,69,57,3,54,4.74,94.74,82.61,90.83,90.95,78.26,6.03,16.49,1
PureGlow Soaps International (Fictional Dummy Company),Global Manufacturing Head - PureGlow Soaps,United States (North America),USA,Atlanta,FCT015,Atlanta Soap Plant,LN0043,Line-1,2026-07-05 00:00:00,2026-07-05,0,Night,Rose Bar Soap,1.13,60.0,31.6,Preventive Maintenance,28.4,68,31,2,29,4.96,93.55,45.59,47.33,96.6,42.77,2.82,8.31,3
PureGlow Soaps International (Fictional Dummy Company),Global Manufacturing Head - PureGlow Soaps,United States (North America),USA,Atlanta,FCT015,Atlanta Soap Plant,LN0044,Line-2,2026-07-05 00:00:00,2026-07-05,0,Night,Sandalwood Bar Soap,1.07,60.0,12.5,Changeover/Setup,47.5,64,49,1,48,1.64,97.96,76.56,79.17,96.41,74.77,4.19,28.61,3
PureGlow Soaps International (Fictional Dummy Company),Global Manufacturing Head - PureGlow Soaps,United States (North America),USA,Atlanta,FCT015,Atlanta Soap Plant,LN0045,Line-3,2026-07-05 00:00:00,2026-07-05,0,Night,Lemon Bar Soap,1.15,60.0,18.1,Changeover/Setup,41.9,69,40,1,39,3.72,97.5,57.97,69.83,83.01,56.52,3.72,12.8,3
PureGlow Soaps International (Fictional Dummy Company),Global Manufacturing Head - PureGlow Soaps,United States (North America),USA,Atlanta,FCT015,Atlanta Soap Plant,LN0043,Line-1,2026-07-05 01:00:00,2026-07-05,1,Night,Rose Bar Soap,1.13,60.0,4.0,No Downtime,56.0,68,55,1,54,1.45,98.18,80.88,93.33,86.92,79.65,5.67,17.01,3
PureGlow Soaps International (Fictional Dummy Company),Global Manufacturing Head - PureGlow Soaps,United States (North America),USA,Atlanta,FCT015,Atlanta Soap Plant,LN0044,Line-2,2026-07-05 01:00:00,2026-07-05,1,Night,Sandalwood Bar Soap,1.07,60.0,1.9,No Downtime,58.1,64,58,4,54,6.65,93.1,90.62,96.83,93.3,84.11,5.23,38.91,2
PureGlow Soaps International (Fictional Dummy Company),Global Manufacturing Head - PureGlow Soaps,United States (North America),USA,Atlanta,FCT015,Atlanta Soap Plant,LN0045,Line-3,2026-07-05 01:00:00,2026-07-05,1,Night,Lemon Bar Soap,1.15,60.0,12.5,Power Outage,47.5,69,44,1,43,2.12,97.73,63.77,79.17,80.55,62.32,4.58,13.84,1
PureGlow Soaps International (Fictional Dummy Company),Global Manufacturing Head - PureGlow Soaps,United States (North America),USA,Atlanta,FCT015,Atlanta Soap Plant,LN0043,Line-1,2026-07-05 02:00:00,2026-07-05,2,Night,Rose Bar Soap,1.13,60.0,6.1,Quality Hold,53.9,68,50,5,45,10.87,90.0,73.53,89.83,82.09,66.37,4.79,18.13,1
PureGlow Soaps International (Fictional Dummy Company),Global Manufacturing Head - PureGlow Soaps,United States (North America),USA,Atlanta,FCT015,Atlanta Soap Plant,LN0044,Line-2,2026-07-05 02:00:00,2026-07-05,2,Night,Sandalwood Bar Soap,1.07,60.0,3.0,No Downtime,57.0,64,62,3,59,4.77,95.16,96.88,95.0,101.66,91.9,5.4,37.23,1
PureGlow Soaps International (Fictional Dummy Company),Global Manufacturing Head - PureGlow Soaps,United States (North America),USA,Atlanta,FCT015,Atlanta Soap Plant,LN0045,Line-3,2026-07-05 02:00:00,2026-07-05,2,Night,Lemon Bar Soap,1.15,60.0,0.1,No Downtime,59.9,69,57,1,56,1.42,98.25,82.61,99.83,82.75,81.16,5.19,17.86,1
PureGlow Soaps International (Fictional Dummy Company),Global Manufacturing Head - PureGlow Soaps,United States (North America),USA,Atlanta,FCT015,Atlanta Soap Plant,LN0043,Line-1,2026-07-05 03:00:00,2026-07-05,3,Night,Rose Bar Soap,1.13,60.0,13.9,Changeover/Setup,46.1,68,48,1,47,3.06,97.92,70.59,76.83,92.14,69.32,4.87,15.05,1
PureGlow Soaps International (Fictional Dummy Company),Global Manufacturing Head - PureGlow Soaps,United States (North America),USA,Atlanta,FCT015,Atlanta Soap Plant,LN0044,Line-2,2026-07-05 03:00:00,2026-07-05,3,Night,Sandalwood Bar Soap,1.07,60.0,10.6,Quality Hold,49.4,64,49,4,45,8.58,91.84,76.56,82.33,92.7,70.09,4.52,34.6,1
PureGlow Soaps International (Fictional Dummy Company),Global Manufacturing Head - PureGlow Soaps,United States (North America),USA,Atlanta,FCT015,Atlanta Soap Plant,LN0045,Line-3,2026-07-05 03:00:00,2026-07-05,3,Night,Lemon Bar Soap,1.15,60.0,1.4,No Downtime,58.6,69,66,2,64,2.93,96.97,95.65,97.67,97.94,92.76,5.97,17.62,1
PureGlow Soaps International (Fictional Dummy Company),Global Manufacturing Head - PureGlow Soaps,United States (North America),USA,Atlanta,FCT015,Atlanta Soap Plant,LN0043,Line-1,2026-07-05 04:00:00,2026-07-05,4,Night,Rose Bar Soap,1.13,60.0,25.1,Material Shortage,34.9,68,41,2,39,4.07,95.12,60.29,58.17,103.96,57.52,4.15,10.33,1
PureGlow Soaps International (Fictional Dummy Company),Global Manufacturing Head - PureGlow Soaps,United States (North America),USA,Atlanta,FCT015,Atlanta Soap Plant,LN0044,Line-2,2026-07-05 04:00:00,2026-07-05,4,Night,Sandalwood Bar Soap,1.07,60.0,3.8,No Downtime,56.2,64,57,2,55,3.14,96.49,89.06,93.67,94.79,85.67,5.9,33.31,2
PureGlow Soaps International (Fictional Dummy Company),Global Manufacturing Head - PureGlow Soaps,United States (North America),USA,Atlanta,FCT015,Atlanta Soap Plant,LN0045,Line-3,2026-07-05 04:00:00,2026-07-05,4,Night,Lemon Bar Soap,1.15,60.0,30.3,Machine Breakdown,29.7,69,30,1,29,3.1,96.67,43.48,49.5,87.83,42.03,2.92,7.56,1
PureGlow Soaps International (Fictional Dummy Company),Global Manufacturing Head - PureGlow Soaps,United States (North America),USA,Atlanta,FCT015,Atlanta Soap Plant,LN0043,Line-1,2026-07-05 05:00:00,2026-07-05,5,Night,Rose Bar Soap,1.13,60.0,11.0,Quality Hold,49.0,68,53,5,48,10.3,90.57,77.94,81.67,95.72,70.8,5.53,14.55,1
PureGlow Soaps International (Fictional Dummy Company),Global Manufacturing Head - PureGlow Soaps,United States (North America),USA,Atlanta,FCT015,Atlanta Soap Plant,LN0044,Line-2,2026-07-05 05:00:00,2026-07-05,5,Night,Sandalwood Bar Soap,1.07,60.0,18.1,Power Outage,41.9,64,42,2,40,4.09,95.24,65.62,69.83,93.68,62.3,4.03,27.32,2
PureGlow Soaps International (Fictional Dummy Company),Global Manufacturing Head - PureGlow Soaps,United States (North America),USA,Atlanta,FCT015,Atlanta Soap Plant,LN0045,Line-3,2026-07-05 05:00:00,2026-07-05,5,Night,Lemon Bar Soap,1.15,60.0,10.2,Material Shortage,49.8,69,46,1,45,1.92,97.83,66.67,83.0,80.32,65.22,4.71,13.64,1
PureGlow Soaps International (Fictional Dummy Company),Global Manufacturing Head - PureGlow Soaps,United States (North America),USA,Atlanta,FCT015,Atlanta Soap Plant,LN0043,Line-1,2026-07-05 06:00:00,2026-07-05,6,Morning,Rose Bar Soap,1.13,60.0,3.4,No Downtime,56.6,68,63,2,61,3.15,96.83,92.65,94.33,98.5,89.97,6.82,17.63,1
PureGlow Soaps International (Fictional Dummy Company),Global Manufacturing Head - PureGlow Soaps,United States (North America),USA,Atlanta,FCT015,Atlanta Soap Plant,LN0044,Line-2,2026-07-05 06:00:00,2026-07-05,6,Morning,Sandalwood Bar Soap,1.07,60.0,11.5,Changeover/Setup,48.5,64,44,2,42,3.56,95.45,68.75,80.83,84.79,65.42,4.76,32.05,2
PureGlow Soaps International (Fictional Dummy Company),Global Manufacturing Head - PureGlow Soaps,United States (North America),USA,Atlanta,FCT015,Atlanta Soap Plant,LN0045,Line-3,2026-07-05 06:00:00,2026-07-05,6,Morning,Lemon Bar Soap,1.15,60.0,24.0,Machine Breakdown,36.0,69,42,0,42,0.34,100.0,60.87,60.0,101.45,60.87,4.27,9.05,3
PureGlow Soaps International (Fictional Dummy Company),Global Manufacturing Head - PureGlow Soaps,United States (North America),USA,Atlanta,FCT015,Atlanta Soap Plant,LN0043,Line-1,2026-07-05 07:00:00,2026-07-05,7,Morning,Rose Bar Soap,1.13,60.0,32.5,Preventive Maintenance,27.5,68,29,1,28,3.33,96.55,42.65,45.83,93.32,41.29,2.77,9.56,2
PureGlow Soaps International (Fictional Dummy Company),Global Manufacturing Head - PureGlow Soaps,United States (North America),USA,Atlanta,FCT015,Atlanta Soap Plant,LN0044,Line-2,2026-07-05 07:00:00,2026-07-05,7,Morning,Sandalwood Bar Soap,1.07,60.0,1.9,No Downtime,58.1,64,56,1,55,1.31,98.21,87.5,96.83,90.08,85.66,5.31,41.19,2
PureGlow Soaps International (Fictional Dummy Company),Global Manufacturing Head - PureGlow Soaps,United States (North America),USA,Atlanta,FCT015,Atlanta Soap Plant,LN0045,Line-3,2026-07-05 07:00:00,2026-07-05,7,Morning,Lemon Bar Soap,1.15,60.0,2.3,No Downtime,57.7,69,53,1,52,2.54,98.11,76.81,96.17,79.87,75.36,4.89,16.38,1
PureGlow Soaps International (Fictional Dummy Company),Global Manufacturing Head - PureGlow Soaps,United States (North America),USA,Atlanta,FCT015,Atlanta Soap Plant,LN0043,Line-1,2026-07-05 08:00:00,2026-07-05,8,Morning,Rose Bar Soap,1.13,60.0,21.2,Staff Shortage,38.8,68,37,0,37,0.79,100.0,54.41,64.67,84.39,54.58,4.01,11.71,2
PureGlow Soaps International (Fictional Dummy Company),Global Manufacturing Head - PureGlow Soaps,United States (North America),USA,Atlanta,FCT015,Atlanta Soap Plant,LN0044,Line-2,2026-07-05 08:00:00,2026-07-05,8,Morning,Sandalwood Bar Soap,1.07,60.0,24.7,Power Outage,35.3,64,37,1,36,3.42,97.3,57.81,58.83,97.96,56.07,3.2,21.5,2
PureGlow Soaps International (Fictional Dummy Company),Global Manufacturing Head - PureGlow Soaps,United States (North America),USA,Atlanta,FCT015,Atlanta Soap Plant,LN0045,Line-3,2026-07-05 08:00:00,2026-07-05,8,Morning,Lemon Bar Soap,1.15,60.0,26.7,Power Outage,33.3,69,31,1,30,4.56,96.77,44.93,55.5,80.95,43.48,2.69,9.37,2
PureGlow Soaps International (Fictional Dummy Company),Global Manufacturing Head - PureGlow Soaps,United States (North America),USA,Atlanta,FCT015,Atlanta Soap Plant,LN0043,Line-1,2026-07-05 09:00:00,2026-07-05,9,Morning,Rose Bar Soap,1.13,60.0,18.7,Material Shortage,41.3,68,39,1,38,1.6,97.44,57.35,68.83,83.57,56.05,4.23,14.17,3
PureGlow Soaps International (Fictional Dummy Company),Global Manufacturing Head - PureGlow Soaps,United States (North America),USA,Atlanta,FCT015,Atlanta Soap Plant,LN0044,Line-2,2026-07-05 09:00:00,2026-07-05,9,Morning,Sandalwood Bar Soap,1.07,60.0,21.5,Material Shortage,38.5,64,33,1,32,3.13,96.97,51.56,64.17,80.11,49.85,3.25,25.15,1
PureGlow Soaps International (Fictional Dummy Company),Global Manufacturing Head - PureGlow Soaps,United States (North America),USA,Atlanta,FCT015,Atlanta Soap Plant,LN0045,Line-3,2026-07-05 09:00:00,2026-07-05,9,Morning,Lemon Bar Soap,1.15,60.0,16.6,Changeover/Setup,43.4,69,47,2,45,4.67,95.74,68.12,72.33,94.17,65.21,5.02,13.21,1
PureGlow Soaps International (Fictional Dummy Company),Global Manufacturing Head - PureGlow Soaps,United States (North America),USA,Atlanta,FCT015,Atlanta Soap Plant,LN0043,Line-1,2026-07-05 10:00:00,2026-07-05,10,Morning,Rose Bar Soap,1.13,60.0,15.8,Machine Breakdown,44.2,68,48,2,46,3.56,95.83,70.59,73.67,96.1,67.84,4.82,13.83,3
PureGlow Soaps International (Fictional Dummy Company),Global Manufacturing Head - PureGlow Soaps,United States (North America),USA,Atlanta,FCT015,Atlanta Soap Plant,LN0044,Line-2,2026-07-05 10:00:00,2026-07-05,10,Morning,Sandalwood Bar Soap,1.07,60.0,3.2,No Downtime,56.8,64,53,3,50,5.18,94.34,82.81,94.67,87.21,77.89,5.43,35.23,2
PureGlow Soaps International (Fictional Dummy Company),Global Manufacturing Head - PureGlow Soaps,United States (North America),USA,Atlanta,FCT015,Atlanta Soap Plant,LN0045,Line-3,2026-07-05 10:00:00,2026-07-05,10,Morning,Lemon Bar Soap,1.15,60.0,0.8,No Downtime,59.2,69,57,1,56,0.91,98.25,82.61,98.67,83.73,81.17,6.16,15.0,1
PureGlow Soaps International (Fictional Dummy Company),Global Manufacturing Head - PureGlow Soaps,United States (North America),USA,Atlanta,FCT015,Atlanta Soap Plant,LN0043,Line-1,2026-07-05 11:00:00,2026-07-05,11,Morning,Rose Bar Soap,1.13,60.0,12.7,Changeover/Setup,47.3,68,51,2,49,3.82,96.08,75.0,78.83,95.42,72.27,4.79,16.51,3
PureGlow Soaps International (Fictional Dummy Company),Global Manufacturing Head - PureGlow Soaps,United States (North America),USA,Atlanta,FCT015,Atlanta Soap Plant,LN0044,Line-2,2026-07-05 11:00:00,2026-07-05,11,Morning,Sandalwood Bar Soap,1.07,60.0,21.7,Machine Breakdown,38.3,64,34,0,34,1.38,100.0,53.12,63.83,82.97,52.96,3.58,24.51,2
PureGlow Soaps International (Fictional Dummy Company),Global Manufacturing Head - PureGlow Soaps,United States (North America),USA,Atlanta,FCT015,Atlanta Soap Plant,LN0045,Line-3,2026-07-05 11:00:00,2026-07-05,11,Morning,Lemon Bar Soap,1.15,60.0,17.9,Staff Shortage,42.1,69,49,2,47,3.23,95.92,71.01,70.17,101.21,68.12,4.55,12.38,1
PureGlow Soaps International (Fictional Dummy Company),Global Manufacturing Head - PureGlow Soaps,United States (North America),USA,Atlanta,FCT015,Atlanta Soap Plant,LN0043,Line-1,2026-07-05 12:00:00,2026-07-05,12,Morning,Rose Bar Soap,1.13,60.0,0.8,No Downtime,59.2,68,63,1,62,1.75,98.41,92.65,98.67,94.18,91.45,5.49,19.88,3
PureGlow Soaps International (Fictional Dummy Company),Global Manufacturing Head - PureGlow Soaps,United States (North America),USA,Atlanta,FCT015,Atlanta Soap Plant,LN0044,Line-2,2026-07-05 12:00:00,2026-07-05,12,Morning,Sandalwood Bar Soap,1.07,60.0,5.2,Changeover/Setup,54.8,64,48,0,48,0.53,100.0,75.0,91.33,81.86,74.76,4.83,37.64,2
PureGlow Soaps International (Fictional Dummy Company),Global Manufacturing Head - PureGlow Soaps,United States (North America),USA,Atlanta,FCT015,Atlanta Soap Plant,LN0045,Line-3,2026-07-05 12:00:00,2026-07-05,12,Morning,Lemon Bar Soap,1.15,60.0,9.7,Staff Shortage,50.3,69,56,1,55,2.14,98.21,81.16,83.83,96.81,79.7,5.94,14.43,3
PureGlow Soaps International (Fictional Dummy Company),Global Manufacturing Head - PureGlow Soaps,United States (North America),USA,Atlanta,FCT015,Atlanta Soap Plant,LN0043,Line-1,2026-07-05 13:00:00,2026-07-05,13,Morning,Rose Bar Soap,1.13,60.0,21.1,Power Outage,38.9,68,38,1,37,2.04,97.37,55.88,64.83,86.45,54.57,3.61,12.38,3
PureGlow Soaps International (Fictional Dummy Company),Global Manufacturing Head - PureGlow Soaps,United States (North America),USA,Atlanta,FCT015,Atlanta Soap Plant,LN0044,Line-2,2026-07-05 13:00:00,2026-07-05,13,Morning,Sandalwood Bar Soap,1.07,60.0,23.3,Preventive Maintenance,36.7,64,33,1,32,2.57,96.97,51.56,61.17,84.04,49.85,2.87,24.13,1
PureGlow Soaps International (Fictional Dummy Company),Global Manufacturing Head - PureGlow Soaps,United States (North America),USA,Atlanta,FCT015,Atlanta Soap Plant,LN0045,Line-3,2026-07-05 13:00:00,2026-07-05,13,Morning,Lemon Bar Soap,1.15,60.0,5.7,Changeover/Setup,54.3,69,54,1,53,2.66,98.15,78.26,90.5,86.48,76.82,5.27,13.94,1
PureGlow Soaps International (Fictional Dummy Company),Global Manufacturing Head - PureGlow Soaps,United States (North America),USA,Atlanta,FCT015,Atlanta Soap Plant,LN0043,Line-1,2026-07-05 14:00:00,2026-07-05,14,Afternoon,Rose Bar Soap,1.13,60.0,24.3,Preventive Maintenance,35.7,68,33,2,31,5.25,93.94,48.53,59.5,81.8,45.72,2.99,10.44,1
PureGlow Soaps International (Fictional Dummy Company),Global Manufacturing Head - PureGlow Soaps,United States (North America),USA,Atlanta,FCT015,Atlanta Soap Plant,LN0044,Line-2,2026-07-05 14:00:00,2026-07-05,14,Afternoon,Sandalwood Bar Soap,1.07,60.0,1.2,No Downtime,58.8,64,52,1,51,2.72,98.08,81.25,98.0,82.65,79.44,5.45,36.74,3
PureGlow Soaps International (Fictional Dummy Company),Global Manufacturing Head - PureGlow Soaps,United States (North America),USA,Atlanta,FCT015,Atlanta Soap Plant,LN0045,Line-3,2026-07-05 14:00:00,2026-07-05,14,Afternoon,Lemon Bar Soap,1.15,60.0,0.4,No Downtime,59.6,69,67,0,67,0.08,100.0,97.1,99.33,97.75,97.1,7.13,16.96,2
PureGlow Soaps International (Fictional Dummy Company),Global Manufacturing Head - PureGlow Soaps,United States (North America),USA,Atlanta,FCT015,Atlanta Soap Plant,LN0043,Line-1,2026-07-05 15:00:00,2026-07-05,15,Afternoon,Rose Bar Soap,1.13,60.0,19.2,Power Outage,40.8,68,39,1,38,1.53,97.44,57.35,68.0,84.59,56.05,4.23,13.44,1
PureGlow Soaps International (Fictional Dummy Company),Global Manufacturing Head - PureGlow Soaps,United States (North America),USA,Atlanta,FCT015,Atlanta Soap Plant,LN0044,Line-2,2026-07-05 15:00:00,2026-07-05,15,Afternoon,Sandalwood Bar Soap,1.07,60.0,3.7,No Downtime,56.3,64,56,2,54,3.02,96.43,87.5,93.83,92.96,84.11,5.33,33.73,1
PureGlow Soaps International (Fictional Dummy Company),Global Manufacturing Head - PureGlow Soaps,United States (North America),USA,Atlanta,FCT015,Atlanta Soap Plant,LN0045,Line-3,2026-07-05 15:00:00,2026-07-05,15,Afternoon,Lemon Bar Soap,1.15,60.0,0.6,No Downtime,59.4,69,62,1,61,1.75,98.39,89.86,99.0,90.76,88.41,6.7,16.46,3
PureGlow Soaps International (Fictional Dummy Company),Global Manufacturing Head - PureGlow Soaps,United States (North America),USA,Atlanta,FCT015,Atlanta Soap Plant,LN0043,Line-1,2026-07-05 16:00:00,2026-07-05,16,Afternoon,Rose Bar Soap,1.13,60.0,18.4,Changeover/Setup,41.6,68,40,2,38,4.97,95.0,58.82,69.33,85.09,56.04,3.4,13.67,3
PureGlow Soaps International (Fictional Dummy Company),Global Manufacturing Head - PureGlow Soaps,United States (North America),USA,Atlanta,FCT015,Atlanta Soap Plant,LN0044,Line-2,2026-07-05 16:00:00,2026-07-05,16,Afternoon,Sandalwood Bar Soap,1.07,60.0,11.5,Material Shortage,48.5,64,43,0,43,0.92,100.0,67.19,80.83,82.86,66.98,4.45,31.68,1
PureGlow Soaps International (Fictional Dummy Company),Global Manufacturing Head - PureGlow Soaps,United States (North America),USA,Atlanta,FCT015,Atlanta Soap Plant,LN0045,Line-3,2026-07-05 16:00:00,2026-07-05,16,Afternoon,Lemon Bar Soap,1.15,60.0,0.2,No Downtime,59.8,69,57,2,55,4.38,96.49,82.61,99.67,82.88,79.71,5.91,17.45,1
PureGlow Soaps International (Fictional Dummy Company),Global Manufacturing Head - PureGlow Soaps,United States (North America),USA,Atlanta,FCT015,Atlanta Soap Plant,LN0043,Line-1,2026-07-05 17:00:00,2026-07-05,17,Afternoon,Rose Bar Soap,1.13,60.0,15.8,Preventive Maintenance,44.2,68,46,0,46,0.83,100.0,67.65,73.67,92.1,67.85,3.94,13.51,1
PureGlow Soaps International (Fictional Dummy Company),Global Manufacturing Head - PureGlow Soaps,United States (North America),USA,Atlanta,FCT015,Atlanta Soap Plant,LN0044,Line-2,2026-07-05 17:00:00,2026-07-05,17,Afternoon,Sandalwood Bar Soap,1.07,60.0,16.9,Quality Hold,43.1,64,41,3,38,7.03,92.68,64.06,71.83,88.9,59.18,4.38,28.53,3
PureGlow Soaps International (Fictional Dummy Company),Global Manufacturing Head - PureGlow Soaps,United States (North America),USA,Atlanta,FCT015,Atlanta Soap Plant,LN0045,Line-3,2026-07-05 17:00:00,2026-07-05,17,Afternoon,Lemon Bar Soap,1.15,60.0,2.5,No Downtime,57.5,69,64,2,62,2.37,96.88,92.75,95.83,96.79,89.86,6.64,17.39,2
PureGlow Soaps International (Fictional Dummy Company),Global Manufacturing Head - PureGlow Soaps,United States (North America),USA,Atlanta,FCT015,Atlanta Soap Plant,LN0043,Line-1,2026-07-05 18:00:00,2026-07-05,18,Afternoon,Rose Bar Soap,1.13,60.0,20.6,Staff Shortage,39.4,68,41,1,40,2.39,97.56,60.29,65.67,92.09,59.0,3.88,11.95,2
PureGlow Soaps International (Fictional Dummy Company),Global Manufacturing Head - PureGlow Soaps,United States (North America),USA,Atlanta,FCT015,Atlanta Soap Plant,LN0044,Line-2,2026-07-05 18:00:00,2026-07-05,18,Afternoon,Sandalwood Bar Soap,1.07,60.0,10.4,Material Shortage,49.6,64,48,1,47,1.99,97.92,75.0,82.67,90.44,73.21,5.25,30.48,3
PureGlow Soaps International (Fictional Dummy Company),Global Manufacturing Head - PureGlow Soaps,United States (North America),USA,Atlanta,FCT015,Atlanta Soap Plant,LN0045,Line-3,2026-07-05 18:00:00,2026-07-05,18,Afternoon,Lemon Bar Soap,1.15,60.0,16.6,Machine Breakdown,43.4,69,44,1,43,2.96,97.73,63.77,72.33,88.16,62.32,4.71,11.55,2
PureGlow Soaps International (Fictional Dummy Company),Global Manufacturing Head - PureGlow Soaps,United States (North America),USA,Atlanta,FCT015,Atlanta Soap Plant,LN0043,Line-1,2026-07-05 19:00:00,2026-07-05,19,Afternoon,Rose Bar Soap,1.13,60.0,1.8,No Downtime,58.2,68,55,2,53,4.11,96.36,80.88,97.0,83.63,78.17,5.99,19.0,2
PureGlow Soaps International (Fictional Dummy Company),Global Manufacturing Head - PureGlow Soaps,United States (North America),USA,Atlanta,FCT015,Atlanta Soap Plant,LN0044,Line-2,2026-07-05 19:00:00,2026-07-05,19,Afternoon,Sandalwood Bar Soap,1.07,60.0,1.7,No Downtime,58.3,64,60,2,58,3.4,96.67,93.75,97.17,96.18,90.35,6.57,41.4,2
PureGlow Soaps International (Fictional Dummy Company),Global Manufacturing Head - PureGlow Soaps,United States (North America),USA,Atlanta,FCT015,Atlanta Soap Plant,LN0045,Line-3,2026-07-05 19:00:00,2026-07-05,19,Afternoon,Lemon Bar Soap,1.15,60.0,18.0,Changeover/Setup,42.0,69,46,1,45,2.84,97.83,66.67,70.0,95.24,65.22,4.08,12.15,1
PureGlow Soaps International (Fictional Dummy Company),Global Manufacturing Head - PureGlow Soaps,United States (North America),USA,Atlanta,FCT015,Atlanta Soap Plant,LN0043,Line-1,2026-07-05 20:00:00,2026-07-05,20,Afternoon,Rose Bar Soap,1.13,60.0,3.2,No Downtime,56.8,68,53,2,51,3.45,96.23,77.94,94.67,82.58,75.23,5.2,18.95,1
PureGlow Soaps International (Fictional Dummy Company),Global Manufacturing Head - PureGlow Soaps,United States (North America),USA,Atlanta,FCT015,Atlanta Soap Plant,LN0044,Line-2,2026-07-05 20:00:00,2026-07-05,20,Afternoon,Sandalwood Bar Soap,1.07,60.0,27.0,Material Shortage,33.0,64,35,1,34,1.55,97.14,54.69,55.0,99.12,52.96,3.74,20.66,1
PureGlow Soaps International (Fictional Dummy Company),Global Manufacturing Head - PureGlow Soaps,United States (North America),USA,Atlanta,FCT015,Atlanta Soap Plant,LN0045,Line-3,2026-07-05 20:00:00,2026-07-05,20,Afternoon,Lemon Bar Soap,1.15,60.0,10.0,Material Shortage,50.0,69,53,0,53,0.38,100.0,76.81,83.33,92.17,76.81,5.33,12.73,2
PureGlow Soaps International (Fictional Dummy Company),Global Manufacturing Head - PureGlow Soaps,United States (North America),USA,Atlanta,FCT015,Atlanta Soap Plant,LN0043,Line-1,2026-07-05 21:00:00,2026-07-05,21,Afternoon,Rose Bar Soap,1.13,60.0,3.5,No Downtime,56.5,68,55,4,51,6.5,92.73,80.88,94.17,86.15,75.23,5.11,18.12,2
PureGlow Soaps International (Fictional Dummy Company),Global Manufacturing Head - PureGlow Soaps,United States (North America),USA,Atlanta,FCT015,Atlanta Soap Plant,LN0044,Line-2,2026-07-05 21:00:00,2026-07-05,21,Afternoon,Sandalwood Bar Soap,1.07,60.0,21.0,Material Shortage,39.0,64,38,1,37,3.0,97.37,59.38,65.0,91.06,57.63,3.9,25.25,3
PureGlow Soaps International (Fictional Dummy Company),Global Manufacturing Head - PureGlow Soaps,United States (North America),USA,Atlanta,FCT015,Atlanta Soap Plant,LN0045,Line-3,2026-07-05 21:00:00,2026-07-05,21,Afternoon,Lemon Bar Soap,1.15,60.0,24.3,Power Outage,35.7,69,36,2,34,6.69,94.44,52.17,59.5,87.69,49.27,3.18,10.15,3
PureGlow Soaps International (Fictional Dummy Company),Global Manufacturing Head - PureGlow Soaps,United States (North America),USA,Atlanta,FCT015,Atlanta Soap Plant,LN0043,Line-1,2026-07-05 22:00:00,2026-07-05,22,Night,Rose Bar Soap,1.13,60.0,18.9,Machine Breakdown,41.1,68,47,2,45,3.39,95.74,69.12,68.5,101.2,66.37,4.73,12.71,1
PureGlow Soaps International (Fictional Dummy Company),Global Manufacturing Head - PureGlow Soaps,United States (North America),USA,Atlanta,FCT015,Atlanta Soap Plant,LN0044,Line-2,2026-07-05 22:00:00,2026-07-05,22,Night,Sandalwood Bar Soap,1.07,60.0,40.0,Machine Breakdown,20.0,64,22,1,21,2.42,95.45,34.38,33.33,102.8,32.7,2.41,11.99,2
PureGlow Soaps International (Fictional Dummy Company),Global Manufacturing Head - PureGlow Soaps,United States (North America),USA,Atlanta,FCT015,Atlanta Soap Plant,LN0045,Line-3,2026-07-05 22:00:00,2026-07-05,22,Night,Lemon Bar Soap,1.15,60.0,14.7,Material Shortage,45.3,69,49,1,48,1.64,97.96,71.01,75.5,94.06,69.57,4.33,12.69,1
PureGlow Soaps International (Fictional Dummy Company),Global Manufacturing Head - PureGlow Soaps,United States (North America),USA,Atlanta,FCT015,Atlanta Soap Plant,LN0043,Line-1,2026-07-05 23:00:00,2026-07-05,23,Night,Rose Bar Soap,1.13,60.0,34.7,Material Shortage,25.3,68,25,1,24,4.19,96.0,36.76,42.17,87.45,35.4,2.59,8.23,2
PureGlow Soaps International (Fictional Dummy Company),Global Manufacturing Head - PureGlow Soaps,United States (North America),USA,Atlanta,FCT015,Atlanta Soap Plant,LN0044,Line-2,2026-07-05 23:00:00,2026-07-05,23,Night,Sandalwood Bar Soap,1.07,60.0,3.4,No Downtime,56.6,64,53,3,50,6.17,94.34,82.81,94.33,87.51,77.88,5.41,34.43,3
PureGlow Soaps International (Fictional Dummy Company),Global Manufacturing Head - PureGlow Soaps,United States (North America),USA,Atlanta,FCT015,Atlanta Soap Plant,LN0045,Line-3,2026-07-05 23:00:00,2026-07-05,23,Night,Lemon Bar Soap,1.15,60.0,2.1,No Downtime,57.9,69,57,1,56,1.7,98.25,82.61,96.5,85.6,81.16,5.4,16.4,2
PureGlow Soaps International (Fictional Dummy Company),Global Manufacturing Head - PureGlow Soaps,United States (North America),USA,Atlanta,FCT015,Atlanta Soap Plant,LN0043,Line-1,2026-07-06 00:00:00,2026-07-06,0,Night,Neem Bar Soap,1.13,60.0,6.2,Quality Hold,53.8,68,61,4,57,6.52,93.44,89.71,89.67,100.34,84.07,5.73,16.16,2
PureGlow Soaps International (Fictional Dummy Company),Global Manufacturing Head - PureGlow Soaps,United States (North America),USA,Atlanta,FCT015,Atlanta Soap Plant,LN0044,Line-2,2026-07-06 00:00:00,2026-07-06,0,Night,Sandalwood Bar Soap,1.07,60.0,34.6,Preventive Maintenance,25.4,64,23,1,22,2.7,95.65,35.94,42.33,84.63,34.27,2.33,16.81,1
PureGlow Soaps International (Fictional Dummy Company),Global Manufacturing Head - PureGlow Soaps,United States (North America),USA,Atlanta,FCT015,Atlanta Soap Plant,LN0045,Line-3,2026-07-06 00:00:00,2026-07-06,0,Night,Coconut Bar Soap,1.15,60.0,10.4,Changeover/Setup,49.6,69,56,1,55,1.63,98.21,81.16,82.67,98.18,79.71,5.61,13.41,2
PureGlow Soaps International (Fictional Dummy Company),Global Manufacturing Head - PureGlow Soaps,United States (North America),USA,Atlanta,FCT015,Atlanta Soap Plant,LN0043,Line-1,2026-07-06 01:00:00,2026-07-06,1,Night,Neem Bar Soap,1.13,60.0,2.7,No Downtime,57.3,68,53,2,51,4.42,96.23,77.94,95.5,81.85,75.22,4.78,16.92,3
PureGlow Soaps International (Fictional Dummy Company),Global Manufacturing Head - PureGlow Soaps,United States (North America),USA,Atlanta,FCT015,Atlanta Soap Plant,LN0044,Line-2,2026-07-06 01:00:00,2026-07-06,1,Night,Sandalwood Bar Soap,1.07,60.0,3.6,No Downtime,56.4,64,49,1,48,2.33,97.96,76.56,94.0,81.2,74.77,5.39,39.31,3
PureGlow Soaps International (Fictional Dummy Company),Global Manufacturing Head - PureGlow Soaps,United States (North America),USA,Atlanta,FCT015,Atlanta Soap Plant,LN0045,Line-3,2026-07-06 01:00:00,2026-07-06,1,Night,Coconut Bar Soap,1.15,60.0,21.3,Material Shortage,38.7,69,45,2,43,4.28,95.56,65.22,64.5,101.11,62.32,3.97,10.8,3
PureGlow Soaps International (Fictional Dummy Company),Global Manufacturing Head - PureGlow Soaps,United States (North America),USA,Atlanta,FCT015,Atlanta Soap Plant,LN0043,Line-1,2026-07-06 02:00:00,2026-07-06,2,Night,Neem Bar Soap,1.13,60.0,33.4,Machine Breakdown,26.6,68,29,0,29,0.0,100.0,42.65,44.33,96.48,42.77,2.69,8.72,3
PureGlow Soaps International (Fictional Dummy Company),Global Manufacturing Head - PureGlow Soaps,United States (North America),USA,Atlanta,FCT015,Atlanta Soap Plant,LN0044,Line-2,2026-07-06 02:00:00,2026-07-06,2,Night,Sandalwood Bar Soap,1.07,60.0,16.8,Material Shortage,43.2,64,47,1,46,2.63,97.87,73.44,72.0,101.68,71.65,4.89,25.24,2
PureGlow Soaps International (Fictional Dummy Company),Global Manufacturing Head - PureGlow Soaps,United States (North America),USA,Atlanta,FCT015,Atlanta Soap Plant,LN0045,Line-3,2026-07-06 02:00:00,2026-07-06,2,Night,Coconut Bar Soap,1.15,60.0,21.6,Preventive Maintenance,38.4,69,41,1,40,2.87,97.56,59.42,64.0,92.84,57.97,4.1,10.03,2
PureGlow Soaps International (Fictional Dummy Company),Global Manufacturing Head - PureGlow Soaps,United States (North America),USA,Atlanta,FCT015,Atlanta Soap Plant,LN0043,Line-1,2026-07-06 03:00:00,2026-07-06,3,Night,Neem Bar Soap,1.13,60.0,3.4,No Downtime,56.6,68,53,0,53,0.0,100.0,77.94,94.33,82.87,78.17,5.06,18.31,2
PureGlow Soaps International (Fictional Dummy Company),Global Manufacturing Head - PureGlow Soaps,United States (North America),USA,Atlanta,FCT015,Atlanta Soap Plant,LN0044,Line-2,2026-07-06 03:00:00,2026-07-06,3,Night,Sandalwood Bar Soap,1.07,60.0,0.3,No Downtime,59.7,64,54,1,53,2.56,98.15,84.38,99.5,84.53,82.55,5.21,38.21,3
PureGlow Soaps International (Fictional Dummy Company),Global Manufacturing Head - PureGlow Soaps,United States (North America),USA,Atlanta,FCT015,Atlanta Soap Plant,LN0045,Line-3,2026-07-06 03:00:00,2026-07-06,3,Night,Coconut Bar Soap,1.15,60.0,3.6,No Downtime,56.4,69,56,1,55,2.66,98.21,81.16,94.0,86.34,79.71,5.14,16.24,3
PureGlow Soaps International (Fictional Dummy Company),Global Manufacturing Head - PureGlow Soaps,United States (North America),USA,Atlanta,FCT015,Atlanta Soap Plant,LN0043,Line-1,2026-07-06 04:00:00,2026-07-06,4,Night,Neem Bar Soap,1.13,60.0,7.2,Changeover/Setup,52.8,68,60,1,59,2.37,98.33,88.24,88.0,100.56,87.01,5.73,17.98,1
PureGlow Soaps International (Fictional Dummy Company),Global Manufacturing Head - PureGlow Soaps,United States (North America),USA,Atlanta,FCT015,Atlanta Soap Plant,LN0044,Line-2,2026-07-06 04:00:00,2026-07-06,4,Night,Sandalwood Bar Soap,1.07,60.0,8.5,Changeover/Setup,51.5,64,52,1,51,2.45,98.08,81.25,85.83,94.37,79.44,5.49,30.96,1
PureGlow Soaps International (Fictional Dummy Company),Global Manufacturing Head - PureGlow Soaps,United States (North America),USA,Atlanta,FCT015,Atlanta Soap Plant,LN0045,Line-3,2026-07-06 04:00:00,2026-07-06,4,Night,Coconut Bar Soap,1.15,60.0,11.5,Changeover/Setup,48.5,69,51,1,50,1.92,98.04,73.91,80.83,91.44,72.46,4.65,14.79,3
PureGlow Soaps International (Fictional Dummy Company),Global Manufacturing Head - PureGlow Soaps,United States (North America),USA,Atlanta,FCT015,Atlanta Soap Plant,LN0043,Line-1,2026-07-06 05:00:00,2026-07-06,5,Night,Neem Bar Soap,1.13,60.0,2.4,No Downtime,57.6,68,54,3,51,5.09,94.44,79.41,96.0,82.96,75.21,5.76,19.73,1
PureGlow Soaps International (Fictional Dummy Company),Global Manufacturing Head - PureGlow Soaps,United States (North America),USA,Atlanta,FCT015,Atlanta Soap Plant,LN0044,Line-2,2026-07-06 05:00:00,2026-07-06,5,Night,Sandalwood Bar Soap,1.07,60.0,24.3,Machine Breakdown,35.7,64,38,1,37,3.54,97.37,59.38,59.5,99.48,57.63,4.06,23.42,1
PureGlow Soaps International (Fictional Dummy Company),Global Manufacturing Head - PureGlow Soaps,United States (North America),USA,Atlanta,FCT015,Atlanta Soap Plant,LN0045,Line-3,2026-07-06 05:00:00,2026-07-06,5,Night,Coconut Bar Soap,1.15,60.0,2.7,No Downtime,57.3,69,59,3,56,5.76,94.92,85.51,95.5,89.54,81.17,5.53,15.95,3
PureGlow Soaps International (Fictional Dummy Company),Global Manufacturing Head - PureGlow Soaps,United States (North America),USA,Atlanta,FCT015,Atlanta Soap Plant,LN0043,Line-1,2026-07-06 06:00:00,2026-07-06,6,Morning,Neem Bar Soap,1.13,60.0,1.3,No Downtime,58.7,68,67,3,64,4.46,95.52,98.53,97.83,101.01,94.39,6.31,20.28,2
PureGlow Soaps International (Fictional Dummy Company),Global Manufacturing Head - PureGlow Soaps,United States (North America),USA,Atlanta,FCT015,Atlanta Soap Plant,LN0044,Line-2,2026-07-06 06:00:00,2026-07-06,6,Morning,Sandalwood Bar Soap,1.07,60.0,21.0,Machine Breakdown,39.0,64,41,1,40,2.81,97.56,64.06,65.0,98.25,62.3,4.19,23.41,3
PureGlow Soaps International (Fictional Dummy Company),Global Manufacturing Head - PureGlow Soaps,United States (North America),USA,Atlanta,FCT015,Atlanta Soap Plant,LN0045,Line-3,2026-07-06 06:00:00,2026-07-06,6,Morning,Coconut Bar Soap,1.15,60.0,10.9,Changeover/Setup,49.1,69,46,2,44,4.96,95.65,66.67,81.83,81.47,63.77,4.63,14.22,2
PureGlow Soaps International (Fictional Dummy Company),Global Manufacturing Head - PureGlow Soaps,United States (North America),USA,Atlanta,FCT015,Atlanta Soap Plant,LN0043,Line-1,2026-07-06 07:00:00,2026-07-06,7,Morning,Neem Bar Soap,1.13,60.0,11.8,Quality Hold,48.2,68,52,5,47,10.12,90.38,76.47,80.33,95.47,69.31,5.15,16.34,3
PureGlow Soaps International (Fictional Dummy Company),Global Manufacturing Head - PureGlow Soaps,United States (North America),USA,Atlanta,FCT015,Atlanta Soap Plant,LN0044,Line-2,2026-07-06 07:00:00,2026-07-06,7,Morning,Sandalwood Bar Soap,1.07,60.0,2.7,No Downtime,57.3,64,54,1,53,2.52,98.15,84.38,95.5,88.08,82.56,4.9,34.15,1
PureGlow Soaps International (Fictional Dummy Company),Global Manufacturing Head - PureGlow Soaps,United States (North America),USA,Atlanta,FCT015,Atlanta Soap Plant,LN0045,Line-3,2026-07-06 07:00:00,2026-07-06,7,Morning,Coconut Bar Soap,1.15,60.0,3.0,No Downtime,57.0,69,62,2,60,2.95,96.77,89.86,95.0,94.58,86.95,6.27,15.07,3
PureGlow Soaps International (Fictional Dummy Company),Global Manufacturing Head - PureGlow Soaps,United States (North America),USA,Atlanta,FCT015,Atlanta Soap Plant,LN0043,Line-1,2026-07-06 08:00:00,2026-07-06,8,Morning,Neem Bar Soap,1.13,60.0,2.7,No Downtime,57.3,68,67,2,65,3.58,97.01,98.53,95.5,103.48,95.87,5.98,19.68,2
PureGlow Soaps International (Fictional Dummy Company),Global Manufacturing Head - PureGlow Soaps,United States (North America),USA,Atlanta,FCT015,Atlanta Soap Plant,LN0044,Line-2,2026-07-06 08:00:00,2026-07-06,8,Morning,Sandalwood Bar Soap,1.07,60.0,1.0,No Downtime,59.0,64,61,2,59,2.99,96.72,95.31,98.33,96.63,91.9,6.2,38.71,2
PureGlow Soaps International (Fictional Dummy Company),Global Manufacturing Head - PureGlow Soaps,United States (North America),USA,Atlanta,FCT015,Atlanta Soap Plant,LN0045,Line-3,2026-07-06 08:00:00,2026-07-06,8,Morning,Coconut Bar Soap,1.15,60.0,5.1,Changeover/Setup,54.9,69,51,3,48,4.92,94.12,73.91,91.5,80.78,69.57,4.86,16.39,3
PureGlow Soaps International (Fictional Dummy Company),Global Manufacturing Head - PureGlow Soaps,United States (North America),USA,Atlanta,FCT015,Atlanta Soap Plant,LN0043,Line-1,2026-07-06 09:00:00,2026-07-06,9,Morning,Neem Bar Soap,1.13,60.0,0.5,No Downtime,59.5,68,61,3,58,4.34,95.08,89.71,99.17,90.73,85.55,6.66,20.35,2
PureGlow Soaps International (Fictional Dummy Company),Global Manufacturing Head - PureGlow Soaps,United States (North America),USA,Atlanta,FCT015,Atlanta Soap Plant,LN0044,Line-2,2026-07-06 09:00:00,2026-07-06,9,Morning,Sandalwood Bar Soap,1.07,60.0,2.2,No Downtime,57.8,64,59,2,57,3.32,96.61,92.19,96.33,95.4,88.78,5.57,35.55,1
PureGlow Soaps International (Fictional Dummy Company),Global Manufacturing Head - PureGlow Soaps,United States (North America),USA,Atlanta,FCT015,Atlanta Soap Plant,LN0045,Line-3,2026-07-06 09:00:00,2026-07-06,9,Morning,Coconut Bar Soap,1.15,60.0,5.4,Changeover/Setup,54.6,69,58,3,55,4.49,94.83,84.06,91.0,92.37,79.71,5.0,13.94,3
PureGlow Soaps International (Fictional Dummy Company),Global Manufacturing Head - PureGlow Soaps,United States (North America),USA,Atlanta,FCT015,Atlanta Soap Plant,LN0043,Line-1,2026-07-06 10:00:00,2026-07-06,10,Morning,Neem Bar Soap,1.13,60.0,18.4,Quality Hold,41.6,68,38,3,35,6.72,92.11,55.88,69.33,80.84,51.62,3.5,12.09,1
PureGlow Soaps International (Fictional Dummy Company),Global Manufacturing Head - PureGlow Soaps,United States (North America),USA,Atlanta,FCT015,Atlanta Soap Plant,LN0044,Line-2,2026-07-06 10:00:00,2026-07-06,10,Morning,Sandalwood Bar Soap,1.07,60.0,15.6,Material Shortage,44.4,64,42,2,40,4.22,95.24,65.62,74.0,88.41,62.31,4.17,31.57,1
PureGlow Soaps International (Fictional Dummy Company),Global Manufacturing Head - PureGlow Soaps,United States (North America),USA,Atlanta,FCT015,Atlanta Soap Plant,LN0045,Line-3,2026-07-06 10:00:00,2026-07-06,10,Morning,Coconut Bar Soap,1.15,60.0,0.2,No Downtime,59.8,69,63,2,61,3.62,96.83,91.3,99.67,91.61,88.41,6.82,16.38,1
PureGlow Soaps International (Fictional Dummy Company),Global Manufacturing Head - PureGlow Soaps,United States (North America),USA,Atlanta,FCT015,Atlanta Soap Plant,LN0043,Line-1,2026-07-06 11:00:00,2026-07-06,11,Morning,Neem Bar Soap,1.13,60.0,15.6,Changeover/Setup,44.4,68,42,1,41,1.73,97.62,61.76,74.0,83.71,60.47,3.84,12.85,2
PureGlow Soaps International (Fictional Dummy Company),Global Manufacturing Head - PureGlow Soaps,United States (North America),USA,Atlanta,FCT015,Atlanta Soap Plant,LN0044,Line-2,2026-07-06 11:00:00,2026-07-06,11,Morning,Sandalwood Bar Soap,1.07,60.0,0.9,No Downtime,59.1,64,52,1,51,1.69,98.08,81.25,98.5,82.23,79.44,4.49,39.91,3
PureGlow Soaps International (Fictional Dummy Company),Global Manufacturing Head - PureGlow Soaps,United States (North America),USA,Atlanta,FCT015,Atlanta Soap Plant,LN0045,Line-3,2026-07-06 11:00:00,2026-07-06,11,Morning,Coconut Bar Soap,1.15,60.0,23.8,Preventive Maintenance,36.2,69,42,1,41,2.88,97.62,60.87,60.33,100.89,59.42,4.45,9.33,2
PureGlow Soaps International (Fictional Dummy Company),Global Manufacturing Head - PureGlow Soaps,United States (North America),USA,Atlanta,FCT015,Atlanta Soap Plant,LN0043,Line-1,2026-07-06 12:00:00,2026-07-06,12,Morning,Neem Bar Soap,1.13,60.0,19.2,Changeover/Setup,40.8,68,43,2,41,3.74,95.35,63.24,68.0,93.27,60.47,4.59,12.21,1
PureGlow Soaps International (Fictional Dummy Company),Global Manufacturing Head - PureGlow Soaps,United States (North America),USA,Atlanta,FCT015,Atlanta Soap Plant,LN0044,Line-2,2026-07-06 12:00:00,2026-07-06,12,Morning,Sandalwood Bar Soap,1.07,60.0,21.1,Machine Breakdown,38.9,64,35,1,34,3.05,97.14,54.69,64.83,84.09,52.96,3.78,23.67,2
PureGlow Soaps International (Fictional Dummy Company),Global Manufacturing Head - PureGlow Soaps,United States (North America),USA,Atlanta,FCT015,Atlanta Soap Plant,LN0045,Line-3,2026-07-06 12:00:00,2026-07-06,12,Morning,Coconut Bar Soap,1.15,60.0,32.9,Machine Breakdown,27.1,69,30,0,30,1.63,100.0,43.48,45.17,96.26,43.48,2.87,8.29,1
PureGlow Soaps International (Fictional Dummy Company),Global Manufacturing Head - PureGlow Soaps,United States (North America),USA,Atlanta,FCT015,Atlanta Soap Plant,LN0043,Line-1,2026-07-06 13:00:00,2026-07-06,13,Morning,Neem Bar Soap,1.13,60.0,19.1,Material Shortage,40.9,68,40,1,39,1.89,97.5,58.82,68.17,86.55,57.53,3.43,13.89,2
PureGlow Soaps International (Fictional Dummy Company),Global Manufacturing Head - PureGlow Soaps,United States (North America),USA,Atlanta,FCT015,Atlanta Soap Plant,LN0044,Line-2,2026-07-06 13:00:00,2026-07-06,13,Morning,Sandalwood Bar Soap,1.07,60.0,1.4,No Downtime,58.6,64,58,0,58,0.0,100.0,90.62,97.67,92.5,90.34,5.53,34.4,1
PureGlow Soaps International (Fictional Dummy Company),Global Manufacturing Head - PureGlow Soaps,United States (North America),USA,Atlanta,FCT015,Atlanta Soap Plant,LN0045,Line-3,2026-07-06 13:00:00,2026-07-06,13,Morning,Coconut Bar Soap,1.15,60.0,9.6,Staff Shortage,50.4,69,50,1,49,1.78,98.0,72.46,84.0,86.27,71.02,4.7,14.32,3
PureGlow Soaps International (Fictional Dummy Company),Global Manufacturing Head - PureGlow Soaps,United States (North America),USA,Atlanta,FCT015,Atlanta Soap Plant,LN0043,Line-1,2026-07-06 14:00:00,2026-07-06,14,Afternoon,Neem Bar Soap,1.13,60.0,14.4,Quality Hold,45.6,68,48,3,45,5.91,93.75,70.59,76.0,93.15,66.37,4.36,13.22,1
PureGlow Soaps International (Fictional Dummy Company),Global Manufacturing Head - PureGlow Soaps,United States (North America),USA,Atlanta,FCT015,Atlanta Soap Plant,LN0044,Line-2,2026-07-06 14:00:00,2026-07-06,14,Afternoon,Sandalwood Bar Soap,1.07,60.0,2.8,No Downtime,57.2,64,60,3,57,4.25,95.0,93.75,95.33,98.03,88.78,6.41,37.84,3
PureGlow Soaps International (Fictional Dummy Company),Global Manufacturing Head - PureGlow Soaps,United States (North America),USA,Atlanta,FCT015,Atlanta Soap Plant,LN0045,Line-3,2026-07-06 14:00:00,2026-07-06,14,Afternoon,Coconut Bar Soap,1.15,60.0,20.1,Machine Breakdown,39.9,69,45,2,43,3.6,95.56,65.22,66.5,98.07,62.32,4.59,10.8,2
PureGlow Soaps International (Fictional Dummy Company),Global Manufacturing Head - PureGlow Soaps,United States (North America),USA,Atlanta,FCT015,Atlanta Soap Plant,LN0043,Line-1,2026-07-06 15:00:00,2026-07-06,15,Afternoon,Neem Bar Soap,1.13,60.0,0.9,No Downtime,59.1,68,59,1,58,1.93,98.31,86.76,98.5,88.35,85.55,5.64,19.69,2
PureGlow Soaps International (Fictional Dummy Company),Global Manufacturing Head - PureGlow Soaps,United States (North America),USA,Atlanta,FCT015,Atlanta Soap Plant,LN0044,Line-2,2026-07-06 15:00:00,2026-07-06,15,Afternoon,Sandalwood Bar Soap,1.07,60.0,1.2,No Downtime,58.8,64,59,1,58,1.67,98.31,92.19,98.0,93.78,90.35,5.73,40.92,3
PureGlow Soaps International (Fictional Dummy Company),Global Manufacturing Head - PureGlow Soaps,United States (North America),USA,Atlanta,FCT015,Atlanta Soap Plant,LN0045,Line-3,2026-07-06 15:00:00,2026-07-06,15,Afternoon,Coconut Bar Soap,1.15,60.0,18.9,Staff Shortage,41.1,69,48,1,47,2.26,97.92,69.57,68.5,101.56,68.12,4.68,11.66,3
PureGlow Soaps International (Fictional Dummy Company),Global Manufacturing Head - PureGlow Soaps,United States (North America),USA,Atlanta,FCT015,Atlanta Soap Plant,LN0043,Line-1,2026-07-06 16:00:00,2026-07-06,16,Afternoon,Neem Bar Soap,1.13,60.0,36.5,Preventive Maintenance,23.5,68,24,0,24,1.65,100.0,35.29,39.17,90.38,35.4,2.53,6.91,2
PureGlow Soaps International (Fictional Dummy Company),Global Manufacturing Head - PureGlow Soaps,United States (North America),USA,Atlanta,FCT015,Atlanta Soap Plant,LN0044,Line-2,2026-07-06 16:00:00,2026-07-06,16,Afternoon,Sandalwood Bar Soap,1.07,60.0,1.1,No Downtime,58.9,64,63,2,61,2.9,96.83,98.44,98.17,99.96,95.02,6.38,40.91,2
PureGlow Soaps International (Fictional Dummy Company),Global Manufacturing Head - PureGlow Soaps,United States (North America),USA,Atlanta,FCT015,Atlanta Soap Plant,LN0045,Line-3,2026-07-06 16:00:00,2026-07-06,16,Afternoon,Coconut Bar Soap,1.15,60.0,33.1,Material Shortage,26.9,69,29,1,28,3.72,96.55,42.03,44.83,93.74,40.57,2.73,6.95,3
PureGlow Soaps International (Fictional Dummy Company),Global Manufacturing Head - PureGlow Soaps,United States (North America),USA,Atlanta,FCT015,Atlanta Soap Plant,LN0043,Line-1,2026-07-06 17:00:00,2026-07-06,17,Afternoon,Neem Bar Soap,1.13,60.0,9.0,Changeover/Setup,51.0,68,55,2,53,3.83,96.36,80.88,85.0,95.44,78.17,5.68,16.58,3
PureGlow Soaps International (Fictional Dummy Company),Global Manufacturing Head - PureGlow Soaps,United States (North America),USA,Atlanta,FCT015,Atlanta Soap Plant,LN0044,Line-2,2026-07-06 17:00:00,2026-07-06,17,Afternoon,Sandalwood Bar Soap,1.07,60.0,10.4,Power Outage,49.6,64,44,1,43,1.19,97.73,68.75,82.67,82.91,66.99,4.41,33.99,3
PureGlow Soaps International (Fictional Dummy Company),Global Manufacturing Head - PureGlow Soaps,United States (North America),USA,Atlanta,FCT015,Atlanta Soap Plant,LN0045,Line-3,2026-07-06 17:00:00,2026-07-06,17,Afternoon,Coconut Bar Soap,1.15,60.0,31.2,Material Shortage,28.8,69,30,1,29,2.58,96.67,43.48,48.0,90.58,42.03,3.03,7.74,1
PureGlow Soaps International (Fictional Dummy Company),Global Manufacturing Head - PureGlow Soaps,United States (North America),USA,Atlanta,FCT015,Atlanta Soap Plant,LN0043,Line-1,2026-07-06 18:00:00,2026-07-06,18,Afternoon,Neem Bar Soap,1.13,60.0,33.9,Preventive Maintenance,26.1,68,27,1,26,2.8,96.3,39.71,43.5,91.55,38.35,2.57,7.97,2
PureGlow Soaps International (Fictional Dummy Company),Global Manufacturing Head - PureGlow Soaps,United States (North America),USA,Atlanta,FCT015,Atlanta Soap Plant,LN0044,Line-2,2026-07-06 18:00:00,2026-07-06,18,Afternoon,Sandalwood Bar Soap,1.07,60.0,16.6,Material Shortage,43.4,64,39,1,38,2.59,97.44,60.94,72.33,83.98,59.19,3.71,30.22,2
PureGlow Soaps International (Fictional Dummy Company),Global Manufacturing Head - PureGlow Soaps,United States (North America),USA,Atlanta,FCT015,Atlanta Soap Plant,LN0045,Line-3,2026-07-06 18:00:00,2026-07-06,18,Afternoon,Coconut Bar Soap,1.15,60.0,33.7,Preventive Maintenance,26.3,69,28,1,27,3.15,96.43,40.58,43.83,92.58,39.13,2.55,7.5,3
PureGlow Soaps International (Fictional Dummy Company),Global Manufacturing Head - PureGlow Soaps,United States (North America),USA,Atlanta,FCT015,Atlanta Soap Plant,LN0043,Line-1,2026-07-06 19:00:00,2026-07-06,19,Afternoon,Neem Bar Soap,1.13,60.0,33.1,Material Shortage,26.9,68,25,1,24,5.17,96.0,36.76,44.83,82.24,35.39,2.4,8.59,2
PureGlow Soaps International (Fictional Dummy Company),Global Manufacturing Head - PureGlow Soaps,United States (North America),USA,Atlanta,FCT015,Atlanta Soap Plant,LN0044,Line-2,2026-07-06 19:00:00,2026-07-06,19,Afternoon,Sandalwood Bar Soap,1.07,60.0,0.3,No Downtime,59.7,64,53,2,51,3.23,96.23,82.81,99.5,82.97,79.44,5.04,38.24,1
PureGlow Soaps International (Fictional Dummy Company),Global Manufacturing Head - PureGlow Soaps,United States (North America),USA,Atlanta,FCT015,Atlanta Soap Plant,LN0045,Line-3,2026-07-06 19:00:00,2026-07-06,19,Afternoon,Coconut Bar Soap,1.15,60.0,1.8,No Downtime,58.2,69,63,2,61,3.85,96.83,91.3,97.0,94.13,88.41,6.44,16.78,1
PureGlow Soaps International (Fictional Dummy Company),Global Manufacturing Head - PureGlow Soaps,United States (North America),USA,Atlanta,FCT015,Atlanta Soap Plant,LN0043,Line-1,2026-07-06 20:00:00,2026-07-06,20,Afternoon,Neem Bar Soap,1.13,60.0,9.4,Changeover/Setup,50.6,68,53,1,52,2.51,98.11,77.94,84.33,92.69,76.69,5.24,16.05,2
PureGlow Soaps International (Fictional Dummy Company),Global Manufacturing Head - PureGlow Soaps,United States (North America),USA,Atlanta,FCT015,Atlanta Soap Plant,LN0044,Line-2,2026-07-06 20:00:00,2026-07-06,20,Afternoon,Sandalwood Bar Soap,1.07,60.0,23.5,Material Shortage,36.5,64,33,1,32,3.45,96.97,51.56,60.83,84.5,49.84,3.25,22.79,1
PureGlow Soaps International (Fictional Dummy Company),Global Manufacturing Head - PureGlow Soaps,United States (North America),USA,Atlanta,FCT015,Atlanta Soap Plant,LN0045,Line-3,2026-07-06 20:00:00,2026-07-06,20,Afternoon,Coconut Bar Soap,1.15,60.0,8.3,Changeover/Setup,51.7,69,59,2,57,3.02,96.61,85.51,86.17,99.23,82.61,6.09,15.59,2
PureGlow Soaps International (Fictional Dummy Company),Global Manufacturing Head - PureGlow Soaps,United States (North America),USA,Atlanta,FCT015,Atlanta Soap Plant,LN0043,Line-1,2026-07-06 21:00:00,2026-07-06,21,Afternoon,Neem Bar Soap,1.13,60.0,11.9,Changeover/Setup,48.1,68,51,2,49,3.21,96.08,75.0,80.17,93.83,72.27,4.41,16.4,2
PureGlow Soaps International (Fictional Dummy Company),Global Manufacturing Head - PureGlow Soaps,United States (North America),USA,Atlanta,FCT015,Atlanta Soap Plant,LN0044,Line-2,2026-07-06 21:00:00,2026-07-06,21,Afternoon,Sandalwood Bar Soap,1.07,60.0,11.1,Changeover/Setup,48.9,64,42,1,41,3.34,97.62,65.62,81.5,80.27,63.86,4.38,31.8,2
PureGlow Soaps International (Fictional Dummy Company),Global Manufacturing Head - PureGlow Soaps,United States (North America),USA,Atlanta,FCT015,Atlanta Soap Plant,LN0045,Line-3,2026-07-06 21:00:00,2026-07-06,21,Afternoon,Coconut Bar Soap,1.15,60.0,12.2,Power Outage,47.8,69,51,1,50,2.38,98.04,73.91,79.67,92.78,72.47,5.38,14.13,3
PureGlow Soaps International (Fictional Dummy Company),Global Manufacturing Head - PureGlow Soaps,United States (North America),USA,Atlanta,FCT015,Atlanta Soap Plant,LN0043,Line-1,2026-07-06 22:00:00,2026-07-06,22,Night,Neem Bar Soap,1.13,60.0,14.1,Quality Hold,45.9,68,53,3,50,5.68,94.34,77.94,76.5,102.18,73.74,5.25,14.94,3
PureGlow Soaps International (Fictional Dummy Company),Global Manufacturing Head - PureGlow Soaps,United States (North America),USA,Atlanta,FCT015,Atlanta Soap Plant,LN0044,Line-2,2026-07-06 22:00:00,2026-07-06,22,Night,Sandalwood Bar Soap,1.07,60.0,3.8,No Downtime,56.2,64,50,1,49,2.74,98.0,78.12,93.67,83.15,76.33,5.24,33.23,2
PureGlow Soaps International (Fictional Dummy Company),Global Manufacturing Head - PureGlow Soaps,United States (North America),USA,Atlanta,FCT015,Atlanta Soap Plant,LN0045,Line-3,2026-07-06 22:00:00,2026-07-06,22,Night,Coconut Bar Soap,1.15,60.0,11.1,Material Shortage,48.9,69,55,0,55,0.4,100.0,79.71,81.5,97.8,79.71,5.21,12.36,2
PureGlow Soaps International (Fictional Dummy Company),Global Manufacturing Head - PureGlow Soaps,United States (North America),USA,Atlanta,FCT015,Atlanta Soap Plant,LN0043,Line-1,2026-07-06 23:00:00,2026-07-06,23,Night,Neem Bar Soap,1.13,60.0,14.3,Changeover/Setup,45.7,68,50,2,48,3.73,96.0,73.53,76.17,96.82,70.8,4.33,15.42,2
PureGlow Soaps International (Fictional Dummy Company),Global Manufacturing Head - PureGlow Soaps,United States (North America),USA,Atlanta,FCT015,Atlanta Soap Plant,LN0044,Line-2,2026-07-06 23:00:00,2026-07-06,23,Night,Sandalwood Bar Soap,1.07,60.0,12.8,Machine Breakdown,47.2,64,47,2,45,3.69,95.74,73.44,78.67,93.06,70.09,4.2,33.42,2
PureGlow Soaps International (Fictional Dummy Company),Global Manufacturing Head - PureGlow Soaps,United States (North America),USA,Atlanta,FCT015,Atlanta Soap Plant,LN0045,Line-3,2026-07-06 23:00:00,2026-07-06,23,Night,Coconut Bar Soap,1.15,60.0,3.3,No Downtime,56.7,69,53,1,52,2.81,98.11,76.81,94.5,81.28,75.36,5.42,14.21,1
PureGlow Soaps International (Fictional Dummy Company),Global Manufacturing Head - PureGlow Soaps,United States (North America),USA,Atlanta,FCT015,Atlanta Soap Plant,LN0043,Line-1,2026-07-07 00:00:00,2026-07-07,0,Night,Lemon Bar Soap,1.13,60.0,5.4,Quality Hold,54.6,68,57,2,55,3.44,96.49,83.82,91.0,92.39,81.12,6.17,15.84,3
PureGlow Soaps International (Fictional Dummy Company),Global Manufacturing Head - PureGlow Soaps,United States (North America),USA,Atlanta,FCT015,Atlanta Soap Plant,LN0044,Line-2,2026-07-07 00:00:00,2026-07-07,0,Night,Charcoal Bar Soap,1.07,60.0,24.5,Preventive Maintenance,35.5,64,32,1,31,2.82,96.88,50.0,59.17,84.24,48.29,3.36,25.31,2
PureGlow Soaps International (Fictional Dummy Company),Global Manufacturing Head - PureGlow Soaps,United States (North America),USA,Atlanta,FCT015,Atlanta Soap Plant,LN0045,Line-3,2026-07-07 00:00:00,2026-07-07,0,Night,Aloe Vera Liquid Soap,1.15,60.0,7.9,Changeover/Setup,52.1,69,60,1,59,1.52,98.33,86.96,86.83,100.14,85.5,6.45,13.46,1
PureGlow Soaps International (Fictional Dummy Company),Global Manufacturing Head - PureGlow Soaps,United States (North America),USA,Atlanta,FCT015,Atlanta Soap Plant,LN0043,Line-1,2026-07-07 01:00:00,2026-07-07,1,Night,Lemon Bar Soap,1.13,60.0,38.5,Machine Breakdown,21.5,68,20,1,19,3.54,95.0,29.41,35.83,82.32,28.02,1.98,6.92,2
PureGlow Soaps International (Fictional Dummy Company),Global Manufacturing Head - PureGlow Soaps,United States (North America),USA,Atlanta,FCT015,Atlanta Soap Plant,LN0044,Line-2,2026-07-07 01:00:00,2026-07-07,1,Night,Charcoal Bar Soap,1.07,60.0,3.0,No Downtime,57.0,64,56,3,53,4.81,94.64,87.5,95.0,91.82,82.55,5.7,37.03,2
PureGlow Soaps International (Fictional Dummy Company),Global Manufacturing Head - PureGlow Soaps,United States (North America),USA,Atlanta,FCT015,Atlanta Soap Plant,LN0045,Line-3,2026-07-07 01:00:00,2026-07-07,1,Night,Aloe Vera Liquid Soap,1.15,60.0,34.6,Machine Breakdown,25.4,69,30,1,29,4.01,96.67,43.48,42.33,102.7,42.03,2.97,7.35,1
PureGlow Soaps International (Fictional Dummy Company),Global Manufacturing Head - PureGlow Soaps,United States (North America),USA,Atlanta,FCT015,Atlanta Soap Plant,LN0043,Line-1,2026-07-07 02:00:00,2026-07-07,2,Night,Lemon Bar Soap,1.13,60.0,17.7,Material Shortage,42.3,68,44,2,42,4.09,95.45,64.71,70.5,92.05,61.94,4.2,13.98,2
PureGlow Soaps International (Fictional Dummy Company),Global Manufacturing Head - PureGlow Soaps,United States (North America),USA,Atlanta,FCT015,Atlanta Soap Plant,LN0044,Line-2,2026-07-07 02:00:00,2026-07-07,2,Night,Charcoal Bar Soap,1.07,60.0,21.0,Machine Breakdown,39.0,64,41,1,40,2.16,97.56,64.06,65.0,98.25,62.3,3.6,24.49,2
PureGlow Soaps International (Fictional Dummy Company),Global Manufacturing Head - PureGlow Soaps,United States (North America),USA,Atlanta,FCT015,Atlanta Soap Plant,LN0045,Line-3,2026-07-07 02:00:00,2026-07-07,2,Night,Aloe Vera Liquid Soap,1.15,60.0,9.3,Changeover/Setup,50.7,69,53,2,51,3.66,96.23,76.81,84.5,90.9,73.91,4.76,13.4,2
PureGlow Soaps International (Fictional Dummy Company),Global Manufacturing Head - PureGlow Soaps,United States (North America),USA,Atlanta,FCT015,Atlanta Soap Plant,LN0043,Line-1,2026-07-07 03:00:00,2026-07-07,3,Night,Lemon Bar Soap,1.13,60.0,8.3,Quality Hold,51.7,68,51,5,46,9.44,90.2,75.0,86.17,87.3,67.85,5.09,16.9,3
PureGlow Soaps International (Fictional Dummy Company),Global Manufacturing Head - PureGlow Soaps,United States (North America),USA,Atlanta,FCT015,Atlanta Soap Plant,LN0044,Line-2,2026-07-07 03:00:00,2026-07-07,3,Night,Charcoal Bar Soap,1.07,60.0,12.4,Quality Hold,47.6,64,51,5,46,9.06,90.2,79.69,79.33,100.13,71.65,4.49,31.04,1
PureGlow Soaps International (Fictional Dummy Company),Global Manufacturing Head - PureGlow Soaps,United States (North America),USA,Atlanta,FCT015,Atlanta Soap Plant,LN0045,Line-3,2026-07-07 03:00:00,2026-07-07,3,Night,Aloe Vera Liquid Soap,1.15,60.0,13.6,Power Outage,46.4,69,50,2,48,4.95,96.0,72.46,77.33,93.7,69.56,4.53,12.64,3
PureGlow Soaps International (Fictional Dummy Company),Global Manufacturing Head - PureGlow Soaps,United States (North America),USA,Atlanta,FCT015,Atlanta Soap Plant,LN0043,Line-1,2026-07-07 04:00:00,2026-07-07,4,Night,Lemon Bar Soap,1.13,60.0,0.4,No Downtime,59.6,68,60,2,58,3.06,96.67,88.24,99.33,89.09,85.55,5.34,20.82,1
PureGlow Soaps International (Fictional Dummy Company),Global Manufacturing Head - PureGlow Soaps,United States (North America),USA,Atlanta,FCT015,Atlanta Soap Plant,LN0044,Line-2,2026-07-07 04:00:00,2026-07-07,4,Night,Charcoal Bar Soap,1.07,60.0,1.7,No Downtime,58.3,64,57,2,55,3.35,96.49,89.06,97.17,91.37,85.67,5.19,38.25,1
PureGlow Soaps International (Fictional Dummy Company),Global Manufacturing Head - PureGlow Soaps,United States (North America),USA,Atlanta,FCT015,Atlanta Soap Plant,LN0045,Line-3,2026-07-07 04:00:00,2026-07-07,4,Night,Aloe Vera Liquid Soap,1.15,60.0,10.1,Changeover/Setup,49.9,69,56,2,54,3.61,96.43,81.16,83.17,97.59,78.27,5.55,13.81,2
PureGlow Soaps International (Fictional Dummy Company),Global Manufacturing Head - PureGlow Soaps,United States (North America),USA,Atlanta,FCT015,Atlanta Soap Plant,LN0043,Line-1,2026-07-07 05:00:00,2026-07-07,5,Night,Lemon Bar Soap,1.13,60.0,30.1,Machine Breakdown,29.9,68,29,1,28,4.45,96.55,42.65,49.83,85.83,41.29,2.83,9.7,3
PureGlow Soaps International (Fictional Dummy Company),Global Manufacturing Head - PureGlow Soaps,United States (North America),USA,Atlanta,FCT015,Atlanta Soap Plant,LN0044,Line-2,2026-07-07 05:00:00,2026-07-07,5,Night,Charcoal Bar Soap,1.07,60.0,19.7,Changeover/Setup,40.3,64,37,1,36,3.28,97.3,57.81,67.17,85.81,56.08,3.74,25.21,1
PureGlow Soaps International (Fictional Dummy Company),Global Manufacturing Head - PureGlow Soaps,United States (North America),USA,Atlanta,FCT015,Atlanta Soap Plant,LN0045,Line-3,2026-07-07 05:00:00,2026-07-07,5,Night,Aloe Vera Liquid Soap,1.15,60.0,0.2,No Downtime,59.8,69,62,1,61,2.04,98.39,89.86,99.67,90.16,88.42,5.5,17.0,2
PureGlow Soaps International (Fictional Dummy Company),Global Manufacturing Head - PureGlow Soaps,United States (North America),USA,Atlanta,FCT015,Atlanta Soap Plant,LN0043,Line-1,2026-07-07 06:00:00,2026-07-07,6,Morning,Lemon Bar Soap,1.13,60.0,0.7,No Downtime,59.3,68,63,3,60,5.19,95.24,92.65,98.83,94.02,88.5,6.56,18.62,2
PureGlow Soaps International (Fictional Dummy Company),Global Manufacturing Head - PureGlow Soaps,United States (North America),USA,Atlanta,FCT015,Atlanta Soap Plant,LN0044,Line-2,2026-07-07 06:00:00,2026-07-07,6,Morning,Charcoal Bar Soap,1.07,60.0,16.8,Power Outage,43.2,64,44,1,43,2.82,97.73,68.75,72.0,95.19,66.98,4.59,29.49,2
PureGlow Soaps International (Fictional Dummy Company),Global Manufacturing Head - PureGlow Soaps,United States (North America),USA,Atlanta,FCT015,Atlanta Soap Plant,LN0045,Line-3,2026-07-07 06:00:00,2026-07-07,6,Morning,Aloe Vera Liquid Soap,1.15,60.0,10.7,Machine Breakdown,49.3,69,56,3,53,4.66,94.64,81.16,82.17,98.77,76.81,4.88,12.78,1
PureGlow Soaps International (Fictional Dummy Company),Global Manufacturing Head - PureGlow Soaps,United States (North America),USA,Atlanta,FCT015,Atlanta Soap Plant,LN0043,Line-1,2026-07-07 07:00:00,2026-07-07,7,Morning,Lemon Bar Soap,1.13,60.0,13.5,Changeover/Setup,46.5,68,49,1,48,2.43,97.96,72.06,77.5,93.25,70.79,4.47,14.27,1
PureGlow Soaps International (Fictional Dummy Company),Global Manufacturing Head - PureGlow Soaps,United States (North America),USA,Atlanta,FCT015,Atlanta Soap Plant,LN0044,Line-2,2026-07-07 07:00:00,2026-07-07,7,Morning,Charcoal Bar Soap,1.07,60.0,14.4,Power Outage,45.6,64,47,2,45,3.71,95.74,73.44,76.0,96.33,70.09,4.09,28.85,3
PureGlow Soaps International (Fictional Dummy Company),Global Manufacturing Head - PureGlow Soaps,United States (North America),USA,Atlanta,FCT015,Atlanta Soap Plant,LN0045,Line-3,2026-07-07 07:00:00,2026-07-07,7,Morning,Aloe Vera Liquid Soap,1.15,60.0,12.2,Power Outage,47.8,69,55,1,54,1.92,98.18,79.71,79.67,100.05,78.26,5.57,13.51,2
PureGlow Soaps International (Fictional Dummy Company),Global Manufacturing Head - PureGlow Soaps,United States (North America),USA,Atlanta,FCT015,Atlanta Soap Plant,LN0043,Line-1,2026-07-07 08:00:00,2026-07-07,8,Morning,Lemon Bar Soap,1.13,60.0,1.7,No Downtime,58.3,68,66,3,63,5.08,95.45,97.06,97.17,100.18,92.92,6.5,19.85,3
PureGlow Soaps International (Fictional Dummy Company),Global Manufacturing Head - PureGlow Soaps,United States (North America),USA,Atlanta,FCT015,Atlanta Soap Plant,LN0044,Line-2,2026-07-07 08:00:00,2026-07-07,8,Morning,Charcoal Bar Soap,1.07,60.0,26.6,Power Outage,33.4,64,29,1,28,3.04,96.55,45.31,55.67,81.15,43.62,2.79,19.75,1
PureGlow Soaps International (Fictional Dummy Company),Global Manufacturing Head - PureGlow Soaps,United States (North America),USA,Atlanta,FCT015,Atlanta Soap Plant,LN0045,Line-3,2026-07-07 08:00:00,2026-07-07,8,Morning,Aloe Vera Liquid Soap,1.15,60.0,1.7,No Downtime,58.3,69,62,2,60,2.7,96.77,89.86,97.17,92.48,86.96,5.55,15.82,2
PureGlow Soaps International (Fictional Dummy Company),Global Manufacturing Head - PureGlow Soaps,United States (North America),USA,Atlanta,FCT015,Atlanta Soap Plant,LN0043,Line-1,2026-07-07 09:00:00,2026-07-07,9,Morning,Lemon Bar Soap,1.13,60.0,32.8,Preventive Maintenance,27.2,68,29,1,28,2.34,96.55,42.65,45.33,94.35,41.29,2.8,9.24,3
PureGlow Soaps International (Fictional Dummy Company),Global Manufacturing Head - PureGlow Soaps,United States (North America),USA,Atlanta,FCT015,Atlanta Soap Plant,LN0044,Line-2,2026-07-07 09:00:00,2026-07-07,9,Morning,Charcoal Bar Soap,1.07,60.0,21.3,Machine Breakdown,38.7,64,40,0,40,0.97,100.0,62.5,64.5,96.6,62.31,3.87,25.32,3
PureGlow Soaps International (Fictional Dummy Company),Global Manufacturing Head - PureGlow Soaps,United States (North America),USA,Atlanta,FCT015,Atlanta Soap Plant,LN0045,Line-3,2026-07-07 09:00:00,2026-07-07,9,Morning,Aloe Vera Liquid Soap,1.15,60.0,18.0,Changeover/Setup,42.0,69,40,2,38,4.31,95.0,57.97,70.0,82.82,55.08,3.95,11.94,3
PureGlow Soaps International (Fictional Dummy Company),Global Manufacturing Head - PureGlow Soaps,United States (North America),USA,Atlanta,FCT015,Atlanta Soap Plant,LN0043,Line-1,2026-07-07 10:00:00,2026-07-07,10,Morning,Lemon Bar Soap,1.13,60.0,1.2,No Downtime,58.8,68,57,2,55,3.3,96.49,83.82,98.0,85.79,81.12,4.94,20.15,3
PureGlow Soaps International (Fictional Dummy Company),Global Manufacturing Head - PureGlow Soaps,United States (North America),USA,Atlanta,FCT015,Atlanta Soap Plant,LN0044,Line-2,2026-07-07 10:00:00,2026-07-07,10,Morning,Charcoal Bar Soap,1.07,60.0,0.7,No Downtime,59.3,64,53,1,52,1.85,98.11,82.81,98.83,83.53,80.99,5.19,35.55,2
PureGlow Soaps International (Fictional Dummy Company),Global Manufacturing Head - PureGlow Soaps,United States (North America),USA,Atlanta,FCT015,Atlanta Soap Plant,LN0045,Line-3,2026-07-07 10:00:00,2026-07-07,10,Morning,Aloe Vera Liquid Soap,1.15,60.0,25.9,Material Shortage,34.1,69,33,0,33,0.0,100.0,47.83,56.83,84.15,47.82,3.05,9.77,1
PureGlow Soaps International (Fictional Dummy Company),Global Manufacturing Head - PureGlow Soaps,United States (North America),USA,Atlanta,FCT015,Atlanta Soap Plant,LN0043,Line-1,2026-07-07 11:00:00,2026-07-07,11,Morning,Lemon Bar Soap,1.13,60.0,15.9,Material Shortage,44.1,68,49,1,48,1.6,97.96,72.06,73.5,98.33,70.8,4.24,14.39,1
PureGlow Soaps International (Fictional Dummy Company),Global Manufacturing Head - PureGlow Soaps,United States (North America),USA,Atlanta,FCT015,Atlanta Soap Plant,LN0044,Line-2,2026-07-07 11:00:00,2026-07-07,11,Morning,Charcoal Bar Soap,1.07,60.0,25.6,Material Shortage,34.4,64,30,1,29,3.46,96.67,46.88,57.33,81.5,45.17,2.66,20.79,1
PureGlow Soaps International (Fictional Dummy Company),Global Manufacturing Head - PureGlow Soaps,United States (North America),USA,Atlanta,FCT015,Atlanta Soap Plant,LN0045,Line-3,2026-07-07 11:00:00,2026-07-07,11,Morning,Aloe Vera Liquid Soap,1.15,60.0,5.7,Power Outage,54.3,69,55,1,54,1.27,98.18,79.71,90.5,88.08,78.26,4.98,13.93,2
PureGlow Soaps International (Fictional Dummy Company),Global Manufacturing Head - PureGlow Soaps,United States (North America),USA,Atlanta,FCT015,Atlanta Soap Plant,LN0043,Line-1,2026-07-07 12:00:00,2026-07-07,12,Morning,Lemon Bar Soap,1.13,60.0,16.2,Material Shortage,43.8,68,50,1,49,1.92,98.0,73.53,73.0,101.02,72.27,4.84,14.38,2
PureGlow Soaps International (Fictional Dummy Company),Global Manufacturing Head - PureGlow Soaps,United States (North America),USA,Atlanta,FCT015,Atlanta Soap Plant,LN0044,Line-2,2026-07-07 12:00:00,2026-07-07,12,Morning,Charcoal Bar Soap,1.07,60.0,2.2,No Downtime,57.8,64,63,1,62,1.61,98.41,98.44,96.33,101.87,96.57,5.7,38.19,2
PureGlow Soaps International (Fictional Dummy Company),Global Manufacturing Head - PureGlow Soaps,United States (North America),USA,Atlanta,FCT015,Atlanta Soap Plant,LN0045,Line-3,2026-07-07 12:00:00,2026-07-07,12,Morning,Aloe Vera Liquid Soap,1.15,60.0,33.5,Preventive Maintenance,26.5,69,28,1,27,5.21,96.43,40.58,44.17,91.88,39.13,2.89,7.73,1
PureGlow Soaps International (Fictional Dummy Company),Global Manufacturing Head - PureGlow Soaps,United States (North America),USA,Atlanta,FCT015,Atlanta Soap Plant,LN0043,Line-1,2026-07-07 13:00:00,2026-07-07,13,Morning,Lemon Bar Soap,1.13,60.0,3.7,No Downtime,56.3,68,55,2,53,3.32,96.36,80.88,93.83,86.45,78.16,5.92,18.63,2
PureGlow Soaps International (Fictional Dummy Company),Global Manufacturing Head - PureGlow Soaps,United States (North America),USA,Atlanta,FCT015,Atlanta Soap Plant,LN0044,Line-2,2026-07-07 13:00:00,2026-07-07,13,Morning,Charcoal Bar Soap,1.07,60.0,0.5,No Downtime,59.5,64,59,2,57,2.77,96.61,92.19,99.17,92.67,88.79,5.77,38.07,3
PureGlow Soaps International (Fictional Dummy Company),Global Manufacturing Head - PureGlow Soaps,United States (North America),USA,Atlanta,FCT015,Atlanta Soap Plant,LN0045,Line-3,2026-07-07 13:00:00,2026-07-07,13,Morning,Aloe Vera Liquid Soap,1.15,60.0,27.5,Machine Breakdown,32.5,69,32,1,31,1.97,96.88,46.38,54.17,85.62,44.93,2.82,9.3,3
PureGlow Soaps International (Fictional Dummy Company),Global Manufacturing Head - PureGlow Soaps,United States (North America),USA,Atlanta,FCT015,Atlanta Soap Plant,LN0043,Line-1,2026-07-07 14:00:00,2026-07-07,14,Afternoon,Lemon Bar Soap,1.13,60.0,3.2,No Downtime,56.8,68,59,1,58,0.93,98.31,86.76,94.67,91.92,85.55,5.58,17.53,3
PureGlow Soaps International (Fictional Dummy Company),Global Manufacturing Head - PureGlow Soaps,United States (North America),USA,Atlanta,FCT015,Atlanta Soap Plant,LN0044,Line-2,2026-07-07 14:00:00,2026-07-07,14,Afternoon,Charcoal Bar Soap,1.07,60.0,9.1,Staff Shortage,50.9,64,45,1,44,2.72,97.78,70.31,84.83,82.62,68.53,4.28,34.49,3
PureGlow Soaps International (Fictional Dummy Company),Global Manufacturing Head - PureGlow Soaps,United States (North America),USA,Atlanta,FCT015,Atlanta Soap Plant,LN0045,Line-3,2026-07-07 14:00:00,2026-07-07,14,Afternoon,Aloe Vera Liquid Soap,1.15,60.0,23.0,Power Outage,37.0,69,44,1,43,1.58,97.73,63.77,61.67,103.41,62.33,4.66,10.43,1
PureGlow Soaps International (Fictional Dummy Company),Global Manufacturing Head - PureGlow Soaps,United States (North America),USA,Atlanta,FCT015,Atlanta Soap Plant,LN0043,Line-1,2026-07-07 15:00:00,2026-07-07,15,Afternoon,Lemon Bar Soap,1.13,60.0,13.0,Power Outage,47.0,68,52,2,50,3.56,96.15,76.47,78.33,97.91,73.74,4.85,14.67,2
PureGlow Soaps International (Fictional Dummy Company),Global Manufacturing Head - PureGlow Soaps,United States (North America),USA,Atlanta,FCT015,Atlanta Soap Plant,LN0044,Line-2,2026-07-07 15:00:00,2026-07-07,15,Afternoon,Charcoal Bar Soap,1.07,60.0,24.8,Material Shortage,35.2,64,37,1,36,3.7,97.3,57.81,58.67,98.24,56.08,3.49,24.75,2
PureGlow Soaps International (Fictional Dummy Company),Global Manufacturing Head - PureGlow Soaps,United States (North America),USA,Atlanta,FCT015,Atlanta Soap Plant,LN0045,Line-3,2026-07-07 15:00:00,2026-07-07,15,Afternoon,Aloe Vera Liquid Soap,1.15,60.0,15.1,Staff Shortage,44.9,69,47,2,45,3.59,95.74,68.12,74.83,91.02,65.21,4.12,12.94,1
PureGlow Soaps International (Fictional Dummy Company),Global Manufacturing Head - PureGlow Soaps,United States (North America),USA,Atlanta,FCT015,Atlanta Soap Plant,LN0043,Line-1,2026-07-07 16:00:00,2026-07-07,16,Afternoon,Lemon Bar Soap,1.13,60.0,3.7,No Downtime,56.3,68,56,1,55,2.03,98.21,82.35,93.83,88.02,81.11,5.36,18.98,3
PureGlow Soaps International (Fictional Dummy Company),Global Manufacturing Head - PureGlow Soaps,United States (North America),USA,Atlanta,FCT015,Atlanta Soap Plant,LN0044,Line-2,2026-07-07 16:00:00,2026-07-07,16,Afternoon,Charcoal Bar Soap,1.07,60.0,1.8,No Downtime,58.2,64,64,2,62,3.58,96.88,100.0,97.0,102.77,96.58,6.14,40.94,1
PureGlow Soaps International (Fictional Dummy Company),Global Manufacturing Head - PureGlow Soaps,United States (North America),USA,Atlanta,FCT015,Atlanta Soap Plant,LN0045,Line-3,2026-07-07 16:00:00,2026-07-07,16,Afternoon,Aloe Vera Liquid Soap,1.15,60.0,16.9,Machine Breakdown,43.1,69,47,0,47,0.55,100.0,68.12,71.83,94.82,68.11,4.26,12.72,1
PureGlow Soaps International (Fictional Dummy Company),Global Manufacturing Head - PureGlow Soaps,United States (North America),USA,Atlanta,FCT015,Atlanta Soap Plant,LN0043,Line-1,2026-07-07 17:00:00,2026-07-07,17,Afternoon,Lemon Bar Soap,1.13,60.0,34.9,Preventive Maintenance,25.1,68,29,0,29,0.52,100.0,42.65,41.83,102.25,42.77,2.5,7.4,2
PureGlow Soaps International (Fictional Dummy Company),Global Manufacturing Head - PureGlow Soaps,United States (North America),USA,Atlanta,FCT015,Atlanta Soap Plant,LN0044,Line-2,2026-07-07 17:00:00,2026-07-07,17,Afternoon,Charcoal Bar Soap,1.07,60.0,13.9,Material Shortage,46.1,64,41,1,40,2.03,97.56,64.06,76.83,83.12,62.3,4.07,30.55,2
PureGlow Soaps International (Fictional Dummy Company),Global Manufacturing Head - PureGlow Soaps,United States (North America),USA,Atlanta,FCT015,Atlanta Soap Plant,LN0045,Line-3,2026-07-07 17:00:00,2026-07-07,17,Afternoon,Aloe Vera Liquid Soap,1.15,60.0,5.9,Changeover/Setup,54.1,69,50,1,49,2.7,98.0,72.46,90.17,80.37,71.02,4.66,15.35,1
PureGlow Soaps International (Fictional Dummy Company),Global Manufacturing Head - PureGlow Soaps,United States (North America),USA,Atlanta,FCT015,Atlanta Soap Plant,LN0043,Line-1,2026-07-07 18:00:00,2026-07-07,18,Afternoon,Lemon Bar Soap,1.13,60.0,17.5,Preventive Maintenance,42.5,68,49,1,48,2.26,97.96,72.06,70.83,102.03,70.79,4.4,14.4,2
PureGlow Soaps International (Fictional Dummy Company),Global Manufacturing Head - PureGlow Soaps,United States (North America),USA,Atlanta,FCT015,Atlanta Soap Plant,LN0044,Line-2,2026-07-07 18:00:00,2026-07-07,18,Afternoon,Charcoal Bar Soap,1.07,60.0,5.0,Power Outage,55.0,64,60,2,58,3.14,96.67,93.75,91.67,101.95,90.35,6.11,33.78,1
PureGlow Soaps International (Fictional Dummy Company),Global Manufacturing Head - PureGlow Soaps,United States (North America),USA,Atlanta,FCT015,Atlanta Soap Plant,LN0045,Line-3,2026-07-07 18:00:00,2026-07-07,18,Afternoon,Aloe Vera Liquid Soap,1.15,60.0,1.1,No Downtime,58.9,69,55,2,53,2.93,96.36,79.71,98.17,81.2,76.81,5.86,17.62,1
PureGlow Soaps International (Fictional Dummy Company),Global Manufacturing Head - PureGlow Soaps,United States (North America),USA,Atlanta,FCT015,Atlanta Soap Plant,LN0043,Line-1,2026-07-07 19:00:00,2026-07-07,19,Afternoon,Lemon Bar Soap,1.13,60.0,19.1,Material Shortage,40.9,68,47,1,46,2.38,97.87,69.12,68.17,101.69,67.85,4.25,12.71,3
PureGlow Soaps International (Fictional Dummy Company),Global Manufacturing Head - PureGlow Soaps,United States (North America),USA,Atlanta,FCT015,Atlanta Soap Plant,LN0044,Line-2,2026-07-07 19:00:00,2026-07-07,19,Afternoon,Charcoal Bar Soap,1.07,60.0,9.5,Staff Shortage,50.5,64,51,1,50,1.0,98.04,79.69,84.17,94.38,77.88,5.48,33.28,1
PureGlow Soaps International (Fictional Dummy Company),Global Manufacturing Head - PureGlow Soaps,United States (North America),USA,Atlanta,FCT015,Atlanta Soap Plant,LN0045,Line-3,2026-07-07 19:00:00,2026-07-07,19,Afternoon,Aloe Vera Liquid Soap,1.15,60.0,13.3,Power Outage,46.7,69,53,2,51,4.21,96.23,76.81,77.83,98.69,73.91,4.7,14.1,3
PureGlow Soaps International (Fictional Dummy Company),Global Manufacturing Head - PureGlow Soaps,United States (North America),USA,Atlanta,FCT015,Atlanta Soap Plant,LN0043,Line-1,2026-07-07 20:00:00,2026-07-07,20,Afternoon,Lemon Bar Soap,1.13,60.0,16.3,Machine Breakdown,43.7,68,48,1,47,2.61,97.92,70.59,72.83,97.2,69.32,4.26,13.25,3
PureGlow Soaps International (Fictional Dummy Company),Global Manufacturing Head - PureGlow Soaps,United States (North America),USA,Atlanta,FCT015,Atlanta Soap Plant,LN0044,Line-2,2026-07-07 20:00:00,2026-07-07,20,Afternoon,Charcoal Bar Soap,1.07,60.0,10.3,Quality Hold,49.7,64,45,2,43,5.4,95.56,70.31,82.83,84.62,66.98,4.01,29.11,1
PureGlow Soaps International (Fictional Dummy Company),Global Manufacturing Head - PureGlow Soaps,United States (North America),USA,Atlanta,FCT015,Atlanta Soap Plant,LN0045,Line-3,2026-07-07 20:00:00,2026-07-07,20,Afternoon,Aloe Vera Liquid Soap,1.15,60.0,2.1,No Downtime,57.9,69,57,2,55,3.1,96.49,82.61,96.5,85.6,79.7,4.96,16.12,3
PureGlow Soaps International (Fictional Dummy Company),Global Manufacturing Head - PureGlow Soaps,United States (North America),USA,Atlanta,FCT015,Atlanta Soap Plant,LN0043,Line-1,2026-07-07 21:00:00,2026-07-07,21,Afternoon,Lemon Bar Soap,1.13,60.0,25.7,Machine Breakdown,34.3,68,38,1,37,3.76,97.37,55.88,57.17,98.04,54.58,3.59,10.83,1
PureGlow Soaps International (Fictional Dummy Company),Global Manufacturing Head - PureGlow Soaps,United States (North America),USA,Atlanta,FCT015,Atlanta Soap Plant,LN0044,Line-2,2026-07-07 21:00:00,2026-07-07,21,Afternoon,Charcoal Bar Soap,1.07,60.0,14.3,Changeover/Setup,45.7,64,49,1,48,1.74,97.96,76.56,76.17,100.21,74.77,5.07,27.84,2
PureGlow Soaps International (Fictional Dummy Company),Global Manufacturing Head - PureGlow Soaps,United States (North America),USA,Atlanta,FCT015,Atlanta Soap Plant,LN0045,Line-3,2026-07-07 21:00:00,2026-07-07,21,Afternoon,Aloe Vera Liquid Soap,1.15,60.0,2.9,No Downtime,57.1,69,56,1,55,2.67,98.21,81.16,95.17,85.28,79.71,5.82,15.78,3
PureGlow Soaps International (Fictional Dummy Company),Global Manufacturing Head - PureGlow Soaps,United States (North America),USA,Atlanta,FCT015,Atlanta Soap Plant,LN0043,Line-1,2026-07-07 22:00:00,2026-07-07,22,Night,Lemon Bar Soap,1.13,60.0,1.0,No Downtime,59.0,68,66,2,64,3.61,96.97,97.06,98.33,99.0,94.4,6.12,19.55,1
PureGlow Soaps International (Fictional Dummy Company),Global Manufacturing Head - PureGlow Soaps,United States (North America),USA,Atlanta,FCT015,Atlanta Soap Plant,LN0044,Line-2,2026-07-07 22:00:00,2026-07-07,22,Night,Charcoal Bar Soap,1.07,60.0,6.5,Quality Hold,53.5,64,54,4,50,7.72,92.59,84.38,89.17,94.33,77.88,5.47,35.69,1
PureGlow Soaps International (Fictional Dummy Company),Global Manufacturing Head - PureGlow Soaps,United States (North America),USA,Atlanta,FCT015,Atlanta Soap Plant,LN0045,Line-3,2026-07-07 22:00:00,2026-07-07,22,Night,Aloe Vera Liquid Soap,1.15,60.0,42.0,Machine Breakdown,18.0,69,18,1,17,3.69,94.44,26.09,30.0,86.96,24.64,1.91,4.68,1
PureGlow Soaps International (Fictional Dummy Company),Global Manufacturing Head - PureGlow Soaps,United States (North America),USA,Atlanta,FCT015,Atlanta Soap Plant,LN0043,Line-1,2026-07-07 23:00:00,2026-07-07,23,Night,Lemon Bar Soap,1.13,60.0,2.7,No Downtime,57.3,68,53,1,52,2.33,98.11,77.94,95.5,81.85,76.69,4.73,17.09,3
PureGlow Soaps International (Fictional Dummy Company),Global Manufacturing Head - PureGlow Soaps,United States (North America),USA,Atlanta,FCT015,Atlanta Soap Plant,LN0044,Line-2,2026-07-07 23:00:00,2026-07-07,23,Night,Charcoal Bar Soap,1.07,60.0,22.7,Machine Breakdown,37.3,64,34,1,33,3.79,97.06,53.12,62.17,85.19,51.41,3.59,22.93,1
PureGlow Soaps International (Fictional Dummy Company),Global Manufacturing Head - PureGlow Soaps,United States (North America),USA,Atlanta,FCT015,Atlanta Soap Plant,LN0045,Line-3,2026-07-07 23:00:00,2026-07-07,23,Night,Aloe Vera Liquid Soap,1.15,60.0,1.1,No Downtime,58.9,69,64,3,61,3.97,95.31,92.75,98.17,94.49,88.41,6.06,15.06,2
PureGlow Soaps International (Fictional Dummy Company),Global Manufacturing Head - PureGlow Soaps,United States (North America),USA,Atlanta,FCT015,Atlanta Soap Plant,LN0043,Line-1,2026-07-08 00:00:00,2026-07-08,0,Night,Sandalwood Bar Soap,1.13,60.0,20.2,Power Outage,39.8,68,42,1,41,3.36,97.62,61.76,66.33,93.39,60.47,4.56,13.11,1
PureGlow Soaps International (Fictional Dummy Company),Global Manufacturing Head - PureGlow Soaps,United States (North America),USA,Atlanta,FCT015,Atlanta Soap Plant,LN0044,Line-2,2026-07-08 00:00:00,2026-07-08,0,Night,Coconut Bar Soap,1.07,60.0,1.6,No Downtime,58.4,64,59,3,56,4.63,94.92,92.19,97.33,94.42,87.23,5.35,35.6,1
PureGlow Soaps International (Fictional Dummy Company),Global Manufacturing Head - PureGlow Soaps,United States (North America),USA,Atlanta,FCT015,Atlanta Soap Plant,LN0045,Line-3,2026-07-08 00:00:00,2026-07-08,0,Night,Coconut Bar Soap,1.15,60.0,13.1,Machine Breakdown,46.9,69,54,2,52,3.09,96.3,78.26,78.17,100.12,75.37,5.33,12.84,2
PureGlow Soaps International (Fictional Dummy Company),Global Manufacturing Head - PureGlow Soaps,United States (North America),USA,Atlanta,FCT015,Atlanta Soap Plant,LN0043,Line-1,2026-07-08 01:00:00,2026-07-08,1,Night,Sandalwood Bar Soap,1.13,60.0,34.6,Machine Breakdown,25.4,68,27,0,27,1.46,100.0,39.71,42.33,94.07,39.82,2.64,8.34,3
PureGlow Soaps International (Fictional Dummy Company),Global Manufacturing Head - PureGlow Soaps,United States (North America),USA,Atlanta,FCT015,Atlanta Soap Plant,LN0044,Line-2,2026-07-08 01:00:00,2026-07-08,1,Night,Coconut Bar Soap,1.07,60.0,9.2,Changeover/Setup,50.8,64,49,1,48,2.67,97.96,76.56,84.67,90.15,74.77,5.13,35.88,1
PureGlow Soaps International (Fictional Dummy Company),Global Manufacturing Head - PureGlow Soaps,United States (North America),USA,Atlanta,FCT015,Atlanta Soap Plant,LN0045,Line-3,2026-07-08 01:00:00,2026-07-08,1,Night,Coconut Bar Soap,1.15,60.0,29.0,Machine Breakdown,31.0,69,31,1,30,2.41,96.77,44.93,51.67,86.96,43.48,2.83,8.05,2
PureGlow Soaps International (Fictional Dummy Company),Global Manufacturing Head - PureGlow Soaps,United States (North America),USA,Atlanta,FCT015,Atlanta Soap Plant,LN0043,Line-1,2026-07-08 02:00:00,2026-07-08,2,Night,Sandalwood Bar Soap,1.13,60.0,5.0,Changeover/Setup,55.0,68,59,1,58,1.68,98.31,86.76,91.67,94.93,85.55,5.74,16.37,1
PureGlow Soaps International (Fictional Dummy Company),Global Manufacturing Head - PureGlow Soaps,United States (North America),USA,Atlanta,FCT015,Atlanta Soap Plant,LN0044,Line-2,2026-07-08 02:00:00,2026-07-08,2,Night,Coconut Bar Soap,1.07,60.0,17.7,Changeover/Setup,42.3,64,37,1,36,2.47,97.3,57.81,70.5,81.75,56.08,3.87,30.12,3
PureGlow Soaps International (Fictional Dummy Company),Global Manufacturing Head - PureGlow Soaps,United States (North America),USA,Atlanta,FCT015,Atlanta Soap Plant,LN0045,Line-3,2026-07-08 02:00:00,2026-07-08,2,Night,Coconut Bar Soap,1.15,60.0,17.7,Machine Breakdown,42.3,69,44,1,43,1.76,97.73,63.77,70.5,90.45,62.32,4.63,12.26,3
PureGlow Soaps International (Fictional Dummy Company),Global Manufacturing Head - PureGlow Soaps,United States (North America),USA,Atlanta,FCT015,Atlanta Soap Plant,LN0043,Line-1,2026-07-08 03:00:00,2026-07-08,3,Night,Sandalwood Bar Soap,1.13,60.0,0.6,No Downtime,59.4,68,68,2,66,2.55,97.06,100.0,99.0,101.31,97.35,6.18,19.76,2
PureGlow Soaps International (Fictional Dummy Company),Global Manufacturing Head - PureGlow Soaps,United States (North America),USA,Atlanta,FCT015,Atlanta Soap Plant,LN0044,Line-2,2026-07-08 03:00:00,2026-07-08,3,Night,Coconut Bar Soap,1.07,60.0,25.4,Power Outage,34.6,64,31,1,30,3.34,96.77,48.44,57.67,83.73,46.73,3.0,21.18,1
PureGlow Soaps International (Fictional Dummy Company),Global Manufacturing Head - PureGlow Soaps,United States (North America),USA,Atlanta,FCT015,Atlanta Soap Plant,LN0045,Line-3,2026-07-08 03:00:00,2026-07-08,3,Night,Coconut Bar Soap,1.15,60.0,29.7,Machine Breakdown,30.3,69,33,1,32,2.83,96.97,47.83,50.5,94.71,46.38,2.96,9.16,3
PureGlow Soaps International (Fictional Dummy Company),Global Manufacturing Head - PureGlow Soaps,United States (North America),USA,Atlanta,FCT015,Atlanta Soap Plant,LN0043,Line-1,2026-07-08 04:00:00,2026-07-08,4,Night,Sandalwood Bar Soap,1.13,60.0,2.5,No Downtime,57.5,68,55,2,53,4.19,96.36,80.88,95.83,84.65,78.17,5.89,17.01,1
PureGlow Soaps International (Fictional Dummy Company),Global Manufacturing Head - PureGlow Soaps,United States (North America),USA,Atlanta,FCT015,Atlanta Soap Plant,LN0044,Line-2,2026-07-08 04:00:00,2026-07-08,4,Night,Coconut Bar Soap,1.07,60.0,11.1,Quality Hold,48.9,64,50,5,45,10.1,90.0,78.12,81.5,95.56,70.09,4.6,31.01,1
PureGlow Soaps International (Fictional Dummy Company),Global Manufacturing Head - PureGlow Soaps,United States (North America),USA,Atlanta,FCT015,Atlanta Soap Plant,LN0045,Line-3,2026-07-08 04:00:00,2026-07-08,4,Night,Coconut Bar Soap,1.15,60.0,29.2,Material Shortage,30.8,69,34,1,33,1.87,97.06,49.28,51.33,95.99,47.82,3.41,8.39,2
PureGlow Soaps International (Fictional Dummy Company),Global Manufacturing Head - PureGlow Soaps,United States (North America),USA,Atlanta,FCT015,Atlanta Soap Plant,LN0043,Line-1,2026-07-08 05:00:00,2026-07-08,5,Night,Sandalwood Bar Soap,1.13,60.0,26.2,Preventive Maintenance,33.8,68,35,1,34,1.72,97.14,51.47,56.33,91.64,50.14,3.06,11.6,3
PureGlow Soaps International (Fictional Dummy Company),Global Manufacturing Head - PureGlow Soaps,United States (North America),USA,Atlanta,FCT015,Atlanta Soap Plant,LN0044,Line-2,2026-07-08 05:00:00,2026-07-08,5,Night,Coconut Bar Soap,1.07,60.0,29.4,Machine Breakdown,30.6,64,31,1,30,3.37,96.77,48.44,51.0,94.68,46.73,2.94,18.83,1
PureGlow Soaps International (Fictional Dummy Company),Global Manufacturing Head - PureGlow Soaps,United States (North America),USA,Atlanta,FCT015,Atlanta Soap Plant,LN0045,Line-3,2026-07-08 05:00:00,2026-07-08,5,Night,Coconut Bar Soap,1.15,60.0,24.4,Power Outage,35.6,69,40,1,39,3.43,97.5,57.97,59.33,97.7,56.52,4.11,9.87,3
PureGlow Soaps International (Fictional Dummy Company),Global Manufacturing Head - PureGlow Soaps,United States (North America),USA,Atlanta,FCT015,Atlanta Soap Plant,LN0043,Line-1,2026-07-08 06:00:00,2026-07-08,6,Morning,Sandalwood Bar Soap,1.13,60.0,1.3,No Downtime,58.7,68,62,1,61,1.62,98.39,91.18,97.83,93.47,89.97,5.33,18.62,3
PureGlow Soaps International (Fictional Dummy Company),Global Manufacturing Head - PureGlow Soaps,United States (North America),USA,Atlanta,FCT015,Atlanta Soap Plant,LN0044,Line-2,2026-07-08 06:00:00,2026-07-08,6,Morning,Coconut Bar Soap,1.07,60.0,1.3,No Downtime,58.7,64,53,1,52,2.79,98.11,82.81,97.83,84.38,80.99,4.76,36.19,3
PureGlow Soaps International (Fictional Dummy Company),Global Manufacturing Head - PureGlow Soaps,United States (North America),USA,Atlanta,FCT015,Atlanta Soap Plant,LN0045,Line-3,2026-07-08 06:00:00,2026-07-08,6,Morning,Coconut Bar Soap,1.15,60.0,3.5,No Downtime,56.5,69,57,2,55,4.38,96.49,82.61,94.17,87.73,79.72,5.69,15.71,3
PureGlow Soaps International (Fictional Dummy Company),Global Manufacturing Head - PureGlow Soaps,United States (North America),USA,Atlanta,FCT015,Atlanta Soap Plant,LN0043,Line-1,2026-07-08 07:00:00,2026-07-08,7,Morning,Sandalwood Bar Soap,1.13,60.0,12.9,Material Shortage,47.1,68,51,1,50,2.72,98.04,75.0,78.5,95.82,73.74,5.29,14.69,2
PureGlow Soaps International (Fictional Dummy Company),Global Manufacturing Head - PureGlow Soaps,United States (North America),USA,Atlanta,FCT015,Atlanta Soap Plant,LN0044,Line-2,2026-07-08 07:00:00,2026-07-08,7,Morning,Coconut Bar Soap,1.07,60.0,29.3,Power Outage,30.7,64,33,2,31,5.32,93.94,51.56,51.17,100.46,48.29,2.85,21.64,1
PureGlow Soaps International (Fictional Dummy Company),Global Manufacturing Head - PureGlow Soaps,United States (North America),USA,Atlanta,FCT015,Atlanta Soap Plant,LN0045,Line-3,2026-07-08 07:00:00,2026-07-08,7,Morning,Coconut Bar Soap,1.15,60.0,15.7,Quality Hold,44.3,69,46,5,41,10.19,89.13,66.67,73.83,90.29,59.42,4.54,13.13,3
PureGlow Soaps International (Fictional Dummy Company),Global Manufacturing Head - PureGlow Soaps,United States (North America),USA,Atlanta,FCT015,Atlanta Soap Plant,LN0043,Line-1,2026-07-08 08:00:00,2026-07-08,8,Morning,Sandalwood Bar Soap,1.13,60.0,23.1,Machine Breakdown,36.9,68,39,2,37,4.9,94.87,57.35,61.5,93.53,54.57,4.23,12.43,1
PureGlow Soaps International (Fictional Dummy Company),Global Manufacturing Head - PureGlow Soaps,United States (North America),USA,Atlanta,FCT015,Atlanta Soap Plant,LN0044,Line-2,2026-07-08 08:00:00,2026-07-08,8,Morning,Coconut Bar Soap,1.07,60.0,19.8,Machine Breakdown,40.2,64,43,2,41,4.46,95.35,67.19,67.0,99.97,63.87,3.81,24.35,1
PureGlow Soaps International (Fictional Dummy Company),Global Manufacturing Head - PureGlow Soaps,United States (North America),USA,Atlanta,FCT015,Atlanta Soap Plant,LN0045,Line-3,2026-07-08 08:00:00,2026-07-08,8,Morning,Coconut Bar Soap,1.15,60.0,15.0,Quality Hold,45.0,69,48,5,43,10.66,89.58,69.57,75.0,92.75,62.31,5.02,13.3,2
PureGlow Soaps International (Fictional Dummy Company),Global Manufacturing Head - PureGlow Soaps,United States (North America),USA,Atlanta,FCT015,Atlanta Soap Plant,LN0043,Line-1,2026-07-08 09:00:00,2026-07-08,9,Morning,Sandalwood Bar Soap,1.13,60.0,22.8,Machine Breakdown,37.2,68,39,1,38,2.39,97.44,57.35,62.0,92.78,56.05,4.16,11.66,1
PureGlow Soaps International (Fictional Dummy Company),Global Manufacturing Head - PureGlow Soaps,United States (North America),USA,Atlanta,FCT015,Atlanta Soap Plant,LN0044,Line-2,2026-07-08 09:00:00,2026-07-08,9,Morning,Coconut Bar Soap,1.07,60.0,17.6,Preventive Maintenance,42.4,64,46,1,45,3.22,97.83,71.88,70.67,101.39,70.1,4.82,29.75,2
PureGlow Soaps International (Fictional Dummy Company),Global Manufacturing Head - PureGlow Soaps,United States (North America),USA,Atlanta,FCT015,Atlanta Soap Plant,LN0045,Line-3,2026-07-08 09:00:00,2026-07-08,9,Morning,Coconut Bar Soap,1.15,60.0,3.9,No Downtime,56.1,69,59,2,57,2.69,96.61,85.51,93.5,91.45,82.61,5.13,14.14,2
PureGlow Soaps International (Fictional Dummy Company),Global Manufacturing Head - PureGlow Soaps,United States (North America),USA,Atlanta,FCT015,Atlanta Soap Plant,LN0043,Line-1,2026-07-08 10:00:00,2026-07-08,10,Morning,Sandalwood Bar Soap,1.13,60.0,19.7,Staff Shortage,40.3,68,38,1,37,3.47,97.37,55.88,67.17,83.44,54.57,3.99,12.22,1
PureGlow Soaps International (Fictional Dummy Company),Global Manufacturing Head - PureGlow Soaps,United States (North America),USA,Atlanta,FCT015,Atlanta Soap Plant,LN0044,Line-2,2026-07-08 10:00:00,2026-07-08,10,Morning,Coconut Bar Soap,1.07,60.0,17.1,Changeover/Setup,42.9,64,37,2,35,5.68,94.59,57.81,71.5,80.6,54.51,3.78,25.62,2
PureGlow Soaps International (Fictional Dummy Company),Global Manufacturing Head - PureGlow Soaps,United States (North America),USA,Atlanta,FCT015,Atlanta Soap Plant,LN0045,Line-3,2026-07-08 10:00:00,2026-07-08,10,Morning,Coconut Bar Soap,1.15,60.0,2.8,No Downtime,57.2,69,53,2,51,3.23,96.23,76.81,95.33,80.57,73.91,5.1,16.56,3
PureGlow Soaps International (Fictional Dummy Company),Global Manufacturing Head - PureGlow Soaps,United States (North America),USA,Atlanta,FCT015,Atlanta Soap Plant,LN0043,Line-1,2026-07-08 11:00:00,2026-07-08,11,Morning,Sandalwood Bar Soap,1.13,60.0,5.6,Changeover/Setup,54.4,68,55,2,53,2.82,96.36,80.88,90.67,89.47,78.17,5.73,17.62,3
PureGlow Soaps International (Fictional Dummy Company),Global Manufacturing Head - PureGlow Soaps,United States (North America),USA,Atlanta,FCT015,Atlanta Soap Plant,LN0044,Line-2,2026-07-08 11:00:00,2026-07-08,11,Morning,Coconut Bar Soap,1.07,60.0,28.2,Machine Breakdown,31.8,64,33,1,32,3.62,96.97,51.56,53.0,96.98,49.84,3.03,18.57,3
PureGlow Soaps International (Fictional Dummy Company),Global Manufacturing Head - PureGlow Soaps,United States (North America),USA,Atlanta,FCT015,Atlanta Soap Plant,LN0045,Line-3,2026-07-08 11:00:00,2026-07-08,11,Morning,Coconut Bar Soap,1.15,60.0,31.5,Machine Breakdown,28.5,69,32,2,30,4.8,93.75,46.38,47.5,97.64,43.48,3.05,7.34,1
PureGlow Soaps International (Fictional Dummy Company),Global Manufacturing Head - PureGlow Soaps,United States (North America),USA,Atlanta,FCT015,Atlanta Soap Plant,LN0043,Line-1,2026-07-08 12:00:00,2026-07-08,12,Morning,Sandalwood Bar Soap,1.13,60.0,14.8,Quality Hold,45.2,68,43,3,40,7.3,93.02,63.24,75.33,84.19,58.99,4.09,15.47,1
PureGlow Soaps International (Fictional Dummy Company),Global Manufacturing Head - PureGlow Soaps,United States (North America),USA,Atlanta,FCT015,Atlanta Soap Plant,LN0044,Line-2,2026-07-08 12:00:00,2026-07-08,12,Morning,Coconut Bar Soap,1.07,60.0,28.9,Preventive Maintenance,31.1,64,32,0,32,0.0,100.0,50.0,51.83,96.16,49.84,3.19,21.91,3
PureGlow Soaps International (Fictional Dummy Company),Global Manufacturing Head - PureGlow Soaps,United States (North America),USA,Atlanta,FCT015,Atlanta Soap Plant,LN0045,Line-3,2026-07-08 12:00:00,2026-07-08,12,Morning,Coconut Bar Soap,1.15,60.0,3.7,No Downtime,56.3,69,64,2,62,2.43,96.88,92.75,93.83,98.85,89.86,5.85,14.53,3
PureGlow Soaps International (Fictional Dummy Company),Global Manufacturing Head - PureGlow Soaps,United States (North America),USA,Atlanta,FCT015,Atlanta Soap Plant,LN0043,Line-1,2026-07-08 13:00:00,2026-07-08,13,Morning,Sandalwood Bar Soap,1.13,60.0,13.3,Changeover/Setup,46.7,68,54,1,53,1.67,98.15,79.41,77.83,102.33,78.17,5.9,14.87,3
PureGlow Soaps International (Fictional Dummy Company),Global Manufacturing Head - PureGlow Soaps,United States (North America),USA,Atlanta,FCT015,Atlanta Soap Plant,LN0044,Line-2,2026-07-08 13:00:00,2026-07-08,13,Morning,Coconut Bar Soap,1.07,60.0,42.2,Machine Breakdown,17.8,64,18,0,18,1.32,100.0,28.12,29.67,94.51,28.04,1.96,12.63,3
PureGlow Soaps International (Fictional Dummy Company),Global Manufacturing Head - PureGlow Soaps,United States (North America),USA,Atlanta,FCT015,Atlanta Soap Plant,LN0045,Line-3,2026-07-08 13:00:00,2026-07-08,13,Morning,Coconut Bar Soap,1.15,60.0,19.8,Changeover/Setup,40.2,69,42,1,41,3.2,97.62,60.87,67.0,90.85,59.42,4.22,12.13,2
PureGlow Soaps International (Fictional Dummy Company),Global Manufacturing Head - PureGlow Soaps,United States (North America),USA,Atlanta,FCT015,Atlanta Soap Plant,LN0043,Line-1,2026-07-08 14:00:00,2026-07-08,14,Afternoon,Sandalwood Bar Soap,1.13,60.0,3.5,No Downtime,56.5,68,52,2,50,3.62,96.15,76.47,94.17,81.45,73.75,4.79,17.3,2
PureGlow Soaps International (Fictional Dummy Company),Global Manufacturing Head - PureGlow Soaps,United States (North America),USA,Atlanta,FCT015,Atlanta Soap Plant,LN0044,Line-2,2026-07-08 14:00:00,2026-07-08,14,Afternoon,Coconut Bar Soap,1.07,60.0,2.9,No Downtime,57.1,64,53,1,52,2.59,98.11,82.81,95.17,86.75,81.0,5.12,35.39,2
PureGlow Soaps International (Fictional Dummy Company),Global Manufacturing Head - PureGlow Soaps,United States (North America),USA,Atlanta,FCT015,Atlanta Soap Plant,LN0045,Line-3,2026-07-08 14:00:00,2026-07-08,14,Afternoon,Coconut Bar Soap,1.15,60.0,2.3,No Downtime,57.7,69,58,1,57,1.3,98.28,84.06,96.17,87.41,82.62,5.88,14.5,2
PureGlow Soaps International (Fictional Dummy Company),Global Manufacturing Head - PureGlow Soaps,United States (North America),USA,Atlanta,FCT015,Atlanta Soap Plant,LN0043,Line-1,2026-07-08 15:00:00,2026-07-08,15,Afternoon,Sandalwood Bar Soap,1.13,60.0,26.4,Machine Breakdown,33.6,68,33,1,32,3.09,96.97,48.53,56.0,86.92,47.2,2.97,11.74,2
PureGlow Soaps International (Fictional Dummy Company),Global Manufacturing Head - PureGlow Soaps,United States (North America),USA,Atlanta,FCT015,Atlanta Soap Plant,LN0044,Line-2,2026-07-08 15:00:00,2026-07-08,15,Afternoon,Coconut Bar Soap,1.07,60.0,33.4,Machine Breakdown,26.6,64,26,1,25,4.51,96.15,40.62,44.33,91.35,38.94,2.64,18.23,2
PureGlow Soaps International (Fictional Dummy Company),Global Manufacturing Head - PureGlow Soaps,United States (North America),USA,Atlanta,FCT015,Atlanta Soap Plant,LN0045,Line-3,2026-07-08 15:00:00,2026-07-08,15,Afternoon,Coconut Bar Soap,1.15,60.0,0.8,No Downtime,59.2,69,60,1,59,2.25,98.33,86.96,98.67,88.13,85.51,6.46,16.59,1
PureGlow Soaps International (Fictional Dummy Company),Global Manufacturing Head - PureGlow Soaps,United States (North America),USA,Atlanta,FCT015,Atlanta Soap Plant,LN0043,Line-1,2026-07-08 16:00:00,2026-07-08,16,Afternoon,Sandalwood Bar Soap,1.13,60.0,13.7,Quality Hold,46.3,68,49,4,45,7.18,91.84,72.06,77.17,93.66,66.38,4.7,13.5,3
PureGlow Soaps International (Fictional Dummy Company),Global Manufacturing Head - PureGlow Soaps,United States (North America),USA,Atlanta,FCT015,Atlanta Soap Plant,LN0044,Line-2,2026-07-08 16:00:00,2026-07-08,16,Afternoon,Coconut Bar Soap,1.07,60.0,44.1,Machine Breakdown,15.9,64,14,1,13,4.51,92.86,21.88,26.5,82.29,20.25,1.35,10.39,1
PureGlow Soaps International (Fictional Dummy Company),Global Manufacturing Head - PureGlow Soaps,United States (North America),USA,Atlanta,FCT015,Atlanta Soap Plant,LN0045,Line-3,2026-07-08 16:00:00,2026-07-08,16,Afternoon,Coconut Bar Soap,1.15,60.0,10.0,Changeover/Setup,50.0,69,52,2,50,3.31,96.15,75.36,83.33,90.43,72.45,5.68,14.39,1
PureGlow Soaps International (Fictional Dummy Company),Global Manufacturing Head - PureGlow Soaps,United States (North America),USA,Atlanta,FCT015,Atlanta Soap Plant,LN0043,Line-1,2026-07-08 17:00:00,2026-07-08,17,Afternoon,Sandalwood Bar Soap,1.13,60.0,44.5,Machine Breakdown,15.5,68,17,1,16,4.3,94.12,25.0,25.83,97.06,23.6,1.75,4.76,1
PureGlow Soaps International (Fictional Dummy Company),Global Manufacturing Head - PureGlow Soaps,United States (North America),USA,Atlanta,FCT015,Atlanta Soap Plant,LN0044,Line-2,2026-07-08 17:00:00,2026-07-08,17,Afternoon,Coconut Bar Soap,1.07,60.0,17.4,Changeover/Setup,42.6,64,45,1,44,1.72,97.78,70.31,71.0,98.72,68.54,4.53,28.74,3
PureGlow Soaps International (Fictional Dummy Company),Global Manufacturing Head - PureGlow Soaps,United States (North America),USA,Atlanta,FCT015,Atlanta Soap Plant,LN0045,Line-3,2026-07-08 17:00:00,2026-07-08,17,Afternoon,Coconut Bar Soap,1.15,60.0,16.6,Changeover/Setup,43.4,69,47,2,45,3.39,95.74,68.12,72.33,94.17,65.21,5.02,12.02,3
PureGlow Soaps International (Fictional Dummy Company),Global Manufacturing Head - PureGlow Soaps,United States (North America),USA,Atlanta,FCT015,Atlanta Soap Plant,LN0043,Line-1,2026-07-08 18:00:00,2026-07-08,18,Afternoon,Sandalwood Bar Soap,1.13,60.0,0.5,No Downtime,59.5,68,58,2,56,3.82,96.55,85.29,99.17,86.26,82.59,6.17,18.51,1
PureGlow Soaps International (Fictional Dummy Company),Global Manufacturing Head - PureGlow Soaps,United States (North America),USA,Atlanta,FCT015,Atlanta Soap Plant,LN0044,Line-2,2026-07-08 18:00:00,2026-07-08,18,Afternoon,Coconut Bar Soap,1.07,60.0,8.9,Changeover/Setup,51.1,64,53,2,51,4.34,96.23,82.81,85.17,96.93,79.44,5.14,31.27,2
PureGlow Soaps International (Fictional Dummy Company),Global Manufacturing Head - PureGlow Soaps,United States (North America),USA,Atlanta,FCT015,Atlanta Soap Plant,LN0045,Line-3,2026-07-08 18:00:00,2026-07-08,18,Afternoon,Coconut Bar Soap,1.15,60.0,2.1,No Downtime,57.9,69,63,1,62,2.19,98.41,91.3,96.5,94.62,89.86,6.21,15.05,1
PureGlow Soaps International (Fictional Dummy Company),Global Manufacturing Head - PureGlow Soaps,United States (North America),USA,Atlanta,FCT015,Atlanta Soap Plant,LN0043,Line-1,2026-07-08 19:00:00,2026-07-08,19,Afternoon,Sandalwood Bar Soap,1.13,60.0,14.0,Machine Breakdown,46.0,68,47,1,46,2.26,97.87,69.12,76.67,90.42,67.85,4.29,14.58,3
PureGlow Soaps International (Fictional Dummy Company),Global Manufacturing Head - PureGlow Soaps,United States (North America),USA,Atlanta,FCT015,Atlanta Soap Plant,LN0044,Line-2,2026-07-08 19:00:00,2026-07-08,19,Afternoon,Coconut Bar Soap,1.07,60.0,1.5,No Downtime,58.5,64,55,2,53,3.55,96.36,85.94,97.5,87.87,82.55,5.44,35.59,3
PureGlow Soaps International (Fictional Dummy Company),Global Manufacturing Head - PureGlow Soaps,United States (North America),USA,Atlanta,FCT015,Atlanta Soap Plant,LN0045,Line-3,2026-07-08 19:00:00,2026-07-08,19,Afternoon,Coconut Bar Soap,1.15,60.0,31.2,Material Shortage,28.8,69,30,1,29,3.66,96.67,43.48,48.0,90.58,42.03,2.74,8.44,2
PureGlow Soaps International (Fictional Dummy Company),Global Manufacturing Head - PureGlow Soaps,United States (North America),USA,Atlanta,FCT015,Atlanta Soap Plant,LN0043,Line-1,2026-07-08 20:00:00,2026-07-08,20,Afternoon,Sandalwood Bar Soap,1.13,60.0,27.1,Material Shortage,32.9,68,36,1,35,3.18,97.22,52.94,54.83,96.83,51.62,3.09,10.77,3
PureGlow Soaps International (Fictional Dummy Company),Global Manufacturing Head - PureGlow Soaps,United States (North America),USA,Atlanta,FCT015,Atlanta Soap Plant,LN0044,Line-2,2026-07-08 20:00:00,2026-07-08,20,Afternoon,Coconut Bar Soap,1.07,60.0,2.1,No Downtime,57.9,64,60,2,58,2.63,96.67,93.75,96.5,96.85,90.35,6.11,38.26,3
PureGlow Soaps International (Fictional Dummy Company),Global Manufacturing Head - PureGlow Soaps,United States (North America),USA,Atlanta,FCT015,Atlanta Soap Plant,LN0045,Line-3,2026-07-08 20:00:00,2026-07-08,20,Afternoon,Coconut Bar Soap,1.15,60.0,6.4,Changeover/Setup,53.6,69,50,2,48,4.71,96.0,72.46,89.33,81.12,69.57,4.26,14.97,2
PureGlow Soaps International (Fictional Dummy Company),Global Manufacturing Head - PureGlow Soaps,United States (North America),USA,Atlanta,FCT015,Atlanta Soap Plant,LN0043,Line-1,2026-07-08 21:00:00,2026-07-08,21,Afternoon,Sandalwood Bar Soap,1.13,60.0,0.4,No Downtime,59.6,68,61,2,59,2.88,96.72,89.71,99.33,90.57,87.01,5.71,20.85,1
PureGlow Soaps International (Fictional Dummy Company),Global Manufacturing Head - PureGlow Soaps,United States (North America),USA,Atlanta,FCT015,Atlanta Soap Plant,LN0044,Line-2,2026-07-08 21:00:00,2026-07-08,21,Afternoon,Coconut Bar Soap,1.07,60.0,1.5,No Downtime,58.5,64,60,2,58,3.04,96.67,93.75,97.5,95.85,90.34,5.53,41.2,1
PureGlow Soaps International (Fictional Dummy Company),Global Manufacturing Head - PureGlow Soaps,United States (North America),USA,Atlanta,FCT015,Atlanta Soap Plant,LN0045,Line-3,2026-07-08 21:00:00,2026-07-08,21,Afternoon,Coconut Bar Soap,1.15,60.0,14.1,Material Shortage,45.9,69,44,1,43,2.62,97.73,63.77,76.5,83.36,62.32,4.17,13.34,3
PureGlow Soaps International (Fictional Dummy Company),Global Manufacturing Head - PureGlow Soaps,United States (North America),USA,Atlanta,FCT015,Atlanta Soap Plant,LN0043,Line-1,2026-07-08 22:00:00,2026-07-08,22,Night,Sandalwood Bar Soap,1.13,60.0,2.2,No Downtime,57.8,68,58,2,56,3.38,96.55,85.29,96.33,88.8,82.59,5.39,18.21,3
PureGlow Soaps International (Fictional Dummy Company),Global Manufacturing Head - PureGlow Soaps,United States (North America),USA,Atlanta,FCT015,Atlanta Soap Plant,LN0044,Line-2,2026-07-08 22:00:00,2026-07-08,22,Night,Coconut Bar Soap,1.07,60.0,17.7,Machine Breakdown,42.3,64,37,1,36,2.82,97.3,57.81,70.5,81.75,56.08,3.32,25.7,2
PureGlow Soaps International (Fictional Dummy Company),Global Manufacturing Head - PureGlow Soaps,United States (North America),USA,Atlanta,FCT015,Atlanta Soap Plant,LN0045,Line-3,2026-07-08 22:00:00,2026-07-08,22,Night,Coconut Bar Soap,1.15,60.0,15.8,Changeover/Setup,44.2,69,47,1,46,1.41,97.87,68.12,73.67,92.47,66.67,4.69,12.73,1
PureGlow Soaps International (Fictional Dummy Company),Global Manufacturing Head - PureGlow Soaps,United States (North America),USA,Atlanta,FCT015,Atlanta Soap Plant,LN0043,Line-1,2026-07-08 23:00:00,2026-07-08,23,Night,Sandalwood Bar Soap,1.13,60.0,6.8,Changeover/Setup,53.2,68,60,2,58,2.71,96.67,88.24,88.67,99.81,85.55,6.21,18.22,2
PureGlow Soaps International (Fictional Dummy Company),Global Manufacturing Head - PureGlow Soaps,United States (North America),USA,Atlanta,FCT015,Atlanta Soap Plant,LN0044,Line-2,2026-07-08 23:00:00,2026-07-08,23,Night,Coconut Bar Soap,1.07,60.0,26.2,Preventive Maintenance,33.8,64,31,0,31,1.57,100.0,48.44,56.33,85.72,48.29,3.18,19.85,1
PureGlow Soaps International (Fictional Dummy Company),Global Manufacturing Head - PureGlow Soaps,United States (North America),USA,Atlanta,FCT015,Atlanta Soap Plant,LN0045,Line-3,2026-07-08 23:00:00,2026-07-08,23,Night,Coconut Bar Soap,1.15,60.0,15.7,Material Shortage,44.3,69,52,1,51,1.99,98.08,75.36,73.83,102.07,73.91,4.5,11.52,3
PureGlow Soaps International (Fictional Dummy Company),Global Manufacturing Head - PureGlow Soaps,United States (North America),USA,Atlanta,FCT015,Atlanta Soap Plant,LN0043,Line-1,2026-07-09 00:00:00,2026-07-09,0,Night,Rose Bar Soap,1.13,60.0,1.9,No Downtime,58.1,68,58,2,56,3.38,96.55,85.29,96.83,88.34,82.59,4.95,17.76,3
PureGlow Soaps International (Fictional Dummy Company),Global Manufacturing Head - PureGlow Soaps,United States (North America),USA,Atlanta,FCT015,Atlanta Soap Plant,LN0044,Line-2,2026-07-09 00:00:00,2026-07-09,0,Night,Charcoal Bar Soap,1.07,60.0,16.2,Changeover/Setup,43.8,64,40,1,39,3.49,97.5,62.5,73.0,85.35,60.75,4.34,28.61,1
PureGlow Soaps International (Fictional Dummy Company),Global Manufacturing Head - PureGlow Soaps,United States (North America),USA,Atlanta,FCT015,Atlanta Soap Plant,LN0045,Line-3,2026-07-09 00:00:00,2026-07-09,0,Night,Aloe Vera Liquid Soap,1.15,60.0,42.7,Machine Breakdown,17.3,69,18,0,18,1.8,100.0,26.09,28.83,90.47,26.08,1.83,4.87,2
PureGlow Soaps International (Fictional Dummy Company),Global Manufacturing Head - PureGlow Soaps,United States (North America),USA,Atlanta,FCT015,Atlanta Soap Plant,LN0043,Line-1,2026-07-09 01:00:00,2026-07-09,1,Night,Rose Bar Soap,1.13,60.0,10.2,Changeover/Setup,49.8,68,58,1,57,2.08,98.28,85.29,83.0,103.07,84.08,5.23,15.66,1
PureGlow Soaps International (Fictional Dummy Company),Global Manufacturing Head - PureGlow Soaps,United States (North America),USA,Atlanta,FCT015,Atlanta Soap Plant,LN0044,Line-2,2026-07-09 01:00:00,2026-07-09,1,Night,Charcoal Bar Soap,1.07,60.0,22.3,Machine Breakdown,37.7,64,34,1,33,4.18,97.06,53.12,62.83,84.29,51.4,3.43,25.3,2
PureGlow Soaps International (Fictional Dummy Company),Global Manufacturing Head - PureGlow Soaps,United States (North America),USA,Atlanta,FCT015,Atlanta Soap Plant,LN0045,Line-3,2026-07-09 01:00:00,2026-07-09,1,Night,Aloe Vera Liquid Soap,1.15,60.0,9.1,Quality Hold,50.9,69,56,4,52,6.69,92.86,81.16,84.83,95.67,75.36,5.08,13.55,2
PureGlow Soaps International (Fictional Dummy Company),Global Manufacturing Head - PureGlow Soaps,United States (North America),USA,Atlanta,FCT015,Atlanta Soap Plant,LN0043,Line-1,2026-07-09 02:00:00,2026-07-09,2,Night,Rose Bar Soap,1.13,60.0,37.0,Machine Breakdown,23.0,68,26,1,25,2.84,96.15,38.24,38.33,100.04,36.87,2.6,7.01,1
PureGlow Soaps International (Fictional Dummy Company),Global Manufacturing Head - PureGlow Soaps,United States (North America),USA,Atlanta,FCT015,Atlanta Soap Plant,LN0044,Line-2,2026-07-09 02:00:00,2026-07-09,2,Night,Charcoal Bar Soap,1.07,60.0,15.7,Quality Hold,44.3,64,40,4,36,8.86,90.0,62.5,73.83,84.39,56.07,3.67,28.38,1
PureGlow Soaps International (Fictional Dummy Company),Global Manufacturing Head - PureGlow Soaps,United States (North America),USA,Atlanta,FCT015,Atlanta Soap Plant,LN0045,Line-3,2026-07-09 02:00:00,2026-07-09,2,Night,Aloe Vera Liquid Soap,1.15,60.0,6.2,Power Outage,53.8,69,53,1,52,2.13,98.11,76.81,89.67,85.66,75.36,5.65,15.53,1
PureGlow Soaps International (Fictional Dummy Company),Global Manufacturing Head - PureGlow Soaps,United States (North America),USA,Atlanta,FCT015,Atlanta Soap Plant,LN0043,Line-1,2026-07-09 03:00:00,2026-07-09,3,Night,Rose Bar Soap,1.13,60.0,10.6,Quality Hold,49.4,68,50,6,44,11.34,88.0,73.53,82.33,89.57,64.89,5.5,15.84,2
PureGlow Soaps International (Fictional Dummy Company),Global Manufacturing Head - PureGlow Soaps,United States (North America),USA,Atlanta,FCT015,Atlanta Soap Plant,LN0044,Line-2,2026-07-09 03:00:00,2026-07-09,3,Night,Charcoal Bar Soap,1.07,60.0,1.2,No Downtime,58.8,64,57,1,56,1.95,98.25,89.06,98.0,90.6,87.23,6.2,39.82,2
PureGlow Soaps International (Fictional Dummy Company),Global Manufacturing Head - PureGlow Soaps,United States (North America),USA,Atlanta,FCT015,Atlanta Soap Plant,LN0045,Line-3,2026-07-09 03:00:00,2026-07-09,3,Night,Aloe Vera Liquid Soap,1.15,60.0,1.7,No Downtime,58.3,69,54,3,51,5.87,94.44,78.26,97.17,80.54,73.91,5.46,17.69,1
PureGlow Soaps International (Fictional Dummy Company),Global Manufacturing Head - PureGlow Soaps,United States (North America),USA,Atlanta,FCT015,Atlanta Soap Plant,LN0043,Line-1,2026-07-09 04:00:00,2026-07-09,4,Night,Rose Bar Soap,1.13,60.0,0.7,No Downtime,59.3,68,55,2,53,2.92,96.36,80.88,98.83,82.08,78.17,5.26,17.26,3
PureGlow Soaps International (Fictional Dummy Company),Global Manufacturing Head - PureGlow Soaps,United States (North America),USA,Atlanta,FCT015,Atlanta Soap Plant,LN0044,Line-2,2026-07-09 04:00:00,2026-07-09,4,Night,Charcoal Bar Soap,1.07,60.0,11.8,Material Shortage,48.2,64,51,0,51,0.0,100.0,79.69,80.33,98.89,79.44,4.5,28.47,3
PureGlow Soaps International (Fictional Dummy Company),Global Manufacturing Head - PureGlow Soaps,United States (North America),USA,Atlanta,FCT015,Atlanta Soap Plant,LN0045,Line-3,2026-07-09 04:00:00,2026-07-09,4,Night,Aloe Vera Liquid Soap,1.15,60.0,3.7,No Downtime,56.3,69,60,1,59,1.78,98.33,86.96,93.83,92.67,85.5,5.71,17.22,1
PureGlow Soaps International (Fictional Dummy Company),Global Manufacturing Head - PureGlow Soaps,United States (North America),USA,Atlanta,FCT015,Atlanta Soap Plant,LN0043,Line-1,2026-07-09 05:00:00,2026-07-09,5,Night,Rose Bar Soap,1.13,60.0,41.6,Machine Breakdown,18.4,68,21,1,20,3.02,95.24,30.88,30.67,101.0,29.5,2.26,6.21,2
PureGlow Soaps International (Fictional Dummy Company),Global Manufacturing Head - PureGlow Soaps,United States (North America),USA,Atlanta,FCT015,Atlanta Soap Plant,LN0044,Line-2,2026-07-09 05:00:00,2026-07-09,5,Night,Charcoal Bar Soap,1.07,60.0,17.6,Preventive Maintenance,42.4,64,46,2,44,3.61,95.65,71.88,70.67,101.39,68.54,4.97,27.59,1
PureGlow Soaps International (Fictional Dummy Company),Global Manufacturing Head - PureGlow Soaps,United States (North America),USA,Atlanta,FCT015,Atlanta Soap Plant,LN0045,Line-3,2026-07-09 05:00:00,2026-07-09,5,Night,Aloe Vera Liquid Soap,1.15,60.0,2.3,No Downtime,57.7,69,59,2,57,2.88,96.61,85.51,96.17,88.92,82.62,5.73,15.11,1
PureGlow Soaps International (Fictional Dummy Company),Global Manufacturing Head - PureGlow Soaps,United States (North America),USA,Atlanta,FCT015,Atlanta Soap Plant,LN0043,Line-1,2026-07-09 06:00:00,2026-07-09,6,Morning,Rose Bar Soap,1.13,60.0,28.9,Machine Breakdown,31.1,68,33,0,33,1.43,100.0,48.53,51.83,93.9,48.67,3.33,10.11,1
PureGlow Soaps International (Fictional Dummy Company),Global Manufacturing Head - PureGlow Soaps,United States (North America),USA,Atlanta,FCT015,Atlanta Soap Plant,LN0044,Line-2,2026-07-09 06:00:00,2026-07-09,6,Morning,Charcoal Bar Soap,1.07,60.0,14.2,Material Shortage,45.8,64,48,1,47,2.37,97.92,75.0,76.33,97.95,73.21,4.26,30.9,3
PureGlow Soaps International (Fictional Dummy Company),Global Manufacturing Head - PureGlow Soaps,United States (North America),USA,Atlanta,FCT015,Atlanta Soap Plant,LN0045,Line-3,2026-07-09 06:00:00,2026-07-09,6,Morning,Aloe Vera Liquid Soap,1.15,60.0,39.3,Machine Breakdown,20.7,69,19,0,19,0.0,100.0,27.54,34.5,79.82,27.54,1.89,5.88,1
PureGlow Soaps International (Fictional Dummy Company),Global Manufacturing Head - PureGlow Soaps,United States (North America),USA,Atlanta,FCT015,Atlanta Soap Plant,LN0043,Line-1,2026-07-09 07:00:00,2026-07-09,7,Morning,Rose Bar Soap,1.13,60.0,21.7,Machine Breakdown,38.3,68,40,1,39,3.02,97.5,58.82,63.83,92.42,57.52,3.64,11.47,1
PureGlow Soaps International (Fictional Dummy Company),Global Manufacturing Head - PureGlow Soaps,United States (North America),USA,Atlanta,FCT015,Atlanta Soap Plant,LN0044,Line-2,2026-07-09 07:00:00,2026-07-09,7,Morning,Charcoal Bar Soap,1.07,60.0,2.9,No Downtime,57.1,64,53,1,52,2.62,98.11,82.81,95.17,86.75,81.0,5.63,36.06,2
PureGlow Soaps International (Fictional Dummy Company),Global Manufacturing Head - PureGlow Soaps,United States (North America),USA,Atlanta,FCT015,Atlanta Soap Plant,LN0045,Line-3,2026-07-09 07:00:00,2026-07-09,7,Morning,Aloe Vera Liquid Soap,1.15,60.0,3.9,No Downtime,56.1,69,59,3,56,5.19,94.92,85.51,93.5,91.45,81.16,5.43,14.41,3
PureGlow Soaps International (Fictional Dummy Company),Global Manufacturing Head - PureGlow Soaps,United States (North America),USA,Atlanta,FCT015,Atlanta Soap Plant,LN0043,Line-1,2026-07-09 08:00:00,2026-07-09,8,Morning,Rose Bar Soap,1.13,60.0,8.6,Power Outage,51.4,68,50,2,48,3.66,96.0,73.53,85.67,86.09,70.8,4.8,17.27,1
PureGlow Soaps International (Fictional Dummy Company),Global Manufacturing Head - PureGlow Soaps,United States (North America),USA,Atlanta,FCT015,Atlanta Soap Plant,LN0044,Line-2,2026-07-09 08:00:00,2026-07-09,8,Morning,Charcoal Bar Soap,1.07,60.0,1.3,No Downtime,58.7,64,52,1,51,1.58,98.08,81.25,97.83,82.79,79.44,4.5,38.89,1
PureGlow Soaps International (Fictional Dummy Company),Global Manufacturing Head - PureGlow Soaps,United States (North America),USA,Atlanta,FCT015,Atlanta Soap Plant,LN0045,Line-3,2026-07-09 08:00:00,2026-07-09,8,Morning,Aloe Vera Liquid Soap,1.15,60.0,5.6,Changeover/Setup,54.4,69,50,2,48,3.81,96.0,72.46,90.67,79.92,69.56,5.07,14.29,2
PureGlow Soaps International (Fictional Dummy Company),Global Manufacturing Head - PureGlow Soaps,United States (North America),USA,Atlanta,FCT015,Atlanta Soap Plant,LN0043,Line-1,2026-07-09 09:00:00,2026-07-09,9,Morning,Rose Bar Soap,1.13,60.0,3.6,No Downtime,56.4,68,57,1,56,1.35,98.25,83.82,94.0,89.44,82.6,5.73,16.4,3
PureGlow Soaps International (Fictional Dummy Company),Global Manufacturing Head - PureGlow Soaps,United States (North America),USA,Atlanta,FCT015,Atlanta Soap Plant,LN0044,Line-2,2026-07-09 09:00:00,2026-07-09,9,Morning,Charcoal Bar Soap,1.07,60.0,2.2,No Downtime,57.8,64,53,2,51,3.92,96.23,82.81,96.33,85.7,79.44,4.97,40.68,2
PureGlow Soaps International (Fictional Dummy Company),Global Manufacturing Head - PureGlow Soaps,United States (North America),USA,Atlanta,FCT015,Atlanta Soap Plant,LN0045,Line-3,2026-07-09 09:00:00,2026-07-09,9,Morning,Aloe Vera Liquid Soap,1.15,60.0,8.2,Power Outage,51.8,69,60,2,58,3.58,96.67,86.96,86.33,100.72,84.06,5.87,13.02,3
PureGlow Soaps International (Fictional Dummy Company),Global Manufacturing Head - PureGlow Soaps,United States (North America),USA,Atlanta,FCT015,Atlanta Soap Plant,LN0043,Line-1,2026-07-09 10:00:00,2026-07-09,10,Morning,Rose Bar Soap,1.13,60.0,2.8,No Downtime,57.2,68,59,2,57,3.76,96.61,86.76,95.33,91.28,84.07,5.19,19.29,3
PureGlow Soaps International (Fictional Dummy Company),Global Manufacturing Head - PureGlow Soaps,United States (North America),USA,Atlanta,FCT015,Atlanta Soap Plant,LN0044,Line-2,2026-07-09 10:00:00,2026-07-09,10,Morning,Charcoal Bar Soap,1.07,60.0,28.6,Power Outage,31.4,64,34,1,33,1.78,97.06,53.12,52.33,101.2,51.4,3.28,18.65,1
PureGlow Soaps International (Fictional Dummy Company),Global Manufacturing Head - PureGlow Soaps,United States (North America),USA,Atlanta,FCT015,Atlanta Soap Plant,LN0045,Line-3,2026-07-09 10:00:00,2026-07-09,10,Morning,Aloe Vera Liquid Soap,1.15,60.0,10.5,Changeover/Setup,49.5,69,58,2,56,4.03,96.55,84.06,82.5,101.89,81.16,4.96,13.46,3
PureGlow Soaps International (Fictional Dummy Company),Global Manufacturing Head - PureGlow Soaps,United States (North America),USA,Atlanta,FCT015,Atlanta Soap Plant,LN0043,Line-1,2026-07-09 11:00:00,2026-07-09,11,Morning,Rose Bar Soap,1.13,60.0,2.9,No Downtime,57.1,68,57,1,56,1.69,98.25,83.82,95.17,88.34,82.6,5.0,18.85,3
PureGlow Soaps International (Fictional Dummy Company),Global Manufacturing Head - PureGlow Soaps,United States (North America),USA,Atlanta,FCT015,Atlanta Soap Plant,LN0044,Line-2,2026-07-09 11:00:00,2026-07-09,11,Morning,Charcoal Bar Soap,1.07,60.0,11.7,Changeover/Setup,48.3,64,46,2,44,4.22,95.65,71.88,80.5,89.01,68.54,4.56,33.64,2
PureGlow Soaps International (Fictional Dummy Company),Global Manufacturing Head - PureGlow Soaps,United States (North America),USA,Atlanta,FCT015,Atlanta Soap Plant,LN0045,Line-3,2026-07-09 11:00:00,2026-07-09,11,Morning,Aloe Vera Liquid Soap,1.15,60.0,4.0,No Downtime,56.0,69,62,2,60,2.55,96.77,89.86,93.33,96.27,86.95,5.71,14.41,2
PureGlow Soaps International (Fictional Dummy Company),Global Manufacturing Head - PureGlow Soaps,United States (North America),USA,Atlanta,FCT015,Atlanta Soap Plant,LN0043,Line-1,2026-07-09 12:00:00,2026-07-09,12,Morning,Rose Bar Soap,1.13,60.0,9.6,Changeover/Setup,50.4,68,58,1,57,2.55,98.28,85.29,84.0,101.84,84.07,6.06,14.74,2
PureGlow Soaps International (Fictional Dummy Company),Global Manufacturing Head - PureGlow Soaps,United States (North America),USA,Atlanta,FCT015,Atlanta Soap Plant,LN0044,Line-2,2026-07-09 12:00:00,2026-07-09,12,Morning,Charcoal Bar Soap,1.07,60.0,3.5,No Downtime,56.5,64,59,2,57,3.04,96.61,92.19,94.17,97.59,88.79,6.25,39.1,3
PureGlow Soaps International (Fictional Dummy Company),Global Manufacturing Head - PureGlow Soaps,United States (North America),USA,Atlanta,FCT015,Atlanta Soap Plant,LN0045,Line-3,2026-07-09 12:00:00,2026-07-09,12,Morning,Aloe Vera Liquid Soap,1.15,60.0,9.1,Staff Shortage,50.9,69,49,1,48,2.22,97.96,71.01,84.83,83.71,69.56,4.74,13.54,2
PureGlow Soaps International (Fictional Dummy Company),Global Manufacturing Head - PureGlow Soaps,United States (North America),USA,Atlanta,FCT015,Atlanta Soap Plant,LN0043,Line-1,2026-07-09 13:00:00,2026-07-09,13,Morning,Rose Bar Soap,1.13,60.0,22.2,Power Outage,37.8,68,35,1,34,3.37,97.14,51.47,63.0,81.94,50.15,3.68,12.49,1
PureGlow Soaps International (Fictional Dummy Company),Global Manufacturing Head - PureGlow Soaps,United States (North America),USA,Atlanta,FCT015,Atlanta Soap Plant,LN0044,Line-2,2026-07-09 13:00:00,2026-07-09,13,Morning,Charcoal Bar Soap,1.07,60.0,2.8,No Downtime,57.2,64,53,1,52,1.78,98.11,82.81,95.33,86.6,81.0,4.88,34.47,1
PureGlow Soaps International (Fictional Dummy Company),Global Manufacturing Head - PureGlow Soaps,United States (North America),USA,Atlanta,FCT015,Atlanta Soap Plant,LN0045,Line-3,2026-07-09 13:00:00,2026-07-09,13,Morning,Aloe Vera Liquid Soap,1.15,60.0,1.4,No Downtime,58.6,69,58,3,55,5.62,94.83,84.06,97.67,86.07,79.72,6.17,17.93,1
PureGlow Soaps International (Fictional Dummy Company),Global Manufacturing Head - PureGlow Soaps,United States (North America),USA,Atlanta,FCT015,Atlanta Soap Plant,LN0043,Line-1,2026-07-09 14:00:00,2026-07-09,14,Afternoon,Rose Bar Soap,1.13,60.0,44.9,Machine Breakdown,15.1,68,16,0,16,1.38,100.0,23.53,25.17,93.77,23.6,1.37,4.56,1
PureGlow Soaps International (Fictional Dummy Company),Global Manufacturing Head - PureGlow Soaps,United States (North America),USA,Atlanta,FCT015,Atlanta Soap Plant,LN0044,Line-2,2026-07-09 14:00:00,2026-07-09,14,Afternoon,Charcoal Bar Soap,1.07,60.0,2.4,No Downtime,57.6,64,52,2,50,3.96,96.15,81.25,96.0,84.37,77.88,4.66,36.17,3
PureGlow Soaps International (Fictional Dummy Company),Global Manufacturing Head - PureGlow Soaps,United States (North America),USA,Atlanta,FCT015,Atlanta Soap Plant,LN0045,Line-3,2026-07-09 14:00:00,2026-07-09,14,Afternoon,Aloe Vera Liquid Soap,1.15,60.0,15.2,Staff Shortage,44.8,69,44,2,42,5.1,95.45,63.77,74.67,85.4,60.87,3.96,12.64,2
PureGlow Soaps International (Fictional Dummy Company),Global Manufacturing Head - PureGlow Soaps,United States (North America),USA,Atlanta,FCT015,Atlanta Soap Plant,LN0043,Line-1,2026-07-09 15:00:00,2026-07-09,15,Afternoon,Rose Bar Soap,1.13,60.0,3.8,No Downtime,56.2,68,62,1,61,2.09,98.39,91.18,93.67,97.63,89.98,5.81,17.85,3
PureGlow Soaps International (Fictional Dummy Company),Global Manufacturing Head - PureGlow Soaps,United States (North America),USA,Atlanta,FCT015,Atlanta Soap Plant,LN0044,Line-2,2026-07-09 15:00:00,2026-07-09,15,Afternoon,Charcoal Bar Soap,1.07,60.0,13.6,Quality Hold,46.4,64,41,4,37,9.69,90.24,64.06,77.33,82.58,57.63,4.14,31.96,2
PureGlow Soaps International (Fictional Dummy Company),Global Manufacturing Head - PureGlow Soaps,United States (North America),USA,Atlanta,FCT015,Atlanta Soap Plant,LN0045,Line-3,2026-07-09 15:00:00,2026-07-09,15,Afternoon,Aloe Vera Liquid Soap,1.15,60.0,13.2,Changeover/Setup,46.8,69,45,2,43,3.89,95.56,65.22,78.0,83.61,62.32,3.94,12.11,3
PureGlow Soaps International (Fictional Dummy Company),Global Manufacturing Head - PureGlow Soaps,United States (North America),USA,Atlanta,FCT015,Atlanta Soap Plant,LN0043,Line-1,2026-07-09 16:00:00,2026-07-09,16,Afternoon,Rose Bar Soap,1.13,60.0,0.3,No Downtime,59.7,68,65,1,64,1.41,98.46,95.59,99.5,96.35,94.39,6.25,19.41,3
PureGlow Soaps International (Fictional Dummy Company),Global Manufacturing Head - PureGlow Soaps,United States (North America),USA,Atlanta,FCT015,Atlanta Soap Plant,LN0044,Line-2,2026-07-09 16:00:00,2026-07-09,16,Afternoon,Charcoal Bar Soap,1.07,60.0,26.1,Material Shortage,33.9,64,32,1,31,3.28,96.88,50.0,56.5,88.22,48.29,2.86,23.66,1
PureGlow Soaps International (Fictional Dummy Company),Global Manufacturing Head - PureGlow Soaps,United States (North America),USA,Atlanta,FCT015,Atlanta Soap Plant,LN0045,Line-3,2026-07-09 16:00:00,2026-07-09,16,Afternoon,Aloe Vera Liquid Soap,1.15,60.0,14.5,Changeover/Setup,45.5,69,48,0,48,0.83,100.0,69.57,75.83,91.73,69.56,4.9,11.9,1
PureGlow Soaps International (Fictional Dummy Company),Global Manufacturing Head - PureGlow Soaps,United States (North America),USA,Atlanta,FCT015,Atlanta Soap Plant,LN0043,Line-1,2026-07-09 17:00:00,2026-07-09,17,Afternoon,Rose Bar Soap,1.13,60.0,8.0,Power Outage,52.0,68,52,1,51,1.28,98.08,76.47,86.67,88.5,75.23,5.62,16.85,3
PureGlow Soaps International (Fictional Dummy Company),Global Manufacturing Head - PureGlow Soaps,United States (North America),USA,Atlanta,FCT015,Atlanta Soap Plant,LN0044,Line-2,2026-07-09 17:00:00,2026-07-09,17,Afternoon,Charcoal Bar Soap,1.07,60.0,18.3,Preventive Maintenance,41.7,64,43,1,42,3.14,97.67,67.19,69.5,96.37,65.42,4.64,27.03,3
PureGlow Soaps International (Fictional Dummy Company),Global Manufacturing Head - PureGlow Soaps,United States (North America),USA,Atlanta,FCT015,Atlanta Soap Plant,LN0045,Line-3,2026-07-09 17:00:00,2026-07-09,17,Afternoon,Aloe Vera Liquid Soap,1.15,60.0,27.6,Power Outage,32.4,69,37,1,36,3.62,97.3,53.62,54.0,99.3,52.17,3.93,8.78,2
PureGlow Soaps International (Fictional Dummy Company),Global Manufacturing Head - PureGlow Soaps,United States (North America),USA,Atlanta,FCT015,Atlanta Soap Plant,LN0043,Line-1,2026-07-09 18:00:00,2026-07-09,18,Afternoon,Rose Bar Soap,1.13,60.0,5.3,Quality Hold,54.7,68,51,5,46,10.08,90.2,75.0,91.17,82.51,67.85,5.43,16.02,2
PureGlow Soaps International (Fictional Dummy Company),Global Manufacturing Head - PureGlow Soaps,United States (North America),USA,Atlanta,FCT015,Atlanta Soap Plant,LN0044,Line-2,2026-07-09 18:00:00,2026-07-09,18,Afternoon,Charcoal Bar Soap,1.07,60.0,15.2,Power Outage,44.8,64,48,2,46,4.15,95.83,75.0,74.67,100.13,71.65,4.8,30.8,1
PureGlow Soaps International (Fictional Dummy Company),Global Manufacturing Head - PureGlow Soaps,United States (North America),USA,Atlanta,FCT015,Atlanta Soap Plant,LN0045,Line-3,2026-07-09 18:00:00,2026-07-09,18,Afternoon,Aloe Vera Liquid Soap,1.15,60.0,0.3,No Downtime,59.7,69,64,3,61,4.04,95.31,92.75,99.5,93.22,88.4,6.2,15.93,3
PureGlow Soaps International (Fictional Dummy Company),Global Manufacturing Head - PureGlow Soaps,United States (North America),USA,Atlanta,FCT015,Atlanta Soap Plant,LN0043,Line-1,2026-07-09 19:00:00,2026-07-09,19,Afternoon,Rose Bar Soap,1.13,60.0,13.4,Quality Hold,46.6,68,54,4,50,8.02,92.59,79.41,77.67,102.55,73.75,4.69,13.87,3
PureGlow Soaps International (Fictional Dummy Company),Global Manufacturing Head - PureGlow Soaps,United States (North America),USA,Atlanta,FCT015,Atlanta Soap Plant,LN0044,Line-2,2026-07-09 19:00:00,2026-07-09,19,Afternoon,Charcoal Bar Soap,1.07,60.0,24.2,Power Outage,35.8,64,36,1,35,2.53,97.22,56.25,59.67,93.98,54.52,3.72,25.33,3
PureGlow Soaps International (Fictional Dummy Company),Global Manufacturing Head - PureGlow Soaps,United States (North America),USA,Atlanta,FCT015,Atlanta Soap Plant,LN0045,Line-3,2026-07-09 19:00:00,2026-07-09,19,Afternoon,Aloe Vera Liquid Soap,1.15,60.0,16.8,Staff Shortage,43.2,69,43,1,42,2.17,97.67,62.32,72.0,86.55,60.86,4.4,11.32,2
PureGlow Soaps International (Fictional Dummy Company),Global Manufacturing Head - PureGlow Soaps,United States (North America),USA,Atlanta,FCT015,Atlanta Soap Plant,LN0043,Line-1,2026-07-09 20:00:00,2026-07-09,20,Afternoon,Rose Bar Soap,1.13,60.0,3.3,No Downtime,56.7,68,62,3,59,4.33,95.16,91.18,94.5,96.77,87.02,5.97,19.14,2
PureGlow Soaps International (Fictional Dummy Company),Global Manufacturing Head - PureGlow Soaps,United States (North America),USA,Atlanta,FCT015,Atlanta Soap Plant,LN0044,Line-2,2026-07-09 20:00:00,2026-07-09,20,Afternoon,Charcoal Bar Soap,1.07,60.0,8.4,Power Outage,51.6,64,51,3,48,4.92,94.12,79.69,86.0,92.37,74.77,5.29,36.72,1
PureGlow Soaps International (Fictional Dummy Company),Global Manufacturing Head - PureGlow Soaps,United States (North America),USA,Atlanta,FCT015,Atlanta Soap Plant,LN0045,Line-3,2026-07-09 20:00:00,2026-07-09,20,Afternoon,Aloe Vera Liquid Soap,1.15,60.0,9.3,Quality Hold,50.7,69,49,3,46,6.89,93.88,71.01,84.5,84.04,66.67,4.73,14.84,2
PureGlow Soaps International (Fictional Dummy Company),Global Manufacturing Head - PureGlow Soaps,United States (North America),USA,Atlanta,FCT015,Atlanta Soap Plant,LN0043,Line-1,2026-07-09 21:00:00,2026-07-09,21,Afternoon,Rose Bar Soap,1.13,60.0,1.6,No Downtime,58.4,68,63,2,61,2.61,96.83,92.65,97.33,95.47,89.98,6.16,20.09,2
PureGlow Soaps International (Fictional Dummy Company),Global Manufacturing Head - PureGlow Soaps,United States (North America),USA,Atlanta,FCT015,Atlanta Soap Plant,LN0044,Line-2,2026-07-09 21:00:00,2026-07-09,21,Afternoon,Charcoal Bar Soap,1.07,60.0,10.3,Power Outage,49.7,64,44,1,43,2.86,97.73,68.75,82.83,82.74,66.98,4.37,29.03,2
PureGlow Soaps International (Fictional Dummy Company),Global Manufacturing Head - PureGlow Soaps,United States (North America),USA,Atlanta,FCT015,Atlanta Soap Plant,LN0045,Line-3,2026-07-09 21:00:00,2026-07-09,21,Afternoon,Aloe Vera Liquid Soap,1.15,60.0,31.2,Preventive Maintenance,28.8,69,33,1,32,3.85,96.97,47.83,48.0,99.64,46.38,3.16,7.66,2
PureGlow Soaps International (Fictional Dummy Company),Global Manufacturing Head - PureGlow Soaps,United States (North America),USA,Atlanta,FCT015,Atlanta Soap Plant,LN0043,Line-1,2026-07-09 22:00:00,2026-07-09,22,Night,Rose Bar Soap,1.13,60.0,1.1,No Downtime,58.9,68,68,2,66,3.18,97.06,100.0,98.17,102.17,97.35,6.92,19.01,1
PureGlow Soaps International (Fictional Dummy Company),Global Manufacturing Head - PureGlow Soaps,United States (North America),USA,Atlanta,FCT015,Atlanta Soap Plant,LN0044,Line-2,2026-07-09 22:00:00,2026-07-09,22,Night,Charcoal Bar Soap,1.07,60.0,19.9,Power Outage,40.1,64,36,0,36,1.24,100.0,56.25,66.83,83.9,56.07,3.87,27.81,1
PureGlow Soaps International (Fictional Dummy Company),Global Manufacturing Head - PureGlow Soaps,United States (North America),USA,Atlanta,FCT015,Atlanta Soap Plant,LN0045,Line-3,2026-07-09 22:00:00,2026-07-09,22,Night,Aloe Vera Liquid Soap,1.15,60.0,3.6,No Downtime,56.4,69,66,3,63,3.91,95.45,95.65,94.0,101.76,91.3,5.99,15.35,1
PureGlow Soaps International (Fictional Dummy Company),Global Manufacturing Head - PureGlow Soaps,United States (North America),USA,Atlanta,FCT015,Atlanta Soap Plant,LN0043,Line-1,2026-07-09 23:00:00,2026-07-09,23,Night,Rose Bar Soap,1.13,60.0,3.3,No Downtime,56.7,68,54,2,52,2.8,96.3,79.41,94.5,84.28,76.7,4.76,19.06,3
PureGlow Soaps International (Fictional Dummy Company),Global Manufacturing Head - PureGlow Soaps,United States (North America),USA,Atlanta,FCT015,Atlanta Soap Plant,LN0044,Line-2,2026-07-09 23:00:00,2026-07-09,23,Night,Charcoal Bar Soap,1.07,60.0,20.5,Preventive Maintenance,39.5,64,43,0,43,1.13,100.0,67.19,65.83,101.74,66.98,4.67,25.87,3
PureGlow Soaps International (Fictional Dummy Company),Global Manufacturing Head - PureGlow Soaps,United States (North America),USA,Atlanta,FCT015,Atlanta Soap Plant,LN0045,Line-3,2026-07-09 23:00:00,2026-07-09,23,Night,Aloe Vera Liquid Soap,1.15,60.0,42.4,Machine Breakdown,17.6,69,19,0,19,2.22,100.0,27.54,29.33,93.87,27.53,1.81,4.67,1
PureGlow Soaps International (Fictional Dummy Company),Global Manufacturing Head - PureGlow Soaps,United States (North America),USA,Atlanta,FCT015,Atlanta Soap Plant,LN0043,Line-1,2026-07-10 00:00:00,2026-07-10,0,Night,Aloe Vera Liquid Soap,1.13,60.0,1.3,No Downtime,58.7,68,60,1,59,2.3,98.33,88.24,97.83,90.46,87.02,5.76,19.3,2
PureGlow Soaps International (Fictional Dummy Company),Global Manufacturing Head - PureGlow Soaps,United States (North America),USA,Atlanta,FCT015,Atlanta Soap Plant,LN0044,Line-2,2026-07-10 00:00:00,2026-07-10,0,Night,Charcoal Bar Soap,1.07,60.0,3.6,No Downtime,56.4,64,55,1,54,1.3,98.18,85.94,94.0,91.14,84.11,5.7,38.08,2
PureGlow Soaps International (Fictional Dummy Company),Global Manufacturing Head - PureGlow Soaps,United States (North America),USA,Atlanta,FCT015,Atlanta Soap Plant,LN0045,Line-3,2026-07-10 00:00:00,2026-07-10,0,Night,Rose Bar Soap,1.15,60.0,2.3,No Downtime,57.7,69,64,2,62,3.0,96.88,92.75,96.17,96.45,89.86,6.33,17.14,3
PureGlow Soaps International (Fictional Dummy Company),Global Manufacturing Head - PureGlow Soaps,United States (North America),USA,Atlanta,FCT015,Atlanta Soap Plant,LN0043,Line-1,2026-07-10 01:00:00,2026-07-10,1,Night,Aloe Vera Liquid Soap,1.13,60.0,3.0,No Downtime,57.0,68,60,2,58,2.72,96.67,88.24,95.0,93.15,85.55,5.57,18.35,2
PureGlow Soaps International (Fictional Dummy Company),Global Manufacturing Head - PureGlow Soaps,United States (North America),USA,Atlanta,FCT015,Atlanta Soap Plant,LN0044,Line-2,2026-07-10 01:00:00,2026-07-10,1,Night,Charcoal Bar Soap,1.07,60.0,1.6,No Downtime,58.4,64,50,2,48,3.85,96.0,78.12,97.33,80.02,74.77,4.36,36.05,3
PureGlow Soaps International (Fictional Dummy Company),Global Manufacturing Head - PureGlow Soaps,United States (North America),USA,Atlanta,FCT015,Atlanta Soap Plant,LN0045,Line-3,2026-07-10 01:00:00,2026-07-10,1,Night,Rose Bar Soap,1.15,60.0,11.6,Changeover/Setup,48.4,69,52,3,49,5.59,94.23,75.36,80.67,93.42,71.01,5.67,12.97,1
PureGlow Soaps International (Fictional Dummy Company),Global Manufacturing Head - PureGlow Soaps,United States (North America),USA,Atlanta,FCT015,Atlanta Soap Plant,LN0043,Line-1,2026-07-10 02:00:00,2026-07-10,2,Night,Aloe Vera Liquid Soap,1.13,60.0,0.4,No Downtime,59.6,68,62,1,61,1.79,98.39,91.18,99.33,92.06,89.97,6.65,18.31,3
PureGlow Soaps International (Fictional Dummy Company),Global Manufacturing Head - PureGlow Soaps,United States (North America),USA,Atlanta,FCT015,Atlanta Soap Plant,LN0044,Line-2,2026-07-10 02:00:00,2026-07-10,2,Night,Charcoal Bar Soap,1.07,60.0,2.0,No Downtime,58.0,64,63,3,60,4.51,95.24,98.44,96.67,101.51,93.46,6.73,35.27,1
PureGlow Soaps International (Fictional Dummy Company),Global Manufacturing Head - PureGlow Soaps,United States (North America),USA,Atlanta,FCT015,Atlanta Soap Plant,LN0045,Line-3,2026-07-10 02:00:00,2026-07-10,2,Night,Rose Bar Soap,1.15,60.0,7.2,Changeover/Setup,52.8,69,57,1,56,2.55,98.25,82.61,88.0,93.87,81.16,6.24,16.0,3
PureGlow Soaps International (Fictional Dummy Company),Global Manufacturing Head - PureGlow Soaps,United States (North America),USA,Atlanta,FCT015,Atlanta Soap Plant,LN0043,Line-1,2026-07-10 03:00:00,2026-07-10,3,Night,Aloe Vera Liquid Soap,1.13,60.0,8.1,Power Outage,51.9,68,49,2,47,3.71,95.92,72.06,86.5,83.55,69.32,5.19,15.8,3
PureGlow Soaps International (Fictional Dummy Company),Global Manufacturing Head - PureGlow Soaps,United States (North America),USA,Atlanta,FCT015,Atlanta Soap Plant,LN0044,Line-2,2026-07-10 03:00:00,2026-07-10,3,Night,Charcoal Bar Soap,1.07,60.0,15.4,Changeover/Setup,44.6,64,39,1,38,3.64,97.44,60.94,74.33,81.72,59.19,3.61,27.31,1
PureGlow Soaps International (Fictional Dummy Company),Global Manufacturing Head - PureGlow Soaps,United States (North America),USA,Atlanta,FCT015,Atlanta Soap Plant,LN0045,Line-3,2026-07-10 03:00:00,2026-07-10,3,Night,Rose Bar Soap,1.15,60.0,0.7,No Downtime,59.3,69,62,1,61,2.22,98.39,89.86,98.83,90.92,88.41,6.72,17.34,3
PureGlow Soaps International (Fictional Dummy Company),Global Manufacturing Head - PureGlow Soaps,United States (North America),USA,Atlanta,FCT015,Atlanta Soap Plant,LN0043,Line-1,2026-07-10 04:00:00,2026-07-10,4,Night,Aloe Vera Liquid Soap,1.13,60.0,1.6,No Downtime,58.4,68,60,2,58,3.56,96.67,88.24,97.33,90.92,85.55,6.57,17.54,1
PureGlow Soaps International (Fictional Dummy Company),Global Manufacturing Head - PureGlow Soaps,United States (North America),USA,Atlanta,FCT015,Atlanta Soap Plant,LN0044,Line-2,2026-07-10 04:00:00,2026-07-10,4,Night,Charcoal Bar Soap,1.07,60.0,42.2,Machine Breakdown,17.8,64,17,1,16,3.06,94.12,26.56,29.67,89.26,24.93,1.64,12.53,1
PureGlow Soaps International (Fictional Dummy Company),Global Manufacturing Head - PureGlow Soaps,United States (North America),USA,Atlanta,FCT015,Atlanta Soap Plant,LN0045,Line-3,2026-07-10 04:00:00,2026-07-10,4,Night,Rose Bar Soap,1.15,60.0,42.4,Machine Breakdown,17.6,69,20,1,19,4.7,95.0,28.99,29.33,98.81,27.53,1.92,5.26,2
PureGlow Soaps International (Fictional Dummy Company),Global Manufacturing Head - PureGlow Soaps,United States (North America),USA,Atlanta,FCT015,Atlanta Soap Plant,LN0043,Line-1,2026-07-10 05:00:00,2026-07-10,5,Night,Aloe Vera Liquid Soap,1.13,60.0,33.8,Machine Breakdown,26.2,68,28,1,27,3.3,96.43,41.18,43.67,94.58,39.83,2.56,9.11,3
PureGlow Soaps International (Fictional Dummy Company),Global Manufacturing Head - PureGlow Soaps,United States (North America),USA,Atlanta,FCT015,Atlanta Soap Plant,LN0044,Line-2,2026-07-10 05:00:00,2026-07-10,5,Night,Charcoal Bar Soap,1.07,60.0,15.3,Quality Hold,44.7,64,42,2,40,5.77,95.24,65.62,74.5,87.81,62.3,3.58,26.44,3
PureGlow Soaps International (Fictional Dummy Company),Global Manufacturing Head - PureGlow Soaps,United States (North America),USA,Atlanta,FCT015,Atlanta Soap Plant,LN0045,Line-3,2026-07-10 05:00:00,2026-07-10,5,Night,Rose Bar Soap,1.15,60.0,2.6,No Downtime,57.4,69,68,2,66,2.65,97.06,98.55,95.67,103.01,95.65,6.25,15.41,3
PureGlow Soaps International (Fictional Dummy Company),Global Manufacturing Head - PureGlow Soaps,United States (North America),USA,Atlanta,FCT015,Atlanta Soap Plant,LN0043,Line-1,2026-07-10 06:00:00,2026-07-10,6,Morning,Aloe Vera Liquid Soap,1.13,60.0,39.1,Machine Breakdown,20.9,68,23,0,23,1.85,100.0,33.82,34.83,97.39,33.92,2.05,6.95,3
PureGlow Soaps International (Fictional Dummy Company),Global Manufacturing Head - PureGlow Soaps,United States (North America),USA,Atlanta,FCT015,Atlanta Soap Plant,LN0044,Line-2,2026-07-10 06:00:00,2026-07-10,6,Morning,Charcoal Bar Soap,1.07,60.0,11.2,Machine Breakdown,48.8,64,47,2,45,4.89,95.74,73.44,81.33,90.01,70.09,4.5,29.37,3
PureGlow Soaps International (Fictional Dummy Company),Global Manufacturing Head - PureGlow Soaps,United States (North America),USA,Atlanta,FCT015,Atlanta Soap Plant,LN0045,Line-3,2026-07-10 06:00:00,2026-07-10,6,Morning,Rose Bar Soap,1.15,60.0,18.9,Material Shortage,41.1,69,39,1,38,3.83,97.44,56.52,68.5,82.51,55.07,3.78,11.29,3
PureGlow Soaps International (Fictional Dummy Company),Global Manufacturing Head - PureGlow Soaps,United States (North America),USA,Atlanta,FCT015,Atlanta Soap Plant,LN0043,Line-1,2026-07-10 07:00:00,2026-07-10,7,Morning,Aloe Vera Liquid Soap,1.13,60.0,16.8,Preventive Maintenance,43.2,68,39,1,38,1.42,97.44,57.35,72.0,79.89,56.05,3.68,13.92,1
PureGlow Soaps International (Fictional Dummy Company),Global Manufacturing Head - PureGlow Soaps,United States (North America),USA,Atlanta,FCT015,Atlanta Soap Plant,LN0044,Line-2,2026-07-10 07:00:00,2026-07-10,7,Morning,Charcoal Bar Soap,1.07,60.0,21.8,Power Outage,38.2,64,38,1,37,3.18,97.37,59.38,63.67,92.97,57.64,3.58,23.13,2
PureGlow Soaps International (Fictional Dummy Company),Global Manufacturing Head - PureGlow Soaps,United States (North America),USA,Atlanta,FCT015,Atlanta Soap Plant,LN0045,Line-3,2026-07-10 07:00:00,2026-07-10,7,Morning,Rose Bar Soap,1.15,60.0,0.7,No Downtime,59.3,69,61,1,60,2.32,98.36,88.41,98.83,89.45,86.95,5.7,16.26,2
PureGlow Soaps International (Fictional Dummy Company),Global Manufacturing Head - PureGlow Soaps,United States (North America),USA,Atlanta,FCT015,Atlanta Soap Plant,LN0043,Line-1,2026-07-10 08:00:00,2026-07-10,8,Morning,Aloe Vera Liquid Soap,1.13,60.0,10.4,Quality Hold,49.6,68,55,4,51,7.97,92.73,80.88,82.67,98.13,75.23,5.88,16.49,1
PureGlow Soaps International (Fictional Dummy Company),Global Manufacturing Head - PureGlow Soaps,United States (North America),USA,Atlanta,FCT015,Atlanta Soap Plant,LN0044,Line-2,2026-07-10 08:00:00,2026-07-10,8,Morning,Charcoal Bar Soap,1.07,60.0,3.5,No Downtime,56.5,64,60,2,58,3.75,96.67,93.75,94.17,99.25,90.35,5.17,37.91,3
PureGlow Soaps International (Fictional Dummy Company),Global Manufacturing Head - PureGlow Soaps,United States (North America),USA,Atlanta,FCT015,Atlanta Soap Plant,LN0045,Line-3,2026-07-10 08:00:00,2026-07-10,8,Morning,Rose Bar Soap,1.15,60.0,25.8,Machine Breakdown,34.2,69,36,1,35,2.08,97.22,52.17,57.0,91.53,50.72,3.19,9.48,3
PureGlow Soaps International (Fictional Dummy Company),Global Manufacturing Head - PureGlow Soaps,United States (North America),USA,Atlanta,FCT015,Atlanta Soap Plant,LN0043,Line-1,2026-07-10 09:00:00,2026-07-10,9,Morning,Aloe Vera Liquid Soap,1.13,60.0,14.1,Quality Hold,45.9,68,42,3,39,8.28,92.86,61.76,76.5,80.98,57.53,3.62,13.37,2
PureGlow Soaps International (Fictional Dummy Company),Global Manufacturing Head - PureGlow Soaps,United States (North America),USA,Atlanta,FCT015,Atlanta Soap Plant,LN0044,Line-2,2026-07-10 09:00:00,2026-07-10,9,Morning,Charcoal Bar Soap,1.07,60.0,24.0,Material Shortage,36.0,64,37,1,36,2.7,97.3,57.81,60.0,96.05,56.07,3.83,21.5,3
PureGlow Soaps International (Fictional Dummy Company),Global Manufacturing Head - PureGlow Soaps,United States (North America),USA,Atlanta,FCT015,Atlanta Soap Plant,LN0045,Line-3,2026-07-10 09:00:00,2026-07-10,9,Morning,Rose Bar Soap,1.15,60.0,10.6,Staff Shortage,49.4,69,47,1,46,2.98,97.87,68.12,82.33,82.73,66.66,4.01,14.55,2
PureGlow Soaps International (Fictional Dummy Company),Global Manufacturing Head - PureGlow Soaps,United States (North America),USA,Atlanta,FCT015,Atlanta Soap Plant,LN0043,Line-1,2026-07-10 10:00:00,2026-07-10,10,Morning,Aloe Vera Liquid Soap,1.13,60.0,0.5,No Downtime,59.5,68,56,1,55,1.48,98.21,82.35,99.17,83.29,81.12,4.82,19.49,2
PureGlow Soaps International (Fictional Dummy Company),Global Manufacturing Head - PureGlow Soaps,United States (North America),USA,Atlanta,FCT015,Atlanta Soap Plant,LN0044,Line-2,2026-07-10 10:00:00,2026-07-10,10,Morning,Charcoal Bar Soap,1.07,60.0,9.1,Changeover/Setup,50.9,64,51,2,49,4.24,96.08,79.69,84.83,93.64,76.32,4.59,33.26,1
PureGlow Soaps International (Fictional Dummy Company),Global Manufacturing Head - PureGlow Soaps,United States (North America),USA,Atlanta,FCT015,Atlanta Soap Plant,LN0045,Line-3,2026-07-10 10:00:00,2026-07-10,10,Morning,Rose Bar Soap,1.15,60.0,23.4,Material Shortage,36.6,69,42,0,42,0.14,100.0,60.87,61.0,99.79,60.87,3.88,9.75,3
PureGlow Soaps International (Fictional Dummy Company),Global Manufacturing Head - PureGlow Soaps,United States (North America),USA,Atlanta,FCT015,Atlanta Soap Plant,LN0043,Line-1,2026-07-10 11:00:00,2026-07-10,11,Morning,Aloe Vera Liquid Soap,1.13,60.0,3.6,No Downtime,56.4,68,54,2,52,3.37,96.3,79.41,94.0,84.73,76.7,5.18,17.01,2
PureGlow Soaps International (Fictional Dummy Company),Global Manufacturing Head - PureGlow Soaps,United States (North America),USA,Atlanta,FCT015,Atlanta Soap Plant,LN0044,Line-2,2026-07-10 11:00:00,2026-07-10,11,Morning,Charcoal Bar Soap,1.07,60.0,28.6,Material Shortage,31.4,64,32,1,31,4.58,96.88,50.0,52.33,95.24,48.28,3.21,21.36,1
PureGlow Soaps International (Fictional Dummy Company),Global Manufacturing Head - PureGlow Soaps,United States (North America),USA,Atlanta,FCT015,Atlanta Soap Plant,LN0045,Line-3,2026-07-10 11:00:00,2026-07-10,11,Morning,Rose Bar Soap,1.15,60.0,0.9,No Downtime,59.1,69,63,3,60,4.07,95.24,91.3,98.5,92.69,86.95,6.27,17.69,3
PureGlow Soaps International (Fictional Dummy Company),Global Manufacturing Head - PureGlow Soaps,United States (North America),USA,Atlanta,FCT015,Atlanta Soap Plant,LN0043,Line-1,2026-07-10 12:00:00,2026-07-10,12,Morning,Aloe Vera Liquid Soap,1.13,60.0,36.1,Machine Breakdown,23.9,68,22,0,22,1.6,100.0,32.35,39.83,81.46,32.45,1.94,7.09,1
PureGlow Soaps International (Fictional Dummy Company),Global Manufacturing Head - PureGlow Soaps,United States (North America),USA,Atlanta,FCT015,Atlanta Soap Plant,LN0044,Line-2,2026-07-10 12:00:00,2026-07-10,12,Morning,Charcoal Bar Soap,1.07,60.0,22.4,Power Outage,37.6,64,33,1,32,2.12,96.97,51.56,62.67,82.02,49.84,3.23,23.96,3
PureGlow Soaps International (Fictional Dummy Company),Global Manufacturing Head - PureGlow Soaps,United States (North America),USA,Atlanta,FCT015,Atlanta Soap Plant,LN0045,Line-3,2026-07-10 12:00:00,2026-07-10,12,Morning,Rose Bar Soap,1.15,60.0,2.2,No Downtime,57.8,69,59,2,57,3.51,96.61,85.51,96.33,88.76,82.6,6.34,15.87,3
PureGlow Soaps International (Fictional Dummy Company),Global Manufacturing Head - PureGlow Soaps,United States (North America),USA,Atlanta,FCT015,Atlanta Soap Plant,LN0043,Line-1,2026-07-10 13:00:00,2026-07-10,13,Morning,Aloe Vera Liquid Soap,1.13,60.0,1.5,No Downtime,58.5,68,63,3,60,5.04,95.24,92.65,97.5,95.3,88.49,6.64,16.87,2
PureGlow Soaps International (Fictional Dummy Company),Global Manufacturing Head - PureGlow Soaps,United States (North America),USA,Atlanta,FCT015,Atlanta Soap Plant,LN0044,Line-2,2026-07-10 13:00:00,2026-07-10,13,Morning,Charcoal Bar Soap,1.07,60.0,17.3,Material Shortage,42.7,64,45,1,44,3.28,97.78,70.31,71.17,98.49,68.54,4.49,28.85,3
PureGlow Soaps International (Fictional Dummy Company),Global Manufacturing Head - PureGlow Soaps,United States (North America),USA,Atlanta,FCT015,Atlanta Soap Plant,LN0045,Line-3,2026-07-10 13:00:00,2026-07-10,13,Morning,Rose Bar Soap,1.15,60.0,17.3,Changeover/Setup,42.7,69,46,2,44,3.97,95.65,66.67,71.17,93.68,63.77,4.8,12.82,1
PureGlow Soaps International (Fictional Dummy Company),Global Manufacturing Head - PureGlow Soaps,United States (North America),USA,Atlanta,FCT015,Atlanta Soap Plant,LN0043,Line-1,2026-07-10 14:00:00,2026-07-10,14,Afternoon,Aloe Vera Liquid Soap,1.13,60.0,19.8,Machine Breakdown,40.2,68,43,0,43,1.03,100.0,63.24,67.0,94.66,63.42,4.6,12.22,2
PureGlow Soaps International (Fictional Dummy Company),Global Manufacturing Head - PureGlow Soaps,United States (North America),USA,Atlanta,FCT015,Atlanta Soap Plant,LN0044,Line-2,2026-07-10 14:00:00,2026-07-10,14,Afternoon,Charcoal Bar Soap,1.07,60.0,11.5,Power Outage,48.5,64,50,1,49,1.59,98.0,78.12,80.83,96.35,76.32,4.91,31.23,1
PureGlow Soaps International (Fictional Dummy Company),Global Manufacturing Head - PureGlow Soaps,United States (North America),USA,Atlanta,FCT015,Atlanta Soap Plant,LN0045,Line-3,2026-07-10 14:00:00,2026-07-10,14,Afternoon,Rose Bar Soap,1.15,60.0,0.9,No Downtime,59.1,69,56,3,53,4.59,94.64,81.16,98.5,82.4,76.81,6.04,16.42,1
PureGlow Soaps International (Fictional Dummy Company),Global Manufacturing Head - PureGlow Soaps,United States (North America),USA,Atlanta,FCT015,Atlanta Soap Plant,LN0043,Line-1,2026-07-10 15:00:00,2026-07-10,15,Afternoon,Aloe Vera Liquid Soap,1.13,60.0,29.1,Material Shortage,30.9,68,31,0,31,1.15,100.0,45.59,51.5,88.78,45.72,2.92,8.91,3
PureGlow Soaps International (Fictional Dummy Company),Global Manufacturing Head - PureGlow Soaps,United States (North America),USA,Atlanta,FCT015,Atlanta Soap Plant,LN0044,Line-2,2026-07-10 15:00:00,2026-07-10,15,Afternoon,Charcoal Bar Soap,1.07,60.0,16.3,Machine Breakdown,43.7,64,48,1,47,1.85,97.92,75.0,72.83,102.65,73.2,4.64,30.13,1
PureGlow Soaps International (Fictional Dummy Company),Global Manufacturing Head - PureGlow Soaps,United States (North America),USA,Atlanta,FCT015,Atlanta Soap Plant,LN0045,Line-3,2026-07-10 15:00:00,2026-07-10,15,Afternoon,Rose Bar Soap,1.15,60.0,44.7,Machine Breakdown,15.3,69,15,0,15,0.95,100.0,21.74,25.5,85.25,21.74,1.38,4.38,3
PureGlow Soaps International (Fictional Dummy Company),Global Manufacturing Head - PureGlow Soaps,United States (North America),USA,Atlanta,FCT015,Atlanta Soap Plant,LN0043,Line-1,2026-07-10 16:00:00,2026-07-10,16,Afternoon,Aloe Vera Liquid Soap,1.13,60.0,17.0,Preventive Maintenance,43.0,68,39,1,38,3.04,97.44,57.35,71.67,80.26,56.05,4.0,14.73,3
PureGlow Soaps International (Fictional Dummy Company),Global Manufacturing Head - PureGlow Soaps,United States (North America),USA,Atlanta,FCT015,Atlanta Soap Plant,LN0044,Line-2,2026-07-10 16:00:00,2026-07-10,16,Afternoon,Charcoal Bar Soap,1.07,60.0,28.6,Machine Breakdown,31.4,64,32,1,31,2.84,96.88,50.0,52.33,95.24,48.28,3.03,19.15,1
PureGlow Soaps International (Fictional Dummy Company),Global Manufacturing Head - PureGlow Soaps,United States (North America),USA,Atlanta,FCT015,Atlanta Soap Plant,LN0045,Line-3,2026-07-10 16:00:00,2026-07-10,16,Afternoon,Rose Bar Soap,1.15,60.0,12.2,Machine Breakdown,47.8,69,53,2,51,3.89,96.23,76.81,79.67,96.42,73.92,5.34,12.33,1
PureGlow Soaps International (Fictional Dummy Company),Global Manufacturing Head - PureGlow Soaps,United States (North America),USA,Atlanta,FCT015,Atlanta Soap Plant,LN0043,Line-1,2026-07-10 17:00:00,2026-07-10,17,Afternoon,Aloe Vera Liquid Soap,1.13,60.0,2.5,No Downtime,57.5,68,54,1,53,1.98,98.15,79.41,95.83,83.11,78.17,4.67,17.74,3
PureGlow Soaps International (Fictional Dummy Company),Global Manufacturing Head - PureGlow Soaps,United States (North America),USA,Atlanta,FCT015,Atlanta Soap Plant,LN0044,Line-2,2026-07-10 17:00:00,2026-07-10,17,Afternoon,Charcoal Bar Soap,1.07,60.0,15.7,Staff Shortage,44.3,64,43,1,42,3.13,97.67,67.19,73.83,90.72,65.42,3.89,30.62,2
PureGlow Soaps International (Fictional Dummy Company),Global Manufacturing Head - PureGlow Soaps,United States (North America),USA,Atlanta,FCT015,Atlanta Soap Plant,LN0045,Line-3,2026-07-10 17:00:00,2026-07-10,17,Afternoon,Rose Bar Soap,1.15,60.0,13.5,Changeover/Setup,46.5,69,51,1,50,2.68,98.04,73.91,77.5,95.37,72.46,4.35,13.45,2
PureGlow Soaps International (Fictional Dummy Company),Global Manufacturing Head - PureGlow Soaps,United States (North America),USA,Atlanta,FCT015,Atlanta Soap Plant,LN0043,Line-1,2026-07-10 18:00:00,2026-07-10,18,Afternoon,Aloe Vera Liquid Soap,1.13,60.0,26.0,Preventive Maintenance,34.0,68,32,1,31,1.93,96.88,47.06,56.67,83.29,45.73,2.76,10.33,2
PureGlow Soaps International (Fictional Dummy Company),Global Manufacturing Head - PureGlow Soaps,United States (North America),USA,Atlanta,FCT015,Atlanta Soap Plant,LN0044,Line-2,2026-07-10 18:00:00,2026-07-10,18,Afternoon,Charcoal Bar Soap,1.07,60.0,13.8,Quality Hold,46.2,64,49,3,46,5.98,93.88,76.56,77.0,99.12,71.65,4.8,30.11,3
PureGlow Soaps International (Fictional Dummy Company),Global Manufacturing Head - PureGlow Soaps,United States (North America),USA,Atlanta,FCT015,Atlanta Soap Plant,LN0045,Line-3,2026-07-10 18:00:00,2026-07-10,18,Afternoon,Rose Bar Soap,1.15,60.0,5.6,Changeover/Setup,54.4,69,50,3,47,5.94,94.0,72.46,90.67,79.92,68.12,5.48,14.27,1
PureGlow Soaps International (Fictional Dummy Company),Global Manufacturing Head - PureGlow Soaps,United States (North America),USA,Atlanta,FCT015,Atlanta Soap Plant,LN0043,Line-1,2026-07-10 19:00:00,2026-07-10,19,Afternoon,Aloe Vera Liquid Soap,1.13,60.0,0.4,No Downtime,59.6,68,56,3,53,4.51,94.64,82.35,99.33,83.15,78.17,4.88,20.94,3
PureGlow Soaps International (Fictional Dummy Company),Global Manufacturing Head - PureGlow Soaps,United States (North America),USA,Atlanta,FCT015,Atlanta Soap Plant,LN0044,Line-2,2026-07-10 19:00:00,2026-07-10,19,Afternoon,Charcoal Bar Soap,1.07,60.0,10.6,Material Shortage,49.4,64,51,3,48,6.78,94.12,79.69,82.33,96.48,74.76,4.67,31.94,2
PureGlow Soaps International (Fictional Dummy Company),Global Manufacturing Head - PureGlow Soaps,United States (North America),USA,Atlanta,FCT015,Atlanta Soap Plant,LN0045,Line-3,2026-07-10 19:00:00,2026-07-10,19,Afternoon,Rose Bar Soap,1.15,60.0,13.1,Material Shortage,46.9,69,50,3,47,5.29,94.0,72.46,78.17,92.7,68.12,4.55,12.87,2
PureGlow Soaps International (Fictional Dummy Company),Global Manufacturing Head - PureGlow Soaps,United States (North America),USA,Atlanta,FCT015,Atlanta Soap Plant,LN0043,Line-1,2026-07-10 20:00:00,2026-07-10,20,Afternoon,Aloe Vera Liquid Soap,1.13,60.0,43.8,Machine Breakdown,16.2,68,16,0,16,1.37,100.0,23.53,27.0,87.4,23.6,1.39,5.36,3
PureGlow Soaps International (Fictional Dummy Company),Global Manufacturing Head - PureGlow Soaps,United States (North America),USA,Atlanta,FCT015,Atlanta Soap Plant,LN0044,Line-2,2026-07-10 20:00:00,2026-07-10,20,Afternoon,Charcoal Bar Soap,1.07,60.0,28.3,Preventive Maintenance,31.7,64,29,1,28,2.35,96.55,45.31,52.83,85.5,43.61,2.95,20.88,3
PureGlow Soaps International (Fictional Dummy Company),Global Manufacturing Head - PureGlow Soaps,United States (North America),USA,Atlanta,FCT015,Atlanta Soap Plant,LN0045,Line-3,2026-07-10 20:00:00,2026-07-10,20,Afternoon,Rose Bar Soap,1.15,60.0,1.5,No Downtime,58.5,69,66,0,66,0.68,100.0,95.65,97.5,98.1,95.65,5.76,15.54,3
PureGlow Soaps International (Fictional Dummy Company),Global Manufacturing Head - PureGlow Soaps,United States (North America),USA,Atlanta,FCT015,Atlanta Soap Plant,LN0043,Line-1,2026-07-10 21:00:00,2026-07-10,21,Afternoon,Aloe Vera Liquid Soap,1.13,60.0,11.9,Changeover/Setup,48.1,68,56,2,54,2.68,96.43,82.35,80.17,103.03,79.65,5.79,15.37,3
PureGlow Soaps International (Fictional Dummy Company),Global Manufacturing Head - PureGlow Soaps,United States (North America),USA,Atlanta,FCT015,Atlanta Soap Plant,LN0044,Line-2,2026-07-10 21:00:00,2026-07-10,21,Afternoon,Charcoal Bar Soap,1.07,60.0,2.0,No Downtime,58.0,64,63,2,61,2.86,96.83,98.44,96.67,101.51,95.02,5.69,35.68,2
PureGlow Soaps International (Fictional Dummy Company),Global Manufacturing Head - PureGlow Soaps,United States (North America),USA,Atlanta,FCT015,Atlanta Soap Plant,LN0045,Line-3,2026-07-10 21:00:00,2026-07-10,21,Afternoon,Rose Bar Soap,1.15,60.0,7.8,Staff Shortage,52.2,69,52,1,51,2.43,98.08,75.36,87.0,86.62,73.91,5.11,14.46,2
PureGlow Soaps International (Fictional Dummy Company),Global Manufacturing Head - PureGlow Soaps,United States (North America),USA,Atlanta,FCT015,Atlanta Soap Plant,LN0043,Line-1,2026-07-10 22:00:00,2026-07-10,22,Night,Aloe Vera Liquid Soap,1.13,60.0,9.3,Changeover/Setup,50.7,68,57,3,54,5.03,94.74,83.82,84.5,99.49,79.65,5.49,17.42,2
PureGlow Soaps International (Fictional Dummy Company),Global Manufacturing Head - PureGlow Soaps,United States (North America),USA,Atlanta,FCT015,Atlanta Soap Plant,LN0044,Line-2,2026-07-10 22:00:00,2026-07-10,22,Night,Charcoal Bar Soap,1.07,60.0,26.2,Material Shortage,33.8,64,30,2,28,5.3,93.33,46.88,56.33,82.95,43.61,3.16,23.2,2
PureGlow Soaps International (Fictional Dummy Company),Global Manufacturing Head - PureGlow Soaps,United States (North America),USA,Atlanta,FCT015,Atlanta Soap Plant,LN0045,Line-3,2026-07-10 22:00:00,2026-07-10,22,Night,Rose Bar Soap,1.15,60.0,8.2,Quality Hold,51.8,69,58,5,53,8.42,91.38,84.06,86.33,97.36,76.81,6.19,14.54,1
PureGlow Soaps International (Fictional Dummy Company),Global Manufacturing Head - PureGlow Soaps,United States (North America),USA,Atlanta,FCT015,Atlanta Soap Plant,LN0043,Line-1,2026-07-10 23:00:00,2026-07-10,23,Night,Aloe Vera Liquid Soap,1.13,60.0,34.1,Preventive Maintenance,25.9,68,29,1,28,2.54,96.55,42.65,43.17,99.09,41.3,2.94,7.99,3
PureGlow Soaps International (Fictional Dummy Company),Global Manufacturing Head - PureGlow Soaps,United States (North America),USA,Atlanta,FCT015,Atlanta Soap Plant,LN0044,Line-2,2026-07-10 23:00:00,2026-07-10,23,Night,Charcoal Bar Soap,1.07,60.0,15.1,Staff Shortage,44.9,64,49,2,47,3.15,95.92,76.56,74.83,101.99,73.21,4.57,27.73,1
PureGlow Soaps International (Fictional Dummy Company),Global Manufacturing Head - PureGlow Soaps,United States (North America),USA,Atlanta,FCT015,Atlanta Soap Plant,LN0045,Line-3,2026-07-10 23:00:00,2026-07-10,23,Night,Rose Bar Soap,1.15,60.0,1.5,No Downtime,58.5,69,63,2,61,3.09,96.83,91.3,97.5,93.65,88.41,5.72,15.54,3
