Company,Global_Head,Continent,Country,City,Factory_ID,Factory_Name,Production_Line_ID,Production_Line_Name,Timestamp,Date,Hour_of_Day,Shift,Product_SKU,Rated_Speed_Units_per_Min,Planned_Runtime_Minutes,Downtime_Minutes,Downtime_Reason,Actual_Runtime_Minutes,Planned_Target_Units,Actual_Units_Produced,Rejected_Units,Good_Units,Defect_Rate_Percent,Quality_Score_Percent,Production_Attainment_Percent,Availability_Percent,Performance_Percent,OEE_Percent,Raw_Material_Consumed_Kg,Energy_Consumed_kWh,Operator_Count
PureGlow Soaps International (Fictional Dummy Company),Global Manufacturing Head - PureGlow Soaps,Australia,Fiji,Labasa,FCT036,Labasa Soap Plant,LN0106,Line-1,2026-07-01 00:00:00,2026-07-01,0,Night,Charcoal Bar Soap,1.5,60.0,3.7,No Downtime,56.3,90,71,4,67,5.46,94.37,78.89,93.83,84.07,74.44,7.26,18.26,2
PureGlow Soaps International (Fictional Dummy Company),Global Manufacturing Head - PureGlow Soaps,Australia,Fiji,Labasa,FCT036,Labasa Soap Plant,LN0107,Line-2,2026-07-01 00:00:00,2026-07-01,0,Night,Lavender Bar Soap,0.78,60.0,10.9,Machine Breakdown,49.1,47,38,2,36,5.96,94.74,80.85,81.83,99.22,76.92,3.75,13.4,2
PureGlow Soaps International (Fictional Dummy Company),Global Manufacturing Head - PureGlow Soaps,Australia,Fiji,Labasa,FCT036,Labasa Soap Plant,LN0108,Line-3,2026-07-01 00:00:00,2026-07-01,0,Night,Aloe Vera Liquid Soap,0.86,60.0,22.8,Machine Breakdown,37.2,52,28,0,28,1.07,100.0,53.85,62.0,87.52,54.26,2.91,11.05,2
PureGlow Soaps International (Fictional Dummy Company),Global Manufacturing Head - PureGlow Soaps,Australia,Fiji,Labasa,FCT036,Labasa Soap Plant,LN0106,Line-1,2026-07-01 01:00:00,2026-07-01,1,Night,Charcoal Bar Soap,1.5,60.0,35.5,Machine Breakdown,24.5,90,34,1,33,2.78,97.06,37.78,40.83,92.52,36.67,2.94,8.6,1
PureGlow Soaps International (Fictional Dummy Company),Global Manufacturing Head - PureGlow Soaps,Australia,Fiji,Labasa,FCT036,Labasa Soap Plant,LN0107,Line-2,2026-07-01 01:00:00,2026-07-01,1,Night,Lavender Bar Soap,0.78,60.0,12.7,Machine Breakdown,47.3,47,31,0,31,0.81,100.0,65.96,78.83,84.02,66.23,2.93,13.1,2
PureGlow Soaps International (Fictional Dummy Company),Global Manufacturing Head - PureGlow Soaps,Australia,Fiji,Labasa,FCT036,Labasa Soap Plant,LN0108,Line-3,2026-07-01 01:00:00,2026-07-01,1,Night,Aloe Vera Liquid Soap,0.86,60.0,28.7,Power Outage,31.3,52,22,1,21,4.23,95.45,42.31,52.17,81.73,40.7,1.97,9.13,3
PureGlow Soaps International (Fictional Dummy Company),Global Manufacturing Head - PureGlow Soaps,Australia,Fiji,Labasa,FCT036,Labasa Soap Plant,LN0106,Line-1,2026-07-01 02:00:00,2026-07-01,2,Night,Charcoal Bar Soap,1.5,60.0,2.6,No Downtime,57.4,90,87,3,84,3.94,96.55,96.67,95.67,101.05,93.34,8.54,20.65,2
PureGlow Soaps International (Fictional Dummy Company),Global Manufacturing Head - PureGlow Soaps,Australia,Fiji,Labasa,FCT036,Labasa Soap Plant,LN0107,Line-2,2026-07-01 02:00:00,2026-07-01,2,Night,Lavender Bar Soap,0.78,60.0,12.2,Changeover/Setup,47.8,47,32,0,32,0.98,100.0,68.09,79.67,85.83,68.38,3.29,13.6,2
PureGlow Soaps International (Fictional Dummy Company),Global Manufacturing Head - PureGlow Soaps,Australia,Fiji,Labasa,FCT036,Labasa Soap Plant,LN0108,Line-3,2026-07-01 02:00:00,2026-07-01,2,Night,Aloe Vera Liquid Soap,0.86,60.0,5.9,Changeover/Setup,54.1,52,44,2,42,3.98,95.45,84.62,90.17,94.57,81.39,4.43,15.12,1
PureGlow Soaps International (Fictional Dummy Company),Global Manufacturing Head - PureGlow Soaps,Australia,Fiji,Labasa,FCT036,Labasa Soap Plant,LN0106,Line-1,2026-07-01 03:00:00,2026-07-01,3,Night,Charcoal Bar Soap,1.5,60.0,0.0,No Downtime,60.0,90,76,1,75,1.68,98.68,84.44,100.0,84.44,83.33,8.19,21.17,3
PureGlow Soaps International (Fictional Dummy Company),Global Manufacturing Head - PureGlow Soaps,Australia,Fiji,Labasa,FCT036,Labasa Soap Plant,LN0107,Line-2,2026-07-01 03:00:00,2026-07-01,3,Night,Lavender Bar Soap,0.78,60.0,9.8,Changeover/Setup,50.2,47,38,2,36,3.96,94.74,80.85,83.67,97.05,76.93,3.91,13.46,1
PureGlow Soaps International (Fictional Dummy Company),Global Manufacturing Head - PureGlow Soaps,Australia,Fiji,Labasa,FCT036,Labasa Soap Plant,LN0108,Line-3,2026-07-01 03:00:00,2026-07-01,3,Night,Aloe Vera Liquid Soap,0.86,60.0,14.5,Changeover/Setup,45.5,52,33,1,32,2.41,96.97,63.46,75.83,84.33,62.01,2.98,14.19,2
PureGlow Soaps International (Fictional Dummy Company),Global Manufacturing Head - PureGlow Soaps,Australia,Fiji,Labasa,FCT036,Labasa Soap Plant,LN0106,Line-1,2026-07-01 04:00:00,2026-07-01,4,Night,Charcoal Bar Soap,1.5,60.0,12.0,Material Shortage,48.0,90,72,2,70,3.37,97.22,80.0,80.0,100.0,77.78,7.78,16.63,1
PureGlow Soaps International (Fictional Dummy Company),Global Manufacturing Head - PureGlow Soaps,Australia,Fiji,Labasa,FCT036,Labasa Soap Plant,LN0107,Line-2,2026-07-01 04:00:00,2026-07-01,4,Night,Lavender Bar Soap,0.78,60.0,30.8,Material Shortage,29.2,47,20,0,20,1.86,100.0,42.55,48.67,87.81,42.74,1.92,7.94,3
PureGlow Soaps International (Fictional Dummy Company),Global Manufacturing Head - PureGlow Soaps,Australia,Fiji,Labasa,FCT036,Labasa Soap Plant,LN0108,Line-3,2026-07-01 04:00:00,2026-07-01,4,Night,Aloe Vera Liquid Soap,0.86,60.0,32.1,Material Shortage,27.9,52,21,1,20,2.74,95.24,40.38,46.5,87.52,38.76,1.84,8.9,2
PureGlow Soaps International (Fictional Dummy Company),Global Manufacturing Head - PureGlow Soaps,Australia,Fiji,Labasa,FCT036,Labasa Soap Plant,LN0106,Line-1,2026-07-01 05:00:00,2026-07-01,5,Night,Charcoal Bar Soap,1.5,60.0,25.0,Staff Shortage,35.0,90,53,2,51,2.99,96.23,58.89,58.33,100.95,56.66,5.43,11.44,3
PureGlow Soaps International (Fictional Dummy Company),Global Manufacturing Head - PureGlow Soaps,Australia,Fiji,Labasa,FCT036,Labasa Soap Plant,LN0107,Line-2,2026-07-01 05:00:00,2026-07-01,5,Night,Lavender Bar Soap,0.78,60.0,36.4,Machine Breakdown,23.6,47,17,1,16,3.11,94.12,36.17,39.33,92.35,34.19,1.52,5.97,3
PureGlow Soaps International (Fictional Dummy Company),Global Manufacturing Head - PureGlow Soaps,Australia,Fiji,Labasa,FCT036,Labasa Soap Plant,LN0108,Line-3,2026-07-01 05:00:00,2026-07-01,5,Night,Aloe Vera Liquid Soap,0.86,60.0,35.7,Preventive Maintenance,24.3,52,17,0,17,2.81,100.0,32.69,40.5,81.35,32.95,1.64,7.98,3
PureGlow Soaps International (Fictional Dummy Company),Global Manufacturing Head - PureGlow Soaps,Australia,Fiji,Labasa,FCT036,Labasa Soap Plant,LN0106,Line-1,2026-07-01 06:00:00,2026-07-01,6,Morning,Charcoal Bar Soap,1.5,60.0,3.8,No Downtime,56.2,90,70,1,69,1.7,98.57,77.78,93.67,83.04,76.67,6.22,17.68,3
PureGlow Soaps International (Fictional Dummy Company),Global Manufacturing Head - PureGlow Soaps,Australia,Fiji,Labasa,FCT036,Labasa Soap Plant,LN0107,Line-2,2026-07-01 06:00:00,2026-07-01,6,Morning,Lavender Bar Soap,0.78,60.0,0.2,No Downtime,59.8,47,38,1,37,3.06,97.37,80.85,99.67,81.47,79.07,4.04,15.26,2
PureGlow Soaps International (Fictional Dummy Company),Global Manufacturing Head - PureGlow Soaps,Australia,Fiji,Labasa,FCT036,Labasa Soap Plant,LN0108,Line-3,2026-07-01 06:00:00,2026-07-01,6,Morning,Aloe Vera Liquid Soap,0.86,60.0,0.9,No Downtime,59.1,52,41,1,40,2.71,97.56,78.85,98.5,80.67,77.52,3.57,18.51,2
PureGlow Soaps International (Fictional Dummy Company),Global Manufacturing Head - PureGlow Soaps,Australia,Fiji,Labasa,FCT036,Labasa Soap Plant,LN0106,Line-1,2026-07-01 07:00:00,2026-07-01,7,Morning,Charcoal Bar Soap,1.5,60.0,32.9,Material Shortage,27.1,90,33,1,32,3.49,96.97,36.67,45.17,81.18,35.56,2.89,9.54,2
PureGlow Soaps International (Fictional Dummy Company),Global Manufacturing Head - PureGlow Soaps,Australia,Fiji,Labasa,FCT036,Labasa Soap Plant,LN0107,Line-2,2026-07-01 07:00:00,2026-07-01,7,Morning,Lavender Bar Soap,0.78,60.0,34.4,Material Shortage,25.6,47,19,1,18,3.33,94.74,40.43,42.67,95.15,38.46,1.91,6.11,3
PureGlow Soaps International (Fictional Dummy Company),Global Manufacturing Head - PureGlow Soaps,Australia,Fiji,Labasa,FCT036,Labasa Soap Plant,LN0108,Line-3,2026-07-01 07:00:00,2026-07-01,7,Morning,Aloe Vera Liquid Soap,0.86,60.0,2.3,No Downtime,57.7,52,40,0,40,1.23,100.0,76.92,96.17,80.61,77.52,4.33,18.26,3
PureGlow Soaps International (Fictional Dummy Company),Global Manufacturing Head - PureGlow Soaps,Australia,Fiji,Labasa,FCT036,Labasa Soap Plant,LN0106,Line-1,2026-07-01 08:00:00,2026-07-01,8,Morning,Charcoal Bar Soap,1.5,60.0,2.6,No Downtime,57.4,90,81,2,79,1.95,97.53,90.0,95.67,94.08,87.78,8.03,18.6,2
PureGlow Soaps International (Fictional Dummy Company),Global Manufacturing Head - PureGlow Soaps,Australia,Fiji,Labasa,FCT036,Labasa Soap Plant,LN0107,Line-2,2026-07-01 08:00:00,2026-07-01,8,Morning,Lavender Bar Soap,0.78,60.0,3.4,No Downtime,56.6,47,38,0,38,0.0,100.0,80.85,94.33,86.07,81.19,3.92,15.56,3
PureGlow Soaps International (Fictional Dummy Company),Global Manufacturing Head - PureGlow Soaps,Australia,Fiji,Labasa,FCT036,Labasa Soap Plant,LN0108,Line-3,2026-07-01 08:00:00,2026-07-01,8,Morning,Aloe Vera Liquid Soap,0.86,60.0,3.6,No Downtime,56.4,52,48,1,47,1.64,97.92,92.31,94.0,98.96,91.09,4.22,17.16,2
PureGlow Soaps International (Fictional Dummy Company),Global Manufacturing Head - PureGlow Soaps,Australia,Fiji,Labasa,FCT036,Labasa Soap Plant,LN0106,Line-1,2026-07-01 09:00:00,2026-07-01,9,Morning,Charcoal Bar Soap,1.5,60.0,3.4,No Downtime,56.6,90,80,3,77,3.23,96.25,88.89,94.33,94.23,85.55,7.69,19.13,3
PureGlow Soaps International (Fictional Dummy Company),Global Manufacturing Head - PureGlow Soaps,Australia,Fiji,Labasa,FCT036,Labasa Soap Plant,LN0107,Line-2,2026-07-01 09:00:00,2026-07-01,9,Morning,Lavender Bar Soap,0.78,60.0,26.8,Material Shortage,33.2,47,25,1,24,4.68,96.0,53.19,55.33,96.54,51.28,2.53,8.9,3
PureGlow Soaps International (Fictional Dummy Company),Global Manufacturing Head - PureGlow Soaps,Australia,Fiji,Labasa,FCT036,Labasa Soap Plant,LN0108,Line-3,2026-07-01 09:00:00,2026-07-01,9,Morning,Aloe Vera Liquid Soap,0.86,60.0,0.2,No Downtime,59.8,52,43,1,42,1.54,97.67,82.69,99.67,83.61,81.39,4.23,17.05,1
PureGlow Soaps International (Fictional Dummy Company),Global Manufacturing Head - PureGlow Soaps,Australia,Fiji,Labasa,FCT036,Labasa Soap Plant,LN0106,Line-1,2026-07-01 10:00:00,2026-07-01,10,Morning,Charcoal Bar Soap,1.5,60.0,1.9,No Downtime,58.1,90,83,3,80,3.24,96.39,92.22,96.83,95.24,88.89,8.52,20.82,3
PureGlow Soaps International (Fictional Dummy Company),Global Manufacturing Head - PureGlow Soaps,Australia,Fiji,Labasa,FCT036,Labasa Soap Plant,LN0107,Line-2,2026-07-01 10:00:00,2026-07-01,10,Morning,Lavender Bar Soap,0.78,60.0,3.2,No Downtime,56.8,47,39,2,37,4.01,94.87,82.98,94.67,88.03,79.06,3.99,14.36,1
PureGlow Soaps International (Fictional Dummy Company),Global Manufacturing Head - PureGlow Soaps,Australia,Fiji,Labasa,FCT036,Labasa Soap Plant,LN0108,Line-3,2026-07-01 10:00:00,2026-07-01,10,Morning,Aloe Vera Liquid Soap,0.86,60.0,2.7,No Downtime,57.3,52,42,1,41,1.55,97.62,80.77,95.5,85.23,79.46,4.37,16.17,2
PureGlow Soaps International (Fictional Dummy Company),Global Manufacturing Head - PureGlow Soaps,Australia,Fiji,Labasa,FCT036,Labasa Soap Plant,LN0106,Line-1,2026-07-01 11:00:00,2026-07-01,11,Morning,Charcoal Bar Soap,1.5,60.0,12.1,Material Shortage,47.9,90,59,1,58,1.01,98.31,65.56,79.83,82.12,64.45,5.1,15.42,3
PureGlow Soaps International (Fictional Dummy Company),Global Manufacturing Head - PureGlow Soaps,Australia,Fiji,Labasa,FCT036,Labasa Soap Plant,LN0107,Line-2,2026-07-01 11:00:00,2026-07-01,11,Morning,Lavender Bar Soap,0.78,60.0,3.9,No Downtime,56.1,47,40,1,39,1.31,97.5,85.11,93.5,91.41,83.33,3.57,14.9,1
PureGlow Soaps International (Fictional Dummy Company),Global Manufacturing Head - PureGlow Soaps,Australia,Fiji,Labasa,FCT036,Labasa Soap Plant,LN0108,Line-3,2026-07-01 11:00:00,2026-07-01,11,Morning,Aloe Vera Liquid Soap,0.86,60.0,11.0,Changeover/Setup,49.0,52,34,1,33,3.03,97.06,65.38,81.67,80.68,63.95,3.0,14.19,1
PureGlow Soaps International (Fictional Dummy Company),Global Manufacturing Head - PureGlow Soaps,Australia,Fiji,Labasa,FCT036,Labasa Soap Plant,LN0106,Line-1,2026-07-01 12:00:00,2026-07-01,12,Morning,Charcoal Bar Soap,1.5,60.0,2.8,No Downtime,57.2,90,87,4,83,4.48,95.4,96.67,95.33,101.4,92.22,7.71,18.15,3
PureGlow Soaps International (Fictional Dummy Company),Global Manufacturing Head - PureGlow Soaps,Australia,Fiji,Labasa,FCT036,Labasa Soap Plant,LN0107,Line-2,2026-07-01 12:00:00,2026-07-01,12,Morning,Lavender Bar Soap,0.78,60.0,3.6,No Downtime,56.4,47,41,1,40,2.97,97.56,87.23,94.0,93.2,85.47,3.94,14.95,2
PureGlow Soaps International (Fictional Dummy Company),Global Manufacturing Head - PureGlow Soaps,Australia,Fiji,Labasa,FCT036,Labasa Soap Plant,LN0108,Line-3,2026-07-01 12:00:00,2026-07-01,12,Morning,Aloe Vera Liquid Soap,0.86,60.0,19.4,Power Outage,40.6,52,31,1,30,3.22,96.77,59.62,67.67,88.78,58.14,3.4,12.89,3
PureGlow Soaps International (Fictional Dummy Company),Global Manufacturing Head - PureGlow Soaps,Australia,Fiji,Labasa,FCT036,Labasa Soap Plant,LN0106,Line-1,2026-07-01 13:00:00,2026-07-01,13,Morning,Charcoal Bar Soap,1.5,60.0,21.5,Staff Shortage,38.5,90,51,1,50,2.04,98.04,56.67,64.17,88.31,55.56,4.66,12.14,1
PureGlow Soaps International (Fictional Dummy Company),Global Manufacturing Head - PureGlow Soaps,Australia,Fiji,Labasa,FCT036,Labasa Soap Plant,LN0107,Line-2,2026-07-01 13:00:00,2026-07-01,13,Morning,Lavender Bar Soap,0.78,60.0,15.2,Changeover/Setup,44.8,47,32,1,31,2.85,96.88,68.09,74.67,91.58,66.25,3.28,11.15,2
PureGlow Soaps International (Fictional Dummy Company),Global Manufacturing Head - PureGlow Soaps,Australia,Fiji,Labasa,FCT036,Labasa Soap Plant,LN0108,Line-3,2026-07-01 13:00:00,2026-07-01,13,Morning,Aloe Vera Liquid Soap,0.86,60.0,12.0,Power Outage,48.0,52,38,2,36,4.06,94.74,73.08,80.0,92.05,69.77,3.37,14.49,3
PureGlow Soaps International (Fictional Dummy Company),Global Manufacturing Head - PureGlow Soaps,Australia,Fiji,Labasa,FCT036,Labasa Soap Plant,LN0106,Line-1,2026-07-01 14:00:00,2026-07-01,14,Afternoon,Charcoal Bar Soap,1.5,60.0,25.4,Preventive Maintenance,34.6,90,48,1,47,2.41,97.92,53.33,57.67,92.49,52.23,4.87,10.51,3
PureGlow Soaps International (Fictional Dummy Company),Global Manufacturing Head - PureGlow Soaps,Australia,Fiji,Labasa,FCT036,Labasa Soap Plant,LN0107,Line-2,2026-07-01 14:00:00,2026-07-01,14,Afternoon,Lavender Bar Soap,0.78,60.0,22.2,Material Shortage,37.8,47,27,0,27,1.28,100.0,57.45,63.0,91.58,57.7,2.57,10.69,3
PureGlow Soaps International (Fictional Dummy Company),Global Manufacturing Head - PureGlow Soaps,Australia,Fiji,Labasa,FCT036,Labasa Soap Plant,LN0108,Line-3,2026-07-01 14:00:00,2026-07-01,14,Afternoon,Aloe Vera Liquid Soap,0.86,60.0,36.1,Preventive Maintenance,23.9,52,18,0,18,1.68,100.0,34.62,39.83,87.57,34.88,1.61,7.73,1
PureGlow Soaps International (Fictional Dummy Company),Global Manufacturing Head - PureGlow Soaps,Australia,Fiji,Labasa,FCT036,Labasa Soap Plant,LN0106,Line-1,2026-07-01 15:00:00,2026-07-01,15,Afternoon,Charcoal Bar Soap,1.5,60.0,12.0,Power Outage,48.0,90,60,1,59,1.54,98.33,66.67,80.0,83.33,65.55,5.55,14.56,1
PureGlow Soaps International (Fictional Dummy Company),Global Manufacturing Head - PureGlow Soaps,Australia,Fiji,Labasa,FCT036,Labasa Soap Plant,LN0107,Line-2,2026-07-01 15:00:00,2026-07-01,15,Afternoon,Lavender Bar Soap,0.78,60.0,41.9,Machine Breakdown,18.1,47,14,0,14,3.05,100.0,29.79,30.17,99.16,29.92,1.24,4.53,3
PureGlow Soaps International (Fictional Dummy Company),Global Manufacturing Head - PureGlow Soaps,Australia,Fiji,Labasa,FCT036,Labasa Soap Plant,LN0108,Line-3,2026-07-01 15:00:00,2026-07-01,15,Afternoon,Aloe Vera Liquid Soap,0.86,60.0,19.4,Machine Breakdown,40.6,52,28,1,27,3.8,96.43,53.85,67.67,80.19,52.33,2.78,11.48,2
PureGlow Soaps International (Fictional Dummy Company),Global Manufacturing Head - PureGlow Soaps,Australia,Fiji,Labasa,FCT036,Labasa Soap Plant,LN0106,Line-1,2026-07-01 16:00:00,2026-07-01,16,Afternoon,Charcoal Bar Soap,1.5,60.0,11.3,Machine Breakdown,48.7,90,74,2,72,2.5,97.3,82.22,81.17,101.3,80.01,7.51,17.2,1
PureGlow Soaps International (Fictional Dummy Company),Global Manufacturing Head - PureGlow Soaps,Australia,Fiji,Labasa,FCT036,Labasa Soap Plant,LN0107,Line-2,2026-07-01 16:00:00,2026-07-01,16,Afternoon,Lavender Bar Soap,0.78,60.0,24.3,Material Shortage,35.7,47,24,1,23,3.29,95.83,51.06,59.5,86.19,49.14,2.48,10.0,1
PureGlow Soaps International (Fictional Dummy Company),Global Manufacturing Head - PureGlow Soaps,Australia,Fiji,Labasa,FCT036,Labasa Soap Plant,LN0108,Line-3,2026-07-01 16:00:00,2026-07-01,16,Afternoon,Aloe Vera Liquid Soap,0.86,60.0,27.8,Preventive Maintenance,32.2,52,28,1,27,1.91,96.43,53.85,53.67,101.11,52.33,3.08,10.05,3
PureGlow Soaps International (Fictional Dummy Company),Global Manufacturing Head - PureGlow Soaps,Australia,Fiji,Labasa,FCT036,Labasa Soap Plant,LN0106,Line-1,2026-07-01 17:00:00,2026-07-01,17,Afternoon,Charcoal Bar Soap,1.5,60.0,17.9,Material Shortage,42.1,90,59,2,57,3.85,96.61,65.56,70.17,93.43,63.34,6.14,14.8,1
PureGlow Soaps International (Fictional Dummy Company),Global Manufacturing Head - PureGlow Soaps,Australia,Fiji,Labasa,FCT036,Labasa Soap Plant,LN0107,Line-2,2026-07-01 17:00:00,2026-07-01,17,Afternoon,Lavender Bar Soap,0.78,60.0,2.8,No Downtime,57.2,47,42,1,41,3.43,97.62,89.36,95.33,94.14,87.61,3.92,16.34,2
PureGlow Soaps International (Fictional Dummy Company),Global Manufacturing Head - PureGlow Soaps,Australia,Fiji,Labasa,FCT036,Labasa Soap Plant,LN0108,Line-3,2026-07-01 17:00:00,2026-07-01,17,Afternoon,Aloe Vera Liquid Soap,0.86,60.0,1.6,No Downtime,58.4,52,46,1,45,2.78,97.83,88.46,97.33,91.59,87.21,4.35,17.29,1
PureGlow Soaps International (Fictional Dummy Company),Global Manufacturing Head - PureGlow Soaps,Australia,Fiji,Labasa,FCT036,Labasa Soap Plant,LN0106,Line-1,2026-07-01 18:00:00,2026-07-01,18,Afternoon,Charcoal Bar Soap,1.5,60.0,17.0,Machine Breakdown,43.0,90,53,1,52,2.78,98.11,58.89,71.67,82.17,57.78,5.62,13.19,2
PureGlow Soaps International (Fictional Dummy Company),Global Manufacturing Head - PureGlow Soaps,Australia,Fiji,Labasa,FCT036,Labasa Soap Plant,LN0107,Line-2,2026-07-01 18:00:00,2026-07-01,18,Afternoon,Lavender Bar Soap,0.78,60.0,5.3,Power Outage,54.7,47,42,1,41,2.45,97.62,89.36,91.17,98.44,87.61,4.44,13.31,2
PureGlow Soaps International (Fictional Dummy Company),Global Manufacturing Head - PureGlow Soaps,Australia,Fiji,Labasa,FCT036,Labasa Soap Plant,LN0108,Line-3,2026-07-01 18:00:00,2026-07-01,18,Afternoon,Aloe Vera Liquid Soap,0.86,60.0,26.6,Preventive Maintenance,33.4,52,25,1,24,4.34,96.0,48.08,55.67,87.04,46.52,2.44,9.41,1
PureGlow Soaps International (Fictional Dummy Company),Global Manufacturing Head - PureGlow Soaps,Australia,Fiji,Labasa,FCT036,Labasa Soap Plant,LN0106,Line-1,2026-07-01 19:00:00,2026-07-01,19,Afternoon,Charcoal Bar Soap,1.5,60.0,21.2,Machine Breakdown,38.8,90,49,1,48,1.64,97.96,54.44,64.67,84.19,53.33,5.04,12.13,3
PureGlow Soaps International (Fictional Dummy Company),Global Manufacturing Head - PureGlow Soaps,Australia,Fiji,Labasa,FCT036,Labasa Soap Plant,LN0107,Line-2,2026-07-01 19:00:00,2026-07-01,19,Afternoon,Lavender Bar Soap,0.78,60.0,19.7,Changeover/Setup,40.3,47,29,1,28,3.35,96.55,61.7,67.17,92.26,59.83,3.1,10.67,1
PureGlow Soaps International (Fictional Dummy Company),Global Manufacturing Head - PureGlow Soaps,Australia,Fiji,Labasa,FCT036,Labasa Soap Plant,LN0108,Line-3,2026-07-01 19:00:00,2026-07-01,19,Afternoon,Aloe Vera Liquid Soap,0.86,60.0,0.0,No Downtime,60.0,52,45,1,44,1.59,97.78,86.54,100.0,87.21,85.27,4.82,19.43,1
PureGlow Soaps International (Fictional Dummy Company),Global Manufacturing Head - PureGlow Soaps,Australia,Fiji,Labasa,FCT036,Labasa Soap Plant,LN0106,Line-1,2026-07-01 20:00:00,2026-07-01,20,Afternoon,Charcoal Bar Soap,1.5,60.0,0.3,No Downtime,59.7,90,89,4,85,4.62,95.51,98.89,99.5,99.39,94.45,8.35,19.84,1
PureGlow Soaps International (Fictional Dummy Company),Global Manufacturing Head - PureGlow Soaps,Australia,Fiji,Labasa,FCT036,Labasa Soap Plant,LN0107,Line-2,2026-07-01 20:00:00,2026-07-01,20,Afternoon,Lavender Bar Soap,0.78,60.0,15.7,Staff Shortage,44.3,47,28,1,27,3.55,96.43,59.57,73.83,81.03,57.69,2.49,10.76,2
PureGlow Soaps International (Fictional Dummy Company),Global Manufacturing Head - PureGlow Soaps,Australia,Fiji,Labasa,FCT036,Labasa Soap Plant,LN0108,Line-3,2026-07-01 20:00:00,2026-07-01,20,Afternoon,Aloe Vera Liquid Soap,0.86,60.0,0.0,No Downtime,60.0,52,50,2,48,4.15,96.0,96.15,100.0,96.9,93.02,4.56,17.46,1
PureGlow Soaps International (Fictional Dummy Company),Global Manufacturing Head - PureGlow Soaps,Australia,Fiji,Labasa,FCT036,Labasa Soap Plant,LN0106,Line-1,2026-07-01 21:00:00,2026-07-01,21,Afternoon,Charcoal Bar Soap,1.5,60.0,4.0,No Downtime,56.0,90,81,2,79,2.56,97.53,90.0,93.33,96.43,87.78,8.01,19.57,1
PureGlow Soaps International (Fictional Dummy Company),Global Manufacturing Head - PureGlow Soaps,Australia,Fiji,Labasa,FCT036,Labasa Soap Plant,LN0107,Line-2,2026-07-01 21:00:00,2026-07-01,21,Afternoon,Lavender Bar Soap,0.78,60.0,2.2,No Downtime,57.8,47,36,1,35,2.2,97.22,76.6,96.33,79.85,74.78,3.66,16.65,3
PureGlow Soaps International (Fictional Dummy Company),Global Manufacturing Head - PureGlow Soaps,Australia,Fiji,Labasa,FCT036,Labasa Soap Plant,LN0108,Line-3,2026-07-01 21:00:00,2026-07-01,21,Afternoon,Aloe Vera Liquid Soap,0.86,60.0,7.5,Changeover/Setup,52.5,52,37,2,35,4.5,94.59,71.15,87.5,81.95,67.83,3.8,14.65,3
PureGlow Soaps International (Fictional Dummy Company),Global Manufacturing Head - PureGlow Soaps,Australia,Fiji,Labasa,FCT036,Labasa Soap Plant,LN0106,Line-1,2026-07-01 22:00:00,2026-07-01,22,Night,Charcoal Bar Soap,1.5,60.0,14.6,Machine Breakdown,45.4,90,67,3,64,3.98,95.52,74.44,75.67,98.38,71.11,5.99,13.93,3
PureGlow Soaps International (Fictional Dummy Company),Global Manufacturing Head - PureGlow Soaps,Australia,Fiji,Labasa,FCT036,Labasa Soap Plant,LN0107,Line-2,2026-07-01 22:00:00,2026-07-01,22,Night,Lavender Bar Soap,0.78,60.0,17.0,Preventive Maintenance,43.0,47,29,0,29,1.37,100.0,61.7,71.67,86.46,61.97,3.0,10.32,2
PureGlow Soaps International (Fictional Dummy Company),Global Manufacturing Head - PureGlow Soaps,Australia,Fiji,Labasa,FCT036,Labasa Soap Plant,LN0108,Line-3,2026-07-01 22:00:00,2026-07-01,22,Night,Aloe Vera Liquid Soap,0.86,60.0,41.6,Machine Breakdown,18.4,52,13,0,13,3.43,100.0,25.0,30.67,82.15,25.2,1.41,6.03,1
PureGlow Soaps International (Fictional Dummy Company),Global Manufacturing Head - PureGlow Soaps,Australia,Fiji,Labasa,FCT036,Labasa Soap Plant,LN0106,Line-1,2026-07-01 23:00:00,2026-07-01,23,Night,Charcoal Bar Soap,1.5,60.0,35.0,Machine Breakdown,25.0,90,31,1,30,3.44,96.77,34.44,41.67,82.67,33.34,2.64,7.83,2
PureGlow Soaps International (Fictional Dummy Company),Global Manufacturing Head - PureGlow Soaps,Australia,Fiji,Labasa,FCT036,Labasa Soap Plant,LN0107,Line-2,2026-07-01 23:00:00,2026-07-01,23,Night,Lavender Bar Soap,0.78,60.0,35.9,Preventive Maintenance,24.1,47,19,0,19,0.71,100.0,40.43,40.17,101.07,40.6,1.96,6.24,3
PureGlow Soaps International (Fictional Dummy Company),Global Manufacturing Head - PureGlow Soaps,Australia,Fiji,Labasa,FCT036,Labasa Soap Plant,LN0108,Line-3,2026-07-01 23:00:00,2026-07-01,23,Night,Aloe Vera Liquid Soap,0.86,60.0,1.4,No Downtime,58.6,52,48,2,46,4.89,95.83,92.31,97.67,95.25,89.15,4.21,19.46,2
PureGlow Soaps International (Fictional Dummy Company),Global Manufacturing Head - PureGlow Soaps,Australia,Fiji,Labasa,FCT036,Labasa Soap Plant,LN0106,Line-1,2026-07-02 00:00:00,2026-07-02,0,Night,Lemon Bar Soap,1.5,60.0,0.3,No Downtime,59.7,90,84,3,81,4.08,96.43,93.33,99.5,93.8,90.0,8.61,18.92,3
PureGlow Soaps International (Fictional Dummy Company),Global Manufacturing Head - PureGlow Soaps,Australia,Fiji,Labasa,FCT036,Labasa Soap Plant,LN0107,Line-2,2026-07-02 00:00:00,2026-07-02,0,Night,Charcoal Bar Soap,0.78,60.0,21.0,Material Shortage,39.0,47,29,1,28,3.26,96.55,61.7,65.0,95.33,59.83,2.79,10.73,3
PureGlow Soaps International (Fictional Dummy Company),Global Manufacturing Head - PureGlow Soaps,Australia,Fiji,Labasa,FCT036,Labasa Soap Plant,LN0108,Line-3,2026-07-02 00:00:00,2026-07-02,0,Night,Rose Bar Soap,0.86,60.0,22.6,Preventive Maintenance,37.4,52,33,1,32,3.41,96.97,63.46,62.33,102.6,62.01,3.41,11.19,2
PureGlow Soaps International (Fictional Dummy Company),Global Manufacturing Head - PureGlow Soaps,Australia,Fiji,Labasa,FCT036,Labasa Soap Plant,LN0106,Line-1,2026-07-02 01:00:00,2026-07-02,1,Night,Lemon Bar Soap,1.5,60.0,2.3,No Downtime,57.7,90,72,2,70,2.67,97.22,80.0,96.17,83.19,77.78,6.38,19.9,1
PureGlow Soaps International (Fictional Dummy Company),Global Manufacturing Head - PureGlow Soaps,Australia,Fiji,Labasa,FCT036,Labasa Soap Plant,LN0107,Line-2,2026-07-02 01:00:00,2026-07-02,1,Night,Charcoal Bar Soap,0.78,60.0,37.8,Preventive Maintenance,22.2,47,14,0,14,2.23,100.0,29.79,37.0,80.85,29.91,1.33,5.73,2
PureGlow Soaps International (Fictional Dummy Company),Global Manufacturing Head - PureGlow Soaps,Australia,Fiji,Labasa,FCT036,Labasa Soap Plant,LN0108,Line-3,2026-07-02 01:00:00,2026-07-02,1,Night,Rose Bar Soap,0.86,60.0,7.8,Quality Hold,52.2,52,43,4,39,8.94,90.7,82.69,87.0,95.79,75.59,4.41,15.69,3
PureGlow Soaps International (Fictional Dummy Company),Global Manufacturing Head - PureGlow Soaps,Australia,Fiji,Labasa,FCT036,Labasa Soap Plant,LN0106,Line-1,2026-07-02 02:00:00,2026-07-02,2,Night,Lemon Bar Soap,1.5,60.0,3.3,No Downtime,56.7,90,76,2,74,2.15,97.37,84.44,94.5,89.36,82.22,7.18,18.41,3
PureGlow Soaps International (Fictional Dummy Company),Global Manufacturing Head - PureGlow Soaps,Australia,Fiji,Labasa,FCT036,Labasa Soap Plant,LN0107,Line-2,2026-07-02 02:00:00,2026-07-02,2,Night,Charcoal Bar Soap,0.78,60.0,28.2,Power Outage,31.8,47,23,0,23,1.93,100.0,48.94,53.0,92.73,49.15,2.25,8.13,1
PureGlow Soaps International (Fictional Dummy Company),Global Manufacturing Head - PureGlow Soaps,Australia,Fiji,Labasa,FCT036,Labasa Soap Plant,LN0108,Line-3,2026-07-02 02:00:00,2026-07-02,2,Night,Rose Bar Soap,0.86,60.0,18.4,Changeover/Setup,41.6,52,30,1,29,3.43,96.67,57.69,69.33,83.86,56.2,3.21,13.0,1
PureGlow Soaps International (Fictional Dummy Company),Global Manufacturing Head - PureGlow Soaps,Australia,Fiji,Labasa,FCT036,Labasa Soap Plant,LN0106,Line-1,2026-07-02 03:00:00,2026-07-02,3,Night,Lemon Bar Soap,1.5,60.0,2.0,No Downtime,58.0,90,80,2,78,2.01,97.5,88.89,96.67,91.95,86.67,7.59,20.26,2
PureGlow Soaps International (Fictional Dummy Company),Global Manufacturing Head - PureGlow Soaps,Australia,Fiji,Labasa,FCT036,Labasa Soap Plant,LN0107,Line-2,2026-07-02 03:00:00,2026-07-02,3,Night,Charcoal Bar Soap,0.78,60.0,40.6,Machine Breakdown,19.4,47,15,1,14,3.57,93.33,31.91,32.33,99.13,29.91,1.28,5.52,1
PureGlow Soaps International (Fictional Dummy Company),Global Manufacturing Head - PureGlow Soaps,Australia,Fiji,Labasa,FCT036,Labasa Soap Plant,LN0108,Line-3,2026-07-02 03:00:00,2026-07-02,3,Night,Rose Bar Soap,0.86,60.0,44.0,Machine Breakdown,16.0,52,14,1,13,4.06,92.86,26.92,26.67,101.74,25.2,1.31,5.33,1
PureGlow Soaps International (Fictional Dummy Company),Global Manufacturing Head - PureGlow Soaps,Australia,Fiji,Labasa,FCT036,Labasa Soap Plant,LN0106,Line-1,2026-07-02 04:00:00,2026-07-02,4,Night,Lemon Bar Soap,1.5,60.0,0.6,No Downtime,59.4,90,75,2,73,3.08,97.33,83.33,99.0,84.18,81.11,7.97,20.79,3
PureGlow Soaps International (Fictional Dummy Company),Global Manufacturing Head - PureGlow Soaps,Australia,Fiji,Labasa,FCT036,Labasa Soap Plant,LN0107,Line-2,2026-07-02 04:00:00,2026-07-02,4,Night,Charcoal Bar Soap,0.78,60.0,7.1,Quality Hold,52.9,47,42,3,39,6.66,92.86,89.36,88.17,101.79,83.34,3.61,15.09,1
PureGlow Soaps International (Fictional Dummy Company),Global Manufacturing Head - PureGlow Soaps,Australia,Fiji,Labasa,FCT036,Labasa Soap Plant,LN0108,Line-3,2026-07-02 04:00:00,2026-07-02,4,Night,Rose Bar Soap,0.86,60.0,0.9,No Downtime,59.1,52,51,1,50,1.64,98.04,98.08,98.5,100.34,96.9,5.4,18.24,3
PureGlow Soaps International (Fictional Dummy Company),Global Manufacturing Head - PureGlow Soaps,Australia,Fiji,Labasa,FCT036,Labasa Soap Plant,LN0106,Line-1,2026-07-02 05:00:00,2026-07-02,5,Night,Lemon Bar Soap,1.5,60.0,37.6,Preventive Maintenance,22.4,90,31,1,30,2.42,96.77,34.44,37.33,92.26,33.33,3.17,7.88,2
PureGlow Soaps International (Fictional Dummy Company),Global Manufacturing Head - PureGlow Soaps,Australia,Fiji,Labasa,FCT036,Labasa Soap Plant,LN0107,Line-2,2026-07-02 05:00:00,2026-07-02,5,Night,Charcoal Bar Soap,0.78,60.0,21.8,Material Shortage,38.2,47,25,1,24,3.66,96.0,53.19,63.67,83.9,51.28,2.71,10.41,1
PureGlow Soaps International (Fictional Dummy Company),Global Manufacturing Head - PureGlow Soaps,Australia,Fiji,Labasa,FCT036,Labasa Soap Plant,LN0108,Line-3,2026-07-02 05:00:00,2026-07-02,5,Night,Rose Bar Soap,0.86,60.0,3.3,No Downtime,56.7,52,45,2,43,4.21,95.56,86.54,94.5,92.28,83.33,4.91,18.35,2
PureGlow Soaps International (Fictional Dummy Company),Global Manufacturing Head - PureGlow Soaps,Australia,Fiji,Labasa,FCT036,Labasa Soap Plant,LN0106,Line-1,2026-07-02 06:00:00,2026-07-02,6,Morning,Lemon Bar Soap,1.5,60.0,18.5,Changeover/Setup,41.5,90,60,3,57,4.29,95.0,66.67,69.17,96.39,63.34,5.8,12.89,3
PureGlow Soaps International (Fictional Dummy Company),Global Manufacturing Head - PureGlow Soaps,Australia,Fiji,Labasa,FCT036,Labasa Soap Plant,LN0107,Line-2,2026-07-02 06:00:00,2026-07-02,6,Morning,Charcoal Bar Soap,0.78,60.0,22.8,Material Shortage,37.2,47,26,1,25,2.15,96.15,55.32,62.0,89.61,53.42,2.51,9.29,2
PureGlow Soaps International (Fictional Dummy Company),Global Manufacturing Head - PureGlow Soaps,Australia,Fiji,Labasa,FCT036,Labasa Soap Plant,LN0108,Line-3,2026-07-02 06:00:00,2026-07-02,6,Morning,Rose Bar Soap,0.86,60.0,3.9,No Downtime,56.1,52,49,1,48,1.6,97.96,94.23,93.5,101.56,93.02,4.81,18.77,3
PureGlow Soaps International (Fictional Dummy Company),Global Manufacturing Head - PureGlow Soaps,Australia,Fiji,Labasa,FCT036,Labasa Soap Plant,LN0106,Line-1,2026-07-02 07:00:00,2026-07-02,7,Morning,Lemon Bar Soap,1.5,60.0,1.8,No Downtime,58.2,90,84,3,81,3.3,96.43,93.33,97.0,96.22,90.0,9.17,19.01,1
PureGlow Soaps International (Fictional Dummy Company),Global Manufacturing Head - PureGlow Soaps,Australia,Fiji,Labasa,FCT036,Labasa Soap Plant,LN0107,Line-2,2026-07-02 07:00:00,2026-07-02,7,Morning,Charcoal Bar Soap,0.78,60.0,2.2,No Downtime,57.8,47,41,1,40,2.76,97.56,87.23,96.33,90.94,85.47,4.29,16.25,3
PureGlow Soaps International (Fictional Dummy Company),Global Manufacturing Head - PureGlow Soaps,Australia,Fiji,Labasa,FCT036,Labasa Soap Plant,LN0108,Line-3,2026-07-02 07:00:00,2026-07-02,7,Morning,Rose Bar Soap,0.86,60.0,1.6,No Downtime,58.4,52,51,1,50,2.05,98.04,98.08,97.33,101.55,96.9,4.88,19.55,3
PureGlow Soaps International (Fictional Dummy Company),Global Manufacturing Head - PureGlow Soaps,Australia,Fiji,Labasa,FCT036,Labasa Soap Plant,LN0106,Line-1,2026-07-02 08:00:00,2026-07-02,8,Morning,Lemon Bar Soap,1.5,60.0,30.3,Machine Breakdown,29.7,90,37,1,36,2.74,97.3,41.11,49.5,83.05,40.0,3.77,10.65,2
PureGlow Soaps International (Fictional Dummy Company),Global Manufacturing Head - PureGlow Soaps,Australia,Fiji,Labasa,FCT036,Labasa Soap Plant,LN0107,Line-2,2026-07-02 08:00:00,2026-07-02,8,Morning,Charcoal Bar Soap,0.78,60.0,27.5,Material Shortage,32.5,47,24,0,24,1.47,100.0,51.06,54.17,94.67,51.28,2.11,8.39,1
PureGlow Soaps International (Fictional Dummy Company),Global Manufacturing Head - PureGlow Soaps,Australia,Fiji,Labasa,FCT036,Labasa Soap Plant,LN0108,Line-3,2026-07-02 08:00:00,2026-07-02,8,Morning,Rose Bar Soap,0.86,60.0,22.9,Power Outage,37.1,52,26,1,25,2.79,96.15,50.0,61.83,81.49,48.45,2.45,10.72,3
PureGlow Soaps International (Fictional Dummy Company),Global Manufacturing Head - PureGlow Soaps,Australia,Fiji,Labasa,FCT036,Labasa Soap Plant,LN0106,Line-1,2026-07-02 09:00:00,2026-07-02,9,Morning,Lemon Bar Soap,1.5,60.0,3.6,No Downtime,56.4,90,80,2,78,2.99,97.5,88.89,94.0,94.56,86.66,8.23,17.89,1
PureGlow Soaps International (Fictional Dummy Company),Global Manufacturing Head - PureGlow Soaps,Australia,Fiji,Labasa,FCT036,Labasa Soap Plant,LN0107,Line-2,2026-07-02 09:00:00,2026-07-02,9,Morning,Charcoal Bar Soap,0.78,60.0,0.6,No Downtime,59.4,47,40,0,40,0.34,100.0,85.11,99.0,86.33,85.47,4.26,16.67,3
PureGlow Soaps International (Fictional Dummy Company),Global Manufacturing Head - PureGlow Soaps,Australia,Fiji,Labasa,FCT036,Labasa Soap Plant,LN0108,Line-3,2026-07-02 09:00:00,2026-07-02,9,Morning,Rose Bar Soap,0.86,60.0,3.4,No Downtime,56.6,52,46,2,44,3.47,95.65,88.46,94.33,94.5,85.26,4.36,16.85,2
PureGlow Soaps International (Fictional Dummy Company),Global Manufacturing Head - PureGlow Soaps,Australia,Fiji,Labasa,FCT036,Labasa Soap Plant,LN0106,Line-1,2026-07-02 10:00:00,2026-07-02,10,Morning,Lemon Bar Soap,1.5,60.0,1.7,No Downtime,58.3,90,86,5,81,5.27,94.19,95.56,97.17,98.34,90.01,8.76,20.02,3
PureGlow Soaps International (Fictional Dummy Company),Global Manufacturing Head - PureGlow Soaps,Australia,Fiji,Labasa,FCT036,Labasa Soap Plant,LN0107,Line-2,2026-07-02 10:00:00,2026-07-02,10,Morning,Charcoal Bar Soap,0.78,60.0,2.9,No Downtime,57.1,47,37,1,36,1.36,97.3,78.72,95.17,83.08,76.93,3.51,13.89,2
PureGlow Soaps International (Fictional Dummy Company),Global Manufacturing Head - PureGlow Soaps,Australia,Fiji,Labasa,FCT036,Labasa Soap Plant,LN0108,Line-3,2026-07-02 10:00:00,2026-07-02,10,Morning,Rose Bar Soap,0.86,60.0,10.6,Power Outage,49.4,52,41,2,39,4.19,95.12,78.85,82.33,96.51,75.58,4.23,15.43,2
PureGlow Soaps International (Fictional Dummy Company),Global Manufacturing Head - PureGlow Soaps,Australia,Fiji,Labasa,FCT036,Labasa Soap Plant,LN0106,Line-1,2026-07-02 11:00:00,2026-07-02,11,Morning,Lemon Bar Soap,1.5,60.0,6.8,Changeover/Setup,53.2,90,73,3,70,3.52,95.89,81.11,88.67,91.48,77.78,7.88,16.1,3
PureGlow Soaps International (Fictional Dummy Company),Global Manufacturing Head - PureGlow Soaps,Australia,Fiji,Labasa,FCT036,Labasa Soap Plant,LN0107,Line-2,2026-07-02 11:00:00,2026-07-02,11,Morning,Charcoal Bar Soap,0.78,60.0,27.9,Machine Breakdown,32.1,47,25,1,24,2.67,96.0,53.19,53.5,99.85,51.28,2.41,8.66,2
PureGlow Soaps International (Fictional Dummy Company),Global Manufacturing Head - PureGlow Soaps,Australia,Fiji,Labasa,FCT036,Labasa Soap Plant,LN0108,Line-3,2026-07-02 11:00:00,2026-07-02,11,Morning,Rose Bar Soap,0.86,60.0,3.7,No Downtime,56.3,52,46,1,45,2.96,97.83,88.46,93.83,95.01,87.21,4.99,15.95,3
PureGlow Soaps International (Fictional Dummy Company),Global Manufacturing Head - PureGlow Soaps,Australia,Fiji,Labasa,FCT036,Labasa Soap Plant,LN0106,Line-1,2026-07-02 12:00:00,2026-07-02,12,Morning,Lemon Bar Soap,1.5,60.0,7.1,Staff Shortage,52.9,90,79,3,76,3.5,96.2,87.78,88.17,99.56,84.45,7.18,19.44,3
PureGlow Soaps International (Fictional Dummy Company),Global Manufacturing Head - PureGlow Soaps,Australia,Fiji,Labasa,FCT036,Labasa Soap Plant,LN0107,Line-2,2026-07-02 12:00:00,2026-07-02,12,Morning,Charcoal Bar Soap,0.78,60.0,43.8,Machine Breakdown,16.2,47,12,0,12,3.38,100.0,25.53,27.0,94.97,25.64,1.1,3.94,1
PureGlow Soaps International (Fictional Dummy Company),Global Manufacturing Head - PureGlow Soaps,Australia,Fiji,Labasa,FCT036,Labasa Soap Plant,LN0108,Line-3,2026-07-02 12:00:00,2026-07-02,12,Morning,Rose Bar Soap,0.86,60.0,0.9,No Downtime,59.1,52,47,1,46,1.09,97.87,90.38,98.5,92.47,89.14,4.82,18.46,2
PureGlow Soaps International (Fictional Dummy Company),Global Manufacturing Head - PureGlow Soaps,Australia,Fiji,Labasa,FCT036,Labasa Soap Plant,LN0106,Line-1,2026-07-02 13:00:00,2026-07-02,13,Morning,Lemon Bar Soap,1.5,60.0,3.2,No Downtime,56.8,90,78,2,76,2.08,97.44,86.67,94.67,91.55,84.45,6.91,20.7,2
PureGlow Soaps International (Fictional Dummy Company),Global Manufacturing Head - PureGlow Soaps,Australia,Fiji,Labasa,FCT036,Labasa Soap Plant,LN0107,Line-2,2026-07-02 13:00:00,2026-07-02,13,Morning,Charcoal Bar Soap,0.78,60.0,3.8,No Downtime,56.2,47,38,2,36,4.1,94.74,80.85,93.67,86.69,76.93,3.37,13.77,3
PureGlow Soaps International (Fictional Dummy Company),Global Manufacturing Head - PureGlow Soaps,Australia,Fiji,Labasa,FCT036,Labasa Soap Plant,LN0108,Line-3,2026-07-02 13:00:00,2026-07-02,13,Morning,Rose Bar Soap,0.86,60.0,2.3,No Downtime,57.7,52,49,1,48,1.05,97.96,94.23,96.17,98.75,93.03,4.39,16.6,2
PureGlow Soaps International (Fictional Dummy Company),Global Manufacturing Head - PureGlow Soaps,Australia,Fiji,Labasa,FCT036,Labasa Soap Plant,LN0106,Line-1,2026-07-02 14:00:00,2026-07-02,14,Afternoon,Lemon Bar Soap,1.5,60.0,25.8,Power Outage,34.2,90,51,1,50,2.35,98.04,56.67,57.0,99.42,55.56,4.49,10.9,1
PureGlow Soaps International (Fictional Dummy Company),Global Manufacturing Head - PureGlow Soaps,Australia,Fiji,Labasa,FCT036,Labasa Soap Plant,LN0107,Line-2,2026-07-02 14:00:00,2026-07-02,14,Afternoon,Charcoal Bar Soap,0.78,60.0,3.3,No Downtime,56.7,47,39,2,37,4.65,94.87,82.98,94.5,88.18,79.06,3.45,15.26,3
PureGlow Soaps International (Fictional Dummy Company),Global Manufacturing Head - PureGlow Soaps,Australia,Fiji,Labasa,FCT036,Labasa Soap Plant,LN0108,Line-3,2026-07-02 14:00:00,2026-07-02,14,Afternoon,Rose Bar Soap,0.86,60.0,0.3,No Downtime,59.7,52,44,1,43,2.09,97.73,84.62,99.5,85.7,83.34,4.27,18.95,3
PureGlow Soaps International (Fictional Dummy Company),Global Manufacturing Head - PureGlow Soaps,Australia,Fiji,Labasa,FCT036,Labasa Soap Plant,LN0106,Line-1,2026-07-02 15:00:00,2026-07-02,15,Afternoon,Lemon Bar Soap,1.5,60.0,3.1,No Downtime,56.9,90,87,1,86,1.21,98.85,96.67,94.83,101.93,95.55,7.41,17.83,3
PureGlow Soaps International (Fictional Dummy Company),Global Manufacturing Head - PureGlow Soaps,Australia,Fiji,Labasa,FCT036,Labasa Soap Plant,LN0107,Line-2,2026-07-02 15:00:00,2026-07-02,15,Afternoon,Charcoal Bar Soap,0.78,60.0,3.3,No Downtime,56.7,47,40,1,39,2.85,97.5,85.11,94.5,90.44,83.33,4.08,15.84,3
PureGlow Soaps International (Fictional Dummy Company),Global Manufacturing Head - PureGlow Soaps,Australia,Fiji,Labasa,FCT036,Labasa Soap Plant,LN0108,Line-3,2026-07-02 15:00:00,2026-07-02,15,Afternoon,Rose Bar Soap,0.86,60.0,3.3,No Downtime,56.7,52,42,2,40,4.75,95.24,80.77,94.5,86.13,77.52,3.63,17.43,1
PureGlow Soaps International (Fictional Dummy Company),Global Manufacturing Head - PureGlow Soaps,Australia,Fiji,Labasa,FCT036,Labasa Soap Plant,LN0106,Line-1,2026-07-02 16:00:00,2026-07-02,16,Afternoon,Lemon Bar Soap,1.5,60.0,19.2,Changeover/Setup,40.8,90,60,1,59,2.19,98.33,66.67,68.0,98.04,65.55,5.45,15.02,3
PureGlow Soaps International (Fictional Dummy Company),Global Manufacturing Head - PureGlow Soaps,Australia,Fiji,Labasa,FCT036,Labasa Soap Plant,LN0107,Line-2,2026-07-02 16:00:00,2026-07-02,16,Afternoon,Charcoal Bar Soap,0.78,60.0,2.9,No Downtime,57.1,47,38,1,37,1.81,97.37,80.85,95.17,85.32,79.06,3.72,14.26,1
PureGlow Soaps International (Fictional Dummy Company),Global Manufacturing Head - PureGlow Soaps,Australia,Fiji,Labasa,FCT036,Labasa Soap Plant,LN0108,Line-3,2026-07-02 16:00:00,2026-07-02,16,Afternoon,Rose Bar Soap,0.86,60.0,14.0,Material Shortage,46.0,52,37,1,36,2.54,97.3,71.15,76.67,93.53,69.77,3.98,13.62,3
PureGlow Soaps International (Fictional Dummy Company),Global Manufacturing Head - PureGlow Soaps,Australia,Fiji,Labasa,FCT036,Labasa Soap Plant,LN0106,Line-1,2026-07-02 17:00:00,2026-07-02,17,Afternoon,Lemon Bar Soap,1.5,60.0,9.6,Changeover/Setup,50.4,90,61,3,58,5.4,95.08,67.78,84.0,80.69,64.44,6.4,17.16,2
PureGlow Soaps International (Fictional Dummy Company),Global Manufacturing Head - PureGlow Soaps,Australia,Fiji,Labasa,FCT036,Labasa Soap Plant,LN0107,Line-2,2026-07-02 17:00:00,2026-07-02,17,Afternoon,Charcoal Bar Soap,0.78,60.0,13.6,Material Shortage,46.4,47,32,1,31,3.49,96.88,68.09,77.33,88.42,66.24,2.76,12.84,1
PureGlow Soaps International (Fictional Dummy Company),Global Manufacturing Head - PureGlow Soaps,Australia,Fiji,Labasa,FCT036,Labasa Soap Plant,LN0108,Line-3,2026-07-02 17:00:00,2026-07-02,17,Afternoon,Rose Bar Soap,0.86,60.0,3.2,No Downtime,56.8,52,49,2,47,3.23,95.92,94.23,94.67,100.31,91.09,4.88,17.41,3
PureGlow Soaps International (Fictional Dummy Company),Global Manufacturing Head - PureGlow Soaps,Australia,Fiji,Labasa,FCT036,Labasa Soap Plant,LN0106,Line-1,2026-07-02 18:00:00,2026-07-02,18,Afternoon,Lemon Bar Soap,1.5,60.0,20.0,Power Outage,40.0,90,61,1,60,2.31,98.36,67.78,66.67,101.67,66.67,5.66,13.76,3
PureGlow Soaps International (Fictional Dummy Company),Global Manufacturing Head - PureGlow Soaps,Australia,Fiji,Labasa,FCT036,Labasa Soap Plant,LN0107,Line-2,2026-07-02 18:00:00,2026-07-02,18,Afternoon,Charcoal Bar Soap,0.78,60.0,13.5,Staff Shortage,46.5,47,33,1,32,3.41,96.97,70.21,77.5,90.98,68.37,2.98,12.29,2
PureGlow Soaps International (Fictional Dummy Company),Global Manufacturing Head - PureGlow Soaps,Australia,Fiji,Labasa,FCT036,Labasa Soap Plant,LN0108,Line-3,2026-07-02 18:00:00,2026-07-02,18,Afternoon,Rose Bar Soap,0.86,60.0,2.8,No Downtime,57.2,52,47,2,45,3.41,95.74,90.38,95.33,95.54,87.2,4.78,18.79,1
PureGlow Soaps International (Fictional Dummy Company),Global Manufacturing Head - PureGlow Soaps,Australia,Fiji,Labasa,FCT036,Labasa Soap Plant,LN0106,Line-1,2026-07-02 19:00:00,2026-07-02,19,Afternoon,Lemon Bar Soap,1.5,60.0,11.6,Changeover/Setup,48.4,90,59,2,57,4.05,96.61,65.56,80.67,81.27,63.34,5.7,16.04,1
PureGlow Soaps International (Fictional Dummy Company),Global Manufacturing Head - PureGlow Soaps,Australia,Fiji,Labasa,FCT036,Labasa Soap Plant,LN0107,Line-2,2026-07-02 19:00:00,2026-07-02,19,Afternoon,Charcoal Bar Soap,0.78,60.0,29.6,Preventive Maintenance,30.4,47,23,0,23,1.88,100.0,48.94,50.67,97.0,49.15,2.35,7.61,3
PureGlow Soaps International (Fictional Dummy Company),Global Manufacturing Head - PureGlow Soaps,Australia,Fiji,Labasa,FCT036,Labasa Soap Plant,LN0108,Line-3,2026-07-02 19:00:00,2026-07-02,19,Afternoon,Rose Bar Soap,0.86,60.0,26.7,Machine Breakdown,33.3,52,23,1,22,2.43,95.65,44.23,55.5,80.31,42.63,2.44,10.84,1
PureGlow Soaps International (Fictional Dummy Company),Global Manufacturing Head - PureGlow Soaps,Australia,Fiji,Labasa,FCT036,Labasa Soap Plant,LN0106,Line-1,2026-07-02 20:00:00,2026-07-02,20,Afternoon,Lemon Bar Soap,1.5,60.0,3.9,No Downtime,56.1,90,78,3,75,3.51,96.15,86.67,93.5,92.69,83.33,6.8,17.57,1
PureGlow Soaps International (Fictional Dummy Company),Global Manufacturing Head - PureGlow Soaps,Australia,Fiji,Labasa,FCT036,Labasa Soap Plant,LN0107,Line-2,2026-07-02 20:00:00,2026-07-02,20,Afternoon,Charcoal Bar Soap,0.78,60.0,2.7,No Downtime,57.3,47,38,1,37,3.06,97.37,80.85,95.5,85.02,79.06,3.38,15.03,1
PureGlow Soaps International (Fictional Dummy Company),Global Manufacturing Head - PureGlow Soaps,Australia,Fiji,Labasa,FCT036,Labasa Soap Plant,LN0108,Line-3,2026-07-02 20:00:00,2026-07-02,20,Afternoon,Rose Bar Soap,0.86,60.0,10.3,Changeover/Setup,49.7,52,44,2,42,3.95,95.45,84.62,82.83,102.94,81.39,3.86,16.1,3
PureGlow Soaps International (Fictional Dummy Company),Global Manufacturing Head - PureGlow Soaps,Australia,Fiji,Labasa,FCT036,Labasa Soap Plant,LN0106,Line-1,2026-07-02 21:00:00,2026-07-02,21,Afternoon,Lemon Bar Soap,1.5,60.0,1.0,No Downtime,59.0,90,88,3,85,3.71,96.59,97.78,98.33,99.44,94.45,9.01,21.68,3
PureGlow Soaps International (Fictional Dummy Company),Global Manufacturing Head - PureGlow Soaps,Australia,Fiji,Labasa,FCT036,Labasa Soap Plant,LN0107,Line-2,2026-07-02 21:00:00,2026-07-02,21,Afternoon,Charcoal Bar Soap,0.78,60.0,19.5,Quality Hold,40.5,47,32,3,29,8.95,90.62,68.09,67.5,101.3,61.96,2.84,9.72,1
PureGlow Soaps International (Fictional Dummy Company),Global Manufacturing Head - PureGlow Soaps,Australia,Fiji,Labasa,FCT036,Labasa Soap Plant,LN0108,Line-3,2026-07-02 21:00:00,2026-07-02,21,Afternoon,Rose Bar Soap,0.86,60.0,18.7,Changeover/Setup,41.3,52,34,2,32,4.65,94.12,65.38,68.83,95.73,62.02,3.01,13.46,1
PureGlow Soaps International (Fictional Dummy Company),Global Manufacturing Head - PureGlow Soaps,Australia,Fiji,Labasa,FCT036,Labasa Soap Plant,LN0106,Line-1,2026-07-02 22:00:00,2026-07-02,22,Night,Lemon Bar Soap,1.5,60.0,7.5,Changeover/Setup,52.5,90,63,3,60,4.37,95.24,70.0,87.5,80.0,66.67,5.58,17.64,2
PureGlow Soaps International (Fictional Dummy Company),Global Manufacturing Head - PureGlow Soaps,Australia,Fiji,Labasa,FCT036,Labasa Soap Plant,LN0107,Line-2,2026-07-02 22:00:00,2026-07-02,22,Night,Charcoal Bar Soap,0.78,60.0,17.0,Machine Breakdown,43.0,47,28,1,27,3.51,96.43,59.57,71.67,83.48,57.69,2.44,11.97,3
PureGlow Soaps International (Fictional Dummy Company),Global Manufacturing Head - PureGlow Soaps,Australia,Fiji,Labasa,FCT036,Labasa Soap Plant,LN0108,Line-3,2026-07-02 22:00:00,2026-07-02,22,Night,Rose Bar Soap,0.86,60.0,22.4,Staff Shortage,37.6,52,28,1,27,1.88,96.43,53.85,62.67,86.59,52.33,2.66,12.43,3
PureGlow Soaps International (Fictional Dummy Company),Global Manufacturing Head - PureGlow Soaps,Australia,Fiji,Labasa,FCT036,Labasa Soap Plant,LN0106,Line-1,2026-07-02 23:00:00,2026-07-02,23,Night,Lemon Bar Soap,1.5,60.0,1.9,No Downtime,58.1,90,81,1,80,1.66,98.77,90.0,96.83,92.94,88.89,7.12,21.08,2
PureGlow Soaps International (Fictional Dummy Company),Global Manufacturing Head - PureGlow Soaps,Australia,Fiji,Labasa,FCT036,Labasa Soap Plant,LN0107,Line-2,2026-07-02 23:00:00,2026-07-02,23,Night,Charcoal Bar Soap,0.78,60.0,40.3,Machine Breakdown,19.7,47,15,0,15,3.28,100.0,31.91,32.83,97.62,32.05,1.52,5.68,1
PureGlow Soaps International (Fictional Dummy Company),Global Manufacturing Head - PureGlow Soaps,Australia,Fiji,Labasa,FCT036,Labasa Soap Plant,LN0108,Line-3,2026-07-02 23:00:00,2026-07-02,23,Night,Rose Bar Soap,0.86,60.0,3.6,No Downtime,56.4,52,41,1,40,3.32,97.56,78.85,94.0,84.53,77.52,3.61,18.23,1
PureGlow Soaps International (Fictional Dummy Company),Global Manufacturing Head - PureGlow Soaps,Australia,Fiji,Labasa,FCT036,Labasa Soap Plant,LN0106,Line-1,2026-07-03 00:00:00,2026-07-03,0,Night,Rose Bar Soap,1.5,60.0,5.6,Staff Shortage,54.4,90,79,1,78,1.06,98.73,87.78,90.67,96.81,86.66,7.76,17.97,3
PureGlow Soaps International (Fictional Dummy Company),Global Manufacturing Head - PureGlow Soaps,Australia,Fiji,Labasa,FCT036,Labasa Soap Plant,LN0107,Line-2,2026-07-03 00:00:00,2026-07-03,0,Night,Coconut Bar Soap,0.78,60.0,24.4,Power Outage,35.6,47,23,0,23,1.08,100.0,48.94,59.33,82.83,49.14,2.13,9.88,2
PureGlow Soaps International (Fictional Dummy Company),Global Manufacturing Head - PureGlow Soaps,Australia,Fiji,Labasa,FCT036,Labasa Soap Plant,LN0108,Line-3,2026-07-03 00:00:00,2026-07-03,0,Night,Charcoal Bar Soap,0.86,60.0,36.3,Machine Breakdown,23.7,52,20,1,19,3.89,95.0,38.46,39.5,98.13,36.82,1.78,7.92,1
PureGlow Soaps International (Fictional Dummy Company),Global Manufacturing Head - PureGlow Soaps,Australia,Fiji,Labasa,FCT036,Labasa Soap Plant,LN0106,Line-1,2026-07-03 01:00:00,2026-07-03,1,Night,Rose Bar Soap,1.5,60.0,1.4,No Downtime,58.6,90,76,1,75,1.33,98.68,84.44,97.67,86.46,83.33,7.45,18.78,2
PureGlow Soaps International (Fictional Dummy Company),Global Manufacturing Head - PureGlow Soaps,Australia,Fiji,Labasa,FCT036,Labasa Soap Plant,LN0107,Line-2,2026-07-03 01:00:00,2026-07-03,1,Night,Coconut Bar Soap,0.78,60.0,2.7,No Downtime,57.3,47,37,1,36,2.2,97.3,78.72,95.5,82.79,76.93,3.32,14.17,2
PureGlow Soaps International (Fictional Dummy Company),Global Manufacturing Head - PureGlow Soaps,Australia,Fiji,Labasa,FCT036,Labasa Soap Plant,LN0108,Line-3,2026-07-03 01:00:00,2026-07-03,1,Night,Charcoal Bar Soap,0.86,60.0,3.5,No Downtime,56.5,52,50,1,49,2.04,98.0,96.15,94.17,102.9,94.96,4.89,16.02,1
PureGlow Soaps International (Fictional Dummy Company),Global Manufacturing Head - PureGlow Soaps,Australia,Fiji,Labasa,FCT036,Labasa Soap Plant,LN0106,Line-1,2026-07-03 02:00:00,2026-07-03,2,Night,Rose Bar Soap,1.5,60.0,1.3,No Downtime,58.7,90,83,3,80,3.39,96.39,92.22,97.83,94.26,88.89,8.15,17.92,1
PureGlow Soaps International (Fictional Dummy Company),Global Manufacturing Head - PureGlow Soaps,Australia,Fiji,Labasa,FCT036,Labasa Soap Plant,LN0107,Line-2,2026-07-03 02:00:00,2026-07-03,2,Night,Coconut Bar Soap,0.78,60.0,6.0,Changeover/Setup,54.0,47,40,2,38,6.07,95.0,85.11,90.0,94.97,81.2,4.26,13.11,3
PureGlow Soaps International (Fictional Dummy Company),Global Manufacturing Head - PureGlow Soaps,Australia,Fiji,Labasa,FCT036,Labasa Soap Plant,LN0108,Line-3,2026-07-03 02:00:00,2026-07-03,2,Night,Charcoal Bar Soap,0.86,60.0,19.0,Changeover/Setup,41.0,52,32,1,31,2.99,96.88,61.54,68.33,90.75,60.07,3.2,11.91,2
PureGlow Soaps International (Fictional Dummy Company),Global Manufacturing Head - PureGlow Soaps,Australia,Fiji,Labasa,FCT036,Labasa Soap Plant,LN0106,Line-1,2026-07-03 03:00:00,2026-07-03,3,Night,Rose Bar Soap,1.5,60.0,0.7,No Downtime,59.3,90,88,3,85,3.91,96.59,97.78,98.83,98.93,94.44,8.07,18.34,2
PureGlow Soaps International (Fictional Dummy Company),Global Manufacturing Head - PureGlow Soaps,Australia,Fiji,Labasa,FCT036,Labasa Soap Plant,LN0107,Line-2,2026-07-03 03:00:00,2026-07-03,3,Night,Coconut Bar Soap,0.78,60.0,10.2,Material Shortage,49.8,47,35,1,34,3.71,97.14,74.47,83.0,90.1,72.64,3.16,13.09,2
PureGlow Soaps International (Fictional Dummy Company),Global Manufacturing Head - PureGlow Soaps,Australia,Fiji,Labasa,FCT036,Labasa Soap Plant,LN0108,Line-3,2026-07-03 03:00:00,2026-07-03,3,Night,Charcoal Bar Soap,0.86,60.0,3.3,No Downtime,56.7,52,40,1,39,3.65,97.5,76.92,94.5,82.03,75.58,3.87,18.08,3
PureGlow Soaps International (Fictional Dummy Company),Global Manufacturing Head - PureGlow Soaps,Australia,Fiji,Labasa,FCT036,Labasa Soap Plant,LN0106,Line-1,2026-07-03 04:00:00,2026-07-03,4,Night,Rose Bar Soap,1.5,60.0,2.7,No Downtime,57.3,90,82,3,79,3.88,96.34,91.11,95.5,95.4,87.77,8.63,17.82,3
PureGlow Soaps International (Fictional Dummy Company),Global Manufacturing Head - PureGlow Soaps,Australia,Fiji,Labasa,FCT036,Labasa Soap Plant,LN0107,Line-2,2026-07-03 04:00:00,2026-07-03,4,Night,Coconut Bar Soap,0.78,60.0,42.9,Machine Breakdown,17.1,47,11,0,11,2.33,100.0,23.4,28.5,82.47,23.5,1.12,4.3,3
PureGlow Soaps International (Fictional Dummy Company),Global Manufacturing Head - PureGlow Soaps,Australia,Fiji,Labasa,FCT036,Labasa Soap Plant,LN0108,Line-3,2026-07-03 04:00:00,2026-07-03,4,Night,Charcoal Bar Soap,0.86,60.0,3.4,No Downtime,56.6,52,50,2,48,4.03,96.0,96.15,94.33,102.72,93.02,4.92,18.73,1
PureGlow Soaps International (Fictional Dummy Company),Global Manufacturing Head - PureGlow Soaps,Australia,Fiji,Labasa,FCT036,Labasa Soap Plant,LN0106,Line-1,2026-07-03 05:00:00,2026-07-03,5,Night,Rose Bar Soap,1.5,60.0,0.8,No Downtime,59.2,90,81,2,79,2.61,97.53,90.0,98.67,91.22,87.78,7.51,18.69,3
PureGlow Soaps International (Fictional Dummy Company),Global Manufacturing Head - PureGlow Soaps,Australia,Fiji,Labasa,FCT036,Labasa Soap Plant,LN0107,Line-2,2026-07-03 05:00:00,2026-07-03,5,Night,Coconut Bar Soap,0.78,60.0,21.6,Material Shortage,38.4,47,28,0,28,0.98,100.0,59.57,64.0,93.48,59.83,2.92,10.34,3
PureGlow Soaps International (Fictional Dummy Company),Global Manufacturing Head - PureGlow Soaps,Australia,Fiji,Labasa,FCT036,Labasa Soap Plant,LN0108,Line-3,2026-07-03 05:00:00,2026-07-03,5,Night,Charcoal Bar Soap,0.86,60.0,18.9,Power Outage,41.1,52,28,1,27,3.88,96.43,53.85,68.5,79.22,52.33,2.76,13.57,1
PureGlow Soaps International (Fictional Dummy Company),Global Manufacturing Head - PureGlow Soaps,Australia,Fiji,Labasa,FCT036,Labasa Soap Plant,LN0106,Line-1,2026-07-03 06:00:00,2026-07-03,6,Morning,Rose Bar Soap,1.5,60.0,35.8,Machine Breakdown,24.2,90,35,1,34,3.38,97.14,38.89,40.33,96.42,37.77,3.12,7.34,1
PureGlow Soaps International (Fictional Dummy Company),Global Manufacturing Head - PureGlow Soaps,Australia,Fiji,Labasa,FCT036,Labasa Soap Plant,LN0107,Line-2,2026-07-03 06:00:00,2026-07-03,6,Morning,Coconut Bar Soap,0.78,60.0,39.1,Preventive Maintenance,20.9,47,16,0,16,2.88,100.0,34.04,34.83,98.15,34.19,1.56,5.78,1
PureGlow Soaps International (Fictional Dummy Company),Global Manufacturing Head - PureGlow Soaps,Australia,Fiji,Labasa,FCT036,Labasa Soap Plant,LN0108,Line-3,2026-07-03 06:00:00,2026-07-03,6,Morning,Charcoal Bar Soap,0.86,60.0,37.0,Preventive Maintenance,23.0,52,16,1,15,3.35,93.75,30.77,38.33,80.89,29.07,1.51,7.01,3
PureGlow Soaps International (Fictional Dummy Company),Global Manufacturing Head - PureGlow Soaps,Australia,Fiji,Labasa,FCT036,Labasa Soap Plant,LN0106,Line-1,2026-07-03 07:00:00,2026-07-03,7,Morning,Rose Bar Soap,1.5,60.0,2.2,No Downtime,57.8,90,83,5,78,5.67,93.98,92.22,96.33,95.73,86.67,8.48,18.18,2
PureGlow Soaps International (Fictional Dummy Company),Global Manufacturing Head - PureGlow Soaps,Australia,Fiji,Labasa,FCT036,Labasa Soap Plant,LN0107,Line-2,2026-07-03 07:00:00,2026-07-03,7,Morning,Coconut Bar Soap,0.78,60.0,5.3,Changeover/Setup,54.7,47,39,1,38,1.66,97.44,82.98,91.17,91.41,81.21,4.07,15.08,3
PureGlow Soaps International (Fictional Dummy Company),Global Manufacturing Head - PureGlow Soaps,Australia,Fiji,Labasa,FCT036,Labasa Soap Plant,LN0108,Line-3,2026-07-03 07:00:00,2026-07-03,7,Morning,Charcoal Bar Soap,0.86,60.0,21.9,Machine Breakdown,38.1,52,27,0,27,1.56,100.0,51.92,63.5,82.4,52.32,2.32,12.43,2
PureGlow Soaps International (Fictional Dummy Company),Global Manufacturing Head - PureGlow Soaps,Australia,Fiji,Labasa,FCT036,Labasa Soap Plant,LN0106,Line-1,2026-07-03 08:00:00,2026-07-03,8,Morning,Rose Bar Soap,1.5,60.0,7.8,Quality Hold,52.2,90,72,5,67,7.32,93.06,80.0,87.0,91.95,74.44,7.6,17.4,1
PureGlow Soaps International (Fictional Dummy Company),Global Manufacturing Head - PureGlow Soaps,Australia,Fiji,Labasa,FCT036,Labasa Soap Plant,LN0107,Line-2,2026-07-03 08:00:00,2026-07-03,8,Morning,Coconut Bar Soap,0.78,60.0,17.0,Changeover/Setup,43.0,47,28,0,28,1.08,100.0,59.57,71.67,83.48,59.83,2.76,10.45,1
PureGlow Soaps International (Fictional Dummy Company),Global Manufacturing Head - PureGlow Soaps,Australia,Fiji,Labasa,FCT036,Labasa Soap Plant,LN0108,Line-3,2026-07-03 08:00:00,2026-07-03,8,Morning,Charcoal Bar Soap,0.86,60.0,20.7,Preventive Maintenance,39.3,52,31,2,29,5.86,93.55,59.62,65.5,91.72,56.2,2.99,12.93,2
PureGlow Soaps International (Fictional Dummy Company),Global Manufacturing Head - PureGlow Soaps,Australia,Fiji,Labasa,FCT036,Labasa Soap Plant,LN0106,Line-1,2026-07-03 09:00:00,2026-07-03,9,Morning,Rose Bar Soap,1.5,60.0,0.8,No Downtime,59.2,90,89,3,86,2.91,96.63,98.89,98.67,100.23,95.56,8.47,21.04,3
PureGlow Soaps International (Fictional Dummy Company),Global Manufacturing Head - PureGlow Soaps,Australia,Fiji,Labasa,FCT036,Labasa Soap Plant,LN0107,Line-2,2026-07-03 09:00:00,2026-07-03,9,Morning,Coconut Bar Soap,0.78,60.0,3.1,No Downtime,56.9,47,44,1,43,1.95,97.73,93.62,94.83,99.14,91.88,4.33,16.11,2
PureGlow Soaps International (Fictional Dummy Company),Global Manufacturing Head - PureGlow Soaps,Australia,Fiji,Labasa,FCT036,Labasa Soap Plant,LN0108,Line-3,2026-07-03 09:00:00,2026-07-03,9,Morning,Charcoal Bar Soap,0.86,60.0,17.1,Machine Breakdown,42.9,52,36,1,35,3.7,97.22,69.23,71.5,97.58,67.83,3.76,11.86,1
PureGlow Soaps International (Fictional Dummy Company),Global Manufacturing Head - PureGlow Soaps,Australia,Fiji,Labasa,FCT036,Labasa Soap Plant,LN0106,Line-1,2026-07-03 10:00:00,2026-07-03,10,Morning,Rose Bar Soap,1.5,60.0,33.1,Machine Breakdown,26.9,90,34,1,33,3.62,97.06,37.78,44.83,84.26,36.66,2.9,8.21,2
PureGlow Soaps International (Fictional Dummy Company),Global Manufacturing Head - PureGlow Soaps,Australia,Fiji,Labasa,FCT036,Labasa Soap Plant,LN0107,Line-2,2026-07-03 10:00:00,2026-07-03,10,Morning,Coconut Bar Soap,0.78,60.0,2.3,No Downtime,57.7,47,36,2,34,4.48,94.44,76.6,96.17,79.99,72.65,3.1,14.63,3
PureGlow Soaps International (Fictional Dummy Company),Global Manufacturing Head - PureGlow Soaps,Australia,Fiji,Labasa,FCT036,Labasa Soap Plant,LN0108,Line-3,2026-07-03 10:00:00,2026-07-03,10,Morning,Charcoal Bar Soap,0.86,60.0,17.5,Changeover/Setup,42.5,52,36,2,34,4.44,94.44,69.23,70.83,98.5,65.89,3.55,12.21,2
PureGlow Soaps International (Fictional Dummy Company),Global Manufacturing Head - PureGlow Soaps,Australia,Fiji,Labasa,FCT036,Labasa Soap Plant,LN0106,Line-1,2026-07-03 11:00:00,2026-07-03,11,Morning,Rose Bar Soap,1.5,60.0,17.8,Changeover/Setup,42.2,90,65,2,63,3.44,96.92,72.22,70.33,102.69,70.0,6.35,15.36,2
PureGlow Soaps International (Fictional Dummy Company),Global Manufacturing Head - PureGlow Soaps,Australia,Fiji,Labasa,FCT036,Labasa Soap Plant,LN0107,Line-2,2026-07-03 11:00:00,2026-07-03,11,Morning,Coconut Bar Soap,0.78,60.0,1.0,No Downtime,59.0,47,40,0,40,1.24,100.0,85.11,98.33,86.92,85.47,4.2,14.5,2
PureGlow Soaps International (Fictional Dummy Company),Global Manufacturing Head - PureGlow Soaps,Australia,Fiji,Labasa,FCT036,Labasa Soap Plant,LN0108,Line-3,2026-07-03 11:00:00,2026-07-03,11,Morning,Charcoal Bar Soap,0.86,60.0,21.0,Preventive Maintenance,39.0,52,27,1,26,2.48,96.3,51.92,65.0,80.5,50.39,2.47,10.96,2
PureGlow Soaps International (Fictional Dummy Company),Global Manufacturing Head - PureGlow Soaps,Australia,Fiji,Labasa,FCT036,Labasa Soap Plant,LN0106,Line-1,2026-07-03 12:00:00,2026-07-03,12,Morning,Rose Bar Soap,1.5,60.0,18.7,Changeover/Setup,41.3,90,58,1,57,2.19,98.28,64.44,68.83,93.62,63.33,6.17,14.85,2
PureGlow Soaps International (Fictional Dummy Company),Global Manufacturing Head - PureGlow Soaps,Australia,Fiji,Labasa,FCT036,Labasa Soap Plant,LN0107,Line-2,2026-07-03 12:00:00,2026-07-03,12,Morning,Coconut Bar Soap,0.78,60.0,13.5,Changeover/Setup,46.5,47,30,1,29,2.46,96.67,63.83,77.5,82.71,61.97,2.92,13.15,1
PureGlow Soaps International (Fictional Dummy Company),Global Manufacturing Head - PureGlow Soaps,Australia,Fiji,Labasa,FCT036,Labasa Soap Plant,LN0108,Line-3,2026-07-03 12:00:00,2026-07-03,12,Morning,Charcoal Bar Soap,0.86,60.0,3.6,No Downtime,56.4,52,42,1,41,3.34,97.62,80.77,94.0,86.59,79.46,3.68,16.13,3
PureGlow Soaps International (Fictional Dummy Company),Global Manufacturing Head - PureGlow Soaps,Australia,Fiji,Labasa,FCT036,Labasa Soap Plant,LN0106,Line-1,2026-07-03 13:00:00,2026-07-03,13,Morning,Rose Bar Soap,1.5,60.0,21.3,Power Outage,38.7,90,52,1,51,1.75,98.08,57.78,64.5,89.58,56.67,5.04,13.12,1
PureGlow Soaps International (Fictional Dummy Company),Global Manufacturing Head - PureGlow Soaps,Australia,Fiji,Labasa,FCT036,Labasa Soap Plant,LN0107,Line-2,2026-07-03 13:00:00,2026-07-03,13,Morning,Coconut Bar Soap,0.78,60.0,2.1,No Downtime,57.9,47,36,2,34,4.23,94.44,76.6,96.5,79.71,72.64,3.09,14.82,3
PureGlow Soaps International (Fictional Dummy Company),Global Manufacturing Head - PureGlow Soaps,Australia,Fiji,Labasa,FCT036,Labasa Soap Plant,LN0108,Line-3,2026-07-03 13:00:00,2026-07-03,13,Morning,Charcoal Bar Soap,0.86,60.0,44.7,Machine Breakdown,15.3,52,12,0,12,3.78,100.0,23.08,25.5,91.2,23.26,1.24,4.78,1
PureGlow Soaps International (Fictional Dummy Company),Global Manufacturing Head - PureGlow Soaps,Australia,Fiji,Labasa,FCT036,Labasa Soap Plant,LN0106,Line-1,2026-07-03 14:00:00,2026-07-03,14,Afternoon,Rose Bar Soap,1.5,60.0,2.8,No Downtime,57.2,90,77,2,75,2.6,97.4,85.56,95.33,89.74,83.32,7.28,19.05,2
PureGlow Soaps International (Fictional Dummy Company),Global Manufacturing Head - PureGlow Soaps,Australia,Fiji,Labasa,FCT036,Labasa Soap Plant,LN0107,Line-2,2026-07-03 14:00:00,2026-07-03,14,Afternoon,Coconut Bar Soap,0.78,60.0,1.9,No Downtime,58.1,47,45,1,44,2.25,97.78,95.74,96.83,99.3,94.02,4.79,15.79,1
PureGlow Soaps International (Fictional Dummy Company),Global Manufacturing Head - PureGlow Soaps,Australia,Fiji,Labasa,FCT036,Labasa Soap Plant,LN0108,Line-3,2026-07-03 14:00:00,2026-07-03,14,Afternoon,Charcoal Bar Soap,0.86,60.0,17.9,Material Shortage,42.1,52,35,2,33,5.26,94.29,67.31,70.17,96.67,63.96,3.62,14.01,3
PureGlow Soaps International (Fictional Dummy Company),Global Manufacturing Head - PureGlow Soaps,Australia,Fiji,Labasa,FCT036,Labasa Soap Plant,LN0106,Line-1,2026-07-03 15:00:00,2026-07-03,15,Afternoon,Rose Bar Soap,1.5,60.0,17.7,Changeover/Setup,42.3,90,63,3,60,4.04,95.24,70.0,70.5,99.29,66.67,5.85,13.27,3
PureGlow Soaps International (Fictional Dummy Company),Global Manufacturing Head - PureGlow Soaps,Australia,Fiji,Labasa,FCT036,Labasa Soap Plant,LN0107,Line-2,2026-07-03 15:00:00,2026-07-03,15,Afternoon,Coconut Bar Soap,0.78,60.0,2.3,No Downtime,57.7,47,42,0,42,0.0,100.0,89.36,96.17,93.32,89.75,4.15,16.33,3
PureGlow Soaps International (Fictional Dummy Company),Global Manufacturing Head - PureGlow Soaps,Australia,Fiji,Labasa,FCT036,Labasa Soap Plant,LN0108,Line-3,2026-07-03 15:00:00,2026-07-03,15,Afternoon,Charcoal Bar Soap,0.86,60.0,3.5,No Downtime,56.5,52,49,2,47,3.18,95.92,94.23,94.17,100.84,91.09,5.22,15.82,1
PureGlow Soaps International (Fictional Dummy Company),Global Manufacturing Head - PureGlow Soaps,Australia,Fiji,Labasa,FCT036,Labasa Soap Plant,LN0106,Line-1,2026-07-03 16:00:00,2026-07-03,16,Afternoon,Rose Bar Soap,1.5,60.0,29.5,Power Outage,30.5,90,42,1,41,1.4,97.62,46.67,50.83,91.8,45.55,4.18,9.82,2
PureGlow Soaps International (Fictional Dummy Company),Global Manufacturing Head - PureGlow Soaps,Australia,Fiji,Labasa,FCT036,Labasa Soap Plant,LN0107,Line-2,2026-07-03 16:00:00,2026-07-03,16,Afternoon,Coconut Bar Soap,0.78,60.0,7.4,Changeover/Setup,52.6,47,34,0,34,0.71,100.0,72.34,87.67,82.87,72.65,3.19,14.38,3
PureGlow Soaps International (Fictional Dummy Company),Global Manufacturing Head - PureGlow Soaps,Australia,Fiji,Labasa,FCT036,Labasa Soap Plant,LN0108,Line-3,2026-07-03 16:00:00,2026-07-03,16,Afternoon,Charcoal Bar Soap,0.86,60.0,18.7,Power Outage,41.3,52,34,1,33,1.5,97.06,65.38,68.83,95.73,63.95,3.24,13.45,2
PureGlow Soaps International (Fictional Dummy Company),Global Manufacturing Head - PureGlow Soaps,Australia,Fiji,Labasa,FCT036,Labasa Soap Plant,LN0106,Line-1,2026-07-03 17:00:00,2026-07-03,17,Afternoon,Rose Bar Soap,1.5,60.0,30.1,Preventive Maintenance,29.9,90,40,1,39,2.53,97.5,44.44,49.83,89.19,43.33,4.15,9.53,2
PureGlow Soaps International (Fictional Dummy Company),Global Manufacturing Head - PureGlow Soaps,Australia,Fiji,Labasa,FCT036,Labasa Soap Plant,LN0107,Line-2,2026-07-03 17:00:00,2026-07-03,17,Afternoon,Coconut Bar Soap,0.78,60.0,30.4,Machine Breakdown,29.6,47,24,0,24,1.66,100.0,51.06,49.33,103.95,51.28,2.26,7.11,2
PureGlow Soaps International (Fictional Dummy Company),Global Manufacturing Head - PureGlow Soaps,Australia,Fiji,Labasa,FCT036,Labasa Soap Plant,LN0108,Line-3,2026-07-03 17:00:00,2026-07-03,17,Afternoon,Charcoal Bar Soap,0.86,60.0,23.2,Material Shortage,36.8,52,29,1,28,2.75,96.55,55.77,61.33,91.63,54.26,3.14,10.13,3
PureGlow Soaps International (Fictional Dummy Company),Global Manufacturing Head - PureGlow Soaps,Australia,Fiji,Labasa,FCT036,Labasa Soap Plant,LN0106,Line-1,2026-07-03 18:00:00,2026-07-03,18,Afternoon,Rose Bar Soap,1.5,60.0,0.8,No Downtime,59.2,90,84,2,82,2.42,97.62,93.33,98.67,94.59,91.11,7.97,21.41,1
PureGlow Soaps International (Fictional Dummy Company),Global Manufacturing Head - PureGlow Soaps,Australia,Fiji,Labasa,FCT036,Labasa Soap Plant,LN0107,Line-2,2026-07-03 18:00:00,2026-07-03,18,Afternoon,Coconut Bar Soap,0.78,60.0,5.8,Changeover/Setup,54.2,47,42,0,42,1.11,100.0,89.36,90.33,99.35,89.74,4.27,14.97,3
PureGlow Soaps International (Fictional Dummy Company),Global Manufacturing Head - PureGlow Soaps,Australia,Fiji,Labasa,FCT036,Labasa Soap Plant,LN0108,Line-3,2026-07-03 18:00:00,2026-07-03,18,Afternoon,Charcoal Bar Soap,0.86,60.0,18.0,Changeover/Setup,42.0,52,31,1,30,2.54,96.77,59.62,70.0,85.83,58.14,3.09,12.65,1
PureGlow Soaps International (Fictional Dummy Company),Global Manufacturing Head - PureGlow Soaps,Australia,Fiji,Labasa,FCT036,Labasa Soap Plant,LN0106,Line-1,2026-07-03 19:00:00,2026-07-03,19,Afternoon,Rose Bar Soap,1.5,60.0,2.0,No Downtime,58.0,90,86,1,85,1.54,98.84,95.56,96.67,98.85,94.45,7.64,18.81,3
PureGlow Soaps International (Fictional Dummy Company),Global Manufacturing Head - PureGlow Soaps,Australia,Fiji,Labasa,FCT036,Labasa Soap Plant,LN0107,Line-2,2026-07-03 19:00:00,2026-07-03,19,Afternoon,Coconut Bar Soap,0.78,60.0,0.5,No Downtime,59.5,47,39,2,37,4.18,94.87,82.98,99.17,84.03,79.06,4.11,16.14,2
PureGlow Soaps International (Fictional Dummy Company),Global Manufacturing Head - PureGlow Soaps,Australia,Fiji,Labasa,FCT036,Labasa Soap Plant,LN0108,Line-3,2026-07-03 19:00:00,2026-07-03,19,Afternoon,Charcoal Bar Soap,0.86,60.0,30.4,Material Shortage,29.6,52,25,1,24,2.54,96.0,48.08,49.33,98.21,46.51,2.36,9.7,1
PureGlow Soaps International (Fictional Dummy Company),Global Manufacturing Head - PureGlow Soaps,Australia,Fiji,Labasa,FCT036,Labasa Soap Plant,LN0106,Line-1,2026-07-03 20:00:00,2026-07-03,20,Afternoon,Rose Bar Soap,1.5,60.0,1.6,No Downtime,58.4,90,83,1,82,1.07,98.8,92.22,97.33,94.75,91.11,8.57,17.68,1
PureGlow Soaps International (Fictional Dummy Company),Global Manufacturing Head - PureGlow Soaps,Australia,Fiji,Labasa,FCT036,Labasa Soap Plant,LN0107,Line-2,2026-07-03 20:00:00,2026-07-03,20,Afternoon,Coconut Bar Soap,0.78,60.0,21.3,Power Outage,38.7,47,25,1,24,4.14,96.0,53.19,64.5,82.82,51.28,2.14,10.23,1
PureGlow Soaps International (Fictional Dummy Company),Global Manufacturing Head - PureGlow Soaps,Australia,Fiji,Labasa,FCT036,Labasa Soap Plant,LN0108,Line-3,2026-07-03 20:00:00,2026-07-03,20,Afternoon,Charcoal Bar Soap,0.86,60.0,3.6,No Downtime,56.4,52,42,1,41,2.82,97.62,80.77,94.0,86.59,79.46,3.94,15.73,3
PureGlow Soaps International (Fictional Dummy Company),Global Manufacturing Head - PureGlow Soaps,Australia,Fiji,Labasa,FCT036,Labasa Soap Plant,LN0106,Line-1,2026-07-03 21:00:00,2026-07-03,21,Afternoon,Rose Bar Soap,1.5,60.0,0.5,No Downtime,59.5,90,72,1,71,1.67,98.61,80.0,99.17,80.67,78.89,6.78,20.41,2
PureGlow Soaps International (Fictional Dummy Company),Global Manufacturing Head - PureGlow Soaps,Australia,Fiji,Labasa,FCT036,Labasa Soap Plant,LN0107,Line-2,2026-07-03 21:00:00,2026-07-03,21,Afternoon,Coconut Bar Soap,0.78,60.0,0.6,No Downtime,59.4,47,42,1,41,3.4,97.62,89.36,99.0,90.65,87.61,4.08,16.89,1
PureGlow Soaps International (Fictional Dummy Company),Global Manufacturing Head - PureGlow Soaps,Australia,Fiji,Labasa,FCT036,Labasa Soap Plant,LN0108,Line-3,2026-07-03 21:00:00,2026-07-03,21,Afternoon,Charcoal Bar Soap,0.86,60.0,18.7,Power Outage,41.3,52,30,1,29,2.66,96.67,57.69,68.83,84.46,56.2,2.74,11.56,1
PureGlow Soaps International (Fictional Dummy Company),Global Manufacturing Head - PureGlow Soaps,Australia,Fiji,Labasa,FCT036,Labasa Soap Plant,LN0106,Line-1,2026-07-03 22:00:00,2026-07-03,22,Night,Rose Bar Soap,1.5,60.0,33.5,Preventive Maintenance,26.5,90,40,1,39,3.66,97.5,44.44,44.17,100.63,43.34,4.19,8.68,3
PureGlow Soaps International (Fictional Dummy Company),Global Manufacturing Head - PureGlow Soaps,Australia,Fiji,Labasa,FCT036,Labasa Soap Plant,LN0107,Line-2,2026-07-03 22:00:00,2026-07-03,22,Night,Coconut Bar Soap,0.78,60.0,1.4,No Downtime,58.6,47,40,2,38,4.3,95.0,85.11,97.67,87.51,81.2,3.46,16.85,3
PureGlow Soaps International (Fictional Dummy Company),Global Manufacturing Head - PureGlow Soaps,Australia,Fiji,Labasa,FCT036,Labasa Soap Plant,LN0108,Line-3,2026-07-03 22:00:00,2026-07-03,22,Night,Charcoal Bar Soap,0.86,60.0,1.6,No Downtime,58.4,52,43,2,41,4.25,95.35,82.69,97.33,85.62,79.46,4.24,16.07,2
PureGlow Soaps International (Fictional Dummy Company),Global Manufacturing Head - PureGlow Soaps,Australia,Fiji,Labasa,FCT036,Labasa Soap Plant,LN0106,Line-1,2026-07-03 23:00:00,2026-07-03,23,Night,Rose Bar Soap,1.5,60.0,9.7,Changeover/Setup,50.3,90,77,2,75,2.81,97.4,85.56,83.83,102.05,83.32,7.02,17.13,3
PureGlow Soaps International (Fictional Dummy Company),Global Manufacturing Head - PureGlow Soaps,Australia,Fiji,Labasa,FCT036,Labasa Soap Plant,LN0107,Line-2,2026-07-03 23:00:00,2026-07-03,23,Night,Coconut Bar Soap,0.78,60.0,10.9,Material Shortage,49.1,47,38,2,36,4.08,94.74,80.85,81.83,99.22,76.92,3.57,13.41,1
PureGlow Soaps International (Fictional Dummy Company),Global Manufacturing Head - PureGlow Soaps,Australia,Fiji,Labasa,FCT036,Labasa Soap Plant,LN0108,Line-3,2026-07-03 23:00:00,2026-07-03,23,Night,Charcoal Bar Soap,0.86,60.0,23.5,Machine Breakdown,36.5,52,27,1,26,2.88,96.3,51.92,60.83,86.01,50.38,2.65,10.47,3
PureGlow Soaps International (Fictional Dummy Company),Global Manufacturing Head - PureGlow Soaps,Australia,Fiji,Labasa,FCT036,Labasa Soap Plant,LN0106,Line-1,2026-07-04 00:00:00,2026-07-04,0,Night,Neem Bar Soap,1.5,60.0,38.9,Machine Breakdown,21.1,90,31,1,30,2.08,96.77,34.44,35.17,97.95,33.34,3.27,6.62,3
PureGlow Soaps International (Fictional Dummy Company),Global Manufacturing Head - PureGlow Soaps,Australia,Fiji,Labasa,FCT036,Labasa Soap Plant,LN0107,Line-2,2026-07-04 00:00:00,2026-07-04,0,Night,Aloe Vera Liquid Soap,0.78,60.0,18.8,Material Shortage,41.2,47,33,2,31,4.59,93.94,70.21,68.67,102.69,66.24,3.4,10.67,2
PureGlow Soaps International (Fictional Dummy Company),Global Manufacturing Head - PureGlow Soaps,Australia,Fiji,Labasa,FCT036,Labasa Soap Plant,LN0108,Line-3,2026-07-04 00:00:00,2026-07-04,0,Night,Sandalwood Bar Soap,0.86,60.0,2.8,No Downtime,57.2,52,40,1,39,2.9,97.5,76.92,95.33,81.31,75.58,3.57,16.71,1
PureGlow Soaps International (Fictional Dummy Company),Global Manufacturing Head - PureGlow Soaps,Australia,Fiji,Labasa,FCT036,Labasa Soap Plant,LN0106,Line-1,2026-07-04 01:00:00,2026-07-04,1,Night,Neem Bar Soap,1.5,60.0,0.9,No Downtime,59.1,90,78,5,73,6.07,93.59,86.67,98.5,87.99,81.11,7.64,21.12,1
PureGlow Soaps International (Fictional Dummy Company),Global Manufacturing Head - PureGlow Soaps,Australia,Fiji,Labasa,FCT036,Labasa Soap Plant,LN0107,Line-2,2026-07-04 01:00:00,2026-07-04,1,Night,Aloe Vera Liquid Soap,0.78,60.0,8.5,Quality Hold,51.5,47,34,3,31,8.26,91.18,72.34,85.83,84.64,66.24,2.9,13.95,2
PureGlow Soaps International (Fictional Dummy Company),Global Manufacturing Head - PureGlow Soaps,Australia,Fiji,Labasa,FCT036,Labasa Soap Plant,LN0108,Line-3,2026-07-04 01:00:00,2026-07-04,1,Night,Sandalwood Bar Soap,0.86,60.0,39.1,Machine Breakdown,20.9,52,16,0,16,2.38,100.0,30.77,34.83,89.02,31.01,1.37,6.51,1
PureGlow Soaps International (Fictional Dummy Company),Global Manufacturing Head - PureGlow Soaps,Australia,Fiji,Labasa,FCT036,Labasa Soap Plant,LN0106,Line-1,2026-07-04 02:00:00,2026-07-04,2,Night,Neem Bar Soap,1.5,60.0,14.8,Quality Hold,45.2,90,61,6,55,9.32,90.16,67.78,75.33,89.97,61.11,5.79,15.79,1
PureGlow Soaps International (Fictional Dummy Company),Global Manufacturing Head - PureGlow Soaps,Australia,Fiji,Labasa,FCT036,Labasa Soap Plant,LN0107,Line-2,2026-07-04 02:00:00,2026-07-04,2,Night,Aloe Vera Liquid Soap,0.78,60.0,11.3,Changeover/Setup,48.7,47,39,2,37,4.63,94.87,82.98,81.17,102.67,79.06,3.42,13.82,3
PureGlow Soaps International (Fictional Dummy Company),Global Manufacturing Head - PureGlow Soaps,Australia,Fiji,Labasa,FCT036,Labasa Soap Plant,LN0108,Line-3,2026-07-04 02:00:00,2026-07-04,2,Night,Sandalwood Bar Soap,0.86,60.0,32.2,Preventive Maintenance,27.8,52,21,1,20,2.52,95.24,40.38,46.33,87.84,38.76,1.84,9.18,1
PureGlow Soaps International (Fictional Dummy Company),Global Manufacturing Head - PureGlow Soaps,Australia,Fiji,Labasa,FCT036,Labasa Soap Plant,LN0106,Line-1,2026-07-04 03:00:00,2026-07-04,3,Night,Neem Bar Soap,1.5,60.0,5.2,Changeover/Setup,54.8,90,75,1,74,1.47,98.67,83.33,91.33,91.24,82.22,6.56,18.84,2
PureGlow Soaps International (Fictional Dummy Company),Global Manufacturing Head - PureGlow Soaps,Australia,Fiji,Labasa,FCT036,Labasa Soap Plant,LN0107,Line-2,2026-07-04 03:00:00,2026-07-04,3,Night,Aloe Vera Liquid Soap,0.78,60.0,10.2,Quality Hold,49.8,47,40,4,36,9.85,90.0,85.11,83.0,102.98,76.93,3.73,12.49,2
PureGlow Soaps International (Fictional Dummy Company),Global Manufacturing Head - PureGlow Soaps,Australia,Fiji,Labasa,FCT036,Labasa Soap Plant,LN0108,Line-3,2026-07-04 03:00:00,2026-07-04,3,Night,Sandalwood Bar Soap,0.86,60.0,3.9,No Downtime,56.1,52,42,1,41,3.0,97.62,80.77,93.5,87.05,79.45,4.26,15.99,1
PureGlow Soaps International (Fictional Dummy Company),Global Manufacturing Head - PureGlow Soaps,Australia,Fiji,Labasa,FCT036,Labasa Soap Plant,LN0106,Line-1,2026-07-04 04:00:00,2026-07-04,4,Night,Neem Bar Soap,1.5,60.0,38.0,Machine Breakdown,22.0,90,30,1,29,1.68,96.67,33.33,36.67,90.91,32.23,3.09,8.1,3
PureGlow Soaps International (Fictional Dummy Company),Global Manufacturing Head - PureGlow Soaps,Australia,Fiji,Labasa,FCT036,Labasa Soap Plant,LN0107,Line-2,2026-07-04 04:00:00,2026-07-04,4,Night,Aloe Vera Liquid Soap,0.78,60.0,6.7,Power Outage,53.3,47,37,1,36,2.47,97.3,78.72,88.83,89.0,76.92,3.81,13.71,1
PureGlow Soaps International (Fictional Dummy Company),Global Manufacturing Head - PureGlow Soaps,Australia,Fiji,Labasa,FCT036,Labasa Soap Plant,LN0108,Line-3,2026-07-04 04:00:00,2026-07-04,4,Night,Sandalwood Bar Soap,0.86,60.0,11.1,Staff Shortage,48.9,52,39,1,38,1.91,97.44,75.0,81.5,92.74,73.65,3.71,14.96,3
PureGlow Soaps International (Fictional Dummy Company),Global Manufacturing Head - PureGlow Soaps,Australia,Fiji,Labasa,FCT036,Labasa Soap Plant,LN0106,Line-1,2026-07-04 05:00:00,2026-07-04,5,Night,Neem Bar Soap,1.5,60.0,19.3,Machine Breakdown,40.7,90,52,1,51,2.76,98.08,57.78,67.83,85.18,56.67,4.44,13.54,2
PureGlow Soaps International (Fictional Dummy Company),Global Manufacturing Head - PureGlow Soaps,Australia,Fiji,Labasa,FCT036,Labasa Soap Plant,LN0107,Line-2,2026-07-04 05:00:00,2026-07-04,5,Night,Aloe Vera Liquid Soap,0.78,60.0,21.8,Preventive Maintenance,38.2,47,28,1,27,3.89,96.43,59.57,63.67,93.97,57.69,2.66,10.29,3
PureGlow Soaps International (Fictional Dummy Company),Global Manufacturing Head - PureGlow Soaps,Australia,Fiji,Labasa,FCT036,Labasa Soap Plant,LN0108,Line-3,2026-07-04 05:00:00,2026-07-04,5,Night,Sandalwood Bar Soap,0.86,60.0,0.5,No Downtime,59.5,52,42,2,40,5.1,95.24,80.77,99.17,82.08,77.52,3.73,18.01,1
PureGlow Soaps International (Fictional Dummy Company),Global Manufacturing Head - PureGlow Soaps,Australia,Fiji,Labasa,FCT036,Labasa Soap Plant,LN0106,Line-1,2026-07-04 06:00:00,2026-07-04,6,Morning,Neem Bar Soap,1.5,60.0,19.1,Material Shortage,40.9,90,61,2,59,2.49,96.72,67.78,68.17,99.43,65.56,5.4,12.78,2
PureGlow Soaps International (Fictional Dummy Company),Global Manufacturing Head - PureGlow Soaps,Australia,Fiji,Labasa,FCT036,Labasa Soap Plant,LN0107,Line-2,2026-07-04 06:00:00,2026-07-04,6,Morning,Aloe Vera Liquid Soap,0.78,60.0,2.4,No Downtime,57.6,47,41,1,40,3.0,97.56,87.23,96.0,91.26,85.47,4.02,16.16,2
PureGlow Soaps International (Fictional Dummy Company),Global Manufacturing Head - PureGlow Soaps,Australia,Fiji,Labasa,FCT036,Labasa Soap Plant,LN0108,Line-3,2026-07-04 06:00:00,2026-07-04,6,Morning,Sandalwood Bar Soap,0.86,60.0,2.5,No Downtime,57.5,52,48,1,47,2.51,97.92,92.31,95.83,97.07,91.09,4.88,17.12,1
PureGlow Soaps International (Fictional Dummy Company),Global Manufacturing Head - PureGlow Soaps,Australia,Fiji,Labasa,FCT036,Labasa Soap Plant,LN0106,Line-1,2026-07-04 07:00:00,2026-07-04,7,Morning,Neem Bar Soap,1.5,60.0,3.6,No Downtime,56.4,90,80,3,77,4.14,96.25,88.89,94.0,94.56,85.55,7.42,20.62,2
PureGlow Soaps International (Fictional Dummy Company),Global Manufacturing Head - PureGlow Soaps,Australia,Fiji,Labasa,FCT036,Labasa Soap Plant,LN0107,Line-2,2026-07-04 07:00:00,2026-07-04,7,Morning,Aloe Vera Liquid Soap,0.78,60.0,1.2,No Downtime,58.8,47,46,2,44,4.3,95.65,97.87,98.0,100.3,94.02,5.05,16.68,1
PureGlow Soaps International (Fictional Dummy Company),Global Manufacturing Head - PureGlow Soaps,Australia,Fiji,Labasa,FCT036,Labasa Soap Plant,LN0108,Line-3,2026-07-04 07:00:00,2026-07-04,7,Morning,Sandalwood Bar Soap,0.86,60.0,41.5,Machine Breakdown,18.5,52,16,0,16,2.39,100.0,30.77,30.83,100.57,31.01,1.67,5.53,1
PureGlow Soaps International (Fictional Dummy Company),Global Manufacturing Head - PureGlow Soaps,Australia,Fiji,Labasa,FCT036,Labasa Soap Plant,LN0106,Line-1,2026-07-04 08:00:00,2026-07-04,8,Morning,Neem Bar Soap,1.5,60.0,1.0,No Downtime,59.0,90,86,2,84,1.99,97.67,95.56,98.33,97.18,93.33,8.91,20.1,2
PureGlow Soaps International (Fictional Dummy Company),Global Manufacturing Head - PureGlow Soaps,Australia,Fiji,Labasa,FCT036,Labasa Soap Plant,LN0107,Line-2,2026-07-04 08:00:00,2026-07-04,8,Morning,Aloe Vera Liquid Soap,0.78,60.0,30.7,Machine Breakdown,29.3,47,22,1,21,4.02,95.45,46.81,48.83,96.26,44.87,1.97,7.72,3
PureGlow Soaps International (Fictional Dummy Company),Global Manufacturing Head - PureGlow Soaps,Australia,Fiji,Labasa,FCT036,Labasa Soap Plant,LN0108,Line-3,2026-07-04 08:00:00,2026-07-04,8,Morning,Sandalwood Bar Soap,0.86,60.0,3.2,No Downtime,56.8,52,44,1,43,2.66,97.73,84.62,94.67,90.08,83.34,4.52,17.06,2
PureGlow Soaps International (Fictional Dummy Company),Global Manufacturing Head - PureGlow Soaps,Australia,Fiji,Labasa,FCT036,Labasa Soap Plant,LN0106,Line-1,2026-07-04 09:00:00,2026-07-04,9,Morning,Neem Bar Soap,1.5,60.0,1.1,No Downtime,58.9,90,88,4,84,4.54,95.45,97.78,98.17,99.6,93.33,7.57,21.59,1
PureGlow Soaps International (Fictional Dummy Company),Global Manufacturing Head - PureGlow Soaps,Australia,Fiji,Labasa,FCT036,Labasa Soap Plant,LN0107,Line-2,2026-07-04 09:00:00,2026-07-04,9,Morning,Aloe Vera Liquid Soap,0.78,60.0,35.0,Machine Breakdown,25.0,47,19,1,18,3.35,94.74,40.43,41.67,97.44,38.47,1.91,6.84,3
PureGlow Soaps International (Fictional Dummy Company),Global Manufacturing Head - PureGlow Soaps,Australia,Fiji,Labasa,FCT036,Labasa Soap Plant,LN0108,Line-3,2026-07-04 09:00:00,2026-07-04,9,Morning,Sandalwood Bar Soap,0.86,60.0,1.6,No Downtime,58.4,52,43,2,41,3.73,95.35,82.69,97.33,85.62,79.46,4.65,18.43,2
PureGlow Soaps International (Fictional Dummy Company),Global Manufacturing Head - PureGlow Soaps,Australia,Fiji,Labasa,FCT036,Labasa Soap Plant,LN0106,Line-1,2026-07-04 10:00:00,2026-07-04,10,Morning,Neem Bar Soap,1.5,60.0,10.3,Machine Breakdown,49.7,90,61,2,59,3.86,96.72,67.78,82.83,81.82,65.55,6.63,16.8,3
PureGlow Soaps International (Fictional Dummy Company),Global Manufacturing Head - PureGlow Soaps,Australia,Fiji,Labasa,FCT036,Labasa Soap Plant,LN0107,Line-2,2026-07-04 10:00:00,2026-07-04,10,Morning,Aloe Vera Liquid Soap,0.78,60.0,22.3,Material Shortage,37.7,47,30,1,29,2.31,96.67,63.83,62.83,102.02,61.96,2.8,10.16,1
PureGlow Soaps International (Fictional Dummy Company),Global Manufacturing Head - PureGlow Soaps,Australia,Fiji,Labasa,FCT036,Labasa Soap Plant,LN0108,Line-3,2026-07-04 10:00:00,2026-07-04,10,Morning,Sandalwood Bar Soap,0.86,60.0,3.2,No Downtime,56.8,52,40,2,38,4.16,95.0,76.92,94.67,81.89,73.65,4.01,16.44,2
PureGlow Soaps International (Fictional Dummy Company),Global Manufacturing Head - PureGlow Soaps,Australia,Fiji,Labasa,FCT036,Labasa Soap Plant,LN0106,Line-1,2026-07-04 11:00:00,2026-07-04,11,Morning,Neem Bar Soap,1.5,60.0,4.0,No Downtime,56.0,90,69,2,67,2.57,97.1,76.67,93.33,82.14,74.44,6.94,17.38,3
PureGlow Soaps International (Fictional Dummy Company),Global Manufacturing Head - PureGlow Soaps,Australia,Fiji,Labasa,FCT036,Labasa Soap Plant,LN0107,Line-2,2026-07-04 11:00:00,2026-07-04,11,Morning,Aloe Vera Liquid Soap,0.78,60.0,17.0,Changeover/Setup,43.0,47,32,1,31,4.38,96.88,68.09,71.67,95.41,66.25,2.96,11.69,3
PureGlow Soaps International (Fictional Dummy Company),Global Manufacturing Head - PureGlow Soaps,Australia,Fiji,Labasa,FCT036,Labasa Soap Plant,LN0108,Line-3,2026-07-04 11:00:00,2026-07-04,11,Morning,Sandalwood Bar Soap,0.86,60.0,1.0,No Downtime,59.0,52,45,1,44,1.92,97.78,86.54,98.33,88.69,85.27,3.89,19.68,1
PureGlow Soaps International (Fictional Dummy Company),Global Manufacturing Head - PureGlow Soaps,Australia,Fiji,Labasa,FCT036,Labasa Soap Plant,LN0106,Line-1,2026-07-04 12:00:00,2026-07-04,12,Morning,Neem Bar Soap,1.5,60.0,31.0,Material Shortage,29.0,90,44,2,42,5.29,95.45,48.89,48.33,101.15,46.66,4.23,10.22,1
PureGlow Soaps International (Fictional Dummy Company),Global Manufacturing Head - PureGlow Soaps,Australia,Fiji,Labasa,FCT036,Labasa Soap Plant,LN0107,Line-2,2026-07-04 12:00:00,2026-07-04,12,Morning,Aloe Vera Liquid Soap,0.78,60.0,38.5,Machine Breakdown,21.5,47,16,0,16,2.63,100.0,34.04,35.83,95.41,34.19,1.65,5.21,2
PureGlow Soaps International (Fictional Dummy Company),Global Manufacturing Head - PureGlow Soaps,Australia,Fiji,Labasa,FCT036,Labasa Soap Plant,LN0108,Line-3,2026-07-04 12:00:00,2026-07-04,12,Morning,Sandalwood Bar Soap,0.86,60.0,17.1,Changeover/Setup,42.9,52,36,1,35,3.86,97.22,69.23,71.5,97.58,67.83,3.63,14.08,1
PureGlow Soaps International (Fictional Dummy Company),Global Manufacturing Head - PureGlow Soaps,Australia,Fiji,Labasa,FCT036,Labasa Soap Plant,LN0106,Line-1,2026-07-04 13:00:00,2026-07-04,13,Morning,Neem Bar Soap,1.5,60.0,6.0,Changeover/Setup,54.0,90,70,2,68,3.27,97.14,77.78,90.0,86.42,75.55,6.77,19.67,2
PureGlow Soaps International (Fictional Dummy Company),Global Manufacturing Head - PureGlow Soaps,Australia,Fiji,Labasa,FCT036,Labasa Soap Plant,LN0107,Line-2,2026-07-04 13:00:00,2026-07-04,13,Morning,Aloe Vera Liquid Soap,0.78,60.0,0.2,No Downtime,59.8,47,45,1,44,1.12,97.78,95.74,99.67,96.48,94.03,3.91,14.49,2
PureGlow Soaps International (Fictional Dummy Company),Global Manufacturing Head - PureGlow Soaps,Australia,Fiji,Labasa,FCT036,Labasa Soap Plant,LN0108,Line-3,2026-07-04 13:00:00,2026-07-04,13,Morning,Sandalwood Bar Soap,0.86,60.0,12.3,Changeover/Setup,47.7,52,39,1,38,2.31,97.44,75.0,79.5,95.07,73.65,3.62,13.32,2
PureGlow Soaps International (Fictional Dummy Company),Global Manufacturing Head - PureGlow Soaps,Australia,Fiji,Labasa,FCT036,Labasa Soap Plant,LN0106,Line-1,2026-07-04 14:00:00,2026-07-04,14,Afternoon,Neem Bar Soap,1.5,60.0,32.3,Machine Breakdown,27.7,90,36,1,35,2.5,97.22,40.0,46.17,86.64,38.89,3.72,9.93,2
PureGlow Soaps International (Fictional Dummy Company),Global Manufacturing Head - PureGlow Soaps,Australia,Fiji,Labasa,FCT036,Labasa Soap Plant,LN0107,Line-2,2026-07-04 14:00:00,2026-07-04,14,Afternoon,Aloe Vera Liquid Soap,0.78,60.0,14.2,Changeover/Setup,45.8,47,29,0,29,1.31,100.0,61.7,76.33,81.18,61.96,2.75,11.0,1
PureGlow Soaps International (Fictional Dummy Company),Global Manufacturing Head - PureGlow Soaps,Australia,Fiji,Labasa,FCT036,Labasa Soap Plant,LN0108,Line-3,2026-07-04 14:00:00,2026-07-04,14,Afternoon,Sandalwood Bar Soap,0.86,60.0,29.1,Machine Breakdown,30.9,52,26,1,25,3.36,96.15,50.0,51.5,97.84,48.45,2.62,9.59,2
PureGlow Soaps International (Fictional Dummy Company),Global Manufacturing Head - PureGlow Soaps,Australia,Fiji,Labasa,FCT036,Labasa Soap Plant,LN0106,Line-1,2026-07-04 15:00:00,2026-07-04,15,Afternoon,Neem Bar Soap,1.5,60.0,12.9,Material Shortage,47.1,90,72,2,70,2.65,97.22,80.0,78.5,101.91,77.78,7.76,16.99,2
PureGlow Soaps International (Fictional Dummy Company),Global Manufacturing Head - PureGlow Soaps,Australia,Fiji,Labasa,FCT036,Labasa Soap Plant,LN0107,Line-2,2026-07-04 15:00:00,2026-07-04,15,Afternoon,Aloe Vera Liquid Soap,0.78,60.0,3.5,No Downtime,56.5,47,42,2,40,4.62,95.24,89.36,94.17,95.3,85.47,4.15,15.54,3
PureGlow Soaps International (Fictional Dummy Company),Global Manufacturing Head - PureGlow Soaps,Australia,Fiji,Labasa,FCT036,Labasa Soap Plant,LN0108,Line-3,2026-07-04 15:00:00,2026-07-04,15,Afternoon,Sandalwood Bar Soap,0.86,60.0,3.8,No Downtime,56.2,52,47,0,47,0.91,100.0,90.38,93.67,97.24,91.08,4.28,17.42,3
PureGlow Soaps International (Fictional Dummy Company),Global Manufacturing Head - PureGlow Soaps,Australia,Fiji,Labasa,FCT036,Labasa Soap Plant,LN0106,Line-1,2026-07-04 16:00:00,2026-07-04,16,Afternoon,Neem Bar Soap,1.5,60.0,3.3,No Downtime,56.7,90,78,1,77,1.53,98.72,86.67,94.5,91.71,85.56,7.04,17.17,3
PureGlow Soaps International (Fictional Dummy Company),Global Manufacturing Head - PureGlow Soaps,Australia,Fiji,Labasa,FCT036,Labasa Soap Plant,LN0107,Line-2,2026-07-04 16:00:00,2026-07-04,16,Afternoon,Aloe Vera Liquid Soap,0.78,60.0,0.6,No Downtime,59.4,47,43,0,43,0.76,100.0,91.49,99.0,92.81,91.88,3.77,16.62,2
PureGlow Soaps International (Fictional Dummy Company),Global Manufacturing Head - PureGlow Soaps,Australia,Fiji,Labasa,FCT036,Labasa Soap Plant,LN0108,Line-3,2026-07-04 16:00:00,2026-07-04,16,Afternoon,Sandalwood Bar Soap,0.86,60.0,40.7,Machine Breakdown,19.3,52,16,1,15,3.91,93.75,30.77,32.17,96.4,29.07,1.48,5.87,1
PureGlow Soaps International (Fictional Dummy Company),Global Manufacturing Head - PureGlow Soaps,Australia,Fiji,Labasa,FCT036,Labasa Soap Plant,LN0106,Line-1,2026-07-04 17:00:00,2026-07-04,17,Afternoon,Neem Bar Soap,1.5,60.0,24.7,Power Outage,35.3,90,48,2,46,3.75,95.83,53.33,58.83,90.65,51.11,4.64,12.65,2
PureGlow Soaps International (Fictional Dummy Company),Global Manufacturing Head - PureGlow Soaps,Australia,Fiji,Labasa,FCT036,Labasa Soap Plant,LN0107,Line-2,2026-07-04 17:00:00,2026-07-04,17,Afternoon,Aloe Vera Liquid Soap,0.78,60.0,7.5,Quality Hold,52.5,47,35,2,33,6.83,94.29,74.47,87.5,85.47,70.52,3.81,15.06,3
PureGlow Soaps International (Fictional Dummy Company),Global Manufacturing Head - PureGlow Soaps,Australia,Fiji,Labasa,FCT036,Labasa Soap Plant,LN0108,Line-3,2026-07-04 17:00:00,2026-07-04,17,Afternoon,Sandalwood Bar Soap,0.86,60.0,3.6,No Downtime,56.4,52,40,1,39,2.76,97.5,76.92,94.0,82.47,75.58,4.31,18.23,2
PureGlow Soaps International (Fictional Dummy Company),Global Manufacturing Head - PureGlow Soaps,Australia,Fiji,Labasa,FCT036,Labasa Soap Plant,LN0106,Line-1,2026-07-04 18:00:00,2026-07-04,18,Afternoon,Neem Bar Soap,1.5,60.0,9.8,Changeover/Setup,50.2,90,61,1,60,2.01,98.36,67.78,83.67,81.01,66.67,6.58,15.92,1
PureGlow Soaps International (Fictional Dummy Company),Global Manufacturing Head - PureGlow Soaps,Australia,Fiji,Labasa,FCT036,Labasa Soap Plant,LN0107,Line-2,2026-07-04 18:00:00,2026-07-04,18,Afternoon,Aloe Vera Liquid Soap,0.78,60.0,1.4,No Downtime,58.6,47,45,1,44,1.6,97.78,95.74,97.67,98.45,94.02,4.07,16.54,2
PureGlow Soaps International (Fictional Dummy Company),Global Manufacturing Head - PureGlow Soaps,Australia,Fiji,Labasa,FCT036,Labasa Soap Plant,LN0108,Line-3,2026-07-04 18:00:00,2026-07-04,18,Afternoon,Sandalwood Bar Soap,0.86,60.0,3.6,No Downtime,56.4,52,45,1,44,1.25,97.78,86.54,94.0,92.78,85.28,4.17,15.82,2
PureGlow Soaps International (Fictional Dummy Company),Global Manufacturing Head - PureGlow Soaps,Australia,Fiji,Labasa,FCT036,Labasa Soap Plant,LN0106,Line-1,2026-07-04 19:00:00,2026-07-04,19,Afternoon,Neem Bar Soap,1.5,60.0,43.1,Machine Breakdown,16.9,90,22,1,21,3.67,95.45,24.44,28.17,86.79,23.34,2.41,5.36,2
PureGlow Soaps International (Fictional Dummy Company),Global Manufacturing Head - PureGlow Soaps,Australia,Fiji,Labasa,FCT036,Labasa Soap Plant,LN0107,Line-2,2026-07-04 19:00:00,2026-07-04,19,Afternoon,Aloe Vera Liquid Soap,0.78,60.0,31.5,Material Shortage,28.5,47,19,1,18,2.75,94.74,40.43,47.5,85.47,38.46,2.03,7.9,2
PureGlow Soaps International (Fictional Dummy Company),Global Manufacturing Head - PureGlow Soaps,Australia,Fiji,Labasa,FCT036,Labasa Soap Plant,LN0108,Line-3,2026-07-04 19:00:00,2026-07-04,19,Afternoon,Sandalwood Bar Soap,0.86,60.0,15.4,Staff Shortage,44.6,52,35,0,35,0.0,100.0,67.31,74.33,91.25,67.83,3.65,13.24,2
PureGlow Soaps International (Fictional Dummy Company),Global Manufacturing Head - PureGlow Soaps,Australia,Fiji,Labasa,FCT036,Labasa Soap Plant,LN0106,Line-1,2026-07-04 20:00:00,2026-07-04,20,Afternoon,Neem Bar Soap,1.5,60.0,8.6,Staff Shortage,51.4,90,70,3,67,4.98,95.71,77.78,85.67,90.79,74.44,7.64,18.76,2
PureGlow Soaps International (Fictional Dummy Company),Global Manufacturing Head - PureGlow Soaps,Australia,Fiji,Labasa,FCT036,Labasa Soap Plant,LN0107,Line-2,2026-07-04 20:00:00,2026-07-04,20,Afternoon,Aloe Vera Liquid Soap,0.78,60.0,0.9,No Downtime,59.1,47,40,0,40,1.09,100.0,85.11,98.5,86.77,85.47,3.86,16.57,1
PureGlow Soaps International (Fictional Dummy Company),Global Manufacturing Head - PureGlow Soaps,Australia,Fiji,Labasa,FCT036,Labasa Soap Plant,LN0108,Line-3,2026-07-04 20:00:00,2026-07-04,20,Afternoon,Sandalwood Bar Soap,0.86,60.0,3.8,No Downtime,56.2,52,42,1,41,2.38,97.62,80.77,93.67,86.9,79.46,4.5,16.48,2
PureGlow Soaps International (Fictional Dummy Company),Global Manufacturing Head - PureGlow Soaps,Australia,Fiji,Labasa,FCT036,Labasa Soap Plant,LN0106,Line-1,2026-07-04 21:00:00,2026-07-04,21,Afternoon,Neem Bar Soap,1.5,60.0,28.9,Machine Breakdown,31.1,90,38,1,37,3.65,97.37,42.22,51.83,81.46,41.11,3.51,10.54,1
PureGlow Soaps International (Fictional Dummy Company),Global Manufacturing Head - PureGlow Soaps,Australia,Fiji,Labasa,FCT036,Labasa Soap Plant,LN0107,Line-2,2026-07-04 21:00:00,2026-07-04,21,Afternoon,Aloe Vera Liquid Soap,0.78,60.0,10.5,Changeover/Setup,49.5,47,36,1,35,2.2,97.22,76.6,82.5,93.24,74.78,3.59,12.17,2
PureGlow Soaps International (Fictional Dummy Company),Global Manufacturing Head - PureGlow Soaps,Australia,Fiji,Labasa,FCT036,Labasa Soap Plant,LN0108,Line-3,2026-07-04 21:00:00,2026-07-04,21,Afternoon,Sandalwood Bar Soap,0.86,60.0,10.7,Changeover/Setup,49.3,52,43,2,41,5.8,95.35,82.69,82.17,101.42,79.46,4.1,13.86,2
PureGlow Soaps International (Fictional Dummy Company),Global Manufacturing Head - PureGlow Soaps,Australia,Fiji,Labasa,FCT036,Labasa Soap Plant,LN0106,Line-1,2026-07-04 22:00:00,2026-07-04,22,Night,Neem Bar Soap,1.5,60.0,3.6,No Downtime,56.4,90,71,3,68,3.83,95.77,78.89,94.0,83.92,75.55,7.12,20.37,3
PureGlow Soaps International (Fictional Dummy Company),Global Manufacturing Head - PureGlow Soaps,Australia,Fiji,Labasa,FCT036,Labasa Soap Plant,LN0107,Line-2,2026-07-04 22:00:00,2026-07-04,22,Night,Aloe Vera Liquid Soap,0.78,60.0,17.9,Changeover/Setup,42.1,47,27,1,26,4.51,96.3,57.45,70.17,82.22,55.56,2.45,11.07,1
PureGlow Soaps International (Fictional Dummy Company),Global Manufacturing Head - PureGlow Soaps,Australia,Fiji,Labasa,FCT036,Labasa Soap Plant,LN0108,Line-3,2026-07-04 22:00:00,2026-07-04,22,Night,Sandalwood Bar Soap,0.86,60.0,19.3,Power Outage,40.7,52,35,1,34,1.81,97.14,67.31,67.83,99.99,65.88,3.63,11.52,3
PureGlow Soaps International (Fictional Dummy Company),Global Manufacturing Head - PureGlow Soaps,Australia,Fiji,Labasa,FCT036,Labasa Soap Plant,LN0106,Line-1,2026-07-04 23:00:00,2026-07-04,23,Night,Neem Bar Soap,1.5,60.0,7.0,Changeover/Setup,53.0,90,70,4,66,5.09,94.29,77.78,88.33,88.05,73.33,7.08,16.02,1
PureGlow Soaps International (Fictional Dummy Company),Global Manufacturing Head - PureGlow Soaps,Australia,Fiji,Labasa,FCT036,Labasa Soap Plant,LN0107,Line-2,2026-07-04 23:00:00,2026-07-04,23,Night,Aloe Vera Liquid Soap,0.78,60.0,28.6,Power Outage,31.4,47,21,0,21,1.74,100.0,44.68,52.33,85.74,44.87,1.89,8.42,3
PureGlow Soaps International (Fictional Dummy Company),Global Manufacturing Head - PureGlow Soaps,Australia,Fiji,Labasa,FCT036,Labasa Soap Plant,LN0108,Line-3,2026-07-04 23:00:00,2026-07-04,23,Night,Sandalwood Bar Soap,0.86,60.0,3.0,No Downtime,57.0,52,47,1,46,2.09,97.87,90.38,95.0,95.88,89.15,4.42,15.86,3
PureGlow Soaps International (Fictional Dummy Company),Global Manufacturing Head - PureGlow Soaps,Australia,Fiji,Labasa,FCT036,Labasa Soap Plant,LN0106,Line-1,2026-07-05 00:00:00,2026-07-05,0,Night,Rose Bar Soap,1.5,60.0,3.8,No Downtime,56.2,90,77,2,75,2.3,97.4,85.56,93.67,91.34,83.33,7.08,18.05,1
PureGlow Soaps International (Fictional Dummy Company),Global Manufacturing Head - PureGlow Soaps,Australia,Fiji,Labasa,FCT036,Labasa Soap Plant,LN0107,Line-2,2026-07-05 00:00:00,2026-07-05,0,Night,Lavender Bar Soap,0.78,60.0,44.4,Machine Breakdown,15.6,47,10,0,10,2.44,100.0,21.28,26.0,82.18,21.37,0.96,3.85,1
PureGlow Soaps International (Fictional Dummy Company),Global Manufacturing Head - PureGlow Soaps,Australia,Fiji,Labasa,FCT036,Labasa Soap Plant,LN0108,Line-3,2026-07-05 00:00:00,2026-07-05,0,Night,Charcoal Bar Soap,0.86,60.0,13.6,Changeover/Setup,46.4,52,38,1,37,3.03,97.37,73.08,77.33,95.23,71.7,4.09,15.44,1
PureGlow Soaps International (Fictional Dummy Company),Global Manufacturing Head - PureGlow Soaps,Australia,Fiji,Labasa,FCT036,Labasa Soap Plant,LN0106,Line-1,2026-07-05 01:00:00,2026-07-05,1,Night,Rose Bar Soap,1.5,60.0,11.8,Machine Breakdown,48.2,90,66,2,64,3.43,96.97,73.33,80.33,91.29,71.11,6.0,15.5,1
PureGlow Soaps International (Fictional Dummy Company),Global Manufacturing Head - PureGlow Soaps,Australia,Fiji,Labasa,FCT036,Labasa Soap Plant,LN0107,Line-2,2026-07-05 01:00:00,2026-07-05,1,Night,Lavender Bar Soap,0.78,60.0,12.2,Material Shortage,47.8,47,33,2,31,5.05,93.94,70.21,79.67,88.51,66.24,3.47,12.59,3
PureGlow Soaps International (Fictional Dummy Company),Global Manufacturing Head - PureGlow Soaps,Australia,Fiji,Labasa,FCT036,Labasa Soap Plant,LN0108,Line-3,2026-07-05 01:00:00,2026-07-05,1,Night,Charcoal Bar Soap,0.86,60.0,27.3,Machine Breakdown,32.7,52,29,1,28,2.25,96.55,55.77,54.5,103.12,54.26,2.92,9.66,3
PureGlow Soaps International (Fictional Dummy Company),Global Manufacturing Head - PureGlow Soaps,Australia,Fiji,Labasa,FCT036,Labasa Soap Plant,LN0106,Line-1,2026-07-05 02:00:00,2026-07-05,2,Night,Rose Bar Soap,1.5,60.0,44.7,Machine Breakdown,15.3,90,21,1,20,3.94,95.24,23.33,25.5,91.5,22.22,2.12,5.24,3
PureGlow Soaps International (Fictional Dummy Company),Global Manufacturing Head - PureGlow Soaps,Australia,Fiji,Labasa,FCT036,Labasa Soap Plant,LN0107,Line-2,2026-07-05 02:00:00,2026-07-05,2,Night,Lavender Bar Soap,0.78,60.0,33.0,Preventive Maintenance,27.0,47,18,0,18,1.8,100.0,38.3,45.0,85.47,38.46,1.89,6.67,3
PureGlow Soaps International (Fictional Dummy Company),Global Manufacturing Head - PureGlow Soaps,Australia,Fiji,Labasa,FCT036,Labasa Soap Plant,LN0108,Line-3,2026-07-05 02:00:00,2026-07-05,2,Night,Charcoal Bar Soap,0.86,60.0,23.2,Preventive Maintenance,36.8,52,29,1,28,2.67,96.55,55.77,61.33,91.63,54.26,3.18,11.49,2
PureGlow Soaps International (Fictional Dummy Company),Global Manufacturing Head - PureGlow Soaps,Australia,Fiji,Labasa,FCT036,Labasa Soap Plant,LN0106,Line-1,2026-07-05 03:00:00,2026-07-05,3,Night,Rose Bar Soap,1.5,60.0,2.2,No Downtime,57.8,90,75,4,71,4.69,94.67,83.33,96.33,86.51,78.89,6.84,20.72,2
PureGlow Soaps International (Fictional Dummy Company),Global Manufacturing Head - PureGlow Soaps,Australia,Fiji,Labasa,FCT036,Labasa Soap Plant,LN0107,Line-2,2026-07-05 03:00:00,2026-07-05,3,Night,Lavender Bar Soap,0.78,60.0,0.3,No Downtime,59.7,47,45,2,43,4.18,95.56,95.74,99.5,96.64,91.89,4.79,14.44,3
PureGlow Soaps International (Fictional Dummy Company),Global Manufacturing Head - PureGlow Soaps,Australia,Fiji,Labasa,FCT036,Labasa Soap Plant,LN0108,Line-3,2026-07-05 03:00:00,2026-07-05,3,Night,Charcoal Bar Soap,0.86,60.0,40.3,Machine Breakdown,19.7,52,15,0,15,2.45,100.0,28.85,32.83,88.54,29.07,1.31,5.99,2
PureGlow Soaps International (Fictional Dummy Company),Global Manufacturing Head - PureGlow Soaps,Australia,Fiji,Labasa,FCT036,Labasa Soap Plant,LN0106,Line-1,2026-07-05 04:00:00,2026-07-05,4,Night,Rose Bar Soap,1.5,60.0,18.3,Changeover/Setup,41.7,90,53,1,52,2.26,98.11,58.89,69.5,84.73,57.77,4.94,13.2,2
PureGlow Soaps International (Fictional Dummy Company),Global Manufacturing Head - PureGlow Soaps,Australia,Fiji,Labasa,FCT036,Labasa Soap Plant,LN0107,Line-2,2026-07-05 04:00:00,2026-07-05,4,Night,Lavender Bar Soap,0.78,60.0,2.6,No Downtime,57.4,47,41,1,40,1.76,97.56,87.23,95.67,91.58,85.48,3.7,16.55,3
PureGlow Soaps International (Fictional Dummy Company),Global Manufacturing Head - PureGlow Soaps,Australia,Fiji,Labasa,FCT036,Labasa Soap Plant,LN0108,Line-3,2026-07-05 04:00:00,2026-07-05,4,Night,Charcoal Bar Soap,0.86,60.0,2.2,No Downtime,57.8,52,49,2,47,3.75,95.92,94.23,96.33,98.58,91.09,4.6,16.07,2
PureGlow Soaps International (Fictional Dummy Company),Global Manufacturing Head - PureGlow Soaps,Australia,Fiji,Labasa,FCT036,Labasa Soap Plant,LN0106,Line-1,2026-07-05 05:00:00,2026-07-05,5,Night,Rose Bar Soap,1.5,60.0,3.1,No Downtime,56.9,90,74,3,71,3.88,95.95,82.22,94.83,86.7,78.89,6.78,20.0,1
PureGlow Soaps International (Fictional Dummy Company),Global Manufacturing Head - PureGlow Soaps,Australia,Fiji,Labasa,FCT036,Labasa Soap Plant,LN0107,Line-2,2026-07-05 05:00:00,2026-07-05,5,Night,Lavender Bar Soap,0.78,60.0,33.4,Machine Breakdown,26.6,47,20,0,20,2.44,100.0,42.55,44.33,96.39,42.73,1.83,6.43,2
PureGlow Soaps International (Fictional Dummy Company),Global Manufacturing Head - PureGlow Soaps,Australia,Fiji,Labasa,FCT036,Labasa Soap Plant,LN0108,Line-3,2026-07-05 05:00:00,2026-07-05,5,Night,Charcoal Bar Soap,0.86,60.0,2.0,No Downtime,58.0,52,42,2,40,4.26,95.24,80.77,96.67,84.2,77.52,4.6,16.82,1
PureGlow Soaps International (Fictional Dummy Company),Global Manufacturing Head - PureGlow Soaps,Australia,Fiji,Labasa,FCT036,Labasa Soap Plant,LN0106,Line-1,2026-07-05 06:00:00,2026-07-05,6,Morning,Rose Bar Soap,1.5,60.0,22.7,Staff Shortage,37.3,90,56,3,53,4.65,94.64,62.22,62.17,100.09,58.89,5.77,12.09,1
PureGlow Soaps International (Fictional Dummy Company),Global Manufacturing Head - PureGlow Soaps,Australia,Fiji,Labasa,FCT036,Labasa Soap Plant,LN0107,Line-2,2026-07-05 06:00:00,2026-07-05,6,Morning,Lavender Bar Soap,0.78,60.0,15.2,Material Shortage,44.8,47,35,1,34,3.59,97.14,74.47,74.67,100.16,72.65,3.32,11.79,1
PureGlow Soaps International (Fictional Dummy Company),Global Manufacturing Head - PureGlow Soaps,Australia,Fiji,Labasa,FCT036,Labasa Soap Plant,LN0108,Line-3,2026-07-05 06:00:00,2026-07-05,6,Morning,Charcoal Bar Soap,0.86,60.0,14.3,Staff Shortage,45.7,52,37,1,36,2.38,97.3,71.15,76.17,94.14,69.77,4.06,14.58,2
PureGlow Soaps International (Fictional Dummy Company),Global Manufacturing Head - PureGlow Soaps,Australia,Fiji,Labasa,FCT036,Labasa Soap Plant,LN0106,Line-1,2026-07-05 07:00:00,2026-07-05,7,Morning,Rose Bar Soap,1.5,60.0,14.7,Changeover/Setup,45.3,90,56,2,54,3.4,96.43,62.22,75.5,82.41,60.0,5.3,16.33,3
PureGlow Soaps International (Fictional Dummy Company),Global Manufacturing Head - PureGlow Soaps,Australia,Fiji,Labasa,FCT036,Labasa Soap Plant,LN0107,Line-2,2026-07-05 07:00:00,2026-07-05,7,Morning,Lavender Bar Soap,0.78,60.0,33.2,Material Shortage,26.8,47,19,1,18,4.39,94.74,40.43,44.67,90.89,38.46,1.69,7.0,3
PureGlow Soaps International (Fictional Dummy Company),Global Manufacturing Head - PureGlow Soaps,Australia,Fiji,Labasa,FCT036,Labasa Soap Plant,LN0108,Line-3,2026-07-05 07:00:00,2026-07-05,7,Morning,Charcoal Bar Soap,0.86,60.0,37.7,Preventive Maintenance,22.3,52,15,0,15,1.4,100.0,28.85,37.17,78.21,29.07,1.59,7.42,2
PureGlow Soaps International (Fictional Dummy Company),Global Manufacturing Head - PureGlow Soaps,Australia,Fiji,Labasa,FCT036,Labasa Soap Plant,LN0106,Line-1,2026-07-05 08:00:00,2026-07-05,8,Morning,Rose Bar Soap,1.5,60.0,3.7,No Downtime,56.3,90,82,3,79,3.38,96.34,91.11,93.83,97.1,87.77,7.57,20.5,3
PureGlow Soaps International (Fictional Dummy Company),Global Manufacturing Head - PureGlow Soaps,Australia,Fiji,Labasa,FCT036,Labasa Soap Plant,LN0107,Line-2,2026-07-05 08:00:00,2026-07-05,8,Morning,Lavender Bar Soap,0.78,60.0,14.7,Changeover/Setup,45.3,47,29,1,28,3.34,96.55,61.7,75.5,82.07,59.83,2.83,12.15,3
PureGlow Soaps International (Fictional Dummy Company),Global Manufacturing Head - PureGlow Soaps,Australia,Fiji,Labasa,FCT036,Labasa Soap Plant,LN0108,Line-3,2026-07-05 08:00:00,2026-07-05,8,Morning,Charcoal Bar Soap,0.86,60.0,1.6,No Downtime,58.4,52,51,2,49,3.01,96.08,98.08,97.33,101.55,94.96,4.81,18.87,2
PureGlow Soaps International (Fictional Dummy Company),Global Manufacturing Head - PureGlow Soaps,Australia,Fiji,Labasa,FCT036,Labasa Soap Plant,LN0106,Line-1,2026-07-05 09:00:00,2026-07-05,9,Morning,Rose Bar Soap,1.5,60.0,15.9,Material Shortage,44.1,90,54,2,52,3.12,96.3,60.0,73.5,81.63,57.78,4.94,13.62,3
PureGlow Soaps International (Fictional Dummy Company),Global Manufacturing Head - PureGlow Soaps,Australia,Fiji,Labasa,FCT036,Labasa Soap Plant,LN0107,Line-2,2026-07-05 09:00:00,2026-07-05,9,Morning,Lavender Bar Soap,0.78,60.0,15.1,Changeover/Setup,44.9,47,34,1,33,2.49,97.06,72.34,74.83,97.08,70.51,3.36,10.7,1
PureGlow Soaps International (Fictional Dummy Company),Global Manufacturing Head - PureGlow Soaps,Australia,Fiji,Labasa,FCT036,Labasa Soap Plant,LN0108,Line-3,2026-07-05 09:00:00,2026-07-05,9,Morning,Charcoal Bar Soap,0.86,60.0,18.8,Machine Breakdown,41.2,52,30,1,29,1.84,96.67,57.69,68.67,84.67,56.21,2.82,13.54,1
PureGlow Soaps International (Fictional Dummy Company),Global Manufacturing Head - PureGlow Soaps,Australia,Fiji,Labasa,FCT036,Labasa Soap Plant,LN0106,Line-1,2026-07-05 10:00:00,2026-07-05,10,Morning,Rose Bar Soap,1.5,60.0,2.1,No Downtime,57.9,90,70,1,69,0.86,98.57,77.78,96.5,80.6,76.67,6.97,17.78,2
PureGlow Soaps International (Fictional Dummy Company),Global Manufacturing Head - PureGlow Soaps,Australia,Fiji,Labasa,FCT036,Labasa Soap Plant,LN0107,Line-2,2026-07-05 10:00:00,2026-07-05,10,Morning,Lavender Bar Soap,0.78,60.0,27.3,Material Shortage,32.7,47,21,1,20,3.95,95.24,44.68,54.5,82.33,42.73,2.06,9.41,3
PureGlow Soaps International (Fictional Dummy Company),Global Manufacturing Head - PureGlow Soaps,Australia,Fiji,Labasa,FCT036,Labasa Soap Plant,LN0108,Line-3,2026-07-05 10:00:00,2026-07-05,10,Morning,Charcoal Bar Soap,0.86,60.0,3.6,No Downtime,56.4,52,42,1,41,3.2,97.62,80.77,94.0,86.59,79.46,4.19,17.73,3
PureGlow Soaps International (Fictional Dummy Company),Global Manufacturing Head - PureGlow Soaps,Australia,Fiji,Labasa,FCT036,Labasa Soap Plant,LN0106,Line-1,2026-07-05 11:00:00,2026-07-05,11,Morning,Rose Bar Soap,1.5,60.0,35.5,Machine Breakdown,24.5,90,36,1,35,2.94,97.22,40.0,40.83,97.96,38.89,3.64,7.69,2
PureGlow Soaps International (Fictional Dummy Company),Global Manufacturing Head - PureGlow Soaps,Australia,Fiji,Labasa,FCT036,Labasa Soap Plant,LN0107,Line-2,2026-07-05 11:00:00,2026-07-05,11,Morning,Lavender Bar Soap,0.78,60.0,36.4,Machine Breakdown,23.6,47,19,1,18,2.84,94.74,40.43,39.33,103.22,38.46,2.04,6.2,1
PureGlow Soaps International (Fictional Dummy Company),Global Manufacturing Head - PureGlow Soaps,Australia,Fiji,Labasa,FCT036,Labasa Soap Plant,LN0108,Line-3,2026-07-05 11:00:00,2026-07-05,11,Morning,Charcoal Bar Soap,0.86,60.0,3.8,No Downtime,56.2,52,47,2,45,3.2,95.74,90.38,93.67,97.24,87.2,4.14,16.53,1
PureGlow Soaps International (Fictional Dummy Company),Global Manufacturing Head - PureGlow Soaps,Australia,Fiji,Labasa,FCT036,Labasa Soap Plant,LN0106,Line-1,2026-07-05 12:00:00,2026-07-05,12,Morning,Rose Bar Soap,1.5,60.0,2.8,No Downtime,57.2,90,72,0,72,0.67,100.0,80.0,95.33,83.92,80.0,6.6,19.95,1
PureGlow Soaps International (Fictional Dummy Company),Global Manufacturing Head - PureGlow Soaps,Australia,Fiji,Labasa,FCT036,Labasa Soap Plant,LN0107,Line-2,2026-07-05 12:00:00,2026-07-05,12,Morning,Lavender Bar Soap,0.78,60.0,0.5,No Downtime,59.5,47,45,1,44,1.53,97.78,95.74,99.17,96.96,94.02,4.07,14.9,1
PureGlow Soaps International (Fictional Dummy Company),Global Manufacturing Head - PureGlow Soaps,Australia,Fiji,Labasa,FCT036,Labasa Soap Plant,LN0108,Line-3,2026-07-05 12:00:00,2026-07-05,12,Morning,Charcoal Bar Soap,0.86,60.0,34.6,Material Shortage,25.4,52,18,1,17,4.87,94.44,34.62,42.33,82.4,32.94,1.62,7.83,3
PureGlow Soaps International (Fictional Dummy Company),Global Manufacturing Head - PureGlow Soaps,Australia,Fiji,Labasa,FCT036,Labasa Soap Plant,LN0106,Line-1,2026-07-05 13:00:00,2026-07-05,13,Morning,Rose Bar Soap,1.5,60.0,3.2,No Downtime,56.8,90,70,3,67,4.42,95.71,77.78,94.67,82.16,74.44,7.31,17.5,2
PureGlow Soaps International (Fictional Dummy Company),Global Manufacturing Head - PureGlow Soaps,Australia,Fiji,Labasa,FCT036,Labasa Soap Plant,LN0107,Line-2,2026-07-05 13:00:00,2026-07-05,13,Morning,Lavender Bar Soap,0.78,60.0,35.6,Machine Breakdown,24.4,47,19,0,19,0.72,100.0,40.43,40.67,99.83,40.6,2.0,5.9,2
PureGlow Soaps International (Fictional Dummy Company),Global Manufacturing Head - PureGlow Soaps,Australia,Fiji,Labasa,FCT036,Labasa Soap Plant,LN0108,Line-3,2026-07-05 13:00:00,2026-07-05,13,Morning,Charcoal Bar Soap,0.86,60.0,10.9,Machine Breakdown,49.1,52,39,1,38,3.49,97.44,75.0,81.83,92.36,73.64,3.89,15.27,1
PureGlow Soaps International (Fictional Dummy Company),Global Manufacturing Head - PureGlow Soaps,Australia,Fiji,Labasa,FCT036,Labasa Soap Plant,LN0106,Line-1,2026-07-05 14:00:00,2026-07-05,14,Afternoon,Rose Bar Soap,1.5,60.0,20.9,Preventive Maintenance,39.1,90,54,2,52,3.97,96.3,60.0,65.17,92.07,57.78,5.72,13.67,3
PureGlow Soaps International (Fictional Dummy Company),Global Manufacturing Head - PureGlow Soaps,Australia,Fiji,Labasa,FCT036,Labasa Soap Plant,LN0107,Line-2,2026-07-05 14:00:00,2026-07-05,14,Afternoon,Lavender Bar Soap,0.78,60.0,16.4,Changeover/Setup,43.6,47,28,1,27,2.61,96.43,59.57,72.67,82.33,57.69,2.64,12.24,1
PureGlow Soaps International (Fictional Dummy Company),Global Manufacturing Head - PureGlow Soaps,Australia,Fiji,Labasa,FCT036,Labasa Soap Plant,LN0108,Line-3,2026-07-05 14:00:00,2026-07-05,14,Afternoon,Charcoal Bar Soap,0.86,60.0,32.7,Machine Breakdown,27.3,52,20,1,19,3.62,95.0,38.46,45.5,85.19,36.82,2.19,8.06,1
PureGlow Soaps International (Fictional Dummy Company),Global Manufacturing Head - PureGlow Soaps,Australia,Fiji,Labasa,FCT036,Labasa Soap Plant,LN0106,Line-1,2026-07-05 15:00:00,2026-07-05,15,Afternoon,Rose Bar Soap,1.5,60.0,1.0,No Downtime,59.0,90,85,2,83,2.67,97.65,94.44,98.33,96.05,92.23,7.37,20.7,1
PureGlow Soaps International (Fictional Dummy Company),Global Manufacturing Head - PureGlow Soaps,Australia,Fiji,Labasa,FCT036,Labasa Soap Plant,LN0107,Line-2,2026-07-05 15:00:00,2026-07-05,15,Afternoon,Lavender Bar Soap,0.78,60.0,28.0,Power Outage,32.0,47,21,0,21,1.82,100.0,44.68,53.33,84.13,44.87,2.26,8.26,1
PureGlow Soaps International (Fictional Dummy Company),Global Manufacturing Head - PureGlow Soaps,Australia,Fiji,Labasa,FCT036,Labasa Soap Plant,LN0108,Line-3,2026-07-05 15:00:00,2026-07-05,15,Afternoon,Charcoal Bar Soap,0.86,60.0,1.1,No Downtime,58.9,52,51,0,51,0.51,100.0,98.08,98.17,100.68,98.84,4.72,17.05,3
PureGlow Soaps International (Fictional Dummy Company),Global Manufacturing Head - PureGlow Soaps,Australia,Fiji,Labasa,FCT036,Labasa Soap Plant,LN0106,Line-1,2026-07-05 16:00:00,2026-07-05,16,Afternoon,Rose Bar Soap,1.5,60.0,17.9,Changeover/Setup,42.1,90,63,2,61,3.43,96.83,70.0,70.17,99.76,67.78,5.47,13.19,2
PureGlow Soaps International (Fictional Dummy Company),Global Manufacturing Head - PureGlow Soaps,Australia,Fiji,Labasa,FCT036,Labasa Soap Plant,LN0107,Line-2,2026-07-05 16:00:00,2026-07-05,16,Afternoon,Lavender Bar Soap,0.78,60.0,1.0,No Downtime,59.0,47,46,1,45,2.06,97.83,97.87,98.33,99.96,96.16,4.65,15.0,1
PureGlow Soaps International (Fictional Dummy Company),Global Manufacturing Head - PureGlow Soaps,Australia,Fiji,Labasa,FCT036,Labasa Soap Plant,LN0108,Line-3,2026-07-05 16:00:00,2026-07-05,16,Afternoon,Charcoal Bar Soap,0.86,60.0,10.2,Changeover/Setup,49.8,52,39,1,38,2.0,97.44,75.0,83.0,91.06,73.64,3.51,15.04,2
PureGlow Soaps International (Fictional Dummy Company),Global Manufacturing Head - PureGlow Soaps,Australia,Fiji,Labasa,FCT036,Labasa Soap Plant,LN0106,Line-1,2026-07-05 17:00:00,2026-07-05,17,Afternoon,Rose Bar Soap,1.5,60.0,23.0,Preventive Maintenance,37.0,90,57,2,55,3.5,96.49,63.33,61.67,102.7,61.11,4.95,12.58,2
PureGlow Soaps International (Fictional Dummy Company),Global Manufacturing Head - PureGlow Soaps,Australia,Fiji,Labasa,FCT036,Labasa Soap Plant,LN0107,Line-2,2026-07-05 17:00:00,2026-07-05,17,Afternoon,Lavender Bar Soap,0.78,60.0,3.2,No Downtime,56.8,47,40,2,38,4.01,95.0,85.11,94.67,90.29,81.2,3.98,14.33,2
PureGlow Soaps International (Fictional Dummy Company),Global Manufacturing Head - PureGlow Soaps,Australia,Fiji,Labasa,FCT036,Labasa Soap Plant,LN0108,Line-3,2026-07-05 17:00:00,2026-07-05,17,Afternoon,Charcoal Bar Soap,0.86,60.0,17.0,Staff Shortage,43.0,52,37,2,35,4.15,94.59,71.15,71.67,100.05,67.83,3.61,12.65,3
PureGlow Soaps International (Fictional Dummy Company),Global Manufacturing Head - PureGlow Soaps,Australia,Fiji,Labasa,FCT036,Labasa Soap Plant,LN0106,Line-1,2026-07-05 18:00:00,2026-07-05,18,Afternoon,Rose Bar Soap,1.5,60.0,34.2,Material Shortage,25.8,90,33,1,32,2.53,96.97,36.67,43.0,85.27,35.56,2.99,9.29,1
PureGlow Soaps International (Fictional Dummy Company),Global Manufacturing Head - PureGlow Soaps,Australia,Fiji,Labasa,FCT036,Labasa Soap Plant,LN0107,Line-2,2026-07-05 18:00:00,2026-07-05,18,Afternoon,Lavender Bar Soap,0.78,60.0,43.5,Machine Breakdown,16.5,47,12,0,12,3.19,100.0,25.53,27.5,93.24,25.64,1.29,3.96,2
PureGlow Soaps International (Fictional Dummy Company),Global Manufacturing Head - PureGlow Soaps,Australia,Fiji,Labasa,FCT036,Labasa Soap Plant,LN0108,Line-3,2026-07-05 18:00:00,2026-07-05,18,Afternoon,Charcoal Bar Soap,0.86,60.0,5.4,Changeover/Setup,54.6,52,44,2,42,4.14,95.45,84.62,91.0,93.7,81.39,4.35,15.67,3
PureGlow Soaps International (Fictional Dummy Company),Global Manufacturing Head - PureGlow Soaps,Australia,Fiji,Labasa,FCT036,Labasa Soap Plant,LN0106,Line-1,2026-07-05 19:00:00,2026-07-05,19,Afternoon,Rose Bar Soap,1.5,60.0,0.3,No Downtime,59.7,90,73,3,70,4.0,95.89,81.11,99.5,81.52,77.78,6.62,19.65,1
PureGlow Soaps International (Fictional Dummy Company),Global Manufacturing Head - PureGlow Soaps,Australia,Fiji,Labasa,FCT036,Labasa Soap Plant,LN0107,Line-2,2026-07-05 19:00:00,2026-07-05,19,Afternoon,Lavender Bar Soap,0.78,60.0,24.4,Preventive Maintenance,35.6,47,27,0,27,1.41,100.0,57.45,59.33,97.23,57.69,2.45,10.26,3
PureGlow Soaps International (Fictional Dummy Company),Global Manufacturing Head - PureGlow Soaps,Australia,Fiji,Labasa,FCT036,Labasa Soap Plant,LN0108,Line-3,2026-07-05 19:00:00,2026-07-05,19,Afternoon,Charcoal Bar Soap,0.86,60.0,21.6,Preventive Maintenance,38.4,52,27,1,26,2.43,96.3,51.92,64.0,81.76,50.39,2.76,11.71,3
PureGlow Soaps International (Fictional Dummy Company),Global Manufacturing Head - PureGlow Soaps,Australia,Fiji,Labasa,FCT036,Labasa Soap Plant,LN0106,Line-1,2026-07-05 20:00:00,2026-07-05,20,Afternoon,Rose Bar Soap,1.5,60.0,12.2,Changeover/Setup,47.8,90,65,2,63,3.29,96.92,72.22,79.67,90.66,70.0,5.61,17.58,2
PureGlow Soaps International (Fictional Dummy Company),Global Manufacturing Head - PureGlow Soaps,Australia,Fiji,Labasa,FCT036,Labasa Soap Plant,LN0107,Line-2,2026-07-05 20:00:00,2026-07-05,20,Afternoon,Lavender Bar Soap,0.78,60.0,36.2,Machine Breakdown,23.8,47,18,0,18,1.66,100.0,38.3,39.67,96.96,38.46,1.75,5.98,3
PureGlow Soaps International (Fictional Dummy Company),Global Manufacturing Head - PureGlow Soaps,Australia,Fiji,Labasa,FCT036,Labasa Soap Plant,LN0108,Line-3,2026-07-05 20:00:00,2026-07-05,20,Afternoon,Charcoal Bar Soap,0.86,60.0,2.7,No Downtime,57.3,52,44,0,44,0.81,100.0,84.62,95.5,89.29,85.27,4.37,18.9,1
PureGlow Soaps International (Fictional Dummy Company),Global Manufacturing Head - PureGlow Soaps,Australia,Fiji,Labasa,FCT036,Labasa Soap Plant,LN0106,Line-1,2026-07-05 21:00:00,2026-07-05,21,Afternoon,Rose Bar Soap,1.5,60.0,3.2,No Downtime,56.8,90,81,2,79,3.06,97.53,90.0,94.67,95.07,87.78,7.13,18.0,3
PureGlow Soaps International (Fictional Dummy Company),Global Manufacturing Head - PureGlow Soaps,Australia,Fiji,Labasa,FCT036,Labasa Soap Plant,LN0107,Line-2,2026-07-05 21:00:00,2026-07-05,21,Afternoon,Lavender Bar Soap,0.78,60.0,2.0,No Downtime,58.0,47,44,2,42,4.73,95.45,93.62,96.67,97.26,89.74,4.2,16.46,3
PureGlow Soaps International (Fictional Dummy Company),Global Manufacturing Head - PureGlow Soaps,Australia,Fiji,Labasa,FCT036,Labasa Soap Plant,LN0108,Line-3,2026-07-05 21:00:00,2026-07-05,21,Afternoon,Charcoal Bar Soap,0.86,60.0,2.6,No Downtime,57.4,52,51,1,50,1.63,98.04,98.08,95.67,103.31,96.9,4.7,18.48,3
PureGlow Soaps International (Fictional Dummy Company),Global Manufacturing Head - PureGlow Soaps,Australia,Fiji,Labasa,FCT036,Labasa Soap Plant,LN0106,Line-1,2026-07-05 22:00:00,2026-07-05,22,Night,Rose Bar Soap,1.5,60.0,1.5,No Downtime,58.5,90,73,2,71,3.11,97.26,81.11,97.5,83.19,78.89,6.77,20.88,2
PureGlow Soaps International (Fictional Dummy Company),Global Manufacturing Head - PureGlow Soaps,Australia,Fiji,Labasa,FCT036,Labasa Soap Plant,LN0107,Line-2,2026-07-05 22:00:00,2026-07-05,22,Night,Lavender Bar Soap,0.78,60.0,30.9,Material Shortage,29.1,47,21,0,21,2.13,100.0,44.68,48.5,92.52,44.87,2.23,8.28,1
PureGlow Soaps International (Fictional Dummy Company),Global Manufacturing Head - PureGlow Soaps,Australia,Fiji,Labasa,FCT036,Labasa Soap Plant,LN0108,Line-3,2026-07-05 22:00:00,2026-07-05,22,Night,Charcoal Bar Soap,0.86,60.0,15.6,Material Shortage,44.4,52,33,2,31,5.67,93.94,63.46,74.0,86.42,60.08,3.13,13.61,1
PureGlow Soaps International (Fictional Dummy Company),Global Manufacturing Head - PureGlow Soaps,Australia,Fiji,Labasa,FCT036,Labasa Soap Plant,LN0106,Line-1,2026-07-05 23:00:00,2026-07-05,23,Night,Rose Bar Soap,1.5,60.0,2.0,No Downtime,58.0,90,88,3,85,3.21,96.59,97.78,96.67,101.15,94.45,7.57,18.9,1
PureGlow Soaps International (Fictional Dummy Company),Global Manufacturing Head - PureGlow Soaps,Australia,Fiji,Labasa,FCT036,Labasa Soap Plant,LN0107,Line-2,2026-07-05 23:00:00,2026-07-05,23,Night,Lavender Bar Soap,0.78,60.0,11.0,Changeover/Setup,49.0,47,38,1,37,3.5,97.37,80.85,81.67,99.42,79.06,3.4,12.0,1
PureGlow Soaps International (Fictional Dummy Company),Global Manufacturing Head - PureGlow Soaps,Australia,Fiji,Labasa,FCT036,Labasa Soap Plant,LN0108,Line-3,2026-07-05 23:00:00,2026-07-05,23,Night,Charcoal Bar Soap,0.86,60.0,3.9,No Downtime,56.1,52,49,1,48,1.62,97.96,94.23,93.5,101.56,93.02,5.31,16.6,1
PureGlow Soaps International (Fictional Dummy Company),Global Manufacturing Head - PureGlow Soaps,Australia,Fiji,Labasa,FCT036,Labasa Soap Plant,LN0106,Line-1,2026-07-06 00:00:00,2026-07-06,0,Night,Charcoal Bar Soap,1.5,60.0,2.5,No Downtime,57.5,90,81,4,77,5.28,95.06,90.0,95.83,93.91,85.55,7.26,17.49,2
PureGlow Soaps International (Fictional Dummy Company),Global Manufacturing Head - PureGlow Soaps,Australia,Fiji,Labasa,FCT036,Labasa Soap Plant,LN0107,Line-2,2026-07-06 00:00:00,2026-07-06,0,Night,Charcoal Bar Soap,0.78,60.0,23.7,Machine Breakdown,36.3,47,28,1,27,3.28,96.43,59.57,60.5,98.89,57.69,2.65,9.25,1
PureGlow Soaps International (Fictional Dummy Company),Global Manufacturing Head - PureGlow Soaps,Australia,Fiji,Labasa,FCT036,Labasa Soap Plant,LN0108,Line-3,2026-07-06 00:00:00,2026-07-06,0,Night,Aloe Vera Liquid Soap,0.86,60.0,16.8,Staff Shortage,43.2,52,35,1,34,1.71,97.14,67.31,72.0,94.21,65.89,3.09,14.1,3
PureGlow Soaps International (Fictional Dummy Company),Global Manufacturing Head - PureGlow Soaps,Australia,Fiji,Labasa,FCT036,Labasa Soap Plant,LN0106,Line-1,2026-07-06 01:00:00,2026-07-06,1,Night,Charcoal Bar Soap,1.5,60.0,16.1,Machine Breakdown,43.9,90,55,2,53,3.51,96.36,61.11,73.17,83.52,58.89,5.92,15.09,3
PureGlow Soaps International (Fictional Dummy Company),Global Manufacturing Head - PureGlow Soaps,Australia,Fiji,Labasa,FCT036,Labasa Soap Plant,LN0107,Line-2,2026-07-06 01:00:00,2026-07-06,1,Night,Charcoal Bar Soap,0.78,60.0,2.6,No Downtime,57.4,47,40,2,38,3.88,95.0,85.11,95.67,89.34,81.2,4.19,15.19,3
PureGlow Soaps International (Fictional Dummy Company),Global Manufacturing Head - PureGlow Soaps,Australia,Fiji,Labasa,FCT036,Labasa Soap Plant,LN0108,Line-3,2026-07-06 01:00:00,2026-07-06,1,Night,Aloe Vera Liquid Soap,0.86,60.0,0.6,No Downtime,59.4,52,46,1,45,2.64,97.83,88.46,99.0,90.05,87.21,4.21,16.43,2
PureGlow Soaps International (Fictional Dummy Company),Global Manufacturing Head - PureGlow Soaps,Australia,Fiji,Labasa,FCT036,Labasa Soap Plant,LN0106,Line-1,2026-07-06 02:00:00,2026-07-06,2,Night,Charcoal Bar Soap,1.5,60.0,1.6,No Downtime,58.4,90,88,3,85,3.24,96.59,97.78,97.33,100.46,94.44,7.84,17.75,2
PureGlow Soaps International (Fictional Dummy Company),Global Manufacturing Head - PureGlow Soaps,Australia,Fiji,Labasa,FCT036,Labasa Soap Plant,LN0107,Line-2,2026-07-06 02:00:00,2026-07-06,2,Night,Charcoal Bar Soap,0.78,60.0,28.6,Power Outage,31.4,47,23,1,22,2.34,95.65,48.94,52.33,93.91,47.01,2.46,8.3,3
PureGlow Soaps International (Fictional Dummy Company),Global Manufacturing Head - PureGlow Soaps,Australia,Fiji,Labasa,FCT036,Labasa Soap Plant,LN0108,Line-3,2026-07-06 02:00:00,2026-07-06,2,Night,Aloe Vera Liquid Soap,0.86,60.0,2.5,No Downtime,57.5,52,42,1,41,2.18,97.62,80.77,95.83,84.93,79.45,4.24,16.31,2
PureGlow Soaps International (Fictional Dummy Company),Global Manufacturing Head - PureGlow Soaps,Australia,Fiji,Labasa,FCT036,Labasa Soap Plant,LN0106,Line-1,2026-07-06 03:00:00,2026-07-06,3,Night,Charcoal Bar Soap,1.5,60.0,1.6,No Downtime,58.4,90,85,3,82,2.98,96.47,94.44,97.33,97.03,91.11,7.71,20.34,1
PureGlow Soaps International (Fictional Dummy Company),Global Manufacturing Head - PureGlow Soaps,Australia,Fiji,Labasa,FCT036,Labasa Soap Plant,LN0107,Line-2,2026-07-06 03:00:00,2026-07-06,3,Night,Charcoal Bar Soap,0.78,60.0,12.6,Changeover/Setup,47.4,47,35,1,34,2.4,97.14,74.47,79.0,94.67,72.65,3.15,13.56,1
PureGlow Soaps International (Fictional Dummy Company),Global Manufacturing Head - PureGlow Soaps,Australia,Fiji,Labasa,FCT036,Labasa Soap Plant,LN0108,Line-3,2026-07-06 03:00:00,2026-07-06,3,Night,Aloe Vera Liquid Soap,0.86,60.0,27.8,Power Outage,32.2,52,27,1,26,3.37,96.3,51.92,53.67,97.5,50.39,2.72,9.83,3
PureGlow Soaps International (Fictional Dummy Company),Global Manufacturing Head - PureGlow Soaps,Australia,Fiji,Labasa,FCT036,Labasa Soap Plant,LN0106,Line-1,2026-07-06 04:00:00,2026-07-06,4,Night,Charcoal Bar Soap,1.5,60.0,39.9,Machine Breakdown,20.1,90,28,1,27,4.12,96.43,31.11,33.5,92.87,30.0,2.97,7.29,2
PureGlow Soaps International (Fictional Dummy Company),Global Manufacturing Head - PureGlow Soaps,Australia,Fiji,Labasa,FCT036,Labasa Soap Plant,LN0107,Line-2,2026-07-06 04:00:00,2026-07-06,4,Night,Charcoal Bar Soap,0.78,60.0,12.4,Changeover/Setup,47.6,47,38,1,37,3.76,97.37,80.85,79.33,102.35,79.06,3.34,13.7,2
PureGlow Soaps International (Fictional Dummy Company),Global Manufacturing Head - PureGlow Soaps,Australia,Fiji,Labasa,FCT036,Labasa Soap Plant,LN0108,Line-3,2026-07-06 04:00:00,2026-07-06,4,Night,Aloe Vera Liquid Soap,0.86,60.0,19.1,Changeover/Setup,40.9,52,28,1,27,4.33,96.43,53.85,68.17,79.6,52.33,3.03,12.05,3
PureGlow Soaps International (Fictional Dummy Company),Global Manufacturing Head - PureGlow Soaps,Australia,Fiji,Labasa,FCT036,Labasa Soap Plant,LN0106,Line-1,2026-07-06 05:00:00,2026-07-06,5,Night,Charcoal Bar Soap,1.5,60.0,0.9,No Downtime,59.1,90,86,5,81,6.25,94.19,95.56,98.5,97.01,90.0,7.39,21.77,1
PureGlow Soaps International (Fictional Dummy Company),Global Manufacturing Head - PureGlow Soaps,Australia,Fiji,Labasa,FCT036,Labasa Soap Plant,LN0107,Line-2,2026-07-06 05:00:00,2026-07-06,5,Night,Charcoal Bar Soap,0.78,60.0,37.8,Preventive Maintenance,22.2,47,15,0,15,2.06,100.0,31.91,37.0,86.63,32.05,1.5,5.78,3
PureGlow Soaps International (Fictional Dummy Company),Global Manufacturing Head - PureGlow Soaps,Australia,Fiji,Labasa,FCT036,Labasa Soap Plant,LN0108,Line-3,2026-07-06 05:00:00,2026-07-06,5,Night,Aloe Vera Liquid Soap,0.86,60.0,2.2,No Downtime,57.8,52,48,1,47,2.66,97.92,92.31,96.33,96.56,91.08,4.42,17.22,3
PureGlow Soaps International (Fictional Dummy Company),Global Manufacturing Head - PureGlow Soaps,Australia,Fiji,Labasa,FCT036,Labasa Soap Plant,LN0106,Line-1,2026-07-06 06:00:00,2026-07-06,6,Morning,Charcoal Bar Soap,1.5,60.0,13.2,Material Shortage,46.8,90,59,3,56,4.42,94.92,65.56,78.0,84.05,62.23,6.39,14.82,1
PureGlow Soaps International (Fictional Dummy Company),Global Manufacturing Head - PureGlow Soaps,Australia,Fiji,Labasa,FCT036,Labasa Soap Plant,LN0107,Line-2,2026-07-06 06:00:00,2026-07-06,6,Morning,Charcoal Bar Soap,0.78,60.0,35.8,Machine Breakdown,24.2,47,19,1,18,3.75,94.74,40.43,40.33,100.66,38.46,1.71,5.97,3
PureGlow Soaps International (Fictional Dummy Company),Global Manufacturing Head - PureGlow Soaps,Australia,Fiji,Labasa,FCT036,Labasa Soap Plant,LN0108,Line-3,2026-07-06 06:00:00,2026-07-06,6,Morning,Aloe Vera Liquid Soap,0.86,60.0,25.7,Material Shortage,34.3,52,30,1,29,2.01,96.67,57.69,57.17,101.7,56.21,2.61,9.45,1
PureGlow Soaps International (Fictional Dummy Company),Global Manufacturing Head - PureGlow Soaps,Australia,Fiji,Labasa,FCT036,Labasa Soap Plant,LN0106,Line-1,2026-07-06 07:00:00,2026-07-06,7,Morning,Charcoal Bar Soap,1.5,60.0,0.7,No Downtime,59.3,90,86,3,83,3.51,96.51,95.56,98.83,96.68,92.21,8.31,20.8,2
PureGlow Soaps International (Fictional Dummy Company),Global Manufacturing Head - PureGlow Soaps,Australia,Fiji,Labasa,FCT036,Labasa Soap Plant,LN0107,Line-2,2026-07-06 07:00:00,2026-07-06,7,Morning,Charcoal Bar Soap,0.78,60.0,7.5,Changeover/Setup,52.5,47,38,1,37,2.47,97.37,80.85,87.5,92.8,79.06,3.62,12.58,2
PureGlow Soaps International (Fictional Dummy Company),Global Manufacturing Head - PureGlow Soaps,Australia,Fiji,Labasa,FCT036,Labasa Soap Plant,LN0108,Line-3,2026-07-06 07:00:00,2026-07-06,7,Morning,Aloe Vera Liquid Soap,0.86,60.0,20.1,Machine Breakdown,39.9,52,30,1,29,2.46,96.67,57.69,66.5,87.43,56.2,2.93,12.16,1
PureGlow Soaps International (Fictional Dummy Company),Global Manufacturing Head - PureGlow Soaps,Australia,Fiji,Labasa,FCT036,Labasa Soap Plant,LN0106,Line-1,2026-07-06 08:00:00,2026-07-06,8,Morning,Charcoal Bar Soap,1.5,60.0,14.1,Machine Breakdown,45.9,90,70,2,68,2.81,97.14,77.78,76.5,101.67,75.55,7.22,14.89,1
PureGlow Soaps International (Fictional Dummy Company),Global Manufacturing Head - PureGlow Soaps,Australia,Fiji,Labasa,FCT036,Labasa Soap Plant,LN0107,Line-2,2026-07-06 08:00:00,2026-07-06,8,Morning,Charcoal Bar Soap,0.78,60.0,1.3,No Downtime,58.7,47,39,2,37,4.09,94.87,82.98,97.83,85.18,79.06,3.47,16.57,2
PureGlow Soaps International (Fictional Dummy Company),Global Manufacturing Head - PureGlow Soaps,Australia,Fiji,Labasa,FCT036,Labasa Soap Plant,LN0108,Line-3,2026-07-06 08:00:00,2026-07-06,8,Morning,Aloe Vera Liquid Soap,0.86,60.0,14.8,Changeover/Setup,45.2,52,32,1,31,1.73,96.88,61.54,75.33,82.32,60.08,2.91,14.25,2
PureGlow Soaps International (Fictional Dummy Company),Global Manufacturing Head - PureGlow Soaps,Australia,Fiji,Labasa,FCT036,Labasa Soap Plant,LN0106,Line-1,2026-07-06 09:00:00,2026-07-06,9,Morning,Charcoal Bar Soap,1.5,60.0,1.0,No Downtime,59.0,90,73,2,71,2.53,97.26,81.11,98.33,82.49,78.89,7.24,21.59,3
PureGlow Soaps International (Fictional Dummy Company),Global Manufacturing Head - PureGlow Soaps,Australia,Fiji,Labasa,FCT036,Labasa Soap Plant,LN0107,Line-2,2026-07-06 09:00:00,2026-07-06,9,Morning,Charcoal Bar Soap,0.78,60.0,1.7,No Downtime,58.3,47,42,2,40,5.18,95.24,89.36,97.17,92.36,85.47,4.19,15.42,1
PureGlow Soaps International (Fictional Dummy Company),Global Manufacturing Head - PureGlow Soaps,Australia,Fiji,Labasa,FCT036,Labasa Soap Plant,LN0108,Line-3,2026-07-06 09:00:00,2026-07-06,9,Morning,Aloe Vera Liquid Soap,0.86,60.0,14.8,Changeover/Setup,45.2,52,39,1,38,3.38,97.44,75.0,75.33,100.33,73.64,4.02,15.03,3
PureGlow Soaps International (Fictional Dummy Company),Global Manufacturing Head - PureGlow Soaps,Australia,Fiji,Labasa,FCT036,Labasa Soap Plant,LN0106,Line-1,2026-07-06 10:00:00,2026-07-06,10,Morning,Charcoal Bar Soap,1.5,60.0,3.3,No Downtime,56.7,90,71,2,69,3.11,97.18,78.89,94.5,83.48,76.66,6.6,19.0,2
PureGlow Soaps International (Fictional Dummy Company),Global Manufacturing Head - PureGlow Soaps,Australia,Fiji,Labasa,FCT036,Labasa Soap Plant,LN0107,Line-2,2026-07-06 10:00:00,2026-07-06,10,Morning,Charcoal Bar Soap,0.78,60.0,0.7,No Downtime,59.3,47,44,2,42,4.66,95.45,93.62,98.83,95.13,89.74,4.59,15.74,1
PureGlow Soaps International (Fictional Dummy Company),Global Manufacturing Head - PureGlow Soaps,Australia,Fiji,Labasa,FCT036,Labasa Soap Plant,LN0108,Line-3,2026-07-06 10:00:00,2026-07-06,10,Morning,Aloe Vera Liquid Soap,0.86,60.0,17.5,Changeover/Setup,42.5,52,31,1,30,2.07,96.77,59.62,70.83,84.82,58.14,3.33,13.12,2
PureGlow Soaps International (Fictional Dummy Company),Global Manufacturing Head - PureGlow Soaps,Australia,Fiji,Labasa,FCT036,Labasa Soap Plant,LN0106,Line-1,2026-07-06 11:00:00,2026-07-06,11,Morning,Charcoal Bar Soap,1.5,60.0,2.9,No Downtime,57.1,90,75,1,74,0.89,98.67,83.33,95.17,87.57,82.23,7.56,19.08,2
PureGlow Soaps International (Fictional Dummy Company),Global Manufacturing Head - PureGlow Soaps,Australia,Fiji,Labasa,FCT036,Labasa Soap Plant,LN0107,Line-2,2026-07-06 11:00:00,2026-07-06,11,Morning,Charcoal Bar Soap,0.78,60.0,1.1,No Downtime,58.9,47,37,2,35,4.29,94.59,78.72,98.17,80.54,74.79,3.95,15.15,1
PureGlow Soaps International (Fictional Dummy Company),Global Manufacturing Head - PureGlow Soaps,Australia,Fiji,Labasa,FCT036,Labasa Soap Plant,LN0108,Line-3,2026-07-06 11:00:00,2026-07-06,11,Morning,Aloe Vera Liquid Soap,0.86,60.0,26.2,Power Outage,33.8,52,24,1,23,2.34,95.83,46.15,56.33,82.57,44.57,2.2,10.59,2
PureGlow Soaps International (Fictional Dummy Company),Global Manufacturing Head - PureGlow Soaps,Australia,Fiji,Labasa,FCT036,Labasa Soap Plant,LN0106,Line-1,2026-07-06 12:00:00,2026-07-06,12,Morning,Charcoal Bar Soap,1.5,60.0,23.8,Material Shortage,36.2,90,47,0,47,0.0,100.0,52.22,60.33,86.56,52.22,5.06,13.12,2
PureGlow Soaps International (Fictional Dummy Company),Global Manufacturing Head - PureGlow Soaps,Australia,Fiji,Labasa,FCT036,Labasa Soap Plant,LN0107,Line-2,2026-07-06 12:00:00,2026-07-06,12,Morning,Charcoal Bar Soap,0.78,60.0,18.0,Changeover/Setup,42.0,47,28,1,27,3.67,96.43,59.57,70.0,85.47,57.69,2.7,11.64,1
PureGlow Soaps International (Fictional Dummy Company),Global Manufacturing Head - PureGlow Soaps,Australia,Fiji,Labasa,FCT036,Labasa Soap Plant,LN0108,Line-3,2026-07-06 12:00:00,2026-07-06,12,Morning,Aloe Vera Liquid Soap,0.86,60.0,6.5,Changeover/Setup,53.5,52,37,1,36,3.59,97.3,71.15,89.17,80.42,69.77,3.21,15.6,1
PureGlow Soaps International (Fictional Dummy Company),Global Manufacturing Head - PureGlow Soaps,Australia,Fiji,Labasa,FCT036,Labasa Soap Plant,LN0106,Line-1,2026-07-06 13:00:00,2026-07-06,13,Morning,Charcoal Bar Soap,1.5,60.0,0.6,No Downtime,59.4,90,81,2,79,2.17,97.53,90.0,99.0,90.91,87.78,7.05,18.93,3
PureGlow Soaps International (Fictional Dummy Company),Global Manufacturing Head - PureGlow Soaps,Australia,Fiji,Labasa,FCT036,Labasa Soap Plant,LN0107,Line-2,2026-07-06 13:00:00,2026-07-06,13,Morning,Charcoal Bar Soap,0.78,60.0,19.0,Quality Hold,41.0,47,31,3,28,9.05,90.32,65.96,68.33,96.94,59.83,2.71,9.94,1
PureGlow Soaps International (Fictional Dummy Company),Global Manufacturing Head - PureGlow Soaps,Australia,Fiji,Labasa,FCT036,Labasa Soap Plant,LN0108,Line-3,2026-07-06 13:00:00,2026-07-06,13,Morning,Aloe Vera Liquid Soap,0.86,60.0,41.0,Machine Breakdown,19.0,52,15,1,14,3.37,93.33,28.85,31.67,91.8,27.13,1.6,5.47,3
PureGlow Soaps International (Fictional Dummy Company),Global Manufacturing Head - PureGlow Soaps,Australia,Fiji,Labasa,FCT036,Labasa Soap Plant,LN0106,Line-1,2026-07-06 14:00:00,2026-07-06,14,Afternoon,Charcoal Bar Soap,1.5,60.0,16.8,Changeover/Setup,43.2,90,54,1,53,2.54,98.15,60.0,72.0,83.33,58.89,5.85,13.32,3
PureGlow Soaps International (Fictional Dummy Company),Global Manufacturing Head - PureGlow Soaps,Australia,Fiji,Labasa,FCT036,Labasa Soap Plant,LN0107,Line-2,2026-07-06 14:00:00,2026-07-06,14,Afternoon,Charcoal Bar Soap,0.78,60.0,15.1,Material Shortage,44.9,47,29,1,28,2.21,96.55,61.7,74.83,82.81,59.83,2.77,11.24,2
PureGlow Soaps International (Fictional Dummy Company),Global Manufacturing Head - PureGlow Soaps,Australia,Fiji,Labasa,FCT036,Labasa Soap Plant,LN0108,Line-3,2026-07-06 14:00:00,2026-07-06,14,Afternoon,Aloe Vera Liquid Soap,0.86,60.0,35.1,Preventive Maintenance,24.9,52,21,1,20,2.94,95.24,40.38,41.5,98.07,38.76,1.8,8.19,2
PureGlow Soaps International (Fictional Dummy Company),Global Manufacturing Head - PureGlow Soaps,Australia,Fiji,Labasa,FCT036,Labasa Soap Plant,LN0106,Line-1,2026-07-06 15:00:00,2026-07-06,15,Afternoon,Charcoal Bar Soap,1.5,60.0,17.8,Machine Breakdown,42.2,90,61,2,59,3.25,96.72,67.78,70.33,96.37,65.55,6.62,15.08,3
PureGlow Soaps International (Fictional Dummy Company),Global Manufacturing Head - PureGlow Soaps,Australia,Fiji,Labasa,FCT036,Labasa Soap Plant,LN0107,Line-2,2026-07-06 15:00:00,2026-07-06,15,Afternoon,Charcoal Bar Soap,0.78,60.0,10.3,Changeover/Setup,49.7,47,35,1,34,2.91,97.14,74.47,82.83,90.29,72.65,3.84,13.01,1
PureGlow Soaps International (Fictional Dummy Company),Global Manufacturing Head - PureGlow Soaps,Australia,Fiji,Labasa,FCT036,Labasa Soap Plant,LN0108,Line-3,2026-07-06 15:00:00,2026-07-06,15,Afternoon,Aloe Vera Liquid Soap,0.86,60.0,17.1,Material Shortage,42.9,52,30,1,29,4.0,96.67,57.69,71.5,81.31,56.2,2.81,13.71,3
PureGlow Soaps International (Fictional Dummy Company),Global Manufacturing Head - PureGlow Soaps,Australia,Fiji,Labasa,FCT036,Labasa Soap Plant,LN0106,Line-1,2026-07-06 16:00:00,2026-07-06,16,Afternoon,Charcoal Bar Soap,1.5,60.0,3.7,No Downtime,56.3,90,69,2,67,3.16,97.1,76.67,93.83,81.71,74.45,7.07,19.39,3
PureGlow Soaps International (Fictional Dummy Company),Global Manufacturing Head - PureGlow Soaps,Australia,Fiji,Labasa,FCT036,Labasa Soap Plant,LN0107,Line-2,2026-07-06 16:00:00,2026-07-06,16,Afternoon,Charcoal Bar Soap,0.78,60.0,2.4,No Downtime,57.6,47,43,1,42,2.39,97.67,91.49,96.0,95.71,89.74,4.26,15.49,1
PureGlow Soaps International (Fictional Dummy Company),Global Manufacturing Head - PureGlow Soaps,Australia,Fiji,Labasa,FCT036,Labasa Soap Plant,LN0108,Line-3,2026-07-06 16:00:00,2026-07-06,16,Afternoon,Aloe Vera Liquid Soap,0.86,60.0,17.8,Changeover/Setup,42.2,52,31,0,31,1.19,100.0,59.62,70.33,85.42,60.08,3.27,13.65,2
PureGlow Soaps International (Fictional Dummy Company),Global Manufacturing Head - PureGlow Soaps,Australia,Fiji,Labasa,FCT036,Labasa Soap Plant,LN0106,Line-1,2026-07-06 17:00:00,2026-07-06,17,Afternoon,Charcoal Bar Soap,1.5,60.0,1.9,No Downtime,58.1,90,80,5,75,6.34,93.75,88.89,96.83,91.8,83.33,8.5,19.26,3
PureGlow Soaps International (Fictional Dummy Company),Global Manufacturing Head - PureGlow Soaps,Australia,Fiji,Labasa,FCT036,Labasa Soap Plant,LN0107,Line-2,2026-07-06 17:00:00,2026-07-06,17,Afternoon,Charcoal Bar Soap,0.78,60.0,39.6,Machine Breakdown,20.4,47,14,0,14,3.34,100.0,29.79,34.0,87.98,29.91,1.22,5.16,2
PureGlow Soaps International (Fictional Dummy Company),Global Manufacturing Head - PureGlow Soaps,Australia,Fiji,Labasa,FCT036,Labasa Soap Plant,LN0108,Line-3,2026-07-06 17:00:00,2026-07-06,17,Afternoon,Aloe Vera Liquid Soap,0.86,60.0,4.0,No Downtime,56.0,52,43,2,41,3.91,95.35,82.69,93.33,89.29,79.46,3.98,16.35,1
PureGlow Soaps International (Fictional Dummy Company),Global Manufacturing Head - PureGlow Soaps,Australia,Fiji,Labasa,FCT036,Labasa Soap Plant,LN0106,Line-1,2026-07-06 18:00:00,2026-07-06,18,Afternoon,Charcoal Bar Soap,1.5,60.0,3.8,No Downtime,56.2,90,81,2,79,2.27,97.53,90.0,93.67,96.09,87.78,7.99,18.02,2
PureGlow Soaps International (Fictional Dummy Company),Global Manufacturing Head - PureGlow Soaps,Australia,Fiji,Labasa,FCT036,Labasa Soap Plant,LN0107,Line-2,2026-07-06 18:00:00,2026-07-06,18,Afternoon,Charcoal Bar Soap,0.78,60.0,21.7,Power Outage,38.3,47,26,0,26,1.12,100.0,55.32,63.83,87.03,55.55,2.81,9.13,1
PureGlow Soaps International (Fictional Dummy Company),Global Manufacturing Head - PureGlow Soaps,Australia,Fiji,Labasa,FCT036,Labasa Soap Plant,LN0108,Line-3,2026-07-06 18:00:00,2026-07-06,18,Afternoon,Aloe Vera Liquid Soap,0.86,60.0,7.9,Changeover/Setup,52.1,52,39,1,38,2.87,97.44,75.0,86.83,87.04,73.64,3.7,16.56,3
PureGlow Soaps International (Fictional Dummy Company),Global Manufacturing Head - PureGlow Soaps,Australia,Fiji,Labasa,FCT036,Labasa Soap Plant,LN0106,Line-1,2026-07-06 19:00:00,2026-07-06,19,Afternoon,Charcoal Bar Soap,1.5,60.0,8.8,Quality Hold,51.2,90,69,8,61,10.91,88.41,76.67,85.33,89.84,67.78,6.61,16.53,1
PureGlow Soaps International (Fictional Dummy Company),Global Manufacturing Head - PureGlow Soaps,Australia,Fiji,Labasa,FCT036,Labasa Soap Plant,LN0107,Line-2,2026-07-06 19:00:00,2026-07-06,19,Afternoon,Charcoal Bar Soap,0.78,60.0,32.2,Machine Breakdown,27.8,47,22,1,21,2.74,95.45,46.81,46.33,101.46,44.87,2.0,7.89,3
PureGlow Soaps International (Fictional Dummy Company),Global Manufacturing Head - PureGlow Soaps,Australia,Fiji,Labasa,FCT036,Labasa Soap Plant,LN0108,Line-3,2026-07-06 19:00:00,2026-07-06,19,Afternoon,Aloe Vera Liquid Soap,0.86,60.0,1.6,No Downtime,58.4,52,47,2,45,3.89,95.74,90.38,97.33,93.58,87.2,5.08,17.54,2
PureGlow Soaps International (Fictional Dummy Company),Global Manufacturing Head - PureGlow Soaps,Australia,Fiji,Labasa,FCT036,Labasa Soap Plant,LN0106,Line-1,2026-07-06 20:00:00,2026-07-06,20,Afternoon,Charcoal Bar Soap,1.5,60.0,11.3,Quality Hold,48.7,90,73,5,68,6.41,93.15,81.11,81.17,99.93,75.56,6.31,16.38,1
PureGlow Soaps International (Fictional Dummy Company),Global Manufacturing Head - PureGlow Soaps,Australia,Fiji,Labasa,FCT036,Labasa Soap Plant,LN0107,Line-2,2026-07-06 20:00:00,2026-07-06,20,Afternoon,Charcoal Bar Soap,0.78,60.0,3.1,No Downtime,56.9,47,39,2,37,4.55,94.87,82.98,94.83,87.87,79.05,3.62,13.87,3
PureGlow Soaps International (Fictional Dummy Company),Global Manufacturing Head - PureGlow Soaps,Australia,Fiji,Labasa,FCT036,Labasa Soap Plant,LN0108,Line-3,2026-07-06 20:00:00,2026-07-06,20,Afternoon,Aloe Vera Liquid Soap,0.86,60.0,28.3,Machine Breakdown,31.7,52,24,1,23,3.32,95.83,46.15,52.83,88.03,44.57,2.4,8.93,2
PureGlow Soaps International (Fictional Dummy Company),Global Manufacturing Head - PureGlow Soaps,Australia,Fiji,Labasa,FCT036,Labasa Soap Plant,LN0106,Line-1,2026-07-06 21:00:00,2026-07-06,21,Afternoon,Charcoal Bar Soap,1.5,60.0,12.0,Staff Shortage,48.0,90,72,2,70,3.28,97.22,80.0,80.0,100.0,77.78,6.49,16.95,2
PureGlow Soaps International (Fictional Dummy Company),Global Manufacturing Head - PureGlow Soaps,Australia,Fiji,Labasa,FCT036,Labasa Soap Plant,LN0107,Line-2,2026-07-06 21:00:00,2026-07-06,21,Afternoon,Charcoal Bar Soap,0.78,60.0,26.2,Preventive Maintenance,33.8,47,22,0,22,2.03,100.0,46.81,56.33,83.45,47.01,2.29,8.49,1
PureGlow Soaps International (Fictional Dummy Company),Global Manufacturing Head - PureGlow Soaps,Australia,Fiji,Labasa,FCT036,Labasa Soap Plant,LN0108,Line-3,2026-07-06 21:00:00,2026-07-06,21,Afternoon,Aloe Vera Liquid Soap,0.86,60.0,1.2,No Downtime,58.8,52,51,3,48,5.4,94.12,98.08,98.0,100.85,93.02,4.48,18.67,3
PureGlow Soaps International (Fictional Dummy Company),Global Manufacturing Head - PureGlow Soaps,Australia,Fiji,Labasa,FCT036,Labasa Soap Plant,LN0106,Line-1,2026-07-06 22:00:00,2026-07-06,22,Night,Charcoal Bar Soap,1.5,60.0,2.2,No Downtime,57.8,90,70,3,67,4.28,95.71,77.78,96.33,80.74,74.44,7.09,18.66,3
PureGlow Soaps International (Fictional Dummy Company),Global Manufacturing Head - PureGlow Soaps,Australia,Fiji,Labasa,FCT036,Labasa Soap Plant,LN0107,Line-2,2026-07-06 22:00:00,2026-07-06,22,Night,Charcoal Bar Soap,0.78,60.0,1.5,No Downtime,58.5,47,42,1,41,2.66,97.62,89.36,97.5,92.04,87.6,3.89,15.72,2
PureGlow Soaps International (Fictional Dummy Company),Global Manufacturing Head - PureGlow Soaps,Australia,Fiji,Labasa,FCT036,Labasa Soap Plant,LN0108,Line-3,2026-07-06 22:00:00,2026-07-06,22,Night,Aloe Vera Liquid Soap,0.86,60.0,14.4,Changeover/Setup,45.6,52,40,2,38,4.28,95.0,76.92,76.0,102.0,73.64,4.29,14.05,1
PureGlow Soaps International (Fictional Dummy Company),Global Manufacturing Head - PureGlow Soaps,Australia,Fiji,Labasa,FCT036,Labasa Soap Plant,LN0106,Line-1,2026-07-06 23:00:00,2026-07-06,23,Night,Charcoal Bar Soap,1.5,60.0,25.9,Power Outage,34.1,90,46,1,45,1.14,97.83,51.11,56.83,89.93,50.0,4.1,12.09,1
PureGlow Soaps International (Fictional Dummy Company),Global Manufacturing Head - PureGlow Soaps,Australia,Fiji,Labasa,FCT036,Labasa Soap Plant,LN0107,Line-2,2026-07-06 23:00:00,2026-07-06,23,Night,Charcoal Bar Soap,0.78,60.0,8.6,Changeover/Setup,51.4,47,39,1,38,2.77,97.44,82.98,85.67,97.28,81.21,3.36,14.69,3
PureGlow Soaps International (Fictional Dummy Company),Global Manufacturing Head - PureGlow Soaps,Australia,Fiji,Labasa,FCT036,Labasa Soap Plant,LN0108,Line-3,2026-07-06 23:00:00,2026-07-06,23,Night,Aloe Vera Liquid Soap,0.86,60.0,3.4,No Downtime,56.6,52,48,3,45,5.35,93.75,92.31,94.33,98.61,87.21,4.42,17.41,1
PureGlow Soaps International (Fictional Dummy Company),Global Manufacturing Head - PureGlow Soaps,Australia,Fiji,Labasa,FCT036,Labasa Soap Plant,LN0106,Line-1,2026-07-07 00:00:00,2026-07-07,0,Night,Lavender Bar Soap,1.5,60.0,0.3,No Downtime,59.7,90,87,2,85,1.83,97.7,96.67,99.5,97.15,94.44,7.97,19.28,2
PureGlow Soaps International (Fictional Dummy Company),Global Manufacturing Head - PureGlow Soaps,Australia,Fiji,Labasa,FCT036,Labasa Soap Plant,LN0107,Line-2,2026-07-07 00:00:00,2026-07-07,0,Night,Aloe Vera Liquid Soap,0.78,60.0,24.5,Power Outage,35.5,47,27,1,26,4.31,96.3,57.45,59.17,97.51,55.56,2.31,9.85,1
PureGlow Soaps International (Fictional Dummy Company),Global Manufacturing Head - PureGlow Soaps,Australia,Fiji,Labasa,FCT036,Labasa Soap Plant,LN0108,Line-3,2026-07-07 00:00:00,2026-07-07,0,Night,Sandalwood Bar Soap,0.86,60.0,13.2,Quality Hold,46.8,52,40,4,36,9.13,90.0,76.92,78.0,99.38,69.76,4.24,14.67,2
PureGlow Soaps International (Fictional Dummy Company),Global Manufacturing Head - PureGlow Soaps,Australia,Fiji,Labasa,FCT036,Labasa Soap Plant,LN0106,Line-1,2026-07-07 01:00:00,2026-07-07,1,Night,Lavender Bar Soap,1.5,60.0,14.3,Quality Hold,45.7,90,61,5,56,8.44,91.8,67.78,76.17,88.99,62.23,6.37,14.27,1
PureGlow Soaps International (Fictional Dummy Company),Global Manufacturing Head - PureGlow Soaps,Australia,Fiji,Labasa,FCT036,Labasa Soap Plant,LN0107,Line-2,2026-07-07 01:00:00,2026-07-07,1,Night,Aloe Vera Liquid Soap,0.78,60.0,19.6,Preventive Maintenance,40.4,47,26,1,25,4.61,96.15,55.32,67.33,82.51,53.42,2.46,11.37,1
PureGlow Soaps International (Fictional Dummy Company),Global Manufacturing Head - PureGlow Soaps,Australia,Fiji,Labasa,FCT036,Labasa Soap Plant,LN0108,Line-3,2026-07-07 01:00:00,2026-07-07,1,Night,Sandalwood Bar Soap,0.86,60.0,3.1,No Downtime,56.9,52,44,2,42,4.41,95.45,84.62,94.83,89.92,81.39,4.68,16.03,3
PureGlow Soaps International (Fictional Dummy Company),Global Manufacturing Head - PureGlow Soaps,Australia,Fiji,Labasa,FCT036,Labasa Soap Plant,LN0106,Line-1,2026-07-07 02:00:00,2026-07-07,2,Night,Lavender Bar Soap,1.5,60.0,30.2,Machine Breakdown,29.8,90,43,1,42,3.3,97.67,47.78,49.67,96.2,46.67,3.79,10.58,1
PureGlow Soaps International (Fictional Dummy Company),Global Manufacturing Head - PureGlow Soaps,Australia,Fiji,Labasa,FCT036,Labasa Soap Plant,LN0107,Line-2,2026-07-07 02:00:00,2026-07-07,2,Night,Aloe Vera Liquid Soap,0.78,60.0,33.0,Preventive Maintenance,27.0,47,17,1,16,4.62,94.12,36.17,45.0,80.72,34.19,1.78,7.5,3
PureGlow Soaps International (Fictional Dummy Company),Global Manufacturing Head - PureGlow Soaps,Australia,Fiji,Labasa,FCT036,Labasa Soap Plant,LN0108,Line-3,2026-07-07 02:00:00,2026-07-07,2,Night,Sandalwood Bar Soap,0.86,60.0,17.4,Power Outage,42.6,52,32,1,31,4.04,96.88,61.54,71.0,87.35,60.08,2.85,12.86,3
PureGlow Soaps International (Fictional Dummy Company),Global Manufacturing Head - PureGlow Soaps,Australia,Fiji,Labasa,FCT036,Labasa Soap Plant,LN0106,Line-1,2026-07-07 03:00:00,2026-07-07,3,Night,Lavender Bar Soap,1.5,60.0,10.1,Changeover/Setup,49.9,90,63,1,62,1.71,98.41,70.0,83.17,84.17,68.89,5.83,15.66,3
PureGlow Soaps International (Fictional Dummy Company),Global Manufacturing Head - PureGlow Soaps,Australia,Fiji,Labasa,FCT036,Labasa Soap Plant,LN0107,Line-2,2026-07-07 03:00:00,2026-07-07,3,Night,Aloe Vera Liquid Soap,0.78,60.0,15.8,Material Shortage,44.2,47,31,1,30,4.73,96.77,65.96,73.67,89.92,64.1,2.65,10.8,3
PureGlow Soaps International (Fictional Dummy Company),Global Manufacturing Head - PureGlow Soaps,Australia,Fiji,Labasa,FCT036,Labasa Soap Plant,LN0108,Line-3,2026-07-07 03:00:00,2026-07-07,3,Night,Sandalwood Bar Soap,0.86,60.0,19.0,Changeover/Setup,41.0,52,36,0,36,0.55,100.0,69.23,68.33,102.1,69.76,3.88,11.95,1
PureGlow Soaps International (Fictional Dummy Company),Global Manufacturing Head - PureGlow Soaps,Australia,Fiji,Labasa,FCT036,Labasa Soap Plant,LN0106,Line-1,2026-07-07 04:00:00,2026-07-07,4,Night,Lavender Bar Soap,1.5,60.0,30.1,Preventive Maintenance,29.9,90,46,2,44,3.3,95.65,51.11,49.83,102.56,48.88,5.03,10.12,2
PureGlow Soaps International (Fictional Dummy Company),Global Manufacturing Head - PureGlow Soaps,Australia,Fiji,Labasa,FCT036,Labasa Soap Plant,LN0107,Line-2,2026-07-07 04:00:00,2026-07-07,4,Night,Aloe Vera Liquid Soap,0.78,60.0,25.4,Machine Breakdown,34.6,47,25,0,25,1.7,100.0,53.19,57.67,92.63,53.42,2.14,8.26,1
PureGlow Soaps International (Fictional Dummy Company),Global Manufacturing Head - PureGlow Soaps,Australia,Fiji,Labasa,FCT036,Labasa Soap Plant,LN0108,Line-3,2026-07-07 04:00:00,2026-07-07,4,Night,Sandalwood Bar Soap,0.86,60.0,1.7,No Downtime,58.3,52,46,3,43,5.76,93.48,88.46,97.17,91.75,83.34,4.25,17.6,1
PureGlow Soaps International (Fictional Dummy Company),Global Manufacturing Head - PureGlow Soaps,Australia,Fiji,Labasa,FCT036,Labasa Soap Plant,LN0106,Line-1,2026-07-07 05:00:00,2026-07-07,5,Night,Lavender Bar Soap,1.5,60.0,1.3,No Downtime,58.7,90,77,2,75,2.44,97.4,85.56,97.83,87.45,83.33,7.92,20.56,2
PureGlow Soaps International (Fictional Dummy Company),Global Manufacturing Head - PureGlow Soaps,Australia,Fiji,Labasa,FCT036,Labasa Soap Plant,LN0107,Line-2,2026-07-07 05:00:00,2026-07-07,5,Night,Aloe Vera Liquid Soap,0.78,60.0,0.2,No Downtime,59.8,47,38,1,37,2.66,97.37,80.85,99.67,81.47,79.07,3.77,16.25,2
PureGlow Soaps International (Fictional Dummy Company),Global Manufacturing Head - PureGlow Soaps,Australia,Fiji,Labasa,FCT036,Labasa Soap Plant,LN0108,Line-3,2026-07-07 05:00:00,2026-07-07,5,Night,Sandalwood Bar Soap,0.86,60.0,25.3,Machine Breakdown,34.7,52,25,1,24,3.56,96.0,48.08,57.83,83.77,46.51,2.75,10.71,2
PureGlow Soaps International (Fictional Dummy Company),Global Manufacturing Head - PureGlow Soaps,Australia,Fiji,Labasa,FCT036,Labasa Soap Plant,LN0106,Line-1,2026-07-07 06:00:00,2026-07-07,6,Morning,Lavender Bar Soap,1.5,60.0,37.8,Machine Breakdown,22.2,90,29,1,28,2.24,96.55,32.22,37.0,87.09,31.11,3.15,7.73,1
PureGlow Soaps International (Fictional Dummy Company),Global Manufacturing Head - PureGlow Soaps,Australia,Fiji,Labasa,FCT036,Labasa Soap Plant,LN0107,Line-2,2026-07-07 06:00:00,2026-07-07,6,Morning,Aloe Vera Liquid Soap,0.78,60.0,6.1,Staff Shortage,53.9,47,34,2,32,5.92,94.12,72.34,89.83,80.87,68.37,2.96,13.63,2
PureGlow Soaps International (Fictional Dummy Company),Global Manufacturing Head - PureGlow Soaps,Australia,Fiji,Labasa,FCT036,Labasa Soap Plant,LN0108,Line-3,2026-07-07 06:00:00,2026-07-07,6,Morning,Sandalwood Bar Soap,0.86,60.0,10.0,Changeover/Setup,50.0,52,41,1,40,3.29,97.56,78.85,83.33,95.35,77.52,3.7,16.19,2
PureGlow Soaps International (Fictional Dummy Company),Global Manufacturing Head - PureGlow Soaps,Australia,Fiji,Labasa,FCT036,Labasa Soap Plant,LN0106,Line-1,2026-07-07 07:00:00,2026-07-07,7,Morning,Lavender Bar Soap,1.5,60.0,13.2,Quality Hold,46.8,90,64,6,58,9.01,90.62,71.11,78.0,91.17,64.44,6.21,14.34,3
PureGlow Soaps International (Fictional Dummy Company),Global Manufacturing Head - PureGlow Soaps,Australia,Fiji,Labasa,FCT036,Labasa Soap Plant,LN0107,Line-2,2026-07-07 07:00:00,2026-07-07,7,Morning,Aloe Vera Liquid Soap,0.78,60.0,33.8,Preventive Maintenance,26.2,47,20,0,20,1.72,100.0,42.55,43.67,97.87,42.74,1.74,6.58,1
PureGlow Soaps International (Fictional Dummy Company),Global Manufacturing Head - PureGlow Soaps,Australia,Fiji,Labasa,FCT036,Labasa Soap Plant,LN0108,Line-3,2026-07-07 07:00:00,2026-07-07,7,Morning,Sandalwood Bar Soap,0.86,60.0,0.8,No Downtime,59.2,52,51,0,51,0.76,100.0,98.08,98.67,100.17,98.84,5.23,17.67,1
PureGlow Soaps International (Fictional Dummy Company),Global Manufacturing Head - PureGlow Soaps,Australia,Fiji,Labasa,FCT036,Labasa Soap Plant,LN0106,Line-1,2026-07-07 08:00:00,2026-07-07,8,Morning,Lavender Bar Soap,1.5,60.0,12.6,Power Outage,47.4,90,61,1,60,1.39,98.36,67.78,79.0,85.79,66.66,6.59,16.16,3
PureGlow Soaps International (Fictional Dummy Company),Global Manufacturing Head - PureGlow Soaps,Australia,Fiji,Labasa,FCT036,Labasa Soap Plant,LN0107,Line-2,2026-07-07 08:00:00,2026-07-07,8,Morning,Aloe Vera Liquid Soap,0.78,60.0,34.6,Material Shortage,25.4,47,16,1,15,3.33,93.75,34.04,42.33,80.76,32.05,1.39,6.84,3
PureGlow Soaps International (Fictional Dummy Company),Global Manufacturing Head - PureGlow Soaps,Australia,Fiji,Labasa,FCT036,Labasa Soap Plant,LN0108,Line-3,2026-07-07 08:00:00,2026-07-07,8,Morning,Sandalwood Bar Soap,0.86,60.0,0.4,No Downtime,59.6,52,50,2,48,3.39,96.0,96.15,99.33,97.55,93.02,4.77,17.09,2
PureGlow Soaps International (Fictional Dummy Company),Global Manufacturing Head - PureGlow Soaps,Australia,Fiji,Labasa,FCT036,Labasa Soap Plant,LN0106,Line-1,2026-07-07 09:00:00,2026-07-07,9,Morning,Lavender Bar Soap,1.5,60.0,32.4,Preventive Maintenance,27.6,90,34,1,33,4.32,97.06,37.78,46.0,82.13,36.67,3.13,9.71,1
PureGlow Soaps International (Fictional Dummy Company),Global Manufacturing Head - PureGlow Soaps,Australia,Fiji,Labasa,FCT036,Labasa Soap Plant,LN0107,Line-2,2026-07-07 09:00:00,2026-07-07,9,Morning,Aloe Vera Liquid Soap,0.78,60.0,20.9,Material Shortage,39.1,47,25,1,24,3.48,96.0,53.19,65.17,81.97,51.28,2.58,9.54,1
PureGlow Soaps International (Fictional Dummy Company),Global Manufacturing Head - PureGlow Soaps,Australia,Fiji,Labasa,FCT036,Labasa Soap Plant,LN0108,Line-3,2026-07-07 09:00:00,2026-07-07,9,Morning,Sandalwood Bar Soap,0.86,60.0,1.5,No Downtime,58.5,52,43,2,41,3.53,95.35,82.69,97.5,85.47,79.46,4.48,17.86,2
PureGlow Soaps International (Fictional Dummy Company),Global Manufacturing Head - PureGlow Soaps,Australia,Fiji,Labasa,FCT036,Labasa Soap Plant,LN0106,Line-1,2026-07-07 10:00:00,2026-07-07,10,Morning,Lavender Bar Soap,1.5,60.0,22.6,Preventive Maintenance,37.4,90,46,1,45,3.01,97.83,51.11,62.33,82.0,50.0,5.04,13.47,1
PureGlow Soaps International (Fictional Dummy Company),Global Manufacturing Head - PureGlow Soaps,Australia,Fiji,Labasa,FCT036,Labasa Soap Plant,LN0107,Line-2,2026-07-07 10:00:00,2026-07-07,10,Morning,Aloe Vera Liquid Soap,0.78,60.0,7.4,Power Outage,52.6,47,40,1,39,1.95,97.5,85.11,87.67,97.49,83.33,3.97,13.83,3
PureGlow Soaps International (Fictional Dummy Company),Global Manufacturing Head - PureGlow Soaps,Australia,Fiji,Labasa,FCT036,Labasa Soap Plant,LN0108,Line-3,2026-07-07 10:00:00,2026-07-07,10,Morning,Sandalwood Bar Soap,0.86,60.0,31.1,Machine Breakdown,28.9,52,25,1,24,3.46,96.0,48.08,48.17,100.59,46.52,2.68,8.63,1
PureGlow Soaps International (Fictional Dummy Company),Global Manufacturing Head - PureGlow Soaps,Australia,Fiji,Labasa,FCT036,Labasa Soap Plant,LN0106,Line-1,2026-07-07 11:00:00,2026-07-07,11,Morning,Lavender Bar Soap,1.5,60.0,13.9,Power Outage,46.1,90,65,1,64,2.21,98.46,72.22,76.83,94.0,71.11,6.28,15.49,3
PureGlow Soaps International (Fictional Dummy Company),Global Manufacturing Head - PureGlow Soaps,Australia,Fiji,Labasa,FCT036,Labasa Soap Plant,LN0107,Line-2,2026-07-07 11:00:00,2026-07-07,11,Morning,Aloe Vera Liquid Soap,0.78,60.0,39.5,Preventive Maintenance,20.5,47,16,0,16,2.86,100.0,34.04,34.17,100.06,34.19,1.37,5.66,3
PureGlow Soaps International (Fictional Dummy Company),Global Manufacturing Head - PureGlow Soaps,Australia,Fiji,Labasa,FCT036,Labasa Soap Plant,LN0108,Line-3,2026-07-07 11:00:00,2026-07-07,11,Morning,Sandalwood Bar Soap,0.86,60.0,44.7,Machine Breakdown,15.3,52,12,0,12,1.23,100.0,23.08,25.5,91.2,23.26,1.26,4.71,2
PureGlow Soaps International (Fictional Dummy Company),Global Manufacturing Head - PureGlow Soaps,Australia,Fiji,Labasa,FCT036,Labasa Soap Plant,LN0106,Line-1,2026-07-07 12:00:00,2026-07-07,12,Morning,Lavender Bar Soap,1.5,60.0,17.6,Changeover/Setup,42.4,90,58,1,57,2.32,98.28,64.44,70.67,91.19,63.34,4.95,13.94,1
PureGlow Soaps International (Fictional Dummy Company),Global Manufacturing Head - PureGlow Soaps,Australia,Fiji,Labasa,FCT036,Labasa Soap Plant,LN0107,Line-2,2026-07-07 12:00:00,2026-07-07,12,Morning,Aloe Vera Liquid Soap,0.78,60.0,5.1,Changeover/Setup,54.9,47,39,1,38,1.7,97.44,82.98,91.5,91.07,81.2,4.02,15.19,3
PureGlow Soaps International (Fictional Dummy Company),Global Manufacturing Head - PureGlow Soaps,Australia,Fiji,Labasa,FCT036,Labasa Soap Plant,LN0108,Line-3,2026-07-07 12:00:00,2026-07-07,12,Morning,Sandalwood Bar Soap,0.86,60.0,43.7,Machine Breakdown,16.3,52,13,1,12,4.5,92.31,25.0,27.17,92.74,23.26,1.16,4.79,2
PureGlow Soaps International (Fictional Dummy Company),Global Manufacturing Head - PureGlow Soaps,Australia,Fiji,Labasa,FCT036,Labasa Soap Plant,LN0106,Line-1,2026-07-07 13:00:00,2026-07-07,13,Morning,Lavender Bar Soap,1.5,60.0,1.9,No Downtime,58.1,90,76,1,75,1.89,98.68,84.44,96.83,87.21,83.33,6.81,21.19,2
PureGlow Soaps International (Fictional Dummy Company),Global Manufacturing Head - PureGlow Soaps,Australia,Fiji,Labasa,FCT036,Labasa Soap Plant,LN0107,Line-2,2026-07-07 13:00:00,2026-07-07,13,Morning,Aloe Vera Liquid Soap,0.78,60.0,23.1,Material Shortage,36.9,47,26,2,24,5.88,92.31,55.32,61.5,90.33,51.28,2.24,9.64,2
PureGlow Soaps International (Fictional Dummy Company),Global Manufacturing Head - PureGlow Soaps,Australia,Fiji,Labasa,FCT036,Labasa Soap Plant,LN0108,Line-3,2026-07-07 13:00:00,2026-07-07,13,Morning,Sandalwood Bar Soap,0.86,60.0,3.5,No Downtime,56.5,52,46,1,45,1.16,97.83,88.46,94.17,94.67,87.22,4.48,17.39,2
PureGlow Soaps International (Fictional Dummy Company),Global Manufacturing Head - PureGlow Soaps,Australia,Fiji,Labasa,FCT036,Labasa Soap Plant,LN0106,Line-1,2026-07-07 14:00:00,2026-07-07,14,Afternoon,Lavender Bar Soap,1.5,60.0,19.1,Preventive Maintenance,40.9,90,53,3,50,5.14,94.34,58.89,68.17,86.39,55.56,5.52,14.98,2
PureGlow Soaps International (Fictional Dummy Company),Global Manufacturing Head - PureGlow Soaps,Australia,Fiji,Labasa,FCT036,Labasa Soap Plant,LN0107,Line-2,2026-07-07 14:00:00,2026-07-07,14,Afternoon,Aloe Vera Liquid Soap,0.78,60.0,20.8,Power Outage,39.2,47,29,1,28,4.06,96.55,61.7,65.33,94.85,59.83,3.1,10.77,1
PureGlow Soaps International (Fictional Dummy Company),Global Manufacturing Head - PureGlow Soaps,Australia,Fiji,Labasa,FCT036,Labasa Soap Plant,LN0108,Line-3,2026-07-07 14:00:00,2026-07-07,14,Afternoon,Sandalwood Bar Soap,0.86,60.0,7.1,Changeover/Setup,52.9,52,46,3,43,6.26,93.48,88.46,88.17,101.11,83.34,4.22,15.34,1
PureGlow Soaps International (Fictional Dummy Company),Global Manufacturing Head - PureGlow Soaps,Australia,Fiji,Labasa,FCT036,Labasa Soap Plant,LN0106,Line-1,2026-07-07 15:00:00,2026-07-07,15,Afternoon,Lavender Bar Soap,1.5,60.0,9.5,Staff Shortage,50.5,90,61,2,59,3.63,96.72,67.78,84.17,80.53,65.56,5.98,16.98,2
PureGlow Soaps International (Fictional Dummy Company),Global Manufacturing Head - PureGlow Soaps,Australia,Fiji,Labasa,FCT036,Labasa Soap Plant,LN0107,Line-2,2026-07-07 15:00:00,2026-07-07,15,Afternoon,Aloe Vera Liquid Soap,0.78,60.0,3.7,No Downtime,56.3,47,41,2,39,4.1,95.12,87.23,93.83,93.36,83.32,3.65,15.08,2
PureGlow Soaps International (Fictional Dummy Company),Global Manufacturing Head - PureGlow Soaps,Australia,Fiji,Labasa,FCT036,Labasa Soap Plant,LN0108,Line-3,2026-07-07 15:00:00,2026-07-07,15,Afternoon,Sandalwood Bar Soap,0.86,60.0,1.6,No Downtime,58.4,52,46,2,44,3.93,95.65,88.46,97.33,91.59,85.27,4.98,18.84,2
PureGlow Soaps International (Fictional Dummy Company),Global Manufacturing Head - PureGlow Soaps,Australia,Fiji,Labasa,FCT036,Labasa Soap Plant,LN0106,Line-1,2026-07-07 16:00:00,2026-07-07,16,Afternoon,Lavender Bar Soap,1.5,60.0,15.1,Machine Breakdown,44.9,90,62,2,60,2.63,96.77,68.89,74.83,92.06,66.66,5.9,14.1,2
PureGlow Soaps International (Fictional Dummy Company),Global Manufacturing Head - PureGlow Soaps,Australia,Fiji,Labasa,FCT036,Labasa Soap Plant,LN0107,Line-2,2026-07-07 16:00:00,2026-07-07,16,Afternoon,Aloe Vera Liquid Soap,0.78,60.0,3.7,No Downtime,56.3,47,41,1,40,3.38,97.56,87.23,93.83,93.36,85.46,3.7,13.49,1
PureGlow Soaps International (Fictional Dummy Company),Global Manufacturing Head - PureGlow Soaps,Australia,Fiji,Labasa,FCT036,Labasa Soap Plant,LN0108,Line-3,2026-07-07 16:00:00,2026-07-07,16,Afternoon,Sandalwood Bar Soap,0.86,60.0,19.0,Material Shortage,41.0,52,36,1,35,1.64,97.22,69.23,68.33,102.1,67.83,3.22,13.34,1
PureGlow Soaps International (Fictional Dummy Company),Global Manufacturing Head - PureGlow Soaps,Australia,Fiji,Labasa,FCT036,Labasa Soap Plant,LN0106,Line-1,2026-07-07 17:00:00,2026-07-07,17,Afternoon,Lavender Bar Soap,1.5,60.0,19.1,Preventive Maintenance,40.9,90,54,1,53,1.77,98.15,60.0,68.17,88.02,58.89,5.14,12.33,2
PureGlow Soaps International (Fictional Dummy Company),Global Manufacturing Head - PureGlow Soaps,Australia,Fiji,Labasa,FCT036,Labasa Soap Plant,LN0107,Line-2,2026-07-07 17:00:00,2026-07-07,17,Afternoon,Aloe Vera Liquid Soap,0.78,60.0,14.6,Machine Breakdown,45.4,47,36,1,35,3.49,97.22,76.6,75.67,101.66,74.79,3.12,12.13,1
PureGlow Soaps International (Fictional Dummy Company),Global Manufacturing Head - PureGlow Soaps,Australia,Fiji,Labasa,FCT036,Labasa Soap Plant,LN0108,Line-3,2026-07-07 17:00:00,2026-07-07,17,Afternoon,Sandalwood Bar Soap,0.86,60.0,12.7,Quality Hold,47.3,52,35,3,32,7.3,91.43,67.31,78.83,86.04,62.01,3.2,13.49,1
PureGlow Soaps International (Fictional Dummy Company),Global Manufacturing Head - PureGlow Soaps,Australia,Fiji,Labasa,FCT036,Labasa Soap Plant,LN0106,Line-1,2026-07-07 18:00:00,2026-07-07,18,Afternoon,Lavender Bar Soap,1.5,60.0,5.6,Power Outage,54.4,90,80,3,77,3.91,96.25,88.89,90.67,98.04,85.56,7.2,19.27,1
PureGlow Soaps International (Fictional Dummy Company),Global Manufacturing Head - PureGlow Soaps,Australia,Fiji,Labasa,FCT036,Labasa Soap Plant,LN0107,Line-2,2026-07-07 18:00:00,2026-07-07,18,Afternoon,Aloe Vera Liquid Soap,0.78,60.0,29.3,Power Outage,30.7,47,22,0,22,0.0,100.0,46.81,51.17,91.87,47.01,1.99,8.24,2
PureGlow Soaps International (Fictional Dummy Company),Global Manufacturing Head - PureGlow Soaps,Australia,Fiji,Labasa,FCT036,Labasa Soap Plant,LN0108,Line-3,2026-07-07 18:00:00,2026-07-07,18,Afternoon,Sandalwood Bar Soap,0.86,60.0,2.5,No Downtime,57.5,52,40,1,39,3.56,97.5,76.92,95.83,80.89,75.58,3.9,16.69,1
PureGlow Soaps International (Fictional Dummy Company),Global Manufacturing Head - PureGlow Soaps,Australia,Fiji,Labasa,FCT036,Labasa Soap Plant,LN0106,Line-1,2026-07-07 19:00:00,2026-07-07,19,Afternoon,Lavender Bar Soap,1.5,60.0,27.7,Material Shortage,32.3,90,49,1,48,2.51,97.96,54.44,53.83,101.14,53.33,4.37,10.27,3
PureGlow Soaps International (Fictional Dummy Company),Global Manufacturing Head - PureGlow Soaps,Australia,Fiji,Labasa,FCT036,Labasa Soap Plant,LN0107,Line-2,2026-07-07 19:00:00,2026-07-07,19,Afternoon,Aloe Vera Liquid Soap,0.78,60.0,1.7,No Downtime,58.3,47,38,1,37,2.9,97.37,80.85,97.17,83.56,79.06,3.8,16.74,1
PureGlow Soaps International (Fictional Dummy Company),Global Manufacturing Head - PureGlow Soaps,Australia,Fiji,Labasa,FCT036,Labasa Soap Plant,LN0108,Line-3,2026-07-07 19:00:00,2026-07-07,19,Afternoon,Sandalwood Bar Soap,0.86,60.0,23.5,Power Outage,36.5,52,29,0,29,0.04,100.0,55.77,60.83,92.39,56.2,2.66,10.94,3
PureGlow Soaps International (Fictional Dummy Company),Global Manufacturing Head - PureGlow Soaps,Australia,Fiji,Labasa,FCT036,Labasa Soap Plant,LN0106,Line-1,2026-07-07 20:00:00,2026-07-07,20,Afternoon,Lavender Bar Soap,1.5,60.0,17.2,Changeover/Setup,42.8,90,51,2,49,3.69,96.08,56.67,71.33,79.44,54.44,5.42,13.86,3
PureGlow Soaps International (Fictional Dummy Company),Global Manufacturing Head - PureGlow Soaps,Australia,Fiji,Labasa,FCT036,Labasa Soap Plant,LN0107,Line-2,2026-07-07 20:00:00,2026-07-07,20,Afternoon,Aloe Vera Liquid Soap,0.78,60.0,2.5,No Downtime,57.5,47,37,1,36,2.88,97.3,78.72,95.83,82.5,76.93,3.28,16.61,1
PureGlow Soaps International (Fictional Dummy Company),Global Manufacturing Head - PureGlow Soaps,Australia,Fiji,Labasa,FCT036,Labasa Soap Plant,LN0108,Line-3,2026-07-07 20:00:00,2026-07-07,20,Afternoon,Sandalwood Bar Soap,0.86,60.0,1.4,No Downtime,58.6,52,45,2,43,4.15,95.56,86.54,97.67,89.29,83.34,4.45,19.27,3
PureGlow Soaps International (Fictional Dummy Company),Global Manufacturing Head - PureGlow Soaps,Australia,Fiji,Labasa,FCT036,Labasa Soap Plant,LN0106,Line-1,2026-07-07 21:00:00,2026-07-07,21,Afternoon,Lavender Bar Soap,1.5,60.0,3.1,No Downtime,56.9,90,86,2,84,1.94,97.67,95.56,94.83,100.76,93.32,8.68,19.62,2
PureGlow Soaps International (Fictional Dummy Company),Global Manufacturing Head - PureGlow Soaps,Australia,Fiji,Labasa,FCT036,Labasa Soap Plant,LN0107,Line-2,2026-07-07 21:00:00,2026-07-07,21,Afternoon,Aloe Vera Liquid Soap,0.78,60.0,3.9,No Downtime,56.1,47,44,1,43,3.28,97.73,93.62,93.5,100.55,91.88,4.78,13.46,2
PureGlow Soaps International (Fictional Dummy Company),Global Manufacturing Head - PureGlow Soaps,Australia,Fiji,Labasa,FCT036,Labasa Soap Plant,LN0108,Line-3,2026-07-07 21:00:00,2026-07-07,21,Afternoon,Sandalwood Bar Soap,0.86,60.0,7.4,Changeover/Setup,52.6,52,41,2,39,5.14,95.12,78.85,87.67,90.64,75.59,4.05,17.52,1
PureGlow Soaps International (Fictional Dummy Company),Global Manufacturing Head - PureGlow Soaps,Australia,Fiji,Labasa,FCT036,Labasa Soap Plant,LN0106,Line-1,2026-07-07 22:00:00,2026-07-07,22,Night,Lavender Bar Soap,1.5,60.0,21.7,Material Shortage,38.3,90,52,2,50,4.21,96.15,57.78,63.83,90.51,55.55,4.43,13.23,3
PureGlow Soaps International (Fictional Dummy Company),Global Manufacturing Head - PureGlow Soaps,Australia,Fiji,Labasa,FCT036,Labasa Soap Plant,LN0107,Line-2,2026-07-07 22:00:00,2026-07-07,22,Night,Aloe Vera Liquid Soap,0.78,60.0,43.4,Machine Breakdown,16.6,47,11,0,11,3.28,100.0,23.4,27.67,84.96,23.51,1.0,4.2,2
PureGlow Soaps International (Fictional Dummy Company),Global Manufacturing Head - PureGlow Soaps,Australia,Fiji,Labasa,FCT036,Labasa Soap Plant,LN0108,Line-3,2026-07-07 22:00:00,2026-07-07,22,Night,Sandalwood Bar Soap,0.86,60.0,7.0,Changeover/Setup,53.0,52,40,1,39,2.63,97.5,76.92,88.33,87.76,75.58,3.6,17.12,2
PureGlow Soaps International (Fictional Dummy Company),Global Manufacturing Head - PureGlow Soaps,Australia,Fiji,Labasa,FCT036,Labasa Soap Plant,LN0106,Line-1,2026-07-07 23:00:00,2026-07-07,23,Night,Lavender Bar Soap,1.5,60.0,7.0,Staff Shortage,53.0,90,66,2,64,2.47,96.97,73.33,88.33,83.02,71.11,6.12,18.32,2
PureGlow Soaps International (Fictional Dummy Company),Global Manufacturing Head - PureGlow Soaps,Australia,Fiji,Labasa,FCT036,Labasa Soap Plant,LN0107,Line-2,2026-07-07 23:00:00,2026-07-07,23,Night,Aloe Vera Liquid Soap,0.78,60.0,34.1,Preventive Maintenance,25.9,47,19,1,18,3.16,94.74,40.43,43.17,94.05,38.47,1.92,7.02,3
PureGlow Soaps International (Fictional Dummy Company),Global Manufacturing Head - PureGlow Soaps,Australia,Fiji,Labasa,FCT036,Labasa Soap Plant,LN0108,Line-3,2026-07-07 23:00:00,2026-07-07,23,Night,Sandalwood Bar Soap,0.86,60.0,31.0,Machine Breakdown,29.0,52,21,0,21,0.9,100.0,40.38,48.33,84.2,40.69,1.9,8.28,3
PureGlow Soaps International (Fictional Dummy Company),Global Manufacturing Head - PureGlow Soaps,Australia,Fiji,Labasa,FCT036,Labasa Soap Plant,LN0106,Line-1,2026-07-08 00:00:00,2026-07-08,0,Night,Lemon Bar Soap,1.5,60.0,26.9,Power Outage,33.1,90,48,2,46,3.3,95.83,53.33,55.17,96.68,51.11,4.3,10.0,3
PureGlow Soaps International (Fictional Dummy Company),Global Manufacturing Head - PureGlow Soaps,Australia,Fiji,Labasa,FCT036,Labasa Soap Plant,LN0107,Line-2,2026-07-08 00:00:00,2026-07-08,0,Night,Rose Bar Soap,0.78,60.0,26.4,Preventive Maintenance,33.6,47,26,1,25,3.07,96.15,55.32,56.0,99.21,53.42,2.6,9.39,1
PureGlow Soaps International (Fictional Dummy Company),Global Manufacturing Head - PureGlow Soaps,Australia,Fiji,Labasa,FCT036,Labasa Soap Plant,LN0108,Line-3,2026-07-08 00:00:00,2026-07-08,0,Night,Charcoal Bar Soap,0.86,60.0,34.5,Material Shortage,25.5,52,22,1,21,2.68,95.45,42.31,42.5,100.32,40.7,2.11,7.54,2
PureGlow Soaps International (Fictional Dummy Company),Global Manufacturing Head - PureGlow Soaps,Australia,Fiji,Labasa,FCT036,Labasa Soap Plant,LN0106,Line-1,2026-07-08 01:00:00,2026-07-08,1,Night,Lemon Bar Soap,1.5,60.0,26.3,Power Outage,33.7,90,50,1,49,2.76,98.0,55.56,56.17,98.91,54.45,5.02,11.7,3
PureGlow Soaps International (Fictional Dummy Company),Global Manufacturing Head - PureGlow Soaps,Australia,Fiji,Labasa,FCT036,Labasa Soap Plant,LN0107,Line-2,2026-07-08 01:00:00,2026-07-08,1,Night,Rose Bar Soap,0.78,60.0,1.8,No Downtime,58.2,47,38,1,37,2.11,97.37,80.85,97.0,83.71,79.06,3.73,13.85,3
PureGlow Soaps International (Fictional Dummy Company),Global Manufacturing Head - PureGlow Soaps,Australia,Fiji,Labasa,FCT036,Labasa Soap Plant,LN0108,Line-3,2026-07-08 01:00:00,2026-07-08,1,Night,Charcoal Bar Soap,0.86,60.0,1.5,No Downtime,58.5,52,46,1,45,2.07,97.83,88.46,97.5,91.43,87.21,4.3,16.28,2
PureGlow Soaps International (Fictional Dummy Company),Global Manufacturing Head - PureGlow Soaps,Australia,Fiji,Labasa,FCT036,Labasa Soap Plant,LN0106,Line-1,2026-07-08 02:00:00,2026-07-08,2,Night,Lemon Bar Soap,1.5,60.0,2.0,No Downtime,58.0,90,84,2,82,2.06,97.62,93.33,96.67,96.55,91.11,7.63,20.01,2
PureGlow Soaps International (Fictional Dummy Company),Global Manufacturing Head - PureGlow Soaps,Australia,Fiji,Labasa,FCT036,Labasa Soap Plant,LN0107,Line-2,2026-07-08 02:00:00,2026-07-08,2,Night,Rose Bar Soap,0.78,60.0,5.5,Changeover/Setup,54.5,47,36,1,35,3.89,97.22,76.6,90.83,84.69,74.79,3.93,15.03,1
PureGlow Soaps International (Fictional Dummy Company),Global Manufacturing Head - PureGlow Soaps,Australia,Fiji,Labasa,FCT036,Labasa Soap Plant,LN0108,Line-3,2026-07-08 02:00:00,2026-07-08,2,Night,Charcoal Bar Soap,0.86,60.0,0.5,No Downtime,59.5,52,45,1,44,3.16,97.78,86.54,99.17,87.94,85.27,4.93,16.61,1
PureGlow Soaps International (Fictional Dummy Company),Global Manufacturing Head - PureGlow Soaps,Australia,Fiji,Labasa,FCT036,Labasa Soap Plant,LN0106,Line-1,2026-07-08 03:00:00,2026-07-08,3,Night,Lemon Bar Soap,1.5,60.0,10.3,Material Shortage,49.7,90,71,3,68,4.74,95.77,78.89,82.83,95.24,75.55,7.8,17.99,2
PureGlow Soaps International (Fictional Dummy Company),Global Manufacturing Head - PureGlow Soaps,Australia,Fiji,Labasa,FCT036,Labasa Soap Plant,LN0107,Line-2,2026-07-08 03:00:00,2026-07-08,3,Night,Rose Bar Soap,0.78,60.0,25.6,Machine Breakdown,34.4,47,25,1,24,2.42,96.0,53.19,57.33,93.17,51.28,2.37,9.24,1
PureGlow Soaps International (Fictional Dummy Company),Global Manufacturing Head - PureGlow Soaps,Australia,Fiji,Labasa,FCT036,Labasa Soap Plant,LN0108,Line-3,2026-07-08 03:00:00,2026-07-08,3,Night,Charcoal Bar Soap,0.86,60.0,5.9,Changeover/Setup,54.1,52,39,1,38,2.64,97.44,75.0,90.17,83.82,73.65,3.49,16.12,3
PureGlow Soaps International (Fictional Dummy Company),Global Manufacturing Head - PureGlow Soaps,Australia,Fiji,Labasa,FCT036,Labasa Soap Plant,LN0106,Line-1,2026-07-08 04:00:00,2026-07-08,4,Night,Lemon Bar Soap,1.5,60.0,13.4,Machine Breakdown,46.6,90,58,3,55,4.41,94.83,64.44,77.67,82.98,61.12,5.83,14.12,2
PureGlow Soaps International (Fictional Dummy Company),Global Manufacturing Head - PureGlow Soaps,Australia,Fiji,Labasa,FCT036,Labasa Soap Plant,LN0107,Line-2,2026-07-08 04:00:00,2026-07-08,4,Night,Rose Bar Soap,0.78,60.0,2.1,No Downtime,57.9,47,46,2,44,4.04,95.65,97.87,96.5,101.86,94.02,4.68,15.47,1
PureGlow Soaps International (Fictional Dummy Company),Global Manufacturing Head - PureGlow Soaps,Australia,Fiji,Labasa,FCT036,Labasa Soap Plant,LN0108,Line-3,2026-07-08 04:00:00,2026-07-08,4,Night,Charcoal Bar Soap,0.86,60.0,35.2,Machine Breakdown,24.8,52,19,0,19,2.38,100.0,36.54,41.33,89.08,36.82,1.62,6.83,2
PureGlow Soaps International (Fictional Dummy Company),Global Manufacturing Head - PureGlow Soaps,Australia,Fiji,Labasa,FCT036,Labasa Soap Plant,LN0106,Line-1,2026-07-08 05:00:00,2026-07-08,5,Night,Lemon Bar Soap,1.5,60.0,20.8,Material Shortage,39.2,90,56,2,54,2.82,96.43,62.22,65.33,95.24,60.0,5.6,11.94,1
PureGlow Soaps International (Fictional Dummy Company),Global Manufacturing Head - PureGlow Soaps,Australia,Fiji,Labasa,FCT036,Labasa Soap Plant,LN0107,Line-2,2026-07-08 05:00:00,2026-07-08,5,Night,Rose Bar Soap,0.78,60.0,19.3,Material Shortage,40.7,47,29,0,29,0.91,100.0,61.7,67.83,91.35,61.96,3.19,10.11,1
PureGlow Soaps International (Fictional Dummy Company),Global Manufacturing Head - PureGlow Soaps,Australia,Fiji,Labasa,FCT036,Labasa Soap Plant,LN0108,Line-3,2026-07-08 05:00:00,2026-07-08,5,Night,Charcoal Bar Soap,0.86,60.0,15.4,Machine Breakdown,44.6,52,36,1,35,3.67,97.22,69.23,74.33,93.86,67.83,3.45,14.43,2
PureGlow Soaps International (Fictional Dummy Company),Global Manufacturing Head - PureGlow Soaps,Australia,Fiji,Labasa,FCT036,Labasa Soap Plant,LN0106,Line-1,2026-07-08 06:00:00,2026-07-08,6,Morning,Lemon Bar Soap,1.5,60.0,20.4,Material Shortage,39.6,90,61,1,60,2.31,98.36,67.78,66.0,102.69,66.66,6.49,14.02,3
PureGlow Soaps International (Fictional Dummy Company),Global Manufacturing Head - PureGlow Soaps,Australia,Fiji,Labasa,FCT036,Labasa Soap Plant,LN0107,Line-2,2026-07-08 06:00:00,2026-07-08,6,Morning,Rose Bar Soap,0.78,60.0,11.2,Changeover/Setup,48.8,47,32,1,31,2.36,96.88,68.09,81.33,84.07,66.24,3.01,13.84,2
PureGlow Soaps International (Fictional Dummy Company),Global Manufacturing Head - PureGlow Soaps,Australia,Fiji,Labasa,FCT036,Labasa Soap Plant,LN0108,Line-3,2026-07-08 06:00:00,2026-07-08,6,Morning,Charcoal Bar Soap,0.86,60.0,15.0,Changeover/Setup,45.0,52,34,1,33,2.7,97.06,65.38,75.0,87.86,63.96,3.29,14.41,2
PureGlow Soaps International (Fictional Dummy Company),Global Manufacturing Head - PureGlow Soaps,Australia,Fiji,Labasa,FCT036,Labasa Soap Plant,LN0106,Line-1,2026-07-08 07:00:00,2026-07-08,7,Morning,Lemon Bar Soap,1.5,60.0,20.1,Power Outage,39.9,90,50,2,48,3.09,96.0,55.56,66.5,83.54,53.33,5.22,12.53,2
PureGlow Soaps International (Fictional Dummy Company),Global Manufacturing Head - PureGlow Soaps,Australia,Fiji,Labasa,FCT036,Labasa Soap Plant,LN0107,Line-2,2026-07-08 07:00:00,2026-07-08,7,Morning,Rose Bar Soap,0.78,60.0,14.4,Machine Breakdown,45.6,47,35,1,34,2.59,97.14,74.47,76.0,98.4,72.65,3.15,12.76,1
PureGlow Soaps International (Fictional Dummy Company),Global Manufacturing Head - PureGlow Soaps,Australia,Fiji,Labasa,FCT036,Labasa Soap Plant,LN0108,Line-3,2026-07-08 07:00:00,2026-07-08,7,Morning,Charcoal Bar Soap,0.86,60.0,0.4,No Downtime,59.6,52,51,2,49,3.77,96.08,98.08,99.33,99.5,94.96,4.99,17.73,2
PureGlow Soaps International (Fictional Dummy Company),Global Manufacturing Head - PureGlow Soaps,Australia,Fiji,Labasa,FCT036,Labasa Soap Plant,LN0106,Line-1,2026-07-08 08:00:00,2026-07-08,8,Morning,Lemon Bar Soap,1.5,60.0,23.9,Material Shortage,36.1,90,49,1,48,2.09,97.96,54.44,60.17,90.49,53.34,5.38,12.19,3
PureGlow Soaps International (Fictional Dummy Company),Global Manufacturing Head - PureGlow Soaps,Australia,Fiji,Labasa,FCT036,Labasa Soap Plant,LN0107,Line-2,2026-07-08 08:00:00,2026-07-08,8,Morning,Rose Bar Soap,0.78,60.0,23.8,Material Shortage,36.2,47,26,1,25,4.28,96.15,55.32,60.33,92.08,53.41,2.42,9.35,1
PureGlow Soaps International (Fictional Dummy Company),Global Manufacturing Head - PureGlow Soaps,Australia,Fiji,Labasa,FCT036,Labasa Soap Plant,LN0108,Line-3,2026-07-08 08:00:00,2026-07-08,8,Morning,Charcoal Bar Soap,0.86,60.0,3.0,No Downtime,57.0,52,49,1,48,2.42,97.96,94.23,95.0,99.96,93.02,4.71,18.63,2
PureGlow Soaps International (Fictional Dummy Company),Global Manufacturing Head - PureGlow Soaps,Australia,Fiji,Labasa,FCT036,Labasa Soap Plant,LN0106,Line-1,2026-07-08 09:00:00,2026-07-08,9,Morning,Lemon Bar Soap,1.5,60.0,12.0,Material Shortage,48.0,90,73,2,71,3.0,97.26,81.11,80.0,101.39,78.89,7.3,17.49,2
PureGlow Soaps International (Fictional Dummy Company),Global Manufacturing Head - PureGlow Soaps,Australia,Fiji,Labasa,FCT036,Labasa Soap Plant,LN0107,Line-2,2026-07-08 09:00:00,2026-07-08,9,Morning,Rose Bar Soap,0.78,60.0,14.9,Changeover/Setup,45.1,47,30,0,30,1.37,100.0,63.83,75.17,85.28,64.1,3.14,12.91,2
PureGlow Soaps International (Fictional Dummy Company),Global Manufacturing Head - PureGlow Soaps,Australia,Fiji,Labasa,FCT036,Labasa Soap Plant,LN0108,Line-3,2026-07-08 09:00:00,2026-07-08,9,Morning,Charcoal Bar Soap,0.86,60.0,2.9,No Downtime,57.1,52,48,1,47,2.97,97.92,92.31,95.17,97.75,91.09,4.75,18.68,2
PureGlow Soaps International (Fictional Dummy Company),Global Manufacturing Head - PureGlow Soaps,Australia,Fiji,Labasa,FCT036,Labasa Soap Plant,LN0106,Line-1,2026-07-08 10:00:00,2026-07-08,10,Morning,Lemon Bar Soap,1.5,60.0,6.4,Changeover/Setup,53.6,90,65,2,63,2.98,96.92,72.22,89.33,80.85,70.0,6.26,19.64,3
PureGlow Soaps International (Fictional Dummy Company),Global Manufacturing Head - PureGlow Soaps,Australia,Fiji,Labasa,FCT036,Labasa Soap Plant,LN0107,Line-2,2026-07-08 10:00:00,2026-07-08,10,Morning,Rose Bar Soap,0.78,60.0,1.6,No Downtime,58.4,47,45,0,45,0.63,100.0,95.74,97.33,98.79,96.15,4.15,14.33,1
PureGlow Soaps International (Fictional Dummy Company),Global Manufacturing Head - PureGlow Soaps,Australia,Fiji,Labasa,FCT036,Labasa Soap Plant,LN0108,Line-3,2026-07-08 10:00:00,2026-07-08,10,Morning,Charcoal Bar Soap,0.86,60.0,3.5,No Downtime,56.5,52,45,1,44,2.95,97.78,86.54,94.17,92.61,85.27,3.84,18.44,2
PureGlow Soaps International (Fictional Dummy Company),Global Manufacturing Head - PureGlow Soaps,Australia,Fiji,Labasa,FCT036,Labasa Soap Plant,LN0106,Line-1,2026-07-08 11:00:00,2026-07-08,11,Morning,Lemon Bar Soap,1.5,60.0,0.4,No Downtime,59.6,90,82,2,80,2.96,97.56,91.11,99.33,91.72,88.88,7.69,19.44,2
PureGlow Soaps International (Fictional Dummy Company),Global Manufacturing Head - PureGlow Soaps,Australia,Fiji,Labasa,FCT036,Labasa Soap Plant,LN0107,Line-2,2026-07-08 11:00:00,2026-07-08,11,Morning,Rose Bar Soap,0.78,60.0,15.8,Changeover/Setup,44.2,47,32,0,32,1.02,100.0,68.09,73.67,92.82,68.38,3.13,10.6,3
PureGlow Soaps International (Fictional Dummy Company),Global Manufacturing Head - PureGlow Soaps,Australia,Fiji,Labasa,FCT036,Labasa Soap Plant,LN0108,Line-3,2026-07-08 11:00:00,2026-07-08,11,Morning,Charcoal Bar Soap,0.86,60.0,3.5,No Downtime,56.5,52,42,2,40,4.16,95.24,80.77,94.17,86.44,77.53,3.75,17.7,3
PureGlow Soaps International (Fictional Dummy Company),Global Manufacturing Head - PureGlow Soaps,Australia,Fiji,Labasa,FCT036,Labasa Soap Plant,LN0106,Line-1,2026-07-08 12:00:00,2026-07-08,12,Morning,Lemon Bar Soap,1.5,60.0,7.9,Changeover/Setup,52.1,90,66,3,63,4.57,95.45,73.33,86.83,84.45,69.99,5.95,18.11,3
PureGlow Soaps International (Fictional Dummy Company),Global Manufacturing Head - PureGlow Soaps,Australia,Fiji,Labasa,FCT036,Labasa Soap Plant,LN0107,Line-2,2026-07-08 12:00:00,2026-07-08,12,Morning,Rose Bar Soap,0.78,60.0,3.8,No Downtime,56.2,47,43,2,41,3.49,95.35,91.49,93.67,98.09,87.61,3.9,14.53,3
PureGlow Soaps International (Fictional Dummy Company),Global Manufacturing Head - PureGlow Soaps,Australia,Fiji,Labasa,FCT036,Labasa Soap Plant,LN0108,Line-3,2026-07-08 12:00:00,2026-07-08,12,Morning,Charcoal Bar Soap,0.86,60.0,26.6,Machine Breakdown,33.4,52,23,0,23,1.51,100.0,44.23,55.67,80.07,44.57,2.41,10.47,2
PureGlow Soaps International (Fictional Dummy Company),Global Manufacturing Head - PureGlow Soaps,Australia,Fiji,Labasa,FCT036,Labasa Soap Plant,LN0106,Line-1,2026-07-08 13:00:00,2026-07-08,13,Morning,Lemon Bar Soap,1.5,60.0,37.7,Machine Breakdown,22.3,90,27,1,26,3.44,96.3,30.0,37.17,80.72,28.89,2.57,6.99,2
PureGlow Soaps International (Fictional Dummy Company),Global Manufacturing Head - PureGlow Soaps,Australia,Fiji,Labasa,FCT036,Labasa Soap Plant,LN0107,Line-2,2026-07-08 13:00:00,2026-07-08,13,Morning,Rose Bar Soap,0.78,60.0,9.5,Changeover/Setup,50.5,47,39,1,38,3.07,97.44,82.98,84.17,99.01,81.2,3.57,12.0,3
PureGlow Soaps International (Fictional Dummy Company),Global Manufacturing Head - PureGlow Soaps,Australia,Fiji,Labasa,FCT036,Labasa Soap Plant,LN0108,Line-3,2026-07-08 13:00:00,2026-07-08,13,Morning,Charcoal Bar Soap,0.86,60.0,2.1,No Downtime,57.9,52,45,1,44,2.18,97.78,86.54,96.5,90.37,85.27,4.23,17.31,3
PureGlow Soaps International (Fictional Dummy Company),Global Manufacturing Head - PureGlow Soaps,Australia,Fiji,Labasa,FCT036,Labasa Soap Plant,LN0106,Line-1,2026-07-08 14:00:00,2026-07-08,14,Afternoon,Lemon Bar Soap,1.5,60.0,8.5,Changeover/Setup,51.5,90,76,2,74,2.09,97.37,84.44,85.83,98.38,82.22,7.38,17.49,1
PureGlow Soaps International (Fictional Dummy Company),Global Manufacturing Head - PureGlow Soaps,Australia,Fiji,Labasa,FCT036,Labasa Soap Plant,LN0107,Line-2,2026-07-08 14:00:00,2026-07-08,14,Afternoon,Rose Bar Soap,0.78,60.0,15.5,Preventive Maintenance,44.5,47,32,1,31,2.41,96.88,68.09,74.17,92.19,66.24,2.96,12.07,1
PureGlow Soaps International (Fictional Dummy Company),Global Manufacturing Head - PureGlow Soaps,Australia,Fiji,Labasa,FCT036,Labasa Soap Plant,LN0108,Line-3,2026-07-08 14:00:00,2026-07-08,14,Afternoon,Charcoal Bar Soap,0.86,60.0,18.8,Changeover/Setup,41.2,52,30,1,29,3.79,96.67,57.69,68.67,84.67,56.21,3.07,12.25,3
PureGlow Soaps International (Fictional Dummy Company),Global Manufacturing Head - PureGlow Soaps,Australia,Fiji,Labasa,FCT036,Labasa Soap Plant,LN0106,Line-1,2026-07-08 15:00:00,2026-07-08,15,Afternoon,Lemon Bar Soap,1.5,60.0,29.5,Preventive Maintenance,30.5,90,41,1,40,2.57,97.56,45.56,50.83,89.62,44.44,4.01,9.3,2
PureGlow Soaps International (Fictional Dummy Company),Global Manufacturing Head - PureGlow Soaps,Australia,Fiji,Labasa,FCT036,Labasa Soap Plant,LN0107,Line-2,2026-07-08 15:00:00,2026-07-08,15,Afternoon,Rose Bar Soap,0.78,60.0,19.4,Changeover/Setup,40.6,47,25,1,24,4.31,96.0,53.19,67.67,78.94,51.28,2.49,11.23,3
PureGlow Soaps International (Fictional Dummy Company),Global Manufacturing Head - PureGlow Soaps,Australia,Fiji,Labasa,FCT036,Labasa Soap Plant,LN0108,Line-3,2026-07-08 15:00:00,2026-07-08,15,Afternoon,Charcoal Bar Soap,0.86,60.0,13.8,Changeover/Setup,46.2,52,37,1,36,3.17,97.3,71.15,77.0,93.12,69.77,3.36,12.99,3
PureGlow Soaps International (Fictional Dummy Company),Global Manufacturing Head - PureGlow Soaps,Australia,Fiji,Labasa,FCT036,Labasa Soap Plant,LN0106,Line-1,2026-07-08 16:00:00,2026-07-08,16,Afternoon,Lemon Bar Soap,1.5,60.0,16.2,Preventive Maintenance,43.8,90,59,2,57,3.31,96.61,65.56,73.0,89.8,63.33,5.49,15.53,1
PureGlow Soaps International (Fictional Dummy Company),Global Manufacturing Head - PureGlow Soaps,Australia,Fiji,Labasa,FCT036,Labasa Soap Plant,LN0107,Line-2,2026-07-08 16:00:00,2026-07-08,16,Afternoon,Rose Bar Soap,0.78,60.0,2.7,No Downtime,57.3,47,37,1,36,3.64,97.3,78.72,95.5,82.79,76.93,3.32,16.01,2
PureGlow Soaps International (Fictional Dummy Company),Global Manufacturing Head - PureGlow Soaps,Australia,Fiji,Labasa,FCT036,Labasa Soap Plant,LN0108,Line-3,2026-07-08 16:00:00,2026-07-08,16,Afternoon,Charcoal Bar Soap,0.86,60.0,33.4,Material Shortage,26.6,52,20,0,20,1.19,100.0,38.46,44.33,87.43,38.76,1.99,8.42,1
PureGlow Soaps International (Fictional Dummy Company),Global Manufacturing Head - PureGlow Soaps,Australia,Fiji,Labasa,FCT036,Labasa Soap Plant,LN0106,Line-1,2026-07-08 17:00:00,2026-07-08,17,Afternoon,Lemon Bar Soap,1.5,60.0,3.7,No Downtime,56.3,90,72,3,69,3.49,95.83,80.0,93.83,85.26,76.66,6.27,18.09,3
PureGlow Soaps International (Fictional Dummy Company),Global Manufacturing Head - PureGlow Soaps,Australia,Fiji,Labasa,FCT036,Labasa Soap Plant,LN0107,Line-2,2026-07-08 17:00:00,2026-07-08,17,Afternoon,Rose Bar Soap,0.78,60.0,13.5,Machine Breakdown,46.5,47,32,1,31,2.75,96.88,68.09,77.5,88.23,66.24,3.02,12.43,2
PureGlow Soaps International (Fictional Dummy Company),Global Manufacturing Head - PureGlow Soaps,Australia,Fiji,Labasa,FCT036,Labasa Soap Plant,LN0108,Line-3,2026-07-08 17:00:00,2026-07-08,17,Afternoon,Charcoal Bar Soap,0.86,60.0,11.0,Quality Hold,49.0,52,37,3,34,9.31,91.89,71.15,81.67,87.8,65.89,3.49,15.6,3
PureGlow Soaps International (Fictional Dummy Company),Global Manufacturing Head - PureGlow Soaps,Australia,Fiji,Labasa,FCT036,Labasa Soap Plant,LN0106,Line-1,2026-07-08 18:00:00,2026-07-08,18,Afternoon,Lemon Bar Soap,1.5,60.0,11.1,Material Shortage,48.9,90,75,3,72,4.3,96.0,83.33,81.5,102.25,80.0,7.15,15.53,2
PureGlow Soaps International (Fictional Dummy Company),Global Manufacturing Head - PureGlow Soaps,Australia,Fiji,Labasa,FCT036,Labasa Soap Plant,LN0107,Line-2,2026-07-08 18:00:00,2026-07-08,18,Afternoon,Rose Bar Soap,0.78,60.0,32.9,Machine Breakdown,27.1,47,20,0,20,2.09,100.0,42.55,45.17,94.62,42.74,1.89,7.61,3
PureGlow Soaps International (Fictional Dummy Company),Global Manufacturing Head - PureGlow Soaps,Australia,Fiji,Labasa,FCT036,Labasa Soap Plant,LN0108,Line-3,2026-07-08 18:00:00,2026-07-08,18,Afternoon,Charcoal Bar Soap,0.86,60.0,5.8,Changeover/Setup,54.2,52,40,1,39,2.21,97.5,76.92,90.33,85.81,75.57,4.14,15.83,2
PureGlow Soaps International (Fictional Dummy Company),Global Manufacturing Head - PureGlow Soaps,Australia,Fiji,Labasa,FCT036,Labasa Soap Plant,LN0106,Line-1,2026-07-08 19:00:00,2026-07-08,19,Afternoon,Lemon Bar Soap,1.5,60.0,0.2,No Downtime,59.8,90,75,2,73,2.06,97.33,83.33,99.67,83.61,81.11,6.86,18.34,1
PureGlow Soaps International (Fictional Dummy Company),Global Manufacturing Head - PureGlow Soaps,Australia,Fiji,Labasa,FCT036,Labasa Soap Plant,LN0107,Line-2,2026-07-08 19:00:00,2026-07-08,19,Afternoon,Rose Bar Soap,0.78,60.0,44.1,Machine Breakdown,15.9,47,11,0,11,3.5,100.0,23.4,26.5,88.7,23.51,1.08,3.84,3
PureGlow Soaps International (Fictional Dummy Company),Global Manufacturing Head - PureGlow Soaps,Australia,Fiji,Labasa,FCT036,Labasa Soap Plant,LN0108,Line-3,2026-07-08 19:00:00,2026-07-08,19,Afternoon,Charcoal Bar Soap,0.86,60.0,3.3,No Downtime,56.7,52,47,2,45,4.33,95.74,90.38,94.5,96.39,87.21,4.19,18.92,2
PureGlow Soaps International (Fictional Dummy Company),Global Manufacturing Head - PureGlow Soaps,Australia,Fiji,Labasa,FCT036,Labasa Soap Plant,LN0106,Line-1,2026-07-08 20:00:00,2026-07-08,20,Afternoon,Lemon Bar Soap,1.5,60.0,15.9,Machine Breakdown,44.1,90,63,2,61,3.9,96.83,70.0,73.5,95.24,67.78,5.62,15.27,2
PureGlow Soaps International (Fictional Dummy Company),Global Manufacturing Head - PureGlow Soaps,Australia,Fiji,Labasa,FCT036,Labasa Soap Plant,LN0107,Line-2,2026-07-08 20:00:00,2026-07-08,20,Afternoon,Rose Bar Soap,0.78,60.0,11.0,Power Outage,49.0,47,32,1,31,4.67,96.88,68.09,81.67,83.73,66.25,3.13,14.03,2
PureGlow Soaps International (Fictional Dummy Company),Global Manufacturing Head - PureGlow Soaps,Australia,Fiji,Labasa,FCT036,Labasa Soap Plant,LN0108,Line-3,2026-07-08 20:00:00,2026-07-08,20,Afternoon,Charcoal Bar Soap,0.86,60.0,10.0,Changeover/Setup,50.0,52,43,0,43,0.0,100.0,82.69,83.33,100.0,83.33,4.69,15.47,2
PureGlow Soaps International (Fictional Dummy Company),Global Manufacturing Head - PureGlow Soaps,Australia,Fiji,Labasa,FCT036,Labasa Soap Plant,LN0106,Line-1,2026-07-08 21:00:00,2026-07-08,21,Afternoon,Lemon Bar Soap,1.5,60.0,23.8,Power Outage,36.2,90,46,1,45,2.61,97.83,51.11,60.33,84.71,50.0,4.75,12.74,1
PureGlow Soaps International (Fictional Dummy Company),Global Manufacturing Head - PureGlow Soaps,Australia,Fiji,Labasa,FCT036,Labasa Soap Plant,LN0107,Line-2,2026-07-08 21:00:00,2026-07-08,21,Afternoon,Rose Bar Soap,0.78,60.0,11.3,Changeover/Setup,48.7,47,32,1,31,2.96,96.88,68.09,81.17,84.24,66.24,3.26,12.85,1
PureGlow Soaps International (Fictional Dummy Company),Global Manufacturing Head - PureGlow Soaps,Australia,Fiji,Labasa,FCT036,Labasa Soap Plant,LN0108,Line-3,2026-07-08 21:00:00,2026-07-08,21,Afternoon,Charcoal Bar Soap,0.86,60.0,28.7,Material Shortage,31.3,52,25,1,24,4.78,96.0,48.08,52.17,92.87,46.51,2.23,8.69,2
PureGlow Soaps International (Fictional Dummy Company),Global Manufacturing Head - PureGlow Soaps,Australia,Fiji,Labasa,FCT036,Labasa Soap Plant,LN0106,Line-1,2026-07-08 22:00:00,2026-07-08,22,Night,Lemon Bar Soap,1.5,60.0,0.3,No Downtime,59.7,90,88,2,86,2.6,97.73,97.78,99.5,98.27,95.56,8.96,18.99,1
PureGlow Soaps International (Fictional Dummy Company),Global Manufacturing Head - PureGlow Soaps,Australia,Fiji,Labasa,FCT036,Labasa Soap Plant,LN0107,Line-2,2026-07-08 22:00:00,2026-07-08,22,Night,Rose Bar Soap,0.78,60.0,0.8,No Downtime,59.2,47,38,0,38,0.0,100.0,80.85,98.67,82.29,81.2,3.48,14.36,1
PureGlow Soaps International (Fictional Dummy Company),Global Manufacturing Head - PureGlow Soaps,Australia,Fiji,Labasa,FCT036,Labasa Soap Plant,LN0108,Line-3,2026-07-08 22:00:00,2026-07-08,22,Night,Charcoal Bar Soap,0.86,60.0,18.4,Preventive Maintenance,41.6,52,36,1,35,2.98,97.22,69.23,69.33,100.63,67.83,3.18,13.81,1
PureGlow Soaps International (Fictional Dummy Company),Global Manufacturing Head - PureGlow Soaps,Australia,Fiji,Labasa,FCT036,Labasa Soap Plant,LN0106,Line-1,2026-07-08 23:00:00,2026-07-08,23,Night,Lemon Bar Soap,1.5,60.0,6.0,Staff Shortage,54.0,90,83,2,81,2.11,97.59,92.22,90.0,102.47,90.0,8.19,19.06,1
PureGlow Soaps International (Fictional Dummy Company),Global Manufacturing Head - PureGlow Soaps,Australia,Fiji,Labasa,FCT036,Labasa Soap Plant,LN0107,Line-2,2026-07-08 23:00:00,2026-07-08,23,Night,Rose Bar Soap,0.78,60.0,19.8,Changeover/Setup,40.2,47,32,2,30,5.22,93.75,68.09,67.0,102.05,64.1,2.98,9.89,1
PureGlow Soaps International (Fictional Dummy Company),Global Manufacturing Head - PureGlow Soaps,Australia,Fiji,Labasa,FCT036,Labasa Soap Plant,LN0108,Line-3,2026-07-08 23:00:00,2026-07-08,23,Night,Charcoal Bar Soap,0.86,60.0,2.0,No Downtime,58.0,52,43,2,41,4.18,95.35,82.69,96.67,86.21,79.46,4.1,18.73,1
PureGlow Soaps International (Fictional Dummy Company),Global Manufacturing Head - PureGlow Soaps,Australia,Fiji,Labasa,FCT036,Labasa Soap Plant,LN0106,Line-1,2026-07-09 00:00:00,2026-07-09,0,Night,Aloe Vera Liquid Soap,1.5,60.0,1.4,No Downtime,58.6,90,89,2,87,2.08,97.75,98.89,97.67,101.25,96.67,8.97,18.29,2
PureGlow Soaps International (Fictional Dummy Company),Global Manufacturing Head - PureGlow Soaps,Australia,Fiji,Labasa,FCT036,Labasa Soap Plant,LN0107,Line-2,2026-07-09 00:00:00,2026-07-09,0,Night,Sandalwood Bar Soap,0.78,60.0,3.7,No Downtime,56.3,47,44,1,43,3.13,97.73,93.62,93.83,100.2,91.88,3.89,15.51,3
PureGlow Soaps International (Fictional Dummy Company),Global Manufacturing Head - PureGlow Soaps,Australia,Fiji,Labasa,FCT036,Labasa Soap Plant,LN0108,Line-3,2026-07-09 00:00:00,2026-07-09,0,Night,Aloe Vera Liquid Soap,0.86,60.0,2.1,No Downtime,57.9,52,49,1,48,2.31,97.96,94.23,96.5,98.41,93.03,5.19,15.95,3
PureGlow Soaps International (Fictional Dummy Company),Global Manufacturing Head - PureGlow Soaps,Australia,Fiji,Labasa,FCT036,Labasa Soap Plant,LN0106,Line-1,2026-07-09 01:00:00,2026-07-09,1,Night,Aloe Vera Liquid Soap,1.5,60.0,31.4,Preventive Maintenance,28.6,90,40,1,39,2.44,97.5,44.44,47.67,93.24,43.34,3.61,9.73,3
PureGlow Soaps International (Fictional Dummy Company),Global Manufacturing Head - PureGlow Soaps,Australia,Fiji,Labasa,FCT036,Labasa Soap Plant,LN0107,Line-2,2026-07-09 01:00:00,2026-07-09,1,Night,Sandalwood Bar Soap,0.78,60.0,1.0,No Downtime,59.0,47,44,0,44,1.0,100.0,93.62,98.33,95.61,94.01,4.58,15.39,3
PureGlow Soaps International (Fictional Dummy Company),Global Manufacturing Head - PureGlow Soaps,Australia,Fiji,Labasa,FCT036,Labasa Soap Plant,LN0108,Line-3,2026-07-09 01:00:00,2026-07-09,1,Night,Aloe Vera Liquid Soap,0.86,60.0,36.0,Preventive Maintenance,24.0,52,19,1,18,3.25,94.74,36.54,40.0,92.05,34.88,1.83,7.53,2
PureGlow Soaps International (Fictional Dummy Company),Global Manufacturing Head - PureGlow Soaps,Australia,Fiji,Labasa,FCT036,Labasa Soap Plant,LN0106,Line-1,2026-07-09 02:00:00,2026-07-09,2,Night,Aloe Vera Liquid Soap,1.5,60.0,2.4,No Downtime,57.6,90,75,3,72,3.89,96.0,83.33,96.0,86.81,80.0,6.54,19.33,3
PureGlow Soaps International (Fictional Dummy Company),Global Manufacturing Head - PureGlow Soaps,Australia,Fiji,Labasa,FCT036,Labasa Soap Plant,LN0107,Line-2,2026-07-09 02:00:00,2026-07-09,2,Night,Sandalwood Bar Soap,0.78,60.0,33.3,Material Shortage,26.7,47,18,0,18,2.07,100.0,38.3,44.5,86.43,38.46,1.72,7.33,2
PureGlow Soaps International (Fictional Dummy Company),Global Manufacturing Head - PureGlow Soaps,Australia,Fiji,Labasa,FCT036,Labasa Soap Plant,LN0108,Line-3,2026-07-09 02:00:00,2026-07-09,2,Night,Aloe Vera Liquid Soap,0.86,60.0,0.6,No Downtime,59.4,52,43,1,42,2.95,97.67,82.69,99.0,84.18,81.4,4.22,17.5,2
PureGlow Soaps International (Fictional Dummy Company),Global Manufacturing Head - PureGlow Soaps,Australia,Fiji,Labasa,FCT036,Labasa Soap Plant,LN0106,Line-1,2026-07-09 03:00:00,2026-07-09,3,Night,Aloe Vera Liquid Soap,1.5,60.0,31.8,Material Shortage,28.2,90,41,1,40,3.12,97.56,45.56,47.0,96.93,44.45,3.75,8.93,3
PureGlow Soaps International (Fictional Dummy Company),Global Manufacturing Head - PureGlow Soaps,Australia,Fiji,Labasa,FCT036,Labasa Soap Plant,LN0107,Line-2,2026-07-09 03:00:00,2026-07-09,3,Night,Sandalwood Bar Soap,0.78,60.0,15.7,Material Shortage,44.3,47,31,0,31,1.38,100.0,65.96,73.83,89.71,66.23,3.38,12.81,3
PureGlow Soaps International (Fictional Dummy Company),Global Manufacturing Head - PureGlow Soaps,Australia,Fiji,Labasa,FCT036,Labasa Soap Plant,LN0108,Line-3,2026-07-09 03:00:00,2026-07-09,3,Night,Aloe Vera Liquid Soap,0.86,60.0,3.2,No Downtime,56.8,52,43,1,42,2.67,97.67,82.69,94.67,88.03,81.4,4.28,16.69,1
PureGlow Soaps International (Fictional Dummy Company),Global Manufacturing Head - PureGlow Soaps,Australia,Fiji,Labasa,FCT036,Labasa Soap Plant,LN0106,Line-1,2026-07-09 04:00:00,2026-07-09,4,Night,Aloe Vera Liquid Soap,1.5,60.0,19.8,Staff Shortage,40.2,90,51,2,49,3.75,96.08,56.67,67.0,84.58,54.45,4.59,13.35,2
PureGlow Soaps International (Fictional Dummy Company),Global Manufacturing Head - PureGlow Soaps,Australia,Fiji,Labasa,FCT036,Labasa Soap Plant,LN0107,Line-2,2026-07-09 04:00:00,2026-07-09,4,Night,Sandalwood Bar Soap,0.78,60.0,19.5,Machine Breakdown,40.5,47,32,1,31,3.6,96.88,68.09,67.5,101.3,66.24,2.82,10.84,2
PureGlow Soaps International (Fictional Dummy Company),Global Manufacturing Head - PureGlow Soaps,Australia,Fiji,Labasa,FCT036,Labasa Soap Plant,LN0108,Line-3,2026-07-09 04:00:00,2026-07-09,4,Night,Aloe Vera Liquid Soap,0.86,60.0,3.0,No Downtime,57.0,52,42,2,40,4.18,95.24,80.77,95.0,85.68,77.52,4.47,19.04,1
PureGlow Soaps International (Fictional Dummy Company),Global Manufacturing Head - PureGlow Soaps,Australia,Fiji,Labasa,FCT036,Labasa Soap Plant,LN0106,Line-1,2026-07-09 05:00:00,2026-07-09,5,Night,Aloe Vera Liquid Soap,1.5,60.0,2.5,No Downtime,57.5,90,81,2,79,2.55,97.53,90.0,95.83,93.91,87.77,7.49,17.53,2
PureGlow Soaps International (Fictional Dummy Company),Global Manufacturing Head - PureGlow Soaps,Australia,Fiji,Labasa,FCT036,Labasa Soap Plant,LN0107,Line-2,2026-07-09 05:00:00,2026-07-09,5,Night,Sandalwood Bar Soap,0.78,60.0,30.1,Machine Breakdown,29.9,47,19,1,18,2.79,94.74,40.43,49.83,81.47,38.46,1.92,7.7,2
PureGlow Soaps International (Fictional Dummy Company),Global Manufacturing Head - PureGlow Soaps,Australia,Fiji,Labasa,FCT036,Labasa Soap Plant,LN0108,Line-3,2026-07-09 05:00:00,2026-07-09,5,Night,Aloe Vera Liquid Soap,0.86,60.0,0.1,No Downtime,59.9,52,48,1,47,2.12,97.92,92.31,99.83,93.18,91.09,4.26,19.07,2
PureGlow Soaps International (Fictional Dummy Company),Global Manufacturing Head - PureGlow Soaps,Australia,Fiji,Labasa,FCT036,Labasa Soap Plant,LN0106,Line-1,2026-07-09 06:00:00,2026-07-09,6,Morning,Aloe Vera Liquid Soap,1.5,60.0,1.4,No Downtime,58.6,90,83,3,80,3.33,96.39,92.22,97.67,94.43,88.9,8.71,17.7,1
PureGlow Soaps International (Fictional Dummy Company),Global Manufacturing Head - PureGlow Soaps,Australia,Fiji,Labasa,FCT036,Labasa Soap Plant,LN0107,Line-2,2026-07-09 06:00:00,2026-07-09,6,Morning,Sandalwood Bar Soap,0.78,60.0,12.2,Changeover/Setup,47.8,47,30,1,29,2.94,96.67,63.83,79.67,80.46,61.97,3.17,13.84,2
PureGlow Soaps International (Fictional Dummy Company),Global Manufacturing Head - PureGlow Soaps,Australia,Fiji,Labasa,FCT036,Labasa Soap Plant,LN0108,Line-3,2026-07-09 06:00:00,2026-07-09,6,Morning,Aloe Vera Liquid Soap,0.86,60.0,27.8,Material Shortage,32.2,52,28,0,28,1.36,100.0,53.85,53.67,101.11,54.27,2.74,9.22,3
PureGlow Soaps International (Fictional Dummy Company),Global Manufacturing Head - PureGlow Soaps,Australia,Fiji,Labasa,FCT036,Labasa Soap Plant,LN0106,Line-1,2026-07-09 07:00:00,2026-07-09,7,Morning,Aloe Vera Liquid Soap,1.5,60.0,32.9,Preventive Maintenance,27.1,90,40,1,39,2.21,97.5,44.44,45.17,98.4,43.34,3.53,9.25,1
PureGlow Soaps International (Fictional Dummy Company),Global Manufacturing Head - PureGlow Soaps,Australia,Fiji,Labasa,FCT036,Labasa Soap Plant,LN0107,Line-2,2026-07-09 07:00:00,2026-07-09,7,Morning,Sandalwood Bar Soap,0.78,60.0,3.8,No Downtime,56.2,47,43,1,42,2.8,97.67,91.49,93.67,98.09,89.74,3.73,14.16,3
PureGlow Soaps International (Fictional Dummy Company),Global Manufacturing Head - PureGlow Soaps,Australia,Fiji,Labasa,FCT036,Labasa Soap Plant,LN0108,Line-3,2026-07-09 07:00:00,2026-07-09,7,Morning,Aloe Vera Liquid Soap,0.86,60.0,37.7,Preventive Maintenance,22.3,52,15,1,14,3.6,93.33,28.85,37.17,78.21,27.13,1.57,6.2,1
PureGlow Soaps International (Fictional Dummy Company),Global Manufacturing Head - PureGlow Soaps,Australia,Fiji,Labasa,FCT036,Labasa Soap Plant,LN0106,Line-1,2026-07-09 08:00:00,2026-07-09,8,Morning,Aloe Vera Liquid Soap,1.5,60.0,29.0,Power Outage,31.0,90,47,1,46,1.98,97.87,52.22,51.67,101.08,51.12,4.97,10.0,3
PureGlow Soaps International (Fictional Dummy Company),Global Manufacturing Head - PureGlow Soaps,Australia,Fiji,Labasa,FCT036,Labasa Soap Plant,LN0107,Line-2,2026-07-09 08:00:00,2026-07-09,8,Morning,Sandalwood Bar Soap,0.78,60.0,18.9,Staff Shortage,41.1,47,29,1,28,1.75,96.55,61.7,68.5,90.46,59.83,2.8,9.82,3
PureGlow Soaps International (Fictional Dummy Company),Global Manufacturing Head - PureGlow Soaps,Australia,Fiji,Labasa,FCT036,Labasa Soap Plant,LN0108,Line-3,2026-07-09 08:00:00,2026-07-09,8,Morning,Aloe Vera Liquid Soap,0.86,60.0,13.5,Power Outage,46.5,52,41,1,40,2.48,97.56,78.85,77.5,102.53,77.52,4.45,14.44,1
PureGlow Soaps International (Fictional Dummy Company),Global Manufacturing Head - PureGlow Soaps,Australia,Fiji,Labasa,FCT036,Labasa Soap Plant,LN0106,Line-1,2026-07-09 09:00:00,2026-07-09,9,Morning,Aloe Vera Liquid Soap,1.5,60.0,5.5,Quality Hold,54.5,90,81,7,74,8.27,91.36,90.0,90.83,99.08,82.22,8.27,19.59,3
PureGlow Soaps International (Fictional Dummy Company),Global Manufacturing Head - PureGlow Soaps,Australia,Fiji,Labasa,FCT036,Labasa Soap Plant,LN0107,Line-2,2026-07-09 09:00:00,2026-07-09,9,Morning,Sandalwood Bar Soap,0.78,60.0,0.6,No Downtime,59.4,47,46,1,45,2.46,97.83,97.87,99.0,99.28,96.15,4.69,17.03,3
PureGlow Soaps International (Fictional Dummy Company),Global Manufacturing Head - PureGlow Soaps,Australia,Fiji,Labasa,FCT036,Labasa Soap Plant,LN0108,Line-3,2026-07-09 09:00:00,2026-07-09,9,Morning,Aloe Vera Liquid Soap,0.86,60.0,43.1,Machine Breakdown,16.9,52,13,1,12,4.06,92.31,25.0,28.17,89.45,23.26,1.42,5.48,2
PureGlow Soaps International (Fictional Dummy Company),Global Manufacturing Head - PureGlow Soaps,Australia,Fiji,Labasa,FCT036,Labasa Soap Plant,LN0106,Line-1,2026-07-09 10:00:00,2026-07-09,10,Morning,Aloe Vera Liquid Soap,1.5,60.0,18.0,Changeover/Setup,42.0,90,53,2,51,4.67,96.23,58.89,70.0,84.13,56.67,4.77,13.94,1
PureGlow Soaps International (Fictional Dummy Company),Global Manufacturing Head - PureGlow Soaps,Australia,Fiji,Labasa,FCT036,Labasa Soap Plant,LN0107,Line-2,2026-07-09 10:00:00,2026-07-09,10,Morning,Sandalwood Bar Soap,0.78,60.0,1.4,No Downtime,58.6,47,37,2,35,5.07,94.59,78.72,97.67,80.95,74.79,3.95,16.46,1
PureGlow Soaps International (Fictional Dummy Company),Global Manufacturing Head - PureGlow Soaps,Australia,Fiji,Labasa,FCT036,Labasa Soap Plant,LN0108,Line-3,2026-07-09 10:00:00,2026-07-09,10,Morning,Aloe Vera Liquid Soap,0.86,60.0,7.0,Quality Hold,53.0,52,41,2,39,5.15,95.12,78.85,88.33,89.95,75.58,4.41,16.0,1
PureGlow Soaps International (Fictional Dummy Company),Global Manufacturing Head - PureGlow Soaps,Australia,Fiji,Labasa,FCT036,Labasa Soap Plant,LN0106,Line-1,2026-07-09 11:00:00,2026-07-09,11,Morning,Aloe Vera Liquid Soap,1.5,60.0,0.9,No Downtime,59.1,90,73,2,71,2.88,97.26,81.11,98.5,82.35,78.89,6.48,21.57,2
PureGlow Soaps International (Fictional Dummy Company),Global Manufacturing Head - PureGlow Soaps,Australia,Fiji,Labasa,FCT036,Labasa Soap Plant,LN0107,Line-2,2026-07-09 11:00:00,2026-07-09,11,Morning,Sandalwood Bar Soap,0.78,60.0,28.1,Preventive Maintenance,31.9,47,24,1,23,2.65,95.83,51.06,53.17,96.46,49.15,2.05,8.08,2
PureGlow Soaps International (Fictional Dummy Company),Global Manufacturing Head - PureGlow Soaps,Australia,Fiji,Labasa,FCT036,Labasa Soap Plant,LN0108,Line-3,2026-07-09 11:00:00,2026-07-09,11,Morning,Aloe Vera Liquid Soap,0.86,60.0,17.0,Staff Shortage,43.0,52,38,1,37,2.02,97.37,73.08,71.67,102.76,71.71,3.36,12.68,3
PureGlow Soaps International (Fictional Dummy Company),Global Manufacturing Head - PureGlow Soaps,Australia,Fiji,Labasa,FCT036,Labasa Soap Plant,LN0106,Line-1,2026-07-09 12:00:00,2026-07-09,12,Morning,Aloe Vera Liquid Soap,1.5,60.0,3.8,No Downtime,56.2,90,70,2,68,2.53,97.14,77.78,93.67,83.04,75.56,7.58,19.89,2
PureGlow Soaps International (Fictional Dummy Company),Global Manufacturing Head - PureGlow Soaps,Australia,Fiji,Labasa,FCT036,Labasa Soap Plant,LN0107,Line-2,2026-07-09 12:00:00,2026-07-09,12,Morning,Sandalwood Bar Soap,0.78,60.0,1.0,No Downtime,59.0,47,41,0,41,1.03,100.0,87.23,98.33,89.09,87.6,4.5,14.13,2
PureGlow Soaps International (Fictional Dummy Company),Global Manufacturing Head - PureGlow Soaps,Australia,Fiji,Labasa,FCT036,Labasa Soap Plant,LN0108,Line-3,2026-07-09 12:00:00,2026-07-09,12,Morning,Aloe Vera Liquid Soap,0.86,60.0,0.2,No Downtime,59.8,52,46,1,45,2.36,97.83,88.46,99.67,89.45,87.22,4.71,18.24,3
PureGlow Soaps International (Fictional Dummy Company),Global Manufacturing Head - PureGlow Soaps,Australia,Fiji,Labasa,FCT036,Labasa Soap Plant,LN0106,Line-1,2026-07-09 13:00:00,2026-07-09,13,Morning,Aloe Vera Liquid Soap,1.5,60.0,0.5,No Downtime,59.5,90,78,4,74,4.94,94.87,86.67,99.17,87.39,82.22,7.3,18.68,2
PureGlow Soaps International (Fictional Dummy Company),Global Manufacturing Head - PureGlow Soaps,Australia,Fiji,Labasa,FCT036,Labasa Soap Plant,LN0107,Line-2,2026-07-09 13:00:00,2026-07-09,13,Morning,Sandalwood Bar Soap,0.78,60.0,15.2,Power Outage,44.8,47,33,1,32,3.35,96.97,70.21,74.67,94.44,68.38,3.05,11.94,3
PureGlow Soaps International (Fictional Dummy Company),Global Manufacturing Head - PureGlow Soaps,Australia,Fiji,Labasa,FCT036,Labasa Soap Plant,LN0108,Line-3,2026-07-09 13:00:00,2026-07-09,13,Morning,Aloe Vera Liquid Soap,0.86,60.0,9.3,Power Outage,50.7,52,39,1,38,2.91,97.44,75.0,84.5,89.45,73.65,4.26,15.32,3
PureGlow Soaps International (Fictional Dummy Company),Global Manufacturing Head - PureGlow Soaps,Australia,Fiji,Labasa,FCT036,Labasa Soap Plant,LN0106,Line-1,2026-07-09 14:00:00,2026-07-09,14,Afternoon,Aloe Vera Liquid Soap,1.5,60.0,29.4,Machine Breakdown,30.6,90,45,0,45,0.83,100.0,50.0,51.0,98.04,50.0,4.7,10.15,2
PureGlow Soaps International (Fictional Dummy Company),Global Manufacturing Head - PureGlow Soaps,Australia,Fiji,Labasa,FCT036,Labasa Soap Plant,LN0107,Line-2,2026-07-09 14:00:00,2026-07-09,14,Afternoon,Sandalwood Bar Soap,0.78,60.0,3.9,No Downtime,56.1,47,44,2,42,4.67,95.45,93.62,93.5,100.55,89.74,3.77,15.74,2
PureGlow Soaps International (Fictional Dummy Company),Global Manufacturing Head - PureGlow Soaps,Australia,Fiji,Labasa,FCT036,Labasa Soap Plant,LN0108,Line-3,2026-07-09 14:00:00,2026-07-09,14,Afternoon,Aloe Vera Liquid Soap,0.86,60.0,37.0,Preventive Maintenance,23.0,52,20,1,19,3.71,95.0,38.46,38.33,101.11,36.82,2.07,7.46,1
PureGlow Soaps International (Fictional Dummy Company),Global Manufacturing Head - PureGlow Soaps,Australia,Fiji,Labasa,FCT036,Labasa Soap Plant,LN0106,Line-1,2026-07-09 15:00:00,2026-07-09,15,Afternoon,Aloe Vera Liquid Soap,1.5,60.0,13.5,Staff Shortage,46.5,90,58,2,56,2.74,96.55,64.44,77.5,83.15,62.22,5.71,15.2,1
PureGlow Soaps International (Fictional Dummy Company),Global Manufacturing Head - PureGlow Soaps,Australia,Fiji,Labasa,FCT036,Labasa Soap Plant,LN0107,Line-2,2026-07-09 15:00:00,2026-07-09,15,Afternoon,Sandalwood Bar Soap,0.78,60.0,9.7,Changeover/Setup,50.3,47,37,1,36,1.94,97.3,78.72,83.83,94.31,76.93,3.41,12.6,3
PureGlow Soaps International (Fictional Dummy Company),Global Manufacturing Head - PureGlow Soaps,Australia,Fiji,Labasa,FCT036,Labasa Soap Plant,LN0108,Line-3,2026-07-09 15:00:00,2026-07-09,15,Afternoon,Aloe Vera Liquid Soap,0.86,60.0,2.4,No Downtime,57.6,52,46,1,45,2.52,97.83,88.46,96.0,92.86,87.21,4.29,18.3,3
PureGlow Soaps International (Fictional Dummy Company),Global Manufacturing Head - PureGlow Soaps,Australia,Fiji,Labasa,FCT036,Labasa Soap Plant,LN0106,Line-1,2026-07-09 16:00:00,2026-07-09,16,Afternoon,Aloe Vera Liquid Soap,1.5,60.0,29.5,Machine Breakdown,30.5,90,45,2,43,3.62,95.56,50.0,50.83,98.36,47.78,4.35,10.47,3
PureGlow Soaps International (Fictional Dummy Company),Global Manufacturing Head - PureGlow Soaps,Australia,Fiji,Labasa,FCT036,Labasa Soap Plant,LN0107,Line-2,2026-07-09 16:00:00,2026-07-09,16,Afternoon,Sandalwood Bar Soap,0.78,60.0,3.0,No Downtime,57.0,47,39,1,38,3.56,97.44,82.98,95.0,87.72,81.2,4.26,15.21,1
PureGlow Soaps International (Fictional Dummy Company),Global Manufacturing Head - PureGlow Soaps,Australia,Fiji,Labasa,FCT036,Labasa Soap Plant,LN0108,Line-3,2026-07-09 16:00:00,2026-07-09,16,Afternoon,Aloe Vera Liquid Soap,0.86,60.0,1.2,No Downtime,58.8,52,50,1,49,1.34,98.0,96.15,98.0,98.88,94.96,5.07,17.76,2
PureGlow Soaps International (Fictional Dummy Company),Global Manufacturing Head - PureGlow Soaps,Australia,Fiji,Labasa,FCT036,Labasa Soap Plant,LN0106,Line-1,2026-07-09 17:00:00,2026-07-09,17,Afternoon,Aloe Vera Liquid Soap,1.5,60.0,17.7,Material Shortage,42.3,90,60,2,58,3.15,96.67,66.67,70.5,94.56,64.44,5.24,14.21,2
PureGlow Soaps International (Fictional Dummy Company),Global Manufacturing Head - PureGlow Soaps,Australia,Fiji,Labasa,FCT036,Labasa Soap Plant,LN0107,Line-2,2026-07-09 17:00:00,2026-07-09,17,Afternoon,Sandalwood Bar Soap,0.78,60.0,27.4,Material Shortage,32.6,47,21,1,20,3.41,95.24,44.68,54.33,82.59,42.74,1.88,8.53,3
PureGlow Soaps International (Fictional Dummy Company),Global Manufacturing Head - PureGlow Soaps,Australia,Fiji,Labasa,FCT036,Labasa Soap Plant,LN0108,Line-3,2026-07-09 17:00:00,2026-07-09,17,Afternoon,Aloe Vera Liquid Soap,0.86,60.0,14.1,Material Shortage,45.9,52,40,1,39,2.65,97.5,76.92,76.5,101.33,75.58,4.11,12.84,3
PureGlow Soaps International (Fictional Dummy Company),Global Manufacturing Head - PureGlow Soaps,Australia,Fiji,Labasa,FCT036,Labasa Soap Plant,LN0106,Line-1,2026-07-09 18:00:00,2026-07-09,18,Afternoon,Aloe Vera Liquid Soap,1.5,60.0,1.0,No Downtime,59.0,90,76,2,74,2.05,97.37,84.44,98.33,85.88,82.22,8.21,19.95,1
PureGlow Soaps International (Fictional Dummy Company),Global Manufacturing Head - PureGlow Soaps,Australia,Fiji,Labasa,FCT036,Labasa Soap Plant,LN0107,Line-2,2026-07-09 18:00:00,2026-07-09,18,Afternoon,Sandalwood Bar Soap,0.78,60.0,18.4,Changeover/Setup,41.6,47,28,1,27,3.35,96.43,59.57,69.33,86.29,57.69,2.68,9.91,3
PureGlow Soaps International (Fictional Dummy Company),Global Manufacturing Head - PureGlow Soaps,Australia,Fiji,Labasa,FCT036,Labasa Soap Plant,LN0108,Line-3,2026-07-09 18:00:00,2026-07-09,18,Afternoon,Aloe Vera Liquid Soap,0.86,60.0,0.5,No Downtime,59.5,52,52,2,50,4.07,96.15,100.0,99.17,101.62,96.9,4.98,17.84,3
PureGlow Soaps International (Fictional Dummy Company),Global Manufacturing Head - PureGlow Soaps,Australia,Fiji,Labasa,FCT036,Labasa Soap Plant,LN0106,Line-1,2026-07-09 19:00:00,2026-07-09,19,Afternoon,Aloe Vera Liquid Soap,1.5,60.0,8.8,Quality Hold,51.2,90,66,5,61,7.33,92.42,73.33,85.33,85.94,67.77,6.84,15.46,1
PureGlow Soaps International (Fictional Dummy Company),Global Manufacturing Head - PureGlow Soaps,Australia,Fiji,Labasa,FCT036,Labasa Soap Plant,LN0107,Line-2,2026-07-09 19:00:00,2026-07-09,19,Afternoon,Sandalwood Bar Soap,0.78,60.0,2.5,No Downtime,57.5,47,44,1,43,1.28,97.73,93.62,95.83,98.1,91.88,4.81,14.35,3
PureGlow Soaps International (Fictional Dummy Company),Global Manufacturing Head - PureGlow Soaps,Australia,Fiji,Labasa,FCT036,Labasa Soap Plant,LN0108,Line-3,2026-07-09 19:00:00,2026-07-09,19,Afternoon,Aloe Vera Liquid Soap,0.86,60.0,29.0,Material Shortage,31.0,52,26,0,26,1.7,100.0,50.0,51.67,97.52,50.39,2.7,9.76,3
PureGlow Soaps International (Fictional Dummy Company),Global Manufacturing Head - PureGlow Soaps,Australia,Fiji,Labasa,FCT036,Labasa Soap Plant,LN0106,Line-1,2026-07-09 20:00:00,2026-07-09,20,Afternoon,Aloe Vera Liquid Soap,1.5,60.0,11.8,Changeover/Setup,48.2,90,63,2,61,3.17,96.83,70.0,80.33,87.14,67.78,6.7,17.13,2
PureGlow Soaps International (Fictional Dummy Company),Global Manufacturing Head - PureGlow Soaps,Australia,Fiji,Labasa,FCT036,Labasa Soap Plant,LN0107,Line-2,2026-07-09 20:00:00,2026-07-09,20,Afternoon,Sandalwood Bar Soap,0.78,60.0,11.4,Changeover/Setup,48.6,47,35,0,35,0.53,100.0,74.47,81.0,92.33,74.79,3.12,12.17,1
PureGlow Soaps International (Fictional Dummy Company),Global Manufacturing Head - PureGlow Soaps,Australia,Fiji,Labasa,FCT036,Labasa Soap Plant,LN0108,Line-3,2026-07-09 20:00:00,2026-07-09,20,Afternoon,Aloe Vera Liquid Soap,0.86,60.0,13.6,Quality Hold,46.4,52,36,3,33,6.95,91.67,69.23,77.33,90.22,63.96,3.57,15.0,2
PureGlow Soaps International (Fictional Dummy Company),Global Manufacturing Head - PureGlow Soaps,Australia,Fiji,Labasa,FCT036,Labasa Soap Plant,LN0106,Line-1,2026-07-09 21:00:00,2026-07-09,21,Afternoon,Aloe Vera Liquid Soap,1.5,60.0,20.3,Material Shortage,39.7,90,61,1,60,1.4,98.36,67.78,66.17,102.43,66.67,5.8,13.73,1
PureGlow Soaps International (Fictional Dummy Company),Global Manufacturing Head - PureGlow Soaps,Australia,Fiji,Labasa,FCT036,Labasa Soap Plant,LN0107,Line-2,2026-07-09 21:00:00,2026-07-09,21,Afternoon,Sandalwood Bar Soap,0.78,60.0,12.4,Machine Breakdown,47.6,47,33,2,31,5.37,93.94,70.21,79.33,88.88,66.24,3.3,12.97,2
PureGlow Soaps International (Fictional Dummy Company),Global Manufacturing Head - PureGlow Soaps,Australia,Fiji,Labasa,FCT036,Labasa Soap Plant,LN0108,Line-3,2026-07-09 21:00:00,2026-07-09,21,Afternoon,Aloe Vera Liquid Soap,0.86,60.0,31.7,Preventive Maintenance,28.3,52,20,1,19,4.58,95.0,38.46,47.17,82.18,36.83,2.05,8.73,2
PureGlow Soaps International (Fictional Dummy Company),Global Manufacturing Head - PureGlow Soaps,Australia,Fiji,Labasa,FCT036,Labasa Soap Plant,LN0106,Line-1,2026-07-09 22:00:00,2026-07-09,22,Night,Aloe Vera Liquid Soap,1.5,60.0,16.5,Quality Hold,43.5,90,64,6,58,8.64,90.62,71.11,72.5,98.08,64.44,5.75,15.26,1
PureGlow Soaps International (Fictional Dummy Company),Global Manufacturing Head - PureGlow Soaps,Australia,Fiji,Labasa,FCT036,Labasa Soap Plant,LN0107,Line-2,2026-07-09 22:00:00,2026-07-09,22,Night,Sandalwood Bar Soap,0.78,60.0,21.4,Machine Breakdown,38.6,47,31,1,30,2.6,96.77,65.96,64.33,102.96,64.09,2.76,11.11,3
PureGlow Soaps International (Fictional Dummy Company),Global Manufacturing Head - PureGlow Soaps,Australia,Fiji,Labasa,FCT036,Labasa Soap Plant,LN0108,Line-3,2026-07-09 22:00:00,2026-07-09,22,Night,Aloe Vera Liquid Soap,0.86,60.0,1.4,No Downtime,58.6,52,51,0,51,0.91,100.0,98.08,97.67,101.2,98.84,5.02,18.07,2
PureGlow Soaps International (Fictional Dummy Company),Global Manufacturing Head - PureGlow Soaps,Australia,Fiji,Labasa,FCT036,Labasa Soap Plant,LN0106,Line-1,2026-07-09 23:00:00,2026-07-09,23,Night,Aloe Vera Liquid Soap,1.5,60.0,2.3,No Downtime,57.7,90,73,1,72,1.94,98.63,81.11,96.17,84.34,80.0,6.5,20.53,2
PureGlow Soaps International (Fictional Dummy Company),Global Manufacturing Head - PureGlow Soaps,Australia,Fiji,Labasa,FCT036,Labasa Soap Plant,LN0107,Line-2,2026-07-09 23:00:00,2026-07-09,23,Night,Sandalwood Bar Soap,0.78,60.0,10.2,Changeover/Setup,49.8,47,39,1,38,3.52,97.44,82.98,83.0,100.4,81.2,3.88,13.54,1
PureGlow Soaps International (Fictional Dummy Company),Global Manufacturing Head - PureGlow Soaps,Australia,Fiji,Labasa,FCT036,Labasa Soap Plant,LN0108,Line-3,2026-07-09 23:00:00,2026-07-09,23,Night,Aloe Vera Liquid Soap,0.86,60.0,22.8,Power Outage,37.2,52,26,1,25,3.99,96.15,50.0,62.0,81.27,48.45,2.85,12.38,1
PureGlow Soaps International (Fictional Dummy Company),Global Manufacturing Head - PureGlow Soaps,Australia,Fiji,Labasa,FCT036,Labasa Soap Plant,LN0106,Line-1,2026-07-10 00:00:00,2026-07-10,0,Night,Sandalwood Bar Soap,1.5,60.0,27.1,Material Shortage,32.9,90,48,2,46,4.21,95.83,53.33,54.83,97.26,51.1,4.2,10.12,1
PureGlow Soaps International (Fictional Dummy Company),Global Manufacturing Head - PureGlow Soaps,Australia,Fiji,Labasa,FCT036,Labasa Soap Plant,LN0107,Line-2,2026-07-10 00:00:00,2026-07-10,0,Night,Aloe Vera Liquid Soap,0.78,60.0,1.6,No Downtime,58.4,47,38,1,37,2.5,97.37,80.85,97.33,83.42,79.06,3.5,16.19,2
PureGlow Soaps International (Fictional Dummy Company),Global Manufacturing Head - PureGlow Soaps,Australia,Fiji,Labasa,FCT036,Labasa Soap Plant,LN0108,Line-3,2026-07-10 00:00:00,2026-07-10,0,Night,Rose Bar Soap,0.86,60.0,2.3,No Downtime,57.7,52,41,2,39,3.87,95.12,78.85,96.17,82.62,75.58,4.23,17.43,3
PureGlow Soaps International (Fictional Dummy Company),Global Manufacturing Head - PureGlow Soaps,Australia,Fiji,Labasa,FCT036,Labasa Soap Plant,LN0106,Line-1,2026-07-10 01:00:00,2026-07-10,1,Night,Sandalwood Bar Soap,1.5,60.0,14.4,Staff Shortage,45.6,90,67,3,64,4.75,95.52,74.44,76.0,97.95,71.11,6.56,14.61,1
PureGlow Soaps International (Fictional Dummy Company),Global Manufacturing Head - PureGlow Soaps,Australia,Fiji,Labasa,FCT036,Labasa Soap Plant,LN0107,Line-2,2026-07-10 01:00:00,2026-07-10,1,Night,Aloe Vera Liquid Soap,0.78,60.0,19.6,Changeover/Setup,40.4,47,29,1,28,2.86,96.55,61.7,67.33,92.03,59.83,2.53,10.5,3
PureGlow Soaps International (Fictional Dummy Company),Global Manufacturing Head - PureGlow Soaps,Australia,Fiji,Labasa,FCT036,Labasa Soap Plant,LN0108,Line-3,2026-07-10 01:00:00,2026-07-10,1,Night,Rose Bar Soap,0.86,60.0,29.0,Material Shortage,31.0,52,21,1,20,2.73,95.24,40.38,51.67,78.77,38.76,2.11,9.15,1
PureGlow Soaps International (Fictional Dummy Company),Global Manufacturing Head - PureGlow Soaps,Australia,Fiji,Labasa,FCT036,Labasa Soap Plant,LN0106,Line-1,2026-07-10 02:00:00,2026-07-10,2,Night,Sandalwood Bar Soap,1.5,60.0,3.1,No Downtime,56.9,90,78,2,76,2.78,97.44,86.67,94.83,91.39,84.45,8.57,19.25,1
PureGlow Soaps International (Fictional Dummy Company),Global Manufacturing Head - PureGlow Soaps,Australia,Fiji,Labasa,FCT036,Labasa Soap Plant,LN0107,Line-2,2026-07-10 02:00:00,2026-07-10,2,Night,Aloe Vera Liquid Soap,0.78,60.0,12.7,Staff Shortage,47.3,47,31,0,31,1.32,100.0,65.96,78.83,84.02,66.23,3.1,12.17,3
PureGlow Soaps International (Fictional Dummy Company),Global Manufacturing Head - PureGlow Soaps,Australia,Fiji,Labasa,FCT036,Labasa Soap Plant,LN0108,Line-3,2026-07-10 02:00:00,2026-07-10,2,Night,Rose Bar Soap,0.86,60.0,10.0,Changeover/Setup,50.0,52,42,1,41,1.89,97.62,80.77,83.33,97.67,79.45,4.12,14.55,3
PureGlow Soaps International (Fictional Dummy Company),Global Manufacturing Head - PureGlow Soaps,Australia,Fiji,Labasa,FCT036,Labasa Soap Plant,LN0106,Line-1,2026-07-10 03:00:00,2026-07-10,3,Night,Sandalwood Bar Soap,1.5,60.0,1.5,No Downtime,58.5,90,73,1,72,1.46,98.63,81.11,97.5,83.19,80.0,7.51,18.36,3
PureGlow Soaps International (Fictional Dummy Company),Global Manufacturing Head - PureGlow Soaps,Australia,Fiji,Labasa,FCT036,Labasa Soap Plant,LN0107,Line-2,2026-07-10 03:00:00,2026-07-10,3,Night,Aloe Vera Liquid Soap,0.78,60.0,29.6,Power Outage,30.4,47,22,1,21,4.63,95.45,46.81,50.67,92.78,44.87,2.41,7.96,1
PureGlow Soaps International (Fictional Dummy Company),Global Manufacturing Head - PureGlow Soaps,Australia,Fiji,Labasa,FCT036,Labasa Soap Plant,LN0108,Line-3,2026-07-10 03:00:00,2026-07-10,3,Night,Rose Bar Soap,0.86,60.0,1.4,No Downtime,58.6,52,47,1,46,2.04,97.87,90.38,97.67,93.26,89.15,4.08,17.78,1
PureGlow Soaps International (Fictional Dummy Company),Global Manufacturing Head - PureGlow Soaps,Australia,Fiji,Labasa,FCT036,Labasa Soap Plant,LN0106,Line-1,2026-07-10 04:00:00,2026-07-10,4,Night,Sandalwood Bar Soap,1.5,60.0,0.4,No Downtime,59.6,90,74,4,70,4.99,94.59,82.22,99.33,82.77,77.77,6.87,20.41,2
PureGlow Soaps International (Fictional Dummy Company),Global Manufacturing Head - PureGlow Soaps,Australia,Fiji,Labasa,FCT036,Labasa Soap Plant,LN0107,Line-2,2026-07-10 04:00:00,2026-07-10,4,Night,Aloe Vera Liquid Soap,0.78,60.0,8.3,Changeover/Setup,51.7,47,34,0,34,0.74,100.0,72.34,86.17,84.31,72.65,2.96,13.0,1
PureGlow Soaps International (Fictional Dummy Company),Global Manufacturing Head - PureGlow Soaps,Australia,Fiji,Labasa,FCT036,Labasa Soap Plant,LN0108,Line-3,2026-07-10 04:00:00,2026-07-10,4,Night,Rose Bar Soap,0.86,60.0,3.6,No Downtime,56.4,52,48,1,47,1.47,97.92,92.31,94.0,98.96,91.09,4.96,16.83,1
PureGlow Soaps International (Fictional Dummy Company),Global Manufacturing Head - PureGlow Soaps,Australia,Fiji,Labasa,FCT036,Labasa Soap Plant,LN0106,Line-1,2026-07-10 05:00:00,2026-07-10,5,Night,Sandalwood Bar Soap,1.5,60.0,3.2,No Downtime,56.8,90,74,3,71,3.91,95.95,82.22,94.67,86.85,78.89,6.85,18.23,3
PureGlow Soaps International (Fictional Dummy Company),Global Manufacturing Head - PureGlow Soaps,Australia,Fiji,Labasa,FCT036,Labasa Soap Plant,LN0107,Line-2,2026-07-10 05:00:00,2026-07-10,5,Night,Aloe Vera Liquid Soap,0.78,60.0,29.9,Material Shortage,30.1,47,23,0,23,0.9,100.0,48.94,50.17,97.96,49.15,2.37,7.77,1
PureGlow Soaps International (Fictional Dummy Company),Global Manufacturing Head - PureGlow Soaps,Australia,Fiji,Labasa,FCT036,Labasa Soap Plant,LN0108,Line-3,2026-07-10 05:00:00,2026-07-10,5,Night,Rose Bar Soap,0.86,60.0,18.9,Quality Hold,41.1,52,33,2,31,5.59,93.94,63.46,68.5,93.36,60.08,3.11,13.13,1
PureGlow Soaps International (Fictional Dummy Company),Global Manufacturing Head - PureGlow Soaps,Australia,Fiji,Labasa,FCT036,Labasa Soap Plant,LN0106,Line-1,2026-07-10 06:00:00,2026-07-10,6,Morning,Sandalwood Bar Soap,1.5,60.0,2.6,No Downtime,57.4,90,72,1,71,0.89,98.61,80.0,95.67,83.62,78.89,6.39,20.21,3
PureGlow Soaps International (Fictional Dummy Company),Global Manufacturing Head - PureGlow Soaps,Australia,Fiji,Labasa,FCT036,Labasa Soap Plant,LN0107,Line-2,2026-07-10 06:00:00,2026-07-10,6,Morning,Aloe Vera Liquid Soap,0.78,60.0,42.3,Machine Breakdown,17.7,47,12,1,11,5.32,91.67,25.53,29.5,86.92,23.51,1.17,4.22,2
PureGlow Soaps International (Fictional Dummy Company),Global Manufacturing Head - PureGlow Soaps,Australia,Fiji,Labasa,FCT036,Labasa Soap Plant,LN0108,Line-3,2026-07-10 06:00:00,2026-07-10,6,Morning,Rose Bar Soap,0.86,60.0,19.5,Changeover/Setup,40.5,52,28,1,27,2.83,96.43,53.85,67.5,80.39,52.33,2.66,11.9,2
PureGlow Soaps International (Fictional Dummy Company),Global Manufacturing Head - PureGlow Soaps,Australia,Fiji,Labasa,FCT036,Labasa Soap Plant,LN0106,Line-1,2026-07-10 07:00:00,2026-07-10,7,Morning,Sandalwood Bar Soap,1.5,60.0,1.4,No Downtime,58.6,90,78,2,76,2.29,97.44,86.67,97.67,88.74,84.45,7.53,20.76,3
PureGlow Soaps International (Fictional Dummy Company),Global Manufacturing Head - PureGlow Soaps,Australia,Fiji,Labasa,FCT036,Labasa Soap Plant,LN0107,Line-2,2026-07-10 07:00:00,2026-07-10,7,Morning,Aloe Vera Liquid Soap,0.78,60.0,32.5,Material Shortage,27.5,47,18,1,17,3.29,94.44,38.3,45.83,83.92,36.32,1.57,7.97,2
PureGlow Soaps International (Fictional Dummy Company),Global Manufacturing Head - PureGlow Soaps,Australia,Fiji,Labasa,FCT036,Labasa Soap Plant,LN0108,Line-3,2026-07-10 07:00:00,2026-07-10,7,Morning,Rose Bar Soap,0.86,60.0,3.4,No Downtime,56.6,52,43,2,41,3.76,95.35,82.69,94.33,88.34,79.46,4.37,17.96,1
PureGlow Soaps International (Fictional Dummy Company),Global Manufacturing Head - PureGlow Soaps,Australia,Fiji,Labasa,FCT036,Labasa Soap Plant,LN0106,Line-1,2026-07-10 08:00:00,2026-07-10,8,Morning,Sandalwood Bar Soap,1.5,60.0,11.4,Machine Breakdown,48.6,90,68,3,65,3.8,95.59,75.56,81.0,93.28,72.22,6.25,15.98,3
PureGlow Soaps International (Fictional Dummy Company),Global Manufacturing Head - PureGlow Soaps,Australia,Fiji,Labasa,FCT036,Labasa Soap Plant,LN0107,Line-2,2026-07-10 08:00:00,2026-07-10,8,Morning,Aloe Vera Liquid Soap,0.78,60.0,19.6,Preventive Maintenance,40.4,47,31,1,30,3.9,96.77,65.96,67.33,98.38,64.1,2.93,11.37,3
PureGlow Soaps International (Fictional Dummy Company),Global Manufacturing Head - PureGlow Soaps,Australia,Fiji,Labasa,FCT036,Labasa Soap Plant,LN0108,Line-3,2026-07-10 08:00:00,2026-07-10,8,Morning,Rose Bar Soap,0.86,60.0,5.1,Staff Shortage,54.9,52,39,1,38,2.51,97.44,75.0,91.5,82.6,73.64,3.92,17.4,1
PureGlow Soaps International (Fictional Dummy Company),Global Manufacturing Head - PureGlow Soaps,Australia,Fiji,Labasa,FCT036,Labasa Soap Plant,LN0106,Line-1,2026-07-10 09:00:00,2026-07-10,9,Morning,Sandalwood Bar Soap,1.5,60.0,0.7,No Downtime,59.3,90,72,4,68,4.9,94.44,80.0,98.83,80.94,75.55,7.9,19.27,2
PureGlow Soaps International (Fictional Dummy Company),Global Manufacturing Head - PureGlow Soaps,Australia,Fiji,Labasa,FCT036,Labasa Soap Plant,LN0107,Line-2,2026-07-10 09:00:00,2026-07-10,9,Morning,Aloe Vera Liquid Soap,0.78,60.0,2.3,No Downtime,57.7,47,45,1,44,2.15,97.78,95.74,96.17,99.99,94.03,4.1,16.17,1
PureGlow Soaps International (Fictional Dummy Company),Global Manufacturing Head - PureGlow Soaps,Australia,Fiji,Labasa,FCT036,Labasa Soap Plant,LN0108,Line-3,2026-07-10 09:00:00,2026-07-10,9,Morning,Rose Bar Soap,0.86,60.0,0.1,No Downtime,59.9,52,52,1,51,2.59,98.08,100.0,99.83,100.94,98.83,5.28,16.96,2
PureGlow Soaps International (Fictional Dummy Company),Global Manufacturing Head - PureGlow Soaps,Australia,Fiji,Labasa,FCT036,Labasa Soap Plant,LN0106,Line-1,2026-07-10 10:00:00,2026-07-10,10,Morning,Sandalwood Bar Soap,1.5,60.0,19.7,Staff Shortage,40.3,90,50,3,47,5.22,94.0,55.56,67.17,82.71,52.22,5.16,12.47,3
PureGlow Soaps International (Fictional Dummy Company),Global Manufacturing Head - PureGlow Soaps,Australia,Fiji,Labasa,FCT036,Labasa Soap Plant,LN0107,Line-2,2026-07-10 10:00:00,2026-07-10,10,Morning,Aloe Vera Liquid Soap,0.78,60.0,1.7,No Downtime,58.3,47,43,2,41,4.22,95.35,91.49,97.17,94.56,87.61,4.43,15.93,1
PureGlow Soaps International (Fictional Dummy Company),Global Manufacturing Head - PureGlow Soaps,Australia,Fiji,Labasa,FCT036,Labasa Soap Plant,LN0108,Line-3,2026-07-10 10:00:00,2026-07-10,10,Morning,Rose Bar Soap,0.86,60.0,16.4,Preventive Maintenance,43.6,52,36,1,35,3.3,97.22,69.23,72.67,96.01,67.83,3.8,14.51,2
PureGlow Soaps International (Fictional Dummy Company),Global Manufacturing Head - PureGlow Soaps,Australia,Fiji,Labasa,FCT036,Labasa Soap Plant,LN0106,Line-1,2026-07-10 11:00:00,2026-07-10,11,Morning,Sandalwood Bar Soap,1.5,60.0,8.2,Quality Hold,51.8,90,75,7,68,9.59,90.67,83.33,86.33,96.53,75.56,6.69,17.41,2
PureGlow Soaps International (Fictional Dummy Company),Global Manufacturing Head - PureGlow Soaps,Australia,Fiji,Labasa,FCT036,Labasa Soap Plant,LN0107,Line-2,2026-07-10 11:00:00,2026-07-10,11,Morning,Aloe Vera Liquid Soap,0.78,60.0,16.6,Changeover/Setup,43.4,47,32,0,32,0.47,100.0,68.09,72.33,94.53,68.37,2.86,11.53,2
PureGlow Soaps International (Fictional Dummy Company),Global Manufacturing Head - PureGlow Soaps,Australia,Fiji,Labasa,FCT036,Labasa Soap Plant,LN0108,Line-3,2026-07-10 11:00:00,2026-07-10,11,Morning,Rose Bar Soap,0.86,60.0,22.7,Machine Breakdown,37.3,52,26,1,25,2.34,96.15,50.0,62.17,81.05,48.45,2.78,10.61,3
PureGlow Soaps International (Fictional Dummy Company),Global Manufacturing Head - PureGlow Soaps,Australia,Fiji,Labasa,FCT036,Labasa Soap Plant,LN0106,Line-1,2026-07-10 12:00:00,2026-07-10,12,Morning,Sandalwood Bar Soap,1.5,60.0,3.4,No Downtime,56.6,90,78,3,75,3.68,96.15,86.67,94.33,91.87,83.32,7.67,19.8,2
PureGlow Soaps International (Fictional Dummy Company),Global Manufacturing Head - PureGlow Soaps,Australia,Fiji,Labasa,FCT036,Labasa Soap Plant,LN0107,Line-2,2026-07-10 12:00:00,2026-07-10,12,Morning,Aloe Vera Liquid Soap,0.78,60.0,1.2,No Downtime,58.8,47,44,2,42,3.65,95.45,93.62,98.0,95.94,89.74,4.45,14.21,1
PureGlow Soaps International (Fictional Dummy Company),Global Manufacturing Head - PureGlow Soaps,Australia,Fiji,Labasa,FCT036,Labasa Soap Plant,LN0108,Line-3,2026-07-10 12:00:00,2026-07-10,12,Morning,Rose Bar Soap,0.86,60.0,3.0,No Downtime,57.0,52,44,1,43,1.37,97.73,84.62,95.0,89.76,83.34,3.95,17.72,1
PureGlow Soaps International (Fictional Dummy Company),Global Manufacturing Head - PureGlow Soaps,Australia,Fiji,Labasa,FCT036,Labasa Soap Plant,LN0106,Line-1,2026-07-10 13:00:00,2026-07-10,13,Morning,Sandalwood Bar Soap,1.5,60.0,5.4,Changeover/Setup,54.6,90,67,4,63,5.52,94.03,74.44,91.0,81.81,70.0,6.86,19.23,2
PureGlow Soaps International (Fictional Dummy Company),Global Manufacturing Head - PureGlow Soaps,Australia,Fiji,Labasa,FCT036,Labasa Soap Plant,LN0107,Line-2,2026-07-10 13:00:00,2026-07-10,13,Morning,Aloe Vera Liquid Soap,0.78,60.0,37.7,Machine Breakdown,22.3,47,17,0,17,1.55,100.0,36.17,37.17,97.73,36.33,1.79,5.81,3
PureGlow Soaps International (Fictional Dummy Company),Global Manufacturing Head - PureGlow Soaps,Australia,Fiji,Labasa,FCT036,Labasa Soap Plant,LN0108,Line-3,2026-07-10 13:00:00,2026-07-10,13,Morning,Rose Bar Soap,0.86,60.0,32.3,Material Shortage,27.7,52,21,1,20,3.41,95.24,40.38,46.17,88.15,38.76,1.91,9.01,3
PureGlow Soaps International (Fictional Dummy Company),Global Manufacturing Head - PureGlow Soaps,Australia,Fiji,Labasa,FCT036,Labasa Soap Plant,LN0106,Line-1,2026-07-10 14:00:00,2026-07-10,14,Afternoon,Sandalwood Bar Soap,1.5,60.0,35.1,Machine Breakdown,24.9,90,37,1,36,2.95,97.3,41.11,41.5,99.06,40.0,3.21,8.52,3
PureGlow Soaps International (Fictional Dummy Company),Global Manufacturing Head - PureGlow Soaps,Australia,Fiji,Labasa,FCT036,Labasa Soap Plant,LN0107,Line-2,2026-07-10 14:00:00,2026-07-10,14,Afternoon,Aloe Vera Liquid Soap,0.78,60.0,18.4,Machine Breakdown,41.6,47,26,1,25,3.71,96.15,55.32,69.33,80.13,53.42,2.51,10.55,3
PureGlow Soaps International (Fictional Dummy Company),Global Manufacturing Head - PureGlow Soaps,Australia,Fiji,Labasa,FCT036,Labasa Soap Plant,LN0108,Line-3,2026-07-10 14:00:00,2026-07-10,14,Afternoon,Rose Bar Soap,0.86,60.0,11.4,Machine Breakdown,48.6,52,37,1,36,1.46,97.3,71.15,81.0,88.53,69.77,3.96,15.84,2
PureGlow Soaps International (Fictional Dummy Company),Global Manufacturing Head - PureGlow Soaps,Australia,Fiji,Labasa,FCT036,Labasa Soap Plant,LN0106,Line-1,2026-07-10 15:00:00,2026-07-10,15,Afternoon,Sandalwood Bar Soap,1.5,60.0,12.8,Power Outage,47.2,90,70,2,68,2.7,97.14,77.78,78.67,98.87,75.56,7.52,14.68,3
PureGlow Soaps International (Fictional Dummy Company),Global Manufacturing Head - PureGlow Soaps,Australia,Fiji,Labasa,FCT036,Labasa Soap Plant,LN0107,Line-2,2026-07-10 15:00:00,2026-07-10,15,Afternoon,Aloe Vera Liquid Soap,0.78,60.0,2.3,No Downtime,57.7,47,45,2,43,4.08,95.56,95.74,96.17,99.99,91.89,4.58,14.16,2
PureGlow Soaps International (Fictional Dummy Company),Global Manufacturing Head - PureGlow Soaps,Australia,Fiji,Labasa,FCT036,Labasa Soap Plant,LN0108,Line-3,2026-07-10 15:00:00,2026-07-10,15,Afternoon,Rose Bar Soap,0.86,60.0,35.5,Preventive Maintenance,24.5,52,19,1,18,5.95,94.74,36.54,40.83,90.18,34.88,1.91,8.03,2
PureGlow Soaps International (Fictional Dummy Company),Global Manufacturing Head - PureGlow Soaps,Australia,Fiji,Labasa,FCT036,Labasa Soap Plant,LN0106,Line-1,2026-07-10 16:00:00,2026-07-10,16,Afternoon,Sandalwood Bar Soap,1.5,60.0,18.6,Changeover/Setup,41.4,90,50,2,48,3.14,96.0,55.56,69.0,80.52,53.34,5.48,14.02,1
PureGlow Soaps International (Fictional Dummy Company),Global Manufacturing Head - PureGlow Soaps,Australia,Fiji,Labasa,FCT036,Labasa Soap Plant,LN0107,Line-2,2026-07-10 16:00:00,2026-07-10,16,Afternoon,Aloe Vera Liquid Soap,0.78,60.0,3.3,No Downtime,56.7,47,45,2,43,3.75,95.56,95.74,94.5,101.75,91.88,4.25,15.95,3
PureGlow Soaps International (Fictional Dummy Company),Global Manufacturing Head - PureGlow Soaps,Australia,Fiji,Labasa,FCT036,Labasa Soap Plant,LN0108,Line-3,2026-07-10 16:00:00,2026-07-10,16,Afternoon,Rose Bar Soap,0.86,60.0,11.0,Changeover/Setup,49.0,52,35,1,34,1.74,97.14,67.31,81.67,83.06,65.9,3.6,14.57,1
PureGlow Soaps International (Fictional Dummy Company),Global Manufacturing Head - PureGlow Soaps,Australia,Fiji,Labasa,FCT036,Labasa Soap Plant,LN0106,Line-1,2026-07-10 17:00:00,2026-07-10,17,Afternoon,Sandalwood Bar Soap,1.5,60.0,0.7,No Downtime,59.3,90,73,2,71,3.03,97.26,81.11,98.83,82.07,78.89,6.57,19.54,3
PureGlow Soaps International (Fictional Dummy Company),Global Manufacturing Head - PureGlow Soaps,Australia,Fiji,Labasa,FCT036,Labasa Soap Plant,LN0107,Line-2,2026-07-10 17:00:00,2026-07-10,17,Afternoon,Aloe Vera Liquid Soap,0.78,60.0,1.2,No Downtime,58.8,47,47,0,47,0.0,100.0,100.0,98.0,102.48,100.43,4.81,16.32,2
PureGlow Soaps International (Fictional Dummy Company),Global Manufacturing Head - PureGlow Soaps,Australia,Fiji,Labasa,FCT036,Labasa Soap Plant,LN0108,Line-3,2026-07-10 17:00:00,2026-07-10,17,Afternoon,Rose Bar Soap,0.86,60.0,13.0,Changeover/Setup,47.0,52,41,2,39,4.24,95.12,78.85,78.33,101.43,75.57,4.18,14.67,2
PureGlow Soaps International (Fictional Dummy Company),Global Manufacturing Head - PureGlow Soaps,Australia,Fiji,Labasa,FCT036,Labasa Soap Plant,LN0106,Line-1,2026-07-10 18:00:00,2026-07-10,18,Afternoon,Sandalwood Bar Soap,1.5,60.0,19.6,Quality Hold,40.4,90,54,5,49,9.53,90.74,60.0,67.33,89.11,54.44,5.33,14.05,1
PureGlow Soaps International (Fictional Dummy Company),Global Manufacturing Head - PureGlow Soaps,Australia,Fiji,Labasa,FCT036,Labasa Soap Plant,LN0107,Line-2,2026-07-10 18:00:00,2026-07-10,18,Afternoon,Aloe Vera Liquid Soap,0.78,60.0,35.6,Machine Breakdown,24.4,47,15,0,15,3.0,100.0,31.91,40.67,78.81,32.05,1.31,6.96,1
PureGlow Soaps International (Fictional Dummy Company),Global Manufacturing Head - PureGlow Soaps,Australia,Fiji,Labasa,FCT036,Labasa Soap Plant,LN0108,Line-3,2026-07-10 18:00:00,2026-07-10,18,Afternoon,Rose Bar Soap,0.86,60.0,27.5,Preventive Maintenance,32.5,52,23,1,22,3.84,95.65,44.23,54.17,82.29,42.64,2.43,10.56,2
PureGlow Soaps International (Fictional Dummy Company),Global Manufacturing Head - PureGlow Soaps,Australia,Fiji,Labasa,FCT036,Labasa Soap Plant,LN0106,Line-1,2026-07-10 19:00:00,2026-07-10,19,Afternoon,Sandalwood Bar Soap,1.5,60.0,1.2,No Downtime,58.8,90,77,2,75,3.04,97.4,85.56,98.0,87.3,83.33,7.95,20.56,2
PureGlow Soaps International (Fictional Dummy Company),Global Manufacturing Head - PureGlow Soaps,Australia,Fiji,Labasa,FCT036,Labasa Soap Plant,LN0107,Line-2,2026-07-10 19:00:00,2026-07-10,19,Afternoon,Aloe Vera Liquid Soap,0.78,60.0,1.0,No Downtime,59.0,47,43,1,42,1.69,97.67,91.49,98.33,93.44,89.74,3.74,16.66,2
PureGlow Soaps International (Fictional Dummy Company),Global Manufacturing Head - PureGlow Soaps,Australia,Fiji,Labasa,FCT036,Labasa Soap Plant,LN0108,Line-3,2026-07-10 19:00:00,2026-07-10,19,Afternoon,Rose Bar Soap,0.86,60.0,28.3,Preventive Maintenance,31.7,52,25,0,25,1.75,100.0,48.08,52.83,91.7,48.45,2.23,9.09,1
PureGlow Soaps International (Fictional Dummy Company),Global Manufacturing Head - PureGlow Soaps,Australia,Fiji,Labasa,FCT036,Labasa Soap Plant,LN0106,Line-1,2026-07-10 20:00:00,2026-07-10,20,Afternoon,Sandalwood Bar Soap,1.5,60.0,25.2,Machine Breakdown,34.8,90,42,1,41,3.35,97.62,46.67,58.0,80.46,45.56,4.25,12.1,3
PureGlow Soaps International (Fictional Dummy Company),Global Manufacturing Head - PureGlow Soaps,Australia,Fiji,Labasa,FCT036,Labasa Soap Plant,LN0107,Line-2,2026-07-10 20:00:00,2026-07-10,20,Afternoon,Aloe Vera Liquid Soap,0.78,60.0,10.6,Machine Breakdown,49.4,47,33,1,32,3.08,96.97,70.21,82.33,85.64,68.37,2.89,12.46,2
PureGlow Soaps International (Fictional Dummy Company),Global Manufacturing Head - PureGlow Soaps,Australia,Fiji,Labasa,FCT036,Labasa Soap Plant,LN0108,Line-3,2026-07-10 20:00:00,2026-07-10,20,Afternoon,Rose Bar Soap,0.86,60.0,3.6,No Downtime,56.4,52,41,2,39,5.54,95.12,78.85,94.0,84.53,75.58,3.67,18.52,1
PureGlow Soaps International (Fictional Dummy Company),Global Manufacturing Head - PureGlow Soaps,Australia,Fiji,Labasa,FCT036,Labasa Soap Plant,LN0106,Line-1,2026-07-10 21:00:00,2026-07-10,21,Afternoon,Sandalwood Bar Soap,1.5,60.0,0.2,No Downtime,59.8,90,85,4,81,4.41,95.29,94.44,99.67,94.76,90.0,9.18,18.36,2
PureGlow Soaps International (Fictional Dummy Company),Global Manufacturing Head - PureGlow Soaps,Australia,Fiji,Labasa,FCT036,Labasa Soap Plant,LN0107,Line-2,2026-07-10 21:00:00,2026-07-10,21,Afternoon,Aloe Vera Liquid Soap,0.78,60.0,9.2,Changeover/Setup,50.8,47,36,1,35,4.07,97.22,76.6,84.67,90.85,74.78,3.22,14.71,1
PureGlow Soaps International (Fictional Dummy Company),Global Manufacturing Head - PureGlow Soaps,Australia,Fiji,Labasa,FCT036,Labasa Soap Plant,LN0108,Line-3,2026-07-10 21:00:00,2026-07-10,21,Afternoon,Rose Bar Soap,0.86,60.0,15.7,Machine Breakdown,44.3,52,38,1,37,2.34,97.37,73.08,73.83,99.74,71.7,3.38,14.69,2
PureGlow Soaps International (Fictional Dummy Company),Global Manufacturing Head - PureGlow Soaps,Australia,Fiji,Labasa,FCT036,Labasa Soap Plant,LN0106,Line-1,2026-07-10 22:00:00,2026-07-10,22,Night,Sandalwood Bar Soap,1.5,60.0,31.3,Material Shortage,28.7,90,39,2,37,6.02,94.87,43.33,47.83,90.59,41.11,3.59,8.75,1
PureGlow Soaps International (Fictional Dummy Company),Global Manufacturing Head - PureGlow Soaps,Australia,Fiji,Labasa,FCT036,Labasa Soap Plant,LN0107,Line-2,2026-07-10 22:00:00,2026-07-10,22,Night,Aloe Vera Liquid Soap,0.78,60.0,24.4,Machine Breakdown,35.6,47,24,1,23,3.83,95.83,51.06,59.33,86.43,49.14,2.44,9.42,1
PureGlow Soaps International (Fictional Dummy Company),Global Manufacturing Head - PureGlow Soaps,Australia,Fiji,Labasa,FCT036,Labasa Soap Plant,LN0108,Line-3,2026-07-10 22:00:00,2026-07-10,22,Night,Rose Bar Soap,0.86,60.0,2.7,No Downtime,57.3,52,41,1,40,2.41,97.56,78.85,95.5,83.2,77.52,3.95,17.76,1
PureGlow Soaps International (Fictional Dummy Company),Global Manufacturing Head - PureGlow Soaps,Australia,Fiji,Labasa,FCT036,Labasa Soap Plant,LN0106,Line-1,2026-07-10 23:00:00,2026-07-10,23,Night,Sandalwood Bar Soap,1.5,60.0,27.4,Preventive Maintenance,32.6,90,47,2,45,4.44,95.74,52.22,54.33,96.11,49.99,4.81,11.06,1
PureGlow Soaps International (Fictional Dummy Company),Global Manufacturing Head - PureGlow Soaps,Australia,Fiji,Labasa,FCT036,Labasa Soap Plant,LN0107,Line-2,2026-07-10 23:00:00,2026-07-10,23,Night,Aloe Vera Liquid Soap,0.78,60.0,39.0,Preventive Maintenance,21.0,47,15,1,14,4.67,93.33,31.91,35.0,91.58,29.92,1.5,5.86,1
PureGlow Soaps International (Fictional Dummy Company),Global Manufacturing Head - PureGlow Soaps,Australia,Fiji,Labasa,FCT036,Labasa Soap Plant,LN0108,Line-3,2026-07-10 23:00:00,2026-07-10,23,Night,Rose Bar Soap,0.86,60.0,0.7,No Downtime,59.3,52,50,2,48,3.3,96.0,96.15,98.83,98.04,93.02,5.0,16.31,3
