Company,Global_Head,Continent,Country,City,Factory_ID,Factory_Name,Production_Line_ID,Production_Line_Name,Timestamp,Date,Hour_of_Day,Shift,Product_SKU,Rated_Speed_Units_per_Min,Planned_Runtime_Minutes,Downtime_Minutes,Downtime_Reason,Actual_Runtime_Minutes,Planned_Target_Units,Actual_Units_Produced,Rejected_Units,Good_Units,Defect_Rate_Percent,Quality_Score_Percent,Production_Attainment_Percent,Availability_Percent,Performance_Percent,OEE_Percent,Raw_Material_Consumed_Kg,Energy_Consumed_kWh,Operator_Count
PureGlow Soaps International (Fictional Dummy Company),Global Manufacturing Head - PureGlow Soaps,Australia,New Zealand,Christchurch,FCT031,Christchurch Soap Plant,LN0091,Line-1,2026-07-01 00:00:00,2026-07-01,0,Night,Lavender Bar Soap,1.27,60.0,12.3,Quality Hold,47.7,76,60,4,56,7.08,93.33,78.95,79.5,99.04,73.49,5.93,23.6,2
PureGlow Soaps International (Fictional Dummy Company),Global Manufacturing Head - PureGlow Soaps,Australia,New Zealand,Christchurch,FCT031,Christchurch Soap Plant,LN0092,Line-2,2026-07-01 00:00:00,2026-07-01,0,Night,Lemon Bar Soap,1.48,60.0,39.4,Preventive Maintenance,20.6,89,31,1,30,3.78,96.77,34.83,34.33,101.68,33.78,2.8,7.9,1
PureGlow Soaps International (Fictional Dummy Company),Global Manufacturing Head - PureGlow Soaps,Australia,New Zealand,Christchurch,FCT031,Christchurch Soap Plant,LN0093,Line-3,2026-07-01 00:00:00,2026-07-01,0,Night,Rose Bar Soap,0.78,60.0,2.9,No Downtime,57.1,47,42,2,40,5.5,95.24,89.36,95.17,94.3,85.47,3.61,30.75,3
PureGlow Soaps International (Fictional Dummy Company),Global Manufacturing Head - PureGlow Soaps,Australia,New Zealand,Christchurch,FCT031,Christchurch Soap Plant,LN0091,Line-1,2026-07-01 01:00:00,2026-07-01,1,Night,Lavender Bar Soap,1.27,60.0,3.7,No Downtime,56.3,76,63,2,61,3.06,96.83,82.89,93.83,88.11,80.05,6.28,27.85,2
PureGlow Soaps International (Fictional Dummy Company),Global Manufacturing Head - PureGlow Soaps,Australia,New Zealand,Christchurch,FCT031,Christchurch Soap Plant,LN0092,Line-2,2026-07-01 01:00:00,2026-07-01,1,Night,Lemon Bar Soap,1.48,60.0,18.5,Changeover/Setup,41.5,89,63,2,61,2.58,96.83,70.79,69.17,102.57,68.7,6.55,14.6,2
PureGlow Soaps International (Fictional Dummy Company),Global Manufacturing Head - PureGlow Soaps,Australia,New Zealand,Christchurch,FCT031,Christchurch Soap Plant,LN0093,Line-3,2026-07-01 01:00:00,2026-07-01,1,Night,Rose Bar Soap,0.78,60.0,11.5,Quality Hold,48.5,47,31,3,28,8.17,90.32,65.96,80.83,81.95,59.83,3.17,26.72,2
PureGlow Soaps International (Fictional Dummy Company),Global Manufacturing Head - PureGlow Soaps,Australia,New Zealand,Christchurch,FCT031,Christchurch Soap Plant,LN0091,Line-1,2026-07-01 02:00:00,2026-07-01,2,Night,Lavender Bar Soap,1.27,60.0,2.0,No Downtime,58.0,76,72,3,69,3.64,95.83,94.74,96.67,97.75,90.55,7.77,25.57,2
PureGlow Soaps International (Fictional Dummy Company),Global Manufacturing Head - PureGlow Soaps,Australia,New Zealand,Christchurch,FCT031,Christchurch Soap Plant,LN0092,Line-2,2026-07-01 02:00:00,2026-07-01,2,Night,Lemon Bar Soap,1.48,60.0,7.5,Changeover/Setup,52.5,89,65,2,63,3.64,96.92,73.03,87.5,83.66,70.95,7.14,20.82,2
PureGlow Soaps International (Fictional Dummy Company),Global Manufacturing Head - PureGlow Soaps,Australia,New Zealand,Christchurch,FCT031,Christchurch Soap Plant,LN0093,Line-3,2026-07-01 02:00:00,2026-07-01,2,Night,Rose Bar Soap,0.78,60.0,3.8,No Downtime,56.2,47,42,2,40,3.88,95.24,89.36,93.67,95.81,85.47,4.18,31.24,1
PureGlow Soaps International (Fictional Dummy Company),Global Manufacturing Head - PureGlow Soaps,Australia,New Zealand,Christchurch,FCT031,Christchurch Soap Plant,LN0091,Line-1,2026-07-01 03:00:00,2026-07-01,3,Night,Lavender Bar Soap,1.27,60.0,27.6,Power Outage,32.4,76,36,1,35,3.58,97.22,47.37,54.0,87.49,45.93,3.66,13.91,2
PureGlow Soaps International (Fictional Dummy Company),Global Manufacturing Head - PureGlow Soaps,Australia,New Zealand,Christchurch,FCT031,Christchurch Soap Plant,LN0092,Line-2,2026-07-01 03:00:00,2026-07-01,3,Night,Lemon Bar Soap,1.48,60.0,14.9,Changeover/Setup,45.1,89,58,2,56,3.34,96.55,65.17,75.17,86.89,63.06,6.08,15.5,2
PureGlow Soaps International (Fictional Dummy Company),Global Manufacturing Head - PureGlow Soaps,Australia,New Zealand,Christchurch,FCT031,Christchurch Soap Plant,LN0093,Line-3,2026-07-01 03:00:00,2026-07-01,3,Night,Rose Bar Soap,0.78,60.0,30.8,Machine Breakdown,29.2,47,23,0,23,1.49,100.0,48.94,48.67,100.98,49.15,2.46,15.47,1
PureGlow Soaps International (Fictional Dummy Company),Global Manufacturing Head - PureGlow Soaps,Australia,New Zealand,Christchurch,FCT031,Christchurch Soap Plant,LN0091,Line-1,2026-07-01 04:00:00,2026-07-01,4,Night,Lavender Bar Soap,1.27,60.0,1.3,No Downtime,58.7,76,77,4,73,4.94,94.81,101.32,97.83,103.29,95.8,7.11,26.55,2
PureGlow Soaps International (Fictional Dummy Company),Global Manufacturing Head - PureGlow Soaps,Australia,New Zealand,Christchurch,FCT031,Christchurch Soap Plant,LN0092,Line-2,2026-07-01 04:00:00,2026-07-01,4,Night,Lemon Bar Soap,1.48,60.0,3.1,No Downtime,56.9,89,74,3,71,3.73,95.95,83.15,94.83,87.87,79.95,7.3,22.77,3
PureGlow Soaps International (Fictional Dummy Company),Global Manufacturing Head - PureGlow Soaps,Australia,New Zealand,Christchurch,FCT031,Christchurch Soap Plant,LN0093,Line-3,2026-07-01 04:00:00,2026-07-01,4,Night,Rose Bar Soap,0.78,60.0,34.4,Material Shortage,25.6,47,18,1,17,5.28,94.44,38.3,42.67,90.14,36.32,1.74,12.32,2
PureGlow Soaps International (Fictional Dummy Company),Global Manufacturing Head - PureGlow Soaps,Australia,New Zealand,Christchurch,FCT031,Christchurch Soap Plant,LN0091,Line-1,2026-07-01 05:00:00,2026-07-01,5,Night,Lavender Bar Soap,1.27,60.0,17.7,Changeover/Setup,42.3,76,45,1,44,2.17,97.78,59.21,70.5,83.77,57.75,4.37,19.41,3
PureGlow Soaps International (Fictional Dummy Company),Global Manufacturing Head - PureGlow Soaps,Australia,New Zealand,Christchurch,FCT031,Christchurch Soap Plant,LN0092,Line-2,2026-07-01 05:00:00,2026-07-01,5,Night,Lemon Bar Soap,1.48,60.0,20.5,Machine Breakdown,39.5,89,47,2,45,4.08,95.74,52.81,65.83,80.4,50.67,4.49,15.63,3
PureGlow Soaps International (Fictional Dummy Company),Global Manufacturing Head - PureGlow Soaps,Australia,New Zealand,Christchurch,FCT031,Christchurch Soap Plant,LN0093,Line-3,2026-07-01 05:00:00,2026-07-01,5,Night,Rose Bar Soap,0.78,60.0,18.7,Preventive Maintenance,41.3,47,31,2,29,5.13,93.55,65.96,68.83,96.23,61.96,2.98,20.09,3
PureGlow Soaps International (Fictional Dummy Company),Global Manufacturing Head - PureGlow Soaps,Australia,New Zealand,Christchurch,FCT031,Christchurch Soap Plant,LN0091,Line-1,2026-07-01 06:00:00,2026-07-01,6,Morning,Lavender Bar Soap,1.27,60.0,2.3,No Downtime,57.7,76,63,2,61,3.5,96.83,82.89,96.17,85.97,80.06,5.76,25.73,3
PureGlow Soaps International (Fictional Dummy Company),Global Manufacturing Head - PureGlow Soaps,Australia,New Zealand,Christchurch,FCT031,Christchurch Soap Plant,LN0092,Line-2,2026-07-01 06:00:00,2026-07-01,6,Morning,Lemon Bar Soap,1.48,60.0,7.4,Changeover/Setup,52.6,89,76,3,73,3.82,96.05,85.39,87.67,97.63,82.21,8.21,20.62,3
PureGlow Soaps International (Fictional Dummy Company),Global Manufacturing Head - PureGlow Soaps,Australia,New Zealand,Christchurch,FCT031,Christchurch Soap Plant,LN0093,Line-3,2026-07-01 06:00:00,2026-07-01,6,Morning,Rose Bar Soap,0.78,60.0,1.7,No Downtime,58.3,47,44,1,43,2.85,97.73,93.62,97.17,96.76,91.89,3.96,32.36,3
PureGlow Soaps International (Fictional Dummy Company),Global Manufacturing Head - PureGlow Soaps,Australia,New Zealand,Christchurch,FCT031,Christchurch Soap Plant,LN0091,Line-1,2026-07-01 07:00:00,2026-07-01,7,Morning,Lavender Bar Soap,1.27,60.0,25.5,Preventive Maintenance,34.5,76,45,1,44,2.23,97.78,59.21,57.5,102.7,57.74,3.87,17.47,3
PureGlow Soaps International (Fictional Dummy Company),Global Manufacturing Head - PureGlow Soaps,Australia,New Zealand,Christchurch,FCT031,Christchurch Soap Plant,LN0092,Line-2,2026-07-01 07:00:00,2026-07-01,7,Morning,Lemon Bar Soap,1.48,60.0,3.4,No Downtime,56.6,89,68,2,66,2.38,97.06,76.4,94.33,81.18,74.33,6.6,19.81,1
PureGlow Soaps International (Fictional Dummy Company),Global Manufacturing Head - PureGlow Soaps,Australia,New Zealand,Christchurch,FCT031,Christchurch Soap Plant,LN0093,Line-3,2026-07-01 07:00:00,2026-07-01,7,Morning,Rose Bar Soap,0.78,60.0,23.3,Machine Breakdown,36.7,47,28,1,27,2.82,96.43,59.57,61.17,97.81,57.69,2.39,18.56,3
PureGlow Soaps International (Fictional Dummy Company),Global Manufacturing Head - PureGlow Soaps,Australia,New Zealand,Christchurch,FCT031,Christchurch Soap Plant,LN0091,Line-1,2026-07-01 08:00:00,2026-07-01,8,Morning,Lavender Bar Soap,1.27,60.0,13.6,Material Shortage,46.4,76,49,3,46,5.69,93.88,64.47,77.33,83.15,60.36,5.32,19.58,3
PureGlow Soaps International (Fictional Dummy Company),Global Manufacturing Head - PureGlow Soaps,Australia,New Zealand,Christchurch,FCT031,Christchurch Soap Plant,LN0092,Line-2,2026-07-01 08:00:00,2026-07-01,8,Morning,Lemon Bar Soap,1.48,60.0,2.6,No Downtime,57.4,89,85,2,83,2.48,97.65,95.51,95.67,100.06,93.48,8.4,21.57,3
PureGlow Soaps International (Fictional Dummy Company),Global Manufacturing Head - PureGlow Soaps,Australia,New Zealand,Christchurch,FCT031,Christchurch Soap Plant,LN0093,Line-3,2026-07-01 08:00:00,2026-07-01,8,Morning,Rose Bar Soap,0.78,60.0,26.3,Preventive Maintenance,33.7,47,24,1,23,4.75,95.83,51.06,56.17,91.3,49.14,2.07,17.04,1
PureGlow Soaps International (Fictional Dummy Company),Global Manufacturing Head - PureGlow Soaps,Australia,New Zealand,Christchurch,FCT031,Christchurch Soap Plant,LN0091,Line-1,2026-07-01 09:00:00,2026-07-01,9,Morning,Lavender Bar Soap,1.27,60.0,3.3,No Downtime,56.7,76,71,1,70,1.38,98.59,93.42,94.5,98.6,91.86,6.23,27.09,1
PureGlow Soaps International (Fictional Dummy Company),Global Manufacturing Head - PureGlow Soaps,Australia,New Zealand,Christchurch,FCT031,Christchurch Soap Plant,LN0092,Line-2,2026-07-01 09:00:00,2026-07-01,9,Morning,Lemon Bar Soap,1.48,60.0,1.4,No Downtime,58.6,89,85,0,85,0.38,100.0,95.51,97.67,98.01,95.73,9.33,21.49,2
PureGlow Soaps International (Fictional Dummy Company),Global Manufacturing Head - PureGlow Soaps,Australia,New Zealand,Christchurch,FCT031,Christchurch Soap Plant,LN0093,Line-3,2026-07-01 09:00:00,2026-07-01,9,Morning,Rose Bar Soap,0.78,60.0,34.4,Material Shortage,25.6,47,18,0,18,2.68,100.0,38.3,42.67,90.14,38.46,1.93,14.14,3
PureGlow Soaps International (Fictional Dummy Company),Global Manufacturing Head - PureGlow Soaps,Australia,New Zealand,Christchurch,FCT031,Christchurch Soap Plant,LN0091,Line-1,2026-07-01 10:00:00,2026-07-01,10,Morning,Lavender Bar Soap,1.27,60.0,18.8,Preventive Maintenance,41.2,76,45,2,43,4.62,95.56,59.21,68.67,86.0,56.43,4.7,17.71,2
PureGlow Soaps International (Fictional Dummy Company),Global Manufacturing Head - PureGlow Soaps,Australia,New Zealand,Christchurch,FCT031,Christchurch Soap Plant,LN0092,Line-2,2026-07-01 10:00:00,2026-07-01,10,Morning,Lemon Bar Soap,1.48,60.0,8.3,Changeover/Setup,51.7,89,76,1,75,1.97,98.68,85.39,86.17,99.33,84.46,7.35,19.25,1
PureGlow Soaps International (Fictional Dummy Company),Global Manufacturing Head - PureGlow Soaps,Australia,New Zealand,Christchurch,FCT031,Christchurch Soap Plant,LN0093,Line-3,2026-07-01 10:00:00,2026-07-01,10,Morning,Rose Bar Soap,0.78,60.0,1.7,No Downtime,58.3,47,45,1,44,3.01,97.78,95.74,97.17,98.96,94.02,4.56,30.46,3
PureGlow Soaps International (Fictional Dummy Company),Global Manufacturing Head - PureGlow Soaps,Australia,New Zealand,Christchurch,FCT031,Christchurch Soap Plant,LN0091,Line-1,2026-07-01 11:00:00,2026-07-01,11,Morning,Lavender Bar Soap,1.27,60.0,1.6,No Downtime,58.4,76,71,2,69,2.9,97.18,93.42,97.33,95.73,90.55,6.24,27.51,1
PureGlow Soaps International (Fictional Dummy Company),Global Manufacturing Head - PureGlow Soaps,Australia,New Zealand,Christchurch,FCT031,Christchurch Soap Plant,LN0092,Line-2,2026-07-01 11:00:00,2026-07-01,11,Morning,Lemon Bar Soap,1.48,60.0,23.0,Power Outage,37.0,89,55,2,53,3.34,96.36,61.8,61.67,100.44,59.69,5.84,13.75,2
PureGlow Soaps International (Fictional Dummy Company),Global Manufacturing Head - PureGlow Soaps,Australia,New Zealand,Christchurch,FCT031,Christchurch Soap Plant,LN0093,Line-3,2026-07-01 11:00:00,2026-07-01,11,Morning,Rose Bar Soap,0.78,60.0,10.9,Power Outage,49.1,47,39,1,38,3.57,97.44,82.98,81.83,101.83,81.19,3.34,25.3,1
PureGlow Soaps International (Fictional Dummy Company),Global Manufacturing Head - PureGlow Soaps,Australia,New Zealand,Christchurch,FCT031,Christchurch Soap Plant,LN0091,Line-1,2026-07-01 12:00:00,2026-07-01,12,Morning,Lavender Bar Soap,1.27,60.0,21.5,Material Shortage,38.5,76,41,1,40,3.62,97.56,53.95,64.17,83.85,52.49,3.9,19.21,1
PureGlow Soaps International (Fictional Dummy Company),Global Manufacturing Head - PureGlow Soaps,Australia,New Zealand,Christchurch,FCT031,Christchurch Soap Plant,LN0092,Line-2,2026-07-01 12:00:00,2026-07-01,12,Morning,Lemon Bar Soap,1.48,60.0,3.1,No Downtime,56.9,89,71,2,69,3.14,97.18,79.78,94.83,84.31,77.7,6.82,19.2,3
PureGlow Soaps International (Fictional Dummy Company),Global Manufacturing Head - PureGlow Soaps,Australia,New Zealand,Christchurch,FCT031,Christchurch Soap Plant,LN0093,Line-3,2026-07-01 12:00:00,2026-07-01,12,Morning,Rose Bar Soap,0.78,60.0,2.6,No Downtime,57.4,47,37,1,36,2.48,97.3,78.72,95.67,82.64,76.93,3.94,32.82,1
PureGlow Soaps International (Fictional Dummy Company),Global Manufacturing Head - PureGlow Soaps,Australia,New Zealand,Christchurch,FCT031,Christchurch Soap Plant,LN0091,Line-1,2026-07-01 13:00:00,2026-07-01,13,Morning,Lavender Bar Soap,1.27,60.0,19.4,Changeover/Setup,40.6,76,50,2,48,3.69,96.0,65.79,67.67,96.97,62.99,5.12,17.71,1
PureGlow Soaps International (Fictional Dummy Company),Global Manufacturing Head - PureGlow Soaps,Australia,New Zealand,Christchurch,FCT031,Christchurch Soap Plant,LN0092,Line-2,2026-07-01 13:00:00,2026-07-01,13,Morning,Lemon Bar Soap,1.48,60.0,2.6,No Downtime,57.4,89,81,2,79,2.93,97.53,91.01,95.67,95.35,88.97,8.56,20.14,1
PureGlow Soaps International (Fictional Dummy Company),Global Manufacturing Head - PureGlow Soaps,Australia,New Zealand,Christchurch,FCT031,Christchurch Soap Plant,LN0093,Line-3,2026-07-01 13:00:00,2026-07-01,13,Morning,Rose Bar Soap,0.78,60.0,41.7,Machine Breakdown,18.3,47,12,1,11,4.25,91.67,25.53,30.5,84.07,23.51,1.24,10.16,2
PureGlow Soaps International (Fictional Dummy Company),Global Manufacturing Head - PureGlow Soaps,Australia,New Zealand,Christchurch,FCT031,Christchurch Soap Plant,LN0091,Line-1,2026-07-01 14:00:00,2026-07-01,14,Afternoon,Lavender Bar Soap,1.27,60.0,18.4,Changeover/Setup,41.6,76,53,2,51,4.31,96.23,69.74,69.33,100.32,66.93,5.15,20.95,3
PureGlow Soaps International (Fictional Dummy Company),Global Manufacturing Head - PureGlow Soaps,Australia,New Zealand,Christchurch,FCT031,Christchurch Soap Plant,LN0092,Line-2,2026-07-01 14:00:00,2026-07-01,14,Afternoon,Lemon Bar Soap,1.48,60.0,2.0,No Downtime,58.0,89,70,3,67,4.16,95.71,78.65,96.67,81.55,75.45,7.35,19.67,1
PureGlow Soaps International (Fictional Dummy Company),Global Manufacturing Head - PureGlow Soaps,Australia,New Zealand,Christchurch,FCT031,Christchurch Soap Plant,LN0093,Line-3,2026-07-01 14:00:00,2026-07-01,14,Afternoon,Rose Bar Soap,0.78,60.0,0.2,No Downtime,59.8,47,43,2,41,3.89,95.35,91.49,99.67,92.19,87.61,3.96,32.26,1
PureGlow Soaps International (Fictional Dummy Company),Global Manufacturing Head - PureGlow Soaps,Australia,New Zealand,Christchurch,FCT031,Christchurch Soap Plant,LN0091,Line-1,2026-07-01 15:00:00,2026-07-01,15,Afternoon,Lavender Bar Soap,1.27,60.0,3.1,No Downtime,56.9,76,69,3,66,4.2,95.65,90.79,94.83,95.48,86.61,6.66,24.15,2
PureGlow Soaps International (Fictional Dummy Company),Global Manufacturing Head - PureGlow Soaps,Australia,New Zealand,Christchurch,FCT031,Christchurch Soap Plant,LN0092,Line-2,2026-07-01 15:00:00,2026-07-01,15,Afternoon,Lemon Bar Soap,1.48,60.0,38.9,Preventive Maintenance,21.1,89,32,1,31,3.22,96.88,35.96,35.17,102.47,34.91,3.25,7.81,1
PureGlow Soaps International (Fictional Dummy Company),Global Manufacturing Head - PureGlow Soaps,Australia,New Zealand,Christchurch,FCT031,Christchurch Soap Plant,LN0093,Line-3,2026-07-01 15:00:00,2026-07-01,15,Afternoon,Rose Bar Soap,0.78,60.0,27.2,Power Outage,32.8,47,22,1,21,4.03,95.45,46.81,54.67,85.99,44.87,2.22,18.81,3
PureGlow Soaps International (Fictional Dummy Company),Global Manufacturing Head - PureGlow Soaps,Australia,New Zealand,Christchurch,FCT031,Christchurch Soap Plant,LN0091,Line-1,2026-07-01 16:00:00,2026-07-01,16,Afternoon,Lavender Bar Soap,1.27,60.0,1.5,No Downtime,58.5,76,71,1,70,1.1,98.59,93.42,97.5,95.56,91.86,6.15,25.96,2
PureGlow Soaps International (Fictional Dummy Company),Global Manufacturing Head - PureGlow Soaps,Australia,New Zealand,Christchurch,FCT031,Christchurch Soap Plant,LN0092,Line-2,2026-07-01 16:00:00,2026-07-01,16,Afternoon,Lemon Bar Soap,1.48,60.0,9.9,Changeover/Setup,50.1,89,63,2,61,3.94,96.83,70.79,83.5,84.97,68.7,6.71,16.65,2
PureGlow Soaps International (Fictional Dummy Company),Global Manufacturing Head - PureGlow Soaps,Australia,New Zealand,Christchurch,FCT031,Christchurch Soap Plant,LN0093,Line-3,2026-07-01 16:00:00,2026-07-01,16,Afternoon,Rose Bar Soap,0.78,60.0,24.3,Preventive Maintenance,35.7,47,25,1,24,2.73,96.0,53.19,59.5,89.78,51.28,2.63,17.81,1
PureGlow Soaps International (Fictional Dummy Company),Global Manufacturing Head - PureGlow Soaps,Australia,New Zealand,Christchurch,FCT031,Christchurch Soap Plant,LN0091,Line-1,2026-07-01 17:00:00,2026-07-01,17,Afternoon,Lavender Bar Soap,1.27,60.0,1.9,No Downtime,58.1,76,67,3,64,3.88,95.52,88.16,96.83,90.8,83.98,5.81,27.83,1
PureGlow Soaps International (Fictional Dummy Company),Global Manufacturing Head - PureGlow Soaps,Australia,New Zealand,Christchurch,FCT031,Christchurch Soap Plant,LN0092,Line-2,2026-07-01 17:00:00,2026-07-01,17,Afternoon,Lemon Bar Soap,1.48,60.0,7.6,Power Outage,52.4,89,74,3,71,4.21,95.95,83.15,87.33,95.42,79.96,6.66,19.88,3
PureGlow Soaps International (Fictional Dummy Company),Global Manufacturing Head - PureGlow Soaps,Australia,New Zealand,Christchurch,FCT031,Christchurch Soap Plant,LN0093,Line-3,2026-07-01 17:00:00,2026-07-01,17,Afternoon,Rose Bar Soap,0.78,60.0,6.4,Power Outage,53.6,47,41,2,39,3.87,95.12,87.23,89.33,98.07,83.33,3.82,26.31,1
PureGlow Soaps International (Fictional Dummy Company),Global Manufacturing Head - PureGlow Soaps,Australia,New Zealand,Christchurch,FCT031,Christchurch Soap Plant,LN0091,Line-1,2026-07-01 18:00:00,2026-07-01,18,Afternoon,Lavender Bar Soap,1.27,60.0,16.4,Changeover/Setup,43.6,76,53,1,52,2.49,98.11,69.74,72.67,95.72,68.25,5.25,21.66,3
PureGlow Soaps International (Fictional Dummy Company),Global Manufacturing Head - PureGlow Soaps,Australia,New Zealand,Christchurch,FCT031,Christchurch Soap Plant,LN0092,Line-2,2026-07-01 18:00:00,2026-07-01,18,Afternoon,Lemon Bar Soap,1.48,60.0,7.4,Power Outage,52.6,89,68,3,65,3.73,95.59,76.4,87.67,87.35,73.2,6.34,20.09,3
PureGlow Soaps International (Fictional Dummy Company),Global Manufacturing Head - PureGlow Soaps,Australia,New Zealand,Christchurch,FCT031,Christchurch Soap Plant,LN0093,Line-3,2026-07-01 18:00:00,2026-07-01,18,Afternoon,Rose Bar Soap,0.78,60.0,22.9,Staff Shortage,37.1,47,27,1,26,2.55,96.3,57.45,61.83,93.3,55.55,2.66,20.82,3
PureGlow Soaps International (Fictional Dummy Company),Global Manufacturing Head - PureGlow Soaps,Australia,New Zealand,Christchurch,FCT031,Christchurch Soap Plant,LN0091,Line-1,2026-07-01 19:00:00,2026-07-01,19,Afternoon,Lavender Bar Soap,1.27,60.0,26.7,Machine Breakdown,33.3,76,36,1,35,2.16,97.22,47.37,55.5,85.12,45.93,3.71,15.49,3
PureGlow Soaps International (Fictional Dummy Company),Global Manufacturing Head - PureGlow Soaps,Australia,New Zealand,Christchurch,FCT031,Christchurch Soap Plant,LN0092,Line-2,2026-07-01 19:00:00,2026-07-01,19,Afternoon,Lemon Bar Soap,1.48,60.0,2.0,No Downtime,58.0,89,76,3,73,3.37,96.05,85.39,96.67,88.54,82.21,7.08,20.66,3
PureGlow Soaps International (Fictional Dummy Company),Global Manufacturing Head - PureGlow Soaps,Australia,New Zealand,Christchurch,FCT031,Christchurch Soap Plant,LN0093,Line-3,2026-07-01 19:00:00,2026-07-01,19,Afternoon,Rose Bar Soap,0.78,60.0,2.7,No Downtime,57.3,47,36,1,35,1.58,97.22,76.6,95.5,80.55,74.79,3.37,29.84,2
PureGlow Soaps International (Fictional Dummy Company),Global Manufacturing Head - PureGlow Soaps,Australia,New Zealand,Christchurch,FCT031,Christchurch Soap Plant,LN0091,Line-1,2026-07-01 20:00:00,2026-07-01,20,Afternoon,Lavender Bar Soap,1.27,60.0,0.8,No Downtime,59.2,76,66,1,65,1.79,98.48,86.84,98.67,87.78,85.3,5.86,28.36,1
PureGlow Soaps International (Fictional Dummy Company),Global Manufacturing Head - PureGlow Soaps,Australia,New Zealand,Christchurch,FCT031,Christchurch Soap Plant,LN0092,Line-2,2026-07-01 20:00:00,2026-07-01,20,Afternoon,Lemon Bar Soap,1.48,60.0,20.0,Power Outage,40.0,89,55,2,53,3.22,96.36,61.8,66.67,92.91,59.69,5.75,15.69,2
PureGlow Soaps International (Fictional Dummy Company),Global Manufacturing Head - PureGlow Soaps,Australia,New Zealand,Christchurch,FCT031,Christchurch Soap Plant,LN0093,Line-3,2026-07-01 20:00:00,2026-07-01,20,Afternoon,Rose Bar Soap,0.78,60.0,0.2,No Downtime,59.8,47,39,1,38,2.67,97.44,82.98,99.67,83.61,81.2,3.77,30.24,3
PureGlow Soaps International (Fictional Dummy Company),Global Manufacturing Head - PureGlow Soaps,Australia,New Zealand,Christchurch,FCT031,Christchurch Soap Plant,LN0091,Line-1,2026-07-01 21:00:00,2026-07-01,21,Afternoon,Lavender Bar Soap,1.27,60.0,22.3,Staff Shortage,37.7,76,43,2,41,3.95,95.35,56.58,62.83,89.81,53.8,4.05,18.33,2
PureGlow Soaps International (Fictional Dummy Company),Global Manufacturing Head - PureGlow Soaps,Australia,New Zealand,Christchurch,FCT031,Christchurch Soap Plant,LN0092,Line-2,2026-07-01 21:00:00,2026-07-01,21,Afternoon,Lemon Bar Soap,1.48,60.0,2.4,No Downtime,57.6,89,76,1,75,1.61,98.68,85.39,96.0,89.15,84.45,8.02,21.89,2
PureGlow Soaps International (Fictional Dummy Company),Global Manufacturing Head - PureGlow Soaps,Australia,New Zealand,Christchurch,FCT031,Christchurch Soap Plant,LN0093,Line-3,2026-07-01 21:00:00,2026-07-01,21,Afternoon,Rose Bar Soap,0.78,60.0,3.6,No Downtime,56.4,47,37,1,36,3.56,97.3,78.72,94.0,84.11,76.93,3.3,27.79,1
PureGlow Soaps International (Fictional Dummy Company),Global Manufacturing Head - PureGlow Soaps,Australia,New Zealand,Christchurch,FCT031,Christchurch Soap Plant,LN0091,Line-1,2026-07-01 22:00:00,2026-07-01,22,Night,Lavender Bar Soap,1.27,60.0,14.0,Quality Hold,46.0,76,55,3,52,5.27,94.55,72.37,76.67,94.15,68.25,5.96,21.45,1
PureGlow Soaps International (Fictional Dummy Company),Global Manufacturing Head - PureGlow Soaps,Australia,New Zealand,Christchurch,FCT031,Christchurch Soap Plant,LN0092,Line-2,2026-07-01 22:00:00,2026-07-01,22,Night,Lemon Bar Soap,1.48,60.0,16.9,Changeover/Setup,43.1,89,61,1,60,1.63,98.36,68.54,71.83,95.63,67.56,6.07,15.79,1
PureGlow Soaps International (Fictional Dummy Company),Global Manufacturing Head - PureGlow Soaps,Australia,New Zealand,Christchurch,FCT031,Christchurch Soap Plant,LN0093,Line-3,2026-07-01 22:00:00,2026-07-01,22,Night,Rose Bar Soap,0.78,60.0,3.3,No Downtime,56.7,47,43,1,42,2.7,97.67,91.49,94.5,97.23,89.74,4.19,30.2,3
PureGlow Soaps International (Fictional Dummy Company),Global Manufacturing Head - PureGlow Soaps,Australia,New Zealand,Christchurch,FCT031,Christchurch Soap Plant,LN0091,Line-1,2026-07-01 23:00:00,2026-07-01,23,Night,Lavender Bar Soap,1.27,60.0,17.7,Preventive Maintenance,42.3,76,43,1,42,2.46,97.67,56.58,70.5,80.04,55.11,4.25,20.26,2
PureGlow Soaps International (Fictional Dummy Company),Global Manufacturing Head - PureGlow Soaps,Australia,New Zealand,Christchurch,FCT031,Christchurch Soap Plant,LN0092,Line-2,2026-07-01 23:00:00,2026-07-01,23,Night,Lemon Bar Soap,1.48,60.0,16.0,Machine Breakdown,44.0,89,67,1,66,1.65,98.51,75.28,73.33,102.89,74.33,7.36,15.1,3
PureGlow Soaps International (Fictional Dummy Company),Global Manufacturing Head - PureGlow Soaps,Australia,New Zealand,Christchurch,FCT031,Christchurch Soap Plant,LN0093,Line-3,2026-07-01 23:00:00,2026-07-01,23,Night,Rose Bar Soap,0.78,60.0,28.1,Power Outage,31.9,47,23,1,22,3.11,95.65,48.94,53.17,92.44,47.01,2.02,15.91,3
PureGlow Soaps International (Fictional Dummy Company),Global Manufacturing Head - PureGlow Soaps,Australia,New Zealand,Christchurch,FCT031,Christchurch Soap Plant,LN0091,Line-1,2026-07-02 00:00:00,2026-07-02,0,Night,Lemon Bar Soap,1.27,60.0,3.7,No Downtime,56.3,76,65,1,64,1.58,98.46,85.53,93.83,90.91,83.99,6.7,25.95,1
PureGlow Soaps International (Fictional Dummy Company),Global Manufacturing Head - PureGlow Soaps,Australia,New Zealand,Christchurch,FCT031,Christchurch Soap Plant,LN0092,Line-2,2026-07-02 00:00:00,2026-07-02,0,Night,Charcoal Bar Soap,1.48,60.0,0.4,No Downtime,59.6,89,87,5,82,5.81,94.25,97.75,99.33,98.63,92.34,9.26,21.84,1
PureGlow Soaps International (Fictional Dummy Company),Global Manufacturing Head - PureGlow Soaps,Australia,New Zealand,Christchurch,FCT031,Christchurch Soap Plant,LN0093,Line-3,2026-07-02 00:00:00,2026-07-02,0,Night,Neem Bar Soap,0.78,60.0,16.0,Machine Breakdown,44.0,47,31,1,30,2.72,96.77,65.96,73.33,90.33,64.1,2.95,24.77,2
PureGlow Soaps International (Fictional Dummy Company),Global Manufacturing Head - PureGlow Soaps,Australia,New Zealand,Christchurch,FCT031,Christchurch Soap Plant,LN0091,Line-1,2026-07-02 01:00:00,2026-07-02,1,Night,Lemon Bar Soap,1.27,60.0,13.7,Quality Hold,46.3,76,53,5,48,9.68,90.57,69.74,77.17,90.13,62.99,4.6,22.19,2
PureGlow Soaps International (Fictional Dummy Company),Global Manufacturing Head - PureGlow Soaps,Australia,New Zealand,Christchurch,FCT031,Christchurch Soap Plant,LN0092,Line-2,2026-07-02 01:00:00,2026-07-02,1,Night,Charcoal Bar Soap,1.48,60.0,3.1,No Downtime,56.9,89,75,2,73,2.64,97.33,84.27,94.83,89.06,82.2,6.45,20.48,2
PureGlow Soaps International (Fictional Dummy Company),Global Manufacturing Head - PureGlow Soaps,Australia,New Zealand,Christchurch,FCT031,Christchurch Soap Plant,LN0093,Line-3,2026-07-02 01:00:00,2026-07-02,1,Night,Neem Bar Soap,0.78,60.0,3.8,No Downtime,56.2,47,36,0,36,0.59,100.0,76.6,93.67,82.12,76.92,3.58,26.68,3
PureGlow Soaps International (Fictional Dummy Company),Global Manufacturing Head - PureGlow Soaps,Australia,New Zealand,Christchurch,FCT031,Christchurch Soap Plant,LN0091,Line-1,2026-07-02 02:00:00,2026-07-02,2,Night,Lemon Bar Soap,1.27,60.0,2.8,No Downtime,57.2,76,62,2,60,2.46,96.77,81.58,95.33,85.35,78.74,6.06,25.48,1
PureGlow Soaps International (Fictional Dummy Company),Global Manufacturing Head - PureGlow Soaps,Australia,New Zealand,Christchurch,FCT031,Christchurch Soap Plant,LN0092,Line-2,2026-07-02 02:00:00,2026-07-02,2,Night,Charcoal Bar Soap,1.48,60.0,19.2,Material Shortage,40.8,89,62,2,60,2.79,96.77,69.66,68.0,102.68,67.57,6.52,13.89,2
PureGlow Soaps International (Fictional Dummy Company),Global Manufacturing Head - PureGlow Soaps,Australia,New Zealand,Christchurch,FCT031,Christchurch Soap Plant,LN0093,Line-3,2026-07-02 02:00:00,2026-07-02,2,Night,Neem Bar Soap,0.78,60.0,34.7,Preventive Maintenance,25.3,47,19,1,18,3.79,94.74,40.43,42.17,96.28,38.47,2.0,13.52,3
PureGlow Soaps International (Fictional Dummy Company),Global Manufacturing Head - PureGlow Soaps,Australia,New Zealand,Christchurch,FCT031,Christchurch Soap Plant,LN0091,Line-1,2026-07-02 03:00:00,2026-07-02,3,Night,Lemon Bar Soap,1.27,60.0,13.2,Staff Shortage,46.8,76,52,1,51,2.74,98.08,68.42,78.0,87.49,66.93,5.12,21.39,3
PureGlow Soaps International (Fictional Dummy Company),Global Manufacturing Head - PureGlow Soaps,Australia,New Zealand,Christchurch,FCT031,Christchurch Soap Plant,LN0092,Line-2,2026-07-02 03:00:00,2026-07-02,3,Night,Charcoal Bar Soap,1.48,60.0,23.0,Power Outage,37.0,89,54,1,53,2.73,98.15,60.67,61.67,98.61,59.69,4.73,14.13,3
PureGlow Soaps International (Fictional Dummy Company),Global Manufacturing Head - PureGlow Soaps,Australia,New Zealand,Christchurch,FCT031,Christchurch Soap Plant,LN0093,Line-3,2026-07-02 03:00:00,2026-07-02,3,Night,Neem Bar Soap,0.78,60.0,9.2,Changeover/Setup,50.8,47,32,0,32,1.54,100.0,68.09,84.67,80.76,68.38,3.02,28.71,2
PureGlow Soaps International (Fictional Dummy Company),Global Manufacturing Head - PureGlow Soaps,Australia,New Zealand,Christchurch,FCT031,Christchurch Soap Plant,LN0091,Line-1,2026-07-02 04:00:00,2026-07-02,4,Night,Lemon Bar Soap,1.27,60.0,10.5,Power Outage,49.5,76,51,1,50,1.92,98.04,67.11,82.5,81.13,65.62,5.51,24.45,2
PureGlow Soaps International (Fictional Dummy Company),Global Manufacturing Head - PureGlow Soaps,Australia,New Zealand,Christchurch,FCT031,Christchurch Soap Plant,LN0092,Line-2,2026-07-02 04:00:00,2026-07-02,4,Night,Charcoal Bar Soap,1.48,60.0,0.4,No Downtime,59.6,89,76,3,73,4.26,96.05,85.39,99.33,86.16,82.2,7.43,22.53,2
PureGlow Soaps International (Fictional Dummy Company),Global Manufacturing Head - PureGlow Soaps,Australia,New Zealand,Christchurch,FCT031,Christchurch Soap Plant,LN0093,Line-3,2026-07-02 04:00:00,2026-07-02,4,Night,Neem Bar Soap,0.78,60.0,23.9,Material Shortage,36.1,47,28,1,27,3.21,96.43,59.57,60.17,99.44,57.7,3.05,20.81,1
PureGlow Soaps International (Fictional Dummy Company),Global Manufacturing Head - PureGlow Soaps,Australia,New Zealand,Christchurch,FCT031,Christchurch Soap Plant,LN0091,Line-1,2026-07-02 05:00:00,2026-07-02,5,Night,Lemon Bar Soap,1.27,60.0,25.1,Preventive Maintenance,34.9,76,42,1,41,3.56,97.62,55.26,58.17,94.76,53.81,4.12,14.88,2
PureGlow Soaps International (Fictional Dummy Company),Global Manufacturing Head - PureGlow Soaps,Australia,New Zealand,Christchurch,FCT031,Christchurch Soap Plant,LN0092,Line-2,2026-07-02 05:00:00,2026-07-02,5,Night,Charcoal Bar Soap,1.48,60.0,7.9,Changeover/Setup,52.1,89,63,3,60,4.12,95.24,70.79,86.83,81.7,67.56,6.01,18.2,3
PureGlow Soaps International (Fictional Dummy Company),Global Manufacturing Head - PureGlow Soaps,Australia,New Zealand,Christchurch,FCT031,Christchurch Soap Plant,LN0093,Line-3,2026-07-02 05:00:00,2026-07-02,5,Night,Neem Bar Soap,0.78,60.0,6.4,Power Outage,53.6,47,35,1,34,3.04,97.14,74.47,89.33,83.72,72.65,3.6,25.6,1
PureGlow Soaps International (Fictional Dummy Company),Global Manufacturing Head - PureGlow Soaps,Australia,New Zealand,Christchurch,FCT031,Christchurch Soap Plant,LN0091,Line-1,2026-07-02 06:00:00,2026-07-02,6,Morning,Lemon Bar Soap,1.27,60.0,17.8,Power Outage,42.2,76,49,3,46,5.45,93.88,64.47,70.33,91.43,60.37,5.25,19.07,1
PureGlow Soaps International (Fictional Dummy Company),Global Manufacturing Head - PureGlow Soaps,Australia,New Zealand,Christchurch,FCT031,Christchurch Soap Plant,LN0092,Line-2,2026-07-02 06:00:00,2026-07-02,6,Morning,Charcoal Bar Soap,1.48,60.0,3.4,No Downtime,56.6,89,67,2,65,3.31,97.01,75.28,94.33,79.98,73.19,6.4,20.38,2
PureGlow Soaps International (Fictional Dummy Company),Global Manufacturing Head - PureGlow Soaps,Australia,New Zealand,Christchurch,FCT031,Christchurch Soap Plant,LN0093,Line-3,2026-07-02 06:00:00,2026-07-02,6,Morning,Neem Bar Soap,0.78,60.0,0.9,No Downtime,59.1,47,43,1,42,1.22,97.67,91.49,98.5,93.28,89.74,4.22,30.41,1
PureGlow Soaps International (Fictional Dummy Company),Global Manufacturing Head - PureGlow Soaps,Australia,New Zealand,Christchurch,FCT031,Christchurch Soap Plant,LN0091,Line-1,2026-07-02 07:00:00,2026-07-02,7,Morning,Lemon Bar Soap,1.27,60.0,43.6,Machine Breakdown,16.4,76,18,1,17,4.79,94.44,23.68,27.33,86.42,22.31,1.71,7.94,2
PureGlow Soaps International (Fictional Dummy Company),Global Manufacturing Head - PureGlow Soaps,Australia,New Zealand,Christchurch,FCT031,Christchurch Soap Plant,LN0092,Line-2,2026-07-02 07:00:00,2026-07-02,7,Morning,Charcoal Bar Soap,1.48,60.0,31.9,Machine Breakdown,28.1,89,37,1,36,2.97,97.3,41.57,46.83,88.97,40.54,3.56,10.12,3
PureGlow Soaps International (Fictional Dummy Company),Global Manufacturing Head - PureGlow Soaps,Australia,New Zealand,Christchurch,FCT031,Christchurch Soap Plant,LN0093,Line-3,2026-07-02 07:00:00,2026-07-02,7,Morning,Neem Bar Soap,0.78,60.0,39.5,Preventive Maintenance,20.5,47,14,0,14,2.44,100.0,29.79,34.17,87.55,29.92,1.48,11.39,1
PureGlow Soaps International (Fictional Dummy Company),Global Manufacturing Head - PureGlow Soaps,Australia,New Zealand,Christchurch,FCT031,Christchurch Soap Plant,LN0091,Line-1,2026-07-02 08:00:00,2026-07-02,8,Morning,Lemon Bar Soap,1.27,60.0,16.1,Material Shortage,43.9,76,49,3,46,5.29,93.88,64.47,73.17,87.89,60.37,4.67,21.93,3
PureGlow Soaps International (Fictional Dummy Company),Global Manufacturing Head - PureGlow Soaps,Australia,New Zealand,Christchurch,FCT031,Christchurch Soap Plant,LN0092,Line-2,2026-07-02 08:00:00,2026-07-02,8,Morning,Charcoal Bar Soap,1.48,60.0,35.4,Machine Breakdown,24.6,89,36,2,34,5.47,94.44,40.45,41.0,98.88,38.29,3.81,9.76,1
PureGlow Soaps International (Fictional Dummy Company),Global Manufacturing Head - PureGlow Soaps,Australia,New Zealand,Christchurch,FCT031,Christchurch Soap Plant,LN0093,Line-3,2026-07-02 08:00:00,2026-07-02,8,Morning,Neem Bar Soap,0.78,60.0,8.5,Staff Shortage,51.5,47,33,1,32,3.9,96.97,70.21,85.83,82.15,68.37,2.92,27.4,1
PureGlow Soaps International (Fictional Dummy Company),Global Manufacturing Head - PureGlow Soaps,Australia,New Zealand,Christchurch,FCT031,Christchurch Soap Plant,LN0091,Line-1,2026-07-02 09:00:00,2026-07-02,9,Morning,Lemon Bar Soap,1.27,60.0,1.7,No Downtime,58.3,76,65,1,64,1.75,98.46,85.53,97.17,87.79,83.99,5.7,27.59,3
PureGlow Soaps International (Fictional Dummy Company),Global Manufacturing Head - PureGlow Soaps,Australia,New Zealand,Christchurch,FCT031,Christchurch Soap Plant,LN0092,Line-2,2026-07-02 09:00:00,2026-07-02,9,Morning,Charcoal Bar Soap,1.48,60.0,9.3,Changeover/Setup,50.7,89,76,2,74,2.22,97.37,85.39,84.5,101.28,83.33,7.07,17.43,3
PureGlow Soaps International (Fictional Dummy Company),Global Manufacturing Head - PureGlow Soaps,Australia,New Zealand,Christchurch,FCT031,Christchurch Soap Plant,LN0093,Line-3,2026-07-02 09:00:00,2026-07-02,9,Morning,Neem Bar Soap,0.78,60.0,34.6,Material Shortage,25.4,47,16,0,16,2.57,100.0,34.04,42.33,80.76,34.19,1.66,14.61,1
PureGlow Soaps International (Fictional Dummy Company),Global Manufacturing Head - PureGlow Soaps,Australia,New Zealand,Christchurch,FCT031,Christchurch Soap Plant,LN0091,Line-1,2026-07-02 10:00:00,2026-07-02,10,Morning,Lemon Bar Soap,1.27,60.0,8.3,Quality Hold,51.7,76,65,5,60,8.27,92.31,85.53,86.17,99.0,78.75,6.74,22.07,1
PureGlow Soaps International (Fictional Dummy Company),Global Manufacturing Head - PureGlow Soaps,Australia,New Zealand,Christchurch,FCT031,Christchurch Soap Plant,LN0092,Line-2,2026-07-02 10:00:00,2026-07-02,10,Morning,Charcoal Bar Soap,1.48,60.0,16.9,Changeover/Setup,43.1,89,62,2,60,2.77,96.77,69.66,71.83,97.2,67.56,5.52,15.79,2
PureGlow Soaps International (Fictional Dummy Company),Global Manufacturing Head - PureGlow Soaps,Australia,New Zealand,Christchurch,FCT031,Christchurch Soap Plant,LN0093,Line-3,2026-07-02 10:00:00,2026-07-02,10,Morning,Neem Bar Soap,0.78,60.0,5.9,Changeover/Setup,54.1,47,35,1,34,3.62,97.14,74.47,90.17,82.94,72.65,3.48,27.31,3
PureGlow Soaps International (Fictional Dummy Company),Global Manufacturing Head - PureGlow Soaps,Australia,New Zealand,Christchurch,FCT031,Christchurch Soap Plant,LN0091,Line-1,2026-07-02 11:00:00,2026-07-02,11,Morning,Lemon Bar Soap,1.27,60.0,10.9,Changeover/Setup,49.1,76,64,2,62,3.47,96.88,84.21,81.83,102.63,81.36,6.16,24.62,2
PureGlow Soaps International (Fictional Dummy Company),Global Manufacturing Head - PureGlow Soaps,Australia,New Zealand,Christchurch,FCT031,Christchurch Soap Plant,LN0092,Line-2,2026-07-02 11:00:00,2026-07-02,11,Morning,Charcoal Bar Soap,1.48,60.0,18.2,Changeover/Setup,41.8,89,53,2,51,3.32,96.23,59.55,69.67,85.67,57.44,4.71,14.47,1
PureGlow Soaps International (Fictional Dummy Company),Global Manufacturing Head - PureGlow Soaps,Australia,New Zealand,Christchurch,FCT031,Christchurch Soap Plant,LN0093,Line-3,2026-07-02 11:00:00,2026-07-02,11,Morning,Neem Bar Soap,0.78,60.0,3.1,No Downtime,56.9,47,42,2,40,4.66,95.24,89.36,94.83,94.63,85.47,4.44,30.45,1
PureGlow Soaps International (Fictional Dummy Company),Global Manufacturing Head - PureGlow Soaps,Australia,New Zealand,Christchurch,FCT031,Christchurch Soap Plant,LN0091,Line-1,2026-07-02 12:00:00,2026-07-02,12,Morning,Lemon Bar Soap,1.27,60.0,16.6,Material Shortage,43.4,76,57,2,55,3.29,96.49,75.0,72.33,103.41,72.17,5.66,21.96,2
PureGlow Soaps International (Fictional Dummy Company),Global Manufacturing Head - PureGlow Soaps,Australia,New Zealand,Christchurch,FCT031,Christchurch Soap Plant,LN0092,Line-2,2026-07-02 12:00:00,2026-07-02,12,Morning,Charcoal Bar Soap,1.48,60.0,10.7,Quality Hold,49.3,89,66,5,61,8.05,92.42,74.16,82.17,90.46,68.7,5.72,19.03,1
PureGlow Soaps International (Fictional Dummy Company),Global Manufacturing Head - PureGlow Soaps,Australia,New Zealand,Christchurch,FCT031,Christchurch Soap Plant,LN0093,Line-3,2026-07-02 12:00:00,2026-07-02,12,Morning,Neem Bar Soap,0.78,60.0,12.8,Changeover/Setup,47.2,47,37,2,35,4.68,94.59,78.72,78.67,100.5,74.79,3.17,27.15,1
PureGlow Soaps International (Fictional Dummy Company),Global Manufacturing Head - PureGlow Soaps,Australia,New Zealand,Christchurch,FCT031,Christchurch Soap Plant,LN0091,Line-1,2026-07-02 13:00:00,2026-07-02,13,Morning,Lemon Bar Soap,1.27,60.0,3.0,No Downtime,57.0,76,62,2,60,2.8,96.77,81.58,95.0,85.65,78.74,5.37,25.33,1
PureGlow Soaps International (Fictional Dummy Company),Global Manufacturing Head - PureGlow Soaps,Australia,New Zealand,Christchurch,FCT031,Christchurch Soap Plant,LN0092,Line-2,2026-07-02 13:00:00,2026-07-02,13,Morning,Charcoal Bar Soap,1.48,60.0,15.8,Machine Breakdown,44.2,89,61,1,60,2.07,98.36,68.54,73.67,93.25,67.57,5.93,16.34,2
PureGlow Soaps International (Fictional Dummy Company),Global Manufacturing Head - PureGlow Soaps,Australia,New Zealand,Christchurch,FCT031,Christchurch Soap Plant,LN0093,Line-3,2026-07-02 13:00:00,2026-07-02,13,Morning,Neem Bar Soap,0.78,60.0,25.3,Material Shortage,34.7,47,28,1,27,2.45,96.43,59.57,57.83,103.45,57.69,2.5,17.9,1
PureGlow Soaps International (Fictional Dummy Company),Global Manufacturing Head - PureGlow Soaps,Australia,New Zealand,Christchurch,FCT031,Christchurch Soap Plant,LN0091,Line-1,2026-07-02 14:00:00,2026-07-02,14,Afternoon,Lemon Bar Soap,1.27,60.0,21.5,Staff Shortage,38.5,76,41,2,39,3.81,95.12,53.95,64.17,83.85,51.18,3.85,16.97,1
PureGlow Soaps International (Fictional Dummy Company),Global Manufacturing Head - PureGlow Soaps,Australia,New Zealand,Christchurch,FCT031,Christchurch Soap Plant,LN0092,Line-2,2026-07-02 14:00:00,2026-07-02,14,Afternoon,Charcoal Bar Soap,1.48,60.0,22.5,Staff Shortage,37.5,89,52,2,50,3.54,96.15,58.43,62.5,93.69,56.3,4.64,13.22,3
PureGlow Soaps International (Fictional Dummy Company),Global Manufacturing Head - PureGlow Soaps,Australia,New Zealand,Christchurch,FCT031,Christchurch Soap Plant,LN0093,Line-3,2026-07-02 14:00:00,2026-07-02,14,Afternoon,Neem Bar Soap,0.78,60.0,0.2,No Downtime,59.8,47,40,1,39,2.45,97.5,85.11,99.67,85.76,83.34,3.57,32.76,2
PureGlow Soaps International (Fictional Dummy Company),Global Manufacturing Head - PureGlow Soaps,Australia,New Zealand,Christchurch,FCT031,Christchurch Soap Plant,LN0091,Line-1,2026-07-02 15:00:00,2026-07-02,15,Afternoon,Lemon Bar Soap,1.27,60.0,20.1,Machine Breakdown,39.9,76,50,0,50,0.94,100.0,65.79,66.5,98.67,65.62,5.47,17.98,3
PureGlow Soaps International (Fictional Dummy Company),Global Manufacturing Head - PureGlow Soaps,Australia,New Zealand,Christchurch,FCT031,Christchurch Soap Plant,LN0092,Line-2,2026-07-02 15:00:00,2026-07-02,15,Afternoon,Charcoal Bar Soap,1.48,60.0,11.0,Changeover/Setup,49.0,89,71,3,68,4.41,95.77,79.78,81.67,97.9,76.57,6.13,19.31,1
PureGlow Soaps International (Fictional Dummy Company),Global Manufacturing Head - PureGlow Soaps,Australia,New Zealand,Christchurch,FCT031,Christchurch Soap Plant,LN0093,Line-3,2026-07-02 15:00:00,2026-07-02,15,Afternoon,Neem Bar Soap,0.78,60.0,40.0,Machine Breakdown,20.0,47,15,0,15,2.16,100.0,31.91,33.33,96.15,32.05,1.52,11.26,3
PureGlow Soaps International (Fictional Dummy Company),Global Manufacturing Head - PureGlow Soaps,Australia,New Zealand,Christchurch,FCT031,Christchurch Soap Plant,LN0091,Line-1,2026-07-02 16:00:00,2026-07-02,16,Afternoon,Lemon Bar Soap,1.27,60.0,11.0,Machine Breakdown,49.0,76,55,1,54,2.68,98.18,72.37,81.67,88.38,70.87,4.94,22.04,1
PureGlow Soaps International (Fictional Dummy Company),Global Manufacturing Head - PureGlow Soaps,Australia,New Zealand,Christchurch,FCT031,Christchurch Soap Plant,LN0092,Line-2,2026-07-02 16:00:00,2026-07-02,16,Afternoon,Charcoal Bar Soap,1.48,60.0,1.3,No Downtime,58.7,89,85,3,82,2.97,96.47,95.51,97.83,97.84,92.34,7.43,19.43,2
PureGlow Soaps International (Fictional Dummy Company),Global Manufacturing Head - PureGlow Soaps,Australia,New Zealand,Christchurch,FCT031,Christchurch Soap Plant,LN0093,Line-3,2026-07-02 16:00:00,2026-07-02,16,Afternoon,Neem Bar Soap,0.78,60.0,14.8,Changeover/Setup,45.2,47,32,1,31,2.21,96.88,68.09,75.33,90.76,66.24,3.12,25.22,3
PureGlow Soaps International (Fictional Dummy Company),Global Manufacturing Head - PureGlow Soaps,Australia,New Zealand,Christchurch,FCT031,Christchurch Soap Plant,LN0091,Line-1,2026-07-02 17:00:00,2026-07-02,17,Afternoon,Lemon Bar Soap,1.27,60.0,9.0,Power Outage,51.0,76,55,2,53,3.05,96.36,72.37,85.0,84.92,69.55,4.77,23.7,3
PureGlow Soaps International (Fictional Dummy Company),Global Manufacturing Head - PureGlow Soaps,Australia,New Zealand,Christchurch,FCT031,Christchurch Soap Plant,LN0092,Line-2,2026-07-02 17:00:00,2026-07-02,17,Afternoon,Charcoal Bar Soap,1.48,60.0,13.5,Machine Breakdown,46.5,89,62,3,59,5.0,95.16,69.66,77.5,90.09,66.44,5.39,17.22,1
PureGlow Soaps International (Fictional Dummy Company),Global Manufacturing Head - PureGlow Soaps,Australia,New Zealand,Christchurch,FCT031,Christchurch Soap Plant,LN0093,Line-3,2026-07-02 17:00:00,2026-07-02,17,Afternoon,Neem Bar Soap,0.78,60.0,0.4,No Downtime,59.6,47,46,1,45,2.87,97.83,97.87,99.33,98.95,96.15,4.1,29.04,1
PureGlow Soaps International (Fictional Dummy Company),Global Manufacturing Head - PureGlow Soaps,Australia,New Zealand,Christchurch,FCT031,Christchurch Soap Plant,LN0091,Line-1,2026-07-02 18:00:00,2026-07-02,18,Afternoon,Lemon Bar Soap,1.27,60.0,12.2,Changeover/Setup,47.8,76,55,2,53,3.34,96.36,72.37,79.67,90.6,69.55,5.93,22.3,2
PureGlow Soaps International (Fictional Dummy Company),Global Manufacturing Head - PureGlow Soaps,Australia,New Zealand,Christchurch,FCT031,Christchurch Soap Plant,LN0092,Line-2,2026-07-02 18:00:00,2026-07-02,18,Afternoon,Charcoal Bar Soap,1.48,60.0,18.5,Material Shortage,41.5,89,62,2,60,3.27,96.77,69.66,69.17,100.94,67.57,5.7,13.63,3
PureGlow Soaps International (Fictional Dummy Company),Global Manufacturing Head - PureGlow Soaps,Australia,New Zealand,Christchurch,FCT031,Christchurch Soap Plant,LN0093,Line-3,2026-07-02 18:00:00,2026-07-02,18,Afternoon,Neem Bar Soap,0.78,60.0,42.8,Machine Breakdown,17.2,47,11,1,10,5.19,90.91,23.4,28.67,81.99,21.37,1.1,9.84,3
PureGlow Soaps International (Fictional Dummy Company),Global Manufacturing Head - PureGlow Soaps,Australia,New Zealand,Christchurch,FCT031,Christchurch Soap Plant,LN0091,Line-1,2026-07-02 19:00:00,2026-07-02,19,Afternoon,Lemon Bar Soap,1.27,60.0,6.5,Changeover/Setup,53.5,76,61,2,59,4.09,96.72,80.26,89.17,89.78,77.43,6.29,22.3,2
PureGlow Soaps International (Fictional Dummy Company),Global Manufacturing Head - PureGlow Soaps,Australia,New Zealand,Christchurch,FCT031,Christchurch Soap Plant,LN0092,Line-2,2026-07-02 19:00:00,2026-07-02,19,Afternoon,Charcoal Bar Soap,1.48,60.0,27.1,Preventive Maintenance,32.9,89,45,1,44,1.27,97.78,50.56,54.83,92.42,49.55,4.19,12.25,1
PureGlow Soaps International (Fictional Dummy Company),Global Manufacturing Head - PureGlow Soaps,Australia,New Zealand,Christchurch,FCT031,Christchurch Soap Plant,LN0093,Line-3,2026-07-02 19:00:00,2026-07-02,19,Afternoon,Neem Bar Soap,0.78,60.0,18.2,Material Shortage,41.8,47,31,1,30,3.8,96.77,65.96,69.67,95.08,64.1,2.81,20.03,1
PureGlow Soaps International (Fictional Dummy Company),Global Manufacturing Head - PureGlow Soaps,Australia,New Zealand,Christchurch,FCT031,Christchurch Soap Plant,LN0091,Line-1,2026-07-02 20:00:00,2026-07-02,20,Afternoon,Lemon Bar Soap,1.27,60.0,2.9,No Downtime,57.1,76,62,2,60,3.43,96.77,81.58,95.17,85.5,78.74,5.55,27.56,2
PureGlow Soaps International (Fictional Dummy Company),Global Manufacturing Head - PureGlow Soaps,Australia,New Zealand,Christchurch,FCT031,Christchurch Soap Plant,LN0092,Line-2,2026-07-02 20:00:00,2026-07-02,20,Afternoon,Charcoal Bar Soap,1.48,60.0,32.7,Material Shortage,27.3,89,34,1,33,3.71,97.06,38.2,45.5,84.15,37.16,3.48,10.59,3
PureGlow Soaps International (Fictional Dummy Company),Global Manufacturing Head - PureGlow Soaps,Australia,New Zealand,Christchurch,FCT031,Christchurch Soap Plant,LN0093,Line-3,2026-07-02 20:00:00,2026-07-02,20,Afternoon,Neem Bar Soap,0.78,60.0,3.5,No Downtime,56.5,47,41,1,40,2.22,97.56,87.23,94.17,93.03,85.47,4.36,32.25,1
PureGlow Soaps International (Fictional Dummy Company),Global Manufacturing Head - PureGlow Soaps,Australia,New Zealand,Christchurch,FCT031,Christchurch Soap Plant,LN0091,Line-1,2026-07-02 21:00:00,2026-07-02,21,Afternoon,Lemon Bar Soap,1.27,60.0,24.2,Material Shortage,35.8,76,41,0,41,0.47,100.0,53.95,59.67,90.18,53.81,3.94,15.69,1
PureGlow Soaps International (Fictional Dummy Company),Global Manufacturing Head - PureGlow Soaps,Australia,New Zealand,Christchurch,FCT031,Christchurch Soap Plant,LN0092,Line-2,2026-07-02 21:00:00,2026-07-02,21,Afternoon,Charcoal Bar Soap,1.48,60.0,3.9,No Downtime,56.1,89,82,1,81,1.48,98.78,92.13,93.5,98.76,91.21,8.92,19.54,1
PureGlow Soaps International (Fictional Dummy Company),Global Manufacturing Head - PureGlow Soaps,Australia,New Zealand,Christchurch,FCT031,Christchurch Soap Plant,LN0093,Line-3,2026-07-02 21:00:00,2026-07-02,21,Afternoon,Neem Bar Soap,0.78,60.0,3.9,No Downtime,56.1,47,41,2,39,4.54,95.12,87.23,93.5,93.7,83.33,3.92,28.36,3
PureGlow Soaps International (Fictional Dummy Company),Global Manufacturing Head - PureGlow Soaps,Australia,New Zealand,Christchurch,FCT031,Christchurch Soap Plant,LN0091,Line-1,2026-07-02 22:00:00,2026-07-02,22,Night,Lemon Bar Soap,1.27,60.0,33.9,Material Shortage,26.1,76,31,1,30,4.18,96.77,40.79,43.5,93.52,39.37,2.84,12.9,3
PureGlow Soaps International (Fictional Dummy Company),Global Manufacturing Head - PureGlow Soaps,Australia,New Zealand,Christchurch,FCT031,Christchurch Soap Plant,LN0092,Line-2,2026-07-02 22:00:00,2026-07-02,22,Night,Charcoal Bar Soap,1.48,60.0,9.3,Quality Hold,50.7,89,75,6,69,8.59,92.0,84.27,84.5,99.95,77.7,7.88,16.84,3
PureGlow Soaps International (Fictional Dummy Company),Global Manufacturing Head - PureGlow Soaps,Australia,New Zealand,Christchurch,FCT031,Christchurch Soap Plant,LN0093,Line-3,2026-07-02 22:00:00,2026-07-02,22,Night,Neem Bar Soap,0.78,60.0,1.3,No Downtime,58.7,47,41,2,39,3.72,95.12,87.23,97.83,89.55,83.33,3.86,31.92,2
PureGlow Soaps International (Fictional Dummy Company),Global Manufacturing Head - PureGlow Soaps,Australia,New Zealand,Christchurch,FCT031,Christchurch Soap Plant,LN0091,Line-1,2026-07-02 23:00:00,2026-07-02,23,Night,Lemon Bar Soap,1.27,60.0,15.7,Power Outage,44.3,76,47,1,46,2.8,97.87,61.84,73.83,83.54,60.36,4.97,21.91,2
PureGlow Soaps International (Fictional Dummy Company),Global Manufacturing Head - PureGlow Soaps,Australia,New Zealand,Christchurch,FCT031,Christchurch Soap Plant,LN0092,Line-2,2026-07-02 23:00:00,2026-07-02,23,Night,Charcoal Bar Soap,1.48,60.0,1.9,No Downtime,58.1,89,74,4,70,4.97,94.59,83.15,96.83,86.06,78.82,6.44,21.52,3
PureGlow Soaps International (Fictional Dummy Company),Global Manufacturing Head - PureGlow Soaps,Australia,New Zealand,Christchurch,FCT031,Christchurch Soap Plant,LN0093,Line-3,2026-07-02 23:00:00,2026-07-02,23,Night,Neem Bar Soap,0.78,60.0,16.7,Material Shortage,43.3,47,29,0,29,1.72,100.0,61.7,72.17,85.86,61.97,2.65,22.61,3
PureGlow Soaps International (Fictional Dummy Company),Global Manufacturing Head - PureGlow Soaps,Australia,New Zealand,Christchurch,FCT031,Christchurch Soap Plant,LN0091,Line-1,2026-07-03 00:00:00,2026-07-03,0,Night,Aloe Vera Liquid Soap,1.27,60.0,24.3,Staff Shortage,35.7,76,42,1,41,2.35,97.62,55.26,59.5,92.64,53.81,4.28,17.31,3
PureGlow Soaps International (Fictional Dummy Company),Global Manufacturing Head - PureGlow Soaps,Australia,New Zealand,Christchurch,FCT031,Christchurch Soap Plant,LN0092,Line-2,2026-07-03 00:00:00,2026-07-03,0,Night,Sandalwood Bar Soap,1.48,60.0,10.9,Machine Breakdown,49.1,89,60,2,58,2.92,96.67,67.42,81.83,82.57,65.32,6.3,19.21,2
PureGlow Soaps International (Fictional Dummy Company),Global Manufacturing Head - PureGlow Soaps,Australia,New Zealand,Christchurch,FCT031,Christchurch Soap Plant,LN0093,Line-3,2026-07-03 00:00:00,2026-07-03,0,Night,Coconut Bar Soap,0.78,60.0,29.9,Material Shortage,30.1,47,19,1,18,2.64,94.74,40.43,50.17,80.93,38.47,2.01,16.69,1
PureGlow Soaps International (Fictional Dummy Company),Global Manufacturing Head - PureGlow Soaps,Australia,New Zealand,Christchurch,FCT031,Christchurch Soap Plant,LN0091,Line-1,2026-07-03 01:00:00,2026-07-03,1,Night,Aloe Vera Liquid Soap,1.27,60.0,7.6,Staff Shortage,52.4,76,56,2,54,2.84,96.43,73.68,87.33,84.15,70.86,4.9,26.41,1
PureGlow Soaps International (Fictional Dummy Company),Global Manufacturing Head - PureGlow Soaps,Australia,New Zealand,Christchurch,FCT031,Christchurch Soap Plant,LN0092,Line-2,2026-07-03 01:00:00,2026-07-03,1,Night,Sandalwood Bar Soap,1.48,60.0,24.7,Material Shortage,35.3,89,49,2,47,3.2,95.92,55.06,58.83,93.79,52.93,4.52,12.4,1
PureGlow Soaps International (Fictional Dummy Company),Global Manufacturing Head - PureGlow Soaps,Australia,New Zealand,Christchurch,FCT031,Christchurch Soap Plant,LN0093,Line-3,2026-07-03 01:00:00,2026-07-03,1,Night,Coconut Bar Soap,0.78,60.0,3.5,No Downtime,56.5,47,37,2,35,4.59,94.59,78.72,94.17,83.96,74.79,3.79,30.6,3
PureGlow Soaps International (Fictional Dummy Company),Global Manufacturing Head - PureGlow Soaps,Australia,New Zealand,Christchurch,FCT031,Christchurch Soap Plant,LN0091,Line-1,2026-07-03 02:00:00,2026-07-03,2,Night,Aloe Vera Liquid Soap,1.27,60.0,1.2,No Downtime,58.8,76,65,3,62,4.11,95.38,85.53,98.0,87.04,81.36,5.97,27.1,2
PureGlow Soaps International (Fictional Dummy Company),Global Manufacturing Head - PureGlow Soaps,Australia,New Zealand,Christchurch,FCT031,Christchurch Soap Plant,LN0092,Line-2,2026-07-03 02:00:00,2026-07-03,2,Night,Sandalwood Bar Soap,1.48,60.0,2.0,No Downtime,58.0,89,73,3,70,4.22,95.89,82.02,96.67,85.04,78.83,7.89,19.26,1
PureGlow Soaps International (Fictional Dummy Company),Global Manufacturing Head - PureGlow Soaps,Australia,New Zealand,Christchurch,FCT031,Christchurch Soap Plant,LN0093,Line-3,2026-07-03 02:00:00,2026-07-03,2,Night,Coconut Bar Soap,0.78,60.0,42.4,Machine Breakdown,17.6,47,12,0,12,1.28,100.0,25.53,29.33,87.41,25.64,1.2,8.52,3
PureGlow Soaps International (Fictional Dummy Company),Global Manufacturing Head - PureGlow Soaps,Australia,New Zealand,Christchurch,FCT031,Christchurch Soap Plant,LN0091,Line-1,2026-07-03 03:00:00,2026-07-03,3,Night,Aloe Vera Liquid Soap,1.27,60.0,0.4,No Downtime,59.6,76,67,3,64,4.09,95.52,88.16,99.33,88.52,83.99,6.35,26.26,3
PureGlow Soaps International (Fictional Dummy Company),Global Manufacturing Head - PureGlow Soaps,Australia,New Zealand,Christchurch,FCT031,Christchurch Soap Plant,LN0092,Line-2,2026-07-03 03:00:00,2026-07-03,3,Night,Sandalwood Bar Soap,1.48,60.0,14.0,Changeover/Setup,46.0,89,69,2,67,2.52,97.1,77.53,76.67,101.35,75.45,7.01,17.99,2
PureGlow Soaps International (Fictional Dummy Company),Global Manufacturing Head - PureGlow Soaps,Australia,New Zealand,Christchurch,FCT031,Christchurch Soap Plant,LN0093,Line-3,2026-07-03 03:00:00,2026-07-03,3,Night,Coconut Bar Soap,0.78,60.0,3.5,No Downtime,56.5,47,42,2,40,4.8,95.24,89.36,94.17,95.3,85.47,3.8,30.59,1
PureGlow Soaps International (Fictional Dummy Company),Global Manufacturing Head - PureGlow Soaps,Australia,New Zealand,Christchurch,FCT031,Christchurch Soap Plant,LN0091,Line-1,2026-07-03 04:00:00,2026-07-03,4,Night,Aloe Vera Liquid Soap,1.27,60.0,7.6,Changeover/Setup,52.4,76,68,2,66,3.66,97.06,89.47,87.33,102.18,86.61,7.43,24.66,2
PureGlow Soaps International (Fictional Dummy Company),Global Manufacturing Head - PureGlow Soaps,Australia,New Zealand,Christchurch,FCT031,Christchurch Soap Plant,LN0092,Line-2,2026-07-03 04:00:00,2026-07-03,4,Night,Sandalwood Bar Soap,1.48,60.0,12.4,Changeover/Setup,47.6,89,69,2,67,3.49,97.1,77.53,79.33,97.94,75.44,6.76,17.93,2
PureGlow Soaps International (Fictional Dummy Company),Global Manufacturing Head - PureGlow Soaps,Australia,New Zealand,Christchurch,FCT031,Christchurch Soap Plant,LN0093,Line-3,2026-07-03 04:00:00,2026-07-03,4,Night,Coconut Bar Soap,0.78,60.0,3.5,No Downtime,56.5,47,43,2,41,3.74,95.35,91.49,94.17,97.57,87.61,3.74,28.66,3
PureGlow Soaps International (Fictional Dummy Company),Global Manufacturing Head - PureGlow Soaps,Australia,New Zealand,Christchurch,FCT031,Christchurch Soap Plant,LN0091,Line-1,2026-07-03 05:00:00,2026-07-03,5,Night,Aloe Vera Liquid Soap,1.27,60.0,3.4,No Downtime,56.6,76,66,1,65,1.37,98.48,86.84,94.33,91.82,85.3,6.04,25.31,3
PureGlow Soaps International (Fictional Dummy Company),Global Manufacturing Head - PureGlow Soaps,Australia,New Zealand,Christchurch,FCT031,Christchurch Soap Plant,LN0092,Line-2,2026-07-03 05:00:00,2026-07-03,5,Night,Sandalwood Bar Soap,1.48,60.0,18.3,Changeover/Setup,41.7,89,63,3,60,4.27,95.24,70.79,69.5,102.08,67.57,6.78,14.55,1
PureGlow Soaps International (Fictional Dummy Company),Global Manufacturing Head - PureGlow Soaps,Australia,New Zealand,Christchurch,FCT031,Christchurch Soap Plant,LN0093,Line-3,2026-07-03 05:00:00,2026-07-03,5,Night,Coconut Bar Soap,0.78,60.0,14.6,Machine Breakdown,45.4,47,30,1,29,3.52,96.67,63.83,75.67,84.72,61.97,3.24,24.66,1
PureGlow Soaps International (Fictional Dummy Company),Global Manufacturing Head - PureGlow Soaps,Australia,New Zealand,Christchurch,FCT031,Christchurch Soap Plant,LN0091,Line-1,2026-07-03 06:00:00,2026-07-03,6,Morning,Aloe Vera Liquid Soap,1.27,60.0,1.9,No Downtime,58.1,76,61,1,60,1.15,98.36,80.26,96.83,82.67,78.74,6.37,28.77,1
PureGlow Soaps International (Fictional Dummy Company),Global Manufacturing Head - PureGlow Soaps,Australia,New Zealand,Christchurch,FCT031,Christchurch Soap Plant,LN0092,Line-2,2026-07-03 06:00:00,2026-07-03,6,Morning,Sandalwood Bar Soap,1.48,60.0,2.9,No Downtime,57.1,89,82,3,79,4.16,96.34,92.13,95.17,97.03,88.96,8.05,19.76,3
PureGlow Soaps International (Fictional Dummy Company),Global Manufacturing Head - PureGlow Soaps,Australia,New Zealand,Christchurch,FCT031,Christchurch Soap Plant,LN0093,Line-3,2026-07-03 06:00:00,2026-07-03,6,Morning,Coconut Bar Soap,0.78,60.0,0.4,No Downtime,59.6,47,40,2,38,5.88,95.0,85.11,99.33,86.04,81.19,4.14,32.45,1
PureGlow Soaps International (Fictional Dummy Company),Global Manufacturing Head - PureGlow Soaps,Australia,New Zealand,Christchurch,FCT031,Christchurch Soap Plant,LN0091,Line-1,2026-07-03 07:00:00,2026-07-03,7,Morning,Aloe Vera Liquid Soap,1.27,60.0,10.8,Changeover/Setup,49.2,76,56,1,55,2.04,98.21,73.68,82.0,89.62,72.17,5.51,20.47,2
PureGlow Soaps International (Fictional Dummy Company),Global Manufacturing Head - PureGlow Soaps,Australia,New Zealand,Christchurch,FCT031,Christchurch Soap Plant,LN0092,Line-2,2026-07-03 07:00:00,2026-07-03,7,Morning,Sandalwood Bar Soap,1.48,60.0,42.7,Machine Breakdown,17.3,89,23,0,23,0.0,100.0,25.84,28.83,89.83,25.9,2.34,6.62,3
PureGlow Soaps International (Fictional Dummy Company),Global Manufacturing Head - PureGlow Soaps,Australia,New Zealand,Christchurch,FCT031,Christchurch Soap Plant,LN0093,Line-3,2026-07-03 07:00:00,2026-07-03,7,Morning,Coconut Bar Soap,0.78,60.0,9.9,Quality Hold,50.1,47,39,3,36,7.13,92.31,82.98,83.5,99.8,76.92,3.75,28.14,1
PureGlow Soaps International (Fictional Dummy Company),Global Manufacturing Head - PureGlow Soaps,Australia,New Zealand,Christchurch,FCT031,Christchurch Soap Plant,LN0091,Line-1,2026-07-03 08:00:00,2026-07-03,8,Morning,Aloe Vera Liquid Soap,1.27,60.0,13.5,Material Shortage,46.5,76,59,3,56,5.0,94.92,77.63,77.5,99.91,73.5,6.11,20.31,2
PureGlow Soaps International (Fictional Dummy Company),Global Manufacturing Head - PureGlow Soaps,Australia,New Zealand,Christchurch,FCT031,Christchurch Soap Plant,LN0092,Line-2,2026-07-03 08:00:00,2026-07-03,8,Morning,Sandalwood Bar Soap,1.48,60.0,0.2,No Downtime,59.8,89,83,1,82,1.77,98.8,93.26,99.67,93.78,92.35,8.08,20.14,3
PureGlow Soaps International (Fictional Dummy Company),Global Manufacturing Head - PureGlow Soaps,Australia,New Zealand,Christchurch,FCT031,Christchurch Soap Plant,LN0093,Line-3,2026-07-03 08:00:00,2026-07-03,8,Morning,Coconut Bar Soap,0.78,60.0,1.8,No Downtime,58.2,47,44,2,42,3.49,95.45,93.62,97.0,96.92,89.73,4.71,30.32,1
PureGlow Soaps International (Fictional Dummy Company),Global Manufacturing Head - PureGlow Soaps,Australia,New Zealand,Christchurch,FCT031,Christchurch Soap Plant,LN0091,Line-1,2026-07-03 09:00:00,2026-07-03,9,Morning,Aloe Vera Liquid Soap,1.27,60.0,3.7,No Downtime,56.3,76,61,1,60,2.37,98.36,80.26,93.83,85.31,78.73,5.69,23.96,3
PureGlow Soaps International (Fictional Dummy Company),Global Manufacturing Head - PureGlow Soaps,Australia,New Zealand,Christchurch,FCT031,Christchurch Soap Plant,LN0092,Line-2,2026-07-03 09:00:00,2026-07-03,9,Morning,Sandalwood Bar Soap,1.48,60.0,30.6,Material Shortage,29.4,89,42,1,41,3.0,97.62,47.19,49.0,96.53,46.17,3.93,11.47,2
PureGlow Soaps International (Fictional Dummy Company),Global Manufacturing Head - PureGlow Soaps,Australia,New Zealand,Christchurch,FCT031,Christchurch Soap Plant,LN0093,Line-3,2026-07-03 09:00:00,2026-07-03,9,Morning,Coconut Bar Soap,0.78,60.0,28.3,Material Shortage,31.7,47,24,1,23,2.9,95.83,51.06,52.83,97.06,49.14,2.63,16.58,2
PureGlow Soaps International (Fictional Dummy Company),Global Manufacturing Head - PureGlow Soaps,Australia,New Zealand,Christchurch,FCT031,Christchurch Soap Plant,LN0091,Line-1,2026-07-03 10:00:00,2026-07-03,10,Morning,Aloe Vera Liquid Soap,1.27,60.0,31.7,Preventive Maintenance,28.3,76,29,1,28,2.82,96.55,38.16,47.17,80.69,36.75,3.13,12.95,3
PureGlow Soaps International (Fictional Dummy Company),Global Manufacturing Head - PureGlow Soaps,Australia,New Zealand,Christchurch,FCT031,Christchurch Soap Plant,LN0092,Line-2,2026-07-03 10:00:00,2026-07-03,10,Morning,Sandalwood Bar Soap,1.48,60.0,32.3,Preventive Maintenance,27.7,89,40,1,39,2.87,97.5,44.94,46.17,97.57,43.92,4.37,9.34,2
PureGlow Soaps International (Fictional Dummy Company),Global Manufacturing Head - PureGlow Soaps,Australia,New Zealand,Christchurch,FCT031,Christchurch Soap Plant,LN0093,Line-3,2026-07-03 10:00:00,2026-07-03,10,Morning,Coconut Bar Soap,0.78,60.0,33.1,Preventive Maintenance,26.9,47,20,0,20,1.61,100.0,42.55,44.83,95.32,42.73,1.88,15.34,2
PureGlow Soaps International (Fictional Dummy Company),Global Manufacturing Head - PureGlow Soaps,Australia,New Zealand,Christchurch,FCT031,Christchurch Soap Plant,LN0091,Line-1,2026-07-03 11:00:00,2026-07-03,11,Morning,Aloe Vera Liquid Soap,1.27,60.0,3.5,No Downtime,56.5,76,62,2,60,4.01,96.77,81.58,94.17,86.41,78.74,5.76,25.46,3
PureGlow Soaps International (Fictional Dummy Company),Global Manufacturing Head - PureGlow Soaps,Australia,New Zealand,Christchurch,FCT031,Christchurch Soap Plant,LN0092,Line-2,2026-07-03 11:00:00,2026-07-03,11,Morning,Sandalwood Bar Soap,1.48,60.0,16.8,Staff Shortage,43.2,89,51,1,50,1.67,98.04,57.3,72.0,79.77,56.31,4.9,17.21,2
PureGlow Soaps International (Fictional Dummy Company),Global Manufacturing Head - PureGlow Soaps,Australia,New Zealand,Christchurch,FCT031,Christchurch Soap Plant,LN0093,Line-3,2026-07-03 11:00:00,2026-07-03,11,Morning,Coconut Bar Soap,0.78,60.0,0.1,No Downtime,59.9,47,40,2,38,5.66,95.0,85.11,99.83,85.61,81.19,4.24,30.97,1
PureGlow Soaps International (Fictional Dummy Company),Global Manufacturing Head - PureGlow Soaps,Australia,New Zealand,Christchurch,FCT031,Christchurch Soap Plant,LN0091,Line-1,2026-07-03 12:00:00,2026-07-03,12,Morning,Aloe Vera Liquid Soap,1.27,60.0,19.7,Quality Hold,40.3,76,50,4,46,7.24,92.0,65.79,67.17,97.69,60.37,5.39,17.14,1
PureGlow Soaps International (Fictional Dummy Company),Global Manufacturing Head - PureGlow Soaps,Australia,New Zealand,Christchurch,FCT031,Christchurch Soap Plant,LN0092,Line-2,2026-07-03 12:00:00,2026-07-03,12,Morning,Sandalwood Bar Soap,1.48,60.0,8.1,Power Outage,51.9,89,63,2,61,3.68,96.83,70.79,86.5,82.02,68.7,6.27,18.22,2
PureGlow Soaps International (Fictional Dummy Company),Global Manufacturing Head - PureGlow Soaps,Australia,New Zealand,Christchurch,FCT031,Christchurch Soap Plant,LN0093,Line-3,2026-07-03 12:00:00,2026-07-03,12,Morning,Coconut Bar Soap,0.78,60.0,2.7,No Downtime,57.3,47,36,1,35,3.1,97.22,76.6,95.5,80.55,74.79,3.25,32.73,2
PureGlow Soaps International (Fictional Dummy Company),Global Manufacturing Head - PureGlow Soaps,Australia,New Zealand,Christchurch,FCT031,Christchurch Soap Plant,LN0091,Line-1,2026-07-03 13:00:00,2026-07-03,13,Morning,Aloe Vera Liquid Soap,1.27,60.0,3.1,No Downtime,56.9,76,73,2,71,2.87,97.26,96.05,94.83,101.02,93.17,7.27,27.46,1
PureGlow Soaps International (Fictional Dummy Company),Global Manufacturing Head - PureGlow Soaps,Australia,New Zealand,Christchurch,FCT031,Christchurch Soap Plant,LN0092,Line-2,2026-07-03 13:00:00,2026-07-03,13,Morning,Sandalwood Bar Soap,1.48,60.0,8.3,Changeover/Setup,51.7,89,77,2,75,2.99,97.4,86.52,86.17,100.63,84.46,7.93,18.2,1
PureGlow Soaps International (Fictional Dummy Company),Global Manufacturing Head - PureGlow Soaps,Australia,New Zealand,Christchurch,FCT031,Christchurch Soap Plant,LN0093,Line-3,2026-07-03 13:00:00,2026-07-03,13,Morning,Coconut Bar Soap,0.78,60.0,19.3,Material Shortage,40.7,47,28,2,26,6.04,92.86,59.57,67.83,88.2,55.55,2.76,21.68,3
PureGlow Soaps International (Fictional Dummy Company),Global Manufacturing Head - PureGlow Soaps,Australia,New Zealand,Christchurch,FCT031,Christchurch Soap Plant,LN0091,Line-1,2026-07-03 14:00:00,2026-07-03,14,Afternoon,Aloe Vera Liquid Soap,1.27,60.0,6.7,Changeover/Setup,53.3,76,55,1,54,1.54,98.18,72.37,88.83,81.25,70.86,5.04,26.78,2
PureGlow Soaps International (Fictional Dummy Company),Global Manufacturing Head - PureGlow Soaps,Australia,New Zealand,Christchurch,FCT031,Christchurch Soap Plant,LN0092,Line-2,2026-07-03 14:00:00,2026-07-03,14,Afternoon,Sandalwood Bar Soap,1.48,60.0,39.7,Machine Breakdown,20.3,89,29,1,28,5.08,96.55,32.58,33.83,96.53,31.53,2.66,7.39,1
PureGlow Soaps International (Fictional Dummy Company),Global Manufacturing Head - PureGlow Soaps,Australia,New Zealand,Christchurch,FCT031,Christchurch Soap Plant,LN0093,Line-3,2026-07-03 14:00:00,2026-07-03,14,Afternoon,Coconut Bar Soap,0.78,60.0,3.8,No Downtime,56.2,47,38,1,37,1.9,97.37,80.85,93.67,86.69,79.07,3.77,28.63,1
PureGlow Soaps International (Fictional Dummy Company),Global Manufacturing Head - PureGlow Soaps,Australia,New Zealand,Christchurch,FCT031,Christchurch Soap Plant,LN0091,Line-1,2026-07-03 15:00:00,2026-07-03,15,Afternoon,Aloe Vera Liquid Soap,1.27,60.0,21.7,Power Outage,38.3,76,49,1,48,1.7,97.96,64.47,63.83,100.74,62.99,5.09,18.05,1
PureGlow Soaps International (Fictional Dummy Company),Global Manufacturing Head - PureGlow Soaps,Australia,New Zealand,Christchurch,FCT031,Christchurch Soap Plant,LN0092,Line-2,2026-07-03 15:00:00,2026-07-03,15,Afternoon,Sandalwood Bar Soap,1.48,60.0,6.4,Staff Shortage,53.6,89,81,1,80,1.29,98.77,91.01,89.33,102.11,90.09,8.05,19.94,2
PureGlow Soaps International (Fictional Dummy Company),Global Manufacturing Head - PureGlow Soaps,Australia,New Zealand,Christchurch,FCT031,Christchurch Soap Plant,LN0093,Line-3,2026-07-03 15:00:00,2026-07-03,15,Afternoon,Coconut Bar Soap,0.78,60.0,24.4,Material Shortage,35.6,47,26,1,25,4.56,96.15,55.32,59.33,93.63,53.41,2.78,17.33,1
PureGlow Soaps International (Fictional Dummy Company),Global Manufacturing Head - PureGlow Soaps,Australia,New Zealand,Christchurch,FCT031,Christchurch Soap Plant,LN0091,Line-1,2026-07-03 16:00:00,2026-07-03,16,Afternoon,Aloe Vera Liquid Soap,1.27,60.0,12.4,Staff Shortage,47.6,76,50,1,49,2.61,98.0,65.79,79.33,82.71,64.3,5.34,19.8,3
PureGlow Soaps International (Fictional Dummy Company),Global Manufacturing Head - PureGlow Soaps,Australia,New Zealand,Christchurch,FCT031,Christchurch Soap Plant,LN0092,Line-2,2026-07-03 16:00:00,2026-07-03,16,Afternoon,Sandalwood Bar Soap,1.48,60.0,0.5,No Downtime,59.5,89,72,1,71,1.25,98.61,80.9,99.17,81.76,79.95,6.51,20.14,1
PureGlow Soaps International (Fictional Dummy Company),Global Manufacturing Head - PureGlow Soaps,Australia,New Zealand,Christchurch,FCT031,Christchurch Soap Plant,LN0093,Line-3,2026-07-03 16:00:00,2026-07-03,16,Afternoon,Coconut Bar Soap,0.78,60.0,42.8,Machine Breakdown,17.2,47,11,0,11,1.05,100.0,23.4,28.67,81.99,23.51,0.98,9.46,1
PureGlow Soaps International (Fictional Dummy Company),Global Manufacturing Head - PureGlow Soaps,Australia,New Zealand,Christchurch,FCT031,Christchurch Soap Plant,LN0091,Line-1,2026-07-03 17:00:00,2026-07-03,17,Afternoon,Aloe Vera Liquid Soap,1.27,60.0,13.2,Machine Breakdown,46.8,76,59,2,57,3.9,96.61,77.63,78.0,99.27,74.81,5.9,21.49,3
PureGlow Soaps International (Fictional Dummy Company),Global Manufacturing Head - PureGlow Soaps,Australia,New Zealand,Christchurch,FCT031,Christchurch Soap Plant,LN0092,Line-2,2026-07-03 17:00:00,2026-07-03,17,Afternoon,Sandalwood Bar Soap,1.48,60.0,12.1,Quality Hold,47.9,89,60,6,54,9.92,90.0,67.42,79.83,84.64,60.81,5.42,15.98,1
PureGlow Soaps International (Fictional Dummy Company),Global Manufacturing Head - PureGlow Soaps,Australia,New Zealand,Christchurch,FCT031,Christchurch Soap Plant,LN0093,Line-3,2026-07-03 17:00:00,2026-07-03,17,Afternoon,Coconut Bar Soap,0.78,60.0,38.5,Preventive Maintenance,21.5,47,16,1,15,5.54,93.75,34.04,35.83,95.41,32.05,1.6,12.44,1
PureGlow Soaps International (Fictional Dummy Company),Global Manufacturing Head - PureGlow Soaps,Australia,New Zealand,Christchurch,FCT031,Christchurch Soap Plant,LN0091,Line-1,2026-07-03 18:00:00,2026-07-03,18,Afternoon,Aloe Vera Liquid Soap,1.27,60.0,38.8,Preventive Maintenance,21.2,76,22,1,21,3.42,95.45,28.95,35.33,81.71,27.55,2.3,10.04,1
PureGlow Soaps International (Fictional Dummy Company),Global Manufacturing Head - PureGlow Soaps,Australia,New Zealand,Christchurch,FCT031,Christchurch Soap Plant,LN0092,Line-2,2026-07-03 18:00:00,2026-07-03,18,Afternoon,Sandalwood Bar Soap,1.48,60.0,8.5,Power Outage,51.5,89,77,2,75,3.12,97.4,86.52,85.83,101.02,84.45,8.11,17.54,2
PureGlow Soaps International (Fictional Dummy Company),Global Manufacturing Head - PureGlow Soaps,Australia,New Zealand,Christchurch,FCT031,Christchurch Soap Plant,LN0093,Line-3,2026-07-03 18:00:00,2026-07-03,18,Afternoon,Coconut Bar Soap,0.78,60.0,19.6,Preventive Maintenance,40.4,47,29,1,28,2.99,96.55,61.7,67.33,92.03,59.83,2.86,20.53,2
PureGlow Soaps International (Fictional Dummy Company),Global Manufacturing Head - PureGlow Soaps,Australia,New Zealand,Christchurch,FCT031,Christchurch Soap Plant,LN0091,Line-1,2026-07-03 19:00:00,2026-07-03,19,Afternoon,Aloe Vera Liquid Soap,1.27,60.0,43.3,Machine Breakdown,16.7,76,17,1,16,3.46,94.12,22.37,27.83,80.15,20.99,1.65,6.97,1
PureGlow Soaps International (Fictional Dummy Company),Global Manufacturing Head - PureGlow Soaps,Australia,New Zealand,Christchurch,FCT031,Christchurch Soap Plant,LN0092,Line-2,2026-07-03 19:00:00,2026-07-03,19,Afternoon,Sandalwood Bar Soap,1.48,60.0,8.0,Quality Hold,52.0,89,74,5,69,6.17,93.24,83.15,86.67,96.15,77.7,6.36,18.05,3
PureGlow Soaps International (Fictional Dummy Company),Global Manufacturing Head - PureGlow Soaps,Australia,New Zealand,Christchurch,FCT031,Christchurch Soap Plant,LN0093,Line-3,2026-07-03 19:00:00,2026-07-03,19,Afternoon,Coconut Bar Soap,0.78,60.0,11.0,Material Shortage,49.0,47,33,1,32,4.44,96.97,70.21,81.67,86.34,68.38,3.09,26.78,2
PureGlow Soaps International (Fictional Dummy Company),Global Manufacturing Head - PureGlow Soaps,Australia,New Zealand,Christchurch,FCT031,Christchurch Soap Plant,LN0091,Line-1,2026-07-03 20:00:00,2026-07-03,20,Afternoon,Aloe Vera Liquid Soap,1.27,60.0,2.5,No Downtime,57.5,76,75,3,72,3.91,96.0,98.68,95.83,102.7,94.48,7.83,27.93,2
PureGlow Soaps International (Fictional Dummy Company),Global Manufacturing Head - PureGlow Soaps,Australia,New Zealand,Christchurch,FCT031,Christchurch Soap Plant,LN0092,Line-2,2026-07-03 20:00:00,2026-07-03,20,Afternoon,Sandalwood Bar Soap,1.48,60.0,2.7,No Downtime,57.3,89,68,2,66,2.68,97.06,76.4,95.5,80.18,74.32,7.32,21.64,2
PureGlow Soaps International (Fictional Dummy Company),Global Manufacturing Head - PureGlow Soaps,Australia,New Zealand,Christchurch,FCT031,Christchurch Soap Plant,LN0093,Line-3,2026-07-03 20:00:00,2026-07-03,20,Afternoon,Coconut Bar Soap,0.78,60.0,1.3,No Downtime,58.7,47,37,1,36,2.47,97.3,78.72,97.83,80.81,76.92,3.73,30.64,2
PureGlow Soaps International (Fictional Dummy Company),Global Manufacturing Head - PureGlow Soaps,Australia,New Zealand,Christchurch,FCT031,Christchurch Soap Plant,LN0091,Line-1,2026-07-03 21:00:00,2026-07-03,21,Afternoon,Aloe Vera Liquid Soap,1.27,60.0,0.0,No Downtime,60.0,76,70,2,68,3.16,97.14,92.11,100.0,91.86,89.23,6.48,25.28,1
PureGlow Soaps International (Fictional Dummy Company),Global Manufacturing Head - PureGlow Soaps,Australia,New Zealand,Christchurch,FCT031,Christchurch Soap Plant,LN0092,Line-2,2026-07-03 21:00:00,2026-07-03,21,Afternoon,Sandalwood Bar Soap,1.48,60.0,13.8,Changeover/Setup,46.2,89,68,0,68,0.0,100.0,76.4,77.0,99.45,76.58,7.35,17.38,2
PureGlow Soaps International (Fictional Dummy Company),Global Manufacturing Head - PureGlow Soaps,Australia,New Zealand,Christchurch,FCT031,Christchurch Soap Plant,LN0093,Line-3,2026-07-03 21:00:00,2026-07-03,21,Afternoon,Coconut Bar Soap,0.78,60.0,1.1,No Downtime,58.9,47,45,1,44,3.01,97.78,95.74,98.17,97.95,94.02,4.64,33.48,3
PureGlow Soaps International (Fictional Dummy Company),Global Manufacturing Head - PureGlow Soaps,Australia,New Zealand,Christchurch,FCT031,Christchurch Soap Plant,LN0091,Line-1,2026-07-03 22:00:00,2026-07-03,22,Night,Aloe Vera Liquid Soap,1.27,60.0,33.3,Machine Breakdown,26.7,76,33,1,32,3.28,96.97,43.42,44.5,97.32,42.0,3.47,11.12,3
PureGlow Soaps International (Fictional Dummy Company),Global Manufacturing Head - PureGlow Soaps,Australia,New Zealand,Christchurch,FCT031,Christchurch Soap Plant,LN0092,Line-2,2026-07-03 22:00:00,2026-07-03,22,Night,Sandalwood Bar Soap,1.48,60.0,3.4,No Downtime,56.6,89,70,4,66,6.36,94.29,78.65,94.33,83.56,74.32,6.77,20.51,1
PureGlow Soaps International (Fictional Dummy Company),Global Manufacturing Head - PureGlow Soaps,Australia,New Zealand,Christchurch,FCT031,Christchurch Soap Plant,LN0093,Line-3,2026-07-03 22:00:00,2026-07-03,22,Night,Coconut Bar Soap,0.78,60.0,3.3,No Downtime,56.7,47,44,2,42,4.48,95.45,93.62,94.5,99.49,89.74,4.17,28.99,1
PureGlow Soaps International (Fictional Dummy Company),Global Manufacturing Head - PureGlow Soaps,Australia,New Zealand,Christchurch,FCT031,Christchurch Soap Plant,LN0091,Line-1,2026-07-03 23:00:00,2026-07-03,23,Night,Aloe Vera Liquid Soap,1.27,60.0,18.6,Quality Hold,41.4,76,47,3,44,5.86,93.62,61.84,69.0,89.39,57.74,4.33,17.83,2
PureGlow Soaps International (Fictional Dummy Company),Global Manufacturing Head - PureGlow Soaps,Australia,New Zealand,Christchurch,FCT031,Christchurch Soap Plant,LN0092,Line-2,2026-07-03 23:00:00,2026-07-03,23,Night,Sandalwood Bar Soap,1.48,60.0,28.9,Power Outage,31.1,89,41,1,40,1.7,97.56,46.07,51.83,89.08,45.04,3.57,12.13,1
PureGlow Soaps International (Fictional Dummy Company),Global Manufacturing Head - PureGlow Soaps,Australia,New Zealand,Christchurch,FCT031,Christchurch Soap Plant,LN0093,Line-3,2026-07-03 23:00:00,2026-07-03,23,Night,Coconut Bar Soap,0.78,60.0,20.0,Power Outage,40.0,47,27,1,26,2.83,96.3,57.45,66.67,86.54,55.56,2.72,23.01,3
PureGlow Soaps International (Fictional Dummy Company),Global Manufacturing Head - PureGlow Soaps,Australia,New Zealand,Christchurch,FCT031,Christchurch Soap Plant,LN0091,Line-1,2026-07-04 00:00:00,2026-07-04,0,Night,Lavender Bar Soap,1.27,60.0,1.9,No Downtime,58.1,76,64,2,62,3.14,96.88,84.21,96.83,86.74,81.37,6.33,28.9,1
PureGlow Soaps International (Fictional Dummy Company),Global Manufacturing Head - PureGlow Soaps,Australia,New Zealand,Christchurch,FCT031,Christchurch Soap Plant,LN0092,Line-2,2026-07-04 00:00:00,2026-07-04,0,Night,Neem Bar Soap,1.48,60.0,3.1,No Downtime,56.9,89,77,1,76,1.48,98.7,86.52,94.83,91.44,85.59,7.57,22.61,1
PureGlow Soaps International (Fictional Dummy Company),Global Manufacturing Head - PureGlow Soaps,Australia,New Zealand,Christchurch,FCT031,Christchurch Soap Plant,LN0093,Line-3,2026-07-04 00:00:00,2026-07-04,0,Night,Coconut Bar Soap,0.78,60.0,0.5,No Downtime,59.5,47,45,1,44,1.7,97.78,95.74,99.17,96.96,94.02,4.45,30.61,3
PureGlow Soaps International (Fictional Dummy Company),Global Manufacturing Head - PureGlow Soaps,Australia,New Zealand,Christchurch,FCT031,Christchurch Soap Plant,LN0091,Line-1,2026-07-04 01:00:00,2026-07-04,1,Night,Lavender Bar Soap,1.27,60.0,1.2,No Downtime,58.8,76,74,3,71,4.56,95.95,97.37,98.0,99.09,93.18,7.66,28.0,2
PureGlow Soaps International (Fictional Dummy Company),Global Manufacturing Head - PureGlow Soaps,Australia,New Zealand,Christchurch,FCT031,Christchurch Soap Plant,LN0092,Line-2,2026-07-04 01:00:00,2026-07-04,1,Night,Neem Bar Soap,1.48,60.0,31.3,Preventive Maintenance,28.7,89,44,0,44,0.89,100.0,49.44,47.83,103.59,49.55,4.34,11.23,2
PureGlow Soaps International (Fictional Dummy Company),Global Manufacturing Head - PureGlow Soaps,Australia,New Zealand,Christchurch,FCT031,Christchurch Soap Plant,LN0093,Line-3,2026-07-04 01:00:00,2026-07-04,1,Night,Coconut Bar Soap,0.78,60.0,8.0,Staff Shortage,52.0,47,40,1,39,3.15,97.5,85.11,86.67,98.62,83.34,3.74,25.96,3
PureGlow Soaps International (Fictional Dummy Company),Global Manufacturing Head - PureGlow Soaps,Australia,New Zealand,Christchurch,FCT031,Christchurch Soap Plant,LN0091,Line-1,2026-07-04 02:00:00,2026-07-04,2,Night,Lavender Bar Soap,1.27,60.0,26.1,Power Outage,33.9,76,35,2,33,5.07,94.29,46.05,56.5,81.3,43.31,3.45,15.23,3
PureGlow Soaps International (Fictional Dummy Company),Global Manufacturing Head - PureGlow Soaps,Australia,New Zealand,Christchurch,FCT031,Christchurch Soap Plant,LN0092,Line-2,2026-07-04 02:00:00,2026-07-04,2,Night,Neem Bar Soap,1.48,60.0,1.9,No Downtime,58.1,89,71,2,69,2.34,97.18,79.78,96.83,82.57,77.7,7.76,20.25,1
PureGlow Soaps International (Fictional Dummy Company),Global Manufacturing Head - PureGlow Soaps,Australia,New Zealand,Christchurch,FCT031,Christchurch Soap Plant,LN0093,Line-3,2026-07-04 02:00:00,2026-07-04,2,Night,Coconut Bar Soap,0.78,60.0,26.3,Preventive Maintenance,33.7,47,27,1,26,4.02,96.3,57.45,56.17,102.72,55.56,2.45,19.04,2
PureGlow Soaps International (Fictional Dummy Company),Global Manufacturing Head - PureGlow Soaps,Australia,New Zealand,Christchurch,FCT031,Christchurch Soap Plant,LN0091,Line-1,2026-07-04 03:00:00,2026-07-04,3,Night,Lavender Bar Soap,1.27,60.0,3.0,No Downtime,57.0,76,68,3,65,4.74,95.59,89.47,95.0,93.94,85.31,7.25,26.69,3
PureGlow Soaps International (Fictional Dummy Company),Global Manufacturing Head - PureGlow Soaps,Australia,New Zealand,Christchurch,FCT031,Christchurch Soap Plant,LN0092,Line-2,2026-07-04 03:00:00,2026-07-04,3,Night,Neem Bar Soap,1.48,60.0,6.8,Changeover/Setup,53.2,89,70,1,69,2.01,98.57,78.65,88.67,88.9,77.7,7.67,19.03,3
PureGlow Soaps International (Fictional Dummy Company),Global Manufacturing Head - PureGlow Soaps,Australia,New Zealand,Christchurch,FCT031,Christchurch Soap Plant,LN0093,Line-3,2026-07-04 03:00:00,2026-07-04,3,Night,Coconut Bar Soap,0.78,60.0,39.5,Machine Breakdown,20.5,47,15,0,15,3.15,100.0,31.91,34.17,93.81,32.05,1.54,11.2,2
PureGlow Soaps International (Fictional Dummy Company),Global Manufacturing Head - PureGlow Soaps,Australia,New Zealand,Christchurch,FCT031,Christchurch Soap Plant,LN0091,Line-1,2026-07-04 04:00:00,2026-07-04,4,Night,Lavender Bar Soap,1.27,60.0,3.4,No Downtime,56.6,76,69,2,67,2.23,97.1,90.79,94.33,95.99,87.92,7.38,24.36,3
PureGlow Soaps International (Fictional Dummy Company),Global Manufacturing Head - PureGlow Soaps,Australia,New Zealand,Christchurch,FCT031,Christchurch Soap Plant,LN0092,Line-2,2026-07-04 04:00:00,2026-07-04,4,Night,Neem Bar Soap,1.48,60.0,2.6,No Downtime,57.4,89,72,3,69,4.71,95.83,80.9,95.67,84.75,77.7,7.15,19.68,3
PureGlow Soaps International (Fictional Dummy Company),Global Manufacturing Head - PureGlow Soaps,Australia,New Zealand,Christchurch,FCT031,Christchurch Soap Plant,LN0093,Line-3,2026-07-04 04:00:00,2026-07-04,4,Night,Coconut Bar Soap,0.78,60.0,18.2,Material Shortage,41.8,47,33,1,32,2.89,96.97,70.21,69.67,101.21,68.38,2.97,21.79,1
PureGlow Soaps International (Fictional Dummy Company),Global Manufacturing Head - PureGlow Soaps,Australia,New Zealand,Christchurch,FCT031,Christchurch Soap Plant,LN0091,Line-1,2026-07-04 05:00:00,2026-07-04,5,Night,Lavender Bar Soap,1.27,60.0,8.9,Quality Hold,51.1,76,55,4,51,7.83,92.73,72.37,85.17,84.75,66.93,6.0,24.65,1
PureGlow Soaps International (Fictional Dummy Company),Global Manufacturing Head - PureGlow Soaps,Australia,New Zealand,Christchurch,FCT031,Christchurch Soap Plant,LN0092,Line-2,2026-07-04 05:00:00,2026-07-04,5,Night,Neem Bar Soap,1.48,60.0,37.1,Machine Breakdown,22.9,89,29,1,28,2.65,96.55,32.58,38.17,85.57,31.54,2.81,7.61,2
PureGlow Soaps International (Fictional Dummy Company),Global Manufacturing Head - PureGlow Soaps,Australia,New Zealand,Christchurch,FCT031,Christchurch Soap Plant,LN0093,Line-3,2026-07-04 05:00:00,2026-07-04,5,Night,Coconut Bar Soap,0.78,60.0,0.1,No Downtime,59.9,47,40,1,39,1.89,97.5,85.11,99.83,85.61,83.33,3.75,31.04,3
PureGlow Soaps International (Fictional Dummy Company),Global Manufacturing Head - PureGlow Soaps,Australia,New Zealand,Christchurch,FCT031,Christchurch Soap Plant,LN0091,Line-1,2026-07-04 06:00:00,2026-07-04,6,Morning,Lavender Bar Soap,1.27,60.0,1.9,No Downtime,58.1,76,69,3,66,4.24,95.65,90.79,96.83,93.51,86.61,6.83,25.86,1
PureGlow Soaps International (Fictional Dummy Company),Global Manufacturing Head - PureGlow Soaps,Australia,New Zealand,Christchurch,FCT031,Christchurch Soap Plant,LN0092,Line-2,2026-07-04 06:00:00,2026-07-04,6,Morning,Neem Bar Soap,1.48,60.0,2.5,No Downtime,57.5,89,83,3,80,3.21,96.39,93.26,95.83,97.53,90.09,7.54,21.08,2
PureGlow Soaps International (Fictional Dummy Company),Global Manufacturing Head - PureGlow Soaps,Australia,New Zealand,Christchurch,FCT031,Christchurch Soap Plant,LN0093,Line-3,2026-07-04 06:00:00,2026-07-04,6,Morning,Coconut Bar Soap,0.78,60.0,16.5,Preventive Maintenance,43.5,47,29,0,29,1.37,100.0,61.7,72.5,85.47,61.97,2.66,22.53,3
PureGlow Soaps International (Fictional Dummy Company),Global Manufacturing Head - PureGlow Soaps,Australia,New Zealand,Christchurch,FCT031,Christchurch Soap Plant,LN0091,Line-1,2026-07-04 07:00:00,2026-07-04,7,Morning,Lavender Bar Soap,1.27,60.0,2.2,No Downtime,57.8,76,72,2,70,3.19,97.22,94.74,96.33,98.08,91.85,6.57,25.16,3
PureGlow Soaps International (Fictional Dummy Company),Global Manufacturing Head - PureGlow Soaps,Australia,New Zealand,Christchurch,FCT031,Christchurch Soap Plant,LN0092,Line-2,2026-07-04 07:00:00,2026-07-04,7,Morning,Neem Bar Soap,1.48,60.0,40.6,Machine Breakdown,19.4,89,23,0,23,1.47,100.0,25.84,32.33,80.11,25.9,2.39,7.14,3
PureGlow Soaps International (Fictional Dummy Company),Global Manufacturing Head - PureGlow Soaps,Australia,New Zealand,Christchurch,FCT031,Christchurch Soap Plant,LN0093,Line-3,2026-07-04 07:00:00,2026-07-04,7,Morning,Coconut Bar Soap,0.78,60.0,27.0,Material Shortage,33.0,47,26,0,26,0.98,100.0,55.32,55.0,101.01,55.56,2.51,18.42,1
PureGlow Soaps International (Fictional Dummy Company),Global Manufacturing Head - PureGlow Soaps,Australia,New Zealand,Christchurch,FCT031,Christchurch Soap Plant,LN0091,Line-1,2026-07-04 08:00:00,2026-07-04,8,Morning,Lavender Bar Soap,1.27,60.0,29.2,Preventive Maintenance,30.8,76,33,1,32,2.56,96.97,43.42,51.33,84.36,41.99,3.46,15.09,1
PureGlow Soaps International (Fictional Dummy Company),Global Manufacturing Head - PureGlow Soaps,Australia,New Zealand,Christchurch,FCT031,Christchurch Soap Plant,LN0092,Line-2,2026-07-04 08:00:00,2026-07-04,8,Morning,Neem Bar Soap,1.48,60.0,0.2,No Downtime,59.8,89,83,4,79,4.72,95.18,93.26,99.67,93.78,88.97,7.24,20.74,1
PureGlow Soaps International (Fictional Dummy Company),Global Manufacturing Head - PureGlow Soaps,Australia,New Zealand,Christchurch,FCT031,Christchurch Soap Plant,LN0093,Line-3,2026-07-04 08:00:00,2026-07-04,8,Morning,Coconut Bar Soap,0.78,60.0,0.2,No Downtime,59.8,47,41,1,40,3.44,97.56,87.23,99.67,87.9,85.47,3.51,29.15,2
PureGlow Soaps International (Fictional Dummy Company),Global Manufacturing Head - PureGlow Soaps,Australia,New Zealand,Christchurch,FCT031,Christchurch Soap Plant,LN0091,Line-1,2026-07-04 09:00:00,2026-07-04,9,Morning,Lavender Bar Soap,1.27,60.0,24.5,Material Shortage,35.5,76,41,2,39,3.97,95.12,53.95,59.17,90.94,51.18,3.8,15.28,1
PureGlow Soaps International (Fictional Dummy Company),Global Manufacturing Head - PureGlow Soaps,Australia,New Zealand,Christchurch,FCT031,Christchurch Soap Plant,LN0092,Line-2,2026-07-04 09:00:00,2026-07-04,9,Morning,Neem Bar Soap,1.48,60.0,16.4,Changeover/Setup,43.6,89,53,0,53,0.72,100.0,59.55,72.67,82.13,59.68,4.96,17.22,2
PureGlow Soaps International (Fictional Dummy Company),Global Manufacturing Head - PureGlow Soaps,Australia,New Zealand,Christchurch,FCT031,Christchurch Soap Plant,LN0093,Line-3,2026-07-04 09:00:00,2026-07-04,9,Morning,Coconut Bar Soap,0.78,60.0,39.9,Machine Breakdown,20.1,47,13,0,13,3.83,100.0,27.66,33.5,82.92,27.78,1.29,10.81,1
PureGlow Soaps International (Fictional Dummy Company),Global Manufacturing Head - PureGlow Soaps,Australia,New Zealand,Christchurch,FCT031,Christchurch Soap Plant,LN0091,Line-1,2026-07-04 10:00:00,2026-07-04,10,Morning,Lavender Bar Soap,1.27,60.0,35.8,Preventive Maintenance,24.2,76,27,0,27,1.35,100.0,35.53,40.33,87.85,35.43,2.84,10.06,1
PureGlow Soaps International (Fictional Dummy Company),Global Manufacturing Head - PureGlow Soaps,Australia,New Zealand,Christchurch,FCT031,Christchurch Soap Plant,LN0092,Line-2,2026-07-04 10:00:00,2026-07-04,10,Morning,Neem Bar Soap,1.48,60.0,15.6,Staff Shortage,44.4,89,65,3,62,4.88,95.38,73.03,74.0,98.92,69.82,5.85,17.01,3
PureGlow Soaps International (Fictional Dummy Company),Global Manufacturing Head - PureGlow Soaps,Australia,New Zealand,Christchurch,FCT031,Christchurch Soap Plant,LN0093,Line-3,2026-07-04 10:00:00,2026-07-04,10,Morning,Coconut Bar Soap,0.78,60.0,7.1,Power Outage,52.9,47,41,1,40,2.52,97.56,87.23,88.17,99.37,85.48,4.21,27.69,3
PureGlow Soaps International (Fictional Dummy Company),Global Manufacturing Head - PureGlow Soaps,Australia,New Zealand,Christchurch,FCT031,Christchurch Soap Plant,LN0091,Line-1,2026-07-04 11:00:00,2026-07-04,11,Morning,Lavender Bar Soap,1.27,60.0,11.2,Material Shortage,48.8,76,58,2,56,2.6,96.55,76.32,81.33,93.58,73.48,5.37,21.78,1
PureGlow Soaps International (Fictional Dummy Company),Global Manufacturing Head - PureGlow Soaps,Australia,New Zealand,Christchurch,FCT031,Christchurch Soap Plant,LN0092,Line-2,2026-07-04 11:00:00,2026-07-04,11,Morning,Neem Bar Soap,1.48,60.0,0.1,No Downtime,59.9,89,79,3,76,3.99,96.2,88.76,99.83,89.11,85.58,8.57,20.54,3
PureGlow Soaps International (Fictional Dummy Company),Global Manufacturing Head - PureGlow Soaps,Australia,New Zealand,Christchurch,FCT031,Christchurch Soap Plant,LN0093,Line-3,2026-07-04 11:00:00,2026-07-04,11,Morning,Coconut Bar Soap,0.78,60.0,6.0,Power Outage,54.0,47,39,1,38,2.33,97.44,82.98,90.0,92.59,81.2,3.67,26.37,1
PureGlow Soaps International (Fictional Dummy Company),Global Manufacturing Head - PureGlow Soaps,Australia,New Zealand,Christchurch,FCT031,Christchurch Soap Plant,LN0091,Line-1,2026-07-04 12:00:00,2026-07-04,12,Morning,Lavender Bar Soap,1.27,60.0,11.8,Changeover/Setup,48.2,76,62,2,60,3.6,96.77,81.58,80.33,101.28,78.73,5.96,22.0,1
PureGlow Soaps International (Fictional Dummy Company),Global Manufacturing Head - PureGlow Soaps,Australia,New Zealand,Christchurch,FCT031,Christchurch Soap Plant,LN0092,Line-2,2026-07-04 12:00:00,2026-07-04,12,Morning,Neem Bar Soap,1.48,60.0,1.6,No Downtime,58.4,89,69,1,68,1.73,98.55,77.53,97.33,79.83,76.57,6.29,20.48,3
PureGlow Soaps International (Fictional Dummy Company),Global Manufacturing Head - PureGlow Soaps,Australia,New Zealand,Christchurch,FCT031,Christchurch Soap Plant,LN0093,Line-3,2026-07-04 12:00:00,2026-07-04,12,Morning,Coconut Bar Soap,0.78,60.0,10.1,Staff Shortage,49.9,47,37,2,35,4.89,94.59,78.72,83.17,95.06,74.78,3.74,25.77,1
PureGlow Soaps International (Fictional Dummy Company),Global Manufacturing Head - PureGlow Soaps,Australia,New Zealand,Christchurch,FCT031,Christchurch Soap Plant,LN0091,Line-1,2026-07-04 13:00:00,2026-07-04,13,Morning,Lavender Bar Soap,1.27,60.0,1.9,No Downtime,58.1,76,67,3,64,3.92,95.52,88.16,96.83,90.8,83.98,5.82,28.65,1
PureGlow Soaps International (Fictional Dummy Company),Global Manufacturing Head - PureGlow Soaps,Australia,New Zealand,Christchurch,FCT031,Christchurch Soap Plant,LN0092,Line-2,2026-07-04 13:00:00,2026-07-04,13,Morning,Neem Bar Soap,1.48,60.0,32.3,Machine Breakdown,27.7,89,40,2,38,4.83,95.0,44.94,46.17,97.57,42.8,3.96,10.29,1
PureGlow Soaps International (Fictional Dummy Company),Global Manufacturing Head - PureGlow Soaps,Australia,New Zealand,Christchurch,FCT031,Christchurch Soap Plant,LN0093,Line-3,2026-07-04 13:00:00,2026-07-04,13,Morning,Coconut Bar Soap,0.78,60.0,1.4,No Downtime,58.6,47,40,2,38,5.03,95.0,85.11,97.67,87.51,81.2,4.33,32.02,1
PureGlow Soaps International (Fictional Dummy Company),Global Manufacturing Head - PureGlow Soaps,Australia,New Zealand,Christchurch,FCT031,Christchurch Soap Plant,LN0091,Line-1,2026-07-04 14:00:00,2026-07-04,14,Afternoon,Lavender Bar Soap,1.27,60.0,18.0,Quality Hold,42.0,76,47,4,43,9.12,91.49,61.84,70.0,88.11,56.43,4.96,20.16,2
PureGlow Soaps International (Fictional Dummy Company),Global Manufacturing Head - PureGlow Soaps,Australia,New Zealand,Christchurch,FCT031,Christchurch Soap Plant,LN0092,Line-2,2026-07-04 14:00:00,2026-07-04,14,Afternoon,Neem Bar Soap,1.48,60.0,2.9,No Downtime,57.1,89,82,2,80,2.9,97.56,92.13,95.17,97.03,90.09,8.25,22.59,2
PureGlow Soaps International (Fictional Dummy Company),Global Manufacturing Head - PureGlow Soaps,Australia,New Zealand,Christchurch,FCT031,Christchurch Soap Plant,LN0093,Line-3,2026-07-04 14:00:00,2026-07-04,14,Afternoon,Coconut Bar Soap,0.78,60.0,34.0,Material Shortage,26.0,47,20,0,20,2.45,100.0,42.55,43.33,98.62,42.73,1.94,12.45,1
PureGlow Soaps International (Fictional Dummy Company),Global Manufacturing Head - PureGlow Soaps,Australia,New Zealand,Christchurch,FCT031,Christchurch Soap Plant,LN0091,Line-1,2026-07-04 15:00:00,2026-07-04,15,Afternoon,Lavender Bar Soap,1.27,60.0,17.1,Preventive Maintenance,42.9,76,48,2,46,3.35,95.83,63.16,71.5,88.1,60.36,4.73,20.43,1
PureGlow Soaps International (Fictional Dummy Company),Global Manufacturing Head - PureGlow Soaps,Australia,New Zealand,Christchurch,FCT031,Christchurch Soap Plant,LN0092,Line-2,2026-07-04 15:00:00,2026-07-04,15,Afternoon,Neem Bar Soap,1.48,60.0,37.5,Preventive Maintenance,22.5,89,30,1,29,4.34,96.67,33.71,37.5,90.09,32.66,3.11,8.31,3
PureGlow Soaps International (Fictional Dummy Company),Global Manufacturing Head - PureGlow Soaps,Australia,New Zealand,Christchurch,FCT031,Christchurch Soap Plant,LN0093,Line-3,2026-07-04 15:00:00,2026-07-04,15,Afternoon,Coconut Bar Soap,0.78,60.0,1.9,No Downtime,58.1,47,44,2,42,4.12,95.45,93.62,96.83,97.09,89.73,4.66,29.86,1
PureGlow Soaps International (Fictional Dummy Company),Global Manufacturing Head - PureGlow Soaps,Australia,New Zealand,Christchurch,FCT031,Christchurch Soap Plant,LN0091,Line-1,2026-07-04 16:00:00,2026-07-04,16,Afternoon,Lavender Bar Soap,1.27,60.0,18.5,Power Outage,41.5,76,46,1,45,2.53,97.83,60.53,69.17,87.28,59.06,4.89,18.02,2
PureGlow Soaps International (Fictional Dummy Company),Global Manufacturing Head - PureGlow Soaps,Australia,New Zealand,Christchurch,FCT031,Christchurch Soap Plant,LN0092,Line-2,2026-07-04 16:00:00,2026-07-04,16,Afternoon,Neem Bar Soap,1.48,60.0,30.3,Preventive Maintenance,29.7,89,42,1,41,3.54,97.62,47.19,49.5,95.55,46.17,4.58,10.55,3
PureGlow Soaps International (Fictional Dummy Company),Global Manufacturing Head - PureGlow Soaps,Australia,New Zealand,Christchurch,FCT031,Christchurch Soap Plant,LN0093,Line-3,2026-07-04 16:00:00,2026-07-04,16,Afternoon,Coconut Bar Soap,0.78,60.0,12.7,Material Shortage,47.3,47,33,2,31,5.24,93.94,70.21,78.83,89.45,66.24,3.29,27.08,3
PureGlow Soaps International (Fictional Dummy Company),Global Manufacturing Head - PureGlow Soaps,Australia,New Zealand,Christchurch,FCT031,Christchurch Soap Plant,LN0091,Line-1,2026-07-04 17:00:00,2026-07-04,17,Afternoon,Lavender Bar Soap,1.27,60.0,1.6,No Downtime,58.4,76,75,1,74,1.48,98.67,98.68,97.33,101.12,97.11,6.47,29.58,2
PureGlow Soaps International (Fictional Dummy Company),Global Manufacturing Head - PureGlow Soaps,Australia,New Zealand,Christchurch,FCT031,Christchurch Soap Plant,LN0092,Line-2,2026-07-04 17:00:00,2026-07-04,17,Afternoon,Neem Bar Soap,1.48,60.0,20.7,Power Outage,39.3,89,52,2,50,3.08,96.15,58.43,65.5,89.4,56.3,5.68,14.45,3
PureGlow Soaps International (Fictional Dummy Company),Global Manufacturing Head - PureGlow Soaps,Australia,New Zealand,Christchurch,FCT031,Christchurch Soap Plant,LN0093,Line-3,2026-07-04 17:00:00,2026-07-04,17,Afternoon,Coconut Bar Soap,0.78,60.0,29.2,Preventive Maintenance,30.8,47,21,1,20,2.58,95.24,44.68,51.33,87.41,42.73,1.9,14.69,3
PureGlow Soaps International (Fictional Dummy Company),Global Manufacturing Head - PureGlow Soaps,Australia,New Zealand,Christchurch,FCT031,Christchurch Soap Plant,LN0091,Line-1,2026-07-04 18:00:00,2026-07-04,18,Afternoon,Lavender Bar Soap,1.27,60.0,15.2,Preventive Maintenance,44.8,76,47,1,46,2.18,97.87,61.84,74.67,82.61,60.37,4.12,21.68,1
PureGlow Soaps International (Fictional Dummy Company),Global Manufacturing Head - PureGlow Soaps,Australia,New Zealand,Christchurch,FCT031,Christchurch Soap Plant,LN0092,Line-2,2026-07-04 18:00:00,2026-07-04,18,Afternoon,Neem Bar Soap,1.48,60.0,41.8,Machine Breakdown,18.2,89,24,2,22,6.72,91.67,26.97,30.33,89.1,24.77,2.07,7.24,1
PureGlow Soaps International (Fictional Dummy Company),Global Manufacturing Head - PureGlow Soaps,Australia,New Zealand,Christchurch,FCT031,Christchurch Soap Plant,LN0093,Line-3,2026-07-04 18:00:00,2026-07-04,18,Afternoon,Coconut Bar Soap,0.78,60.0,28.8,Machine Breakdown,31.2,47,21,1,20,2.89,95.24,44.68,52.0,86.29,42.73,1.83,15.54,2
PureGlow Soaps International (Fictional Dummy Company),Global Manufacturing Head - PureGlow Soaps,Australia,New Zealand,Christchurch,FCT031,Christchurch Soap Plant,LN0091,Line-1,2026-07-04 19:00:00,2026-07-04,19,Afternoon,Lavender Bar Soap,1.27,60.0,16.5,Preventive Maintenance,43.5,76,57,1,56,2.37,98.25,75.0,72.5,103.18,73.5,5.05,20.43,3
PureGlow Soaps International (Fictional Dummy Company),Global Manufacturing Head - PureGlow Soaps,Australia,New Zealand,Christchurch,FCT031,Christchurch Soap Plant,LN0092,Line-2,2026-07-04 19:00:00,2026-07-04,19,Afternoon,Neem Bar Soap,1.48,60.0,7.1,Quality Hold,52.9,89,77,8,69,10.78,89.61,86.52,88.17,98.35,77.71,7.9,20.31,3
PureGlow Soaps International (Fictional Dummy Company),Global Manufacturing Head - PureGlow Soaps,Australia,New Zealand,Christchurch,FCT031,Christchurch Soap Plant,LN0093,Line-3,2026-07-04 19:00:00,2026-07-04,19,Afternoon,Coconut Bar Soap,0.78,60.0,27.2,Material Shortage,32.8,47,26,0,26,1.91,100.0,55.32,54.67,101.63,55.56,2.75,17.73,2
PureGlow Soaps International (Fictional Dummy Company),Global Manufacturing Head - PureGlow Soaps,Australia,New Zealand,Christchurch,FCT031,Christchurch Soap Plant,LN0091,Line-1,2026-07-04 20:00:00,2026-07-04,20,Afternoon,Lavender Bar Soap,1.27,60.0,23.1,Preventive Maintenance,36.9,76,47,2,45,4.76,95.74,61.84,61.5,100.29,59.05,4.95,17.31,3
PureGlow Soaps International (Fictional Dummy Company),Global Manufacturing Head - PureGlow Soaps,Australia,New Zealand,Christchurch,FCT031,Christchurch Soap Plant,LN0092,Line-2,2026-07-04 20:00:00,2026-07-04,20,Afternoon,Neem Bar Soap,1.48,60.0,16.5,Power Outage,43.5,89,53,1,52,2.72,98.11,59.55,72.5,82.32,58.55,5.27,14.46,3
PureGlow Soaps International (Fictional Dummy Company),Global Manufacturing Head - PureGlow Soaps,Australia,New Zealand,Christchurch,FCT031,Christchurch Soap Plant,LN0093,Line-3,2026-07-04 20:00:00,2026-07-04,20,Afternoon,Coconut Bar Soap,0.78,60.0,32.7,Material Shortage,27.3,47,20,1,19,2.94,95.0,42.55,45.5,93.92,40.6,1.94,14.33,2
PureGlow Soaps International (Fictional Dummy Company),Global Manufacturing Head - PureGlow Soaps,Australia,New Zealand,Christchurch,FCT031,Christchurch Soap Plant,LN0091,Line-1,2026-07-04 21:00:00,2026-07-04,21,Afternoon,Lavender Bar Soap,1.27,60.0,7.9,Changeover/Setup,52.1,76,54,1,53,2.42,98.15,71.05,86.83,81.61,69.55,4.83,24.07,3
PureGlow Soaps International (Fictional Dummy Company),Global Manufacturing Head - PureGlow Soaps,Australia,New Zealand,Christchurch,FCT031,Christchurch Soap Plant,LN0092,Line-2,2026-07-04 21:00:00,2026-07-04,21,Afternoon,Neem Bar Soap,1.48,60.0,0.7,No Downtime,59.3,89,79,1,78,1.26,98.73,88.76,98.83,90.01,87.83,8.64,19.72,3
PureGlow Soaps International (Fictional Dummy Company),Global Manufacturing Head - PureGlow Soaps,Australia,New Zealand,Christchurch,FCT031,Christchurch Soap Plant,LN0093,Line-3,2026-07-04 21:00:00,2026-07-04,21,Afternoon,Coconut Bar Soap,0.78,60.0,11.8,Changeover/Setup,48.2,47,35,0,35,0.38,100.0,74.47,80.33,93.1,74.79,3.61,24.03,1
PureGlow Soaps International (Fictional Dummy Company),Global Manufacturing Head - PureGlow Soaps,Australia,New Zealand,Christchurch,FCT031,Christchurch Soap Plant,LN0091,Line-1,2026-07-04 22:00:00,2026-07-04,22,Night,Lavender Bar Soap,1.27,60.0,19.8,Changeover/Setup,40.2,76,41,1,40,3.44,97.56,53.95,67.0,80.31,52.49,4.0,19.45,2
PureGlow Soaps International (Fictional Dummy Company),Global Manufacturing Head - PureGlow Soaps,Australia,New Zealand,Christchurch,FCT031,Christchurch Soap Plant,LN0092,Line-2,2026-07-04 22:00:00,2026-07-04,22,Night,Neem Bar Soap,1.48,60.0,19.2,Material Shortage,40.8,89,53,2,51,2.96,96.23,59.55,68.0,87.77,57.43,4.83,15.63,3
PureGlow Soaps International (Fictional Dummy Company),Global Manufacturing Head - PureGlow Soaps,Australia,New Zealand,Christchurch,FCT031,Christchurch Soap Plant,LN0093,Line-3,2026-07-04 22:00:00,2026-07-04,22,Night,Coconut Bar Soap,0.78,60.0,0.5,No Downtime,59.5,47,45,0,45,0.18,100.0,95.74,99.17,96.96,96.16,3.87,32.28,1
PureGlow Soaps International (Fictional Dummy Company),Global Manufacturing Head - PureGlow Soaps,Australia,New Zealand,Christchurch,FCT031,Christchurch Soap Plant,LN0091,Line-1,2026-07-04 23:00:00,2026-07-04,23,Night,Lavender Bar Soap,1.27,60.0,5.8,Changeover/Setup,54.2,76,71,3,68,3.68,95.77,93.42,90.33,103.15,89.23,6.04,22.7,1
PureGlow Soaps International (Fictional Dummy Company),Global Manufacturing Head - PureGlow Soaps,Australia,New Zealand,Christchurch,FCT031,Christchurch Soap Plant,LN0092,Line-2,2026-07-04 23:00:00,2026-07-04,23,Night,Neem Bar Soap,1.48,60.0,18.3,Machine Breakdown,41.7,89,59,2,57,2.78,96.61,66.29,69.5,95.6,64.19,5.65,13.92,3
PureGlow Soaps International (Fictional Dummy Company),Global Manufacturing Head - PureGlow Soaps,Australia,New Zealand,Christchurch,FCT031,Christchurch Soap Plant,LN0093,Line-3,2026-07-04 23:00:00,2026-07-04,23,Night,Coconut Bar Soap,0.78,60.0,24.7,Machine Breakdown,35.3,47,28,1,27,3.83,96.43,59.57,58.83,101.69,57.69,2.68,19.78,2
PureGlow Soaps International (Fictional Dummy Company),Global Manufacturing Head - PureGlow Soaps,Australia,New Zealand,Christchurch,FCT031,Christchurch Soap Plant,LN0091,Line-1,2026-07-05 00:00:00,2026-07-05,0,Night,Neem Bar Soap,1.27,60.0,2.4,No Downtime,57.6,76,62,2,60,3.62,96.77,81.58,96.0,84.76,78.74,6.77,24.68,3
PureGlow Soaps International (Fictional Dummy Company),Global Manufacturing Head - PureGlow Soaps,Australia,New Zealand,Christchurch,FCT031,Christchurch Soap Plant,LN0092,Line-2,2026-07-05 00:00:00,2026-07-05,0,Night,Neem Bar Soap,1.48,60.0,1.4,No Downtime,58.6,89,75,1,74,1.96,98.67,84.27,97.67,86.48,83.34,7.93,23.38,2
PureGlow Soaps International (Fictional Dummy Company),Global Manufacturing Head - PureGlow Soaps,Australia,New Zealand,Christchurch,FCT031,Christchurch Soap Plant,LN0093,Line-3,2026-07-05 00:00:00,2026-07-05,0,Night,Coconut Bar Soap,0.78,60.0,15.1,Preventive Maintenance,44.9,47,34,1,33,3.58,97.06,72.34,74.83,97.08,70.51,3.53,22.95,2
PureGlow Soaps International (Fictional Dummy Company),Global Manufacturing Head - PureGlow Soaps,Australia,New Zealand,Christchurch,FCT031,Christchurch Soap Plant,LN0091,Line-1,2026-07-05 01:00:00,2026-07-05,1,Night,Neem Bar Soap,1.27,60.0,1.5,No Downtime,58.5,76,62,1,61,1.69,98.39,81.58,97.5,83.45,80.05,6.0,24.42,2
PureGlow Soaps International (Fictional Dummy Company),Global Manufacturing Head - PureGlow Soaps,Australia,New Zealand,Christchurch,FCT031,Christchurch Soap Plant,LN0092,Line-2,2026-07-05 01:00:00,2026-07-05,1,Night,Neem Bar Soap,1.48,60.0,29.7,Preventive Maintenance,30.3,89,43,2,41,3.51,95.35,48.31,50.5,95.89,46.17,4.45,11.62,1
PureGlow Soaps International (Fictional Dummy Company),Global Manufacturing Head - PureGlow Soaps,Australia,New Zealand,Christchurch,FCT031,Christchurch Soap Plant,LN0093,Line-3,2026-07-05 01:00:00,2026-07-05,1,Night,Coconut Bar Soap,0.78,60.0,13.1,Machine Breakdown,46.9,47,30,1,29,4.67,96.67,63.83,78.17,82.01,61.97,2.81,25.06,1
PureGlow Soaps International (Fictional Dummy Company),Global Manufacturing Head - PureGlow Soaps,Australia,New Zealand,Christchurch,FCT031,Christchurch Soap Plant,LN0091,Line-1,2026-07-05 02:00:00,2026-07-05,2,Night,Neem Bar Soap,1.27,60.0,11.2,Machine Breakdown,48.8,76,57,2,55,3.58,96.49,75.0,81.33,91.97,72.17,5.62,20.29,2
PureGlow Soaps International (Fictional Dummy Company),Global Manufacturing Head - PureGlow Soaps,Australia,New Zealand,Christchurch,FCT031,Christchurch Soap Plant,LN0092,Line-2,2026-07-05 02:00:00,2026-07-05,2,Night,Neem Bar Soap,1.48,60.0,12.9,Power Outage,47.1,89,61,2,59,2.88,96.72,68.54,78.5,87.51,66.44,6.1,16.46,2
PureGlow Soaps International (Fictional Dummy Company),Global Manufacturing Head - PureGlow Soaps,Australia,New Zealand,Christchurch,FCT031,Christchurch Soap Plant,LN0093,Line-3,2026-07-05 02:00:00,2026-07-05,2,Night,Coconut Bar Soap,0.78,60.0,3.3,No Downtime,56.7,47,41,1,40,1.44,97.56,87.23,94.5,92.71,85.47,4.23,31.36,2
PureGlow Soaps International (Fictional Dummy Company),Global Manufacturing Head - PureGlow Soaps,Australia,New Zealand,Christchurch,FCT031,Christchurch Soap Plant,LN0091,Line-1,2026-07-05 03:00:00,2026-07-05,3,Night,Neem Bar Soap,1.27,60.0,1.9,No Downtime,58.1,76,68,1,67,1.27,98.53,89.47,96.83,92.16,87.93,6.48,24.54,3
PureGlow Soaps International (Fictional Dummy Company),Global Manufacturing Head - PureGlow Soaps,Australia,New Zealand,Christchurch,FCT031,Christchurch Soap Plant,LN0092,Line-2,2026-07-05 03:00:00,2026-07-05,3,Night,Neem Bar Soap,1.48,60.0,1.0,No Downtime,59.0,89,76,3,73,3.55,96.05,85.39,98.33,87.04,82.21,6.57,21.68,2
PureGlow Soaps International (Fictional Dummy Company),Global Manufacturing Head - PureGlow Soaps,Australia,New Zealand,Christchurch,FCT031,Christchurch Soap Plant,LN0093,Line-3,2026-07-05 03:00:00,2026-07-05,3,Night,Coconut Bar Soap,0.78,60.0,1.2,No Downtime,58.8,47,44,1,43,2.0,97.73,93.62,98.0,95.94,91.89,4.38,32.23,2
PureGlow Soaps International (Fictional Dummy Company),Global Manufacturing Head - PureGlow Soaps,Australia,New Zealand,Christchurch,FCT031,Christchurch Soap Plant,LN0091,Line-1,2026-07-05 04:00:00,2026-07-05,4,Night,Neem Bar Soap,1.27,60.0,2.0,No Downtime,58.0,76,59,0,59,0.27,100.0,77.63,96.67,80.1,77.43,5.16,24.16,1
PureGlow Soaps International (Fictional Dummy Company),Global Manufacturing Head - PureGlow Soaps,Australia,New Zealand,Christchurch,FCT031,Christchurch Soap Plant,LN0092,Line-2,2026-07-05 04:00:00,2026-07-05,4,Night,Neem Bar Soap,1.48,60.0,16.1,Preventive Maintenance,43.9,89,63,2,61,3.7,96.83,70.79,73.17,96.96,68.7,5.8,16.89,3
PureGlow Soaps International (Fictional Dummy Company),Global Manufacturing Head - PureGlow Soaps,Australia,New Zealand,Christchurch,FCT031,Christchurch Soap Plant,LN0093,Line-3,2026-07-05 04:00:00,2026-07-05,4,Night,Coconut Bar Soap,0.78,60.0,28.8,Preventive Maintenance,31.2,47,21,0,21,2.03,100.0,44.68,52.0,86.29,44.87,1.98,15.16,3
PureGlow Soaps International (Fictional Dummy Company),Global Manufacturing Head - PureGlow Soaps,Australia,New Zealand,Christchurch,FCT031,Christchurch Soap Plant,LN0091,Line-1,2026-07-05 05:00:00,2026-07-05,5,Night,Neem Bar Soap,1.27,60.0,1.6,No Downtime,58.4,76,64,3,61,5.3,95.31,84.21,97.33,86.29,80.05,5.53,26.46,3
PureGlow Soaps International (Fictional Dummy Company),Global Manufacturing Head - PureGlow Soaps,Australia,New Zealand,Christchurch,FCT031,Christchurch Soap Plant,LN0092,Line-2,2026-07-05 05:00:00,2026-07-05,5,Night,Neem Bar Soap,1.48,60.0,1.8,No Downtime,58.2,89,70,1,69,1.63,98.57,78.65,97.0,81.27,77.7,6.1,23.34,3
PureGlow Soaps International (Fictional Dummy Company),Global Manufacturing Head - PureGlow Soaps,Australia,New Zealand,Christchurch,FCT031,Christchurch Soap Plant,LN0093,Line-3,2026-07-05 05:00:00,2026-07-05,5,Night,Coconut Bar Soap,0.78,60.0,2.4,No Downtime,57.6,47,36,2,34,4.42,94.44,76.6,96.0,80.13,72.65,3.17,28.48,3
PureGlow Soaps International (Fictional Dummy Company),Global Manufacturing Head - PureGlow Soaps,Australia,New Zealand,Christchurch,FCT031,Christchurch Soap Plant,LN0091,Line-1,2026-07-05 06:00:00,2026-07-05,6,Morning,Neem Bar Soap,1.27,60.0,30.3,Material Shortage,29.7,76,30,1,29,4.3,96.67,39.47,49.5,79.54,38.06,2.65,12.38,3
PureGlow Soaps International (Fictional Dummy Company),Global Manufacturing Head - PureGlow Soaps,Australia,New Zealand,Christchurch,FCT031,Christchurch Soap Plant,LN0092,Line-2,2026-07-05 06:00:00,2026-07-05,6,Morning,Neem Bar Soap,1.48,60.0,3.0,No Downtime,57.0,89,79,2,77,2.74,97.47,88.76,95.0,93.65,86.72,7.65,22.86,1
PureGlow Soaps International (Fictional Dummy Company),Global Manufacturing Head - PureGlow Soaps,Australia,New Zealand,Christchurch,FCT031,Christchurch Soap Plant,LN0093,Line-3,2026-07-05 06:00:00,2026-07-05,6,Morning,Coconut Bar Soap,0.78,60.0,14.1,Changeover/Setup,45.9,47,36,1,35,2.42,97.22,76.6,76.5,100.55,74.78,3.11,25.36,2
PureGlow Soaps International (Fictional Dummy Company),Global Manufacturing Head - PureGlow Soaps,Australia,New Zealand,Christchurch,FCT031,Christchurch Soap Plant,LN0091,Line-1,2026-07-05 07:00:00,2026-07-05,7,Morning,Neem Bar Soap,1.27,60.0,12.4,Machine Breakdown,47.6,76,61,1,60,2.1,98.36,80.26,79.33,100.91,78.74,6.04,21.01,2
PureGlow Soaps International (Fictional Dummy Company),Global Manufacturing Head - PureGlow Soaps,Australia,New Zealand,Christchurch,FCT031,Christchurch Soap Plant,LN0092,Line-2,2026-07-05 07:00:00,2026-07-05,7,Morning,Neem Bar Soap,1.48,60.0,25.6,Material Shortage,34.4,89,49,1,48,2.71,97.96,55.06,57.33,96.24,54.05,4.35,13.03,3
PureGlow Soaps International (Fictional Dummy Company),Global Manufacturing Head - PureGlow Soaps,Australia,New Zealand,Christchurch,FCT031,Christchurch Soap Plant,LN0093,Line-3,2026-07-05 07:00:00,2026-07-05,7,Morning,Coconut Bar Soap,0.78,60.0,11.7,Staff Shortage,48.3,47,38,1,37,2.75,97.37,80.85,80.5,100.87,79.06,4.09,25.92,3
PureGlow Soaps International (Fictional Dummy Company),Global Manufacturing Head - PureGlow Soaps,Australia,New Zealand,Christchurch,FCT031,Christchurch Soap Plant,LN0091,Line-1,2026-07-05 08:00:00,2026-07-05,8,Morning,Neem Bar Soap,1.27,60.0,1.3,No Downtime,58.7,76,65,2,63,2.33,96.92,85.53,97.83,87.19,82.67,5.65,28.25,1
PureGlow Soaps International (Fictional Dummy Company),Global Manufacturing Head - PureGlow Soaps,Australia,New Zealand,Christchurch,FCT031,Christchurch Soap Plant,LN0092,Line-2,2026-07-05 08:00:00,2026-07-05,8,Morning,Neem Bar Soap,1.48,60.0,16.5,Staff Shortage,43.5,89,54,1,53,2.0,98.15,60.67,72.5,83.88,59.69,5.9,16.89,3
PureGlow Soaps International (Fictional Dummy Company),Global Manufacturing Head - PureGlow Soaps,Australia,New Zealand,Christchurch,FCT031,Christchurch Soap Plant,LN0093,Line-3,2026-07-05 08:00:00,2026-07-05,8,Morning,Coconut Bar Soap,0.78,60.0,18.2,Changeover/Setup,41.8,47,29,1,28,4.56,96.55,61.7,69.67,88.95,59.83,2.54,23.66,3
PureGlow Soaps International (Fictional Dummy Company),Global Manufacturing Head - PureGlow Soaps,Australia,New Zealand,Christchurch,FCT031,Christchurch Soap Plant,LN0091,Line-1,2026-07-05 09:00:00,2026-07-05,9,Morning,Neem Bar Soap,1.27,60.0,3.6,No Downtime,56.4,76,66,3,63,5.11,95.45,86.84,94.0,92.14,82.67,5.72,27.51,2
PureGlow Soaps International (Fictional Dummy Company),Global Manufacturing Head - PureGlow Soaps,Australia,New Zealand,Christchurch,FCT031,Christchurch Soap Plant,LN0092,Line-2,2026-07-05 09:00:00,2026-07-05,9,Morning,Neem Bar Soap,1.48,60.0,1.7,No Downtime,58.3,89,77,1,76,0.74,98.7,86.52,97.17,89.24,85.59,8.02,19.92,2
PureGlow Soaps International (Fictional Dummy Company),Global Manufacturing Head - PureGlow Soaps,Australia,New Zealand,Christchurch,FCT031,Christchurch Soap Plant,LN0093,Line-3,2026-07-05 09:00:00,2026-07-05,9,Morning,Coconut Bar Soap,0.78,60.0,1.4,No Downtime,58.6,47,45,1,44,1.75,97.78,95.74,97.67,98.45,94.02,4.15,33.05,3
PureGlow Soaps International (Fictional Dummy Company),Global Manufacturing Head - PureGlow Soaps,Australia,New Zealand,Christchurch,FCT031,Christchurch Soap Plant,LN0091,Line-1,2026-07-05 10:00:00,2026-07-05,10,Morning,Neem Bar Soap,1.27,60.0,19.2,Staff Shortage,40.8,76,47,3,44,5.63,93.62,61.84,68.0,90.71,57.75,4.06,18.3,3
PureGlow Soaps International (Fictional Dummy Company),Global Manufacturing Head - PureGlow Soaps,Australia,New Zealand,Christchurch,FCT031,Christchurch Soap Plant,LN0092,Line-2,2026-07-05 10:00:00,2026-07-05,10,Morning,Neem Bar Soap,1.48,60.0,37.8,Preventive Maintenance,22.2,89,27,1,26,4.73,96.3,30.34,37.0,82.18,29.28,2.39,8.69,1
PureGlow Soaps International (Fictional Dummy Company),Global Manufacturing Head - PureGlow Soaps,Australia,New Zealand,Christchurch,FCT031,Christchurch Soap Plant,LN0093,Line-3,2026-07-05 10:00:00,2026-07-05,10,Morning,Coconut Bar Soap,0.78,60.0,1.1,No Downtime,58.9,47,39,1,38,2.66,97.44,82.98,98.17,84.89,81.2,4.12,33.11,2
PureGlow Soaps International (Fictional Dummy Company),Global Manufacturing Head - PureGlow Soaps,Australia,New Zealand,Christchurch,FCT031,Christchurch Soap Plant,LN0091,Line-1,2026-07-05 11:00:00,2026-07-05,11,Morning,Neem Bar Soap,1.27,60.0,33.9,Material Shortage,26.1,76,29,1,28,2.16,96.55,38.16,43.5,87.49,36.75,2.94,12.41,3
PureGlow Soaps International (Fictional Dummy Company),Global Manufacturing Head - PureGlow Soaps,Australia,New Zealand,Christchurch,FCT031,Christchurch Soap Plant,LN0092,Line-2,2026-07-05 11:00:00,2026-07-05,11,Morning,Neem Bar Soap,1.48,60.0,40.9,Machine Breakdown,19.1,89,26,1,25,3.31,96.15,29.21,31.83,91.98,28.15,2.22,7.04,1
PureGlow Soaps International (Fictional Dummy Company),Global Manufacturing Head - PureGlow Soaps,Australia,New Zealand,Christchurch,FCT031,Christchurch Soap Plant,LN0093,Line-3,2026-07-05 11:00:00,2026-07-05,11,Morning,Coconut Bar Soap,0.78,60.0,13.6,Changeover/Setup,46.4,47,31,2,29,5.11,93.55,65.96,77.33,85.65,61.96,2.93,22.26,3
PureGlow Soaps International (Fictional Dummy Company),Global Manufacturing Head - PureGlow Soaps,Australia,New Zealand,Christchurch,FCT031,Christchurch Soap Plant,LN0091,Line-1,2026-07-05 12:00:00,2026-07-05,12,Morning,Neem Bar Soap,1.27,60.0,15.7,Quality Hold,44.3,76,53,4,49,6.79,92.45,69.74,73.83,94.2,64.3,4.53,21.65,2
PureGlow Soaps International (Fictional Dummy Company),Global Manufacturing Head - PureGlow Soaps,Australia,New Zealand,Christchurch,FCT031,Christchurch Soap Plant,LN0092,Line-2,2026-07-05 12:00:00,2026-07-05,12,Morning,Neem Bar Soap,1.48,60.0,10.9,Staff Shortage,49.1,89,65,3,62,4.82,95.38,73.03,81.83,89.45,69.82,6.42,17.38,3
PureGlow Soaps International (Fictional Dummy Company),Global Manufacturing Head - PureGlow Soaps,Australia,New Zealand,Christchurch,FCT031,Christchurch Soap Plant,LN0093,Line-3,2026-07-05 12:00:00,2026-07-05,12,Morning,Coconut Bar Soap,0.78,60.0,1.4,No Downtime,58.6,47,45,2,43,3.69,95.56,95.74,97.67,98.45,91.89,4.18,32.99,2
PureGlow Soaps International (Fictional Dummy Company),Global Manufacturing Head - PureGlow Soaps,Australia,New Zealand,Christchurch,FCT031,Christchurch Soap Plant,LN0091,Line-1,2026-07-05 13:00:00,2026-07-05,13,Morning,Neem Bar Soap,1.27,60.0,13.7,Changeover/Setup,46.3,76,60,2,58,3.82,96.67,78.95,77.17,102.04,76.12,5.11,22.21,3
PureGlow Soaps International (Fictional Dummy Company),Global Manufacturing Head - PureGlow Soaps,Australia,New Zealand,Christchurch,FCT031,Christchurch Soap Plant,LN0092,Line-2,2026-07-05 13:00:00,2026-07-05,13,Morning,Neem Bar Soap,1.48,60.0,2.3,No Downtime,57.7,89,75,3,72,4.56,96.0,84.27,96.17,87.83,81.09,8.05,21.49,1
PureGlow Soaps International (Fictional Dummy Company),Global Manufacturing Head - PureGlow Soaps,Australia,New Zealand,Christchurch,FCT031,Christchurch Soap Plant,LN0093,Line-3,2026-07-05 13:00:00,2026-07-05,13,Morning,Coconut Bar Soap,0.78,60.0,11.0,Quality Hold,49.0,47,39,3,36,7.78,92.31,82.98,81.67,102.04,76.93,3.99,26.43,3
PureGlow Soaps International (Fictional Dummy Company),Global Manufacturing Head - PureGlow Soaps,Australia,New Zealand,Christchurch,FCT031,Christchurch Soap Plant,LN0091,Line-1,2026-07-05 14:00:00,2026-07-05,14,Afternoon,Neem Bar Soap,1.27,60.0,1.6,No Downtime,58.4,76,66,2,64,2.71,96.97,86.84,97.33,88.99,83.99,5.7,26.87,1
PureGlow Soaps International (Fictional Dummy Company),Global Manufacturing Head - PureGlow Soaps,Australia,New Zealand,Christchurch,FCT031,Christchurch Soap Plant,LN0092,Line-2,2026-07-05 14:00:00,2026-07-05,14,Afternoon,Neem Bar Soap,1.48,60.0,18.7,Material Shortage,41.3,89,57,2,55,3.15,96.49,64.04,68.83,93.25,61.93,5.53,15.23,3
PureGlow Soaps International (Fictional Dummy Company),Global Manufacturing Head - PureGlow Soaps,Australia,New Zealand,Christchurch,FCT031,Christchurch Soap Plant,LN0093,Line-3,2026-07-05 14:00:00,2026-07-05,14,Afternoon,Coconut Bar Soap,0.78,60.0,1.2,No Downtime,58.8,47,40,1,39,1.35,97.5,85.11,98.0,87.21,83.33,3.96,29.21,3
PureGlow Soaps International (Fictional Dummy Company),Global Manufacturing Head - PureGlow Soaps,Australia,New Zealand,Christchurch,FCT031,Christchurch Soap Plant,LN0091,Line-1,2026-07-05 15:00:00,2026-07-05,15,Afternoon,Neem Bar Soap,1.27,60.0,33.8,Machine Breakdown,26.2,76,30,1,29,2.96,96.67,39.47,43.67,90.16,38.06,3.21,13.05,3
PureGlow Soaps International (Fictional Dummy Company),Global Manufacturing Head - PureGlow Soaps,Australia,New Zealand,Christchurch,FCT031,Christchurch Soap Plant,LN0092,Line-2,2026-07-05 15:00:00,2026-07-05,15,Afternoon,Neem Bar Soap,1.48,60.0,3.1,No Downtime,56.9,89,82,1,81,0.94,98.78,92.13,94.83,97.37,91.21,7.86,21.74,1
PureGlow Soaps International (Fictional Dummy Company),Global Manufacturing Head - PureGlow Soaps,Australia,New Zealand,Christchurch,FCT031,Christchurch Soap Plant,LN0093,Line-3,2026-07-05 15:00:00,2026-07-05,15,Afternoon,Coconut Bar Soap,0.78,60.0,5.9,Changeover/Setup,54.1,47,43,1,42,2.49,97.67,91.49,90.17,101.9,89.74,4.51,28.56,3
PureGlow Soaps International (Fictional Dummy Company),Global Manufacturing Head - PureGlow Soaps,Australia,New Zealand,Christchurch,FCT031,Christchurch Soap Plant,LN0091,Line-1,2026-07-05 16:00:00,2026-07-05,16,Afternoon,Neem Bar Soap,1.27,60.0,44.4,Machine Breakdown,15.6,76,18,1,17,3.09,94.44,23.68,26.0,90.85,22.31,1.58,7.41,1
PureGlow Soaps International (Fictional Dummy Company),Global Manufacturing Head - PureGlow Soaps,Australia,New Zealand,Christchurch,FCT031,Christchurch Soap Plant,LN0092,Line-2,2026-07-05 16:00:00,2026-07-05,16,Afternoon,Neem Bar Soap,1.48,60.0,26.2,Preventive Maintenance,33.8,89,44,1,43,3.21,97.73,49.44,56.33,87.96,48.42,4.19,12.17,3
PureGlow Soaps International (Fictional Dummy Company),Global Manufacturing Head - PureGlow Soaps,Australia,New Zealand,Christchurch,FCT031,Christchurch Soap Plant,LN0093,Line-3,2026-07-05 16:00:00,2026-07-05,16,Afternoon,Coconut Bar Soap,0.78,60.0,3.8,No Downtime,56.2,47,44,2,42,4.55,95.45,93.62,93.67,100.37,89.74,4.78,28.64,2
PureGlow Soaps International (Fictional Dummy Company),Global Manufacturing Head - PureGlow Soaps,Australia,New Zealand,Christchurch,FCT031,Christchurch Soap Plant,LN0091,Line-1,2026-07-05 17:00:00,2026-07-05,17,Afternoon,Neem Bar Soap,1.27,60.0,3.5,No Downtime,56.5,76,71,1,70,0.79,98.59,93.42,94.17,98.95,91.87,6.58,23.48,2
PureGlow Soaps International (Fictional Dummy Company),Global Manufacturing Head - PureGlow Soaps,Australia,New Zealand,Christchurch,FCT031,Christchurch Soap Plant,LN0092,Line-2,2026-07-05 17:00:00,2026-07-05,17,Afternoon,Neem Bar Soap,1.48,60.0,4.0,No Downtime,56.0,89,74,2,72,2.43,97.3,83.15,93.33,89.29,81.08,6.99,18.51,3
PureGlow Soaps International (Fictional Dummy Company),Global Manufacturing Head - PureGlow Soaps,Australia,New Zealand,Christchurch,FCT031,Christchurch Soap Plant,LN0093,Line-3,2026-07-05 17:00:00,2026-07-05,17,Afternoon,Coconut Bar Soap,0.78,60.0,35.2,Preventive Maintenance,24.8,47,16,1,15,4.97,93.75,34.04,41.33,82.71,32.05,1.55,13.01,1
PureGlow Soaps International (Fictional Dummy Company),Global Manufacturing Head - PureGlow Soaps,Australia,New Zealand,Christchurch,FCT031,Christchurch Soap Plant,LN0091,Line-1,2026-07-05 18:00:00,2026-07-05,18,Afternoon,Neem Bar Soap,1.27,60.0,18.9,Changeover/Setup,41.1,76,50,1,49,2.4,98.0,65.79,68.5,95.79,64.3,4.39,20.04,1
PureGlow Soaps International (Fictional Dummy Company),Global Manufacturing Head - PureGlow Soaps,Australia,New Zealand,Christchurch,FCT031,Christchurch Soap Plant,LN0092,Line-2,2026-07-05 18:00:00,2026-07-05,18,Afternoon,Neem Bar Soap,1.48,60.0,9.7,Changeover/Setup,50.3,89,64,2,62,2.64,96.88,71.91,83.83,85.97,69.82,6.33,19.18,2
PureGlow Soaps International (Fictional Dummy Company),Global Manufacturing Head - PureGlow Soaps,Australia,New Zealand,Christchurch,FCT031,Christchurch Soap Plant,LN0093,Line-3,2026-07-05 18:00:00,2026-07-05,18,Afternoon,Coconut Bar Soap,0.78,60.0,4.0,No Downtime,56.0,47,45,1,44,1.89,97.78,95.74,93.33,103.02,94.01,4.16,31.58,1
PureGlow Soaps International (Fictional Dummy Company),Global Manufacturing Head - PureGlow Soaps,Australia,New Zealand,Christchurch,FCT031,Christchurch Soap Plant,LN0091,Line-1,2026-07-05 19:00:00,2026-07-05,19,Afternoon,Neem Bar Soap,1.27,60.0,24.7,Preventive Maintenance,35.3,76,43,1,42,2.54,97.67,56.58,58.83,95.92,55.11,4.03,15.35,1
PureGlow Soaps International (Fictional Dummy Company),Global Manufacturing Head - PureGlow Soaps,Australia,New Zealand,Christchurch,FCT031,Christchurch Soap Plant,LN0092,Line-2,2026-07-05 19:00:00,2026-07-05,19,Afternoon,Neem Bar Soap,1.48,60.0,2.3,No Downtime,57.7,89,87,3,84,3.19,96.55,97.75,96.17,101.88,94.6,7.96,23.1,1
PureGlow Soaps International (Fictional Dummy Company),Global Manufacturing Head - PureGlow Soaps,Australia,New Zealand,Christchurch,FCT031,Christchurch Soap Plant,LN0093,Line-3,2026-07-05 19:00:00,2026-07-05,19,Afternoon,Coconut Bar Soap,0.78,60.0,23.3,Machine Breakdown,36.7,47,29,1,28,1.87,96.55,61.7,61.17,101.31,59.83,2.99,19.14,3
PureGlow Soaps International (Fictional Dummy Company),Global Manufacturing Head - PureGlow Soaps,Australia,New Zealand,Christchurch,FCT031,Christchurch Soap Plant,LN0091,Line-1,2026-07-05 20:00:00,2026-07-05,20,Afternoon,Neem Bar Soap,1.27,60.0,1.2,No Downtime,58.8,76,73,0,73,0.55,100.0,96.05,98.0,97.76,95.8,7.72,29.67,2
PureGlow Soaps International (Fictional Dummy Company),Global Manufacturing Head - PureGlow Soaps,Australia,New Zealand,Christchurch,FCT031,Christchurch Soap Plant,LN0092,Line-2,2026-07-05 20:00:00,2026-07-05,20,Afternoon,Neem Bar Soap,1.48,60.0,3.5,No Downtime,56.5,89,71,2,69,2.14,97.18,79.78,94.17,84.91,77.7,7.81,20.83,2
PureGlow Soaps International (Fictional Dummy Company),Global Manufacturing Head - PureGlow Soaps,Australia,New Zealand,Christchurch,FCT031,Christchurch Soap Plant,LN0093,Line-3,2026-07-05 20:00:00,2026-07-05,20,Afternoon,Coconut Bar Soap,0.78,60.0,0.1,No Downtime,59.9,47,45,1,44,3.21,97.78,95.74,99.83,96.31,94.01,4.94,31.6,3
PureGlow Soaps International (Fictional Dummy Company),Global Manufacturing Head - PureGlow Soaps,Australia,New Zealand,Christchurch,FCT031,Christchurch Soap Plant,LN0091,Line-1,2026-07-05 21:00:00,2026-07-05,21,Afternoon,Neem Bar Soap,1.27,60.0,5.3,Changeover/Setup,54.7,76,59,1,58,2.07,98.31,77.63,91.17,84.93,76.12,5.43,23.25,1
PureGlow Soaps International (Fictional Dummy Company),Global Manufacturing Head - PureGlow Soaps,Australia,New Zealand,Christchurch,FCT031,Christchurch Soap Plant,LN0092,Line-2,2026-07-05 21:00:00,2026-07-05,21,Afternoon,Neem Bar Soap,1.48,60.0,21.5,Material Shortage,38.5,89,46,2,44,3.78,95.65,51.69,64.17,80.73,49.55,3.93,13.69,2
PureGlow Soaps International (Fictional Dummy Company),Global Manufacturing Head - PureGlow Soaps,Australia,New Zealand,Christchurch,FCT031,Christchurch Soap Plant,LN0093,Line-3,2026-07-05 21:00:00,2026-07-05,21,Afternoon,Coconut Bar Soap,0.78,60.0,17.4,Quality Hold,42.6,47,28,3,25,9.69,89.29,59.57,71.0,84.27,53.42,2.73,23.55,1
PureGlow Soaps International (Fictional Dummy Company),Global Manufacturing Head - PureGlow Soaps,Australia,New Zealand,Christchurch,FCT031,Christchurch Soap Plant,LN0091,Line-1,2026-07-05 22:00:00,2026-07-05,22,Night,Neem Bar Soap,1.27,60.0,0.2,No Downtime,59.8,76,64,1,63,0.88,98.44,84.21,99.67,84.27,82.68,6.75,27.81,2
PureGlow Soaps International (Fictional Dummy Company),Global Manufacturing Head - PureGlow Soaps,Australia,New Zealand,Christchurch,FCT031,Christchurch Soap Plant,LN0092,Line-2,2026-07-05 22:00:00,2026-07-05,22,Night,Neem Bar Soap,1.48,60.0,2.2,No Downtime,57.8,89,70,3,67,4.78,95.71,78.65,96.33,81.83,75.45,6.09,22.51,1
PureGlow Soaps International (Fictional Dummy Company),Global Manufacturing Head - PureGlow Soaps,Australia,New Zealand,Christchurch,FCT031,Christchurch Soap Plant,LN0093,Line-3,2026-07-05 22:00:00,2026-07-05,22,Night,Coconut Bar Soap,0.78,60.0,3.9,No Downtime,56.1,47,38,2,36,4.55,94.74,80.85,93.5,86.84,76.92,4.14,29.27,2
PureGlow Soaps International (Fictional Dummy Company),Global Manufacturing Head - PureGlow Soaps,Australia,New Zealand,Christchurch,FCT031,Christchurch Soap Plant,LN0091,Line-1,2026-07-05 23:00:00,2026-07-05,23,Night,Neem Bar Soap,1.27,60.0,0.6,No Downtime,59.4,76,61,2,59,2.71,96.72,80.26,99.0,80.86,77.43,6.36,29.21,3
PureGlow Soaps International (Fictional Dummy Company),Global Manufacturing Head - PureGlow Soaps,Australia,New Zealand,Christchurch,FCT031,Christchurch Soap Plant,LN0092,Line-2,2026-07-05 23:00:00,2026-07-05,23,Night,Neem Bar Soap,1.48,60.0,10.1,Staff Shortage,49.9,89,63,2,61,3.13,96.83,70.79,83.17,85.31,68.7,5.39,18.43,1
PureGlow Soaps International (Fictional Dummy Company),Global Manufacturing Head - PureGlow Soaps,Australia,New Zealand,Christchurch,FCT031,Christchurch Soap Plant,LN0093,Line-3,2026-07-05 23:00:00,2026-07-05,23,Night,Coconut Bar Soap,0.78,60.0,8.4,Power Outage,51.6,47,41,1,40,1.58,97.56,87.23,86.0,101.87,85.47,3.91,27.51,2
PureGlow Soaps International (Fictional Dummy Company),Global Manufacturing Head - PureGlow Soaps,Australia,New Zealand,Christchurch,FCT031,Christchurch Soap Plant,LN0091,Line-1,2026-07-06 00:00:00,2026-07-06,0,Night,Aloe Vera Liquid Soap,1.27,60.0,18.8,Machine Breakdown,41.2,76,44,2,42,3.55,95.45,57.89,68.67,84.09,55.12,4.49,19.36,3
PureGlow Soaps International (Fictional Dummy Company),Global Manufacturing Head - PureGlow Soaps,Australia,New Zealand,Christchurch,FCT031,Christchurch Soap Plant,LN0092,Line-2,2026-07-06 00:00:00,2026-07-06,0,Night,Charcoal Bar Soap,1.48,60.0,26.4,Material Shortage,33.6,89,41,0,41,1.03,100.0,46.07,56.0,82.45,46.17,3.58,11.59,1
PureGlow Soaps International (Fictional Dummy Company),Global Manufacturing Head - PureGlow Soaps,Australia,New Zealand,Christchurch,FCT031,Christchurch Soap Plant,LN0093,Line-3,2026-07-06 00:00:00,2026-07-06,0,Night,Rose Bar Soap,0.78,60.0,14.1,Power Outage,45.9,47,30,1,29,2.4,96.67,63.83,76.5,83.79,61.96,3.06,24.73,3
PureGlow Soaps International (Fictional Dummy Company),Global Manufacturing Head - PureGlow Soaps,Australia,New Zealand,Christchurch,FCT031,Christchurch Soap Plant,LN0091,Line-1,2026-07-06 01:00:00,2026-07-06,1,Night,Aloe Vera Liquid Soap,1.27,60.0,12.5,Material Shortage,47.5,76,56,2,54,4.09,96.43,73.68,79.17,92.83,70.87,4.8,21.77,2
PureGlow Soaps International (Fictional Dummy Company),Global Manufacturing Head - PureGlow Soaps,Australia,New Zealand,Christchurch,FCT031,Christchurch Soap Plant,LN0092,Line-2,2026-07-06 01:00:00,2026-07-06,1,Night,Charcoal Bar Soap,1.48,60.0,1.5,No Downtime,58.5,89,78,1,77,0.86,98.72,87.64,97.5,90.09,86.71,8.34,21.38,2
PureGlow Soaps International (Fictional Dummy Company),Global Manufacturing Head - PureGlow Soaps,Australia,New Zealand,Christchurch,FCT031,Christchurch Soap Plant,LN0093,Line-3,2026-07-06 01:00:00,2026-07-06,1,Night,Rose Bar Soap,0.78,60.0,7.3,Quality Hold,52.7,47,33,2,31,6.99,93.94,70.21,87.83,80.28,66.24,3.61,27.38,1
PureGlow Soaps International (Fictional Dummy Company),Global Manufacturing Head - PureGlow Soaps,Australia,New Zealand,Christchurch,FCT031,Christchurch Soap Plant,LN0091,Line-1,2026-07-06 02:00:00,2026-07-06,2,Night,Aloe Vera Liquid Soap,1.27,60.0,25.3,Material Shortage,34.7,76,38,1,37,2.09,97.37,50.0,57.83,86.23,48.56,3.27,15.81,1
PureGlow Soaps International (Fictional Dummy Company),Global Manufacturing Head - PureGlow Soaps,Australia,New Zealand,Christchurch,FCT031,Christchurch Soap Plant,LN0092,Line-2,2026-07-06 02:00:00,2026-07-06,2,Night,Charcoal Bar Soap,1.48,60.0,25.3,Power Outage,34.7,89,45,2,43,3.73,95.56,50.56,57.83,87.62,48.42,4.52,13.28,1
PureGlow Soaps International (Fictional Dummy Company),Global Manufacturing Head - PureGlow Soaps,Australia,New Zealand,Christchurch,FCT031,Christchurch Soap Plant,LN0093,Line-3,2026-07-06 02:00:00,2026-07-06,2,Night,Rose Bar Soap,0.78,60.0,1.7,No Downtime,58.3,47,39,1,38,3.33,97.44,82.98,97.17,85.76,81.2,3.77,33.74,1
PureGlow Soaps International (Fictional Dummy Company),Global Manufacturing Head - PureGlow Soaps,Australia,New Zealand,Christchurch,FCT031,Christchurch Soap Plant,LN0091,Line-1,2026-07-06 03:00:00,2026-07-06,3,Night,Aloe Vera Liquid Soap,1.27,60.0,39.0,Machine Breakdown,21.0,76,26,1,25,2.78,96.15,34.21,35.0,97.49,32.81,2.61,10.6,3
PureGlow Soaps International (Fictional Dummy Company),Global Manufacturing Head - PureGlow Soaps,Australia,New Zealand,Christchurch,FCT031,Christchurch Soap Plant,LN0092,Line-2,2026-07-06 03:00:00,2026-07-06,3,Night,Charcoal Bar Soap,1.48,60.0,0.2,No Downtime,59.8,89,78,5,73,5.95,93.59,87.64,99.67,88.13,82.21,6.8,20.09,1
PureGlow Soaps International (Fictional Dummy Company),Global Manufacturing Head - PureGlow Soaps,Australia,New Zealand,Christchurch,FCT031,Christchurch Soap Plant,LN0093,Line-3,2026-07-06 03:00:00,2026-07-06,3,Night,Rose Bar Soap,0.78,60.0,11.7,Staff Shortage,48.3,47,39,1,38,2.69,97.44,82.98,80.5,103.52,81.2,4.19,27.21,2
PureGlow Soaps International (Fictional Dummy Company),Global Manufacturing Head - PureGlow Soaps,Australia,New Zealand,Christchurch,FCT031,Christchurch Soap Plant,LN0091,Line-1,2026-07-06 04:00:00,2026-07-06,4,Night,Aloe Vera Liquid Soap,1.27,60.0,14.5,Machine Breakdown,45.5,76,49,3,46,5.49,93.88,64.47,75.83,84.8,60.37,4.21,19.4,2
PureGlow Soaps International (Fictional Dummy Company),Global Manufacturing Head - PureGlow Soaps,Australia,New Zealand,Christchurch,FCT031,Christchurch Soap Plant,LN0092,Line-2,2026-07-06 04:00:00,2026-07-06,4,Night,Charcoal Bar Soap,1.48,60.0,3.5,No Downtime,56.5,89,75,1,74,1.49,98.67,84.27,94.17,89.69,83.34,7.06,20.22,1
PureGlow Soaps International (Fictional Dummy Company),Global Manufacturing Head - PureGlow Soaps,Australia,New Zealand,Christchurch,FCT031,Christchurch Soap Plant,LN0093,Line-3,2026-07-06 04:00:00,2026-07-06,4,Night,Rose Bar Soap,0.78,60.0,19.4,Changeover/Setup,40.6,47,26,1,25,3.09,96.15,55.32,67.67,82.1,53.42,2.78,21.79,3
PureGlow Soaps International (Fictional Dummy Company),Global Manufacturing Head - PureGlow Soaps,Australia,New Zealand,Christchurch,FCT031,Christchurch Soap Plant,LN0091,Line-1,2026-07-06 05:00:00,2026-07-06,5,Night,Aloe Vera Liquid Soap,1.27,60.0,5.6,Staff Shortage,54.4,76,56,2,54,3.32,96.43,73.68,90.67,81.06,70.87,5.98,26.53,1
PureGlow Soaps International (Fictional Dummy Company),Global Manufacturing Head - PureGlow Soaps,Australia,New Zealand,Christchurch,FCT031,Christchurch Soap Plant,LN0092,Line-2,2026-07-06 05:00:00,2026-07-06,5,Night,Charcoal Bar Soap,1.48,60.0,3.3,No Downtime,56.7,89,72,3,69,3.68,95.83,80.9,94.5,85.8,77.7,7.31,20.93,2
PureGlow Soaps International (Fictional Dummy Company),Global Manufacturing Head - PureGlow Soaps,Australia,New Zealand,Christchurch,FCT031,Christchurch Soap Plant,LN0093,Line-3,2026-07-06 05:00:00,2026-07-06,5,Night,Rose Bar Soap,0.78,60.0,32.4,Material Shortage,27.6,47,20,1,19,2.55,95.0,42.55,46.0,92.9,40.6,1.81,13.49,2
PureGlow Soaps International (Fictional Dummy Company),Global Manufacturing Head - PureGlow Soaps,Australia,New Zealand,Christchurch,FCT031,Christchurch Soap Plant,LN0091,Line-1,2026-07-06 06:00:00,2026-07-06,6,Morning,Aloe Vera Liquid Soap,1.27,60.0,1.1,No Downtime,58.9,76,62,1,61,2.21,98.39,81.58,98.17,82.88,80.05,6.29,28.93,1
PureGlow Soaps International (Fictional Dummy Company),Global Manufacturing Head - PureGlow Soaps,Australia,New Zealand,Christchurch,FCT031,Christchurch Soap Plant,LN0092,Line-2,2026-07-06 06:00:00,2026-07-06,6,Morning,Charcoal Bar Soap,1.48,60.0,15.0,Quality Hold,45.0,89,58,5,53,9.11,91.38,65.17,75.0,87.09,59.69,5.82,17.99,1
PureGlow Soaps International (Fictional Dummy Company),Global Manufacturing Head - PureGlow Soaps,Australia,New Zealand,Christchurch,FCT031,Christchurch Soap Plant,LN0093,Line-3,2026-07-06 06:00:00,2026-07-06,6,Morning,Rose Bar Soap,0.78,60.0,34.6,Preventive Maintenance,25.4,47,19,1,18,3.76,94.74,40.43,42.33,95.9,38.46,1.88,12.16,3
PureGlow Soaps International (Fictional Dummy Company),Global Manufacturing Head - PureGlow Soaps,Australia,New Zealand,Christchurch,FCT031,Christchurch Soap Plant,LN0091,Line-1,2026-07-06 07:00:00,2026-07-06,7,Morning,Aloe Vera Liquid Soap,1.27,60.0,10.6,Material Shortage,49.4,76,54,3,51,5.09,94.44,71.05,82.33,86.07,66.92,5.08,22.04,3
PureGlow Soaps International (Fictional Dummy Company),Global Manufacturing Head - PureGlow Soaps,Australia,New Zealand,Christchurch,FCT031,Christchurch Soap Plant,LN0092,Line-2,2026-07-06 07:00:00,2026-07-06,7,Morning,Charcoal Bar Soap,1.48,60.0,14.2,Changeover/Setup,45.8,89,56,1,55,2.14,98.21,62.92,76.33,82.62,61.94,5.04,15.82,3
PureGlow Soaps International (Fictional Dummy Company),Global Manufacturing Head - PureGlow Soaps,Australia,New Zealand,Christchurch,FCT031,Christchurch Soap Plant,LN0093,Line-3,2026-07-06 07:00:00,2026-07-06,7,Morning,Rose Bar Soap,0.78,60.0,16.5,Changeover/Setup,43.5,47,29,1,28,2.04,96.55,61.7,72.5,85.47,59.83,2.49,23.21,1
PureGlow Soaps International (Fictional Dummy Company),Global Manufacturing Head - PureGlow Soaps,Australia,New Zealand,Christchurch,FCT031,Christchurch Soap Plant,LN0091,Line-1,2026-07-06 08:00:00,2026-07-06,8,Morning,Aloe Vera Liquid Soap,1.27,60.0,13.9,Staff Shortage,46.1,76,47,1,46,2.21,97.87,61.84,76.83,80.28,60.37,4.78,22.01,2
PureGlow Soaps International (Fictional Dummy Company),Global Manufacturing Head - PureGlow Soaps,Australia,New Zealand,Christchurch,FCT031,Christchurch Soap Plant,LN0092,Line-2,2026-07-06 08:00:00,2026-07-06,8,Morning,Charcoal Bar Soap,1.48,60.0,15.4,Machine Breakdown,44.6,89,58,2,56,3.44,96.55,65.17,74.33,87.87,63.06,5.08,14.99,1
PureGlow Soaps International (Fictional Dummy Company),Global Manufacturing Head - PureGlow Soaps,Australia,New Zealand,Christchurch,FCT031,Christchurch Soap Plant,LN0093,Line-3,2026-07-06 08:00:00,2026-07-06,8,Morning,Rose Bar Soap,0.78,60.0,3.5,No Downtime,56.5,47,43,0,43,1.07,100.0,91.49,94.17,97.57,91.88,3.9,28.26,2
PureGlow Soaps International (Fictional Dummy Company),Global Manufacturing Head - PureGlow Soaps,Australia,New Zealand,Christchurch,FCT031,Christchurch Soap Plant,LN0091,Line-1,2026-07-06 09:00:00,2026-07-06,9,Morning,Aloe Vera Liquid Soap,1.27,60.0,1.5,No Downtime,58.5,76,71,2,69,3.5,97.18,93.42,97.5,95.56,90.54,6.53,24.4,1
PureGlow Soaps International (Fictional Dummy Company),Global Manufacturing Head - PureGlow Soaps,Australia,New Zealand,Christchurch,FCT031,Christchurch Soap Plant,LN0092,Line-2,2026-07-06 09:00:00,2026-07-06,9,Morning,Charcoal Bar Soap,1.48,60.0,2.7,No Downtime,57.3,89,79,4,75,5.31,94.94,88.76,95.5,93.16,84.47,7.46,22.72,1
PureGlow Soaps International (Fictional Dummy Company),Global Manufacturing Head - PureGlow Soaps,Australia,New Zealand,Christchurch,FCT031,Christchurch Soap Plant,LN0093,Line-3,2026-07-06 09:00:00,2026-07-06,9,Morning,Rose Bar Soap,0.78,60.0,2.4,No Downtime,57.6,47,44,1,43,1.14,97.73,93.62,96.0,97.93,91.88,3.83,28.46,2
PureGlow Soaps International (Fictional Dummy Company),Global Manufacturing Head - PureGlow Soaps,Australia,New Zealand,Christchurch,FCT031,Christchurch Soap Plant,LN0091,Line-1,2026-07-06 10:00:00,2026-07-06,10,Morning,Aloe Vera Liquid Soap,1.27,60.0,29.7,Material Shortage,30.3,76,35,2,33,4.98,94.29,46.05,50.5,90.95,43.31,3.79,12.72,3
PureGlow Soaps International (Fictional Dummy Company),Global Manufacturing Head - PureGlow Soaps,Australia,New Zealand,Christchurch,FCT031,Christchurch Soap Plant,LN0092,Line-2,2026-07-06 10:00:00,2026-07-06,10,Morning,Charcoal Bar Soap,1.48,60.0,10.1,Changeover/Setup,49.9,89,68,2,66,2.78,97.06,76.4,83.17,92.08,74.33,6.26,19.68,2
PureGlow Soaps International (Fictional Dummy Company),Global Manufacturing Head - PureGlow Soaps,Australia,New Zealand,Christchurch,FCT031,Christchurch Soap Plant,LN0093,Line-3,2026-07-06 10:00:00,2026-07-06,10,Morning,Rose Bar Soap,0.78,60.0,13.3,Machine Breakdown,46.7,47,36,1,35,4.08,97.22,76.6,77.83,98.83,74.78,3.67,22.79,1
PureGlow Soaps International (Fictional Dummy Company),Global Manufacturing Head - PureGlow Soaps,Australia,New Zealand,Christchurch,FCT031,Christchurch Soap Plant,LN0091,Line-1,2026-07-06 11:00:00,2026-07-06,11,Morning,Aloe Vera Liquid Soap,1.27,60.0,1.7,No Downtime,58.3,76,66,0,66,0.49,100.0,86.84,97.17,89.14,86.62,5.81,24.72,2
PureGlow Soaps International (Fictional Dummy Company),Global Manufacturing Head - PureGlow Soaps,Australia,New Zealand,Christchurch,FCT031,Christchurch Soap Plant,LN0092,Line-2,2026-07-06 11:00:00,2026-07-06,11,Morning,Charcoal Bar Soap,1.48,60.0,11.6,Machine Breakdown,48.4,89,67,2,65,3.13,97.01,75.28,80.67,93.53,73.19,6.05,16.47,2
PureGlow Soaps International (Fictional Dummy Company),Global Manufacturing Head - PureGlow Soaps,Australia,New Zealand,Christchurch,FCT031,Christchurch Soap Plant,LN0093,Line-3,2026-07-06 11:00:00,2026-07-06,11,Morning,Rose Bar Soap,0.78,60.0,13.8,Changeover/Setup,46.2,47,29,1,28,2.6,96.55,61.7,77.0,80.48,59.83,3.05,25.22,3
PureGlow Soaps International (Fictional Dummy Company),Global Manufacturing Head - PureGlow Soaps,Australia,New Zealand,Christchurch,FCT031,Christchurch Soap Plant,LN0091,Line-1,2026-07-06 12:00:00,2026-07-06,12,Morning,Aloe Vera Liquid Soap,1.27,60.0,5.5,Quality Hold,54.5,76,68,5,63,7.73,92.65,89.47,90.83,98.24,82.67,6.43,23.41,2
PureGlow Soaps International (Fictional Dummy Company),Global Manufacturing Head - PureGlow Soaps,Australia,New Zealand,Christchurch,FCT031,Christchurch Soap Plant,LN0092,Line-2,2026-07-06 12:00:00,2026-07-06,12,Morning,Charcoal Bar Soap,1.48,60.0,0.2,No Downtime,59.8,89,84,3,81,3.78,96.43,94.38,99.67,94.91,91.22,7.55,21.82,1
PureGlow Soaps International (Fictional Dummy Company),Global Manufacturing Head - PureGlow Soaps,Australia,New Zealand,Christchurch,FCT031,Christchurch Soap Plant,LN0093,Line-3,2026-07-06 12:00:00,2026-07-06,12,Morning,Rose Bar Soap,0.78,60.0,3.3,No Downtime,56.7,47,37,1,36,1.88,97.3,78.72,94.5,83.66,76.92,3.85,28.77,2
PureGlow Soaps International (Fictional Dummy Company),Global Manufacturing Head - PureGlow Soaps,Australia,New Zealand,Christchurch,FCT031,Christchurch Soap Plant,LN0091,Line-1,2026-07-06 13:00:00,2026-07-06,13,Morning,Aloe Vera Liquid Soap,1.27,60.0,0.5,No Downtime,59.5,76,62,3,59,4.28,95.16,81.58,99.17,82.05,77.43,6.36,28.32,2
PureGlow Soaps International (Fictional Dummy Company),Global Manufacturing Head - PureGlow Soaps,Australia,New Zealand,Christchurch,FCT031,Christchurch Soap Plant,LN0092,Line-2,2026-07-06 13:00:00,2026-07-06,13,Morning,Charcoal Bar Soap,1.48,60.0,16.4,Power Outage,43.6,89,57,1,56,1.83,98.25,64.04,72.67,88.33,63.07,5.54,16.91,3
PureGlow Soaps International (Fictional Dummy Company),Global Manufacturing Head - PureGlow Soaps,Australia,New Zealand,Christchurch,FCT031,Christchurch Soap Plant,LN0093,Line-3,2026-07-06 13:00:00,2026-07-06,13,Morning,Rose Bar Soap,0.78,60.0,18.5,Material Shortage,41.5,47,32,0,32,0.35,100.0,68.09,69.17,98.86,68.38,2.92,22.33,1
PureGlow Soaps International (Fictional Dummy Company),Global Manufacturing Head - PureGlow Soaps,Australia,New Zealand,Christchurch,FCT031,Christchurch Soap Plant,LN0091,Line-1,2026-07-06 14:00:00,2026-07-06,14,Afternoon,Aloe Vera Liquid Soap,1.27,60.0,0.3,No Downtime,59.7,76,74,2,72,2.13,97.3,97.37,99.5,97.6,94.49,8.09,29.72,1
PureGlow Soaps International (Fictional Dummy Company),Global Manufacturing Head - PureGlow Soaps,Australia,New Zealand,Christchurch,FCT031,Christchurch Soap Plant,LN0092,Line-2,2026-07-06 14:00:00,2026-07-06,14,Afternoon,Charcoal Bar Soap,1.48,60.0,17.3,Changeover/Setup,42.7,89,52,2,50,3.23,96.15,58.43,71.17,82.28,56.3,4.89,15.21,1
PureGlow Soaps International (Fictional Dummy Company),Global Manufacturing Head - PureGlow Soaps,Australia,New Zealand,Christchurch,FCT031,Christchurch Soap Plant,LN0093,Line-3,2026-07-06 14:00:00,2026-07-06,14,Afternoon,Rose Bar Soap,0.78,60.0,17.5,Quality Hold,42.5,47,29,2,27,8.24,93.1,61.7,70.83,87.48,57.69,3.1,21.45,3
PureGlow Soaps International (Fictional Dummy Company),Global Manufacturing Head - PureGlow Soaps,Australia,New Zealand,Christchurch,FCT031,Christchurch Soap Plant,LN0091,Line-1,2026-07-06 15:00:00,2026-07-06,15,Afternoon,Aloe Vera Liquid Soap,1.27,60.0,0.9,No Downtime,59.1,76,65,2,63,3.47,96.92,85.53,98.5,86.6,82.67,6.78,27.48,1
PureGlow Soaps International (Fictional Dummy Company),Global Manufacturing Head - PureGlow Soaps,Australia,New Zealand,Christchurch,FCT031,Christchurch Soap Plant,LN0092,Line-2,2026-07-06 15:00:00,2026-07-06,15,Afternoon,Charcoal Bar Soap,1.48,60.0,18.4,Material Shortage,41.6,89,56,2,54,4.15,96.43,62.92,69.33,90.96,60.81,6.01,15.73,2
PureGlow Soaps International (Fictional Dummy Company),Global Manufacturing Head - PureGlow Soaps,Australia,New Zealand,Christchurch,FCT031,Christchurch Soap Plant,LN0093,Line-3,2026-07-06 15:00:00,2026-07-06,15,Afternoon,Rose Bar Soap,0.78,60.0,28.9,Machine Breakdown,31.1,47,20,1,19,4.07,95.0,42.55,51.83,82.45,40.6,1.77,14.84,1
PureGlow Soaps International (Fictional Dummy Company),Global Manufacturing Head - PureGlow Soaps,Australia,New Zealand,Christchurch,FCT031,Christchurch Soap Plant,LN0091,Line-1,2026-07-06 16:00:00,2026-07-06,16,Afternoon,Aloe Vera Liquid Soap,1.27,60.0,43.8,Machine Breakdown,16.2,76,21,1,20,5.16,95.24,27.63,27.0,102.07,26.25,2.02,7.89,3
PureGlow Soaps International (Fictional Dummy Company),Global Manufacturing Head - PureGlow Soaps,Australia,New Zealand,Christchurch,FCT031,Christchurch Soap Plant,LN0092,Line-2,2026-07-06 16:00:00,2026-07-06,16,Afternoon,Charcoal Bar Soap,1.48,60.0,2.0,No Downtime,58.0,89,70,2,68,2.94,97.14,78.65,96.67,81.55,76.58,7.2,22.13,2
PureGlow Soaps International (Fictional Dummy Company),Global Manufacturing Head - PureGlow Soaps,Australia,New Zealand,Christchurch,FCT031,Christchurch Soap Plant,LN0093,Line-3,2026-07-06 16:00:00,2026-07-06,16,Afternoon,Rose Bar Soap,0.78,60.0,19.1,Changeover/Setup,40.9,47,29,1,28,3.84,96.55,61.7,68.17,90.9,59.83,2.9,23.01,2
PureGlow Soaps International (Fictional Dummy Company),Global Manufacturing Head - PureGlow Soaps,Australia,New Zealand,Christchurch,FCT031,Christchurch Soap Plant,LN0091,Line-1,2026-07-06 17:00:00,2026-07-06,17,Afternoon,Aloe Vera Liquid Soap,1.27,60.0,1.8,No Downtime,58.2,76,69,3,66,4.46,95.65,90.79,97.0,93.35,86.61,6.41,24.3,3
PureGlow Soaps International (Fictional Dummy Company),Global Manufacturing Head - PureGlow Soaps,Australia,New Zealand,Christchurch,FCT031,Christchurch Soap Plant,LN0092,Line-2,2026-07-06 17:00:00,2026-07-06,17,Afternoon,Charcoal Bar Soap,1.48,60.0,0.4,No Downtime,59.6,89,73,4,69,5.79,94.52,82.02,99.33,82.76,77.7,7.33,20.8,2
PureGlow Soaps International (Fictional Dummy Company),Global Manufacturing Head - PureGlow Soaps,Australia,New Zealand,Christchurch,FCT031,Christchurch Soap Plant,LN0093,Line-3,2026-07-06 17:00:00,2026-07-06,17,Afternoon,Rose Bar Soap,0.78,60.0,1.9,No Downtime,58.1,47,40,1,39,2.81,97.5,85.11,96.83,88.27,83.34,3.84,31.93,3
PureGlow Soaps International (Fictional Dummy Company),Global Manufacturing Head - PureGlow Soaps,Australia,New Zealand,Christchurch,FCT031,Christchurch Soap Plant,LN0091,Line-1,2026-07-06 18:00:00,2026-07-06,18,Afternoon,Aloe Vera Liquid Soap,1.27,60.0,12.7,Power Outage,47.3,76,58,4,54,6.74,93.1,76.32,78.83,96.55,70.86,5.01,22.22,1
PureGlow Soaps International (Fictional Dummy Company),Global Manufacturing Head - PureGlow Soaps,Australia,New Zealand,Christchurch,FCT031,Christchurch Soap Plant,LN0092,Line-2,2026-07-06 18:00:00,2026-07-06,18,Afternoon,Charcoal Bar Soap,1.48,60.0,1.7,No Downtime,58.3,89,78,1,77,1.75,98.72,87.64,97.17,90.4,86.72,6.64,22.65,3
PureGlow Soaps International (Fictional Dummy Company),Global Manufacturing Head - PureGlow Soaps,Australia,New Zealand,Christchurch,FCT031,Christchurch Soap Plant,LN0093,Line-3,2026-07-06 18:00:00,2026-07-06,18,Afternoon,Rose Bar Soap,0.78,60.0,18.2,Material Shortage,41.8,47,33,2,31,4.67,93.94,70.21,69.67,101.21,66.24,3.12,22.29,2
PureGlow Soaps International (Fictional Dummy Company),Global Manufacturing Head - PureGlow Soaps,Australia,New Zealand,Christchurch,FCT031,Christchurch Soap Plant,LN0091,Line-1,2026-07-06 19:00:00,2026-07-06,19,Afternoon,Aloe Vera Liquid Soap,1.27,60.0,0.4,No Downtime,59.6,76,67,2,65,2.76,97.01,88.16,99.33,88.52,85.3,6.46,26.82,3
PureGlow Soaps International (Fictional Dummy Company),Global Manufacturing Head - PureGlow Soaps,Australia,New Zealand,Christchurch,FCT031,Christchurch Soap Plant,LN0092,Line-2,2026-07-06 19:00:00,2026-07-06,19,Afternoon,Charcoal Bar Soap,1.48,60.0,16.0,Quality Hold,44.0,89,54,4,50,7.92,92.59,60.67,73.33,82.92,56.3,5.6,15.6,2
PureGlow Soaps International (Fictional Dummy Company),Global Manufacturing Head - PureGlow Soaps,Australia,New Zealand,Christchurch,FCT031,Christchurch Soap Plant,LN0093,Line-3,2026-07-06 19:00:00,2026-07-06,19,Afternoon,Rose Bar Soap,0.78,60.0,16.6,Quality Hold,43.4,47,33,3,30,8.64,90.91,70.21,72.33,97.48,64.1,3.28,24.36,2
PureGlow Soaps International (Fictional Dummy Company),Global Manufacturing Head - PureGlow Soaps,Australia,New Zealand,Christchurch,FCT031,Christchurch Soap Plant,LN0091,Line-1,2026-07-06 20:00:00,2026-07-06,20,Afternoon,Aloe Vera Liquid Soap,1.27,60.0,0.6,No Downtime,59.4,76,71,3,68,3.59,95.77,93.42,99.0,94.12,89.24,7.66,27.22,2
PureGlow Soaps International (Fictional Dummy Company),Global Manufacturing Head - PureGlow Soaps,Australia,New Zealand,Christchurch,FCT031,Christchurch Soap Plant,LN0092,Line-2,2026-07-06 20:00:00,2026-07-06,20,Afternoon,Charcoal Bar Soap,1.48,60.0,33.5,Preventive Maintenance,26.5,89,32,1,31,3.12,96.88,35.96,44.17,81.59,34.91,3.02,9.93,1
PureGlow Soaps International (Fictional Dummy Company),Global Manufacturing Head - PureGlow Soaps,Australia,New Zealand,Christchurch,FCT031,Christchurch Soap Plant,LN0093,Line-3,2026-07-06 20:00:00,2026-07-06,20,Afternoon,Rose Bar Soap,0.78,60.0,5.7,Staff Shortage,54.3,47,44,1,43,2.56,97.73,93.62,90.5,103.89,91.89,3.94,27.17,1
PureGlow Soaps International (Fictional Dummy Company),Global Manufacturing Head - PureGlow Soaps,Australia,New Zealand,Christchurch,FCT031,Christchurch Soap Plant,LN0091,Line-1,2026-07-06 21:00:00,2026-07-06,21,Afternoon,Aloe Vera Liquid Soap,1.27,60.0,2.2,No Downtime,57.8,76,61,3,58,5.3,95.08,80.26,96.33,83.1,76.11,5.95,27.33,2
PureGlow Soaps International (Fictional Dummy Company),Global Manufacturing Head - PureGlow Soaps,Australia,New Zealand,Christchurch,FCT031,Christchurch Soap Plant,LN0092,Line-2,2026-07-06 21:00:00,2026-07-06,21,Afternoon,Charcoal Bar Soap,1.48,60.0,2.1,No Downtime,57.9,89,73,2,71,2.46,97.26,82.02,96.5,85.19,79.96,6.76,20.85,3
PureGlow Soaps International (Fictional Dummy Company),Global Manufacturing Head - PureGlow Soaps,Australia,New Zealand,Christchurch,FCT031,Christchurch Soap Plant,LN0093,Line-3,2026-07-06 21:00:00,2026-07-06,21,Afternoon,Rose Bar Soap,0.78,60.0,3.4,No Downtime,56.6,47,42,1,41,2.56,97.62,89.36,94.33,95.13,87.6,4.4,28.86,3
PureGlow Soaps International (Fictional Dummy Company),Global Manufacturing Head - PureGlow Soaps,Australia,New Zealand,Christchurch,FCT031,Christchurch Soap Plant,LN0091,Line-1,2026-07-06 22:00:00,2026-07-06,22,Night,Aloe Vera Liquid Soap,1.27,60.0,3.7,No Downtime,56.3,76,73,3,70,4.77,95.89,96.05,93.83,102.1,91.86,6.21,26.74,3
PureGlow Soaps International (Fictional Dummy Company),Global Manufacturing Head - PureGlow Soaps,Australia,New Zealand,Christchurch,FCT031,Christchurch Soap Plant,LN0092,Line-2,2026-07-06 22:00:00,2026-07-06,22,Night,Charcoal Bar Soap,1.48,60.0,5.2,Changeover/Setup,54.8,89,66,2,64,3.56,96.97,74.16,91.33,81.38,72.07,6.61,19.71,2
PureGlow Soaps International (Fictional Dummy Company),Global Manufacturing Head - PureGlow Soaps,Australia,New Zealand,Christchurch,FCT031,Christchurch Soap Plant,LN0093,Line-3,2026-07-06 22:00:00,2026-07-06,22,Night,Rose Bar Soap,0.78,60.0,3.8,No Downtime,56.2,47,44,2,42,4.39,95.45,93.62,93.67,100.37,89.74,4.34,26.77,1
PureGlow Soaps International (Fictional Dummy Company),Global Manufacturing Head - PureGlow Soaps,Australia,New Zealand,Christchurch,FCT031,Christchurch Soap Plant,LN0091,Line-1,2026-07-06 23:00:00,2026-07-06,23,Night,Aloe Vera Liquid Soap,1.27,60.0,27.7,Machine Breakdown,32.3,76,37,0,37,0.13,100.0,48.68,53.83,90.2,48.55,3.84,14.03,2
PureGlow Soaps International (Fictional Dummy Company),Global Manufacturing Head - PureGlow Soaps,Australia,New Zealand,Christchurch,FCT031,Christchurch Soap Plant,LN0092,Line-2,2026-07-06 23:00:00,2026-07-06,23,Night,Charcoal Bar Soap,1.48,60.0,10.7,Machine Breakdown,49.3,89,61,3,58,5.49,95.08,68.54,82.17,83.6,65.31,5.52,16.69,3
PureGlow Soaps International (Fictional Dummy Company),Global Manufacturing Head - PureGlow Soaps,Australia,New Zealand,Christchurch,FCT031,Christchurch Soap Plant,LN0093,Line-3,2026-07-06 23:00:00,2026-07-06,23,Night,Rose Bar Soap,0.78,60.0,2.3,No Downtime,57.7,47,43,0,43,1.06,100.0,91.49,96.17,95.54,91.88,4.66,28.01,1
PureGlow Soaps International (Fictional Dummy Company),Global Manufacturing Head - PureGlow Soaps,Australia,New Zealand,Christchurch,FCT031,Christchurch Soap Plant,LN0091,Line-1,2026-07-07 00:00:00,2026-07-07,0,Night,Aloe Vera Liquid Soap,1.27,60.0,1.6,No Downtime,58.4,76,62,3,59,4.8,95.16,81.58,97.33,83.59,77.42,5.57,26.07,2
PureGlow Soaps International (Fictional Dummy Company),Global Manufacturing Head - PureGlow Soaps,Australia,New Zealand,Christchurch,FCT031,Christchurch Soap Plant,LN0092,Line-2,2026-07-07 00:00:00,2026-07-07,0,Night,Charcoal Bar Soap,1.48,60.0,3.1,No Downtime,56.9,89,81,3,78,3.32,96.3,91.01,94.83,96.19,87.84,8.42,22.21,2
PureGlow Soaps International (Fictional Dummy Company),Global Manufacturing Head - PureGlow Soaps,Australia,New Zealand,Christchurch,FCT031,Christchurch Soap Plant,LN0093,Line-3,2026-07-07 00:00:00,2026-07-07,0,Night,Lavender Bar Soap,0.78,60.0,3.7,No Downtime,56.3,47,35,1,34,1.76,97.14,74.47,93.83,79.7,72.64,3.64,28.91,1
PureGlow Soaps International (Fictional Dummy Company),Global Manufacturing Head - PureGlow Soaps,Australia,New Zealand,Christchurch,FCT031,Christchurch Soap Plant,LN0091,Line-1,2026-07-07 01:00:00,2026-07-07,1,Night,Aloe Vera Liquid Soap,1.27,60.0,1.3,No Downtime,58.7,76,65,2,63,2.68,96.92,85.53,97.83,87.19,82.67,6.71,25.26,3
PureGlow Soaps International (Fictional Dummy Company),Global Manufacturing Head - PureGlow Soaps,Australia,New Zealand,Christchurch,FCT031,Christchurch Soap Plant,LN0092,Line-2,2026-07-07 01:00:00,2026-07-07,1,Night,Charcoal Bar Soap,1.48,60.0,18.9,Changeover/Setup,41.1,89,60,3,57,5.31,95.0,67.42,68.5,98.64,64.19,5.2,16.0,2
PureGlow Soaps International (Fictional Dummy Company),Global Manufacturing Head - PureGlow Soaps,Australia,New Zealand,Christchurch,FCT031,Christchurch Soap Plant,LN0093,Line-3,2026-07-07 01:00:00,2026-07-07,1,Night,Lavender Bar Soap,0.78,60.0,2.6,No Downtime,57.4,47,41,1,40,3.33,97.56,87.23,95.67,91.58,85.48,4.17,31.87,2
PureGlow Soaps International (Fictional Dummy Company),Global Manufacturing Head - PureGlow Soaps,Australia,New Zealand,Christchurch,FCT031,Christchurch Soap Plant,LN0091,Line-1,2026-07-07 02:00:00,2026-07-07,2,Night,Aloe Vera Liquid Soap,1.27,60.0,11.1,Power Outage,48.9,76,62,3,59,4.54,95.16,81.58,81.5,99.83,77.42,6.79,22.48,2
PureGlow Soaps International (Fictional Dummy Company),Global Manufacturing Head - PureGlow Soaps,Australia,New Zealand,Christchurch,FCT031,Christchurch Soap Plant,LN0092,Line-2,2026-07-07 02:00:00,2026-07-07,2,Night,Charcoal Bar Soap,1.48,60.0,0.3,No Downtime,59.7,89,78,2,76,2.27,97.44,87.64,99.5,88.28,85.59,8.04,23.21,3
PureGlow Soaps International (Fictional Dummy Company),Global Manufacturing Head - PureGlow Soaps,Australia,New Zealand,Christchurch,FCT031,Christchurch Soap Plant,LN0093,Line-3,2026-07-07 02:00:00,2026-07-07,2,Night,Lavender Bar Soap,0.78,60.0,7.6,Quality Hold,52.4,47,38,2,36,6.14,94.74,80.85,87.33,92.97,76.92,3.67,24.95,1
PureGlow Soaps International (Fictional Dummy Company),Global Manufacturing Head - PureGlow Soaps,Australia,New Zealand,Christchurch,FCT031,Christchurch Soap Plant,LN0091,Line-1,2026-07-07 03:00:00,2026-07-07,3,Night,Aloe Vera Liquid Soap,1.27,60.0,3.1,No Downtime,56.9,76,60,3,57,4.45,95.0,78.95,94.83,83.03,74.8,5.59,26.26,3
PureGlow Soaps International (Fictional Dummy Company),Global Manufacturing Head - PureGlow Soaps,Australia,New Zealand,Christchurch,FCT031,Christchurch Soap Plant,LN0092,Line-2,2026-07-07 03:00:00,2026-07-07,3,Night,Charcoal Bar Soap,1.48,60.0,38.6,Preventive Maintenance,21.4,89,29,1,28,4.76,96.55,32.58,35.67,91.56,31.53,2.58,8.42,1
PureGlow Soaps International (Fictional Dummy Company),Global Manufacturing Head - PureGlow Soaps,Australia,New Zealand,Christchurch,FCT031,Christchurch Soap Plant,LN0093,Line-3,2026-07-07 03:00:00,2026-07-07,3,Night,Lavender Bar Soap,0.78,60.0,3.9,No Downtime,56.1,47,41,1,40,3.28,97.56,87.23,93.5,93.7,85.47,4.48,27.45,2
PureGlow Soaps International (Fictional Dummy Company),Global Manufacturing Head - PureGlow Soaps,Australia,New Zealand,Christchurch,FCT031,Christchurch Soap Plant,LN0091,Line-1,2026-07-07 04:00:00,2026-07-07,4,Night,Aloe Vera Liquid Soap,1.27,60.0,26.0,Material Shortage,34.0,76,37,1,36,3.18,97.3,48.68,56.67,85.69,47.25,3.47,14.34,1
PureGlow Soaps International (Fictional Dummy Company),Global Manufacturing Head - PureGlow Soaps,Australia,New Zealand,Christchurch,FCT031,Christchurch Soap Plant,LN0092,Line-2,2026-07-07 04:00:00,2026-07-07,4,Night,Charcoal Bar Soap,1.48,60.0,26.9,Machine Breakdown,33.1,89,48,1,47,2.7,97.92,53.93,55.17,97.98,52.93,4.46,11.41,2
PureGlow Soaps International (Fictional Dummy Company),Global Manufacturing Head - PureGlow Soaps,Australia,New Zealand,Christchurch,FCT031,Christchurch Soap Plant,LN0093,Line-3,2026-07-07 04:00:00,2026-07-07,4,Night,Lavender Bar Soap,0.78,60.0,31.0,Material Shortage,29.0,47,23,1,22,3.02,95.65,48.94,48.33,101.68,47.0,2.25,16.28,3
PureGlow Soaps International (Fictional Dummy Company),Global Manufacturing Head - PureGlow Soaps,Australia,New Zealand,Christchurch,FCT031,Christchurch Soap Plant,LN0091,Line-1,2026-07-07 05:00:00,2026-07-07,5,Night,Aloe Vera Liquid Soap,1.27,60.0,16.9,Power Outage,43.1,76,52,2,50,2.98,96.15,68.42,71.83,95.0,65.61,5.53,21.54,2
PureGlow Soaps International (Fictional Dummy Company),Global Manufacturing Head - PureGlow Soaps,Australia,New Zealand,Christchurch,FCT031,Christchurch Soap Plant,LN0092,Line-2,2026-07-07 05:00:00,2026-07-07,5,Night,Charcoal Bar Soap,1.48,60.0,0.4,No Downtime,59.6,89,85,3,82,3.56,96.47,95.51,99.33,96.36,92.34,8.89,19.68,2
PureGlow Soaps International (Fictional Dummy Company),Global Manufacturing Head - PureGlow Soaps,Australia,New Zealand,Christchurch,FCT031,Christchurch Soap Plant,LN0093,Line-3,2026-07-07 05:00:00,2026-07-07,5,Night,Lavender Bar Soap,0.78,60.0,1.2,No Downtime,58.8,47,45,2,43,4.09,95.56,95.74,98.0,98.12,91.89,4.28,27.91,3
PureGlow Soaps International (Fictional Dummy Company),Global Manufacturing Head - PureGlow Soaps,Australia,New Zealand,Christchurch,FCT031,Christchurch Soap Plant,LN0091,Line-1,2026-07-07 06:00:00,2026-07-07,6,Morning,Aloe Vera Liquid Soap,1.27,60.0,25.0,Preventive Maintenance,35.0,76,43,1,42,3.24,97.67,56.58,58.33,96.74,55.11,4.58,17.3,2
PureGlow Soaps International (Fictional Dummy Company),Global Manufacturing Head - PureGlow Soaps,Australia,New Zealand,Christchurch,FCT031,Christchurch Soap Plant,LN0092,Line-2,2026-07-07 06:00:00,2026-07-07,6,Morning,Charcoal Bar Soap,1.48,60.0,25.1,Material Shortage,34.9,89,43,1,42,3.13,97.67,48.31,58.17,83.25,47.3,4.43,12.5,1
PureGlow Soaps International (Fictional Dummy Company),Global Manufacturing Head - PureGlow Soaps,Australia,New Zealand,Christchurch,FCT031,Christchurch Soap Plant,LN0093,Line-3,2026-07-07 06:00:00,2026-07-07,6,Morning,Lavender Bar Soap,0.78,60.0,2.2,No Downtime,57.8,47,36,1,35,1.98,97.22,76.6,96.33,79.85,74.78,3.95,27.58,3
PureGlow Soaps International (Fictional Dummy Company),Global Manufacturing Head - PureGlow Soaps,Australia,New Zealand,Christchurch,FCT031,Christchurch Soap Plant,LN0091,Line-1,2026-07-07 07:00:00,2026-07-07,7,Morning,Aloe Vera Liquid Soap,1.27,60.0,38.0,Machine Breakdown,22.0,76,26,1,25,4.12,96.15,34.21,36.67,93.06,32.81,2.21,10.85,3
PureGlow Soaps International (Fictional Dummy Company),Global Manufacturing Head - PureGlow Soaps,Australia,New Zealand,Christchurch,FCT031,Christchurch Soap Plant,LN0092,Line-2,2026-07-07 07:00:00,2026-07-07,7,Morning,Charcoal Bar Soap,1.48,60.0,27.8,Machine Breakdown,32.2,89,47,2,45,4.68,95.74,52.81,53.67,98.62,50.67,5.04,11.0,1
PureGlow Soaps International (Fictional Dummy Company),Global Manufacturing Head - PureGlow Soaps,Australia,New Zealand,Christchurch,FCT031,Christchurch Soap Plant,LN0093,Line-3,2026-07-07 07:00:00,2026-07-07,7,Morning,Lavender Bar Soap,0.78,60.0,2.2,No Downtime,57.8,47,37,2,35,4.06,94.59,78.72,96.33,82.07,74.78,3.74,30.49,2
PureGlow Soaps International (Fictional Dummy Company),Global Manufacturing Head - PureGlow Soaps,Australia,New Zealand,Christchurch,FCT031,Christchurch Soap Plant,LN0091,Line-1,2026-07-07 08:00:00,2026-07-07,8,Morning,Aloe Vera Liquid Soap,1.27,60.0,10.3,Power Outage,49.7,76,54,1,53,1.49,98.15,71.05,82.83,85.55,69.55,5.55,21.73,1
PureGlow Soaps International (Fictional Dummy Company),Global Manufacturing Head - PureGlow Soaps,Australia,New Zealand,Christchurch,FCT031,Christchurch Soap Plant,LN0092,Line-2,2026-07-07 08:00:00,2026-07-07,8,Morning,Charcoal Bar Soap,1.48,60.0,34.1,Preventive Maintenance,25.9,89,37,1,36,3.46,97.3,41.57,43.17,96.53,40.55,3.45,9.95,2
PureGlow Soaps International (Fictional Dummy Company),Global Manufacturing Head - PureGlow Soaps,Australia,New Zealand,Christchurch,FCT031,Christchurch Soap Plant,LN0093,Line-3,2026-07-07 08:00:00,2026-07-07,8,Morning,Lavender Bar Soap,0.78,60.0,0.3,No Downtime,59.7,47,43,2,41,4.82,95.35,91.49,99.5,92.34,87.61,4.06,32.44,2
PureGlow Soaps International (Fictional Dummy Company),Global Manufacturing Head - PureGlow Soaps,Australia,New Zealand,Christchurch,FCT031,Christchurch Soap Plant,LN0091,Line-1,2026-07-07 09:00:00,2026-07-07,9,Morning,Aloe Vera Liquid Soap,1.27,60.0,0.1,No Downtime,59.9,76,74,3,71,4.07,95.95,97.37,99.83,97.27,93.17,7.09,29.12,2
PureGlow Soaps International (Fictional Dummy Company),Global Manufacturing Head - PureGlow Soaps,Australia,New Zealand,Christchurch,FCT031,Christchurch Soap Plant,LN0092,Line-2,2026-07-07 09:00:00,2026-07-07,9,Morning,Charcoal Bar Soap,1.48,60.0,17.2,Changeover/Setup,42.8,89,55,1,54,1.77,98.18,61.8,71.33,86.83,60.81,5.33,15.0,2
PureGlow Soaps International (Fictional Dummy Company),Global Manufacturing Head - PureGlow Soaps,Australia,New Zealand,Christchurch,FCT031,Christchurch Soap Plant,LN0093,Line-3,2026-07-07 09:00:00,2026-07-07,9,Morning,Lavender Bar Soap,0.78,60.0,0.3,No Downtime,59.7,47,42,2,40,5.71,95.24,89.36,99.5,90.19,85.47,3.83,30.25,1
PureGlow Soaps International (Fictional Dummy Company),Global Manufacturing Head - PureGlow Soaps,Australia,New Zealand,Christchurch,FCT031,Christchurch Soap Plant,LN0091,Line-1,2026-07-07 10:00:00,2026-07-07,10,Morning,Aloe Vera Liquid Soap,1.27,60.0,16.5,Preventive Maintenance,43.5,76,56,3,53,4.99,94.64,73.68,72.5,101.37,69.55,5.33,19.76,2
PureGlow Soaps International (Fictional Dummy Company),Global Manufacturing Head - PureGlow Soaps,Australia,New Zealand,Christchurch,FCT031,Christchurch Soap Plant,LN0092,Line-2,2026-07-07 10:00:00,2026-07-07,10,Morning,Charcoal Bar Soap,1.48,60.0,18.4,Changeover/Setup,41.6,89,63,2,61,2.68,96.83,70.79,69.33,102.33,68.7,5.66,14.58,2
PureGlow Soaps International (Fictional Dummy Company),Global Manufacturing Head - PureGlow Soaps,Australia,New Zealand,Christchurch,FCT031,Christchurch Soap Plant,LN0093,Line-3,2026-07-07 10:00:00,2026-07-07,10,Morning,Lavender Bar Soap,0.78,60.0,38.3,Preventive Maintenance,21.7,47,17,1,16,3.35,94.12,36.17,36.17,100.44,34.19,1.7,11.23,1
PureGlow Soaps International (Fictional Dummy Company),Global Manufacturing Head - PureGlow Soaps,Australia,New Zealand,Christchurch,FCT031,Christchurch Soap Plant,LN0091,Line-1,2026-07-07 11:00:00,2026-07-07,11,Morning,Aloe Vera Liquid Soap,1.27,60.0,17.0,Changeover/Setup,43.0,76,56,1,55,0.91,98.21,73.68,71.67,102.55,72.18,6.07,20.47,1
PureGlow Soaps International (Fictional Dummy Company),Global Manufacturing Head - PureGlow Soaps,Australia,New Zealand,Christchurch,FCT031,Christchurch Soap Plant,LN0092,Line-2,2026-07-07 11:00:00,2026-07-07,11,Morning,Charcoal Bar Soap,1.48,60.0,14.2,Changeover/Setup,45.8,89,62,1,61,2.02,98.39,69.66,76.33,91.47,68.69,5.85,17.25,2
PureGlow Soaps International (Fictional Dummy Company),Global Manufacturing Head - PureGlow Soaps,Australia,New Zealand,Christchurch,FCT031,Christchurch Soap Plant,LN0093,Line-3,2026-07-07 11:00:00,2026-07-07,11,Morning,Lavender Bar Soap,0.78,60.0,2.2,No Downtime,57.8,47,43,1,42,2.09,97.67,91.49,96.33,95.38,89.74,3.72,30.69,1
PureGlow Soaps International (Fictional Dummy Company),Global Manufacturing Head - PureGlow Soaps,Australia,New Zealand,Christchurch,FCT031,Christchurch Soap Plant,LN0091,Line-1,2026-07-07 12:00:00,2026-07-07,12,Morning,Aloe Vera Liquid Soap,1.27,60.0,0.7,No Downtime,59.3,76,77,2,75,2.62,97.4,101.32,98.83,102.24,98.42,6.73,26.05,1
PureGlow Soaps International (Fictional Dummy Company),Global Manufacturing Head - PureGlow Soaps,Australia,New Zealand,Christchurch,FCT031,Christchurch Soap Plant,LN0092,Line-2,2026-07-07 12:00:00,2026-07-07,12,Morning,Charcoal Bar Soap,1.48,60.0,16.6,Material Shortage,43.4,89,61,2,59,3.33,96.72,68.54,72.33,94.97,66.44,6.49,16.14,3
PureGlow Soaps International (Fictional Dummy Company),Global Manufacturing Head - PureGlow Soaps,Australia,New Zealand,Christchurch,FCT031,Christchurch Soap Plant,LN0093,Line-3,2026-07-07 12:00:00,2026-07-07,12,Morning,Lavender Bar Soap,0.78,60.0,31.1,Preventive Maintenance,28.9,47,21,0,21,2.1,100.0,44.68,48.17,93.16,44.88,1.9,16.27,1
PureGlow Soaps International (Fictional Dummy Company),Global Manufacturing Head - PureGlow Soaps,Australia,New Zealand,Christchurch,FCT031,Christchurch Soap Plant,LN0091,Line-1,2026-07-07 13:00:00,2026-07-07,13,Morning,Aloe Vera Liquid Soap,1.27,60.0,2.3,No Downtime,57.7,76,69,3,66,3.64,95.65,90.79,96.17,94.16,86.61,7.27,26.42,3
PureGlow Soaps International (Fictional Dummy Company),Global Manufacturing Head - PureGlow Soaps,Australia,New Zealand,Christchurch,FCT031,Christchurch Soap Plant,LN0092,Line-2,2026-07-07 13:00:00,2026-07-07,13,Morning,Charcoal Bar Soap,1.48,60.0,8.0,Changeover/Setup,52.0,89,72,1,71,1.91,98.61,80.9,86.67,93.56,79.96,6.93,20.67,1
PureGlow Soaps International (Fictional Dummy Company),Global Manufacturing Head - PureGlow Soaps,Australia,New Zealand,Christchurch,FCT031,Christchurch Soap Plant,LN0093,Line-3,2026-07-07 13:00:00,2026-07-07,13,Morning,Lavender Bar Soap,0.78,60.0,0.9,No Downtime,59.1,47,41,1,40,3.18,97.56,87.23,98.5,88.94,85.47,3.58,33.03,1
PureGlow Soaps International (Fictional Dummy Company),Global Manufacturing Head - PureGlow Soaps,Australia,New Zealand,Christchurch,FCT031,Christchurch Soap Plant,LN0091,Line-1,2026-07-07 14:00:00,2026-07-07,14,Afternoon,Aloe Vera Liquid Soap,1.27,60.0,16.8,Machine Breakdown,43.2,76,46,1,45,1.46,97.83,60.53,72.0,83.84,59.05,4.94,21.91,3
PureGlow Soaps International (Fictional Dummy Company),Global Manufacturing Head - PureGlow Soaps,Australia,New Zealand,Christchurch,FCT031,Christchurch Soap Plant,LN0092,Line-2,2026-07-07 14:00:00,2026-07-07,14,Afternoon,Charcoal Bar Soap,1.48,60.0,19.3,Machine Breakdown,40.7,89,58,1,57,1.54,98.28,65.17,67.83,96.29,64.19,5.21,14.4,2
PureGlow Soaps International (Fictional Dummy Company),Global Manufacturing Head - PureGlow Soaps,Australia,New Zealand,Christchurch,FCT031,Christchurch Soap Plant,LN0093,Line-3,2026-07-07 14:00:00,2026-07-07,14,Afternoon,Lavender Bar Soap,0.78,60.0,11.5,Changeover/Setup,48.5,47,37,0,37,1.27,100.0,78.72,80.83,97.81,79.06,3.63,24.22,2
PureGlow Soaps International (Fictional Dummy Company),Global Manufacturing Head - PureGlow Soaps,Australia,New Zealand,Christchurch,FCT031,Christchurch Soap Plant,LN0091,Line-1,2026-07-07 15:00:00,2026-07-07,15,Afternoon,Aloe Vera Liquid Soap,1.27,60.0,15.6,Machine Breakdown,44.4,76,55,0,55,0.0,100.0,72.37,74.0,97.54,72.18,5.75,22.26,2
PureGlow Soaps International (Fictional Dummy Company),Global Manufacturing Head - PureGlow Soaps,Australia,New Zealand,Christchurch,FCT031,Christchurch Soap Plant,LN0092,Line-2,2026-07-07 15:00:00,2026-07-07,15,Afternoon,Charcoal Bar Soap,1.48,60.0,13.3,Changeover/Setup,46.7,89,66,1,65,2.22,98.48,74.16,77.83,95.49,73.19,6.84,16.83,1
PureGlow Soaps International (Fictional Dummy Company),Global Manufacturing Head - PureGlow Soaps,Australia,New Zealand,Christchurch,FCT031,Christchurch Soap Plant,LN0093,Line-3,2026-07-07 15:00:00,2026-07-07,15,Afternoon,Lavender Bar Soap,0.78,60.0,14.0,Quality Hold,46.0,47,33,3,30,8.77,90.91,70.21,76.67,91.97,64.1,3.32,26.01,2
PureGlow Soaps International (Fictional Dummy Company),Global Manufacturing Head - PureGlow Soaps,Australia,New Zealand,Christchurch,FCT031,Christchurch Soap Plant,LN0091,Line-1,2026-07-07 16:00:00,2026-07-07,16,Afternoon,Aloe Vera Liquid Soap,1.27,60.0,10.0,Changeover/Setup,50.0,76,57,2,55,3.96,96.49,75.0,83.33,89.76,72.17,5.8,23.06,3
PureGlow Soaps International (Fictional Dummy Company),Global Manufacturing Head - PureGlow Soaps,Australia,New Zealand,Christchurch,FCT031,Christchurch Soap Plant,LN0092,Line-2,2026-07-07 16:00:00,2026-07-07,16,Afternoon,Charcoal Bar Soap,1.48,60.0,18.8,Machine Breakdown,41.2,89,59,2,57,3.22,96.61,66.29,68.67,96.76,64.19,5.42,13.75,1
PureGlow Soaps International (Fictional Dummy Company),Global Manufacturing Head - PureGlow Soaps,Australia,New Zealand,Christchurch,FCT031,Christchurch Soap Plant,LN0093,Line-3,2026-07-07 16:00:00,2026-07-07,16,Afternoon,Lavender Bar Soap,0.78,60.0,6.3,Power Outage,53.7,47,41,1,40,2.83,97.56,87.23,89.5,97.88,85.47,4.29,27.26,1
PureGlow Soaps International (Fictional Dummy Company),Global Manufacturing Head - PureGlow Soaps,Australia,New Zealand,Christchurch,FCT031,Christchurch Soap Plant,LN0091,Line-1,2026-07-07 17:00:00,2026-07-07,17,Afternoon,Aloe Vera Liquid Soap,1.27,60.0,3.7,No Downtime,56.3,76,68,1,67,0.94,98.53,89.47,93.83,95.1,87.92,6.75,27.46,1
PureGlow Soaps International (Fictional Dummy Company),Global Manufacturing Head - PureGlow Soaps,Australia,New Zealand,Christchurch,FCT031,Christchurch Soap Plant,LN0092,Line-2,2026-07-07 17:00:00,2026-07-07,17,Afternoon,Charcoal Bar Soap,1.48,60.0,13.7,Machine Breakdown,46.3,89,64,3,61,4.29,95.31,71.91,77.17,93.4,68.7,6.8,16.1,3
PureGlow Soaps International (Fictional Dummy Company),Global Manufacturing Head - PureGlow Soaps,Australia,New Zealand,Christchurch,FCT031,Christchurch Soap Plant,LN0093,Line-3,2026-07-07 17:00:00,2026-07-07,17,Afternoon,Lavender Bar Soap,0.78,60.0,10.4,Changeover/Setup,49.6,47,40,1,39,3.11,97.5,85.11,82.67,103.39,83.34,3.65,25.54,2
PureGlow Soaps International (Fictional Dummy Company),Global Manufacturing Head - PureGlow Soaps,Australia,New Zealand,Christchurch,FCT031,Christchurch Soap Plant,LN0091,Line-1,2026-07-07 18:00:00,2026-07-07,18,Afternoon,Aloe Vera Liquid Soap,1.27,60.0,32.2,Material Shortage,27.8,76,30,0,30,1.51,100.0,39.47,46.33,84.97,39.37,2.99,14.02,2
PureGlow Soaps International (Fictional Dummy Company),Global Manufacturing Head - PureGlow Soaps,Australia,New Zealand,Christchurch,FCT031,Christchurch Soap Plant,LN0092,Line-2,2026-07-07 18:00:00,2026-07-07,18,Afternoon,Charcoal Bar Soap,1.48,60.0,28.7,Machine Breakdown,31.3,89,42,1,41,2.55,97.62,47.19,52.17,90.67,46.18,3.79,11.79,2
PureGlow Soaps International (Fictional Dummy Company),Global Manufacturing Head - PureGlow Soaps,Australia,New Zealand,Christchurch,FCT031,Christchurch Soap Plant,LN0093,Line-3,2026-07-07 18:00:00,2026-07-07,18,Afternoon,Lavender Bar Soap,0.78,60.0,0.8,No Downtime,59.2,47,41,1,40,3.24,97.56,87.23,98.67,88.79,85.47,4.14,32.55,2
PureGlow Soaps International (Fictional Dummy Company),Global Manufacturing Head - PureGlow Soaps,Australia,New Zealand,Christchurch,FCT031,Christchurch Soap Plant,LN0091,Line-1,2026-07-07 19:00:00,2026-07-07,19,Afternoon,Aloe Vera Liquid Soap,1.27,60.0,17.0,Staff Shortage,43.0,76,51,2,49,3.9,96.08,67.11,71.67,93.39,64.31,5.35,18.48,3
PureGlow Soaps International (Fictional Dummy Company),Global Manufacturing Head - PureGlow Soaps,Australia,New Zealand,Christchurch,FCT031,Christchurch Soap Plant,LN0092,Line-2,2026-07-07 19:00:00,2026-07-07,19,Afternoon,Charcoal Bar Soap,1.48,60.0,10.6,Machine Breakdown,49.4,89,60,1,59,2.14,98.33,67.42,82.33,82.07,66.44,5.35,17.13,3
PureGlow Soaps International (Fictional Dummy Company),Global Manufacturing Head - PureGlow Soaps,Australia,New Zealand,Christchurch,FCT031,Christchurch Soap Plant,LN0093,Line-3,2026-07-07 19:00:00,2026-07-07,19,Afternoon,Lavender Bar Soap,0.78,60.0,25.9,Material Shortage,34.1,47,23,0,23,1.09,100.0,48.94,56.83,86.47,49.14,2.07,18.61,2
PureGlow Soaps International (Fictional Dummy Company),Global Manufacturing Head - PureGlow Soaps,Australia,New Zealand,Christchurch,FCT031,Christchurch Soap Plant,LN0091,Line-1,2026-07-07 20:00:00,2026-07-07,20,Afternoon,Aloe Vera Liquid Soap,1.27,60.0,31.5,Material Shortage,28.5,76,36,1,35,2.84,97.22,47.37,47.5,99.46,45.93,3.35,12.49,1
PureGlow Soaps International (Fictional Dummy Company),Global Manufacturing Head - PureGlow Soaps,Australia,New Zealand,Christchurch,FCT031,Christchurch Soap Plant,LN0092,Line-2,2026-07-07 20:00:00,2026-07-07,20,Afternoon,Charcoal Bar Soap,1.48,60.0,19.9,Changeover/Setup,40.1,89,54,2,52,3.5,96.3,60.67,66.83,90.99,58.56,4.83,15.57,2
PureGlow Soaps International (Fictional Dummy Company),Global Manufacturing Head - PureGlow Soaps,Australia,New Zealand,Christchurch,FCT031,Christchurch Soap Plant,LN0093,Line-3,2026-07-07 20:00:00,2026-07-07,20,Afternoon,Lavender Bar Soap,0.78,60.0,2.8,No Downtime,57.2,47,37,1,36,3.63,97.3,78.72,95.33,82.93,76.92,3.67,31.09,3
PureGlow Soaps International (Fictional Dummy Company),Global Manufacturing Head - PureGlow Soaps,Australia,New Zealand,Christchurch,FCT031,Christchurch Soap Plant,LN0091,Line-1,2026-07-07 21:00:00,2026-07-07,21,Afternoon,Aloe Vera Liquid Soap,1.27,60.0,2.6,No Downtime,57.4,76,68,0,68,0.01,100.0,89.47,95.67,93.28,89.24,5.78,24.0,1
PureGlow Soaps International (Fictional Dummy Company),Global Manufacturing Head - PureGlow Soaps,Australia,New Zealand,Christchurch,FCT031,Christchurch Soap Plant,LN0092,Line-2,2026-07-07 21:00:00,2026-07-07,21,Afternoon,Charcoal Bar Soap,1.48,60.0,0.2,No Downtime,59.8,89,89,4,85,4.86,95.51,100.0,99.67,100.56,95.73,7.68,20.86,1
PureGlow Soaps International (Fictional Dummy Company),Global Manufacturing Head - PureGlow Soaps,Australia,New Zealand,Christchurch,FCT031,Christchurch Soap Plant,LN0093,Line-3,2026-07-07 21:00:00,2026-07-07,21,Afternoon,Lavender Bar Soap,0.78,60.0,8.4,Quality Hold,51.6,47,35,4,31,11.12,88.57,74.47,86.0,86.96,66.24,3.23,28.34,1
PureGlow Soaps International (Fictional Dummy Company),Global Manufacturing Head - PureGlow Soaps,Australia,New Zealand,Christchurch,FCT031,Christchurch Soap Plant,LN0091,Line-1,2026-07-07 22:00:00,2026-07-07,22,Night,Aloe Vera Liquid Soap,1.27,60.0,31.4,Material Shortage,28.6,76,36,1,35,1.9,97.22,47.37,47.67,99.11,45.93,3.52,14.18,2
PureGlow Soaps International (Fictional Dummy Company),Global Manufacturing Head - PureGlow Soaps,Australia,New Zealand,Christchurch,FCT031,Christchurch Soap Plant,LN0092,Line-2,2026-07-07 22:00:00,2026-07-07,22,Night,Charcoal Bar Soap,1.48,60.0,17.9,Power Outage,42.1,89,55,1,54,2.49,98.18,61.8,70.17,88.27,60.81,5.35,14.56,2
PureGlow Soaps International (Fictional Dummy Company),Global Manufacturing Head - PureGlow Soaps,Australia,New Zealand,Christchurch,FCT031,Christchurch Soap Plant,LN0093,Line-3,2026-07-07 22:00:00,2026-07-07,22,Night,Lavender Bar Soap,0.78,60.0,0.7,No Downtime,59.3,47,46,2,44,4.85,95.65,97.87,98.83,99.45,94.01,4.31,32.18,1
PureGlow Soaps International (Fictional Dummy Company),Global Manufacturing Head - PureGlow Soaps,Australia,New Zealand,Christchurch,FCT031,Christchurch Soap Plant,LN0091,Line-1,2026-07-07 23:00:00,2026-07-07,23,Night,Aloe Vera Liquid Soap,1.27,60.0,2.1,No Downtime,57.9,76,62,3,59,4.08,95.16,81.58,96.5,84.32,77.43,5.98,27.13,3
PureGlow Soaps International (Fictional Dummy Company),Global Manufacturing Head - PureGlow Soaps,Australia,New Zealand,Christchurch,FCT031,Christchurch Soap Plant,LN0092,Line-2,2026-07-07 23:00:00,2026-07-07,23,Night,Charcoal Bar Soap,1.48,60.0,18.5,Changeover/Setup,41.5,89,53,2,51,4.15,96.23,59.55,69.17,86.29,57.44,5.37,13.87,1
PureGlow Soaps International (Fictional Dummy Company),Global Manufacturing Head - PureGlow Soaps,Australia,New Zealand,Christchurch,FCT031,Christchurch Soap Plant,LN0093,Line-3,2026-07-07 23:00:00,2026-07-07,23,Night,Lavender Bar Soap,0.78,60.0,0.0,No Downtime,60.0,47,45,1,44,1.25,97.78,95.74,100.0,96.15,94.02,3.93,32.1,1
PureGlow Soaps International (Fictional Dummy Company),Global Manufacturing Head - PureGlow Soaps,Australia,New Zealand,Christchurch,FCT031,Christchurch Soap Plant,LN0091,Line-1,2026-07-08 00:00:00,2026-07-08,0,Night,Charcoal Bar Soap,1.27,60.0,11.8,Material Shortage,48.2,76,52,1,51,2.25,98.08,68.42,80.33,84.95,66.93,4.59,24.05,3
PureGlow Soaps International (Fictional Dummy Company),Global Manufacturing Head - PureGlow Soaps,Australia,New Zealand,Christchurch,FCT031,Christchurch Soap Plant,LN0092,Line-2,2026-07-08 00:00:00,2026-07-08,0,Night,Rose Bar Soap,1.48,60.0,1.6,No Downtime,58.4,89,80,3,77,3.48,96.25,89.89,97.33,92.56,86.71,7.92,23.37,1
PureGlow Soaps International (Fictional Dummy Company),Global Manufacturing Head - PureGlow Soaps,Australia,New Zealand,Christchurch,FCT031,Christchurch Soap Plant,LN0093,Line-3,2026-07-08 00:00:00,2026-07-08,0,Night,Charcoal Bar Soap,0.78,60.0,12.4,Changeover/Setup,47.6,47,33,1,32,4.43,96.97,70.21,79.33,88.88,68.37,2.83,24.54,1
PureGlow Soaps International (Fictional Dummy Company),Global Manufacturing Head - PureGlow Soaps,Australia,New Zealand,Christchurch,FCT031,Christchurch Soap Plant,LN0091,Line-1,2026-07-08 01:00:00,2026-07-08,1,Night,Charcoal Bar Soap,1.27,60.0,7.4,Changeover/Setup,52.6,76,66,3,63,4.73,95.45,86.84,87.67,98.8,82.68,6.21,24.96,1
PureGlow Soaps International (Fictional Dummy Company),Global Manufacturing Head - PureGlow Soaps,Australia,New Zealand,Christchurch,FCT031,Christchurch Soap Plant,LN0092,Line-2,2026-07-08 01:00:00,2026-07-08,1,Night,Rose Bar Soap,1.48,60.0,21.5,Staff Shortage,38.5,89,46,1,45,3.11,97.83,51.69,64.17,80.73,50.68,3.98,13.74,3
PureGlow Soaps International (Fictional Dummy Company),Global Manufacturing Head - PureGlow Soaps,Australia,New Zealand,Christchurch,FCT031,Christchurch Soap Plant,LN0093,Line-3,2026-07-08 01:00:00,2026-07-08,1,Night,Charcoal Bar Soap,0.78,60.0,7.3,Changeover/Setup,52.7,47,40,1,39,2.51,97.5,85.11,87.83,97.31,83.33,4.0,29.34,2
PureGlow Soaps International (Fictional Dummy Company),Global Manufacturing Head - PureGlow Soaps,Australia,New Zealand,Christchurch,FCT031,Christchurch Soap Plant,LN0091,Line-1,2026-07-08 02:00:00,2026-07-08,2,Night,Charcoal Bar Soap,1.27,60.0,12.5,Machine Breakdown,47.5,76,51,1,50,1.23,98.04,67.11,79.17,84.54,65.62,4.78,20.07,3
PureGlow Soaps International (Fictional Dummy Company),Global Manufacturing Head - PureGlow Soaps,Australia,New Zealand,Christchurch,FCT031,Christchurch Soap Plant,LN0092,Line-2,2026-07-08 02:00:00,2026-07-08,2,Night,Rose Bar Soap,1.48,60.0,0.2,No Downtime,59.8,89,84,3,81,4.12,96.43,94.38,99.67,94.91,91.22,7.33,21.74,3
PureGlow Soaps International (Fictional Dummy Company),Global Manufacturing Head - PureGlow Soaps,Australia,New Zealand,Christchurch,FCT031,Christchurch Soap Plant,LN0093,Line-3,2026-07-08 02:00:00,2026-07-08,2,Night,Charcoal Bar Soap,0.78,60.0,0.8,No Downtime,59.2,47,38,2,36,4.15,94.74,80.85,98.67,82.29,76.92,3.59,28.07,3
PureGlow Soaps International (Fictional Dummy Company),Global Manufacturing Head - PureGlow Soaps,Australia,New Zealand,Christchurch,FCT031,Christchurch Soap Plant,LN0091,Line-1,2026-07-08 03:00:00,2026-07-08,3,Night,Charcoal Bar Soap,1.27,60.0,32.8,Preventive Maintenance,27.2,76,35,1,34,3.75,97.14,46.05,45.33,101.32,44.61,3.79,12.82,2
PureGlow Soaps International (Fictional Dummy Company),Global Manufacturing Head - PureGlow Soaps,Australia,New Zealand,Christchurch,FCT031,Christchurch Soap Plant,LN0092,Line-2,2026-07-08 03:00:00,2026-07-08,3,Night,Rose Bar Soap,1.48,60.0,32.7,Material Shortage,27.3,89,35,1,34,2.98,97.14,39.33,45.5,86.63,38.29,3.44,10.82,3
PureGlow Soaps International (Fictional Dummy Company),Global Manufacturing Head - PureGlow Soaps,Australia,New Zealand,Christchurch,FCT031,Christchurch Soap Plant,LN0093,Line-3,2026-07-08 03:00:00,2026-07-08,3,Night,Charcoal Bar Soap,0.78,60.0,34.0,Machine Breakdown,26.0,47,20,1,19,2.97,95.0,42.55,43.33,98.62,40.6,2.0,14.76,3
PureGlow Soaps International (Fictional Dummy Company),Global Manufacturing Head - PureGlow Soaps,Australia,New Zealand,Christchurch,FCT031,Christchurch Soap Plant,LN0091,Line-1,2026-07-08 04:00:00,2026-07-08,4,Night,Charcoal Bar Soap,1.27,60.0,0.8,No Downtime,59.2,76,72,2,70,2.58,97.22,94.74,98.67,95.77,91.87,7.14,28.34,2
PureGlow Soaps International (Fictional Dummy Company),Global Manufacturing Head - PureGlow Soaps,Australia,New Zealand,Christchurch,FCT031,Christchurch Soap Plant,LN0092,Line-2,2026-07-08 04:00:00,2026-07-08,4,Night,Rose Bar Soap,1.48,60.0,21.3,Staff Shortage,38.7,89,53,3,50,5.33,94.34,59.55,64.5,92.53,56.3,5.35,13.94,2
PureGlow Soaps International (Fictional Dummy Company),Global Manufacturing Head - PureGlow Soaps,Australia,New Zealand,Christchurch,FCT031,Christchurch Soap Plant,LN0093,Line-3,2026-07-08 04:00:00,2026-07-08,4,Night,Charcoal Bar Soap,0.78,60.0,33.7,Machine Breakdown,26.3,47,19,1,18,3.51,94.74,40.43,43.83,92.62,38.46,1.96,12.62,2
PureGlow Soaps International (Fictional Dummy Company),Global Manufacturing Head - PureGlow Soaps,Australia,New Zealand,Christchurch,FCT031,Christchurch Soap Plant,LN0091,Line-1,2026-07-08 05:00:00,2026-07-08,5,Night,Charcoal Bar Soap,1.27,60.0,22.6,Staff Shortage,37.4,76,44,1,43,2.09,97.73,57.89,62.33,92.64,56.43,3.99,18.68,3
PureGlow Soaps International (Fictional Dummy Company),Global Manufacturing Head - PureGlow Soaps,Australia,New Zealand,Christchurch,FCT031,Christchurch Soap Plant,LN0092,Line-2,2026-07-08 05:00:00,2026-07-08,5,Night,Rose Bar Soap,1.48,60.0,10.4,Changeover/Setup,49.6,89,67,3,64,4.18,95.52,75.28,82.67,91.27,72.07,5.74,19.61,2
PureGlow Soaps International (Fictional Dummy Company),Global Manufacturing Head - PureGlow Soaps,Australia,New Zealand,Christchurch,FCT031,Christchurch Soap Plant,LN0093,Line-3,2026-07-08 05:00:00,2026-07-08,5,Night,Charcoal Bar Soap,0.78,60.0,13.0,Machine Breakdown,47.0,47,35,1,34,2.78,97.14,74.47,78.33,95.47,72.64,3.75,23.54,3
PureGlow Soaps International (Fictional Dummy Company),Global Manufacturing Head - PureGlow Soaps,Australia,New Zealand,Christchurch,FCT031,Christchurch Soap Plant,LN0091,Line-1,2026-07-08 06:00:00,2026-07-08,6,Morning,Charcoal Bar Soap,1.27,60.0,19.9,Material Shortage,40.1,76,45,2,43,5.03,95.56,59.21,66.83,88.36,56.43,4.81,17.37,1
PureGlow Soaps International (Fictional Dummy Company),Global Manufacturing Head - PureGlow Soaps,Australia,New Zealand,Christchurch,FCT031,Christchurch Soap Plant,LN0092,Line-2,2026-07-08 06:00:00,2026-07-08,6,Morning,Rose Bar Soap,1.48,60.0,6.1,Changeover/Setup,53.9,89,66,1,65,1.46,98.48,74.16,89.83,82.74,73.2,6.71,21.59,3
PureGlow Soaps International (Fictional Dummy Company),Global Manufacturing Head - PureGlow Soaps,Australia,New Zealand,Christchurch,FCT031,Christchurch Soap Plant,LN0093,Line-3,2026-07-08 06:00:00,2026-07-08,6,Morning,Charcoal Bar Soap,0.78,60.0,38.0,Preventive Maintenance,22.0,47,16,0,16,2.11,100.0,34.04,36.67,93.24,34.19,1.71,12.37,1
PureGlow Soaps International (Fictional Dummy Company),Global Manufacturing Head - PureGlow Soaps,Australia,New Zealand,Christchurch,FCT031,Christchurch Soap Plant,LN0091,Line-1,2026-07-08 07:00:00,2026-07-08,7,Morning,Charcoal Bar Soap,1.27,60.0,11.3,Machine Breakdown,48.7,76,59,2,57,3.7,96.61,77.63,81.17,95.39,74.8,5.26,21.03,1
PureGlow Soaps International (Fictional Dummy Company),Global Manufacturing Head - PureGlow Soaps,Australia,New Zealand,Christchurch,FCT031,Christchurch Soap Plant,LN0092,Line-2,2026-07-08 07:00:00,2026-07-08,7,Morning,Rose Bar Soap,1.48,60.0,0.7,No Downtime,59.3,89,78,3,75,4.1,96.15,87.64,98.83,88.87,84.45,7.84,21.44,2
PureGlow Soaps International (Fictional Dummy Company),Global Manufacturing Head - PureGlow Soaps,Australia,New Zealand,Christchurch,FCT031,Christchurch Soap Plant,LN0093,Line-3,2026-07-08 07:00:00,2026-07-08,7,Morning,Charcoal Bar Soap,0.78,60.0,26.3,Machine Breakdown,33.7,47,22,1,21,3.27,95.45,46.81,56.17,83.69,44.87,2.33,19.21,3
PureGlow Soaps International (Fictional Dummy Company),Global Manufacturing Head - PureGlow Soaps,Australia,New Zealand,Christchurch,FCT031,Christchurch Soap Plant,LN0091,Line-1,2026-07-08 08:00:00,2026-07-08,8,Morning,Charcoal Bar Soap,1.27,60.0,16.2,Changeover/Setup,43.8,76,47,1,46,1.78,97.87,61.84,73.0,84.49,60.36,4.78,22.24,2
PureGlow Soaps International (Fictional Dummy Company),Global Manufacturing Head - PureGlow Soaps,Australia,New Zealand,Christchurch,FCT031,Christchurch Soap Plant,LN0092,Line-2,2026-07-08 08:00:00,2026-07-08,8,Morning,Rose Bar Soap,1.48,60.0,16.3,Changeover/Setup,43.7,89,65,4,61,5.51,93.85,73.03,72.83,100.5,68.69,7.04,17.28,3
PureGlow Soaps International (Fictional Dummy Company),Global Manufacturing Head - PureGlow Soaps,Australia,New Zealand,Christchurch,FCT031,Christchurch Soap Plant,LN0093,Line-3,2026-07-08 08:00:00,2026-07-08,8,Morning,Charcoal Bar Soap,0.78,60.0,6.8,Power Outage,53.2,47,36,1,35,1.61,97.22,76.6,88.67,86.76,74.79,3.31,30.58,1
PureGlow Soaps International (Fictional Dummy Company),Global Manufacturing Head - PureGlow Soaps,Australia,New Zealand,Christchurch,FCT031,Christchurch Soap Plant,LN0091,Line-1,2026-07-08 09:00:00,2026-07-08,9,Morning,Charcoal Bar Soap,1.27,60.0,6.5,Staff Shortage,53.5,76,68,2,66,3.52,97.06,89.47,89.17,100.08,86.62,6.17,25.08,2
PureGlow Soaps International (Fictional Dummy Company),Global Manufacturing Head - PureGlow Soaps,Australia,New Zealand,Christchurch,FCT031,Christchurch Soap Plant,LN0092,Line-2,2026-07-08 09:00:00,2026-07-08,9,Morning,Rose Bar Soap,1.48,60.0,9.8,Changeover/Setup,50.2,89,73,3,70,4.57,95.89,82.02,83.67,98.26,78.84,6.98,19.54,1
PureGlow Soaps International (Fictional Dummy Company),Global Manufacturing Head - PureGlow Soaps,Australia,New Zealand,Christchurch,FCT031,Christchurch Soap Plant,LN0093,Line-3,2026-07-08 09:00:00,2026-07-08,9,Morning,Charcoal Bar Soap,0.78,60.0,41.2,Machine Breakdown,18.8,47,14,1,13,4.78,92.86,29.79,31.33,95.47,27.78,1.37,9.75,3
PureGlow Soaps International (Fictional Dummy Company),Global Manufacturing Head - PureGlow Soaps,Australia,New Zealand,Christchurch,FCT031,Christchurch Soap Plant,LN0091,Line-1,2026-07-08 10:00:00,2026-07-08,10,Morning,Charcoal Bar Soap,1.27,60.0,25.6,Power Outage,34.4,76,39,1,38,3.27,97.44,51.32,57.33,89.27,49.87,4.26,15.55,3
PureGlow Soaps International (Fictional Dummy Company),Global Manufacturing Head - PureGlow Soaps,Australia,New Zealand,Christchurch,FCT031,Christchurch Soap Plant,LN0092,Line-2,2026-07-08 10:00:00,2026-07-08,10,Morning,Rose Bar Soap,1.48,60.0,18.1,Machine Breakdown,41.9,89,59,1,58,1.62,98.31,66.29,69.83,95.14,65.31,6.25,16.57,1
PureGlow Soaps International (Fictional Dummy Company),Global Manufacturing Head - PureGlow Soaps,Australia,New Zealand,Christchurch,FCT031,Christchurch Soap Plant,LN0093,Line-3,2026-07-08 10:00:00,2026-07-08,10,Morning,Charcoal Bar Soap,0.78,60.0,19.6,Preventive Maintenance,40.4,47,29,1,28,3.89,96.55,61.7,67.33,92.03,59.83,2.48,21.42,1
PureGlow Soaps International (Fictional Dummy Company),Global Manufacturing Head - PureGlow Soaps,Australia,New Zealand,Christchurch,FCT031,Christchurch Soap Plant,LN0091,Line-1,2026-07-08 11:00:00,2026-07-08,11,Morning,Charcoal Bar Soap,1.27,60.0,2.7,No Downtime,57.3,76,66,2,64,2.72,96.97,86.84,95.5,90.7,83.99,6.28,26.14,2
PureGlow Soaps International (Fictional Dummy Company),Global Manufacturing Head - PureGlow Soaps,Australia,New Zealand,Christchurch,FCT031,Christchurch Soap Plant,LN0092,Line-2,2026-07-08 11:00:00,2026-07-08,11,Morning,Rose Bar Soap,1.48,60.0,1.6,No Downtime,58.4,89,70,2,68,3.29,97.14,78.65,97.33,80.99,76.57,6.73,21.36,3
PureGlow Soaps International (Fictional Dummy Company),Global Manufacturing Head - PureGlow Soaps,Australia,New Zealand,Christchurch,FCT031,Christchurch Soap Plant,LN0093,Line-3,2026-07-08 11:00:00,2026-07-08,11,Morning,Charcoal Bar Soap,0.78,60.0,42.3,Machine Breakdown,17.7,47,12,0,12,3.49,100.0,25.53,29.5,86.92,25.64,1.22,10.15,1
PureGlow Soaps International (Fictional Dummy Company),Global Manufacturing Head - PureGlow Soaps,Australia,New Zealand,Christchurch,FCT031,Christchurch Soap Plant,LN0091,Line-1,2026-07-08 12:00:00,2026-07-08,12,Morning,Charcoal Bar Soap,1.27,60.0,11.5,Changeover/Setup,48.5,76,55,1,54,2.64,98.18,72.37,80.83,89.29,70.86,5.54,22.74,2
PureGlow Soaps International (Fictional Dummy Company),Global Manufacturing Head - PureGlow Soaps,Australia,New Zealand,Christchurch,FCT031,Christchurch Soap Plant,LN0092,Line-2,2026-07-08 12:00:00,2026-07-08,12,Morning,Rose Bar Soap,1.48,60.0,13.5,Material Shortage,46.5,89,58,2,56,3.74,96.55,65.17,77.5,84.28,63.06,5.49,15.7,2
PureGlow Soaps International (Fictional Dummy Company),Global Manufacturing Head - PureGlow Soaps,Australia,New Zealand,Christchurch,FCT031,Christchurch Soap Plant,LN0093,Line-3,2026-07-08 12:00:00,2026-07-08,12,Morning,Charcoal Bar Soap,0.78,60.0,2.9,No Downtime,57.1,47,39,1,38,2.94,97.44,82.98,95.17,87.57,81.21,3.49,29.81,3
PureGlow Soaps International (Fictional Dummy Company),Global Manufacturing Head - PureGlow Soaps,Australia,New Zealand,Christchurch,FCT031,Christchurch Soap Plant,LN0091,Line-1,2026-07-08 13:00:00,2026-07-08,13,Morning,Charcoal Bar Soap,1.27,60.0,3.9,No Downtime,56.1,76,63,2,61,3.39,96.83,82.89,93.5,88.42,80.05,6.5,26.31,1
PureGlow Soaps International (Fictional Dummy Company),Global Manufacturing Head - PureGlow Soaps,Australia,New Zealand,Christchurch,FCT031,Christchurch Soap Plant,LN0092,Line-2,2026-07-08 13:00:00,2026-07-08,13,Morning,Rose Bar Soap,1.48,60.0,3.7,No Downtime,56.3,89,70,2,68,2.61,97.14,78.65,93.83,84.01,76.57,6.08,22.02,3
PureGlow Soaps International (Fictional Dummy Company),Global Manufacturing Head - PureGlow Soaps,Australia,New Zealand,Christchurch,FCT031,Christchurch Soap Plant,LN0093,Line-3,2026-07-08 13:00:00,2026-07-08,13,Morning,Charcoal Bar Soap,0.78,60.0,16.8,Quality Hold,43.2,47,35,3,32,8.22,91.43,74.47,72.0,103.87,68.38,3.57,23.97,2
PureGlow Soaps International (Fictional Dummy Company),Global Manufacturing Head - PureGlow Soaps,Australia,New Zealand,Christchurch,FCT031,Christchurch Soap Plant,LN0091,Line-1,2026-07-08 14:00:00,2026-07-08,14,Afternoon,Charcoal Bar Soap,1.27,60.0,1.7,No Downtime,58.3,76,74,3,71,3.61,95.95,97.37,97.17,99.94,93.18,7.35,25.86,2
PureGlow Soaps International (Fictional Dummy Company),Global Manufacturing Head - PureGlow Soaps,Australia,New Zealand,Christchurch,FCT031,Christchurch Soap Plant,LN0092,Line-2,2026-07-08 14:00:00,2026-07-08,14,Afternoon,Rose Bar Soap,1.48,60.0,19.9,Preventive Maintenance,40.1,89,56,2,54,3.27,96.43,62.92,66.83,94.36,60.81,5.52,13.75,3
PureGlow Soaps International (Fictional Dummy Company),Global Manufacturing Head - PureGlow Soaps,Australia,New Zealand,Christchurch,FCT031,Christchurch Soap Plant,LN0093,Line-3,2026-07-08 14:00:00,2026-07-08,14,Afternoon,Charcoal Bar Soap,0.78,60.0,5.2,Changeover/Setup,54.8,47,37,3,34,7.05,91.89,78.72,91.33,86.56,72.64,3.24,26.62,2
PureGlow Soaps International (Fictional Dummy Company),Global Manufacturing Head - PureGlow Soaps,Australia,New Zealand,Christchurch,FCT031,Christchurch Soap Plant,LN0091,Line-1,2026-07-08 15:00:00,2026-07-08,15,Afternoon,Charcoal Bar Soap,1.27,60.0,3.3,No Downtime,56.7,76,65,1,64,0.98,98.46,85.53,94.5,90.27,83.99,6.98,24.68,3
PureGlow Soaps International (Fictional Dummy Company),Global Manufacturing Head - PureGlow Soaps,Australia,New Zealand,Christchurch,FCT031,Christchurch Soap Plant,LN0092,Line-2,2026-07-08 15:00:00,2026-07-08,15,Afternoon,Rose Bar Soap,1.48,60.0,23.2,Machine Breakdown,36.8,89,55,1,54,2.51,98.18,61.8,61.33,100.98,60.8,5.6,14.76,1
PureGlow Soaps International (Fictional Dummy Company),Global Manufacturing Head - PureGlow Soaps,Australia,New Zealand,Christchurch,FCT031,Christchurch Soap Plant,LN0093,Line-3,2026-07-08 15:00:00,2026-07-08,15,Afternoon,Charcoal Bar Soap,0.78,60.0,0.2,No Downtime,59.8,47,44,2,42,4.88,95.45,93.62,99.67,94.33,89.74,4.03,32.34,2
PureGlow Soaps International (Fictional Dummy Company),Global Manufacturing Head - PureGlow Soaps,Australia,New Zealand,Christchurch,FCT031,Christchurch Soap Plant,LN0091,Line-1,2026-07-08 16:00:00,2026-07-08,16,Afternoon,Charcoal Bar Soap,1.27,60.0,30.5,Material Shortage,29.5,76,35,1,34,1.79,97.14,46.05,49.17,93.42,44.62,3.61,13.38,3
PureGlow Soaps International (Fictional Dummy Company),Global Manufacturing Head - PureGlow Soaps,Australia,New Zealand,Christchurch,FCT031,Christchurch Soap Plant,LN0092,Line-2,2026-07-08 16:00:00,2026-07-08,16,Afternoon,Rose Bar Soap,1.48,60.0,34.1,Preventive Maintenance,25.9,89,35,1,34,2.13,97.14,39.33,43.17,91.31,38.29,3.26,8.75,1
PureGlow Soaps International (Fictional Dummy Company),Global Manufacturing Head - PureGlow Soaps,Australia,New Zealand,Christchurch,FCT031,Christchurch Soap Plant,LN0093,Line-3,2026-07-08 16:00:00,2026-07-08,16,Afternoon,Charcoal Bar Soap,0.78,60.0,2.4,No Downtime,57.6,47,45,2,43,4.53,95.56,95.74,96.0,100.16,91.88,4.76,32.72,3
PureGlow Soaps International (Fictional Dummy Company),Global Manufacturing Head - PureGlow Soaps,Australia,New Zealand,Christchurch,FCT031,Christchurch Soap Plant,LN0091,Line-1,2026-07-08 17:00:00,2026-07-08,17,Afternoon,Charcoal Bar Soap,1.27,60.0,20.4,Preventive Maintenance,39.6,76,41,1,40,2.01,97.56,53.95,66.0,81.52,52.49,4.15,19.44,1
PureGlow Soaps International (Fictional Dummy Company),Global Manufacturing Head - PureGlow Soaps,Australia,New Zealand,Christchurch,FCT031,Christchurch Soap Plant,LN0092,Line-2,2026-07-08 17:00:00,2026-07-08,17,Afternoon,Rose Bar Soap,1.48,60.0,2.4,No Downtime,57.6,89,85,1,84,0.79,98.82,95.51,96.0,99.71,94.59,9.1,20.94,1
PureGlow Soaps International (Fictional Dummy Company),Global Manufacturing Head - PureGlow Soaps,Australia,New Zealand,Christchurch,FCT031,Christchurch Soap Plant,LN0093,Line-3,2026-07-08 17:00:00,2026-07-08,17,Afternoon,Charcoal Bar Soap,0.78,60.0,0.7,No Downtime,59.3,47,47,2,45,4.83,95.74,100.0,98.83,101.61,96.14,4.75,28.68,2
PureGlow Soaps International (Fictional Dummy Company),Global Manufacturing Head - PureGlow Soaps,Australia,New Zealand,Christchurch,FCT031,Christchurch Soap Plant,LN0091,Line-1,2026-07-08 18:00:00,2026-07-08,18,Afternoon,Charcoal Bar Soap,1.27,60.0,3.1,No Downtime,56.9,76,64,2,62,2.87,96.88,84.21,94.83,88.57,81.37,5.45,24.58,1
PureGlow Soaps International (Fictional Dummy Company),Global Manufacturing Head - PureGlow Soaps,Australia,New Zealand,Christchurch,FCT031,Christchurch Soap Plant,LN0092,Line-2,2026-07-08 18:00:00,2026-07-08,18,Afternoon,Rose Bar Soap,1.48,60.0,14.2,Changeover/Setup,45.8,89,67,3,64,4.53,95.52,75.28,76.33,98.84,72.06,6.95,17.98,3
PureGlow Soaps International (Fictional Dummy Company),Global Manufacturing Head - PureGlow Soaps,Australia,New Zealand,Christchurch,FCT031,Christchurch Soap Plant,LN0093,Line-3,2026-07-08 18:00:00,2026-07-08,18,Afternoon,Charcoal Bar Soap,0.78,60.0,12.3,Material Shortage,47.7,47,30,1,29,2.62,96.67,63.83,79.5,80.63,61.97,3.04,22.66,3
PureGlow Soaps International (Fictional Dummy Company),Global Manufacturing Head - PureGlow Soaps,Australia,New Zealand,Christchurch,FCT031,Christchurch Soap Plant,LN0091,Line-1,2026-07-08 19:00:00,2026-07-08,19,Afternoon,Charcoal Bar Soap,1.27,60.0,32.4,Preventive Maintenance,27.6,76,32,1,31,3.29,96.88,42.11,46.0,91.29,40.68,2.73,11.56,1
PureGlow Soaps International (Fictional Dummy Company),Global Manufacturing Head - PureGlow Soaps,Australia,New Zealand,Christchurch,FCT031,Christchurch Soap Plant,LN0092,Line-2,2026-07-08 19:00:00,2026-07-08,19,Afternoon,Rose Bar Soap,1.48,60.0,3.6,No Downtime,56.4,89,83,3,80,4.04,96.39,93.26,94.0,99.43,90.09,7.18,20.85,2
PureGlow Soaps International (Fictional Dummy Company),Global Manufacturing Head - PureGlow Soaps,Australia,New Zealand,Christchurch,FCT031,Christchurch Soap Plant,LN0093,Line-3,2026-07-08 19:00:00,2026-07-08,19,Afternoon,Charcoal Bar Soap,0.78,60.0,10.8,Material Shortage,49.2,47,34,1,33,1.59,97.06,72.34,82.0,88.6,70.52,3.23,23.88,3
PureGlow Soaps International (Fictional Dummy Company),Global Manufacturing Head - PureGlow Soaps,Australia,New Zealand,Christchurch,FCT031,Christchurch Soap Plant,LN0091,Line-1,2026-07-08 20:00:00,2026-07-08,20,Afternoon,Charcoal Bar Soap,1.27,60.0,3.2,No Downtime,56.8,76,61,2,59,3.38,96.72,80.26,94.67,84.56,77.43,6.52,27.29,1
PureGlow Soaps International (Fictional Dummy Company),Global Manufacturing Head - PureGlow Soaps,Australia,New Zealand,Christchurch,FCT031,Christchurch Soap Plant,LN0092,Line-2,2026-07-08 20:00:00,2026-07-08,20,Afternoon,Rose Bar Soap,1.48,60.0,39.8,Preventive Maintenance,20.2,89,26,1,25,2.86,96.15,29.21,33.67,86.97,28.16,2.49,7.94,2
PureGlow Soaps International (Fictional Dummy Company),Global Manufacturing Head - PureGlow Soaps,Australia,New Zealand,Christchurch,FCT031,Christchurch Soap Plant,LN0093,Line-3,2026-07-08 20:00:00,2026-07-08,20,Afternoon,Charcoal Bar Soap,0.78,60.0,11.1,Changeover/Setup,48.9,47,37,1,36,2.38,97.3,78.72,81.5,97.01,76.93,3.67,24.98,3
PureGlow Soaps International (Fictional Dummy Company),Global Manufacturing Head - PureGlow Soaps,Australia,New Zealand,Christchurch,FCT031,Christchurch Soap Plant,LN0091,Line-1,2026-07-08 21:00:00,2026-07-08,21,Afternoon,Charcoal Bar Soap,1.27,60.0,2.3,No Downtime,57.7,76,71,2,69,2.27,97.18,93.42,96.17,96.89,90.55,6.11,26.32,3
PureGlow Soaps International (Fictional Dummy Company),Global Manufacturing Head - PureGlow Soaps,Australia,New Zealand,Christchurch,FCT031,Christchurch Soap Plant,LN0092,Line-2,2026-07-08 21:00:00,2026-07-08,21,Afternoon,Rose Bar Soap,1.48,60.0,17.5,Machine Breakdown,42.5,89,55,1,54,2.38,98.18,61.8,70.83,87.44,60.81,5.67,16.54,1
PureGlow Soaps International (Fictional Dummy Company),Global Manufacturing Head - PureGlow Soaps,Australia,New Zealand,Christchurch,FCT031,Christchurch Soap Plant,LN0093,Line-3,2026-07-08 21:00:00,2026-07-08,21,Afternoon,Charcoal Bar Soap,0.78,60.0,29.6,Material Shortage,30.4,47,20,0,20,2.08,100.0,42.55,50.67,84.35,42.74,2.05,17.09,2
PureGlow Soaps International (Fictional Dummy Company),Global Manufacturing Head - PureGlow Soaps,Australia,New Zealand,Christchurch,FCT031,Christchurch Soap Plant,LN0091,Line-1,2026-07-08 22:00:00,2026-07-08,22,Night,Charcoal Bar Soap,1.27,60.0,33.5,Material Shortage,26.5,76,32,1,31,2.76,96.88,42.11,44.17,95.08,40.69,2.91,13.06,2
PureGlow Soaps International (Fictional Dummy Company),Global Manufacturing Head - PureGlow Soaps,Australia,New Zealand,Christchurch,FCT031,Christchurch Soap Plant,LN0092,Line-2,2026-07-08 22:00:00,2026-07-08,22,Night,Rose Bar Soap,1.48,60.0,37.4,Machine Breakdown,22.6,89,29,0,29,1.53,100.0,32.58,37.67,86.7,32.66,2.52,8.25,3
PureGlow Soaps International (Fictional Dummy Company),Global Manufacturing Head - PureGlow Soaps,Australia,New Zealand,Christchurch,FCT031,Christchurch Soap Plant,LN0093,Line-3,2026-07-08 22:00:00,2026-07-08,22,Night,Charcoal Bar Soap,0.78,60.0,28.6,Power Outage,31.4,47,22,1,21,4.25,95.45,46.81,52.33,89.83,44.87,2.16,17.98,2
PureGlow Soaps International (Fictional Dummy Company),Global Manufacturing Head - PureGlow Soaps,Australia,New Zealand,Christchurch,FCT031,Christchurch Soap Plant,LN0091,Line-1,2026-07-08 23:00:00,2026-07-08,23,Night,Charcoal Bar Soap,1.27,60.0,1.1,No Downtime,58.9,76,76,2,74,1.98,97.37,100.0,98.17,101.6,97.12,8.34,26.19,1
PureGlow Soaps International (Fictional Dummy Company),Global Manufacturing Head - PureGlow Soaps,Australia,New Zealand,Christchurch,FCT031,Christchurch Soap Plant,LN0092,Line-2,2026-07-08 23:00:00,2026-07-08,23,Night,Rose Bar Soap,1.48,60.0,6.8,Changeover/Setup,53.2,89,67,2,65,2.69,97.01,75.28,88.67,85.09,73.19,5.75,18.71,2
PureGlow Soaps International (Fictional Dummy Company),Global Manufacturing Head - PureGlow Soaps,Australia,New Zealand,Christchurch,FCT031,Christchurch Soap Plant,LN0093,Line-3,2026-07-08 23:00:00,2026-07-08,23,Night,Charcoal Bar Soap,0.78,60.0,9.2,Changeover/Setup,50.8,47,41,2,39,4.43,95.12,87.23,84.67,103.47,83.33,3.64,25.6,2
PureGlow Soaps International (Fictional Dummy Company),Global Manufacturing Head - PureGlow Soaps,Australia,New Zealand,Christchurch,FCT031,Christchurch Soap Plant,LN0091,Line-1,2026-07-09 00:00:00,2026-07-09,0,Night,Neem Bar Soap,1.27,60.0,22.8,Machine Breakdown,37.2,76,41,1,40,2.82,97.56,53.95,62.0,86.78,52.49,4.14,15.88,3
PureGlow Soaps International (Fictional Dummy Company),Global Manufacturing Head - PureGlow Soaps,Australia,New Zealand,Christchurch,FCT031,Christchurch Soap Plant,LN0092,Line-2,2026-07-09 00:00:00,2026-07-09,0,Night,Lemon Bar Soap,1.48,60.0,5.2,Changeover/Setup,54.8,89,82,4,78,4.37,95.12,92.13,91.33,101.1,87.83,7.85,19.63,3
PureGlow Soaps International (Fictional Dummy Company),Global Manufacturing Head - PureGlow Soaps,Australia,New Zealand,Christchurch,FCT031,Christchurch Soap Plant,LN0093,Line-3,2026-07-09 00:00:00,2026-07-09,0,Night,Lemon Bar Soap,0.78,60.0,10.4,Quality Hold,49.6,47,33,3,30,9.17,90.91,70.21,82.67,85.3,64.11,3.03,25.58,1
PureGlow Soaps International (Fictional Dummy Company),Global Manufacturing Head - PureGlow Soaps,Australia,New Zealand,Christchurch,FCT031,Christchurch Soap Plant,LN0091,Line-1,2026-07-09 01:00:00,2026-07-09,1,Night,Neem Bar Soap,1.27,60.0,30.0,Machine Breakdown,30.0,76,37,1,36,2.96,97.3,48.68,50.0,97.11,47.24,3.57,12.73,2
PureGlow Soaps International (Fictional Dummy Company),Global Manufacturing Head - PureGlow Soaps,Australia,New Zealand,Christchurch,FCT031,Christchurch Soap Plant,LN0092,Line-2,2026-07-09 01:00:00,2026-07-09,1,Night,Lemon Bar Soap,1.48,60.0,21.8,Power Outage,38.2,89,58,3,55,4.7,94.83,65.17,63.67,102.59,61.94,5.59,14.25,2
PureGlow Soaps International (Fictional Dummy Company),Global Manufacturing Head - PureGlow Soaps,Australia,New Zealand,Christchurch,FCT031,Christchurch Soap Plant,LN0093,Line-3,2026-07-09 01:00:00,2026-07-09,1,Night,Lemon Bar Soap,0.78,60.0,5.6,Power Outage,54.4,47,36,1,35,1.58,97.22,76.6,90.67,84.84,74.79,3.23,28.62,2
PureGlow Soaps International (Fictional Dummy Company),Global Manufacturing Head - PureGlow Soaps,Australia,New Zealand,Christchurch,FCT031,Christchurch Soap Plant,LN0091,Line-1,2026-07-09 02:00:00,2026-07-09,2,Night,Neem Bar Soap,1.27,60.0,29.1,Preventive Maintenance,30.9,76,38,1,37,1.81,97.37,50.0,51.5,96.83,48.56,3.39,14.24,2
PureGlow Soaps International (Fictional Dummy Company),Global Manufacturing Head - PureGlow Soaps,Australia,New Zealand,Christchurch,FCT031,Christchurch Soap Plant,LN0092,Line-2,2026-07-09 02:00:00,2026-07-09,2,Night,Lemon Bar Soap,1.48,60.0,14.1,Staff Shortage,45.9,89,69,2,67,2.9,97.1,77.53,76.5,101.57,75.45,7.37,16.01,2
PureGlow Soaps International (Fictional Dummy Company),Global Manufacturing Head - PureGlow Soaps,Australia,New Zealand,Christchurch,FCT031,Christchurch Soap Plant,LN0093,Line-3,2026-07-09 02:00:00,2026-07-09,2,Night,Lemon Bar Soap,0.78,60.0,2.4,No Downtime,57.6,47,42,0,42,0.59,100.0,89.36,96.0,93.48,89.74,4.29,31.84,3
PureGlow Soaps International (Fictional Dummy Company),Global Manufacturing Head - PureGlow Soaps,Australia,New Zealand,Christchurch,FCT031,Christchurch Soap Plant,LN0091,Line-1,2026-07-09 03:00:00,2026-07-09,3,Night,Neem Bar Soap,1.27,60.0,1.9,No Downtime,58.1,76,73,3,70,3.46,95.89,96.05,96.83,98.93,91.86,7.88,27.39,2
PureGlow Soaps International (Fictional Dummy Company),Global Manufacturing Head - PureGlow Soaps,Australia,New Zealand,Christchurch,FCT031,Christchurch Soap Plant,LN0092,Line-2,2026-07-09 03:00:00,2026-07-09,3,Night,Lemon Bar Soap,1.48,60.0,13.2,Material Shortage,46.8,89,68,3,65,4.22,95.59,76.4,78.0,98.18,73.2,6.22,16.3,3
PureGlow Soaps International (Fictional Dummy Company),Global Manufacturing Head - PureGlow Soaps,Australia,New Zealand,Christchurch,FCT031,Christchurch Soap Plant,LN0093,Line-3,2026-07-09 03:00:00,2026-07-09,3,Night,Lemon Bar Soap,0.78,60.0,20.7,Power Outage,39.3,47,26,1,25,3.29,96.15,55.32,65.5,84.82,53.42,2.84,21.79,3
PureGlow Soaps International (Fictional Dummy Company),Global Manufacturing Head - PureGlow Soaps,Australia,New Zealand,Christchurch,FCT031,Christchurch Soap Plant,LN0091,Line-1,2026-07-09 04:00:00,2026-07-09,4,Night,Neem Bar Soap,1.27,60.0,23.9,Power Outage,36.1,76,39,1,38,2.55,97.44,51.32,60.17,85.07,49.88,3.33,18.04,2
PureGlow Soaps International (Fictional Dummy Company),Global Manufacturing Head - PureGlow Soaps,Australia,New Zealand,Christchurch,FCT031,Christchurch Soap Plant,LN0092,Line-2,2026-07-09 04:00:00,2026-07-09,4,Night,Lemon Bar Soap,1.48,60.0,11.0,Machine Breakdown,49.0,89,66,3,63,3.91,95.45,74.16,81.67,91.01,70.95,6.78,17.69,2
PureGlow Soaps International (Fictional Dummy Company),Global Manufacturing Head - PureGlow Soaps,Australia,New Zealand,Christchurch,FCT031,Christchurch Soap Plant,LN0093,Line-3,2026-07-09 04:00:00,2026-07-09,4,Night,Lemon Bar Soap,0.78,60.0,2.0,No Downtime,58.0,47,45,1,44,2.84,97.78,95.74,96.67,99.47,94.02,4.69,31.55,2
PureGlow Soaps International (Fictional Dummy Company),Global Manufacturing Head - PureGlow Soaps,Australia,New Zealand,Christchurch,FCT031,Christchurch Soap Plant,LN0091,Line-1,2026-07-09 05:00:00,2026-07-09,5,Night,Neem Bar Soap,1.27,60.0,3.9,No Downtime,56.1,76,68,3,65,3.68,95.59,89.47,93.5,95.44,85.3,6.35,25.28,1
PureGlow Soaps International (Fictional Dummy Company),Global Manufacturing Head - PureGlow Soaps,Australia,New Zealand,Christchurch,FCT031,Christchurch Soap Plant,LN0092,Line-2,2026-07-09 05:00:00,2026-07-09,5,Night,Lemon Bar Soap,1.48,60.0,2.0,No Downtime,58.0,89,71,3,68,3.87,95.77,79.78,96.67,82.71,76.57,7.53,21.8,2
PureGlow Soaps International (Fictional Dummy Company),Global Manufacturing Head - PureGlow Soaps,Australia,New Zealand,Christchurch,FCT031,Christchurch Soap Plant,LN0093,Line-3,2026-07-09 05:00:00,2026-07-09,5,Night,Lemon Bar Soap,0.78,60.0,30.3,Material Shortage,29.7,47,23,1,22,2.92,95.65,48.94,49.5,99.28,47.01,2.47,16.91,2
PureGlow Soaps International (Fictional Dummy Company),Global Manufacturing Head - PureGlow Soaps,Australia,New Zealand,Christchurch,FCT031,Christchurch Soap Plant,LN0091,Line-1,2026-07-09 06:00:00,2026-07-09,6,Morning,Neem Bar Soap,1.27,60.0,11.7,Changeover/Setup,48.3,76,57,1,56,2.63,98.25,75.0,80.5,92.92,73.49,5.79,22.15,2
PureGlow Soaps International (Fictional Dummy Company),Global Manufacturing Head - PureGlow Soaps,Australia,New Zealand,Christchurch,FCT031,Christchurch Soap Plant,LN0092,Line-2,2026-07-09 06:00:00,2026-07-09,6,Morning,Lemon Bar Soap,1.48,60.0,11.7,Machine Breakdown,48.3,89,65,2,63,3.38,96.92,73.03,80.5,90.93,70.94,6.1,18.71,2
PureGlow Soaps International (Fictional Dummy Company),Global Manufacturing Head - PureGlow Soaps,Australia,New Zealand,Christchurch,FCT031,Christchurch Soap Plant,LN0093,Line-3,2026-07-09 06:00:00,2026-07-09,6,Morning,Lemon Bar Soap,0.78,60.0,39.5,Preventive Maintenance,20.5,47,14,0,14,1.96,100.0,29.79,34.17,87.55,29.92,1.22,10.39,1
PureGlow Soaps International (Fictional Dummy Company),Global Manufacturing Head - PureGlow Soaps,Australia,New Zealand,Christchurch,FCT031,Christchurch Soap Plant,LN0091,Line-1,2026-07-09 07:00:00,2026-07-09,7,Morning,Neem Bar Soap,1.27,60.0,1.9,No Downtime,58.1,76,74,2,72,2.67,97.3,97.37,96.83,100.29,94.49,6.74,27.51,1
PureGlow Soaps International (Fictional Dummy Company),Global Manufacturing Head - PureGlow Soaps,Australia,New Zealand,Christchurch,FCT031,Christchurch Soap Plant,LN0092,Line-2,2026-07-09 07:00:00,2026-07-09,7,Morning,Lemon Bar Soap,1.48,60.0,0.6,No Downtime,59.4,89,72,2,70,2.23,97.22,80.9,99.0,81.9,78.83,6.88,20.65,3
PureGlow Soaps International (Fictional Dummy Company),Global Manufacturing Head - PureGlow Soaps,Australia,New Zealand,Christchurch,FCT031,Christchurch Soap Plant,LN0093,Line-3,2026-07-09 07:00:00,2026-07-09,7,Morning,Lemon Bar Soap,0.78,60.0,11.9,Power Outage,48.1,47,31,2,29,6.06,93.55,65.96,80.17,82.63,61.97,3.13,27.07,3
PureGlow Soaps International (Fictional Dummy Company),Global Manufacturing Head - PureGlow Soaps,Australia,New Zealand,Christchurch,FCT031,Christchurch Soap Plant,LN0091,Line-1,2026-07-09 08:00:00,2026-07-09,8,Morning,Neem Bar Soap,1.27,60.0,14.1,Changeover/Setup,45.9,76,53,1,52,1.88,98.11,69.74,76.5,90.92,68.24,4.62,22.86,3
PureGlow Soaps International (Fictional Dummy Company),Global Manufacturing Head - PureGlow Soaps,Australia,New Zealand,Christchurch,FCT031,Christchurch Soap Plant,LN0092,Line-2,2026-07-09 08:00:00,2026-07-09,8,Morning,Lemon Bar Soap,1.48,60.0,3.2,No Downtime,56.8,89,83,2,81,2.23,97.59,93.26,94.67,98.73,91.22,9.06,21.92,3
PureGlow Soaps International (Fictional Dummy Company),Global Manufacturing Head - PureGlow Soaps,Australia,New Zealand,Christchurch,FCT031,Christchurch Soap Plant,LN0093,Line-3,2026-07-09 08:00:00,2026-07-09,8,Morning,Lemon Bar Soap,0.78,60.0,3.2,No Downtime,56.8,47,43,1,42,1.9,97.67,91.49,94.67,97.06,89.75,4.19,27.73,3
PureGlow Soaps International (Fictional Dummy Company),Global Manufacturing Head - PureGlow Soaps,Australia,New Zealand,Christchurch,FCT031,Christchurch Soap Plant,LN0091,Line-1,2026-07-09 09:00:00,2026-07-09,9,Morning,Neem Bar Soap,1.27,60.0,6.8,Power Outage,53.2,76,66,3,63,4.98,95.45,86.84,88.67,97.69,82.68,6.3,24.52,2
PureGlow Soaps International (Fictional Dummy Company),Global Manufacturing Head - PureGlow Soaps,Australia,New Zealand,Christchurch,FCT031,Christchurch Soap Plant,LN0092,Line-2,2026-07-09 09:00:00,2026-07-09,9,Morning,Lemon Bar Soap,1.48,60.0,0.6,No Downtime,59.4,89,72,4,68,5.02,94.44,80.9,99.0,81.9,76.57,6.16,23.49,2
PureGlow Soaps International (Fictional Dummy Company),Global Manufacturing Head - PureGlow Soaps,Australia,New Zealand,Christchurch,FCT031,Christchurch Soap Plant,LN0093,Line-3,2026-07-09 09:00:00,2026-07-09,9,Morning,Lemon Bar Soap,0.78,60.0,21.1,Machine Breakdown,38.9,47,28,1,27,4.76,96.43,59.57,64.83,92.28,57.69,2.75,18.88,2
PureGlow Soaps International (Fictional Dummy Company),Global Manufacturing Head - PureGlow Soaps,Australia,New Zealand,Christchurch,FCT031,Christchurch Soap Plant,LN0091,Line-1,2026-07-09 10:00:00,2026-07-09,10,Morning,Neem Bar Soap,1.27,60.0,2.5,No Downtime,57.5,76,75,1,74,1.76,98.67,98.68,95.83,102.7,97.11,6.45,27.23,3
PureGlow Soaps International (Fictional Dummy Company),Global Manufacturing Head - PureGlow Soaps,Australia,New Zealand,Christchurch,FCT031,Christchurch Soap Plant,LN0092,Line-2,2026-07-09 10:00:00,2026-07-09,10,Morning,Lemon Bar Soap,1.48,60.0,33.3,Preventive Maintenance,26.7,89,32,0,32,0.93,100.0,35.96,44.5,80.98,36.04,3.18,9.25,3
PureGlow Soaps International (Fictional Dummy Company),Global Manufacturing Head - PureGlow Soaps,Australia,New Zealand,Christchurch,FCT031,Christchurch Soap Plant,LN0093,Line-3,2026-07-09 10:00:00,2026-07-09,10,Morning,Lemon Bar Soap,0.78,60.0,14.5,Staff Shortage,45.5,47,33,1,32,4.5,96.97,70.21,75.83,92.98,68.37,2.88,22.51,3
PureGlow Soaps International (Fictional Dummy Company),Global Manufacturing Head - PureGlow Soaps,Australia,New Zealand,Christchurch,FCT031,Christchurch Soap Plant,LN0091,Line-1,2026-07-09 11:00:00,2026-07-09,11,Morning,Neem Bar Soap,1.27,60.0,26.6,Machine Breakdown,33.4,76,38,1,37,1.57,97.37,50.0,55.67,89.58,48.56,3.93,14.52,1
PureGlow Soaps International (Fictional Dummy Company),Global Manufacturing Head - PureGlow Soaps,Australia,New Zealand,Christchurch,FCT031,Christchurch Soap Plant,LN0092,Line-2,2026-07-09 11:00:00,2026-07-09,11,Morning,Lemon Bar Soap,1.48,60.0,1.4,No Downtime,58.6,89,78,2,76,2.54,97.44,87.64,97.67,89.94,85.6,7.07,20.32,2
PureGlow Soaps International (Fictional Dummy Company),Global Manufacturing Head - PureGlow Soaps,Australia,New Zealand,Christchurch,FCT031,Christchurch Soap Plant,LN0093,Line-3,2026-07-09 11:00:00,2026-07-09,11,Morning,Lemon Bar Soap,0.78,60.0,16.8,Changeover/Setup,43.2,47,34,0,34,0.46,100.0,72.34,72.0,100.9,72.65,3.2,22.28,1
PureGlow Soaps International (Fictional Dummy Company),Global Manufacturing Head - PureGlow Soaps,Australia,New Zealand,Christchurch,FCT031,Christchurch Soap Plant,LN0091,Line-1,2026-07-09 12:00:00,2026-07-09,12,Morning,Neem Bar Soap,1.27,60.0,30.9,Preventive Maintenance,29.1,76,34,1,33,3.23,97.06,44.74,48.5,92.0,43.31,3.55,13.26,3
PureGlow Soaps International (Fictional Dummy Company),Global Manufacturing Head - PureGlow Soaps,Australia,New Zealand,Christchurch,FCT031,Christchurch Soap Plant,LN0092,Line-2,2026-07-09 12:00:00,2026-07-09,12,Morning,Lemon Bar Soap,1.48,60.0,2.9,No Downtime,57.1,89,71,3,68,3.68,95.77,79.78,95.17,84.02,76.58,6.94,22.42,3
PureGlow Soaps International (Fictional Dummy Company),Global Manufacturing Head - PureGlow Soaps,Australia,New Zealand,Christchurch,FCT031,Christchurch Soap Plant,LN0093,Line-3,2026-07-09 12:00:00,2026-07-09,12,Morning,Lemon Bar Soap,0.78,60.0,22.7,Preventive Maintenance,37.3,47,25,1,24,3.39,96.0,53.19,62.17,85.93,51.29,2.57,20.17,2
PureGlow Soaps International (Fictional Dummy Company),Global Manufacturing Head - PureGlow Soaps,Australia,New Zealand,Christchurch,FCT031,Christchurch Soap Plant,LN0091,Line-1,2026-07-09 13:00:00,2026-07-09,13,Morning,Neem Bar Soap,1.27,60.0,6.8,Changeover/Setup,53.2,76,59,3,56,4.28,94.92,77.63,88.67,87.32,73.49,6.48,22.42,3
PureGlow Soaps International (Fictional Dummy Company),Global Manufacturing Head - PureGlow Soaps,Australia,New Zealand,Christchurch,FCT031,Christchurch Soap Plant,LN0092,Line-2,2026-07-09 13:00:00,2026-07-09,13,Morning,Lemon Bar Soap,1.48,60.0,16.6,Preventive Maintenance,43.4,89,62,2,60,3.85,96.77,69.66,72.33,96.53,67.56,5.61,15.24,3
PureGlow Soaps International (Fictional Dummy Company),Global Manufacturing Head - PureGlow Soaps,Australia,New Zealand,Christchurch,FCT031,Christchurch Soap Plant,LN0093,Line-3,2026-07-09 13:00:00,2026-07-09,13,Morning,Lemon Bar Soap,0.78,60.0,15.7,Machine Breakdown,44.3,47,33,1,32,4.21,96.97,70.21,73.83,95.5,68.37,3.34,25.06,2
PureGlow Soaps International (Fictional Dummy Company),Global Manufacturing Head - PureGlow Soaps,Australia,New Zealand,Christchurch,FCT031,Christchurch Soap Plant,LN0091,Line-1,2026-07-09 14:00:00,2026-07-09,14,Afternoon,Neem Bar Soap,1.27,60.0,3.3,No Downtime,56.7,76,62,3,59,4.79,95.16,81.58,94.5,86.1,77.43,5.76,23.96,3
PureGlow Soaps International (Fictional Dummy Company),Global Manufacturing Head - PureGlow Soaps,Australia,New Zealand,Christchurch,FCT031,Christchurch Soap Plant,LN0092,Line-2,2026-07-09 14:00:00,2026-07-09,14,Afternoon,Lemon Bar Soap,1.48,60.0,1.0,No Downtime,59.0,89,77,1,76,1.31,98.7,86.52,98.33,88.18,85.58,7.04,21.26,3
PureGlow Soaps International (Fictional Dummy Company),Global Manufacturing Head - PureGlow Soaps,Australia,New Zealand,Christchurch,FCT031,Christchurch Soap Plant,LN0093,Line-3,2026-07-09 14:00:00,2026-07-09,14,Afternoon,Lemon Bar Soap,0.78,60.0,1.4,No Downtime,58.6,47,45,3,42,5.71,93.33,95.74,97.67,98.45,89.74,4.19,29.64,3
PureGlow Soaps International (Fictional Dummy Company),Global Manufacturing Head - PureGlow Soaps,Australia,New Zealand,Christchurch,FCT031,Christchurch Soap Plant,LN0091,Line-1,2026-07-09 15:00:00,2026-07-09,15,Afternoon,Neem Bar Soap,1.27,60.0,12.2,Changeover/Setup,47.8,76,53,1,52,1.2,98.11,69.74,79.67,87.31,68.25,5.73,23.69,2
PureGlow Soaps International (Fictional Dummy Company),Global Manufacturing Head - PureGlow Soaps,Australia,New Zealand,Christchurch,FCT031,Christchurch Soap Plant,LN0092,Line-2,2026-07-09 15:00:00,2026-07-09,15,Afternoon,Lemon Bar Soap,1.48,60.0,5.2,Quality Hold,54.8,89,70,4,66,6.13,94.29,78.65,91.33,86.31,74.33,7.16,19.65,3
PureGlow Soaps International (Fictional Dummy Company),Global Manufacturing Head - PureGlow Soaps,Australia,New Zealand,Christchurch,FCT031,Christchurch Soap Plant,LN0093,Line-3,2026-07-09 15:00:00,2026-07-09,15,Afternoon,Lemon Bar Soap,0.78,60.0,0.3,No Downtime,59.7,47,38,1,37,3.35,97.37,80.85,99.5,81.6,79.06,3.42,31.64,3
PureGlow Soaps International (Fictional Dummy Company),Global Manufacturing Head - PureGlow Soaps,Australia,New Zealand,Christchurch,FCT031,Christchurch Soap Plant,LN0091,Line-1,2026-07-09 16:00:00,2026-07-09,16,Afternoon,Neem Bar Soap,1.27,60.0,0.2,No Downtime,59.8,76,63,2,61,3.89,96.83,82.89,99.67,82.95,80.06,5.78,25.99,2
PureGlow Soaps International (Fictional Dummy Company),Global Manufacturing Head - PureGlow Soaps,Australia,New Zealand,Christchurch,FCT031,Christchurch Soap Plant,LN0092,Line-2,2026-07-09 16:00:00,2026-07-09,16,Afternoon,Lemon Bar Soap,1.48,60.0,15.0,Machine Breakdown,45.0,89,55,2,53,4.46,96.36,61.8,75.0,82.58,59.68,5.88,17.28,2
PureGlow Soaps International (Fictional Dummy Company),Global Manufacturing Head - PureGlow Soaps,Australia,New Zealand,Christchurch,FCT031,Christchurch Soap Plant,LN0093,Line-3,2026-07-09 16:00:00,2026-07-09,16,Afternoon,Lemon Bar Soap,0.78,60.0,34.1,Material Shortage,25.9,47,18,1,17,4.75,94.44,38.3,43.17,89.1,36.33,1.86,14.08,1
PureGlow Soaps International (Fictional Dummy Company),Global Manufacturing Head - PureGlow Soaps,Australia,New Zealand,Christchurch,FCT031,Christchurch Soap Plant,LN0091,Line-1,2026-07-09 17:00:00,2026-07-09,17,Afternoon,Neem Bar Soap,1.27,60.0,16.3,Machine Breakdown,43.7,76,49,1,48,1.32,97.96,64.47,72.83,88.29,62.99,4.89,20.1,3
PureGlow Soaps International (Fictional Dummy Company),Global Manufacturing Head - PureGlow Soaps,Australia,New Zealand,Christchurch,FCT031,Christchurch Soap Plant,LN0092,Line-2,2026-07-09 17:00:00,2026-07-09,17,Afternoon,Lemon Bar Soap,1.48,60.0,5.6,Staff Shortage,54.4,89,66,3,63,4.23,95.45,74.16,90.67,81.98,70.95,5.88,21.07,3
PureGlow Soaps International (Fictional Dummy Company),Global Manufacturing Head - PureGlow Soaps,Australia,New Zealand,Christchurch,FCT031,Christchurch Soap Plant,LN0093,Line-3,2026-07-09 17:00:00,2026-07-09,17,Afternoon,Lemon Bar Soap,0.78,60.0,1.5,No Downtime,58.5,47,41,2,39,4.06,95.12,87.23,97.5,89.85,83.33,3.64,33.02,1
PureGlow Soaps International (Fictional Dummy Company),Global Manufacturing Head - PureGlow Soaps,Australia,New Zealand,Christchurch,FCT031,Christchurch Soap Plant,LN0091,Line-1,2026-07-09 18:00:00,2026-07-09,18,Afternoon,Neem Bar Soap,1.27,60.0,0.9,No Downtime,59.1,76,75,4,71,4.91,94.67,98.68,98.5,99.92,93.18,7.6,26.59,1
PureGlow Soaps International (Fictional Dummy Company),Global Manufacturing Head - PureGlow Soaps,Australia,New Zealand,Christchurch,FCT031,Christchurch Soap Plant,LN0092,Line-2,2026-07-09 18:00:00,2026-07-09,18,Afternoon,Lemon Bar Soap,1.48,60.0,16.8,Changeover/Setup,43.2,89,66,2,64,2.59,96.97,74.16,72.0,103.23,72.07,6.8,14.79,1
PureGlow Soaps International (Fictional Dummy Company),Global Manufacturing Head - PureGlow Soaps,Australia,New Zealand,Christchurch,FCT031,Christchurch Soap Plant,LN0093,Line-3,2026-07-09 18:00:00,2026-07-09,18,Afternoon,Lemon Bar Soap,0.78,60.0,31.5,Machine Breakdown,28.5,47,21,1,20,6.47,95.24,44.68,47.5,94.47,42.74,2.22,16.23,2
PureGlow Soaps International (Fictional Dummy Company),Global Manufacturing Head - PureGlow Soaps,Australia,New Zealand,Christchurch,FCT031,Christchurch Soap Plant,LN0091,Line-1,2026-07-09 19:00:00,2026-07-09,19,Afternoon,Neem Bar Soap,1.27,60.0,10.4,Quality Hold,49.6,76,61,5,56,7.9,91.8,80.26,82.67,96.84,73.49,6.68,25.16,2
PureGlow Soaps International (Fictional Dummy Company),Global Manufacturing Head - PureGlow Soaps,Australia,New Zealand,Christchurch,FCT031,Christchurch Soap Plant,LN0092,Line-2,2026-07-09 19:00:00,2026-07-09,19,Afternoon,Lemon Bar Soap,1.48,60.0,7.0,Quality Hold,53.0,89,66,6,60,9.06,90.91,74.16,88.33,84.14,67.57,7.23,17.59,2
PureGlow Soaps International (Fictional Dummy Company),Global Manufacturing Head - PureGlow Soaps,Australia,New Zealand,Christchurch,FCT031,Christchurch Soap Plant,LN0093,Line-3,2026-07-09 19:00:00,2026-07-09,19,Afternoon,Lemon Bar Soap,0.78,60.0,12.9,Changeover/Setup,47.1,47,37,1,36,1.82,97.3,78.72,78.5,100.71,76.92,3.54,27.2,3
PureGlow Soaps International (Fictional Dummy Company),Global Manufacturing Head - PureGlow Soaps,Australia,New Zealand,Christchurch,FCT031,Christchurch Soap Plant,LN0091,Line-1,2026-07-09 20:00:00,2026-07-09,20,Afternoon,Neem Bar Soap,1.27,60.0,32.9,Machine Breakdown,27.1,76,32,0,32,1.11,100.0,42.11,45.17,92.98,42.0,3.01,12.33,3
PureGlow Soaps International (Fictional Dummy Company),Global Manufacturing Head - PureGlow Soaps,Australia,New Zealand,Christchurch,FCT031,Christchurch Soap Plant,LN0092,Line-2,2026-07-09 20:00:00,2026-07-09,20,Afternoon,Lemon Bar Soap,1.48,60.0,22.1,Preventive Maintenance,37.9,89,48,2,46,3.96,95.83,53.93,63.17,85.57,51.8,4.79,13.57,1
PureGlow Soaps International (Fictional Dummy Company),Global Manufacturing Head - PureGlow Soaps,Australia,New Zealand,Christchurch,FCT031,Christchurch Soap Plant,LN0093,Line-3,2026-07-09 20:00:00,2026-07-09,20,Afternoon,Lemon Bar Soap,0.78,60.0,3.1,No Downtime,56.9,47,36,1,35,2.7,97.22,76.6,94.83,81.11,74.78,3.73,29.83,1
PureGlow Soaps International (Fictional Dummy Company),Global Manufacturing Head - PureGlow Soaps,Australia,New Zealand,Christchurch,FCT031,Christchurch Soap Plant,LN0091,Line-1,2026-07-09 21:00:00,2026-07-09,21,Afternoon,Neem Bar Soap,1.27,60.0,3.6,No Downtime,56.4,76,70,2,68,2.62,97.14,92.11,94.0,97.73,89.24,6.87,28.26,2
PureGlow Soaps International (Fictional Dummy Company),Global Manufacturing Head - PureGlow Soaps,Australia,New Zealand,Christchurch,FCT031,Christchurch Soap Plant,LN0092,Line-2,2026-07-09 21:00:00,2026-07-09,21,Afternoon,Lemon Bar Soap,1.48,60.0,6.5,Changeover/Setup,53.5,89,73,3,70,3.98,95.89,82.02,89.17,92.19,78.83,6.5,17.86,3
PureGlow Soaps International (Fictional Dummy Company),Global Manufacturing Head - PureGlow Soaps,Australia,New Zealand,Christchurch,FCT031,Christchurch Soap Plant,LN0093,Line-3,2026-07-09 21:00:00,2026-07-09,21,Afternoon,Lemon Bar Soap,0.78,60.0,41.1,Machine Breakdown,18.9,47,14,1,13,4.16,92.86,29.79,31.5,94.97,27.78,1.4,10.69,3
PureGlow Soaps International (Fictional Dummy Company),Global Manufacturing Head - PureGlow Soaps,Australia,New Zealand,Christchurch,FCT031,Christchurch Soap Plant,LN0091,Line-1,2026-07-09 22:00:00,2026-07-09,22,Night,Neem Bar Soap,1.27,60.0,23.0,Material Shortage,37.0,76,38,2,36,5.12,94.74,50.0,61.67,80.87,47.25,3.99,15.67,2
PureGlow Soaps International (Fictional Dummy Company),Global Manufacturing Head - PureGlow Soaps,Australia,New Zealand,Christchurch,FCT031,Christchurch Soap Plant,LN0092,Line-2,2026-07-09 22:00:00,2026-07-09,22,Night,Lemon Bar Soap,1.48,60.0,30.2,Material Shortage,29.8,89,37,2,35,4.63,94.59,41.57,49.67,83.89,39.41,4.05,11.88,3
PureGlow Soaps International (Fictional Dummy Company),Global Manufacturing Head - PureGlow Soaps,Australia,New Zealand,Christchurch,FCT031,Christchurch Soap Plant,LN0093,Line-3,2026-07-09 22:00:00,2026-07-09,22,Night,Lemon Bar Soap,0.78,60.0,31.8,Machine Breakdown,28.2,47,21,0,21,0.29,100.0,44.68,47.0,95.47,44.87,2.09,13.64,3
PureGlow Soaps International (Fictional Dummy Company),Global Manufacturing Head - PureGlow Soaps,Australia,New Zealand,Christchurch,FCT031,Christchurch Soap Plant,LN0091,Line-1,2026-07-09 23:00:00,2026-07-09,23,Night,Neem Bar Soap,1.27,60.0,3.0,No Downtime,57.0,76,70,4,66,6.19,94.29,92.11,95.0,96.7,86.62,6.15,26.95,1
PureGlow Soaps International (Fictional Dummy Company),Global Manufacturing Head - PureGlow Soaps,Australia,New Zealand,Christchurch,FCT031,Christchurch Soap Plant,LN0092,Line-2,2026-07-09 23:00:00,2026-07-09,23,Night,Lemon Bar Soap,1.48,60.0,24.7,Power Outage,35.3,89,51,2,49,3.33,96.08,57.3,58.83,97.62,55.18,4.43,13.7,2
PureGlow Soaps International (Fictional Dummy Company),Global Manufacturing Head - PureGlow Soaps,Australia,New Zealand,Christchurch,FCT031,Christchurch Soap Plant,LN0093,Line-3,2026-07-09 23:00:00,2026-07-09,23,Night,Lemon Bar Soap,0.78,60.0,28.4,Material Shortage,31.6,47,20,1,19,4.91,95.0,42.55,52.67,81.14,40.6,1.73,15.67,3
PureGlow Soaps International (Fictional Dummy Company),Global Manufacturing Head - PureGlow Soaps,Australia,New Zealand,Christchurch,FCT031,Christchurch Soap Plant,LN0091,Line-1,2026-07-10 00:00:00,2026-07-10,0,Night,Coconut Bar Soap,1.27,60.0,19.2,Power Outage,40.8,76,48,1,47,2.55,97.92,63.16,68.0,92.64,61.68,5.13,19.25,2
PureGlow Soaps International (Fictional Dummy Company),Global Manufacturing Head - PureGlow Soaps,Australia,New Zealand,Christchurch,FCT031,Christchurch Soap Plant,LN0092,Line-2,2026-07-10 00:00:00,2026-07-10,0,Night,Neem Bar Soap,1.48,60.0,0.8,No Downtime,59.2,89,88,4,84,4.42,95.45,98.88,98.67,100.44,94.59,7.62,19.87,3
PureGlow Soaps International (Fictional Dummy Company),Global Manufacturing Head - PureGlow Soaps,Australia,New Zealand,Christchurch,FCT031,Christchurch Soap Plant,LN0093,Line-3,2026-07-10 00:00:00,2026-07-10,0,Night,Lemon Bar Soap,0.78,60.0,40.0,Preventive Maintenance,20.0,47,13,0,13,3.11,100.0,27.66,33.33,83.33,27.77,1.12,9.75,2
PureGlow Soaps International (Fictional Dummy Company),Global Manufacturing Head - PureGlow Soaps,Australia,New Zealand,Christchurch,FCT031,Christchurch Soap Plant,LN0091,Line-1,2026-07-10 01:00:00,2026-07-10,1,Night,Coconut Bar Soap,1.27,60.0,2.8,No Downtime,57.2,76,62,2,60,2.79,96.77,81.58,95.33,85.35,78.74,6.74,27.48,2
PureGlow Soaps International (Fictional Dummy Company),Global Manufacturing Head - PureGlow Soaps,Australia,New Zealand,Christchurch,FCT031,Christchurch Soap Plant,LN0092,Line-2,2026-07-10 01:00:00,2026-07-10,1,Night,Neem Bar Soap,1.48,60.0,7.7,Power Outage,52.3,89,76,2,74,2.28,97.37,85.39,87.17,98.19,83.34,6.48,17.63,3
PureGlow Soaps International (Fictional Dummy Company),Global Manufacturing Head - PureGlow Soaps,Australia,New Zealand,Christchurch,FCT031,Christchurch Soap Plant,LN0093,Line-3,2026-07-10 01:00:00,2026-07-10,1,Night,Lemon Bar Soap,0.78,60.0,40.4,Machine Breakdown,19.6,47,13,1,12,4.57,92.31,27.66,32.67,85.03,25.64,1.11,9.82,3
PureGlow Soaps International (Fictional Dummy Company),Global Manufacturing Head - PureGlow Soaps,Australia,New Zealand,Christchurch,FCT031,Christchurch Soap Plant,LN0091,Line-1,2026-07-10 02:00:00,2026-07-10,2,Night,Coconut Bar Soap,1.27,60.0,13.3,Power Outage,46.7,76,54,3,51,4.69,94.44,71.05,77.83,91.05,66.92,5.03,22.46,3
PureGlow Soaps International (Fictional Dummy Company),Global Manufacturing Head - PureGlow Soaps,Australia,New Zealand,Christchurch,FCT031,Christchurch Soap Plant,LN0092,Line-2,2026-07-10 02:00:00,2026-07-10,2,Night,Neem Bar Soap,1.48,60.0,30.3,Material Shortage,29.7,89,45,2,43,4.09,95.56,50.56,49.5,102.38,48.43,4.56,10.32,1
PureGlow Soaps International (Fictional Dummy Company),Global Manufacturing Head - PureGlow Soaps,Australia,New Zealand,Christchurch,FCT031,Christchurch Soap Plant,LN0093,Line-3,2026-07-10 02:00:00,2026-07-10,2,Night,Lemon Bar Soap,0.78,60.0,16.9,Staff Shortage,43.1,47,32,1,31,4.08,96.88,68.09,71.83,95.19,66.24,3.31,24.04,3
PureGlow Soaps International (Fictional Dummy Company),Global Manufacturing Head - PureGlow Soaps,Australia,New Zealand,Christchurch,FCT031,Christchurch Soap Plant,LN0091,Line-1,2026-07-10 03:00:00,2026-07-10,3,Night,Coconut Bar Soap,1.27,60.0,36.1,Preventive Maintenance,23.9,76,31,0,31,1.05,100.0,40.79,39.83,102.13,40.68,2.98,10.94,2
PureGlow Soaps International (Fictional Dummy Company),Global Manufacturing Head - PureGlow Soaps,Australia,New Zealand,Christchurch,FCT031,Christchurch Soap Plant,LN0092,Line-2,2026-07-10 03:00:00,2026-07-10,3,Night,Neem Bar Soap,1.48,60.0,17.3,Quality Hold,42.7,89,51,5,46,10.77,90.2,57.3,71.17,80.7,51.81,5.41,14.48,2
PureGlow Soaps International (Fictional Dummy Company),Global Manufacturing Head - PureGlow Soaps,Australia,New Zealand,Christchurch,FCT031,Christchurch Soap Plant,LN0093,Line-3,2026-07-10 03:00:00,2026-07-10,3,Night,Lemon Bar Soap,0.78,60.0,17.9,Quality Hold,42.1,47,31,2,29,7.54,93.55,65.96,70.17,94.4,61.97,2.91,22.14,1
PureGlow Soaps International (Fictional Dummy Company),Global Manufacturing Head - PureGlow Soaps,Australia,New Zealand,Christchurch,FCT031,Christchurch Soap Plant,LN0091,Line-1,2026-07-10 04:00:00,2026-07-10,4,Night,Coconut Bar Soap,1.27,60.0,9.2,Quality Hold,50.8,76,58,4,54,7.03,93.1,76.32,84.67,89.9,70.87,5.76,25.25,1
PureGlow Soaps International (Fictional Dummy Company),Global Manufacturing Head - PureGlow Soaps,Australia,New Zealand,Christchurch,FCT031,Christchurch Soap Plant,LN0092,Line-2,2026-07-10 04:00:00,2026-07-10,4,Night,Neem Bar Soap,1.48,60.0,3.8,No Downtime,56.2,89,75,3,72,3.74,96.0,84.27,93.67,90.17,81.08,7.08,20.68,2
PureGlow Soaps International (Fictional Dummy Company),Global Manufacturing Head - PureGlow Soaps,Australia,New Zealand,Christchurch,FCT031,Christchurch Soap Plant,LN0093,Line-3,2026-07-10 04:00:00,2026-07-10,4,Night,Lemon Bar Soap,0.78,60.0,0.3,No Downtime,59.7,47,40,2,38,4.21,95.0,85.11,99.5,85.9,81.2,4.02,32.34,3
PureGlow Soaps International (Fictional Dummy Company),Global Manufacturing Head - PureGlow Soaps,Australia,New Zealand,Christchurch,FCT031,Christchurch Soap Plant,LN0091,Line-1,2026-07-10 05:00:00,2026-07-10,5,Night,Coconut Bar Soap,1.27,60.0,27.9,Material Shortage,32.1,76,42,1,41,2.31,97.62,55.26,53.5,103.02,53.8,4.35,15.59,2
PureGlow Soaps International (Fictional Dummy Company),Global Manufacturing Head - PureGlow Soaps,Australia,New Zealand,Christchurch,FCT031,Christchurch Soap Plant,LN0092,Line-2,2026-07-10 05:00:00,2026-07-10,5,Night,Neem Bar Soap,1.48,60.0,16.4,Material Shortage,43.6,89,63,2,61,3.86,96.83,70.79,72.67,97.63,68.7,6.32,15.34,3
PureGlow Soaps International (Fictional Dummy Company),Global Manufacturing Head - PureGlow Soaps,Australia,New Zealand,Christchurch,FCT031,Christchurch Soap Plant,LN0093,Line-3,2026-07-10 05:00:00,2026-07-10,5,Night,Lemon Bar Soap,0.78,60.0,18.2,Staff Shortage,41.8,47,32,2,30,4.97,93.75,68.09,69.67,98.15,64.11,2.92,23.8,3
PureGlow Soaps International (Fictional Dummy Company),Global Manufacturing Head - PureGlow Soaps,Australia,New Zealand,Christchurch,FCT031,Christchurch Soap Plant,LN0091,Line-1,2026-07-10 06:00:00,2026-07-10,6,Morning,Coconut Bar Soap,1.27,60.0,1.6,No Downtime,58.4,76,62,2,60,3.13,96.77,81.58,97.33,83.59,78.73,5.92,28.28,1
PureGlow Soaps International (Fictional Dummy Company),Global Manufacturing Head - PureGlow Soaps,Australia,New Zealand,Christchurch,FCT031,Christchurch Soap Plant,LN0092,Line-2,2026-07-10 06:00:00,2026-07-10,6,Morning,Neem Bar Soap,1.48,60.0,7.8,Quality Hold,52.2,89,71,6,65,8.05,91.55,79.78,87.0,91.9,73.2,6.6,19.67,2
PureGlow Soaps International (Fictional Dummy Company),Global Manufacturing Head - PureGlow Soaps,Australia,New Zealand,Christchurch,FCT031,Christchurch Soap Plant,LN0093,Line-3,2026-07-10 06:00:00,2026-07-10,6,Morning,Lemon Bar Soap,0.78,60.0,15.7,Material Shortage,44.3,47,29,1,28,4.82,96.55,61.7,73.83,83.93,59.83,3.02,23.43,2
PureGlow Soaps International (Fictional Dummy Company),Global Manufacturing Head - PureGlow Soaps,Australia,New Zealand,Christchurch,FCT031,Christchurch Soap Plant,LN0091,Line-1,2026-07-10 07:00:00,2026-07-10,7,Morning,Coconut Bar Soap,1.27,60.0,2.3,No Downtime,57.7,76,71,1,70,1.77,98.59,93.42,96.17,96.89,91.87,7.68,26.58,1
PureGlow Soaps International (Fictional Dummy Company),Global Manufacturing Head - PureGlow Soaps,Australia,New Zealand,Christchurch,FCT031,Christchurch Soap Plant,LN0092,Line-2,2026-07-10 07:00:00,2026-07-10,7,Morning,Neem Bar Soap,1.48,60.0,14.5,Machine Breakdown,45.5,89,67,2,65,3.08,97.01,75.28,75.83,99.5,73.19,6.31,17.47,3
PureGlow Soaps International (Fictional Dummy Company),Global Manufacturing Head - PureGlow Soaps,Australia,New Zealand,Christchurch,FCT031,Christchurch Soap Plant,LN0093,Line-3,2026-07-10 07:00:00,2026-07-10,7,Morning,Lemon Bar Soap,0.78,60.0,2.2,No Downtime,57.8,47,36,1,35,2.51,97.22,76.6,96.33,79.85,74.78,3.76,29.03,3
PureGlow Soaps International (Fictional Dummy Company),Global Manufacturing Head - PureGlow Soaps,Australia,New Zealand,Christchurch,FCT031,Christchurch Soap Plant,LN0091,Line-1,2026-07-10 08:00:00,2026-07-10,8,Morning,Coconut Bar Soap,1.27,60.0,2.2,No Downtime,57.8,76,62,2,60,2.98,96.77,81.58,96.33,84.46,78.73,6.74,27.26,1
PureGlow Soaps International (Fictional Dummy Company),Global Manufacturing Head - PureGlow Soaps,Australia,New Zealand,Christchurch,FCT031,Christchurch Soap Plant,LN0092,Line-2,2026-07-10 08:00:00,2026-07-10,8,Morning,Neem Bar Soap,1.48,60.0,5.6,Changeover/Setup,54.4,89,81,3,78,4.23,96.3,91.01,90.67,100.61,87.85,7.08,19.26,2
PureGlow Soaps International (Fictional Dummy Company),Global Manufacturing Head - PureGlow Soaps,Australia,New Zealand,Christchurch,FCT031,Christchurch Soap Plant,LN0093,Line-3,2026-07-10 08:00:00,2026-07-10,8,Morning,Lemon Bar Soap,0.78,60.0,27.0,Machine Breakdown,33.0,47,26,1,25,5.31,96.15,55.32,55.0,101.01,53.42,2.65,18.76,3
PureGlow Soaps International (Fictional Dummy Company),Global Manufacturing Head - PureGlow Soaps,Australia,New Zealand,Christchurch,FCT031,Christchurch Soap Plant,LN0091,Line-1,2026-07-10 09:00:00,2026-07-10,9,Morning,Coconut Bar Soap,1.27,60.0,12.2,Changeover/Setup,47.8,76,51,2,49,3.15,96.08,67.11,79.67,84.01,64.31,5.11,23.96,2
PureGlow Soaps International (Fictional Dummy Company),Global Manufacturing Head - PureGlow Soaps,Australia,New Zealand,Christchurch,FCT031,Christchurch Soap Plant,LN0092,Line-2,2026-07-10 09:00:00,2026-07-10,9,Morning,Neem Bar Soap,1.48,60.0,17.7,Changeover/Setup,42.3,89,58,1,57,2.4,98.28,65.17,70.5,92.65,64.19,5.61,14.17,2
PureGlow Soaps International (Fictional Dummy Company),Global Manufacturing Head - PureGlow Soaps,Australia,New Zealand,Christchurch,FCT031,Christchurch Soap Plant,LN0093,Line-3,2026-07-10 09:00:00,2026-07-10,9,Morning,Lemon Bar Soap,0.78,60.0,26.5,Material Shortage,33.5,47,26,1,25,2.77,96.15,55.32,55.83,99.5,53.41,2.44,16.19,2
PureGlow Soaps International (Fictional Dummy Company),Global Manufacturing Head - PureGlow Soaps,Australia,New Zealand,Christchurch,FCT031,Christchurch Soap Plant,LN0091,Line-1,2026-07-10 10:00:00,2026-07-10,10,Morning,Coconut Bar Soap,1.27,60.0,2.1,No Downtime,57.9,76,62,1,61,1.52,98.39,81.58,96.5,84.32,80.06,5.55,26.91,3
PureGlow Soaps International (Fictional Dummy Company),Global Manufacturing Head - PureGlow Soaps,Australia,New Zealand,Christchurch,FCT031,Christchurch Soap Plant,LN0092,Line-2,2026-07-10 10:00:00,2026-07-10,10,Morning,Neem Bar Soap,1.48,60.0,15.5,Preventive Maintenance,44.5,89,65,2,63,3.34,96.92,73.03,74.17,98.69,70.94,5.92,16.95,2
PureGlow Soaps International (Fictional Dummy Company),Global Manufacturing Head - PureGlow Soaps,Australia,New Zealand,Christchurch,FCT031,Christchurch Soap Plant,LN0093,Line-3,2026-07-10 10:00:00,2026-07-10,10,Morning,Lemon Bar Soap,0.78,60.0,20.7,Machine Breakdown,39.3,47,30,0,30,0.88,100.0,63.83,65.5,97.87,64.1,2.81,20.17,1
PureGlow Soaps International (Fictional Dummy Company),Global Manufacturing Head - PureGlow Soaps,Australia,New Zealand,Christchurch,FCT031,Christchurch Soap Plant,LN0091,Line-1,2026-07-10 11:00:00,2026-07-10,11,Morning,Coconut Bar Soap,1.27,60.0,10.5,Machine Breakdown,49.5,76,54,0,54,0.0,100.0,71.05,82.5,85.9,70.87,5.16,21.66,1
PureGlow Soaps International (Fictional Dummy Company),Global Manufacturing Head - PureGlow Soaps,Australia,New Zealand,Christchurch,FCT031,Christchurch Soap Plant,LN0092,Line-2,2026-07-10 11:00:00,2026-07-10,11,Morning,Neem Bar Soap,1.48,60.0,6.9,Changeover/Setup,53.1,89,76,5,71,6.05,93.42,85.39,88.5,96.71,79.96,7.03,20.1,1
PureGlow Soaps International (Fictional Dummy Company),Global Manufacturing Head - PureGlow Soaps,Australia,New Zealand,Christchurch,FCT031,Christchurch Soap Plant,LN0093,Line-3,2026-07-10 11:00:00,2026-07-10,11,Morning,Lemon Bar Soap,0.78,60.0,26.6,Machine Breakdown,33.4,47,24,1,23,2.47,95.83,51.06,55.67,92.12,49.14,2.6,16.69,3
PureGlow Soaps International (Fictional Dummy Company),Global Manufacturing Head - PureGlow Soaps,Australia,New Zealand,Christchurch,FCT031,Christchurch Soap Plant,LN0091,Line-1,2026-07-10 12:00:00,2026-07-10,12,Morning,Coconut Bar Soap,1.27,60.0,39.3,Machine Breakdown,20.7,76,27,0,27,1.74,100.0,35.53,34.5,102.7,35.43,2.84,9.13,3
PureGlow Soaps International (Fictional Dummy Company),Global Manufacturing Head - PureGlow Soaps,Australia,New Zealand,Christchurch,FCT031,Christchurch Soap Plant,LN0092,Line-2,2026-07-10 12:00:00,2026-07-10,12,Morning,Neem Bar Soap,1.48,60.0,2.1,No Downtime,57.9,89,86,1,85,1.3,98.84,96.63,96.5,100.36,95.72,8.81,21.15,1
PureGlow Soaps International (Fictional Dummy Company),Global Manufacturing Head - PureGlow Soaps,Australia,New Zealand,Christchurch,FCT031,Christchurch Soap Plant,LN0093,Line-3,2026-07-10 12:00:00,2026-07-10,12,Morning,Lemon Bar Soap,0.78,60.0,3.1,No Downtime,56.9,47,41,1,40,3.0,97.56,87.23,94.83,92.38,85.47,4.09,28.75,2
PureGlow Soaps International (Fictional Dummy Company),Global Manufacturing Head - PureGlow Soaps,Australia,New Zealand,Christchurch,FCT031,Christchurch Soap Plant,LN0091,Line-1,2026-07-10 13:00:00,2026-07-10,13,Morning,Coconut Bar Soap,1.27,60.0,25.1,Power Outage,34.9,76,37,1,36,3.49,97.3,48.68,58.17,83.48,47.25,3.64,16.67,1
PureGlow Soaps International (Fictional Dummy Company),Global Manufacturing Head - PureGlow Soaps,Australia,New Zealand,Christchurch,FCT031,Christchurch Soap Plant,LN0092,Line-2,2026-07-10 13:00:00,2026-07-10,13,Morning,Neem Bar Soap,1.48,60.0,35.1,Preventive Maintenance,24.9,89,36,1,35,1.77,97.22,40.45,41.5,97.69,39.41,3.26,8.48,2
PureGlow Soaps International (Fictional Dummy Company),Global Manufacturing Head - PureGlow Soaps,Australia,New Zealand,Christchurch,FCT031,Christchurch Soap Plant,LN0093,Line-3,2026-07-10 13:00:00,2026-07-10,13,Morning,Lemon Bar Soap,0.78,60.0,17.5,Changeover/Setup,42.5,47,27,1,26,2.55,96.3,57.45,70.83,81.45,55.56,2.65,21.31,3
PureGlow Soaps International (Fictional Dummy Company),Global Manufacturing Head - PureGlow Soaps,Australia,New Zealand,Christchurch,FCT031,Christchurch Soap Plant,LN0091,Line-1,2026-07-10 14:00:00,2026-07-10,14,Afternoon,Coconut Bar Soap,1.27,60.0,10.1,Changeover/Setup,49.9,76,63,2,61,3.28,96.83,82.89,83.17,99.41,80.06,5.44,21.84,2
PureGlow Soaps International (Fictional Dummy Company),Global Manufacturing Head - PureGlow Soaps,Australia,New Zealand,Christchurch,FCT031,Christchurch Soap Plant,LN0092,Line-2,2026-07-10 14:00:00,2026-07-10,14,Afternoon,Neem Bar Soap,1.48,60.0,10.7,Staff Shortage,49.3,89,60,2,58,4.04,96.67,67.42,82.17,82.23,65.32,5.48,19.55,3
PureGlow Soaps International (Fictional Dummy Company),Global Manufacturing Head - PureGlow Soaps,Australia,New Zealand,Christchurch,FCT031,Christchurch Soap Plant,LN0093,Line-3,2026-07-10 14:00:00,2026-07-10,14,Afternoon,Lemon Bar Soap,0.78,60.0,3.0,No Downtime,57.0,47,38,1,37,2.68,97.37,80.85,95.0,85.47,79.06,3.79,29.17,2
PureGlow Soaps International (Fictional Dummy Company),Global Manufacturing Head - PureGlow Soaps,Australia,New Zealand,Christchurch,FCT031,Christchurch Soap Plant,LN0091,Line-1,2026-07-10 15:00:00,2026-07-10,15,Afternoon,Coconut Bar Soap,1.27,60.0,18.4,Machine Breakdown,41.6,76,43,1,42,1.7,97.67,56.58,69.33,81.39,55.11,4.24,19.22,2
PureGlow Soaps International (Fictional Dummy Company),Global Manufacturing Head - PureGlow Soaps,Australia,New Zealand,Christchurch,FCT031,Christchurch Soap Plant,LN0092,Line-2,2026-07-10 15:00:00,2026-07-10,15,Afternoon,Neem Bar Soap,1.48,60.0,1.4,No Downtime,58.6,89,80,4,76,4.76,95.0,89.89,97.67,92.24,85.59,8.21,20.5,1
PureGlow Soaps International (Fictional Dummy Company),Global Manufacturing Head - PureGlow Soaps,Australia,New Zealand,Christchurch,FCT031,Christchurch Soap Plant,LN0093,Line-3,2026-07-10 15:00:00,2026-07-10,15,Afternoon,Lemon Bar Soap,0.78,60.0,2.7,No Downtime,57.3,47,37,2,35,4.77,94.59,78.72,95.5,82.79,74.79,4.02,32.82,2
PureGlow Soaps International (Fictional Dummy Company),Global Manufacturing Head - PureGlow Soaps,Australia,New Zealand,Christchurch,FCT031,Christchurch Soap Plant,LN0091,Line-1,2026-07-10 16:00:00,2026-07-10,16,Afternoon,Coconut Bar Soap,1.27,60.0,15.1,Changeover/Setup,44.9,76,50,2,48,4.67,96.0,65.79,74.83,87.68,62.99,4.5,19.3,2
PureGlow Soaps International (Fictional Dummy Company),Global Manufacturing Head - PureGlow Soaps,Australia,New Zealand,Christchurch,FCT031,Christchurch Soap Plant,LN0092,Line-2,2026-07-10 16:00:00,2026-07-10,16,Afternoon,Neem Bar Soap,1.48,60.0,2.6,No Downtime,57.4,89,84,2,82,2.07,97.62,94.38,95.67,98.88,92.35,9.23,19.86,3
PureGlow Soaps International (Fictional Dummy Company),Global Manufacturing Head - PureGlow Soaps,Australia,New Zealand,Christchurch,FCT031,Christchurch Soap Plant,LN0093,Line-3,2026-07-10 16:00:00,2026-07-10,16,Afternoon,Lemon Bar Soap,0.78,60.0,23.0,Power Outage,37.0,47,24,0,24,1.15,100.0,51.06,61.67,83.16,51.28,2.51,18.03,2
PureGlow Soaps International (Fictional Dummy Company),Global Manufacturing Head - PureGlow Soaps,Australia,New Zealand,Christchurch,FCT031,Christchurch Soap Plant,LN0091,Line-1,2026-07-10 17:00:00,2026-07-10,17,Afternoon,Coconut Bar Soap,1.27,60.0,28.2,Machine Breakdown,31.8,76,36,1,35,1.85,97.22,47.37,53.0,89.14,45.93,3.1,13.75,2
PureGlow Soaps International (Fictional Dummy Company),Global Manufacturing Head - PureGlow Soaps,Australia,New Zealand,Christchurch,FCT031,Christchurch Soap Plant,LN0092,Line-2,2026-07-10 17:00:00,2026-07-10,17,Afternoon,Neem Bar Soap,1.48,60.0,13.1,Machine Breakdown,46.9,89,58,1,57,2.15,98.28,65.17,78.17,83.56,64.2,6.11,17.86,2
PureGlow Soaps International (Fictional Dummy Company),Global Manufacturing Head - PureGlow Soaps,Australia,New Zealand,Christchurch,FCT031,Christchurch Soap Plant,LN0093,Line-3,2026-07-10 17:00:00,2026-07-10,17,Afternoon,Lemon Bar Soap,0.78,60.0,19.5,Machine Breakdown,40.5,47,26,0,26,1.92,100.0,55.32,67.5,82.3,55.55,2.26,19.73,1
PureGlow Soaps International (Fictional Dummy Company),Global Manufacturing Head - PureGlow Soaps,Australia,New Zealand,Christchurch,FCT031,Christchurch Soap Plant,LN0091,Line-1,2026-07-10 18:00:00,2026-07-10,18,Afternoon,Coconut Bar Soap,1.27,60.0,0.2,No Downtime,59.8,76,63,1,62,1.66,98.41,82.89,99.67,82.95,81.36,6.81,29.73,2
PureGlow Soaps International (Fictional Dummy Company),Global Manufacturing Head - PureGlow Soaps,Australia,New Zealand,Christchurch,FCT031,Christchurch Soap Plant,LN0092,Line-2,2026-07-10 18:00:00,2026-07-10,18,Afternoon,Neem Bar Soap,1.48,60.0,9.6,Staff Shortage,50.4,89,65,3,62,4.19,95.38,73.03,84.0,87.14,69.82,5.59,17.86,1
PureGlow Soaps International (Fictional Dummy Company),Global Manufacturing Head - PureGlow Soaps,Australia,New Zealand,Christchurch,FCT031,Christchurch Soap Plant,LN0093,Line-3,2026-07-10 18:00:00,2026-07-10,18,Afternoon,Lemon Bar Soap,0.78,60.0,0.9,No Downtime,59.1,47,41,1,40,2.48,97.56,87.23,98.5,88.94,85.47,4.45,31.74,1
PureGlow Soaps International (Fictional Dummy Company),Global Manufacturing Head - PureGlow Soaps,Australia,New Zealand,Christchurch,FCT031,Christchurch Soap Plant,LN0091,Line-1,2026-07-10 19:00:00,2026-07-10,19,Afternoon,Coconut Bar Soap,1.27,60.0,2.0,No Downtime,58.0,76,63,3,60,4.26,95.24,82.89,96.67,85.53,78.75,5.52,26.48,2
PureGlow Soaps International (Fictional Dummy Company),Global Manufacturing Head - PureGlow Soaps,Australia,New Zealand,Christchurch,FCT031,Christchurch Soap Plant,LN0092,Line-2,2026-07-10 19:00:00,2026-07-10,19,Afternoon,Neem Bar Soap,1.48,60.0,3.4,No Downtime,56.6,89,80,3,77,3.49,96.25,89.89,94.33,95.5,86.71,7.37,21.28,1
PureGlow Soaps International (Fictional Dummy Company),Global Manufacturing Head - PureGlow Soaps,Australia,New Zealand,Christchurch,FCT031,Christchurch Soap Plant,LN0093,Line-3,2026-07-10 19:00:00,2026-07-10,19,Afternoon,Lemon Bar Soap,0.78,60.0,2.6,No Downtime,57.4,47,43,1,42,3.17,97.67,91.49,95.67,96.04,89.74,4.09,30.74,3
PureGlow Soaps International (Fictional Dummy Company),Global Manufacturing Head - PureGlow Soaps,Australia,New Zealand,Christchurch,FCT031,Christchurch Soap Plant,LN0091,Line-1,2026-07-10 20:00:00,2026-07-10,20,Afternoon,Coconut Bar Soap,1.27,60.0,2.3,No Downtime,57.7,76,63,3,60,4.21,95.24,82.89,96.17,85.97,78.74,6.09,27.51,2
PureGlow Soaps International (Fictional Dummy Company),Global Manufacturing Head - PureGlow Soaps,Australia,New Zealand,Christchurch,FCT031,Christchurch Soap Plant,LN0092,Line-2,2026-07-10 20:00:00,2026-07-10,20,Afternoon,Neem Bar Soap,1.48,60.0,2.3,No Downtime,57.7,89,71,2,69,2.61,97.18,79.78,96.17,83.14,77.7,6.24,19.91,2
PureGlow Soaps International (Fictional Dummy Company),Global Manufacturing Head - PureGlow Soaps,Australia,New Zealand,Christchurch,FCT031,Christchurch Soap Plant,LN0093,Line-3,2026-07-10 20:00:00,2026-07-10,20,Afternoon,Lemon Bar Soap,0.78,60.0,2.3,No Downtime,57.7,47,42,1,41,3.02,97.62,89.36,96.17,93.32,87.61,3.98,30.72,3
PureGlow Soaps International (Fictional Dummy Company),Global Manufacturing Head - PureGlow Soaps,Australia,New Zealand,Christchurch,FCT031,Christchurch Soap Plant,LN0091,Line-1,2026-07-10 21:00:00,2026-07-10,21,Afternoon,Coconut Bar Soap,1.27,60.0,11.8,Material Shortage,48.2,76,51,2,49,4.46,96.08,67.11,80.33,83.31,64.3,4.78,22.52,3
PureGlow Soaps International (Fictional Dummy Company),Global Manufacturing Head - PureGlow Soaps,Australia,New Zealand,Christchurch,FCT031,Christchurch Soap Plant,LN0092,Line-2,2026-07-10 21:00:00,2026-07-10,21,Afternoon,Neem Bar Soap,1.48,60.0,2.8,No Downtime,57.2,89,69,0,69,0.04,100.0,77.53,95.33,81.51,77.7,6.28,21.27,3
PureGlow Soaps International (Fictional Dummy Company),Global Manufacturing Head - PureGlow Soaps,Australia,New Zealand,Christchurch,FCT031,Christchurch Soap Plant,LN0093,Line-3,2026-07-10 21:00:00,2026-07-10,21,Afternoon,Lemon Bar Soap,0.78,60.0,2.5,No Downtime,57.5,47,42,0,42,1.0,100.0,89.36,95.83,93.65,89.74,3.9,27.63,2
PureGlow Soaps International (Fictional Dummy Company),Global Manufacturing Head - PureGlow Soaps,Australia,New Zealand,Christchurch,FCT031,Christchurch Soap Plant,LN0091,Line-1,2026-07-10 22:00:00,2026-07-10,22,Night,Coconut Bar Soap,1.27,60.0,7.0,Quality Hold,53.0,76,66,4,62,6.58,93.94,86.84,88.33,98.05,81.36,5.68,22.62,1
PureGlow Soaps International (Fictional Dummy Company),Global Manufacturing Head - PureGlow Soaps,Australia,New Zealand,Christchurch,FCT031,Christchurch Soap Plant,LN0092,Line-2,2026-07-10 22:00:00,2026-07-10,22,Night,Neem Bar Soap,1.48,60.0,16.4,Material Shortage,43.6,89,64,1,63,1.82,98.44,71.91,72.67,99.18,70.95,6.94,17.41,3
PureGlow Soaps International (Fictional Dummy Company),Global Manufacturing Head - PureGlow Soaps,Australia,New Zealand,Christchurch,FCT031,Christchurch Soap Plant,LN0093,Line-3,2026-07-10 22:00:00,2026-07-10,22,Night,Lemon Bar Soap,0.78,60.0,11.5,Changeover/Setup,48.5,47,31,1,30,1.83,96.77,65.96,80.83,81.95,64.1,3.34,27.33,1
PureGlow Soaps International (Fictional Dummy Company),Global Manufacturing Head - PureGlow Soaps,Australia,New Zealand,Christchurch,FCT031,Christchurch Soap Plant,LN0091,Line-1,2026-07-10 23:00:00,2026-07-10,23,Night,Coconut Bar Soap,1.27,60.0,13.9,Material Shortage,46.1,76,56,2,54,3.2,96.43,73.68,76.83,95.65,70.86,5.52,22.47,1
PureGlow Soaps International (Fictional Dummy Company),Global Manufacturing Head - PureGlow Soaps,Australia,New Zealand,Christchurch,FCT031,Christchurch Soap Plant,LN0092,Line-2,2026-07-10 23:00:00,2026-07-10,23,Night,Neem Bar Soap,1.48,60.0,10.3,Material Shortage,49.7,89,74,3,71,4.69,95.95,83.15,82.83,100.6,79.95,7.29,18.99,2
PureGlow Soaps International (Fictional Dummy Company),Global Manufacturing Head - PureGlow Soaps,Australia,New Zealand,Christchurch,FCT031,Christchurch Soap Plant,LN0093,Line-3,2026-07-10 23:00:00,2026-07-10,23,Night,Lemon Bar Soap,0.78,60.0,25.1,Material Shortage,34.9,47,27,1,26,4.15,96.3,57.45,58.17,99.18,55.56,2.76,20.11,3
