Order_ID,Order_Date,Month_Name,Calendar_Quarter,Fiscal_Quarter,Region,Sales_Rep,Customer_Segment,Customer_Type,Product_Category,Product_Name,Units_Sold,Unit_Price,Discount_Percent,Gross_Sales,Discount_Amount,Net_Sales,Unit_Cost,Total_Cost,Profit,Profit_Margin_Percent,Sales_Channel,Lead_Source,Order_Status,Rep_Monthly_Target
ORD100001,2025-07-11,Jul-2025,Q3,FY2025-Q2,East,Arjun Das,SMB,Returning,Software,Cloud Storage Plan,3,6288.99,2.5,18866.97,471.67,18395.3,1929.14,5787.42,12607.88,68.54,Retail,Referral,Completed,254449.0
ORD100002,2025-07-12,Jul-2025,Q3,FY2025-Q2,South,Rahul Nair,SMB,Returning,Furniture,Ergonomic Chair,2,12549.52,4.2,25099.04,1054.16,24044.88,6970.28,13940.56,10104.32,42.02,Online,Website Organic,Completed,214625.0
ORD100003,2025-07-20,Jul-2025,Q3,FY2025-Q2,North,Karan Mehta,Enterprise,Returning,Accessories,Webcam Cover,12,155.97,12.0,1871.64,224.6,1647.04,84.86,1018.32,628.72,38.17,Direct,Referral,Completed,212534.0
ORD100004,2025-07-20,Jul-2025,Q3,FY2025-Q2,West,Rohan Patil,Mid-Market,New,Software,CRM License,9,14905.49,7.6,134149.41,10195.36,123954.05,4320.36,38883.24,85070.81,68.63,Retail,Website Organic,Completed,233328.0
ORD100005,2025-07-21,Jul-2025,Q3,FY2025-Q2,North,Karan Mehta,Mid-Market,New,Furniture,Office Cabinet,2,8560.89,3.2,17121.78,547.9,16573.88,4876.77,9753.54,6820.34,41.15,Direct,Website Organic,Completed,182334.0
ORD100006,2025-07-24,Jul-2025,Q3,FY2025-Q2,South,Rahul Nair,SMB,New,Accessories,Laptop Sleeve,5,675.77,4.8,3378.85,162.18,3216.67,354.3,1771.5,1445.17,44.93,Online,Paid Ads,Completed,259395.0
ORD100007,2025-07-24,Jul-2025,Q3,FY2025-Q2,South,Rahul Nair,SMB,Returning,Accessories,Laptop Sleeve,1,681.83,0.0,681.83,0.0,681.83,357.72,357.72,324.11,47.54,Online,Referral,Completed,256037.0
ORD100008,2025-07-27,Jul-2025,Q3,FY2025-Q2,East,Ritu Ghosh,Mid-Market,New,Electronics,USB-C Hub,8,1768.74,7.1,14149.92,1004.64,13145.28,1069.79,8558.32,4586.96,34.89,Online,Cold Outreach,Completed,209148.0
ORD100009,2025-07-30,Jul-2025,Q3,FY2025-Q2,South,Vikram Reddy,Mid-Market,New,Software,Cloud Storage Plan,7,6186.53,9.1,43305.71,3940.82,39364.89,1773.3,12413.1,26951.79,68.47,Partner,Paid Ads,Completed,198433.0
ORD100010,2025-08-01,Aug-2025,Q3,FY2025-Q2,North,Sneha Iyer,SMB,Returning,Accessories,Desk Organizer,6,460.43,0.0,2762.58,0.0,2762.58,247.45,1484.7,1277.88,46.26,Online,Paid Ads,Completed,197639.0
ORD100011,2025-08-03,Aug-2025,Q3,FY2025-Q2,East,Arjun Das,Mid-Market,New,Electronics,USB-C Hub,4,1784.6,6.0,7138.4,428.3,6710.1,1091.15,4364.6,2345.5,34.95,Partner,Website Organic,Completed,242459.0
ORD100012,2025-08-05,Aug-2025,Q3,FY2025-Q2,East,Ritu Ghosh,SMB,New,Electronics,Bluetooth Speaker,6,2549.3,9.9,15295.8,1514.28,13781.52,1629.1,9774.6,4006.92,29.07,Online,Paid Ads,Cancelled,248523.0
ORD100013,2025-08-07,Aug-2025,Q3,FY2025-Q2,East,Ritu Ghosh,SMB,New,Accessories,Laptop Sleeve,4,686.84,1.8,2747.36,49.45,2697.91,389.0,1556.0,1141.91,42.33,Direct,Website Organic,Completed,220087.0
ORD100014,2025-08-07,Aug-2025,Q3,FY2025-Q2,East,Priya Sen,Enterprise,New,Software,CRM License,14,15007.19,12.9,210100.66,27102.99,182997.67,4336.35,60708.9,122288.77,66.83,Partner,Referral,Completed,249713.0
ORD100015,2025-08-09,Aug-2025,Q3,FY2025-Q2,East,Priya Sen,SMB,Returning,Furniture,Office Cabinet,4,9391.77,0.0,37567.08,0.0,37567.08,5399.1,21596.4,15970.68,42.51,Partner,Paid Ads,Completed,199771.0
ORD100016,2025-08-09,Aug-2025,Q3,FY2025-Q2,South,Divya Menon,SMB,Returning,Software,Analytics Suite,1,21631.4,1.7,21631.4,367.73,21263.67,6777.84,6777.84,14485.83,68.12,Direct,Website Organic,Completed,213467.0
ORD100017,2025-08-10,Aug-2025,Q3,FY2025-Q2,East,Priya Sen,SMB,Returning,Software,Analytics Suite,1,22912.41,4.2,22912.41,962.32,21950.09,6600.92,6600.92,15349.17,69.93,Retail,Event/Trade Show,Completed,226575.0
ORD100018,2025-08-11,Aug-2025,Q3,FY2025-Q2,North,Aditi Rao,SMB,New,Software,Cloud Storage Plan,2,5823.2,2.9,11646.4,337.75,11308.65,1774.34,3548.68,7759.97,68.62,Partner,Cold Outreach,Completed,256114.0
ORD100019,2025-08-12,Aug-2025,Q3,FY2025-Q2,South,Divya Menon,Mid-Market,New,Software,Security Suite,9,9112.49,6.6,82012.41,5412.82,76599.59,2764.44,24879.96,51719.63,67.52,Online,Event/Trade Show,Completed,230016.0
ORD100020,2025-08-13,Aug-2025,Q3,FY2025-Q2,South,Rahul Nair,SMB,Returning,Electronics,Smartwatch,3,8570.49,0.0,25711.47,0.0,25711.47,5494.26,16482.78,9228.69,35.89,Online,Website Organic,Completed,180666.0
ORD100021,2025-08-13,Aug-2025,Q3,FY2025-Q2,South,Vikram Reddy,Enterprise,New,Electronics,Wireless Mouse,11,894.06,17.2,9834.66,1691.56,8143.1,561.95,6181.45,1961.65,24.09,Online,Website Organic,Completed,250198.0
ORD100022,2025-08-14,Aug-2025,Q3,FY2025-Q2,East,Ritu Ghosh,SMB,Returning,Electronics,Wireless Mouse,2,856.42,7.1,1712.84,121.61,1591.23,526.99,1053.98,537.25,33.76,Online,Cold Outreach,Completed,206643.0
ORD100023,2025-08-14,Aug-2025,Q3,FY2025-Q2,West,Simran Kaur,Enterprise,Returning,Software,Cloud Storage Plan,10,6026.55,14.6,60265.5,8798.76,51466.74,1811.84,18118.4,33348.34,64.8,Online,Paid Ads,Completed,223067.0
ORD100024,2025-08-14,Aug-2025,Q3,FY2025-Q2,North,Aditi Rao,Enterprise,Returning,Electronics,Bluetooth Speaker,13,2571.85,14.7,33434.05,4914.81,28519.24,1554.43,20207.59,8311.65,29.14,Direct,Paid Ads,Completed,254902.0
ORD100025,2025-08-15,Aug-2025,Q3,FY2025-Q2,North,Karan Mehta,Mid-Market,Returning,Accessories,Cable Management Kit,4,353.46,5.0,1413.84,70.69,1343.15,198.54,794.16,548.99,40.87,Online,Paid Ads,Completed,221314.0
ORD100026,2025-08-20,Aug-2025,Q3,FY2025-Q2,West,Neha Shah,Mid-Market,New,Software,CRM License,4,15489.73,4.3,61958.92,2664.23,59294.69,4671.72,18686.88,40607.81,68.48,Online,Website Organic,Completed,246249.0
ORD100027,2025-08-21,Aug-2025,Q3,FY2025-Q2,North,Sneha Iyer,Enterprise,Returning,Accessories,Desk Organizer,18,443.45,15.2,7982.1,1213.28,6768.82,243.97,4391.46,2377.36,35.12,Online,Website Organic,Completed,248701.0
ORD100028,2025-08-23,Aug-2025,Q3,FY2025-Q2,East,Priya Sen,SMB,Returning,Electronics,Smartwatch,4,8465.31,0.0,33861.24,0.0,33861.24,5374.78,21499.12,12362.12,36.51,Partner,Cold Outreach,Completed,223310.0
ORD100029,2025-08-23,Aug-2025,Q3,FY2025-Q2,South,Divya Menon,SMB,New,Furniture,Bookshelf,1,5357.85,3.3,5357.85,176.81,5181.04,3141.04,3141.04,2040.0,39.37,Online,Referral,Completed,197564.0
ORD100030,2025-08-24,Aug-2025,Q3,FY2025-Q2,West,Simran Kaur,Mid-Market,New,Software,CRM License,9,14893.42,2.4,134040.78,3216.98,130823.8,4515.23,40637.07,90186.73,68.94,Online,Paid Ads,Completed,196500.0
ORD100031,2025-08-24,Aug-2025,Q3,FY2025-Q2,South,Rahul Nair,Mid-Market,Returning,Furniture,Ergonomic Chair,14,12541.73,5.8,175584.22,10183.88,165400.34,7297.17,102160.38,63239.96,38.23,Retail,Website Organic,Completed,181069.0
ORD100032,2025-08-26,Aug-2025,Q3,FY2025-Q2,South,Rahul Nair,Enterprise,New,Software,Security Suite,12,9218.3,10.0,110619.6,11061.96,99557.64,2894.93,34739.16,64818.48,65.11,Online,Website Organic,Completed,244305.0
ORD100033,2025-08-26,Aug-2025,Q3,FY2025-Q2,South,Rahul Nair,Mid-Market,Returning,Electronics,USB-C Hub,5,1749.62,10.9,8748.1,953.54,7794.56,1031.43,5157.15,2637.41,33.84,Online,Website Organic,Completed,244360.0
ORD100034,2025-08-27,Aug-2025,Q3,FY2025-Q2,West,Simran Kaur,SMB,Returning,Accessories,Webcam Cover,5,148.89,5.9,744.45,43.92,700.53,79.49,397.45,303.08,43.26,Direct,Paid Ads,Completed,211260.0
ORD100035,2025-08-29,Aug-2025,Q3,FY2025-Q2,North,Sneha Iyer,Mid-Market,Returning,Electronics,Bluetooth Speaker,6,2597.28,3.7,15583.68,576.6,15007.08,1564.41,9386.46,5620.62,37.45,Retail,Event/Trade Show,Completed,186158.0
ORD100036,2025-08-29,Aug-2025,Q3,FY2025-Q2,East,Ritu Ghosh,Enterprise,New,Furniture,Standing Desk,11,18533.23,9.6,203865.53,19571.09,184294.44,10495.66,115452.26,68842.18,37.35,Partner,Website Organic,Completed,195274.0
ORD100037,2025-08-29,Aug-2025,Q3,FY2025-Q2,East,Priya Sen,Mid-Market,Returning,Software,Analytics Suite,10,21038.91,9.8,210389.1,20618.13,189770.97,6516.38,65163.8,124607.17,65.66,Direct,Website Organic,Completed,196085.0
ORD100038,2025-08-31,Aug-2025,Q3,FY2025-Q2,East,Ritu Ghosh,Enterprise,Returning,Accessories,Laptop Sleeve,18,722.78,11.4,13010.04,1483.14,11526.9,400.58,7210.44,4316.46,37.45,Online,Referral,Completed,239855.0
ORD100039,2025-08-31,Aug-2025,Q3,FY2025-Q2,West,Rohan Patil,SMB,Returning,Software,Cloud Storage Plan,5,6042.7,0.0,30213.5,0.0,30213.5,1746.22,8731.1,21482.4,71.1,Retail,Referral,Completed,212187.0
ORD100040,2025-08-31,Aug-2025,Q3,FY2025-Q2,South,Rahul Nair,Mid-Market,Returning,Software,Cloud Storage Plan,8,6105.68,10.3,48845.44,5031.08,43814.36,1821.27,14570.16,29244.2,66.75,Retail,Website Organic,Returned,220320.0
ORD100041,2025-08-31,Aug-2025,Q3,FY2025-Q2,West,Neha Shah,Mid-Market,Returning,Software,Analytics Suite,7,21720.87,10.7,152046.09,16268.93,135777.16,6307.32,44151.24,91625.92,67.48,Direct,Paid Ads,Completed,193578.0
ORD100042,2025-08-31,Aug-2025,Q3,FY2025-Q2,North,Aditi Rao,Mid-Market,New,Software,Cloud Storage Plan,9,6202.89,12.1,55826.01,6754.95,49071.06,1878.14,16903.26,32167.8,65.55,Retail,Referral,Completed,186765.0
ORD100043,2025-08-31,Aug-2025,Q3,FY2025-Q2,East,Ritu Ghosh,Enterprise,Returning,Furniture,Bookshelf,10,5341.18,14.7,53411.8,7851.53,45560.27,3251.92,32519.2,13041.07,28.62,Online,Website Organic,Cancelled,217201.0
ORD100044,2025-08-31,Aug-2025,Q3,FY2025-Q2,West,Rohan Patil,SMB,Returning,Accessories,Cable Management Kit,4,347.74,1.1,1390.96,15.3,1375.66,196.79,787.16,588.5,42.78,Retail,Referral,Completed,255391.0
ORD100045,2025-09-02,Sep-2025,Q3,FY2025-Q2,North,Sneha Iyer,SMB,Returning,Software,CRM License,4,15388.94,0.0,61555.76,0.0,61555.76,4445.72,17782.88,43772.88,71.11,Online,Paid Ads,Completed,196841.0
ORD100046,2025-09-02,Sep-2025,Q3,FY2025-Q2,West,Simran Kaur,Mid-Market,New,Furniture,Bookshelf,6,5767.7,4.7,34606.2,1626.49,32979.71,3439.12,20634.72,12344.99,37.43,Online,Paid Ads,Completed,250032.0
ORD100047,2025-09-04,Sep-2025,Q3,FY2025-Q2,South,Vikram Reddy,SMB,New,Electronics,Bluetooth Speaker,2,2445.48,3.7,4890.96,180.97,4709.99,1541.09,3082.18,1627.81,34.56,Online,Referral,Completed,241213.0
ORD100048,2025-09-06,Sep-2025,Q3,FY2025-Q2,West,Rohan Patil,SMB,New,Furniture,Ergonomic Chair,5,12289.97,3.1,61449.85,1904.95,59544.9,7005.74,35028.7,24516.2,41.17,Retail,Website Organic,Completed,256116.0
ORD100049,2025-09-07,Sep-2025,Q3,FY2025-Q2,North,Sneha Iyer,Mid-Market,Returning,Accessories,Desk Organizer,8,466.63,0.0,3733.04,0.0,3733.04,266.99,2135.92,1597.12,42.78,Direct,Cold Outreach,Completed,242851.0
ORD100050,2025-09-09,Sep-2025,Q3,FY2025-Q2,North,Karan Mehta,SMB,New,Software,Security Suite,4,9553.95,2.2,38215.8,840.75,37375.05,2785.42,11141.68,26233.37,70.19,Partner,Paid Ads,Completed,249654.0
ORD100051,2025-09-09,Sep-2025,Q3,FY2025-Q2,West,Neha Shah,SMB,Returning,Accessories,Laptop Sleeve,2,703.8,5.1,1407.6,71.79,1335.81,398.15,796.3,539.51,40.39,Direct,Referral,Completed,229220.0
ORD100052,2025-09-09,Sep-2025,Q3,FY2025-Q2,East,Ritu Ghosh,Mid-Market,Returning,Software,CRM License,4,15404.17,7.5,61616.68,4621.25,56995.43,4547.5,18190.0,38805.43,68.09,Retail,Cold Outreach,Completed,220102.0
ORD100053,2025-09-10,Sep-2025,Q3,FY2025-Q2,North,Karan Mehta,Mid-Market,Returning,Accessories,Laptop Sleeve,3,723.74,7.7,2171.22,167.18,2004.04,389.34,1168.02,836.02,41.72,Online,Paid Ads,Completed,240062.0
ORD100054,2025-09-10,Sep-2025,Q3,FY2025-Q2,North,Aditi Rao,SMB,New,Furniture,Ergonomic Chair,5,12427.79,0.3,62138.95,186.42,61952.53,6910.82,34554.1,27398.43,44.22,Online,Paid Ads,Completed,203502.0
ORD100055,2025-09-11,Sep-2025,Q3,FY2025-Q2,North,Sneha Iyer,SMB,New,Electronics,USB-C Hub,4,1744.62,2.2,6978.48,153.53,6824.95,1076.86,4307.44,2517.51,36.89,Direct,Cold Outreach,Completed,243558.0
ORD100056,2025-09-12,Sep-2025,Q3,FY2025-Q2,North,Karan Mehta,SMB,New,Software,Security Suite,4,9273.0,4.9,37092.0,1817.51,35274.49,2901.14,11604.56,23669.93,67.1,Online,Referral,Completed,192038.0
ORD100057,2025-09-12,Sep-2025,Q3,FY2025-Q2,West,Neha Shah,Enterprise,Returning,Software,Analytics Suite,15,20911.06,10.3,313665.9,32307.59,281358.31,6031.67,90475.05,190883.26,67.84,Partner,Website Organic,Completed,199957.0
ORD100058,2025-09-13,Sep-2025,Q3,FY2025-Q2,East,Ritu Ghosh,Enterprise,New,Accessories,Webcam Cover,11,156.14,9.4,1717.54,161.45,1556.09,83.92,923.12,632.97,40.68,Online,Referral,Completed,246476.0
ORD100059,2025-09-13,Sep-2025,Q3,FY2025-Q2,North,Karan Mehta,Mid-Market,Returning,Accessories,Desk Organizer,7,458.2,4.3,3207.4,137.92,3069.48,261.41,1829.87,1239.61,40.39,Retail,Website Organic,Completed,255413.0
ORD100060,2025-09-14,Sep-2025,Q3,FY2025-Q2,North,Sneha Iyer,Enterprise,Returning,Electronics,Bluetooth Speaker,13,2519.21,12.6,32749.73,4126.47,28623.26,1636.97,21280.61,7342.65,25.65,Online,Referral,Completed,182595.0
ORD100061,2025-09-14,Sep-2025,Q3,FY2025-Q2,East,Ritu Ghosh,SMB,Returning,Software,Security Suite,6,9306.54,1.8,55839.24,1005.11,54834.13,2715.61,16293.66,38540.47,70.29,Direct,Paid Ads,Completed,245884.0
ORD100062,2025-09-15,Sep-2025,Q3,FY2025-Q2,West,Rohan Patil,Enterprise,Returning,Accessories,Webcam Cover,12,144.87,17.7,1738.44,307.7,1430.74,80.2,962.4,468.34,32.73,Online,Referral,Completed,242520.0
ORD100063,2025-09-15,Sep-2025,Q3,FY2025-Q2,North,Sneha Iyer,SMB,Returning,Electronics,Bluetooth Speaker,1,2545.97,0.0,2545.97,0.0,2545.97,1525.02,1525.02,1020.95,40.1,Direct,Event/Trade Show,Completed,185476.0
ORD100064,2025-09-15,Sep-2025,Q3,FY2025-Q2,South,Vikram Reddy,Mid-Market,Returning,Software,Cloud Storage Plan,6,5726.42,5.0,34358.52,1717.93,32640.59,1707.31,10243.86,22396.73,68.62,Partner,Event/Trade Show,Completed,222533.0
ORD100065,2025-09-17,Sep-2025,Q3,FY2025-Q2,East,Priya Sen,SMB,Returning,Software,Analytics Suite,2,21299.91,0.0,42599.82,0.0,42599.82,6632.36,13264.72,29335.1,68.86,Direct,Paid Ads,Completed,256649.0
ORD100066,2025-09-17,Sep-2025,Q3,FY2025-Q2,North,Sneha Iyer,Enterprise,Returning,Software,Cloud Storage Plan,15,6081.25,11.1,91218.75,10125.28,81093.47,1870.42,28056.3,53037.17,65.4,Retail,Website Organic,Completed,245958.0
ORD100067,2025-09-18,Sep-2025,Q3,FY2025-Q2,North,Aditi Rao,SMB,New,Accessories,Desk Organizer,2,438.17,0.0,876.34,0.0,876.34,242.14,484.28,392.06,44.74,Online,Event/Trade Show,Completed,224752.0
ORD100068,2025-09-19,Sep-2025,Q3,FY2025-Q2,West,Simran Kaur,Enterprise,Returning,Accessories,Cable Management Kit,16,346.33,10.8,5541.28,598.46,4942.82,193.74,3099.84,1842.98,37.29,Direct,Event/Trade Show,Completed,201274.0
ORD100069,2025-09-20,Sep-2025,Q3,FY2025-Q2,West,Simran Kaur,Enterprise,New,Accessories,Cable Management Kit,13,348.59,11.4,4531.67,516.61,4015.06,191.66,2491.58,1523.48,37.94,Partner,Website Organic,Completed,215380.0
ORD100070,2025-09-20,Sep-2025,Q3,FY2025-Q2,West,Rohan Patil,SMB,New,Furniture,Standing Desk,1,17280.44,5.8,17280.44,1002.27,16278.17,10184.74,10184.74,6093.43,37.43,Direct,Referral,Completed,246796.0
ORD100071,2025-09-22,Sep-2025,Q3,FY2025-Q2,West,Simran Kaur,SMB,Returning,Furniture,Office Cabinet,1,8799.95,2.5,8799.95,220.0,8579.95,5286.67,5286.67,3293.28,38.38,Direct,Event/Trade Show,Completed,199830.0
ORD100072,2025-09-22,Sep-2025,Q3,FY2025-Q2,East,Priya Sen,Mid-Market,New,Furniture,Standing Desk,6,17211.39,6.9,103268.34,7125.52,96142.82,9893.26,59359.56,36783.26,38.26,Online,Paid Ads,Completed,187007.0
ORD100073,2025-09-22,Sep-2025,Q3,FY2025-Q2,North,Karan Mehta,SMB,New,Accessories,Laptop Sleeve,2,670.85,0.0,1341.7,0.0,1341.7,362.86,725.72,615.98,45.91,Retail,Cold Outreach,Completed,244435.0
ORD100074,2025-09-22,Sep-2025,Q3,FY2025-Q2,East,Priya Sen,SMB,New,Furniture,Bookshelf,2,5423.59,1.9,10847.18,206.1,10641.08,2999.31,5998.62,4642.46,43.63,Retail,Website Organic,Completed,200786.0
ORD100075,2025-09-23,Sep-2025,Q3,FY2025-Q2,West,Simran Kaur,SMB,New,Software,Cloud Storage Plan,5,5946.78,4.4,29733.9,1308.29,28425.61,1759.14,8795.7,19629.91,69.06,Direct,Paid Ads,Cancelled,192496.0
ORD100076,2025-09-23,Sep-2025,Q3,FY2025-Q2,West,Simran Kaur,SMB,Returning,Software,Security Suite,5,9748.59,0.9,48742.95,438.69,48304.26,2959.31,14796.55,33507.71,69.37,Direct,Cold Outreach,Completed,214370.0
ORD100077,2025-09-23,Sep-2025,Q3,FY2025-Q2,North,Sneha Iyer,Mid-Market,Returning,Accessories,Cable Management Kit,7,333.07,9.7,2331.49,226.15,2105.34,179.97,1259.79,845.55,40.16,Direct,Cold Outreach,Completed,226029.0
ORD100078,2025-09-23,Sep-2025,Q3,FY2025-Q2,South,Divya Menon,SMB,Returning,Accessories,Laptop Sleeve,4,697.48,4.4,2789.92,122.76,2667.16,389.38,1557.52,1109.64,41.6,Online,Referral,Completed,259753.0
ORD100079,2025-09-25,Sep-2025,Q3,FY2025-Q2,North,Aditi Rao,Enterprise,Returning,Accessories,Laptop Sleeve,11,697.57,8.8,7673.27,675.25,6998.02,385.51,4240.61,2757.41,39.4,Online,Paid Ads,Cancelled,184033.0
ORD100080,2025-09-25,Sep-2025,Q3,FY2025-Q2,West,Neha Shah,SMB,Returning,Electronics,Bluetooth Speaker,4,2511.67,8.7,10046.68,874.06,9172.62,1611.99,6447.96,2724.66,29.7,Partner,Website Organic,Cancelled,228439.0
ORD100081,2025-09-26,Sep-2025,Q3,FY2025-Q2,South,Rahul Nair,Mid-Market,New,Furniture,Standing Desk,1,17632.48,4.4,17632.48,775.83,16856.65,10392.34,10392.34,6464.31,38.35,Direct,Cold Outreach,Completed,205882.0
ORD100082,2025-09-26,Sep-2025,Q3,FY2025-Q2,East,Arjun Das,SMB,New,Furniture,Office Cabinet,5,9282.09,0.9,46410.45,417.69,45992.76,5269.62,26348.1,19644.66,42.71,Online,Website Organic,Completed,224349.0
ORD100083,2025-09-26,Sep-2025,Q3,FY2025-Q2,North,Karan Mehta,Mid-Market,Returning,Accessories,Laptop Sleeve,6,732.03,6.0,4392.18,263.53,4128.65,395.16,2370.96,1757.69,42.57,Online,Referral,Completed,222550.0
ORD100084,2025-09-26,Sep-2025,Q3,FY2025-Q2,West,Simran Kaur,Enterprise,Returning,Software,CRM License,13,14730.04,11.4,191490.52,21829.92,169660.6,4414.17,57384.21,112276.39,66.18,Partner,Cold Outreach,Completed,239080.0
ORD100085,2025-09-26,Sep-2025,Q3,FY2025-Q2,East,Priya Sen,SMB,New,Software,Security Suite,3,9429.64,0.7,28288.92,198.02,28090.9,2826.64,8479.92,19610.98,69.81,Direct,Paid Ads,Completed,221885.0
ORD100086,2025-09-26,Sep-2025,Q3,FY2025-Q2,South,Vikram Reddy,Mid-Market,Returning,Accessories,Laptop Sleeve,4,671.02,10.1,2684.08,271.09,2412.99,374.15,1496.6,916.39,37.98,Direct,Referral,Completed,200185.0
ORD100087,2025-09-29,Sep-2025,Q3,FY2025-Q2,South,Divya Menon,SMB,Returning,Software,Security Suite,2,9542.53,6.0,19085.06,1145.1,17939.96,2816.18,5632.36,12307.6,68.6,Partner,Cold Outreach,Returned,258014.0
ORD100088,2025-09-30,Sep-2025,Q3,FY2025-Q2,West,Rohan Patil,SMB,New,Furniture,Office Cabinet,4,8906.34,5.2,35625.36,1852.52,33772.84,4969.61,19878.44,13894.4,41.14,Direct,Event/Trade Show,Completed,207144.0
ORD100089,2025-10-01,Oct-2025,Q4,FY2025-Q3,East,Arjun Das,SMB,Returning,Accessories,Laptop Sleeve,4,672.44,7.5,2689.76,201.73,2488.03,368.27,1473.08,1014.95,40.79,Retail,Paid Ads,Completed,190828.0
ORD100090,2025-10-02,Oct-2025,Q4,FY2025-Q3,North,Karan Mehta,Mid-Market,Returning,Software,Security Suite,5,9577.65,11.4,47888.25,5459.26,42428.99,2940.64,14703.2,27725.79,65.35,Online,Referral,Completed,249753.0
ORD100091,2025-10-02,Oct-2025,Q4,FY2025-Q3,East,Priya Sen,SMB,Returning,Accessories,Desk Organizer,4,451.35,3.5,1805.4,63.19,1742.21,257.43,1029.72,712.49,40.9,Retail,Cold Outreach,Completed,217593.0
ORD100092,2025-10-02,Oct-2025,Q4,FY2025-Q3,East,Arjun Das,SMB,Returning,Software,Analytics Suite,5,22286.2,6.1,111431.0,6797.29,104633.71,6936.67,34683.35,69950.36,66.85,Partner,Referral,Completed,212434.0
ORD100093,2025-10-03,Oct-2025,Q4,FY2025-Q3,East,Ritu Ghosh,Enterprise,Returning,Furniture,Ergonomic Chair,12,12474.08,7.4,149688.96,11076.98,138611.98,7505.46,90065.52,48546.46,35.02,Online,Paid Ads,Completed,228830.0
ORD100094,2025-10-03,Oct-2025,Q4,FY2025-Q3,North,Karan Mehta,SMB,New,Software,Cloud Storage Plan,5,5975.6,6.5,29878.0,1942.07,27935.93,1738.79,8693.95,19241.98,68.88,Online,Cold Outreach,Completed,254830.0
ORD100095,2025-10-04,Oct-2025,Q4,FY2025-Q3,South,Vikram Reddy,Mid-Market,New,Software,Cloud Storage Plan,8,6274.77,11.2,50198.16,5622.19,44575.97,1886.84,15094.72,29481.25,66.14,Online,Website Organic,Completed,193069.0
ORD100096,2025-10-05,Oct-2025,Q4,FY2025-Q3,North,Aditi Rao,SMB,Returning,Furniture,Office Cabinet,5,8908.01,4.7,44540.05,2093.38,42446.67,5169.59,25847.95,16598.72,39.1,Online,Referral,Completed,250243.0
ORD100097,2025-10-05,Oct-2025,Q4,FY2025-Q3,East,Priya Sen,SMB,Returning,Software,Cloud Storage Plan,6,6166.69,0.0,37000.14,0.0,37000.14,1930.84,11585.04,25415.1,68.69,Partner,Website Organic,Completed,193286.0
ORD100098,2025-10-05,Oct-2025,Q4,FY2025-Q3,North,Karan Mehta,Mid-Market,Returning,Software,CRM License,4,14463.83,1.2,57855.32,694.26,57161.06,4413.1,17652.4,39508.66,69.12,Direct,Paid Ads,Completed,181920.0
ORD100099,2025-10-05,Oct-2025,Q4,FY2025-Q3,South,Divya Menon,Enterprise,Returning,Accessories,Cable Management Kit,10,366.37,8.2,3663.7,300.42,3363.28,203.27,2032.7,1330.58,39.56,Online,Paid Ads,Completed,230220.0
ORD100100,2025-10-06,Oct-2025,Q4,FY2025-Q3,East,Ritu Ghosh,Enterprise,New,Electronics,Bluetooth Speaker,24,2593.58,13.5,62245.92,8403.2,53842.72,1591.83,38203.92,15638.8,29.05,Retail,Event/Trade Show,Completed,206735.0
ORD100101,2025-10-08,Oct-2025,Q4,FY2025-Q3,East,Ritu Ghosh,SMB,Returning,Accessories,Cable Management Kit,5,334.88,6.1,1674.4,102.14,1572.26,185.45,927.25,645.01,41.02,Online,Website Organic,Cancelled,180886.0
ORD100102,2025-10-09,Oct-2025,Q4,FY2025-Q3,East,Arjun Das,Enterprise,New,Accessories,Laptop Sleeve,13,734.41,16.6,9547.33,1584.86,7962.47,410.76,5339.88,2622.59,32.94,Retail,Paid Ads,Completed,226047.0
ORD100103,2025-10-09,Oct-2025,Q4,FY2025-Q3,North,Aditi Rao,SMB,Returning,Software,CRM License,2,14586.9,1.2,29173.8,350.09,28823.71,4463.3,8926.6,19897.11,69.03,Online,Website Organic,Completed,221054.0
ORD100104,2025-10-09,Oct-2025,Q4,FY2025-Q3,North,Aditi Rao,SMB,New,Electronics,Smartwatch,2,8126.79,2.9,16253.58,471.35,15782.23,4996.04,9992.08,5790.15,36.69,Partner,Paid Ads,Completed,188374.0
ORD100105,2025-10-10,Oct-2025,Q4,FY2025-Q3,North,Aditi Rao,Mid-Market,Returning,Accessories,Cable Management Kit,6,354.4,7.7,2126.4,163.73,1962.67,202.53,1215.18,747.49,38.09,Direct,Website Organic,Completed,253043.0
ORD100106,2025-10-10,Oct-2025,Q4,FY2025-Q3,East,Ritu Ghosh,SMB,Returning,Accessories,Webcam Cover,5,154.36,6.2,771.8,47.85,723.95,87.71,438.55,285.4,39.42,Online,Website Organic,Completed,226318.0
ORD100107,2025-10-11,Oct-2025,Q4,FY2025-Q3,North,Aditi Rao,Enterprise,Returning,Software,Security Suite,20,9641.91,18.9,192838.2,36446.42,156391.78,2939.73,58794.6,97597.18,62.41,Direct,Event/Trade Show,Completed,202978.0
ORD100108,2025-10-11,Oct-2025,Q4,FY2025-Q3,West,Simran Kaur,SMB,Returning,Electronics,Smartwatch,1,8075.79,0.0,8075.79,0.0,8075.79,4861.51,4861.51,3214.28,39.8,Retail,Paid Ads,Completed,220977.0
ORD100109,2025-10-11,Oct-2025,Q4,FY2025-Q3,East,Ritu Ghosh,Mid-Market,New,Accessories,Cable Management Kit,6,335.43,6.8,2012.58,136.86,1875.72,186.92,1121.52,754.2,40.21,Direct,Paid Ads,Completed,205061.0
ORD100110,2025-10-11,Oct-2025,Q4,FY2025-Q3,East,Arjun Das,SMB,New,Software,Analytics Suite,8,21336.99,4.5,170695.92,7681.32,163014.6,6693.17,53545.36,109469.24,67.15,Retail,Paid Ads,Completed,188721.0
ORD100111,2025-10-11,Oct-2025,Q4,FY2025-Q3,North,Sneha Iyer,Enterprise,Returning,Software,CRM License,12,15538.05,12.4,186456.6,23120.62,163335.98,4582.92,54995.04,108340.94,66.33,Retail,Website Organic,Completed,204965.0
ORD100112,2025-10-11,Oct-2025,Q4,FY2025-Q3,West,Rohan Patil,SMB,Returning,Software,Analytics Suite,5,21085.36,4.1,105426.8,4322.5,101104.3,6504.76,32523.8,68580.5,67.83,Direct,Event/Trade Show,Completed,231747.0
ORD100113,2025-10-12,Oct-2025,Q4,FY2025-Q3,East,Ritu Ghosh,SMB,Returning,Accessories,Cable Management Kit,4,357.61,3.5,1430.44,50.07,1380.37,190.57,762.28,618.09,44.78,Direct,Cold Outreach,Completed,246297.0
ORD100114,2025-10-13,Oct-2025,Q4,FY2025-Q3,West,Simran Kaur,SMB,Returning,Accessories,Desk Organizer,5,457.7,6.7,2288.5,153.33,2135.17,249.41,1247.05,888.12,41.59,Partner,Referral,Completed,230510.0
ORD100115,2025-10-14,Oct-2025,Q4,FY2025-Q3,North,Sneha Iyer,Mid-Market,Returning,Electronics,Wireless Mouse,9,866.91,5.9,7802.19,460.33,7341.86,535.47,4819.23,2522.63,34.36,Online,Referral,Completed,211740.0
ORD100116,2025-10-14,Oct-2025,Q4,FY2025-Q3,South,Rahul Nair,Mid-Market,Returning,Accessories,Desk Organizer,10,446.18,5.9,4461.8,263.25,4198.55,245.71,2457.1,1741.45,41.48,Online,Cold Outreach,Completed,253655.0
ORD100117,2025-10-14,Oct-2025,Q4,FY2025-Q3,South,Rahul Nair,Mid-Market,Returning,Electronics,Smartwatch,12,8807.76,3.9,105693.12,4122.03,101571.09,5320.02,63840.24,37730.85,37.15,Online,Website Organic,Completed,239950.0
ORD100118,2025-10-15,Oct-2025,Q4,FY2025-Q3,West,Rohan Patil,SMB,Returning,Software,Analytics Suite,1,21317.73,6.3,21317.73,1343.02,19974.71,6326.13,6326.13,13648.58,68.33,Direct,Paid Ads,Completed,220712.0
ORD100119,2025-10-15,Oct-2025,Q4,FY2025-Q3,West,Simran Kaur,Mid-Market,Returning,Furniture,Standing Desk,6,18062.94,6.3,108377.64,6827.79,101549.85,10856.72,65140.32,36409.53,35.85,Online,Cold Outreach,Completed,256323.0
ORD100120,2025-10-15,Oct-2025,Q4,FY2025-Q3,North,Karan Mehta,SMB,New,Accessories,Cable Management Kit,2,332.52,5.7,665.04,37.91,627.13,174.99,349.98,277.15,44.19,Online,Cold Outreach,Completed,210149.0
ORD100121,2025-10-18,Oct-2025,Q4,FY2025-Q3,West,Rohan Patil,Mid-Market,Returning,Electronics,Bluetooth Speaker,6,2401.7,5.8,14410.2,835.79,13574.41,1509.14,9054.84,4519.57,33.29,Online,Referral,Completed,245700.0
ORD100122,2025-10-19,Oct-2025,Q4,FY2025-Q3,East,Priya Sen,SMB,Returning,Electronics,USB-C Hub,2,1842.82,3.9,3685.64,143.74,3541.9,1109.68,2219.36,1322.54,37.34,Online,Website Organic,Completed,244239.0
ORD100123,2025-10-19,Oct-2025,Q4,FY2025-Q3,West,Neha Shah,SMB,Returning,Software,Analytics Suite,2,21729.52,0.3,43459.04,130.38,43328.66,6395.2,12790.4,30538.26,70.48,Retail,Website Organic,Completed,192462.0
ORD100124,2025-10-20,Oct-2025,Q4,FY2025-Q3,East,Arjun Das,Mid-Market,Returning,Furniture,Ergonomic Chair,12,11623.15,8.5,139477.8,11855.61,127622.19,6963.32,83559.84,44062.35,34.53,Retail,Website Organic,Completed,241438.0
ORD100125,2025-10-21,Oct-2025,Q4,FY2025-Q3,East,Priya Sen,SMB,Returning,Electronics,Wireless Mouse,4,937.59,0.0,3750.36,0.0,3750.36,589.19,2356.76,1393.6,37.16,Retail,Referral,Completed,210570.0
ORD100126,2025-10-22,Oct-2025,Q4,FY2025-Q3,North,Karan Mehta,Enterprise,New,Software,Analytics Suite,27,22141.67,8.7,597825.09,52010.78,545814.31,6659.83,179815.41,365998.9,67.06,Direct,Website Organic,Completed,217801.0
ORD100127,2025-10-22,Oct-2025,Q4,FY2025-Q3,South,Divya Menon,Enterprise,New,Software,CRM License,14,15275.81,7.8,213861.34,16681.18,197180.16,4530.87,63432.18,133747.98,67.83,Online,Referral,Completed,252866.0
ORD100128,2025-10-22,Oct-2025,Q4,FY2025-Q3,North,Aditi Rao,SMB,New,Accessories,Laptop Sleeve,2,689.0,4.8,1378.0,66.14,1311.86,387.09,774.18,537.68,40.99,Online,Paid Ads,Completed,250129.0
ORD100129,2025-10-23,Oct-2025,Q4,FY2025-Q3,East,Priya Sen,Mid-Market,Returning,Electronics,Wireless Mouse,1,935.12,15.0,935.12,140.27,794.85,584.35,584.35,210.5,26.48,Online,Paid Ads,Completed,249810.0
ORD100130,2025-10-23,Oct-2025,Q4,FY2025-Q3,North,Karan Mehta,SMB,Returning,Furniture,Standing Desk,5,18830.79,3.2,94153.95,3012.93,91141.02,11208.2,56041.0,35100.02,38.51,Direct,Paid Ads,Completed,209060.0
ORD100131,2025-10-23,Oct-2025,Q4,FY2025-Q3,West,Neha Shah,Mid-Market,Returning,Furniture,Standing Desk,4,18080.27,6.5,72321.08,4700.87,67620.21,10574.04,42296.16,25324.05,37.45,Retail,Cold Outreach,Completed,197530.0
ORD100132,2025-10-25,Oct-2025,Q4,FY2025-Q3,North,Karan Mehta,SMB,New,Furniture,Ergonomic Chair,6,11979.12,1.1,71874.72,790.62,71084.1,7224.38,43346.28,27737.82,39.02,Retail,Website Organic,Completed,189876.0
ORD100133,2025-10-25,Oct-2025,Q4,FY2025-Q3,North,Karan Mehta,SMB,Returning,Software,Cloud Storage Plan,2,5900.2,8.7,11800.4,1026.63,10773.77,1832.99,3665.98,7107.79,65.97,Retail,Paid Ads,Completed,219780.0
ORD100134,2025-10-26,Oct-2025,Q4,FY2025-Q3,North,Karan Mehta,SMB,New,Software,Analytics Suite,5,22214.09,2.8,111070.45,3109.97,107960.48,6389.75,31948.75,76011.73,70.41,Direct,Website Organic,Completed,193240.0
ORD100135,2025-10-27,Oct-2025,Q4,FY2025-Q3,East,Priya Sen,SMB,Returning,Software,CRM License,8,14679.71,5.7,117437.68,6693.95,110743.73,4268.66,34149.28,76594.45,69.16,Online,Cold Outreach,Completed,243351.0
ORD100136,2025-10-27,Oct-2025,Q4,FY2025-Q3,West,Neha Shah,Mid-Market,Returning,Accessories,Desk Organizer,16,434.98,3.8,6959.68,264.47,6695.21,235.28,3764.48,2930.73,43.77,Retail,Referral,Completed,186797.0
ORD100137,2025-10-29,Oct-2025,Q4,FY2025-Q3,South,Divya Menon,Enterprise,Returning,Furniture,Ergonomic Chair,12,12366.14,11.3,148393.68,16768.49,131625.19,7020.22,84242.64,47382.55,36.0,Direct,Website Organic,Completed,248177.0
ORD100138,2025-10-29,Oct-2025,Q4,FY2025-Q3,North,Karan Mehta,Mid-Market,New,Furniture,Standing Desk,8,17973.03,9.6,143784.24,13803.29,129980.95,9981.21,79849.68,50131.27,38.57,Online,Website Organic,Completed,220393.0
ORD100139,2025-10-29,Oct-2025,Q4,FY2025-Q3,East,Arjun Das,Mid-Market,Returning,Software,Cloud Storage Plan,4,5721.88,10.5,22887.52,2403.19,20484.33,1675.78,6703.12,13781.21,67.28,Retail,Referral,Completed,225673.0
ORD100140,2025-10-29,Oct-2025,Q4,FY2025-Q3,South,Rahul Nair,Enterprise,Returning,Electronics,Bluetooth Speaker,18,2476.06,11.4,44569.08,5080.88,39488.2,1502.09,27037.62,12450.58,31.53,Retail,Website Organic,Completed,196117.0
ORD100141,2025-10-29,Oct-2025,Q4,FY2025-Q3,North,Aditi Rao,SMB,Returning,Furniture,Ergonomic Chair,2,11535.96,2.5,23071.92,576.8,22495.12,6503.73,13007.46,9487.66,42.18,Retail,Referral,Returned,239475.0
ORD100142,2025-10-30,Oct-2025,Q4,FY2025-Q3,East,Priya Sen,Mid-Market,Returning,Furniture,Bookshelf,13,5600.71,5.7,72809.23,4150.13,68659.1,3186.59,41425.67,27233.43,39.66,Online,Event/Trade Show,Completed,204077.0
ORD100143,2025-10-30,Oct-2025,Q4,FY2025-Q3,North,Aditi Rao,SMB,Returning,Accessories,Cable Management Kit,5,356.85,1.8,1784.25,32.12,1752.13,205.14,1025.7,726.43,41.46,Online,Event/Trade Show,Completed,205432.0
ORD100144,2025-10-31,Oct-2025,Q4,FY2025-Q3,North,Karan Mehta,Enterprise,Returning,Accessories,Laptop Sleeve,16,671.07,13.4,10737.12,1438.77,9298.35,355.57,5689.12,3609.23,38.82,Partner,Website Organic,Completed,209072.0
ORD100145,2025-10-31,Oct-2025,Q4,FY2025-Q3,West,Neha Shah,SMB,Returning,Accessories,Laptop Sleeve,5,718.57,0.0,3592.85,0.0,3592.85,387.49,1937.45,1655.4,46.07,Partner,Website Organic,Cancelled,210176.0
ORD100146,2025-11-01,Nov-2025,Q4,FY2025-Q3,West,Simran Kaur,Mid-Market,New,Electronics,Bluetooth Speaker,8,2560.22,4.7,20481.76,962.64,19519.12,1554.27,12434.16,7084.96,36.3,Partner,Paid Ads,Completed,233099.0
ORD100147,2025-11-01,Nov-2025,Q4,FY2025-Q3,North,Sneha Iyer,SMB,Returning,Software,Analytics Suite,4,22845.56,0.8,91382.24,731.06,90651.18,6856.85,27427.4,63223.78,69.74,Online,Website Organic,Completed,209460.0
ORD100148,2025-11-01,Nov-2025,Q4,FY2025-Q3,West,Simran Kaur,Mid-Market,New,Software,Security Suite,16,9468.53,12.0,151496.48,18179.58,133316.9,2707.17,43314.72,90002.18,67.51,Direct,Website Organic,Completed,184976.0
ORD100149,2025-11-02,Nov-2025,Q4,FY2025-Q3,West,Neha Shah,SMB,New,Electronics,Bluetooth Speaker,4,2584.86,2.4,10339.44,248.15,10091.29,1653.98,6615.92,3475.37,34.44,Online,Paid Ads,Completed,216019.0
ORD100150,2025-11-03,Nov-2025,Q4,FY2025-Q3,North,Sneha Iyer,Enterprise,Returning,Software,CRM License,21,14395.04,10.0,302295.84,30229.58,272066.26,4182.18,87825.78,184240.48,67.72,Online,Referral,Completed,217418.0
ORD100151,2025-11-06,Nov-2025,Q4,FY2025-Q3,East,Arjun Das,Mid-Market,Returning,Software,Security Suite,12,9558.84,9.9,114706.08,11355.9,103350.18,2799.61,33595.32,69754.86,67.49,Retail,Paid Ads,Completed,236720.0
ORD100152,2025-11-06,Nov-2025,Q4,FY2025-Q3,East,Arjun Das,Mid-Market,New,Electronics,USB-C Hub,4,1841.4,7.4,7365.6,545.05,6820.55,1183.87,4735.48,2085.07,30.57,Retail,Website Organic,Completed,207775.0
ORD100153,2025-11-06,Nov-2025,Q4,FY2025-Q3,West,Neha Shah,Enterprise,New,Software,Security Suite,18,9111.76,11.0,164011.68,18041.28,145970.4,2786.26,50152.68,95817.72,65.64,Direct,Event/Trade Show,Completed,222666.0
ORD100154,2025-11-06,Nov-2025,Q4,FY2025-Q3,South,Rahul Nair,SMB,Returning,Electronics,Smartwatch,2,8124.08,0.0,16248.16,0.0,16248.16,4837.34,9674.68,6573.48,40.46,Online,Referral,Completed,248148.0
ORD100155,2025-11-07,Nov-2025,Q4,FY2025-Q3,West,Simran Kaur,SMB,Returning,Software,Security Suite,6,9435.22,0.7,56611.32,396.28,56215.04,2831.84,16991.04,39224.0,69.77,Online,Referral,Completed,215641.0
ORD100156,2025-11-07,Nov-2025,Q4,FY2025-Q3,West,Simran Kaur,Mid-Market,Returning,Software,Cloud Storage Plan,8,6223.51,4.8,49788.08,2389.83,47398.25,1882.22,15057.76,32340.49,68.23,Direct,Referral,Completed,221116.0
ORD100157,2025-11-07,Nov-2025,Q4,FY2025-Q3,East,Ritu Ghosh,Enterprise,New,Electronics,Noise Cancelling Headphones,18,6383.65,14.8,114905.7,17006.04,97899.66,3780.42,68047.56,29852.1,30.49,Online,Paid Ads,Completed,219282.0
ORD100158,2025-11-09,Nov-2025,Q4,FY2025-Q3,South,Divya Menon,SMB,New,Accessories,Webcam Cover,6,150.21,0.3,901.26,2.7,898.56,85.51,513.06,385.5,42.9,Retail,Cold Outreach,Completed,258919.0
ORD100159,2025-11-09,Nov-2025,Q4,FY2025-Q3,North,Karan Mehta,Enterprise,New,Furniture,Standing Desk,17,18618.86,15.6,316520.62,49377.22,267143.4,10847.32,184404.44,82738.96,30.97,Online,Paid Ads,Completed,212892.0
ORD100160,2025-11-09,Nov-2025,Q4,FY2025-Q3,East,Ritu Ghosh,Mid-Market,New,Electronics,Noise Cancelling Headphones,9,6741.53,2.4,60673.77,1456.17,59217.6,4282.82,38545.38,20672.22,34.91,Online,Website Organic,Completed,230851.0
ORD100161,2025-11-09,Nov-2025,Q4,FY2025-Q3,West,Neha Shah,SMB,Returning,Accessories,Webcam Cover,5,152.9,5.8,764.5,44.34,720.16,88.19,440.95,279.21,38.77,Online,Website Organic,Returned,192509.0
ORD100162,2025-11-09,Nov-2025,Q4,FY2025-Q3,East,Priya Sen,SMB,New,Accessories,Laptop Sleeve,4,701.28,6.3,2805.12,176.72,2628.4,383.57,1534.28,1094.12,41.63,Online,Paid Ads,Returned,189969.0
ORD100163,2025-11-10,Nov-2025,Q4,FY2025-Q3,East,Arjun Das,SMB,Returning,Electronics,Noise Cancelling Headphones,5,6261.63,4.8,31308.15,1502.79,29805.36,3732.34,18661.7,11143.66,37.39,Direct,Website Organic,Completed,216669.0
ORD100164,2025-11-10,Nov-2025,Q4,FY2025-Q3,East,Ritu Ghosh,Enterprise,New,Furniture,Ergonomic Chair,17,12439.42,14.0,211470.14,29605.82,181864.32,7045.4,119771.8,62092.52,34.14,Retail,Event/Trade Show,Completed,226803.0
ORD100165,2025-11-11,Nov-2025,Q4,FY2025-Q3,South,Divya Menon,Mid-Market,Returning,Electronics,USB-C Hub,8,1873.92,9.8,14991.36,1469.15,13522.21,1119.25,8954.0,4568.21,33.78,Retail,Website Organic,Completed,220560.0
ORD100166,2025-11-11,Nov-2025,Q4,FY2025-Q3,East,Priya Sen,Enterprise,New,Furniture,Bookshelf,17,5465.22,11.6,92908.74,10777.41,82131.33,3202.44,54441.48,27689.85,33.71,Direct,Event/Trade Show,Completed,212632.0
ORD100167,2025-11-11,Nov-2025,Q4,FY2025-Q3,South,Divya Menon,SMB,Returning,Software,Cloud Storage Plan,5,6087.79,1.4,30438.95,426.15,30012.8,1801.19,9005.95,21006.85,69.99,Direct,Website Organic,Completed,214152.0
ORD100168,2025-11-11,Nov-2025,Q4,FY2025-Q3,South,Rahul Nair,Enterprise,Returning,Furniture,Office Cabinet,27,8908.16,11.8,240520.32,28381.4,212138.92,5380.57,145275.39,66863.53,31.52,Partner,Website Organic,Completed,235963.0
ORD100169,2025-11-12,Nov-2025,Q4,FY2025-Q3,South,Divya Menon,SMB,New,Furniture,Bookshelf,1,5585.53,6.0,5585.53,335.13,5250.4,3366.22,3366.22,1884.18,35.89,Retail,Paid Ads,Completed,245701.0
ORD100170,2025-11-12,Nov-2025,Q4,FY2025-Q3,North,Sneha Iyer,SMB,Returning,Electronics,USB-C Hub,4,1773.35,3.8,7093.4,269.55,6823.85,1113.89,4455.56,2368.29,34.71,Online,Website Organic,Completed,230550.0
ORD100171,2025-11-12,Nov-2025,Q4,FY2025-Q3,East,Priya Sen,SMB,Returning,Furniture,Standing Desk,1,18148.38,6.4,18148.38,1161.5,16986.88,10018.18,10018.18,6968.7,41.02,Online,Cold Outreach,Completed,207969.0
ORD100172,2025-11-13,Nov-2025,Q4,FY2025-Q3,East,Priya Sen,SMB,Returning,Software,CRM License,5,15188.47,3.9,75942.35,2961.75,72980.6,4386.18,21930.9,51049.7,69.95,Online,Website Organic,Cancelled,230268.0
ORD100173,2025-11-14,Nov-2025,Q4,FY2025-Q3,North,Karan Mehta,SMB,New,Furniture,Ergonomic Chair,2,11786.79,4.7,23573.58,1107.96,22465.62,6834.44,13668.88,8796.74,39.16,Partner,Paid Ads,Completed,182641.0
ORD100174,2025-11-14,Nov-2025,Q4,FY2025-Q3,West,Neha Shah,SMB,Returning,Furniture,Bookshelf,4,5321.74,6.1,21286.96,1298.5,19988.46,2976.8,11907.2,8081.26,40.43,Direct,Cold Outreach,Completed,231674.0
ORD100175,2025-11-15,Nov-2025,Q4,FY2025-Q3,North,Sneha Iyer,Mid-Market,Returning,Software,CRM License,9,15382.24,7.9,138440.16,10936.77,127503.39,4506.54,40558.86,86944.53,68.19,Partner,Referral,Returned,193500.0
ORD100176,2025-11-15,Nov-2025,Q4,FY2025-Q3,West,Rohan Patil,Mid-Market,Returning,Accessories,Webcam Cover,9,150.31,6.4,1352.79,86.58,1266.21,82.04,738.36,527.85,41.69,Retail,Website Organic,Completed,186943.0
ORD100177,2025-11-15,Nov-2025,Q4,FY2025-Q3,North,Karan Mehta,SMB,New,Electronics,Bluetooth Speaker,5,2509.32,5.9,12546.6,740.25,11806.35,1566.59,7832.95,3973.4,33.65,Direct,Event/Trade Show,Completed,233943.0
ORD100178,2025-11-16,Nov-2025,Q4,FY2025-Q3,West,Simran Kaur,SMB,New,Furniture,Bookshelf,4,5712.87,2.7,22851.48,616.99,22234.49,3296.35,13185.4,9049.09,40.7,Retail,Referral,Completed,187868.0
ORD100179,2025-11-16,Nov-2025,Q4,FY2025-Q3,South,Vikram Reddy,SMB,Returning,Electronics,Bluetooth Speaker,1,2559.36,4.2,2559.36,107.49,2451.87,1607.94,1607.94,843.93,34.42,Direct,Paid Ads,Completed,210026.0
ORD100180,2025-11-17,Nov-2025,Q4,FY2025-Q3,East,Priya Sen,SMB,New,Software,Security Suite,4,9913.65,2.3,39654.6,912.06,38742.54,2997.77,11991.08,26751.46,69.05,Partner,Referral,Completed,186144.0
ORD100181,2025-11-18,Nov-2025,Q4,FY2025-Q3,South,Rahul Nair,Enterprise,New,Electronics,Noise Cancelling Headphones,16,6675.51,12.5,106808.16,13351.02,93457.14,4020.12,64321.92,29135.22,31.17,Direct,Referral,Completed,211955.0
ORD100182,2025-11-19,Nov-2025,Q4,FY2025-Q3,South,Rahul Nair,Mid-Market,Returning,Software,Security Suite,1,9155.85,12.2,9155.85,1117.01,8038.84,2648.87,2648.87,5389.97,67.05,Direct,Website Organic,Completed,204472.0
ORD100183,2025-11-19,Nov-2025,Q4,FY2025-Q3,South,Divya Menon,Mid-Market,Returning,Accessories,Webcam Cover,9,145.11,11.1,1305.99,144.96,1161.03,80.57,725.13,435.9,37.54,Partner,Paid Ads,Completed,213391.0
ORD100184,2025-11-20,Nov-2025,Q4,FY2025-Q3,North,Karan Mehta,Mid-Market,Returning,Electronics,USB-C Hub,10,1790.94,6.1,17909.4,1092.47,16816.93,1056.98,10569.8,6247.13,37.15,Direct,Event/Trade Show,Completed,222012.0
ORD100185,2025-11-20,Nov-2025,Q4,FY2025-Q3,North,Aditi Rao,SMB,Returning,Electronics,Wireless Mouse,5,894.84,4.9,4474.2,219.24,4254.96,573.11,2865.55,1389.41,32.65,Retail,Paid Ads,Completed,215847.0
ORD100186,2025-11-21,Nov-2025,Q4,FY2025-Q3,South,Divya Menon,SMB,New,Furniture,Office Cabinet,2,9181.87,0.0,18363.74,0.0,18363.74,5214.18,10428.36,7935.38,43.21,Partner,Event/Trade Show,Completed,237544.0
ORD100187,2025-11-21,Nov-2025,Q4,FY2025-Q3,East,Priya Sen,Mid-Market,Returning,Electronics,Bluetooth Speaker,9,2603.71,4.3,23433.39,1007.64,22425.75,1659.18,14932.62,7493.13,33.41,Online,Referral,Returned,236834.0
ORD100188,2025-11-21,Nov-2025,Q4,FY2025-Q3,South,Divya Menon,SMB,Returning,Furniture,Office Cabinet,5,9319.65,9.3,46598.25,4333.64,42264.61,5655.24,28276.2,13988.41,33.1,Partner,Paid Ads,Cancelled,180389.0
ORD100189,2025-11-21,Nov-2025,Q4,FY2025-Q3,South,Rahul Nair,Mid-Market,New,Electronics,Smartwatch,9,8420.86,6.4,75787.74,4850.42,70937.32,5013.99,45125.91,25811.41,36.39,Direct,Paid Ads,Cancelled,248651.0
ORD100190,2025-11-21,Nov-2025,Q4,FY2025-Q3,South,Rahul Nair,SMB,Returning,Furniture,Office Cabinet,1,9104.66,4.9,9104.66,446.13,8658.53,5345.42,5345.42,3313.11,38.26,Online,Paid Ads,Completed,212029.0
ORD100191,2025-11-22,Nov-2025,Q4,FY2025-Q3,West,Rohan Patil,Mid-Market,Returning,Accessories,Webcam Cover,10,143.71,1.1,1437.1,15.81,1421.29,82.72,827.2,594.09,41.8,Online,Paid Ads,Completed,220210.0
ORD100192,2025-11-22,Nov-2025,Q4,FY2025-Q3,North,Aditi Rao,SMB,Returning,Furniture,Bookshelf,8,5554.65,6.3,44437.2,2799.54,41637.66,3307.25,26458.0,15179.66,36.46,Online,Paid Ads,Completed,248795.0
ORD100193,2025-11-22,Nov-2025,Q4,FY2025-Q3,North,Aditi Rao,SMB,Returning,Software,Security Suite,2,9749.41,3.9,19498.82,760.45,18738.37,3051.88,6103.76,12634.61,67.43,Online,Website Organic,Completed,233541.0
ORD100194,2025-11-22,Nov-2025,Q4,FY2025-Q3,West,Neha Shah,Enterprise,New,Software,CRM License,9,14398.86,9.3,129589.74,12051.85,117537.89,4481.54,40333.86,77204.03,65.68,Online,Website Organic,Completed,208485.0
ORD100195,2025-11-22,Nov-2025,Q4,FY2025-Q3,West,Neha Shah,Mid-Market,Returning,Furniture,Office Cabinet,8,9192.29,10.1,73538.32,7427.37,66110.95,5121.36,40970.88,25140.07,38.03,Retail,Website Organic,Completed,256022.0
ORD100196,2025-11-22,Nov-2025,Q4,FY2025-Q3,East,Arjun Das,Enterprise,Returning,Software,Security Suite,17,9473.31,14.4,161046.27,23190.66,137855.61,2936.33,49917.61,87938.0,63.79,Retail,Paid Ads,Completed,199067.0
ORD100197,2025-11-22,Nov-2025,Q4,FY2025-Q3,West,Neha Shah,Mid-Market,Returning,Electronics,Noise Cancelling Headphones,6,6810.92,9.2,40865.52,3759.63,37105.89,4134.25,24805.5,12300.39,33.15,Online,Paid Ads,Completed,202249.0
ORD100198,2025-11-23,Nov-2025,Q4,FY2025-Q3,North,Karan Mehta,Mid-Market,Returning,Accessories,Laptop Sleeve,6,679.42,8.1,4076.52,330.2,3746.32,362.66,2175.96,1570.36,41.92,Direct,Referral,Completed,249952.0
ORD100199,2025-11-23,Nov-2025,Q4,FY2025-Q3,South,Divya Menon,SMB,Returning,Software,Cloud Storage Plan,2,5869.08,7.7,11738.16,903.84,10834.32,1729.3,3458.6,7375.72,68.08,Online,Referral,Completed,216286.0
ORD100200,2025-11-24,Nov-2025,Q4,FY2025-Q3,North,Karan Mehta,Mid-Market,New,Software,Analytics Suite,5,21150.02,8.7,105750.1,9200.26,96549.84,6218.15,31090.75,65459.09,67.8,Online,Paid Ads,Completed,223173.0
ORD100201,2025-11-24,Nov-2025,Q4,FY2025-Q3,North,Karan Mehta,Mid-Market,New,Accessories,Webcam Cover,10,152.99,6.8,1529.9,104.03,1425.87,88.3,883.0,542.87,38.07,Online,Website Organic,Completed,220428.0
ORD100202,2025-11-24,Nov-2025,Q4,FY2025-Q3,East,Priya Sen,Mid-Market,New,Software,Cloud Storage Plan,6,5781.63,5.9,34689.78,2046.7,32643.08,1732.57,10395.42,22247.66,68.15,Retail,Event/Trade Show,Completed,184226.0
ORD100203,2025-11-25,Nov-2025,Q4,FY2025-Q3,East,Priya Sen,Enterprise,Returning,Furniture,Standing Desk,18,18048.61,10.2,324874.98,33137.25,291737.73,10566.07,190189.26,101548.47,34.81,Online,Referral,Completed,244216.0
ORD100204,2025-11-25,Nov-2025,Q4,FY2025-Q3,West,Simran Kaur,SMB,New,Software,Analytics Suite,1,21103.54,0.0,21103.54,0.0,21103.54,6647.52,6647.52,14456.02,68.5,Online,Website Organic,Returned,187491.0
ORD100205,2025-11-25,Nov-2025,Q4,FY2025-Q3,West,Simran Kaur,SMB,Returning,Furniture,Bookshelf,2,5582.64,0.0,11165.28,0.0,11165.28,3092.62,6185.24,4980.04,44.6,Retail,Referral,Completed,241827.0
ORD100206,2025-11-25,Nov-2025,Q4,FY2025-Q3,West,Rohan Patil,Mid-Market,Returning,Software,Cloud Storage Plan,8,5709.19,1.9,45673.52,867.8,44805.72,1790.84,14326.72,30479.0,68.02,Online,Paid Ads,Completed,180317.0
ORD100207,2025-11-25,Nov-2025,Q4,FY2025-Q3,East,Ritu Ghosh,SMB,Returning,Accessories,Cable Management Kit,5,355.05,8.0,1775.25,142.02,1633.23,200.29,1001.45,631.78,38.68,Direct,Referral,Completed,186891.0
ORD100208,2025-11-26,Nov-2025,Q4,FY2025-Q3,South,Vikram Reddy,SMB,Returning,Software,Security Suite,1,9134.83,3.9,9134.83,356.26,8778.57,2854.89,2854.89,5923.68,67.48,Direct,Event/Trade Show,Completed,221575.0
ORD100209,2025-11-26,Nov-2025,Q4,FY2025-Q3,North,Karan Mehta,Enterprise,Returning,Furniture,Office Cabinet,10,9433.28,7.8,94332.8,7357.96,86974.84,5705.68,57056.8,29918.04,34.4,Online,Cold Outreach,Completed,200453.0
ORD100210,2025-11-27,Nov-2025,Q4,FY2025-Q3,South,Vikram Reddy,Enterprise,New,Software,Security Suite,18,9788.67,15.9,176196.06,28015.17,148180.89,2902.52,52245.36,95935.53,64.74,Retail,Referral,Completed,186811.0
ORD100211,2025-11-27,Nov-2025,Q4,FY2025-Q3,South,Vikram Reddy,SMB,Returning,Software,Cloud Storage Plan,4,5891.83,0.2,23567.32,47.13,23520.19,1817.56,7270.24,16249.95,69.09,Retail,Cold Outreach,Completed,215450.0
ORD100212,2025-11-27,Nov-2025,Q4,FY2025-Q3,South,Divya Menon,Mid-Market,New,Accessories,Cable Management Kit,10,345.16,10.4,3451.6,358.97,3092.63,192.08,1920.8,1171.83,37.89,Retail,Cold Outreach,Completed,195467.0
ORD100213,2025-11-28,Nov-2025,Q4,FY2025-Q3,West,Simran Kaur,Mid-Market,Returning,Furniture,Ergonomic Chair,6,11684.98,11.4,70109.88,7992.53,62117.35,7048.59,42291.54,19825.81,31.92,Direct,Referral,Completed,244461.0
ORD100214,2025-11-29,Nov-2025,Q4,FY2025-Q3,West,Simran Kaur,SMB,Returning,Software,Security Suite,1,9591.45,1.6,9591.45,153.46,9437.99,2882.67,2882.67,6555.32,69.46,Online,Cold Outreach,Cancelled,223244.0
ORD100215,2025-11-29,Nov-2025,Q4,FY2025-Q3,South,Rahul Nair,SMB,Returning,Software,Security Suite,6,9831.06,0.9,58986.36,530.88,58455.48,3071.99,18431.94,40023.54,68.47,Direct,Referral,Completed,222062.0
ORD100216,2025-11-29,Nov-2025,Q4,FY2025-Q3,East,Priya Sen,Enterprise,Returning,Accessories,Desk Organizer,20,467.54,12.0,9350.8,1122.1,8228.7,245.01,4900.2,3328.5,40.45,Online,Paid Ads,Completed,239411.0
ORD100217,2025-11-29,Nov-2025,Q4,FY2025-Q3,North,Karan Mehta,SMB,Returning,Accessories,Laptop Sleeve,2,715.91,6.5,1431.82,93.07,1338.75,391.53,783.06,555.69,41.51,Partner,Paid Ads,Completed,226645.0
ORD100218,2025-11-29,Nov-2025,Q4,FY2025-Q3,West,Simran Kaur,Mid-Market,Returning,Accessories,Desk Organizer,6,446.12,7.6,2676.72,203.43,2473.29,240.73,1444.38,1028.91,41.6,Partner,Website Organic,Completed,201553.0
ORD100219,2025-11-30,Nov-2025,Q4,FY2025-Q3,West,Simran Kaur,SMB,Returning,Accessories,Desk Organizer,5,432.13,0.3,2160.65,6.48,2154.17,237.45,1187.25,966.92,44.89,Online,Cold Outreach,Completed,256354.0
ORD100220,2025-11-30,Nov-2025,Q4,FY2025-Q3,West,Rohan Patil,SMB,Returning,Accessories,Webcam Cover,1,153.34,5.5,153.34,8.43,144.91,85.14,85.14,59.77,41.25,Retail,Event/Trade Show,Completed,224135.0
ORD100221,2025-12-01,Dec-2025,Q4,FY2025-Q3,West,Simran Kaur,SMB,Returning,Furniture,Standing Desk,1,17998.51,0.2,17998.51,36.0,17962.51,10632.47,10632.47,7330.04,40.81,Partner,Website Organic,Returned,218940.0
ORD100222,2025-12-01,Dec-2025,Q4,FY2025-Q3,East,Priya Sen,Mid-Market,New,Software,Analytics Suite,13,22954.87,9.3,298413.31,27752.44,270660.87,6950.16,90352.08,180308.79,66.62,Retail,Website Organic,Completed,219306.0
ORD100223,2025-12-01,Dec-2025,Q4,FY2025-Q3,West,Simran Kaur,SMB,New,Electronics,Wireless Mouse,2,909.34,2.2,1818.68,40.01,1778.67,548.1,1096.2,682.47,38.37,Direct,Referral,Completed,180798.0
ORD100224,2025-12-02,Dec-2025,Q4,FY2025-Q3,North,Sneha Iyer,SMB,Returning,Accessories,Laptop Sleeve,5,684.55,2.8,3422.75,95.84,3326.91,361.1,1805.5,1521.41,45.73,Partner,Website Organic,Completed,222967.0
ORD100225,2025-12-02,Dec-2025,Q4,FY2025-Q3,East,Ritu Ghosh,Mid-Market,New,Electronics,Smartwatch,8,8846.59,3.7,70772.72,2618.59,68154.13,5718.15,45745.2,22408.93,32.88,Partner,Cold Outreach,Completed,229873.0
ORD100226,2025-12-02,Dec-2025,Q4,FY2025-Q3,West,Neha Shah,Enterprise,New,Accessories,Desk Organizer,9,449.77,10.0,4047.93,404.79,3643.14,247.44,2226.96,1416.18,38.87,Online,Paid Ads,Completed,226852.0
ORD100227,2025-12-03,Dec-2025,Q4,FY2025-Q3,North,Karan Mehta,SMB,Returning,Software,Cloud Storage Plan,1,6032.38,4.9,6032.38,295.59,5736.79,1826.66,1826.66,3910.13,68.16,Direct,Paid Ads,Completed,245500.0
ORD100228,2025-12-04,Dec-2025,Q4,FY2025-Q3,North,Karan Mehta,SMB,Returning,Electronics,Bluetooth Speaker,1,2515.53,1.9,2515.53,47.8,2467.73,1493.89,1493.89,973.84,39.46,Partner,Referral,Returned,201655.0
ORD100229,2025-12-04,Dec-2025,Q4,FY2025-Q3,South,Vikram Reddy,Enterprise,Returning,Electronics,Bluetooth Speaker,16,2559.89,11.3,40958.24,4628.28,36329.96,1555.65,24890.4,11439.56,31.49,Retail,Website Organic,Completed,189400.0
ORD100230,2025-12-04,Dec-2025,Q4,FY2025-Q3,North,Aditi Rao,Enterprise,Returning,Accessories,Laptop Sleeve,28,703.55,16.3,19699.4,3211.0,16488.4,387.73,10856.44,5631.96,34.16,Retail,Paid Ads,Completed,242555.0
ORD100231,2025-12-04,Dec-2025,Q4,FY2025-Q3,North,Sneha Iyer,Mid-Market,Returning,Electronics,Smartwatch,8,8105.89,5.8,64847.12,3761.13,61085.99,5046.17,40369.36,20716.63,33.91,Direct,Referral,Completed,224470.0
ORD100232,2025-12-04,Dec-2025,Q4,FY2025-Q3,East,Ritu Ghosh,Enterprise,Returning,Software,CRM License,28,15644.69,4.4,438051.32,19274.26,418777.06,4672.95,130842.6,287934.46,68.76,Direct,Paid Ads,Completed,198139.0
ORD100233,2025-12-05,Dec-2025,Q4,FY2025-Q3,East,Arjun Das,Enterprise,New,Software,Cloud Storage Plan,14,5946.36,10.6,83249.04,8824.4,74424.64,1739.52,24353.28,50071.36,67.28,Online,Referral,Completed,215348.0
ORD100234,2025-12-06,Dec-2025,Q4,FY2025-Q3,South,Rahul Nair,Enterprise,New,Accessories,Webcam Cover,21,147.48,7.6,3097.08,235.38,2861.7,78.12,1640.52,1221.18,42.67,Online,Website Organic,Completed,190537.0
ORD100235,2025-12-07,Dec-2025,Q4,FY2025-Q3,West,Neha Shah,SMB,New,Furniture,Standing Desk,4,18049.64,0.0,72198.56,0.0,72198.56,10514.31,42057.24,30141.32,41.75,Online,Website Organic,Completed,244257.0
ORD100236,2025-12-07,Dec-2025,Q4,FY2025-Q3,East,Arjun Das,Mid-Market,Returning,Accessories,Laptop Sleeve,14,721.62,3.2,10102.68,323.29,9779.39,386.26,5407.64,4371.75,44.7,Direct,Website Organic,Completed,187147.0
ORD100237,2025-12-07,Dec-2025,Q4,FY2025-Q3,South,Vikram Reddy,Mid-Market,Returning,Accessories,Laptop Sleeve,6,727.08,10.4,4362.48,453.7,3908.78,398.86,2393.16,1515.62,38.77,Online,Referral,Completed,233156.0
ORD100238,2025-12-08,Dec-2025,Q4,FY2025-Q3,East,Priya Sen,SMB,Returning,Software,Security Suite,1,9916.53,3.5,9916.53,347.08,9569.45,2995.84,2995.84,6573.61,68.69,Partner,Cold Outreach,Completed,185926.0
ORD100239,2025-12-10,Dec-2025,Q4,FY2025-Q3,West,Neha Shah,Mid-Market,Returning,Furniture,Standing Desk,8,18032.97,7.4,144263.76,10675.52,133588.24,10565.62,84524.96,49063.28,36.73,Online,Event/Trade Show,Completed,221609.0
ORD100240,2025-12-11,Dec-2025,Q4,FY2025-Q3,East,Arjun Das,SMB,New,Electronics,Noise Cancelling Headphones,1,6699.35,1.1,6699.35,73.69,6625.66,4281.02,4281.02,2344.64,35.39,Online,Referral,Completed,191063.0
ORD100241,2025-12-11,Dec-2025,Q4,FY2025-Q3,South,Rahul Nair,Mid-Market,New,Accessories,Webcam Cover,13,153.44,6.9,1994.72,137.64,1857.08,81.0,1053.0,804.08,43.3,Retail,Referral,Completed,217148.0
ORD100242,2025-12-11,Dec-2025,Q4,FY2025-Q3,South,Vikram Reddy,Enterprise,Returning,Electronics,Bluetooth Speaker,18,2581.07,12.3,46459.26,5714.49,40744.77,1536.22,27651.96,13092.81,32.13,Online,Website Organic,Completed,184377.0
ORD100243,2025-12-11,Dec-2025,Q4,FY2025-Q3,East,Arjun Das,Enterprise,New,Electronics,Noise Cancelling Headphones,13,6513.21,10.2,84671.73,8636.52,76035.21,4109.3,53420.9,22614.31,29.74,Retail,Event/Trade Show,Completed,253482.0
ORD100244,2025-12-12,Dec-2025,Q4,FY2025-Q3,West,Rohan Patil,SMB,Returning,Furniture,Bookshelf,6,5593.75,1.1,33562.5,369.19,33193.31,3189.54,19137.24,14056.07,42.35,Direct,Paid Ads,Completed,248406.0
ORD100245,2025-12-12,Dec-2025,Q4,FY2025-Q3,South,Vikram Reddy,Enterprise,Returning,Electronics,USB-C Hub,14,1713.49,13.4,23988.86,3214.51,20774.35,1076.59,15072.26,5702.09,27.45,Online,Event/Trade Show,Completed,222589.0
ORD100246,2025-12-12,Dec-2025,Q4,FY2025-Q3,South,Rahul Nair,SMB,New,Furniture,Office Cabinet,4,8687.06,2.2,34748.24,764.46,33983.78,4952.14,19808.56,14175.22,41.71,Online,Cold Outreach,Completed,236334.0
ORD100247,2025-12-14,Dec-2025,Q4,FY2025-Q3,North,Aditi Rao,SMB,Returning,Software,Security Suite,5,9467.21,0.0,47336.05,0.0,47336.05,2953.99,14769.95,32566.1,68.8,Partner,Paid Ads,Completed,244537.0
ORD100248,2025-12-14,Dec-2025,Q4,FY2025-Q3,North,Karan Mehta,SMB,New,Software,CRM License,1,14549.36,5.3,14549.36,771.12,13778.24,4427.39,4427.39,9350.85,67.87,Online,Referral,Completed,248119.0
ORD100249,2025-12-15,Dec-2025,Q4,FY2025-Q3,South,Rahul Nair,SMB,Returning,Accessories,Cable Management Kit,6,364.95,3.9,2189.7,85.4,2104.3,194.14,1164.84,939.46,44.64,Partner,Website Organic,Completed,210579.0
ORD100250,2025-12-15,Dec-2025,Q4,FY2025-Q3,South,Divya Menon,SMB,Returning,Electronics,Noise Cancelling Headphones,1,6278.3,3.8,6278.3,238.58,6039.72,3717.13,3717.13,2322.59,38.46,Direct,Paid Ads,Completed,227439.0
ORD100251,2025-12-15,Dec-2025,Q4,FY2025-Q3,East,Ritu Ghosh,Mid-Market,Returning,Electronics,Smartwatch,12,8679.26,7.5,104151.12,7811.33,96339.79,5283.77,63405.24,32934.55,34.19,Partner,Event/Trade Show,Completed,235304.0
ORD100252,2025-12-15,Dec-2025,Q4,FY2025-Q3,West,Neha Shah,Mid-Market,Returning,Software,Cloud Storage Plan,10,5819.36,0.0,58193.6,0.0,58193.6,1692.41,16924.1,41269.5,70.92,Retail,Event/Trade Show,Completed,204257.0
ORD100253,2025-12-15,Dec-2025,Q4,FY2025-Q3,South,Rahul Nair,Enterprise,Returning,Furniture,Office Cabinet,22,9319.16,9.4,205021.52,19272.02,185749.5,5619.31,123624.82,62124.68,33.45,Retail,Paid Ads,Completed,198907.0
ORD100254,2025-12-15,Dec-2025,Q4,FY2025-Q3,East,Ritu Ghosh,Enterprise,New,Software,Cloud Storage Plan,16,5910.39,13.5,94566.24,12766.44,81799.8,1684.5,26952.0,54847.8,67.05,Online,Referral,Completed,202374.0
ORD100255,2025-12-15,Dec-2025,Q4,FY2025-Q3,North,Sneha Iyer,SMB,New,Accessories,Laptop Sleeve,2,728.18,0.4,1456.36,5.83,1450.53,414.87,829.74,620.79,42.8,Direct,Paid Ads,Completed,229351.0
ORD100256,2025-12-15,Dec-2025,Q4,FY2025-Q3,North,Sneha Iyer,Mid-Market,New,Furniture,Office Cabinet,13,9077.2,10.3,118003.6,12154.37,105849.23,5492.56,71403.28,34445.95,32.54,Retail,Website Organic,Completed,218967.0
ORD100257,2025-12-16,Dec-2025,Q4,FY2025-Q3,West,Neha Shah,SMB,Returning,Software,Cloud Storage Plan,5,5863.68,2.0,29318.4,586.37,28732.03,1721.06,8605.3,20126.73,70.05,Retail,Website Organic,Completed,211048.0
ORD100258,2025-12-16,Dec-2025,Q4,FY2025-Q3,North,Karan Mehta,SMB,New,Electronics,Noise Cancelling Headphones,4,6187.64,2.9,24750.56,717.77,24032.79,3997.91,15991.64,8041.15,33.46,Partner,Cold Outreach,Completed,212546.0
ORD100259,2025-12-16,Dec-2025,Q4,FY2025-Q3,South,Divya Menon,Mid-Market,New,Accessories,Laptop Sleeve,6,710.78,6.0,4264.68,255.88,4008.8,394.54,2367.24,1641.56,40.95,Direct,Referral,Completed,180733.0
ORD100260,2025-12-16,Dec-2025,Q4,FY2025-Q3,North,Sneha Iyer,Mid-Market,Returning,Accessories,Cable Management Kit,8,334.84,4.3,2678.72,115.18,2563.54,178.48,1427.84,1135.7,44.3,Retail,Event/Trade Show,Completed,235406.0
ORD100261,2025-12-17,Dec-2025,Q4,FY2025-Q3,East,Ritu Ghosh,Mid-Market,Returning,Accessories,Webcam Cover,5,154.26,8.6,771.3,66.33,704.97,88.34,441.7,263.27,37.34,Direct,Cold Outreach,Completed,253421.0
ORD100262,2025-12-17,Dec-2025,Q4,FY2025-Q3,North,Sneha Iyer,Mid-Market,Returning,Electronics,Bluetooth Speaker,9,2611.44,4.9,23502.96,1151.65,22351.31,1638.17,14743.53,7607.78,34.04,Direct,Referral,Completed,201628.0
ORD100263,2025-12-17,Dec-2025,Q4,FY2025-Q3,West,Simran Kaur,SMB,Returning,Furniture,Office Cabinet,2,8808.95,0.0,17617.9,0.0,17617.9,5165.91,10331.82,7286.08,41.36,Direct,Referral,Completed,252397.0
ORD100264,2025-12-17,Dec-2025,Q4,FY2025-Q3,West,Simran Kaur,SMB,Returning,Software,Analytics Suite,5,21113.0,2.9,105565.0,3061.39,102503.61,6165.18,30825.9,71677.71,69.93,Retail,Website Organic,Completed,253778.0
ORD100265,2025-12-18,Dec-2025,Q4,FY2025-Q3,East,Priya Sen,SMB,Returning,Furniture,Standing Desk,5,18746.15,0.4,93730.75,374.92,93355.83,10835.26,54176.3,39179.53,41.97,Online,Website Organic,Completed,186619.0
ORD100266,2025-12-18,Dec-2025,Q4,FY2025-Q3,West,Simran Kaur,SMB,Returning,Software,Cloud Storage Plan,4,5943.98,0.8,23775.92,190.21,23585.71,1741.68,6966.72,16618.99,70.46,Retail,Referral,Completed,237176.0
ORD100267,2025-12-19,Dec-2025,Q4,FY2025-Q3,West,Simran Kaur,Mid-Market,Returning,Software,Analytics Suite,10,21865.11,4.7,218651.1,10276.6,208374.5,6813.79,68137.9,140236.6,67.3,Retail,Referral,Completed,240294.0
ORD100268,2025-12-20,Dec-2025,Q4,FY2025-Q3,West,Rohan Patil,Enterprise,Returning,Software,Security Suite,14,9530.34,14.9,133424.76,19880.29,113544.47,2907.29,40702.06,72842.41,64.15,Partner,Referral,Completed,253147.0
ORD100269,2025-12-20,Dec-2025,Q4,FY2025-Q3,North,Karan Mehta,Mid-Market,New,Software,Analytics Suite,13,21458.87,1.0,278965.31,2789.65,276175.66,6692.36,87000.68,189174.98,68.5,Online,Referral,Completed,185739.0
ORD100270,2025-12-21,Dec-2025,Q4,FY2025-Q3,East,Priya Sen,SMB,Returning,Electronics,Wireless Mouse,1,909.54,0.0,909.54,0.0,909.54,543.64,543.64,365.9,40.23,Direct,Referral,Completed,202681.0
ORD100271,2025-12-21,Dec-2025,Q4,FY2025-Q3,West,Neha Shah,SMB,Returning,Accessories,Webcam Cover,1,150.71,5.7,150.71,8.59,142.12,84.16,84.16,57.96,40.78,Online,Event/Trade Show,Completed,203434.0
ORD100272,2025-12-22,Dec-2025,Q4,FY2025-Q3,South,Rahul Nair,SMB,New,Accessories,Desk Organizer,2,464.98,3.6,929.96,33.48,896.48,267.68,535.36,361.12,40.28,Retail,Paid Ads,Completed,259148.0
ORD100273,2025-12-22,Dec-2025,Q4,FY2025-Q3,North,Karan Mehta,SMB,Returning,Accessories,Webcam Cover,4,155.51,4.8,622.04,29.86,592.18,86.91,347.64,244.54,41.29,Online,Referral,Completed,195071.0
ORD100274,2025-12-22,Dec-2025,Q4,FY2025-Q3,North,Aditi Rao,SMB,New,Furniture,Office Cabinet,5,8594.8,5.3,42974.0,2277.62,40696.38,5081.62,25408.1,15288.28,37.57,Retail,Cold Outreach,Completed,217663.0
ORD100275,2025-12-22,Dec-2025,Q4,FY2025-Q3,East,Ritu Ghosh,Mid-Market,New,Furniture,Ergonomic Chair,6,11416.22,4.0,68497.32,2739.89,65757.43,6468.87,38813.22,26944.21,40.98,Direct,Paid Ads,Completed,192332.0
ORD100276,2025-12-23,Dec-2025,Q4,FY2025-Q3,West,Simran Kaur,SMB,Returning,Accessories,Cable Management Kit,2,356.1,5.3,712.2,37.75,674.45,188.43,376.86,297.59,44.12,Online,Cold Outreach,Completed,187138.0
ORD100277,2025-12-23,Dec-2025,Q4,FY2025-Q3,South,Divya Menon,Enterprise,New,Software,Analytics Suite,14,22412.36,17.6,313773.04,55224.06,258548.98,6404.13,89657.82,168891.16,65.32,Direct,Cold Outreach,Completed,193000.0
ORD100278,2025-12-23,Dec-2025,Q4,FY2025-Q3,West,Rohan Patil,Mid-Market,Returning,Electronics,Bluetooth Speaker,9,2531.5,4.2,22783.5,956.91,21826.59,1505.1,13545.9,8280.69,37.94,Retail,Paid Ads,Completed,235033.0
ORD100279,2025-12-24,Dec-2025,Q4,FY2025-Q3,West,Simran Kaur,SMB,Returning,Accessories,Webcam Cover,4,153.21,0.0,612.84,0.0,612.84,80.9,323.6,289.24,47.2,Online,Website Organic,Completed,216808.0
ORD100280,2025-12-25,Dec-2025,Q4,FY2025-Q3,North,Sneha Iyer,Enterprise,Returning,Electronics,USB-C Hub,24,1803.68,10.4,43288.32,4501.99,38786.33,1066.3,25591.2,13195.13,34.02,Partner,Website Organic,Completed,256451.0
ORD100281,2025-12-25,Dec-2025,Q4,FY2025-Q3,West,Simran Kaur,Mid-Market,New,Software,Security Suite,10,9643.29,4.8,96432.9,4628.78,91804.12,2887.04,28870.4,62933.72,68.55,Retail,Event/Trade Show,Completed,210683.0
ORD100282,2025-12-25,Dec-2025,Q4,FY2025-Q3,West,Simran Kaur,Enterprise,Returning,Software,CRM License,16,14687.12,9.5,234993.92,22324.42,212669.5,4194.66,67114.56,145554.94,68.44,Direct,Website Organic,Completed,223535.0
ORD100283,2025-12-26,Dec-2025,Q4,FY2025-Q3,North,Sneha Iyer,SMB,Returning,Furniture,Ergonomic Chair,6,11927.36,2.6,71564.16,1860.67,69703.49,6846.82,41080.92,28622.57,41.06,Online,Cold Outreach,Completed,185806.0
ORD100284,2025-12-26,Dec-2025,Q4,FY2025-Q3,West,Neha Shah,Mid-Market,Returning,Accessories,Webcam Cover,6,154.99,7.3,929.94,67.89,862.05,86.15,516.9,345.15,40.04,Partner,Website Organic,Completed,189029.0
ORD100285,2025-12-26,Dec-2025,Q4,FY2025-Q3,East,Arjun Das,SMB,New,Furniture,Office Cabinet,10,9223.52,2.3,92235.2,2121.41,90113.79,5227.8,52278.0,37835.79,41.99,Retail,Website Organic,Completed,219389.0
ORD100286,2025-12-27,Dec-2025,Q4,FY2025-Q3,North,Karan Mehta,Enterprise,New,Electronics,Wireless Mouse,22,933.74,15.5,20542.28,3184.05,17358.23,593.3,13052.6,4305.63,24.8,Partner,Paid Ads,Returned,228300.0
ORD100287,2025-12-27,Dec-2025,Q4,FY2025-Q3,North,Karan Mehta,SMB,Returning,Accessories,Webcam Cover,4,149.47,7.1,597.88,42.45,555.43,84.14,336.56,218.87,39.41,Direct,Referral,Completed,251528.0
ORD100288,2025-12-28,Dec-2025,Q4,FY2025-Q3,West,Neha Shah,Enterprise,Returning,Furniture,Standing Desk,18,17760.91,12.4,319696.38,39642.35,280054.03,10555.06,189991.08,90062.95,32.16,Online,Referral,Completed,253331.0
ORD100289,2025-12-28,Dec-2025,Q4,FY2025-Q3,East,Ritu Ghosh,SMB,Returning,Electronics,Wireless Mouse,6,865.81,4.3,5194.86,223.38,4971.48,548.88,3293.28,1678.2,33.76,Partner,Referral,Completed,180942.0
ORD100290,2025-12-28,Dec-2025,Q4,FY2025-Q3,West,Neha Shah,SMB,New,Software,Analytics Suite,10,22630.36,1.8,226303.6,4073.46,222230.14,7052.67,70526.7,151703.44,68.26,Direct,Cold Outreach,Completed,184048.0
ORD100291,2025-12-29,Dec-2025,Q4,FY2025-Q3,West,Simran Kaur,SMB,Returning,Accessories,Webcam Cover,4,150.99,2.6,603.96,15.7,588.26,86.38,345.52,242.74,41.26,Direct,Cold Outreach,Completed,258688.0
ORD100292,2025-12-29,Dec-2025,Q4,FY2025-Q3,East,Ritu Ghosh,Enterprise,New,Furniture,Ergonomic Chair,18,11554.5,14.9,207981.0,30989.17,176991.83,7019.5,126351.0,50640.83,28.61,Online,Paid Ads,Completed,231216.0
ORD100293,2025-12-30,Dec-2025,Q4,FY2025-Q3,North,Aditi Rao,SMB,Returning,Furniture,Office Cabinet,1,8615.01,4.8,8615.01,413.52,8201.49,5123.28,5123.28,3078.21,37.53,Direct,Website Organic,Completed,183069.0
ORD100294,2025-12-30,Dec-2025,Q4,FY2025-Q3,East,Priya Sen,SMB,Returning,Furniture,Ergonomic Chair,1,12205.47,5.2,12205.47,634.68,11570.79,7239.51,7239.51,4331.28,37.43,Direct,Paid Ads,Completed,205781.0
ORD100295,2025-12-30,Dec-2025,Q4,FY2025-Q3,West,Rohan Patil,Mid-Market,New,Furniture,Standing Desk,6,18448.77,4.3,110692.62,4759.78,105932.84,10987.15,65922.9,40009.94,37.77,Direct,Paid Ads,Completed,185789.0
ORD100296,2025-12-30,Dec-2025,Q4,FY2025-Q3,West,Simran Kaur,Enterprise,New,Software,Cloud Storage Plan,17,5776.11,11.9,98193.87,11685.07,86508.8,1801.72,30629.24,55879.56,64.59,Online,Website Organic,Completed,224832.0
ORD100297,2025-12-30,Dec-2025,Q4,FY2025-Q3,East,Ritu Ghosh,SMB,New,Software,Analytics Suite,2,22576.47,0.0,45152.94,0.0,45152.94,6737.23,13474.46,31678.48,70.16,Online,Event/Trade Show,Returned,214071.0
ORD100298,2025-12-31,Dec-2025,Q4,FY2025-Q3,West,Rohan Patil,SMB,New,Electronics,Smartwatch,1,8864.09,1.0,8864.09,88.64,8775.45,5609.79,5609.79,3165.66,36.07,Retail,Website Organic,Returned,210813.0
ORD100299,2025-12-31,Dec-2025,Q4,FY2025-Q3,South,Vikram Reddy,Mid-Market,Returning,Electronics,Bluetooth Speaker,6,2427.16,14.0,14562.96,2038.81,12524.15,1455.37,8732.22,3791.93,30.28,Direct,Paid Ads,Completed,235049.0
ORD100300,2026-01-01,Jan-2026,Q1,FY2025-Q4,North,Karan Mehta,SMB,Returning,Electronics,Wireless Mouse,3,934.35,0.4,2803.05,11.21,2791.84,573.01,1719.03,1072.81,38.43,Direct,Website Organic,Completed,210242.0
ORD100301,2026-01-01,Jan-2026,Q1,FY2025-Q4,North,Sneha Iyer,SMB,New,Furniture,Ergonomic Chair,3,12429.5,7.0,37288.5,2610.2,34678.3,7163.94,21491.82,13186.48,38.03,Partner,Website Organic,Completed,202945.0
ORD100302,2026-01-01,Jan-2026,Q1,FY2025-Q4,South,Vikram Reddy,SMB,Returning,Furniture,Ergonomic Chair,3,11429.27,5.1,34287.81,1748.68,32539.13,6729.91,20189.73,12349.4,37.95,Direct,Referral,Completed,198686.0
ORD100303,2026-01-03,Jan-2026,Q1,FY2025-Q4,North,Sneha Iyer,SMB,New,Electronics,Bluetooth Speaker,1,2453.8,5.2,2453.8,127.6,2326.2,1484.38,1484.38,841.82,36.19,Online,Paid Ads,Completed,214521.0
ORD100304,2026-01-03,Jan-2026,Q1,FY2025-Q4,North,Aditi Rao,Mid-Market,New,Furniture,Ergonomic Chair,8,12183.95,8.3,97471.6,8090.14,89381.46,7022.07,56176.56,33204.9,37.15,Retail,Paid Ads,Completed,182861.0
ORD100305,2026-01-03,Jan-2026,Q1,FY2025-Q4,East,Ritu Ghosh,Mid-Market,Returning,Electronics,Wireless Mouse,6,897.4,3.2,5384.4,172.3,5212.1,575.11,3450.66,1761.44,33.8,Retail,Referral,Completed,232916.0
ORD100306,2026-01-03,Jan-2026,Q1,FY2025-Q4,West,Simran Kaur,SMB,Returning,Accessories,Desk Organizer,3,427.91,5.2,1283.73,66.75,1216.98,231.72,695.16,521.82,42.88,Retail,Referral,Completed,255214.0
ORD100307,2026-01-03,Jan-2026,Q1,FY2025-Q4,West,Rohan Patil,Enterprise,Returning,Electronics,Bluetooth Speaker,10,2483.93,16.6,24839.3,4123.32,20715.98,1477.48,14774.8,5941.18,28.68,Retail,Cold Outreach,Completed,210703.0
ORD100308,2026-01-04,Jan-2026,Q1,FY2025-Q4,West,Neha Shah,SMB,New,Accessories,Laptop Sleeve,6,700.25,1.4,4201.5,58.82,4142.68,399.96,2399.76,1742.92,42.07,Direct,Paid Ads,Completed,183532.0
ORD100309,2026-01-04,Jan-2026,Q1,FY2025-Q4,West,Neha Shah,Enterprise,Returning,Accessories,Cable Management Kit,15,360.7,17.5,5410.5,946.84,4463.66,200.55,3008.25,1455.41,32.61,Direct,Paid Ads,Completed,188646.0
ORD100310,2026-01-06,Jan-2026,Q1,FY2025-Q4,South,Vikram Reddy,SMB,New,Accessories,Cable Management Kit,4,365.41,0.9,1461.64,13.15,1448.49,207.44,829.76,618.73,42.72,Direct,Cold Outreach,Completed,189751.0
ORD100311,2026-01-06,Jan-2026,Q1,FY2025-Q4,East,Priya Sen,Enterprise,Returning,Software,Security Suite,14,9070.91,10.6,126992.74,13461.23,113531.51,2831.32,39638.48,73893.03,65.09,Partner,Event/Trade Show,Completed,207658.0
ORD100312,2026-01-07,Jan-2026,Q1,FY2025-Q4,North,Karan Mehta,Mid-Market,New,Accessories,Desk Organizer,6,467.72,5.9,2806.32,165.57,2640.75,247.7,1486.2,1154.55,43.72,Retail,Cold Outreach,Completed,182624.0
ORD100313,2026-01-07,Jan-2026,Q1,FY2025-Q4,South,Divya Menon,SMB,Returning,Furniture,Bookshelf,1,5367.57,0.0,5367.57,0.0,5367.57,2963.25,2963.25,2404.32,44.79,Online,Website Organic,Completed,215777.0
ORD100314,2026-01-09,Jan-2026,Q1,FY2025-Q4,South,Divya Menon,SMB,New,Electronics,USB-C Hub,4,1763.58,0.0,7054.32,0.0,7054.32,1099.96,4399.84,2654.48,37.63,Partner,Website Organic,Completed,236425.0
ORD100315,2026-01-09,Jan-2026,Q1,FY2025-Q4,East,Arjun Das,Mid-Market,Returning,Electronics,Wireless Mouse,5,938.03,6.4,4690.15,300.17,4389.98,589.53,2947.65,1442.33,32.86,Online,Website Organic,Completed,229418.0
ORD100316,2026-01-10,Jan-2026,Q1,FY2025-Q4,South,Rahul Nair,SMB,New,Software,Cloud Storage Plan,3,5901.88,6.6,17705.64,1168.57,16537.07,1683.93,5051.79,11485.28,69.45,Direct,Website Organic,Completed,210257.0
ORD100317,2026-01-11,Jan-2026,Q1,FY2025-Q4,West,Neha Shah,Mid-Market,New,Furniture,Bookshelf,7,5374.26,7.9,37619.82,2971.97,34647.85,2970.93,20796.51,13851.34,39.98,Partner,Referral,Completed,256821.0
ORD100318,2026-01-12,Jan-2026,Q1,FY2025-Q4,East,Priya Sen,Mid-Market,New,Software,Analytics Suite,7,21303.04,5.3,149121.28,7903.43,141217.85,6077.66,42543.62,98674.23,69.87,Online,Website Organic,Completed,190392.0
ORD100319,2026-01-12,Jan-2026,Q1,FY2025-Q4,East,Arjun Das,Mid-Market,New,Software,CRM License,6,14624.94,7.9,87749.64,6932.22,80817.42,4458.0,26748.0,54069.42,66.9,Partner,Website Organic,Completed,249014.0
ORD100320,2026-01-13,Jan-2026,Q1,FY2025-Q4,South,Divya Menon,Mid-Market,New,Furniture,Bookshelf,11,5401.1,5.0,59412.1,2970.61,56441.49,3037.87,33416.57,23024.92,40.79,Direct,Website Organic,Completed,181445.0
ORD100321,2026-01-13,Jan-2026,Q1,FY2025-Q4,South,Vikram Reddy,Mid-Market,Returning,Electronics,Noise Cancelling Headphones,7,6712.42,9.1,46986.94,4275.81,42711.13,3967.07,27769.49,14941.64,34.98,Retail,Cold Outreach,Completed,243248.0
ORD100322,2026-01-13,Jan-2026,Q1,FY2025-Q4,North,Sneha Iyer,SMB,Returning,Electronics,Smartwatch,1,8533.13,1.5,8533.13,128.0,8405.13,5398.22,5398.22,3006.91,35.77,Direct,Paid Ads,Completed,204298.0
ORD100323,2026-01-13,Jan-2026,Q1,FY2025-Q4,West,Simran Kaur,SMB,Returning,Software,Cloud Storage Plan,2,6103.32,3.0,12206.64,366.2,11840.44,1898.73,3797.46,8042.98,67.93,Online,Website Organic,Completed,219313.0
ORD100324,2026-01-13,Jan-2026,Q1,FY2025-Q4,East,Priya Sen,SMB,Returning,Software,Analytics Suite,3,21014.99,8.6,63044.97,5421.87,57623.1,6495.25,19485.75,38137.35,66.18,Retail,Paid Ads,Completed,198881.0
ORD100325,2026-01-15,Jan-2026,Q1,FY2025-Q4,East,Priya Sen,SMB,New,Software,Cloud Storage Plan,1,5876.83,1.0,5876.83,58.77,5818.06,1849.61,1849.61,3968.45,68.21,Retail,Referral,Completed,181578.0
ORD100326,2026-01-15,Jan-2026,Q1,FY2025-Q4,North,Karan Mehta,SMB,Returning,Furniture,Standing Desk,3,17780.03,0.0,53340.09,0.0,53340.09,9864.75,29594.25,23745.84,44.52,Online,Paid Ads,Completed,233126.0
ORD100327,2026-01-15,Jan-2026,Q1,FY2025-Q4,North,Aditi Rao,SMB,New,Furniture,Bookshelf,2,5311.71,0.0,10623.42,0.0,10623.42,3082.81,6165.62,4457.8,41.96,Direct,Paid Ads,Completed,249702.0
ORD100328,2026-01-15,Jan-2026,Q1,FY2025-Q4,North,Sneha Iyer,SMB,New,Software,CRM License,4,14502.39,6.0,58009.56,3480.57,54528.99,4269.48,17077.92,37451.07,68.68,Retail,Paid Ads,Completed,200260.0
ORD100329,2026-01-15,Jan-2026,Q1,FY2025-Q4,West,Rohan Patil,Mid-Market,New,Furniture,Bookshelf,5,5615.6,9.4,28078.0,2639.33,25438.67,3354.04,16770.2,8668.47,34.08,Partner,Event/Trade Show,Completed,213027.0
ORD100330,2026-01-16,Jan-2026,Q1,FY2025-Q4,West,Neha Shah,Enterprise,Returning,Electronics,Smartwatch,10,8147.76,12.5,81477.6,10184.7,71292.9,4810.14,48101.4,23191.5,32.53,Direct,Referral,Completed,228920.0
ORD100331,2026-01-17,Jan-2026,Q1,FY2025-Q4,East,Arjun Das,Enterprise,Returning,Software,Cloud Storage Plan,19,5780.26,12.9,109824.94,14167.42,95657.52,1678.47,31890.93,63766.59,66.66,Online,Referral,Completed,243748.0
ORD100332,2026-01-18,Jan-2026,Q1,FY2025-Q4,North,Aditi Rao,SMB,Returning,Electronics,Noise Cancelling Headphones,2,6506.76,0.0,13013.52,0.0,13013.52,3908.87,7817.74,5195.78,39.93,Direct,Website Organic,Completed,182267.0
ORD100333,2026-01-18,Jan-2026,Q1,FY2025-Q4,West,Simran Kaur,Mid-Market,Returning,Furniture,Office Cabinet,13,8766.24,8.7,113961.12,9914.62,104046.5,5192.05,67496.65,36549.85,35.13,Online,Website Organic,Completed,252289.0
ORD100334,2026-01-18,Jan-2026,Q1,FY2025-Q4,North,Karan Mehta,Mid-Market,New,Furniture,Ergonomic Chair,13,11918.17,0.9,154936.21,1394.43,153541.78,6890.32,89574.16,63967.62,41.66,Direct,Website Organic,Completed,223872.0
ORD100335,2026-01-18,Jan-2026,Q1,FY2025-Q4,North,Karan Mehta,SMB,Returning,Electronics,Smartwatch,4,8474.9,7.4,33899.6,2508.57,31391.03,5333.68,21334.72,10056.31,32.04,Partner,Website Organic,Completed,218085.0
ORD100336,2026-01-19,Jan-2026,Q1,FY2025-Q4,East,Priya Sen,Mid-Market,Returning,Software,Analytics Suite,5,21753.89,9.7,108769.45,10550.64,98218.81,6632.48,33162.4,65056.41,66.24,Partner,Paid Ads,Cancelled,206659.0
ORD100337,2026-01-19,Jan-2026,Q1,FY2025-Q4,East,Ritu Ghosh,Enterprise,New,Electronics,USB-C Hub,9,1844.33,6.4,16598.97,1062.33,15536.64,1117.81,10060.29,5476.35,35.25,Direct,Paid Ads,Completed,247703.0
ORD100338,2026-01-19,Jan-2026,Q1,FY2025-Q4,South,Rahul Nair,SMB,Returning,Software,CRM License,4,14612.26,6.1,58449.04,3565.39,54883.65,4362.72,17450.88,37432.77,68.2,Online,Referral,Completed,240856.0
ORD100339,2026-01-19,Jan-2026,Q1,FY2025-Q4,North,Aditi Rao,Mid-Market,Returning,Accessories,Webcam Cover,4,156.12,6.9,624.48,43.09,581.39,85.18,340.72,240.67,41.4,Online,Paid Ads,Completed,185745.0
ORD100340,2026-01-20,Jan-2026,Q1,FY2025-Q4,East,Priya Sen,Mid-Market,New,Electronics,Bluetooth Speaker,8,2419.91,1.8,19359.28,348.47,19010.81,1567.11,12536.88,6473.93,34.05,Online,Website Organic,Returned,206398.0
ORD100341,2026-01-20,Jan-2026,Q1,FY2025-Q4,West,Simran Kaur,Mid-Market,New,Furniture,Bookshelf,6,5576.3,7.8,33457.8,2609.71,30848.09,3291.53,19749.18,11098.91,35.98,Retail,Website Organic,Completed,219200.0
ORD100342,2026-01-20,Jan-2026,Q1,FY2025-Q4,North,Sneha Iyer,SMB,Returning,Software,Security Suite,1,9154.9,4.4,9154.9,402.82,8752.08,2865.74,2865.74,5886.34,67.26,Online,Website Organic,Returned,249398.0
ORD100343,2026-01-21,Jan-2026,Q1,FY2025-Q4,South,Divya Menon,Enterprise,New,Electronics,Wireless Mouse,11,870.31,8.7,9573.41,832.89,8740.52,565.07,6215.77,2524.75,28.89,Online,Website Organic,Completed,253275.0
ORD100344,2026-01-21,Jan-2026,Q1,FY2025-Q4,South,Rahul Nair,Enterprise,New,Software,Security Suite,5,9839.33,9.1,49196.65,4476.9,44719.75,2926.4,14632.0,30087.75,67.28,Retail,Paid Ads,Completed,219131.0
ORD100345,2026-01-21,Jan-2026,Q1,FY2025-Q4,West,Neha Shah,SMB,Returning,Furniture,Standing Desk,5,17140.51,7.3,85702.55,6256.29,79446.26,9982.59,49912.95,29533.31,37.17,Online,Referral,Completed,250249.0
ORD100346,2026-01-21,Jan-2026,Q1,FY2025-Q4,East,Priya Sen,SMB,New,Accessories,Cable Management Kit,4,353.32,3.9,1413.28,55.12,1358.16,203.45,813.8,544.36,40.08,Partner,Paid Ads,Completed,259426.0
ORD100347,2026-01-21,Jan-2026,Q1,FY2025-Q4,East,Arjun Das,Mid-Market,Returning,Software,Cloud Storage Plan,10,6196.93,2.5,61969.3,1549.23,60420.07,1816.06,18160.6,42259.47,69.94,Partner,Referral,Completed,207560.0
ORD100348,2026-01-21,Jan-2026,Q1,FY2025-Q4,North,Karan Mehta,SMB,Returning,Software,CRM License,1,14408.87,0.6,14408.87,86.45,14322.42,4454.35,4454.35,9868.07,68.9,Online,Website Organic,Completed,204775.0
ORD100349,2026-01-21,Jan-2026,Q1,FY2025-Q4,North,Karan Mehta,SMB,Returning,Software,CRM License,4,15360.47,8.0,61441.88,4915.35,56526.53,4774.6,19098.4,37428.13,66.21,Online,Paid Ads,Completed,199989.0
ORD100350,2026-01-21,Jan-2026,Q1,FY2025-Q4,East,Priya Sen,SMB,New,Electronics,Smartwatch,1,8919.19,1.1,8919.19,98.11,8821.08,5778.95,5778.95,3042.13,34.49,Partner,Referral,Completed,259681.0
ORD100351,2026-01-21,Jan-2026,Q1,FY2025-Q4,North,Aditi Rao,Enterprise,Returning,Furniture,Office Cabinet,17,9300.7,10.6,158111.9,16759.86,141352.04,5376.73,91404.41,49947.63,35.34,Online,Website Organic,Cancelled,244801.0
ORD100352,2026-01-22,Jan-2026,Q1,FY2025-Q4,East,Ritu Ghosh,Mid-Market,Returning,Software,Cloud Storage Plan,7,6062.56,2.2,42437.92,933.63,41504.29,1858.53,13009.71,28494.58,68.65,Online,Referral,Completed,226709.0
ORD100353,2026-01-23,Jan-2026,Q1,FY2025-Q4,South,Rahul Nair,Mid-Market,Returning,Accessories,Cable Management Kit,7,346.32,8.4,2424.24,203.64,2220.6,181.44,1270.08,950.52,42.8,Online,Paid Ads,Completed,182741.0
ORD100354,2026-01-23,Jan-2026,Q1,FY2025-Q4,North,Sneha Iyer,SMB,New,Accessories,Laptop Sleeve,1,702.36,0.0,702.36,0.0,702.36,398.2,398.2,304.16,43.31,Online,Cold Outreach,Completed,205252.0
ORD100355,2026-01-23,Jan-2026,Q1,FY2025-Q4,North,Aditi Rao,Mid-Market,New,Electronics,Noise Cancelling Headphones,3,6190.91,5.2,18572.73,965.78,17606.95,3997.08,11991.24,5615.71,31.89,Retail,Paid Ads,Completed,242753.0
ORD100356,2026-01-23,Jan-2026,Q1,FY2025-Q4,East,Priya Sen,Enterprise,Returning,Accessories,Cable Management Kit,10,356.09,11.5,3560.9,409.5,3151.4,195.97,1959.7,1191.7,37.81,Direct,Website Organic,Completed,185109.0
ORD100357,2026-01-23,Jan-2026,Q1,FY2025-Q4,North,Aditi Rao,Enterprise,New,Accessories,Laptop Sleeve,16,712.79,16.5,11404.64,1881.77,9522.87,380.81,6092.96,3429.91,36.02,Direct,Paid Ads,Completed,220820.0
ORD100358,2026-01-24,Jan-2026,Q1,FY2025-Q4,West,Neha Shah,Enterprise,New,Accessories,Desk Organizer,7,431.1,15.4,3017.7,464.73,2552.97,239.46,1676.22,876.75,34.34,Retail,Paid Ads,Completed,220379.0
ORD100359,2026-01-25,Jan-2026,Q1,FY2025-Q4,North,Sneha Iyer,Mid-Market,Returning,Electronics,USB-C Hub,6,1819.75,6.9,10918.5,753.38,10165.12,1074.05,6444.3,3720.82,36.6,Direct,Cold Outreach,Completed,244329.0
ORD100360,2026-01-25,Jan-2026,Q1,FY2025-Q4,West,Neha Shah,SMB,New,Electronics,Wireless Mouse,2,936.69,0.0,1873.38,0.0,1873.38,582.8,1165.6,707.78,37.78,Direct,Paid Ads,Completed,241727.0
ORD100361,2026-01-26,Jan-2026,Q1,FY2025-Q4,South,Divya Menon,Enterprise,New,Furniture,Ergonomic Chair,14,12190.63,17.3,170668.82,29525.71,141143.11,6779.1,94907.4,46235.71,32.76,Direct,Website Organic,Completed,237331.0
ORD100362,2026-01-26,Jan-2026,Q1,FY2025-Q4,South,Divya Menon,Mid-Market,Returning,Furniture,Ergonomic Chair,7,11589.4,6.9,81125.8,5597.68,75528.12,6736.6,47156.2,28371.92,37.56,Online,Website Organic,Completed,182922.0
ORD100363,2026-01-26,Jan-2026,Q1,FY2025-Q4,East,Priya Sen,Mid-Market,Returning,Electronics,Noise Cancelling Headphones,7,6379.13,9.1,44653.91,4063.51,40590.4,4090.3,28632.1,11958.3,29.46,Direct,Referral,Completed,242397.0
ORD100364,2026-01-27,Jan-2026,Q1,FY2025-Q4,East,Ritu Ghosh,SMB,Returning,Accessories,Desk Organizer,3,462.75,0.0,1388.25,0.0,1388.25,243.89,731.67,656.58,47.3,Online,Referral,Cancelled,232209.0
ORD100365,2026-01-28,Jan-2026,Q1,FY2025-Q4,North,Aditi Rao,Mid-Market,Returning,Software,CRM License,3,15284.73,12.7,45854.19,5823.48,40030.71,4588.05,13764.15,26266.56,65.62,Direct,Website Organic,Completed,235618.0
ORD100366,2026-01-28,Jan-2026,Q1,FY2025-Q4,South,Vikram Reddy,Mid-Market,New,Electronics,Bluetooth Speaker,2,2604.27,10.5,5208.54,546.9,4661.64,1683.21,3366.42,1295.22,27.78,Online,Referral,Completed,197144.0
ORD100367,2026-01-28,Jan-2026,Q1,FY2025-Q4,East,Arjun Das,Enterprise,Returning,Electronics,Noise Cancelling Headphones,16,6623.31,10.1,105972.96,10703.27,95269.69,4013.02,64208.32,31061.37,32.6,Direct,Event/Trade Show,Completed,191204.0
ORD100368,2026-01-29,Jan-2026,Q1,FY2025-Q4,South,Divya Menon,Enterprise,Returning,Electronics,Noise Cancelling Headphones,19,6412.3,11.1,121833.7,13523.54,108310.16,4077.18,77466.42,30843.74,28.48,Direct,Website Organic,Completed,224298.0
ORD100369,2026-01-30,Jan-2026,Q1,FY2025-Q4,West,Rohan Patil,SMB,New,Accessories,Desk Organizer,1,463.73,2.3,463.73,10.67,453.06,267.16,267.16,185.9,41.03,Direct,Website Organic,Completed,247135.0
ORD100370,2026-01-30,Jan-2026,Q1,FY2025-Q4,East,Priya Sen,SMB,New,Electronics,Bluetooth Speaker,1,2523.4,3.7,2523.4,93.37,2430.03,1639.61,1639.61,790.42,32.53,Retail,Paid Ads,Completed,228756.0
ORD100371,2026-01-30,Jan-2026,Q1,FY2025-Q4,East,Priya Sen,Mid-Market,Returning,Electronics,Bluetooth Speaker,6,2563.95,7.1,15383.7,1092.24,14291.46,1554.37,9326.22,4965.24,34.74,Retail,Referral,Completed,250010.0
ORD100372,2026-01-31,Jan-2026,Q1,FY2025-Q4,North,Karan Mehta,Enterprise,Returning,Furniture,Standing Desk,11,18635.71,12.8,204992.81,26239.08,178753.73,10755.25,118307.75,60445.98,33.82,Online,Cold Outreach,Completed,238902.0
ORD100373,2026-01-31,Jan-2026,Q1,FY2025-Q4,East,Ritu Ghosh,Mid-Market,Returning,Accessories,Laptop Sleeve,7,707.54,9.3,4952.78,460.61,4492.17,387.42,2711.94,1780.23,39.63,Direct,Paid Ads,Completed,235059.0
ORD100374,2026-01-31,Jan-2026,Q1,FY2025-Q4,East,Ritu Ghosh,SMB,Returning,Software,Security Suite,3,9348.37,5.2,28045.11,1458.35,26586.76,2938.49,8815.47,17771.29,66.84,Online,Event/Trade Show,Completed,237993.0
ORD100375,2026-01-31,Jan-2026,Q1,FY2025-Q4,South,Divya Menon,Mid-Market,Returning,Accessories,Laptop Sleeve,7,693.16,8.7,4852.12,422.13,4429.99,385.0,2695.0,1734.99,39.16,Online,Website Organic,Completed,222682.0
ORD100376,2026-01-31,Jan-2026,Q1,FY2025-Q4,North,Sneha Iyer,SMB,New,Accessories,Webcam Cover,4,144.22,7.0,576.88,40.38,536.5,81.96,327.84,208.66,38.89,Retail,Website Organic,Completed,238857.0
ORD100377,2026-02-01,Feb-2026,Q1,FY2025-Q4,North,Karan Mehta,SMB,Returning,Furniture,Standing Desk,1,17562.3,7.0,17562.3,1229.36,16332.94,10647.69,10647.69,5685.25,34.81,Retail,Website Organic,Completed,205201.0
ORD100378,2026-02-01,Feb-2026,Q1,FY2025-Q4,East,Priya Sen,SMB,New,Accessories,Desk Organizer,6,459.5,0.0,2757.0,0.0,2757.0,260.93,1565.58,1191.42,43.21,Online,Event/Trade Show,Completed,201299.0
ORD100379,2026-02-02,Feb-2026,Q1,FY2025-Q4,East,Ritu Ghosh,Mid-Market,Returning,Accessories,Webcam Cover,8,153.61,6.1,1228.88,74.96,1153.92,88.54,708.32,445.6,38.62,Online,Cold Outreach,Completed,219030.0
ORD100380,2026-02-02,Feb-2026,Q1,FY2025-Q4,East,Ritu Ghosh,SMB,Returning,Accessories,Webcam Cover,4,156.16,0.0,624.64,0.0,624.64,82.66,330.64,294.0,47.07,Online,Paid Ads,Completed,214624.0
ORD100381,2026-02-03,Feb-2026,Q1,FY2025-Q4,South,Vikram Reddy,Mid-Market,Returning,Accessories,Cable Management Kit,6,340.86,2.9,2045.16,59.31,1985.85,194.6,1167.6,818.25,41.2,Partner,Website Organic,Completed,235141.0
ORD100382,2026-02-03,Feb-2026,Q1,FY2025-Q4,West,Neha Shah,SMB,New,Electronics,Noise Cancelling Headphones,4,6513.53,0.0,26054.12,0.0,26054.12,4030.83,16123.32,9930.8,38.12,Direct,Paid Ads,Cancelled,220917.0
ORD100383,2026-02-03,Feb-2026,Q1,FY2025-Q4,East,Ritu Ghosh,SMB,Returning,Furniture,Ergonomic Chair,5,11475.57,6.2,57377.85,3557.43,53820.42,6463.12,32315.6,21504.82,39.96,Online,Paid Ads,Completed,254665.0
ORD100384,2026-02-03,Feb-2026,Q1,FY2025-Q4,South,Rahul Nair,Enterprise,New,Electronics,Bluetooth Speaker,9,2588.49,8.1,23296.41,1887.01,21409.4,1570.46,14134.14,7275.26,33.98,Online,Website Organic,Completed,201913.0
ORD100385,2026-02-03,Feb-2026,Q1,FY2025-Q4,North,Karan Mehta,Mid-Market,Returning,Accessories,Webcam Cover,3,142.63,5.6,427.89,23.96,403.93,82.3,246.9,157.03,38.88,Online,Paid Ads,Completed,217584.0
ORD100386,2026-02-03,Feb-2026,Q1,FY2025-Q4,East,Arjun Das,Enterprise,Returning,Furniture,Standing Desk,15,17267.92,18.0,259018.8,46623.38,212395.42,10461.71,156925.65,55469.77,26.12,Retail,Cold Outreach,Returned,186087.0
ORD100387,2026-02-04,Feb-2026,Q1,FY2025-Q4,East,Arjun Das,Enterprise,Returning,Software,Security Suite,14,9254.51,7.0,129563.14,9069.42,120493.72,2762.87,38680.18,81813.54,67.9,Online,Website Organic,Completed,211402.0
ORD100388,2026-02-04,Feb-2026,Q1,FY2025-Q4,South,Divya Menon,Mid-Market,New,Software,Security Suite,4,9519.79,9.6,38079.16,3655.6,34423.56,2776.98,11107.92,23315.64,67.73,Online,Website Organic,Completed,207091.0
ORD100389,2026-02-04,Feb-2026,Q1,FY2025-Q4,North,Karan Mehta,Mid-Market,New,Software,Cloud Storage Plan,6,6122.36,3.0,36734.16,1102.02,35632.14,1800.74,10804.44,24827.7,69.68,Direct,Paid Ads,Completed,241989.0
ORD100390,2026-02-05,Feb-2026,Q1,FY2025-Q4,North,Sneha Iyer,Mid-Market,Returning,Software,Cloud Storage Plan,9,5898.48,9.1,53086.32,4830.86,48255.46,1694.62,15251.58,33003.88,68.39,Direct,Event/Trade Show,Completed,259734.0
ORD100391,2026-02-06,Feb-2026,Q1,FY2025-Q4,West,Rohan Patil,Enterprise,Returning,Furniture,Ergonomic Chair,18,12521.76,9.9,225391.68,22313.78,203077.9,7354.48,132380.64,70697.26,34.81,Direct,Event/Trade Show,Completed,215584.0
ORD100392,2026-02-07,Feb-2026,Q1,FY2025-Q4,East,Priya Sen,Enterprise,Returning,Furniture,Bookshelf,8,5743.89,19.0,45951.12,8730.71,37220.41,3329.81,26638.48,10581.93,28.43,Direct,Cold Outreach,Completed,200193.0
ORD100393,2026-02-07,Feb-2026,Q1,FY2025-Q4,East,Priya Sen,SMB,New,Accessories,Webcam Cover,7,147.71,5.0,1033.97,51.7,982.27,81.23,568.61,413.66,42.11,Partner,Paid Ads,Cancelled,247487.0
ORD100394,2026-02-07,Feb-2026,Q1,FY2025-Q4,North,Karan Mehta,Enterprise,Returning,Software,Cloud Storage Plan,13,6159.47,7.8,80073.11,6245.7,73827.41,1826.87,23749.31,50078.1,67.83,Online,Website Organic,Completed,216878.0
ORD100395,2026-02-07,Feb-2026,Q1,FY2025-Q4,East,Priya Sen,Enterprise,Returning,Electronics,USB-C Hub,18,1720.49,14.5,30968.82,4490.48,26478.34,1034.88,18627.84,7850.5,29.65,Online,Website Organic,Completed,248348.0
ORD100396,2026-02-08,Feb-2026,Q1,FY2025-Q4,East,Ritu Ghosh,SMB,New,Electronics,Smartwatch,4,8239.89,2.0,32959.56,659.19,32300.37,5150.3,20601.2,11699.17,36.22,Direct,Referral,Completed,186044.0
ORD100397,2026-02-08,Feb-2026,Q1,FY2025-Q4,North,Sneha Iyer,Mid-Market,Returning,Software,Analytics Suite,5,21024.78,7.5,105123.9,7884.29,97239.61,6411.38,32056.9,65182.71,67.03,Online,Referral,Completed,187539.0
ORD100398,2026-02-08,Feb-2026,Q1,FY2025-Q4,East,Ritu Ghosh,SMB,New,Software,Analytics Suite,1,21913.25,3.6,21913.25,788.88,21124.37,6696.86,6696.86,14427.51,68.3,Online,Cold Outreach,Completed,212574.0
ORD100399,2026-02-08,Feb-2026,Q1,FY2025-Q4,North,Aditi Rao,SMB,New,Software,Analytics Suite,1,21091.1,2.5,21091.1,527.28,20563.82,6578.25,6578.25,13985.57,68.01,Direct,Website Organic,Completed,180652.0
ORD100400,2026-02-09,Feb-2026,Q1,FY2025-Q4,North,Karan Mehta,Mid-Market,New,Electronics,Smartwatch,9,8881.72,5.9,79935.48,4716.19,75219.29,5394.52,48550.68,26668.61,35.45,Direct,Paid Ads,Completed,193695.0
ORD100401,2026-02-10,Feb-2026,Q1,FY2025-Q4,North,Karan Mehta,SMB,New,Furniture,Office Cabinet,2,8562.85,4.2,17125.7,719.28,16406.42,5158.93,10317.86,6088.56,37.11,Online,Paid Ads,Completed,233856.0
ORD100402,2026-02-11,Feb-2026,Q1,FY2025-Q4,West,Simran Kaur,Mid-Market,New,Software,Analytics Suite,8,22404.14,5.6,179233.12,10037.05,169196.07,6697.74,53581.92,115614.15,68.33,Direct,Website Organic,Returned,245214.0
ORD100403,2026-02-11,Feb-2026,Q1,FY2025-Q4,West,Simran Kaur,SMB,Returning,Furniture,Ergonomic Chair,2,12226.52,1.7,24453.04,415.7,24037.34,6795.21,13590.42,10446.92,43.46,Online,Paid Ads,Completed,203685.0
ORD100404,2026-02-11,Feb-2026,Q1,FY2025-Q4,East,Priya Sen,SMB,Returning,Software,Analytics Suite,3,21921.4,3.8,65764.2,2499.04,63265.16,6587.38,19762.14,43503.02,68.76,Direct,Cold Outreach,Completed,217094.0
ORD100405,2026-02-13,Feb-2026,Q1,FY2025-Q4,North,Karan Mehta,SMB,New,Software,CRM License,2,14342.46,1.4,28684.92,401.59,28283.33,4192.14,8384.28,19899.05,70.36,Direct,Paid Ads,Completed,219252.0
ORD100406,2026-02-13,Feb-2026,Q1,FY2025-Q4,West,Simran Kaur,SMB,New,Furniture,Office Cabinet,3,8968.06,4.8,26904.18,1291.4,25612.78,5442.79,16328.37,9284.41,36.25,Online,Paid Ads,Completed,228329.0
ORD100407,2026-02-13,Feb-2026,Q1,FY2025-Q4,East,Priya Sen,SMB,Returning,Software,CRM License,3,14530.1,2.9,43590.3,1264.12,42326.18,4557.13,13671.39,28654.79,67.7,Online,Event/Trade Show,Completed,231622.0
ORD100408,2026-02-14,Feb-2026,Q1,FY2025-Q4,West,Rohan Patil,SMB,New,Furniture,Ergonomic Chair,6,12343.55,1.4,74061.3,1036.86,73024.44,7115.74,42694.44,30330.0,41.53,Direct,Cold Outreach,Completed,192470.0
ORD100409,2026-02-15,Feb-2026,Q1,FY2025-Q4,North,Karan Mehta,SMB,Returning,Furniture,Bookshelf,1,5633.55,4.1,5633.55,230.98,5402.57,3151.31,3151.31,2251.26,41.67,Online,Event/Trade Show,Completed,212525.0
ORD100410,2026-02-16,Feb-2026,Q1,FY2025-Q4,South,Rahul Nair,Mid-Market,New,Accessories,Desk Organizer,6,460.75,1.8,2764.5,49.76,2714.74,241.23,1447.38,1267.36,46.68,Direct,Referral,Completed,241915.0
ORD100411,2026-02-16,Feb-2026,Q1,FY2025-Q4,West,Simran Kaur,SMB,Returning,Software,Analytics Suite,5,22790.22,0.5,113951.1,569.76,113381.34,7125.2,35626.0,77755.34,68.58,Retail,Paid Ads,Returned,210965.0
ORD100412,2026-02-17,Feb-2026,Q1,FY2025-Q4,East,Ritu Ghosh,Mid-Market,Returning,Furniture,Ergonomic Chair,5,11457.1,5.5,57285.5,3150.7,54134.8,6445.04,32225.2,21909.6,40.47,Partner,Referral,Completed,218687.0
ORD100413,2026-02-17,Feb-2026,Q1,FY2025-Q4,East,Arjun Das,SMB,Returning,Software,Analytics Suite,5,21256.92,2.9,106284.6,3082.25,103202.35,6504.05,32520.25,70682.1,68.49,Partner,Paid Ads,Returned,254453.0
ORD100414,2026-02-17,Feb-2026,Q1,FY2025-Q4,North,Aditi Rao,SMB,Returning,Software,Cloud Storage Plan,2,5723.55,4.8,11447.1,549.46,10897.64,1668.87,3337.74,7559.9,69.37,Direct,Website Organic,Completed,211036.0
ORD100415,2026-02-17,Feb-2026,Q1,FY2025-Q4,North,Aditi Rao,SMB,New,Furniture,Bookshelf,4,5507.28,2.9,22029.12,638.84,21390.28,3166.33,12665.32,8724.96,40.79,Online,Referral,Completed,232786.0
ORD100416,2026-02-17,Feb-2026,Q1,FY2025-Q4,South,Divya Menon,SMB,New,Software,Cloud Storage Plan,5,5838.56,4.6,29192.8,1342.87,27849.93,1804.12,9020.6,18829.33,67.61,Online,Referral,Completed,208195.0
ORD100417,2026-02-18,Feb-2026,Q1,FY2025-Q4,East,Arjun Das,SMB,Returning,Electronics,Bluetooth Speaker,2,2495.18,4.6,4990.36,229.56,4760.8,1588.79,3177.58,1583.22,33.26,Retail,Website Organic,Completed,257294.0
ORD100418,2026-02-18,Feb-2026,Q1,FY2025-Q4,West,Neha Shah,Mid-Market,Returning,Accessories,Webcam Cover,10,149.36,4.6,1493.6,68.71,1424.89,81.8,818.0,606.89,42.59,Retail,Website Organic,Completed,233626.0
ORD100419,2026-02-19,Feb-2026,Q1,FY2025-Q4,East,Priya Sen,Enterprise,Returning,Electronics,Bluetooth Speaker,13,2401.62,9.8,31221.06,3059.66,28161.4,1450.69,18858.97,9302.43,33.03,Partner,Referral,Returned,191752.0
ORD100420,2026-02-19,Feb-2026,Q1,FY2025-Q4,West,Neha Shah,Mid-Market,Returning,Software,Cloud Storage Plan,5,6192.3,4.4,30961.5,1362.31,29599.19,1799.21,8996.05,20603.14,69.61,Direct,Cold Outreach,Completed,182790.0
ORD100421,2026-02-19,Feb-2026,Q1,FY2025-Q4,South,Rahul Nair,Enterprise,Returning,Electronics,Bluetooth Speaker,6,2482.91,15.7,14897.46,2338.9,12558.56,1467.52,8805.12,3753.44,29.89,Online,Referral,Completed,183049.0
ORD100422,2026-02-19,Feb-2026,Q1,FY2025-Q4,South,Divya Menon,Enterprise,New,Accessories,Laptop Sleeve,9,687.92,16.0,6191.28,990.6,5200.68,388.81,3499.29,1701.39,32.71,Partner,Paid Ads,Completed,204385.0
ORD100423,2026-02-19,Feb-2026,Q1,FY2025-Q4,North,Aditi Rao,Enterprise,Returning,Software,CRM License,18,14419.66,14.4,259553.88,37375.76,222178.12,4308.76,77557.68,144620.44,65.09,Retail,Paid Ads,Completed,234281.0
ORD100424,2026-02-20,Feb-2026,Q1,FY2025-Q4,North,Sneha Iyer,Enterprise,Returning,Software,Analytics Suite,12,22164.71,16.9,265976.52,44950.03,221026.49,6325.0,75900.0,145126.49,65.66,Online,Website Organic,Returned,184002.0
ORD100425,2026-02-20,Feb-2026,Q1,FY2025-Q4,North,Sneha Iyer,SMB,Returning,Accessories,Webcam Cover,6,157.45,8.1,944.7,76.52,868.18,89.53,537.18,331.0,38.13,Partner,Website Organic,Completed,192359.0
ORD100426,2026-02-20,Feb-2026,Q1,FY2025-Q4,South,Rahul Nair,Mid-Market,New,Electronics,Noise Cancelling Headphones,5,6810.91,7.6,34054.55,2588.15,31466.4,4098.31,20491.55,10974.85,34.88,Direct,Cold Outreach,Completed,219704.0
ORD100427,2026-02-20,Feb-2026,Q1,FY2025-Q4,South,Vikram Reddy,Mid-Market,Returning,Furniture,Standing Desk,7,17861.18,10.1,125028.26,12627.85,112400.41,9928.81,69501.67,42898.74,38.17,Direct,Website Organic,Completed,237421.0
ORD100428,2026-02-20,Feb-2026,Q1,FY2025-Q4,East,Priya Sen,SMB,New,Accessories,Laptop Sleeve,3,691.11,0.0,2073.33,0.0,2073.33,393.22,1179.66,893.67,43.1,Online,Referral,Completed,252655.0
ORD100429,2026-02-21,Feb-2026,Q1,FY2025-Q4,North,Sneha Iyer,Mid-Market,Returning,Furniture,Standing Desk,5,17575.13,13.7,87875.65,12038.96,75836.69,9922.74,49613.7,26222.99,34.58,Direct,Website Organic,Completed,204907.0
ORD100430,2026-02-21,Feb-2026,Q1,FY2025-Q4,East,Ritu Ghosh,SMB,New,Software,Security Suite,2,9313.33,4.1,18626.66,763.69,17862.97,2898.64,5797.28,12065.69,67.55,Direct,Event/Trade Show,Completed,232907.0
ORD100431,2026-02-21,Feb-2026,Q1,FY2025-Q4,South,Vikram Reddy,SMB,Returning,Accessories,Desk Organizer,4,468.62,2.2,1874.48,41.24,1833.24,253.06,1012.24,821.0,44.78,Direct,Website Organic,Cancelled,242933.0
ORD100432,2026-02-22,Feb-2026,Q1,FY2025-Q4,East,Arjun Das,Mid-Market,Returning,Furniture,Office Cabinet,4,9058.91,11.2,36235.64,4058.39,32177.25,5504.31,22017.24,10160.01,31.58,Partner,Referral,Completed,218828.0
ORD100433,2026-02-22,Feb-2026,Q1,FY2025-Q4,West,Simran Kaur,Mid-Market,New,Software,Security Suite,8,9575.52,8.8,76604.16,6741.17,69862.99,2868.37,22946.96,46916.03,67.15,Partner,Website Organic,Completed,214837.0
ORD100434,2026-02-23,Feb-2026,Q1,FY2025-Q4,North,Sneha Iyer,SMB,Returning,Accessories,Desk Organizer,3,435.43,3.3,1306.29,43.11,1263.18,242.93,728.79,534.39,42.31,Direct,Website Organic,Completed,254225.0
ORD100435,2026-02-23,Feb-2026,Q1,FY2025-Q4,South,Vikram Reddy,Mid-Market,Returning,Accessories,Desk Organizer,6,452.71,8.8,2716.26,239.03,2477.23,241.58,1449.48,1027.75,41.49,Online,Cold Outreach,Completed,254892.0
ORD100436,2026-02-23,Feb-2026,Q1,FY2025-Q4,West,Simran Kaur,Enterprise,New,Electronics,Noise Cancelling Headphones,9,6540.76,7.1,58866.84,4179.55,54687.29,4078.85,36709.65,17977.64,32.87,Direct,Cold Outreach,Completed,240572.0
ORD100437,2026-02-23,Feb-2026,Q1,FY2025-Q4,West,Neha Shah,Mid-Market,Returning,Electronics,Smartwatch,7,8510.23,11.7,59571.61,6969.88,52601.73,5251.42,36759.94,15841.79,30.12,Online,Website Organic,Completed,245472.0
ORD100438,2026-02-24,Feb-2026,Q1,FY2025-Q4,West,Rohan Patil,Mid-Market,New,Furniture,Office Cabinet,5,9434.65,9.5,47173.25,4481.46,42691.79,5503.26,27516.3,15175.49,35.55,Direct,Cold Outreach,Completed,237294.0
ORD100439,2026-02-24,Feb-2026,Q1,FY2025-Q4,South,Vikram Reddy,SMB,Returning,Accessories,Webcam Cover,5,147.19,0.0,735.95,0.0,735.95,81.22,406.1,329.85,44.82,Direct,Cold Outreach,Completed,218600.0
ORD100440,2026-02-25,Feb-2026,Q1,FY2025-Q4,South,Vikram Reddy,Mid-Market,New,Software,Analytics Suite,4,21268.77,4.3,85075.08,3658.23,81416.85,6171.15,24684.6,56732.25,69.68,Online,Cold Outreach,Completed,181641.0
ORD100441,2026-02-25,Feb-2026,Q1,FY2025-Q4,North,Sneha Iyer,Mid-Market,Returning,Software,Cloud Storage Plan,3,6216.74,2.9,18650.22,540.86,18109.36,1791.83,5375.49,12733.87,70.32,Retail,Referral,Completed,246191.0
ORD100442,2026-02-25,Feb-2026,Q1,FY2025-Q4,East,Ritu Ghosh,Mid-Market,New,Furniture,Ergonomic Chair,11,11963.16,6.1,131594.76,8027.28,123567.48,7143.73,78581.03,44986.45,36.41,Retail,Paid Ads,Returned,246713.0
ORD100443,2026-02-27,Feb-2026,Q1,FY2025-Q4,East,Ritu Ghosh,Enterprise,Returning,Software,Security Suite,12,9517.87,11.7,114214.44,13363.09,100851.35,2718.64,32623.68,68227.67,67.65,Online,Cold Outreach,Completed,223371.0
ORD100444,2026-02-27,Feb-2026,Q1,FY2025-Q4,East,Ritu Ghosh,Mid-Market,Returning,Accessories,Desk Organizer,8,458.07,10.2,3664.56,373.79,3290.77,255.22,2041.76,1249.01,37.95,Online,Referral,Completed,254342.0
ORD100445,2026-02-27,Feb-2026,Q1,FY2025-Q4,East,Priya Sen,Mid-Market,New,Software,Cloud Storage Plan,15,6129.93,3.2,91948.95,2942.37,89006.58,1876.75,28151.25,60855.33,68.37,Online,Paid Ads,Completed,249437.0
ORD100446,2026-02-27,Feb-2026,Q1,FY2025-Q4,East,Arjun Das,Mid-Market,New,Software,Analytics Suite,10,21326.23,7.0,213262.3,14928.36,198333.94,6427.36,64273.6,134060.34,67.59,Online,Cold Outreach,Completed,257359.0
ORD100447,2026-02-27,Feb-2026,Q1,FY2025-Q4,North,Aditi Rao,SMB,Returning,Electronics,Bluetooth Speaker,1,2549.76,5.0,2549.76,127.49,2422.27,1503.67,1503.67,918.6,37.92,Direct,Cold Outreach,Completed,234522.0
ORD100448,2026-02-27,Feb-2026,Q1,FY2025-Q4,East,Priya Sen,Mid-Market,Returning,Software,Analytics Suite,9,21094.56,6.6,189851.04,12530.17,177320.87,6381.7,57435.3,119885.57,67.61,Online,Cold Outreach,Completed,259762.0
ORD100449,2026-02-28,Feb-2026,Q1,FY2025-Q4,South,Divya Menon,Enterprise,Returning,Electronics,Wireless Mouse,13,864.73,9.0,11241.49,1011.73,10229.76,537.33,6985.29,3244.47,31.72,Online,Paid Ads,Completed,258262.0
ORD100450,2026-02-28,Feb-2026,Q1,FY2025-Q4,West,Rohan Patil,SMB,New,Software,Security Suite,2,9790.78,4.0,19581.56,783.26,18798.3,2999.93,5999.86,12798.44,68.08,Online,Referral,Completed,213391.0
ORD100451,2026-03-01,Mar-2026,Q1,FY2025-Q4,South,Rahul Nair,Enterprise,Returning,Electronics,Smartwatch,17,8677.88,14.2,147523.96,20948.4,126575.56,5213.93,88636.81,37938.75,29.97,Direct,Paid Ads,Completed,195978.0
ORD100452,2026-03-01,Mar-2026,Q1,FY2025-Q4,North,Karan Mehta,Enterprise,Returning,Electronics,Noise Cancelling Headphones,20,6742.1,9.1,134842.0,12270.62,122571.38,4008.3,80166.0,42405.38,34.6,Direct,Referral,Completed,213364.0
ORD100453,2026-03-01,Mar-2026,Q1,FY2025-Q4,South,Divya Menon,SMB,Returning,Furniture,Standing Desk,6,18843.32,12.6,113059.92,14245.55,98814.37,10602.62,63615.72,35198.65,35.62,Online,Website Organic,Completed,229810.0
ORD100454,2026-03-01,Mar-2026,Q1,FY2025-Q4,East,Arjun Das,SMB,New,Software,Analytics Suite,1,22218.74,0.6,22218.74,133.31,22085.43,6587.69,6587.69,15497.74,70.17,Online,Paid Ads,Completed,244646.0
ORD100455,2026-03-02,Mar-2026,Q1,FY2025-Q4,North,Sneha Iyer,Enterprise,New,Electronics,Noise Cancelling Headphones,16,6823.38,16.1,109174.08,17577.03,91597.05,4347.62,69561.92,22035.13,24.06,Direct,Website Organic,Completed,251475.0
ORD100456,2026-03-02,Mar-2026,Q1,FY2025-Q4,North,Karan Mehta,SMB,New,Electronics,Noise Cancelling Headphones,3,6544.92,3.2,19634.76,628.31,19006.45,4240.04,12720.12,6286.33,33.07,Direct,Paid Ads,Completed,230094.0
ORD100457,2026-03-02,Mar-2026,Q1,FY2025-Q4,South,Divya Menon,SMB,New,Accessories,Cable Management Kit,2,339.35,8.2,678.7,55.65,623.05,180.18,360.36,262.69,42.16,Direct,Website Organic,Completed,255039.0
ORD100458,2026-03-02,Mar-2026,Q1,FY2025-Q4,West,Rohan Patil,SMB,Returning,Software,Cloud Storage Plan,5,6085.65,7.3,30428.25,2221.26,28206.99,1787.89,8939.45,19267.54,68.31,Online,Website Organic,Completed,203730.0
ORD100459,2026-03-03,Mar-2026,Q1,FY2025-Q4,West,Neha Shah,Mid-Market,New,Electronics,Bluetooth Speaker,10,2539.99,4.3,25399.9,1092.2,24307.7,1592.67,15926.7,8381.0,34.48,Partner,Referral,Completed,202725.0
ORD100460,2026-03-03,Mar-2026,Q1,FY2025-Q4,West,Rohan Patil,Enterprise,Returning,Furniture,Standing Desk,15,17553.22,9.4,263298.3,24750.04,238548.26,10205.29,153079.35,85468.91,35.83,Retail,Cold Outreach,Returned,192937.0
ORD100461,2026-03-04,Mar-2026,Q1,FY2025-Q4,South,Vikram Reddy,SMB,Returning,Accessories,Cable Management Kit,5,334.32,5.6,1671.6,93.61,1577.99,180.69,903.45,674.54,42.75,Retail,Event/Trade Show,Completed,200187.0
ORD100462,2026-03-04,Mar-2026,Q1,FY2025-Q4,South,Rahul Nair,SMB,Returning,Software,Security Suite,3,9034.46,2.8,27103.38,758.89,26344.49,2577.26,7731.78,18612.71,70.65,Online,Referral,Completed,222290.0
ORD100463,2026-03-04,Mar-2026,Q1,FY2025-Q4,East,Ritu Ghosh,SMB,New,Electronics,Noise Cancelling Headphones,5,6192.13,8.5,30960.65,2631.66,28328.99,3752.17,18760.85,9568.14,33.78,Online,Cold Outreach,Completed,231756.0
ORD100464,2026-03-05,Mar-2026,Q1,FY2025-Q4,South,Rahul Nair,Mid-Market,New,Accessories,Laptop Sleeve,11,714.42,7.3,7858.62,573.68,7284.94,402.69,4429.59,2855.35,39.2,Direct,Event/Trade Show,Completed,214227.0
ORD100465,2026-03-05,Mar-2026,Q1,FY2025-Q4,South,Vikram Reddy,Enterprise,Returning,Software,CRM License,21,15479.28,10.4,325064.88,33806.75,291258.13,4560.52,95770.92,195487.21,67.12,Direct,Website Organic,Completed,210559.0
ORD100466,2026-03-06,Mar-2026,Q1,FY2025-Q4,East,Ritu Ghosh,Mid-Market,Returning,Software,Cloud Storage Plan,8,6149.99,4.3,49199.92,2115.6,47084.32,1795.37,14362.96,32721.36,69.5,Online,Website Organic,Completed,254282.0
ORD100467,2026-03-06,Mar-2026,Q1,FY2025-Q4,East,Arjun Das,SMB,Returning,Software,Analytics Suite,2,21322.38,5.8,42644.76,2473.4,40171.36,6260.55,12521.1,27650.26,68.83,Online,Paid Ads,Completed,234229.0
ORD100468,2026-03-06,Mar-2026,Q1,FY2025-Q4,South,Rahul Nair,SMB,New,Software,Security Suite,6,9858.94,4.2,59153.64,2484.45,56669.19,2908.8,17452.8,39216.39,69.2,Online,Website Organic,Completed,196851.0
ORD100469,2026-03-06,Mar-2026,Q1,FY2025-Q4,West,Neha Shah,Enterprise,Returning,Software,Security Suite,17,9222.36,10.8,156780.12,16932.25,139847.87,2736.15,46514.55,93333.32,66.74,Retail,Event/Trade Show,Completed,193823.0
ORD100470,2026-03-07,Mar-2026,Q1,FY2025-Q4,South,Vikram Reddy,SMB,Returning,Accessories,Webcam Cover,3,142.86,0.3,428.58,1.29,427.29,78.48,235.44,191.85,44.9,Direct,Cold Outreach,Completed,234599.0
ORD100471,2026-03-07,Mar-2026,Q1,FY2025-Q4,West,Neha Shah,SMB,New,Software,Cloud Storage Plan,6,6150.49,4.3,36902.94,1586.83,35316.11,1905.47,11432.82,23883.29,67.63,Direct,Cold Outreach,Returned,214569.0
ORD100472,2026-03-07,Mar-2026,Q1,FY2025-Q4,East,Arjun Das,Mid-Market,Returning,Furniture,Standing Desk,7,18386.66,7.5,128706.62,9653.0,119053.62,10571.99,74003.93,45049.69,37.84,Retail,Paid Ads,Completed,197820.0
ORD100473,2026-03-07,Mar-2026,Q1,FY2025-Q4,East,Ritu Ghosh,Mid-Market,New,Accessories,Cable Management Kit,3,365.77,3.0,1097.31,32.92,1064.39,208.15,624.45,439.94,41.33,Online,Event/Trade Show,Completed,197971.0
ORD100474,2026-03-08,Mar-2026,Q1,FY2025-Q4,West,Neha Shah,Enterprise,Returning,Accessories,Webcam Cover,20,149.67,10.4,2993.4,311.31,2682.09,79.72,1594.4,1087.69,40.55,Retail,Referral,Completed,227137.0
ORD100475,2026-03-09,Mar-2026,Q1,FY2025-Q4,East,Arjun Das,Mid-Market,Returning,Accessories,Webcam Cover,10,152.39,6.6,1523.9,100.58,1423.32,80.42,804.2,619.12,43.5,Partner,Paid Ads,Completed,238508.0
ORD100476,2026-03-10,Mar-2026,Q1,FY2025-Q4,East,Priya Sen,Mid-Market,New,Electronics,Smartwatch,8,8588.3,8.1,68706.4,5565.22,63141.18,5384.02,43072.16,20069.02,31.78,Online,Website Organic,Completed,181477.0
ORD100477,2026-03-10,Mar-2026,Q1,FY2025-Q4,West,Neha Shah,Mid-Market,Returning,Accessories,Desk Organizer,6,460.02,5.2,2760.12,143.53,2616.59,245.07,1470.42,1146.17,43.8,Partner,Event/Trade Show,Completed,200841.0
ORD100478,2026-03-10,Mar-2026,Q1,FY2025-Q4,East,Priya Sen,SMB,Returning,Furniture,Standing Desk,3,18175.23,3.0,54525.69,1635.77,52889.92,10240.07,30720.21,22169.71,41.92,Online,Paid Ads,Completed,196197.0
ORD100479,2026-03-10,Mar-2026,Q1,FY2025-Q4,West,Neha Shah,Enterprise,New,Software,Cloud Storage Plan,8,6133.46,15.4,49067.68,7556.42,41511.26,1810.4,14483.2,27028.06,65.11,Direct,Referral,Completed,212679.0
ORD100480,2026-03-11,Mar-2026,Q1,FY2025-Q4,South,Divya Menon,Mid-Market,New,Furniture,Standing Desk,7,17839.46,5.1,124876.22,6368.69,118507.53,10387.63,72713.41,45794.12,38.64,Direct,Paid Ads,Completed,200369.0
ORD100481,2026-03-11,Mar-2026,Q1,FY2025-Q4,West,Simran Kaur,SMB,New,Electronics,Noise Cancelling Headphones,2,6608.21,4.6,13216.42,607.96,12608.46,4100.04,8200.08,4408.38,34.96,Online,Referral,Cancelled,195972.0
ORD100482,2026-03-11,Mar-2026,Q1,FY2025-Q4,North,Aditi Rao,SMB,Returning,Furniture,Office Cabinet,8,9419.77,6.2,75358.16,4672.21,70685.95,5260.67,42085.36,28600.59,40.46,Partner,Cold Outreach,Returned,184290.0
ORD100483,2026-03-11,Mar-2026,Q1,FY2025-Q4,East,Priya Sen,Enterprise,New,Software,Security Suite,13,9451.83,12.2,122873.79,14990.6,107883.19,2851.65,37071.45,70811.74,65.64,Retail,Paid Ads,Completed,214596.0
ORD100484,2026-03-11,Mar-2026,Q1,FY2025-Q4,West,Rohan Patil,SMB,Returning,Electronics,Bluetooth Speaker,5,2391.46,7.8,11957.3,932.67,11024.63,1475.25,7376.25,3648.38,33.09,Retail,Referral,Completed,186462.0
ORD100485,2026-03-12,Mar-2026,Q1,FY2025-Q4,South,Vikram Reddy,Mid-Market,Returning,Software,Security Suite,7,9295.31,5.8,65067.17,3773.9,61293.27,2736.28,19153.96,42139.31,68.75,Retail,Cold Outreach,Completed,228701.0
ORD100486,2026-03-12,Mar-2026,Q1,FY2025-Q4,South,Vikram Reddy,SMB,Returning,Electronics,Smartwatch,1,8270.5,2.1,8270.5,173.68,8096.82,5205.3,5205.3,2891.52,35.71,Online,Website Organic,Completed,188511.0
ORD100487,2026-03-12,Mar-2026,Q1,FY2025-Q4,South,Divya Menon,Mid-Market,Returning,Software,Security Suite,5,9947.43,4.7,49737.15,2337.65,47399.5,2844.57,14222.85,33176.65,69.99,Online,Cold Outreach,Cancelled,184486.0
ORD100488,2026-03-13,Mar-2026,Q1,FY2025-Q4,East,Arjun Das,Mid-Market,New,Electronics,Bluetooth Speaker,13,2435.7,4.5,31664.1,1424.88,30239.22,1439.55,18714.15,11525.07,38.11,Partner,Event/Trade Show,Completed,246483.0
ORD100489,2026-03-13,Mar-2026,Q1,FY2025-Q4,East,Priya Sen,Mid-Market,Returning,Accessories,Desk Organizer,7,443.43,10.6,3104.01,329.03,2774.98,242.62,1698.34,1076.64,38.8,Partner,Website Organic,Completed,235409.0
ORD100490,2026-03-13,Mar-2026,Q1,FY2025-Q4,East,Priya Sen,SMB,New,Software,Security Suite,2,9885.79,5.5,19771.58,1087.44,18684.14,3055.12,6110.24,12573.9,67.3,Online,Website Organic,Completed,246855.0
ORD100491,2026-03-14,Mar-2026,Q1,FY2025-Q4,East,Ritu Ghosh,Mid-Market,Returning,Software,Cloud Storage Plan,5,6038.45,7.4,30192.25,2234.23,27958.02,1879.82,9399.1,18558.92,66.38,Direct,Paid Ads,Completed,256820.0
ORD100492,2026-03-14,Mar-2026,Q1,FY2025-Q4,North,Karan Mehta,Enterprise,New,Furniture,Office Cabinet,23,8724.13,13.4,200654.99,26887.77,173767.22,5260.07,120981.61,52785.61,30.38,Online,Website Organic,Completed,182718.0
ORD100493,2026-03-14,Mar-2026,Q1,FY2025-Q4,West,Simran Kaur,Mid-Market,New,Furniture,Bookshelf,1,5233.52,11.8,5233.52,617.56,4615.96,3126.13,3126.13,1489.83,32.28,Partner,Cold Outreach,Returned,242025.0
ORD100494,2026-03-16,Mar-2026,Q1,FY2025-Q4,East,Ritu Ghosh,SMB,Returning,Electronics,Bluetooth Speaker,3,2490.29,1.2,7470.87,89.65,7381.22,1585.28,4755.84,2625.38,35.57,Direct,Cold Outreach,Completed,227638.0
ORD100495,2026-03-16,Mar-2026,Q1,FY2025-Q4,South,Rahul Nair,Enterprise,New,Electronics,Bluetooth Speaker,20,2554.41,12.8,51088.2,6539.29,44548.91,1509.84,30196.8,14352.11,32.22,Online,Referral,Completed,222588.0
ORD100496,2026-03-17,Mar-2026,Q1,FY2025-Q4,North,Sneha Iyer,Enterprise,Returning,Furniture,Standing Desk,20,18531.16,13.0,370623.2,48181.02,322442.18,10276.42,205528.4,116913.78,36.26,Online,Paid Ads,Completed,215198.0
ORD100497,2026-03-19,Mar-2026,Q1,FY2025-Q4,South,Vikram Reddy,Mid-Market,Returning,Accessories,Cable Management Kit,7,355.13,8.6,2485.91,213.79,2272.12,204.88,1434.16,837.96,36.88,Online,Website Organic,Completed,238730.0
ORD100498,2026-03-19,Mar-2026,Q1,FY2025-Q4,North,Sneha Iyer,Mid-Market,New,Accessories,Desk Organizer,12,467.9,9.3,5614.8,522.18,5092.62,269.09,3229.08,1863.54,36.59,Retail,Website Organic,Completed,231328.0
ORD100499,2026-03-20,Mar-2026,Q1,FY2025-Q4,East,Arjun Das,Mid-Market,New,Electronics,Bluetooth Speaker,12,2447.04,5.9,29364.48,1732.5,27631.98,1493.92,17927.04,9704.94,35.12,Partner,Website Organic,Completed,209427.0
ORD100500,2026-03-21,Mar-2026,Q1,FY2025-Q4,South,Vikram Reddy,SMB,New,Software,CRM License,2,14321.42,9.1,28642.84,2606.5,26036.34,4469.23,8938.46,17097.88,65.67,Online,Cold Outreach,Completed,198037.0
ORD100501,2026-03-22,Mar-2026,Q1,FY2025-Q4,North,Sneha Iyer,SMB,Returning,Software,CRM License,8,15327.01,4.5,122616.08,5517.72,117098.36,4734.01,37872.08,79226.28,67.66,Direct,Website Organic,Completed,233380.0
ORD100502,2026-03-22,Mar-2026,Q1,FY2025-Q4,South,Rahul Nair,Mid-Market,Returning,Furniture,Office Cabinet,7,8866.47,7.8,62065.29,4841.09,57224.2,5148.95,36042.65,21181.55,37.02,Direct,Website Organic,Cancelled,180647.0
ORD100503,2026-03-23,Mar-2026,Q1,FY2025-Q4,South,Rahul Nair,SMB,Returning,Accessories,Webcam Cover,1,157.47,5.3,157.47,8.35,149.12,84.82,84.82,64.3,43.12,Online,Referral,Returned,202874.0
ORD100504,2026-03-23,Mar-2026,Q1,FY2025-Q4,South,Divya Menon,Mid-Market,Returning,Furniture,Office Cabinet,10,8922.15,5.4,89221.5,4817.96,84403.54,5012.74,50127.4,34276.14,40.61,Retail,Cold Outreach,Completed,202355.0
ORD100505,2026-03-23,Mar-2026,Q1,FY2025-Q4,North,Aditi Rao,Mid-Market,New,Accessories,Cable Management Kit,11,355.89,7.5,3914.79,293.61,3621.18,193.12,2124.32,1496.86,41.34,Direct,Paid Ads,Completed,223669.0
ORD100506,2026-03-24,Mar-2026,Q1,FY2025-Q4,South,Divya Menon,Mid-Market,New,Software,Security Suite,5,9665.49,9.7,48327.45,4687.76,43639.69,2918.03,14590.15,29049.54,66.57,Online,Referral,Completed,228339.0
ORD100507,2026-03-24,Mar-2026,Q1,FY2025-Q4,West,Rohan Patil,SMB,Returning,Furniture,Bookshelf,3,5606.82,1.5,16820.46,252.31,16568.15,3288.61,9865.83,6702.32,40.45,Online,Event/Trade Show,Completed,248252.0
ORD100508,2026-03-25,Mar-2026,Q1,FY2025-Q4,North,Sneha Iyer,Mid-Market,Returning,Electronics,Wireless Mouse,3,891.91,7.4,2675.73,198.0,2477.73,561.01,1683.03,794.7,32.07,Online,Paid Ads,Cancelled,217875.0
ORD100509,2026-03-25,Mar-2026,Q1,FY2025-Q4,West,Simran Kaur,SMB,Returning,Accessories,Desk Organizer,5,433.92,4.5,2169.6,97.63,2071.97,227.04,1135.2,936.77,45.21,Direct,Referral,Completed,191868.0
ORD100510,2026-03-26,Mar-2026,Q1,FY2025-Q4,East,Arjun Das,SMB,New,Software,CRM License,5,14460.43,4.2,72302.15,3036.69,69265.46,4198.54,20992.7,48272.76,69.69,Partner,Paid Ads,Completed,210645.0
ORD100511,2026-03-27,Mar-2026,Q1,FY2025-Q4,West,Simran Kaur,Enterprise,Returning,Software,Security Suite,15,9162.65,14.0,137439.75,19241.56,118198.19,2831.06,42465.9,75732.29,64.07,Online,Referral,Completed,227182.0
ORD100512,2026-03-29,Mar-2026,Q1,FY2025-Q4,East,Arjun Das,SMB,Returning,Software,Analytics Suite,2,22555.44,0.0,45110.88,0.0,45110.88,6600.09,13200.18,31910.7,70.74,Online,Referral,Completed,214737.0
ORD100513,2026-03-29,Mar-2026,Q1,FY2025-Q4,North,Aditi Rao,SMB,New,Software,CRM License,3,15312.02,0.0,45936.06,0.0,45936.06,4638.69,13916.07,32019.99,69.71,Retail,Event/Trade Show,Completed,204932.0
ORD100514,2026-03-29,Mar-2026,Q1,FY2025-Q4,West,Rohan Patil,Mid-Market,New,Accessories,Cable Management Kit,11,359.23,3.8,3951.53,150.16,3801.37,199.18,2190.98,1610.39,42.36,Retail,Paid Ads,Completed,185821.0
ORD100515,2026-03-29,Mar-2026,Q1,FY2025-Q4,North,Aditi Rao,SMB,Returning,Software,Cloud Storage Plan,2,6048.31,0.6,12096.62,72.58,12024.04,1804.74,3609.48,8414.56,69.98,Direct,Referral,Completed,234738.0
ORD100516,2026-03-30,Mar-2026,Q1,FY2025-Q4,South,Divya Menon,SMB,Returning,Accessories,Laptop Sleeve,8,733.56,5.5,5868.48,322.77,5545.71,405.27,3242.16,2303.55,41.54,Online,Paid Ads,Completed,251682.0
ORD100517,2026-03-30,Mar-2026,Q1,FY2025-Q4,South,Vikram Reddy,SMB,Returning,Furniture,Ergonomic Chair,3,11720.75,0.0,35162.25,0.0,35162.25,6777.51,20332.53,14829.72,42.18,Direct,Referral,Completed,211396.0
ORD100518,2026-03-30,Mar-2026,Q1,FY2025-Q4,North,Sneha Iyer,SMB,Returning,Software,CRM License,2,15279.56,1.1,30559.12,336.15,30222.97,4453.45,8906.9,21316.07,70.53,Partner,Paid Ads,Completed,228789.0
ORD100519,2026-03-31,Mar-2026,Q1,FY2025-Q4,East,Arjun Das,Mid-Market,Returning,Electronics,Noise Cancelling Headphones,8,6427.93,6.6,51423.44,3393.95,48029.49,3951.72,31613.76,16415.73,34.18,Direct,Cold Outreach,Completed,211888.0
ORD100520,2026-04-02,Apr-2026,Q2,FY2026-Q1,North,Aditi Rao,SMB,Returning,Software,Security Suite,4,9667.42,3.9,38669.68,1508.12,37161.56,2853.7,11414.8,25746.76,69.28,Online,Referral,Completed,210526.0
ORD100521,2026-04-02,Apr-2026,Q2,FY2026-Q1,East,Ritu Ghosh,SMB,Returning,Accessories,Laptop Sleeve,2,714.65,7.6,1429.3,108.63,1320.67,377.75,755.5,565.17,42.79,Direct,Cold Outreach,Cancelled,186694.0
ORD100522,2026-04-02,Apr-2026,Q2,FY2026-Q1,West,Rohan Patil,SMB,New,Software,Analytics Suite,4,21676.26,4.3,86705.04,3728.32,82976.72,6244.04,24976.16,58000.56,69.9,Online,Paid Ads,Completed,183440.0
ORD100523,2026-04-03,Apr-2026,Q2,FY2026-Q1,North,Karan Mehta,Enterprise,Returning,Accessories,Cable Management Kit,17,357.84,15.7,6083.28,955.07,5128.21,203.92,3466.64,1661.57,32.4,Direct,Referral,Completed,200296.0
ORD100524,2026-04-05,Apr-2026,Q2,FY2026-Q1,West,Rohan Patil,SMB,Returning,Software,CRM License,4,14765.56,9.0,59062.24,5315.6,53746.64,4528.99,18115.96,35630.68,66.29,Retail,Referral,Completed,255835.0
ORD100525,2026-04-05,Apr-2026,Q2,FY2026-Q1,East,Arjun Das,Enterprise,Returning,Accessories,Desk Organizer,19,438.78,16.2,8336.82,1350.56,6986.26,239.26,4545.94,2440.32,34.93,Online,Website Organic,Completed,251981.0
ORD100526,2026-04-05,Apr-2026,Q2,FY2026-Q1,South,Rahul Nair,Enterprise,New,Accessories,Webcam Cover,9,146.49,15.6,1318.41,205.67,1112.74,78.62,707.58,405.16,36.41,Partner,Referral,Completed,236264.0
ORD100527,2026-04-05,Apr-2026,Q2,FY2026-Q1,West,Neha Shah,SMB,Returning,Furniture,Bookshelf,3,5243.37,1.0,15730.11,157.3,15572.81,2900.5,8701.5,6871.31,44.12,Partner,Referral,Completed,185215.0
ORD100528,2026-04-05,Apr-2026,Q2,FY2026-Q1,North,Sneha Iyer,Mid-Market,Returning,Furniture,Bookshelf,5,5377.38,10.2,26886.9,2742.46,24144.44,3181.0,15905.0,8239.44,34.13,Online,Website Organic,Completed,246879.0
ORD100529,2026-04-05,Apr-2026,Q2,FY2026-Q1,North,Karan Mehta,Mid-Market,Returning,Software,Cloud Storage Plan,4,6231.95,5.0,24927.8,1246.39,23681.41,1869.76,7479.04,16202.37,68.42,Partner,Website Organic,Completed,193482.0
ORD100530,2026-04-06,Apr-2026,Q2,FY2026-Q1,South,Rahul Nair,SMB,New,Accessories,Cable Management Kit,6,367.45,0.0,2204.7,0.0,2204.7,192.42,1154.52,1050.18,47.63,Online,Referral,Returned,182951.0
ORD100531,2026-04-09,Apr-2026,Q2,FY2026-Q1,North,Sneha Iyer,SMB,New,Software,Analytics Suite,2,21701.43,0.5,43402.86,217.01,43185.85,6714.14,13428.28,29757.57,68.91,Online,Website Organic,Completed,238720.0
ORD100532,2026-04-09,Apr-2026,Q2,FY2026-Q1,North,Aditi Rao,Mid-Market,Returning,Furniture,Office Cabinet,6,8785.01,9.9,52710.06,5218.3,47491.76,4894.87,29369.22,18122.54,38.16,Online,Referral,Returned,259739.0
ORD100533,2026-04-10,Apr-2026,Q2,FY2026-Q1,South,Divya Menon,SMB,Returning,Software,CRM License,3,15055.35,3.2,45166.05,1445.31,43720.74,4637.68,13913.04,29807.7,68.18,Online,Website Organic,Completed,181503.0
ORD100534,2026-04-10,Apr-2026,Q2,FY2026-Q1,West,Neha Shah,SMB,Returning,Software,Cloud Storage Plan,2,5776.23,0.0,11552.46,0.0,11552.46,1699.39,3398.78,8153.68,70.58,Retail,Paid Ads,Completed,231552.0
ORD100535,2026-04-10,Apr-2026,Q2,FY2026-Q1,East,Arjun Das,Mid-Market,Returning,Accessories,Cable Management Kit,5,353.21,8.0,1766.05,141.28,1624.77,185.26,926.3,698.47,42.99,Retail,Website Organic,Returned,249412.0
ORD100536,2026-04-11,Apr-2026,Q2,FY2026-Q1,South,Vikram Reddy,Enterprise,New,Electronics,Noise Cancelling Headphones,8,6626.28,13.8,53010.24,7315.41,45694.83,4005.05,32040.4,13654.43,29.88,Retail,Website Organic,Completed,180819.0
ORD100537,2026-04-13,Apr-2026,Q2,FY2026-Q1,North,Aditi Rao,Mid-Market,Returning,Furniture,Standing Desk,3,17372.24,5.9,52116.72,3074.89,49041.83,9793.03,29379.09,19662.74,40.09,Online,Event/Trade Show,Completed,187575.0
ORD100538,2026-04-14,Apr-2026,Q2,FY2026-Q1,East,Arjun Das,Mid-Market,New,Electronics,Wireless Mouse,6,855.51,3.7,5133.06,189.92,4943.14,524.85,3149.1,1794.04,36.29,Online,Paid Ads,Cancelled,259585.0
ORD100539,2026-04-14,Apr-2026,Q2,FY2026-Q1,North,Sneha Iyer,SMB,Returning,Accessories,Webcam Cover,5,153.03,1.0,765.15,7.65,757.5,86.47,432.35,325.15,42.92,Direct,Referral,Completed,252761.0
ORD100540,2026-04-15,Apr-2026,Q2,FY2026-Q1,North,Aditi Rao,SMB,Returning,Furniture,Office Cabinet,1,9392.36,0.0,9392.36,0.0,9392.36,5422.54,5422.54,3969.82,42.27,Direct,Website Organic,Completed,188005.0
ORD100541,2026-04-15,Apr-2026,Q2,FY2026-Q1,East,Priya Sen,Enterprise,Returning,Electronics,Wireless Mouse,15,863.79,14.8,12956.85,1917.61,11039.24,528.13,7921.95,3117.29,28.24,Direct,Referral,Returned,254822.0
ORD100542,2026-04-16,Apr-2026,Q2,FY2026-Q1,South,Vikram Reddy,Enterprise,Returning,Furniture,Office Cabinet,8,9057.12,4.3,72456.96,3115.65,69341.31,5177.9,41423.2,27918.11,40.26,Direct,Website Organic,Completed,244728.0
ORD100543,2026-04-16,Apr-2026,Q2,FY2026-Q1,West,Simran Kaur,SMB,New,Software,CRM License,5,15193.12,8.7,75965.6,6609.01,69356.59,4720.33,23601.65,45754.94,65.97,Retail,Referral,Completed,237459.0
ORD100544,2026-04-16,Apr-2026,Q2,FY2026-Q1,North,Aditi Rao,Enterprise,New,Electronics,Bluetooth Speaker,15,2474.49,8.9,37117.35,3303.44,33813.91,1476.49,22147.35,11666.56,34.5,Retail,Paid Ads,Completed,251658.0
ORD100545,2026-04-16,Apr-2026,Q2,FY2026-Q1,East,Arjun Das,Mid-Market,New,Software,Analytics Suite,6,22058.84,10.3,132353.04,13632.36,118720.68,6764.47,40586.82,78133.86,65.81,Partner,Cold Outreach,Completed,183840.0
ORD100546,2026-04-17,Apr-2026,Q2,FY2026-Q1,East,Ritu Ghosh,Enterprise,Returning,Electronics,Smartwatch,18,8158.67,11.2,146856.06,16447.88,130408.18,4816.09,86689.62,43718.56,33.52,Retail,Paid Ads,Completed,186199.0
ORD100547,2026-04-19,Apr-2026,Q2,FY2026-Q1,North,Karan Mehta,SMB,New,Electronics,Noise Cancelling Headphones,4,6511.64,5.6,26046.56,1458.61,24587.95,3984.76,15939.04,8648.91,35.18,Online,Referral,Completed,192510.0
ORD100548,2026-04-19,Apr-2026,Q2,FY2026-Q1,East,Ritu Ghosh,SMB,New,Software,CRM License,8,15498.34,0.5,123986.72,619.93,123366.79,4671.88,37375.04,85991.75,69.7,Retail,Website Organic,Completed,240144.0
ORD100549,2026-04-20,Apr-2026,Q2,FY2026-Q1,North,Karan Mehta,Enterprise,Returning,Electronics,Noise Cancelling Headphones,13,6722.0,13.7,87386.0,11971.88,75414.12,4022.34,52290.42,23123.7,30.66,Online,Cold Outreach,Completed,257424.0
ORD100550,2026-04-20,Apr-2026,Q2,FY2026-Q1,East,Priya Sen,Mid-Market,New,Accessories,Cable Management Kit,4,336.02,10.2,1344.08,137.1,1206.98,191.72,766.88,440.1,36.46,Online,Event/Trade Show,Completed,186403.0
ORD100551,2026-04-20,Apr-2026,Q2,FY2026-Q1,North,Sneha Iyer,SMB,Returning,Accessories,Laptop Sleeve,3,673.91,4.3,2021.73,86.93,1934.8,361.88,1085.64,849.16,43.89,Online,Paid Ads,Returned,206320.0
ORD100552,2026-04-20,Apr-2026,Q2,FY2026-Q1,East,Ritu Ghosh,Enterprise,Returning,Accessories,Cable Management Kit,15,350.35,11.0,5255.25,578.08,4677.17,190.32,2854.8,1822.37,38.96,Direct,Paid Ads,Completed,256647.0
ORD100553,2026-04-21,Apr-2026,Q2,FY2026-Q1,North,Karan Mehta,Mid-Market,New,Accessories,Webcam Cover,7,155.27,7.6,1086.89,82.6,1004.29,88.03,616.21,388.08,38.64,Online,Paid Ads,Completed,240560.0
ORD100554,2026-04-22,Apr-2026,Q2,FY2026-Q1,East,Ritu Ghosh,SMB,New,Accessories,Laptop Sleeve,1,680.84,2.9,680.84,19.74,661.1,377.27,377.27,283.83,42.93,Online,Referral,Completed,182543.0
ORD100555,2026-04-22,Apr-2026,Q2,FY2026-Q1,East,Ritu Ghosh,Enterprise,Returning,Furniture,Bookshelf,13,5402.67,14.9,70234.71,10464.97,59769.74,3036.21,39470.73,20299.01,33.96,Retail,Referral,Completed,230047.0
ORD100556,2026-04-23,Apr-2026,Q2,FY2026-Q1,North,Karan Mehta,SMB,Returning,Software,CRM License,1,14330.79,2.3,14330.79,329.61,14001.18,4192.85,4192.85,9808.33,70.05,Direct,Website Organic,Completed,239242.0
ORD100557,2026-04-23,Apr-2026,Q2,FY2026-Q1,West,Neha Shah,SMB,New,Furniture,Ergonomic Chair,5,12291.28,4.4,61456.4,2704.08,58752.32,6984.28,34921.4,23830.92,40.56,Retail,Referral,Completed,201401.0
ORD100558,2026-04-23,Apr-2026,Q2,FY2026-Q1,West,Neha Shah,SMB,Returning,Furniture,Office Cabinet,5,9227.64,4.8,46138.2,2214.63,43923.57,5263.29,26316.45,17607.12,40.09,Retail,Paid Ads,Completed,196552.0
ORD100559,2026-04-24,Apr-2026,Q2,FY2026-Q1,West,Rohan Patil,SMB,Returning,Furniture,Standing Desk,1,17304.4,4.7,17304.4,813.31,16491.09,9637.68,9637.68,6853.41,41.56,Partner,Cold Outreach,Completed,194014.0
ORD100560,2026-04-24,Apr-2026,Q2,FY2026-Q1,South,Rahul Nair,SMB,Returning,Accessories,Laptop Sleeve,4,719.51,7.2,2878.04,207.22,2670.82,407.73,1630.92,1039.9,38.94,Online,Paid Ads,Completed,247083.0
ORD100561,2026-04-26,Apr-2026,Q2,FY2026-Q1,East,Arjun Das,Mid-Market,New,Software,Analytics Suite,8,21408.59,6.5,171268.72,11132.47,160136.25,6490.35,51922.8,108213.45,67.58,Retail,Referral,Completed,223999.0
ORD100562,2026-04-27,Apr-2026,Q2,FY2026-Q1,South,Rahul Nair,Enterprise,New,Electronics,Smartwatch,17,8618.27,12.2,146510.59,17874.29,128636.3,5560.33,94525.61,34110.69,26.52,Online,Paid Ads,Cancelled,248161.0
ORD100563,2026-04-28,Apr-2026,Q2,FY2026-Q1,West,Neha Shah,SMB,Returning,Accessories,Laptop Sleeve,2,712.57,0.0,1425.14,0.0,1425.14,381.43,762.86,662.28,46.47,Direct,Cold Outreach,Cancelled,230802.0
ORD100564,2026-04-28,Apr-2026,Q2,FY2026-Q1,South,Divya Menon,SMB,Returning,Furniture,Ergonomic Chair,2,12059.89,6.0,24119.78,1447.19,22672.59,6715.15,13430.3,9242.29,40.76,Online,Paid Ads,Completed,200560.0
ORD100565,2026-04-28,Apr-2026,Q2,FY2026-Q1,West,Neha Shah,Mid-Market,Returning,Electronics,USB-C Hub,8,1730.04,10.4,13840.32,1439.39,12400.93,1102.24,8817.92,3583.01,28.89,Retail,Website Organic,Completed,224889.0
ORD100566,2026-04-30,Apr-2026,Q2,FY2026-Q1,East,Priya Sen,Enterprise,Returning,Electronics,Bluetooth Speaker,16,2484.19,14.0,39747.04,5564.59,34182.45,1473.74,23579.84,10602.61,31.02,Online,Website Organic,Completed,193410.0
ORD100567,2026-05-01,May-2026,Q2,FY2026-Q1,West,Simran Kaur,Mid-Market,Returning,Software,Analytics Suite,9,21759.65,4.7,195836.85,9204.33,186632.52,6254.63,56291.67,130340.85,69.84,Online,Paid Ads,Cancelled,217584.0
ORD100568,2026-05-01,May-2026,Q2,FY2026-Q1,North,Karan Mehta,Mid-Market,Returning,Software,Analytics Suite,8,21848.03,10.0,174784.24,17478.42,157305.82,6503.85,52030.8,105275.02,66.92,Direct,Referral,Completed,248576.0
ORD100569,2026-05-02,May-2026,Q2,FY2026-Q1,South,Vikram Reddy,SMB,Returning,Software,CRM License,4,14940.64,1.2,59762.56,717.15,59045.41,4380.26,17521.04,41524.37,70.33,Direct,Website Organic,Completed,188288.0
ORD100570,2026-05-03,May-2026,Q2,FY2026-Q1,North,Karan Mehta,Enterprise,New,Software,Cloud Storage Plan,10,5763.35,12.6,57633.5,7261.82,50371.68,1779.7,17797.0,32574.68,64.67,Online,Website Organic,Completed,232953.0
ORD100571,2026-05-04,May-2026,Q2,FY2026-Q1,South,Rahul Nair,SMB,New,Accessories,Laptop Sleeve,3,669.5,4.3,2008.5,86.37,1922.13,357.6,1072.8,849.33,44.19,Direct,Website Organic,Completed,241986.0
ORD100572,2026-05-05,May-2026,Q2,FY2026-Q1,South,Vikram Reddy,SMB,Returning,Accessories,Cable Management Kit,7,337.68,0.0,2363.76,0.0,2363.76,193.81,1356.67,1007.09,42.61,Partner,Website Organic,Completed,181178.0
ORD100573,2026-05-05,May-2026,Q2,FY2026-Q1,East,Priya Sen,Mid-Market,Returning,Furniture,Standing Desk,11,17920.99,7.4,197130.89,14587.69,182543.2,10113.97,111253.67,71289.53,39.05,Direct,Cold Outreach,Completed,259896.0
ORD100574,2026-05-07,May-2026,Q2,FY2026-Q1,North,Sneha Iyer,Mid-Market,Returning,Software,Cloud Storage Plan,5,5772.24,3.4,28861.2,981.28,27879.92,1645.32,8226.6,19653.32,70.49,Partner,Website Organic,Completed,236078.0
ORD100575,2026-05-08,May-2026,Q2,FY2026-Q1,West,Neha Shah,SMB,New,Furniture,Ergonomic Chair,4,11930.79,2.6,47723.16,1240.8,46482.36,6584.67,26338.68,20143.68,43.34,Online,Paid Ads,Cancelled,204312.0
ORD100576,2026-05-13,May-2026,Q2,FY2026-Q1,North,Karan Mehta,Mid-Market,Returning,Electronics,Wireless Mouse,4,910.47,5.0,3641.88,182.09,3459.79,562.29,2249.16,1210.63,34.99,Direct,Paid Ads,Completed,224781.0
ORD100577,2026-05-14,May-2026,Q2,FY2026-Q1,South,Rahul Nair,Mid-Market,New,Furniture,Standing Desk,7,17620.0,13.5,123340.0,16650.9,106689.1,10429.62,73007.34,33681.76,31.57,Direct,Paid Ads,Completed,207956.0
ORD100578,2026-05-15,May-2026,Q2,FY2026-Q1,North,Sneha Iyer,SMB,Returning,Accessories,Cable Management Kit,2,360.34,6.2,720.68,44.68,676.0,197.35,394.7,281.3,41.61,Online,Cold Outreach,Completed,226542.0
ORD100579,2026-05-16,May-2026,Q2,FY2026-Q1,South,Divya Menon,SMB,Returning,Furniture,Office Cabinet,6,8616.76,4.6,51700.56,2378.23,49322.33,4935.63,29613.78,19708.55,39.96,Partner,Website Organic,Completed,249117.0
ORD100580,2026-05-17,May-2026,Q2,FY2026-Q1,South,Divya Menon,SMB,Returning,Software,CRM License,3,14790.62,0.0,44371.86,0.0,44371.86,4496.34,13489.02,30882.84,69.6,Partner,Paid Ads,Completed,201806.0
ORD100581,2026-05-17,May-2026,Q2,FY2026-Q1,West,Simran Kaur,Enterprise,New,Electronics,Wireless Mouse,15,872.27,9.5,13084.05,1242.98,11841.07,545.14,8177.1,3663.97,30.94,Direct,Website Organic,Completed,186295.0
ORD100582,2026-05-19,May-2026,Q2,FY2026-Q1,South,Divya Menon,Mid-Market,New,Furniture,Standing Desk,5,17847.26,5.6,89236.3,4997.23,84239.07,10377.66,51888.3,32350.77,38.4,Online,Event/Trade Show,Completed,226499.0
ORD100583,2026-05-21,May-2026,Q2,FY2026-Q1,West,Simran Kaur,Mid-Market,New,Furniture,Standing Desk,7,17547.67,1.8,122833.69,2211.01,120622.68,9704.29,67930.03,52692.65,43.68,Retail,Paid Ads,Completed,253206.0
ORD100584,2026-05-21,May-2026,Q2,FY2026-Q1,East,Arjun Das,SMB,Returning,Accessories,Laptop Sleeve,6,679.6,6.1,4077.6,248.73,3828.87,357.91,2147.46,1681.41,43.91,Online,Website Organic,Completed,224613.0
ORD100585,2026-05-22,May-2026,Q2,FY2026-Q1,North,Sneha Iyer,Mid-Market,New,Accessories,Webcam Cover,7,154.81,8.4,1083.67,91.03,992.64,86.42,604.94,387.7,39.06,Online,Referral,Completed,238833.0
ORD100586,2026-05-24,May-2026,Q2,FY2026-Q1,West,Simran Kaur,SMB,New,Accessories,Desk Organizer,2,429.3,2.2,858.6,18.89,839.71,231.08,462.16,377.55,44.96,Online,Cold Outreach,Completed,193189.0
ORD100587,2026-05-24,May-2026,Q2,FY2026-Q1,North,Aditi Rao,Enterprise,Returning,Software,CRM License,12,15369.63,9.0,184435.56,16599.2,167836.36,4456.71,53480.52,114355.84,68.14,Online,Website Organic,Completed,194388.0
ORD100588,2026-05-24,May-2026,Q2,FY2026-Q1,South,Rahul Nair,Enterprise,Returning,Furniture,Bookshelf,20,5689.72,6.7,113794.4,7624.22,106170.18,3216.66,64333.2,41836.98,39.41,Retail,Website Organic,Completed,222830.0
ORD100589,2026-05-25,May-2026,Q2,FY2026-Q1,West,Rohan Patil,Enterprise,New,Electronics,Smartwatch,8,8348.07,12.5,66784.56,8348.07,58436.49,4943.75,39550.0,18886.49,32.32,Online,Website Organic,Completed,239637.0
ORD100590,2026-05-26,May-2026,Q2,FY2026-Q1,North,Aditi Rao,SMB,New,Software,Cloud Storage Plan,3,6232.63,0.4,18697.89,74.79,18623.1,1916.84,5750.52,12872.58,69.12,Online,Website Organic,Cancelled,224791.0
ORD100591,2026-05-26,May-2026,Q2,FY2026-Q1,East,Priya Sen,SMB,Returning,Electronics,Noise Cancelling Headphones,2,6428.61,4.8,12857.22,617.15,12240.07,4082.5,8165.0,4075.07,33.29,Retail,Referral,Completed,205322.0
ORD100592,2026-05-27,May-2026,Q2,FY2026-Q1,East,Ritu Ghosh,Mid-Market,Returning,Furniture,Standing Desk,4,17302.86,5.2,69211.44,3598.99,65612.45,9618.85,38475.4,27137.05,41.36,Partner,Event/Trade Show,Returned,244916.0
ORD100593,2026-05-28,May-2026,Q2,FY2026-Q1,West,Rohan Patil,SMB,Returning,Software,Security Suite,2,9335.84,0.0,18671.68,0.0,18671.68,2825.58,5651.16,13020.52,69.73,Partner,Website Organic,Completed,219036.0
ORD100594,2026-05-31,May-2026,Q2,FY2026-Q1,North,Aditi Rao,Mid-Market,Returning,Furniture,Office Cabinet,2,8635.29,6.4,17270.58,1105.32,16165.26,5164.66,10329.32,5835.94,36.1,Direct,Website Organic,Completed,233679.0
ORD100595,2026-06-05,Jun-2026,Q2,FY2026-Q1,East,Priya Sen,SMB,New,Accessories,Laptop Sleeve,4,675.55,2.5,2702.2,67.56,2634.64,366.32,1465.28,1169.36,44.38,Direct,Cold Outreach,Completed,217427.0
ORD100596,2026-06-07,Jun-2026,Q2,FY2026-Q1,South,Divya Menon,Mid-Market,Returning,Furniture,Bookshelf,2,5338.49,8.1,10676.98,864.84,9812.14,2947.18,5894.36,3917.78,39.93,Retail,Website Organic,Completed,235286.0
ORD100597,2026-06-13,Jun-2026,Q2,FY2026-Q1,East,Priya Sen,SMB,Returning,Electronics,Smartwatch,1,8492.55,0.0,8492.55,0.0,8492.55,5130.69,5130.69,3361.86,39.59,Retail,Cold Outreach,Completed,192684.0
ORD100598,2026-06-14,Jun-2026,Q2,FY2026-Q1,East,Priya Sen,SMB,Returning,Furniture,Bookshelf,2,5553.16,0.0,11106.32,0.0,11106.32,3060.61,6121.22,4985.1,44.89,Online,Website Organic,Completed,221015.0
ORD100599,2026-06-14,Jun-2026,Q2,FY2026-Q1,North,Sneha Iyer,SMB,Returning,Furniture,Office Cabinet,1,9319.09,4.3,9319.09,400.72,8918.37,5189.09,5189.09,3729.28,41.82,Partner,Referral,Completed,224530.0
ORD100600,2026-06-23,Jun-2026,Q2,FY2026-Q1,North,Karan Mehta,SMB,Returning,Software,CRM License,2,14656.08,6.9,29312.16,2022.54,27289.62,4374.72,8749.44,18540.18,67.94,Online,Event/Trade Show,Completed,221332.0
