Company,Record_ID,Year,Month_Name,Quarter,Business_Segment,Asset_Name,Asset_Type,Region,Customer_Segment,Gas_Volume_MMSCMD,Capacity_MMSCMD,Capacity_Utilization_Percent,Average_Price_USD_per_MMBTU,Revenue_INR_Lakh,Opex_INR_Lakh,EBITDA_INR_Lakh,EBITDA_Margin_Percent,Flaring_Loss_MMSCM,Pipeline_Length_KM,Number_of_Customers,Reserves_BCM,Wells_in_Operation,Lifting_Cost_USD_per_BOE
Bharat Natural Gas Corporation (BNGC) - Fictional Dummy Company,BNGC700001,2020,Jan-2020,Q1,Exploration & Production,KG Basin Field A,Offshore Field,Andhra Pradesh,N/A,9.09,10.92,83.2,6.03,52.55,20.02,32.53,61.9,0.085,0,0,45,23,7.83
Bharat Natural Gas Corporation (BNGC) - Fictional Dummy Company,BNGC700002,2020,Feb-2020,Q1,Exploration & Production,KG Basin Field A,Offshore Field,Andhra Pradesh,N/A,9.29,10.92,85.03,7.24,64.48,24.26,40.22,62.38,0.164,0,0,45,22,5.54
Bharat Natural Gas Corporation (BNGC) - Fictional Dummy Company,BNGC700003,2020,Mar-2020,Q1,Exploration & Production,KG Basin Field A,Offshore Field,Andhra Pradesh,N/A,10.12,10.92,92.63,6.74,65.39,31.36,34.03,52.04,0.071,0,0,45,22,4.57
Bharat Natural Gas Corporation (BNGC) - Fictional Dummy Company,BNGC700004,2020,Apr-2020,Q2,Exploration & Production,KG Basin Field A,Offshore Field,Andhra Pradesh,N/A,9.38,10.92,85.86,6.44,57.91,25.22,32.69,56.45,0.129,0,0,45,22,6.5
Bharat Natural Gas Corporation (BNGC) - Fictional Dummy Company,BNGC700005,2020,May-2020,Q2,Exploration & Production,KG Basin Field A,Offshore Field,Andhra Pradesh,N/A,9.24,10.92,84.58,7.14,63.25,27.04,36.21,57.25,0.165,0,0,45,22,8.98
Bharat Natural Gas Corporation (BNGC) - Fictional Dummy Company,BNGC700006,2020,Jun-2020,Q2,Exploration & Production,KG Basin Field A,Offshore Field,Andhra Pradesh,N/A,8.87,10.92,81.19,6.91,58.76,22.0,36.76,62.56,0.144,0,0,45,22,5.81
Bharat Natural Gas Corporation (BNGC) - Fictional Dummy Company,BNGC700007,2020,Jul-2020,Q3,Exploration & Production,KG Basin Field A,Offshore Field,Andhra Pradesh,N/A,8.85,10.92,81.01,7.27,61.68,24.06,37.62,60.99,0.15,0,0,45,22,7.86
Bharat Natural Gas Corporation (BNGC) - Fictional Dummy Company,BNGC700008,2020,Aug-2020,Q3,Exploration & Production,KG Basin Field A,Offshore Field,Andhra Pradesh,N/A,9.41,10.92,86.13,6.79,61.25,27.09,34.16,55.77,0.059,0,0,45,22,9.16
Bharat Natural Gas Corporation (BNGC) - Fictional Dummy Company,BNGC700009,2020,Sep-2020,Q3,Exploration & Production,KG Basin Field A,Offshore Field,Andhra Pradesh,N/A,9.4,10.92,86.04,7.29,65.69,30.76,34.93,53.17,0.116,0,0,45,22,8.47
Bharat Natural Gas Corporation (BNGC) - Fictional Dummy Company,BNGC700010,2020,Oct-2020,Q4,Exploration & Production,KG Basin Field A,Offshore Field,Andhra Pradesh,N/A,8.47,10.92,77.53,6.57,53.35,23.45,29.9,56.04,0.078,0,0,45,23,7.78
Bharat Natural Gas Corporation (BNGC) - Fictional Dummy Company,BNGC700011,2020,Nov-2020,Q4,Exploration & Production,KG Basin Field A,Offshore Field,Andhra Pradesh,N/A,8.95,10.92,81.92,7.33,62.89,25.1,37.79,60.09,0.076,0,0,45,23,7.04
Bharat Natural Gas Corporation (BNGC) - Fictional Dummy Company,BNGC700012,2020,Dec-2020,Q4,Exploration & Production,KG Basin Field A,Offshore Field,Andhra Pradesh,N/A,9.08,10.92,83.11,7.03,61.19,28.1,33.09,54.08,0.086,0,0,45,23,9.19
Bharat Natural Gas Corporation (BNGC) - Fictional Dummy Company,BNGC700013,2021,Jan-2021,Q1,Exploration & Production,KG Basin Field A,Offshore Field,Andhra Pradesh,N/A,9.54,10.92,87.32,7.05,64.48,24.19,40.29,62.48,0.114,0,0,45,23,8.68
Bharat Natural Gas Corporation (BNGC) - Fictional Dummy Company,BNGC700014,2021,Feb-2021,Q1,Exploration & Production,KG Basin Field A,Offshore Field,Andhra Pradesh,N/A,9.21,10.92,84.3,7.05,62.25,28.51,33.74,54.2,0.177,0,0,45,22,4.92
Bharat Natural Gas Corporation (BNGC) - Fictional Dummy Company,BNGC700015,2021,Mar-2021,Q1,Exploration & Production,KG Basin Field A,Offshore Field,Andhra Pradesh,N/A,9.7,10.92,88.79,7.29,67.79,25.52,42.27,62.35,0.179,0,0,45,22,4.67
Bharat Natural Gas Corporation (BNGC) - Fictional Dummy Company,BNGC700016,2021,Apr-2021,Q2,Exploration & Production,KG Basin Field A,Offshore Field,Andhra Pradesh,N/A,8.98,10.92,82.2,7.19,61.9,24.6,37.3,60.26,0.149,0,0,45,22,5.6
Bharat Natural Gas Corporation (BNGC) - Fictional Dummy Company,BNGC700017,2021,May-2021,Q2,Exploration & Production,KG Basin Field A,Offshore Field,Andhra Pradesh,N/A,9.64,10.92,88.24,7.22,66.72,26.39,40.33,60.45,0.084,0,0,45,22,4.75
Bharat Natural Gas Corporation (BNGC) - Fictional Dummy Company,BNGC700018,2021,Jun-2021,Q2,Exploration & Production,KG Basin Field A,Offshore Field,Andhra Pradesh,N/A,8.69,10.92,79.54,6.61,55.07,22.84,32.23,58.53,0.133,0,0,45,22,6.75
Bharat Natural Gas Corporation (BNGC) - Fictional Dummy Company,BNGC700019,2021,Jul-2021,Q3,Exploration & Production,KG Basin Field A,Offshore Field,Andhra Pradesh,N/A,8.77,10.92,80.27,6.07,51.03,18.43,32.6,63.88,0.135,0,0,45,22,8.18
Bharat Natural Gas Corporation (BNGC) - Fictional Dummy Company,BNGC700020,2021,Aug-2021,Q3,Exploration & Production,KG Basin Field A,Offshore Field,Andhra Pradesh,N/A,9.03,10.92,82.65,6.34,54.88,26.44,28.44,51.82,0.167,0,0,45,22,5.27
Bharat Natural Gas Corporation (BNGC) - Fictional Dummy Company,BNGC700021,2021,Sep-2021,Q3,Exploration & Production,KG Basin Field A,Offshore Field,Andhra Pradesh,N/A,9.15,10.92,83.75,6.69,58.68,28.61,30.07,51.24,0.162,0,0,45,22,7.65
Bharat Natural Gas Corporation (BNGC) - Fictional Dummy Company,BNGC700022,2021,Oct-2021,Q4,Exploration & Production,KG Basin Field A,Offshore Field,Andhra Pradesh,N/A,8.92,10.92,81.65,6.99,59.77,24.01,35.76,59.83,0.106,0,0,45,22,3.72
Bharat Natural Gas Corporation (BNGC) - Fictional Dummy Company,BNGC700023,2021,Nov-2021,Q4,Exploration & Production,KG Basin Field A,Offshore Field,Andhra Pradesh,N/A,8.59,10.92,78.63,7.07,58.22,21.8,36.42,62.56,0.08,0,0,45,23,8.13
Bharat Natural Gas Corporation (BNGC) - Fictional Dummy Company,BNGC700024,2021,Dec-2021,Q4,Exploration & Production,KG Basin Field A,Offshore Field,Andhra Pradesh,N/A,9.33,10.92,85.4,6.58,58.85,27.53,31.32,53.22,0.102,0,0,45,22,5.41
Bharat Natural Gas Corporation (BNGC) - Fictional Dummy Company,BNGC700025,2022,Jan-2022,Q1,Exploration & Production,KG Basin Field A,Offshore Field,Andhra Pradesh,N/A,9.37,10.92,85.77,6.21,55.78,20.67,35.11,62.94,0.177,0,0,45,23,7.21
Bharat Natural Gas Corporation (BNGC) - Fictional Dummy Company,BNGC700026,2022,Feb-2022,Q1,Exploration & Production,KG Basin Field A,Offshore Field,Andhra Pradesh,N/A,9.07,10.92,83.02,7.11,61.82,28.02,33.8,54.67,0.047,0,0,45,23,5.28
Bharat Natural Gas Corporation (BNGC) - Fictional Dummy Company,BNGC700027,2022,Mar-2022,Q1,Exploration & Production,KG Basin Field A,Offshore Field,Andhra Pradesh,N/A,8.83,10.92,80.82,6.79,57.48,23.0,34.48,59.99,0.132,0,0,45,22,5.37
Bharat Natural Gas Corporation (BNGC) - Fictional Dummy Company,BNGC700028,2022,Apr-2022,Q2,Exploration & Production,KG Basin Field A,Offshore Field,Andhra Pradesh,N/A,9.33,10.92,85.4,7.1,63.5,27.67,35.83,56.43,0.106,0,0,45,23,6.41
Bharat Natural Gas Corporation (BNGC) - Fictional Dummy Company,BNGC700029,2022,May-2022,Q2,Exploration & Production,KG Basin Field A,Offshore Field,Andhra Pradesh,N/A,8.83,10.92,80.82,6.51,55.11,20.91,34.2,62.06,0.08,0,0,45,22,8.36
Bharat Natural Gas Corporation (BNGC) - Fictional Dummy Company,BNGC700030,2022,Jun-2022,Q2,Exploration & Production,KG Basin Field A,Offshore Field,Andhra Pradesh,N/A,8.34,10.92,76.34,6.23,49.81,20.08,29.73,59.69,0.057,0,0,45,23,5.77
Bharat Natural Gas Corporation (BNGC) - Fictional Dummy Company,BNGC700031,2022,Jul-2022,Q3,Exploration & Production,KG Basin Field A,Offshore Field,Andhra Pradesh,N/A,8.77,10.92,80.27,6.8,57.17,21.15,36.02,63.01,0.162,0,0,45,23,5.14
Bharat Natural Gas Corporation (BNGC) - Fictional Dummy Company,BNGC700032,2022,Aug-2022,Q3,Exploration & Production,KG Basin Field A,Offshore Field,Andhra Pradesh,N/A,8.27,10.92,75.7,6.73,53.36,25.86,27.5,51.54,0.128,0,0,45,22,7.99
Bharat Natural Gas Corporation (BNGC) - Fictional Dummy Company,BNGC700033,2022,Sep-2022,Q3,Exploration & Production,KG Basin Field A,Offshore Field,Andhra Pradesh,N/A,8.27,10.92,75.7,7.17,56.84,28.21,28.63,50.37,0.159,0,0,45,22,5.42
Bharat Natural Gas Corporation (BNGC) - Fictional Dummy Company,BNGC700034,2022,Oct-2022,Q4,Exploration & Production,KG Basin Field A,Offshore Field,Andhra Pradesh,N/A,8.8,10.92,80.55,7.05,59.47,21.77,37.7,63.39,0.155,0,0,45,23,6.41
Bharat Natural Gas Corporation (BNGC) - Fictional Dummy Company,BNGC700035,2022,Nov-2022,Q4,Exploration & Production,KG Basin Field A,Offshore Field,Andhra Pradesh,N/A,8.87,10.92,81.19,6.99,59.44,22.82,36.62,61.61,0.145,0,0,45,22,3.78
Bharat Natural Gas Corporation (BNGC) - Fictional Dummy Company,BNGC700036,2022,Dec-2022,Q4,Exploration & Production,KG Basin Field A,Offshore Field,Andhra Pradesh,N/A,8.13,10.92,74.42,6.16,48.01,18.67,29.34,61.11,0.046,0,0,45,23,4.65
Bharat Natural Gas Corporation (BNGC) - Fictional Dummy Company,BNGC700037,2023,Jan-2023,Q1,Exploration & Production,KG Basin Field A,Offshore Field,Andhra Pradesh,N/A,8.53,10.92,78.08,6.89,56.34,23.38,32.96,58.5,0.127,0,0,45,22,5.87
Bharat Natural Gas Corporation (BNGC) - Fictional Dummy Company,BNGC700038,2023,Feb-2023,Q1,Exploration & Production,KG Basin Field A,Offshore Field,Andhra Pradesh,N/A,8.38,10.92,76.7,7.27,58.4,28.45,29.95,51.28,0.122,0,0,45,23,6.62
Bharat Natural Gas Corporation (BNGC) - Fictional Dummy Company,BNGC700039,2023,Mar-2023,Q1,Exploration & Production,KG Basin Field A,Offshore Field,Andhra Pradesh,N/A,8.31,10.92,76.06,6.0,47.8,17.37,30.43,63.66,0.129,0,0,45,22,3.88
Bharat Natural Gas Corporation (BNGC) - Fictional Dummy Company,BNGC700040,2023,Apr-2023,Q2,Exploration & Production,KG Basin Field A,Offshore Field,Andhra Pradesh,N/A,8.43,10.92,77.16,7.09,57.3,22.15,35.15,61.34,0.086,0,0,45,22,3.51
Bharat Natural Gas Corporation (BNGC) - Fictional Dummy Company,BNGC700041,2023,May-2023,Q2,Exploration & Production,KG Basin Field A,Offshore Field,Andhra Pradesh,N/A,8.57,10.92,78.44,6.41,52.66,19.17,33.49,63.6,0.081,0,0,45,23,5.72
Bharat Natural Gas Corporation (BNGC) - Fictional Dummy Company,BNGC700042,2023,Jun-2023,Q2,Exploration & Production,KG Basin Field A,Offshore Field,Andhra Pradesh,N/A,8.61,10.92,78.81,7.28,60.09,25.46,34.63,57.63,0.109,0,0,45,22,5.74
Bharat Natural Gas Corporation (BNGC) - Fictional Dummy Company,BNGC700043,2023,Jul-2023,Q3,Exploration & Production,KG Basin Field A,Offshore Field,Andhra Pradesh,N/A,8.23,10.92,75.33,6.9,54.44,26.21,28.23,51.86,0.099,0,0,45,22,5.08
Bharat Natural Gas Corporation (BNGC) - Fictional Dummy Company,BNGC700044,2023,Aug-2023,Q3,Exploration & Production,KG Basin Field A,Offshore Field,Andhra Pradesh,N/A,8.0,10.92,73.23,7.33,56.22,27.57,28.65,50.96,0.115,0,0,45,22,6.97
Bharat Natural Gas Corporation (BNGC) - Fictional Dummy Company,BNGC700045,2023,Sep-2023,Q3,Exploration & Production,KG Basin Field A,Offshore Field,Andhra Pradesh,N/A,7.95,10.92,72.77,7.34,55.94,27.22,28.72,51.34,0.076,0,0,45,22,3.87
Bharat Natural Gas Corporation (BNGC) - Fictional Dummy Company,BNGC700046,2023,Oct-2023,Q4,Exploration & Production,KG Basin Field A,Offshore Field,Andhra Pradesh,N/A,8.45,10.92,77.35,7.37,59.7,21.13,38.57,64.61,0.091,0,0,45,22,6.0
Bharat Natural Gas Corporation (BNGC) - Fictional Dummy Company,BNGC700047,2023,Nov-2023,Q4,Exploration & Production,KG Basin Field A,Offshore Field,Andhra Pradesh,N/A,8.38,10.92,76.7,7.36,59.13,27.27,31.86,53.88,0.154,0,0,45,23,8.01
Bharat Natural Gas Corporation (BNGC) - Fictional Dummy Company,BNGC700048,2023,Dec-2023,Q4,Exploration & Production,KG Basin Field A,Offshore Field,Andhra Pradesh,N/A,8.5,10.92,77.8,6.82,55.57,27.0,28.57,51.41,0.046,0,0,45,23,6.59
Bharat Natural Gas Corporation (BNGC) - Fictional Dummy Company,BNGC700049,2024,Jan-2024,Q1,Exploration & Production,KG Basin Field A,Offshore Field,Andhra Pradesh,N/A,8.3,10.92,75.97,6.65,52.91,25.16,27.75,52.45,0.114,0,0,45,22,4.83
Bharat Natural Gas Corporation (BNGC) - Fictional Dummy Company,BNGC700050,2024,Feb-2024,Q1,Exploration & Production,KG Basin Field A,Offshore Field,Andhra Pradesh,N/A,8.4,10.92,76.89,7.35,59.19,26.96,32.23,54.45,0.111,0,0,45,22,7.04
Bharat Natural Gas Corporation (BNGC) - Fictional Dummy Company,BNGC700051,2024,Mar-2024,Q1,Exploration & Production,KG Basin Field A,Offshore Field,Andhra Pradesh,N/A,8.08,10.92,73.96,6.41,49.65,22.15,27.5,55.39,0.106,0,0,45,22,7.57
Bharat Natural Gas Corporation (BNGC) - Fictional Dummy Company,BNGC700052,2024,Apr-2024,Q2,Exploration & Production,KG Basin Field A,Offshore Field,Andhra Pradesh,N/A,8.84,10.92,80.92,6.88,58.3,23.3,35.0,60.03,0.115,0,0,45,22,4.36
Bharat Natural Gas Corporation (BNGC) - Fictional Dummy Company,BNGC700053,2024,May-2024,Q2,Exploration & Production,KG Basin Field A,Offshore Field,Andhra Pradesh,N/A,8.41,10.92,76.98,6.52,52.57,24.79,27.78,52.84,0.048,0,0,45,23,3.72
Bharat Natural Gas Corporation (BNGC) - Fictional Dummy Company,BNGC700054,2024,Jun-2024,Q2,Exploration & Production,KG Basin Field A,Offshore Field,Andhra Pradesh,N/A,7.93,10.92,72.59,6.23,47.36,18.78,28.58,60.35,0.12,0,0,45,23,6.52
Bharat Natural Gas Corporation (BNGC) - Fictional Dummy Company,BNGC700055,2024,Jul-2024,Q3,Exploration & Production,KG Basin Field A,Offshore Field,Andhra Pradesh,N/A,7.94,10.92,72.68,6.01,45.75,20.03,25.72,56.22,0.134,0,0,45,22,5.52
Bharat Natural Gas Corporation (BNGC) - Fictional Dummy Company,BNGC700056,2024,Aug-2024,Q3,Exploration & Production,KG Basin Field A,Offshore Field,Andhra Pradesh,N/A,7.5,10.92,68.65,7.46,53.64,25.28,28.36,52.87,0.083,0,0,45,22,4.65
Bharat Natural Gas Corporation (BNGC) - Fictional Dummy Company,BNGC700057,2024,Sep-2024,Q3,Exploration & Production,KG Basin Field A,Offshore Field,Andhra Pradesh,N/A,7.64,10.92,69.93,7.15,52.37,25.68,26.69,50.96,0.066,0,0,45,22,6.69
Bharat Natural Gas Corporation (BNGC) - Fictional Dummy Company,BNGC700058,2024,Oct-2024,Q4,Exploration & Production,KG Basin Field A,Offshore Field,Andhra Pradesh,N/A,7.86,10.92,71.95,6.07,45.74,19.93,25.81,56.43,0.065,0,0,45,22,5.5
Bharat Natural Gas Corporation (BNGC) - Fictional Dummy Company,BNGC700059,2024,Nov-2024,Q4,Exploration & Production,KG Basin Field A,Offshore Field,Andhra Pradesh,N/A,7.85,10.92,71.85,7.13,53.66,23.86,29.8,55.53,0.078,0,0,45,22,7.23
Bharat Natural Gas Corporation (BNGC) - Fictional Dummy Company,BNGC700060,2024,Dec-2024,Q4,Exploration & Production,KG Basin Field A,Offshore Field,Andhra Pradesh,N/A,7.53,10.92,68.92,7.14,51.54,22.2,29.34,56.93,0.088,0,0,45,22,6.07
Bharat Natural Gas Corporation (BNGC) - Fictional Dummy Company,BNGC700061,2025,Jan-2025,Q1,Exploration & Production,KG Basin Field A,Offshore Field,Andhra Pradesh,N/A,7.56,10.92,69.2,6.46,46.82,23.14,23.68,50.58,0.093,0,0,45,22,3.69
Bharat Natural Gas Corporation (BNGC) - Fictional Dummy Company,BNGC700062,2025,Feb-2025,Q1,Exploration & Production,KG Basin Field A,Offshore Field,Andhra Pradesh,N/A,8.0,10.92,73.23,6.52,50.0,17.97,32.03,64.06,0.122,0,0,45,22,3.52
Bharat Natural Gas Corporation (BNGC) - Fictional Dummy Company,BNGC700063,2025,Mar-2025,Q1,Exploration & Production,KG Basin Field A,Offshore Field,Andhra Pradesh,N/A,7.66,10.92,70.11,6.12,44.94,18.6,26.34,58.61,0.053,0,0,45,22,8.88
Bharat Natural Gas Corporation (BNGC) - Fictional Dummy Company,BNGC700064,2025,Apr-2025,Q2,Exploration & Production,KG Basin Field A,Offshore Field,Andhra Pradesh,N/A,7.69,10.92,70.39,7.02,51.75,23.27,28.48,55.03,0.099,0,0,45,22,9.43
Bharat Natural Gas Corporation (BNGC) - Fictional Dummy Company,BNGC700065,2025,May-2025,Q2,Exploration & Production,KG Basin Field A,Offshore Field,Andhra Pradesh,N/A,7.77,10.92,71.12,7.08,52.74,19.98,32.76,62.12,0.121,0,0,45,22,6.23
Bharat Natural Gas Corporation (BNGC) - Fictional Dummy Company,BNGC700066,2025,Jun-2025,Q2,Exploration & Production,KG Basin Field A,Offshore Field,Andhra Pradesh,N/A,7.55,10.92,69.11,6.48,46.9,19.61,27.29,58.19,0.148,0,0,45,22,5.4
Bharat Natural Gas Corporation (BNGC) - Fictional Dummy Company,BNGC700067,2025,Jul-2025,Q3,Exploration & Production,KG Basin Field A,Offshore Field,Andhra Pradesh,N/A,8.0,10.92,73.23,6.94,53.22,26.32,26.9,50.54,0.103,0,0,45,22,4.2
Bharat Natural Gas Corporation (BNGC) - Fictional Dummy Company,BNGC700068,2025,Aug-2025,Q3,Exploration & Production,KG Basin Field A,Offshore Field,Andhra Pradesh,N/A,7.42,10.92,67.92,7.4,52.64,21.9,30.74,58.4,0.072,0,0,45,23,7.34
Bharat Natural Gas Corporation (BNGC) - Fictional Dummy Company,BNGC700069,2025,Sep-2025,Q3,Exploration & Production,KG Basin Field A,Offshore Field,Andhra Pradesh,N/A,7.93,10.92,72.59,6.81,51.77,21.01,30.76,59.42,0.146,0,0,45,23,7.68
Bharat Natural Gas Corporation (BNGC) - Fictional Dummy Company,BNGC700070,2025,Oct-2025,Q4,Exploration & Production,KG Basin Field A,Offshore Field,Andhra Pradesh,N/A,7.87,10.92,72.04,6.31,47.61,23.08,24.53,51.52,0.091,0,0,45,22,3.59
Bharat Natural Gas Corporation (BNGC) - Fictional Dummy Company,BNGC700071,2025,Nov-2025,Q4,Exploration & Production,KG Basin Field A,Offshore Field,Andhra Pradesh,N/A,7.81,10.92,71.49,6.79,50.84,24.55,26.29,51.71,0.093,0,0,45,22,9.01
Bharat Natural Gas Corporation (BNGC) - Fictional Dummy Company,BNGC700072,2025,Dec-2025,Q4,Exploration & Production,KG Basin Field A,Offshore Field,Andhra Pradesh,N/A,7.7,10.92,70.48,7.41,54.7,27.15,27.55,50.37,0.151,0,0,45,23,7.45
Bharat Natural Gas Corporation (BNGC) - Fictional Dummy Company,BNGC700073,2020,Jan-2020,Q1,Exploration & Production,Mumbai High Offshore,Offshore Field,Maharashtra,N/A,12.62,14.95,84.41,6.18,74.77,34.44,40.33,53.94,0.203,0,0,80,38,6.01
Bharat Natural Gas Corporation (BNGC) - Fictional Dummy Company,BNGC700074,2020,Feb-2020,Q1,Exploration & Production,Mumbai High Offshore,Offshore Field,Maharashtra,N/A,13.4,14.95,89.63,7.46,95.83,35.86,59.97,62.58,0.168,0,0,80,38,5.57
Bharat Natural Gas Corporation (BNGC) - Fictional Dummy Company,BNGC700075,2020,Mar-2020,Q1,Exploration & Production,Mumbai High Offshore,Offshore Field,Maharashtra,N/A,13.71,14.95,91.71,7.46,98.05,47.82,50.23,51.23,0.185,0,0,80,38,8.82
Bharat Natural Gas Corporation (BNGC) - Fictional Dummy Company,BNGC700076,2020,Apr-2020,Q2,Exploration & Production,Mumbai High Offshore,Offshore Field,Maharashtra,N/A,12.74,14.95,85.22,6.81,83.17,35.08,48.09,57.82,0.157,0,0,80,39,3.86
Bharat Natural Gas Corporation (BNGC) - Fictional Dummy Company,BNGC700077,2020,May-2020,Q2,Exploration & Production,Mumbai High Offshore,Offshore Field,Maharashtra,N/A,13.05,14.95,87.29,7.33,91.7,44.61,47.09,51.35,0.186,0,0,80,39,5.08
Bharat Natural Gas Corporation (BNGC) - Fictional Dummy Company,BNGC700078,2020,Jun-2020,Q2,Exploration & Production,Mumbai High Offshore,Offshore Field,Maharashtra,N/A,12.42,14.95,83.08,7.22,85.96,30.88,55.08,64.08,0.072,0,0,80,39,5.49
Bharat Natural Gas Corporation (BNGC) - Fictional Dummy Company,BNGC700079,2020,Jul-2020,Q3,Exploration & Production,Mumbai High Offshore,Offshore Field,Maharashtra,N/A,11.94,14.95,79.87,6.94,79.44,37.19,42.25,53.18,0.181,0,0,80,38,6.12
Bharat Natural Gas Corporation (BNGC) - Fictional Dummy Company,BNGC700080,2020,Aug-2020,Q3,Exploration & Production,Mumbai High Offshore,Offshore Field,Maharashtra,N/A,12.1,14.95,80.94,6.53,75.75,35.85,39.9,52.67,0.237,0,0,80,39,9.44
Bharat Natural Gas Corporation (BNGC) - Fictional Dummy Company,BNGC700081,2020,Sep-2020,Q3,Exploration & Production,Mumbai High Offshore,Offshore Field,Maharashtra,N/A,11.89,14.95,79.53,6.92,78.88,31.05,47.83,60.64,0.146,0,0,80,38,9.31
Bharat Natural Gas Corporation (BNGC) - Fictional Dummy Company,BNGC700082,2020,Oct-2020,Q4,Exploration & Production,Mumbai High Offshore,Offshore Field,Maharashtra,N/A,11.57,14.95,77.39,6.53,72.43,28.24,44.19,61.01,0.215,0,0,80,38,4.12
Bharat Natural Gas Corporation (BNGC) - Fictional Dummy Company,BNGC700083,2020,Nov-2020,Q4,Exploration & Production,Mumbai High Offshore,Offshore Field,Maharashtra,N/A,12.65,14.95,84.62,7.18,87.07,34.4,52.67,60.49,0.08,0,0,80,38,3.83
Bharat Natural Gas Corporation (BNGC) - Fictional Dummy Company,BNGC700084,2020,Dec-2020,Q4,Exploration & Production,Mumbai High Offshore,Offshore Field,Maharashtra,N/A,11.95,14.95,79.93,6.55,75.04,26.28,48.76,64.98,0.19,0,0,80,38,6.76
Bharat Natural Gas Corporation (BNGC) - Fictional Dummy Company,BNGC700085,2021,Jan-2021,Q1,Exploration & Production,Mumbai High Offshore,Offshore Field,Maharashtra,N/A,12.94,14.95,86.56,6.74,83.61,34.07,49.54,59.25,0.133,0,0,80,39,6.35
Bharat Natural Gas Corporation (BNGC) - Fictional Dummy Company,BNGC700086,2021,Feb-2021,Q1,Exploration & Production,Mumbai High Offshore,Offshore Field,Maharashtra,N/A,13.47,14.95,90.1,7.09,91.55,37.53,54.02,59.01,0.119,0,0,80,38,8.14
Bharat Natural Gas Corporation (BNGC) - Fictional Dummy Company,BNGC700087,2021,Mar-2021,Q1,Exploration & Production,Mumbai High Offshore,Offshore Field,Maharashtra,N/A,12.69,14.95,84.88,6.93,84.31,31.68,52.63,62.42,0.143,0,0,80,38,6.1
Bharat Natural Gas Corporation (BNGC) - Fictional Dummy Company,BNGC700088,2021,Apr-2021,Q2,Exploration & Production,Mumbai High Offshore,Offshore Field,Maharashtra,N/A,13.21,14.95,88.36,6.33,80.16,29.16,51.0,63.62,0.216,0,0,80,38,9.18
Bharat Natural Gas Corporation (BNGC) - Fictional Dummy Company,BNGC700089,2021,May-2021,Q2,Exploration & Production,Mumbai High Offshore,Offshore Field,Maharashtra,N/A,12.32,14.95,82.41,7.36,86.93,33.47,53.46,61.5,0.242,0,0,80,38,7.93
Bharat Natural Gas Corporation (BNGC) - Fictional Dummy Company,BNGC700090,2021,Jun-2021,Q2,Exploration & Production,Mumbai High Offshore,Offshore Field,Maharashtra,N/A,13.03,14.95,87.16,6.22,77.7,37.91,39.79,51.21,0.154,0,0,80,38,8.51
Bharat Natural Gas Corporation (BNGC) - Fictional Dummy Company,BNGC700091,2021,Jul-2021,Q3,Exploration & Production,Mumbai High Offshore,Offshore Field,Maharashtra,N/A,12.71,14.95,85.02,6.88,83.83,38.72,45.11,53.81,0.22,0,0,80,38,4.56
Bharat Natural Gas Corporation (BNGC) - Fictional Dummy Company,BNGC700092,2021,Aug-2021,Q3,Exploration & Production,Mumbai High Offshore,Offshore Field,Maharashtra,N/A,11.34,14.95,75.85,6.78,73.71,26.81,46.9,63.63,0.127,0,0,80,39,5.57
Bharat Natural Gas Corporation (BNGC) - Fictional Dummy Company,BNGC700093,2021,Sep-2021,Q3,Exploration & Production,Mumbai High Offshore,Offshore Field,Maharashtra,N/A,12.01,14.95,80.33,7.32,84.28,41.96,42.32,50.21,0.11,0,0,80,38,5.83
Bharat Natural Gas Corporation (BNGC) - Fictional Dummy Company,BNGC700094,2021,Oct-2021,Q4,Exploration & Production,Mumbai High Offshore,Offshore Field,Maharashtra,N/A,11.73,14.95,78.46,6.31,70.96,32.98,37.98,53.52,0.142,0,0,80,38,4.84
Bharat Natural Gas Corporation (BNGC) - Fictional Dummy Company,BNGC700095,2021,Nov-2021,Q4,Exploration & Production,Mumbai High Offshore,Offshore Field,Maharashtra,N/A,12.08,14.95,80.8,6.52,75.5,36.97,38.53,51.03,0.15,0,0,80,38,5.17
Bharat Natural Gas Corporation (BNGC) - Fictional Dummy Company,BNGC700096,2021,Dec-2021,Q4,Exploration & Production,Mumbai High Offshore,Offshore Field,Maharashtra,N/A,11.97,14.95,80.07,6.99,80.21,34.03,46.18,57.57,0.091,0,0,80,39,7.64
Bharat Natural Gas Corporation (BNGC) - Fictional Dummy Company,BNGC700097,2022,Jan-2022,Q1,Exploration & Production,Mumbai High Offshore,Offshore Field,Maharashtra,N/A,12.54,14.95,83.88,6.76,81.27,29.1,52.17,64.19,0.11,0,0,80,38,6.86
Bharat Natural Gas Corporation (BNGC) - Fictional Dummy Company,BNGC700098,2022,Feb-2022,Q1,Exploration & Production,Mumbai High Offshore,Offshore Field,Maharashtra,N/A,12.64,14.95,84.55,6.95,84.22,41.09,43.13,51.21,0.064,0,0,80,39,6.87
Bharat Natural Gas Corporation (BNGC) - Fictional Dummy Company,BNGC700099,2022,Mar-2022,Q1,Exploration & Production,Mumbai High Offshore,Offshore Field,Maharashtra,N/A,12.53,14.95,83.81,6.98,83.84,37.26,46.58,55.56,0.089,0,0,80,38,9.43
Bharat Natural Gas Corporation (BNGC) - Fictional Dummy Company,BNGC700100,2022,Apr-2022,Q2,Exploration & Production,Mumbai High Offshore,Offshore Field,Maharashtra,N/A,11.9,14.95,79.6,6.55,74.72,34.39,40.33,53.97,0.198,0,0,80,39,5.92
Bharat Natural Gas Corporation (BNGC) - Fictional Dummy Company,BNGC700101,2022,May-2022,Q2,Exploration & Production,Mumbai High Offshore,Offshore Field,Maharashtra,N/A,11.74,14.95,78.53,7.46,83.96,30.47,53.49,63.71,0.183,0,0,80,38,7.86
Bharat Natural Gas Corporation (BNGC) - Fictional Dummy Company,BNGC700102,2022,Jun-2022,Q2,Exploration & Production,Mumbai High Offshore,Offshore Field,Maharashtra,N/A,12.2,14.95,81.61,7.11,83.16,37.08,46.08,55.41,0.111,0,0,80,38,4.08
Bharat Natural Gas Corporation (BNGC) - Fictional Dummy Company,BNGC700103,2022,Jul-2022,Q3,Exploration & Production,Mumbai High Offshore,Offshore Field,Maharashtra,N/A,11.33,14.95,75.79,6.98,75.81,37.34,38.47,50.75,0.21,0,0,80,39,8.66
Bharat Natural Gas Corporation (BNGC) - Fictional Dummy Company,BNGC700104,2022,Aug-2022,Q3,Exploration & Production,Mumbai High Offshore,Offshore Field,Maharashtra,N/A,11.53,14.95,77.12,6.67,73.73,27.04,46.69,63.33,0.196,0,0,80,38,8.81
Bharat Natural Gas Corporation (BNGC) - Fictional Dummy Company,BNGC700105,2022,Sep-2022,Q3,Exploration & Production,Mumbai High Offshore,Offshore Field,Maharashtra,N/A,12.08,14.95,80.8,6.92,80.14,36.37,43.77,54.62,0.103,0,0,80,38,6.14
Bharat Natural Gas Corporation (BNGC) - Fictional Dummy Company,BNGC700106,2022,Oct-2022,Q4,Exploration & Production,Mumbai High Offshore,Offshore Field,Maharashtra,N/A,11.31,14.95,75.65,6.2,67.22,25.14,42.08,62.6,0.164,0,0,80,38,4.78
Bharat Natural Gas Corporation (BNGC) - Fictional Dummy Company,BNGC700107,2022,Nov-2022,Q4,Exploration & Production,Mumbai High Offshore,Offshore Field,Maharashtra,N/A,11.19,14.95,74.85,6.15,65.97,24.7,41.27,62.56,0.142,0,0,80,38,8.86
Bharat Natural Gas Corporation (BNGC) - Fictional Dummy Company,BNGC700108,2022,Dec-2022,Q4,Exploration & Production,Mumbai High Offshore,Offshore Field,Maharashtra,N/A,11.93,14.95,79.8,6.61,75.6,31.55,44.05,58.27,0.121,0,0,80,38,5.29
Bharat Natural Gas Corporation (BNGC) - Fictional Dummy Company,BNGC700109,2023,Jan-2023,Q1,Exploration & Production,Mumbai High Offshore,Offshore Field,Maharashtra,N/A,12.31,14.95,82.34,7.17,84.61,30.95,53.66,63.42,0.064,0,0,80,39,8.05
Bharat Natural Gas Corporation (BNGC) - Fictional Dummy Company,BNGC700110,2023,Feb-2023,Q1,Exploration & Production,Mumbai High Offshore,Offshore Field,Maharashtra,N/A,12.09,14.95,80.87,6.76,78.35,32.38,45.97,58.67,0.108,0,0,80,38,8.07
Bharat Natural Gas Corporation (BNGC) - Fictional Dummy Company,BNGC700111,2023,Mar-2023,Q1,Exploration & Production,Mumbai High Offshore,Offshore Field,Maharashtra,N/A,12.6,14.95,84.28,7.23,87.33,34.72,52.61,60.24,0.137,0,0,80,38,4.67
Bharat Natural Gas Corporation (BNGC) - Fictional Dummy Company,BNGC700112,2023,Apr-2023,Q2,Exploration & Production,Mumbai High Offshore,Offshore Field,Maharashtra,N/A,11.7,14.95,78.26,6.38,71.56,29.3,42.26,59.06,0.108,0,0,80,39,9.03
Bharat Natural Gas Corporation (BNGC) - Fictional Dummy Company,BNGC700113,2023,May-2023,Q2,Exploration & Production,Mumbai High Offshore,Offshore Field,Maharashtra,N/A,11.44,14.95,76.52,6.46,70.85,26.95,43.9,61.96,0.224,0,0,80,38,7.68
Bharat Natural Gas Corporation (BNGC) - Fictional Dummy Company,BNGC700114,2023,Jun-2023,Q2,Exploration & Production,Mumbai High Offshore,Offshore Field,Maharashtra,N/A,11.72,14.95,78.39,7.28,81.79,36.72,45.07,55.1,0.165,0,0,80,39,8.39
Bharat Natural Gas Corporation (BNGC) - Fictional Dummy Company,BNGC700115,2023,Jul-2023,Q3,Exploration & Production,Mumbai High Offshore,Offshore Field,Maharashtra,N/A,11.76,14.95,78.66,6.1,68.77,26.29,42.48,61.77,0.164,0,0,80,39,3.74
Bharat Natural Gas Corporation (BNGC) - Fictional Dummy Company,BNGC700116,2023,Aug-2023,Q3,Exploration & Production,Mumbai High Offshore,Offshore Field,Maharashtra,N/A,10.89,14.95,72.84,7.44,77.67,29.09,48.58,62.55,0.115,0,0,80,38,3.64
Bharat Natural Gas Corporation (BNGC) - Fictional Dummy Company,BNGC700117,2023,Sep-2023,Q3,Exploration & Production,Mumbai High Offshore,Offshore Field,Maharashtra,N/A,11.49,14.95,76.86,6.47,71.27,32.56,38.71,54.31,0.109,0,0,80,38,7.96
Bharat Natural Gas Corporation (BNGC) - Fictional Dummy Company,BNGC700118,2023,Oct-2023,Q4,Exploration & Production,Mumbai High Offshore,Offshore Field,Maharashtra,N/A,10.84,14.95,72.51,6.17,64.12,26.37,37.75,58.87,0.209,0,0,80,39,6.2
Bharat Natural Gas Corporation (BNGC) - Fictional Dummy Company,BNGC700119,2023,Nov-2023,Q4,Exploration & Production,Mumbai High Offshore,Offshore Field,Maharashtra,N/A,11.71,14.95,78.33,6.53,73.3,29.9,43.4,59.21,0.097,0,0,80,38,3.71
Bharat Natural Gas Corporation (BNGC) - Fictional Dummy Company,BNGC700120,2023,Dec-2023,Q4,Exploration & Production,Mumbai High Offshore,Offshore Field,Maharashtra,N/A,10.85,14.95,72.58,6.85,71.25,31.59,39.66,55.66,0.191,0,0,80,38,7.6
Bharat Natural Gas Corporation (BNGC) - Fictional Dummy Company,BNGC700121,2024,Jan-2024,Q1,Exploration & Production,Mumbai High Offshore,Offshore Field,Maharashtra,N/A,10.81,14.95,72.31,6.21,64.35,22.69,41.66,64.74,0.108,0,0,80,38,6.72
Bharat Natural Gas Corporation (BNGC) - Fictional Dummy Company,BNGC700122,2024,Feb-2024,Q1,Exploration & Production,Mumbai High Offshore,Offshore Field,Maharashtra,N/A,11.76,14.95,78.66,6.93,78.13,37.06,41.07,52.57,0.08,0,0,80,38,8.92
Bharat Natural Gas Corporation (BNGC) - Fictional Dummy Company,BNGC700123,2024,Mar-2024,Q1,Exploration & Production,Mumbai High Offshore,Offshore Field,Maharashtra,N/A,11.73,14.95,78.46,6.63,74.55,35.41,39.14,52.5,0.222,0,0,80,38,9.46
Bharat Natural Gas Corporation (BNGC) - Fictional Dummy Company,BNGC700124,2024,Apr-2024,Q2,Exploration & Production,Mumbai High Offshore,Offshore Field,Maharashtra,N/A,11.65,14.95,77.93,7.17,80.08,34.74,45.34,56.62,0.228,0,0,80,38,8.25
Bharat Natural Gas Corporation (BNGC) - Fictional Dummy Company,BNGC700125,2024,May-2024,Q2,Exploration & Production,Mumbai High Offshore,Offshore Field,Maharashtra,N/A,11.16,14.95,74.65,6.25,66.87,29.77,37.1,55.48,0.153,0,0,80,38,4.41
Bharat Natural Gas Corporation (BNGC) - Fictional Dummy Company,BNGC700126,2024,Jun-2024,Q2,Exploration & Production,Mumbai High Offshore,Offshore Field,Maharashtra,N/A,11.58,14.95,77.46,6.96,77.26,29.0,48.26,62.46,0.084,0,0,80,38,4.77
Bharat Natural Gas Corporation (BNGC) - Fictional Dummy Company,BNGC700127,2024,Jul-2024,Q3,Exploration & Production,Mumbai High Offshore,Offshore Field,Maharashtra,N/A,10.21,14.95,68.29,7.39,72.33,29.14,43.19,59.71,0.093,0,0,80,39,5.74
Bharat Natural Gas Corporation (BNGC) - Fictional Dummy Company,BNGC700128,2024,Aug-2024,Q3,Exploration & Production,Mumbai High Offshore,Offshore Field,Maharashtra,N/A,11.32,14.95,75.72,6.53,70.86,27.61,43.25,61.04,0.193,0,0,80,38,9.16
Bharat Natural Gas Corporation (BNGC) - Fictional Dummy Company,BNGC700129,2024,Sep-2024,Q3,Exploration & Production,Mumbai High Offshore,Offshore Field,Maharashtra,N/A,10.88,14.95,72.78,6.72,70.09,25.58,44.51,63.5,0.157,0,0,80,38,8.91
Bharat Natural Gas Corporation (BNGC) - Fictional Dummy Company,BNGC700130,2024,Oct-2024,Q4,Exploration & Production,Mumbai High Offshore,Offshore Field,Maharashtra,N/A,10.29,14.95,68.83,6.73,66.39,28.38,38.01,57.25,0.13,0,0,80,39,5.68
Bharat Natural Gas Corporation (BNGC) - Fictional Dummy Company,BNGC700131,2024,Nov-2024,Q4,Exploration & Production,Mumbai High Offshore,Offshore Field,Maharashtra,N/A,10.59,14.95,70.84,6.86,69.64,33.15,36.49,52.4,0.064,0,0,80,38,5.55
Bharat Natural Gas Corporation (BNGC) - Fictional Dummy Company,BNGC700132,2024,Dec-2024,Q4,Exploration & Production,Mumbai High Offshore,Offshore Field,Maharashtra,N/A,10.75,14.95,71.91,7.29,75.13,29.64,45.49,60.55,0.142,0,0,80,38,4.14
Bharat Natural Gas Corporation (BNGC) - Fictional Dummy Company,BNGC700133,2025,Jan-2025,Q1,Exploration & Production,Mumbai High Offshore,Offshore Field,Maharashtra,N/A,10.82,14.95,72.37,6.7,69.5,29.56,39.94,57.47,0.174,0,0,80,39,6.17
Bharat Natural Gas Corporation (BNGC) - Fictional Dummy Company,BNGC700134,2025,Feb-2025,Q1,Exploration & Production,Mumbai High Offshore,Offshore Field,Maharashtra,N/A,11.07,14.95,74.05,7.02,74.5,26.97,47.53,63.8,0.196,0,0,80,38,4.72
Bharat Natural Gas Corporation (BNGC) - Fictional Dummy Company,BNGC700135,2025,Mar-2025,Q1,Exploration & Production,Mumbai High Offshore,Offshore Field,Maharashtra,N/A,10.73,14.95,71.77,6.42,66.04,24.98,41.06,62.17,0.126,0,0,80,38,4.85
Bharat Natural Gas Corporation (BNGC) - Fictional Dummy Company,BNGC700136,2025,Apr-2025,Q2,Exploration & Production,Mumbai High Offshore,Offshore Field,Maharashtra,N/A,11.29,14.95,75.52,7.43,80.42,36.21,44.21,54.97,0.098,0,0,80,38,7.25
Bharat Natural Gas Corporation (BNGC) - Fictional Dummy Company,BNGC700137,2025,May-2025,Q2,Exploration & Production,Mumbai High Offshore,Offshore Field,Maharashtra,N/A,10.51,14.95,70.3,7.09,71.43,26.63,44.8,62.72,0.086,0,0,80,38,7.65
Bharat Natural Gas Corporation (BNGC) - Fictional Dummy Company,BNGC700138,2025,Jun-2025,Q2,Exploration & Production,Mumbai High Offshore,Offshore Field,Maharashtra,N/A,10.11,14.95,67.63,6.02,58.35,24.58,33.77,57.87,0.131,0,0,80,38,8.44
Bharat Natural Gas Corporation (BNGC) - Fictional Dummy Company,BNGC700139,2025,Jul-2025,Q3,Exploration & Production,Mumbai High Offshore,Offshore Field,Maharashtra,N/A,9.99,14.95,66.82,7.25,69.43,27.15,42.28,60.9,0.064,0,0,80,38,6.46
Bharat Natural Gas Corporation (BNGC) - Fictional Dummy Company,BNGC700140,2025,Aug-2025,Q3,Exploration & Production,Mumbai High Offshore,Offshore Field,Maharashtra,N/A,10.69,14.95,71.51,7.0,71.74,26.11,45.63,63.6,0.095,0,0,80,39,4.85
Bharat Natural Gas Corporation (BNGC) - Fictional Dummy Company,BNGC700141,2025,Sep-2025,Q3,Exploration & Production,Mumbai High Offshore,Offshore Field,Maharashtra,N/A,9.74,14.95,65.15,7.32,68.35,27.66,40.69,59.53,0.143,0,0,80,38,8.81
Bharat Natural Gas Corporation (BNGC) - Fictional Dummy Company,BNGC700142,2025,Oct-2025,Q4,Exploration & Production,Mumbai High Offshore,Offshore Field,Maharashtra,N/A,9.68,14.95,64.75,7.24,67.19,26.2,40.99,61.01,0.075,0,0,80,39,5.33
Bharat Natural Gas Corporation (BNGC) - Fictional Dummy Company,BNGC700143,2025,Nov-2025,Q4,Exploration & Production,Mumbai High Offshore,Offshore Field,Maharashtra,N/A,9.84,14.95,65.82,6.64,62.64,28.29,34.35,54.84,0.094,0,0,80,39,8.3
Bharat Natural Gas Corporation (BNGC) - Fictional Dummy Company,BNGC700144,2025,Dec-2025,Q4,Exploration & Production,Mumbai High Offshore,Offshore Field,Maharashtra,N/A,11.07,14.95,74.05,6.48,68.77,26.56,42.21,61.38,0.078,0,0,80,38,6.69
Bharat Natural Gas Corporation (BNGC) - Fictional Dummy Company,BNGC700145,2020,Jan-2020,Q1,Exploration & Production,Cambay Basin Field,Onshore Field,Gujarat,N/A,4.22,4.83,87.37,6.4,25.89,11.79,14.1,54.46,0.038,0,0,18,15,6.23
Bharat Natural Gas Corporation (BNGC) - Fictional Dummy Company,BNGC700146,2020,Feb-2020,Q1,Exploration & Production,Cambay Basin Field,Onshore Field,Gujarat,N/A,4.09,4.83,84.68,7.22,28.31,11.63,16.68,58.92,0.029,0,0,18,16,8.53
Bharat Natural Gas Corporation (BNGC) - Fictional Dummy Company,BNGC700147,2020,Mar-2020,Q1,Exploration & Production,Cambay Basin Field,Onshore Field,Gujarat,N/A,4.13,4.83,85.51,6.11,24.19,10.32,13.87,57.34,0.051,0,0,18,16,7.17
Bharat Natural Gas Corporation (BNGC) - Fictional Dummy Company,BNGC700148,2020,Apr-2020,Q2,Exploration & Production,Cambay Basin Field,Onshore Field,Gujarat,N/A,4.36,4.83,90.27,6.12,25.58,11.57,14.01,54.77,0.028,0,0,18,15,8.04
Bharat Natural Gas Corporation (BNGC) - Fictional Dummy Company,BNGC700149,2020,May-2020,Q2,Exploration & Production,Cambay Basin Field,Onshore Field,Gujarat,N/A,4.15,4.83,85.92,6.33,25.18,9.5,15.68,62.27,0.046,0,0,18,15,6.26
Bharat Natural Gas Corporation (BNGC) - Fictional Dummy Company,BNGC700150,2020,Jun-2020,Q2,Exploration & Production,Cambay Basin Field,Onshore Field,Gujarat,N/A,4.01,4.83,83.02,6.12,23.53,10.63,12.9,54.82,0.045,0,0,18,15,3.53
Bharat Natural Gas Corporation (BNGC) - Fictional Dummy Company,BNGC700151,2020,Jul-2020,Q3,Exploration & Production,Cambay Basin Field,Onshore Field,Gujarat,N/A,3.92,4.83,81.16,6.29,23.64,9.74,13.9,58.8,0.035,0,0,18,15,6.18
Bharat Natural Gas Corporation (BNGC) - Fictional Dummy Company,BNGC700152,2020,Aug-2020,Q3,Exploration & Production,Cambay Basin Field,Onshore Field,Gujarat,N/A,4.18,4.83,86.54,7.36,29.49,11.24,18.25,61.89,0.084,0,0,18,15,6.07
Bharat Natural Gas Corporation (BNGC) - Fictional Dummy Company,BNGC700153,2020,Sep-2020,Q3,Exploration & Production,Cambay Basin Field,Onshore Field,Gujarat,N/A,4.2,4.83,86.96,6.51,26.21,12.61,13.6,51.89,0.078,0,0,18,15,5.69
Bharat Natural Gas Corporation (BNGC) - Fictional Dummy Company,BNGC700154,2020,Oct-2020,Q4,Exploration & Production,Cambay Basin Field,Onshore Field,Gujarat,N/A,4.2,4.83,86.96,6.85,27.58,11.98,15.6,56.56,0.07,0,0,18,15,6.02
Bharat Natural Gas Corporation (BNGC) - Fictional Dummy Company,BNGC700155,2020,Nov-2020,Q4,Exploration & Production,Cambay Basin Field,Onshore Field,Gujarat,N/A,4.18,4.83,86.54,7.42,29.73,11.23,18.5,62.23,0.045,0,0,18,15,6.28
Bharat Natural Gas Corporation (BNGC) - Fictional Dummy Company,BNGC700156,2020,Dec-2020,Q4,Exploration & Production,Cambay Basin Field,Onshore Field,Gujarat,N/A,4.09,4.83,84.68,7.35,28.82,12.04,16.78,58.22,0.073,0,0,18,15,9.22
Bharat Natural Gas Corporation (BNGC) - Fictional Dummy Company,BNGC700157,2021,Jan-2021,Q1,Exploration & Production,Cambay Basin Field,Onshore Field,Gujarat,N/A,4.07,4.83,84.27,7.39,28.83,11.08,17.75,61.57,0.063,0,0,18,15,6.67
Bharat Natural Gas Corporation (BNGC) - Fictional Dummy Company,BNGC700158,2021,Feb-2021,Q1,Exploration & Production,Cambay Basin Field,Onshore Field,Gujarat,N/A,4.16,4.83,86.13,6.37,25.4,12.5,12.9,50.79,0.075,0,0,18,15,8.14
Bharat Natural Gas Corporation (BNGC) - Fictional Dummy Company,BNGC700159,2021,Mar-2021,Q1,Exploration & Production,Cambay Basin Field,Onshore Field,Gujarat,N/A,3.99,4.83,82.61,6.43,24.59,9.56,15.03,61.12,0.021,0,0,18,15,5.87
Bharat Natural Gas Corporation (BNGC) - Fictional Dummy Company,BNGC700160,2021,Apr-2021,Q2,Exploration & Production,Cambay Basin Field,Onshore Field,Gujarat,N/A,4.32,4.83,89.44,6.05,25.06,10.64,14.42,57.54,0.075,0,0,18,15,6.83
Bharat Natural Gas Corporation (BNGC) - Fictional Dummy Company,BNGC700161,2021,May-2021,Q2,Exploration & Production,Cambay Basin Field,Onshore Field,Gujarat,N/A,3.97,4.83,82.19,6.26,23.82,9.11,14.71,61.75,0.079,0,0,18,15,8.87
Bharat Natural Gas Corporation (BNGC) - Fictional Dummy Company,BNGC700162,2021,Jun-2021,Q2,Exploration & Production,Cambay Basin Field,Onshore Field,Gujarat,N/A,3.99,4.83,82.61,6.45,24.67,11.27,13.4,54.32,0.055,0,0,18,16,8.78
Bharat Natural Gas Corporation (BNGC) - Fictional Dummy Company,BNGC700163,2021,Jul-2021,Q3,Exploration & Production,Cambay Basin Field,Onshore Field,Gujarat,N/A,4.04,4.83,83.64,6.8,26.34,10.67,15.67,59.49,0.047,0,0,18,16,7.36
Bharat Natural Gas Corporation (BNGC) - Fictional Dummy Company,BNGC700164,2021,Aug-2021,Q3,Exploration & Production,Cambay Basin Field,Onshore Field,Gujarat,N/A,3.7,4.83,76.6,7.13,25.29,11.62,13.67,54.05,0.072,0,0,18,16,8.91
Bharat Natural Gas Corporation (BNGC) - Fictional Dummy Company,BNGC700165,2021,Sep-2021,Q3,Exploration & Production,Cambay Basin Field,Onshore Field,Gujarat,N/A,3.9,4.83,80.75,7.35,27.48,12.51,14.97,54.48,0.049,0,0,18,15,3.93
Bharat Natural Gas Corporation (BNGC) - Fictional Dummy Company,BNGC700166,2021,Oct-2021,Q4,Exploration & Production,Cambay Basin Field,Onshore Field,Gujarat,N/A,4.01,4.83,83.02,7.26,27.91,13.84,14.07,50.41,0.066,0,0,18,15,3.5
Bharat Natural Gas Corporation (BNGC) - Fictional Dummy Company,BNGC700167,2021,Nov-2021,Q4,Exploration & Production,Cambay Basin Field,Onshore Field,Gujarat,N/A,3.91,4.83,80.95,7.43,27.85,11.4,16.45,59.07,0.068,0,0,18,15,4.06
Bharat Natural Gas Corporation (BNGC) - Fictional Dummy Company,BNGC700168,2021,Dec-2021,Q4,Exploration & Production,Cambay Basin Field,Onshore Field,Gujarat,N/A,3.94,4.83,81.57,6.56,24.78,11.79,12.99,52.42,0.045,0,0,18,16,8.65
Bharat Natural Gas Corporation (BNGC) - Fictional Dummy Company,BNGC700169,2022,Jan-2022,Q1,Exploration & Production,Cambay Basin Field,Onshore Field,Gujarat,N/A,3.91,4.83,80.95,7.08,26.54,10.13,16.41,61.83,0.076,0,0,18,16,5.97
Bharat Natural Gas Corporation (BNGC) - Fictional Dummy Company,BNGC700170,2022,Feb-2022,Q1,Exploration & Production,Cambay Basin Field,Onshore Field,Gujarat,N/A,3.83,4.83,79.3,6.15,22.58,11.03,11.55,51.15,0.031,0,0,18,15,8.94
Bharat Natural Gas Corporation (BNGC) - Fictional Dummy Company,BNGC700171,2022,Mar-2022,Q1,Exploration & Production,Cambay Basin Field,Onshore Field,Gujarat,N/A,4.1,4.83,84.89,6.82,26.81,9.44,17.37,64.79,0.055,0,0,18,15,7.6
Bharat Natural Gas Corporation (BNGC) - Fictional Dummy Company,BNGC700172,2022,Apr-2022,Q2,Exploration & Production,Cambay Basin Field,Onshore Field,Gujarat,N/A,4.04,4.83,83.64,6.54,25.33,9.64,15.69,61.94,0.034,0,0,18,15,9.07
Bharat Natural Gas Corporation (BNGC) - Fictional Dummy Company,BNGC700173,2022,May-2022,Q2,Exploration & Production,Cambay Basin Field,Onshore Field,Gujarat,N/A,4.07,4.83,84.27,6.55,25.56,12.7,12.86,50.31,0.071,0,0,18,15,7.17
Bharat Natural Gas Corporation (BNGC) - Fictional Dummy Company,BNGC700174,2022,Jun-2022,Q2,Exploration & Production,Cambay Basin Field,Onshore Field,Gujarat,N/A,3.91,4.83,80.95,6.25,23.43,10.08,13.35,56.98,0.073,0,0,18,15,7.24
Bharat Natural Gas Corporation (BNGC) - Fictional Dummy Company,BNGC700175,2022,Jul-2022,Q3,Exploration & Production,Cambay Basin Field,Onshore Field,Gujarat,N/A,3.61,4.83,74.74,7.47,25.85,11.36,14.49,56.05,0.031,0,0,18,15,3.53
Bharat Natural Gas Corporation (BNGC) - Fictional Dummy Company,BNGC700176,2022,Aug-2022,Q3,Exploration & Production,Cambay Basin Field,Onshore Field,Gujarat,N/A,3.59,4.83,74.33,6.7,23.06,10.28,12.78,55.42,0.02,0,0,18,15,7.43
Bharat Natural Gas Corporation (BNGC) - Fictional Dummy Company,BNGC700177,2022,Sep-2022,Q3,Exploration & Production,Cambay Basin Field,Onshore Field,Gujarat,N/A,3.85,4.83,79.71,7.46,27.53,12.56,14.97,54.38,0.052,0,0,18,15,5.85
Bharat Natural Gas Corporation (BNGC) - Fictional Dummy Company,BNGC700178,2022,Oct-2022,Q4,Exploration & Production,Cambay Basin Field,Onshore Field,Gujarat,N/A,3.61,4.83,74.74,6.26,21.66,10.09,11.57,53.42,0.034,0,0,18,15,8.22
Bharat Natural Gas Corporation (BNGC) - Fictional Dummy Company,BNGC700179,2022,Nov-2022,Q4,Exploration & Production,Cambay Basin Field,Onshore Field,Gujarat,N/A,3.86,4.83,79.92,7.33,27.12,11.25,15.87,58.52,0.041,0,0,18,16,8.54
Bharat Natural Gas Corporation (BNGC) - Fictional Dummy Company,BNGC700180,2022,Dec-2022,Q4,Exploration & Production,Cambay Basin Field,Onshore Field,Gujarat,N/A,3.87,4.83,80.12,7.28,27.01,12.99,14.02,51.91,0.056,0,0,18,15,3.54
Bharat Natural Gas Corporation (BNGC) - Fictional Dummy Company,BNGC700181,2023,Jan-2023,Q1,Exploration & Production,Cambay Basin Field,Onshore Field,Gujarat,N/A,3.63,4.83,75.16,6.76,23.52,8.45,15.07,64.07,0.046,0,0,18,15,3.77
Bharat Natural Gas Corporation (BNGC) - Fictional Dummy Company,BNGC700182,2023,Feb-2023,Q1,Exploration & Production,Cambay Basin Field,Onshore Field,Gujarat,N/A,3.94,4.83,81.57,6.38,24.1,9.0,15.1,62.66,0.072,0,0,18,15,6.47
Bharat Natural Gas Corporation (BNGC) - Fictional Dummy Company,BNGC700183,2023,Mar-2023,Q1,Exploration & Production,Cambay Basin Field,Onshore Field,Gujarat,N/A,3.8,4.83,78.67,6.31,22.99,10.5,12.49,54.33,0.065,0,0,18,15,4.81
Bharat Natural Gas Corporation (BNGC) - Fictional Dummy Company,BNGC700184,2023,Apr-2023,Q2,Exploration & Production,Cambay Basin Field,Onshore Field,Gujarat,N/A,3.86,4.83,79.92,6.03,22.31,9.59,12.72,57.01,0.031,0,0,18,15,3.77
Bharat Natural Gas Corporation (BNGC) - Fictional Dummy Company,BNGC700185,2023,May-2023,Q2,Exploration & Production,Cambay Basin Field,Onshore Field,Gujarat,N/A,3.89,4.83,80.54,7.34,27.37,10.04,17.33,63.32,0.03,0,0,18,15,4.44
Bharat Natural Gas Corporation (BNGC) - Fictional Dummy Company,BNGC700186,2023,Jun-2023,Q2,Exploration & Production,Cambay Basin Field,Onshore Field,Gujarat,N/A,3.87,4.83,80.12,7.2,26.71,9.35,17.36,64.99,0.02,0,0,18,15,6.44
Bharat Natural Gas Corporation (BNGC) - Fictional Dummy Company,BNGC700187,2023,Jul-2023,Q3,Exploration & Production,Cambay Basin Field,Onshore Field,Gujarat,N/A,3.49,4.83,72.26,6.19,20.71,8.42,12.29,59.34,0.049,0,0,18,16,8.54
Bharat Natural Gas Corporation (BNGC) - Fictional Dummy Company,BNGC700188,2023,Aug-2023,Q3,Exploration & Production,Cambay Basin Field,Onshore Field,Gujarat,N/A,3.6,4.83,74.53,6.31,21.78,9.3,12.48,57.3,0.039,0,0,18,16,8.81
Bharat Natural Gas Corporation (BNGC) - Fictional Dummy Company,BNGC700189,2023,Sep-2023,Q3,Exploration & Production,Cambay Basin Field,Onshore Field,Gujarat,N/A,3.74,4.83,77.43,6.61,23.7,11.06,12.64,53.33,0.049,0,0,18,15,4.47
Bharat Natural Gas Corporation (BNGC) - Fictional Dummy Company,BNGC700190,2023,Oct-2023,Q4,Exploration & Production,Cambay Basin Field,Onshore Field,Gujarat,N/A,3.62,4.83,74.95,6.83,23.7,8.72,14.98,63.21,0.067,0,0,18,16,7.74
Bharat Natural Gas Corporation (BNGC) - Fictional Dummy Company,BNGC700191,2023,Nov-2023,Q4,Exploration & Production,Cambay Basin Field,Onshore Field,Gujarat,N/A,3.6,4.83,74.53,6.58,22.71,9.93,12.78,56.27,0.065,0,0,18,16,4.36
Bharat Natural Gas Corporation (BNGC) - Fictional Dummy Company,BNGC700192,2023,Dec-2023,Q4,Exploration & Production,Cambay Basin Field,Onshore Field,Gujarat,N/A,3.55,4.83,73.5,7.17,24.4,10.02,14.38,58.93,0.052,0,0,18,16,9.23
Bharat Natural Gas Corporation (BNGC) - Fictional Dummy Company,BNGC700193,2024,Jan-2024,Q1,Exploration & Production,Cambay Basin Field,Onshore Field,Gujarat,N/A,3.66,4.83,75.78,6.64,23.3,8.25,15.05,64.59,0.041,0,0,18,15,6.75
Bharat Natural Gas Corporation (BNGC) - Fictional Dummy Company,BNGC700194,2024,Feb-2024,Q1,Exploration & Production,Cambay Basin Field,Onshore Field,Gujarat,N/A,3.76,4.83,77.85,6.32,22.78,10.73,12.05,52.9,0.071,0,0,18,15,6.14
Bharat Natural Gas Corporation (BNGC) - Fictional Dummy Company,BNGC700195,2024,Mar-2024,Q1,Exploration & Production,Cambay Basin Field,Onshore Field,Gujarat,N/A,3.72,4.83,77.02,7.23,25.78,11.48,14.3,55.47,0.066,0,0,18,15,4.19
Bharat Natural Gas Corporation (BNGC) - Fictional Dummy Company,BNGC700196,2024,Apr-2024,Q2,Exploration & Production,Cambay Basin Field,Onshore Field,Gujarat,N/A,3.89,4.83,80.54,6.06,22.6,10.5,12.1,53.54,0.031,0,0,18,16,4.35
Bharat Natural Gas Corporation (BNGC) - Fictional Dummy Company,BNGC700197,2024,May-2024,Q2,Exploration & Production,Cambay Basin Field,Onshore Field,Gujarat,N/A,3.58,4.83,74.12,7.45,25.57,12.71,12.86,50.29,0.028,0,0,18,16,8.15
Bharat Natural Gas Corporation (BNGC) - Fictional Dummy Company,BNGC700198,2024,Jun-2024,Q2,Exploration & Production,Cambay Basin Field,Onshore Field,Gujarat,N/A,3.54,4.83,73.29,6.45,21.89,8.95,12.94,59.11,0.048,0,0,18,15,9.23
Bharat Natural Gas Corporation (BNGC) - Fictional Dummy Company,BNGC700199,2024,Jul-2024,Q3,Exploration & Production,Cambay Basin Field,Onshore Field,Gujarat,N/A,3.44,4.83,71.22,6.67,22.0,10.36,11.64,52.91,0.04,0,0,18,15,6.4
Bharat Natural Gas Corporation (BNGC) - Fictional Dummy Company,BNGC700200,2024,Aug-2024,Q3,Exploration & Production,Cambay Basin Field,Onshore Field,Gujarat,N/A,3.46,4.83,71.64,7.46,24.74,11.95,12.79,51.7,0.058,0,0,18,15,5.73
Bharat Natural Gas Corporation (BNGC) - Fictional Dummy Company,BNGC700201,2024,Sep-2024,Q3,Exploration & Production,Cambay Basin Field,Onshore Field,Gujarat,N/A,3.31,4.83,68.53,7.34,23.29,10.2,13.09,56.2,0.025,0,0,18,15,6.39
Bharat Natural Gas Corporation (BNGC) - Fictional Dummy Company,BNGC700202,2024,Oct-2024,Q4,Exploration & Production,Cambay Basin Field,Onshore Field,Gujarat,N/A,3.39,4.83,70.19,6.84,22.23,8.44,13.79,62.03,0.038,0,0,18,15,7.62
Bharat Natural Gas Corporation (BNGC) - Fictional Dummy Company,BNGC700203,2024,Nov-2024,Q4,Exploration & Production,Cambay Basin Field,Onshore Field,Gujarat,N/A,3.26,4.83,67.49,7.21,22.53,9.88,12.65,56.15,0.02,0,0,18,15,8.22
Bharat Natural Gas Corporation (BNGC) - Fictional Dummy Company,BNGC700204,2024,Dec-2024,Q4,Exploration & Production,Cambay Basin Field,Onshore Field,Gujarat,N/A,3.42,4.83,70.81,6.06,19.87,9.81,10.06,50.63,0.032,0,0,18,15,4.58
Bharat Natural Gas Corporation (BNGC) - Fictional Dummy Company,BNGC700205,2025,Jan-2025,Q1,Exploration & Production,Cambay Basin Field,Onshore Field,Gujarat,N/A,3.57,4.83,73.91,6.74,23.07,8.93,14.14,61.29,0.028,0,0,18,15,6.49
Bharat Natural Gas Corporation (BNGC) - Fictional Dummy Company,BNGC700206,2025,Feb-2025,Q1,Exploration & Production,Cambay Basin Field,Onshore Field,Gujarat,N/A,3.77,4.83,78.05,7.22,26.09,9.98,16.11,61.75,0.07,0,0,18,16,3.89
Bharat Natural Gas Corporation (BNGC) - Fictional Dummy Company,BNGC700207,2025,Mar-2025,Q1,Exploration & Production,Cambay Basin Field,Onshore Field,Gujarat,N/A,3.73,4.83,77.23,6.61,23.64,10.46,13.18,55.75,0.068,0,0,18,15,8.12
Bharat Natural Gas Corporation (BNGC) - Fictional Dummy Company,BNGC700208,2025,Apr-2025,Q2,Exploration & Production,Cambay Basin Field,Onshore Field,Gujarat,N/A,3.43,4.83,71.01,6.45,21.21,8.94,12.27,57.85,0.053,0,0,18,15,7.05
Bharat Natural Gas Corporation (BNGC) - Fictional Dummy Company,BNGC700209,2025,May-2025,Q2,Exploration & Production,Cambay Basin Field,Onshore Field,Gujarat,N/A,3.67,4.83,75.98,6.05,21.29,8.89,12.4,58.24,0.045,0,0,18,16,8.61
Bharat Natural Gas Corporation (BNGC) - Fictional Dummy Company,BNGC700210,2025,Jun-2025,Q2,Exploration & Production,Cambay Basin Field,Onshore Field,Gujarat,N/A,3.42,4.83,70.81,7.1,23.28,8.95,14.33,61.55,0.025,0,0,18,15,7.01
Bharat Natural Gas Corporation (BNGC) - Fictional Dummy Company,BNGC700211,2025,Jul-2025,Q3,Exploration & Production,Cambay Basin Field,Onshore Field,Gujarat,N/A,3.29,4.83,68.12,6.61,20.85,9.74,11.11,53.29,0.034,0,0,18,15,8.98
Bharat Natural Gas Corporation (BNGC) - Fictional Dummy Company,BNGC700212,2025,Aug-2025,Q3,Exploration & Production,Cambay Basin Field,Onshore Field,Gujarat,N/A,3.14,4.83,65.01,7.1,21.37,10.19,11.18,52.32,0.027,0,0,18,15,7.16
Bharat Natural Gas Corporation (BNGC) - Fictional Dummy Company,BNGC700213,2025,Sep-2025,Q3,Exploration & Production,Cambay Basin Field,Onshore Field,Gujarat,N/A,3.38,4.83,69.98,7.1,23.01,8.75,14.26,61.97,0.017,0,0,18,15,4.53
Bharat Natural Gas Corporation (BNGC) - Fictional Dummy Company,BNGC700214,2025,Oct-2025,Q4,Exploration & Production,Cambay Basin Field,Onshore Field,Gujarat,N/A,3.21,4.83,66.46,7.04,21.66,10.65,11.01,50.83,0.054,0,0,18,16,9.05
Bharat Natural Gas Corporation (BNGC) - Fictional Dummy Company,BNGC700215,2025,Nov-2025,Q4,Exploration & Production,Cambay Basin Field,Onshore Field,Gujarat,N/A,3.41,4.83,70.6,7.15,23.37,10.55,12.82,54.86,0.057,0,0,18,15,5.31
Bharat Natural Gas Corporation (BNGC) - Fictional Dummy Company,BNGC700216,2025,Dec-2025,Q4,Exploration & Production,Cambay Basin Field,Onshore Field,Gujarat,N/A,3.18,4.83,65.84,7.29,22.22,10.29,11.93,53.69,0.039,0,0,18,15,6.5
Bharat Natural Gas Corporation (BNGC) - Fictional Dummy Company,BNGC700217,2020,Jan-2020,Q1,Exploration & Production,Assam Gas Field,Onshore Field,Assam,N/A,3.53,4.14,85.27,7.5,25.38,8.92,16.46,64.85,0.05,0,0,14,12,5.99
Bharat Natural Gas Corporation (BNGC) - Fictional Dummy Company,BNGC700218,2020,Feb-2020,Q1,Exploration & Production,Assam Gas Field,Onshore Field,Assam,N/A,3.88,4.14,93.72,7.07,26.3,11.77,14.53,55.25,0.035,0,0,14,13,6.13
Bharat Natural Gas Corporation (BNGC) - Fictional Dummy Company,BNGC700219,2020,Mar-2020,Q1,Exploration & Production,Assam Gas Field,Onshore Field,Assam,N/A,3.48,4.14,84.06,7.02,23.42,9.53,13.89,59.31,0.068,0,0,14,12,6.75
Bharat Natural Gas Corporation (BNGC) - Fictional Dummy Company,BNGC700220,2020,Apr-2020,Q2,Exploration & Production,Assam Gas Field,Onshore Field,Assam,N/A,3.63,4.14,87.68,6.07,21.12,9.16,11.96,56.63,0.035,0,0,14,12,5.57
Bharat Natural Gas Corporation (BNGC) - Fictional Dummy Company,BNGC700221,2020,May-2020,Q2,Exploration & Production,Assam Gas Field,Onshore Field,Assam,N/A,3.51,4.14,84.78,6.31,21.23,9.49,11.74,55.3,0.069,0,0,14,12,4.43
Bharat Natural Gas Corporation (BNGC) - Fictional Dummy Company,BNGC700222,2020,Jun-2020,Q2,Exploration & Production,Assam Gas Field,Onshore Field,Assam,N/A,3.54,4.14,85.51,7.17,24.33,10.82,13.51,55.53,0.045,0,0,14,12,4.74
Bharat Natural Gas Corporation (BNGC) - Fictional Dummy Company,BNGC700223,2020,Jul-2020,Q3,Exploration & Production,Assam Gas Field,Onshore Field,Assam,N/A,3.48,4.14,84.06,7.48,24.95,12.21,12.74,51.06,0.056,0,0,14,12,9.23
Bharat Natural Gas Corporation (BNGC) - Fictional Dummy Company,BNGC700224,2020,Aug-2020,Q3,Exploration & Production,Assam Gas Field,Onshore Field,Assam,N/A,3.32,4.14,80.19,7.03,22.37,9.99,12.38,55.34,0.024,0,0,14,12,6.15
Bharat Natural Gas Corporation (BNGC) - Fictional Dummy Company,BNGC700225,2020,Sep-2020,Q3,Exploration & Production,Assam Gas Field,Onshore Field,Assam,N/A,3.59,4.14,86.71,6.43,22.13,8.36,13.77,62.22,0.048,0,0,14,12,8.67
Bharat Natural Gas Corporation (BNGC) - Fictional Dummy Company,BNGC700226,2020,Oct-2020,Q4,Exploration & Production,Assam Gas Field,Onshore Field,Assam,N/A,3.45,4.14,83.33,7.4,24.47,9.63,14.84,60.65,0.023,0,0,14,12,7.03
Bharat Natural Gas Corporation (BNGC) - Fictional Dummy Company,BNGC700227,2020,Nov-2020,Q4,Exploration & Production,Assam Gas Field,Onshore Field,Assam,N/A,3.43,4.14,82.85,6.26,20.58,7.54,13.04,63.36,0.039,0,0,14,12,5.21
Bharat Natural Gas Corporation (BNGC) - Fictional Dummy Company,BNGC700228,2020,Dec-2020,Q4,Exploration & Production,Assam Gas Field,Onshore Field,Assam,N/A,3.3,4.14,79.71,7.48,23.66,9.32,14.34,60.61,0.022,0,0,14,12,6.84
Bharat Natural Gas Corporation (BNGC) - Fictional Dummy Company,BNGC700229,2021,Jan-2021,Q1,Exploration & Production,Assam Gas Field,Onshore Field,Assam,N/A,3.41,4.14,82.37,7.48,24.45,8.87,15.58,63.72,0.043,0,0,14,12,4.83
Bharat Natural Gas Corporation (BNGC) - Fictional Dummy Company,BNGC700230,2021,Feb-2021,Q1,Exploration & Production,Assam Gas Field,Onshore Field,Assam,N/A,3.39,4.14,81.88,6.56,21.32,8.24,13.08,61.35,0.061,0,0,14,12,8.28
Bharat Natural Gas Corporation (BNGC) - Fictional Dummy Company,BNGC700231,2021,Mar-2021,Q1,Exploration & Production,Assam Gas Field,Onshore Field,Assam,N/A,3.39,4.14,81.88,6.07,19.73,7.36,12.37,62.7,0.063,0,0,14,12,8.25
Bharat Natural Gas Corporation (BNGC) - Fictional Dummy Company,BNGC700232,2021,Apr-2021,Q2,Exploration & Production,Assam Gas Field,Onshore Field,Assam,N/A,3.39,4.14,81.88,7.4,24.05,11.26,12.79,53.18,0.029,0,0,14,12,6.98
Bharat Natural Gas Corporation (BNGC) - Fictional Dummy Company,BNGC700233,2021,May-2021,Q2,Exploration & Production,Assam Gas Field,Onshore Field,Assam,N/A,3.53,4.14,85.27,6.62,22.4,9.99,12.41,55.4,0.019,0,0,14,13,4.78
Bharat Natural Gas Corporation (BNGC) - Fictional Dummy Company,BNGC700234,2021,Jun-2021,Q2,Exploration & Production,Assam Gas Field,Onshore Field,Assam,N/A,3.35,4.14,80.92,6.1,19.59,8.76,10.83,55.28,0.035,0,0,14,13,6.16
Bharat Natural Gas Corporation (BNGC) - Fictional Dummy Company,BNGC700235,2021,Jul-2021,Q3,Exploration & Production,Assam Gas Field,Onshore Field,Assam,N/A,3.49,4.14,84.3,7.19,24.06,9.63,14.43,59.98,0.07,0,0,14,12,7.59
Bharat Natural Gas Corporation (BNGC) - Fictional Dummy Company,BNGC700236,2021,Aug-2021,Q3,Exploration & Production,Assam Gas Field,Onshore Field,Assam,N/A,3.28,4.14,79.23,7.1,22.33,10.58,11.75,52.62,0.031,0,0,14,12,8.05
Bharat Natural Gas Corporation (BNGC) - Fictional Dummy Company,BNGC700237,2021,Sep-2021,Q3,Exploration & Production,Assam Gas Field,Onshore Field,Assam,N/A,3.29,4.14,79.47,7.16,22.58,8.7,13.88,61.47,0.019,0,0,14,12,6.6
Bharat Natural Gas Corporation (BNGC) - Fictional Dummy Company,BNGC700238,2021,Oct-2021,Q4,Exploration & Production,Assam Gas Field,Onshore Field,Assam,N/A,3.25,4.14,78.5,6.63,20.66,9.22,11.44,55.37,0.055,0,0,14,12,7.95
Bharat Natural Gas Corporation (BNGC) - Fictional Dummy Company,BNGC700239,2021,Nov-2021,Q4,Exploration & Production,Assam Gas Field,Onshore Field,Assam,N/A,3.37,4.14,81.4,7.16,23.13,11.45,11.68,50.5,0.035,0,0,14,12,9.04
Bharat Natural Gas Corporation (BNGC) - Fictional Dummy Company,BNGC700240,2021,Dec-2021,Q4,Exploration & Production,Assam Gas Field,Onshore Field,Assam,N/A,3.49,4.14,84.3,7.09,23.72,11.06,12.66,53.37,0.044,0,0,14,13,9.44
Bharat Natural Gas Corporation (BNGC) - Fictional Dummy Company,BNGC700241,2022,Jan-2022,Q1,Exploration & Production,Assam Gas Field,Onshore Field,Assam,N/A,3.31,4.14,79.95,6.86,21.77,8.89,12.88,59.16,0.05,0,0,14,12,7.83
Bharat Natural Gas Corporation (BNGC) - Fictional Dummy Company,BNGC700242,2022,Feb-2022,Q1,Exploration & Production,Assam Gas Field,Onshore Field,Assam,N/A,3.35,4.14,80.92,7.12,22.87,11.03,11.84,51.77,0.028,0,0,14,12,6.11
Bharat Natural Gas Corporation (BNGC) - Fictional Dummy Company,BNGC700243,2022,Mar-2022,Q1,Exploration & Production,Assam Gas Field,Onshore Field,Assam,N/A,3.57,4.14,86.23,6.39,21.87,10.38,11.49,52.54,0.036,0,0,14,13,5.99
Bharat Natural Gas Corporation (BNGC) - Fictional Dummy Company,BNGC700244,2022,Apr-2022,Q2,Exploration & Production,Assam Gas Field,Onshore Field,Assam,N/A,3.33,4.14,80.43,6.2,19.79,9.73,10.06,50.83,0.045,0,0,14,13,5.79
Bharat Natural Gas Corporation (BNGC) - Fictional Dummy Company,BNGC700245,2022,May-2022,Q2,Exploration & Production,Assam Gas Field,Onshore Field,Assam,N/A,3.45,4.14,83.33,6.25,20.67,9.16,11.51,55.68,0.045,0,0,14,12,7.03
Bharat Natural Gas Corporation (BNGC) - Fictional Dummy Company,BNGC700246,2022,Jun-2022,Q2,Exploration & Production,Assam Gas Field,Onshore Field,Assam,N/A,3.29,4.14,79.47,7.4,23.34,8.96,14.38,61.61,0.026,0,0,14,12,6.23
Bharat Natural Gas Corporation (BNGC) - Fictional Dummy Company,BNGC700247,2022,Jul-2022,Q3,Exploration & Production,Assam Gas Field,Onshore Field,Assam,N/A,3.14,4.14,75.85,6.57,19.78,7.54,12.24,61.88,0.021,0,0,14,12,8.15
Bharat Natural Gas Corporation (BNGC) - Fictional Dummy Company,BNGC700248,2022,Aug-2022,Q3,Exploration & Production,Assam Gas Field,Onshore Field,Assam,N/A,3.06,4.14,73.91,6.45,18.92,8.75,10.17,53.75,0.033,0,0,14,13,3.88
Bharat Natural Gas Corporation (BNGC) - Fictional Dummy Company,BNGC700249,2022,Sep-2022,Q3,Exploration & Production,Assam Gas Field,Onshore Field,Assam,N/A,3.08,4.14,74.4,6.58,19.43,8.07,11.36,58.47,0.043,0,0,14,12,7.89
Bharat Natural Gas Corporation (BNGC) - Fictional Dummy Company,BNGC700250,2022,Oct-2022,Q4,Exploration & Production,Assam Gas Field,Onshore Field,Assam,N/A,3.24,4.14,78.26,6.91,21.46,8.5,12.96,60.39,0.02,0,0,14,12,5.91
Bharat Natural Gas Corporation (BNGC) - Fictional Dummy Company,BNGC700251,2022,Nov-2022,Q4,Exploration & Production,Assam Gas Field,Onshore Field,Assam,N/A,3.13,4.14,75.6,6.04,18.12,6.97,11.15,61.53,0.044,0,0,14,12,4.37
Bharat Natural Gas Corporation (BNGC) - Fictional Dummy Company,BNGC700252,2022,Dec-2022,Q4,Exploration & Production,Assam Gas Field,Onshore Field,Assam,N/A,3.18,4.14,76.81,6.27,19.11,7.74,11.37,59.5,0.062,0,0,14,12,5.7
Bharat Natural Gas Corporation (BNGC) - Fictional Dummy Company,BNGC700253,2023,Jan-2023,Q1,Exploration & Production,Assam Gas Field,Onshore Field,Assam,N/A,3.26,4.14,78.74,6.36,19.88,7.38,12.5,62.88,0.059,0,0,14,12,4.72
Bharat Natural Gas Corporation (BNGC) - Fictional Dummy Company,BNGC700254,2023,Feb-2023,Q1,Exploration & Production,Assam Gas Field,Onshore Field,Assam,N/A,3.36,4.14,81.16,7.32,23.58,10.53,13.05,55.34,0.022,0,0,14,12,6.95
Bharat Natural Gas Corporation (BNGC) - Fictional Dummy Company,BNGC700255,2023,Mar-2023,Q1,Exploration & Production,Assam Gas Field,Onshore Field,Assam,N/A,3.32,4.14,80.19,7.16,22.79,10.7,12.09,53.05,0.022,0,0,14,13,4.09
Bharat Natural Gas Corporation (BNGC) - Fictional Dummy Company,BNGC700256,2023,Apr-2023,Q2,Exploration & Production,Assam Gas Field,Onshore Field,Assam,N/A,3.17,4.14,76.57,6.9,20.97,9.2,11.77,56.13,0.041,0,0,14,12,6.35
Bharat Natural Gas Corporation (BNGC) - Fictional Dummy Company,BNGC700257,2023,May-2023,Q2,Exploration & Production,Assam Gas Field,Onshore Field,Assam,N/A,3.41,4.14,82.37,7.49,24.48,11.27,13.21,53.96,0.038,0,0,14,12,6.09
Bharat Natural Gas Corporation (BNGC) - Fictional Dummy Company,BNGC700258,2023,Jun-2023,Q2,Exploration & Production,Assam Gas Field,Onshore Field,Assam,N/A,3.32,4.14,80.19,6.27,19.96,8.32,11.64,58.32,0.019,0,0,14,12,6.22
Bharat Natural Gas Corporation (BNGC) - Fictional Dummy Company,BNGC700259,2023,Jul-2023,Q3,Exploration & Production,Assam Gas Field,Onshore Field,Assam,N/A,3.12,4.14,75.36,6.32,18.9,8.66,10.24,54.18,0.046,0,0,14,12,8.26
Bharat Natural Gas Corporation (BNGC) - Fictional Dummy Company,BNGC700260,2023,Aug-2023,Q3,Exploration & Production,Assam Gas Field,Onshore Field,Assam,N/A,3.05,4.14,73.67,6.95,20.32,8.79,11.53,56.74,0.057,0,0,14,12,8.74
Bharat Natural Gas Corporation (BNGC) - Fictional Dummy Company,BNGC700261,2023,Sep-2023,Q3,Exploration & Production,Assam Gas Field,Onshore Field,Assam,N/A,3.09,4.14,74.64,7.06,20.91,9.41,11.5,55.0,0.027,0,0,14,13,6.79
Bharat Natural Gas Corporation (BNGC) - Fictional Dummy Company,BNGC700262,2023,Oct-2023,Q4,Exploration & Production,Assam Gas Field,Onshore Field,Assam,N/A,3.08,4.14,74.4,6.23,18.39,8.49,9.9,53.83,0.025,0,0,14,12,5.8
Bharat Natural Gas Corporation (BNGC) - Fictional Dummy Company,BNGC700263,2023,Nov-2023,Q4,Exploration & Production,Assam Gas Field,Onshore Field,Assam,N/A,2.98,4.14,71.98,7.28,20.8,10.24,10.56,50.77,0.054,0,0,14,12,7.12
Bharat Natural Gas Corporation (BNGC) - Fictional Dummy Company,BNGC700264,2023,Dec-2023,Q4,Exploration & Production,Assam Gas Field,Onshore Field,Assam,N/A,3.08,4.14,74.4,6.12,18.07,8.89,9.18,50.8,0.035,0,0,14,12,3.94
Bharat Natural Gas Corporation (BNGC) - Fictional Dummy Company,BNGC700265,2024,Jan-2024,Q1,Exploration & Production,Assam Gas Field,Onshore Field,Assam,N/A,3.02,4.14,72.95,6.84,19.8,8.96,10.84,54.75,0.037,0,0,14,12,7.52
Bharat Natural Gas Corporation (BNGC) - Fictional Dummy Company,BNGC700266,2024,Feb-2024,Q1,Exploration & Production,Assam Gas Field,Onshore Field,Assam,N/A,3.16,4.14,76.33,6.53,19.78,8.02,11.76,59.45,0.052,0,0,14,12,8.28
Bharat Natural Gas Corporation (BNGC) - Fictional Dummy Company,BNGC700267,2024,Mar-2024,Q1,Exploration & Production,Assam Gas Field,Onshore Field,Assam,N/A,3.32,4.14,80.19,6.12,19.48,7.67,11.81,60.63,0.03,0,0,14,13,8.89
Bharat Natural Gas Corporation (BNGC) - Fictional Dummy Company,BNGC700268,2024,Apr-2024,Q2,Exploration & Production,Assam Gas Field,Onshore Field,Assam,N/A,3.17,4.14,76.57,7.01,21.3,8.94,12.36,58.03,0.018,0,0,14,12,7.99
Bharat Natural Gas Corporation (BNGC) - Fictional Dummy Company,BNGC700269,2024,May-2024,Q2,Exploration & Production,Assam Gas Field,Onshore Field,Assam,N/A,3.26,4.14,78.74,6.3,19.69,9.78,9.91,50.33,0.052,0,0,14,13,4.11
Bharat Natural Gas Corporation (BNGC) - Fictional Dummy Company,BNGC700270,2024,Jun-2024,Q2,Exploration & Production,Assam Gas Field,Onshore Field,Assam,N/A,3.19,4.14,77.05,6.33,19.36,8.49,10.87,56.15,0.052,0,0,14,12,6.82
Bharat Natural Gas Corporation (BNGC) - Fictional Dummy Company,BNGC700271,2024,Jul-2024,Q3,Exploration & Production,Assam Gas Field,Onshore Field,Assam,N/A,3.13,4.14,75.6,7.07,21.21,9.32,11.89,56.06,0.039,0,0,14,13,5.06
Bharat Natural Gas Corporation (BNGC) - Fictional Dummy Company,BNGC700272,2024,Aug-2024,Q3,Exploration & Production,Assam Gas Field,Onshore Field,Assam,N/A,3.03,4.14,73.19,6.54,19.0,6.84,12.16,64.0,0.017,0,0,14,12,5.0
Bharat Natural Gas Corporation (BNGC) - Fictional Dummy Company,BNGC700273,2024,Sep-2024,Q3,Exploration & Production,Assam Gas Field,Onshore Field,Assam,N/A,2.91,4.14,70.29,7.08,19.75,9.82,9.93,50.28,0.022,0,0,14,13,7.1
Bharat Natural Gas Corporation (BNGC) - Fictional Dummy Company,BNGC700274,2024,Oct-2024,Q4,Exploration & Production,Assam Gas Field,Onshore Field,Assam,N/A,2.9,4.14,70.05,6.77,18.82,8.69,10.13,53.83,0.05,0,0,14,12,5.85
Bharat Natural Gas Corporation (BNGC) - Fictional Dummy Company,BNGC700275,2024,Nov-2024,Q4,Exploration & Production,Assam Gas Field,Onshore Field,Assam,N/A,2.83,4.14,68.36,7.01,19.02,7.06,11.96,62.88,0.054,0,0,14,12,3.71
Bharat Natural Gas Corporation (BNGC) - Fictional Dummy Company,BNGC700276,2024,Dec-2024,Q4,Exploration & Production,Assam Gas Field,Onshore Field,Assam,N/A,3.05,4.14,73.67,7.04,20.58,9.83,10.75,52.24,0.052,0,0,14,13,4.95
Bharat Natural Gas Corporation (BNGC) - Fictional Dummy Company,BNGC700277,2025,Jan-2025,Q1,Exploration & Production,Assam Gas Field,Onshore Field,Assam,N/A,2.9,4.14,70.05,7.36,20.46,10.09,10.37,50.68,0.046,0,0,14,12,7.73
Bharat Natural Gas Corporation (BNGC) - Fictional Dummy Company,BNGC700278,2025,Feb-2025,Q1,Exploration & Production,Assam Gas Field,Onshore Field,Assam,N/A,3.21,4.14,77.54,6.92,21.29,8.02,13.27,62.33,0.043,0,0,14,12,9.46
Bharat Natural Gas Corporation (BNGC) - Fictional Dummy Company,BNGC700279,2025,Mar-2025,Q1,Exploration & Production,Assam Gas Field,Onshore Field,Assam,N/A,3.16,4.14,76.33,6.07,18.39,8.88,9.51,51.71,0.024,0,0,14,13,4.55
Bharat Natural Gas Corporation (BNGC) - Fictional Dummy Company,BNGC700280,2025,Apr-2025,Q2,Exploration & Production,Assam Gas Field,Onshore Field,Assam,N/A,3.11,4.14,75.12,6.16,18.37,9.1,9.27,50.46,0.052,0,0,14,12,9.42
Bharat Natural Gas Corporation (BNGC) - Fictional Dummy Company,BNGC700281,2025,May-2025,Q2,Exploration & Production,Assam Gas Field,Onshore Field,Assam,N/A,3.06,4.14,73.91,6.17,18.1,6.52,11.58,63.98,0.052,0,0,14,12,5.8
Bharat Natural Gas Corporation (BNGC) - Fictional Dummy Company,BNGC700282,2025,Jun-2025,Q2,Exploration & Production,Assam Gas Field,Onshore Field,Assam,N/A,3.05,4.14,73.67,6.21,18.16,8.54,9.62,52.97,0.04,0,0,14,12,4.46
Bharat Natural Gas Corporation (BNGC) - Fictional Dummy Company,BNGC700283,2025,Jul-2025,Q3,Exploration & Production,Assam Gas Field,Onshore Field,Assam,N/A,2.93,4.14,70.77,6.39,17.95,6.79,11.16,62.17,0.04,0,0,14,13,5.33
Bharat Natural Gas Corporation (BNGC) - Fictional Dummy Company,BNGC700284,2025,Aug-2025,Q3,Exploration & Production,Assam Gas Field,Onshore Field,Assam,N/A,2.98,4.14,71.98,6.81,19.45,7.25,12.2,62.72,0.028,0,0,14,13,8.05
Bharat Natural Gas Corporation (BNGC) - Fictional Dummy Company,BNGC700285,2025,Sep-2025,Q3,Exploration & Production,Assam Gas Field,Onshore Field,Assam,N/A,2.85,4.14,68.84,7.48,20.44,8.78,11.66,57.05,0.018,0,0,14,12,7.14
Bharat Natural Gas Corporation (BNGC) - Fictional Dummy Company,BNGC700286,2025,Oct-2025,Q4,Exploration & Production,Assam Gas Field,Onshore Field,Assam,N/A,2.85,4.14,68.84,7.06,19.29,8.0,11.29,58.53,0.038,0,0,14,12,7.3
Bharat Natural Gas Corporation (BNGC) - Fictional Dummy Company,BNGC700287,2025,Nov-2025,Q4,Exploration & Production,Assam Gas Field,Onshore Field,Assam,N/A,2.87,4.14,69.32,6.32,17.39,8.09,9.3,53.48,0.031,0,0,14,13,3.98
Bharat Natural Gas Corporation (BNGC) - Fictional Dummy Company,BNGC700288,2025,Dec-2025,Q4,Exploration & Production,Assam Gas Field,Onshore Field,Assam,N/A,2.91,4.14,70.29,6.28,17.52,8.49,9.03,51.54,0.019,0,0,14,12,9.04
Bharat Natural Gas Corporation (BNGC) - Fictional Dummy Company,BNGC700289,2020,Jan-2020,Q1,Exploration & Production,Rajasthan Block RJ-1,Onshore Field,Rajasthan,N/A,2.74,3.22,85.09,6.15,16.15,8.05,8.1,50.15,0.028,0,0,10,10,3.75
Bharat Natural Gas Corporation (BNGC) - Fictional Dummy Company,BNGC700290,2020,Feb-2020,Q1,Exploration & Production,Rajasthan Block RJ-1,Onshore Field,Rajasthan,N/A,2.81,3.22,87.27,6.48,17.46,6.24,11.22,64.26,0.046,0,0,10,9,9.08
Bharat Natural Gas Corporation (BNGC) - Fictional Dummy Company,BNGC700291,2020,Mar-2020,Q1,Exploration & Production,Rajasthan Block RJ-1,Onshore Field,Rajasthan,N/A,2.94,3.22,91.3,7.02,19.79,7.53,12.26,61.95,0.053,0,0,10,10,8.41
Bharat Natural Gas Corporation (BNGC) - Fictional Dummy Company,BNGC700292,2020,Apr-2020,Q2,Exploration & Production,Rajasthan Block RJ-1,Onshore Field,Rajasthan,N/A,2.92,3.22,90.68,6.36,17.8,6.63,11.17,62.75,0.02,0,0,10,10,6.01
Bharat Natural Gas Corporation (BNGC) - Fictional Dummy Company,BNGC700293,2020,May-2020,Q2,Exploration & Production,Rajasthan Block RJ-1,Onshore Field,Rajasthan,N/A,2.83,3.22,87.89,6.64,18.01,6.59,11.42,63.41,0.027,0,0,10,9,6.5
Bharat Natural Gas Corporation (BNGC) - Fictional Dummy Company,BNGC700294,2020,Jun-2020,Q2,Exploration & Production,Rajasthan Block RJ-1,Onshore Field,Rajasthan,N/A,2.62,3.22,81.37,7.4,18.59,8.07,10.52,56.59,0.044,0,0,10,9,9.01
Bharat Natural Gas Corporation (BNGC) - Fictional Dummy Company,BNGC700295,2020,Jul-2020,Q3,Exploration & Production,Rajasthan Block RJ-1,Onshore Field,Rajasthan,N/A,2.78,3.22,86.34,7.41,19.75,7.6,12.15,61.52,0.031,0,0,10,9,6.02
Bharat Natural Gas Corporation (BNGC) - Fictional Dummy Company,BNGC700296,2020,Aug-2020,Q3,Exploration & Production,Rajasthan Block RJ-1,Onshore Field,Rajasthan,N/A,2.62,3.22,81.37,6.57,16.5,6.91,9.59,58.12,0.036,0,0,10,9,4.28
Bharat Natural Gas Corporation (BNGC) - Fictional Dummy Company,BNGC700297,2020,Sep-2020,Q3,Exploration & Production,Rajasthan Block RJ-1,Onshore Field,Rajasthan,N/A,2.77,3.22,86.02,7.12,18.91,6.84,12.07,63.83,0.024,0,0,10,9,7.86
Bharat Natural Gas Corporation (BNGC) - Fictional Dummy Company,BNGC700298,2020,Oct-2020,Q4,Exploration & Production,Rajasthan Block RJ-1,Onshore Field,Rajasthan,N/A,2.61,3.22,81.06,7.4,18.52,7.29,11.23,60.64,0.041,0,0,10,10,8.19
Bharat Natural Gas Corporation (BNGC) - Fictional Dummy Company,BNGC700299,2020,Nov-2020,Q4,Exploration & Production,Rajasthan Block RJ-1,Onshore Field,Rajasthan,N/A,2.64,3.22,81.99,7.41,18.75,8.13,10.62,56.64,0.02,0,0,10,9,7.49
Bharat Natural Gas Corporation (BNGC) - Fictional Dummy Company,BNGC700300,2020,Dec-2020,Q4,Exploration & Production,Rajasthan Block RJ-1,Onshore Field,Rajasthan,N/A,2.71,3.22,84.16,6.16,16.0,6.73,9.27,57.94,0.014,0,0,10,10,4.88
Bharat Natural Gas Corporation (BNGC) - Fictional Dummy Company,BNGC700301,2021,Jan-2021,Q1,Exploration & Production,Rajasthan Block RJ-1,Onshore Field,Rajasthan,N/A,2.79,3.22,86.65,7.05,18.86,6.9,11.96,63.41,0.024,0,0,10,9,9.03
Bharat Natural Gas Corporation (BNGC) - Fictional Dummy Company,BNGC700302,2021,Feb-2021,Q1,Exploration & Production,Rajasthan Block RJ-1,Onshore Field,Rajasthan,N/A,2.61,3.22,81.06,7.47,18.69,7.27,11.42,61.1,0.049,0,0,10,9,7.57
Bharat Natural Gas Corporation (BNGC) - Fictional Dummy Company,BNGC700303,2021,Mar-2021,Q1,Exploration & Production,Rajasthan Block RJ-1,Onshore Field,Rajasthan,N/A,2.77,3.22,86.02,7.4,19.65,7.31,12.34,62.8,0.043,0,0,10,9,5.68
Bharat Natural Gas Corporation (BNGC) - Fictional Dummy Company,BNGC700304,2021,Apr-2021,Q2,Exploration & Production,Rajasthan Block RJ-1,Onshore Field,Rajasthan,N/A,2.61,3.22,81.06,6.16,15.41,5.65,9.76,63.34,0.033,0,0,10,10,4.76
Bharat Natural Gas Corporation (BNGC) - Fictional Dummy Company,BNGC700305,2021,May-2021,Q2,Exploration & Production,Rajasthan Block RJ-1,Onshore Field,Rajasthan,N/A,2.68,3.22,83.23,6.15,15.8,6.23,9.57,60.57,0.044,0,0,10,10,5.18
Bharat Natural Gas Corporation (BNGC) - Fictional Dummy Company,BNGC700306,2021,Jun-2021,Q2,Exploration & Production,Rajasthan Block RJ-1,Onshore Field,Rajasthan,N/A,2.55,3.22,79.19,6.11,14.94,7.13,7.81,52.28,0.035,0,0,10,9,9.32
Bharat Natural Gas Corporation (BNGC) - Fictional Dummy Company,BNGC700307,2021,Jul-2021,Q3,Exploration & Production,Rajasthan Block RJ-1,Onshore Field,Rajasthan,N/A,2.74,3.22,85.09,7.19,18.89,7.06,11.83,62.63,0.038,0,0,10,10,6.26
Bharat Natural Gas Corporation (BNGC) - Fictional Dummy Company,BNGC700308,2021,Aug-2021,Q3,Exploration & Production,Rajasthan Block RJ-1,Onshore Field,Rajasthan,N/A,2.54,3.22,78.88,7.29,17.75,8.48,9.27,52.23,0.021,0,0,10,10,8.76
Bharat Natural Gas Corporation (BNGC) - Fictional Dummy Company,BNGC700309,2021,Sep-2021,Q3,Exploration & Production,Rajasthan Block RJ-1,Onshore Field,Rajasthan,N/A,2.59,3.22,80.43,6.97,17.31,6.81,10.5,60.66,0.026,0,0,10,9,9.15
Bharat Natural Gas Corporation (BNGC) - Fictional Dummy Company,BNGC700310,2021,Oct-2021,Q4,Exploration & Production,Rajasthan Block RJ-1,Onshore Field,Rajasthan,N/A,2.63,3.22,81.68,6.26,15.78,6.96,8.82,55.89,0.025,0,0,10,9,6.37
Bharat Natural Gas Corporation (BNGC) - Fictional Dummy Company,BNGC700311,2021,Nov-2021,Q4,Exploration & Production,Rajasthan Block RJ-1,Onshore Field,Rajasthan,N/A,2.59,3.22,80.43,6.12,15.2,5.52,9.68,63.68,0.031,0,0,10,9,4.8
Bharat Natural Gas Corporation (BNGC) - Fictional Dummy Company,BNGC700312,2021,Dec-2021,Q4,Exploration & Production,Rajasthan Block RJ-1,Onshore Field,Rajasthan,N/A,2.52,3.22,78.26,6.22,15.03,5.93,9.1,60.55,0.037,0,0,10,9,5.53
Bharat Natural Gas Corporation (BNGC) - Fictional Dummy Company,BNGC700313,2022,Jan-2022,Q1,Exploration & Production,Rajasthan Block RJ-1,Onshore Field,Rajasthan,N/A,2.64,3.22,81.99,6.89,17.44,6.62,10.82,62.04,0.025,0,0,10,10,3.58
Bharat Natural Gas Corporation (BNGC) - Fictional Dummy Company,BNGC700314,2022,Feb-2022,Q1,Exploration & Production,Rajasthan Block RJ-1,Onshore Field,Rajasthan,N/A,2.68,3.22,83.23,7.22,18.55,8.06,10.49,56.55,0.018,0,0,10,9,5.55
Bharat Natural Gas Corporation (BNGC) - Fictional Dummy Company,BNGC700315,2022,Mar-2022,Q1,Exploration & Production,Rajasthan Block RJ-1,Onshore Field,Rajasthan,N/A,2.54,3.22,78.88,6.9,16.8,8.05,8.75,52.08,0.021,0,0,10,9,5.58
Bharat Natural Gas Corporation (BNGC) - Fictional Dummy Company,BNGC700316,2022,Apr-2022,Q2,Exploration & Production,Rajasthan Block RJ-1,Onshore Field,Rajasthan,N/A,2.64,3.22,81.99,6.95,17.59,6.52,11.07,62.93,0.048,0,0,10,9,8.85
Bharat Natural Gas Corporation (BNGC) - Fictional Dummy Company,BNGC700317,2022,May-2022,Q2,Exploration & Production,Rajasthan Block RJ-1,Onshore Field,Rajasthan,N/A,2.55,3.22,79.19,6.55,16.01,6.2,9.81,61.27,0.043,0,0,10,9,6.46
Bharat Natural Gas Corporation (BNGC) - Fictional Dummy Company,BNGC700318,2022,Jun-2022,Q2,Exploration & Production,Rajasthan Block RJ-1,Onshore Field,Rajasthan,N/A,2.62,3.22,81.37,7.22,18.13,6.4,11.73,64.7,0.048,0,0,10,9,4.05
Bharat Natural Gas Corporation (BNGC) - Fictional Dummy Company,BNGC700319,2022,Jul-2022,Q3,Exploration & Production,Rajasthan Block RJ-1,Onshore Field,Rajasthan,N/A,2.5,3.22,77.64,7.16,17.16,8.22,8.94,52.1,0.029,0,0,10,9,7.21
Bharat Natural Gas Corporation (BNGC) - Fictional Dummy Company,BNGC700320,2022,Aug-2022,Q3,Exploration & Production,Rajasthan Block RJ-1,Onshore Field,Rajasthan,N/A,2.57,3.22,79.81,7.1,17.49,8.51,8.98,51.34,0.025,0,0,10,9,5.61
Bharat Natural Gas Corporation (BNGC) - Fictional Dummy Company,BNGC700321,2022,Sep-2022,Q3,Exploration & Production,Rajasthan Block RJ-1,Onshore Field,Rajasthan,N/A,2.32,3.22,72.05,7.36,16.37,6.9,9.47,57.85,0.022,0,0,10,9,3.72
Bharat Natural Gas Corporation (BNGC) - Fictional Dummy Company,BNGC700322,2022,Oct-2022,Q4,Exploration & Production,Rajasthan Block RJ-1,Onshore Field,Rajasthan,N/A,2.42,3.22,75.16,6.69,15.52,6.85,8.67,55.86,0.021,0,0,10,9,7.49
Bharat Natural Gas Corporation (BNGC) - Fictional Dummy Company,BNGC700323,2022,Nov-2022,Q4,Exploration & Production,Rajasthan Block RJ-1,Onshore Field,Rajasthan,N/A,2.37,3.22,73.6,7.01,15.93,7.62,8.31,52.17,0.034,0,0,10,9,6.95
Bharat Natural Gas Corporation (BNGC) - Fictional Dummy Company,BNGC700324,2022,Dec-2022,Q4,Exploration & Production,Rajasthan Block RJ-1,Onshore Field,Rajasthan,N/A,2.54,3.22,78.88,6.54,15.92,7.67,8.25,51.82,0.015,0,0,10,9,8.11
Bharat Natural Gas Corporation (BNGC) - Fictional Dummy Company,BNGC700325,2023,Jan-2023,Q1,Exploration & Production,Rajasthan Block RJ-1,Onshore Field,Rajasthan,N/A,2.66,3.22,82.61,6.45,16.45,7.36,9.09,55.26,0.032,0,0,10,9,5.18
Bharat Natural Gas Corporation (BNGC) - Fictional Dummy Company,BNGC700326,2023,Feb-2023,Q1,Exploration & Production,Rajasthan Block RJ-1,Onshore Field,Rajasthan,N/A,2.71,3.22,84.16,7.49,19.46,9.37,10.09,51.85,0.051,0,0,10,9,9.25
Bharat Natural Gas Corporation (BNGC) - Fictional Dummy Company,BNGC700327,2023,Mar-2023,Q1,Exploration & Production,Rajasthan Block RJ-1,Onshore Field,Rajasthan,N/A,2.49,3.22,77.33,6.94,16.57,7.06,9.51,57.39,0.033,0,0,10,10,8.57
Bharat Natural Gas Corporation (BNGC) - Fictional Dummy Company,BNGC700328,2023,Apr-2023,Q2,Exploration & Production,Rajasthan Block RJ-1,Onshore Field,Rajasthan,N/A,2.67,3.22,82.92,6.56,16.79,8.15,8.64,51.46,0.03,0,0,10,9,5.31
Bharat Natural Gas Corporation (BNGC) - Fictional Dummy Company,BNGC700329,2023,May-2023,Q2,Exploration & Production,Rajasthan Block RJ-1,Onshore Field,Rajasthan,N/A,2.37,3.22,73.6,7.48,16.99,7.16,9.83,57.86,0.044,0,0,10,10,3.61
Bharat Natural Gas Corporation (BNGC) - Fictional Dummy Company,BNGC700330,2023,Jun-2023,Q2,Exploration & Production,Rajasthan Block RJ-1,Onshore Field,Rajasthan,N/A,2.5,3.22,77.64,6.76,16.2,6.86,9.34,57.65,0.024,0,0,10,9,3.96
Bharat Natural Gas Corporation (BNGC) - Fictional Dummy Company,BNGC700331,2023,Jul-2023,Q3,Exploration & Production,Rajasthan Block RJ-1,Onshore Field,Rajasthan,N/A,2.5,3.22,77.64,6.14,14.72,7.24,7.48,50.82,0.021,0,0,10,9,3.93
Bharat Natural Gas Corporation (BNGC) - Fictional Dummy Company,BNGC700332,2023,Aug-2023,Q3,Exploration & Production,Rajasthan Block RJ-1,Onshore Field,Rajasthan,N/A,2.38,3.22,73.91,7.49,17.09,6.67,10.42,60.97,0.041,0,0,10,9,9.15
Bharat Natural Gas Corporation (BNGC) - Fictional Dummy Company,BNGC700333,2023,Sep-2023,Q3,Exploration & Production,Rajasthan Block RJ-1,Onshore Field,Rajasthan,N/A,2.34,3.22,72.67,6.73,15.1,6.92,8.18,54.17,0.015,0,0,10,9,5.57
Bharat Natural Gas Corporation (BNGC) - Fictional Dummy Company,BNGC700334,2023,Oct-2023,Q4,Exploration & Production,Rajasthan Block RJ-1,Onshore Field,Rajasthan,N/A,2.33,3.22,72.36,7.34,16.4,6.96,9.44,57.56,0.032,0,0,10,9,6.2
Bharat Natural Gas Corporation (BNGC) - Fictional Dummy Company,BNGC700335,2023,Nov-2023,Q4,Exploration & Production,Rajasthan Block RJ-1,Onshore Field,Rajasthan,N/A,2.47,3.22,76.71,6.06,14.35,5.77,8.58,59.79,0.022,0,0,10,9,5.74
Bharat Natural Gas Corporation (BNGC) - Fictional Dummy Company,BNGC700336,2023,Dec-2023,Q4,Exploration & Production,Rajasthan Block RJ-1,Onshore Field,Rajasthan,N/A,2.51,3.22,77.95,6.26,15.06,5.65,9.41,62.48,0.022,0,0,10,10,7.22
Bharat Natural Gas Corporation (BNGC) - Fictional Dummy Company,BNGC700337,2024,Jan-2024,Q1,Exploration & Production,Rajasthan Block RJ-1,Onshore Field,Rajasthan,N/A,2.44,3.22,75.78,6.4,14.97,6.53,8.44,56.38,0.014,0,0,10,9,3.61
Bharat Natural Gas Corporation (BNGC) - Fictional Dummy Company,BNGC700338,2024,Feb-2024,Q1,Exploration & Production,Rajasthan Block RJ-1,Onshore Field,Rajasthan,N/A,2.62,3.22,81.37,6.52,16.38,7.67,8.71,53.17,0.032,0,0,10,10,8.42
Bharat Natural Gas Corporation (BNGC) - Fictional Dummy Company,BNGC700339,2024,Mar-2024,Q1,Exploration & Production,Rajasthan Block RJ-1,Onshore Field,Rajasthan,N/A,2.49,3.22,77.33,7.11,16.97,7.83,9.14,53.86,0.034,0,0,10,9,7.99
Bharat Natural Gas Corporation (BNGC) - Fictional Dummy Company,BNGC700340,2024,Apr-2024,Q2,Exploration & Production,Rajasthan Block RJ-1,Onshore Field,Rajasthan,N/A,2.41,3.22,74.84,6.82,15.76,6.27,9.49,60.22,0.04,0,0,10,9,3.62
Bharat Natural Gas Corporation (BNGC) - Fictional Dummy Company,BNGC700341,2024,May-2024,Q2,Exploration & Production,Rajasthan Block RJ-1,Onshore Field,Rajasthan,N/A,2.52,3.22,78.26,7.03,16.98,7.92,9.06,53.36,0.018,0,0,10,10,8.78
Bharat Natural Gas Corporation (BNGC) - Fictional Dummy Company,BNGC700342,2024,Jun-2024,Q2,Exploration & Production,Rajasthan Block RJ-1,Onshore Field,Rajasthan,N/A,2.36,3.22,73.29,6.59,14.91,6.14,8.77,58.82,0.016,0,0,10,9,7.97
Bharat Natural Gas Corporation (BNGC) - Fictional Dummy Company,BNGC700343,2024,Jul-2024,Q3,Exploration & Production,Rajasthan Block RJ-1,Onshore Field,Rajasthan,N/A,2.2,3.22,68.32,6.09,12.84,5.45,7.39,57.55,0.022,0,0,10,10,8.48
Bharat Natural Gas Corporation (BNGC) - Fictional Dummy Company,BNGC700344,2024,Aug-2024,Q3,Exploration & Production,Rajasthan Block RJ-1,Onshore Field,Rajasthan,N/A,2.4,3.22,74.53,6.05,13.92,5.21,8.71,62.57,0.014,0,0,10,10,4.86
Bharat Natural Gas Corporation (BNGC) - Fictional Dummy Company,BNGC700345,2024,Sep-2024,Q3,Exploration & Production,Rajasthan Block RJ-1,Onshore Field,Rajasthan,N/A,2.2,3.22,68.32,6.52,13.75,5.91,7.84,57.02,0.039,0,0,10,9,5.53
Bharat Natural Gas Corporation (BNGC) - Fictional Dummy Company,BNGC700346,2024,Oct-2024,Q4,Exploration & Production,Rajasthan Block RJ-1,Onshore Field,Rajasthan,N/A,2.26,3.22,70.19,6.97,15.1,6.01,9.09,60.2,0.017,0,0,10,10,8.6
Bharat Natural Gas Corporation (BNGC) - Fictional Dummy Company,BNGC700347,2024,Nov-2024,Q4,Exploration & Production,Rajasthan Block RJ-1,Onshore Field,Rajasthan,N/A,2.37,3.22,73.6,6.56,14.9,5.77,9.13,61.28,0.042,0,0,10,9,4.18
Bharat Natural Gas Corporation (BNGC) - Fictional Dummy Company,BNGC700348,2024,Dec-2024,Q4,Exploration & Production,Rajasthan Block RJ-1,Onshore Field,Rajasthan,N/A,2.2,3.22,68.32,6.9,14.55,6.79,7.76,53.33,0.019,0,0,10,9,5.3
Bharat Natural Gas Corporation (BNGC) - Fictional Dummy Company,BNGC700349,2025,Jan-2025,Q1,Exploration & Production,Rajasthan Block RJ-1,Onshore Field,Rajasthan,N/A,2.44,3.22,75.78,6.31,14.76,6.14,8.62,58.4,0.021,0,0,10,9,6.76
Bharat Natural Gas Corporation (BNGC) - Fictional Dummy Company,BNGC700350,2025,Feb-2025,Q1,Exploration & Production,Rajasthan Block RJ-1,Onshore Field,Rajasthan,N/A,2.53,3.22,78.57,7.26,17.61,8.79,8.82,50.09,0.05,0,0,10,9,7.23
Bharat Natural Gas Corporation (BNGC) - Fictional Dummy Company,BNGC700351,2025,Mar-2025,Q1,Exploration & Production,Rajasthan Block RJ-1,Onshore Field,Rajasthan,N/A,2.37,3.22,73.6,7.4,16.81,6.98,9.83,58.48,0.02,0,0,10,9,4.13
Bharat Natural Gas Corporation (BNGC) - Fictional Dummy Company,BNGC700352,2025,Apr-2025,Q2,Exploration & Production,Rajasthan Block RJ-1,Onshore Field,Rajasthan,N/A,2.37,3.22,73.6,6.27,14.25,6.55,7.7,54.04,0.02,0,0,10,9,4.24
Bharat Natural Gas Corporation (BNGC) - Fictional Dummy Company,BNGC700353,2025,May-2025,Q2,Exploration & Production,Rajasthan Block RJ-1,Onshore Field,Rajasthan,N/A,2.28,3.22,70.81,6.62,14.47,6.93,7.54,52.11,0.025,0,0,10,10,7.12
Bharat Natural Gas Corporation (BNGC) - Fictional Dummy Company,BNGC700354,2025,Jun-2025,Q2,Exploration & Production,Rajasthan Block RJ-1,Onshore Field,Rajasthan,N/A,2.16,3.22,67.08,7.34,15.2,7.05,8.15,53.62,0.015,0,0,10,10,4.84
Bharat Natural Gas Corporation (BNGC) - Fictional Dummy Company,BNGC700355,2025,Jul-2025,Q3,Exploration & Production,Rajasthan Block RJ-1,Onshore Field,Rajasthan,N/A,2.15,3.22,66.77,6.34,13.07,6.26,6.81,52.1,0.025,0,0,10,9,5.42
Bharat Natural Gas Corporation (BNGC) - Fictional Dummy Company,BNGC700356,2025,Aug-2025,Q3,Exploration & Production,Rajasthan Block RJ-1,Onshore Field,Rajasthan,N/A,2.1,3.22,65.22,7.16,14.41,5.93,8.48,58.85,0.036,0,0,10,10,6.93
Bharat Natural Gas Corporation (BNGC) - Fictional Dummy Company,BNGC700357,2025,Sep-2025,Q3,Exploration & Production,Rajasthan Block RJ-1,Onshore Field,Rajasthan,N/A,2.23,3.22,69.25,6.17,13.19,5.63,7.56,57.32,0.04,0,0,10,10,8.5
Bharat Natural Gas Corporation (BNGC) - Fictional Dummy Company,BNGC700358,2025,Oct-2025,Q4,Exploration & Production,Rajasthan Block RJ-1,Onshore Field,Rajasthan,N/A,2.25,3.22,69.88,7.36,15.88,7.75,8.13,51.2,0.041,0,0,10,9,7.28
Bharat Natural Gas Corporation (BNGC) - Fictional Dummy Company,BNGC700359,2025,Nov-2025,Q4,Exploration & Production,Rajasthan Block RJ-1,Onshore Field,Rajasthan,N/A,2.33,3.22,72.36,6.29,14.05,5.61,8.44,60.07,0.016,0,0,10,9,8.15
Bharat Natural Gas Corporation (BNGC) - Fictional Dummy Company,BNGC700360,2025,Dec-2025,Q4,Exploration & Production,Rajasthan Block RJ-1,Onshore Field,Rajasthan,N/A,2.38,3.22,73.91,6.87,15.67,5.72,9.95,63.5,0.03,0,0,10,10,4.9
Bharat Natural Gas Corporation (BNGC) - Fictional Dummy Company,BNGC700361,2020,Jan-2020,Q1,Exploration & Production,KG-D6 Deepwater Field,Offshore Field,Andhra Pradesh,N/A,11.76,12.65,92.96,6.61,74.52,30.96,43.56,58.45,0.184,0,0,60,20,8.03
Bharat Natural Gas Corporation (BNGC) - Fictional Dummy Company,BNGC700362,2020,Feb-2020,Q1,Exploration & Production,KG-D6 Deepwater Field,Offshore Field,Andhra Pradesh,N/A,11.69,12.65,92.41,6.47,72.51,34.27,38.24,52.74,0.193,0,0,60,20,7.62
Bharat Natural Gas Corporation (BNGC) - Fictional Dummy Company,BNGC700363,2020,Mar-2020,Q1,Exploration & Production,KG-D6 Deepwater Field,Offshore Field,Andhra Pradesh,N/A,10.92,12.65,86.32,6.05,63.33,28.98,34.35,54.24,0.143,0,0,60,21,7.29
Bharat Natural Gas Corporation (BNGC) - Fictional Dummy Company,BNGC700364,2020,Apr-2020,Q2,Exploration & Production,KG-D6 Deepwater Field,Offshore Field,Andhra Pradesh,N/A,11.1,12.65,87.75,6.94,73.85,26.8,47.05,63.71,0.112,0,0,60,20,7.53
Bharat Natural Gas Corporation (BNGC) - Fictional Dummy Company,BNGC700365,2020,May-2020,Q2,Exploration & Production,KG-D6 Deepwater Field,Offshore Field,Andhra Pradesh,N/A,11.58,12.65,91.54,6.87,76.27,29.25,47.02,61.65,0.202,0,0,60,20,5.26
Bharat Natural Gas Corporation (BNGC) - Fictional Dummy Company,BNGC700366,2020,Jun-2020,Q2,Exploration & Production,KG-D6 Deepwater Field,Offshore Field,Andhra Pradesh,N/A,11.04,12.65,87.27,7.2,76.2,27.56,48.64,63.83,0.131,0,0,60,20,7.95
Bharat Natural Gas Corporation (BNGC) - Fictional Dummy Company,BNGC700367,2020,Jul-2020,Q3,Exploration & Production,KG-D6 Deepwater Field,Offshore Field,Andhra Pradesh,N/A,10.5,12.65,83.0,6.44,64.82,29.9,34.92,53.87,0.098,0,0,60,20,4.67
Bharat Natural Gas Corporation (BNGC) - Fictional Dummy Company,BNGC700368,2020,Aug-2020,Q3,Exploration & Production,KG-D6 Deepwater Field,Offshore Field,Andhra Pradesh,N/A,9.94,12.65,78.58,6.74,64.23,26.44,37.79,58.84,0.057,0,0,60,21,6.37
Bharat Natural Gas Corporation (BNGC) - Fictional Dummy Company,BNGC700369,2020,Sep-2020,Q3,Exploration & Production,KG-D6 Deepwater Field,Offshore Field,Andhra Pradesh,N/A,10.7,12.65,84.58,6.99,71.7,32.95,38.75,54.04,0.057,0,0,60,20,8.6
Bharat Natural Gas Corporation (BNGC) - Fictional Dummy Company,BNGC700370,2020,Oct-2020,Q4,Exploration & Production,KG-D6 Deepwater Field,Offshore Field,Andhra Pradesh,N/A,10.65,12.65,84.19,6.2,63.3,29.2,34.1,53.87,0.058,0,0,60,20,8.36
Bharat Natural Gas Corporation (BNGC) - Fictional Dummy Company,BNGC700371,2020,Nov-2020,Q4,Exploration & Production,KG-D6 Deepwater Field,Offshore Field,Andhra Pradesh,N/A,10.7,12.65,84.58,7.49,76.83,32.99,43.84,57.06,0.153,0,0,60,20,5.16
Bharat Natural Gas Corporation (BNGC) - Fictional Dummy Company,BNGC700372,2020,Dec-2020,Q4,Exploration & Production,KG-D6 Deepwater Field,Offshore Field,Andhra Pradesh,N/A,10.39,12.65,82.13,6.81,67.83,32.76,35.07,51.7,0.193,0,0,60,21,7.42
Bharat Natural Gas Corporation (BNGC) - Fictional Dummy Company,BNGC700373,2021,Jan-2021,Q1,Exploration & Production,KG-D6 Deepwater Field,Offshore Field,Andhra Pradesh,N/A,10.54,12.65,83.32,6.14,62.04,28.8,33.24,53.58,0.09,0,0,60,21,4.66
Bharat Natural Gas Corporation (BNGC) - Fictional Dummy Company,BNGC700374,2021,Feb-2021,Q1,Exploration & Production,KG-D6 Deepwater Field,Offshore Field,Andhra Pradesh,N/A,11.42,12.65,90.28,6.8,74.44,28.99,45.45,61.06,0.126,0,0,60,20,7.13
Bharat Natural Gas Corporation (BNGC) - Fictional Dummy Company,BNGC700375,2021,Mar-2021,Q1,Exploration & Production,KG-D6 Deepwater Field,Offshore Field,Andhra Pradesh,N/A,11.47,12.65,90.67,6.49,71.36,29.48,41.88,58.69,0.111,0,0,60,20,8.71
Bharat Natural Gas Corporation (BNGC) - Fictional Dummy Company,BNGC700376,2021,Apr-2021,Q2,Exploration & Production,KG-D6 Deepwater Field,Offshore Field,Andhra Pradesh,N/A,10.9,12.65,86.17,6.35,66.35,23.63,42.72,64.39,0.096,0,0,60,20,7.09
Bharat Natural Gas Corporation (BNGC) - Fictional Dummy Company,BNGC700377,2021,May-2021,Q2,Exploration & Production,KG-D6 Deepwater Field,Offshore Field,Andhra Pradesh,N/A,11.08,12.65,87.59,7.48,79.45,29.33,50.12,63.08,0.151,0,0,60,20,3.6
Bharat Natural Gas Corporation (BNGC) - Fictional Dummy Company,BNGC700378,2021,Jun-2021,Q2,Exploration & Production,KG-D6 Deepwater Field,Offshore Field,Andhra Pradesh,N/A,9.93,12.65,78.5,7.01,66.73,32.24,34.49,51.69,0.084,0,0,60,20,6.01
Bharat Natural Gas Corporation (BNGC) - Fictional Dummy Company,BNGC700379,2021,Jul-2021,Q3,Exploration & Production,KG-D6 Deepwater Field,Offshore Field,Andhra Pradesh,N/A,10.62,12.65,83.95,7.32,74.52,31.53,42.99,57.69,0.06,0,0,60,21,4.27
Bharat Natural Gas Corporation (BNGC) - Fictional Dummy Company,BNGC700380,2021,Aug-2021,Q3,Exploration & Production,KG-D6 Deepwater Field,Offshore Field,Andhra Pradesh,N/A,10.07,12.65,79.6,6.9,66.61,31.37,35.24,52.9,0.123,0,0,60,20,8.0
Bharat Natural Gas Corporation (BNGC) - Fictional Dummy Company,BNGC700381,2021,Sep-2021,Q3,Exploration & Production,KG-D6 Deepwater Field,Offshore Field,Andhra Pradesh,N/A,10.58,12.65,83.64,6.15,62.38,28.74,33.64,53.93,0.091,0,0,60,20,8.04
Bharat Natural Gas Corporation (BNGC) - Fictional Dummy Company,BNGC700382,2021,Oct-2021,Q4,Exploration & Production,KG-D6 Deepwater Field,Offshore Field,Andhra Pradesh,N/A,9.96,12.65,78.74,7.22,68.94,29.72,39.22,56.89,0.188,0,0,60,20,8.67
Bharat Natural Gas Corporation (BNGC) - Fictional Dummy Company,BNGC700383,2021,Nov-2021,Q4,Exploration & Production,KG-D6 Deepwater Field,Offshore Field,Andhra Pradesh,N/A,10.39,12.65,82.13,6.2,61.75,22.71,39.04,63.22,0.105,0,0,60,21,5.27
Bharat Natural Gas Corporation (BNGC) - Fictional Dummy Company,BNGC700384,2021,Dec-2021,Q4,Exploration & Production,KG-D6 Deepwater Field,Offshore Field,Andhra Pradesh,N/A,9.97,12.65,78.81,6.19,59.16,25.0,34.16,57.74,0.165,0,0,60,20,8.89
Bharat Natural Gas Corporation (BNGC) - Fictional Dummy Company,BNGC700385,2022,Jan-2022,Q1,Exploration & Production,KG-D6 Deepwater Field,Offshore Field,Andhra Pradesh,N/A,10.05,12.65,79.45,6.25,60.22,29.96,30.26,50.25,0.112,0,0,60,21,9.38
Bharat Natural Gas Corporation (BNGC) - Fictional Dummy Company,BNGC700386,2022,Feb-2022,Q1,Exploration & Production,KG-D6 Deepwater Field,Offshore Field,Andhra Pradesh,N/A,10.64,12.65,84.11,7.41,75.58,28.55,47.03,62.23,0.162,0,0,60,21,3.61
Bharat Natural Gas Corporation (BNGC) - Fictional Dummy Company,BNGC700387,2022,Mar-2022,Q1,Exploration & Production,KG-D6 Deepwater Field,Offshore Field,Andhra Pradesh,N/A,10.25,12.65,81.03,6.22,61.12,28.47,32.65,53.42,0.176,0,0,60,20,8.42
Bharat Natural Gas Corporation (BNGC) - Fictional Dummy Company,BNGC700388,2022,Apr-2022,Q2,Exploration & Production,KG-D6 Deepwater Field,Offshore Field,Andhra Pradesh,N/A,10.94,12.65,86.48,6.34,66.49,30.22,36.27,54.55,0.153,0,0,60,20,8.26
Bharat Natural Gas Corporation (BNGC) - Fictional Dummy Company,BNGC700389,2022,May-2022,Q2,Exploration & Production,KG-D6 Deepwater Field,Offshore Field,Andhra Pradesh,N/A,10.47,12.65,82.77,6.54,65.64,26.66,38.98,59.38,0.199,0,0,60,21,4.16
Bharat Natural Gas Corporation (BNGC) - Fictional Dummy Company,BNGC700390,2022,Jun-2022,Q2,Exploration & Production,KG-D6 Deepwater Field,Offshore Field,Andhra Pradesh,N/A,9.9,12.65,78.26,6.47,61.4,28.68,32.72,53.29,0.067,0,0,60,20,7.11
Bharat Natural Gas Corporation (BNGC) - Fictional Dummy Company,BNGC700391,2022,Jul-2022,Q3,Exploration & Production,KG-D6 Deepwater Field,Offshore Field,Andhra Pradesh,N/A,10.29,12.65,81.34,6.4,63.13,31.51,31.62,50.09,0.101,0,0,60,21,4.49
Bharat Natural Gas Corporation (BNGC) - Fictional Dummy Company,BNGC700392,2022,Aug-2022,Q3,Exploration & Production,KG-D6 Deepwater Field,Offshore Field,Andhra Pradesh,N/A,9.43,12.65,74.55,7.35,66.44,25.75,40.69,61.24,0.137,0,0,60,21,6.07
Bharat Natural Gas Corporation (BNGC) - Fictional Dummy Company,BNGC700393,2022,Sep-2022,Q3,Exploration & Production,KG-D6 Deepwater Field,Offshore Field,Andhra Pradesh,N/A,9.41,12.65,74.39,7.5,67.66,29.98,37.68,55.69,0.138,0,0,60,20,5.09
Bharat Natural Gas Corporation (BNGC) - Fictional Dummy Company,BNGC700394,2022,Oct-2022,Q4,Exploration & Production,KG-D6 Deepwater Field,Offshore Field,Andhra Pradesh,N/A,9.68,12.65,76.52,7.18,66.63,25.26,41.37,62.09,0.155,0,0,60,20,4.38
Bharat Natural Gas Corporation (BNGC) - Fictional Dummy Company,BNGC700395,2022,Nov-2022,Q4,Exploration & Production,KG-D6 Deepwater Field,Offshore Field,Andhra Pradesh,N/A,9.93,12.65,78.5,6.69,63.68,28.91,34.77,54.6,0.074,0,0,60,20,5.18
Bharat Natural Gas Corporation (BNGC) - Fictional Dummy Company,BNGC700396,2022,Dec-2022,Q4,Exploration & Production,KG-D6 Deepwater Field,Offshore Field,Andhra Pradesh,N/A,9.48,12.65,74.94,6.93,62.98,27.66,35.32,56.08,0.126,0,0,60,20,5.99
Bharat Natural Gas Corporation (BNGC) - Fictional Dummy Company,BNGC700397,2023,Jan-2023,Q1,Exploration & Production,KG-D6 Deepwater Field,Offshore Field,Andhra Pradesh,N/A,9.76,12.65,77.15,7.07,66.15,32.82,33.33,50.39,0.128,0,0,60,20,5.97
Bharat Natural Gas Corporation (BNGC) - Fictional Dummy Company,BNGC700398,2023,Feb-2023,Q1,Exploration & Production,KG-D6 Deepwater Field,Offshore Field,Andhra Pradesh,N/A,9.83,12.65,77.71,7.16,67.47,25.99,41.48,61.48,0.096,0,0,60,20,7.07
Bharat Natural Gas Corporation (BNGC) - Fictional Dummy Company,BNGC700399,2023,Mar-2023,Q1,Exploration & Production,KG-D6 Deepwater Field,Offshore Field,Andhra Pradesh,N/A,9.52,12.65,75.26,6.14,56.04,26.57,29.47,52.59,0.063,0,0,60,20,4.62
Bharat Natural Gas Corporation (BNGC) - Fictional Dummy Company,BNGC700400,2023,Apr-2023,Q2,Exploration & Production,KG-D6 Deepwater Field,Offshore Field,Andhra Pradesh,N/A,9.7,12.65,76.68,6.23,57.93,24.36,33.57,57.95,0.096,0,0,60,20,6.14
Bharat Natural Gas Corporation (BNGC) - Fictional Dummy Company,BNGC700401,2023,May-2023,Q2,Exploration & Production,KG-D6 Deepwater Field,Offshore Field,Andhra Pradesh,N/A,9.94,12.65,78.58,7.48,71.28,27.96,43.32,60.77,0.117,0,0,60,20,5.56
Bharat Natural Gas Corporation (BNGC) - Fictional Dummy Company,BNGC700402,2023,Jun-2023,Q2,Exploration & Production,KG-D6 Deepwater Field,Offshore Field,Andhra Pradesh,N/A,10.07,12.65,79.6,6.19,59.76,27.47,32.29,54.03,0.104,0,0,60,20,5.98
Bharat Natural Gas Corporation (BNGC) - Fictional Dummy Company,BNGC700403,2023,Jul-2023,Q3,Exploration & Production,KG-D6 Deepwater Field,Offshore Field,Andhra Pradesh,N/A,10.02,12.65,79.21,7.15,68.68,32.71,35.97,52.37,0.193,0,0,60,20,4.86
Bharat Natural Gas Corporation (BNGC) - Fictional Dummy Company,BNGC700404,2023,Aug-2023,Q3,Exploration & Production,KG-D6 Deepwater Field,Offshore Field,Andhra Pradesh,N/A,9.51,12.65,75.18,6.93,63.18,23.43,39.75,62.92,0.116,0,0,60,21,8.52
Bharat Natural Gas Corporation (BNGC) - Fictional Dummy Company,BNGC700405,2023,Sep-2023,Q3,Exploration & Production,KG-D6 Deepwater Field,Offshore Field,Andhra Pradesh,N/A,9.17,12.65,72.49,6.65,58.46,23.17,35.29,60.37,0.085,0,0,60,20,6.6
Bharat Natural Gas Corporation (BNGC) - Fictional Dummy Company,BNGC700406,2023,Oct-2023,Q4,Exploration & Production,KG-D6 Deepwater Field,Offshore Field,Andhra Pradesh,N/A,8.99,12.65,71.07,6.2,53.43,23.98,29.45,55.12,0.154,0,0,60,21,6.8
Bharat Natural Gas Corporation (BNGC) - Fictional Dummy Company,BNGC700407,2023,Nov-2023,Q4,Exploration & Production,KG-D6 Deepwater Field,Offshore Field,Andhra Pradesh,N/A,9.4,12.65,74.31,7.13,64.25,27.18,37.07,57.7,0.183,0,0,60,20,4.18
Bharat Natural Gas Corporation (BNGC) - Fictional Dummy Company,BNGC700408,2023,Dec-2023,Q4,Exploration & Production,KG-D6 Deepwater Field,Offshore Field,Andhra Pradesh,N/A,9.18,12.65,72.57,7.14,62.83,22.04,40.79,64.92,0.06,0,0,60,21,7.03
Bharat Natural Gas Corporation (BNGC) - Fictional Dummy Company,BNGC700409,2024,Jan-2024,Q1,Exploration & Production,KG-D6 Deepwater Field,Offshore Field,Andhra Pradesh,N/A,9.42,12.65,74.47,6.74,60.87,29.11,31.76,52.18,0.061,0,0,60,20,8.48
Bharat Natural Gas Corporation (BNGC) - Fictional Dummy Company,BNGC700410,2024,Feb-2024,Q1,Exploration & Production,KG-D6 Deepwater Field,Offshore Field,Andhra Pradesh,N/A,9.14,12.65,72.25,6.06,53.1,20.32,32.78,61.73,0.068,0,0,60,21,7.27
Bharat Natural Gas Corporation (BNGC) - Fictional Dummy Company,BNGC700411,2024,Mar-2024,Q1,Exploration & Production,KG-D6 Deepwater Field,Offshore Field,Andhra Pradesh,N/A,9.81,12.65,77.55,6.31,59.34,24.46,34.88,58.78,0.144,0,0,60,20,5.01
Bharat Natural Gas Corporation (BNGC) - Fictional Dummy Company,BNGC700412,2024,Apr-2024,Q2,Exploration & Production,KG-D6 Deepwater Field,Offshore Field,Andhra Pradesh,N/A,9.8,12.65,77.47,6.73,63.23,30.01,33.22,52.54,0.179,0,0,60,20,4.57
Bharat Natural Gas Corporation (BNGC) - Fictional Dummy Company,BNGC700413,2024,May-2024,Q2,Exploration & Production,KG-D6 Deepwater Field,Offshore Field,Andhra Pradesh,N/A,9.68,12.65,76.52,7.45,69.13,24.88,44.25,64.01,0.186,0,0,60,20,4.91
Bharat Natural Gas Corporation (BNGC) - Fictional Dummy Company,BNGC700414,2024,Jun-2024,Q2,Exploration & Production,KG-D6 Deepwater Field,Offshore Field,Andhra Pradesh,N/A,9.88,12.65,78.1,7.43,70.37,27.14,43.23,61.43,0.097,0,0,60,21,9.1
Bharat Natural Gas Corporation (BNGC) - Fictional Dummy Company,BNGC700415,2024,Jul-2024,Q3,Exploration & Production,KG-D6 Deepwater Field,Offshore Field,Andhra Pradesh,N/A,9.33,12.65,73.75,6.19,55.36,23.36,32.0,57.8,0.174,0,0,60,20,8.21
Bharat Natural Gas Corporation (BNGC) - Fictional Dummy Company,BNGC700416,2024,Aug-2024,Q3,Exploration & Production,KG-D6 Deepwater Field,Offshore Field,Andhra Pradesh,N/A,8.52,12.65,67.35,6.0,49.01,22.7,26.31,53.68,0.159,0,0,60,20,4.83
Bharat Natural Gas Corporation (BNGC) - Fictional Dummy Company,BNGC700417,2024,Sep-2024,Q3,Exploration & Production,KG-D6 Deepwater Field,Offshore Field,Andhra Pradesh,N/A,8.74,12.65,69.09,6.64,55.63,21.35,34.28,61.62,0.119,0,0,60,21,7.91
Bharat Natural Gas Corporation (BNGC) - Fictional Dummy Company,BNGC700418,2024,Oct-2024,Q4,Exploration & Production,KG-D6 Deepwater Field,Offshore Field,Andhra Pradesh,N/A,8.76,12.65,69.25,6.04,50.72,23.77,26.95,53.13,0.124,0,0,60,20,8.5
Bharat Natural Gas Corporation (BNGC) - Fictional Dummy Company,BNGC700419,2024,Nov-2024,Q4,Exploration & Production,KG-D6 Deepwater Field,Offshore Field,Andhra Pradesh,N/A,9.43,12.65,74.55,6.22,56.23,27.09,29.14,51.82,0.123,0,0,60,20,7.83
Bharat Natural Gas Corporation (BNGC) - Fictional Dummy Company,BNGC700420,2024,Dec-2024,Q4,Exploration & Production,KG-D6 Deepwater Field,Offshore Field,Andhra Pradesh,N/A,9.15,12.65,72.33,6.29,55.17,23.39,31.78,57.6,0.176,0,0,60,20,6.77
Bharat Natural Gas Corporation (BNGC) - Fictional Dummy Company,BNGC700421,2025,Jan-2025,Q1,Exploration & Production,KG-D6 Deepwater Field,Offshore Field,Andhra Pradesh,N/A,9.52,12.65,75.26,6.36,58.04,23.73,34.31,59.11,0.189,0,0,60,20,7.45
Bharat Natural Gas Corporation (BNGC) - Fictional Dummy Company,BNGC700422,2025,Feb-2025,Q1,Exploration & Production,KG-D6 Deepwater Field,Offshore Field,Andhra Pradesh,N/A,8.88,12.65,70.2,7.48,63.68,23.0,40.68,63.88,0.141,0,0,60,20,3.71
Bharat Natural Gas Corporation (BNGC) - Fictional Dummy Company,BNGC700423,2025,Mar-2025,Q1,Exploration & Production,KG-D6 Deepwater Field,Offshore Field,Andhra Pradesh,N/A,9.41,12.65,74.39,6.0,54.13,20.07,34.06,62.92,0.126,0,0,60,20,8.55
Bharat Natural Gas Corporation (BNGC) - Fictional Dummy Company,BNGC700424,2025,Apr-2025,Q2,Exploration & Production,KG-D6 Deepwater Field,Offshore Field,Andhra Pradesh,N/A,9.33,12.65,73.75,6.09,54.47,26.89,27.58,50.63,0.081,0,0,60,20,8.5
Bharat Natural Gas Corporation (BNGC) - Fictional Dummy Company,BNGC700425,2025,May-2025,Q2,Exploration & Production,KG-D6 Deepwater Field,Offshore Field,Andhra Pradesh,N/A,9.4,12.65,74.31,6.45,58.12,21.26,36.86,63.42,0.108,0,0,60,21,5.59
Bharat Natural Gas Corporation (BNGC) - Fictional Dummy Company,BNGC700426,2025,Jun-2025,Q2,Exploration & Production,KG-D6 Deepwater Field,Offshore Field,Andhra Pradesh,N/A,8.99,12.65,71.07,6.75,58.17,21.55,36.62,62.95,0.098,0,0,60,20,4.8
Bharat Natural Gas Corporation (BNGC) - Fictional Dummy Company,BNGC700427,2025,Jul-2025,Q3,Exploration & Production,KG-D6 Deepwater Field,Offshore Field,Andhra Pradesh,N/A,8.58,12.65,67.83,7.01,57.66,22.27,35.39,61.38,0.073,0,0,60,20,5.49
Bharat Natural Gas Corporation (BNGC) - Fictional Dummy Company,BNGC700428,2025,Aug-2025,Q3,Exploration & Production,KG-D6 Deepwater Field,Offshore Field,Andhra Pradesh,N/A,9.23,12.65,72.96,7.32,64.77,28.95,35.82,55.3,0.125,0,0,60,20,5.73
Bharat Natural Gas Corporation (BNGC) - Fictional Dummy Company,BNGC700429,2025,Sep-2025,Q3,Exploration & Production,KG-D6 Deepwater Field,Offshore Field,Andhra Pradesh,N/A,8.66,12.65,68.46,6.1,50.64,21.96,28.68,56.64,0.095,0,0,60,20,4.4
Bharat Natural Gas Corporation (BNGC) - Fictional Dummy Company,BNGC700430,2025,Oct-2025,Q4,Exploration & Production,KG-D6 Deepwater Field,Offshore Field,Andhra Pradesh,N/A,8.99,12.65,71.07,6.6,56.88,23.47,33.41,58.74,0.057,0,0,60,20,3.96
Bharat Natural Gas Corporation (BNGC) - Fictional Dummy Company,BNGC700431,2025,Nov-2025,Q4,Exploration & Production,KG-D6 Deepwater Field,Offshore Field,Andhra Pradesh,N/A,8.69,12.65,68.7,6.13,51.07,20.59,30.48,59.68,0.123,0,0,60,21,6.52
Bharat Natural Gas Corporation (BNGC) - Fictional Dummy Company,BNGC700432,2025,Dec-2025,Q4,Exploration & Production,KG-D6 Deepwater Field,Offshore Field,Andhra Pradesh,N/A,9.02,12.65,71.3,6.13,53.01,22.59,30.42,57.39,0.174,0,0,60,20,9.12
Bharat Natural Gas Corporation (BNGC) - Fictional Dummy Company,BNGC700433,2020,Jan-2020,Q1,Exploration & Production,Cauvery Basin Field,Onshore Field,Tamil Nadu,N/A,2.19,2.53,86.56,6.25,13.12,5.06,8.06,61.43,0.024,0,0,8,7,4.8
Bharat Natural Gas Corporation (BNGC) - Fictional Dummy Company,BNGC700434,2020,Feb-2020,Q1,Exploration & Production,Cauvery Basin Field,Onshore Field,Tamil Nadu,N/A,2.31,2.53,91.3,6.43,14.24,7.01,7.23,50.77,0.03,0,0,8,7,7.26
Bharat Natural Gas Corporation (BNGC) - Fictional Dummy Company,BNGC700435,2020,Mar-2020,Q1,Exploration & Production,Cauvery Basin Field,Onshore Field,Tamil Nadu,N/A,2.34,2.53,92.49,6.76,15.16,5.86,9.3,61.35,0.033,0,0,8,7,8.88
Bharat Natural Gas Corporation (BNGC) - Fictional Dummy Company,BNGC700436,2020,Apr-2020,Q2,Exploration & Production,Cauvery Basin Field,Onshore Field,Tamil Nadu,N/A,2.31,2.53,91.3,6.81,15.08,7.19,7.89,52.32,0.029,0,0,8,7,8.29
Bharat Natural Gas Corporation (BNGC) - Fictional Dummy Company,BNGC700437,2020,May-2020,Q2,Exploration & Production,Cauvery Basin Field,Onshore Field,Tamil Nadu,N/A,2.08,2.53,82.21,6.6,13.16,5.54,7.62,57.9,0.023,0,0,8,7,4.72
Bharat Natural Gas Corporation (BNGC) - Fictional Dummy Company,BNGC700438,2020,Jun-2020,Q2,Exploration & Production,Cauvery Basin Field,Onshore Field,Tamil Nadu,N/A,2.2,2.53,86.96,6.15,12.97,5.26,7.71,59.44,0.02,0,0,8,7,5.96
Bharat Natural Gas Corporation (BNGC) - Fictional Dummy Company,BNGC700439,2020,Jul-2020,Q3,Exploration & Production,Cauvery Basin Field,Onshore Field,Tamil Nadu,N/A,2.01,2.53,79.45,6.08,11.72,4.35,7.37,62.88,0.026,0,0,8,7,7.7
Bharat Natural Gas Corporation (BNGC) - Fictional Dummy Company,BNGC700440,2020,Aug-2020,Q3,Exploration & Production,Cauvery Basin Field,Onshore Field,Tamil Nadu,N/A,2.19,2.53,86.56,6.85,14.38,6.9,7.48,52.02,0.025,0,0,8,8,3.77
Bharat Natural Gas Corporation (BNGC) - Fictional Dummy Company,BNGC700441,2020,Sep-2020,Q3,Exploration & Production,Cauvery Basin Field,Onshore Field,Tamil Nadu,N/A,1.99,2.53,78.66,6.35,12.11,4.43,7.68,63.42,0.021,0,0,8,7,8.14
Bharat Natural Gas Corporation (BNGC) - Fictional Dummy Company,BNGC700442,2020,Oct-2020,Q4,Exploration & Production,Cauvery Basin Field,Onshore Field,Tamil Nadu,N/A,2.03,2.53,80.24,6.05,11.77,5.04,6.73,57.18,0.01,0,0,8,8,8.46
Bharat Natural Gas Corporation (BNGC) - Fictional Dummy Company,BNGC700443,2020,Nov-2020,Q4,Exploration & Production,Cauvery Basin Field,Onshore Field,Tamil Nadu,N/A,2.02,2.53,79.84,6.48,12.55,5.52,7.03,56.02,0.036,0,0,8,8,8.85
Bharat Natural Gas Corporation (BNGC) - Fictional Dummy Company,BNGC700444,2020,Dec-2020,Q4,Exploration & Production,Cauvery Basin Field,Onshore Field,Tamil Nadu,N/A,2.05,2.53,81.03,6.85,13.46,5.48,7.98,59.29,0.024,0,0,8,7,5.7
Bharat Natural Gas Corporation (BNGC) - Fictional Dummy Company,BNGC700445,2021,Jan-2021,Q1,Exploration & Production,Cauvery Basin Field,Onshore Field,Tamil Nadu,N/A,2.26,2.53,89.33,6.92,14.99,6.04,8.95,59.71,0.026,0,0,8,7,8.96
Bharat Natural Gas Corporation (BNGC) - Fictional Dummy Company,BNGC700446,2021,Feb-2021,Q1,Exploration & Production,Cauvery Basin Field,Onshore Field,Tamil Nadu,N/A,2.11,2.53,83.4,6.02,12.18,5.41,6.77,55.58,0.027,0,0,8,8,3.73
Bharat Natural Gas Corporation (BNGC) - Fictional Dummy Company,BNGC700447,2021,Mar-2021,Q1,Exploration & Production,Cauvery Basin Field,Onshore Field,Tamil Nadu,N/A,2.24,2.53,88.54,6.2,13.31,4.77,8.54,64.16,0.034,0,0,8,8,6.12
Bharat Natural Gas Corporation (BNGC) - Fictional Dummy Company,BNGC700448,2021,Apr-2021,Q2,Exploration & Production,Cauvery Basin Field,Onshore Field,Tamil Nadu,N/A,2.12,2.53,83.79,7.12,14.47,6.6,7.87,54.39,0.015,0,0,8,7,4.07
Bharat Natural Gas Corporation (BNGC) - Fictional Dummy Company,BNGC700449,2021,May-2021,Q2,Exploration & Production,Cauvery Basin Field,Onshore Field,Tamil Nadu,N/A,2.11,2.53,83.4,6.33,12.8,4.88,7.92,61.87,0.024,0,0,8,7,3.5
Bharat Natural Gas Corporation (BNGC) - Fictional Dummy Company,BNGC700450,2021,Jun-2021,Q2,Exploration & Production,Cauvery Basin Field,Onshore Field,Tamil Nadu,N/A,2.19,2.53,86.56,7.23,15.18,7.58,7.6,50.07,0.043,0,0,8,8,6.2
Bharat Natural Gas Corporation (BNGC) - Fictional Dummy Company,BNGC700451,2021,Jul-2021,Q3,Exploration & Production,Cauvery Basin Field,Onshore Field,Tamil Nadu,N/A,2.06,2.53,81.42,7.03,13.88,5.44,8.44,60.81,0.027,0,0,8,8,8.14
Bharat Natural Gas Corporation (BNGC) - Fictional Dummy Company,BNGC700452,2021,Aug-2021,Q3,Exploration & Production,Cauvery Basin Field,Onshore Field,Tamil Nadu,N/A,2.04,2.53,80.63,6.21,12.14,5.95,6.19,50.99,0.037,0,0,8,7,6.42
Bharat Natural Gas Corporation (BNGC) - Fictional Dummy Company,BNGC700453,2021,Sep-2021,Q3,Exploration & Production,Cauvery Basin Field,Onshore Field,Tamil Nadu,N/A,1.9,2.53,75.1,6.14,11.18,5.51,5.67,50.72,0.028,0,0,8,7,8.74
Bharat Natural Gas Corporation (BNGC) - Fictional Dummy Company,BNGC700454,2021,Oct-2021,Q4,Exploration & Production,Cauvery Basin Field,Onshore Field,Tamil Nadu,N/A,1.99,2.53,78.66,6.87,13.11,6.55,6.56,50.04,0.014,0,0,8,7,8.65
Bharat Natural Gas Corporation (BNGC) - Fictional Dummy Company,BNGC700455,2021,Nov-2021,Q4,Exploration & Production,Cauvery Basin Field,Onshore Field,Tamil Nadu,N/A,2.01,2.53,79.45,6.08,11.72,5.64,6.08,51.88,0.015,0,0,8,7,4.93
Bharat Natural Gas Corporation (BNGC) - Fictional Dummy Company,BNGC700456,2021,Dec-2021,Q4,Exploration & Production,Cauvery Basin Field,Onshore Field,Tamil Nadu,N/A,2.05,2.53,81.03,6.98,13.72,6.12,7.6,55.39,0.04,0,0,8,7,5.57
Bharat Natural Gas Corporation (BNGC) - Fictional Dummy Company,BNGC700457,2022,Jan-2022,Q1,Exploration & Production,Cauvery Basin Field,Onshore Field,Tamil Nadu,N/A,2.08,2.53,82.21,6.54,13.04,6.05,6.99,53.6,0.038,0,0,8,7,9.05
Bharat Natural Gas Corporation (BNGC) - Fictional Dummy Company,BNGC700458,2022,Feb-2022,Q1,Exploration & Production,Cauvery Basin Field,Onshore Field,Tamil Nadu,N/A,2.11,2.53,83.4,7.04,14.24,5.16,9.08,63.76,0.03,0,0,8,7,9.14
Bharat Natural Gas Corporation (BNGC) - Fictional Dummy Company,BNGC700459,2022,Mar-2022,Q1,Exploration & Production,Cauvery Basin Field,Onshore Field,Tamil Nadu,N/A,2.01,2.53,79.45,6.18,11.91,4.49,7.42,62.3,0.014,0,0,8,7,5.81
Bharat Natural Gas Corporation (BNGC) - Fictional Dummy Company,BNGC700460,2022,Apr-2022,Q2,Exploration & Production,Cauvery Basin Field,Onshore Field,Tamil Nadu,N/A,2.11,2.53,83.4,6.71,13.57,6.34,7.23,53.28,0.015,0,0,8,8,7.28
Bharat Natural Gas Corporation (BNGC) - Fictional Dummy Company,BNGC700461,2022,May-2022,Q2,Exploration & Production,Cauvery Basin Field,Onshore Field,Tamil Nadu,N/A,1.95,2.53,77.08,7.11,13.29,6.27,7.02,52.82,0.027,0,0,8,7,7.77
Bharat Natural Gas Corporation (BNGC) - Fictional Dummy Company,BNGC700462,2022,Jun-2022,Q2,Exploration & Production,Cauvery Basin Field,Onshore Field,Tamil Nadu,N/A,1.89,2.53,74.7,7.23,13.1,5.4,7.7,58.78,0.036,0,0,8,7,9.22
Bharat Natural Gas Corporation (BNGC) - Fictional Dummy Company,BNGC700463,2022,Jul-2022,Q3,Exploration & Production,Cauvery Basin Field,Onshore Field,Tamil Nadu,N/A,2.06,2.53,81.42,7.23,14.28,5.47,8.81,61.69,0.027,0,0,8,7,6.62
Bharat Natural Gas Corporation (BNGC) - Fictional Dummy Company,BNGC700464,2022,Aug-2022,Q3,Exploration & Production,Cauvery Basin Field,Onshore Field,Tamil Nadu,N/A,1.85,2.53,73.12,6.57,11.65,5.7,5.95,51.07,0.01,0,0,8,7,7.46
Bharat Natural Gas Corporation (BNGC) - Fictional Dummy Company,BNGC700465,2022,Sep-2022,Q3,Exploration & Production,Cauvery Basin Field,Onshore Field,Tamil Nadu,N/A,1.98,2.53,78.26,7.34,13.93,5.99,7.94,57.0,0.011,0,0,8,7,4.24
Bharat Natural Gas Corporation (BNGC) - Fictional Dummy Company,BNGC700466,2022,Oct-2022,Q4,Exploration & Production,Cauvery Basin Field,Onshore Field,Tamil Nadu,N/A,1.99,2.53,78.66,6.93,13.22,5.02,8.2,62.03,0.036,0,0,8,8,4.5
Bharat Natural Gas Corporation (BNGC) - Fictional Dummy Company,BNGC700467,2022,Nov-2022,Q4,Exploration & Production,Cauvery Basin Field,Onshore Field,Tamil Nadu,N/A,1.94,2.53,76.68,6.9,12.83,5.83,7.0,54.56,0.011,0,0,8,7,7.54
Bharat Natural Gas Corporation (BNGC) - Fictional Dummy Company,BNGC700468,2022,Dec-2022,Q4,Exploration & Production,Cauvery Basin Field,Onshore Field,Tamil Nadu,N/A,1.99,2.53,78.66,6.75,12.88,6.4,6.48,50.31,0.022,0,0,8,7,8.96
Bharat Natural Gas Corporation (BNGC) - Fictional Dummy Company,BNGC700469,2023,Jan-2023,Q1,Exploration & Production,Cauvery Basin Field,Onshore Field,Tamil Nadu,N/A,1.88,2.53,74.31,7.22,13.01,6.18,6.83,52.5,0.019,0,0,8,8,9.1
Bharat Natural Gas Corporation (BNGC) - Fictional Dummy Company,BNGC700470,2023,Feb-2023,Q1,Exploration & Production,Cauvery Basin Field,Onshore Field,Tamil Nadu,N/A,2.04,2.53,80.63,6.57,12.85,5.8,7.05,54.86,0.028,0,0,8,7,8.69
Bharat Natural Gas Corporation (BNGC) - Fictional Dummy Company,BNGC700471,2023,Mar-2023,Q1,Exploration & Production,Cauvery Basin Field,Onshore Field,Tamil Nadu,N/A,1.97,2.53,77.87,6.87,12.97,5.38,7.59,58.52,0.018,0,0,8,7,8.57
Bharat Natural Gas Corporation (BNGC) - Fictional Dummy Company,BNGC700472,2023,Apr-2023,Q2,Exploration & Production,Cauvery Basin Field,Onshore Field,Tamil Nadu,N/A,2.06,2.53,81.42,6.14,12.13,4.57,7.56,62.32,0.035,0,0,8,7,8.35
Bharat Natural Gas Corporation (BNGC) - Fictional Dummy Company,BNGC700473,2023,May-2023,Q2,Exploration & Production,Cauvery Basin Field,Onshore Field,Tamil Nadu,N/A,1.99,2.53,78.66,6.77,12.92,5.55,7.37,57.04,0.022,0,0,8,7,5.88
Bharat Natural Gas Corporation (BNGC) - Fictional Dummy Company,BNGC700474,2023,Jun-2023,Q2,Exploration & Production,Cauvery Basin Field,Onshore Field,Tamil Nadu,N/A,1.96,2.53,77.47,6.63,12.46,4.64,7.82,62.76,0.012,0,0,8,8,3.82
Bharat Natural Gas Corporation (BNGC) - Fictional Dummy Company,BNGC700475,2023,Jul-2023,Q3,Exploration & Production,Cauvery Basin Field,Onshore Field,Tamil Nadu,N/A,2.0,2.53,79.05,7.27,13.94,6.68,7.26,52.08,0.035,0,0,8,7,4.65
Bharat Natural Gas Corporation (BNGC) - Fictional Dummy Company,BNGC700476,2023,Aug-2023,Q3,Exploration & Production,Cauvery Basin Field,Onshore Field,Tamil Nadu,N/A,1.99,2.53,78.66,6.6,12.59,5.75,6.84,54.33,0.039,0,0,8,7,3.84
Bharat Natural Gas Corporation (BNGC) - Fictional Dummy Company,BNGC700477,2023,Sep-2023,Q3,Exploration & Production,Cauvery Basin Field,Onshore Field,Tamil Nadu,N/A,1.81,2.53,71.54,7.11,12.34,5.94,6.4,51.86,0.015,0,0,8,7,7.27
Bharat Natural Gas Corporation (BNGC) - Fictional Dummy Company,BNGC700478,2023,Oct-2023,Q4,Exploration & Production,Cauvery Basin Field,Onshore Field,Tamil Nadu,N/A,1.8,2.53,71.15,6.06,10.46,4.69,5.77,55.16,0.019,0,0,8,7,6.3
Bharat Natural Gas Corporation (BNGC) - Fictional Dummy Company,BNGC700479,2023,Nov-2023,Q4,Exploration & Production,Cauvery Basin Field,Onshore Field,Tamil Nadu,N/A,1.85,2.53,73.12,7.32,12.98,4.56,8.42,64.87,0.033,0,0,8,7,8.94
Bharat Natural Gas Corporation (BNGC) - Fictional Dummy Company,BNGC700480,2023,Dec-2023,Q4,Exploration & Production,Cauvery Basin Field,Onshore Field,Tamil Nadu,N/A,1.95,2.53,77.08,6.91,12.92,6.04,6.88,53.25,0.011,0,0,8,7,9.25
Bharat Natural Gas Corporation (BNGC) - Fictional Dummy Company,BNGC700481,2024,Jan-2024,Q1,Exploration & Production,Cauvery Basin Field,Onshore Field,Tamil Nadu,N/A,2.0,2.53,79.05,6.8,13.04,6.31,6.73,51.61,0.015,0,0,8,7,9.33
Bharat Natural Gas Corporation (BNGC) - Fictional Dummy Company,BNGC700482,2024,Feb-2024,Q1,Exploration & Production,Cauvery Basin Field,Onshore Field,Tamil Nadu,N/A,2.06,2.53,81.42,6.73,13.29,6.25,7.04,52.97,0.02,0,0,8,8,8.94
Bharat Natural Gas Corporation (BNGC) - Fictional Dummy Company,BNGC700483,2024,Mar-2024,Q1,Exploration & Production,Cauvery Basin Field,Onshore Field,Tamil Nadu,N/A,1.9,2.53,75.1,6.82,12.42,5.42,7.0,56.36,0.019,0,0,8,8,7.11
Bharat Natural Gas Corporation (BNGC) - Fictional Dummy Company,BNGC700484,2024,Apr-2024,Q2,Exploration & Production,Cauvery Basin Field,Onshore Field,Tamil Nadu,N/A,2.03,2.53,80.24,6.06,11.79,4.53,7.26,61.58,0.035,0,0,8,7,5.37
Bharat Natural Gas Corporation (BNGC) - Fictional Dummy Company,BNGC700485,2024,May-2024,Q2,Exploration & Production,Cauvery Basin Field,Onshore Field,Tamil Nadu,N/A,1.8,2.53,71.15,6.22,10.73,4.69,6.04,56.29,0.022,0,0,8,7,5.93
Bharat Natural Gas Corporation (BNGC) - Fictional Dummy Company,BNGC700486,2024,Jun-2024,Q2,Exploration & Production,Cauvery Basin Field,Onshore Field,Tamil Nadu,N/A,1.94,2.53,76.68,6.03,11.21,4.0,7.21,64.32,0.033,0,0,8,8,9.3
Bharat Natural Gas Corporation (BNGC) - Fictional Dummy Company,BNGC700487,2024,Jul-2024,Q3,Exploration & Production,Cauvery Basin Field,Onshore Field,Tamil Nadu,N/A,1.75,2.53,69.17,6.6,11.07,5.38,5.69,51.4,0.021,0,0,8,7,5.24
Bharat Natural Gas Corporation (BNGC) - Fictional Dummy Company,BNGC700488,2024,Aug-2024,Q3,Exploration & Production,Cauvery Basin Field,Onshore Field,Tamil Nadu,N/A,1.77,2.53,69.96,7.35,12.47,4.62,7.85,62.95,0.023,0,0,8,8,6.43
Bharat Natural Gas Corporation (BNGC) - Fictional Dummy Company,BNGC700489,2024,Sep-2024,Q3,Exploration & Production,Cauvery Basin Field,Onshore Field,Tamil Nadu,N/A,1.81,2.53,71.54,6.6,11.45,4.07,7.38,64.45,0.029,0,0,8,7,3.68
Bharat Natural Gas Corporation (BNGC) - Fictional Dummy Company,BNGC700490,2024,Oct-2024,Q4,Exploration & Production,Cauvery Basin Field,Onshore Field,Tamil Nadu,N/A,1.73,2.53,68.38,6.52,10.81,3.85,6.96,64.38,0.024,0,0,8,7,5.07
Bharat Natural Gas Corporation (BNGC) - Fictional Dummy Company,BNGC700491,2024,Nov-2024,Q4,Exploration & Production,Cauvery Basin Field,Onshore Field,Tamil Nadu,N/A,1.74,2.53,68.77,6.98,11.64,5.26,6.38,54.81,0.031,0,0,8,8,3.85
Bharat Natural Gas Corporation (BNGC) - Fictional Dummy Company,BNGC700492,2024,Dec-2024,Q4,Exploration & Production,Cauvery Basin Field,Onshore Field,Tamil Nadu,N/A,1.87,2.53,73.91,6.8,12.19,6.02,6.17,50.62,0.037,0,0,8,7,5.81
Bharat Natural Gas Corporation (BNGC) - Fictional Dummy Company,BNGC700493,2025,Jan-2025,Q1,Exploration & Production,Cauvery Basin Field,Onshore Field,Tamil Nadu,N/A,1.75,2.53,69.17,7.11,11.93,4.58,7.35,61.61,0.021,0,0,8,8,6.53
Bharat Natural Gas Corporation (BNGC) - Fictional Dummy Company,BNGC700494,2025,Feb-2025,Q1,Exploration & Production,Cauvery Basin Field,Onshore Field,Tamil Nadu,N/A,1.92,2.53,75.89,6.25,11.5,4.91,6.59,57.3,0.029,0,0,8,7,8.88
Bharat Natural Gas Corporation (BNGC) - Fictional Dummy Company,BNGC700495,2025,Mar-2025,Q1,Exploration & Production,Cauvery Basin Field,Onshore Field,Tamil Nadu,N/A,1.76,2.53,69.57,7.02,11.84,5.67,6.17,52.11,0.031,0,0,8,7,6.18
Bharat Natural Gas Corporation (BNGC) - Fictional Dummy Company,BNGC700496,2025,Apr-2025,Q2,Exploration & Production,Cauvery Basin Field,Onshore Field,Tamil Nadu,N/A,1.87,2.53,73.91,6.44,11.54,4.16,7.38,63.95,0.03,0,0,8,7,3.87
Bharat Natural Gas Corporation (BNGC) - Fictional Dummy Company,BNGC700497,2025,May-2025,Q2,Exploration & Production,Cauvery Basin Field,Onshore Field,Tamil Nadu,N/A,1.75,2.53,69.17,7.41,12.43,4.55,7.88,63.4,0.035,0,0,8,7,7.16
Bharat Natural Gas Corporation (BNGC) - Fictional Dummy Company,BNGC700498,2025,Jun-2025,Q2,Exploration & Production,Cauvery Basin Field,Onshore Field,Tamil Nadu,N/A,1.73,2.53,68.38,6.45,10.7,4.24,6.46,60.37,0.023,0,0,8,7,8.77
Bharat Natural Gas Corporation (BNGC) - Fictional Dummy Company,BNGC700499,2025,Jul-2025,Q3,Exploration & Production,Cauvery Basin Field,Onshore Field,Tamil Nadu,N/A,1.75,2.53,69.17,7.23,12.13,5.12,7.01,57.79,0.021,0,0,8,7,3.55
Bharat Natural Gas Corporation (BNGC) - Fictional Dummy Company,BNGC700500,2025,Aug-2025,Q3,Exploration & Production,Cauvery Basin Field,Onshore Field,Tamil Nadu,N/A,1.77,2.53,69.96,6.4,10.86,4.07,6.79,62.52,0.022,0,0,8,7,7.36
Bharat Natural Gas Corporation (BNGC) - Fictional Dummy Company,BNGC700501,2025,Sep-2025,Q3,Exploration & Production,Cauvery Basin Field,Onshore Field,Tamil Nadu,N/A,1.74,2.53,68.77,6.01,10.02,4.34,5.68,56.69,0.025,0,0,8,7,9.46
Bharat Natural Gas Corporation (BNGC) - Fictional Dummy Company,BNGC700502,2025,Oct-2025,Q4,Exploration & Production,Cauvery Basin Field,Onshore Field,Tamil Nadu,N/A,1.79,2.53,70.75,7.31,12.54,5.66,6.88,54.86,0.009,0,0,8,7,4.16
Bharat Natural Gas Corporation (BNGC) - Fictional Dummy Company,BNGC700503,2025,Nov-2025,Q4,Exploration & Production,Cauvery Basin Field,Onshore Field,Tamil Nadu,N/A,1.72,2.53,67.98,7.23,11.92,4.18,7.74,64.93,0.022,0,0,8,7,7.62
Bharat Natural Gas Corporation (BNGC) - Fictional Dummy Company,BNGC700504,2025,Dec-2025,Q4,Exploration & Production,Cauvery Basin Field,Onshore Field,Tamil Nadu,N/A,1.78,2.53,70.36,6.01,10.26,5.06,5.2,50.68,0.024,0,0,8,7,9.43
Bharat Natural Gas Corporation (BNGC) - Fictional Dummy Company,BNGC700505,2020,Jan-2020,Q1,Exploration & Production,Tripura Gas Field,Onshore Field,Tripura,N/A,3.03,3.45,87.83,6.82,19.81,9.42,10.39,52.45,0.033,0,0,11,10,4.72
Bharat Natural Gas Corporation (BNGC) - Fictional Dummy Company,BNGC700506,2020,Feb-2020,Q1,Exploration & Production,Tripura Gas Field,Onshore Field,Tripura,N/A,2.98,3.45,86.38,6.53,18.65,6.76,11.89,63.75,0.038,0,0,11,10,4.5
Bharat Natural Gas Corporation (BNGC) - Fictional Dummy Company,BNGC700507,2020,Mar-2020,Q1,Exploration & Production,Tripura Gas Field,Onshore Field,Tripura,N/A,3.17,3.45,91.88,6.7,20.36,10.08,10.28,50.49,0.061,0,0,11,11,7.36
Bharat Natural Gas Corporation (BNGC) - Fictional Dummy Company,BNGC700508,2020,Apr-2020,Q2,Exploration & Production,Tripura Gas Field,Onshore Field,Tripura,N/A,3.08,3.45,89.28,6.65,19.64,9.5,10.14,51.63,0.028,0,0,11,10,7.99
Bharat Natural Gas Corporation (BNGC) - Fictional Dummy Company,BNGC700509,2020,May-2020,Q2,Exploration & Production,Tripura Gas Field,Onshore Field,Tripura,N/A,2.83,3.45,82.03,6.17,16.74,6.93,9.81,58.6,0.044,0,0,11,10,7.39
Bharat Natural Gas Corporation (BNGC) - Fictional Dummy Company,BNGC700510,2020,Jun-2020,Q2,Exploration & Production,Tripura Gas Field,Onshore Field,Tripura,N/A,2.94,3.45,85.22,6.22,17.53,8.32,9.21,52.54,0.016,0,0,11,10,7.36
Bharat Natural Gas Corporation (BNGC) - Fictional Dummy Company,BNGC700511,2020,Jul-2020,Q3,Exploration & Production,Tripura Gas Field,Onshore Field,Tripura,N/A,2.85,3.45,82.61,7.41,20.25,9.01,11.24,55.51,0.023,0,0,11,10,6.34
Bharat Natural Gas Corporation (BNGC) - Fictional Dummy Company,BNGC700512,2020,Aug-2020,Q3,Exploration & Production,Tripura Gas Field,Onshore Field,Tripura,N/A,2.9,3.45,84.06,6.7,18.63,8.25,10.38,55.72,0.027,0,0,11,10,4.04
Bharat Natural Gas Corporation (BNGC) - Fictional Dummy Company,BNGC700513,2020,Sep-2020,Q3,Exploration & Production,Tripura Gas Field,Onshore Field,Tripura,N/A,2.97,3.45,86.09,6.18,17.6,8.63,8.97,50.97,0.038,0,0,11,10,8.78
Bharat Natural Gas Corporation (BNGC) - Fictional Dummy Company,BNGC700514,2020,Oct-2020,Q4,Exploration & Production,Tripura Gas Field,Onshore Field,Tripura,N/A,2.69,3.45,77.97,7.08,18.26,9.01,9.25,50.66,0.028,0,0,11,10,3.74
Bharat Natural Gas Corporation (BNGC) - Fictional Dummy Company,BNGC700515,2020,Nov-2020,Q4,Exploration & Production,Tripura Gas Field,Onshore Field,Tripura,N/A,3.02,3.45,87.54,7.14,20.67,9.06,11.61,56.17,0.041,0,0,11,10,4.64
Bharat Natural Gas Corporation (BNGC) - Fictional Dummy Company,BNGC700516,2020,Dec-2020,Q4,Exploration & Production,Tripura Gas Field,Onshore Field,Tripura,N/A,3.06,3.45,88.7,7.13,20.92,9.46,11.46,54.78,0.046,0,0,11,10,4.92
Bharat Natural Gas Corporation (BNGC) - Fictional Dummy Company,BNGC700517,2021,Jan-2021,Q1,Exploration & Production,Tripura Gas Field,Onshore Field,Tripura,N/A,3.1,3.45,89.86,6.09,18.1,8.75,9.35,51.66,0.02,0,0,11,10,6.19
Bharat Natural Gas Corporation (BNGC) - Fictional Dummy Company,BNGC700518,2021,Feb-2021,Q1,Exploration & Production,Tripura Gas Field,Onshore Field,Tripura,N/A,2.78,3.45,80.58,6.42,17.11,7.44,9.67,56.52,0.02,0,0,11,10,7.76
Bharat Natural Gas Corporation (BNGC) - Fictional Dummy Company,BNGC700519,2021,Mar-2021,Q1,Exploration & Production,Tripura Gas Field,Onshore Field,Tripura,N/A,2.99,3.45,86.67,6.74,19.32,8.71,10.61,54.92,0.055,0,0,11,11,7.57
Bharat Natural Gas Corporation (BNGC) - Fictional Dummy Company,BNGC700520,2021,Apr-2021,Q2,Exploration & Production,Tripura Gas Field,Onshore Field,Tripura,N/A,3.01,3.45,87.25,6.93,20.0,8.41,11.59,57.95,0.02,0,0,11,10,8.74
Bharat Natural Gas Corporation (BNGC) - Fictional Dummy Company,BNGC700521,2021,May-2021,Q2,Exploration & Production,Tripura Gas Field,Onshore Field,Tripura,N/A,2.79,3.45,80.87,6.16,16.48,7.4,9.08,55.1,0.033,0,0,11,11,4.01
Bharat Natural Gas Corporation (BNGC) - Fictional Dummy Company,BNGC700522,2021,Jun-2021,Q2,Exploration & Production,Tripura Gas Field,Onshore Field,Tripura,N/A,2.91,3.45,84.35,7.25,20.23,9.69,10.54,52.1,0.025,0,0,11,10,4.52
Bharat Natural Gas Corporation (BNGC) - Fictional Dummy Company,BNGC700523,2021,Jul-2021,Q3,Exploration & Production,Tripura Gas Field,Onshore Field,Tripura,N/A,2.83,3.45,82.03,6.49,17.61,8.36,9.25,52.53,0.032,0,0,11,10,7.93
Bharat Natural Gas Corporation (BNGC) - Fictional Dummy Company,BNGC700524,2021,Aug-2021,Q3,Exploration & Production,Tripura Gas Field,Onshore Field,Tripura,N/A,2.92,3.45,84.64,6.19,17.33,6.63,10.7,61.74,0.033,0,0,11,10,6.88
Bharat Natural Gas Corporation (BNGC) - Fictional Dummy Company,BNGC700525,2021,Sep-2021,Q3,Exploration & Production,Tripura Gas Field,Onshore Field,Tripura,N/A,2.87,3.45,83.19,6.42,17.66,6.29,11.37,64.38,0.032,0,0,11,11,3.71
Bharat Natural Gas Corporation (BNGC) - Fictional Dummy Company,BNGC700526,2021,Oct-2021,Q4,Exploration & Production,Tripura Gas Field,Onshore Field,Tripura,N/A,2.58,3.45,74.78,6.39,15.8,7.03,8.77,55.51,0.042,0,0,11,10,5.85
Bharat Natural Gas Corporation (BNGC) - Fictional Dummy Company,BNGC700527,2021,Nov-2021,Q4,Exploration & Production,Tripura Gas Field,Onshore Field,Tripura,N/A,2.85,3.45,82.61,7.03,19.21,9.18,10.03,52.21,0.036,0,0,11,10,3.83
Bharat Natural Gas Corporation (BNGC) - Fictional Dummy Company,BNGC700528,2021,Dec-2021,Q4,Exploration & Production,Tripura Gas Field,Onshore Field,Tripura,N/A,2.91,3.45,84.35,6.46,18.02,7.27,10.75,59.66,0.018,0,0,11,10,6.77
Bharat Natural Gas Corporation (BNGC) - Fictional Dummy Company,BNGC700529,2022,Jan-2022,Q1,Exploration & Production,Tripura Gas Field,Onshore Field,Tripura,N/A,2.83,3.45,82.03,7.29,19.78,8.55,11.23,56.77,0.042,0,0,11,10,5.23
Bharat Natural Gas Corporation (BNGC) - Fictional Dummy Company,BNGC700530,2022,Feb-2022,Q1,Exploration & Production,Tripura Gas Field,Onshore Field,Tripura,N/A,2.85,3.45,82.61,6.2,16.94,7.97,8.97,52.95,0.041,0,0,11,10,6.29
Bharat Natural Gas Corporation (BNGC) - Fictional Dummy Company,BNGC700531,2022,Mar-2022,Q1,Exploration & Production,Tripura Gas Field,Onshore Field,Tripura,N/A,2.78,3.45,80.58,7.48,19.93,7.28,12.65,63.47,0.037,0,0,11,11,7.39
Bharat Natural Gas Corporation (BNGC) - Fictional Dummy Company,BNGC700532,2022,Apr-2022,Q2,Exploration & Production,Tripura Gas Field,Onshore Field,Tripura,N/A,2.78,3.45,80.58,7.22,19.24,7.16,12.08,62.79,0.034,0,0,11,11,4.55
Bharat Natural Gas Corporation (BNGC) - Fictional Dummy Company,BNGC700533,2022,May-2022,Q2,Exploration & Production,Tripura Gas Field,Onshore Field,Tripura,N/A,2.65,3.45,76.81,6.0,15.24,6.28,8.96,58.79,0.021,0,0,11,11,8.71
Bharat Natural Gas Corporation (BNGC) - Fictional Dummy Company,BNGC700534,2022,Jun-2022,Q2,Exploration & Production,Tripura Gas Field,Onshore Field,Tripura,N/A,2.86,3.45,82.9,7.4,20.29,9.93,10.36,51.06,0.025,0,0,11,10,9.01
Bharat Natural Gas Corporation (BNGC) - Fictional Dummy Company,BNGC700535,2022,Jul-2022,Q3,Exploration & Production,Tripura Gas Field,Onshore Field,Tripura,N/A,2.58,3.45,74.78,6.28,15.53,6.02,9.51,61.24,0.045,0,0,11,11,4.06
Bharat Natural Gas Corporation (BNGC) - Fictional Dummy Company,BNGC700536,2022,Aug-2022,Q3,Exploration & Production,Tripura Gas Field,Onshore Field,Tripura,N/A,2.57,3.45,74.49,6.37,15.69,7.23,8.46,53.92,0.019,0,0,11,10,8.57
Bharat Natural Gas Corporation (BNGC) - Fictional Dummy Company,BNGC700537,2022,Sep-2022,Q3,Exploration & Production,Tripura Gas Field,Onshore Field,Tripura,N/A,2.52,3.45,73.04,6.0,14.49,5.95,8.54,58.94,0.04,0,0,11,10,6.95
Bharat Natural Gas Corporation (BNGC) - Fictional Dummy Company,BNGC700538,2022,Oct-2022,Q4,Exploration & Production,Tripura Gas Field,Onshore Field,Tripura,N/A,2.77,3.45,80.29,6.47,17.18,6.21,10.97,63.85,0.049,0,0,11,10,6.42
Bharat Natural Gas Corporation (BNGC) - Fictional Dummy Company,BNGC700539,2022,Nov-2022,Q4,Exploration & Production,Tripura Gas Field,Onshore Field,Tripura,N/A,2.56,3.45,74.2,6.34,15.56,6.73,8.83,56.75,0.033,0,0,11,11,6.09
Bharat Natural Gas Corporation (BNGC) - Fictional Dummy Company,BNGC700540,2022,Dec-2022,Q4,Exploration & Production,Tripura Gas Field,Onshore Field,Tripura,N/A,2.85,3.45,82.61,6.2,16.94,6.24,10.7,63.16,0.032,0,0,11,10,5.06
Bharat Natural Gas Corporation (BNGC) - Fictional Dummy Company,BNGC700541,2023,Jan-2023,Q1,Exploration & Production,Tripura Gas Field,Onshore Field,Tripura,N/A,2.84,3.45,82.32,6.41,17.45,6.93,10.52,60.29,0.048,0,0,11,11,6.37
Bharat Natural Gas Corporation (BNGC) - Fictional Dummy Company,BNGC700542,2023,Feb-2023,Q1,Exploration & Production,Tripura Gas Field,Onshore Field,Tripura,N/A,2.79,3.45,80.87,7.36,19.69,9.26,10.43,52.97,0.032,0,0,11,10,4.09
Bharat Natural Gas Corporation (BNGC) - Fictional Dummy Company,BNGC700543,2023,Mar-2023,Q1,Exploration & Production,Tripura Gas Field,Onshore Field,Tripura,N/A,2.91,3.45,84.35,7.35,20.5,8.95,11.55,56.34,0.018,0,0,11,10,6.8
Bharat Natural Gas Corporation (BNGC) - Fictional Dummy Company,BNGC700544,2023,Apr-2023,Q2,Exploration & Production,Tripura Gas Field,Onshore Field,Tripura,N/A,2.81,3.45,81.45,7.49,20.18,9.88,10.3,51.04,0.055,0,0,11,10,6.52
Bharat Natural Gas Corporation (BNGC) - Fictional Dummy Company,BNGC700545,2023,May-2023,Q2,Exploration & Production,Tripura Gas Field,Onshore Field,Tripura,N/A,2.6,3.45,75.36,6.04,15.05,7.14,7.91,52.56,0.026,0,0,11,10,8.02
Bharat Natural Gas Corporation (BNGC) - Fictional Dummy Company,BNGC700546,2023,Jun-2023,Q2,Exploration & Production,Tripura Gas Field,Onshore Field,Tripura,N/A,2.69,3.45,77.97,6.32,16.3,6.17,10.13,62.15,0.046,0,0,11,10,5.07
Bharat Natural Gas Corporation (BNGC) - Fictional Dummy Company,BNGC700547,2023,Jul-2023,Q3,Exploration & Production,Tripura Gas Field,Onshore Field,Tripura,N/A,2.74,3.45,79.42,7.33,19.25,7.18,12.07,62.7,0.05,0,0,11,11,5.85
Bharat Natural Gas Corporation (BNGC) - Fictional Dummy Company,BNGC700548,2023,Aug-2023,Q3,Exploration & Production,Tripura Gas Field,Onshore Field,Tripura,N/A,2.45,3.45,71.01,7.17,16.84,6.46,10.38,61.64,0.021,0,0,11,10,6.62
Bharat Natural Gas Corporation (BNGC) - Fictional Dummy Company,BNGC700549,2023,Sep-2023,Q3,Exploration & Production,Tripura Gas Field,Onshore Field,Tripura,N/A,2.58,3.45,74.78,7.33,18.13,8.61,9.52,52.51,0.042,0,0,11,10,7.79
Bharat Natural Gas Corporation (BNGC) - Fictional Dummy Company,BNGC700550,2023,Oct-2023,Q4,Exploration & Production,Tripura Gas Field,Onshore Field,Tripura,N/A,2.53,3.45,73.33,6.91,16.76,8.15,8.61,51.37,0.047,0,0,11,10,6.26
Bharat Natural Gas Corporation (BNGC) - Fictional Dummy Company,BNGC700551,2023,Nov-2023,Q4,Exploration & Production,Tripura Gas Field,Onshore Field,Tripura,N/A,2.63,3.45,76.23,7.07,17.83,7.08,10.75,60.29,0.031,0,0,11,10,7.01
Bharat Natural Gas Corporation (BNGC) - Fictional Dummy Company,BNGC700552,2023,Dec-2023,Q4,Exploration & Production,Tripura Gas Field,Onshore Field,Tripura,N/A,2.44,3.45,70.72,7.43,17.38,6.39,10.99,63.23,0.027,0,0,11,10,6.96
Bharat Natural Gas Corporation (BNGC) - Fictional Dummy Company,BNGC700553,2024,Jan-2024,Q1,Exploration & Production,Tripura Gas Field,Onshore Field,Tripura,N/A,2.47,3.45,71.59,6.13,14.52,6.31,8.21,56.54,0.012,0,0,11,10,6.03
Bharat Natural Gas Corporation (BNGC) - Fictional Dummy Company,BNGC700554,2024,Feb-2024,Q1,Exploration & Production,Tripura Gas Field,Onshore Field,Tripura,N/A,2.49,3.45,72.17,7.07,16.88,6.06,10.82,64.1,0.041,0,0,11,10,4.59
Bharat Natural Gas Corporation (BNGC) - Fictional Dummy Company,BNGC700555,2024,Mar-2024,Q1,Exploration & Production,Tripura Gas Field,Onshore Field,Tripura,N/A,2.56,3.45,74.2,6.57,16.12,6.03,10.09,62.59,0.032,0,0,11,11,9.37
Bharat Natural Gas Corporation (BNGC) - Fictional Dummy Company,BNGC700556,2024,Apr-2024,Q2,Exploration & Production,Tripura Gas Field,Onshore Field,Tripura,N/A,2.53,3.45,73.33,7.2,17.46,8.24,9.22,52.81,0.013,0,0,11,10,7.98
Bharat Natural Gas Corporation (BNGC) - Fictional Dummy Company,BNGC700557,2024,May-2024,Q2,Exploration & Production,Tripura Gas Field,Onshore Field,Tripura,N/A,2.47,3.45,71.59,7.32,17.33,6.42,10.91,62.95,0.044,0,0,11,11,7.94
Bharat Natural Gas Corporation (BNGC) - Fictional Dummy Company,BNGC700558,2024,Jun-2024,Q2,Exploration & Production,Tripura Gas Field,Onshore Field,Tripura,N/A,2.49,3.45,72.17,6.97,16.64,6.89,9.75,58.59,0.039,0,0,11,10,4.31
Bharat Natural Gas Corporation (BNGC) - Fictional Dummy Company,BNGC700559,2024,Jul-2024,Q3,Exploration & Production,Tripura Gas Field,Onshore Field,Tripura,N/A,2.65,3.45,76.81,6.22,15.8,6.65,9.15,57.91,0.038,0,0,11,10,5.55
Bharat Natural Gas Corporation (BNGC) - Fictional Dummy Company,BNGC700560,2024,Aug-2024,Q3,Exploration & Production,Tripura Gas Field,Onshore Field,Tripura,N/A,2.42,3.45,70.14,6.04,14.01,5.39,8.62,61.53,0.03,0,0,11,10,4.58
Bharat Natural Gas Corporation (BNGC) - Fictional Dummy Company,BNGC700561,2024,Sep-2024,Q3,Exploration & Production,Tripura Gas Field,Onshore Field,Tripura,N/A,2.57,3.45,74.49,7.02,17.3,8.28,9.02,52.14,0.017,0,0,11,10,3.89
Bharat Natural Gas Corporation (BNGC) - Fictional Dummy Company,BNGC700562,2024,Oct-2024,Q4,Exploration & Production,Tripura Gas Field,Onshore Field,Tripura,N/A,2.38,3.45,68.99,7.01,15.99,6.6,9.39,58.72,0.025,0,0,11,10,8.05
Bharat Natural Gas Corporation (BNGC) - Fictional Dummy Company,BNGC700563,2024,Nov-2024,Q4,Exploration & Production,Tripura Gas Field,Onshore Field,Tripura,N/A,2.48,3.45,71.88,6.65,15.81,6.05,9.76,61.73,0.018,0,0,11,10,9.46
Bharat Natural Gas Corporation (BNGC) - Fictional Dummy Company,BNGC700564,2024,Dec-2024,Q4,Exploration & Production,Tripura Gas Field,Onshore Field,Tripura,N/A,2.36,3.45,68.41,6.95,15.72,6.12,9.6,61.07,0.043,0,0,11,10,3.82
Bharat Natural Gas Corporation (BNGC) - Fictional Dummy Company,BNGC700565,2025,Jan-2025,Q1,Exploration & Production,Tripura Gas Field,Onshore Field,Tripura,N/A,2.56,3.45,74.2,7.01,17.2,7.72,9.48,55.12,0.015,0,0,11,11,4.48
Bharat Natural Gas Corporation (BNGC) - Fictional Dummy Company,BNGC700566,2025,Feb-2025,Q1,Exploration & Production,Tripura Gas Field,Onshore Field,Tripura,N/A,2.66,3.45,77.1,7.3,18.62,8.56,10.06,54.03,0.026,0,0,11,10,6.84
Bharat Natural Gas Corporation (BNGC) - Fictional Dummy Company,BNGC700567,2025,Mar-2025,Q1,Exploration & Production,Tripura Gas Field,Onshore Field,Tripura,N/A,2.53,3.45,73.33,6.61,16.03,7.57,8.46,52.78,0.019,0,0,11,10,8.27
Bharat Natural Gas Corporation (BNGC) - Fictional Dummy Company,BNGC700568,2025,Apr-2025,Q2,Exploration & Production,Tripura Gas Field,Onshore Field,Tripura,N/A,2.65,3.45,76.81,7.41,18.82,8.3,10.52,55.9,0.03,0,0,11,10,9.15
Bharat Natural Gas Corporation (BNGC) - Fictional Dummy Company,BNGC700569,2025,May-2025,Q2,Exploration & Production,Tripura Gas Field,Onshore Field,Tripura,N/A,2.63,3.45,76.23,7.24,18.25,8.64,9.61,52.66,0.015,0,0,11,10,6.56
Bharat Natural Gas Corporation (BNGC) - Fictional Dummy Company,BNGC700570,2025,Jun-2025,Q2,Exploration & Production,Tripura Gas Field,Onshore Field,Tripura,N/A,2.57,3.45,74.49,6.29,15.5,7.15,8.35,53.87,0.048,0,0,11,10,9.03
Bharat Natural Gas Corporation (BNGC) - Fictional Dummy Company,BNGC700571,2025,Jul-2025,Q3,Exploration & Production,Tripura Gas Field,Onshore Field,Tripura,N/A,2.41,3.45,69.86,6.26,14.46,7.03,7.43,51.38,0.03,0,0,11,10,7.99
Bharat Natural Gas Corporation (BNGC) - Fictional Dummy Company,BNGC700572,2025,Aug-2025,Q3,Exploration & Production,Tripura Gas Field,Onshore Field,Tripura,N/A,2.29,3.45,66.38,6.99,15.35,6.42,8.93,58.18,0.029,0,0,11,10,8.16
Bharat Natural Gas Corporation (BNGC) - Fictional Dummy Company,BNGC700573,2025,Sep-2025,Q3,Exploration & Production,Tripura Gas Field,Onshore Field,Tripura,N/A,2.43,3.45,70.43,7.19,16.75,6.65,10.1,60.3,0.016,0,0,11,10,8.62
Bharat Natural Gas Corporation (BNGC) - Fictional Dummy Company,BNGC700574,2025,Oct-2025,Q4,Exploration & Production,Tripura Gas Field,Onshore Field,Tripura,N/A,2.27,3.45,65.8,6.39,13.91,6.01,7.9,56.79,0.014,0,0,11,11,8.02
Bharat Natural Gas Corporation (BNGC) - Fictional Dummy Company,BNGC700575,2025,Nov-2025,Q4,Exploration & Production,Tripura Gas Field,Onshore Field,Tripura,N/A,2.41,3.45,69.86,6.42,14.83,5.67,9.16,61.77,0.033,0,0,11,10,3.6
Bharat Natural Gas Corporation (BNGC) - Fictional Dummy Company,BNGC700576,2025,Dec-2025,Q4,Exploration & Production,Tripura Gas Field,Onshore Field,Tripura,N/A,2.53,3.45,73.33,7.38,17.9,7.81,10.09,56.37,0.027,0,0,11,10,4.06
Bharat Natural Gas Corporation (BNGC) - Fictional Dummy Company,BNGC700577,2020,Jan-2020,Q1,Transmission,HVJ Pipeline (Hazira-Vijaipur-Jagdishpur),Pipeline,Gujarat-UP corridor,N/A,22.89,33.4,68.53,0.772,16.94,6.31,10.63,62.75,0.0,1750,0,0,0,0.0
Bharat Natural Gas Corporation (BNGC) - Fictional Dummy Company,BNGC700578,2020,Feb-2020,Q1,Transmission,HVJ Pipeline (Hazira-Vijaipur-Jagdishpur),Pipeline,Gujarat-UP corridor,N/A,22.52,33.4,67.43,1.014,21.89,8.38,13.51,61.72,0.0,1750,0,0,0,0.0
Bharat Natural Gas Corporation (BNGC) - Fictional Dummy Company,BNGC700579,2020,Mar-2020,Q1,Transmission,HVJ Pipeline (Hazira-Vijaipur-Jagdishpur),Pipeline,Gujarat-UP corridor,N/A,23.91,33.4,71.59,0.926,21.23,7.87,13.36,62.93,0.0,1750,0,0,0,0.0
Bharat Natural Gas Corporation (BNGC) - Fictional Dummy Company,BNGC700580,2020,Apr-2020,Q2,Transmission,HVJ Pipeline (Hazira-Vijaipur-Jagdishpur),Pipeline,Gujarat-UP corridor,N/A,23.4,33.4,70.06,0.627,14.07,4.53,9.54,67.8,0.0,1750,0,0,0,0.0
Bharat Natural Gas Corporation (BNGC) - Fictional Dummy Company,BNGC700581,2020,May-2020,Q2,Transmission,HVJ Pipeline (Hazira-Vijaipur-Jagdishpur),Pipeline,Gujarat-UP corridor,N/A,22.21,33.4,66.5,1.087,23.14,7.98,15.16,65.51,0.0,1750,0,0,0,0.0
Bharat Natural Gas Corporation (BNGC) - Fictional Dummy Company,BNGC700582,2020,Jun-2020,Q2,Transmission,HVJ Pipeline (Hazira-Vijaipur-Jagdishpur),Pipeline,Gujarat-UP corridor,N/A,21.47,33.4,64.28,1.141,23.48,7.45,16.03,68.27,0.0,1750,0,0,0,0.0
Bharat Natural Gas Corporation (BNGC) - Fictional Dummy Company,BNGC700583,2020,Jul-2020,Q3,Transmission,HVJ Pipeline (Hazira-Vijaipur-Jagdishpur),Pipeline,Gujarat-UP corridor,N/A,20.77,33.4,62.19,0.988,19.67,5.8,13.87,70.51,0.0,1750,0,0,0,0.0
Bharat Natural Gas Corporation (BNGC) - Fictional Dummy Company,BNGC700584,2020,Aug-2020,Q3,Transmission,HVJ Pipeline (Hazira-Vijaipur-Jagdishpur),Pipeline,Gujarat-UP corridor,N/A,20.87,33.4,62.49,0.63,12.6,3.53,9.07,71.98,0.0,1750,0,0,0,0.0
Bharat Natural Gas Corporation (BNGC) - Fictional Dummy Company,BNGC700585,2020,Sep-2020,Q3,Transmission,HVJ Pipeline (Hazira-Vijaipur-Jagdishpur),Pipeline,Gujarat-UP corridor,N/A,20.57,33.4,61.59,0.994,19.6,6.02,13.58,69.29,0.0,1750,0,0,0,0.0
Bharat Natural Gas Corporation (BNGC) - Fictional Dummy Company,BNGC700586,2020,Oct-2020,Q4,Transmission,HVJ Pipeline (Hazira-Vijaipur-Jagdishpur),Pipeline,Gujarat-UP corridor,N/A,22.09,33.4,66.14,0.985,20.86,7.38,13.48,64.62,0.0,1750,0,0,0,0.0
Bharat Natural Gas Corporation (BNGC) - Fictional Dummy Company,BNGC700587,2020,Nov-2020,Q4,Transmission,HVJ Pipeline (Hazira-Vijaipur-Jagdishpur),Pipeline,Gujarat-UP corridor,N/A,21.25,33.4,63.62,1.084,22.08,7.93,14.15,64.09,0.0,1750,0,0,0,0.0
Bharat Natural Gas Corporation (BNGC) - Fictional Dummy Company,BNGC700588,2020,Dec-2020,Q4,Transmission,HVJ Pipeline (Hazira-Vijaipur-Jagdishpur),Pipeline,Gujarat-UP corridor,N/A,21.63,33.4,64.76,0.663,13.75,4.52,9.23,67.13,0.0,1750,0,0,0,0.0
Bharat Natural Gas Corporation (BNGC) - Fictional Dummy Company,BNGC700589,2021,Jan-2021,Q1,Transmission,HVJ Pipeline (Hazira-Vijaipur-Jagdishpur),Pipeline,Gujarat-UP corridor,N/A,23.53,33.4,70.45,1.047,23.62,6.58,17.04,72.14,0.0,1750,0,0,0,0.0
Bharat Natural Gas Corporation (BNGC) - Fictional Dummy Company,BNGC700590,2021,Feb-2021,Q1,Transmission,HVJ Pipeline (Hazira-Vijaipur-Jagdishpur),Pipeline,Gujarat-UP corridor,N/A,24.32,33.4,72.81,0.871,20.31,8.02,12.29,60.51,0.0,1750,0,0,0,0.0
Bharat Natural Gas Corporation (BNGC) - Fictional Dummy Company,BNGC700591,2021,Mar-2021,Q1,Transmission,HVJ Pipeline (Hazira-Vijaipur-Jagdishpur),Pipeline,Gujarat-UP corridor,N/A,24.29,33.4,72.72,1.211,28.2,11.11,17.09,60.6,0.0,1750,0,0,0,0.0
Bharat Natural Gas Corporation (BNGC) - Fictional Dummy Company,BNGC700592,2021,Apr-2021,Q2,Transmission,HVJ Pipeline (Hazira-Vijaipur-Jagdishpur),Pipeline,Gujarat-UP corridor,N/A,23.48,33.4,70.3,1.21,27.24,9.97,17.27,63.4,0.0,1750,0,0,0,0.0
Bharat Natural Gas Corporation (BNGC) - Fictional Dummy Company,BNGC700593,2021,May-2021,Q2,Transmission,HVJ Pipeline (Hazira-Vijaipur-Jagdishpur),Pipeline,Gujarat-UP corridor,N/A,21.35,33.4,63.92,1.274,26.08,6.7,19.38,74.31,0.0,1750,0,0,0,0.0
Bharat Natural Gas Corporation (BNGC) - Fictional Dummy Company,BNGC700594,2021,Jun-2021,Q2,Transmission,HVJ Pipeline (Hazira-Vijaipur-Jagdishpur),Pipeline,Gujarat-UP corridor,N/A,21.07,33.4,63.08,0.66,13.33,4.88,8.45,63.39,0.0,1750,0,0,0,0.0
Bharat Natural Gas Corporation (BNGC) - Fictional Dummy Company,BNGC700595,2021,Jul-2021,Q3,Transmission,HVJ Pipeline (Hazira-Vijaipur-Jagdishpur),Pipeline,Gujarat-UP corridor,N/A,22.18,33.4,66.41,1.105,23.5,6.5,17.0,72.34,0.0,1750,0,0,0,0.0
Bharat Natural Gas Corporation (BNGC) - Fictional Dummy Company,BNGC700596,2021,Aug-2021,Q3,Transmission,HVJ Pipeline (Hazira-Vijaipur-Jagdishpur),Pipeline,Gujarat-UP corridor,N/A,22.96,33.4,68.74,0.779,17.15,6.69,10.46,60.99,0.0,1750,0,0,0,0.0
Bharat Natural Gas Corporation (BNGC) - Fictional Dummy Company,BNGC700597,2021,Sep-2021,Q3,Transmission,HVJ Pipeline (Hazira-Vijaipur-Jagdishpur),Pipeline,Gujarat-UP corridor,N/A,21.48,33.4,64.31,1.068,21.99,7.84,14.15,64.35,0.0,1750,0,0,0,0.0
Bharat Natural Gas Corporation (BNGC) - Fictional Dummy Company,BNGC700598,2021,Oct-2021,Q4,Transmission,HVJ Pipeline (Hazira-Vijaipur-Jagdishpur),Pipeline,Gujarat-UP corridor,N/A,20.31,33.4,60.81,0.84,16.35,5.61,10.74,65.69,0.0,1750,0,0,0,0.0
Bharat Natural Gas Corporation (BNGC) - Fictional Dummy Company,BNGC700599,2021,Nov-2021,Q4,Transmission,HVJ Pipeline (Hazira-Vijaipur-Jagdishpur),Pipeline,Gujarat-UP corridor,N/A,22.65,33.4,67.81,1.113,24.17,8.39,15.78,65.29,0.0,1750,0,0,0,0.0
Bharat Natural Gas Corporation (BNGC) - Fictional Dummy Company,BNGC700600,2021,Dec-2021,Q4,Transmission,HVJ Pipeline (Hazira-Vijaipur-Jagdishpur),Pipeline,Gujarat-UP corridor,N/A,24.4,33.4,73.05,0.957,22.39,5.63,16.76,74.85,0.0,1750,0,0,0,0.0
Bharat Natural Gas Corporation (BNGC) - Fictional Dummy Company,BNGC700601,2022,Jan-2022,Q1,Transmission,HVJ Pipeline (Hazira-Vijaipur-Jagdishpur),Pipeline,Gujarat-UP corridor,N/A,24.56,33.4,73.53,1.291,30.4,8.65,21.75,71.55,0.0,1750,0,0,0,0.0
Bharat Natural Gas Corporation (BNGC) - Fictional Dummy Company,BNGC700602,2022,Feb-2022,Q1,Transmission,HVJ Pipeline (Hazira-Vijaipur-Jagdishpur),Pipeline,Gujarat-UP corridor,N/A,23.97,33.4,71.77,1.223,28.1,9.35,18.75,66.73,0.0,1750,0,0,0,0.0
Bharat Natural Gas Corporation (BNGC) - Fictional Dummy Company,BNGC700603,2022,Mar-2022,Q1,Transmission,HVJ Pipeline (Hazira-Vijaipur-Jagdishpur),Pipeline,Gujarat-UP corridor,N/A,22.83,33.4,68.35,1.212,26.53,6.89,19.64,74.03,0.0,1750,0,0,0,0.0
Bharat Natural Gas Corporation (BNGC) - Fictional Dummy Company,BNGC700604,2022,Apr-2022,Q2,Transmission,HVJ Pipeline (Hazira-Vijaipur-Jagdishpur),Pipeline,Gujarat-UP corridor,N/A,24.41,33.4,73.08,1.098,25.69,7.53,18.16,70.69,0.0,1750,0,0,0,0.0
Bharat Natural Gas Corporation (BNGC) - Fictional Dummy Company,BNGC700605,2022,May-2022,Q2,Transmission,HVJ Pipeline (Hazira-Vijaipur-Jagdishpur),Pipeline,Gujarat-UP corridor,N/A,24.43,33.4,73.14,1.014,23.75,6.53,17.22,72.51,0.0,1750,0,0,0,0.0
Bharat Natural Gas Corporation (BNGC) - Fictional Dummy Company,BNGC700606,2022,Jun-2022,Q2,Transmission,HVJ Pipeline (Hazira-Vijaipur-Jagdishpur),Pipeline,Gujarat-UP corridor,N/A,22.86,33.4,68.44,0.762,16.7,4.84,11.86,71.02,0.0,1750,0,0,0,0.0
Bharat Natural Gas Corporation (BNGC) - Fictional Dummy Company,BNGC700607,2022,Jul-2022,Q3,Transmission,HVJ Pipeline (Hazira-Vijaipur-Jagdishpur),Pipeline,Gujarat-UP corridor,N/A,22.81,33.4,68.29,1.034,22.61,7.56,15.05,66.56,0.0,1750,0,0,0,0.0
Bharat Natural Gas Corporation (BNGC) - Fictional Dummy Company,BNGC700608,2022,Aug-2022,Q3,Transmission,HVJ Pipeline (Hazira-Vijaipur-Jagdishpur),Pipeline,Gujarat-UP corridor,N/A,21.26,33.4,63.65,0.664,13.53,4.44,9.09,67.18,0.0,1750,0,0,0,0.0
Bharat Natural Gas Corporation (BNGC) - Fictional Dummy Company,BNGC700609,2022,Sep-2022,Q3,Transmission,HVJ Pipeline (Hazira-Vijaipur-Jagdishpur),Pipeline,Gujarat-UP corridor,N/A,23.48,33.4,70.3,0.77,17.33,6.51,10.82,62.44,0.0,1750,0,0,0,0.0
Bharat Natural Gas Corporation (BNGC) - Fictional Dummy Company,BNGC700610,2022,Oct-2022,Q4,Transmission,HVJ Pipeline (Hazira-Vijaipur-Jagdishpur),Pipeline,Gujarat-UP corridor,N/A,24.0,33.4,71.86,0.774,17.81,6.83,10.98,61.65,0.0,1750,0,0,0,0.0
Bharat Natural Gas Corporation (BNGC) - Fictional Dummy Company,BNGC700611,2022,Nov-2022,Q4,Transmission,HVJ Pipeline (Hazira-Vijaipur-Jagdishpur),Pipeline,Gujarat-UP corridor,N/A,21.67,33.4,64.88,1.173,24.37,9.04,15.33,62.91,0.0,1750,0,0,0,0.0
Bharat Natural Gas Corporation (BNGC) - Fictional Dummy Company,BNGC700612,2022,Dec-2022,Q4,Transmission,HVJ Pipeline (Hazira-Vijaipur-Jagdishpur),Pipeline,Gujarat-UP corridor,N/A,22.09,33.4,66.14,1.271,26.92,9.56,17.36,64.49,0.0,1750,0,0,0,0.0
Bharat Natural Gas Corporation (BNGC) - Fictional Dummy Company,BNGC700613,2023,Jan-2023,Q1,Transmission,HVJ Pipeline (Hazira-Vijaipur-Jagdishpur),Pipeline,Gujarat-UP corridor,N/A,25.31,33.4,75.78,1.095,26.57,7.41,19.16,72.11,0.0,1750,0,0,0,0.0
Bharat Natural Gas Corporation (BNGC) - Fictional Dummy Company,BNGC700614,2023,Feb-2023,Q1,Transmission,HVJ Pipeline (Hazira-Vijaipur-Jagdishpur),Pipeline,Gujarat-UP corridor,N/A,24.1,33.4,72.16,1.181,27.29,7.84,19.45,71.27,0.0,1750,0,0,0,0.0
Bharat Natural Gas Corporation (BNGC) - Fictional Dummy Company,BNGC700615,2023,Mar-2023,Q1,Transmission,HVJ Pipeline (Hazira-Vijaipur-Jagdishpur),Pipeline,Gujarat-UP corridor,N/A,24.13,33.4,72.25,1.067,24.68,7.33,17.35,70.3,0.0,1750,0,0,0,0.0
Bharat Natural Gas Corporation (BNGC) - Fictional Dummy Company,BNGC700616,2023,Apr-2023,Q2,Transmission,HVJ Pipeline (Hazira-Vijaipur-Jagdishpur),Pipeline,Gujarat-UP corridor,N/A,25.98,33.4,77.78,1.099,27.37,7.61,19.76,72.2,0.0,1750,0,0,0,0.0
Bharat Natural Gas Corporation (BNGC) - Fictional Dummy Company,BNGC700617,2023,May-2023,Q2,Transmission,HVJ Pipeline (Hazira-Vijaipur-Jagdishpur),Pipeline,Gujarat-UP corridor,N/A,25.61,33.4,76.68,1.075,26.39,8.36,18.03,68.32,0.0,1750,0,0,0,0.0
Bharat Natural Gas Corporation (BNGC) - Fictional Dummy Company,BNGC700618,2023,Jun-2023,Q2,Transmission,HVJ Pipeline (Hazira-Vijaipur-Jagdishpur),Pipeline,Gujarat-UP corridor,N/A,24.46,33.4,73.23,0.887,20.8,7.67,13.13,63.12,0.0,1750,0,0,0,0.0
Bharat Natural Gas Corporation (BNGC) - Fictional Dummy Company,BNGC700619,2023,Jul-2023,Q3,Transmission,HVJ Pipeline (Hazira-Vijaipur-Jagdishpur),Pipeline,Gujarat-UP corridor,N/A,24.83,33.4,74.34,0.933,22.21,7.63,14.58,65.65,0.0,1750,0,0,0,0.0
Bharat Natural Gas Corporation (BNGC) - Fictional Dummy Company,BNGC700620,2023,Aug-2023,Q3,Transmission,HVJ Pipeline (Hazira-Vijaipur-Jagdishpur),Pipeline,Gujarat-UP corridor,N/A,23.55,33.4,70.51,0.635,14.34,5.32,9.02,62.9,0.0,1750,0,0,0,0.0
Bharat Natural Gas Corporation (BNGC) - Fictional Dummy Company,BNGC700621,2023,Sep-2023,Q3,Transmission,HVJ Pipeline (Hazira-Vijaipur-Jagdishpur),Pipeline,Gujarat-UP corridor,N/A,22.94,33.4,68.68,1.231,27.07,7.51,19.56,72.26,0.0,1750,0,0,0,0.0
Bharat Natural Gas Corporation (BNGC) - Fictional Dummy Company,BNGC700622,2023,Oct-2023,Q4,Transmission,HVJ Pipeline (Hazira-Vijaipur-Jagdishpur),Pipeline,Gujarat-UP corridor,N/A,23.02,33.4,68.92,1.283,28.31,11.12,17.19,60.72,0.0,1750,0,0,0,0.0
Bharat Natural Gas Corporation (BNGC) - Fictional Dummy Company,BNGC700623,2023,Nov-2023,Q4,Transmission,HVJ Pipeline (Hazira-Vijaipur-Jagdishpur),Pipeline,Gujarat-UP corridor,N/A,22.69,33.4,67.93,1.01,21.97,8.0,13.97,63.59,0.0,1750,0,0,0,0.0
Bharat Natural Gas Corporation (BNGC) - Fictional Dummy Company,BNGC700624,2023,Dec-2023,Q4,Transmission,HVJ Pipeline (Hazira-Vijaipur-Jagdishpur),Pipeline,Gujarat-UP corridor,N/A,24.3,33.4,72.75,0.728,16.96,6.48,10.48,61.79,0.0,1750,0,0,0,0.0
Bharat Natural Gas Corporation (BNGC) - Fictional Dummy Company,BNGC700625,2024,Jan-2024,Q1,Transmission,HVJ Pipeline (Hazira-Vijaipur-Jagdishpur),Pipeline,Gujarat-UP corridor,N/A,25.0,33.4,74.85,1.289,30.89,9.91,20.98,67.92,0.0,1750,0,0,0,0.0
Bharat Natural Gas Corporation (BNGC) - Fictional Dummy Company,BNGC700626,2024,Feb-2024,Q1,Transmission,HVJ Pipeline (Hazira-Vijaipur-Jagdishpur),Pipeline,Gujarat-UP corridor,N/A,24.7,33.4,73.95,0.988,23.39,6.65,16.74,71.57,0.0,1750,0,0,0,0.0
Bharat Natural Gas Corporation (BNGC) - Fictional Dummy Company,BNGC700627,2024,Mar-2024,Q1,Transmission,HVJ Pipeline (Hazira-Vijaipur-Jagdishpur),Pipeline,Gujarat-UP corridor,N/A,23.97,33.4,71.77,0.775,17.81,4.9,12.91,72.49,0.0,1750,0,0,0,0.0
Bharat Natural Gas Corporation (BNGC) - Fictional Dummy Company,BNGC700628,2024,Apr-2024,Q2,Transmission,HVJ Pipeline (Hazira-Vijaipur-Jagdishpur),Pipeline,Gujarat-UP corridor,N/A,25.37,33.4,75.96,0.853,20.75,6.63,14.12,68.05,0.0,1750,0,0,0,0.0
Bharat Natural Gas Corporation (BNGC) - Fictional Dummy Company,BNGC700629,2024,May-2024,Q2,Transmission,HVJ Pipeline (Hazira-Vijaipur-Jagdishpur),Pipeline,Gujarat-UP corridor,N/A,23.62,33.4,70.72,0.811,18.36,7.33,11.03,60.08,0.0,1750,0,0,0,0.0
Bharat Natural Gas Corporation (BNGC) - Fictional Dummy Company,BNGC700630,2024,Jun-2024,Q2,Transmission,HVJ Pipeline (Hazira-Vijaipur-Jagdishpur),Pipeline,Gujarat-UP corridor,N/A,23.62,33.4,70.72,0.712,16.12,5.49,10.63,65.94,0.0,1750,0,0,0,0.0
Bharat Natural Gas Corporation (BNGC) - Fictional Dummy Company,BNGC700631,2024,Jul-2024,Q3,Transmission,HVJ Pipeline (Hazira-Vijaipur-Jagdishpur),Pipeline,Gujarat-UP corridor,N/A,24.94,33.4,74.67,0.956,22.86,6.12,16.74,73.23,0.0,1750,0,0,0,0.0
Bharat Natural Gas Corporation (BNGC) - Fictional Dummy Company,BNGC700632,2024,Aug-2024,Q3,Transmission,HVJ Pipeline (Hazira-Vijaipur-Jagdishpur),Pipeline,Gujarat-UP corridor,N/A,22.94,33.4,68.68,1.244,27.36,9.35,18.01,65.83,0.0,1750,0,0,0,0.0
Bharat Natural Gas Corporation (BNGC) - Fictional Dummy Company,BNGC700633,2024,Sep-2024,Q3,Transmission,HVJ Pipeline (Hazira-Vijaipur-Jagdishpur),Pipeline,Gujarat-UP corridor,N/A,24.31,33.4,72.78,0.945,22.02,6.7,15.32,69.57,0.0,1750,0,0,0,0.0
Bharat Natural Gas Corporation (BNGC) - Fictional Dummy Company,BNGC700634,2024,Oct-2024,Q4,Transmission,HVJ Pipeline (Hazira-Vijaipur-Jagdishpur),Pipeline,Gujarat-UP corridor,N/A,25.43,33.4,76.14,1.135,27.67,10.16,17.51,63.28,0.0,1750,0,0,0,0.0
Bharat Natural Gas Corporation (BNGC) - Fictional Dummy Company,BNGC700635,2024,Nov-2024,Q4,Transmission,HVJ Pipeline (Hazira-Vijaipur-Jagdishpur),Pipeline,Gujarat-UP corridor,N/A,22.83,33.4,68.35,0.605,13.24,5.16,8.08,61.03,0.0,1750,0,0,0,0.0
Bharat Natural Gas Corporation (BNGC) - Fictional Dummy Company,BNGC700636,2024,Dec-2024,Q4,Transmission,HVJ Pipeline (Hazira-Vijaipur-Jagdishpur),Pipeline,Gujarat-UP corridor,N/A,24.73,33.4,74.04,1.168,27.69,8.12,19.57,70.68,0.0,1750,0,0,0,0.0
Bharat Natural Gas Corporation (BNGC) - Fictional Dummy Company,BNGC700637,2025,Jan-2025,Q1,Transmission,HVJ Pipeline (Hazira-Vijaipur-Jagdishpur),Pipeline,Gujarat-UP corridor,N/A,24.35,33.4,72.9,0.609,14.22,4.65,9.57,67.3,0.0,1750,0,0,0,0.0
Bharat Natural Gas Corporation (BNGC) - Fictional Dummy Company,BNGC700638,2025,Feb-2025,Q1,Transmission,HVJ Pipeline (Hazira-Vijaipur-Jagdishpur),Pipeline,Gujarat-UP corridor,N/A,25.79,33.4,77.22,0.731,18.07,6.01,12.06,66.74,0.0,1750,0,0,0,0.0
Bharat Natural Gas Corporation (BNGC) - Fictional Dummy Company,BNGC700639,2025,Mar-2025,Q1,Transmission,HVJ Pipeline (Hazira-Vijaipur-Jagdishpur),Pipeline,Gujarat-UP corridor,N/A,26.08,33.4,78.08,0.825,20.63,7.15,13.48,65.34,0.0,1750,0,0,0,0.0
Bharat Natural Gas Corporation (BNGC) - Fictional Dummy Company,BNGC700640,2025,Apr-2025,Q2,Transmission,HVJ Pipeline (Hazira-Vijaipur-Jagdishpur),Pipeline,Gujarat-UP corridor,N/A,27.42,33.4,82.1,1.13,29.7,8.47,21.23,71.48,0.0,1750,0,0,0,0.0
Bharat Natural Gas Corporation (BNGC) - Fictional Dummy Company,BNGC700641,2025,May-2025,Q2,Transmission,HVJ Pipeline (Hazira-Vijaipur-Jagdishpur),Pipeline,Gujarat-UP corridor,N/A,24.46,33.4,73.23,1.079,25.3,7.69,17.61,69.6,0.0,1750,0,0,0,0.0
Bharat Natural Gas Corporation (BNGC) - Fictional Dummy Company,BNGC700642,2025,Jun-2025,Q2,Transmission,HVJ Pipeline (Hazira-Vijaipur-Jagdishpur),Pipeline,Gujarat-UP corridor,N/A,24.2,33.4,72.46,0.633,14.69,4.86,9.83,66.92,0.0,1750,0,0,0,0.0
Bharat Natural Gas Corporation (BNGC) - Fictional Dummy Company,BNGC700643,2025,Jul-2025,Q3,Transmission,HVJ Pipeline (Hazira-Vijaipur-Jagdishpur),Pipeline,Gujarat-UP corridor,N/A,25.38,33.4,75.99,1.105,26.89,9.55,17.34,64.48,0.0,1750,0,0,0,0.0
Bharat Natural Gas Corporation (BNGC) - Fictional Dummy Company,BNGC700644,2025,Aug-2025,Q3,Transmission,HVJ Pipeline (Hazira-Vijaipur-Jagdishpur),Pipeline,Gujarat-UP corridor,N/A,24.4,33.4,73.05,0.819,19.16,5.57,13.59,70.93,0.0,1750,0,0,0,0.0
Bharat Natural Gas Corporation (BNGC) - Fictional Dummy Company,BNGC700645,2025,Sep-2025,Q3,Transmission,HVJ Pipeline (Hazira-Vijaipur-Jagdishpur),Pipeline,Gujarat-UP corridor,N/A,26.15,33.4,78.29,1.276,31.99,8.69,23.3,72.84,0.0,1750,0,0,0,0.0
Bharat Natural Gas Corporation (BNGC) - Fictional Dummy Company,BNGC700646,2025,Oct-2025,Q4,Transmission,HVJ Pipeline (Hazira-Vijaipur-Jagdishpur),Pipeline,Gujarat-UP corridor,N/A,26.63,33.4,79.73,0.946,24.15,7.12,17.03,70.52,0.0,1750,0,0,0,0.0
Bharat Natural Gas Corporation (BNGC) - Fictional Dummy Company,BNGC700647,2025,Nov-2025,Q4,Transmission,HVJ Pipeline (Hazira-Vijaipur-Jagdishpur),Pipeline,Gujarat-UP corridor,N/A,24.74,33.4,74.07,1.079,25.59,10.2,15.39,60.14,0.0,1750,0,0,0,0.0
Bharat Natural Gas Corporation (BNGC) - Fictional Dummy Company,BNGC700648,2025,Dec-2025,Q4,Transmission,HVJ Pipeline (Hazira-Vijaipur-Jagdishpur),Pipeline,Gujarat-UP corridor,N/A,28.05,33.4,83.98,1.251,33.64,9.56,24.08,71.58,0.0,1750,0,0,0,0.0
Bharat Natural Gas Corporation (BNGC) - Fictional Dummy Company,BNGC700649,2020,Jan-2020,Q1,Transmission,Dahej-Uran Pipeline,Pipeline,Gujarat-Maharashtra,N/A,10.48,17.0,61.65,0.655,6.58,1.75,4.83,73.4,0.0,610,0,0,0,0.0
Bharat Natural Gas Corporation (BNGC) - Fictional Dummy Company,BNGC700650,2020,Feb-2020,Q1,Transmission,Dahej-Uran Pipeline,Pipeline,Gujarat-Maharashtra,N/A,10.97,17.0,64.53,0.671,7.06,1.8,5.26,74.5,0.0,610,0,0,0,0.0
Bharat Natural Gas Corporation (BNGC) - Fictional Dummy Company,BNGC700651,2020,Mar-2020,Q1,Transmission,Dahej-Uran Pipeline,Pipeline,Gujarat-Maharashtra,N/A,10.63,17.0,62.53,1.165,11.87,3.04,8.83,74.39,0.0,610,0,0,0,0.0
Bharat Natural Gas Corporation (BNGC) - Fictional Dummy Company,BNGC700652,2020,Apr-2020,Q2,Transmission,Dahej-Uran Pipeline,Pipeline,Gujarat-Maharashtra,N/A,11.34,17.0,66.71,0.828,9.0,2.57,6.43,71.44,0.0,610,0,0,0,0.0
Bharat Natural Gas Corporation (BNGC) - Fictional Dummy Company,BNGC700653,2020,May-2020,Q2,Transmission,Dahej-Uran Pipeline,Pipeline,Gujarat-Maharashtra,N/A,11.55,17.0,67.94,0.796,8.81,2.45,6.36,72.19,0.0,610,0,0,0,0.0
Bharat Natural Gas Corporation (BNGC) - Fictional Dummy Company,BNGC700654,2020,Jun-2020,Q2,Transmission,Dahej-Uran Pipeline,Pipeline,Gujarat-Maharashtra,N/A,11.27,17.0,66.29,1.186,12.81,3.32,9.49,74.08,0.0,610,0,0,0,0.0
Bharat Natural Gas Corporation (BNGC) - Fictional Dummy Company,BNGC700655,2020,Jul-2020,Q3,Transmission,Dahej-Uran Pipeline,Pipeline,Gujarat-Maharashtra,N/A,10.0,17.0,58.82,1.185,11.36,4.46,6.9,60.74,0.0,610,0,0,0,0.0
Bharat Natural Gas Corporation (BNGC) - Fictional Dummy Company,BNGC700656,2020,Aug-2020,Q3,Transmission,Dahej-Uran Pipeline,Pipeline,Gujarat-Maharashtra,N/A,11.3,17.0,66.47,0.771,8.35,2.93,5.42,64.91,0.0,610,0,0,0,0.0
Bharat Natural Gas Corporation (BNGC) - Fictional Dummy Company,BNGC700657,2020,Sep-2020,Q3,Transmission,Dahej-Uran Pipeline,Pipeline,Gujarat-Maharashtra,N/A,9.88,17.0,58.12,1.267,12.0,3.25,8.75,72.92,0.0,610,0,0,0,0.0
Bharat Natural Gas Corporation (BNGC) - Fictional Dummy Company,BNGC700658,2020,Oct-2020,Q4,Transmission,Dahej-Uran Pipeline,Pipeline,Gujarat-Maharashtra,N/A,11.29,17.0,66.41,0.721,7.8,2.34,5.46,70.0,0.0,610,0,0,0,0.0
Bharat Natural Gas Corporation (BNGC) - Fictional Dummy Company,BNGC700659,2020,Nov-2020,Q4,Transmission,Dahej-Uran Pipeline,Pipeline,Gujarat-Maharashtra,N/A,10.12,17.0,59.53,0.657,6.37,2.38,3.99,62.64,0.0,610,0,0,0,0.0
Bharat Natural Gas Corporation (BNGC) - Fictional Dummy Company,BNGC700660,2020,Dec-2020,Q4,Transmission,Dahej-Uran Pipeline,Pipeline,Gujarat-Maharashtra,N/A,11.75,17.0,69.12,0.951,10.71,2.8,7.91,73.86,0.0,610,0,0,0,0.0
Bharat Natural Gas Corporation (BNGC) - Fictional Dummy Company,BNGC700661,2021,Jan-2021,Q1,Transmission,Dahej-Uran Pipeline,Pipeline,Gujarat-Maharashtra,N/A,12.32,17.0,72.47,1.129,13.33,4.94,8.39,62.94,0.0,610,0,0,0,0.0
Bharat Natural Gas Corporation (BNGC) - Fictional Dummy Company,BNGC700662,2021,Feb-2021,Q1,Transmission,Dahej-Uran Pipeline,Pipeline,Gujarat-Maharashtra,N/A,11.71,17.0,68.88,0.998,11.2,3.01,8.19,73.12,0.0,610,0,0,0,0.0
Bharat Natural Gas Corporation (BNGC) - Fictional Dummy Company,BNGC700663,2021,Mar-2021,Q1,Transmission,Dahej-Uran Pipeline,Pipeline,Gujarat-Maharashtra,N/A,11.91,17.0,70.06,0.997,11.38,4.39,6.99,61.42,0.0,610,0,0,0,0.0
Bharat Natural Gas Corporation (BNGC) - Fictional Dummy Company,BNGC700664,2021,Apr-2021,Q2,Transmission,Dahej-Uran Pipeline,Pipeline,Gujarat-Maharashtra,N/A,12.58,17.0,74.0,0.823,9.93,2.94,6.99,70.39,0.0,610,0,0,0,0.0
Bharat Natural Gas Corporation (BNGC) - Fictional Dummy Company,BNGC700665,2021,May-2021,Q2,Transmission,Dahej-Uran Pipeline,Pipeline,Gujarat-Maharashtra,N/A,11.13,17.0,65.47,1.024,10.93,3.3,7.63,69.81,0.0,610,0,0,0,0.0
Bharat Natural Gas Corporation (BNGC) - Fictional Dummy Company,BNGC700666,2021,Jun-2021,Q2,Transmission,Dahej-Uran Pipeline,Pipeline,Gujarat-Maharashtra,N/A,10.78,17.0,63.41,0.772,7.98,2.73,5.25,65.79,0.0,610,0,0,0,0.0
Bharat Natural Gas Corporation (BNGC) - Fictional Dummy Company,BNGC700667,2021,Jul-2021,Q3,Transmission,Dahej-Uran Pipeline,Pipeline,Gujarat-Maharashtra,N/A,10.28,17.0,60.47,1.02,10.05,3.93,6.12,60.9,0.0,610,0,0,0,0.0
Bharat Natural Gas Corporation (BNGC) - Fictional Dummy Company,BNGC700668,2021,Aug-2021,Q3,Transmission,Dahej-Uran Pipeline,Pipeline,Gujarat-Maharashtra,N/A,11.72,17.0,68.94,0.97,10.9,3.73,7.17,65.78,0.0,610,0,0,0,0.0
Bharat Natural Gas Corporation (BNGC) - Fictional Dummy Company,BNGC700669,2021,Sep-2021,Q3,Transmission,Dahej-Uran Pipeline,Pipeline,Gujarat-Maharashtra,N/A,10.06,17.0,59.18,0.662,6.38,2.31,4.07,63.79,0.0,610,0,0,0,0.0
Bharat Natural Gas Corporation (BNGC) - Fictional Dummy Company,BNGC700670,2021,Oct-2021,Q4,Transmission,Dahej-Uran Pipeline,Pipeline,Gujarat-Maharashtra,N/A,10.79,17.0,63.47,0.841,8.7,2.44,6.26,71.95,0.0,610,0,0,0,0.0
Bharat Natural Gas Corporation (BNGC) - Fictional Dummy Company,BNGC700671,2021,Nov-2021,Q4,Transmission,Dahej-Uran Pipeline,Pipeline,Gujarat-Maharashtra,N/A,11.48,17.0,67.53,1.153,12.69,3.57,9.12,71.87,0.0,610,0,0,0,0.0
Bharat Natural Gas Corporation (BNGC) - Fictional Dummy Company,BNGC700672,2021,Dec-2021,Q4,Transmission,Dahej-Uran Pipeline,Pipeline,Gujarat-Maharashtra,N/A,11.93,17.0,70.18,1.236,14.14,5.58,8.56,60.54,0.0,610,0,0,0,0.0
Bharat Natural Gas Corporation (BNGC) - Fictional Dummy Company,BNGC700673,2022,Jan-2022,Q1,Transmission,Dahej-Uran Pipeline,Pipeline,Gujarat-Maharashtra,N/A,11.01,17.0,64.76,1.232,13.0,3.27,9.73,74.85,0.0,610,0,0,0,0.0
Bharat Natural Gas Corporation (BNGC) - Fictional Dummy Company,BNGC700674,2022,Feb-2022,Q1,Transmission,Dahej-Uran Pipeline,Pipeline,Gujarat-Maharashtra,N/A,11.84,17.0,69.65,1.0,11.35,3.31,8.04,70.84,0.0,610,0,0,0,0.0
Bharat Natural Gas Corporation (BNGC) - Fictional Dummy Company,BNGC700675,2022,Mar-2022,Q1,Transmission,Dahej-Uran Pipeline,Pipeline,Gujarat-Maharashtra,N/A,11.59,17.0,68.18,0.627,6.97,2.63,4.34,62.27,0.0,610,0,0,0,0.0
Bharat Natural Gas Corporation (BNGC) - Fictional Dummy Company,BNGC700676,2022,Apr-2022,Q2,Transmission,Dahej-Uran Pipeline,Pipeline,Gujarat-Maharashtra,N/A,11.81,17.0,69.47,1.213,13.73,3.88,9.85,71.74,0.0,610,0,0,0,0.0
Bharat Natural Gas Corporation (BNGC) - Fictional Dummy Company,BNGC700677,2022,May-2022,Q2,Transmission,Dahej-Uran Pipeline,Pipeline,Gujarat-Maharashtra,N/A,11.24,17.0,66.12,0.792,8.53,2.61,5.92,69.4,0.0,610,0,0,0,0.0
Bharat Natural Gas Corporation (BNGC) - Fictional Dummy Company,BNGC700678,2022,Jun-2022,Q2,Transmission,Dahej-Uran Pipeline,Pipeline,Gujarat-Maharashtra,N/A,12.27,17.0,72.18,1.007,11.84,4.12,7.72,65.2,0.0,610,0,0,0,0.0
Bharat Natural Gas Corporation (BNGC) - Fictional Dummy Company,BNGC700679,2022,Jul-2022,Q3,Transmission,Dahej-Uran Pipeline,Pipeline,Gujarat-Maharashtra,N/A,11.97,17.0,70.41,0.635,7.29,2.23,5.06,69.41,0.0,610,0,0,0,0.0
Bharat Natural Gas Corporation (BNGC) - Fictional Dummy Company,BNGC700680,2022,Aug-2022,Q3,Transmission,Dahej-Uran Pipeline,Pipeline,Gujarat-Maharashtra,N/A,11.08,17.0,65.18,0.816,8.67,2.47,6.2,71.51,0.0,610,0,0,0,0.0
Bharat Natural Gas Corporation (BNGC) - Fictional Dummy Company,BNGC700681,2022,Sep-2022,Q3,Transmission,Dahej-Uran Pipeline,Pipeline,Gujarat-Maharashtra,N/A,11.38,17.0,66.94,0.911,9.94,3.39,6.55,65.9,0.0,610,0,0,0,0.0
Bharat Natural Gas Corporation (BNGC) - Fictional Dummy Company,BNGC700682,2022,Oct-2022,Q4,Transmission,Dahej-Uran Pipeline,Pipeline,Gujarat-Maharashtra,N/A,11.24,17.0,66.12,0.984,10.6,3.64,6.96,65.66,0.0,610,0,0,0,0.0
Bharat Natural Gas Corporation (BNGC) - Fictional Dummy Company,BNGC700683,2022,Nov-2022,Q4,Transmission,Dahej-Uran Pipeline,Pipeline,Gujarat-Maharashtra,N/A,10.82,17.0,63.65,1.05,10.89,3.81,7.08,65.01,0.0,610,0,0,0,0.0
Bharat Natural Gas Corporation (BNGC) - Fictional Dummy Company,BNGC700684,2022,Dec-2022,Q4,Transmission,Dahej-Uran Pipeline,Pipeline,Gujarat-Maharashtra,N/A,12.2,17.0,71.76,1.016,11.88,4.02,7.86,66.16,0.0,610,0,0,0,0.0
Bharat Natural Gas Corporation (BNGC) - Fictional Dummy Company,BNGC700685,2023,Jan-2023,Q1,Transmission,Dahej-Uran Pipeline,Pipeline,Gujarat-Maharashtra,N/A,12.93,17.0,76.06,1.107,13.72,3.86,9.86,71.87,0.0,610,0,0,0,0.0
Bharat Natural Gas Corporation (BNGC) - Fictional Dummy Company,BNGC700686,2023,Feb-2023,Q1,Transmission,Dahej-Uran Pipeline,Pipeline,Gujarat-Maharashtra,N/A,12.04,17.0,70.82,1.256,14.5,4.11,10.39,71.66,0.0,610,0,0,0,0.0
Bharat Natural Gas Corporation (BNGC) - Fictional Dummy Company,BNGC700687,2023,Mar-2023,Q1,Transmission,Dahej-Uran Pipeline,Pipeline,Gujarat-Maharashtra,N/A,12.76,17.0,75.06,0.786,9.61,3.12,6.49,67.53,0.0,610,0,0,0,0.0
Bharat Natural Gas Corporation (BNGC) - Fictional Dummy Company,BNGC700688,2023,Apr-2023,Q2,Transmission,Dahej-Uran Pipeline,Pipeline,Gujarat-Maharashtra,N/A,12.41,17.0,73.0,1.007,11.98,4.74,7.24,60.43,0.0,610,0,0,0,0.0
Bharat Natural Gas Corporation (BNGC) - Fictional Dummy Company,BNGC700689,2023,May-2023,Q2,Transmission,Dahej-Uran Pipeline,Pipeline,Gujarat-Maharashtra,N/A,11.78,17.0,69.29,1.112,12.56,4.48,8.08,64.33,0.0,610,0,0,0,0.0
Bharat Natural Gas Corporation (BNGC) - Fictional Dummy Company,BNGC700690,2023,Jun-2023,Q2,Transmission,Dahej-Uran Pipeline,Pipeline,Gujarat-Maharashtra,N/A,11.34,17.0,66.71,1.03,11.2,3.56,7.64,68.21,0.0,610,0,0,0,0.0
Bharat Natural Gas Corporation (BNGC) - Fictional Dummy Company,BNGC700691,2023,Jul-2023,Q3,Transmission,Dahej-Uran Pipeline,Pipeline,Gujarat-Maharashtra,N/A,12.79,17.0,75.24,0.651,7.98,2.51,5.47,68.55,0.0,610,0,0,0,0.0
Bharat Natural Gas Corporation (BNGC) - Fictional Dummy Company,BNGC700692,2023,Aug-2023,Q3,Transmission,Dahej-Uran Pipeline,Pipeline,Gujarat-Maharashtra,N/A,11.21,17.0,65.94,1.209,12.99,3.82,9.17,70.59,0.0,610,0,0,0,0.0
Bharat Natural Gas Corporation (BNGC) - Fictional Dummy Company,BNGC700693,2023,Sep-2023,Q3,Transmission,Dahej-Uran Pipeline,Pipeline,Gujarat-Maharashtra,N/A,11.08,17.0,65.18,0.751,7.98,2.31,5.67,71.05,0.0,610,0,0,0,0.0
Bharat Natural Gas Corporation (BNGC) - Fictional Dummy Company,BNGC700694,2023,Oct-2023,Q4,Transmission,Dahej-Uran Pipeline,Pipeline,Gujarat-Maharashtra,N/A,11.89,17.0,69.94,0.969,11.04,3.83,7.21,65.31,0.0,610,0,0,0,0.0
Bharat Natural Gas Corporation (BNGC) - Fictional Dummy Company,BNGC700695,2023,Nov-2023,Q4,Transmission,Dahej-Uran Pipeline,Pipeline,Gujarat-Maharashtra,N/A,12.83,17.0,75.47,1.252,15.4,4.9,10.5,68.18,0.0,610,0,0,0,0.0
Bharat Natural Gas Corporation (BNGC) - Fictional Dummy Company,BNGC700696,2023,Dec-2023,Q4,Transmission,Dahej-Uran Pipeline,Pipeline,Gujarat-Maharashtra,N/A,11.83,17.0,69.59,0.911,10.33,2.65,7.68,74.35,0.0,610,0,0,0,0.0
Bharat Natural Gas Corporation (BNGC) - Fictional Dummy Company,BNGC700697,2024,Jan-2024,Q1,Transmission,Dahej-Uran Pipeline,Pipeline,Gujarat-Maharashtra,N/A,13.4,17.0,78.82,1.123,14.43,4.76,9.67,67.01,0.0,610,0,0,0,0.0
Bharat Natural Gas Corporation (BNGC) - Fictional Dummy Company,BNGC700698,2024,Feb-2024,Q1,Transmission,Dahej-Uran Pipeline,Pipeline,Gujarat-Maharashtra,N/A,12.74,17.0,74.94,0.763,9.32,2.94,6.38,68.45,0.0,610,0,0,0,0.0
Bharat Natural Gas Corporation (BNGC) - Fictional Dummy Company,BNGC700699,2024,Mar-2024,Q1,Transmission,Dahej-Uran Pipeline,Pipeline,Gujarat-Maharashtra,N/A,13.24,17.0,77.88,1.249,15.85,5.88,9.97,62.9,0.0,610,0,0,0,0.0
Bharat Natural Gas Corporation (BNGC) - Fictional Dummy Company,BNGC700700,2024,Apr-2024,Q2,Transmission,Dahej-Uran Pipeline,Pipeline,Gujarat-Maharashtra,N/A,12.12,17.0,71.29,1.06,12.32,3.36,8.96,72.73,0.0,610,0,0,0,0.0
Bharat Natural Gas Corporation (BNGC) - Fictional Dummy Company,BNGC700701,2024,May-2024,Q2,Transmission,Dahej-Uran Pipeline,Pipeline,Gujarat-Maharashtra,N/A,12.63,17.0,74.29,0.967,11.71,3.25,8.46,72.25,0.0,610,0,0,0,0.0
Bharat Natural Gas Corporation (BNGC) - Fictional Dummy Company,BNGC700702,2024,Jun-2024,Q2,Transmission,Dahej-Uran Pipeline,Pipeline,Gujarat-Maharashtra,N/A,12.99,17.0,76.41,0.972,12.1,4.8,7.3,60.33,0.0,610,0,0,0,0.0
Bharat Natural Gas Corporation (BNGC) - Fictional Dummy Company,BNGC700703,2024,Jul-2024,Q3,Transmission,Dahej-Uran Pipeline,Pipeline,Gujarat-Maharashtra,N/A,12.82,17.0,75.41,0.987,12.13,3.12,9.01,74.28,0.0,610,0,0,0,0.0
Bharat Natural Gas Corporation (BNGC) - Fictional Dummy Company,BNGC700704,2024,Aug-2024,Q3,Transmission,Dahej-Uran Pipeline,Pipeline,Gujarat-Maharashtra,N/A,11.83,17.0,69.59,1.06,12.02,3.39,8.63,71.8,0.0,610,0,0,0,0.0
Bharat Natural Gas Corporation (BNGC) - Fictional Dummy Company,BNGC700705,2024,Sep-2024,Q3,Transmission,Dahej-Uran Pipeline,Pipeline,Gujarat-Maharashtra,N/A,12.12,17.0,71.29,1.253,14.56,4.87,9.69,66.55,0.0,610,0,0,0,0.0
Bharat Natural Gas Corporation (BNGC) - Fictional Dummy Company,BNGC700706,2024,Oct-2024,Q4,Transmission,Dahej-Uran Pipeline,Pipeline,Gujarat-Maharashtra,N/A,11.97,17.0,70.41,0.652,7.48,2.39,5.09,68.05,0.0,610,0,0,0,0.0
Bharat Natural Gas Corporation (BNGC) - Fictional Dummy Company,BNGC700707,2024,Nov-2024,Q4,Transmission,Dahej-Uran Pipeline,Pipeline,Gujarat-Maharashtra,N/A,12.48,17.0,73.41,0.624,7.47,2.93,4.54,60.78,0.0,610,0,0,0,0.0
Bharat Natural Gas Corporation (BNGC) - Fictional Dummy Company,BNGC700708,2024,Dec-2024,Q4,Transmission,Dahej-Uran Pipeline,Pipeline,Gujarat-Maharashtra,N/A,12.9,17.0,75.88,0.817,10.1,3.89,6.21,61.49,0.0,610,0,0,0,0.0
Bharat Natural Gas Corporation (BNGC) - Fictional Dummy Company,BNGC700709,2025,Jan-2025,Q1,Transmission,Dahej-Uran Pipeline,Pipeline,Gujarat-Maharashtra,N/A,13.71,17.0,80.65,0.984,12.93,3.62,9.31,72.0,0.0,610,0,0,0,0.0
Bharat Natural Gas Corporation (BNGC) - Fictional Dummy Company,BNGC700710,2025,Feb-2025,Q1,Transmission,Dahej-Uran Pipeline,Pipeline,Gujarat-Maharashtra,N/A,13.43,17.0,79.0,1.195,15.39,4.0,11.39,74.01,0.0,610,0,0,0,0.0
Bharat Natural Gas Corporation (BNGC) - Fictional Dummy Company,BNGC700711,2025,Mar-2025,Q1,Transmission,Dahej-Uran Pipeline,Pipeline,Gujarat-Maharashtra,N/A,13.48,17.0,79.29,1.023,13.22,4.05,9.17,69.36,0.0,610,0,0,0,0.0
Bharat Natural Gas Corporation (BNGC) - Fictional Dummy Company,BNGC700712,2025,Apr-2025,Q2,Transmission,Dahej-Uran Pipeline,Pipeline,Gujarat-Maharashtra,N/A,13.34,17.0,78.47,1.1,14.07,4.6,9.47,67.31,0.0,610,0,0,0,0.0
Bharat Natural Gas Corporation (BNGC) - Fictional Dummy Company,BNGC700713,2025,May-2025,Q2,Transmission,Dahej-Uran Pipeline,Pipeline,Gujarat-Maharashtra,N/A,13.78,17.0,81.06,1.223,16.16,5.61,10.55,65.28,0.0,610,0,0,0,0.0
Bharat Natural Gas Corporation (BNGC) - Fictional Dummy Company,BNGC700714,2025,Jun-2025,Q2,Transmission,Dahej-Uran Pipeline,Pipeline,Gujarat-Maharashtra,N/A,12.13,17.0,71.35,1.023,11.9,3.84,8.06,67.73,0.0,610,0,0,0,0.0
Bharat Natural Gas Corporation (BNGC) - Fictional Dummy Company,BNGC700715,2025,Jul-2025,Q3,Transmission,Dahej-Uran Pipeline,Pipeline,Gujarat-Maharashtra,N/A,12.83,17.0,75.47,1.217,14.97,3.83,11.14,74.42,0.0,610,0,0,0,0.0
Bharat Natural Gas Corporation (BNGC) - Fictional Dummy Company,BNGC700716,2025,Aug-2025,Q3,Transmission,Dahej-Uran Pipeline,Pipeline,Gujarat-Maharashtra,N/A,12.97,17.0,76.29,0.696,8.65,2.47,6.18,71.45,0.0,610,0,0,0,0.0
Bharat Natural Gas Corporation (BNGC) - Fictional Dummy Company,BNGC700717,2025,Sep-2025,Q3,Transmission,Dahej-Uran Pipeline,Pipeline,Gujarat-Maharashtra,N/A,13.39,17.0,78.76,0.728,9.34,2.76,6.58,70.45,0.0,610,0,0,0,0.0
Bharat Natural Gas Corporation (BNGC) - Fictional Dummy Company,BNGC700718,2025,Oct-2025,Q4,Transmission,Dahej-Uran Pipeline,Pipeline,Gujarat-Maharashtra,N/A,13.32,17.0,78.35,1.246,15.91,4.85,11.06,69.52,0.0,610,0,0,0,0.0
Bharat Natural Gas Corporation (BNGC) - Fictional Dummy Company,BNGC700719,2025,Nov-2025,Q4,Transmission,Dahej-Uran Pipeline,Pipeline,Gujarat-Maharashtra,N/A,12.89,17.0,75.82,1.022,12.63,4.19,8.44,66.83,0.0,610,0,0,0,0.0
Bharat Natural Gas Corporation (BNGC) - Fictional Dummy Company,BNGC700720,2025,Dec-2025,Q4,Transmission,Dahej-Uran Pipeline,Pipeline,Gujarat-Maharashtra,N/A,12.67,17.0,74.53,1.14,13.85,4.0,9.85,71.12,0.0,610,0,0,0,0.0
Bharat Natural Gas Corporation (BNGC) - Fictional Dummy Company,BNGC700721,2020,Jan-2020,Q1,Transmission,Dadri-Bawana-Nangal Pipeline,Pipeline,NCR-Punjab,N/A,6.01,10.0,60.1,1.155,6.65,2.49,4.16,62.56,0.0,900,0,0,0,0.0
Bharat Natural Gas Corporation (BNGC) - Fictional Dummy Company,BNGC700722,2020,Feb-2020,Q1,Transmission,Dadri-Bawana-Nangal Pipeline,Pipeline,NCR-Punjab,N/A,6.72,10.0,67.2,0.727,4.68,1.39,3.29,70.3,0.0,900,0,0,0,0.0
Bharat Natural Gas Corporation (BNGC) - Fictional Dummy Company,BNGC700723,2020,Mar-2020,Q1,Transmission,Dadri-Bawana-Nangal Pipeline,Pipeline,NCR-Punjab,N/A,6.3,10.0,63.0,0.647,3.91,0.98,2.93,74.94,0.0,900,0,0,0,0.0
Bharat Natural Gas Corporation (BNGC) - Fictional Dummy Company,BNGC700724,2020,Apr-2020,Q2,Transmission,Dadri-Bawana-Nangal Pipeline,Pipeline,NCR-Punjab,N/A,7.18,10.0,71.8,1.225,8.43,3.11,5.32,63.11,0.0,900,0,0,0,0.0
Bharat Natural Gas Corporation (BNGC) - Fictional Dummy Company,BNGC700725,2020,May-2020,Q2,Transmission,Dadri-Bawana-Nangal Pipeline,Pipeline,NCR-Punjab,N/A,6.09,10.0,60.9,1.099,6.42,2.41,4.01,62.46,0.0,900,0,0,0,0.0
Bharat Natural Gas Corporation (BNGC) - Fictional Dummy Company,BNGC700726,2020,Jun-2020,Q2,Transmission,Dadri-Bawana-Nangal Pipeline,Pipeline,NCR-Punjab,N/A,6.76,10.0,67.6,0.94,6.09,2.08,4.01,65.85,0.0,900,0,0,0,0.0
Bharat Natural Gas Corporation (BNGC) - Fictional Dummy Company,BNGC700727,2020,Jul-2020,Q3,Transmission,Dadri-Bawana-Nangal Pipeline,Pipeline,NCR-Punjab,N/A,6.21,10.0,62.1,1.269,7.55,2.89,4.66,61.72,0.0,900,0,0,0,0.0
Bharat Natural Gas Corporation (BNGC) - Fictional Dummy Company,BNGC700728,2020,Aug-2020,Q3,Transmission,Dadri-Bawana-Nangal Pipeline,Pipeline,NCR-Punjab,N/A,6.45,10.0,64.5,0.714,4.41,1.24,3.17,71.88,0.0,900,0,0,0,0.0
Bharat Natural Gas Corporation (BNGC) - Fictional Dummy Company,BNGC700729,2020,Sep-2020,Q3,Transmission,Dadri-Bawana-Nangal Pipeline,Pipeline,NCR-Punjab,N/A,6.15,10.0,61.5,1.178,6.95,2.11,4.84,69.64,0.0,900,0,0,0,0.0
Bharat Natural Gas Corporation (BNGC) - Fictional Dummy Company,BNGC700730,2020,Oct-2020,Q4,Transmission,Dadri-Bawana-Nangal Pipeline,Pipeline,NCR-Punjab,N/A,6.17,10.0,61.7,0.857,5.07,1.6,3.47,68.44,0.0,900,0,0,0,0.0
Bharat Natural Gas Corporation (BNGC) - Fictional Dummy Company,BNGC700731,2020,Nov-2020,Q4,Transmission,Dadri-Bawana-Nangal Pipeline,Pipeline,NCR-Punjab,N/A,6.33,10.0,63.3,1.257,7.63,3.02,4.61,60.42,0.0,900,0,0,0,0.0
Bharat Natural Gas Corporation (BNGC) - Fictional Dummy Company,BNGC700732,2020,Dec-2020,Q4,Transmission,Dadri-Bawana-Nangal Pipeline,Pipeline,NCR-Punjab,N/A,6.82,10.0,68.2,0.921,6.02,2.29,3.73,61.96,0.0,900,0,0,0,0.0
Bharat Natural Gas Corporation (BNGC) - Fictional Dummy Company,BNGC700733,2021,Jan-2021,Q1,Transmission,Dadri-Bawana-Nangal Pipeline,Pipeline,NCR-Punjab,N/A,6.82,10.0,68.2,1.245,8.14,2.21,5.93,72.85,0.0,900,0,0,0,0.0
Bharat Natural Gas Corporation (BNGC) - Fictional Dummy Company,BNGC700734,2021,Feb-2021,Q1,Transmission,Dadri-Bawana-Nangal Pipeline,Pipeline,NCR-Punjab,N/A,6.77,10.0,67.7,0.848,5.5,1.43,4.07,74.0,0.0,900,0,0,0,0.0
Bharat Natural Gas Corporation (BNGC) - Fictional Dummy Company,BNGC700735,2021,Mar-2021,Q1,Transmission,Dadri-Bawana-Nangal Pipeline,Pipeline,NCR-Punjab,N/A,6.43,10.0,64.3,1.021,6.29,2.05,4.24,67.41,0.0,900,0,0,0,0.0
Bharat Natural Gas Corporation (BNGC) - Fictional Dummy Company,BNGC700736,2021,Apr-2021,Q2,Transmission,Dadri-Bawana-Nangal Pipeline,Pipeline,NCR-Punjab,N/A,7.27,10.0,72.7,1.277,8.9,2.59,6.31,70.9,0.0,900,0,0,0,0.0
Bharat Natural Gas Corporation (BNGC) - Fictional Dummy Company,BNGC700737,2021,May-2021,Q2,Transmission,Dadri-Bawana-Nangal Pipeline,Pipeline,NCR-Punjab,N/A,6.43,10.0,64.3,0.772,4.76,1.68,3.08,64.71,0.0,900,0,0,0,0.0
Bharat Natural Gas Corporation (BNGC) - Fictional Dummy Company,BNGC700738,2021,Jun-2021,Q2,Transmission,Dadri-Bawana-Nangal Pipeline,Pipeline,NCR-Punjab,N/A,6.91,10.0,69.1,0.638,4.23,1.15,3.08,72.81,0.0,900,0,0,0,0.0
Bharat Natural Gas Corporation (BNGC) - Fictional Dummy Company,BNGC700739,2021,Jul-2021,Q3,Transmission,Dadri-Bawana-Nangal Pipeline,Pipeline,NCR-Punjab,N/A,6.12,10.0,61.2,0.977,5.73,1.94,3.79,66.14,0.0,900,0,0,0,0.0
Bharat Natural Gas Corporation (BNGC) - Fictional Dummy Company,BNGC700740,2021,Aug-2021,Q3,Transmission,Dadri-Bawana-Nangal Pipeline,Pipeline,NCR-Punjab,N/A,6.01,10.0,60.1,1.275,7.35,2.76,4.59,62.45,0.0,900,0,0,0,0.0
Bharat Natural Gas Corporation (BNGC) - Fictional Dummy Company,BNGC700741,2021,Sep-2021,Q3,Transmission,Dadri-Bawana-Nangal Pipeline,Pipeline,NCR-Punjab,N/A,6.07,10.0,60.7,1.186,6.9,2.51,4.39,63.62,0.0,900,0,0,0,0.0
Bharat Natural Gas Corporation (BNGC) - Fictional Dummy Company,BNGC700742,2021,Oct-2021,Q4,Transmission,Dadri-Bawana-Nangal Pipeline,Pipeline,NCR-Punjab,N/A,6.81,10.0,68.1,0.684,4.47,1.34,3.13,70.02,0.0,900,0,0,0,0.0
Bharat Natural Gas Corporation (BNGC) - Fictional Dummy Company,BNGC700743,2021,Nov-2021,Q4,Transmission,Dadri-Bawana-Nangal Pipeline,Pipeline,NCR-Punjab,N/A,6.86,10.0,68.6,0.607,3.99,1.49,2.5,62.66,0.0,900,0,0,0,0.0
Bharat Natural Gas Corporation (BNGC) - Fictional Dummy Company,BNGC700744,2021,Dec-2021,Q4,Transmission,Dadri-Bawana-Nangal Pipeline,Pipeline,NCR-Punjab,N/A,6.6,10.0,66.0,0.91,5.76,2.0,3.76,65.28,0.0,900,0,0,0,0.0
Bharat Natural Gas Corporation (BNGC) - Fictional Dummy Company,BNGC700745,2022,Jan-2022,Q1,Transmission,Dadri-Bawana-Nangal Pipeline,Pipeline,NCR-Punjab,N/A,6.76,10.0,67.6,0.777,5.04,1.27,3.77,74.8,0.0,900,0,0,0,0.0
Bharat Natural Gas Corporation (BNGC) - Fictional Dummy Company,BNGC700746,2022,Feb-2022,Q1,Transmission,Dadri-Bawana-Nangal Pipeline,Pipeline,NCR-Punjab,N/A,7.46,10.0,74.6,1.03,7.37,2.69,4.68,63.5,0.0,900,0,0,0,0.0
Bharat Natural Gas Corporation (BNGC) - Fictional Dummy Company,BNGC700747,2022,Mar-2022,Q1,Transmission,Dadri-Bawana-Nangal Pipeline,Pipeline,NCR-Punjab,N/A,7.15,10.0,71.5,0.977,6.7,2.38,4.32,64.48,0.0,900,0,0,0,0.0
Bharat Natural Gas Corporation (BNGC) - Fictional Dummy Company,BNGC700748,2022,Apr-2022,Q2,Transmission,Dadri-Bawana-Nangal Pipeline,Pipeline,NCR-Punjab,N/A,6.95,10.0,69.5,1.154,7.69,3.05,4.64,60.34,0.0,900,0,0,0,0.0
Bharat Natural Gas Corporation (BNGC) - Fictional Dummy Company,BNGC700749,2022,May-2022,Q2,Transmission,Dadri-Bawana-Nangal Pipeline,Pipeline,NCR-Punjab,N/A,7.16,10.0,71.6,0.773,5.31,1.43,3.88,73.07,0.0,900,0,0,0,0.0
Bharat Natural Gas Corporation (BNGC) - Fictional Dummy Company,BNGC700750,2022,Jun-2022,Q2,Transmission,Dadri-Bawana-Nangal Pipeline,Pipeline,NCR-Punjab,N/A,7.13,10.0,71.3,0.7,4.78,1.76,3.02,63.18,0.0,900,0,0,0,0.0
Bharat Natural Gas Corporation (BNGC) - Fictional Dummy Company,BNGC700751,2022,Jul-2022,Q3,Transmission,Dadri-Bawana-Nangal Pipeline,Pipeline,NCR-Punjab,N/A,7.02,10.0,70.2,0.65,4.37,1.71,2.66,60.87,0.0,900,0,0,0,0.0
Bharat Natural Gas Corporation (BNGC) - Fictional Dummy Company,BNGC700752,2022,Aug-2022,Q3,Transmission,Dadri-Bawana-Nangal Pipeline,Pipeline,NCR-Punjab,N/A,6.29,10.0,62.9,1.101,6.64,2.14,4.5,67.77,0.0,900,0,0,0,0.0
Bharat Natural Gas Corporation (BNGC) - Fictional Dummy Company,BNGC700753,2022,Sep-2022,Q3,Transmission,Dadri-Bawana-Nangal Pipeline,Pipeline,NCR-Punjab,N/A,6.89,10.0,68.9,0.649,4.29,1.54,2.75,64.1,0.0,900,0,0,0,0.0
Bharat Natural Gas Corporation (BNGC) - Fictional Dummy Company,BNGC700754,2022,Oct-2022,Q4,Transmission,Dadri-Bawana-Nangal Pipeline,Pipeline,NCR-Punjab,N/A,7.18,10.0,71.8,0.716,4.93,1.32,3.61,73.23,0.0,900,0,0,0,0.0
Bharat Natural Gas Corporation (BNGC) - Fictional Dummy Company,BNGC700755,2022,Nov-2022,Q4,Transmission,Dadri-Bawana-Nangal Pipeline,Pipeline,NCR-Punjab,N/A,7.17,10.0,71.7,1.06,7.29,2.07,5.22,71.6,0.0,900,0,0,0,0.0
Bharat Natural Gas Corporation (BNGC) - Fictional Dummy Company,BNGC700756,2022,Dec-2022,Q4,Transmission,Dadri-Bawana-Nangal Pipeline,Pipeline,NCR-Punjab,N/A,6.53,10.0,65.3,1.219,7.63,2.25,5.38,70.51,0.0,900,0,0,0,0.0
Bharat Natural Gas Corporation (BNGC) - Fictional Dummy Company,BNGC700757,2023,Jan-2023,Q1,Transmission,Dadri-Bawana-Nangal Pipeline,Pipeline,NCR-Punjab,N/A,7.57,10.0,75.7,1.263,9.17,3.63,5.54,60.41,0.0,900,0,0,0,0.0
Bharat Natural Gas Corporation (BNGC) - Fictional Dummy Company,BNGC700758,2023,Feb-2023,Q1,Transmission,Dadri-Bawana-Nangal Pipeline,Pipeline,NCR-Punjab,N/A,7.1,10.0,71.0,0.648,4.41,1.31,3.1,70.29,0.0,900,0,0,0,0.0
Bharat Natural Gas Corporation (BNGC) - Fictional Dummy Company,BNGC700759,2023,Mar-2023,Q1,Transmission,Dadri-Bawana-Nangal Pipeline,Pipeline,NCR-Punjab,N/A,8.03,10.0,80.3,1.172,9.02,3.36,5.66,62.75,0.0,900,0,0,0,0.0
Bharat Natural Gas Corporation (BNGC) - Fictional Dummy Company,BNGC700760,2023,Apr-2023,Q2,Transmission,Dadri-Bawana-Nangal Pipeline,Pipeline,NCR-Punjab,N/A,7.19,10.0,71.9,1.297,8.94,3.1,5.84,65.32,0.0,900,0,0,0,0.0
Bharat Natural Gas Corporation (BNGC) - Fictional Dummy Company,BNGC700761,2023,May-2023,Q2,Transmission,Dadri-Bawana-Nangal Pipeline,Pipeline,NCR-Punjab,N/A,7.01,10.0,70.1,1.05,7.06,1.98,5.08,71.95,0.0,900,0,0,0,0.0
Bharat Natural Gas Corporation (BNGC) - Fictional Dummy Company,BNGC700762,2023,Jun-2023,Q2,Transmission,Dadri-Bawana-Nangal Pipeline,Pipeline,NCR-Punjab,N/A,6.81,10.0,68.1,1.127,7.36,2.36,5.0,67.93,0.0,900,0,0,0,0.0
Bharat Natural Gas Corporation (BNGC) - Fictional Dummy Company,BNGC700763,2023,Jul-2023,Q3,Transmission,Dadri-Bawana-Nangal Pipeline,Pipeline,NCR-Punjab,N/A,6.88,10.0,68.8,1.228,8.1,2.24,5.86,72.35,0.0,900,0,0,0,0.0
Bharat Natural Gas Corporation (BNGC) - Fictional Dummy Company,BNGC700764,2023,Aug-2023,Q3,Transmission,Dadri-Bawana-Nangal Pipeline,Pipeline,NCR-Punjab,N/A,6.64,10.0,66.4,0.812,5.17,1.79,3.38,65.38,0.0,900,0,0,0,0.0
Bharat Natural Gas Corporation (BNGC) - Fictional Dummy Company,BNGC700765,2023,Sep-2023,Q3,Transmission,Dadri-Bawana-Nangal Pipeline,Pipeline,NCR-Punjab,N/A,6.94,10.0,69.4,0.878,5.84,1.96,3.88,66.44,0.0,900,0,0,0,0.0
Bharat Natural Gas Corporation (BNGC) - Fictional Dummy Company,BNGC700766,2023,Oct-2023,Q4,Transmission,Dadri-Bawana-Nangal Pipeline,Pipeline,NCR-Punjab,N/A,7.19,10.0,71.9,0.806,5.56,1.89,3.67,66.01,0.0,900,0,0,0,0.0
Bharat Natural Gas Corporation (BNGC) - Fictional Dummy Company,BNGC700767,2023,Nov-2023,Q4,Transmission,Dadri-Bawana-Nangal Pipeline,Pipeline,NCR-Punjab,N/A,7.08,10.0,70.8,0.913,6.2,1.62,4.58,73.87,0.0,900,0,0,0,0.0
Bharat Natural Gas Corporation (BNGC) - Fictional Dummy Company,BNGC700768,2023,Dec-2023,Q4,Transmission,Dadri-Bawana-Nangal Pipeline,Pipeline,NCR-Punjab,N/A,7.78,10.0,77.8,1.171,8.73,3.24,5.49,62.89,0.0,900,0,0,0,0.0
Bharat Natural Gas Corporation (BNGC) - Fictional Dummy Company,BNGC700769,2024,Jan-2024,Q1,Transmission,Dadri-Bawana-Nangal Pipeline,Pipeline,NCR-Punjab,N/A,7.29,10.0,72.9,1.218,8.51,3.28,5.23,61.46,0.0,900,0,0,0,0.0
Bharat Natural Gas Corporation (BNGC) - Fictional Dummy Company,BNGC700770,2024,Feb-2024,Q1,Transmission,Dadri-Bawana-Nangal Pipeline,Pipeline,NCR-Punjab,N/A,7.63,10.0,76.3,0.989,7.23,2.51,4.72,65.28,0.0,900,0,0,0,0.0
Bharat Natural Gas Corporation (BNGC) - Fictional Dummy Company,BNGC700771,2024,Mar-2024,Q1,Transmission,Dadri-Bawana-Nangal Pipeline,Pipeline,NCR-Punjab,N/A,8.02,10.0,80.2,1.134,8.72,2.86,5.86,67.2,0.0,900,0,0,0,0.0
Bharat Natural Gas Corporation (BNGC) - Fictional Dummy Company,BNGC700772,2024,Apr-2024,Q2,Transmission,Dadri-Bawana-Nangal Pipeline,Pipeline,NCR-Punjab,N/A,7.33,10.0,73.3,0.644,4.53,1.65,2.88,63.58,0.0,900,0,0,0,0.0
Bharat Natural Gas Corporation (BNGC) - Fictional Dummy Company,BNGC700773,2024,May-2024,Q2,Transmission,Dadri-Bawana-Nangal Pipeline,Pipeline,NCR-Punjab,N/A,7.02,10.0,70.2,0.656,4.41,1.34,3.07,69.61,0.0,900,0,0,0,0.0
Bharat Natural Gas Corporation (BNGC) - Fictional Dummy Company,BNGC700774,2024,Jun-2024,Q2,Transmission,Dadri-Bawana-Nangal Pipeline,Pipeline,NCR-Punjab,N/A,7.27,10.0,72.7,1.021,7.12,2.11,5.01,70.37,0.0,900,0,0,0,0.0
Bharat Natural Gas Corporation (BNGC) - Fictional Dummy Company,BNGC700775,2024,Jul-2024,Q3,Transmission,Dadri-Bawana-Nangal Pipeline,Pipeline,NCR-Punjab,N/A,7.63,10.0,76.3,0.88,6.44,1.76,4.68,72.67,0.0,900,0,0,0,0.0
Bharat Natural Gas Corporation (BNGC) - Fictional Dummy Company,BNGC700776,2024,Aug-2024,Q3,Transmission,Dadri-Bawana-Nangal Pipeline,Pipeline,NCR-Punjab,N/A,7.35,10.0,73.5,1.002,7.06,2.02,5.04,71.39,0.0,900,0,0,0,0.0
Bharat Natural Gas Corporation (BNGC) - Fictional Dummy Company,BNGC700777,2024,Sep-2024,Q3,Transmission,Dadri-Bawana-Nangal Pipeline,Pipeline,NCR-Punjab,N/A,7.05,10.0,70.5,1.063,7.18,2.4,4.78,66.57,0.0,900,0,0,0,0.0
Bharat Natural Gas Corporation (BNGC) - Fictional Dummy Company,BNGC700778,2024,Oct-2024,Q4,Transmission,Dadri-Bawana-Nangal Pipeline,Pipeline,NCR-Punjab,N/A,7.13,10.0,71.3,1.103,7.54,2.58,4.96,65.78,0.0,900,0,0,0,0.0
Bharat Natural Gas Corporation (BNGC) - Fictional Dummy Company,BNGC700779,2024,Nov-2024,Q4,Transmission,Dadri-Bawana-Nangal Pipeline,Pipeline,NCR-Punjab,N/A,7.27,10.0,72.7,0.968,6.75,1.9,4.85,71.85,0.0,900,0,0,0,0.0
Bharat Natural Gas Corporation (BNGC) - Fictional Dummy Company,BNGC700780,2024,Dec-2024,Q4,Transmission,Dadri-Bawana-Nangal Pipeline,Pipeline,NCR-Punjab,N/A,7.58,10.0,75.8,0.866,6.29,2.02,4.27,67.89,0.0,900,0,0,0,0.0
Bharat Natural Gas Corporation (BNGC) - Fictional Dummy Company,BNGC700781,2025,Jan-2025,Q1,Transmission,Dadri-Bawana-Nangal Pipeline,Pipeline,NCR-Punjab,N/A,7.84,10.0,78.4,0.671,5.04,1.71,3.33,66.07,0.0,900,0,0,0,0.0
Bharat Natural Gas Corporation (BNGC) - Fictional Dummy Company,BNGC700782,2025,Feb-2025,Q1,Transmission,Dadri-Bawana-Nangal Pipeline,Pipeline,NCR-Punjab,N/A,7.68,10.0,76.8,0.67,4.93,1.58,3.35,67.95,0.0,900,0,0,0,0.0
Bharat Natural Gas Corporation (BNGC) - Fictional Dummy Company,BNGC700783,2025,Mar-2025,Q1,Transmission,Dadri-Bawana-Nangal Pipeline,Pipeline,NCR-Punjab,N/A,7.52,10.0,75.2,0.854,6.16,1.9,4.26,69.16,0.0,900,0,0,0,0.0
Bharat Natural Gas Corporation (BNGC) - Fictional Dummy Company,BNGC700784,2025,Apr-2025,Q2,Transmission,Dadri-Bawana-Nangal Pipeline,Pipeline,NCR-Punjab,N/A,7.59,10.0,75.9,0.756,5.5,2.17,3.33,60.55,0.0,900,0,0,0,0.0
Bharat Natural Gas Corporation (BNGC) - Fictional Dummy Company,BNGC700785,2025,May-2025,Q2,Transmission,Dadri-Bawana-Nangal Pipeline,Pipeline,NCR-Punjab,N/A,7.71,10.0,77.1,0.626,4.63,1.61,3.02,65.23,0.0,900,0,0,0,0.0
Bharat Natural Gas Corporation (BNGC) - Fictional Dummy Company,BNGC700786,2025,Jun-2025,Q2,Transmission,Dadri-Bawana-Nangal Pipeline,Pipeline,NCR-Punjab,N/A,8.15,10.0,81.5,1.143,8.93,3.3,5.63,63.05,0.0,900,0,0,0,0.0
Bharat Natural Gas Corporation (BNGC) - Fictional Dummy Company,BNGC700787,2025,Jul-2025,Q3,Transmission,Dadri-Bawana-Nangal Pipeline,Pipeline,NCR-Punjab,N/A,8.11,10.0,81.1,0.824,6.41,2.49,3.92,61.15,0.0,900,0,0,0,0.0
Bharat Natural Gas Corporation (BNGC) - Fictional Dummy Company,BNGC700788,2025,Aug-2025,Q3,Transmission,Dadri-Bawana-Nangal Pipeline,Pipeline,NCR-Punjab,N/A,7.71,10.0,77.1,0.949,7.01,2.43,4.58,65.34,0.0,900,0,0,0,0.0
Bharat Natural Gas Corporation (BNGC) - Fictional Dummy Company,BNGC700789,2025,Sep-2025,Q3,Transmission,Dadri-Bawana-Nangal Pipeline,Pipeline,NCR-Punjab,N/A,7.65,10.0,76.5,1.167,8.56,2.16,6.4,74.77,0.0,900,0,0,0,0.0
Bharat Natural Gas Corporation (BNGC) - Fictional Dummy Company,BNGC700790,2025,Oct-2025,Q4,Transmission,Dadri-Bawana-Nangal Pipeline,Pipeline,NCR-Punjab,N/A,7.91,10.0,79.1,1.077,8.17,2.07,6.1,74.66,0.0,900,0,0,0,0.0
Bharat Natural Gas Corporation (BNGC) - Fictional Dummy Company,BNGC700791,2025,Nov-2025,Q4,Transmission,Dadri-Bawana-Nangal Pipeline,Pipeline,NCR-Punjab,N/A,7.83,10.0,78.3,0.816,6.13,1.81,4.32,70.47,0.0,900,0,0,0,0.0
Bharat Natural Gas Corporation (BNGC) - Fictional Dummy Company,BNGC700792,2025,Dec-2025,Q4,Transmission,Dadri-Bawana-Nangal Pipeline,Pipeline,NCR-Punjab,N/A,7.35,10.0,73.5,0.71,5.0,1.47,3.53,70.6,0.0,900,0,0,0,0.0
Bharat Natural Gas Corporation (BNGC) - Fictional Dummy Company,BNGC700793,2020,Jan-2020,Q1,Transmission,Jagdishpur-Haldia Pipeline,Pipeline,UP-Bihar-West Bengal,N/A,7.32,12.0,61.0,1.292,9.07,3.56,5.51,60.75,0.0,2050,0,0,0,0.0
Bharat Natural Gas Corporation (BNGC) - Fictional Dummy Company,BNGC700794,2020,Feb-2020,Q1,Transmission,Jagdishpur-Haldia Pipeline,Pipeline,UP-Bihar-West Bengal,N/A,8.18,12.0,68.17,1.285,10.08,2.8,7.28,72.22,0.0,2050,0,0,0,0.0
Bharat Natural Gas Corporation (BNGC) - Fictional Dummy Company,BNGC700795,2020,Mar-2020,Q1,Transmission,Jagdishpur-Haldia Pipeline,Pipeline,UP-Bihar-West Bengal,N/A,7.71,12.0,64.25,0.739,5.46,2.09,3.37,61.72,0.0,2050,0,0,0,0.0
Bharat Natural Gas Corporation (BNGC) - Fictional Dummy Company,BNGC700796,2020,Apr-2020,Q2,Transmission,Jagdishpur-Haldia Pipeline,Pipeline,UP-Bihar-West Bengal,N/A,8.61,12.0,71.75,0.74,6.11,1.95,4.16,68.09,0.0,2050,0,0,0,0.0
Bharat Natural Gas Corporation (BNGC) - Fictional Dummy Company,BNGC700797,2020,May-2020,Q2,Transmission,Jagdishpur-Haldia Pipeline,Pipeline,UP-Bihar-West Bengal,N/A,7.3,12.0,60.83,0.935,6.54,2.35,4.19,64.07,0.0,2050,0,0,0,0.0
Bharat Natural Gas Corporation (BNGC) - Fictional Dummy Company,BNGC700798,2020,Jun-2020,Q2,Transmission,Jagdishpur-Haldia Pipeline,Pipeline,UP-Bihar-West Bengal,N/A,7.59,12.0,63.25,0.622,4.53,1.26,3.27,72.19,0.0,2050,0,0,0,0.0
Bharat Natural Gas Corporation (BNGC) - Fictional Dummy Company,BNGC700799,2020,Jul-2020,Q3,Transmission,Jagdishpur-Haldia Pipeline,Pipeline,UP-Bihar-West Bengal,N/A,7.72,12.0,64.33,1.039,7.69,2.89,4.8,62.42,0.0,2050,0,0,0,0.0
Bharat Natural Gas Corporation (BNGC) - Fictional Dummy Company,BNGC700800,2020,Aug-2020,Q3,Transmission,Jagdishpur-Haldia Pipeline,Pipeline,UP-Bihar-West Bengal,N/A,7.36,12.0,61.33,1.222,8.62,2.7,5.92,68.68,0.0,2050,0,0,0,0.0
Bharat Natural Gas Corporation (BNGC) - Fictional Dummy Company,BNGC700801,2020,Sep-2020,Q3,Transmission,Jagdishpur-Haldia Pipeline,Pipeline,UP-Bihar-West Bengal,N/A,6.88,12.0,57.33,0.801,5.28,1.56,3.72,70.45,0.0,2050,0,0,0,0.0
Bharat Natural Gas Corporation (BNGC) - Fictional Dummy Company,BNGC700802,2020,Oct-2020,Q4,Transmission,Jagdishpur-Haldia Pipeline,Pipeline,UP-Bihar-West Bengal,N/A,7.95,12.0,66.25,0.807,6.15,2.33,3.82,62.11,0.0,2050,0,0,0,0.0
Bharat Natural Gas Corporation (BNGC) - Fictional Dummy Company,BNGC700803,2020,Nov-2020,Q4,Transmission,Jagdishpur-Haldia Pipeline,Pipeline,UP-Bihar-West Bengal,N/A,8.16,12.0,68.0,1.141,8.93,2.87,6.06,67.86,0.0,2050,0,0,0,0.0
Bharat Natural Gas Corporation (BNGC) - Fictional Dummy Company,BNGC700804,2020,Dec-2020,Q4,Transmission,Jagdishpur-Haldia Pipeline,Pipeline,UP-Bihar-West Bengal,N/A,7.28,12.0,60.67,0.757,5.28,1.34,3.94,74.62,0.0,2050,0,0,0,0.0
Bharat Natural Gas Corporation (BNGC) - Fictional Dummy Company,BNGC700805,2021,Jan-2021,Q1,Transmission,Jagdishpur-Haldia Pipeline,Pipeline,UP-Bihar-West Bengal,N/A,7.59,12.0,63.25,0.875,6.37,2.54,3.83,60.13,0.0,2050,0,0,0,0.0
Bharat Natural Gas Corporation (BNGC) - Fictional Dummy Company,BNGC700806,2021,Feb-2021,Q1,Transmission,Jagdishpur-Haldia Pipeline,Pipeline,UP-Bihar-West Bengal,N/A,8.65,12.0,72.08,0.748,6.2,2.42,3.78,60.97,0.0,2050,0,0,0,0.0
Bharat Natural Gas Corporation (BNGC) - Fictional Dummy Company,BNGC700807,2021,Mar-2021,Q1,Transmission,Jagdishpur-Haldia Pipeline,Pipeline,UP-Bihar-West Bengal,N/A,8.14,12.0,67.83,1.135,8.86,3.25,5.61,63.32,0.0,2050,0,0,0,0.0
Bharat Natural Gas Corporation (BNGC) - Fictional Dummy Company,BNGC700808,2021,Apr-2021,Q2,Transmission,Jagdishpur-Haldia Pipeline,Pipeline,UP-Bihar-West Bengal,N/A,7.93,12.0,66.08,0.64,4.87,1.84,3.03,62.22,0.0,2050,0,0,0,0.0
Bharat Natural Gas Corporation (BNGC) - Fictional Dummy Company,BNGC700809,2021,May-2021,Q2,Transmission,Jagdishpur-Haldia Pipeline,Pipeline,UP-Bihar-West Bengal,N/A,7.79,12.0,64.92,0.891,6.65,1.69,4.96,74.59,0.0,2050,0,0,0,0.0
Bharat Natural Gas Corporation (BNGC) - Fictional Dummy Company,BNGC700810,2021,Jun-2021,Q2,Transmission,Jagdishpur-Haldia Pipeline,Pipeline,UP-Bihar-West Bengal,N/A,8.01,12.0,66.75,0.878,6.74,2.54,4.2,62.31,0.0,2050,0,0,0,0.0
Bharat Natural Gas Corporation (BNGC) - Fictional Dummy Company,BNGC700811,2021,Jul-2021,Q3,Transmission,Jagdishpur-Haldia Pipeline,Pipeline,UP-Bihar-West Bengal,N/A,8.21,12.0,68.42,1.128,8.88,3.12,5.76,64.86,0.0,2050,0,0,0,0.0
Bharat Natural Gas Corporation (BNGC) - Fictional Dummy Company,BNGC700812,2021,Aug-2021,Q3,Transmission,Jagdishpur-Haldia Pipeline,Pipeline,UP-Bihar-West Bengal,N/A,8.28,12.0,69.0,1.204,9.56,2.41,7.15,74.79,0.0,2050,0,0,0,0.0
Bharat Natural Gas Corporation (BNGC) - Fictional Dummy Company,BNGC700813,2021,Sep-2021,Q3,Transmission,Jagdishpur-Haldia Pipeline,Pipeline,UP-Bihar-West Bengal,N/A,7.69,12.0,64.08,1.068,7.87,2.8,5.07,64.42,0.0,2050,0,0,0,0.0
Bharat Natural Gas Corporation (BNGC) - Fictional Dummy Company,BNGC700814,2021,Oct-2021,Q4,Transmission,Jagdishpur-Haldia Pipeline,Pipeline,UP-Bihar-West Bengal,N/A,7.7,12.0,64.17,1.003,7.4,2.23,5.17,69.86,0.0,2050,0,0,0,0.0
Bharat Natural Gas Corporation (BNGC) - Fictional Dummy Company,BNGC700815,2021,Nov-2021,Q4,Transmission,Jagdishpur-Haldia Pipeline,Pipeline,UP-Bihar-West Bengal,N/A,8.23,12.0,68.58,1.172,9.25,3.57,5.68,61.41,0.0,2050,0,0,0,0.0
Bharat Natural Gas Corporation (BNGC) - Fictional Dummy Company,BNGC700816,2021,Dec-2021,Q4,Transmission,Jagdishpur-Haldia Pipeline,Pipeline,UP-Bihar-West Bengal,N/A,7.73,12.0,64.42,0.986,7.31,2.91,4.4,60.19,0.0,2050,0,0,0,0.0
Bharat Natural Gas Corporation (BNGC) - Fictional Dummy Company,BNGC700817,2022,Jan-2022,Q1,Transmission,Jagdishpur-Haldia Pipeline,Pipeline,UP-Bihar-West Bengal,N/A,8.83,12.0,73.58,1.22,10.33,3.75,6.58,63.7,0.0,2050,0,0,0,0.0
Bharat Natural Gas Corporation (BNGC) - Fictional Dummy Company,BNGC700818,2022,Feb-2022,Q1,Transmission,Jagdishpur-Haldia Pipeline,Pipeline,UP-Bihar-West Bengal,N/A,8.39,12.0,69.92,0.964,7.75,2.3,5.45,70.32,0.0,2050,0,0,0,0.0
Bharat Natural Gas Corporation (BNGC) - Fictional Dummy Company,BNGC700819,2022,Mar-2022,Q1,Transmission,Jagdishpur-Haldia Pipeline,Pipeline,UP-Bihar-West Bengal,N/A,8.43,12.0,70.25,0.958,7.74,2.85,4.89,63.18,0.0,2050,0,0,0,0.0
Bharat Natural Gas Corporation (BNGC) - Fictional Dummy Company,BNGC700820,2022,Apr-2022,Q2,Transmission,Jagdishpur-Haldia Pipeline,Pipeline,UP-Bihar-West Bengal,N/A,9.14,12.0,76.17,1.211,10.61,2.99,7.62,71.82,0.0,2050,0,0,0,0.0
Bharat Natural Gas Corporation (BNGC) - Fictional Dummy Company,BNGC700821,2022,May-2022,Q2,Transmission,Jagdishpur-Haldia Pipeline,Pipeline,UP-Bihar-West Bengal,N/A,8.14,12.0,67.83,0.657,5.13,1.67,3.46,67.45,0.0,2050,0,0,0,0.0
Bharat Natural Gas Corporation (BNGC) - Fictional Dummy Company,BNGC700822,2022,Jun-2022,Q2,Transmission,Jagdishpur-Haldia Pipeline,Pipeline,UP-Bihar-West Bengal,N/A,7.93,12.0,66.08,1.285,9.77,2.54,7.23,74.0,0.0,2050,0,0,0,0.0
Bharat Natural Gas Corporation (BNGC) - Fictional Dummy Company,BNGC700823,2022,Jul-2022,Q3,Transmission,Jagdishpur-Haldia Pipeline,Pipeline,UP-Bihar-West Bengal,N/A,7.73,12.0,64.42,1.154,8.55,3.34,5.21,60.94,0.0,2050,0,0,0,0.0
Bharat Natural Gas Corporation (BNGC) - Fictional Dummy Company,BNGC700824,2022,Aug-2022,Q3,Transmission,Jagdishpur-Haldia Pipeline,Pipeline,UP-Bihar-West Bengal,N/A,7.54,12.0,62.83,0.711,5.14,1.41,3.73,72.57,0.0,2050,0,0,0,0.0
Bharat Natural Gas Corporation (BNGC) - Fictional Dummy Company,BNGC700825,2022,Sep-2022,Q3,Transmission,Jagdishpur-Haldia Pipeline,Pipeline,UP-Bihar-West Bengal,N/A,8.33,12.0,69.42,1.011,8.07,2.86,5.21,64.56,0.0,2050,0,0,0,0.0
Bharat Natural Gas Corporation (BNGC) - Fictional Dummy Company,BNGC700826,2022,Oct-2022,Q4,Transmission,Jagdishpur-Haldia Pipeline,Pipeline,UP-Bihar-West Bengal,N/A,8.32,12.0,69.33,1.108,8.84,3.15,5.69,64.37,0.0,2050,0,0,0,0.0
Bharat Natural Gas Corporation (BNGC) - Fictional Dummy Company,BNGC700827,2022,Nov-2022,Q4,Transmission,Jagdishpur-Haldia Pipeline,Pipeline,UP-Bihar-West Bengal,N/A,8.12,12.0,67.67,1.27,9.89,3.43,6.46,65.32,0.0,2050,0,0,0,0.0
Bharat Natural Gas Corporation (BNGC) - Fictional Dummy Company,BNGC700828,2022,Dec-2022,Q4,Transmission,Jagdishpur-Haldia Pipeline,Pipeline,UP-Bihar-West Bengal,N/A,9.05,12.0,75.42,0.995,8.63,3.17,5.46,63.27,0.0,2050,0,0,0,0.0
Bharat Natural Gas Corporation (BNGC) - Fictional Dummy Company,BNGC700829,2023,Jan-2023,Q1,Transmission,Jagdishpur-Haldia Pipeline,Pipeline,UP-Bihar-West Bengal,N/A,8.09,12.0,67.42,0.955,7.41,2.49,4.92,66.4,0.0,2050,0,0,0,0.0
Bharat Natural Gas Corporation (BNGC) - Fictional Dummy Company,BNGC700830,2023,Feb-2023,Q1,Transmission,Jagdishpur-Haldia Pipeline,Pipeline,UP-Bihar-West Bengal,N/A,8.21,12.0,68.42,0.846,6.66,2.44,4.22,63.36,0.0,2050,0,0,0,0.0
Bharat Natural Gas Corporation (BNGC) - Fictional Dummy Company,BNGC700831,2023,Mar-2023,Q1,Transmission,Jagdishpur-Haldia Pipeline,Pipeline,UP-Bihar-West Bengal,N/A,8.99,12.0,74.92,0.978,8.43,2.82,5.61,66.55,0.0,2050,0,0,0,0.0
Bharat Natural Gas Corporation (BNGC) - Fictional Dummy Company,BNGC700832,2023,Apr-2023,Q2,Transmission,Jagdishpur-Haldia Pipeline,Pipeline,UP-Bihar-West Bengal,N/A,9.21,12.0,76.75,0.65,5.74,2.21,3.53,61.5,0.0,2050,0,0,0,0.0
Bharat Natural Gas Corporation (BNGC) - Fictional Dummy Company,BNGC700833,2023,May-2023,Q2,Transmission,Jagdishpur-Haldia Pipeline,Pipeline,UP-Bihar-West Bengal,N/A,8.62,12.0,71.83,0.805,6.65,2.3,4.35,65.41,0.0,2050,0,0,0,0.0
Bharat Natural Gas Corporation (BNGC) - Fictional Dummy Company,BNGC700834,2023,Jun-2023,Q2,Transmission,Jagdishpur-Haldia Pipeline,Pipeline,UP-Bihar-West Bengal,N/A,8.8,12.0,73.33,1.029,8.68,2.21,6.47,74.54,0.0,2050,0,0,0,0.0
Bharat Natural Gas Corporation (BNGC) - Fictional Dummy Company,BNGC700835,2023,Jul-2023,Q3,Transmission,Jagdishpur-Haldia Pipeline,Pipeline,UP-Bihar-West Bengal,N/A,8.99,12.0,74.92,1.038,8.95,2.51,6.44,71.96,0.0,2050,0,0,0,0.0
Bharat Natural Gas Corporation (BNGC) - Fictional Dummy Company,BNGC700836,2023,Aug-2023,Q3,Transmission,Jagdishpur-Haldia Pipeline,Pipeline,UP-Bihar-West Bengal,N/A,7.74,12.0,64.5,0.823,6.11,2.13,3.98,65.14,0.0,2050,0,0,0,0.0
Bharat Natural Gas Corporation (BNGC) - Fictional Dummy Company,BNGC700837,2023,Sep-2023,Q3,Transmission,Jagdishpur-Haldia Pipeline,Pipeline,UP-Bihar-West Bengal,N/A,8.7,12.0,72.5,1.079,9.0,3.2,5.8,64.44,0.0,2050,0,0,0,0.0
Bharat Natural Gas Corporation (BNGC) - Fictional Dummy Company,BNGC700838,2023,Oct-2023,Q4,Transmission,Jagdishpur-Haldia Pipeline,Pipeline,UP-Bihar-West Bengal,N/A,8.74,12.0,72.83,1.23,10.31,4.11,6.2,60.14,0.0,2050,0,0,0,0.0
Bharat Natural Gas Corporation (BNGC) - Fictional Dummy Company,BNGC700839,2023,Nov-2023,Q4,Transmission,Jagdishpur-Haldia Pipeline,Pipeline,UP-Bihar-West Bengal,N/A,8.48,12.0,70.67,0.651,5.29,1.37,3.92,74.1,0.0,2050,0,0,0,0.0
Bharat Natural Gas Corporation (BNGC) - Fictional Dummy Company,BNGC700840,2023,Dec-2023,Q4,Transmission,Jagdishpur-Haldia Pipeline,Pipeline,UP-Bihar-West Bengal,N/A,9.38,12.0,78.17,1.216,10.93,2.91,8.02,73.38,0.0,2050,0,0,0,0.0
Bharat Natural Gas Corporation (BNGC) - Fictional Dummy Company,BNGC700841,2024,Jan-2024,Q1,Transmission,Jagdishpur-Haldia Pipeline,Pipeline,UP-Bihar-West Bengal,N/A,8.44,12.0,70.33,0.726,5.87,1.96,3.91,66.61,0.0,2050,0,0,0,0.0
Bharat Natural Gas Corporation (BNGC) - Fictional Dummy Company,BNGC700842,2024,Feb-2024,Q1,Transmission,Jagdishpur-Haldia Pipeline,Pipeline,UP-Bihar-West Bengal,N/A,9.18,12.0,76.5,1.013,8.91,2.85,6.06,68.01,0.0,2050,0,0,0,0.0
Bharat Natural Gas Corporation (BNGC) - Fictional Dummy Company,BNGC700843,2024,Mar-2024,Q1,Transmission,Jagdishpur-Haldia Pipeline,Pipeline,UP-Bihar-West Bengal,N/A,9.26,12.0,77.17,0.819,7.27,2.48,4.79,65.89,0.0,2050,0,0,0,0.0
Bharat Natural Gas Corporation (BNGC) - Fictional Dummy Company,BNGC700844,2024,Apr-2024,Q2,Transmission,Jagdishpur-Haldia Pipeline,Pipeline,UP-Bihar-West Bengal,N/A,9.21,12.0,76.75,1.092,9.64,2.51,7.13,73.96,0.0,2050,0,0,0,0.0
Bharat Natural Gas Corporation (BNGC) - Fictional Dummy Company,BNGC700845,2024,May-2024,Q2,Transmission,Jagdishpur-Haldia Pipeline,Pipeline,UP-Bihar-West Bengal,N/A,9.04,12.0,75.33,1.262,10.94,4.26,6.68,61.06,0.0,2050,0,0,0,0.0
Bharat Natural Gas Corporation (BNGC) - Fictional Dummy Company,BNGC700846,2024,Jun-2024,Q2,Transmission,Jagdishpur-Haldia Pipeline,Pipeline,UP-Bihar-West Bengal,N/A,9.23,12.0,76.92,0.622,5.5,1.65,3.85,70.0,0.0,2050,0,0,0,0.0
Bharat Natural Gas Corporation (BNGC) - Fictional Dummy Company,BNGC700847,2024,Jul-2024,Q3,Transmission,Jagdishpur-Haldia Pipeline,Pipeline,UP-Bihar-West Bengal,N/A,8.79,12.0,73.25,0.637,5.37,2.01,3.36,62.57,0.0,2050,0,0,0,0.0
Bharat Natural Gas Corporation (BNGC) - Fictional Dummy Company,BNGC700848,2024,Aug-2024,Q3,Transmission,Jagdishpur-Haldia Pipeline,Pipeline,UP-Bihar-West Bengal,N/A,8.11,12.0,67.58,0.982,7.63,2.77,4.86,63.7,0.0,2050,0,0,0,0.0
Bharat Natural Gas Corporation (BNGC) - Fictional Dummy Company,BNGC700849,2024,Sep-2024,Q3,Transmission,Jagdishpur-Haldia Pipeline,Pipeline,UP-Bihar-West Bengal,N/A,9.18,12.0,76.5,0.869,7.65,2.48,5.17,67.58,0.0,2050,0,0,0,0.0
Bharat Natural Gas Corporation (BNGC) - Fictional Dummy Company,BNGC700850,2024,Oct-2024,Q4,Transmission,Jagdishpur-Haldia Pipeline,Pipeline,UP-Bihar-West Bengal,N/A,8.62,12.0,71.83,0.609,5.03,1.52,3.51,69.78,0.0,2050,0,0,0,0.0
Bharat Natural Gas Corporation (BNGC) - Fictional Dummy Company,BNGC700851,2024,Nov-2024,Q4,Transmission,Jagdishpur-Haldia Pipeline,Pipeline,UP-Bihar-West Bengal,N/A,8.76,12.0,73.0,1.006,8.45,2.48,5.97,70.65,0.0,2050,0,0,0,0.0
Bharat Natural Gas Corporation (BNGC) - Fictional Dummy Company,BNGC700852,2024,Dec-2024,Q4,Transmission,Jagdishpur-Haldia Pipeline,Pipeline,UP-Bihar-West Bengal,N/A,8.44,12.0,70.33,1.092,8.84,3.04,5.8,65.61,0.0,2050,0,0,0,0.0
Bharat Natural Gas Corporation (BNGC) - Fictional Dummy Company,BNGC700853,2025,Jan-2025,Q1,Transmission,Jagdishpur-Haldia Pipeline,Pipeline,UP-Bihar-West Bengal,N/A,9.92,12.0,82.67,1.024,9.74,3.87,5.87,60.27,0.0,2050,0,0,0,0.0
Bharat Natural Gas Corporation (BNGC) - Fictional Dummy Company,BNGC700854,2025,Feb-2025,Q1,Transmission,Jagdishpur-Haldia Pipeline,Pipeline,UP-Bihar-West Bengal,N/A,10.1,12.0,84.17,0.779,7.54,2.29,5.25,69.63,0.0,2050,0,0,0,0.0
Bharat Natural Gas Corporation (BNGC) - Fictional Dummy Company,BNGC700855,2025,Mar-2025,Q1,Transmission,Jagdishpur-Haldia Pipeline,Pipeline,UP-Bihar-West Bengal,N/A,9.48,12.0,79.0,0.684,6.22,2.1,4.12,66.24,0.0,2050,0,0,0,0.0
Bharat Natural Gas Corporation (BNGC) - Fictional Dummy Company,BNGC700856,2025,Apr-2025,Q2,Transmission,Jagdishpur-Haldia Pipeline,Pipeline,UP-Bihar-West Bengal,N/A,9.73,12.0,81.08,1.1,10.26,2.67,7.59,73.98,0.0,2050,0,0,0,0.0
Bharat Natural Gas Corporation (BNGC) - Fictional Dummy Company,BNGC700857,2025,May-2025,Q2,Transmission,Jagdishpur-Haldia Pipeline,Pipeline,UP-Bihar-West Bengal,N/A,9.46,12.0,78.83,1.093,9.91,3.43,6.48,65.39,0.0,2050,0,0,0,0.0
Bharat Natural Gas Corporation (BNGC) - Fictional Dummy Company,BNGC700858,2025,Jun-2025,Q2,Transmission,Jagdishpur-Haldia Pipeline,Pipeline,UP-Bihar-West Bengal,N/A,9.52,12.0,79.33,1.132,10.33,3.8,6.53,63.21,0.0,2050,0,0,0,0.0
Bharat Natural Gas Corporation (BNGC) - Fictional Dummy Company,BNGC700859,2025,Jul-2025,Q3,Transmission,Jagdishpur-Haldia Pipeline,Pipeline,UP-Bihar-West Bengal,N/A,9.03,12.0,75.25,0.7,6.06,1.92,4.14,68.32,0.0,2050,0,0,0,0.0
Bharat Natural Gas Corporation (BNGC) - Fictional Dummy Company,BNGC700860,2025,Aug-2025,Q3,Transmission,Jagdishpur-Haldia Pipeline,Pipeline,UP-Bihar-West Bengal,N/A,8.77,12.0,73.08,0.871,7.32,2.73,4.59,62.7,0.0,2050,0,0,0,0.0
Bharat Natural Gas Corporation (BNGC) - Fictional Dummy Company,BNGC700861,2025,Sep-2025,Q3,Transmission,Jagdishpur-Haldia Pipeline,Pipeline,UP-Bihar-West Bengal,N/A,8.49,12.0,70.75,1.284,10.45,3.13,7.32,70.05,0.0,2050,0,0,0,0.0
Bharat Natural Gas Corporation (BNGC) - Fictional Dummy Company,BNGC700862,2025,Oct-2025,Q4,Transmission,Jagdishpur-Haldia Pipeline,Pipeline,UP-Bihar-West Bengal,N/A,8.82,12.0,73.5,1.185,10.02,3.99,6.03,60.18,0.0,2050,0,0,0,0.0
Bharat Natural Gas Corporation (BNGC) - Fictional Dummy Company,BNGC700863,2025,Nov-2025,Q4,Transmission,Jagdishpur-Haldia Pipeline,Pipeline,UP-Bihar-West Bengal,N/A,8.84,12.0,73.67,0.705,5.97,2.38,3.59,60.13,0.0,2050,0,0,0,0.0
Bharat Natural Gas Corporation (BNGC) - Fictional Dummy Company,BNGC700864,2025,Dec-2025,Q4,Transmission,Jagdishpur-Haldia Pipeline,Pipeline,UP-Bihar-West Bengal,N/A,9.17,12.0,76.42,1.194,10.5,2.8,7.7,73.33,0.0,2050,0,0,0,0.0
Bharat Natural Gas Corporation (BNGC) - Fictional Dummy Company,BNGC700865,2020,Jan-2020,Q1,Transmission,KKBM Pipeline (Kochi-Bangalore-Mangalore),Pipeline,Kerala-Karnataka,N/A,9.9,16.0,61.88,0.944,8.96,3.02,5.94,66.29,0.0,880,0,0,0,0.0
Bharat Natural Gas Corporation (BNGC) - Fictional Dummy Company,BNGC700866,2020,Feb-2020,Q1,Transmission,KKBM Pipeline (Kochi-Bangalore-Mangalore),Pipeline,Kerala-Karnataka,N/A,11.15,16.0,69.69,0.924,9.88,3.15,6.73,68.12,0.0,880,0,0,0,0.0
Bharat Natural Gas Corporation (BNGC) - Fictional Dummy Company,BNGC700867,2020,Mar-2020,Q1,Transmission,KKBM Pipeline (Kochi-Bangalore-Mangalore),Pipeline,Kerala-Karnataka,N/A,10.4,16.0,65.0,0.847,8.44,2.82,5.62,66.59,0.0,880,0,0,0,0.0
Bharat Natural Gas Corporation (BNGC) - Fictional Dummy Company,BNGC700868,2020,Apr-2020,Q2,Transmission,KKBM Pipeline (Kochi-Bangalore-Mangalore),Pipeline,Kerala-Karnataka,N/A,10.16,16.0,63.5,0.603,5.87,1.85,4.02,68.48,0.0,880,0,0,0,0.0
Bharat Natural Gas Corporation (BNGC) - Fictional Dummy Company,BNGC700869,2020,May-2020,Q2,Transmission,KKBM Pipeline (Kochi-Bangalore-Mangalore),Pipeline,Kerala-Karnataka,N/A,10.07,16.0,62.94,1.042,10.06,3.57,6.49,64.51,0.0,880,0,0,0,0.0
Bharat Natural Gas Corporation (BNGC) - Fictional Dummy Company,BNGC700870,2020,Jun-2020,Q2,Transmission,KKBM Pipeline (Kochi-Bangalore-Mangalore),Pipeline,Kerala-Karnataka,N/A,10.17,16.0,63.56,1.175,11.46,3.64,7.82,68.24,0.0,880,0,0,0,0.0
Bharat Natural Gas Corporation (BNGC) - Fictional Dummy Company,BNGC700871,2020,Jul-2020,Q3,Transmission,KKBM Pipeline (Kochi-Bangalore-Mangalore),Pipeline,Kerala-Karnataka,N/A,9.66,16.0,60.38,1.031,9.55,2.76,6.79,71.1,0.0,880,0,0,0,0.0
Bharat Natural Gas Corporation (BNGC) - Fictional Dummy Company,BNGC700872,2020,Aug-2020,Q3,Transmission,KKBM Pipeline (Kochi-Bangalore-Mangalore),Pipeline,Kerala-Karnataka,N/A,9.61,16.0,60.06,0.633,5.83,1.77,4.06,69.64,0.0,880,0,0,0,0.0
Bharat Natural Gas Corporation (BNGC) - Fictional Dummy Company,BNGC700873,2020,Sep-2020,Q3,Transmission,KKBM Pipeline (Kochi-Bangalore-Mangalore),Pipeline,Kerala-Karnataka,N/A,9.81,16.0,61.31,0.84,7.9,2.17,5.73,72.53,0.0,880,0,0,0,0.0
Bharat Natural Gas Corporation (BNGC) - Fictional Dummy Company,BNGC700874,2020,Oct-2020,Q4,Transmission,KKBM Pipeline (Kochi-Bangalore-Mangalore),Pipeline,Kerala-Karnataka,N/A,9.73,16.0,60.81,0.655,6.11,2.11,4.0,65.47,0.0,880,0,0,0,0.0
Bharat Natural Gas Corporation (BNGC) - Fictional Dummy Company,BNGC700875,2020,Nov-2020,Q4,Transmission,KKBM Pipeline (Kochi-Bangalore-Mangalore),Pipeline,Kerala-Karnataka,N/A,9.6,16.0,60.0,0.624,5.74,1.9,3.84,66.9,0.0,880,0,0,0,0.0
Bharat Natural Gas Corporation (BNGC) - Fictional Dummy Company,BNGC700876,2020,Dec-2020,Q4,Transmission,KKBM Pipeline (Kochi-Bangalore-Mangalore),Pipeline,Kerala-Karnataka,N/A,9.95,16.0,62.19,0.907,8.65,3.34,5.31,61.39,0.0,880,0,0,0,0.0
Bharat Natural Gas Corporation (BNGC) - Fictional Dummy Company,BNGC700877,2021,Jan-2021,Q1,Transmission,KKBM Pipeline (Kochi-Bangalore-Mangalore),Pipeline,Kerala-Karnataka,N/A,10.47,16.0,65.44,1.159,11.63,3.14,8.49,73.0,0.0,880,0,0,0,0.0
Bharat Natural Gas Corporation (BNGC) - Fictional Dummy Company,BNGC700878,2021,Feb-2021,Q1,Transmission,KKBM Pipeline (Kochi-Bangalore-Mangalore),Pipeline,Kerala-Karnataka,N/A,10.67,16.0,66.69,0.921,9.42,2.63,6.79,72.08,0.0,880,0,0,0,0.0
Bharat Natural Gas Corporation (BNGC) - Fictional Dummy Company,BNGC700879,2021,Mar-2021,Q1,Transmission,KKBM Pipeline (Kochi-Bangalore-Mangalore),Pipeline,Kerala-Karnataka,N/A,10.74,16.0,67.12,1.164,11.98,3.33,8.65,72.2,0.0,880,0,0,0,0.0
Bharat Natural Gas Corporation (BNGC) - Fictional Dummy Company,BNGC700880,2021,Apr-2021,Q2,Transmission,KKBM Pipeline (Kochi-Bangalore-Mangalore),Pipeline,Kerala-Karnataka,N/A,11.52,16.0,72.0,0.729,8.05,2.86,5.19,64.47,0.0,880,0,0,0,0.0
Bharat Natural Gas Corporation (BNGC) - Fictional Dummy Company,BNGC700881,2021,May-2021,Q2,Transmission,KKBM Pipeline (Kochi-Bangalore-Mangalore),Pipeline,Kerala-Karnataka,N/A,10.93,16.0,68.31,1.18,12.36,3.18,9.18,74.27,0.0,880,0,0,0,0.0
Bharat Natural Gas Corporation (BNGC) - Fictional Dummy Company,BNGC700882,2021,Jun-2021,Q2,Transmission,KKBM Pipeline (Kochi-Bangalore-Mangalore),Pipeline,Kerala-Karnataka,N/A,10.79,16.0,67.44,1.004,10.39,3.65,6.74,64.87,0.0,880,0,0,0,0.0
Bharat Natural Gas Corporation (BNGC) - Fictional Dummy Company,BNGC700883,2021,Jul-2021,Q3,Transmission,KKBM Pipeline (Kochi-Bangalore-Mangalore),Pipeline,Kerala-Karnataka,N/A,11.06,16.0,69.12,1.144,12.13,3.51,8.62,71.06,0.0,880,0,0,0,0.0
Bharat Natural Gas Corporation (BNGC) - Fictional Dummy Company,BNGC700884,2021,Aug-2021,Q3,Transmission,KKBM Pipeline (Kochi-Bangalore-Mangalore),Pipeline,Kerala-Karnataka,N/A,9.89,16.0,61.81,0.691,6.55,1.73,4.82,73.59,0.0,880,0,0,0,0.0
Bharat Natural Gas Corporation (BNGC) - Fictional Dummy Company,BNGC700885,2021,Sep-2021,Q3,Transmission,KKBM Pipeline (Kochi-Bangalore-Mangalore),Pipeline,Kerala-Karnataka,N/A,10.39,16.0,64.94,0.791,7.88,2.69,5.19,65.86,0.0,880,0,0,0,0.0
Bharat Natural Gas Corporation (BNGC) - Fictional Dummy Company,BNGC700886,2021,Oct-2021,Q4,Transmission,KKBM Pipeline (Kochi-Bangalore-Mangalore),Pipeline,Kerala-Karnataka,N/A,9.55,16.0,59.69,0.618,5.66,1.95,3.71,65.55,0.0,880,0,0,0,0.0
Bharat Natural Gas Corporation (BNGC) - Fictional Dummy Company,BNGC700887,2021,Nov-2021,Q4,Transmission,KKBM Pipeline (Kochi-Bangalore-Mangalore),Pipeline,Kerala-Karnataka,N/A,10.49,16.0,65.56,0.641,6.45,1.98,4.47,69.3,0.0,880,0,0,0,0.0
Bharat Natural Gas Corporation (BNGC) - Fictional Dummy Company,BNGC700888,2021,Dec-2021,Q4,Transmission,KKBM Pipeline (Kochi-Bangalore-Mangalore),Pipeline,Kerala-Karnataka,N/A,10.98,16.0,68.62,1.181,12.43,4.0,8.43,67.82,0.0,880,0,0,0,0.0
Bharat Natural Gas Corporation (BNGC) - Fictional Dummy Company,BNGC700889,2022,Jan-2022,Q1,Transmission,KKBM Pipeline (Kochi-Bangalore-Mangalore),Pipeline,Kerala-Karnataka,N/A,10.86,16.0,67.88,0.644,6.7,2.07,4.63,69.1,0.0,880,0,0,0,0.0
Bharat Natural Gas Corporation (BNGC) - Fictional Dummy Company,BNGC700890,2022,Feb-2022,Q1,Transmission,KKBM Pipeline (Kochi-Bangalore-Mangalore),Pipeline,Kerala-Karnataka,N/A,11.44,16.0,71.5,1.252,13.73,3.54,10.19,74.22,0.0,880,0,0,0,0.0
Bharat Natural Gas Corporation (BNGC) - Fictional Dummy Company,BNGC700891,2022,Mar-2022,Q1,Transmission,KKBM Pipeline (Kochi-Bangalore-Mangalore),Pipeline,Kerala-Karnataka,N/A,12.3,16.0,76.88,0.812,9.57,3.59,5.98,62.49,0.0,880,0,0,0,0.0
Bharat Natural Gas Corporation (BNGC) - Fictional Dummy Company,BNGC700892,2022,Apr-2022,Q2,Transmission,KKBM Pipeline (Kochi-Bangalore-Mangalore),Pipeline,Kerala-Karnataka,N/A,11.6,16.0,72.5,0.815,9.06,2.77,6.29,69.43,0.0,880,0,0,0,0.0
Bharat Natural Gas Corporation (BNGC) - Fictional Dummy Company,BNGC700893,2022,May-2022,Q2,Transmission,KKBM Pipeline (Kochi-Bangalore-Mangalore),Pipeline,Kerala-Karnataka,N/A,10.86,16.0,67.88,0.796,8.29,2.3,5.99,72.26,0.0,880,0,0,0,0.0
Bharat Natural Gas Corporation (BNGC) - Fictional Dummy Company,BNGC700894,2022,Jun-2022,Q2,Transmission,KKBM Pipeline (Kochi-Bangalore-Mangalore),Pipeline,Kerala-Karnataka,N/A,10.67,16.0,66.69,1.122,11.48,4.37,7.11,61.93,0.0,880,0,0,0,0.0
Bharat Natural Gas Corporation (BNGC) - Fictional Dummy Company,BNGC700895,2022,Jul-2022,Q3,Transmission,KKBM Pipeline (Kochi-Bangalore-Mangalore),Pipeline,Kerala-Karnataka,N/A,11.52,16.0,72.0,0.979,10.81,3.95,6.86,63.46,0.0,880,0,0,0,0.0
Bharat Natural Gas Corporation (BNGC) - Fictional Dummy Company,BNGC700896,2022,Aug-2022,Q3,Transmission,KKBM Pipeline (Kochi-Bangalore-Mangalore),Pipeline,Kerala-Karnataka,N/A,10.2,16.0,63.75,1.036,10.13,3.14,6.99,69.0,0.0,880,0,0,0,0.0
Bharat Natural Gas Corporation (BNGC) - Fictional Dummy Company,BNGC700897,2022,Sep-2022,Q3,Transmission,KKBM Pipeline (Kochi-Bangalore-Mangalore),Pipeline,Kerala-Karnataka,N/A,11.38,16.0,71.12,0.606,6.61,2.25,4.36,65.96,0.0,880,0,0,0,0.0
Bharat Natural Gas Corporation (BNGC) - Fictional Dummy Company,BNGC700898,2022,Oct-2022,Q4,Transmission,KKBM Pipeline (Kochi-Bangalore-Mangalore),Pipeline,Kerala-Karnataka,N/A,10.97,16.0,68.56,0.605,6.36,2.52,3.84,60.38,0.0,880,0,0,0,0.0
Bharat Natural Gas Corporation (BNGC) - Fictional Dummy Company,BNGC700899,2022,Nov-2022,Q4,Transmission,KKBM Pipeline (Kochi-Bangalore-Mangalore),Pipeline,Kerala-Karnataka,N/A,11.38,16.0,71.12,0.843,9.2,2.45,6.75,73.37,0.0,880,0,0,0,0.0
Bharat Natural Gas Corporation (BNGC) - Fictional Dummy Company,BNGC700900,2022,Dec-2022,Q4,Transmission,KKBM Pipeline (Kochi-Bangalore-Mangalore),Pipeline,Kerala-Karnataka,N/A,11.09,16.0,69.31,0.965,10.26,3.67,6.59,64.23,0.0,880,0,0,0,0.0
Bharat Natural Gas Corporation (BNGC) - Fictional Dummy Company,BNGC700901,2023,Jan-2023,Q1,Transmission,KKBM Pipeline (Kochi-Bangalore-Mangalore),Pipeline,Kerala-Karnataka,N/A,10.93,16.0,68.31,0.855,8.96,3.31,5.65,63.06,0.0,880,0,0,0,0.0
Bharat Natural Gas Corporation (BNGC) - Fictional Dummy Company,BNGC700902,2023,Feb-2023,Q1,Transmission,KKBM Pipeline (Kochi-Bangalore-Mangalore),Pipeline,Kerala-Karnataka,N/A,11.45,16.0,71.56,1.035,11.36,4.29,7.07,62.24,0.0,880,0,0,0,0.0
Bharat Natural Gas Corporation (BNGC) - Fictional Dummy Company,BNGC700903,2023,Mar-2023,Q1,Transmission,KKBM Pipeline (Kochi-Bangalore-Mangalore),Pipeline,Kerala-Karnataka,N/A,12.28,16.0,76.75,1.259,14.82,3.77,11.05,74.56,0.0,880,0,0,0,0.0
Bharat Natural Gas Corporation (BNGC) - Fictional Dummy Company,BNGC700904,2023,Apr-2023,Q2,Transmission,KKBM Pipeline (Kochi-Bangalore-Mangalore),Pipeline,Kerala-Karnataka,N/A,12.5,16.0,78.12,1.094,13.11,3.52,9.59,73.15,0.0,880,0,0,0,0.0
Bharat Natural Gas Corporation (BNGC) - Fictional Dummy Company,BNGC700905,2023,May-2023,Q2,Transmission,KKBM Pipeline (Kochi-Bangalore-Mangalore),Pipeline,Kerala-Karnataka,N/A,12.26,16.0,76.62,1.157,13.6,4.53,9.07,66.69,0.0,880,0,0,0,0.0
Bharat Natural Gas Corporation (BNGC) - Fictional Dummy Company,BNGC700906,2023,Jun-2023,Q2,Transmission,KKBM Pipeline (Kochi-Bangalore-Mangalore),Pipeline,Kerala-Karnataka,N/A,10.76,16.0,67.25,0.754,7.78,2.82,4.96,63.75,0.0,880,0,0,0,0.0
Bharat Natural Gas Corporation (BNGC) - Fictional Dummy Company,BNGC700907,2023,Jul-2023,Q3,Transmission,KKBM Pipeline (Kochi-Bangalore-Mangalore),Pipeline,Kerala-Karnataka,N/A,12.03,16.0,75.19,0.8,9.23,3.31,5.92,64.14,0.0,880,0,0,0,0.0
Bharat Natural Gas Corporation (BNGC) - Fictional Dummy Company,BNGC700908,2023,Aug-2023,Q3,Transmission,KKBM Pipeline (Kochi-Bangalore-Mangalore),Pipeline,Kerala-Karnataka,N/A,10.85,16.0,67.81,1.225,12.74,3.88,8.86,69.54,0.0,880,0,0,0,0.0
Bharat Natural Gas Corporation (BNGC) - Fictional Dummy Company,BNGC700909,2023,Sep-2023,Q3,Transmission,KKBM Pipeline (Kochi-Bangalore-Mangalore),Pipeline,Kerala-Karnataka,N/A,10.74,16.0,67.12,1.064,10.95,4.21,6.74,61.55,0.0,880,0,0,0,0.0
Bharat Natural Gas Corporation (BNGC) - Fictional Dummy Company,BNGC700910,2023,Oct-2023,Q4,Transmission,KKBM Pipeline (Kochi-Bangalore-Mangalore),Pipeline,Kerala-Karnataka,N/A,11.3,16.0,70.62,0.637,6.9,2.03,4.87,70.58,0.0,880,0,0,0,0.0
Bharat Natural Gas Corporation (BNGC) - Fictional Dummy Company,BNGC700911,2023,Nov-2023,Q4,Transmission,KKBM Pipeline (Kochi-Bangalore-Mangalore),Pipeline,Kerala-Karnataka,N/A,11.2,16.0,70.0,0.741,7.96,2.4,5.56,69.85,0.0,880,0,0,0,0.0
Bharat Natural Gas Corporation (BNGC) - Fictional Dummy Company,BNGC700912,2023,Dec-2023,Q4,Transmission,KKBM Pipeline (Kochi-Bangalore-Mangalore),Pipeline,Kerala-Karnataka,N/A,11.41,16.0,71.31,0.904,9.89,3.65,6.24,63.09,0.0,880,0,0,0,0.0
Bharat Natural Gas Corporation (BNGC) - Fictional Dummy Company,BNGC700913,2024,Jan-2024,Q1,Transmission,KKBM Pipeline (Kochi-Bangalore-Mangalore),Pipeline,Kerala-Karnataka,N/A,12.04,16.0,75.25,1.159,13.38,3.74,9.64,72.05,0.0,880,0,0,0,0.0
Bharat Natural Gas Corporation (BNGC) - Fictional Dummy Company,BNGC700914,2024,Feb-2024,Q1,Transmission,KKBM Pipeline (Kochi-Bangalore-Mangalore),Pipeline,Kerala-Karnataka,N/A,12.15,16.0,75.94,0.856,9.97,2.88,7.09,71.11,0.0,880,0,0,0,0.0
Bharat Natural Gas Corporation (BNGC) - Fictional Dummy Company,BNGC700915,2024,Mar-2024,Q1,Transmission,KKBM Pipeline (Kochi-Bangalore-Mangalore),Pipeline,Kerala-Karnataka,N/A,11.42,16.0,71.38,0.99,10.84,4.16,6.68,61.62,0.0,880,0,0,0,0.0
Bharat Natural Gas Corporation (BNGC) - Fictional Dummy Company,BNGC700916,2024,Apr-2024,Q2,Transmission,KKBM Pipeline (Kochi-Bangalore-Mangalore),Pipeline,Kerala-Karnataka,N/A,12.69,16.0,79.31,0.978,11.9,3.33,8.57,72.02,0.0,880,0,0,0,0.0
Bharat Natural Gas Corporation (BNGC) - Fictional Dummy Company,BNGC700917,2024,May-2024,Q2,Transmission,KKBM Pipeline (Kochi-Bangalore-Mangalore),Pipeline,Kerala-Karnataka,N/A,11.61,16.0,72.56,1.28,14.25,3.95,10.3,72.28,0.0,880,0,0,0,0.0
Bharat Natural Gas Corporation (BNGC) - Fictional Dummy Company,BNGC700918,2024,Jun-2024,Q2,Transmission,KKBM Pipeline (Kochi-Bangalore-Mangalore),Pipeline,Kerala-Karnataka,N/A,12.19,16.0,76.19,0.676,7.9,2.39,5.51,69.75,0.0,880,0,0,0,0.0
Bharat Natural Gas Corporation (BNGC) - Fictional Dummy Company,BNGC700919,2024,Jul-2024,Q3,Transmission,KKBM Pipeline (Kochi-Bangalore-Mangalore),Pipeline,Kerala-Karnataka,N/A,11.57,16.0,72.31,1.107,12.28,4.6,7.68,62.54,0.0,880,0,0,0,0.0
Bharat Natural Gas Corporation (BNGC) - Fictional Dummy Company,BNGC700920,2024,Aug-2024,Q3,Transmission,KKBM Pipeline (Kochi-Bangalore-Mangalore),Pipeline,Kerala-Karnataka,N/A,10.93,16.0,68.31,0.719,7.53,2.65,4.88,64.81,0.0,880,0,0,0,0.0
Bharat Natural Gas Corporation (BNGC) - Fictional Dummy Company,BNGC700921,2024,Sep-2024,Q3,Transmission,KKBM Pipeline (Kochi-Bangalore-Mangalore),Pipeline,Kerala-Karnataka,N/A,10.53,16.0,65.81,0.829,8.37,2.21,6.16,73.6,0.0,880,0,0,0,0.0
Bharat Natural Gas Corporation (BNGC) - Fictional Dummy Company,BNGC700922,2024,Oct-2024,Q4,Transmission,KKBM Pipeline (Kochi-Bangalore-Mangalore),Pipeline,Kerala-Karnataka,N/A,11.05,16.0,69.06,1.193,12.64,4.55,8.09,64.0,0.0,880,0,0,0,0.0
Bharat Natural Gas Corporation (BNGC) - Fictional Dummy Company,BNGC700923,2024,Nov-2024,Q4,Transmission,KKBM Pipeline (Kochi-Bangalore-Mangalore),Pipeline,Kerala-Karnataka,N/A,12.06,16.0,75.38,0.79,9.13,3.12,6.01,65.83,0.0,880,0,0,0,0.0
Bharat Natural Gas Corporation (BNGC) - Fictional Dummy Company,BNGC700924,2024,Dec-2024,Q4,Transmission,KKBM Pipeline (Kochi-Bangalore-Mangalore),Pipeline,Kerala-Karnataka,N/A,12.62,16.0,78.88,0.812,9.82,3.31,6.51,66.29,0.0,880,0,0,0,0.0
Bharat Natural Gas Corporation (BNGC) - Fictional Dummy Company,BNGC700925,2025,Jan-2025,Q1,Transmission,KKBM Pipeline (Kochi-Bangalore-Mangalore),Pipeline,Kerala-Karnataka,N/A,12.43,16.0,77.69,1.207,14.38,3.73,10.65,74.06,0.0,880,0,0,0,0.0
Bharat Natural Gas Corporation (BNGC) - Fictional Dummy Company,BNGC700926,2025,Feb-2025,Q1,Transmission,KKBM Pipeline (Kochi-Bangalore-Mangalore),Pipeline,Kerala-Karnataka,N/A,12.31,16.0,76.94,1.006,11.87,3.59,8.28,69.76,0.0,880,0,0,0,0.0
Bharat Natural Gas Corporation (BNGC) - Fictional Dummy Company,BNGC700927,2025,Mar-2025,Q1,Transmission,KKBM Pipeline (Kochi-Bangalore-Mangalore),Pipeline,Kerala-Karnataka,N/A,13.47,16.0,84.19,1.129,14.58,5.71,8.87,60.84,0.0,880,0,0,0,0.0
Bharat Natural Gas Corporation (BNGC) - Fictional Dummy Company,BNGC700928,2025,Apr-2025,Q2,Transmission,KKBM Pipeline (Kochi-Bangalore-Mangalore),Pipeline,Kerala-Karnataka,N/A,12.39,16.0,77.44,0.847,10.06,2.64,7.42,73.76,0.0,880,0,0,0,0.0
Bharat Natural Gas Corporation (BNGC) - Fictional Dummy Company,BNGC700929,2025,May-2025,Q2,Transmission,KKBM Pipeline (Kochi-Bangalore-Mangalore),Pipeline,Kerala-Karnataka,N/A,11.72,16.0,73.25,1.292,14.52,4.38,10.14,69.83,0.0,880,0,0,0,0.0
Bharat Natural Gas Corporation (BNGC) - Fictional Dummy Company,BNGC700930,2025,Jun-2025,Q2,Transmission,KKBM Pipeline (Kochi-Bangalore-Mangalore),Pipeline,Kerala-Karnataka,N/A,13.24,16.0,82.75,1.084,13.76,3.7,10.06,73.11,0.0,880,0,0,0,0.0
Bharat Natural Gas Corporation (BNGC) - Fictional Dummy Company,BNGC700931,2025,Jul-2025,Q3,Transmission,KKBM Pipeline (Kochi-Bangalore-Mangalore),Pipeline,Kerala-Karnataka,N/A,12.43,16.0,77.69,0.651,7.76,1.98,5.78,74.48,0.0,880,0,0,0,0.0
Bharat Natural Gas Corporation (BNGC) - Fictional Dummy Company,BNGC700932,2025,Aug-2025,Q3,Transmission,KKBM Pipeline (Kochi-Bangalore-Mangalore),Pipeline,Kerala-Karnataka,N/A,11.19,16.0,69.94,1.087,11.66,3.59,8.07,69.21,0.0,880,0,0,0,0.0
Bharat Natural Gas Corporation (BNGC) - Fictional Dummy Company,BNGC700933,2025,Sep-2025,Q3,Transmission,KKBM Pipeline (Kochi-Bangalore-Mangalore),Pipeline,Kerala-Karnataka,N/A,11.08,16.0,69.25,0.939,9.97,3.89,6.08,60.98,0.0,880,0,0,0,0.0
Bharat Natural Gas Corporation (BNGC) - Fictional Dummy Company,BNGC700934,2025,Oct-2025,Q4,Transmission,KKBM Pipeline (Kochi-Bangalore-Mangalore),Pipeline,Kerala-Karnataka,N/A,11.06,16.0,69.12,0.717,7.6,2.07,5.53,72.76,0.0,880,0,0,0,0.0
Bharat Natural Gas Corporation (BNGC) - Fictional Dummy Company,BNGC700935,2025,Nov-2025,Q4,Transmission,KKBM Pipeline (Kochi-Bangalore-Mangalore),Pipeline,Kerala-Karnataka,N/A,11.65,16.0,72.81,0.686,7.66,2.86,4.8,62.66,0.0,880,0,0,0,0.0
Bharat Natural Gas Corporation (BNGC) - Fictional Dummy Company,BNGC700936,2025,Dec-2025,Q4,Transmission,KKBM Pipeline (Kochi-Bangalore-Mangalore),Pipeline,Kerala-Karnataka,N/A,12.31,16.0,76.94,0.984,11.61,3.69,7.92,68.22,0.0,880,0,0,0,0.0
Bharat Natural Gas Corporation (BNGC) - Fictional Dummy Company,BNGC700937,2020,Jan-2020,Q1,Transmission,East-West Pipeline,Pipeline,Gujarat-Andhra Pradesh,N/A,13.86,22.0,63.0,0.971,12.9,3.61,9.29,72.02,0.0,1400,0,0,0,0.0
Bharat Natural Gas Corporation (BNGC) - Fictional Dummy Company,BNGC700938,2020,Feb-2020,Q1,Transmission,East-West Pipeline,Pipeline,Gujarat-Andhra Pradesh,N/A,15.36,22.0,69.82,1.163,17.13,6.31,10.82,63.16,0.0,1400,0,0,0,0.0
Bharat Natural Gas Corporation (BNGC) - Fictional Dummy Company,BNGC700939,2020,Mar-2020,Q1,Transmission,East-West Pipeline,Pipeline,Gujarat-Andhra Pradesh,N/A,14.05,22.0,63.86,0.903,12.16,4.58,7.58,62.34,0.0,1400,0,0,0,0.0
Bharat Natural Gas Corporation (BNGC) - Fictional Dummy Company,BNGC700940,2020,Apr-2020,Q2,Transmission,East-West Pipeline,Pipeline,Gujarat-Andhra Pradesh,N/A,14.42,22.0,65.55,0.684,9.46,3.41,6.05,63.95,0.0,1400,0,0,0,0.0
Bharat Natural Gas Corporation (BNGC) - Fictional Dummy Company,BNGC700941,2020,May-2020,Q2,Transmission,East-West Pipeline,Pipeline,Gujarat-Andhra Pradesh,N/A,13.35,22.0,60.68,1.066,13.64,3.96,9.68,70.97,0.0,1400,0,0,0,0.0
Bharat Natural Gas Corporation (BNGC) - Fictional Dummy Company,BNGC700942,2020,Jun-2020,Q2,Transmission,East-West Pipeline,Pipeline,Gujarat-Andhra Pradesh,N/A,13.71,22.0,62.32,1.074,14.12,4.81,9.31,65.93,0.0,1400,0,0,0,0.0
Bharat Natural Gas Corporation (BNGC) - Fictional Dummy Company,BNGC700943,2020,Jul-2020,Q3,Transmission,East-West Pipeline,Pipeline,Gujarat-Andhra Pradesh,N/A,14.5,22.0,65.91,1.119,15.55,5.69,9.86,63.41,0.0,1400,0,0,0,0.0
Bharat Natural Gas Corporation (BNGC) - Fictional Dummy Company,BNGC700944,2020,Aug-2020,Q3,Transmission,East-West Pipeline,Pipeline,Gujarat-Andhra Pradesh,N/A,12.74,22.0,57.91,0.927,11.32,4.03,7.29,64.4,0.0,1400,0,0,0,0.0
Bharat Natural Gas Corporation (BNGC) - Fictional Dummy Company,BNGC700945,2020,Sep-2020,Q3,Transmission,East-West Pipeline,Pipeline,Gujarat-Andhra Pradesh,N/A,13.04,22.0,59.27,0.932,11.65,3.13,8.52,73.13,0.0,1400,0,0,0,0.0
Bharat Natural Gas Corporation (BNGC) - Fictional Dummy Company,BNGC700946,2020,Oct-2020,Q4,Transmission,East-West Pipeline,Pipeline,Gujarat-Andhra Pradesh,N/A,12.84,22.0,58.36,0.892,10.98,4.26,6.72,61.2,0.0,1400,0,0,0,0.0
Bharat Natural Gas Corporation (BNGC) - Fictional Dummy Company,BNGC700947,2020,Nov-2020,Q4,Transmission,East-West Pipeline,Pipeline,Gujarat-Andhra Pradesh,N/A,13.91,22.0,63.23,0.77,10.27,3.72,6.55,63.78,0.0,1400,0,0,0,0.0
Bharat Natural Gas Corporation (BNGC) - Fictional Dummy Company,BNGC700948,2020,Dec-2020,Q4,Transmission,East-West Pipeline,Pipeline,Gujarat-Andhra Pradesh,N/A,13.67,22.0,62.14,0.855,11.2,3.7,7.5,66.96,0.0,1400,0,0,0,0.0
Bharat Natural Gas Corporation (BNGC) - Fictional Dummy Company,BNGC700949,2021,Jan-2021,Q1,Transmission,East-West Pipeline,Pipeline,Gujarat-Andhra Pradesh,N/A,15.81,22.0,71.86,0.846,12.82,3.38,9.44,73.63,0.0,1400,0,0,0,0.0
Bharat Natural Gas Corporation (BNGC) - Fictional Dummy Company,BNGC700950,2021,Feb-2021,Q1,Transmission,East-West Pipeline,Pipeline,Gujarat-Andhra Pradesh,N/A,15.61,22.0,70.95,1.074,16.07,6.06,10.01,62.29,0.0,1400,0,0,0,0.0
Bharat Natural Gas Corporation (BNGC) - Fictional Dummy Company,BNGC700951,2021,Mar-2021,Q1,Transmission,East-West Pipeline,Pipeline,Gujarat-Andhra Pradesh,N/A,15.92,22.0,72.36,1.25,19.08,6.35,12.73,66.72,0.0,1400,0,0,0,0.0
Bharat Natural Gas Corporation (BNGC) - Fictional Dummy Company,BNGC700952,2021,Apr-2021,Q2,Transmission,East-West Pipeline,Pipeline,Gujarat-Andhra Pradesh,N/A,14.85,22.0,67.5,0.837,11.92,3.14,8.78,73.66,0.0,1400,0,0,0,0.0
Bharat Natural Gas Corporation (BNGC) - Fictional Dummy Company,BNGC700953,2021,May-2021,Q2,Transmission,East-West Pipeline,Pipeline,Gujarat-Andhra Pradesh,N/A,14.22,22.0,64.64,1.1,15.0,4.55,10.45,69.67,0.0,1400,0,0,0,0.0
Bharat Natural Gas Corporation (BNGC) - Fictional Dummy Company,BNGC700954,2021,Jun-2021,Q2,Transmission,East-West Pipeline,Pipeline,Gujarat-Andhra Pradesh,N/A,13.94,22.0,63.36,0.968,12.94,3.41,9.53,73.65,0.0,1400,0,0,0,0.0
Bharat Natural Gas Corporation (BNGC) - Fictional Dummy Company,BNGC700955,2021,Jul-2021,Q3,Transmission,East-West Pipeline,Pipeline,Gujarat-Andhra Pradesh,N/A,13.91,22.0,63.23,1.111,14.81,5.55,9.26,62.53,0.0,1400,0,0,0,0.0
Bharat Natural Gas Corporation (BNGC) - Fictional Dummy Company,BNGC700956,2021,Aug-2021,Q3,Transmission,East-West Pipeline,Pipeline,Gujarat-Andhra Pradesh,N/A,14.01,22.0,63.68,1.19,15.98,6.23,9.75,61.01,0.0,1400,0,0,0,0.0
Bharat Natural Gas Corporation (BNGC) - Fictional Dummy Company,BNGC700957,2021,Sep-2021,Q3,Transmission,East-West Pipeline,Pipeline,Gujarat-Andhra Pradesh,N/A,13.03,22.0,59.23,0.74,9.24,2.6,6.64,71.86,0.0,1400,0,0,0,0.0
Bharat Natural Gas Corporation (BNGC) - Fictional Dummy Company,BNGC700958,2021,Oct-2021,Q4,Transmission,East-West Pipeline,Pipeline,Gujarat-Andhra Pradesh,N/A,15.0,22.0,68.18,1.213,17.44,6.88,10.56,60.55,0.0,1400,0,0,0,0.0
Bharat Natural Gas Corporation (BNGC) - Fictional Dummy Company,BNGC700959,2021,Nov-2021,Q4,Transmission,East-West Pipeline,Pipeline,Gujarat-Andhra Pradesh,N/A,13.66,22.0,62.09,1.164,15.24,4.65,10.59,69.49,0.0,1400,0,0,0,0.0
Bharat Natural Gas Corporation (BNGC) - Fictional Dummy Company,BNGC700960,2021,Dec-2021,Q4,Transmission,East-West Pipeline,Pipeline,Gujarat-Andhra Pradesh,N/A,15.95,22.0,72.5,0.796,12.17,3.43,8.74,71.82,0.0,1400,0,0,0,0.0
Bharat Natural Gas Corporation (BNGC) - Fictional Dummy Company,BNGC700961,2022,Jan-2022,Q1,Transmission,East-West Pipeline,Pipeline,Gujarat-Andhra Pradesh,N/A,16.41,22.0,74.59,0.817,12.85,3.52,9.33,72.61,0.0,1400,0,0,0,0.0
Bharat Natural Gas Corporation (BNGC) - Fictional Dummy Company,BNGC700962,2022,Feb-2022,Q1,Transmission,East-West Pipeline,Pipeline,Gujarat-Andhra Pradesh,N/A,15.79,22.0,71.77,1.163,17.6,6.28,11.32,64.32,0.0,1400,0,0,0,0.0
Bharat Natural Gas Corporation (BNGC) - Fictional Dummy Company,BNGC700963,2022,Mar-2022,Q1,Transmission,East-West Pipeline,Pipeline,Gujarat-Andhra Pradesh,N/A,14.73,22.0,66.95,1.293,18.26,7.25,11.01,60.3,0.0,1400,0,0,0,0.0
Bharat Natural Gas Corporation (BNGC) - Fictional Dummy Company,BNGC700964,2022,Apr-2022,Q2,Transmission,East-West Pipeline,Pipeline,Gujarat-Andhra Pradesh,N/A,15.2,22.0,69.09,1.296,18.88,6.11,12.77,67.64,0.0,1400,0,0,0,0.0
Bharat Natural Gas Corporation (BNGC) - Fictional Dummy Company,BNGC700965,2022,May-2022,Q2,Transmission,East-West Pipeline,Pipeline,Gujarat-Andhra Pradesh,N/A,15.95,22.0,72.5,0.912,13.94,5.05,8.89,63.77,0.0,1400,0,0,0,0.0
Bharat Natural Gas Corporation (BNGC) - Fictional Dummy Company,BNGC700966,2022,Jun-2022,Q2,Transmission,East-West Pipeline,Pipeline,Gujarat-Andhra Pradesh,N/A,15.01,22.0,68.23,0.765,11.01,4.01,7.0,63.58,0.0,1400,0,0,0,0.0
Bharat Natural Gas Corporation (BNGC) - Fictional Dummy Company,BNGC700967,2022,Jul-2022,Q3,Transmission,East-West Pipeline,Pipeline,Gujarat-Andhra Pradesh,N/A,14.11,22.0,64.14,0.646,8.74,3.13,5.61,64.19,0.0,1400,0,0,0,0.0
Bharat Natural Gas Corporation (BNGC) - Fictional Dummy Company,BNGC700968,2022,Aug-2022,Q3,Transmission,East-West Pipeline,Pipeline,Gujarat-Andhra Pradesh,N/A,13.94,22.0,63.36,0.883,11.8,2.98,8.82,74.75,0.0,1400,0,0,0,0.0
Bharat Natural Gas Corporation (BNGC) - Fictional Dummy Company,BNGC700969,2022,Sep-2022,Q3,Transmission,East-West Pipeline,Pipeline,Gujarat-Andhra Pradesh,N/A,14.92,22.0,67.82,0.746,10.67,4.24,6.43,60.26,0.0,1400,0,0,0,0.0
Bharat Natural Gas Corporation (BNGC) - Fictional Dummy Company,BNGC700970,2022,Oct-2022,Q4,Transmission,East-West Pipeline,Pipeline,Gujarat-Andhra Pradesh,N/A,14.44,22.0,65.64,0.787,10.89,3.39,7.5,68.87,0.0,1400,0,0,0,0.0
Bharat Natural Gas Corporation (BNGC) - Fictional Dummy Company,BNGC700971,2022,Nov-2022,Q4,Transmission,East-West Pipeline,Pipeline,Gujarat-Andhra Pradesh,N/A,14.48,22.0,65.82,1.189,16.5,4.37,12.13,73.52,0.0,1400,0,0,0,0.0
Bharat Natural Gas Corporation (BNGC) - Fictional Dummy Company,BNGC700972,2022,Dec-2022,Q4,Transmission,East-West Pipeline,Pipeline,Gujarat-Andhra Pradesh,N/A,14.36,22.0,65.27,1.18,16.24,5.72,10.52,64.78,0.0,1400,0,0,0,0.0
Bharat Natural Gas Corporation (BNGC) - Fictional Dummy Company,BNGC700973,2023,Jan-2023,Q1,Transmission,East-West Pipeline,Pipeline,Gujarat-Andhra Pradesh,N/A,16.58,22.0,75.36,1.213,19.28,5.55,13.73,71.21,0.0,1400,0,0,0,0.0
Bharat Natural Gas Corporation (BNGC) - Fictional Dummy Company,BNGC700974,2023,Feb-2023,Q1,Transmission,East-West Pipeline,Pipeline,Gujarat-Andhra Pradesh,N/A,16.66,22.0,75.73,1.269,20.27,5.28,14.99,73.95,0.0,1400,0,0,0,0.0
Bharat Natural Gas Corporation (BNGC) - Fictional Dummy Company,BNGC700975,2023,Mar-2023,Q1,Transmission,East-West Pipeline,Pipeline,Gujarat-Andhra Pradesh,N/A,16.51,22.0,75.05,1.132,17.92,6.16,11.76,65.62,0.0,1400,0,0,0,0.0
Bharat Natural Gas Corporation (BNGC) - Fictional Dummy Company,BNGC700976,2023,Apr-2023,Q2,Transmission,East-West Pipeline,Pipeline,Gujarat-Andhra Pradesh,N/A,16.34,22.0,74.27,0.649,10.17,3.4,6.77,66.57,0.0,1400,0,0,0,0.0
Bharat Natural Gas Corporation (BNGC) - Fictional Dummy Company,BNGC700977,2023,May-2023,Q2,Transmission,East-West Pipeline,Pipeline,Gujarat-Andhra Pradesh,N/A,16.4,22.0,74.55,0.732,11.51,3.39,8.12,70.55,0.0,1400,0,0,0,0.0
Bharat Natural Gas Corporation (BNGC) - Fictional Dummy Company,BNGC700978,2023,Jun-2023,Q2,Transmission,East-West Pipeline,Pipeline,Gujarat-Andhra Pradesh,N/A,15.22,22.0,69.18,1.064,15.52,3.91,11.61,74.81,0.0,1400,0,0,0,0.0
Bharat Natural Gas Corporation (BNGC) - Fictional Dummy Company,BNGC700979,2023,Jul-2023,Q3,Transmission,East-West Pipeline,Pipeline,Gujarat-Andhra Pradesh,N/A,16.06,22.0,73.0,0.806,12.41,4.24,8.17,65.83,0.0,1400,0,0,0,0.0
Bharat Natural Gas Corporation (BNGC) - Fictional Dummy Company,BNGC700980,2023,Aug-2023,Q3,Transmission,East-West Pipeline,Pipeline,Gujarat-Andhra Pradesh,N/A,14.2,22.0,64.55,1.176,16.01,4.29,11.72,73.2,0.0,1400,0,0,0,0.0
Bharat Natural Gas Corporation (BNGC) - Fictional Dummy Company,BNGC700981,2023,Sep-2023,Q3,Transmission,East-West Pipeline,Pipeline,Gujarat-Andhra Pradesh,N/A,16.11,22.0,73.23,0.686,10.59,2.81,7.78,73.47,0.0,1400,0,0,0,0.0
Bharat Natural Gas Corporation (BNGC) - Fictional Dummy Company,BNGC700982,2023,Oct-2023,Q4,Transmission,East-West Pipeline,Pipeline,Gujarat-Andhra Pradesh,N/A,14.63,22.0,66.5,0.744,10.43,2.83,7.6,72.87,0.0,1400,0,0,0,0.0
Bharat Natural Gas Corporation (BNGC) - Fictional Dummy Company,BNGC700983,2023,Nov-2023,Q4,Transmission,East-West Pipeline,Pipeline,Gujarat-Andhra Pradesh,N/A,16.14,22.0,73.36,0.669,10.35,3.66,6.69,64.64,0.0,1400,0,0,0,0.0
Bharat Natural Gas Corporation (BNGC) - Fictional Dummy Company,BNGC700984,2023,Dec-2023,Q4,Transmission,East-West Pipeline,Pipeline,Gujarat-Andhra Pradesh,N/A,17.07,22.0,77.59,1.07,17.51,5.38,12.13,69.27,0.0,1400,0,0,0,0.0
Bharat Natural Gas Corporation (BNGC) - Fictional Dummy Company,BNGC700985,2024,Jan-2024,Q1,Transmission,East-West Pipeline,Pipeline,Gujarat-Andhra Pradesh,N/A,16.37,22.0,74.41,1.253,19.66,7.66,12.0,61.04,0.0,1400,0,0,0,0.0
Bharat Natural Gas Corporation (BNGC) - Fictional Dummy Company,BNGC700986,2024,Feb-2024,Q1,Transmission,East-West Pipeline,Pipeline,Gujarat-Andhra Pradesh,N/A,16.33,22.0,74.23,0.814,12.74,4.51,8.23,64.6,0.0,1400,0,0,0,0.0
Bharat Natural Gas Corporation (BNGC) - Fictional Dummy Company,BNGC700987,2024,Mar-2024,Q1,Transmission,East-West Pipeline,Pipeline,Gujarat-Andhra Pradesh,N/A,17.91,22.0,81.41,1.074,18.44,5.87,12.57,68.17,0.0,1400,0,0,0,0.0
Bharat Natural Gas Corporation (BNGC) - Fictional Dummy Company,BNGC700988,2024,Apr-2024,Q2,Transmission,East-West Pipeline,Pipeline,Gujarat-Andhra Pradesh,N/A,16.4,22.0,74.55,1.222,19.21,5.03,14.18,73.82,0.0,1400,0,0,0,0.0
Bharat Natural Gas Corporation (BNGC) - Fictional Dummy Company,BNGC700989,2024,May-2024,Q2,Transmission,East-West Pipeline,Pipeline,Gujarat-Andhra Pradesh,N/A,16.6,22.0,75.45,0.935,14.88,4.38,10.5,70.56,0.0,1400,0,0,0,0.0
Bharat Natural Gas Corporation (BNGC) - Fictional Dummy Company,BNGC700990,2024,Jun-2024,Q2,Transmission,East-West Pipeline,Pipeline,Gujarat-Andhra Pradesh,N/A,16.44,22.0,74.73,1.282,20.2,7.2,13.0,64.36,0.0,1400,0,0,0,0.0
Bharat Natural Gas Corporation (BNGC) - Fictional Dummy Company,BNGC700991,2024,Jul-2024,Q3,Transmission,East-West Pipeline,Pipeline,Gujarat-Andhra Pradesh,N/A,15.18,22.0,69.0,0.6,8.73,3.03,5.7,65.29,0.0,1400,0,0,0,0.0
Bharat Natural Gas Corporation (BNGC) - Fictional Dummy Company,BNGC700992,2024,Aug-2024,Q3,Transmission,East-West Pipeline,Pipeline,Gujarat-Andhra Pradesh,N/A,15.57,22.0,70.77,0.681,10.16,3.5,6.66,65.55,0.0,1400,0,0,0,0.0
Bharat Natural Gas Corporation (BNGC) - Fictional Dummy Company,BNGC700993,2024,Sep-2024,Q3,Transmission,East-West Pipeline,Pipeline,Gujarat-Andhra Pradesh,N/A,14.64,22.0,66.55,1.246,17.49,4.66,12.83,73.36,0.0,1400,0,0,0,0.0
Bharat Natural Gas Corporation (BNGC) - Fictional Dummy Company,BNGC700994,2024,Oct-2024,Q4,Transmission,East-West Pipeline,Pipeline,Gujarat-Andhra Pradesh,N/A,16.18,22.0,73.55,0.873,13.54,5.06,8.48,62.63,0.0,1400,0,0,0,0.0
Bharat Natural Gas Corporation (BNGC) - Fictional Dummy Company,BNGC700995,2024,Nov-2024,Q4,Transmission,East-West Pipeline,Pipeline,Gujarat-Andhra Pradesh,N/A,17.02,22.0,77.36,1.001,16.33,4.52,11.81,72.32,0.0,1400,0,0,0,0.0
Bharat Natural Gas Corporation (BNGC) - Fictional Dummy Company,BNGC700996,2024,Dec-2024,Q4,Transmission,East-West Pipeline,Pipeline,Gujarat-Andhra Pradesh,N/A,17.21,22.0,78.23,0.616,10.16,2.75,7.41,72.93,0.0,1400,0,0,0,0.0
Bharat Natural Gas Corporation (BNGC) - Fictional Dummy Company,BNGC700997,2025,Jan-2025,Q1,Transmission,East-West Pipeline,Pipeline,Gujarat-Andhra Pradesh,N/A,17.72,22.0,80.55,1.021,17.34,4.86,12.48,71.97,0.0,1400,0,0,0,0.0
Bharat Natural Gas Corporation (BNGC) - Fictional Dummy Company,BNGC700998,2025,Feb-2025,Q1,Transmission,East-West Pipeline,Pipeline,Gujarat-Andhra Pradesh,N/A,16.95,22.0,77.05,1.203,19.55,7.24,12.31,62.97,0.0,1400,0,0,0,0.0
Bharat Natural Gas Corporation (BNGC) - Fictional Dummy Company,BNGC700999,2025,Mar-2025,Q1,Transmission,East-West Pipeline,Pipeline,Gujarat-Andhra Pradesh,N/A,17.36,22.0,78.91,0.88,14.65,5.08,9.57,65.32,0.0,1400,0,0,0,0.0
Bharat Natural Gas Corporation (BNGC) - Fictional Dummy Company,BNGC701000,2025,Apr-2025,Q2,Transmission,East-West Pipeline,Pipeline,Gujarat-Andhra Pradesh,N/A,18.19,22.0,82.68,1.194,20.82,7.97,12.85,61.72,0.0,1400,0,0,0,0.0
Bharat Natural Gas Corporation (BNGC) - Fictional Dummy Company,BNGC701001,2025,May-2025,Q2,Transmission,East-West Pipeline,Pipeline,Gujarat-Andhra Pradesh,N/A,17.1,22.0,77.73,1.272,20.85,7.55,13.3,63.79,0.0,1400,0,0,0,0.0
Bharat Natural Gas Corporation (BNGC) - Fictional Dummy Company,BNGC701002,2025,Jun-2025,Q2,Transmission,East-West Pipeline,Pipeline,Gujarat-Andhra Pradesh,N/A,16.58,22.0,75.36,0.963,15.31,4.03,11.28,73.68,0.0,1400,0,0,0,0.0
Bharat Natural Gas Corporation (BNGC) - Fictional Dummy Company,BNGC701003,2025,Jul-2025,Q3,Transmission,East-West Pipeline,Pipeline,Gujarat-Andhra Pradesh,N/A,16.63,22.0,75.59,1.012,16.13,5.29,10.84,67.2,0.0,1400,0,0,0,0.0
Bharat Natural Gas Corporation (BNGC) - Fictional Dummy Company,BNGC701004,2025,Aug-2025,Q3,Transmission,East-West Pipeline,Pipeline,Gujarat-Andhra Pradesh,N/A,15.3,22.0,69.55,1.244,18.25,4.83,13.42,73.53,0.0,1400,0,0,0,0.0
Bharat Natural Gas Corporation (BNGC) - Fictional Dummy Company,BNGC701005,2025,Sep-2025,Q3,Transmission,East-West Pipeline,Pipeline,Gujarat-Andhra Pradesh,N/A,16.58,22.0,75.36,1.116,17.74,6.55,11.19,63.08,0.0,1400,0,0,0,0.0
Bharat Natural Gas Corporation (BNGC) - Fictional Dummy Company,BNGC701006,2025,Oct-2025,Q4,Transmission,East-West Pipeline,Pipeline,Gujarat-Andhra Pradesh,N/A,16.54,22.0,75.18,0.872,13.83,3.96,9.87,71.37,0.0,1400,0,0,0,0.0
Bharat Natural Gas Corporation (BNGC) - Fictional Dummy Company,BNGC701007,2025,Nov-2025,Q4,Transmission,East-West Pipeline,Pipeline,Gujarat-Andhra Pradesh,N/A,15.5,22.0,70.45,0.925,13.74,4.3,9.44,68.7,0.0,1400,0,0,0,0.0
Bharat Natural Gas Corporation (BNGC) - Fictional Dummy Company,BNGC701008,2025,Dec-2025,Q4,Transmission,East-West Pipeline,Pipeline,Gujarat-Andhra Pradesh,N/A,18.01,22.0,81.86,0.609,10.51,3.77,6.74,64.13,0.0,1400,0,0,0,0.0
Bharat Natural Gas Corporation (BNGC) - Fictional Dummy Company,BNGC701009,2020,Jan-2020,Q1,Marketing & Distribution,Power Sector Channel,Customer Channel,Pan-India,Power Sector,22.69,28.6,79.34,6.96,151.39,31.59,119.8,79.13,0.0,0,44,0,0,0.0
Bharat Natural Gas Corporation (BNGC) - Fictional Dummy Company,BNGC701010,2020,Feb-2020,Q1,Marketing & Distribution,Power Sector Channel,Customer Channel,Pan-India,Power Sector,24.08,28.6,84.2,6.56,151.43,41.58,109.85,72.54,0.0,0,46,0,0,0.0
Bharat Natural Gas Corporation (BNGC) - Fictional Dummy Company,BNGC701011,2020,Mar-2020,Q1,Marketing & Distribution,Power Sector Channel,Customer Channel,Pan-India,Power Sector,23.7,28.6,82.87,6.93,157.45,28.53,128.92,81.88,0.0,0,46,0,0,0.0
Bharat Natural Gas Corporation (BNGC) - Fictional Dummy Company,BNGC701012,2020,Apr-2020,Q2,Marketing & Distribution,Power Sector Channel,Customer Channel,Pan-India,Power Sector,22.09,28.6,77.24,6.82,144.42,24.15,120.27,83.28,0.0,0,46,0,0,0.0
Bharat Natural Gas Corporation (BNGC) - Fictional Dummy Company,BNGC701013,2020,May-2020,Q2,Marketing & Distribution,Power Sector Channel,Customer Channel,Pan-India,Power Sector,22.9,28.6,80.07,7.22,158.5,32.0,126.5,79.81,0.0,0,46,0,0,0.0
Bharat Natural Gas Corporation (BNGC) - Fictional Dummy Company,BNGC701014,2020,Jun-2020,Q2,Marketing & Distribution,Power Sector Channel,Customer Channel,Pan-India,Power Sector,20.45,28.6,71.5,6.73,131.94,24.74,107.2,81.25,0.0,0,46,0,0,0.0
Bharat Natural Gas Corporation (BNGC) - Fictional Dummy Company,BNGC701015,2020,Jul-2020,Q3,Marketing & Distribution,Power Sector Channel,Customer Channel,Pan-India,Power Sector,22.59,28.6,78.99,6.83,147.91,40.3,107.61,72.75,0.0,0,46,0,0,0.0
Bharat Natural Gas Corporation (BNGC) - Fictional Dummy Company,BNGC701016,2020,Aug-2020,Q3,Marketing & Distribution,Power Sector Channel,Customer Channel,Pan-India,Power Sector,21.22,28.6,74.2,6.69,136.09,22.04,114.05,83.8,0.0,0,46,0,0,0.0
Bharat Natural Gas Corporation (BNGC) - Fictional Dummy Company,BNGC701017,2020,Sep-2020,Q3,Marketing & Distribution,Power Sector Channel,Customer Channel,Pan-India,Power Sector,21.48,28.6,75.1,7.13,146.82,24.87,121.95,83.06,0.0,0,46,0,0,0.0
Bharat Natural Gas Corporation (BNGC) - Fictional Dummy Company,BNGC701018,2020,Oct-2020,Q4,Marketing & Distribution,Power Sector Channel,Customer Channel,Pan-India,Power Sector,23.1,28.6,80.77,7.15,158.34,26.22,132.12,83.44,0.0,0,45,0,0,0.0
Bharat Natural Gas Corporation (BNGC) - Fictional Dummy Company,BNGC701019,2020,Nov-2020,Q4,Marketing & Distribution,Power Sector Channel,Customer Channel,Pan-India,Power Sector,24.15,28.6,84.44,6.75,156.27,27.73,128.54,82.26,0.0,0,47,0,0,0.0
Bharat Natural Gas Corporation (BNGC) - Fictional Dummy Company,BNGC701020,2020,Dec-2020,Q4,Marketing & Distribution,Power Sector Channel,Customer Channel,Pan-India,Power Sector,25.26,28.6,88.32,6.9,167.09,42.51,124.58,74.56,0.0,0,46,0,0,0.0
Bharat Natural Gas Corporation (BNGC) - Fictional Dummy Company,BNGC701021,2021,Jan-2021,Q1,Marketing & Distribution,Power Sector Channel,Customer Channel,Pan-India,Power Sector,24.45,28.6,85.49,7.28,170.64,26.25,144.39,84.62,0.0,0,49,0,0,0.0
Bharat Natural Gas Corporation (BNGC) - Fictional Dummy Company,BNGC701022,2021,Feb-2021,Q1,Marketing & Distribution,Power Sector Channel,Customer Channel,Pan-India,Power Sector,24.0,28.6,83.92,7.44,171.18,33.01,138.17,80.72,0.0,0,48,0,0,0.0
Bharat Natural Gas Corporation (BNGC) - Fictional Dummy Company,BNGC701023,2021,Mar-2021,Q1,Marketing & Distribution,Power Sector Channel,Customer Channel,Pan-India,Power Sector,22.75,28.6,79.55,7.18,156.59,32.77,123.82,79.07,0.0,0,47,0,0,0.0
Bharat Natural Gas Corporation (BNGC) - Fictional Dummy Company,BNGC701024,2021,Apr-2021,Q2,Marketing & Distribution,Power Sector Channel,Customer Channel,Pan-India,Power Sector,25.17,28.6,88.01,6.88,166.01,48.3,117.71,70.91,0.0,0,48,0,0,0.0
Bharat Natural Gas Corporation (BNGC) - Fictional Dummy Company,BNGC701025,2021,May-2021,Q2,Marketing & Distribution,Power Sector Channel,Customer Channel,Pan-India,Power Sector,23.38,28.6,81.75,7.32,164.06,25.37,138.69,84.54,0.0,0,49,0,0,0.0
Bharat Natural Gas Corporation (BNGC) - Fictional Dummy Company,BNGC701026,2021,Jun-2021,Q2,Marketing & Distribution,Power Sector Channel,Customer Channel,Pan-India,Power Sector,22.98,28.6,80.35,7.25,159.72,33.39,126.33,79.09,0.0,0,49,0,0,0.0
Bharat Natural Gas Corporation (BNGC) - Fictional Dummy Company,BNGC701027,2021,Jul-2021,Q3,Marketing & Distribution,Power Sector Channel,Customer Channel,Pan-India,Power Sector,24.35,28.6,85.14,6.96,162.47,31.33,131.14,80.72,0.0,0,48,0,0,0.0
Bharat Natural Gas Corporation (BNGC) - Fictional Dummy Company,BNGC701028,2021,Aug-2021,Q3,Marketing & Distribution,Power Sector Channel,Customer Channel,Pan-India,Power Sector,24.43,28.6,85.42,6.74,157.85,36.6,121.25,76.81,0.0,0,50,0,0,0.0
Bharat Natural Gas Corporation (BNGC) - Fictional Dummy Company,BNGC701029,2021,Sep-2021,Q3,Marketing & Distribution,Power Sector Channel,Customer Channel,Pan-India,Power Sector,22.61,28.6,79.06,6.68,144.79,31.58,113.21,78.19,0.0,0,48,0,0,0.0
Bharat Natural Gas Corporation (BNGC) - Fictional Dummy Company,BNGC701030,2021,Oct-2021,Q4,Marketing & Distribution,Power Sector Channel,Customer Channel,Pan-India,Power Sector,25.24,28.6,88.25,7.26,175.67,42.99,132.68,75.53,0.0,0,49,0,0,0.0
Bharat Natural Gas Corporation (BNGC) - Fictional Dummy Company,BNGC701031,2021,Nov-2021,Q4,Marketing & Distribution,Power Sector Channel,Customer Channel,Pan-India,Power Sector,24.75,28.6,86.54,7.44,176.53,47.99,128.54,72.81,0.0,0,51,0,0,0.0
Bharat Natural Gas Corporation (BNGC) - Fictional Dummy Company,BNGC701032,2021,Dec-2021,Q4,Marketing & Distribution,Power Sector Channel,Customer Channel,Pan-India,Power Sector,24.02,28.6,83.99,7.06,162.57,38.27,124.3,76.46,0.0,0,49,0,0,0.0
Bharat Natural Gas Corporation (BNGC) - Fictional Dummy Company,BNGC701033,2022,Jan-2022,Q1,Marketing & Distribution,Power Sector Channel,Customer Channel,Pan-India,Power Sector,27.17,28.6,95.0,6.88,179.2,41.69,137.51,76.74,0.0,0,49,0,0,0.0
Bharat Natural Gas Corporation (BNGC) - Fictional Dummy Company,BNGC701034,2022,Feb-2022,Q1,Marketing & Distribution,Power Sector Channel,Customer Channel,Pan-India,Power Sector,26.76,28.6,93.57,7.67,196.76,47.26,149.5,75.98,0.0,0,51,0,0,0.0
Bharat Natural Gas Corporation (BNGC) - Fictional Dummy Company,BNGC701035,2022,Mar-2022,Q1,Marketing & Distribution,Power Sector Channel,Customer Channel,Pan-India,Power Sector,25.28,28.6,88.39,7.76,188.06,43.68,144.38,76.77,0.0,0,50,0,0,0.0
Bharat Natural Gas Corporation (BNGC) - Fictional Dummy Company,BNGC701036,2022,Apr-2022,Q2,Marketing & Distribution,Power Sector Channel,Customer Channel,Pan-India,Power Sector,26.79,28.6,93.67,7.13,183.11,52.38,130.73,71.39,0.0,0,51,0,0,0.0
Bharat Natural Gas Corporation (BNGC) - Fictional Dummy Company,BNGC701037,2022,May-2022,Q2,Marketing & Distribution,Power Sector Channel,Customer Channel,Pan-India,Power Sector,23.32,28.6,81.54,6.86,153.36,24.02,129.34,84.34,0.0,0,53,0,0,0.0
Bharat Natural Gas Corporation (BNGC) - Fictional Dummy Company,BNGC701038,2022,Jun-2022,Q2,Marketing & Distribution,Power Sector Channel,Customer Channel,Pan-India,Power Sector,23.14,28.6,80.91,7.38,163.71,38.26,125.45,76.63,0.0,0,51,0,0,0.0
Bharat Natural Gas Corporation (BNGC) - Fictional Dummy Company,BNGC701039,2022,Jul-2022,Q3,Marketing & Distribution,Power Sector Channel,Customer Channel,Pan-India,Power Sector,25.29,28.6,88.43,6.88,166.8,37.38,129.42,77.59,0.0,0,52,0,0,0.0
Bharat Natural Gas Corporation (BNGC) - Fictional Dummy Company,BNGC701040,2022,Aug-2022,Q3,Marketing & Distribution,Power Sector Channel,Customer Channel,Pan-India,Power Sector,24.1,28.6,84.27,7.23,167.04,42.68,124.36,74.45,0.0,0,53,0,0,0.0
Bharat Natural Gas Corporation (BNGC) - Fictional Dummy Company,BNGC701041,2022,Sep-2022,Q3,Marketing & Distribution,Power Sector Channel,Customer Channel,Pan-India,Power Sector,24.19,28.6,84.58,7.73,179.26,48.73,130.53,72.82,0.0,0,52,0,0,0.0
Bharat Natural Gas Corporation (BNGC) - Fictional Dummy Company,BNGC701042,2022,Oct-2022,Q4,Marketing & Distribution,Power Sector Channel,Customer Channel,Pan-India,Power Sector,26.97,28.6,94.3,6.86,177.36,46.09,131.27,74.01,0.0,0,51,0,0,0.0
Bharat Natural Gas Corporation (BNGC) - Fictional Dummy Company,BNGC701043,2022,Nov-2022,Q4,Marketing & Distribution,Power Sector Channel,Customer Channel,Pan-India,Power Sector,28.2,28.6,98.6,7.28,196.81,45.67,151.14,76.79,0.0,0,53,0,0,0.0
Bharat Natural Gas Corporation (BNGC) - Fictional Dummy Company,BNGC701044,2022,Dec-2022,Q4,Marketing & Distribution,Power Sector Channel,Customer Channel,Pan-India,Power Sector,28.82,28.6,100.0,7.32,202.24,58.26,143.98,71.19,0.0,0,53,0,0,0.0
Bharat Natural Gas Corporation (BNGC) - Fictional Dummy Company,BNGC701045,2023,Jan-2023,Q1,Marketing & Distribution,Power Sector Channel,Customer Channel,Pan-India,Power Sector,26.81,28.6,93.74,7.12,182.99,39.85,143.14,78.22,0.0,0,54,0,0,0.0
Bharat Natural Gas Corporation (BNGC) - Fictional Dummy Company,BNGC701046,2023,Feb-2023,Q1,Marketing & Distribution,Power Sector Channel,Customer Channel,Pan-India,Power Sector,26.75,28.6,93.53,7.89,202.33,51.53,150.8,74.53,0.0,0,54,0,0,0.0
Bharat Natural Gas Corporation (BNGC) - Fictional Dummy Company,BNGC701047,2023,Mar-2023,Q1,Marketing & Distribution,Power Sector Channel,Customer Channel,Pan-India,Power Sector,28.74,28.6,100.0,7.64,210.49,45.43,165.06,78.42,0.0,0,53,0,0,0.0
Bharat Natural Gas Corporation (BNGC) - Fictional Dummy Company,BNGC701048,2023,Apr-2023,Q2,Marketing & Distribution,Power Sector Channel,Customer Channel,Pan-India,Power Sector,26.43,28.6,92.41,7.97,201.94,45.4,156.54,77.52,0.0,0,56,0,0,0.0
Bharat Natural Gas Corporation (BNGC) - Fictional Dummy Company,BNGC701049,2023,May-2023,Q2,Marketing & Distribution,Power Sector Channel,Customer Channel,Pan-India,Power Sector,26.59,28.6,92.97,7.11,181.24,45.52,135.72,74.88,0.0,0,55,0,0,0.0
Bharat Natural Gas Corporation (BNGC) - Fictional Dummy Company,BNGC701050,2023,Jun-2023,Q2,Marketing & Distribution,Power Sector Channel,Customer Channel,Pan-India,Power Sector,26.62,28.6,93.08,7.68,195.99,41.85,154.14,78.65,0.0,0,54,0,0,0.0
Bharat Natural Gas Corporation (BNGC) - Fictional Dummy Company,BNGC701051,2023,Jul-2023,Q3,Marketing & Distribution,Power Sector Channel,Customer Channel,Pan-India,Power Sector,27.76,28.6,97.06,7.95,211.57,41.71,169.86,80.29,0.0,0,56,0,0,0.0
Bharat Natural Gas Corporation (BNGC) - Fictional Dummy Company,BNGC701052,2023,Aug-2023,Q3,Marketing & Distribution,Power Sector Channel,Customer Channel,Pan-India,Power Sector,27.59,28.6,96.47,7.57,200.22,43.94,156.28,78.05,0.0,0,56,0,0,0.0
Bharat Natural Gas Corporation (BNGC) - Fictional Dummy Company,BNGC701053,2023,Sep-2023,Q3,Marketing & Distribution,Power Sector Channel,Customer Channel,Pan-India,Power Sector,26.94,28.6,94.2,7.77,200.67,53.22,147.45,73.48,0.0,0,56,0,0,0.0
Bharat Natural Gas Corporation (BNGC) - Fictional Dummy Company,BNGC701054,2023,Oct-2023,Q4,Marketing & Distribution,Power Sector Channel,Customer Channel,Pan-India,Power Sector,29.32,28.6,100.0,7.7,216.43,35.6,180.83,83.55,0.0,0,55,0,0,0.0
Bharat Natural Gas Corporation (BNGC) - Fictional Dummy Company,BNGC701055,2023,Nov-2023,Q4,Marketing & Distribution,Power Sector Channel,Customer Channel,Pan-India,Power Sector,27.65,28.6,96.68,7.99,211.79,36.61,175.18,82.71,0.0,0,57,0,0,0.0
Bharat Natural Gas Corporation (BNGC) - Fictional Dummy Company,BNGC701056,2023,Dec-2023,Q4,Marketing & Distribution,Power Sector Channel,Customer Channel,Pan-India,Power Sector,30.07,28.6,100.0,7.81,225.14,37.03,188.11,83.55,0.0,0,55,0,0,0.0
Bharat Natural Gas Corporation (BNGC) - Fictional Dummy Company,BNGC701057,2024,Jan-2024,Q1,Marketing & Distribution,Power Sector Channel,Customer Channel,Pan-India,Power Sector,30.82,28.6,100.0,7.69,227.21,49.38,177.83,78.27,0.0,0,57,0,0,0.0
Bharat Natural Gas Corporation (BNGC) - Fictional Dummy Company,BNGC701058,2024,Feb-2024,Q1,Marketing & Distribution,Power Sector Channel,Customer Channel,Pan-India,Power Sector,30.98,28.6,100.0,7.41,220.07,51.14,168.93,76.76,0.0,0,56,0,0,0.0
Bharat Natural Gas Corporation (BNGC) - Fictional Dummy Company,BNGC701059,2024,Mar-2024,Q1,Marketing & Distribution,Power Sector Channel,Customer Channel,Pan-India,Power Sector,29.13,28.6,100.0,7.74,216.14,55.78,160.36,74.19,0.0,0,59,0,0,0.0
Bharat Natural Gas Corporation (BNGC) - Fictional Dummy Company,BNGC701060,2024,Apr-2024,Q2,Marketing & Distribution,Power Sector Channel,Customer Channel,Pan-India,Power Sector,28.31,28.6,98.99,8.21,222.81,52.38,170.43,76.49,0.0,0,58,0,0,0.0
Bharat Natural Gas Corporation (BNGC) - Fictional Dummy Company,BNGC701061,2024,May-2024,Q2,Marketing & Distribution,Power Sector Channel,Customer Channel,Pan-India,Power Sector,29.75,28.6,100.0,7.97,227.3,64.02,163.28,71.83,0.0,0,57,0,0,0.0
Bharat Natural Gas Corporation (BNGC) - Fictional Dummy Company,BNGC701062,2024,Jun-2024,Q2,Marketing & Distribution,Power Sector Channel,Customer Channel,Pan-India,Power Sector,26.52,28.6,92.73,7.93,201.61,56.61,145.0,71.92,0.0,0,59,0,0,0.0
Bharat Natural Gas Corporation (BNGC) - Fictional Dummy Company,BNGC701063,2024,Jul-2024,Q3,Marketing & Distribution,Power Sector Channel,Customer Channel,Pan-India,Power Sector,28.38,28.6,99.23,7.63,207.59,41.98,165.61,79.78,0.0,0,59,0,0,0.0
Bharat Natural Gas Corporation (BNGC) - Fictional Dummy Company,BNGC701064,2024,Aug-2024,Q3,Marketing & Distribution,Power Sector Channel,Customer Channel,Pan-India,Power Sector,26.66,28.6,93.22,8.25,210.85,44.05,166.8,79.11,0.0,0,58,0,0,0.0
Bharat Natural Gas Corporation (BNGC) - Fictional Dummy Company,BNGC701065,2024,Sep-2024,Q3,Marketing & Distribution,Power Sector Channel,Customer Channel,Pan-India,Power Sector,26.55,28.6,92.83,8.12,206.67,32.71,173.96,84.17,0.0,0,59,0,0,0.0
Bharat Natural Gas Corporation (BNGC) - Fictional Dummy Company,BNGC701066,2024,Oct-2024,Q4,Marketing & Distribution,Power Sector Channel,Customer Channel,Pan-India,Power Sector,30.7,28.6,100.0,8.23,242.21,53.39,188.82,77.96,0.0,0,60,0,0,0.0
Bharat Natural Gas Corporation (BNGC) - Fictional Dummy Company,BNGC701067,2024,Nov-2024,Q4,Marketing & Distribution,Power Sector Channel,Customer Channel,Pan-India,Power Sector,28.14,28.6,98.39,7.98,215.27,38.85,176.42,81.95,0.0,0,60,0,0,0.0
Bharat Natural Gas Corporation (BNGC) - Fictional Dummy Company,BNGC701068,2024,Dec-2024,Q4,Marketing & Distribution,Power Sector Channel,Customer Channel,Pan-India,Power Sector,29.0,28.6,100.0,7.92,220.18,41.95,178.23,80.95,0.0,0,58,0,0,0.0
Bharat Natural Gas Corporation (BNGC) - Fictional Dummy Company,BNGC701069,2025,Jan-2025,Q1,Marketing & Distribution,Power Sector Channel,Customer Channel,Pan-India,Power Sector,30.36,28.6,100.0,7.85,228.47,47.11,181.36,79.38,0.0,0,61,0,0,0.0
Bharat Natural Gas Corporation (BNGC) - Fictional Dummy Company,BNGC701070,2025,Feb-2025,Q1,Marketing & Distribution,Power Sector Channel,Customer Channel,Pan-India,Power Sector,30.97,28.6,100.0,8.14,241.67,41.41,200.26,82.87,0.0,0,62,0,0,0.0
Bharat Natural Gas Corporation (BNGC) - Fictional Dummy Company,BNGC701071,2025,Mar-2025,Q1,Marketing & Distribution,Power Sector Channel,Customer Channel,Pan-India,Power Sector,29.31,28.6,100.0,7.52,211.3,47.49,163.81,77.52,0.0,0,62,0,0,0.0
Bharat Natural Gas Corporation (BNGC) - Fictional Dummy Company,BNGC701072,2025,Apr-2025,Q2,Marketing & Distribution,Power Sector Channel,Customer Channel,Pan-India,Power Sector,28.93,28.6,100.0,8.37,232.13,35.6,196.53,84.66,0.0,0,59,0,0,0.0
Bharat Natural Gas Corporation (BNGC) - Fictional Dummy Company,BNGC701073,2025,May-2025,Q2,Marketing & Distribution,Power Sector Channel,Customer Channel,Pan-India,Power Sector,30.12,28.6,100.0,8.09,233.6,56.24,177.36,75.92,0.0,0,62,0,0,0.0
Bharat Natural Gas Corporation (BNGC) - Fictional Dummy Company,BNGC701074,2025,Jun-2025,Q2,Marketing & Distribution,Power Sector Channel,Customer Channel,Pan-India,Power Sector,27.68,28.6,96.78,7.67,203.53,55.98,147.55,72.5,0.0,0,63,0,0,0.0
Bharat Natural Gas Corporation (BNGC) - Fictional Dummy Company,BNGC701075,2025,Jul-2025,Q3,Marketing & Distribution,Power Sector Channel,Customer Channel,Pan-India,Power Sector,30.7,28.6,100.0,7.74,227.79,63.3,164.49,72.21,0.0,0,61,0,0,0.0
Bharat Natural Gas Corporation (BNGC) - Fictional Dummy Company,BNGC701076,2025,Aug-2025,Q3,Marketing & Distribution,Power Sector Channel,Customer Channel,Pan-India,Power Sector,30.5,28.6,100.0,8.49,248.24,54.59,193.65,78.01,0.0,0,64,0,0,0.0
Bharat Natural Gas Corporation (BNGC) - Fictional Dummy Company,BNGC701077,2025,Sep-2025,Q3,Marketing & Distribution,Power Sector Channel,Customer Channel,Pan-India,Power Sector,28.46,28.6,99.51,8.15,222.36,47.72,174.64,78.54,0.0,0,64,0,0,0.0
Bharat Natural Gas Corporation (BNGC) - Fictional Dummy Company,BNGC701078,2025,Oct-2025,Q4,Marketing & Distribution,Power Sector Channel,Customer Channel,Pan-India,Power Sector,31.58,28.6,100.0,8.05,243.71,64.14,179.57,73.68,0.0,0,61,0,0,0.0
Bharat Natural Gas Corporation (BNGC) - Fictional Dummy Company,BNGC701079,2025,Nov-2025,Q4,Marketing & Distribution,Power Sector Channel,Customer Channel,Pan-India,Power Sector,32.8,28.6,100.0,7.84,246.52,45.5,201.02,81.54,0.0,0,63,0,0,0.0
Bharat Natural Gas Corporation (BNGC) - Fictional Dummy Company,BNGC701080,2025,Dec-2025,Q4,Marketing & Distribution,Power Sector Channel,Customer Channel,Pan-India,Power Sector,31.18,28.6,100.0,7.79,232.85,42.76,190.09,81.64,0.0,0,64,0,0,0.0
Bharat Natural Gas Corporation (BNGC) - Fictional Dummy Company,BNGC701081,2020,Jan-2020,Q1,Marketing & Distribution,Fertilizer Sector Channel,Customer Channel,Pan-India,Fertilizer Sector,21.98,26.0,84.54,6.29,132.54,36.44,96.1,72.51,0.0,0,30,0,0,0.0
Bharat Natural Gas Corporation (BNGC) - Fictional Dummy Company,BNGC701082,2020,Feb-2020,Q1,Marketing & Distribution,Fertilizer Sector Channel,Customer Channel,Pan-India,Fertilizer Sector,19.64,26.0,75.54,6.7,126.15,32.69,93.46,74.09,0.0,0,29,0,0,0.0
Bharat Natural Gas Corporation (BNGC) - Fictional Dummy Company,BNGC701083,2020,Mar-2020,Q1,Marketing & Distribution,Fertilizer Sector Channel,Customer Channel,Pan-India,Fertilizer Sector,19.61,26.0,75.42,6.25,117.49,27.64,89.85,76.47,0.0,0,30,0,0,0.0
Bharat Natural Gas Corporation (BNGC) - Fictional Dummy Company,BNGC701084,2020,Apr-2020,Q2,Marketing & Distribution,Fertilizer Sector Channel,Customer Channel,Pan-India,Fertilizer Sector,19.8,26.0,76.15,6.28,119.2,25.47,93.73,78.63,0.0,0,29,0,0,0.0
Bharat Natural Gas Corporation (BNGC) - Fictional Dummy Company,BNGC701085,2020,May-2020,Q2,Marketing & Distribution,Fertilizer Sector Channel,Customer Channel,Pan-India,Fertilizer Sector,18.81,26.0,72.35,6.64,119.73,31.15,88.58,73.98,0.0,0,31,0,0,0.0
Bharat Natural Gas Corporation (BNGC) - Fictional Dummy Company,BNGC701086,2020,Jun-2020,Q2,Marketing & Distribution,Fertilizer Sector Channel,Customer Channel,Pan-India,Fertilizer Sector,18.95,26.0,72.88,6.36,115.54,30.4,85.14,73.69,0.0,0,30,0,0,0.0
Bharat Natural Gas Corporation (BNGC) - Fictional Dummy Company,BNGC701087,2020,Jul-2020,Q3,Marketing & Distribution,Fertilizer Sector Channel,Customer Channel,Pan-India,Fertilizer Sector,18.31,26.0,70.42,6.91,121.29,23.79,97.5,80.39,0.0,0,30,0,0,0.0
Bharat Natural Gas Corporation (BNGC) - Fictional Dummy Company,BNGC701088,2020,Aug-2020,Q3,Marketing & Distribution,Fertilizer Sector Channel,Customer Channel,Pan-India,Fertilizer Sector,20.95,26.0,80.58,6.98,140.18,30.04,110.14,78.57,0.0,0,30,0,0,0.0
Bharat Natural Gas Corporation (BNGC) - Fictional Dummy Company,BNGC701089,2020,Sep-2020,Q3,Marketing & Distribution,Fertilizer Sector Channel,Customer Channel,Pan-India,Fertilizer Sector,19.93,26.0,76.65,6.89,131.64,28.75,102.89,78.16,0.0,0,30,0,0,0.0
Bharat Natural Gas Corporation (BNGC) - Fictional Dummy Company,BNGC701090,2020,Oct-2020,Q4,Marketing & Distribution,Fertilizer Sector Channel,Customer Channel,Pan-India,Fertilizer Sector,21.55,26.0,82.88,6.31,130.36,21.74,108.62,83.32,0.0,0,30,0,0,0.0
Bharat Natural Gas Corporation (BNGC) - Fictional Dummy Company,BNGC701091,2020,Nov-2020,Q4,Marketing & Distribution,Fertilizer Sector Channel,Customer Channel,Pan-India,Fertilizer Sector,20.81,26.0,80.04,6.76,134.86,39.11,95.75,71.0,0.0,0,30,0,0,0.0
Bharat Natural Gas Corporation (BNGC) - Fictional Dummy Company,BNGC701092,2020,Dec-2020,Q4,Marketing & Distribution,Fertilizer Sector Channel,Customer Channel,Pan-India,Fertilizer Sector,22.31,26.0,85.81,6.85,146.5,40.97,105.53,72.03,0.0,0,30,0,0,0.0
Bharat Natural Gas Corporation (BNGC) - Fictional Dummy Company,BNGC701093,2021,Jan-2021,Q1,Marketing & Distribution,Fertilizer Sector Channel,Customer Channel,Pan-India,Fertilizer Sector,21.3,26.0,81.92,6.47,132.11,22.06,110.05,83.3,0.0,0,31,0,0,0.0
Bharat Natural Gas Corporation (BNGC) - Fictional Dummy Company,BNGC701094,2021,Feb-2021,Q1,Marketing & Distribution,Fertilizer Sector Channel,Customer Channel,Pan-India,Fertilizer Sector,21.41,26.0,82.35,7.2,147.78,38.0,109.78,74.29,0.0,0,30,0,0,0.0
Bharat Natural Gas Corporation (BNGC) - Fictional Dummy Company,BNGC701095,2021,Mar-2021,Q1,Marketing & Distribution,Fertilizer Sector Channel,Customer Channel,Pan-India,Fertilizer Sector,21.14,26.0,81.31,7.07,143.28,32.14,111.14,77.57,0.0,0,32,0,0,0.0
Bharat Natural Gas Corporation (BNGC) - Fictional Dummy Company,BNGC701096,2021,Apr-2021,Q2,Marketing & Distribution,Fertilizer Sector Channel,Customer Channel,Pan-India,Fertilizer Sector,22.04,26.0,84.77,7.07,149.38,35.09,114.29,76.51,0.0,0,31,0,0,0.0
Bharat Natural Gas Corporation (BNGC) - Fictional Dummy Company,BNGC701097,2021,May-2021,Q2,Marketing & Distribution,Fertilizer Sector Channel,Customer Channel,Pan-India,Fertilizer Sector,20.42,26.0,78.54,6.42,125.68,36.32,89.36,71.1,0.0,0,30,0,0,0.0
Bharat Natural Gas Corporation (BNGC) - Fictional Dummy Company,BNGC701098,2021,Jun-2021,Q2,Marketing & Distribution,Fertilizer Sector Channel,Customer Channel,Pan-India,Fertilizer Sector,19.41,26.0,74.65,6.67,124.11,30.72,93.39,75.25,0.0,0,32,0,0,0.0
Bharat Natural Gas Corporation (BNGC) - Fictional Dummy Company,BNGC701099,2021,Jul-2021,Q3,Marketing & Distribution,Fertilizer Sector Channel,Customer Channel,Pan-India,Fertilizer Sector,18.94,26.0,72.85,7.12,129.28,22.73,106.55,82.42,0.0,0,32,0,0,0.0
Bharat Natural Gas Corporation (BNGC) - Fictional Dummy Company,BNGC701100,2021,Aug-2021,Q3,Marketing & Distribution,Fertilizer Sector Channel,Customer Channel,Pan-India,Fertilizer Sector,20.2,26.0,77.69,7.18,139.04,30.91,108.13,77.77,0.0,0,32,0,0,0.0
Bharat Natural Gas Corporation (BNGC) - Fictional Dummy Company,BNGC701101,2021,Sep-2021,Q3,Marketing & Distribution,Fertilizer Sector Channel,Customer Channel,Pan-India,Fertilizer Sector,20.53,26.0,78.96,6.87,135.21,25.95,109.26,80.81,0.0,0,31,0,0,0.0
Bharat Natural Gas Corporation (BNGC) - Fictional Dummy Company,BNGC701102,2021,Oct-2021,Q4,Marketing & Distribution,Fertilizer Sector Channel,Customer Channel,Pan-India,Fertilizer Sector,22.06,26.0,84.85,6.88,145.5,31.96,113.54,78.03,0.0,0,31,0,0,0.0
Bharat Natural Gas Corporation (BNGC) - Fictional Dummy Company,BNGC701103,2021,Nov-2021,Q4,Marketing & Distribution,Fertilizer Sector Channel,Customer Channel,Pan-India,Fertilizer Sector,21.69,26.0,83.42,6.37,132.45,27.73,104.72,79.06,0.0,0,32,0,0,0.0
Bharat Natural Gas Corporation (BNGC) - Fictional Dummy Company,BNGC701104,2021,Dec-2021,Q4,Marketing & Distribution,Fertilizer Sector Channel,Customer Channel,Pan-India,Fertilizer Sector,22.24,26.0,85.54,6.91,147.32,30.18,117.14,79.51,0.0,0,32,0,0,0.0
Bharat Natural Gas Corporation (BNGC) - Fictional Dummy Company,BNGC701105,2022,Jan-2022,Q1,Marketing & Distribution,Fertilizer Sector Channel,Customer Channel,Pan-India,Fertilizer Sector,22.06,26.0,84.85,7.31,154.59,44.53,110.06,71.19,0.0,0,32,0,0,0.0
Bharat Natural Gas Corporation (BNGC) - Fictional Dummy Company,BNGC701106,2022,Feb-2022,Q1,Marketing & Distribution,Fertilizer Sector Channel,Customer Channel,Pan-India,Fertilizer Sector,22.89,26.0,88.04,6.83,149.87,40.34,109.53,73.08,0.0,0,31,0,0,0.0
Bharat Natural Gas Corporation (BNGC) - Fictional Dummy Company,BNGC701107,2022,Mar-2022,Q1,Marketing & Distribution,Fertilizer Sector Channel,Customer Channel,Pan-India,Fertilizer Sector,23.01,26.0,88.5,7.13,157.28,46.68,110.6,70.32,0.0,0,32,0,0,0.0
Bharat Natural Gas Corporation (BNGC) - Fictional Dummy Company,BNGC701108,2022,Apr-2022,Q2,Marketing & Distribution,Fertilizer Sector Channel,Customer Channel,Pan-India,Fertilizer Sector,21.5,26.0,82.69,7.45,153.55,40.17,113.38,73.84,0.0,0,32,0,0,0.0
Bharat Natural Gas Corporation (BNGC) - Fictional Dummy Company,BNGC701109,2022,May-2022,Q2,Marketing & Distribution,Fertilizer Sector Channel,Customer Channel,Pan-India,Fertilizer Sector,20.87,26.0,80.27,7.01,140.25,25.19,115.06,82.04,0.0,0,33,0,0,0.0
Bharat Natural Gas Corporation (BNGC) - Fictional Dummy Company,BNGC701110,2022,Jun-2022,Q2,Marketing & Distribution,Fertilizer Sector Channel,Customer Channel,Pan-India,Fertilizer Sector,20.71,26.0,79.65,6.6,131.03,21.15,109.88,83.86,0.0,0,32,0,0,0.0
Bharat Natural Gas Corporation (BNGC) - Fictional Dummy Company,BNGC701111,2022,Jul-2022,Q3,Marketing & Distribution,Fertilizer Sector Channel,Customer Channel,Pan-India,Fertilizer Sector,21.33,26.0,82.04,7.11,145.39,21.88,123.51,84.95,0.0,0,32,0,0,0.0
Bharat Natural Gas Corporation (BNGC) - Fictional Dummy Company,BNGC701112,2022,Aug-2022,Q3,Marketing & Distribution,Fertilizer Sector Channel,Customer Channel,Pan-India,Fertilizer Sector,20.25,26.0,77.88,6.59,127.93,37.6,90.33,70.61,0.0,0,32,0,0,0.0
Bharat Natural Gas Corporation (BNGC) - Fictional Dummy Company,BNGC701113,2022,Sep-2022,Q3,Marketing & Distribution,Fertilizer Sector Channel,Customer Channel,Pan-India,Fertilizer Sector,20.83,26.0,80.12,6.75,134.79,31.03,103.76,76.98,0.0,0,33,0,0,0.0
Bharat Natural Gas Corporation (BNGC) - Fictional Dummy Company,BNGC701114,2022,Oct-2022,Q4,Marketing & Distribution,Fertilizer Sector Channel,Customer Channel,Pan-India,Fertilizer Sector,20.81,26.0,80.04,7.13,142.24,24.19,118.05,82.99,0.0,0,32,0,0,0.0
Bharat Natural Gas Corporation (BNGC) - Fictional Dummy Company,BNGC701115,2022,Nov-2022,Q4,Marketing & Distribution,Fertilizer Sector Channel,Customer Channel,Pan-India,Fertilizer Sector,22.22,26.0,85.46,7.26,154.65,31.3,123.35,79.76,0.0,0,34,0,0,0.0
Bharat Natural Gas Corporation (BNGC) - Fictional Dummy Company,BNGC701116,2022,Dec-2022,Q4,Marketing & Distribution,Fertilizer Sector Channel,Customer Channel,Pan-India,Fertilizer Sector,23.29,26.0,89.58,6.88,153.61,39.57,114.04,74.24,0.0,0,32,0,0,0.0
Bharat Natural Gas Corporation (BNGC) - Fictional Dummy Company,BNGC701117,2023,Jan-2023,Q1,Marketing & Distribution,Fertilizer Sector Channel,Customer Channel,Pan-India,Fertilizer Sector,23.73,26.0,91.27,7.3,166.07,31.63,134.44,80.95,0.0,0,32,0,0,0.0
Bharat Natural Gas Corporation (BNGC) - Fictional Dummy Company,BNGC701118,2023,Feb-2023,Q1,Marketing & Distribution,Fertilizer Sector Channel,Customer Channel,Pan-India,Fertilizer Sector,24.2,26.0,93.08,7.41,171.91,47.37,124.54,72.44,0.0,0,33,0,0,0.0
Bharat Natural Gas Corporation (BNGC) - Fictional Dummy Company,BNGC701119,2023,Mar-2023,Q1,Marketing & Distribution,Fertilizer Sector Channel,Customer Channel,Pan-India,Fertilizer Sector,22.33,26.0,85.88,6.75,144.49,21.77,122.72,84.93,0.0,0,34,0,0,0.0
Bharat Natural Gas Corporation (BNGC) - Fictional Dummy Company,BNGC701120,2023,Apr-2023,Q2,Marketing & Distribution,Fertilizer Sector Channel,Customer Channel,Pan-India,Fertilizer Sector,21.29,26.0,81.88,7.43,151.64,28.88,122.76,80.95,0.0,0,33,0,0,0.0
Bharat Natural Gas Corporation (BNGC) - Fictional Dummy Company,BNGC701121,2023,May-2023,Q2,Marketing & Distribution,Fertilizer Sector Channel,Customer Channel,Pan-India,Fertilizer Sector,20.89,26.0,80.35,7.0,140.18,30.48,109.7,78.26,0.0,0,34,0,0,0.0
Bharat Natural Gas Corporation (BNGC) - Fictional Dummy Company,BNGC701122,2023,Jun-2023,Q2,Marketing & Distribution,Fertilizer Sector Channel,Customer Channel,Pan-India,Fertilizer Sector,22.78,26.0,87.62,7.56,165.1,25.57,139.53,84.51,0.0,0,33,0,0,0.0
Bharat Natural Gas Corporation (BNGC) - Fictional Dummy Company,BNGC701123,2023,Jul-2023,Q3,Marketing & Distribution,Fertilizer Sector Channel,Customer Channel,Pan-India,Fertilizer Sector,20.97,26.0,80.65,6.81,136.9,37.46,99.44,72.64,0.0,0,33,0,0,0.0
Bharat Natural Gas Corporation (BNGC) - Fictional Dummy Company,BNGC701124,2023,Aug-2023,Q3,Marketing & Distribution,Fertilizer Sector Channel,Customer Channel,Pan-India,Fertilizer Sector,23.28,26.0,89.54,6.93,154.66,39.83,114.83,74.25,0.0,0,33,0,0,0.0
Bharat Natural Gas Corporation (BNGC) - Fictional Dummy Company,BNGC701125,2023,Sep-2023,Q3,Marketing & Distribution,Fertilizer Sector Channel,Customer Channel,Pan-India,Fertilizer Sector,21.42,26.0,82.38,7.24,148.67,34.09,114.58,77.07,0.0,0,33,0,0,0.0
Bharat Natural Gas Corporation (BNGC) - Fictional Dummy Company,BNGC701126,2023,Oct-2023,Q4,Marketing & Distribution,Fertilizer Sector Channel,Customer Channel,Pan-India,Fertilizer Sector,24.24,26.0,93.23,7.32,170.1,42.94,127.16,74.76,0.0,0,33,0,0,0.0
Bharat Natural Gas Corporation (BNGC) - Fictional Dummy Company,BNGC701127,2023,Nov-2023,Q4,Marketing & Distribution,Fertilizer Sector Channel,Customer Channel,Pan-India,Fertilizer Sector,23.1,26.0,88.85,6.89,152.58,25.76,126.82,83.12,0.0,0,34,0,0,0.0
Bharat Natural Gas Corporation (BNGC) - Fictional Dummy Company,BNGC701128,2023,Dec-2023,Q4,Marketing & Distribution,Fertilizer Sector Channel,Customer Channel,Pan-India,Fertilizer Sector,25.39,26.0,97.65,6.88,167.46,45.67,121.79,72.73,0.0,0,35,0,0,0.0
Bharat Natural Gas Corporation (BNGC) - Fictional Dummy Company,BNGC701129,2024,Jan-2024,Q1,Marketing & Distribution,Fertilizer Sector Channel,Customer Channel,Pan-India,Fertilizer Sector,24.09,26.0,92.65,7.52,173.67,40.38,133.29,76.75,0.0,0,35,0,0,0.0
Bharat Natural Gas Corporation (BNGC) - Fictional Dummy Company,BNGC701130,2024,Feb-2024,Q1,Marketing & Distribution,Fertilizer Sector Channel,Customer Channel,Pan-India,Fertilizer Sector,22.87,26.0,87.96,7.49,164.21,37.81,126.4,76.97,0.0,0,33,0,0,0.0
Bharat Natural Gas Corporation (BNGC) - Fictional Dummy Company,BNGC701131,2024,Mar-2024,Q1,Marketing & Distribution,Fertilizer Sector Channel,Customer Channel,Pan-India,Fertilizer Sector,25.03,26.0,96.27,6.99,167.73,26.49,141.24,84.21,0.0,0,35,0,0,0.0
Bharat Natural Gas Corporation (BNGC) - Fictional Dummy Company,BNGC701132,2024,Apr-2024,Q2,Marketing & Distribution,Fertilizer Sector Channel,Customer Channel,Pan-India,Fertilizer Sector,22.23,26.0,85.5,7.87,167.72,26.09,141.63,84.44,0.0,0,34,0,0,0.0
Bharat Natural Gas Corporation (BNGC) - Fictional Dummy Company,BNGC701133,2024,May-2024,Q2,Marketing & Distribution,Fertilizer Sector Channel,Customer Channel,Pan-India,Fertilizer Sector,22.35,26.0,85.96,7.64,163.69,27.51,136.18,83.19,0.0,0,34,0,0,0.0
Bharat Natural Gas Corporation (BNGC) - Fictional Dummy Company,BNGC701134,2024,Jun-2024,Q2,Marketing & Distribution,Fertilizer Sector Channel,Customer Channel,Pan-India,Fertilizer Sector,21.31,26.0,81.96,7.06,144.23,39.14,105.09,72.86,0.0,0,35,0,0,0.0
Bharat Natural Gas Corporation (BNGC) - Fictional Dummy Company,BNGC701135,2024,Jul-2024,Q3,Marketing & Distribution,Fertilizer Sector Channel,Customer Channel,Pan-India,Fertilizer Sector,23.83,26.0,91.65,7.88,180.02,46.76,133.26,74.03,0.0,0,34,0,0,0.0
Bharat Natural Gas Corporation (BNGC) - Fictional Dummy Company,BNGC701136,2024,Aug-2024,Q3,Marketing & Distribution,Fertilizer Sector Channel,Customer Channel,Pan-India,Fertilizer Sector,21.84,26.0,84.0,7.48,156.61,27.62,128.99,82.36,0.0,0,35,0,0,0.0
Bharat Natural Gas Corporation (BNGC) - Fictional Dummy Company,BNGC701137,2024,Sep-2024,Q3,Marketing & Distribution,Fertilizer Sector Channel,Customer Channel,Pan-India,Fertilizer Sector,22.79,26.0,87.65,7.43,162.33,26.9,135.43,83.43,0.0,0,34,0,0,0.0
Bharat Natural Gas Corporation (BNGC) - Fictional Dummy Company,BNGC701138,2024,Oct-2024,Q4,Marketing & Distribution,Fertilizer Sector Channel,Customer Channel,Pan-India,Fertilizer Sector,22.81,26.0,87.73,7.3,159.63,38.41,121.22,75.94,0.0,0,34,0,0,0.0
Bharat Natural Gas Corporation (BNGC) - Fictional Dummy Company,BNGC701139,2024,Nov-2024,Q4,Marketing & Distribution,Fertilizer Sector Channel,Customer Channel,Pan-India,Fertilizer Sector,23.24,26.0,89.38,7.19,160.19,31.16,129.03,80.55,0.0,0,35,0,0,0.0
Bharat Natural Gas Corporation (BNGC) - Fictional Dummy Company,BNGC701140,2024,Dec-2024,Q4,Marketing & Distribution,Fertilizer Sector Channel,Customer Channel,Pan-India,Fertilizer Sector,25.63,26.0,98.58,7.33,180.1,47.51,132.59,73.62,0.0,0,36,0,0,0.0
Bharat Natural Gas Corporation (BNGC) - Fictional Dummy Company,BNGC701141,2025,Jan-2025,Q1,Marketing & Distribution,Fertilizer Sector Channel,Customer Channel,Pan-India,Fertilizer Sector,24.34,26.0,93.62,7.17,167.3,27.07,140.23,83.82,0.0,0,35,0,0,0.0
Bharat Natural Gas Corporation (BNGC) - Fictional Dummy Company,BNGC701142,2025,Feb-2025,Q1,Marketing & Distribution,Fertilizer Sector Channel,Customer Channel,Pan-India,Fertilizer Sector,24.78,26.0,95.31,7.9,187.67,36.94,150.73,80.32,0.0,0,36,0,0,0.0
Bharat Natural Gas Corporation (BNGC) - Fictional Dummy Company,BNGC701143,2025,Mar-2025,Q1,Marketing & Distribution,Fertilizer Sector Channel,Customer Channel,Pan-India,Fertilizer Sector,24.24,26.0,93.23,7.94,184.51,41.54,142.97,77.49,0.0,0,36,0,0,0.0
Bharat Natural Gas Corporation (BNGC) - Fictional Dummy Company,BNGC701144,2025,Apr-2025,Q2,Marketing & Distribution,Fertilizer Sector Channel,Customer Channel,Pan-India,Fertilizer Sector,25.13,26.0,96.65,7.3,175.86,35.74,140.12,79.68,0.0,0,36,0,0,0.0
Bharat Natural Gas Corporation (BNGC) - Fictional Dummy Company,BNGC701145,2025,May-2025,Q2,Marketing & Distribution,Fertilizer Sector Channel,Customer Channel,Pan-India,Fertilizer Sector,24.89,26.0,95.73,7.46,178.0,50.5,127.5,71.63,0.0,0,36,0,0,0.0
Bharat Natural Gas Corporation (BNGC) - Fictional Dummy Company,BNGC701146,2025,Jun-2025,Q2,Marketing & Distribution,Fertilizer Sector Channel,Customer Channel,Pan-India,Fertilizer Sector,24.68,26.0,94.92,7.87,186.2,34.88,151.32,81.27,0.0,0,35,0,0,0.0
Bharat Natural Gas Corporation (BNGC) - Fictional Dummy Company,BNGC701147,2025,Jul-2025,Q3,Marketing & Distribution,Fertilizer Sector Channel,Customer Channel,Pan-India,Fertilizer Sector,24.73,26.0,95.12,7.85,186.1,53.44,132.66,71.28,0.0,0,36,0,0,0.0
Bharat Natural Gas Corporation (BNGC) - Fictional Dummy Company,BNGC701148,2025,Aug-2025,Q3,Marketing & Distribution,Fertilizer Sector Channel,Customer Channel,Pan-India,Fertilizer Sector,23.95,26.0,92.12,7.99,183.45,49.46,133.99,73.04,0.0,0,35,0,0,0.0
Bharat Natural Gas Corporation (BNGC) - Fictional Dummy Company,BNGC701149,2025,Sep-2025,Q3,Marketing & Distribution,Fertilizer Sector Channel,Customer Channel,Pan-India,Fertilizer Sector,24.47,26.0,94.12,7.29,171.01,30.72,140.29,82.04,0.0,0,35,0,0,0.0
Bharat Natural Gas Corporation (BNGC) - Fictional Dummy Company,BNGC701150,2025,Oct-2025,Q4,Marketing & Distribution,Fertilizer Sector Channel,Customer Channel,Pan-India,Fertilizer Sector,23.5,26.0,90.38,7.84,176.62,49.99,126.63,71.7,0.0,0,36,0,0,0.0
Bharat Natural Gas Corporation (BNGC) - Fictional Dummy Company,BNGC701151,2025,Nov-2025,Q4,Marketing & Distribution,Fertilizer Sector Channel,Customer Channel,Pan-India,Fertilizer Sector,26.74,26.0,100.0,7.4,189.69,49.94,139.75,73.67,0.0,0,38,0,0,0.0
Bharat Natural Gas Corporation (BNGC) - Fictional Dummy Company,BNGC701152,2025,Dec-2025,Q4,Marketing & Distribution,Fertilizer Sector Channel,Customer Channel,Pan-India,Fertilizer Sector,23.83,26.0,91.65,7.98,182.3,50.13,132.17,72.5,0.0,0,36,0,0,0.0
Bharat Natural Gas Corporation (BNGC) - Fictional Dummy Company,BNGC701153,2020,Jan-2020,Q1,Marketing & Distribution,City Gas Distribution Channel,Customer Channel,Pan-India,City Gas Distribution,7.28,9.1,80.0,10.43,72.79,17.96,54.83,75.33,0.0,0,242863,0,0,0.0
Bharat Natural Gas Corporation (BNGC) - Fictional Dummy Company,BNGC701154,2020,Feb-2020,Q1,Marketing & Distribution,City Gas Distribution Channel,Customer Channel,Pan-India,City Gas Distribution,7.56,9.1,83.08,11.26,81.61,17.78,63.83,78.21,0.0,0,250163,0,0,0.0
Bharat Natural Gas Corporation (BNGC) - Fictional Dummy Company,BNGC701155,2020,Mar-2020,Q1,Marketing & Distribution,City Gas Distribution Channel,Customer Channel,Pan-India,City Gas Distribution,7.59,9.1,83.41,10.94,79.6,17.43,62.17,78.1,0.0,0,257538,0,0,0.0
Bharat Natural Gas Corporation (BNGC) - Fictional Dummy Company,BNGC701156,2020,Apr-2020,Q2,Marketing & Distribution,City Gas Distribution Channel,Customer Channel,Pan-India,City Gas Distribution,7.98,9.1,87.69,10.64,81.4,18.21,63.19,77.63,0.0,0,265189,0,0,0.0
Bharat Natural Gas Corporation (BNGC) - Fictional Dummy Company,BNGC701157,2020,May-2020,Q2,Marketing & Distribution,City Gas Distribution Channel,Customer Channel,Pan-India,City Gas Distribution,7.05,9.1,77.47,10.7,72.32,20.3,52.02,71.93,0.0,0,281994,0,0,0.0
Bharat Natural Gas Corporation (BNGC) - Fictional Dummy Company,BNGC701158,2020,Jun-2020,Q2,Marketing & Distribution,City Gas Distribution Channel,Customer Channel,Pan-India,City Gas Distribution,7.56,9.1,83.08,10.6,76.82,15.73,61.09,79.52,0.0,0,277012,0,0,0.0
Bharat Natural Gas Corporation (BNGC) - Fictional Dummy Company,BNGC701159,2020,Jul-2020,Q3,Marketing & Distribution,City Gas Distribution Channel,Customer Channel,Pan-India,City Gas Distribution,8.0,9.1,87.91,10.43,79.99,21.27,58.72,73.41,0.0,0,287523,0,0,0.0
Bharat Natural Gas Corporation (BNGC) - Fictional Dummy Company,BNGC701160,2020,Aug-2020,Q3,Marketing & Distribution,City Gas Distribution Channel,Customer Channel,Pan-India,City Gas Distribution,7.52,9.1,82.64,11.12,80.16,18.66,61.5,76.72,0.0,0,302673,0,0,0.0
Bharat Natural Gas Corporation (BNGC) - Fictional Dummy Company,BNGC701161,2020,Sep-2020,Q3,Marketing & Distribution,City Gas Distribution Channel,Customer Channel,Pan-India,City Gas Distribution,8.14,9.1,89.45,10.82,84.43,22.26,62.17,73.63,0.0,0,298175,0,0,0.0
Bharat Natural Gas Corporation (BNGC) - Fictional Dummy Company,BNGC701162,2020,Oct-2020,Q4,Marketing & Distribution,City Gas Distribution Channel,Customer Channel,Pan-India,City Gas Distribution,8.14,9.1,89.45,10.1,78.81,18.62,60.19,76.37,0.0,0,313565,0,0,0.0
Bharat Natural Gas Corporation (BNGC) - Fictional Dummy Company,BNGC701163,2020,Nov-2020,Q4,Marketing & Distribution,City Gas Distribution Channel,Customer Channel,Pan-India,City Gas Distribution,9.56,9.1,100.0,10.3,94.4,27.99,66.41,70.35,0.0,0,327083,0,0,0.0
Bharat Natural Gas Corporation (BNGC) - Fictional Dummy Company,BNGC701164,2020,Dec-2020,Q4,Marketing & Distribution,City Gas Distribution Channel,Customer Channel,Pan-India,City Gas Distribution,9.3,9.1,100.0,10.27,91.56,16.45,75.11,82.03,0.0,0,324876,0,0,0.0
Bharat Natural Gas Corporation (BNGC) - Fictional Dummy Company,BNGC701165,2021,Jan-2021,Q1,Marketing & Distribution,City Gas Distribution Channel,Customer Channel,Pan-India,City Gas Distribution,10.02,9.1,100.0,11.1,106.62,22.74,83.88,78.67,0.0,0,335319,0,0,0.0
Bharat Natural Gas Corporation (BNGC) - Fictional Dummy Company,BNGC701166,2021,Feb-2021,Q1,Marketing & Distribution,City Gas Distribution Channel,Customer Channel,Pan-India,City Gas Distribution,10.54,9.1,100.0,10.37,104.78,31.19,73.59,70.23,0.0,0,339778,0,0,0.0
Bharat Natural Gas Corporation (BNGC) - Fictional Dummy Company,BNGC701167,2021,Mar-2021,Q1,Marketing & Distribution,City Gas Distribution Channel,Customer Channel,Pan-India,City Gas Distribution,10.18,9.1,100.0,11.64,113.6,25.15,88.45,77.86,0.0,0,357032,0,0,0.0
Bharat Natural Gas Corporation (BNGC) - Fictional Dummy Company,BNGC701168,2021,Apr-2021,Q2,Marketing & Distribution,City Gas Distribution Channel,Customer Channel,Pan-India,City Gas Distribution,10.17,9.1,100.0,10.39,101.3,18.96,82.34,81.28,0.0,0,355833,0,0,0.0
Bharat Natural Gas Corporation (BNGC) - Fictional Dummy Company,BNGC701169,2021,May-2021,Q2,Marketing & Distribution,City Gas Distribution Channel,Customer Channel,Pan-India,City Gas Distribution,10.42,9.1,100.0,10.61,105.98,24.78,81.2,76.62,0.0,0,375909,0,0,0.0
Bharat Natural Gas Corporation (BNGC) - Fictional Dummy Company,BNGC701170,2021,Jun-2021,Q2,Marketing & Distribution,City Gas Distribution Channel,Customer Channel,Pan-India,City Gas Distribution,9.89,9.1,100.0,10.86,102.96,19.69,83.27,80.88,0.0,0,382229,0,0,0.0
Bharat Natural Gas Corporation (BNGC) - Fictional Dummy Company,BNGC701171,2021,Jul-2021,Q3,Marketing & Distribution,City Gas Distribution Channel,Customer Channel,Pan-India,City Gas Distribution,10.26,9.1,100.0,10.82,106.42,30.71,75.71,71.14,0.0,0,389673,0,0,0.0
Bharat Natural Gas Corporation (BNGC) - Fictional Dummy Company,BNGC701172,2021,Aug-2021,Q3,Marketing & Distribution,City Gas Distribution Channel,Customer Channel,Pan-India,City Gas Distribution,10.41,9.1,100.0,10.28,102.59,26.2,76.39,74.46,0.0,0,402523,0,0,0.0
Bharat Natural Gas Corporation (BNGC) - Fictional Dummy Company,BNGC701173,2021,Sep-2021,Q3,Marketing & Distribution,City Gas Distribution Channel,Customer Channel,Pan-India,City Gas Distribution,10.74,9.1,100.0,10.49,108.0,24.7,83.3,77.13,0.0,0,407643,0,0,0.0
Bharat Natural Gas Corporation (BNGC) - Fictional Dummy Company,BNGC701174,2021,Oct-2021,Q4,Marketing & Distribution,City Gas Distribution Channel,Customer Channel,Pan-India,City Gas Distribution,11.53,9.1,100.0,11.48,126.89,20.11,106.78,84.15,0.0,0,409880,0,0,0.0
Bharat Natural Gas Corporation (BNGC) - Fictional Dummy Company,BNGC701175,2021,Nov-2021,Q4,Marketing & Distribution,City Gas Distribution Channel,Customer Channel,Pan-India,City Gas Distribution,11.87,9.1,100.0,10.92,124.26,25.72,98.54,79.3,0.0,0,426429,0,0,0.0
Bharat Natural Gas Corporation (BNGC) - Fictional Dummy Company,BNGC701176,2021,Dec-2021,Q4,Marketing & Distribution,City Gas Distribution Channel,Customer Channel,Pan-India,City Gas Distribution,12.83,9.1,100.0,11.58,142.43,42.63,99.8,70.07,0.0,0,442005,0,0,0.0
Bharat Natural Gas Corporation (BNGC) - Fictional Dummy Company,BNGC701177,2022,Jan-2022,Q1,Marketing & Distribution,City Gas Distribution Channel,Customer Channel,Pan-India,City Gas Distribution,12.74,9.1,100.0,11.45,139.84,31.23,108.61,77.67,0.0,0,460808,0,0,0.0
Bharat Natural Gas Corporation (BNGC) - Fictional Dummy Company,BNGC701178,2022,Feb-2022,Q1,Marketing & Distribution,City Gas Distribution Channel,Customer Channel,Pan-India,City Gas Distribution,14.36,9.1,100.0,11.97,164.78,49.21,115.57,70.14,0.0,0,452745,0,0,0.0
Bharat Natural Gas Corporation (BNGC) - Fictional Dummy Company,BNGC701179,2022,Mar-2022,Q1,Marketing & Distribution,City Gas Distribution Channel,Customer Channel,Pan-India,City Gas Distribution,13.18,9.1,100.0,10.86,137.22,26.35,110.87,80.8,0.0,0,474772,0,0,0.0
Bharat Natural Gas Corporation (BNGC) - Fictional Dummy Company,BNGC701180,2022,Apr-2022,Q2,Marketing & Distribution,City Gas Distribution Channel,Customer Channel,Pan-India,City Gas Distribution,13.09,9.1,100.0,11.22,140.8,39.3,101.5,72.09,0.0,0,498874,0,0,0.0
Bharat Natural Gas Corporation (BNGC) - Fictional Dummy Company,BNGC701181,2022,May-2022,Q2,Marketing & Distribution,City Gas Distribution Channel,Customer Channel,Pan-India,City Gas Distribution,13.23,9.1,100.0,11.65,147.76,28.16,119.6,80.94,0.0,0,506131,0,0,0.0
Bharat Natural Gas Corporation (BNGC) - Fictional Dummy Company,BNGC701182,2022,Jun-2022,Q2,Marketing & Distribution,City Gas Distribution Channel,Customer Channel,Pan-India,City Gas Distribution,14.76,9.1,100.0,10.86,153.67,42.29,111.38,72.48,0.0,0,504319,0,0,0.0
Bharat Natural Gas Corporation (BNGC) - Fictional Dummy Company,BNGC701183,2022,Jul-2022,Q3,Marketing & Distribution,City Gas Distribution Channel,Customer Channel,Pan-India,City Gas Distribution,13.32,9.1,100.0,11.9,151.95,35.63,116.32,76.55,0.0,0,512196,0,0,0.0
Bharat Natural Gas Corporation (BNGC) - Fictional Dummy Company,BNGC701184,2022,Aug-2022,Q3,Marketing & Distribution,City Gas Distribution Channel,Customer Channel,Pan-India,City Gas Distribution,13.95,9.1,100.0,10.7,143.09,38.86,104.23,72.84,0.0,0,525669,0,0,0.0
Bharat Natural Gas Corporation (BNGC) - Fictional Dummy Company,BNGC701185,2022,Sep-2022,Q3,Marketing & Distribution,City Gas Distribution Channel,Customer Channel,Pan-India,City Gas Distribution,16.13,9.1,100.0,11.53,178.29,39.79,138.5,77.68,0.0,0,536695,0,0,0.0
Bharat Natural Gas Corporation (BNGC) - Fictional Dummy Company,BNGC701186,2022,Oct-2022,Q4,Marketing & Distribution,City Gas Distribution Channel,Customer Channel,Pan-India,City Gas Distribution,14.76,9.1,100.0,11.5,162.72,33.93,128.79,79.15,0.0,0,578239,0,0,0.0
Bharat Natural Gas Corporation (BNGC) - Fictional Dummy Company,BNGC701187,2022,Nov-2022,Q4,Marketing & Distribution,City Gas Distribution Channel,Customer Channel,Pan-India,City Gas Distribution,17.45,9.1,100.0,10.93,182.84,50.59,132.25,72.33,0.0,0,595923,0,0,0.0
Bharat Natural Gas Corporation (BNGC) - Fictional Dummy Company,BNGC701188,2022,Dec-2022,Q4,Marketing & Distribution,City Gas Distribution Channel,Customer Channel,Pan-India,City Gas Distribution,16.62,9.1,100.0,11.44,182.27,34.05,148.22,81.32,0.0,0,596842,0,0,0.0
Bharat Natural Gas Corporation (BNGC) - Fictional Dummy Company,BNGC701189,2023,Jan-2023,Q1,Marketing & Distribution,City Gas Distribution Channel,Customer Channel,Pan-India,City Gas Distribution,18.81,9.1,100.0,11.11,200.34,54.17,146.17,72.96,0.0,0,592428,0,0,0.0
Bharat Natural Gas Corporation (BNGC) - Fictional Dummy Company,BNGC701190,2023,Feb-2023,Q1,Marketing & Distribution,City Gas Distribution Channel,Customer Channel,Pan-India,City Gas Distribution,18.9,9.1,100.0,12.16,220.32,33.5,186.82,84.79,0.0,0,624241,0,0,0.0
Bharat Natural Gas Corporation (BNGC) - Fictional Dummy Company,BNGC701191,2023,Mar-2023,Q1,Marketing & Distribution,City Gas Distribution Channel,Customer Channel,Pan-India,City Gas Distribution,18.13,9.1,100.0,11.9,206.83,44.99,161.84,78.25,0.0,0,649457,0,0,0.0
Bharat Natural Gas Corporation (BNGC) - Fictional Dummy Company,BNGC701192,2023,Apr-2023,Q2,Marketing & Distribution,City Gas Distribution Channel,Customer Channel,Pan-India,City Gas Distribution,18.46,9.1,100.0,11.79,208.64,52.51,156.13,74.83,0.0,0,661510,0,0,0.0
Bharat Natural Gas Corporation (BNGC) - Fictional Dummy Company,BNGC701193,2023,May-2023,Q2,Marketing & Distribution,City Gas Distribution Channel,Customer Channel,Pan-India,City Gas Distribution,18.25,9.1,100.0,11.94,208.89,38.82,170.07,81.42,0.0,0,680199,0,0,0.0
Bharat Natural Gas Corporation (BNGC) - Fictional Dummy Company,BNGC701194,2023,Jun-2023,Q2,Marketing & Distribution,City Gas Distribution Channel,Customer Channel,Pan-India,City Gas Distribution,19.64,9.1,100.0,11.8,222.17,63.49,158.68,71.42,0.0,0,674681,0,0,0.0
Bharat Natural Gas Corporation (BNGC) - Fictional Dummy Company,BNGC701195,2023,Jul-2023,Q3,Marketing & Distribution,City Gas Distribution Channel,Customer Channel,Pan-India,City Gas Distribution,19.92,9.1,100.0,12.12,231.45,47.39,184.06,79.52,0.0,0,714782,0,0,0.0
Bharat Natural Gas Corporation (BNGC) - Fictional Dummy Company,BNGC701196,2023,Aug-2023,Q3,Marketing & Distribution,City Gas Distribution Channel,Customer Channel,Pan-India,City Gas Distribution,20.09,9.1,100.0,10.93,210.5,39.97,170.53,81.01,0.0,0,729626,0,0,0.0
Bharat Natural Gas Corporation (BNGC) - Fictional Dummy Company,BNGC701197,2023,Sep-2023,Q3,Marketing & Distribution,City Gas Distribution Channel,Customer Channel,Pan-India,City Gas Distribution,19.49,9.1,100.0,11.32,211.5,45.97,165.53,78.26,0.0,0,725277,0,0,0.0
Bharat Natural Gas Corporation (BNGC) - Fictional Dummy Company,BNGC701198,2023,Oct-2023,Q4,Marketing & Distribution,City Gas Distribution Channel,Customer Channel,Pan-India,City Gas Distribution,22.62,9.1,100.0,12.0,260.22,64.81,195.41,75.09,0.0,0,782078,0,0,0.0
Bharat Natural Gas Corporation (BNGC) - Fictional Dummy Company,BNGC701199,2023,Nov-2023,Q4,Marketing & Distribution,City Gas Distribution Channel,Customer Channel,Pan-India,City Gas Distribution,21.25,9.1,100.0,12.09,246.29,68.74,177.55,72.09,0.0,0,792572,0,0,0.0
Bharat Natural Gas Corporation (BNGC) - Fictional Dummy Company,BNGC701200,2023,Dec-2023,Q4,Marketing & Distribution,City Gas Distribution Channel,Customer Channel,Pan-India,City Gas Distribution,23.88,9.1,100.0,11.17,255.71,62.86,192.85,75.42,0.0,0,817723,0,0,0.0
Bharat Natural Gas Corporation (BNGC) - Fictional Dummy Company,BNGC701201,2024,Jan-2024,Q1,Marketing & Distribution,City Gas Distribution Channel,Customer Channel,Pan-India,City Gas Distribution,23.92,9.1,100.0,11.98,274.71,61.73,212.98,77.53,0.0,0,816781,0,0,0.0
Bharat Natural Gas Corporation (BNGC) - Fictional Dummy Company,BNGC701202,2024,Feb-2024,Q1,Marketing & Distribution,City Gas Distribution Channel,Customer Channel,Pan-India,City Gas Distribution,25.59,9.1,100.0,11.8,289.48,86.21,203.27,70.22,0.0,0,851154,0,0,0.0
Bharat Natural Gas Corporation (BNGC) - Fictional Dummy Company,BNGC701203,2024,Mar-2024,Q1,Marketing & Distribution,City Gas Distribution Channel,Customer Channel,Pan-India,City Gas Distribution,23.65,9.1,100.0,12.37,280.45,76.85,203.6,72.6,0.0,0,880155,0,0,0.0
Bharat Natural Gas Corporation (BNGC) - Fictional Dummy Company,BNGC701204,2024,Apr-2024,Q2,Marketing & Distribution,City Gas Distribution Channel,Customer Channel,Pan-India,City Gas Distribution,24.51,9.1,100.0,11.59,272.32,60.56,211.76,77.76,0.0,0,872916,0,0,0.0
Bharat Natural Gas Corporation (BNGC) - Fictional Dummy Company,BNGC701205,2024,May-2024,Q2,Marketing & Distribution,City Gas Distribution Channel,Customer Channel,Pan-India,City Gas Distribution,25.5,9.1,100.0,12.69,310.21,70.14,240.07,77.39,0.0,0,885568,0,0,0.0
Bharat Natural Gas Corporation (BNGC) - Fictional Dummy Company,BNGC701206,2024,Jun-2024,Q2,Marketing & Distribution,City Gas Distribution Channel,Customer Channel,Pan-India,City Gas Distribution,25.74,9.1,100.0,12.49,308.2,71.71,236.49,76.73,0.0,0,912132,0,0,0.0
Bharat Natural Gas Corporation (BNGC) - Fictional Dummy Company,BNGC701207,2024,Jul-2024,Q3,Marketing & Distribution,City Gas Distribution Channel,Customer Channel,Pan-India,City Gas Distribution,24.0,9.1,100.0,12.74,293.12,86.59,206.53,70.46,0.0,0,923049,0,0,0.0
Bharat Natural Gas Corporation (BNGC) - Fictional Dummy Company,BNGC701208,2024,Aug-2024,Q3,Marketing & Distribution,City Gas Distribution Channel,Customer Channel,Pan-India,City Gas Distribution,27.04,9.1,100.0,11.66,302.25,73.72,228.53,75.61,0.0,0,984035,0,0,0.0
Bharat Natural Gas Corporation (BNGC) - Fictional Dummy Company,BNGC701209,2024,Sep-2024,Q3,Marketing & Distribution,City Gas Distribution Channel,Customer Channel,Pan-India,City Gas Distribution,26.56,9.1,100.0,12.59,320.56,87.56,233.0,72.69,0.0,0,989527,0,0,0.0
Bharat Natural Gas Corporation (BNGC) - Fictional Dummy Company,BNGC701210,2024,Oct-2024,Q4,Marketing & Distribution,City Gas Distribution Channel,Customer Channel,Pan-India,City Gas Distribution,28.77,9.1,100.0,11.66,321.59,70.62,250.97,78.04,0.0,0,1024646,0,0,0.0
Bharat Natural Gas Corporation (BNGC) - Fictional Dummy Company,BNGC701211,2024,Nov-2024,Q4,Marketing & Distribution,City Gas Distribution Channel,Customer Channel,Pan-India,City Gas Distribution,27.81,9.1,100.0,12.23,326.05,89.87,236.18,72.44,0.0,0,1048517,0,0,0.0
Bharat Natural Gas Corporation (BNGC) - Fictional Dummy Company,BNGC701212,2024,Dec-2024,Q4,Marketing & Distribution,City Gas Distribution Channel,Customer Channel,Pan-India,City Gas Distribution,33.01,9.1,100.0,11.28,356.96,88.33,268.63,75.25,0.0,0,1061960,0,0,0.0
Bharat Natural Gas Corporation (BNGC) - Fictional Dummy Company,BNGC701213,2025,Jan-2025,Q1,Marketing & Distribution,City Gas Distribution Channel,Customer Channel,Pan-India,City Gas Distribution,32.94,9.1,100.0,11.71,369.78,98.8,270.98,73.28,0.0,0,1110646,0,0,0.0
Bharat Natural Gas Corporation (BNGC) - Fictional Dummy Company,BNGC701214,2025,Feb-2025,Q1,Marketing & Distribution,City Gas Distribution Channel,Customer Channel,Pan-India,City Gas Distribution,32.51,9.1,100.0,12.19,379.91,99.14,280.77,73.9,0.0,0,1158760,0,0,0.0
Bharat Natural Gas Corporation (BNGC) - Fictional Dummy Company,BNGC701215,2025,Mar-2025,Q1,Marketing & Distribution,City Gas Distribution Channel,Customer Channel,Pan-India,City Gas Distribution,31.57,9.1,100.0,11.72,354.7,78.54,276.16,77.86,0.0,0,1189281,0,0,0.0
Bharat Natural Gas Corporation (BNGC) - Fictional Dummy Company,BNGC701216,2025,Apr-2025,Q2,Marketing & Distribution,City Gas Distribution Channel,Customer Channel,Pan-India,City Gas Distribution,33.63,9.1,100.0,11.87,382.68,67.85,314.83,82.27,0.0,0,1202281,0,0,0.0
Bharat Natural Gas Corporation (BNGC) - Fictional Dummy Company,BNGC701217,2025,May-2025,Q2,Marketing & Distribution,City Gas Distribution Channel,Customer Channel,Pan-India,City Gas Distribution,34.88,9.1,100.0,12.92,432.02,90.98,341.04,78.94,0.0,0,1206321,0,0,0.0
Bharat Natural Gas Corporation (BNGC) - Fictional Dummy Company,BNGC701218,2025,Jun-2025,Q2,Marketing & Distribution,City Gas Distribution Channel,Customer Channel,Pan-India,City Gas Distribution,32.17,9.1,100.0,11.76,362.68,81.13,281.55,77.63,0.0,0,1261394,0,0,0.0
Bharat Natural Gas Corporation (BNGC) - Fictional Dummy Company,BNGC701219,2025,Jul-2025,Q3,Marketing & Distribution,City Gas Distribution Channel,Customer Channel,Pan-India,City Gas Distribution,33.41,9.1,100.0,13.08,418.93,97.38,321.55,76.76,0.0,0,1307431,0,0,0.0
Bharat Natural Gas Corporation (BNGC) - Fictional Dummy Company,BNGC701220,2025,Aug-2025,Q3,Marketing & Distribution,City Gas Distribution Channel,Customer Channel,Pan-India,City Gas Distribution,33.94,9.1,100.0,11.69,380.35,109.28,271.07,71.27,0.0,0,1288094,0,0,0.0
Bharat Natural Gas Corporation (BNGC) - Fictional Dummy Company,BNGC701221,2025,Sep-2025,Q3,Marketing & Distribution,City Gas Distribution Channel,Customer Channel,Pan-India,City Gas Distribution,35.51,9.1,100.0,13.07,444.92,105.92,339.0,76.19,0.0,0,1306297,0,0,0.0
Bharat Natural Gas Corporation (BNGC) - Fictional Dummy Company,BNGC701222,2025,Oct-2025,Q4,Marketing & Distribution,City Gas Distribution Channel,Customer Channel,Pan-India,City Gas Distribution,39.1,9.1,100.0,11.65,436.68,97.59,339.09,77.65,0.0,0,1372003,0,0,0.0
Bharat Natural Gas Corporation (BNGC) - Fictional Dummy Company,BNGC701223,2025,Nov-2025,Q4,Marketing & Distribution,City Gas Distribution Channel,Customer Channel,Pan-India,City Gas Distribution,39.23,9.1,100.0,11.63,437.38,106.74,330.64,75.6,0.0,0,1370088,0,0,0.0
Bharat Natural Gas Corporation (BNGC) - Fictional Dummy Company,BNGC701224,2025,Dec-2025,Q4,Marketing & Distribution,City Gas Distribution Channel,Customer Channel,Pan-India,City Gas Distribution,44.4,9.1,100.0,11.96,509.07,106.64,402.43,79.05,0.0,0,1451729,0,0,0.0
Bharat Natural Gas Corporation (BNGC) - Fictional Dummy Company,BNGC701225,2020,Jan-2020,Q1,Marketing & Distribution,Industrial & Commercial Channel,Customer Channel,Pan-India,Industrial & Commercial,10.36,13.0,79.69,11.68,116.0,23.3,92.7,79.91,0.0,0,3234,0,0,0.0
Bharat Natural Gas Corporation (BNGC) - Fictional Dummy Company,BNGC701226,2020,Feb-2020,Q1,Marketing & Distribution,Industrial & Commercial Channel,Customer Channel,Pan-India,Industrial & Commercial,9.9,13.0,76.15,10.75,102.02,23.91,78.11,76.56,0.0,0,3299,0,0,0.0
Bharat Natural Gas Corporation (BNGC) - Fictional Dummy Company,BNGC701227,2020,Mar-2020,Q1,Marketing & Distribution,Industrial & Commercial Channel,Customer Channel,Pan-India,Industrial & Commercial,9.87,13.0,75.92,11.29,106.82,29.7,77.12,72.2,0.0,0,3183,0,0,0.0
Bharat Natural Gas Corporation (BNGC) - Fictional Dummy Company,BNGC701228,2020,Apr-2020,Q2,Marketing & Distribution,Industrial & Commercial Channel,Customer Channel,Pan-India,Industrial & Commercial,10.3,13.0,79.23,11.45,113.06,29.98,83.08,73.48,0.0,0,3242,0,0,0.0
Bharat Natural Gas Corporation (BNGC) - Fictional Dummy Company,BNGC701229,2020,May-2020,Q2,Marketing & Distribution,Industrial & Commercial Channel,Customer Channel,Pan-India,Industrial & Commercial,10.69,13.0,82.23,12.08,123.8,36.4,87.4,70.6,0.0,0,3362,0,0,0.0
Bharat Natural Gas Corporation (BNGC) - Fictional Dummy Company,BNGC701230,2020,Jun-2020,Q2,Marketing & Distribution,Industrial & Commercial Channel,Customer Channel,Pan-India,Industrial & Commercial,9.84,13.0,75.69,11.77,111.03,28.19,82.84,74.61,0.0,0,3299,0,0,0.0
Bharat Natural Gas Corporation (BNGC) - Fictional Dummy Company,BNGC701231,2020,Jul-2020,Q3,Marketing & Distribution,Industrial & Commercial Channel,Customer Channel,Pan-India,Industrial & Commercial,9.72,13.0,74.77,10.66,99.33,23.64,75.69,76.2,0.0,0,3346,0,0,0.0
Bharat Natural Gas Corporation (BNGC) - Fictional Dummy Company,BNGC701232,2020,Aug-2020,Q3,Marketing & Distribution,Industrial & Commercial Channel,Customer Channel,Pan-India,Industrial & Commercial,10.76,13.0,82.77,11.14,114.91,33.43,81.48,70.91,0.0,0,3483,0,0,0.0
Bharat Natural Gas Corporation (BNGC) - Fictional Dummy Company,BNGC701233,2020,Sep-2020,Q3,Marketing & Distribution,Industrial & Commercial Channel,Customer Channel,Pan-India,Industrial & Commercial,11.2,13.0,86.15,11.64,124.98,30.01,94.97,75.99,0.0,0,3504,0,0,0.0
Bharat Natural Gas Corporation (BNGC) - Fictional Dummy Company,BNGC701234,2020,Oct-2020,Q4,Marketing & Distribution,Industrial & Commercial Channel,Customer Channel,Pan-India,Industrial & Commercial,11.05,13.0,85.0,11.49,121.71,19.67,102.04,83.84,0.0,0,3589,0,0,0.0
Bharat Natural Gas Corporation (BNGC) - Fictional Dummy Company,BNGC701235,2020,Nov-2020,Q4,Marketing & Distribution,Industrial & Commercial Channel,Customer Channel,Pan-India,Industrial & Commercial,11.95,13.0,91.92,11.64,133.35,20.3,113.05,84.78,0.0,0,3541,0,0,0.0
Bharat Natural Gas Corporation (BNGC) - Fictional Dummy Company,BNGC701236,2020,Dec-2020,Q4,Marketing & Distribution,Industrial & Commercial Channel,Customer Channel,Pan-India,Industrial & Commercial,11.09,13.0,85.31,11.01,117.05,33.74,83.31,71.17,0.0,0,3618,0,0,0.0
Bharat Natural Gas Corporation (BNGC) - Fictional Dummy Company,BNGC701237,2021,Jan-2021,Q1,Marketing & Distribution,Industrial & Commercial Channel,Customer Channel,Pan-India,Industrial & Commercial,12.26,13.0,94.31,11.06,129.99,34.15,95.84,73.73,0.0,0,3723,0,0,0.0
Bharat Natural Gas Corporation (BNGC) - Fictional Dummy Company,BNGC701238,2021,Feb-2021,Q1,Marketing & Distribution,Industrial & Commercial Channel,Customer Channel,Pan-India,Industrial & Commercial,12.08,13.0,92.92,11.75,136.07,26.16,109.91,80.77,0.0,0,3809,0,0,0.0
Bharat Natural Gas Corporation (BNGC) - Fictional Dummy Company,BNGC701239,2021,Mar-2021,Q1,Marketing & Distribution,Industrial & Commercial Channel,Customer Channel,Pan-India,Industrial & Commercial,11.63,13.0,89.46,11.91,132.79,35.58,97.21,73.21,0.0,0,3875,0,0,0.0
Bharat Natural Gas Corporation (BNGC) - Fictional Dummy Company,BNGC701240,2021,Apr-2021,Q2,Marketing & Distribution,Industrial & Commercial Channel,Customer Channel,Pan-India,Industrial & Commercial,11.52,13.0,88.62,11.89,131.31,32.59,98.72,75.18,0.0,0,3889,0,0,0.0
Bharat Natural Gas Corporation (BNGC) - Fictional Dummy Company,BNGC701241,2021,May-2021,Q2,Marketing & Distribution,Industrial & Commercial Channel,Customer Channel,Pan-India,Industrial & Commercial,12.45,13.0,95.77,12.04,143.7,38.56,105.14,73.17,0.0,0,3948,0,0,0.0
Bharat Natural Gas Corporation (BNGC) - Fictional Dummy Company,BNGC701242,2021,Jun-2021,Q2,Marketing & Distribution,Industrial & Commercial Channel,Customer Channel,Pan-India,Industrial & Commercial,11.08,13.0,85.23,11.4,121.09,35.67,85.42,70.54,0.0,0,4012,0,0,0.0
Bharat Natural Gas Corporation (BNGC) - Fictional Dummy Company,BNGC701243,2021,Jul-2021,Q3,Marketing & Distribution,Industrial & Commercial Channel,Customer Channel,Pan-India,Industrial & Commercial,12.55,13.0,96.54,12.13,145.94,41.26,104.68,71.73,0.0,0,4006,0,0,0.0
Bharat Natural Gas Corporation (BNGC) - Fictional Dummy Company,BNGC701244,2021,Aug-2021,Q3,Marketing & Distribution,Industrial & Commercial Channel,Customer Channel,Pan-India,Industrial & Commercial,11.95,13.0,91.92,11.28,129.22,22.97,106.25,82.22,0.0,0,3895,0,0,0.0
Bharat Natural Gas Corporation (BNGC) - Fictional Dummy Company,BNGC701245,2021,Sep-2021,Q3,Marketing & Distribution,Industrial & Commercial Channel,Customer Channel,Pan-India,Industrial & Commercial,12.68,13.0,97.54,11.07,134.56,30.65,103.91,77.22,0.0,0,4065,0,0,0.0
Bharat Natural Gas Corporation (BNGC) - Fictional Dummy Company,BNGC701246,2021,Oct-2021,Q4,Marketing & Distribution,Industrial & Commercial Channel,Customer Channel,Pan-India,Industrial & Commercial,12.85,13.0,98.85,12.12,149.3,38.8,110.5,74.01,0.0,0,4188,0,0,0.0
Bharat Natural Gas Corporation (BNGC) - Fictional Dummy Company,BNGC701247,2021,Nov-2021,Q4,Marketing & Distribution,Industrial & Commercial Channel,Customer Channel,Pan-India,Industrial & Commercial,13.56,13.0,100.0,11.2,145.59,40.61,104.98,72.11,0.0,0,4091,0,0,0.0
Bharat Natural Gas Corporation (BNGC) - Fictional Dummy Company,BNGC701248,2021,Dec-2021,Q4,Marketing & Distribution,Industrial & Commercial Channel,Customer Channel,Pan-India,Industrial & Commercial,14.36,13.0,100.0,12.41,170.84,29.14,141.7,82.94,0.0,0,4198,0,0,0.0
Bharat Natural Gas Corporation (BNGC) - Fictional Dummy Company,BNGC701249,2022,Jan-2022,Q1,Marketing & Distribution,Industrial & Commercial Channel,Customer Channel,Pan-India,Industrial & Commercial,12.97,13.0,99.77,11.85,147.34,34.01,113.33,76.92,0.0,0,4353,0,0,0.0
Bharat Natural Gas Corporation (BNGC) - Fictional Dummy Company,BNGC701250,2022,Feb-2022,Q1,Marketing & Distribution,Industrial & Commercial Channel,Customer Channel,Pan-India,Industrial & Commercial,13.82,13.0,100.0,11.29,149.58,36.57,113.01,75.55,0.0,0,4240,0,0,0.0
Bharat Natural Gas Corporation (BNGC) - Fictional Dummy Company,BNGC701251,2022,Mar-2022,Q1,Marketing & Distribution,Industrial & Commercial Channel,Customer Channel,Pan-India,Industrial & Commercial,13.29,13.0,100.0,12.79,162.95,29.3,133.65,82.02,0.0,0,4471,0,0,0.0
Bharat Natural Gas Corporation (BNGC) - Fictional Dummy Company,BNGC701252,2022,Apr-2022,Q2,Marketing & Distribution,Industrial & Commercial Channel,Customer Channel,Pan-India,Industrial & Commercial,12.91,13.0,99.31,11.29,139.73,29.87,109.86,78.62,0.0,0,4515,0,0,0.0
Bharat Natural Gas Corporation (BNGC) - Fictional Dummy Company,BNGC701253,2022,May-2022,Q2,Marketing & Distribution,Industrial & Commercial Channel,Customer Channel,Pan-India,Industrial & Commercial,13.64,13.0,100.0,12.27,160.44,27.66,132.78,82.76,0.0,0,4430,0,0,0.0
Bharat Natural Gas Corporation (BNGC) - Fictional Dummy Company,BNGC701254,2022,Jun-2022,Q2,Marketing & Distribution,Industrial & Commercial Channel,Customer Channel,Pan-India,Industrial & Commercial,14.4,13.0,100.0,12.12,167.31,46.18,121.13,72.4,0.0,0,4397,0,0,0.0
Bharat Natural Gas Corporation (BNGC) - Fictional Dummy Company,BNGC701255,2022,Jul-2022,Q3,Marketing & Distribution,Industrial & Commercial Channel,Customer Channel,Pan-India,Industrial & Commercial,12.91,13.0,99.31,12.44,153.96,28.99,124.97,81.17,0.0,0,4502,0,0,0.0
Bharat Natural Gas Corporation (BNGC) - Fictional Dummy Company,BNGC701256,2022,Aug-2022,Q3,Marketing & Distribution,Industrial & Commercial Channel,Customer Channel,Pan-India,Industrial & Commercial,14.41,13.0,100.0,12.21,168.67,26.98,141.69,84.0,0.0,0,4631,0,0,0.0
Bharat Natural Gas Corporation (BNGC) - Fictional Dummy Company,BNGC701257,2022,Sep-2022,Q3,Marketing & Distribution,Industrial & Commercial Channel,Customer Channel,Pan-India,Industrial & Commercial,14.74,13.0,100.0,12.8,180.87,32.87,148.0,81.83,0.0,0,4817,0,0,0.0
Bharat Natural Gas Corporation (BNGC) - Fictional Dummy Company,BNGC701258,2022,Oct-2022,Q4,Marketing & Distribution,Industrial & Commercial Channel,Customer Channel,Pan-India,Industrial & Commercial,15.09,13.0,100.0,12.33,178.37,49.44,128.93,72.28,0.0,0,4744,0,0,0.0
Bharat Natural Gas Corporation (BNGC) - Fictional Dummy Company,BNGC701259,2022,Nov-2022,Q4,Marketing & Distribution,Industrial & Commercial Channel,Customer Channel,Pan-India,Industrial & Commercial,15.89,13.0,100.0,12.29,187.21,54.75,132.46,70.75,0.0,0,4746,0,0,0.0
Bharat Natural Gas Corporation (BNGC) - Fictional Dummy Company,BNGC701260,2022,Dec-2022,Q4,Marketing & Distribution,Industrial & Commercial Channel,Customer Channel,Pan-India,Industrial & Commercial,16.12,13.0,100.0,12.62,195.02,49.72,145.3,74.51,0.0,0,4951,0,0,0.0
Bharat Natural Gas Corporation (BNGC) - Fictional Dummy Company,BNGC701261,2023,Jan-2023,Q1,Marketing & Distribution,Industrial & Commercial Channel,Customer Channel,Pan-India,Industrial & Commercial,16.15,13.0,100.0,11.81,182.84,35.13,147.71,80.79,0.0,0,4980,0,0,0.0
Bharat Natural Gas Corporation (BNGC) - Fictional Dummy Company,BNGC701262,2023,Feb-2023,Q1,Marketing & Distribution,Industrial & Commercial Channel,Customer Channel,Pan-India,Industrial & Commercial,16.66,13.0,100.0,12.33,196.92,46.28,150.64,76.5,0.0,0,4997,0,0,0.0
Bharat Natural Gas Corporation (BNGC) - Fictional Dummy Company,BNGC701263,2023,Mar-2023,Q1,Marketing & Distribution,Industrial & Commercial Channel,Customer Channel,Pan-India,Industrial & Commercial,16.15,13.0,100.0,12.38,191.67,29.39,162.28,84.67,0.0,0,5179,0,0,0.0
Bharat Natural Gas Corporation (BNGC) - Fictional Dummy Company,BNGC701264,2023,Apr-2023,Q2,Marketing & Distribution,Industrial & Commercial Channel,Customer Channel,Pan-India,Industrial & Commercial,16.54,13.0,100.0,12.2,193.44,48.32,145.12,75.02,0.0,0,5157,0,0,0.0
Bharat Natural Gas Corporation (BNGC) - Fictional Dummy Company,BNGC701265,2023,May-2023,Q2,Marketing & Distribution,Industrial & Commercial Channel,Customer Channel,Pan-India,Industrial & Commercial,15.93,13.0,100.0,12.98,198.22,48.79,149.43,75.39,0.0,0,5078,0,0,0.0
Bharat Natural Gas Corporation (BNGC) - Fictional Dummy Company,BNGC701266,2023,Jun-2023,Q2,Marketing & Distribution,Industrial & Commercial Channel,Customer Channel,Pan-India,Industrial & Commercial,14.76,13.0,100.0,12.15,171.92,47.53,124.39,72.35,0.0,0,5281,0,0,0.0
Bharat Natural Gas Corporation (BNGC) - Fictional Dummy Company,BNGC701267,2023,Jul-2023,Q3,Marketing & Distribution,Industrial & Commercial Channel,Customer Channel,Pan-India,Industrial & Commercial,16.21,13.0,100.0,12.62,196.11,34.0,162.11,82.66,0.0,0,5153,0,0,0.0
Bharat Natural Gas Corporation (BNGC) - Fictional Dummy Company,BNGC701268,2023,Aug-2023,Q3,Marketing & Distribution,Industrial & Commercial Channel,Customer Channel,Pan-India,Industrial & Commercial,15.18,13.0,100.0,12.77,185.83,46.24,139.59,75.12,0.0,0,5367,0,0,0.0
Bharat Natural Gas Corporation (BNGC) - Fictional Dummy Company,BNGC701269,2023,Sep-2023,Q3,Marketing & Distribution,Industrial & Commercial Channel,Customer Channel,Pan-India,Industrial & Commercial,17.58,13.0,100.0,12.38,208.64,55.31,153.33,73.49,0.0,0,5347,0,0,0.0
Bharat Natural Gas Corporation (BNGC) - Fictional Dummy Company,BNGC701270,2023,Oct-2023,Q4,Marketing & Distribution,Industrial & Commercial Channel,Customer Channel,Pan-India,Industrial & Commercial,17.85,13.0,100.0,13.21,226.05,39.72,186.33,82.43,0.0,0,5630,0,0,0.0
Bharat Natural Gas Corporation (BNGC) - Fictional Dummy Company,BNGC701271,2023,Nov-2023,Q4,Marketing & Distribution,Industrial & Commercial Channel,Customer Channel,Pan-India,Industrial & Commercial,16.51,13.0,100.0,11.76,186.13,38.4,147.73,79.37,0.0,0,5594,0,0,0.0
Bharat Natural Gas Corporation (BNGC) - Fictional Dummy Company,BNGC701272,2023,Dec-2023,Q4,Marketing & Distribution,Industrial & Commercial Channel,Customer Channel,Pan-India,Industrial & Commercial,18.65,13.0,100.0,13.03,232.96,48.23,184.73,79.3,0.0,0,5494,0,0,0.0
Bharat Natural Gas Corporation (BNGC) - Fictional Dummy Company,BNGC701273,2024,Jan-2024,Q1,Marketing & Distribution,Industrial & Commercial Channel,Customer Channel,Pan-India,Industrial & Commercial,17.46,13.0,100.0,13.31,222.78,63.44,159.34,71.52,0.0,0,5778,0,0,0.0
Bharat Natural Gas Corporation (BNGC) - Fictional Dummy Company,BNGC701274,2024,Feb-2024,Q1,Marketing & Distribution,Industrial & Commercial Channel,Customer Channel,Pan-India,Industrial & Commercial,18.6,13.0,100.0,12.99,231.62,46.65,184.97,79.86,0.0,0,5780,0,0,0.0
Bharat Natural Gas Corporation (BNGC) - Fictional Dummy Company,BNGC701275,2024,Mar-2024,Q1,Marketing & Distribution,Industrial & Commercial Channel,Customer Channel,Pan-India,Industrial & Commercial,19.8,13.0,100.0,12.88,244.48,63.1,181.38,74.19,0.0,0,5750,0,0,0.0
Bharat Natural Gas Corporation (BNGC) - Fictional Dummy Company,BNGC701276,2024,Apr-2024,Q2,Marketing & Distribution,Industrial & Commercial Channel,Customer Channel,Pan-India,Industrial & Commercial,18.83,13.0,100.0,12.57,226.91,37.95,188.96,83.28,0.0,0,5839,0,0,0.0
Bharat Natural Gas Corporation (BNGC) - Fictional Dummy Company,BNGC701277,2024,May-2024,Q2,Marketing & Distribution,Industrial & Commercial Channel,Customer Channel,Pan-India,Industrial & Commercial,19.36,13.0,100.0,12.7,235.71,35.67,200.04,84.87,0.0,0,6065,0,0,0.0
Bharat Natural Gas Corporation (BNGC) - Fictional Dummy Company,BNGC701278,2024,Jun-2024,Q2,Marketing & Distribution,Industrial & Commercial Channel,Customer Channel,Pan-India,Industrial & Commercial,17.78,13.0,100.0,13.46,229.42,37.96,191.46,83.45,0.0,0,5893,0,0,0.0
Bharat Natural Gas Corporation (BNGC) - Fictional Dummy Company,BNGC701279,2024,Jul-2024,Q3,Marketing & Distribution,Industrial & Commercial Channel,Customer Channel,Pan-India,Industrial & Commercial,17.5,13.0,100.0,12.11,203.16,45.4,157.76,77.65,0.0,0,6168,0,0,0.0
Bharat Natural Gas Corporation (BNGC) - Fictional Dummy Company,BNGC701280,2024,Aug-2024,Q3,Marketing & Distribution,Industrial & Commercial Channel,Customer Channel,Pan-India,Industrial & Commercial,17.39,13.0,100.0,13.38,223.06,48.51,174.55,78.25,0.0,0,6062,0,0,0.0
Bharat Natural Gas Corporation (BNGC) - Fictional Dummy Company,BNGC701281,2024,Sep-2024,Q3,Marketing & Distribution,Industrial & Commercial Channel,Customer Channel,Pan-India,Industrial & Commercial,19.49,13.0,100.0,12.66,236.54,35.99,200.55,84.78,0.0,0,6309,0,0,0.0
Bharat Natural Gas Corporation (BNGC) - Fictional Dummy Company,BNGC701282,2024,Oct-2024,Q4,Marketing & Distribution,Industrial & Commercial Channel,Customer Channel,Pan-India,Industrial & Commercial,20.04,13.0,100.0,12.74,244.75,50.45,194.3,79.39,0.0,0,6241,0,0,0.0
Bharat Natural Gas Corporation (BNGC) - Fictional Dummy Company,BNGC701283,2024,Nov-2024,Q4,Marketing & Distribution,Industrial & Commercial Channel,Customer Channel,Pan-India,Industrial & Commercial,20.91,13.0,100.0,12.42,248.96,39.11,209.85,84.29,0.0,0,6427,0,0,0.0
Bharat Natural Gas Corporation (BNGC) - Fictional Dummy Company,BNGC701284,2024,Dec-2024,Q4,Marketing & Distribution,Industrial & Commercial Channel,Customer Channel,Pan-India,Industrial & Commercial,21.27,13.0,100.0,13.29,270.99,53.18,217.81,80.38,0.0,0,6481,0,0,0.0
Bharat Natural Gas Corporation (BNGC) - Fictional Dummy Company,BNGC701285,2025,Jan-2025,Q1,Marketing & Distribution,Industrial & Commercial Channel,Customer Channel,Pan-India,Industrial & Commercial,20.53,13.0,100.0,13.83,272.19,43.27,228.92,84.1,0.0,0,6670,0,0,0.0
Bharat Natural Gas Corporation (BNGC) - Fictional Dummy Company,BNGC701286,2025,Feb-2025,Q1,Marketing & Distribution,Industrial & Commercial Channel,Customer Channel,Pan-India,Industrial & Commercial,21.92,13.0,100.0,13.76,289.15,45.24,243.91,84.35,0.0,0,6669,0,0,0.0
Bharat Natural Gas Corporation (BNGC) - Fictional Dummy Company,BNGC701287,2025,Mar-2025,Q1,Marketing & Distribution,Industrial & Commercial Channel,Customer Channel,Pan-India,Industrial & Commercial,21.12,13.0,100.0,13.62,275.76,47.8,227.96,82.67,0.0,0,6885,0,0,0.0
Bharat Natural Gas Corporation (BNGC) - Fictional Dummy Company,BNGC701288,2025,Apr-2025,Q2,Marketing & Distribution,Industrial & Commercial Channel,Customer Channel,Pan-India,Industrial & Commercial,22.37,13.0,100.0,13.4,287.36,53.69,233.67,81.32,0.0,0,6975,0,0,0.0
Bharat Natural Gas Corporation (BNGC) - Fictional Dummy Company,BNGC701289,2025,May-2025,Q2,Marketing & Distribution,Industrial & Commercial Channel,Customer Channel,Pan-India,Industrial & Commercial,21.55,13.0,100.0,12.91,266.71,64.25,202.46,75.91,0.0,0,6801,0,0,0.0
Bharat Natural Gas Corporation (BNGC) - Fictional Dummy Company,BNGC701290,2025,Jun-2025,Q2,Marketing & Distribution,Industrial & Commercial Channel,Customer Channel,Pan-India,Industrial & Commercial,21.56,13.0,100.0,12.99,268.48,77.72,190.76,71.05,0.0,0,6757,0,0,0.0
Bharat Natural Gas Corporation (BNGC) - Fictional Dummy Company,BNGC701291,2025,Jul-2025,Q3,Marketing & Distribution,Industrial & Commercial Channel,Customer Channel,Pan-India,Industrial & Commercial,22.11,13.0,100.0,13.13,278.3,79.29,199.01,71.51,0.0,0,6902,0,0,0.0
Bharat Natural Gas Corporation (BNGC) - Fictional Dummy Company,BNGC701292,2025,Aug-2025,Q3,Marketing & Distribution,Industrial & Commercial Channel,Customer Channel,Pan-India,Industrial & Commercial,21.89,13.0,100.0,13.72,287.91,66.53,221.38,76.89,0.0,0,7186,0,0,0.0
Bharat Natural Gas Corporation (BNGC) - Fictional Dummy Company,BNGC701293,2025,Sep-2025,Q3,Marketing & Distribution,Industrial & Commercial Channel,Customer Channel,Pan-India,Industrial & Commercial,22.71,13.0,100.0,12.45,271.05,60.27,210.78,77.76,0.0,0,7078,0,0,0.0
Bharat Natural Gas Corporation (BNGC) - Fictional Dummy Company,BNGC701294,2025,Oct-2025,Q4,Marketing & Distribution,Industrial & Commercial Channel,Customer Channel,Pan-India,Industrial & Commercial,22.0,13.0,100.0,13.85,292.1,64.78,227.32,77.82,0.0,0,7108,0,0,0.0
Bharat Natural Gas Corporation (BNGC) - Fictional Dummy Company,BNGC701295,2025,Nov-2025,Q4,Marketing & Distribution,Industrial & Commercial Channel,Customer Channel,Pan-India,Industrial & Commercial,22.15,13.0,100.0,12.84,272.65,55.88,216.77,79.5,0.0,0,7282,0,0,0.0
Bharat Natural Gas Corporation (BNGC) - Fictional Dummy Company,BNGC701296,2025,Dec-2025,Q4,Marketing & Distribution,Industrial & Commercial Channel,Customer Channel,Pan-India,Industrial & Commercial,25.7,13.0,100.0,12.64,311.42,69.21,242.21,77.78,0.0,0,7625,0,0,0.0
Bharat Natural Gas Corporation (BNGC) - Fictional Dummy Company,BNGC701297,2020,Jan-2020,Q1,Marketing & Distribution,Refinery Channel,Customer Channel,Pan-India,Refinery,6.18,7.8,79.23,9.45,55.99,11.73,44.26,79.05,0.0,0,20,0,0,0.0
Bharat Natural Gas Corporation (BNGC) - Fictional Dummy Company,BNGC701298,2020,Feb-2020,Q1,Marketing & Distribution,Refinery Channel,Customer Channel,Pan-India,Refinery,5.92,7.8,75.9,10.45,59.31,13.63,45.68,77.02,0.0,0,19,0,0,0.0
Bharat Natural Gas Corporation (BNGC) - Fictional Dummy Company,BNGC701299,2020,Mar-2020,Q1,Marketing & Distribution,Refinery Channel,Customer Channel,Pan-India,Refinery,6.41,7.8,82.18,9.95,61.14,16.88,44.26,72.39,0.0,0,19,0,0,0.0
Bharat Natural Gas Corporation (BNGC) - Fictional Dummy Company,BNGC701300,2020,Apr-2020,Q2,Marketing & Distribution,Refinery Channel,Customer Channel,Pan-India,Refinery,6.37,7.8,81.67,9.66,58.99,10.01,48.98,83.03,0.0,0,20,0,0,0.0
Bharat Natural Gas Corporation (BNGC) - Fictional Dummy Company,BNGC701301,2020,May-2020,Q2,Marketing & Distribution,Refinery Channel,Customer Channel,Pan-India,Refinery,5.92,7.8,75.9,9.55,54.2,12.25,41.95,77.4,0.0,0,20,0,0,0.0
Bharat Natural Gas Corporation (BNGC) - Fictional Dummy Company,BNGC701302,2020,Jun-2020,Q2,Marketing & Distribution,Refinery Channel,Customer Channel,Pan-India,Refinery,5.8,7.8,74.36,9.71,53.99,13.16,40.83,75.63,0.0,0,20,0,0,0.0
Bharat Natural Gas Corporation (BNGC) - Fictional Dummy Company,BNGC701303,2020,Jul-2020,Q3,Marketing & Distribution,Refinery Channel,Customer Channel,Pan-India,Refinery,5.94,7.8,76.15,10.13,57.68,10.46,47.22,81.87,0.0,0,21,0,0,0.0
Bharat Natural Gas Corporation (BNGC) - Fictional Dummy Company,BNGC701304,2020,Aug-2020,Q3,Marketing & Distribution,Refinery Channel,Customer Channel,Pan-India,Refinery,6.25,7.8,80.13,9.89,59.26,8.97,50.29,84.86,0.0,0,20,0,0,0.0
Bharat Natural Gas Corporation (BNGC) - Fictional Dummy Company,BNGC701305,2020,Sep-2020,Q3,Marketing & Distribution,Refinery Channel,Customer Channel,Pan-India,Refinery,6.5,7.8,83.33,10.31,64.24,15.04,49.2,76.59,0.0,0,20,0,0,0.0
Bharat Natural Gas Corporation (BNGC) - Fictional Dummy Company,BNGC701306,2020,Oct-2020,Q4,Marketing & Distribution,Refinery Channel,Customer Channel,Pan-India,Refinery,6.76,7.8,86.67,10.04,65.06,18.64,46.42,71.35,0.0,0,20,0,0,0.0
Bharat Natural Gas Corporation (BNGC) - Fictional Dummy Company,BNGC701307,2020,Nov-2020,Q4,Marketing & Distribution,Refinery Channel,Customer Channel,Pan-India,Refinery,6.15,7.8,78.85,9.86,58.13,14.35,43.78,75.31,0.0,0,21,0,0,0.0
Bharat Natural Gas Corporation (BNGC) - Fictional Dummy Company,BNGC701308,2020,Dec-2020,Q4,Marketing & Distribution,Refinery Channel,Customer Channel,Pan-India,Refinery,6.27,7.8,80.38,10.11,60.77,14.34,46.43,76.4,0.0,0,21,0,0,0.0
Bharat Natural Gas Corporation (BNGC) - Fictional Dummy Company,BNGC701309,2021,Jan-2021,Q1,Marketing & Distribution,Refinery Channel,Customer Channel,Pan-India,Refinery,6.99,7.8,89.62,10.04,67.28,18.04,49.24,73.19,0.0,0,21,0,0,0.0
Bharat Natural Gas Corporation (BNGC) - Fictional Dummy Company,BNGC701310,2021,Feb-2021,Q1,Marketing & Distribution,Refinery Channel,Customer Channel,Pan-India,Refinery,7.0,7.8,89.74,10.63,71.33,12.55,58.78,82.41,0.0,0,21,0,0,0.0
Bharat Natural Gas Corporation (BNGC) - Fictional Dummy Company,BNGC701311,2021,Mar-2021,Q1,Marketing & Distribution,Refinery Channel,Customer Channel,Pan-India,Refinery,6.46,7.8,82.82,10.13,62.73,12.56,50.17,79.98,0.0,0,21,0,0,0.0
Bharat Natural Gas Corporation (BNGC) - Fictional Dummy Company,BNGC701312,2021,Apr-2021,Q2,Marketing & Distribution,Refinery Channel,Customer Channel,Pan-India,Refinery,6.69,7.8,85.77,9.94,63.75,12.77,50.98,79.97,0.0,0,22,0,0,0.0
Bharat Natural Gas Corporation (BNGC) - Fictional Dummy Company,BNGC701313,2021,May-2021,Q2,Marketing & Distribution,Refinery Channel,Customer Channel,Pan-India,Refinery,6.13,7.8,78.59,9.85,57.88,10.05,47.83,82.64,0.0,0,22,0,0,0.0
Bharat Natural Gas Corporation (BNGC) - Fictional Dummy Company,BNGC701314,2021,Jun-2021,Q2,Marketing & Distribution,Refinery Channel,Customer Channel,Pan-India,Refinery,6.25,7.8,80.13,10.27,61.53,16.22,45.31,73.64,0.0,0,21,0,0,0.0
Bharat Natural Gas Corporation (BNGC) - Fictional Dummy Company,BNGC701315,2021,Jul-2021,Q3,Marketing & Distribution,Refinery Channel,Customer Channel,Pan-India,Refinery,6.72,7.8,86.15,10.03,64.61,14.55,50.06,77.48,0.0,0,22,0,0,0.0
Bharat Natural Gas Corporation (BNGC) - Fictional Dummy Company,BNGC701316,2021,Aug-2021,Q3,Marketing & Distribution,Refinery Channel,Customer Channel,Pan-India,Refinery,6.3,7.8,80.77,10.31,62.27,10.0,52.27,83.94,0.0,0,22,0,0,0.0
Bharat Natural Gas Corporation (BNGC) - Fictional Dummy Company,BNGC701317,2021,Sep-2021,Q3,Marketing & Distribution,Refinery Channel,Customer Channel,Pan-India,Refinery,6.3,7.8,80.77,9.72,58.7,11.43,47.27,80.53,0.0,0,22,0,0,0.0
Bharat Natural Gas Corporation (BNGC) - Fictional Dummy Company,BNGC701318,2021,Oct-2021,Q4,Marketing & Distribution,Refinery Channel,Customer Channel,Pan-India,Refinery,6.5,7.8,83.33,10.63,66.24,10.89,55.35,83.56,0.0,0,23,0,0,0.0
Bharat Natural Gas Corporation (BNGC) - Fictional Dummy Company,BNGC701319,2021,Nov-2021,Q4,Marketing & Distribution,Refinery Channel,Customer Channel,Pan-India,Refinery,7.09,7.8,90.9,9.97,67.76,17.93,49.83,73.54,0.0,0,23,0,0,0.0
Bharat Natural Gas Corporation (BNGC) - Fictional Dummy Company,BNGC701320,2021,Dec-2021,Q4,Marketing & Distribution,Refinery Channel,Customer Channel,Pan-India,Refinery,6.8,7.8,87.18,10.11,65.91,10.93,54.98,83.42,0.0,0,22,0,0,0.0
Bharat Natural Gas Corporation (BNGC) - Fictional Dummy Company,BNGC701321,2022,Jan-2022,Q1,Marketing & Distribution,Refinery Channel,Customer Channel,Pan-India,Refinery,7.37,7.8,94.49,10.59,74.82,15.04,59.78,79.9,0.0,0,22,0,0,0.0
Bharat Natural Gas Corporation (BNGC) - Fictional Dummy Company,BNGC701322,2022,Feb-2022,Q1,Marketing & Distribution,Refinery Channel,Customer Channel,Pan-India,Refinery,7.18,7.8,92.05,10.28,70.76,13.06,57.7,81.54,0.0,0,22,0,0,0.0
Bharat Natural Gas Corporation (BNGC) - Fictional Dummy Company,BNGC701323,2022,Mar-2022,Q1,Marketing & Distribution,Refinery Channel,Customer Channel,Pan-India,Refinery,6.69,7.8,85.77,9.9,63.49,13.79,49.7,78.28,0.0,0,23,0,0,0.0
Bharat Natural Gas Corporation (BNGC) - Fictional Dummy Company,BNGC701324,2022,Apr-2022,Q2,Marketing & Distribution,Refinery Channel,Customer Channel,Pan-India,Refinery,6.79,7.8,87.05,10.05,65.42,13.96,51.46,78.66,0.0,0,23,0,0,0.0
Bharat Natural Gas Corporation (BNGC) - Fictional Dummy Company,BNGC701325,2022,May-2022,Q2,Marketing & Distribution,Refinery Channel,Customer Channel,Pan-India,Refinery,6.66,7.8,85.38,10.16,64.87,11.08,53.79,82.92,0.0,0,24,0,0,0.0
Bharat Natural Gas Corporation (BNGC) - Fictional Dummy Company,BNGC701326,2022,Jun-2022,Q2,Marketing & Distribution,Refinery Channel,Customer Channel,Pan-India,Refinery,6.56,7.8,84.1,10.57,66.47,15.72,50.75,76.35,0.0,0,23,0,0,0.0
Bharat Natural Gas Corporation (BNGC) - Fictional Dummy Company,BNGC701327,2022,Jul-2022,Q3,Marketing & Distribution,Refinery Channel,Customer Channel,Pan-India,Refinery,7.34,7.8,94.1,11.22,78.95,14.4,64.55,81.76,0.0,0,24,0,0,0.0
Bharat Natural Gas Corporation (BNGC) - Fictional Dummy Company,BNGC701328,2022,Aug-2022,Q3,Marketing & Distribution,Refinery Channel,Customer Channel,Pan-India,Refinery,7.22,7.8,92.56,11.02,76.27,16.27,60.0,78.67,0.0,0,24,0,0,0.0
Bharat Natural Gas Corporation (BNGC) - Fictional Dummy Company,BNGC701329,2022,Sep-2022,Q3,Marketing & Distribution,Refinery Channel,Customer Channel,Pan-India,Refinery,7.6,7.8,97.44,11.19,81.53,15.98,65.55,80.4,0.0,0,24,0,0,0.0
Bharat Natural Gas Corporation (BNGC) - Fictional Dummy Company,BNGC701330,2022,Oct-2022,Q4,Marketing & Distribution,Refinery Channel,Customer Channel,Pan-India,Refinery,7.14,7.8,91.54,10.33,70.71,16.48,54.23,76.69,0.0,0,24,0,0,0.0
Bharat Natural Gas Corporation (BNGC) - Fictional Dummy Company,BNGC701331,2022,Nov-2022,Q4,Marketing & Distribution,Refinery Channel,Customer Channel,Pan-India,Refinery,7.04,7.8,90.26,10.2,68.84,15.77,53.07,77.09,0.0,0,25,0,0,0.0
Bharat Natural Gas Corporation (BNGC) - Fictional Dummy Company,BNGC701332,2022,Dec-2022,Q4,Marketing & Distribution,Refinery Channel,Customer Channel,Pan-India,Refinery,7.58,7.8,97.18,10.31,74.92,16.07,58.85,78.55,0.0,0,24,0,0,0.0
Bharat Natural Gas Corporation (BNGC) - Fictional Dummy Company,BNGC701333,2023,Jan-2023,Q1,Marketing & Distribution,Refinery Channel,Customer Channel,Pan-India,Refinery,7.38,7.8,94.62,10.54,74.57,14.35,60.22,80.76,0.0,0,24,0,0,0.0
Bharat Natural Gas Corporation (BNGC) - Fictional Dummy Company,BNGC701334,2023,Feb-2023,Q1,Marketing & Distribution,Refinery Channel,Customer Channel,Pan-India,Refinery,7.96,7.8,100.0,11.15,85.08,21.05,64.03,75.26,0.0,0,25,0,0,0.0
Bharat Natural Gas Corporation (BNGC) - Fictional Dummy Company,BNGC701335,2023,Mar-2023,Q1,Marketing & Distribution,Refinery Channel,Customer Channel,Pan-India,Refinery,7.73,7.8,99.1,10.67,79.07,17.3,61.77,78.12,0.0,0,25,0,0,0.0
Bharat Natural Gas Corporation (BNGC) - Fictional Dummy Company,BNGC701336,2023,Apr-2023,Q2,Marketing & Distribution,Refinery Channel,Customer Channel,Pan-India,Refinery,7.46,7.8,95.64,10.76,76.95,13.78,63.17,82.09,0.0,0,25,0,0,0.0
Bharat Natural Gas Corporation (BNGC) - Fictional Dummy Company,BNGC701337,2023,May-2023,Q2,Marketing & Distribution,Refinery Channel,Customer Channel,Pan-India,Refinery,7.68,7.8,98.46,11.19,82.39,17.67,64.72,78.55,0.0,0,25,0,0,0.0
Bharat Natural Gas Corporation (BNGC) - Fictional Dummy Company,BNGC701338,2023,Jun-2023,Q2,Marketing & Distribution,Refinery Channel,Customer Channel,Pan-India,Refinery,7.56,7.8,96.92,10.63,77.04,20.13,56.91,73.87,0.0,0,25,0,0,0.0
Bharat Natural Gas Corporation (BNGC) - Fictional Dummy Company,BNGC701339,2023,Jul-2023,Q3,Marketing & Distribution,Refinery Channel,Customer Channel,Pan-India,Refinery,7.72,7.8,98.97,10.34,76.52,12.77,63.75,83.31,0.0,0,25,0,0,0.0
Bharat Natural Gas Corporation (BNGC) - Fictional Dummy Company,BNGC701340,2023,Aug-2023,Q3,Marketing & Distribution,Refinery Channel,Customer Channel,Pan-India,Refinery,7.0,7.8,89.74,11.0,73.82,15.8,58.02,78.6,0.0,0,25,0,0,0.0
Bharat Natural Gas Corporation (BNGC) - Fictional Dummy Company,BNGC701341,2023,Sep-2023,Q3,Marketing & Distribution,Refinery Channel,Customer Channel,Pan-India,Refinery,7.32,7.8,93.85,10.92,76.63,16.48,60.15,78.49,0.0,0,25,0,0,0.0
Bharat Natural Gas Corporation (BNGC) - Fictional Dummy Company,BNGC701342,2023,Oct-2023,Q4,Marketing & Distribution,Refinery Channel,Customer Channel,Pan-India,Refinery,8.28,7.8,100.0,11.07,87.87,26.15,61.72,70.24,0.0,0,26,0,0,0.0
Bharat Natural Gas Corporation (BNGC) - Fictional Dummy Company,BNGC701343,2023,Nov-2023,Q4,Marketing & Distribution,Refinery Channel,Customer Channel,Pan-India,Refinery,7.81,7.8,100.0,11.3,84.6,22.96,61.64,72.86,0.0,0,26,0,0,0.0
Bharat Natural Gas Corporation (BNGC) - Fictional Dummy Company,BNGC701344,2023,Dec-2023,Q4,Marketing & Distribution,Refinery Channel,Customer Channel,Pan-India,Refinery,8.53,7.8,100.0,10.28,84.06,23.64,60.42,71.88,0.0,0,26,0,0,0.0
Bharat Natural Gas Corporation (BNGC) - Fictional Dummy Company,BNGC701345,2024,Jan-2024,Q1,Marketing & Distribution,Refinery Channel,Customer Channel,Pan-India,Refinery,8.43,7.8,100.0,11.33,91.56,25.0,66.56,72.7,0.0,0,26,0,0,0.0
Bharat Natural Gas Corporation (BNGC) - Fictional Dummy Company,BNGC701346,2024,Feb-2024,Q1,Marketing & Distribution,Refinery Channel,Customer Channel,Pan-India,Refinery,8.36,7.8,100.0,11.02,88.32,26.35,61.97,70.17,0.0,0,27,0,0,0.0
Bharat Natural Gas Corporation (BNGC) - Fictional Dummy Company,BNGC701347,2024,Mar-2024,Q1,Marketing & Distribution,Refinery Channel,Customer Channel,Pan-India,Refinery,8.24,7.8,100.0,11.79,93.13,20.26,72.87,78.25,0.0,0,26,0,0,0.0
Bharat Natural Gas Corporation (BNGC) - Fictional Dummy Company,BNGC701348,2024,Apr-2024,Q2,Marketing & Distribution,Refinery Channel,Customer Channel,Pan-India,Refinery,7.69,7.8,98.59,10.91,80.43,14.77,65.66,81.64,0.0,0,27,0,0,0.0
Bharat Natural Gas Corporation (BNGC) - Fictional Dummy Company,BNGC701349,2024,May-2024,Q2,Marketing & Distribution,Refinery Channel,Customer Channel,Pan-India,Refinery,8.08,7.8,100.0,11.61,89.93,24.51,65.42,72.75,0.0,0,27,0,0,0.0
Bharat Natural Gas Corporation (BNGC) - Fictional Dummy Company,BNGC701350,2024,Jun-2024,Q2,Marketing & Distribution,Refinery Channel,Customer Channel,Pan-India,Refinery,8.5,7.8,100.0,11.85,96.56,25.97,70.59,73.1,0.0,0,26,0,0,0.0
Bharat Natural Gas Corporation (BNGC) - Fictional Dummy Company,BNGC701351,2024,Jul-2024,Q3,Marketing & Distribution,Refinery Channel,Customer Channel,Pan-India,Refinery,7.97,7.8,100.0,10.92,83.43,24.8,58.63,70.27,0.0,0,28,0,0,0.0
Bharat Natural Gas Corporation (BNGC) - Fictional Dummy Company,BNGC701352,2024,Aug-2024,Q3,Marketing & Distribution,Refinery Channel,Customer Channel,Pan-India,Refinery,8.09,7.8,100.0,10.88,84.38,19.85,64.53,76.48,0.0,0,28,0,0,0.0
Bharat Natural Gas Corporation (BNGC) - Fictional Dummy Company,BNGC701353,2024,Sep-2024,Q3,Marketing & Distribution,Refinery Channel,Customer Channel,Pan-India,Refinery,8.12,7.8,100.0,11.19,87.11,15.35,71.76,82.38,0.0,0,28,0,0,0.0
Bharat Natural Gas Corporation (BNGC) - Fictional Dummy Company,BNGC701354,2024,Oct-2024,Q4,Marketing & Distribution,Refinery Channel,Customer Channel,Pan-India,Refinery,8.55,7.8,100.0,11.43,93.69,26.34,67.35,71.89,0.0,0,28,0,0,0.0
Bharat Natural Gas Corporation (BNGC) - Fictional Dummy Company,BNGC701355,2024,Nov-2024,Q4,Marketing & Distribution,Refinery Channel,Customer Channel,Pan-India,Refinery,9.23,7.8,100.0,11.86,104.94,18.0,86.94,82.85,0.0,0,27,0,0,0.0
Bharat Natural Gas Corporation (BNGC) - Fictional Dummy Company,BNGC701356,2024,Dec-2024,Q4,Marketing & Distribution,Refinery Channel,Customer Channel,Pan-India,Refinery,8.91,7.8,100.0,11.87,101.39,26.73,74.66,73.64,0.0,0,27,0,0,0.0
Bharat Natural Gas Corporation (BNGC) - Fictional Dummy Company,BNGC701357,2025,Jan-2025,Q1,Marketing & Distribution,Refinery Channel,Customer Channel,Pan-India,Refinery,8.51,7.8,100.0,11.43,93.25,26.94,66.31,71.11,0.0,0,28,0,0,0.0
Bharat Natural Gas Corporation (BNGC) - Fictional Dummy Company,BNGC701358,2025,Feb-2025,Q1,Marketing & Distribution,Refinery Channel,Customer Channel,Pan-India,Refinery,8.85,7.8,100.0,11.42,96.89,19.71,77.18,79.66,0.0,0,29,0,0,0.0
Bharat Natural Gas Corporation (BNGC) - Fictional Dummy Company,BNGC701359,2025,Mar-2025,Q1,Marketing & Distribution,Refinery Channel,Customer Channel,Pan-India,Refinery,8.76,7.8,100.0,10.91,91.62,25.99,65.63,71.63,0.0,0,28,0,0,0.0
Bharat Natural Gas Corporation (BNGC) - Fictional Dummy Company,BNGC701360,2025,Apr-2025,Q2,Marketing & Distribution,Refinery Channel,Customer Channel,Pan-India,Refinery,8.62,7.8,100.0,11.64,96.19,20.09,76.1,79.11,0.0,0,28,0,0,0.0
Bharat Natural Gas Corporation (BNGC) - Fictional Dummy Company,BNGC701361,2025,May-2025,Q2,Marketing & Distribution,Refinery Channel,Customer Channel,Pan-India,Refinery,9.12,7.8,100.0,11.78,102.99,16.63,86.36,83.85,0.0,0,29,0,0,0.0
Bharat Natural Gas Corporation (BNGC) - Fictional Dummy Company,BNGC701362,2025,Jun-2025,Q2,Marketing & Distribution,Refinery Channel,Customer Channel,Pan-India,Refinery,8.23,7.8,100.0,11.56,91.2,22.42,68.78,75.42,0.0,0,28,0,0,0.0
Bharat Natural Gas Corporation (BNGC) - Fictional Dummy Company,BNGC701363,2025,Jul-2025,Q3,Marketing & Distribution,Refinery Channel,Customer Channel,Pan-India,Refinery,8.61,7.8,100.0,11.63,95.99,25.23,70.76,73.72,0.0,0,29,0,0,0.0
Bharat Natural Gas Corporation (BNGC) - Fictional Dummy Company,BNGC701364,2025,Aug-2025,Q3,Marketing & Distribution,Refinery Channel,Customer Channel,Pan-India,Refinery,8.89,7.8,100.0,12.17,103.72,28.38,75.34,72.64,0.0,0,29,0,0,0.0
Bharat Natural Gas Corporation (BNGC) - Fictional Dummy Company,BNGC701365,2025,Sep-2025,Q3,Marketing & Distribution,Refinery Channel,Customer Channel,Pan-India,Refinery,8.63,7.8,100.0,11.01,91.09,26.23,64.86,71.2,0.0,0,30,0,0,0.0
Bharat Natural Gas Corporation (BNGC) - Fictional Dummy Company,BNGC701366,2025,Oct-2025,Q4,Marketing & Distribution,Refinery Channel,Customer Channel,Pan-India,Refinery,8.55,7.8,100.0,11.61,95.16,20.69,74.47,78.26,0.0,0,30,0,0,0.0
Bharat Natural Gas Corporation (BNGC) - Fictional Dummy Company,BNGC701367,2025,Nov-2025,Q4,Marketing & Distribution,Refinery Channel,Customer Channel,Pan-India,Refinery,8.82,7.8,100.0,10.87,91.91,27.34,64.57,70.25,0.0,0,29,0,0,0.0
Bharat Natural Gas Corporation (BNGC) - Fictional Dummy Company,BNGC701368,2025,Dec-2025,Q4,Marketing & Distribution,Refinery Channel,Customer Channel,Pan-India,Refinery,9.17,7.8,100.0,11.16,98.11,21.29,76.82,78.3,0.0,0,30,0,0,0.0
Bharat Natural Gas Corporation (BNGC) - Fictional Dummy Company,BNGC701369,2020,Jan-2020,Q1,Marketing & Distribution,Petrochemicals Channel,Customer Channel,Pan-India,Petrochemicals,4.79,5.85,81.88,9.79,44.96,9.91,35.05,77.96,0.0,0,14,0,0,0.0
Bharat Natural Gas Corporation (BNGC) - Fictional Dummy Company,BNGC701370,2020,Feb-2020,Q1,Marketing & Distribution,Petrochemicals Channel,Customer Channel,Pan-India,Petrochemicals,4.76,5.85,81.37,10.25,46.77,11.43,35.34,75.56,0.0,0,15,0,0,0.0
Bharat Natural Gas Corporation (BNGC) - Fictional Dummy Company,BNGC701371,2020,Mar-2020,Q1,Marketing & Distribution,Petrochemicals Channel,Customer Channel,Pan-India,Petrochemicals,4.35,5.85,74.36,10.06,41.95,11.22,30.73,73.25,0.0,0,15,0,0,0.0
Bharat Natural Gas Corporation (BNGC) - Fictional Dummy Company,BNGC701372,2020,Apr-2020,Q2,Marketing & Distribution,Petrochemicals Channel,Customer Channel,Pan-India,Petrochemicals,4.63,5.85,79.15,9.61,42.65,11.8,30.85,72.33,0.0,0,15,0,0,0.0
Bharat Natural Gas Corporation (BNGC) - Fictional Dummy Company,BNGC701373,2020,May-2020,Q2,Marketing & Distribution,Petrochemicals Channel,Customer Channel,Pan-India,Petrochemicals,4.29,5.85,73.33,9.66,39.73,8.88,30.85,77.65,0.0,0,15,0,0,0.0
Bharat Natural Gas Corporation (BNGC) - Fictional Dummy Company,BNGC701374,2020,Jun-2020,Q2,Marketing & Distribution,Petrochemicals Channel,Customer Channel,Pan-India,Petrochemicals,4.41,5.85,75.38,10.78,45.57,11.91,33.66,73.86,0.0,0,15,0,0,0.0
Bharat Natural Gas Corporation (BNGC) - Fictional Dummy Company,BNGC701375,2020,Jul-2020,Q3,Marketing & Distribution,Petrochemicals Channel,Customer Channel,Pan-India,Petrochemicals,4.57,5.85,78.12,10.8,47.32,13.89,33.43,70.65,0.0,0,16,0,0,0.0
Bharat Natural Gas Corporation (BNGC) - Fictional Dummy Company,BNGC701376,2020,Aug-2020,Q3,Marketing & Distribution,Petrochemicals Channel,Customer Channel,Pan-India,Petrochemicals,4.45,5.85,76.07,10.45,44.58,10.19,34.39,77.14,0.0,0,16,0,0,0.0
Bharat Natural Gas Corporation (BNGC) - Fictional Dummy Company,BNGC701377,2020,Sep-2020,Q3,Marketing & Distribution,Petrochemicals Channel,Customer Channel,Pan-India,Petrochemicals,4.78,5.85,81.71,10.04,46.01,9.45,36.56,79.46,0.0,0,16,0,0,0.0
Bharat Natural Gas Corporation (BNGC) - Fictional Dummy Company,BNGC701378,2020,Oct-2020,Q4,Marketing & Distribution,Petrochemicals Channel,Customer Channel,Pan-India,Petrochemicals,5.01,5.85,85.64,9.67,46.44,8.42,38.02,81.87,0.0,0,15,0,0,0.0
Bharat Natural Gas Corporation (BNGC) - Fictional Dummy Company,BNGC701379,2020,Nov-2020,Q4,Marketing & Distribution,Petrochemicals Channel,Customer Channel,Pan-India,Petrochemicals,4.85,5.85,82.91,9.79,45.52,9.97,35.55,78.1,0.0,0,15,0,0,0.0
Bharat Natural Gas Corporation (BNGC) - Fictional Dummy Company,BNGC701380,2020,Dec-2020,Q4,Marketing & Distribution,Petrochemicals Channel,Customer Channel,Pan-India,Petrochemicals,4.92,5.85,84.1,10.3,48.58,12.78,35.8,73.69,0.0,0,16,0,0,0.0
Bharat Natural Gas Corporation (BNGC) - Fictional Dummy Company,BNGC701381,2021,Jan-2021,Q1,Marketing & Distribution,Petrochemicals Channel,Customer Channel,Pan-India,Petrochemicals,4.95,5.85,84.62,10.36,49.16,14.66,34.5,70.18,0.0,0,16,0,0,0.0
Bharat Natural Gas Corporation (BNGC) - Fictional Dummy Company,BNGC701382,2021,Feb-2021,Q1,Marketing & Distribution,Petrochemicals Channel,Customer Channel,Pan-India,Petrochemicals,5.09,5.85,87.01,9.83,47.97,9.84,38.13,79.49,0.0,0,16,0,0,0.0
Bharat Natural Gas Corporation (BNGC) - Fictional Dummy Company,BNGC701383,2021,Mar-2021,Q1,Marketing & Distribution,Petrochemicals Channel,Customer Channel,Pan-India,Petrochemicals,4.99,5.85,85.3,11.1,53.1,14.26,38.84,73.15,0.0,0,17,0,0,0.0
Bharat Natural Gas Corporation (BNGC) - Fictional Dummy Company,BNGC701384,2021,Apr-2021,Q2,Marketing & Distribution,Petrochemicals Channel,Customer Channel,Pan-India,Petrochemicals,5.25,5.85,89.74,10.6,53.35,13.7,39.65,74.32,0.0,0,16,0,0,0.0
Bharat Natural Gas Corporation (BNGC) - Fictional Dummy Company,BNGC701385,2021,May-2021,Q2,Marketing & Distribution,Petrochemicals Channel,Customer Channel,Pan-India,Petrochemicals,5.31,5.85,90.77,10.28,52.33,10.99,41.34,79.0,0.0,0,17,0,0,0.0
Bharat Natural Gas Corporation (BNGC) - Fictional Dummy Company,BNGC701386,2021,Jun-2021,Q2,Marketing & Distribution,Petrochemicals Channel,Customer Channel,Pan-India,Petrochemicals,4.91,5.85,83.93,9.97,46.93,12.7,34.23,72.94,0.0,0,17,0,0,0.0
Bharat Natural Gas Corporation (BNGC) - Fictional Dummy Company,BNGC701387,2021,Jul-2021,Q3,Marketing & Distribution,Petrochemicals Channel,Customer Channel,Pan-India,Petrochemicals,4.76,5.85,81.37,10.0,45.63,10.07,35.56,77.93,0.0,0,17,0,0,0.0
Bharat Natural Gas Corporation (BNGC) - Fictional Dummy Company,BNGC701388,2021,Aug-2021,Q3,Marketing & Distribution,Petrochemicals Channel,Customer Channel,Pan-India,Petrochemicals,4.99,5.85,85.3,10.66,50.99,13.73,37.26,73.07,0.0,0,17,0,0,0.0
Bharat Natural Gas Corporation (BNGC) - Fictional Dummy Company,BNGC701389,2021,Sep-2021,Q3,Marketing & Distribution,Petrochemicals Channel,Customer Channel,Pan-India,Petrochemicals,4.84,5.85,82.74,11.06,51.32,14.82,36.5,71.12,0.0,0,17,0,0,0.0
Bharat Natural Gas Corporation (BNGC) - Fictional Dummy Company,BNGC701390,2021,Oct-2021,Q4,Marketing & Distribution,Petrochemicals Channel,Customer Channel,Pan-India,Petrochemicals,5.0,5.85,85.47,10.08,48.32,13.66,34.66,71.73,0.0,0,18,0,0,0.0
Bharat Natural Gas Corporation (BNGC) - Fictional Dummy Company,BNGC701391,2021,Nov-2021,Q4,Marketing & Distribution,Petrochemicals Channel,Customer Channel,Pan-India,Petrochemicals,5.61,5.85,95.9,10.58,56.9,16.67,40.23,70.7,0.0,0,18,0,0,0.0
Bharat Natural Gas Corporation (BNGC) - Fictional Dummy Company,BNGC701392,2021,Dec-2021,Q4,Marketing & Distribution,Petrochemicals Channel,Customer Channel,Pan-India,Petrochemicals,5.6,5.85,95.73,10.39,55.78,16.49,39.29,70.44,0.0,0,18,0,0,0.0
Bharat Natural Gas Corporation (BNGC) - Fictional Dummy Company,BNGC701393,2022,Jan-2022,Q1,Marketing & Distribution,Petrochemicals Channel,Customer Channel,Pan-India,Petrochemicals,5.4,5.85,92.31,10.44,54.04,11.35,42.69,79.0,0.0,0,17,0,0,0.0
Bharat Natural Gas Corporation (BNGC) - Fictional Dummy Company,BNGC701394,2022,Feb-2022,Q1,Marketing & Distribution,Petrochemicals Channel,Customer Channel,Pan-India,Petrochemicals,5.6,5.85,95.73,10.37,55.67,15.22,40.45,72.66,0.0,0,18,0,0,0.0
Bharat Natural Gas Corporation (BNGC) - Fictional Dummy Company,BNGC701395,2022,Mar-2022,Q1,Marketing & Distribution,Petrochemicals Channel,Customer Channel,Pan-India,Petrochemicals,5.78,5.85,98.8,10.9,60.4,16.24,44.16,73.11,0.0,0,18,0,0,0.0
Bharat Natural Gas Corporation (BNGC) - Fictional Dummy Company,BNGC701396,2022,Apr-2022,Q2,Marketing & Distribution,Petrochemicals Channel,Customer Channel,Pan-India,Petrochemicals,5.49,5.85,93.85,10.99,57.84,13.46,44.38,76.73,0.0,0,18,0,0,0.0
Bharat Natural Gas Corporation (BNGC) - Fictional Dummy Company,BNGC701397,2022,May-2022,Q2,Marketing & Distribution,Petrochemicals Channel,Customer Channel,Pan-India,Petrochemicals,5.3,5.85,90.6,11.29,57.36,16.48,40.88,71.27,0.0,0,18,0,0,0.0
Bharat Natural Gas Corporation (BNGC) - Fictional Dummy Company,BNGC701398,2022,Jun-2022,Q2,Marketing & Distribution,Petrochemicals Channel,Customer Channel,Pan-India,Petrochemicals,5.42,5.85,92.65,10.83,56.27,15.19,41.08,73.01,0.0,0,19,0,0,0.0
Bharat Natural Gas Corporation (BNGC) - Fictional Dummy Company,BNGC701399,2022,Jul-2022,Q3,Marketing & Distribution,Petrochemicals Channel,Customer Channel,Pan-India,Petrochemicals,5.48,5.85,93.68,10.65,55.95,12.98,42.97,76.8,0.0,0,19,0,0,0.0
Bharat Natural Gas Corporation (BNGC) - Fictional Dummy Company,BNGC701400,2022,Aug-2022,Q3,Marketing & Distribution,Petrochemicals Channel,Customer Channel,Pan-India,Petrochemicals,5.79,5.85,98.97,11.23,62.33,15.62,46.71,74.94,0.0,0,18,0,0,0.0
Bharat Natural Gas Corporation (BNGC) - Fictional Dummy Company,BNGC701401,2022,Sep-2022,Q3,Marketing & Distribution,Petrochemicals Channel,Customer Channel,Pan-India,Petrochemicals,5.7,5.85,97.44,11.07,60.49,12.86,47.63,78.74,0.0,0,19,0,0,0.0
Bharat Natural Gas Corporation (BNGC) - Fictional Dummy Company,BNGC701402,2022,Oct-2022,Q4,Marketing & Distribution,Petrochemicals Channel,Customer Channel,Pan-India,Petrochemicals,6.04,5.85,100.0,11.36,65.78,12.99,52.79,80.25,0.0,0,19,0,0,0.0
Bharat Natural Gas Corporation (BNGC) - Fictional Dummy Company,BNGC701403,2022,Nov-2022,Q4,Marketing & Distribution,Petrochemicals Channel,Customer Channel,Pan-India,Petrochemicals,5.63,5.85,96.24,11.38,61.42,18.2,43.22,70.37,0.0,0,19,0,0,0.0
Bharat Natural Gas Corporation (BNGC) - Fictional Dummy Company,BNGC701404,2022,Dec-2022,Q4,Marketing & Distribution,Petrochemicals Channel,Customer Channel,Pan-India,Petrochemicals,6.07,5.85,100.0,10.08,58.66,15.69,42.97,73.25,0.0,0,20,0,0,0.0
Bharat Natural Gas Corporation (BNGC) - Fictional Dummy Company,BNGC701405,2023,Jan-2023,Q1,Marketing & Distribution,Petrochemicals Channel,Customer Channel,Pan-India,Petrochemicals,6.04,5.85,100.0,11.33,65.6,15.95,49.65,75.69,0.0,0,19,0,0,0.0
Bharat Natural Gas Corporation (BNGC) - Fictional Dummy Company,BNGC701406,2023,Feb-2023,Q1,Marketing & Distribution,Petrochemicals Channel,Customer Channel,Pan-India,Petrochemicals,6.14,5.85,100.0,11.44,67.34,12.59,54.75,81.3,0.0,0,20,0,0,0.0
Bharat Natural Gas Corporation (BNGC) - Fictional Dummy Company,BNGC701407,2023,Mar-2023,Q1,Marketing & Distribution,Petrochemicals Channel,Customer Channel,Pan-India,Petrochemicals,6.18,5.85,100.0,10.87,64.4,11.22,53.18,82.58,0.0,0,20,0,0,0.0
Bharat Natural Gas Corporation (BNGC) - Fictional Dummy Company,BNGC701408,2023,Apr-2023,Q2,Marketing & Distribution,Petrochemicals Channel,Customer Channel,Pan-India,Petrochemicals,5.91,5.85,100.0,10.69,60.57,15.78,44.79,73.95,0.0,0,20,0,0,0.0
Bharat Natural Gas Corporation (BNGC) - Fictional Dummy Company,BNGC701409,2023,May-2023,Q2,Marketing & Distribution,Petrochemicals Channel,Customer Channel,Pan-India,Petrochemicals,5.7,5.85,97.44,10.59,57.87,15.43,42.44,73.34,0.0,0,20,0,0,0.0
Bharat Natural Gas Corporation (BNGC) - Fictional Dummy Company,BNGC701410,2023,Jun-2023,Q2,Marketing & Distribution,Petrochemicals Channel,Customer Channel,Pan-India,Petrochemicals,5.95,5.85,100.0,11.62,66.28,12.65,53.63,80.91,0.0,0,20,0,0,0.0
Bharat Natural Gas Corporation (BNGC) - Fictional Dummy Company,BNGC701411,2023,Jul-2023,Q3,Marketing & Distribution,Petrochemicals Channel,Customer Channel,Pan-India,Petrochemicals,5.92,5.85,100.0,11.02,62.54,17.69,44.85,71.71,0.0,0,21,0,0,0.0
Bharat Natural Gas Corporation (BNGC) - Fictional Dummy Company,BNGC701412,2023,Aug-2023,Q3,Marketing & Distribution,Petrochemicals Channel,Customer Channel,Pan-India,Petrochemicals,6.45,5.85,100.0,10.41,64.37,16.28,48.09,74.71,0.0,0,21,0,0,0.0
Bharat Natural Gas Corporation (BNGC) - Fictional Dummy Company,BNGC701413,2023,Sep-2023,Q3,Marketing & Distribution,Petrochemicals Channel,Customer Channel,Pan-India,Petrochemicals,6.16,5.85,100.0,11.45,67.62,18.32,49.3,72.91,0.0,0,20,0,0,0.0
Bharat Natural Gas Corporation (BNGC) - Fictional Dummy Company,BNGC701414,2023,Oct-2023,Q4,Marketing & Distribution,Petrochemicals Channel,Customer Channel,Pan-India,Petrochemicals,6.84,5.85,100.0,10.77,70.62,18.38,52.24,73.97,0.0,0,21,0,0,0.0
Bharat Natural Gas Corporation (BNGC) - Fictional Dummy Company,BNGC701415,2023,Nov-2023,Q4,Marketing & Distribution,Petrochemicals Channel,Customer Channel,Pan-India,Petrochemicals,6.71,5.85,100.0,10.55,67.86,11.77,56.09,82.66,0.0,0,22,0,0,0.0
Bharat Natural Gas Corporation (BNGC) - Fictional Dummy Company,BNGC701416,2023,Dec-2023,Q4,Marketing & Distribution,Petrochemicals Channel,Customer Channel,Pan-India,Petrochemicals,7.24,5.85,100.0,11.11,77.11,20.63,56.48,73.25,0.0,0,21,0,0,0.0
Bharat Natural Gas Corporation (BNGC) - Fictional Dummy Company,BNGC701417,2024,Jan-2024,Q1,Marketing & Distribution,Petrochemicals Channel,Customer Channel,Pan-India,Petrochemicals,6.46,5.85,100.0,11.98,74.19,15.8,58.39,78.7,0.0,0,21,0,0,0.0
Bharat Natural Gas Corporation (BNGC) - Fictional Dummy Company,BNGC701418,2024,Feb-2024,Q1,Marketing & Distribution,Petrochemicals Channel,Customer Channel,Pan-India,Petrochemicals,7.11,5.85,100.0,11.89,81.04,19.04,62.0,76.51,0.0,0,22,0,0,0.0
Bharat Natural Gas Corporation (BNGC) - Fictional Dummy Company,BNGC701419,2024,Mar-2024,Q1,Marketing & Distribution,Petrochemicals Channel,Customer Channel,Pan-India,Petrochemicals,6.56,5.85,100.0,11.69,73.52,14.01,59.51,80.94,0.0,0,21,0,0,0.0
Bharat Natural Gas Corporation (BNGC) - Fictional Dummy Company,BNGC701420,2024,Apr-2024,Q2,Marketing & Distribution,Petrochemicals Channel,Customer Channel,Pan-India,Petrochemicals,6.39,5.85,100.0,10.95,67.08,14.18,52.9,78.86,0.0,0,22,0,0,0.0
Bharat Natural Gas Corporation (BNGC) - Fictional Dummy Company,BNGC701421,2024,May-2024,Q2,Marketing & Distribution,Petrochemicals Channel,Customer Channel,Pan-India,Petrochemicals,6.59,5.85,100.0,11.84,74.8,15.04,59.76,79.89,0.0,0,22,0,0,0.0
Bharat Natural Gas Corporation (BNGC) - Fictional Dummy Company,BNGC701422,2024,Jun-2024,Q2,Marketing & Distribution,Petrochemicals Channel,Customer Channel,Pan-India,Petrochemicals,6.36,5.85,100.0,11.91,72.62,15.77,56.85,78.28,0.0,0,22,0,0,0.0
Bharat Natural Gas Corporation (BNGC) - Fictional Dummy Company,BNGC701423,2024,Jul-2024,Q3,Marketing & Distribution,Petrochemicals Channel,Customer Channel,Pan-India,Petrochemicals,6.52,5.85,100.0,11.29,70.57,12.94,57.63,81.66,0.0,0,22,0,0,0.0
Bharat Natural Gas Corporation (BNGC) - Fictional Dummy Company,BNGC701424,2024,Aug-2024,Q3,Marketing & Distribution,Petrochemicals Channel,Customer Channel,Pan-India,Petrochemicals,6.47,5.85,100.0,10.91,67.67,10.7,56.97,84.19,0.0,0,22,0,0,0.0
Bharat Natural Gas Corporation (BNGC) - Fictional Dummy Company,BNGC701425,2024,Sep-2024,Q3,Marketing & Distribution,Petrochemicals Channel,Customer Channel,Pan-India,Petrochemicals,6.63,5.85,100.0,10.8,68.64,13.29,55.35,80.64,0.0,0,22,0,0,0.0
Bharat Natural Gas Corporation (BNGC) - Fictional Dummy Company,BNGC701426,2024,Oct-2024,Q4,Marketing & Distribution,Petrochemicals Channel,Customer Channel,Pan-India,Petrochemicals,6.72,5.85,100.0,11.54,74.34,20.13,54.21,72.92,0.0,0,23,0,0,0.0
Bharat Natural Gas Corporation (BNGC) - Fictional Dummy Company,BNGC701427,2024,Nov-2024,Q4,Marketing & Distribution,Petrochemicals Channel,Customer Channel,Pan-India,Petrochemicals,7.66,5.85,100.0,10.74,78.87,18.71,60.16,76.28,0.0,0,24,0,0,0.0
Bharat Natural Gas Corporation (BNGC) - Fictional Dummy Company,BNGC701428,2024,Dec-2024,Q4,Marketing & Distribution,Petrochemicals Channel,Customer Channel,Pan-India,Petrochemicals,7.07,5.85,100.0,12.09,81.94,18.14,63.8,77.86,0.0,0,23,0,0,0.0
Bharat Natural Gas Corporation (BNGC) - Fictional Dummy Company,BNGC701429,2025,Jan-2025,Q1,Marketing & Distribution,Petrochemicals Channel,Customer Channel,Pan-India,Petrochemicals,7.33,5.85,100.0,11.8,82.92,17.26,65.66,79.18,0.0,0,23,0,0,0.0
Bharat Natural Gas Corporation (BNGC) - Fictional Dummy Company,BNGC701430,2025,Feb-2025,Q1,Marketing & Distribution,Petrochemicals Channel,Customer Channel,Pan-India,Petrochemicals,8.09,5.85,100.0,11.07,85.85,22.11,63.74,74.25,0.0,0,24,0,0,0.0
Bharat Natural Gas Corporation (BNGC) - Fictional Dummy Company,BNGC701431,2025,Mar-2025,Q1,Marketing & Distribution,Petrochemicals Channel,Customer Channel,Pan-India,Petrochemicals,7.4,5.85,100.0,11.4,80.87,14.63,66.24,81.91,0.0,0,24,0,0,0.0
Bharat Natural Gas Corporation (BNGC) - Fictional Dummy Company,BNGC701432,2025,Apr-2025,Q2,Marketing & Distribution,Petrochemicals Channel,Customer Channel,Pan-India,Petrochemicals,7.68,5.85,100.0,12.23,90.04,15.38,74.66,82.92,0.0,0,25,0,0,0.0
Bharat Natural Gas Corporation (BNGC) - Fictional Dummy Company,BNGC701433,2025,May-2025,Q2,Marketing & Distribution,Petrochemicals Channel,Customer Channel,Pan-India,Petrochemicals,7.18,5.85,100.0,11.43,78.67,20.77,57.9,73.6,0.0,0,25,0,0,0.0
Bharat Natural Gas Corporation (BNGC) - Fictional Dummy Company,BNGC701434,2025,Jun-2025,Q2,Marketing & Distribution,Petrochemicals Channel,Customer Channel,Pan-India,Petrochemicals,7.79,5.85,100.0,11.6,86.63,24.34,62.29,71.9,0.0,0,24,0,0,0.0
Bharat Natural Gas Corporation (BNGC) - Fictional Dummy Company,BNGC701435,2025,Jul-2025,Q3,Marketing & Distribution,Petrochemicals Channel,Customer Channel,Pan-India,Petrochemicals,6.85,5.85,100.0,12.18,79.98,19.87,60.11,75.16,0.0,0,24,0,0,0.0
Bharat Natural Gas Corporation (BNGC) - Fictional Dummy Company,BNGC701436,2025,Aug-2025,Q3,Marketing & Distribution,Petrochemicals Channel,Customer Channel,Pan-India,Petrochemicals,7.02,5.85,100.0,11.32,76.18,20.85,55.33,72.63,0.0,0,24,0,0,0.0
Bharat Natural Gas Corporation (BNGC) - Fictional Dummy Company,BNGC701437,2025,Sep-2025,Q3,Marketing & Distribution,Petrochemicals Channel,Customer Channel,Pan-India,Petrochemicals,7.73,5.85,100.0,12.32,91.3,19.33,71.97,78.83,0.0,0,26,0,0,0.0
Bharat Natural Gas Corporation (BNGC) - Fictional Dummy Company,BNGC701438,2025,Oct-2025,Q4,Marketing & Distribution,Petrochemicals Channel,Customer Channel,Pan-India,Petrochemicals,7.67,5.85,100.0,11.7,86.03,15.27,70.76,82.25,0.0,0,26,0,0,0.0
Bharat Natural Gas Corporation (BNGC) - Fictional Dummy Company,BNGC701439,2025,Nov-2025,Q4,Marketing & Distribution,Petrochemicals Channel,Customer Channel,Pan-India,Petrochemicals,7.86,5.85,100.0,12.43,93.66,19.87,73.79,78.78,0.0,0,26,0,0,0.0
Bharat Natural Gas Corporation (BNGC) - Fictional Dummy Company,BNGC701440,2025,Dec-2025,Q4,Marketing & Distribution,Petrochemicals Channel,Customer Channel,Pan-India,Petrochemicals,8.16,5.85,100.0,11.83,92.54,17.61,74.93,80.97,0.0,0,27,0,0,0.0
Bharat Natural Gas Corporation (BNGC) - Fictional Dummy Company,BNGC701441,2020,Jan-2020,Q1,Marketing & Distribution,Residential PNG Channel,Customer Channel,Pan-India,Residential PNG,1.84,2.34,78.63,12.79,22.56,4.54,18.02,79.88,0.0,0,177690,0,0,0.0
Bharat Natural Gas Corporation (BNGC) - Fictional Dummy Company,BNGC701442,2020,Feb-2020,Q1,Marketing & Distribution,Residential PNG Channel,Customer Channel,Pan-India,Residential PNG,1.99,2.34,85.04,12.62,24.08,5.36,18.72,77.74,0.0,0,189287,0,0,0.0
Bharat Natural Gas Corporation (BNGC) - Fictional Dummy Company,BNGC701443,2020,Mar-2020,Q1,Marketing & Distribution,Residential PNG Channel,Customer Channel,Pan-India,Residential PNG,1.87,2.34,79.91,12.4,22.23,6.07,16.16,72.69,0.0,0,188814,0,0,0.0
Bharat Natural Gas Corporation (BNGC) - Fictional Dummy Company,BNGC701444,2020,Apr-2020,Q2,Marketing & Distribution,Residential PNG Channel,Customer Channel,Pan-India,Residential PNG,2.03,2.34,86.75,12.49,24.31,4.89,19.42,79.88,0.0,0,201225,0,0,0.0
Bharat Natural Gas Corporation (BNGC) - Fictional Dummy Company,BNGC701445,2020,May-2020,Q2,Marketing & Distribution,Residential PNG Channel,Customer Channel,Pan-India,Residential PNG,1.91,2.34,81.62,12.97,23.75,5.41,18.34,77.22,0.0,0,202511,0,0,0.0
Bharat Natural Gas Corporation (BNGC) - Fictional Dummy Company,BNGC701446,2020,Jun-2020,Q2,Marketing & Distribution,Residential PNG Channel,Customer Channel,Pan-India,Residential PNG,1.99,2.34,85.04,12.38,23.62,4.57,19.05,80.65,0.0,0,210491,0,0,0.0
Bharat Natural Gas Corporation (BNGC) - Fictional Dummy Company,BNGC701447,2020,Jul-2020,Q3,Marketing & Distribution,Residential PNG Channel,Customer Channel,Pan-India,Residential PNG,2.18,2.34,93.16,12.58,26.29,4.89,21.4,81.4,0.0,0,208918,0,0,0.0
Bharat Natural Gas Corporation (BNGC) - Fictional Dummy Company,BNGC701448,2020,Aug-2020,Q3,Marketing & Distribution,Residential PNG Channel,Customer Channel,Pan-India,Residential PNG,2.18,2.34,93.16,13.4,28.0,8.02,19.98,71.36,0.0,0,220385,0,0,0.0
Bharat Natural Gas Corporation (BNGC) - Fictional Dummy Company,BNGC701449,2020,Sep-2020,Q3,Marketing & Distribution,Residential PNG Channel,Customer Channel,Pan-India,Residential PNG,2.31,2.34,98.72,12.04,26.66,6.04,20.62,77.34,0.0,0,226251,0,0,0.0
Bharat Natural Gas Corporation (BNGC) - Fictional Dummy Company,BNGC701450,2020,Oct-2020,Q4,Marketing & Distribution,Residential PNG Channel,Customer Channel,Pan-India,Residential PNG,2.21,2.34,94.44,13.28,28.14,7.33,20.81,73.95,0.0,0,233066,0,0,0.0
Bharat Natural Gas Corporation (BNGC) - Fictional Dummy Company,BNGC701451,2020,Nov-2020,Q4,Marketing & Distribution,Residential PNG Channel,Customer Channel,Pan-India,Residential PNG,2.53,2.34,100.0,13.36,32.4,5.25,27.15,83.8,0.0,0,238259,0,0,0.0
Bharat Natural Gas Corporation (BNGC) - Fictional Dummy Company,BNGC701452,2020,Dec-2020,Q4,Marketing & Distribution,Residential PNG Channel,Customer Channel,Pan-India,Residential PNG,2.69,2.34,100.0,12.97,33.45,9.36,24.09,72.02,0.0,0,253694,0,0,0.0
Bharat Natural Gas Corporation (BNGC) - Fictional Dummy Company,BNGC701453,2021,Jan-2021,Q1,Marketing & Distribution,Residential PNG Channel,Customer Channel,Pan-India,Residential PNG,2.64,2.34,100.0,13.31,33.69,9.68,24.01,71.27,0.0,0,256023,0,0,0.0
Bharat Natural Gas Corporation (BNGC) - Fictional Dummy Company,BNGC701454,2021,Feb-2021,Q1,Marketing & Distribution,Residential PNG Channel,Customer Channel,Pan-India,Residential PNG,2.82,2.34,100.0,12.32,33.31,7.35,25.96,77.93,0.0,0,267093,0,0,0.0
Bharat Natural Gas Corporation (BNGC) - Fictional Dummy Company,BNGC701455,2021,Mar-2021,Q1,Marketing & Distribution,Residential PNG Channel,Customer Channel,Pan-India,Residential PNG,2.81,2.34,100.0,13.49,36.34,8.78,27.56,75.84,0.0,0,268279,0,0,0.0
Bharat Natural Gas Corporation (BNGC) - Fictional Dummy Company,BNGC701456,2021,Apr-2021,Q2,Marketing & Distribution,Residential PNG Channel,Customer Channel,Pan-India,Residential PNG,2.64,2.34,100.0,12.98,32.85,6.46,26.39,80.33,0.0,0,287722,0,0,0.0
Bharat Natural Gas Corporation (BNGC) - Fictional Dummy Company,BNGC701457,2021,May-2021,Q2,Marketing & Distribution,Residential PNG Channel,Customer Channel,Pan-India,Residential PNG,2.91,2.34,100.0,12.61,35.18,8.69,26.49,75.3,0.0,0,295679,0,0,0.0
Bharat Natural Gas Corporation (BNGC) - Fictional Dummy Company,BNGC701458,2021,Jun-2021,Q2,Marketing & Distribution,Residential PNG Channel,Customer Channel,Pan-India,Residential PNG,2.78,2.34,100.0,13.69,36.48,6.1,30.38,83.28,0.0,0,306426,0,0,0.0
Bharat Natural Gas Corporation (BNGC) - Fictional Dummy Company,BNGC701459,2021,Jul-2021,Q3,Marketing & Distribution,Residential PNG Channel,Customer Channel,Pan-India,Residential PNG,2.82,2.34,100.0,12.66,34.22,9.28,24.94,72.88,0.0,0,301690,0,0,0.0
Bharat Natural Gas Corporation (BNGC) - Fictional Dummy Company,BNGC701460,2021,Aug-2021,Q3,Marketing & Distribution,Residential PNG Channel,Customer Channel,Pan-India,Residential PNG,2.92,2.34,100.0,12.26,34.32,6.56,27.76,80.89,0.0,0,324512,0,0,0.0
Bharat Natural Gas Corporation (BNGC) - Fictional Dummy Company,BNGC701461,2021,Sep-2021,Q3,Marketing & Distribution,Residential PNG Channel,Customer Channel,Pan-India,Residential PNG,3.04,2.34,100.0,13.4,39.05,6.67,32.38,82.92,0.0,0,317177,0,0,0.0
Bharat Natural Gas Corporation (BNGC) - Fictional Dummy Company,BNGC701462,2021,Oct-2021,Q4,Marketing & Distribution,Residential PNG Channel,Customer Channel,Pan-India,Residential PNG,3.39,2.34,100.0,13.05,42.41,10.85,31.56,74.42,0.0,0,327351,0,0,0.0
Bharat Natural Gas Corporation (BNGC) - Fictional Dummy Company,BNGC701463,2021,Nov-2021,Q4,Marketing & Distribution,Residential PNG Channel,Customer Channel,Pan-India,Residential PNG,3.31,2.34,100.0,13.81,43.82,7.24,36.58,83.48,0.0,0,336572,0,0,0.0
Bharat Natural Gas Corporation (BNGC) - Fictional Dummy Company,BNGC701464,2021,Dec-2021,Q4,Marketing & Distribution,Residential PNG Channel,Customer Channel,Pan-India,Residential PNG,3.46,2.34,100.0,12.93,42.89,6.65,36.24,84.5,0.0,0,365230,0,0,0.0
Bharat Natural Gas Corporation (BNGC) - Fictional Dummy Company,BNGC701465,2022,Jan-2022,Q1,Marketing & Distribution,Residential PNG Channel,Customer Channel,Pan-India,Residential PNG,3.7,2.34,100.0,13.95,49.48,9.83,39.65,80.13,0.0,0,366085,0,0,0.0
Bharat Natural Gas Corporation (BNGC) - Fictional Dummy Company,BNGC701466,2022,Feb-2022,Q1,Marketing & Distribution,Residential PNG Channel,Customer Channel,Pan-India,Residential PNG,4.01,2.34,100.0,13.57,52.17,8.88,43.29,82.98,0.0,0,373016,0,0,0.0
Bharat Natural Gas Corporation (BNGC) - Fictional Dummy Company,BNGC701467,2022,Mar-2022,Q1,Marketing & Distribution,Residential PNG Channel,Customer Channel,Pan-India,Residential PNG,4.21,2.34,100.0,13.69,55.25,14.62,40.63,73.54,0.0,0,390161,0,0,0.0
Bharat Natural Gas Corporation (BNGC) - Fictional Dummy Company,BNGC701468,2022,Apr-2022,Q2,Marketing & Distribution,Residential PNG Channel,Customer Channel,Pan-India,Residential PNG,4.27,2.34,100.0,13.76,56.33,14.19,42.14,74.81,0.0,0,410669,0,0,0.0
Bharat Natural Gas Corporation (BNGC) - Fictional Dummy Company,BNGC701469,2022,May-2022,Q2,Marketing & Distribution,Residential PNG Channel,Customer Channel,Pan-India,Residential PNG,4.0,2.34,100.0,13.01,49.89,9.05,40.84,81.86,0.0,0,421768,0,0,0.0
Bharat Natural Gas Corporation (BNGC) - Fictional Dummy Company,BNGC701470,2022,Jun-2022,Q2,Marketing & Distribution,Residential PNG Channel,Customer Channel,Pan-India,Residential PNG,4.14,2.34,100.0,13.48,53.5,15.04,38.46,71.89,0.0,0,435938,0,0,0.0
Bharat Natural Gas Corporation (BNGC) - Fictional Dummy Company,BNGC701471,2022,Jul-2022,Q3,Marketing & Distribution,Residential PNG Channel,Customer Channel,Pan-India,Residential PNG,4.29,2.34,100.0,12.79,52.6,9.71,42.89,81.54,0.0,0,443114,0,0,0.0
Bharat Natural Gas Corporation (BNGC) - Fictional Dummy Company,BNGC701472,2022,Aug-2022,Q3,Marketing & Distribution,Residential PNG Channel,Customer Channel,Pan-India,Residential PNG,4.29,2.34,100.0,14.26,58.65,14.43,44.22,75.4,0.0,0,446354,0,0,0.0
Bharat Natural Gas Corporation (BNGC) - Fictional Dummy Company,BNGC701473,2022,Sep-2022,Q3,Marketing & Distribution,Residential PNG Channel,Customer Channel,Pan-India,Residential PNG,4.84,2.34,100.0,13.62,63.19,17.68,45.51,72.02,0.0,0,468140,0,0,0.0
Bharat Natural Gas Corporation (BNGC) - Fictional Dummy Company,BNGC701474,2022,Oct-2022,Q4,Marketing & Distribution,Residential PNG Channel,Customer Channel,Pan-India,Residential PNG,4.44,2.34,100.0,12.67,53.93,13.69,40.24,74.62,0.0,0,479504,0,0,0.0
Bharat Natural Gas Corporation (BNGC) - Fictional Dummy Company,BNGC701475,2022,Nov-2022,Q4,Marketing & Distribution,Residential PNG Channel,Customer Channel,Pan-India,Residential PNG,4.98,2.34,100.0,14.01,66.88,13.03,53.85,80.52,0.0,0,499557,0,0,0.0
Bharat Natural Gas Corporation (BNGC) - Fictional Dummy Company,BNGC701476,2022,Dec-2022,Q4,Marketing & Distribution,Residential PNG Channel,Customer Channel,Pan-India,Residential PNG,5.16,2.34,100.0,13.08,64.7,10.99,53.71,83.01,0.0,0,512874,0,0,0.0
Bharat Natural Gas Corporation (BNGC) - Fictional Dummy Company,BNGC701477,2023,Jan-2023,Q1,Marketing & Distribution,Residential PNG Channel,Customer Channel,Pan-India,Residential PNG,5.63,2.34,100.0,13.69,73.89,20.5,53.39,72.26,0.0,0,535223,0,0,0.0
Bharat Natural Gas Corporation (BNGC) - Fictional Dummy Company,BNGC701478,2023,Feb-2023,Q1,Marketing & Distribution,Residential PNG Channel,Customer Channel,Pan-India,Residential PNG,5.91,2.34,100.0,14.14,80.11,18.07,62.04,77.44,0.0,0,524208,0,0,0.0
Bharat Natural Gas Corporation (BNGC) - Fictional Dummy Company,BNGC701479,2023,Mar-2023,Q1,Marketing & Distribution,Residential PNG Channel,Customer Channel,Pan-India,Residential PNG,5.95,2.34,100.0,14.35,81.85,19.88,61.97,75.71,0.0,0,552677,0,0,0.0
Bharat Natural Gas Corporation (BNGC) - Fictional Dummy Company,BNGC701480,2023,Apr-2023,Q2,Marketing & Distribution,Residential PNG Channel,Customer Channel,Pan-India,Residential PNG,5.98,2.34,100.0,13.89,79.63,14.21,65.42,82.15,0.0,0,578398,0,0,0.0
Bharat Natural Gas Corporation (BNGC) - Fictional Dummy Company,BNGC701481,2023,May-2023,Q2,Marketing & Distribution,Residential PNG Channel,Customer Channel,Pan-India,Residential PNG,5.7,2.34,100.0,13.99,76.45,12.74,63.71,83.34,0.0,0,592553,0,0,0.0
Bharat Natural Gas Corporation (BNGC) - Fictional Dummy Company,BNGC701482,2023,Jun-2023,Q2,Marketing & Distribution,Residential PNG Channel,Customer Channel,Pan-India,Residential PNG,5.92,2.34,100.0,14.03,79.62,23.63,55.99,70.32,0.0,0,605247,0,0,0.0
Bharat Natural Gas Corporation (BNGC) - Fictional Dummy Company,BNGC701483,2023,Jul-2023,Q3,Marketing & Distribution,Residential PNG Channel,Customer Channel,Pan-India,Residential PNG,5.81,2.34,100.0,14.13,78.7,16.58,62.12,78.93,0.0,0,606933,0,0,0.0
Bharat Natural Gas Corporation (BNGC) - Fictional Dummy Company,BNGC701484,2023,Aug-2023,Q3,Marketing & Distribution,Residential PNG Channel,Customer Channel,Pan-India,Residential PNG,6.07,2.34,100.0,13.41,78.03,19.38,58.65,75.16,0.0,0,624937,0,0,0.0
Bharat Natural Gas Corporation (BNGC) - Fictional Dummy Company,BNGC701485,2023,Sep-2023,Q3,Marketing & Distribution,Residential PNG Channel,Customer Channel,Pan-India,Residential PNG,6.78,2.34,100.0,14.35,93.27,22.87,70.4,75.48,0.0,0,649355,0,0,0.0
Bharat Natural Gas Corporation (BNGC) - Fictional Dummy Company,BNGC701486,2023,Oct-2023,Q4,Marketing & Distribution,Residential PNG Channel,Customer Channel,Pan-India,Residential PNG,6.65,2.34,100.0,13.51,86.13,20.37,65.76,76.35,0.0,0,667205,0,0,0.0
Bharat Natural Gas Corporation (BNGC) - Fictional Dummy Company,BNGC701487,2023,Nov-2023,Q4,Marketing & Distribution,Residential PNG Channel,Customer Channel,Pan-India,Residential PNG,7.25,2.34,100.0,14.11,98.07,15.61,82.46,84.08,0.0,0,703976,0,0,0.0
Bharat Natural Gas Corporation (BNGC) - Fictional Dummy Company,BNGC701488,2023,Dec-2023,Q4,Marketing & Distribution,Residential PNG Channel,Customer Channel,Pan-India,Residential PNG,7.71,2.34,100.0,14.49,107.1,27.74,79.36,74.1,0.0,0,708374,0,0,0.0
Bharat Natural Gas Corporation (BNGC) - Fictional Dummy Company,BNGC701489,2024,Jan-2024,Q1,Marketing & Distribution,Residential PNG Channel,Customer Channel,Pan-India,Residential PNG,7.33,2.34,100.0,14.45,101.54,22.64,78.9,77.7,0.0,0,754809,0,0,0.0
Bharat Natural Gas Corporation (BNGC) - Fictional Dummy Company,BNGC701490,2024,Feb-2024,Q1,Marketing & Distribution,Residential PNG Channel,Customer Channel,Pan-India,Residential PNG,8.19,2.34,100.0,14.52,114.0,27.44,86.56,75.93,0.0,0,761791,0,0,0.0
Bharat Natural Gas Corporation (BNGC) - Fictional Dummy Company,BNGC701491,2024,Mar-2024,Q1,Marketing & Distribution,Residential PNG Channel,Customer Channel,Pan-India,Residential PNG,8.57,2.34,100.0,14.23,116.91,21.19,95.72,81.87,0.0,0,778419,0,0,0.0
Bharat Natural Gas Corporation (BNGC) - Fictional Dummy Company,BNGC701492,2024,Apr-2024,Q2,Marketing & Distribution,Residential PNG Channel,Customer Channel,Pan-India,Residential PNG,7.94,2.34,100.0,14.87,113.19,26.08,87.11,76.96,0.0,0,812150,0,0,0.0
Bharat Natural Gas Corporation (BNGC) - Fictional Dummy Company,BNGC701493,2024,May-2024,Q2,Marketing & Distribution,Residential PNG Channel,Customer Channel,Pan-India,Residential PNG,8.43,2.34,100.0,14.82,119.77,23.22,96.55,80.61,0.0,0,860502,0,0,0.0
Bharat Natural Gas Corporation (BNGC) - Fictional Dummy Company,BNGC701494,2024,Jun-2024,Q2,Marketing & Distribution,Residential PNG Channel,Customer Channel,Pan-India,Residential PNG,8.35,2.34,100.0,14.75,118.07,33.31,84.76,71.79,0.0,0,838774,0,0,0.0
Bharat Natural Gas Corporation (BNGC) - Fictional Dummy Company,BNGC701495,2024,Jul-2024,Q3,Marketing & Distribution,Residential PNG Channel,Customer Channel,Pan-India,Residential PNG,8.06,2.34,100.0,14.5,112.04,19.16,92.88,82.9,0.0,0,884686,0,0,0.0
Bharat Natural Gas Corporation (BNGC) - Fictional Dummy Company,BNGC701496,2024,Aug-2024,Q3,Marketing & Distribution,Residential PNG Channel,Customer Channel,Pan-India,Residential PNG,8.95,2.34,100.0,13.52,116.0,20.95,95.05,81.94,0.0,0,918982,0,0,0.0
Bharat Natural Gas Corporation (BNGC) - Fictional Dummy Company,BNGC701497,2024,Sep-2024,Q3,Marketing & Distribution,Residential PNG Channel,Customer Channel,Pan-India,Residential PNG,8.77,2.34,100.0,14.16,119.05,23.03,96.02,80.66,0.0,0,927248,0,0,0.0
Bharat Natural Gas Corporation (BNGC) - Fictional Dummy Company,BNGC701498,2024,Oct-2024,Q4,Marketing & Distribution,Residential PNG Channel,Customer Channel,Pan-India,Residential PNG,9.59,2.34,100.0,14.33,131.74,19.92,111.82,84.88,0.0,0,974545,0,0,0.0
Bharat Natural Gas Corporation (BNGC) - Fictional Dummy Company,BNGC701499,2024,Nov-2024,Q4,Marketing & Distribution,Residential PNG Channel,Customer Channel,Pan-India,Residential PNG,10.16,2.34,100.0,13.67,133.14,22.55,110.59,83.06,0.0,0,1009284,0,0,0.0
Bharat Natural Gas Corporation (BNGC) - Fictional Dummy Company,BNGC701500,2024,Dec-2024,Q4,Marketing & Distribution,Residential PNG Channel,Customer Channel,Pan-India,Residential PNG,10.95,2.34,100.0,13.56,142.34,36.77,105.57,74.17,0.0,0,1058718,0,0,0.0
Bharat Natural Gas Corporation (BNGC) - Fictional Dummy Company,BNGC701501,2025,Jan-2025,Q1,Marketing & Distribution,Residential PNG Channel,Customer Channel,Pan-India,Residential PNG,10.54,2.34,100.0,14.51,146.61,26.61,120.0,81.85,0.0,0,1065791,0,0,0.0
Bharat Natural Gas Corporation (BNGC) - Fictional Dummy Company,BNGC701502,2025,Feb-2025,Q1,Marketing & Distribution,Residential PNG Channel,Customer Channel,Pan-India,Residential PNG,10.74,2.34,100.0,14.53,149.6,34.0,115.6,77.27,0.0,0,1066850,0,0,0.0
Bharat Natural Gas Corporation (BNGC) - Fictional Dummy Company,BNGC701503,2025,Mar-2025,Q1,Marketing & Distribution,Residential PNG Channel,Customer Channel,Pan-India,Residential PNG,11.04,2.34,100.0,15.37,162.67,39.38,123.29,75.79,0.0,0,1120688,0,0,0.0
Bharat Natural Gas Corporation (BNGC) - Fictional Dummy Company,BNGC701504,2025,Apr-2025,Q2,Marketing & Distribution,Residential PNG Channel,Customer Channel,Pan-India,Residential PNG,11.63,2.34,100.0,14.65,163.33,40.14,123.19,75.42,0.0,0,1138573,0,0,0.0
Bharat Natural Gas Corporation (BNGC) - Fictional Dummy Company,BNGC701505,2025,May-2025,Q2,Marketing & Distribution,Residential PNG Channel,Customer Channel,Pan-India,Residential PNG,11.28,2.34,100.0,15.2,164.37,25.74,138.63,84.34,0.0,0,1200969,0,0,0.0
Bharat Natural Gas Corporation (BNGC) - Fictional Dummy Company,BNGC701506,2025,Jun-2025,Q2,Marketing & Distribution,Residential PNG Channel,Customer Channel,Pan-India,Residential PNG,11.07,2.34,100.0,14.2,150.69,27.32,123.37,81.87,0.0,0,1246584,0,0,0.0
Bharat Natural Gas Corporation (BNGC) - Fictional Dummy Company,BNGC701507,2025,Jul-2025,Q3,Marketing & Distribution,Residential PNG Channel,Customer Channel,Pan-India,Residential PNG,11.36,2.34,100.0,15.17,165.21,44.02,121.19,73.36,0.0,0,1257396,0,0,0.0
Bharat Natural Gas Corporation (BNGC) - Fictional Dummy Company,BNGC701508,2025,Aug-2025,Q3,Marketing & Distribution,Residential PNG Channel,Customer Channel,Pan-India,Residential PNG,13.05,2.34,100.0,13.99,175.02,34.53,140.49,80.27,0.0,0,1339744,0,0,0.0
Bharat Natural Gas Corporation (BNGC) - Fictional Dummy Company,BNGC701509,2025,Sep-2025,Q3,Marketing & Distribution,Residential PNG Channel,Customer Channel,Pan-India,Residential PNG,12.32,2.34,100.0,13.95,164.76,38.4,126.36,76.69,0.0,0,1314043,0,0,0.0
Bharat Natural Gas Corporation (BNGC) - Fictional Dummy Company,BNGC701510,2025,Oct-2025,Q4,Marketing & Distribution,Residential PNG Channel,Customer Channel,Pan-India,Residential PNG,13.97,2.34,100.0,14.4,192.85,39.38,153.47,79.58,0.0,0,1423740,0,0,0.0
Bharat Natural Gas Corporation (BNGC) - Fictional Dummy Company,BNGC701511,2025,Nov-2025,Q4,Marketing & Distribution,Residential PNG Channel,Customer Channel,Pan-India,Residential PNG,14.47,2.34,100.0,15.52,215.29,37.83,177.46,82.43,0.0,0,1448162,0,0,0.0
Bharat Natural Gas Corporation (BNGC) - Fictional Dummy Company,BNGC701512,2025,Dec-2025,Q4,Marketing & Distribution,Residential PNG Channel,Customer Channel,Pan-India,Residential PNG,14.61,2.34,100.0,14.6,204.49,56.21,148.28,72.51,0.0,0,1486234,0,0,0.0
Bharat Natural Gas Corporation (BNGC) - Fictional Dummy Company,BNGC701513,2020,Jan-2020,Q1,Marketing & Distribution,CNG (Transport) Channel,Customer Channel,Pan-India,CNG (Transport),3.11,3.9,79.74,11.44,34.11,8.27,25.84,75.75,0.0,0,922,0,0,0.0
Bharat Natural Gas Corporation (BNGC) - Fictional Dummy Company,BNGC701514,2020,Feb-2020,Q1,Marketing & Distribution,CNG (Transport) Channel,Customer Channel,Pan-India,CNG (Transport),3.14,3.9,80.51,12.45,37.48,9.1,28.38,75.72,0.0,0,908,0,0,0.0
Bharat Natural Gas Corporation (BNGC) - Fictional Dummy Company,BNGC701515,2020,Mar-2020,Q1,Marketing & Distribution,CNG (Transport) Channel,Customer Channel,Pan-India,CNG (Transport),3.38,3.9,86.67,12.95,41.96,12.06,29.9,71.26,0.0,0,992,0,0,0.0
Bharat Natural Gas Corporation (BNGC) - Fictional Dummy Company,BNGC701516,2020,Apr-2020,Q2,Marketing & Distribution,CNG (Transport) Channel,Customer Channel,Pan-India,CNG (Transport),3.48,3.9,89.23,11.7,39.03,9.19,29.84,76.45,0.0,0,1024,0,0,0.0
Bharat Natural Gas Corporation (BNGC) - Fictional Dummy Company,BNGC701517,2020,May-2020,Q2,Marketing & Distribution,CNG (Transport) Channel,Customer Channel,Pan-India,CNG (Transport),3.58,3.9,91.79,11.67,40.05,6.11,33.94,84.74,0.0,0,1061,0,0,0.0
Bharat Natural Gas Corporation (BNGC) - Fictional Dummy Company,BNGC701518,2020,Jun-2020,Q2,Marketing & Distribution,CNG (Transport) Channel,Customer Channel,Pan-India,CNG (Transport),3.39,3.9,86.92,11.87,38.58,7.76,30.82,79.89,0.0,0,1059,0,0,0.0
Bharat Natural Gas Corporation (BNGC) - Fictional Dummy Company,BNGC701519,2020,Jul-2020,Q3,Marketing & Distribution,CNG (Transport) Channel,Customer Channel,Pan-India,CNG (Transport),3.57,3.9,91.54,12.93,44.25,9.35,34.9,78.87,0.0,0,1133,0,0,0.0
Bharat Natural Gas Corporation (BNGC) - Fictional Dummy Company,BNGC701520,2020,Aug-2020,Q3,Marketing & Distribution,CNG (Transport) Channel,Customer Channel,Pan-India,CNG (Transport),3.72,3.9,95.38,12.59,44.9,12.27,32.63,72.67,0.0,0,1150,0,0,0.0
Bharat Natural Gas Corporation (BNGC) - Fictional Dummy Company,BNGC701521,2020,Sep-2020,Q3,Marketing & Distribution,CNG (Transport) Channel,Customer Channel,Pan-India,CNG (Transport),3.86,3.9,98.97,11.68,43.22,10.48,32.74,75.75,0.0,0,1211,0,0,0.0
Bharat Natural Gas Corporation (BNGC) - Fictional Dummy Company,BNGC701522,2020,Oct-2020,Q4,Marketing & Distribution,CNG (Transport) Channel,Customer Channel,Pan-India,CNG (Transport),3.85,3.9,98.72,11.69,43.15,8.64,34.51,79.98,0.0,0,1248,0,0,0.0
Bharat Natural Gas Corporation (BNGC) - Fictional Dummy Company,BNGC701523,2020,Nov-2020,Q4,Marketing & Distribution,CNG (Transport) Channel,Customer Channel,Pan-India,CNG (Transport),4.38,3.9,100.0,11.91,50.01,12.73,37.28,74.55,0.0,0,1281,0,0,0.0
Bharat Natural Gas Corporation (BNGC) - Fictional Dummy Company,BNGC701524,2020,Dec-2020,Q4,Marketing & Distribution,CNG (Transport) Channel,Customer Channel,Pan-India,CNG (Transport),4.73,3.9,100.0,12.87,58.36,9.78,48.58,83.24,0.0,0,1340,0,0,0.0
Bharat Natural Gas Corporation (BNGC) - Fictional Dummy Company,BNGC701525,2021,Jan-2021,Q1,Marketing & Distribution,CNG (Transport) Channel,Customer Channel,Pan-India,CNG (Transport),4.66,3.9,100.0,11.79,52.67,10.73,41.94,79.63,0.0,0,1376,0,0,0.0
Bharat Natural Gas Corporation (BNGC) - Fictional Dummy Company,BNGC701526,2021,Feb-2021,Q1,Marketing & Distribution,CNG (Transport) Channel,Customer Channel,Pan-India,CNG (Transport),4.73,3.9,100.0,13.03,59.08,9.47,49.61,83.97,0.0,0,1429,0,0,0.0
Bharat Natural Gas Corporation (BNGC) - Fictional Dummy Company,BNGC701527,2021,Mar-2021,Q1,Marketing & Distribution,CNG (Transport) Channel,Customer Channel,Pan-India,CNG (Transport),4.67,3.9,100.0,11.82,52.92,15.47,37.45,70.77,0.0,0,1446,0,0,0.0
Bharat Natural Gas Corporation (BNGC) - Fictional Dummy Company,BNGC701528,2021,Apr-2021,Q2,Marketing & Distribution,CNG (Transport) Channel,Customer Channel,Pan-India,CNG (Transport),4.89,3.9,100.0,11.86,55.6,12.44,43.16,77.63,0.0,0,1541,0,0,0.0
Bharat Natural Gas Corporation (BNGC) - Fictional Dummy Company,BNGC701529,2021,May-2021,Q2,Marketing & Distribution,CNG (Transport) Channel,Customer Channel,Pan-India,CNG (Transport),5.06,3.9,100.0,12.93,62.72,17.83,44.89,71.57,0.0,0,1524,0,0,0.0
Bharat Natural Gas Corporation (BNGC) - Fictional Dummy Company,BNGC701530,2021,Jun-2021,Q2,Marketing & Distribution,CNG (Transport) Channel,Customer Channel,Pan-India,CNG (Transport),5.3,3.9,100.0,12.02,61.07,17.16,43.91,71.9,0.0,0,1621,0,0,0.0
Bharat Natural Gas Corporation (BNGC) - Fictional Dummy Company,BNGC701531,2021,Jul-2021,Q3,Marketing & Distribution,CNG (Transport) Channel,Customer Channel,Pan-India,CNG (Transport),5.37,3.9,100.0,13.2,67.95,15.73,52.22,76.85,0.0,0,1653,0,0,0.0
Bharat Natural Gas Corporation (BNGC) - Fictional Dummy Company,BNGC701532,2021,Aug-2021,Q3,Marketing & Distribution,CNG (Transport) Channel,Customer Channel,Pan-India,CNG (Transport),5.27,3.9,100.0,12.0,60.63,13.6,47.03,77.57,0.0,0,1726,0,0,0.0
Bharat Natural Gas Corporation (BNGC) - Fictional Dummy Company,BNGC701533,2021,Sep-2021,Q3,Marketing & Distribution,CNG (Transport) Channel,Customer Channel,Pan-India,CNG (Transport),6.26,3.9,100.0,13.16,78.98,18.16,60.82,77.01,0.0,0,1839,0,0,0.0
Bharat Natural Gas Corporation (BNGC) - Fictional Dummy Company,BNGC701534,2021,Oct-2021,Q4,Marketing & Distribution,CNG (Transport) Channel,Customer Channel,Pan-India,CNG (Transport),6.37,3.9,100.0,13.21,80.67,21.54,59.13,73.3,0.0,0,1854,0,0,0.0
Bharat Natural Gas Corporation (BNGC) - Fictional Dummy Company,BNGC701535,2021,Nov-2021,Q4,Marketing & Distribution,CNG (Transport) Channel,Customer Channel,Pan-India,CNG (Transport),6.9,3.9,100.0,12.26,81.1,16.87,64.23,79.2,0.0,0,1945,0,0,0.0
Bharat Natural Gas Corporation (BNGC) - Fictional Dummy Company,BNGC701536,2021,Dec-2021,Q4,Marketing & Distribution,CNG (Transport) Channel,Customer Channel,Pan-India,CNG (Transport),6.92,3.9,100.0,12.68,84.12,16.69,67.43,80.16,0.0,0,2013,0,0,0.0
Bharat Natural Gas Corporation (BNGC) - Fictional Dummy Company,BNGC701537,2022,Jan-2022,Q1,Marketing & Distribution,CNG (Transport) Channel,Customer Channel,Pan-India,CNG (Transport),7.29,3.9,100.0,12.48,87.22,20.49,66.73,76.51,0.0,0,2068,0,0,0.0
Bharat Natural Gas Corporation (BNGC) - Fictional Dummy Company,BNGC701538,2022,Feb-2022,Q1,Marketing & Distribution,CNG (Transport) Channel,Customer Channel,Pan-India,CNG (Transport),7.63,3.9,100.0,13.39,97.94,19.46,78.48,80.13,0.0,0,2078,0,0,0.0
Bharat Natural Gas Corporation (BNGC) - Fictional Dummy Company,BNGC701539,2022,Mar-2022,Q1,Marketing & Distribution,CNG (Transport) Channel,Customer Channel,Pan-India,CNG (Transport),7.87,3.9,100.0,12.92,97.48,14.79,82.69,84.83,0.0,0,2245,0,0,0.0
Bharat Natural Gas Corporation (BNGC) - Fictional Dummy Company,BNGC701540,2022,Apr-2022,Q2,Marketing & Distribution,CNG (Transport) Channel,Customer Channel,Pan-India,CNG (Transport),7.28,3.9,100.0,12.33,86.05,18.1,67.95,78.97,0.0,0,2293,0,0,0.0
Bharat Natural Gas Corporation (BNGC) - Fictional Dummy Company,BNGC701541,2022,May-2022,Q2,Marketing & Distribution,CNG (Transport) Channel,Customer Channel,Pan-India,CNG (Transport),8.23,3.9,100.0,12.44,98.15,16.0,82.15,83.7,0.0,0,2300,0,0,0.0
Bharat Natural Gas Corporation (BNGC) - Fictional Dummy Company,BNGC701542,2022,Jun-2022,Q2,Marketing & Distribution,CNG (Transport) Channel,Customer Channel,Pan-India,CNG (Transport),7.62,3.9,100.0,12.91,94.31,25.15,69.16,73.33,0.0,0,2399,0,0,0.0
Bharat Natural Gas Corporation (BNGC) - Fictional Dummy Company,BNGC701543,2022,Jul-2022,Q3,Marketing & Distribution,CNG (Transport) Channel,Customer Channel,Pan-India,CNG (Transport),8.51,3.9,100.0,12.8,104.42,28.48,75.94,72.73,0.0,0,2470,0,0,0.0
Bharat Natural Gas Corporation (BNGC) - Fictional Dummy Company,BNGC701544,2022,Aug-2022,Q3,Marketing & Distribution,CNG (Transport) Channel,Customer Channel,Pan-India,CNG (Transport),8.1,3.9,100.0,13.01,101.02,21.1,79.92,79.11,0.0,0,2659,0,0,0.0
Bharat Natural Gas Corporation (BNGC) - Fictional Dummy Company,BNGC701545,2022,Sep-2022,Q3,Marketing & Distribution,CNG (Transport) Channel,Customer Channel,Pan-India,CNG (Transport),9.34,3.9,100.0,13.05,116.85,31.64,85.21,72.92,0.0,0,2692,0,0,0.0
Bharat Natural Gas Corporation (BNGC) - Fictional Dummy Company,BNGC701546,2022,Oct-2022,Q4,Marketing & Distribution,CNG (Transport) Channel,Customer Channel,Pan-India,CNG (Transport),9.52,3.9,100.0,12.66,115.54,28.5,87.04,75.33,0.0,0,2745,0,0,0.0
Bharat Natural Gas Corporation (BNGC) - Fictional Dummy Company,BNGC701547,2022,Nov-2022,Q4,Marketing & Distribution,CNG (Transport) Channel,Customer Channel,Pan-India,CNG (Transport),9.2,3.9,100.0,12.41,109.45,23.97,85.48,78.1,0.0,0,2933,0,0,0.0
Bharat Natural Gas Corporation (BNGC) - Fictional Dummy Company,BNGC701548,2022,Dec-2022,Q4,Marketing & Distribution,CNG (Transport) Channel,Customer Channel,Pan-India,CNG (Transport),10.78,3.9,100.0,12.67,130.93,28.79,102.14,78.01,0.0,0,3005,0,0,0.0
Bharat Natural Gas Corporation (BNGC) - Fictional Dummy Company,BNGC701549,2023,Jan-2023,Q1,Marketing & Distribution,CNG (Transport) Channel,Customer Channel,Pan-India,CNG (Transport),10.03,3.9,100.0,13.88,133.46,28.31,105.15,78.79,0.0,0,3057,0,0,0.0
Bharat Natural Gas Corporation (BNGC) - Fictional Dummy Company,BNGC701550,2023,Feb-2023,Q1,Marketing & Distribution,CNG (Transport) Channel,Customer Channel,Pan-India,CNG (Transport),11.04,3.9,100.0,13.24,140.13,39.93,100.2,71.51,0.0,0,3304,0,0,0.0
Bharat Natural Gas Corporation (BNGC) - Fictional Dummy Company,BNGC701551,2023,Mar-2023,Q1,Marketing & Distribution,CNG (Transport) Channel,Customer Channel,Pan-India,CNG (Transport),10.66,3.9,100.0,13.38,136.73,32.1,104.63,76.52,0.0,0,3353,0,0,0.0
Bharat Natural Gas Corporation (BNGC) - Fictional Dummy Company,BNGC701552,2023,Apr-2023,Q2,Marketing & Distribution,CNG (Transport) Channel,Customer Channel,Pan-India,CNG (Transport),11.22,3.9,100.0,13.91,149.62,36.29,113.33,75.75,0.0,0,3346,0,0,0.0
Bharat Natural Gas Corporation (BNGC) - Fictional Dummy Company,BNGC701553,2023,May-2023,Q2,Marketing & Distribution,CNG (Transport) Channel,Customer Channel,Pan-India,CNG (Transport),11.15,3.9,100.0,13.88,148.36,36.0,112.36,75.73,0.0,0,3608,0,0,0.0
Bharat Natural Gas Corporation (BNGC) - Fictional Dummy Company,BNGC701554,2023,Jun-2023,Q2,Marketing & Distribution,CNG (Transport) Channel,Customer Channel,Pan-India,CNG (Transport),11.16,3.9,100.0,13.92,148.92,35.92,113.0,75.88,0.0,0,3686,0,0,0.0
Bharat Natural Gas Corporation (BNGC) - Fictional Dummy Company,BNGC701555,2023,Jul-2023,Q3,Marketing & Distribution,CNG (Transport) Channel,Customer Channel,Pan-India,CNG (Transport),11.93,3.9,100.0,12.75,145.82,42.03,103.79,71.18,0.0,0,3844,0,0,0.0
Bharat Natural Gas Corporation (BNGC) - Fictional Dummy Company,BNGC701556,2023,Aug-2023,Q3,Marketing & Distribution,CNG (Transport) Channel,Customer Channel,Pan-India,CNG (Transport),12.18,3.9,100.0,13.46,157.16,46.52,110.64,70.4,0.0,0,3950,0,0,0.0
Bharat Natural Gas Corporation (BNGC) - Fictional Dummy Company,BNGC701557,2023,Sep-2023,Q3,Marketing & Distribution,CNG (Transport) Channel,Customer Channel,Pan-India,CNG (Transport),13.42,3.9,100.0,12.95,166.6,29.98,136.62,82.0,0.0,0,3976,0,0,0.0
Bharat Natural Gas Corporation (BNGC) - Fictional Dummy Company,BNGC701558,2023,Oct-2023,Q4,Marketing & Distribution,CNG (Transport) Channel,Customer Channel,Pan-India,CNG (Transport),14.18,3.9,100.0,13.29,180.66,28.94,151.72,83.98,0.0,0,4124,0,0,0.0
Bharat Natural Gas Corporation (BNGC) - Fictional Dummy Company,BNGC701559,2023,Nov-2023,Q4,Marketing & Distribution,CNG (Transport) Channel,Customer Channel,Pan-India,CNG (Transport),15.6,3.9,100.0,12.95,193.67,57.76,135.91,70.18,0.0,0,4317,0,0,0.0
Bharat Natural Gas Corporation (BNGC) - Fictional Dummy Company,BNGC701560,2023,Dec-2023,Q4,Marketing & Distribution,CNG (Transport) Channel,Customer Channel,Pan-India,CNG (Transport),14.76,3.9,100.0,12.67,179.28,39.43,139.85,78.01,0.0,0,4449,0,0,0.0
Bharat Natural Gas Corporation (BNGC) - Fictional Dummy Company,BNGC701561,2024,Jan-2024,Q1,Marketing & Distribution,CNG (Transport) Channel,Customer Channel,Pan-India,CNG (Transport),16.64,3.9,100.0,14.37,229.23,53.23,176.0,76.78,0.0,0,4737,0,0,0.0
Bharat Natural Gas Corporation (BNGC) - Fictional Dummy Company,BNGC701562,2024,Feb-2024,Q1,Marketing & Distribution,CNG (Transport) Channel,Customer Channel,Pan-India,CNG (Transport),16.6,3.9,100.0,13.52,215.15,54.79,160.36,74.53,0.0,0,4827,0,0,0.0
Bharat Natural Gas Corporation (BNGC) - Fictional Dummy Company,BNGC701563,2024,Mar-2024,Q1,Marketing & Distribution,CNG (Transport) Channel,Customer Channel,Pan-India,CNG (Transport),16.81,3.9,100.0,14.31,230.6,56.71,173.89,75.41,0.0,0,5139,0,0,0.0
Bharat Natural Gas Corporation (BNGC) - Fictional Dummy Company,BNGC701564,2024,Apr-2024,Q2,Marketing & Distribution,CNG (Transport) Channel,Customer Channel,Pan-India,CNG (Transport),18.04,3.9,100.0,13.33,230.53,45.35,185.18,80.33,0.0,0,5056,0,0,0.0
Bharat Natural Gas Corporation (BNGC) - Fictional Dummy Company,BNGC701565,2024,May-2024,Q2,Marketing & Distribution,CNG (Transport) Channel,Customer Channel,Pan-India,CNG (Transport),16.9,3.9,100.0,14.56,235.89,40.97,194.92,82.63,0.0,0,5515,0,0,0.0
Bharat Natural Gas Corporation (BNGC) - Fictional Dummy Company,BNGC701566,2024,Jun-2024,Q2,Marketing & Distribution,CNG (Transport) Channel,Customer Channel,Pan-India,CNG (Transport),17.05,3.9,100.0,13.83,226.05,55.13,170.92,75.61,0.0,0,5415,0,0,0.0
Bharat Natural Gas Corporation (BNGC) - Fictional Dummy Company,BNGC701567,2024,Jul-2024,Q3,Marketing & Distribution,CNG (Transport) Channel,Customer Channel,Pan-India,CNG (Transport),18.54,3.9,100.0,13.7,243.5,61.58,181.92,74.71,0.0,0,5752,0,0,0.0
Bharat Natural Gas Corporation (BNGC) - Fictional Dummy Company,BNGC701568,2024,Aug-2024,Q3,Marketing & Distribution,CNG (Transport) Channel,Customer Channel,Pan-India,CNG (Transport),18.96,3.9,100.0,14.16,257.37,63.25,194.12,75.42,0.0,0,5942,0,0,0.0
Bharat Natural Gas Corporation (BNGC) - Fictional Dummy Company,BNGC701569,2024,Sep-2024,Q3,Marketing & Distribution,CNG (Transport) Channel,Customer Channel,Pan-India,CNG (Transport),20.42,3.9,100.0,14.41,282.08,83.88,198.2,70.26,0.0,0,6158,0,0,0.0
Bharat Natural Gas Corporation (BNGC) - Fictional Dummy Company,BNGC701570,2024,Oct-2024,Q4,Marketing & Distribution,CNG (Transport) Channel,Customer Channel,Pan-India,CNG (Transport),22.63,3.9,100.0,14.47,313.92,53.8,260.12,82.86,0.0,0,6363,0,0,0.0
Bharat Natural Gas Corporation (BNGC) - Fictional Dummy Company,BNGC701571,2024,Nov-2024,Q4,Marketing & Distribution,CNG (Transport) Channel,Customer Channel,Pan-India,CNG (Transport),21.01,3.9,100.0,13.69,275.73,61.18,214.55,77.81,0.0,0,6526,0,0,0.0
Bharat Natural Gas Corporation (BNGC) - Fictional Dummy Company,BNGC701572,2024,Dec-2024,Q4,Marketing & Distribution,CNG (Transport) Channel,Customer Channel,Pan-India,CNG (Transport),23.86,3.9,100.0,14.46,330.75,61.19,269.56,81.5,0.0,0,6926,0,0,0.0
Bharat Natural Gas Corporation (BNGC) - Fictional Dummy Company,BNGC701573,2025,Jan-2025,Q1,Marketing & Distribution,CNG (Transport) Channel,Customer Channel,Pan-India,CNG (Transport),23.73,3.9,100.0,14.1,320.76,66.67,254.09,79.21,0.0,0,7066,0,0,0.0
Bharat Natural Gas Corporation (BNGC) - Fictional Dummy Company,BNGC701574,2025,Feb-2025,Q1,Marketing & Distribution,CNG (Transport) Channel,Customer Channel,Pan-India,CNG (Transport),23.86,3.9,100.0,14.77,337.84,81.43,256.41,75.9,0.0,0,7466,0,0,0.0
Bharat Natural Gas Corporation (BNGC) - Fictional Dummy Company,BNGC701575,2025,Mar-2025,Q1,Marketing & Distribution,CNG (Transport) Channel,Customer Channel,Pan-India,CNG (Transport),24.5,3.9,100.0,14.02,329.29,69.47,259.82,78.9,0.0,0,7671,0,0,0.0
Bharat Natural Gas Corporation (BNGC) - Fictional Dummy Company,BNGC701576,2025,Apr-2025,Q2,Marketing & Distribution,CNG (Transport) Channel,Customer Channel,Pan-India,CNG (Transport),24.93,3.9,100.0,14.93,356.81,89.84,266.97,74.82,0.0,0,7779,0,0,0.0
Bharat Natural Gas Corporation (BNGC) - Fictional Dummy Company,BNGC701577,2025,May-2025,Q2,Marketing & Distribution,CNG (Transport) Channel,Customer Channel,Pan-India,CNG (Transport),25.91,3.9,100.0,13.74,341.28,52.69,288.59,84.56,0.0,0,7917,0,0,0.0
Bharat Natural Gas Corporation (BNGC) - Fictional Dummy Company,BNGC701578,2025,Jun-2025,Q2,Marketing & Distribution,CNG (Transport) Channel,Customer Channel,Pan-India,CNG (Transport),27.84,3.9,100.0,14.05,374.98,72.67,302.31,80.62,0.0,0,8479,0,0,0.0
Bharat Natural Gas Corporation (BNGC) - Fictional Dummy Company,BNGC701579,2025,Jul-2025,Q3,Marketing & Distribution,CNG (Transport) Channel,Customer Channel,Pan-India,CNG (Transport),29.8,3.9,100.0,13.61,388.81,106.7,282.11,72.56,0.0,0,8652,0,0,0.0
Bharat Natural Gas Corporation (BNGC) - Fictional Dummy Company,BNGC701580,2025,Aug-2025,Q3,Marketing & Distribution,CNG (Transport) Channel,Customer Channel,Pan-India,CNG (Transport),28.29,3.9,100.0,14.95,405.45,72.44,333.01,82.13,0.0,0,9141,0,0,0.0
Bharat Natural Gas Corporation (BNGC) - Fictional Dummy Company,BNGC701581,2025,Sep-2025,Q3,Marketing & Distribution,CNG (Transport) Channel,Customer Channel,Pan-India,CNG (Transport),31.62,3.9,100.0,14.58,441.96,127.47,314.49,71.16,0.0,0,9271,0,0,0.0
Bharat Natural Gas Corporation (BNGC) - Fictional Dummy Company,BNGC701582,2025,Oct-2025,Q4,Marketing & Distribution,CNG (Transport) Channel,Customer Channel,Pan-India,CNG (Transport),30.11,3.9,100.0,14.94,431.24,86.72,344.52,79.89,0.0,0,9377,0,0,0.0
Bharat Natural Gas Corporation (BNGC) - Fictional Dummy Company,BNGC701583,2025,Nov-2025,Q4,Marketing & Distribution,CNG (Transport) Channel,Customer Channel,Pan-India,CNG (Transport),36.04,3.9,100.0,14.37,496.48,125.12,371.36,74.8,0.0,0,9905,0,0,0.0
Bharat Natural Gas Corporation (BNGC) - Fictional Dummy Company,BNGC701584,2025,Dec-2025,Q4,Marketing & Distribution,CNG (Transport) Channel,Customer Channel,Pan-India,CNG (Transport),35.93,3.9,100.0,13.46,463.62,125.52,338.1,72.93,0.0,0,10653,0,0,0.0
